time,open,high,low,close
2012-01-01T22:00:00+00:00,1.02085,1.02145,1.01761,1.02025
2012-01-02T02:00:00+00:00,1.02025,1.02069,1.01869,1.0203
2012-01-02T06:00:00+00:00,1.02021,1.0207,1.01816,1.01951
2012-01-02T10:00:00+00:00,1.01964,1.02107,1.01841,1.01993
2012-01-02T14:00:00+00:00,1.01992,1.02126,1.01849,1.01887
2012-01-02T18:00:00+00:00,1.01886,1.02122,1.01803,1.01884
2012-01-02T22:00:00+00:00,1.01886,1.02018,1.01559,1.01592
2012-01-03T02:00:00+00:00,1.01592,1.01646,1.01296,1.01345
2012-01-03T06:00:00+00:00,1.01345,1.01435,1.01281,1.01385
2012-01-03T10:00:00+00:00,1.01387,1.0139,1.00807,1.0116
2012-01-03T14:00:00+00:00,1.01162,1.01186,1.00765,1.01006
2012-01-03T18:00:00+00:00,1.01005,1.01162,1.00989,1.01044
2012-01-03T22:00:00+00:00,1.0104,1.01301,1.01033,1.01277
2012-01-04T02:00:00+00:00,1.01277,1.01402,1.01235,1.01242
2012-01-04T06:00:00+00:00,1.01242,1.01438,1.01198,1.0127
2012-01-04T10:00:00+00:00,1.01273,1.01622,1.01189,1.01395
2012-01-04T14:00:00+00:00,1.01395,1.01527,1.01089,1.01198
2012-01-04T18:00:00+00:00,1.01199,1.01357,1.01187,1.01272
2012-01-04T22:00:00+00:00,1.01275,1.01479,1.01223,1.01388
2012-01-05T02:00:00+00:00,1.01388,1.01455,1.01357,1.01404
2012-01-05T06:00:00+00:00,1.01404,1.01856,1.01212,1.01809
2012-01-05T10:00:00+00:00,1.01816,1.01988,1.01361,1.01594
2012-01-05T14:00:00+00:00,1.01595,1.02258,1.01587,1.01828
2012-01-05T18:00:00+00:00,1.01827,1.02036,1.01689,1.01978
2012-01-05T22:00:00+00:00,1.01979,1.02039,1.01878,1.01879
2012-01-06T02:00:00+00:00,1.01879,1.02127,1.01833,1.02032
2012-01-06T06:00:00+00:00,1.02026,1.02026,1.01703,1.01823
2012-01-06T10:00:00+00:00,1.01823,1.02272,1.01717,1.02265
2012-01-06T14:00:00+00:00,1.02265,1.02592,1.02039,1.02543
2012-01-06T18:00:00+00:00,1.02543,1.02865,1.02529,1.02831
2012-01-08T22:00:00+00:00,1.02807,1.0309,1.02729,1.0306
2012-01-09T02:00:00+00:00,1.03061,1.03193,1.03022,1.03145
2012-01-09T06:00:00+00:00,1.03145,1.0315,1.02736,1.02748
2012-01-09T10:00:00+00:00,1.02746,1.03001,1.02541,1.02569
2012-01-09T14:00:00+00:00,1.0257,1.02954,1.02473,1.02619
2012-01-09T18:00:00+00:00,1.02619,1.02668,1.02253,1.0234
2012-01-09T22:00:00+00:00,1.02339,1.02412,1.02137,1.02167
2012-01-10T02:00:00+00:00,1.02164,1.02199,1.01931,1.01942
2012-01-10T06:00:00+00:00,1.01942,1.02113,1.01844,1.0192
2012-01-10T10:00:00+00:00,1.01919,1.01947,1.0156,1.01714
2012-01-10T14:00:00+00:00,1.01714,1.01954,1.01579,1.01729
2012-01-10T18:00:00+00:00,1.0173,1.01826,1.01547,1.01555
2012-01-10T22:00:00+00:00,1.01553,1.01865,1.01533,1.01796
2012-01-11T02:00:00+00:00,1.01796,1.01832,1.01732,1.01757
2012-01-11T06:00:00+00:00,1.01757,1.01758,1.0141,1.0142
2012-01-11T10:00:00+00:00,1.0142,1.01794,1.014,1.017
2012-01-11T14:00:00+00:00,1.017,1.02104,1.01666,1.01997
2012-01-11T18:00:00+00:00,1.01997,1.02025,1.01858,1.01955
2012-01-11T22:00:00+00:00,1.01958,1.01961,1.0178,1.01886
2012-01-12T02:00:00+00:00,1.01886,1.01889,1.01771,1.01856
2012-01-12T06:00:00+00:00,1.01856,1.01923,1.01657,1.01662
2012-01-12T10:00:00+00:00,1.01662,1.01902,1.01405,1.01854
2012-01-12T14:00:00+00:00,1.01854,1.02113,1.01566,1.01897
2012-01-12T18:00:00+00:00,1.01893,1.0198,1.01784,1.01911
2012-01-12T22:00:00+00:00,1.01914,1.01958,1.01804,1.01842
2012-01-13T02:00:00+00:00,1.01842,1.01947,1.01741,1.01782
2012-01-13T06:00:00+00:00,1.01784,1.01858,1.01687,1.01704
2012-01-13T10:00:00+00:00,1.01704,1.02049,1.01635,1.02033
2012-01-13T14:00:00+00:00,1.02032,1.02837,1.02032,1.02446
2012-01-13T18:00:00+00:00,1.02451,1.02563,1.0219,1.02316
2012-01-15T22:00:00+00:00,1.0247,1.02531,1.0237,1.02374
2012-01-16T02:00:00+00:00,1.02374,1.02391,1.02243,1.02299
2012-01-16T06:00:00+00:00,1.02299,1.02316,1.01909,1.02004
2012-01-16T10:00:00+00:00,1.02004,1.02182,1.01906,1.01906
2012-01-16T14:00:00+00:00,1.01903,1.02045,1.01676,1.01696
2012-01-16T18:00:00+00:00,1.01696,1.01856,1.0165,1.01792
2012-01-16T22:00:00+00:00,1.01793,1.01891,1.01536,1.01542
2012-01-17T02:00:00+00:00,1.01542,1.01595,1.0141,1.01433
2012-01-17T06:00:00+00:00,1.01433,1.01477,1.01166,1.01188
2012-01-17T10:00:00+00:00,1.01188,1.01455,1.01127,1.01376
2012-01-17T14:00:00+00:00,1.01376,1.01574,1.01206,1.01354
2012-01-17T18:00:00+00:00,1.01354,1.01684,1.0135,1.01517
2012-01-17T22:00:00+00:00,1.01519,1.01627,1.0146,1.01531
2012-01-18T02:00:00+00:00,1.01531,1.01543,1.01375,1.01478
2012-01-18T06:00:00+00:00,1.01478,1.0171,1.01354,1.01401
2012-01-18T10:00:00+00:00,1.01401,1.01592,1.01193,1.01589
2012-01-18T14:00:00+00:00,1.01589,1.01777,1.01221,1.01245
2012-01-18T18:00:00+00:00,1.01243,1.01339,1.01112,1.01116
2012-01-18T22:00:00+00:00,1.0112,1.01282,1.01088,1.01131
2012-01-19T02:00:00+00:00,1.01131,1.01146,1.00958,1.0108
2012-01-19T06:00:00+00:00,1.0108,1.01145,1.00918,1.01017
2012-01-19T10:00:00+00:00,1.01017,1.01052,1.00713,1.00777
2012-01-19T14:00:00+00:00,1.00779,1.01123,1.00711,1.01052
2012-01-19T18:00:00+00:00,1.01052,1.0124,1.01005,1.0107
2012-01-19T22:00:00+00:00,1.01072,1.01262,1.0107,1.01255
2012-01-20T02:00:00+00:00,1.01253,1.01415,1.01234,1.01373
2012-01-20T06:00:00+00:00,1.01373,1.01561,1.01212,1.01489
2012-01-20T10:00:00+00:00,1.01489,1.0161,1.01257,1.01452
2012-01-20T14:00:00+00:00,1.01452,1.01523,1.01316,1.0137
2012-01-20T18:00:00+00:00,1.01369,1.01436,1.01171,1.0132
2012-01-22T22:00:00+00:00,1.01455,1.01617,1.01324,1.01468
2012-01-23T02:00:00+00:00,1.01467,1.01476,1.01307,1.0131
2012-01-23T06:00:00+00:00,1.0131,1.01392,1.01182,1.01238
2012-01-23T10:00:00+00:00,1.01238,1.01293,1.00801,1.00826
2012-01-23T14:00:00+00:00,1.00826,1.00972,1.00526,1.00871
2012-01-23T18:00:00+00:00,1.00872,1.00914,1.00679,1.00845
2012-01-23T22:00:00+00:00,1.00849,1.00911,1.00718,1.00835
2012-01-24T02:00:00+00:00,1.00835,1.00985,1.00835,1.00857
2012-01-24T06:00:00+00:00,1.00857,1.01129,1.00761,1.01077
2012-01-24T10:00:00+00:00,1.0108,1.01412,1.01013,1.01314
2012-01-24T14:00:00+00:00,1.01315,1.01379,1.0086,1.00944
2012-01-24T18:00:00+00:00,1.00954,1.01028,1.00888,1.00893
2012-01-24T22:00:00+00:00,1.00894,1.01099,1.0088,1.01084
2012-01-25T02:00:00+00:00,1.01084,1.01146,1.00998,1.01126
2012-01-25T06:00:00+00:00,1.01126,1.01315,1.01,1.01313
2012-01-25T10:00:00+00:00,1.01312,1.0148,1.01242,1.01285
2012-01-25T14:00:00+00:00,1.01287,1.01403,1.00673,1.00767
2012-01-25T18:00:00+00:00,1.00767,1.00779,1.00285,1.00429
2012-01-25T22:00:00+00:00,1.00428,1.00489,1.00338,1.00393
2012-01-26T02:00:00+00:00,1.00393,1.00399,1.00216,1.00221
2012-01-26T06:00:00+00:00,1.00221,1.00263,0.99987,1.00007
2012-01-26T10:00:00+00:00,1.00008,1.00194,0.99934,1.00098
2012-01-26T14:00:00+00:00,1.00098,1.0016,0.99816,0.99928
2012-01-26T18:00:00+00:00,0.9993,1.0023,0.99906,1.00167
2012-01-26T22:00:00+00:00,1.00171,1.00358,1.00134,1.00295
2012-01-27T02:00:00+00:00,1.00298,1.00409,1.00162,1.00376
2012-01-27T06:00:00+00:00,1.00376,1.00413,1.00082,1.00114
2012-01-27T10:00:00+00:00,1.00114,1.00384,0.99882,1.00345
2012-01-27T14:00:00+00:00,1.00346,1.00357,0.99984,1.00182
2012-01-27T18:00:00+00:00,1.0018,1.00225,1.00026,1.00146
2012-01-29T22:00:00+00:00,1.00152,1.00383,1.00113,1.00295
2012-01-30T02:00:00+00:00,1.00293,1.00397,1.00205,1.00386
2012-01-30T06:00:00+00:00,1.00389,1.00703,1.00353,1.00569
2012-01-30T10:00:00+00:00,1.00569,1.00664,1.00387,1.00646
2012-01-30T14:00:00+00:00,1.00646,1.00704,1.00213,1.00374
2012-01-30T18:00:00+00:00,1.00371,1.00474,1.00141,1.00147
2012-01-30T22:00:00+00:00,1.00152,1.00299,1.00074,1.0014
2012-01-31T02:00:00+00:00,1.0014,1.00141,0.99995,1.00047
2012-01-31T06:00:00+00:00,1.00049,1.00159,0.99811,0.99849
2012-01-31T10:00:00+00:00,0.99849,0.99934,0.99654,0.99887
2012-01-31T14:00:00+00:00,0.99884,1.00538,0.99743,1.00412
2012-01-31T18:00:00+00:00,1.00413,1.00428,1.00196,1.00258
2012-01-31T22:00:00+00:00,1.00257,1.00373,1.00185,1.00244
2012-02-01T02:00:00+00:00,1.00242,1.00364,1.0017,1.00324
2012-02-01T06:00:00+00:00,1.00324,1.00486,0.9993,0.99945
2012-02-01T10:00:00+00:00,0.99951,1.00062,0.99748,0.99777
2012-02-01T14:00:00+00:00,0.99778,0.99856,0.99639,0.99766
2012-02-01T18:00:00+00:00,0.99765,0.99943,0.9972,0.99863
2012-02-01T22:00:00+00:00,0.99869,0.99876,0.99684,0.99711
2012-02-02T02:00:00+00:00,0.99711,0.99839,0.99699,0.99777
2012-02-02T06:00:00+00:00,0.99777,0.9996,0.99704,0.99937
2012-02-02T10:00:00+00:00,0.99938,1.00105,0.99791,0.99937
2012-02-02T14:00:00+00:00,0.99937,1.00053,0.99722,0.99952
2012-02-02T18:00:00+00:00,0.9995,1.00001,0.99875,0.99927
2012-02-02T22:00:00+00:00,0.99925,1.00053,0.99887,0.99988
2012-02-03T02:00:00+00:00,0.99988,1.00007,0.99911,0.99931
2012-02-03T06:00:00+00:00,0.99931,0.99996,0.99815,0.99844
2012-02-03T10:00:00+00:00,0.99843,1.00334,0.99801,0.99859
2012-02-03T14:00:00+00:00,0.99859,0.99874,0.99282,0.99357
2012-02-03T18:00:00+00:00,0.9936,0.99419,0.9929,0.99343
2012-02-05T22:00:00+00:00,0.99476,0.9952,0.99287,0.99509
2012-02-06T02:00:00+00:00,0.9951,0.99566,0.99418,0.99541
2012-02-06T06:00:00+00:00,0.99541,0.99795,0.99516,0.99728
2012-02-06T10:00:00+00:00,0.99728,0.99928,0.99594,0.99926
2012-02-06T14:00:00+00:00,0.99927,0.99938,0.99469,0.99568
2012-02-06T18:00:00+00:00,0.99567,0.99704,0.99522,0.99591
2012-02-06T22:00:00+00:00,0.99598,0.99672,0.99557,0.99632
2012-02-07T02:00:00+00:00,0.99635,0.99737,0.99524,0.99665
2012-02-07T06:00:00+00:00,0.99666,0.99745,0.99521,0.99563
2012-02-07T10:00:00+00:00,0.99567,0.99953,0.99547,0.99683
2012-02-07T14:00:00+00:00,0.99679,0.99816,0.99411,0.99508
2012-02-07T18:00:00+00:00,0.99504,0.99621,0.99429,0.99453
2012-02-07T22:00:00+00:00,0.99448,0.99601,0.99436,0.99566
2012-02-08T02:00:00+00:00,0.99566,0.99597,0.9946,0.99466
2012-02-08T06:00:00+00:00,0.99465,0.99502,0.99357,0.99458
2012-02-08T10:00:00+00:00,0.99461,0.99577,0.99354,0.99462
2012-02-08T14:00:00+00:00,0.99463,0.99904,0.99351,0.99555
2012-02-08T18:00:00+00:00,0.99555,0.99686,0.99544,0.99595
2012-02-08T22:00:00+00:00,0.99596,0.99804,0.99564,0.99772
2012-02-09T02:00:00+00:00,0.99771,0.99774,0.99543,0.99562
2012-02-09T06:00:00+00:00,0.99562,0.99616,0.99428,0.99519
2012-02-09T10:00:00+00:00,0.9952,0.9976,0.99407,0.99507
2012-02-09T14:00:00+00:00,0.99504,0.99618,0.99252,0.99442
2012-02-09T18:00:00+00:00,0.99445,0.99557,0.99413,0.99477
2012-02-09T22:00:00+00:00,0.99483,0.99641,0.99449,0.99637
2012-02-10T02:00:00+00:00,0.99635,0.99745,0.99557,0.99723
2012-02-10T06:00:00+00:00,0.99725,0.99899,0.99679,0.99799
2012-02-10T10:00:00+00:00,0.99798,1.00389,0.99796,1.00289
2012-02-10T14:00:00+00:00,1.00293,1.00323,1.00056,1.00108
2012-02-10T18:00:00+00:00,1.00105,1.00316,1.00102,1.00125
2012-02-12T22:00:00+00:00,1.00115,1.00168,0.99969,1.00008
2012-02-13T02:00:00+00:00,1.00008,1.00046,0.99872,0.99932
2012-02-13T06:00:00+00:00,0.99934,0.99987,0.99721,0.99853
2012-02-13T10:00:00+00:00,0.99854,0.99934,0.99747,0.99893
2012-02-13T14:00:00+00:00,0.99895,1.00112,0.99805,0.99945
2012-02-13T18:00:00+00:00,0.99947,0.99986,0.99852,0.99972
2012-02-13T22:00:00+00:00,0.99974,1.00162,0.99918,1.00151
2012-02-14T02:00:00+00:00,1.00153,1.00239,1.00087,1.00141
2012-02-14T06:00:00+00:00,1.00141,1.0027,0.99999,1.00002
2012-02-14T10:00:00+00:00,1,1.00121,0.99789,0.99994
2012-02-14T14:00:00+00:00,0.99994,1.00134,0.99876,1.00008
2012-02-14T18:00:00+00:00,1.00009,1.00222,0.99856,0.99907
2012-02-14T22:00:00+00:00,0.99908,1.00041,0.99855,1.00025
2012-02-15T02:00:00+00:00,1.00026,1.00035,0.99474,0.99476
2012-02-15T06:00:00+00:00,0.99476,0.99599,0.99415,0.9948
2012-02-15T10:00:00+00:00,0.9948,0.99745,0.99386,0.99596
2012-02-15T14:00:00+00:00,0.99596,0.99877,0.99522,0.99852
2012-02-15T18:00:00+00:00,0.99853,1.00007,0.99772,0.99999
2012-02-15T22:00:00+00:00,1.00001,1.0017,0.99907,1.00132
2012-02-16T02:00:00+00:00,1.00132,1.00295,1.00132,1.00239
2012-02-16T06:00:00+00:00,1.0024,1.00516,1.00135,1.00389
2012-02-16T10:00:00+00:00,1.00389,1.00487,1.00206,1.00251
2012-02-16T14:00:00+00:00,1.00251,1.00253,0.99591,0.99668
2012-02-16T18:00:00+00:00,0.99671,0.99715,0.99535,0.99662
2012-02-16T22:00:00+00:00,0.9966,0.99725,0.99521,0.99554
2012-02-17T02:00:00+00:00,0.99554,0.99662,0.99518,0.99588
2012-02-17T06:00:00+00:00,0.99588,0.99673,0.99489,0.99552
2012-02-17T10:00:00+00:00,0.99554,0.99629,0.99413,0.99467
2012-02-17T14:00:00+00:00,0.99469,0.99845,0.99416,0.99668
2012-02-17T18:00:00+00:00,0.99665,0.99755,0.99547,0.99689
2012-02-19T22:00:00+00:00,0.9931,0.99347,0.99135,0.99183
2012-02-20T02:00:00+00:00,0.99183,0.99264,0.99162,0.99249
2012-02-20T06:00:00+00:00,0.99249,0.99428,0.99233,0.99286
2012-02-20T10:00:00+00:00,0.99286,0.9935,0.99069,0.99316
2012-02-20T14:00:00+00:00,0.99318,0.99426,0.99184,0.99369
2012-02-20T18:00:00+00:00,0.9937,0.99382,0.99297,0.99353
2012-02-20T22:00:00+00:00,0.99358,0.99578,0.99295,0.99497
2012-02-21T02:00:00+00:00,0.99497,0.99645,0.99303,0.99378
2012-02-21T06:00:00+00:00,0.99376,0.99543,0.99245,0.99542
2012-02-21T10:00:00+00:00,0.99543,0.99762,0.99518,0.99576
2012-02-21T14:00:00+00:00,0.99577,0.99712,0.99483,0.99559
2012-02-21T18:00:00+00:00,0.9956,0.99754,0.99484,0.99689
2012-02-21T22:00:00+00:00,0.99687,0.99891,0.9964,0.99844
2012-02-22T02:00:00+00:00,0.99844,0.99873,0.99596,0.99603
2012-02-22T06:00:00+00:00,0.99605,0.9986,0.99547,0.99768
2012-02-22T10:00:00+00:00,0.99766,1.00134,0.99657,1.0007
2012-02-22T14:00:00+00:00,1.0007,1.00199,0.99887,0.99972
2012-02-22T18:00:00+00:00,0.99973,1.00041,0.99903,0.99982
2012-02-22T22:00:00+00:00,0.99984,1.00106,0.99935,0.99992
2012-02-23T02:00:00+00:00,0.99992,1,0.99891,0.99911
2012-02-23T06:00:00+00:00,0.99912,0.99928,0.99587,0.99689
2012-02-23T10:00:00+00:00,0.99689,0.99863,0.99535,0.99659
2012-02-23T14:00:00+00:00,0.99659,0.99971,0.99657,0.9987
2012-02-23T18:00:00+00:00,0.99871,0.99958,0.9969,0.99745
2012-02-23T22:00:00+00:00,0.99741,0.99794,0.99687,0.99763
2012-02-24T02:00:00+00:00,0.9976,0.99811,0.99712,0.998
2012-02-24T06:00:00+00:00,0.99802,0.99882,0.9971,0.99743
2012-02-24T10:00:00+00:00,0.99744,0.99958,0.99665,0.99878
2012-02-24T14:00:00+00:00,0.9988,0.99982,0.99728,0.99859
2012-02-24T18:00:00+00:00,0.99859,1.00035,0.99789,0.99928
2012-02-26T22:00:00+00:00,0.99878,1.00095,0.99775,1.00076
2012-02-27T02:00:00+00:00,1.00074,1.00115,1.00025,1.00104
2012-02-27T06:00:00+00:00,1.00103,1.00392,1.00059,1.00368
2012-02-27T10:00:00+00:00,1.00367,1.00496,1.00238,1.00296
2012-02-27T14:00:00+00:00,1.00296,1.00384,0.99766,0.99841
2012-02-27T18:00:00+00:00,0.9984,0.99954,0.99787,0.99889
2012-02-27T22:00:00+00:00,0.9989,0.99933,0.99762,0.99773
2012-02-28T02:00:00+00:00,0.99772,0.99788,0.99557,0.99568
2012-02-28T06:00:00+00:00,0.99568,0.99669,0.99416,0.99581
2012-02-28T10:00:00+00:00,0.99584,0.99724,0.99469,0.99692
2012-02-28T14:00:00+00:00,0.99693,0.99861,0.99501,0.99616
2012-02-28T18:00:00+00:00,0.99614,0.99748,0.99476,0.99534
2012-02-28T22:00:00+00:00,0.99537,0.9958,0.9936,0.99367
2012-02-29T02:00:00+00:00,0.99367,0.99402,0.99313,0.99363
2012-02-29T06:00:00+00:00,0.99363,0.99386,0.99196,0.992
2012-02-29T10:00:00+00:00,0.992,0.99282,0.98707,0.98882
2012-02-29T14:00:00+00:00,0.98882,0.9903,0.9844,0.98666
2012-02-29T18:00:00+00:00,0.98663,0.99096,0.98608,0.98993
2012-02-29T22:00:00+00:00,0.98991,0.99033,0.98798,0.98844
2012-03-01T02:00:00+00:00,0.98844,0.98946,0.98818,0.98873
2012-03-01T06:00:00+00:00,0.98873,0.99004,0.98706,0.98799
2012-03-01T10:00:00+00:00,0.98799,0.98857,0.98542,0.98592
2012-03-01T14:00:00+00:00,0.98591,0.98691,0.98423,0.98496
2012-03-01T18:00:00+00:00,0.98496,0.98633,0.98435,0.98558
2012-03-01T22:00:00+00:00,0.98544,0.98606,0.98487,0.98561
2012-03-02T02:00:00+00:00,0.98559,0.98658,0.98557,0.98622
2012-03-02T06:00:00+00:00,0.98622,0.98812,0.98614,0.98808
2012-03-02T10:00:00+00:00,0.98808,0.98842,0.98628,0.98705
2012-03-02T14:00:00+00:00,0.98706,0.98947,0.9864,0.98846
2012-03-02T18:00:00+00:00,0.98847,0.98972,0.98795,0.98931
2012-03-04T22:00:00+00:00,0.98922,0.99081,0.98853,0.9891
2012-03-05T02:00:00+00:00,0.9891,0.99053,0.9891,0.99046
2012-03-05T06:00:00+00:00,0.99046,0.99439,0.98977,0.99416
2012-03-05T10:00:00+00:00,0.99416,0.996,0.99225,0.99279
2012-03-05T14:00:00+00:00,0.9928,0.99554,0.99217,0.99396
2012-03-05T18:00:00+00:00,0.99399,0.99486,0.99335,0.99455
2012-03-05T22:00:00+00:00,0.99452,0.9955,0.99371,0.99516
2012-03-06T02:00:00+00:00,0.99518,0.99676,0.99495,0.99513
2012-03-06T06:00:00+00:00,0.99513,0.99923,0.99452,0.99869
2012-03-06T10:00:00+00:00,0.99866,1.00094,0.99807,1.00024
2012-03-06T14:00:00+00:00,1.00022,1.00284,0.99977,1.00209
2012-03-06T18:00:00+00:00,1.00209,1.00256,1.00048,1.00194
2012-03-06T22:00:00+00:00,1.00195,1.00201,1.00036,1.00067
2012-03-07T02:00:00+00:00,1.00068,1.00113,0.99948,1.00037
2012-03-07T06:00:00+00:00,1.00037,1.00107,0.99884,1.00026
2012-03-07T10:00:00+00:00,1.00027,1.00249,0.99955,1.00116
2012-03-07T14:00:00+00:00,1.00114,1.00253,0.99901,0.99939
2012-03-07T18:00:00+00:00,0.99941,1.00032,0.99743,0.99746
2012-03-07T22:00:00+00:00,0.99747,0.99909,0.99736,0.99777
2012-03-08T02:00:00+00:00,0.99777,0.99782,0.99554,0.99587
2012-03-08T06:00:00+00:00,0.99587,0.99652,0.99429,0.99514
2012-03-08T10:00:00+00:00,0.99514,0.99621,0.99456,0.99562
2012-03-08T14:00:00+00:00,0.99558,0.99558,0.99056,0.9911
2012-03-08T18:00:00+00:00,0.99111,0.99162,0.98935,0.99028
2012-03-08T22:00:00+00:00,0.99028,0.99155,0.98964,0.99036
2012-03-09T02:00:00+00:00,0.99032,0.99032,0.98925,0.98994
2012-03-09T06:00:00+00:00,0.98995,0.99178,0.98957,0.99163
2012-03-09T10:00:00+00:00,0.99162,0.99374,0.98798,0.98906
2012-03-09T14:00:00+00:00,0.98907,0.9904,0.98728,0.98921
2012-03-09T18:00:00+00:00,0.9892,0.99131,0.98911,0.99056
2012-03-11T21:00:00+00:00,0.99142,0.99196,0.99016,0.99175
2012-03-12T01:00:00+00:00,0.99176,0.99295,0.99162,0.99255
2012-03-12T05:00:00+00:00,0.99255,0.99286,0.99015,0.99133
2012-03-12T09:00:00+00:00,0.99131,0.99358,0.98988,0.99325
2012-03-12T13:00:00+00:00,0.99329,0.99474,0.99222,0.99433
2012-03-12T17:00:00+00:00,0.99432,0.99438,0.9921,0.9924
2012-03-12T21:00:00+00:00,0.99241,0.99316,0.99131,0.99178
2012-03-13T01:00:00+00:00,0.99175,0.99177,0.99029,0.99076
2012-03-13T05:00:00+00:00,0.99076,0.99152,0.98973,0.99129
2012-03-13T09:00:00+00:00,0.99129,0.99137,0.98905,0.99104
2012-03-13T13:00:00+00:00,0.99103,0.99243,0.98925,0.98968
2012-03-13T17:00:00+00:00,0.98968,0.99266,0.98855,0.98862
2012-03-13T21:00:00+00:00,0.98864,0.98958,0.98803,0.98928
2012-03-14T01:00:00+00:00,0.98929,0.98964,0.9883,0.98872
2012-03-14T05:00:00+00:00,0.98872,0.99241,0.98872,0.99199
2012-03-14T09:00:00+00:00,0.99201,0.99389,0.99023,0.99061
2012-03-14T13:00:00+00:00,0.99062,0.99277,0.98855,0.9915
2012-03-14T17:00:00+00:00,0.9915,0.99449,0.9913,0.99262
2012-03-14T21:00:00+00:00,0.99265,0.99443,0.99206,0.99428
2012-03-15T01:00:00+00:00,0.9943,0.9949,0.99283,0.99291
2012-03-15T05:00:00+00:00,0.99291,0.99399,0.99188,0.99231
2012-03-15T09:00:00+00:00,0.99233,0.99433,0.99144,0.99196
2012-03-15T13:00:00+00:00,0.99195,0.99486,0.9906,0.99061
2012-03-15T17:00:00+00:00,0.99062,0.99234,0.99061,0.99175
2012-03-15T21:00:00+00:00,0.99176,0.99283,0.99151,0.9927
2012-03-16T01:00:00+00:00,0.99269,0.99284,0.99148,0.99241
2012-03-16T05:00:00+00:00,0.99241,0.99411,0.99237,0.99369
2012-03-16T09:00:00+00:00,0.99372,0.99395,0.99019,0.99079
2012-03-16T13:00:00+00:00,0.9908,0.99283,0.99009,0.99149
2012-03-16T17:00:00+00:00,0.9915,0.99215,0.99094,0.99174
2012-03-18T21:00:00+00:00,0.9912,0.99175,0.98979,0.991
2012-03-19T01:00:00+00:00,0.991,0.99147,0.99069,0.99118
2012-03-19T05:00:00+00:00,0.99118,0.99306,0.99052,0.99289
2012-03-19T09:00:00+00:00,0.9929,0.99307,0.99134,0.99226
2012-03-19T13:00:00+00:00,0.99227,0.99245,0.98608,0.98636
2012-03-19T17:00:00+00:00,0.98635,0.98788,0.98608,0.98691
2012-03-19T21:00:00+00:00,0.98693,0.98786,0.98632,0.98721
2012-03-20T01:00:00+00:00,0.98722,0.98884,0.98708,0.98812
2012-03-20T05:00:00+00:00,0.98813,0.99089,0.98774,0.98931
2012-03-20T09:00:00+00:00,0.98933,0.99366,0.98887,0.9931
2012-03-20T13:00:00+00:00,0.99314,0.99691,0.99151,0.99174
2012-03-20T17:00:00+00:00,0.99174,0.99251,0.99092,0.99151
2012-03-20T21:00:00+00:00,0.99145,0.99223,0.99008,0.99037
2012-03-21T01:00:00+00:00,0.99036,0.99037,0.98889,0.98967
2012-03-21T05:00:00+00:00,0.98968,0.99005,0.98747,0.98816
2012-03-21T09:00:00+00:00,0.98815,0.99104,0.98811,0.99033
2012-03-21T13:00:00+00:00,0.99033,0.99355,0.98977,0.99268
2012-03-21T17:00:00+00:00,0.99267,0.99352,0.99141,0.99223
2012-03-21T21:00:00+00:00,0.99225,0.99282,0.99156,0.99184
2012-03-22T01:00:00+00:00,0.99184,0.99401,0.99121,0.99273
2012-03-22T05:00:00+00:00,0.99273,0.99548,0.99175,0.99498
2012-03-22T09:00:00+00:00,0.99496,0.99994,0.99468,0.99857
2012-03-22T13:00:00+00:00,0.99857,1.00084,0.99835,0.99909
2012-03-22T17:00:00+00:00,0.9991,1.00057,0.9986,0.99931
2012-03-22T21:00:00+00:00,0.99931,1.00005,0.99848,0.99891
2012-03-23T01:00:00+00:00,0.9989,1.00011,0.99843,0.99993
2012-03-23T05:00:00+00:00,0.99992,1.00083,0.99818,0.99896
2012-03-23T09:00:00+00:00,0.99897,1.0033,0.99711,1.00081
2012-03-23T13:00:00+00:00,1.00081,1.00346,0.99799,0.99919
2012-03-23T17:00:00+00:00,0.99918,0.99962,0.99733,0.99787
2012-03-25T22:00:00+01:00,0.99825,0.99848,0.99653,0.99801
2012-03-26T02:00:00+01:00,0.99801,0.99869,0.99708,0.99822
2012-03-26T06:00:00+01:00,0.99824,0.99994,0.99777,0.99896
2012-03-26T10:00:00+01:00,0.99897,0.99954,0.99372,0.99445
2012-03-26T14:00:00+01:00,0.99442,0.99458,0.99075,0.99286
2012-03-26T18:00:00+01:00,0.99287,0.99306,0.9906,0.99069
2012-03-26T22:00:00+01:00,0.99075,0.99187,0.99056,0.99144
2012-03-27T02:00:00+01:00,0.99145,0.99222,0.99096,0.99126
2012-03-27T06:00:00+01:00,0.99127,0.99196,0.99021,0.9908
2012-03-27T10:00:00+01:00,0.99078,0.99343,0.99007,0.9913
2012-03-27T14:00:00+01:00,0.99129,0.99426,0.99116,0.99329
2012-03-27T18:00:00+01:00,0.9933,0.99566,0.99323,0.99486
2012-03-27T22:00:00+01:00,0.99491,0.99595,0.99486,0.99567
2012-03-28T02:00:00+01:00,0.99569,0.99632,0.99548,0.99602
2012-03-28T06:00:00+01:00,0.99602,0.99738,0.99485,0.9971
2012-03-28T10:00:00+01:00,0.99707,0.99773,0.99527,0.99697
2012-03-28T14:00:00+01:00,0.997,0.99965,0.99467,0.99852
2012-03-28T18:00:00+01:00,0.99852,1.00004,0.99784,0.99833
2012-03-28T22:00:00+01:00,0.99835,0.99883,0.99764,0.99772
2012-03-29T02:00:00+01:00,0.99772,0.99914,0.99765,0.99829
2012-03-29T06:00:00+01:00,0.9983,0.99944,0.99735,0.99897
2012-03-29T10:00:00+01:00,0.99897,1.00084,0.99895,0.9997
2012-03-29T14:00:00+01:00,0.99967,1.00188,0.9981,0.99838
2012-03-29T18:00:00+01:00,0.99838,0.99931,0.99626,0.99646
2012-03-29T22:00:00+01:00,0.99649,0.99724,0.99604,0.99635
2012-03-30T02:00:00+01:00,0.99632,0.99801,0.99531,0.99773
2012-03-30T06:00:00+01:00,0.99772,0.99835,0.99638,0.99728
2012-03-30T10:00:00+01:00,0.99728,0.99793,0.9953,0.99729
2012-03-30T14:00:00+01:00,0.99728,0.9999,0.99635,0.99876
2012-03-30T18:00:00+01:00,0.99879,0.99922,0.99693,0.9984
2012-04-01T22:00:00+01:00,0.99593,0.99723,0.99491,0.99715
2012-04-02T02:00:00+01:00,0.99714,0.99785,0.99675,0.99686
2012-04-02T06:00:00+01:00,0.99686,0.99829,0.99589,0.99755
2012-04-02T10:00:00+01:00,0.99753,0.99906,0.99679,0.99689
2012-04-02T14:00:00+01:00,0.99687,0.99821,0.99124,0.99173
2012-04-02T18:00:00+01:00,0.99172,0.99192,0.98886,0.99052
2012-04-02T22:00:00+01:00,0.9905,0.99087,0.98984,0.98986
2012-04-03T02:00:00+01:00,0.98987,0.99057,0.98927,0.98935
2012-04-03T06:00:00+01:00,0.98935,0.99116,0.98884,0.99111
2012-04-03T10:00:00+01:00,0.99111,0.99289,0.99062,0.99112
2012-04-03T14:00:00+01:00,0.99113,0.99177,0.98927,0.99119
2012-04-03T18:00:00+01:00,0.99118,0.99286,0.99029,0.9911
2012-04-03T22:00:00+01:00,0.99113,0.99198,0.99012,0.99155
2012-04-04T02:00:00+01:00,0.99154,0.99304,0.99138,0.99226
2012-04-04T06:00:00+01:00,0.99229,0.99422,0.99139,0.99385
2012-04-04T10:00:00+01:00,0.99386,0.99684,0.99328,0.99619
2012-04-04T14:00:00+01:00,0.99618,0.99738,0.99474,0.99623
2012-04-04T18:00:00+01:00,0.99624,0.99694,0.99541,0.99629
2012-04-04T22:00:00+01:00,0.99627,0.99682,0.99585,0.99664
2012-04-05T02:00:00+01:00,0.99663,0.99743,0.99617,0.99619
2012-04-05T06:00:00+01:00,0.99619,0.99799,0.99555,0.99737
2012-04-05T10:00:00+01:00,0.99737,0.99982,0.99218,0.99337
2012-04-05T14:00:00+01:00,0.99335,0.99375,0.99073,0.99324
2012-04-05T18:00:00+01:00,0.99328,0.99425,0.99282,0.99313
2012-04-05T22:00:00+01:00,0.99314,0.99364,0.99284,0.99314
2012-04-06T02:00:00+01:00,0.99316,0.99346,0.99284,0.99322
2012-04-06T06:00:00+01:00,0.99323,0.99332,0.99206,0.99249
2012-04-06T10:00:00+01:00,0.99248,0.99862,0.99168,0.99757
2012-04-06T14:00:00+01:00,0.99757,0.9979,0.99567,0.99693
2012-04-06T18:00:00+01:00,0.99691,0.99741,0.99635,0.99717
2012-04-08T22:00:00+01:00,0.99725,0.99848,0.99448,0.99792
2012-04-09T02:00:00+01:00,0.99792,0.99804,0.99614,0.9966
2012-04-09T06:00:00+01:00,0.9966,0.99863,0.99578,0.99806
2012-04-09T10:00:00+01:00,0.99805,0.99964,0.99789,0.99911
2012-04-09T14:00:00+01:00,0.9991,1.00019,0.99608,0.99663
2012-04-09T18:00:00+01:00,0.99663,0.99765,0.99586,0.99763
2012-04-09T22:00:00+01:00,0.99761,0.9979,0.99608,0.99608
2012-04-10T02:00:00+01:00,0.99607,0.99661,0.99506,0.99611
2012-04-10T06:00:00+01:00,0.99609,0.99914,0.99582,0.99909
2012-04-10T10:00:00+01:00,0.99907,0.99988,0.99787,0.99877
2012-04-10T14:00:00+01:00,0.99879,1.00395,0.99845,1.00269
2012-04-10T18:00:00+01:00,1.00267,1.00455,1.00235,1.00445
2012-04-10T22:00:00+01:00,1.0045,1.00527,1.0039,1.00481
2012-04-11T02:00:00+01:00,1.0048,1.00486,1.00297,1.00308
2012-04-11T06:00:00+01:00,1.00308,1.00466,1.00133,1.00387
2012-04-11T10:00:00+01:00,1.00392,1.00409,1.00106,1.0022
2012-04-11T14:00:00+01:00,1.0022,1.00432,1.00087,1.00264
2012-04-11T18:00:00+01:00,1.00264,1.00497,1.00252,1.00385
2012-04-11T22:00:00+01:00,1.00386,1.00441,1.00286,1.00355
2012-04-12T02:00:00+01:00,1.00354,1.00358,1.00186,1.00222
2012-04-12T06:00:00+01:00,1.00221,1.00221,0.99895,1.00033
2012-04-12T10:00:00+01:00,1.00033,1.00128,0.99725,0.99984
2012-04-12T14:00:00+01:00,0.99985,1.00008,0.99465,0.99472
2012-04-12T18:00:00+01:00,0.99472,0.99572,0.99406,0.9943
2012-04-12T22:00:00+01:00,0.99432,0.99527,0.99418,0.99435
2012-04-13T02:00:00+01:00,0.99435,0.99653,0.99389,0.99557
2012-04-13T06:00:00+01:00,0.99558,0.99674,0.99483,0.9964
2012-04-13T10:00:00+01:00,0.99632,0.99721,0.9927,0.99388
2012-04-13T14:00:00+01:00,0.99385,0.99877,0.99365,0.99744
2012-04-13T18:00:00+01:00,0.99746,0.99967,0.99746,0.99965
2012-04-15T22:00:00+01:00,0.99933,1.00002,0.99813,0.99987
2012-04-16T02:00:00+01:00,0.99987,1.00031,0.99925,1.0002
2012-04-16T06:00:00+01:00,1.00018,1.00114,0.99954,0.99968
2012-04-16T10:00:00+01:00,0.99968,1.00082,0.99801,0.99839
2012-04-16T14:00:00+01:00,0.9984,1.00328,0.99738,1.00155
2012-04-16T18:00:00+01:00,1.00156,1.00204,0.99915,0.99937
2012-04-16T22:00:00+01:00,0.99936,1.00026,0.99918,1.00005
2012-04-17T02:00:00+01:00,1.00005,1.00057,0.9994,0.99964
2012-04-17T06:00:00+01:00,0.99964,1.00117,0.99763,0.99855
2012-04-17T10:00:00+01:00,0.99856,0.99857,0.99521,0.99578
2012-04-17T14:00:00+01:00,0.99583,0.99583,0.98652,0.98793
2012-04-17T18:00:00+01:00,0.98795,0.99087,0.98773,0.99025
2012-04-17T22:00:00+01:00,0.99028,0.99081,0.98835,0.98871
2012-04-18T02:00:00+01:00,0.98872,0.9895,0.98827,0.98897
2012-04-18T06:00:00+01:00,0.98899,0.99022,0.98823,0.99019
2012-04-18T10:00:00+01:00,0.99019,0.99155,0.98928,0.99074
2012-04-18T14:00:00+01:00,0.99077,0.99133,0.98839,0.99133
2012-04-18T18:00:00+01:00,0.99132,0.9924,0.99033,0.99121
2012-04-18T22:00:00+01:00,0.99123,0.99148,0.99046,0.99062
2012-04-19T02:00:00+01:00,0.99063,0.99133,0.9904,0.99105
2012-04-19T06:00:00+01:00,0.99107,0.99136,0.9884,0.98879
2012-04-19T10:00:00+01:00,0.98877,0.99398,0.98802,0.99339
2012-04-19T14:00:00+01:00,0.99339,0.99452,0.99123,0.99369
2012-04-19T18:00:00+01:00,0.9937,0.99639,0.99362,0.99561
2012-04-19T22:00:00+01:00,0.99568,0.99586,0.99447,0.99477
2012-04-20T02:00:00+01:00,0.99477,0.9957,0.99449,0.99457
2012-04-20T06:00:00+01:00,0.99461,0.99594,0.99348,0.99443
2012-04-20T10:00:00+01:00,0.99443,0.99487,0.99053,0.9924
2012-04-20T14:00:00+01:00,0.9924,0.99254,0.98973,0.99117
2012-04-20T18:00:00+01:00,0.99116,0.99344,0.99104,0.99229
2012-04-22T22:00:00+01:00,0.99223,0.99412,0.99192,0.99395
2012-04-23T02:00:00+01:00,0.99394,0.99486,0.99342,0.99343
2012-04-23T06:00:00+01:00,0.99343,0.99683,0.99311,0.9956
2012-04-23T10:00:00+01:00,0.9956,0.99789,0.99538,0.99652
2012-04-23T14:00:00+01:00,0.99652,0.99771,0.99335,0.99394
2012-04-23T18:00:00+01:00,0.99392,0.99398,0.99057,0.99122
2012-04-23T22:00:00+01:00,0.99124,0.99169,0.99057,0.99154
2012-04-24T02:00:00+01:00,0.99154,0.99294,0.99037,0.99041
2012-04-24T06:00:00+01:00,0.99039,0.99103,0.98992,0.99054
2012-04-24T10:00:00+01:00,0.99052,0.99172,0.98872,0.99155
2012-04-24T14:00:00+01:00,0.99155,0.99193,0.98764,0.98874
2012-04-24T18:00:00+01:00,0.98875,0.98924,0.98703,0.98705
2012-04-24T22:00:00+01:00,0.98706,0.98771,0.9867,0.98749
2012-04-25T02:00:00+01:00,0.98748,0.98805,0.9871,0.98764
2012-04-25T06:00:00+01:00,0.98764,0.98771,0.98556,0.98582
2012-04-25T10:00:00+01:00,0.98583,0.98736,0.98513,0.98581
2012-04-25T14:00:00+01:00,0.98582,0.98585,0.98235,0.98422
2012-04-25T18:00:00+01:00,0.98418,0.98461,0.98281,0.98328
2012-04-25T22:00:00+01:00,0.98333,0.98381,0.98255,0.98325
2012-04-26T02:00:00+01:00,0.98326,0.98347,0.98228,0.98236
2012-04-26T06:00:00+01:00,0.98235,0.9827,0.98066,0.98199
2012-04-26T10:00:00+01:00,0.982,0.98403,0.98101,0.9833
2012-04-26T14:00:00+01:00,0.98331,0.98457,0.98259,0.98402
2012-04-26T18:00:00+01:00,0.98401,0.98473,0.98317,0.98439
2012-04-26T22:00:00+01:00,0.98437,0.98649,0.98428,0.98538
2012-04-27T02:00:00+01:00,0.98539,0.98632,0.98492,0.98612
2012-04-27T06:00:00+01:00,0.98612,0.98703,0.98384,0.98389
2012-04-27T10:00:00+01:00,0.98391,0.98443,0.98165,0.98175
2012-04-27T14:00:00+01:00,0.98174,0.98257,0.98032,0.9807
2012-04-27T18:00:00+01:00,0.9807,0.98154,0.98001,0.98052
2012-04-29T22:00:00+01:00,0.98105,0.98137,0.98044,0.98127
2012-04-30T02:00:00+01:00,0.98129,0.98134,0.9805,0.98061
2012-04-30T06:00:00+01:00,0.98063,0.98169,0.98006,0.9815
2012-04-30T10:00:00+01:00,0.9815,0.98644,0.98117,0.98519
2012-04-30T14:00:00+01:00,0.98518,0.98946,0.98498,0.98757
2012-04-30T18:00:00+01:00,0.98758,0.98795,0.98687,0.98724
2012-04-30T22:00:00+01:00,0.98723,0.9884,0.98668,0.9884
2012-05-01T02:00:00+01:00,0.9884,0.98883,0.98708,0.98854
2012-05-01T06:00:00+01:00,0.98855,0.98894,0.98676,0.98704
2012-05-01T10:00:00+01:00,0.98703,0.9887,0.9863,0.98855
2012-05-01T14:00:00+01:00,0.98853,0.98979,0.98329,0.98418
2012-05-01T18:00:00+01:00,0.98416,0.98601,0.98414,0.98576
2012-05-01T22:00:00+01:00,0.98537,0.9862,0.9852,0.98615
2012-05-02T02:00:00+01:00,0.98617,0.98643,0.98503,0.9851
2012-05-02T06:00:00+01:00,0.98509,0.9871,0.98496,0.98616
2012-05-02T10:00:00+01:00,0.98614,0.98928,0.98557,0.989
2012-05-02T14:00:00+01:00,0.98901,0.9904,0.98686,0.98698
2012-05-02T18:00:00+01:00,0.98698,0.98733,0.98589,0.98628
2012-05-02T22:00:00+01:00,0.9863,0.98703,0.98594,0.98614
2012-05-03T02:00:00+01:00,0.98613,0.98677,0.98564,0.98565
2012-05-03T06:00:00+01:00,0.98565,0.98635,0.98457,0.98587
2012-05-03T10:00:00+01:00,0.98586,0.98589,0.98284,0.98372
2012-05-03T14:00:00+01:00,0.98374,0.98794,0.98373,0.98738
2012-05-03T18:00:00+01:00,0.98738,0.98925,0.98726,0.98825
2012-05-03T22:00:00+01:00,0.98834,0.98869,0.98795,0.98819
2012-05-04T02:00:00+01:00,0.98819,0.9885,0.9878,0.98828
2012-05-04T06:00:00+01:00,0.98829,0.98945,0.98771,0.98925
2012-05-04T10:00:00+01:00,0.98926,0.99085,0.98618,0.99021
2012-05-04T14:00:00+01:00,0.99022,0.99634,0.98957,0.9949
2012-05-04T18:00:00+01:00,0.9949,0.99608,0.99439,0.99601
2012-05-06T22:00:00+01:00,0.99586,0.99865,0.99433,0.99769
2012-05-07T02:00:00+01:00,0.99767,0.99876,0.99723,0.99757
2012-05-07T06:00:00+01:00,0.99757,0.99811,0.99646,0.99693
2012-05-07T10:00:00+01:00,0.99691,0.99723,0.99479,0.99559
2012-05-07T14:00:00+01:00,0.99561,0.99609,0.99321,0.99398
2012-05-07T18:00:00+01:00,0.99396,0.99413,0.99267,0.99315
2012-05-07T22:00:00+01:00,0.99314,0.99362,0.99238,0.9936
2012-05-08T02:00:00+01:00,0.9936,0.99413,0.99342,0.99377
2012-05-08T06:00:00+01:00,0.99376,0.99745,0.99324,0.99732
2012-05-08T10:00:00+01:00,0.99731,0.99796,0.99545,0.99696
2012-05-08T14:00:00+01:00,0.99697,1.00227,0.99652,1.00043
2012-05-08T18:00:00+01:00,1.00039,1.0006,0.99782,0.99865
2012-05-08T22:00:00+01:00,0.99866,1.00013,0.99835,0.99995
2012-05-09T02:00:00+01:00,0.99995,1.00219,0.99967,1.00207
2012-05-09T06:00:00+01:00,1.00206,1.00243,0.99987,1.00229
2012-05-09T10:00:00+01:00,1.00229,1.00628,1.00196,1.00514
2012-05-09T14:00:00+01:00,1.00513,1.0057,1.00127,1.00196
2012-05-09T18:00:00+01:00,1.00197,1.00265,1.00018,1.00265
2012-05-09T22:00:00+01:00,1.00255,1.00312,1.00141,1.00147
2012-05-10T02:00:00+01:00,1.00149,1.0026,1.00049,1.00114
2012-05-10T06:00:00+01:00,1.00116,1.00282,0.99943,1.00188
2012-05-10T10:00:00+01:00,1.00188,1.00313,0.99805,0.99894
2012-05-10T14:00:00+01:00,0.99894,1.00269,0.99771,1.00035
2012-05-10T18:00:00+01:00,1.00034,1.00218,1.00028,1.00209
2012-05-10T22:00:00+01:00,1.0021,1.00353,1.00187,1.00296
2012-05-11T02:00:00+01:00,1.00296,1.00425,1.00294,1.00406
2012-05-11T06:00:00+01:00,1.00406,1.00538,1.00279,1.0039
2012-05-11T10:00:00+01:00,1.00388,1.00548,0.99849,0.99893
2012-05-11T14:00:00+01:00,0.99891,0.99909,0.99541,0.99701
2012-05-11T18:00:00+01:00,0.99706,1.00133,0.99703,1.00065
2012-05-13T22:00:00+01:00,1.0002,1.00225,0.99924,0.99929
2012-05-14T02:00:00+01:00,0.99929,1.00138,0.99929,1.00048
2012-05-14T06:00:00+01:00,1.00049,1.0048,0.99982,1.00473
2012-05-14T10:00:00+01:00,1.00473,1.00528,1.00287,1.00398
2012-05-14T14:00:00+01:00,1.00398,1.00466,1.00119,1.00175
2012-05-14T18:00:00+01:00,1.00174,1.0038,1.00122,1.00377
2012-05-14T22:00:00+01:00,1.00378,1.00395,1.00205,1.0028
2012-05-15T02:00:00+01:00,1.00278,1.00394,1.00201,1.00274
2012-05-15T06:00:00+01:00,1.00273,1.00278,0.99945,1.00166
2012-05-15T10:00:00+01:00,1.00168,1.00215,0.99901,1.00188
2012-05-15T14:00:00+01:00,1.00194,1.00596,1.00194,1.00358
2012-05-15T18:00:00+01:00,1.0036,1.00737,1.00272,1.00724
2012-05-15T22:00:00+01:00,1.00725,1.00744,1.00636,1.00728
2012-05-16T02:00:00+01:00,1.00727,1.00958,1.00712,1.00942
2012-05-16T06:00:00+01:00,1.00942,1.01301,1.00937,1.01022
2012-05-16T10:00:00+01:00,1.0102,1.01189,1.00541,1.00789
2012-05-16T14:00:00+01:00,1.00789,1.01207,1.00622,1.00995
2012-05-16T18:00:00+01:00,1.00994,1.01325,1.00923,1.01221
2012-05-16T22:00:00+01:00,1.01224,1.01271,1.01131,1.01169
2012-05-17T02:00:00+01:00,1.01169,1.0124,1.01097,1.01133
2012-05-17T06:00:00+01:00,1.01133,1.01315,1.0105,1.01173
2012-05-17T10:00:00+01:00,1.01171,1.01575,1.01169,1.01263
2012-05-17T14:00:00+01:00,1.01262,1.01783,1.01258,1.01658
2012-05-17T18:00:00+01:00,1.01658,1.01963,1.01536,1.01958
2012-05-17T22:00:00+01:00,1.01957,1.02024,1.01885,1.02018
2012-05-18T02:00:00+01:00,1.02018,1.02171,1.01995,1.0215
2012-05-18T06:00:00+01:00,1.02149,1.02275,1.01759,1.01814
2012-05-18T10:00:00+01:00,1.01815,1.01872,1.01389,1.01641
2012-05-18T14:00:00+01:00,1.01641,1.02191,1.01568,1.02043
2012-05-18T18:00:00+01:00,1.02043,1.02245,1.01899,1.02216
2012-05-20T22:00:00+01:00,1.02197,1.02303,1.01957,1.02041
2012-05-21T02:00:00+01:00,1.02041,1.02075,1.01843,1.01909
2012-05-21T06:00:00+01:00,1.01907,1.02063,1.01796,1.01951
2012-05-21T10:00:00+01:00,1.01951,1.02344,1.0191,1.02244
2012-05-21T14:00:00+01:00,1.02245,1.02466,1.02,1.02041
2012-05-21T18:00:00+01:00,1.02039,1.02085,1.01652,1.0175
2012-05-21T22:00:00+01:00,1.01755,1.01797,1.01662,1.01755
2012-05-22T02:00:00+01:00,1.01755,1.01844,1.01606,1.01642
2012-05-22T06:00:00+01:00,1.01642,1.01781,1.01523,1.01713
2012-05-22T10:00:00+01:00,1.01713,1.01878,1.01592,1.01839
2012-05-22T14:00:00+01:00,1.01841,1.02035,1.01586,1.01911
2012-05-22T18:00:00+01:00,1.01911,1.02348,1.0187,1.02059
2012-05-22T22:00:00+01:00,1.02064,1.02296,1.02041,1.02289
2012-05-23T02:00:00+01:00,1.02288,1.02339,1.02135,1.0221
2012-05-23T06:00:00+01:00,1.0221,1.02382,1.02083,1.02252
2012-05-23T10:00:00+01:00,1.02252,1.02456,1.02114,1.02119
2012-05-23T14:00:00+01:00,1.02117,1.02963,1.02117,1.02677
2012-05-23T18:00:00+01:00,1.02678,1.02713,1.0232,1.02523
2012-05-23T22:00:00+01:00,1.02523,1.02637,1.02384,1.02575
2012-05-24T02:00:00+01:00,1.02574,1.02624,1.02397,1.02578
2012-05-24T06:00:00+01:00,1.0258,1.02828,1.02409,1.02709
2012-05-24T10:00:00+01:00,1.02711,1.02711,1.02335,1.02371
2012-05-24T14:00:00+01:00,1.02371,1.02891,1.02263,1.02823
2012-05-24T18:00:00+01:00,1.02824,1.02961,1.02636,1.02696
2012-05-24T22:00:00+01:00,1.02694,1.02719,1.02564,1.0264
2012-05-25T02:00:00+01:00,1.02638,1.02842,1.02577,1.02802
2012-05-25T06:00:00+01:00,1.02802,1.02866,1.02473,1.0258
2012-05-25T10:00:00+01:00,1.02578,1.02935,1.02517,1.02927
2012-05-25T14:00:00+01:00,1.02927,1.03009,1.02648,1.0294
2012-05-25T18:00:00+01:00,1.0294,1.03121,1.0289,1.02932
2012-05-27T22:00:00+01:00,1.0265,1.02721,1.02515,1.02599
2012-05-28T02:00:00+01:00,1.02599,1.02618,1.02459,1.02468
2012-05-28T06:00:00+01:00,1.02468,1.02494,1.02354,1.02457
2012-05-28T10:00:00+01:00,1.02459,1.02479,1.02236,1.02385
2012-05-28T14:00:00+01:00,1.02385,1.02671,1.02347,1.02415
2012-05-28T18:00:00+01:00,1.02416,1.02494,1.02325,1.02385
2012-05-28T22:00:00+01:00,1.02389,1.02632,1.02322,1.02558
2012-05-29T02:00:00+01:00,1.02556,1.02574,1.02323,1.0234
2012-05-29T06:00:00+01:00,1.02341,1.02358,1.02072,1.02338
2012-05-29T10:00:00+01:00,1.02338,1.02546,1.02266,1.02456
2012-05-29T14:00:00+01:00,1.02455,1.02702,1.02122,1.02581
2012-05-29T18:00:00+01:00,1.02581,1.02627,1.02212,1.02219
2012-05-29T22:00:00+01:00,1.02215,1.02422,1.02177,1.02406
2012-05-30T02:00:00+01:00,1.02408,1.02555,1.02392,1.02491
2012-05-30T06:00:00+01:00,1.02488,1.02693,1.02427,1.02682
2012-05-30T10:00:00+01:00,1.02683,1.02923,1.0246,1.02894
2012-05-30T14:00:00+01:00,1.02893,1.03113,1.02732,1.02809
2012-05-30T18:00:00+01:00,1.02807,1.03041,1.02787,1.03013
2012-05-30T22:00:00+01:00,1.03011,1.03126,1.0293,1.03035
2012-05-31T02:00:00+01:00,1.03035,1.0307,1.02909,1.0292
2012-05-31T06:00:00+01:00,1.0292,1.02921,1.02634,1.02714
2012-05-31T10:00:00+01:00,1.02712,1.03106,1.02622,1.02924
2012-05-31T14:00:00+01:00,1.02923,1.03662,1.02852,1.033
2012-05-31T18:00:00+01:00,1.033,1.03371,1.03098,1.03287
2012-05-31T22:00:00+01:00,1.03288,1.03526,1.03185,1.0352
2012-06-01T02:00:00+01:00,1.03519,1.03634,1.03475,1.03558
2012-06-01T06:00:00+01:00,1.03558,1.03934,1.03429,1.03879
2012-06-01T10:00:00+01:00,1.03881,1.04428,1.03758,1.04251
2012-06-01T14:00:00+01:00,1.04251,1.04269,1.03511,1.0389
2012-06-01T18:00:00+01:00,1.03889,1.04163,1.03786,1.04103
2012-06-03T22:00:00+01:00,1.03906,1.04466,1.03831,1.04399
2012-06-04T02:00:00+01:00,1.04398,1.04435,1.04258,1.04328
2012-06-04T06:00:00+01:00,1.04327,1.0434,1.04049,1.04181
2012-06-04T10:00:00+01:00,1.04182,1.04219,1.0377,1.03914
2012-06-04T14:00:00+01:00,1.03914,1.04364,1.03695,1.0435
2012-06-04T18:00:00+01:00,1.04348,1.04352,1.03909,1.03924
2012-06-04T22:00:00+01:00,1.03929,1.03982,1.03668,1.03784
2012-06-05T02:00:00+01:00,1.03784,1.03809,1.03617,1.03689
2012-06-05T06:00:00+01:00,1.03689,1.0406,1.03616,1.04053
2012-06-05T10:00:00+01:00,1.04052,1.04259,1.03833,1.0407
2012-06-05T14:00:00+01:00,1.04073,1.04236,1.03615,1.04018
2012-06-05T18:00:00+01:00,1.04028,1.04061,1.03746,1.03808
2012-06-05T22:00:00+01:00,1.03807,1.03842,1.03636,1.03691
2012-06-06T02:00:00+01:00,1.03693,1.03723,1.03319,1.03336
2012-06-06T06:00:00+01:00,1.03336,1.03441,1.03107,1.03242
2012-06-06T10:00:00+01:00,1.03241,1.03724,1.0315,1.0362
2012-06-06T14:00:00+01:00,1.03621,1.03663,1.02764,1.02851
2012-06-06T18:00:00+01:00,1.02851,1.03039,1.0271,1.02765
2012-06-06T22:00:00+01:00,1.02763,1.02916,1.02688,1.02907
2012-06-07T02:00:00+01:00,1.02909,1.02934,1.02676,1.02806
2012-06-07T06:00:00+01:00,1.02808,1.02938,1.02687,1.0276
2012-06-07T10:00:00+01:00,1.02762,1.02962,1.02258,1.02419
2012-06-07T14:00:00+01:00,1.02419,1.0264,1.02106,1.02461
2012-06-07T18:00:00+01:00,1.02461,1.02837,1.02356,1.02788
2012-06-07T22:00:00+01:00,1.0279,1.03008,1.02695,1.0293
2012-06-08T02:00:00+01:00,1.02932,1.03202,1.02916,1.03086
2012-06-08T06:00:00+01:00,1.03086,1.03513,1.03046,1.034
2012-06-08T10:00:00+01:00,1.034,1.03548,1.03109,1.03369
2012-06-08T14:00:00+01:00,1.03363,1.03453,1.03066,1.03145
2012-06-08T18:00:00+01:00,1.03144,1.03153,1.02575,1.02576
2012-06-10T22:00:00+01:00,1.02233,1.02345,1.0211,1.02129
2012-06-11T02:00:00+01:00,1.0213,1.02181,1.02055,1.021
2012-06-11T06:00:00+01:00,1.021,1.02376,1.02014,1.0237
2012-06-11T10:00:00+01:00,1.02372,1.02592,1.02287,1.02425
2012-06-11T14:00:00+01:00,1.02425,1.02975,1.02375,1.02822
2012-06-11T18:00:00+01:00,1.02824,1.03174,1.02794,1.0317
2012-06-11T22:00:00+01:00,1.03172,1.0326,1.03059,1.03104
2012-06-12T02:00:00+01:00,1.03104,1.03165,1.02974,1.02997
2012-06-12T06:00:00+01:00,1.02998,1.03171,1.02873,1.02909
2012-06-12T10:00:00+01:00,1.02908,1.02973,1.02676,1.02798
2012-06-12T14:00:00+01:00,1.02798,1.03084,1.02607,1.02784
2012-06-12T18:00:00+01:00,1.02785,1.02806,1.02565,1.02645
2012-06-12T22:00:00+01:00,1.02655,1.02741,1.02492,1.02736
2012-06-13T02:00:00+01:00,1.02737,1.02809,1.02679,1.02765
2012-06-13T06:00:00+01:00,1.02765,1.02801,1.02521,1.0265
2012-06-13T10:00:00+01:00,1.02649,1.02712,1.02488,1.02682
2012-06-13T14:00:00+01:00,1.0268,1.02872,1.02419,1.02613
2012-06-13T18:00:00+01:00,1.02612,1.03029,1.02583,1.03024
2012-06-13T22:00:00+01:00,1.03024,1.03035,1.02834,1.0289
2012-06-14T02:00:00+01:00,1.02891,1.02934,1.02689,1.02708
2012-06-14T06:00:00+01:00,1.02708,1.02944,1.02674,1.02882
2012-06-14T10:00:00+01:00,1.02884,1.02915,1.02407,1.02507
2012-06-14T14:00:00+01:00,1.02505,1.02714,1.02364,1.02481
2012-06-14T18:00:00+01:00,1.02476,1.02668,1.02256,1.02264
2012-06-14T22:00:00+01:00,1.02264,1.02432,1.02225,1.02432
2012-06-15T02:00:00+01:00,1.02433,1.02433,1.02326,1.02354
2012-06-15T06:00:00+01:00,1.02354,1.02461,1.02208,1.02241
2012-06-15T10:00:00+01:00,1.02242,1.0252,1.02201,1.02487
2012-06-15T14:00:00+01:00,1.02487,1.02564,1.02224,1.02423
2012-06-15T18:00:00+01:00,1.02421,1.02441,1.02152,1.02155
2012-06-17T22:00:00+01:00,1.02094,1.02108,1.01926,1.01959
2012-06-18T02:00:00+01:00,1.01959,1.0217,1.0194,1.02067
2012-06-18T06:00:00+01:00,1.02068,1.02647,1.01956,1.02456
2012-06-18T10:00:00+01:00,1.02456,1.02794,1.02283,1.02691
2012-06-18T14:00:00+01:00,1.02689,1.02759,1.02413,1.0257
2012-06-18T18:00:00+01:00,1.0257,1.0262,1.02387,1.02428
2012-06-18T22:00:00+01:00,1.02428,1.02434,1.02201,1.02237
2012-06-19T02:00:00+01:00,1.02238,1.0234,1.02198,1.02263
2012-06-19T06:00:00+01:00,1.02263,1.02441,1.02188,1.02288
2012-06-19T10:00:00+01:00,1.0229,1.02415,1.02038,1.02078
2012-06-19T14:00:00+01:00,1.02077,1.02083,1.01694,1.01795
2012-06-19T18:00:00+01:00,1.01799,1.019,1.01669,1.01781
2012-06-19T22:00:00+01:00,1.01778,1.0195,1.01716,1.01928
2012-06-20T02:00:00+01:00,1.01926,1.01933,1.01852,1.01894
2012-06-20T06:00:00+01:00,1.01894,1.01972,1.01748,1.01765
2012-06-20T10:00:00+01:00,1.01765,1.01837,1.01597,1.01796
2012-06-20T14:00:00+01:00,1.01795,1.02321,1.01717,1.01917
2012-06-20T18:00:00+01:00,1.0192,1.02154,1.01689,1.01818
2012-06-20T22:00:00+01:00,1.0183,1.02062,1.01794,1.02059
2012-06-21T02:00:00+01:00,1.02057,1.02195,1.02,1.02185
2012-06-21T06:00:00+01:00,1.02187,1.02259,1.02016,1.02135
2012-06-21T10:00:00+01:00,1.02136,1.02173,1.01764,1.0213
2012-06-21T14:00:00+01:00,1.0213,1.02694,1.02009,1.02531
2012-06-21T18:00:00+01:00,1.02533,1.0298,1.02527,1.02965
2012-06-21T22:00:00+01:00,1.0296,1.0299,1.02754,1.02771
2012-06-22T02:00:00+01:00,1.02776,1.02818,1.02733,1.02787
2012-06-22T06:00:00+01:00,1.02787,1.02994,1.02733,1.02798
2012-06-22T10:00:00+01:00,1.02797,1.03008,1.02702,1.02825
2012-06-22T14:00:00+01:00,1.02824,1.02833,1.02558,1.0264
2012-06-22T18:00:00+01:00,1.02643,1.02669,1.02418,1.02449
2012-06-24T22:00:00+01:00,1.02693,1.02736,1.02491,1.02673
2012-06-25T02:00:00+01:00,1.02673,1.02688,1.02571,1.02575
2012-06-25T06:00:00+01:00,1.02575,1.02811,1.02571,1.02671
2012-06-25T10:00:00+01:00,1.02667,1.03094,1.02644,1.03078
2012-06-25T14:00:00+01:00,1.03077,1.0318,1.02924,1.02958
2012-06-25T18:00:00+01:00,1.02958,1.03,1.02854,1.02921
2012-06-25T22:00:00+01:00,1.02931,1.02968,1.02799,1.02844
2012-06-26T02:00:00+01:00,1.02844,1.02928,1.02729,1.02853
2012-06-26T06:00:00+01:00,1.02853,1.02903,1.02563,1.02743
2012-06-26T10:00:00+01:00,1.02744,1.02902,1.02518,1.0282
2012-06-26T14:00:00+01:00,1.02824,1.02967,1.02394,1.02478
2012-06-26T18:00:00+01:00,1.02475,1.02538,1.02332,1.02385
2012-06-26T22:00:00+01:00,1.02386,1.02486,1.02363,1.02482
2012-06-27T02:00:00+01:00,1.02482,1.02496,1.02379,1.02444
2012-06-27T06:00:00+01:00,1.02441,1.02631,1.02406,1.02569
2012-06-27T10:00:00+01:00,1.02568,1.02629,1.02415,1.02588
2012-06-27T14:00:00+01:00,1.02589,1.02675,1.02447,1.02535
2012-06-27T18:00:00+01:00,1.02534,1.02609,1.02482,1.02482
2012-06-27T22:00:00+01:00,1.0249,1.02626,1.02321,1.02341
2012-06-28T02:00:00+01:00,1.02341,1.02433,1.02327,1.02383
2012-06-28T06:00:00+01:00,1.02383,1.02782,1.02333,1.02692
2012-06-28T10:00:00+01:00,1.0269,1.02907,1.02548,1.02903
2012-06-28T14:00:00+01:00,1.02902,1.0349,1.02898,1.03423
2012-06-28T18:00:00+01:00,1.03419,1.03628,1.03265,1.03308
2012-06-28T22:00:00+01:00,1.03317,1.03419,1.03272,1.03296
2012-06-29T02:00:00+01:00,1.0329,1.03316,1.02625,1.02737
2012-06-29T06:00:00+01:00,1.02738,1.0277,1.02299,1.02505
2012-06-29T10:00:00+01:00,1.02506,1.02635,1.01682,1.01713
2012-06-29T14:00:00+01:00,1.01714,1.02061,1.01654,1.01853
2012-06-29T18:00:00+01:00,1.01853,1.01885,1.0165,1.0165
2012-07-01T22:00:00+01:00,1.01639,1.01944,1.01607,1.01944
2012-07-02T02:00:00+01:00,1.01944,1.01987,1.01855,1.01877
2012-07-02T06:00:00+01:00,1.01877,1.01912,1.01614,1.01714
2012-07-02T10:00:00+01:00,1.01711,1.01803,1.01559,1.01628
2012-07-02T14:00:00+01:00,1.01621,1.02015,1.01592,1.01831
2012-07-02T18:00:00+01:00,1.01832,1.01853,1.0165,1.01715
2012-07-02T22:00:00+01:00,1.01714,1.01729,1.01622,1.01686
2012-07-03T02:00:00+01:00,1.01684,1.01715,1.01517,1.0159
2012-07-03T06:00:00+01:00,1.0159,1.01612,1.01417,1.01483
2012-07-03T10:00:00+01:00,1.01482,1.01675,1.01402,1.01473
2012-07-03T14:00:00+01:00,1.01475,1.01514,1.01212,1.01291
2012-07-03T18:00:00+01:00,1.01292,1.01322,1.01188,1.01226
2012-07-03T22:00:00+01:00,1.01231,1.01312,1.01165,1.0131
2012-07-04T02:00:00+01:00,1.01309,1.0142,1.01218,1.01343
2012-07-04T06:00:00+01:00,1.01343,1.01421,1.01245,1.01254
2012-07-04T10:00:00+01:00,1.01256,1.01371,1.01213,1.01314
2012-07-04T14:00:00+01:00,1.01314,1.01385,1.01216,1.01306
2012-07-04T18:00:00+01:00,1.01306,1.01353,1.01235,1.01309
2012-07-04T22:00:00+01:00,1.01314,1.01374,1.01269,1.01314
2012-07-05T02:00:00+01:00,1.01313,1.01373,1.01265,1.01287
2012-07-05T06:00:00+01:00,1.0129,1.01368,1.0127,1.01291
2012-07-05T10:00:00+01:00,1.01293,1.0142,1.01007,1.01385
2012-07-05T14:00:00+01:00,1.01382,1.01573,1.01222,1.01378
2012-07-05T18:00:00+01:00,1.01377,1.01445,1.01296,1.0142
2012-07-05T22:00:00+01:00,1.01423,1.01483,1.01364,1.01476
2012-07-06T02:00:00+01:00,1.01475,1.01587,1.01461,1.01544
2012-07-06T06:00:00+01:00,1.01546,1.01571,1.01417,1.01529
2012-07-06T10:00:00+01:00,1.01528,1.01829,1.01405,1.01741
2012-07-06T14:00:00+01:00,1.01746,1.02029,1.01625,1.01894
2012-07-06T18:00:00+01:00,1.01893,1.02081,1.01771,1.0196
2012-07-08T22:00:00+01:00,1.02065,1.02107,1.01882,1.01934
2012-07-09T02:00:00+01:00,1.01934,1.01981,1.01838,1.01912
2012-07-09T06:00:00+01:00,1.01912,1.02084,1.01833,1.02073
2012-07-09T10:00:00+01:00,1.02072,1.02143,1.01933,1.02086
2012-07-09T14:00:00+01:00,1.0209,1.02209,1.01938,1.0203
2012-07-09T18:00:00+01:00,1.02032,1.02055,1.01884,1.01915
2012-07-09T22:00:00+01:00,1.01914,1.02022,1.01851,1.02006
2012-07-10T02:00:00+01:00,1.02006,1.02118,1.01928,1.02096
2012-07-10T06:00:00+01:00,1.02098,1.02112,1.01775,1.01848
2012-07-10T10:00:00+01:00,1.01848,1.02001,1.01662,1.01833
2012-07-10T14:00:00+01:00,1.01831,1.02188,1.01728,1.02013
2012-07-10T18:00:00+01:00,1.02011,1.02294,1.01975,1.0226
2012-07-10T22:00:00+01:00,1.0226,1.02311,1.02221,1.02271
2012-07-11T02:00:00+01:00,1.02271,1.02271,1.02103,1.02129
2012-07-11T06:00:00+01:00,1.02127,1.02148,1.01955,1.01984
2012-07-11T10:00:00+01:00,1.01979,1.02021,1.01732,1.01943
2012-07-11T14:00:00+01:00,1.01941,1.02087,1.01832,1.01895
2012-07-11T18:00:00+01:00,1.01897,1.0218,1.01862,1.01961
2012-07-11T22:00:00+01:00,1.0197,1.02021,1.01886,1.01983
2012-07-12T02:00:00+01:00,1.01983,1.02131,1.01937,1.01983
2012-07-12T06:00:00+01:00,1.01983,1.02263,1.01946,1.02229
2012-07-12T10:00:00+01:00,1.02228,1.02453,1.02176,1.0238
2012-07-12T14:00:00+01:00,1.02381,1.02501,1.02102,1.02141
2012-07-12T18:00:00+01:00,1.02142,1.02204,1.01771,1.0191
2012-07-12T22:00:00+01:00,1.01908,1.02036,1.01856,1.0203
2012-07-13T02:00:00+01:00,1.02029,1.02033,1.0181,1.01848
2012-07-13T06:00:00+01:00,1.0185,1.01919,1.01619,1.01644
2012-07-13T10:00:00+01:00,1.01644,1.01771,1.01527,1.01751
2012-07-13T14:00:00+01:00,1.01749,1.01846,1.01296,1.01467
2012-07-13T18:00:00+01:00,1.01466,1.01579,1.01344,1.01401
2012-07-15T22:00:00+01:00,1.01358,1.01494,1.013,1.01488
2012-07-16T02:00:00+01:00,1.01488,1.01511,1.01425,1.01466
2012-07-16T06:00:00+01:00,1.01466,1.01579,1.01408,1.0149
2012-07-16T10:00:00+01:00,1.0149,1.01643,1.01445,1.0158
2012-07-16T14:00:00+01:00,1.01581,1.01732,1.01462,1.01539
2012-07-16T18:00:00+01:00,1.0154,1.01562,1.01416,1.01497
2012-07-16T22:00:00+01:00,1.01496,1.01545,1.01418,1.01429
2012-07-17T02:00:00+01:00,1.01429,1.01453,1.01296,1.01359
2012-07-17T06:00:00+01:00,1.01359,1.01503,1.01348,1.01493
2012-07-17T10:00:00+01:00,1.01493,1.01612,1.01414,1.01511
2012-07-17T14:00:00+01:00,1.01511,1.01695,1.01276,1.01399
2012-07-17T18:00:00+01:00,1.01399,1.01423,1.01189,1.01191
2012-07-17T22:00:00+01:00,1.01193,1.01289,1.01163,1.01201
2012-07-18T02:00:00+01:00,1.01199,1.01263,1.01167,1.01214
2012-07-18T06:00:00+01:00,1.01213,1.01324,1.01195,1.01278
2012-07-18T10:00:00+01:00,1.01278,1.01489,1.01266,1.01459
2012-07-18T14:00:00+01:00,1.01457,1.01494,1.01011,1.01046
2012-07-18T18:00:00+01:00,1.01045,1.01167,1.01012,1.01022
2012-07-18T22:00:00+01:00,1.01022,1.01045,1.00934,1.00959
2012-07-19T02:00:00+01:00,1.00959,1.01036,1.00902,1.00973
2012-07-19T06:00:00+01:00,1.00971,1.0107,1.00886,1.01034
2012-07-19T10:00:00+01:00,1.01033,1.01043,1.00659,1.00741
2012-07-19T14:00:00+01:00,1.0074,1.00894,1.00683,1.00756
2012-07-19T18:00:00+01:00,1.00754,1.00848,1.00702,1.00738
2012-07-19T22:00:00+01:00,1.00736,1.00878,1.00707,1.00846
2012-07-20T02:00:00+01:00,1.00846,1.00855,1.00689,1.00774
2012-07-20T06:00:00+01:00,1.00774,1.00859,1.00738,1.00774
2012-07-20T10:00:00+01:00,1.00772,1.01258,1.00724,1.01155
2012-07-20T14:00:00+01:00,1.01153,1.01307,1.00975,1.01195
2012-07-20T18:00:00+01:00,1.01195,1.01294,1.01168,1.01281
2012-07-22T22:00:00+01:00,1.01412,1.01484,1.01306,1.01477
2012-07-23T02:00:00+01:00,1.01477,1.01599,1.01459,1.01551
2012-07-23T06:00:00+01:00,1.01551,1.01711,1.01502,1.01558
2012-07-23T10:00:00+01:00,1.01558,1.02046,1.01531,1.02001
2012-07-23T14:00:00+01:00,1.02001,1.02043,1.01654,1.01709
2012-07-23T18:00:00+01:00,1.01709,1.0189,1.01635,1.01878
2012-07-23T22:00:00+01:00,1.01879,1.01931,1.01771,1.01864
2012-07-24T02:00:00+01:00,1.01865,1.01931,1.01779,1.01823
2012-07-24T06:00:00+01:00,1.01823,1.01996,1.01783,1.01932
2012-07-24T10:00:00+01:00,1.01933,1.01988,1.01686,1.01686
2012-07-24T14:00:00+01:00,1.01687,1.02239,1.0158,1.02118
2012-07-24T18:00:00+01:00,1.02118,1.02272,1.02003,1.02209
2012-07-24T22:00:00+01:00,1.02207,1.02296,1.02142,1.02284
2012-07-25T02:00:00+01:00,1.02282,1.02317,1.02103,1.02111
2012-07-25T06:00:00+01:00,1.0211,1.02192,1.01757,1.01902
2012-07-25T10:00:00+01:00,1.01904,1.01982,1.01723,1.01804
2012-07-25T14:00:00+01:00,1.01804,1.02033,1.01715,1.01764
2012-07-25T18:00:00+01:00,1.01763,1.01766,1.01394,1.01554
2012-07-25T22:00:00+01:00,1.01556,1.01663,1.0147,1.01581
2012-07-26T02:00:00+01:00,1.01581,1.01638,1.01519,1.01533
2012-07-26T06:00:00+01:00,1.01533,1.01602,1.0139,1.0157
2012-07-26T10:00:00+01:00,1.0157,1.01626,1.00631,1.00725
2012-07-26T14:00:00+01:00,1.00726,1.01086,1.00692,1.01018
2012-07-26T18:00:00+01:00,1.01017,1.01055,1.00901,1.01016
2012-07-26T22:00:00+01:00,1.01012,1.01051,1.0095,1.01011
2012-07-27T02:00:00+01:00,1.0101,1.0105,1.00795,1.00795
2012-07-27T06:00:00+01:00,1.00797,1.01061,1.0074,1.01025
2012-07-27T10:00:00+01:00,1.01022,1.01045,1.00652,1.00817
2012-07-27T14:00:00+01:00,1.00818,1.0082,1.00557,1.00635
2012-07-27T18:00:00+01:00,1.00635,1.00647,1.003,1.00318
2012-07-29T22:00:00+01:00,1.0043,1.00492,1.00353,1.00468
2012-07-30T02:00:00+01:00,1.00467,1.00516,1.00371,1.00452
2012-07-30T06:00:00+01:00,1.00451,1.00535,1.00376,1.00468
2012-07-30T10:00:00+01:00,1.00468,1.00486,1.00337,1.00404
2012-07-30T14:00:00+01:00,1.00406,1.00452,1.0022,1.00304
2012-07-30T18:00:00+01:00,1.00303,1.00348,1.00136,1.00165
2012-07-30T22:00:00+01:00,1.00163,1.00227,1.00127,1.00135
2012-07-31T02:00:00+01:00,1.00136,1.00142,1.00036,1.00064
2012-07-31T06:00:00+01:00,1.00066,1.00198,1.00055,1.00152
2012-07-31T10:00:00+01:00,1.00152,1.00354,1.00035,1.00343
2012-07-31T14:00:00+01:00,1.0034,1.00433,1.00076,1.0025
2012-07-31T18:00:00+01:00,1.00252,1.00341,1.00188,1.00317
2012-07-31T22:00:00+01:00,1.00315,1.00365,1.00264,1.00345
2012-08-01T02:00:00+01:00,1.00343,1.00405,1.00263,1.00265
2012-08-01T06:00:00+01:00,1.00265,1.00267,1.00067,1.00115
2012-08-01T10:00:00+01:00,1.00117,1.00219,1.00039,1.00117
2012-08-01T14:00:00+01:00,1.00121,1.00237,1.00074,1.00143
2012-08-01T18:00:00+01:00,1.00147,1.00571,1.00098,1.00553
2012-08-01T22:00:00+01:00,1.00555,1.00582,1.00436,1.00507
2012-08-02T02:00:00+01:00,1.00507,1.00539,1.0042,1.00483
2012-08-02T06:00:00+01:00,1.00483,1.00604,1.00422,1.00461
2012-08-02T10:00:00+01:00,1.00463,1.00637,1.00021,1.00595
2012-08-02T14:00:00+01:00,1.00592,1.00796,1.00259,1.00697
2012-08-02T18:00:00+01:00,1.00696,1.00848,1.00662,1.00737
2012-08-02T22:00:00+01:00,1.00742,1.00768,1.00595,1.00648
2012-08-03T02:00:00+01:00,1.00646,1.00665,1.00561,1.00599
2012-08-03T06:00:00+01:00,1.00601,1.00632,1.0031,1.00328
2012-08-03T10:00:00+01:00,1.0033,1.00348,1.00013,1.00081
2012-08-03T14:00:00+01:00,1.00081,1.00113,0.99803,0.99864
2012-08-03T18:00:00+01:00,0.99865,1.00252,0.99857,1.00131
2012-08-05T22:00:00+01:00,1.00136,1.00182,0.99988,1.00068
2012-08-06T02:00:00+01:00,1.00069,1.00127,1.00028,1.00045
2012-08-06T06:00:00+01:00,1.00043,1.00205,0.9996,1.00012
2012-08-06T10:00:00+01:00,1.00011,1.00181,1.00007,1.00131
2012-08-06T14:00:00+01:00,1.0013,1.00175,0.99836,0.99927
2012-08-06T18:00:00+01:00,0.99926,1.00028,0.99886,1.00021
2012-08-06T22:00:00+01:00,1.0002,1.00096,0.99991,1.00078
2012-08-07T02:00:00+01:00,1.00078,1.00085,0.99954,1.00019
2012-08-07T06:00:00+01:00,1.00018,1.00121,0.99804,0.99863
2012-08-07T10:00:00+01:00,0.99863,0.9994,0.99666,0.9974
2012-08-07T14:00:00+01:00,0.99741,0.99778,0.99626,0.99682
2012-08-07T18:00:00+01:00,0.9968,0.99762,0.99649,0.99693
2012-08-07T22:00:00+01:00,0.99694,0.99814,0.9965,0.99719
2012-08-08T02:00:00+01:00,0.99721,0.99796,0.99694,0.99782
2012-08-08T06:00:00+01:00,0.99782,0.9989,0.99648,0.99704
2012-08-08T10:00:00+01:00,0.99704,0.99796,0.99622,0.99723
2012-08-08T14:00:00+01:00,0.99723,0.99745,0.99366,0.99428
2012-08-08T18:00:00+01:00,0.99428,0.99526,0.99387,0.99428
2012-08-08T22:00:00+01:00,0.99429,0.99509,0.99407,0.99494
2012-08-09T02:00:00+01:00,0.99494,0.99497,0.99316,0.99327
2012-08-09T06:00:00+01:00,0.99327,0.99502,0.99307,0.99418
2012-08-09T10:00:00+01:00,0.99419,0.99484,0.99328,0.99413
2012-08-09T14:00:00+01:00,0.99411,0.99506,0.99131,0.99205
2012-08-09T18:00:00+01:00,0.99205,0.99267,0.99103,0.9911
2012-08-09T22:00:00+01:00,0.9911,0.99201,0.99086,0.99173
2012-08-10T02:00:00+01:00,0.99173,0.99361,0.99146,0.99315
2012-08-10T06:00:00+01:00,0.99316,0.99428,0.99297,0.99304
2012-08-10T10:00:00+01:00,0.99306,0.99705,0.99248,0.99545
2012-08-10T14:00:00+01:00,0.99547,0.99585,0.99091,0.99164
2012-08-10T18:00:00+01:00,0.99162,0.99224,0.99064,0.99108
2012-08-12T22:00:00+01:00,0.9913,0.99195,0.9907,0.99169
2012-08-13T02:00:00+01:00,0.99169,0.99191,0.99076,0.99119
2012-08-13T06:00:00+01:00,0.99121,0.99204,0.99074,0.99199
2012-08-13T10:00:00+01:00,0.99199,0.99262,0.99055,0.9924
2012-08-13T14:00:00+01:00,0.9924,0.99401,0.992,0.99282
2012-08-13T18:00:00+01:00,0.9928,0.99351,0.99223,0.99254
2012-08-13T22:00:00+01:00,0.99253,0.99296,0.99179,0.99187
2012-08-14T02:00:00+01:00,0.99188,0.99412,0.99153,0.99327
2012-08-14T06:00:00+01:00,0.99327,0.99343,0.99157,0.99256
2012-08-14T10:00:00+01:00,0.99256,0.99348,0.99067,0.99169
2012-08-14T14:00:00+01:00,0.99169,0.99328,0.99074,0.9916
2012-08-14T18:00:00+01:00,0.9916,0.99237,0.99123,0.99233
2012-08-14T22:00:00+01:00,0.99225,0.99257,0.99165,0.99254
2012-08-15T02:00:00+01:00,0.99256,0.99267,0.99191,0.99202
2012-08-15T06:00:00+01:00,0.99202,0.99352,0.9917,0.9926
2012-08-15T10:00:00+01:00,0.9926,0.99324,0.99077,0.9912
2012-08-15T14:00:00+01:00,0.9912,0.99142,0.98874,0.98899
2012-08-15T18:00:00+01:00,0.989,0.9895,0.98866,0.9894
2012-08-15T22:00:00+01:00,0.98941,0.98964,0.98847,0.98876
2012-08-16T02:00:00+01:00,0.98875,0.98924,0.98833,0.98885
2012-08-16T06:00:00+01:00,0.98886,0.99002,0.98852,0.98896
2012-08-16T10:00:00+01:00,0.98896,0.98969,0.98826,0.98957
2012-08-16T14:00:00+01:00,0.98952,0.98999,0.98716,0.98725
2012-08-16T18:00:00+01:00,0.98727,0.98735,0.98602,0.98659
2012-08-16T22:00:00+01:00,0.9866,0.98695,0.98619,0.98664
2012-08-17T02:00:00+01:00,0.98666,0.98744,0.98646,0.98733
2012-08-17T06:00:00+01:00,0.98732,0.98804,0.98688,0.98701
2012-08-17T10:00:00+01:00,0.98703,0.99002,0.98657,0.98823
2012-08-17T14:00:00+01:00,0.98825,0.99011,0.98815,0.9892
2012-08-17T18:00:00+01:00,0.9892,0.98957,0.98857,0.98921
2012-08-19T22:00:00+01:00,0.98892,0.98942,0.98788,0.98884
2012-08-20T02:00:00+01:00,0.98884,0.98945,0.98849,0.98861
2012-08-20T06:00:00+01:00,0.9886,0.98917,0.98786,0.98799
2012-08-20T10:00:00+01:00,0.98799,0.98961,0.98757,0.98937
2012-08-20T14:00:00+01:00,0.98935,0.99019,0.98842,0.98843
2012-08-20T18:00:00+01:00,0.98842,0.98903,0.98822,0.98851
2012-08-20T22:00:00+01:00,0.98849,0.98894,0.98805,0.98869
2012-08-21T02:00:00+01:00,0.98868,0.98877,0.9873,0.98738
2012-08-21T06:00:00+01:00,0.98736,0.9876,0.98552,0.98595
2012-08-21T10:00:00+01:00,0.98599,0.98623,0.98517,0.98542
2012-08-21T14:00:00+01:00,0.98542,0.98734,0.98423,0.98711
2012-08-21T18:00:00+01:00,0.98711,0.98998,0.98698,0.98922
2012-08-21T22:00:00+01:00,0.98925,0.99046,0.98873,0.99022
2012-08-22T02:00:00+01:00,0.99023,0.99115,0.98988,0.98996
2012-08-22T06:00:00+01:00,0.98996,0.99144,0.98978,0.99056
2012-08-22T10:00:00+01:00,0.99054,0.99473,0.99053,0.99394
2012-08-22T14:00:00+01:00,0.99394,0.99439,0.99178,0.99354
2012-08-22T18:00:00+01:00,0.99355,0.99362,0.99072,0.99137
2012-08-22T22:00:00+01:00,0.99138,0.99211,0.9906,0.99061
2012-08-23T02:00:00+01:00,0.9906,0.9906,0.98857,0.98939
2012-08-23T06:00:00+01:00,0.9894,0.99076,0.98855,0.99015
2012-08-23T10:00:00+01:00,0.99016,0.99192,0.98953,0.99176
2012-08-23T14:00:00+01:00,0.99172,0.99343,0.9911,0.99341
2012-08-23T18:00:00+01:00,0.99341,0.99487,0.99308,0.99391
2012-08-23T22:00:00+01:00,0.99392,0.9943,0.99341,0.99416
2012-08-24T02:00:00+01:00,0.99415,0.99425,0.99341,0.99348
2012-08-24T06:00:00+01:00,0.99351,0.99476,0.99313,0.99328
2012-08-24T10:00:00+01:00,0.99328,0.99434,0.99259,0.99384
2012-08-24T14:00:00+01:00,0.99382,0.99408,0.99046,0.99169
2012-08-24T18:00:00+01:00,0.99169,0.99266,0.99097,0.99235
2012-08-26T22:00:00+01:00,0.99229,0.99257,0.99096,0.9912
2012-08-27T02:00:00+01:00,0.9912,0.99239,0.9906,0.99106
2012-08-27T06:00:00+01:00,0.99106,0.99146,0.98998,0.99039
2012-08-27T10:00:00+01:00,0.9904,0.99113,0.98947,0.99009
2012-08-27T14:00:00+01:00,0.99009,0.99086,0.98904,0.9897
2012-08-27T18:00:00+01:00,0.98971,0.99088,0.98965,0.99072
2012-08-27T22:00:00+01:00,0.99072,0.99136,0.99023,0.99135
2012-08-28T02:00:00+01:00,0.99135,0.99179,0.99084,0.9909
2012-08-28T06:00:00+01:00,0.99089,0.99101,0.98975,0.98991
2012-08-28T10:00:00+01:00,0.98989,0.98991,0.98724,0.98782
2012-08-28T14:00:00+01:00,0.98784,0.98795,0.98427,0.98686
2012-08-28T18:00:00+01:00,0.98686,0.98842,0.98675,0.98822
2012-08-28T22:00:00+01:00,0.98817,0.98853,0.98769,0.9881
2012-08-29T02:00:00+01:00,0.98811,0.98896,0.98759,0.98885
2012-08-29T06:00:00+01:00,0.98884,0.98992,0.98816,0.98911
2012-08-29T10:00:00+01:00,0.98911,0.98968,0.98687,0.98741
2012-08-29T14:00:00+01:00,0.9874,0.98864,0.98663,0.98769
2012-08-29T18:00:00+01:00,0.98771,0.98977,0.98734,0.98943
2012-08-29T22:00:00+01:00,0.98943,0.99035,0.98894,0.99028
2012-08-30T02:00:00+01:00,0.99028,0.99071,0.98995,0.99061
2012-08-30T06:00:00+01:00,0.9906,0.99213,0.9894,0.99206
2012-08-30T10:00:00+01:00,0.99206,0.99216,0.99057,0.99114
2012-08-30T14:00:00+01:00,0.99116,0.99319,0.99039,0.99266
2012-08-30T18:00:00+01:00,0.99267,0.99318,0.99172,0.99247
2012-08-30T22:00:00+01:00,0.99242,0.99311,0.99212,0.99245
2012-08-31T02:00:00+01:00,0.99245,0.99262,0.99164,0.99208
2012-08-31T06:00:00+01:00,0.99209,0.99287,0.99131,0.99156
2012-08-31T10:00:00+01:00,0.99157,0.99222,0.98655,0.98697
2012-08-31T14:00:00+01:00,0.98697,0.98984,0.98521,0.98623
2012-08-31T18:00:00+01:00,0.98625,0.98684,0.98519,0.98599
2012-09-02T22:00:00+01:00,0.98768,0.98777,0.98585,0.9874
2012-09-03T02:00:00+01:00,0.98739,0.98742,0.98522,0.98555
2012-09-03T06:00:00+01:00,0.98553,0.98662,0.9852,0.98637
2012-09-03T10:00:00+01:00,0.98636,0.98707,0.98535,0.98656
2012-09-03T14:00:00+01:00,0.98655,0.98782,0.98577,0.98582
2012-09-03T18:00:00+01:00,0.98583,0.98613,0.98562,0.98591
2012-09-03T22:00:00+01:00,0.98585,0.98667,0.98527,0.98628
2012-09-04T02:00:00+01:00,0.98627,0.98656,0.98513,0.98538
2012-09-04T06:00:00+01:00,0.98541,0.98562,0.98457,0.98494
2012-09-04T10:00:00+01:00,0.98494,0.98595,0.98429,0.98494
2012-09-04T14:00:00+01:00,0.98497,0.98752,0.98452,0.98597
2012-09-04T18:00:00+01:00,0.98598,0.98722,0.98523,0.98587
2012-09-04T22:00:00+01:00,0.98559,0.98737,0.98558,0.98645
2012-09-05T02:00:00+01:00,0.98644,0.98699,0.98578,0.98638
2012-09-05T06:00:00+01:00,0.98638,0.98944,0.9862,0.9885
2012-09-05T10:00:00+01:00,0.9885,0.98898,0.98662,0.98846
2012-09-05T14:00:00+01:00,0.98846,0.99185,0.98704,0.99042
2012-09-05T18:00:00+01:00,0.9904,0.99128,0.99013,0.99053
2012-09-05T22:00:00+01:00,0.99054,0.9911,0.98996,0.99104
2012-09-06T02:00:00+01:00,0.99103,0.99147,0.99035,0.99132
2012-09-06T06:00:00+01:00,0.99131,0.99146,0.98854,0.98928
2012-09-06T10:00:00+01:00,0.98928,0.98955,0.98531,0.98657
2012-09-06T14:00:00+01:00,0.98657,0.98663,0.9809,0.98246
2012-09-06T18:00:00+01:00,0.98246,0.98324,0.9822,0.98267
2012-09-06T22:00:00+01:00,0.98262,0.98352,0.98215,0.98293
2012-09-07T02:00:00+01:00,0.98293,0.98304,0.98186,0.98188
2012-09-07T06:00:00+01:00,0.98189,0.98189,0.98054,0.98152
2012-09-07T10:00:00+01:00,0.98153,0.98267,0.97793,0.97846
2012-09-07T14:00:00+01:00,0.97846,0.98036,0.97656,0.97748
2012-09-07T18:00:00+01:00,0.97747,0.97893,0.97731,0.97853
2012-09-09T22:00:00+01:00,0.97765,0.97876,0.97711,0.97863
2012-09-10T02:00:00+01:00,0.97864,0.97888,0.97762,0.97816
2012-09-10T06:00:00+01:00,0.97815,0.97857,0.97759,0.9776
2012-09-10T10:00:00+01:00,0.97761,0.97812,0.97654,0.97809
2012-09-10T14:00:00+01:00,0.97808,0.97835,0.97547,0.97637
2012-09-10T18:00:00+01:00,0.97639,0.97802,0.97627,0.97765
2012-09-10T22:00:00+01:00,0.97758,0.97775,0.97659,0.97691
2012-09-11T02:00:00+01:00,0.97693,0.97739,0.97606,0.97638
2012-09-11T06:00:00+01:00,0.97638,0.97686,0.97283,0.97305
2012-09-11T10:00:00+01:00,0.97303,0.97426,0.97185,0.97242
2012-09-11T14:00:00+01:00,0.9724,0.97302,0.97135,0.97233
2012-09-11T18:00:00+01:00,0.97236,0.97351,0.97209,0.97308
2012-09-11T22:00:00+01:00,0.97313,0.97362,0.97252,0.97308
2012-09-12T02:00:00+01:00,0.97308,0.97345,0.97154,0.97189
2012-09-12T06:00:00+01:00,0.97191,0.97391,0.97158,0.97262
2012-09-12T10:00:00+01:00,0.97261,0.97466,0.97201,0.97418
2012-09-12T14:00:00+01:00,0.97419,0.97624,0.97393,0.97552
2012-09-12T18:00:00+01:00,0.9755,0.97684,0.97497,0.9762
2012-09-12T22:00:00+01:00,0.97619,0.97628,0.97555,0.97588
2012-09-13T02:00:00+01:00,0.97589,0.97624,0.97532,0.976
2012-09-13T06:00:00+01:00,0.97602,0.97726,0.97598,0.9767
2012-09-13T10:00:00+01:00,0.97669,0.97693,0.97508,0.97571
2012-09-13T14:00:00+01:00,0.97572,0.97741,0.97231,0.97257
2012-09-13T18:00:00+01:00,0.97257,0.97272,0.96656,0.96847
2012-09-13T22:00:00+01:00,0.96844,0.96938,0.96806,0.96819
2012-09-14T02:00:00+01:00,0.9682,0.9682,0.96523,0.9654
2012-09-14T06:00:00+01:00,0.96542,0.96665,0.96503,0.96596
2012-09-14T10:00:00+01:00,0.96596,0.96806,0.96333,0.96754
2012-09-14T14:00:00+01:00,0.96752,0.97106,0.96566,0.96993
2012-09-14T18:00:00+01:00,0.9699,0.97228,0.96989,0.97142
2012-09-16T22:00:00+01:00,0.97036,0.97206,0.96966,0.97043
2012-09-17T02:00:00+01:00,0.97045,0.971,0.96937,0.97018
2012-09-17T06:00:00+01:00,0.97019,0.97238,0.96942,0.97196
2012-09-17T10:00:00+01:00,0.97198,0.97318,0.97042,0.97106
2012-09-17T14:00:00+01:00,0.97107,0.97382,0.97083,0.9725
2012-09-17T18:00:00+01:00,0.97253,0.97605,0.97249,0.97473
2012-09-17T22:00:00+01:00,0.97474,0.97527,0.97422,0.97484
2012-09-18T02:00:00+01:00,0.97483,0.97525,0.9731,0.97445
2012-09-18T06:00:00+01:00,0.97444,0.97598,0.97402,0.97515
2012-09-18T10:00:00+01:00,0.97513,0.9766,0.97331,0.97444
2012-09-18T14:00:00+01:00,0.97443,0.97629,0.97385,0.97416
2012-09-18T18:00:00+01:00,0.97416,0.97555,0.97389,0.97423
2012-09-18T22:00:00+01:00,0.97425,0.97578,0.97403,0.9753
2012-09-19T02:00:00+01:00,0.9753,0.97563,0.97275,0.97287
2012-09-19T06:00:00+01:00,0.97287,0.97471,0.97257,0.97454
2012-09-19T10:00:00+01:00,0.97457,0.97514,0.9733,0.97412
2012-09-19T14:00:00+01:00,0.9741,0.97644,0.9732,0.97435
2012-09-19T18:00:00+01:00,0.97436,0.97581,0.97384,0.97454
2012-09-19T22:00:00+01:00,0.97453,0.97586,0.97443,0.97528
2012-09-20T02:00:00+01:00,0.97528,0.97811,0.97499,0.97803
2012-09-20T06:00:00+01:00,0.97804,0.98116,0.97787,0.9784
2012-09-20T10:00:00+01:00,0.97841,0.98062,0.97796,0.98023
2012-09-20T14:00:00+01:00,0.98026,0.98165,0.97706,0.97808
2012-09-20T18:00:00+01:00,0.97809,0.97836,0.97622,0.97679
2012-09-20T22:00:00+01:00,0.9769,0.97708,0.97481,0.97566
2012-09-21T02:00:00+01:00,0.97567,0.97618,0.97403,0.97422
2012-09-21T06:00:00+01:00,0.97423,0.97605,0.97319,0.97392
2012-09-21T10:00:00+01:00,0.97391,0.97581,0.97321,0.97419
2012-09-21T14:00:00+01:00,0.9742,0.97647,0.9742,0.97618
2012-09-21T18:00:00+01:00,0.97618,0.97797,0.97608,0.97649
2012-09-23T22:00:00+01:00,0.97539,0.97821,0.97539,0.97813
2012-09-24T02:00:00+01:00,0.97812,0.98002,0.97812,0.97869
2012-09-24T06:00:00+01:00,0.97869,0.98011,0.97815,0.98003
2012-09-24T10:00:00+01:00,0.98005,0.98184,0.98001,0.98099
2012-09-24T14:00:00+01:00,0.981,0.98111,0.97905,0.97908
2012-09-24T18:00:00+01:00,0.97907,0.98023,0.97828,0.97869
2012-09-24T22:00:00+01:00,0.97864,0.97962,0.97811,0.97925
2012-09-25T02:00:00+01:00,0.97925,0.97948,0.97802,0.9794
2012-09-25T06:00:00+01:00,0.9794,0.9806,0.9782,0.97989
2012-09-25T10:00:00+01:00,0.9799,0.98095,0.97645,0.97744
2012-09-25T14:00:00+01:00,0.97745,0.97889,0.97567,0.97848
2012-09-25T18:00:00+01:00,0.9785,0.98116,0.97828,0.98066
2012-09-25T22:00:00+01:00,0.98068,0.98151,0.98004,0.98066
2012-09-26T02:00:00+01:00,0.98068,0.98178,0.98006,0.9815
2012-09-26T06:00:00+01:00,0.98149,0.98283,0.98087,0.98176
2012-09-26T10:00:00+01:00,0.98176,0.98439,0.98047,0.9833
2012-09-26T14:00:00+01:00,0.9833,0.98564,0.9824,0.98396
2012-09-26T18:00:00+01:00,0.98395,0.98602,0.98372,0.98555
2012-09-26T22:00:00+01:00,0.98552,0.9856,0.98409,0.98455
2012-09-27T02:00:00+01:00,0.98455,0.98456,0.98281,0.98304
2012-09-27T06:00:00+01:00,0.98303,0.98382,0.98198,0.9835
2012-09-27T10:00:00+01:00,0.9835,0.98473,0.98233,0.98473
2012-09-27T14:00:00+01:00,0.98474,0.98541,0.97979,0.98078
2012-09-27T18:00:00+01:00,0.98077,0.98113,0.97917,0.98059
2012-09-27T22:00:00+01:00,0.98059,0.98124,0.98,0.98042
2012-09-28T02:00:00+01:00,0.98041,0.98111,0.97881,0.97886
2012-09-28T06:00:00+01:00,0.97887,0.97948,0.97861,0.97863
2012-09-28T10:00:00+01:00,0.97864,0.98212,0.97815,0.98174
2012-09-28T14:00:00+01:00,0.98175,0.9852,0.98042,0.98374
2012-09-28T18:00:00+01:00,0.98373,0.98439,0.98257,0.98375
2012-09-30T22:00:00+01:00,0.98405,0.98529,0.98344,0.98382
2012-10-01T02:00:00+01:00,0.98384,0.98542,0.98359,0.98497
2012-10-01T06:00:00+01:00,0.98497,0.98504,0.98165,0.98167
2012-10-01T10:00:00+01:00,0.98167,0.98388,0.98133,0.98218
2012-10-01T14:00:00+01:00,0.98219,0.98429,0.97982,0.98308
2012-10-01T18:00:00+01:00,0.98307,0.98413,0.98196,0.98233
2012-10-01T22:00:00+01:00,0.98222,0.98297,0.98162,0.98194
2012-10-02T02:00:00+01:00,0.98196,0.98273,0.98153,0.98189
2012-10-02T06:00:00+01:00,0.9819,0.9832,0.9812,0.98167
2012-10-02T10:00:00+01:00,0.98167,0.98309,0.9813,0.98192
2012-10-02T14:00:00+01:00,0.98193,0.98412,0.98168,0.98276
2012-10-02T18:00:00+01:00,0.98276,0.98435,0.98257,0.98418
2012-10-02T22:00:00+01:00,0.98415,0.98443,0.98399,0.98428
2012-10-03T02:00:00+01:00,0.98428,0.98514,0.98418,0.98443
2012-10-03T06:00:00+01:00,0.98443,0.98775,0.9842,0.98708
2012-10-03T10:00:00+01:00,0.9871,0.98835,0.98541,0.98805
2012-10-03T14:00:00+01:00,0.98805,0.98845,0.98616,0.98616
2012-10-03T18:00:00+01:00,0.98616,0.98846,0.98615,0.9876
2012-10-03T22:00:00+01:00,0.98761,0.98798,0.98626,0.98692
2012-10-04T02:00:00+01:00,0.98692,0.98771,0.98592,0.98597
2012-10-04T06:00:00+01:00,0.98598,0.98676,0.98535,0.9864
2012-10-04T10:00:00+01:00,0.9864,0.9872,0.98531,0.98542
2012-10-04T14:00:00+01:00,0.98542,0.98557,0.981,0.98126
2012-10-04T18:00:00+01:00,0.98125,0.98133,0.98004,0.98036
2012-10-04T22:00:00+01:00,0.98042,0.98118,0.98014,0.98087
2012-10-05T02:00:00+01:00,0.98088,0.98097,0.98005,0.98015
2012-10-05T06:00:00+01:00,0.98015,0.98076,0.98002,0.98057
2012-10-05T10:00:00+01:00,0.98057,0.98124,0.97413,0.97477
2012-10-05T14:00:00+01:00,0.97476,0.97729,0.97354,0.9765
2012-10-05T18:00:00+01:00,0.97652,0.98026,0.9763,0.97865
2012-10-07T22:00:00+01:00,0.97759,0.97869,0.97724,0.97737
2012-10-08T02:00:00+01:00,0.97736,0.97853,0.97708,0.97793
2012-10-08T06:00:00+01:00,0.97792,0.97991,0.9773,0.9785
2012-10-08T10:00:00+01:00,0.97852,0.98006,0.97779,0.97928
2012-10-08T14:00:00+01:00,0.97928,0.97933,0.97515,0.97558
2012-10-08T18:00:00+01:00,0.97558,0.97727,0.97543,0.97691
2012-10-08T22:00:00+01:00,0.97695,0.97732,0.97548,0.97561
2012-10-09T02:00:00+01:00,0.97559,0.97592,0.97457,0.97501
2012-10-09T06:00:00+01:00,0.975,0.9771,0.97482,0.97591
2012-10-09T10:00:00+01:00,0.97589,0.97715,0.97446,0.97604
2012-10-09T14:00:00+01:00,0.97606,0.9808,0.97562,0.97878
2012-10-09T18:00:00+01:00,0.97879,0.97924,0.9772,0.9783
2012-10-09T22:00:00+01:00,0.9783,0.97967,0.97799,0.97932
2012-10-10T02:00:00+01:00,0.97932,0.97989,0.97828,0.9785
2012-10-10T06:00:00+01:00,0.9785,0.9793,0.9776,0.97809
2012-10-10T10:00:00+01:00,0.97812,0.97924,0.97686,0.97852
2012-10-10T14:00:00+01:00,0.97852,0.98049,0.97786,0.97989
2012-10-10T18:00:00+01:00,0.97989,0.98183,0.97988,0.98175
2012-10-10T22:00:00+01:00,0.98177,0.98304,0.98134,0.9828
2012-10-11T02:00:00+01:00,0.98282,0.98351,0.98068,0.9809
2012-10-11T06:00:00+01:00,0.9809,0.98134,0.97862,0.97951
2012-10-11T10:00:00+01:00,0.97951,0.97992,0.97725,0.97762
2012-10-11T14:00:00+01:00,0.97764,0.97869,0.97635,0.97771
2012-10-11T18:00:00+01:00,0.97771,0.97927,0.97735,0.97859
2012-10-11T22:00:00+01:00,0.97858,0.97879,0.97769,0.97829
2012-10-12T02:00:00+01:00,0.9783,0.97886,0.97754,0.97865
2012-10-12T06:00:00+01:00,0.97865,0.97896,0.97756,0.97813
2012-10-12T10:00:00+01:00,0.97812,0.97874,0.97682,0.97853
2012-10-12T14:00:00+01:00,0.97853,0.9809,0.97833,0.97995
2012-10-12T18:00:00+01:00,0.97995,0.98027,0.97911,0.9802
2012-10-14T22:00:00+01:00,0.97891,0.98107,0.97819,0.98087
2012-10-15T02:00:00+01:00,0.98086,0.98111,0.98019,0.98071
2012-10-15T06:00:00+01:00,0.98072,0.98088,0.97828,0.97845
2012-10-15T10:00:00+01:00,0.97846,0.97881,0.97694,0.97816
2012-10-15T14:00:00+01:00,0.97816,0.98115,0.97752,0.97866
2012-10-15T18:00:00+01:00,0.97866,0.98076,0.97805,0.98074
2012-10-15T22:00:00+01:00,0.98064,0.98235,0.98048,0.98221
2012-10-16T02:00:00+01:00,0.98223,0.98253,0.98079,0.98116
2012-10-16T06:00:00+01:00,0.98116,0.98164,0.98025,0.98154
2012-10-16T10:00:00+01:00,0.98157,0.98789,0.98137,0.98628
2012-10-16T14:00:00+01:00,0.98629,0.98683,0.98464,0.98562
2012-10-16T18:00:00+01:00,0.98562,0.98751,0.98551,0.98665
2012-10-16T22:00:00+01:00,0.98669,0.98707,0.98557,0.98687
2012-10-17T02:00:00+01:00,0.98687,0.98712,0.98594,0.98698
2012-10-17T06:00:00+01:00,0.98697,0.98714,0.9853,0.98643
2012-10-17T10:00:00+01:00,0.98643,0.98666,0.98188,0.98192
2012-10-17T14:00:00+01:00,0.98196,0.98372,0.97902,0.97996
2012-10-17T18:00:00+01:00,0.97996,0.98013,0.97725,0.97785
2012-10-17T22:00:00+01:00,0.97789,0.97898,0.97758,0.97896
2012-10-18T02:00:00+01:00,0.97896,0.97908,0.97644,0.97771
2012-10-18T06:00:00+01:00,0.97771,0.97921,0.97716,0.97828
2012-10-18T10:00:00+01:00,0.97832,0.98049,0.97724,0.98036
2012-10-18T14:00:00+01:00,0.98035,0.98283,0.97955,0.98165
2012-10-18T18:00:00+01:00,0.98165,0.98595,0.98134,0.9853
2012-10-18T22:00:00+01:00,0.9853,0.98586,0.98447,0.98538
2012-10-19T02:00:00+01:00,0.98539,0.98586,0.98487,0.98532
2012-10-19T06:00:00+01:00,0.98532,0.98755,0.98503,0.98742
2012-10-19T10:00:00+01:00,0.98741,0.99051,0.9868,0.98857
2012-10-19T14:00:00+01:00,0.98857,0.99389,0.98835,0.99331
2012-10-19T18:00:00+01:00,0.99333,0.99397,0.99243,0.9936
2012-10-21T22:00:00+01:00,0.99432,0.99493,0.99362,0.99398
2012-10-22T02:00:00+01:00,0.99399,0.99399,0.99224,0.99226
2012-10-22T06:00:00+01:00,0.99225,0.99453,0.99184,0.99364
2012-10-22T10:00:00+01:00,0.99363,0.99643,0.99238,0.99585
2012-10-22T14:00:00+01:00,0.99586,0.99643,0.99289,0.99386
2012-10-22T18:00:00+01:00,0.99385,0.995,0.99171,0.99214
2012-10-22T22:00:00+01:00,0.99214,0.99292,0.99174,0.9924
2012-10-23T02:00:00+01:00,0.9924,0.99297,0.99213,0.99248
2012-10-23T06:00:00+01:00,0.99249,0.99538,0.99242,0.9947
2012-10-23T10:00:00+01:00,0.99473,0.99762,0.9944,0.99687
2012-10-23T14:00:00+01:00,0.99691,0.99714,0.99009,0.99282
2012-10-23T18:00:00+01:00,0.99283,0.99406,0.99223,0.99241
2012-10-23T22:00:00+01:00,0.99241,0.99296,0.99192,0.99202
2012-10-24T02:00:00+01:00,0.99201,0.99227,0.99109,0.99179
2012-10-24T06:00:00+01:00,0.9918,0.99285,0.99068,0.99092
2012-10-24T10:00:00+01:00,0.9909,0.99205,0.98906,0.98968
2012-10-24T14:00:00+01:00,0.9897,0.9956,0.9889,0.99416
2012-10-24T18:00:00+01:00,0.99417,0.99582,0.99321,0.99357
2012-10-24T22:00:00+01:00,0.99354,0.99488,0.99333,0.99389
2012-10-25T02:00:00+01:00,0.99391,0.99402,0.99274,0.99294
2012-10-25T06:00:00+01:00,0.99294,0.99383,0.99028,0.99131
2012-10-25T10:00:00+01:00,0.99129,0.99273,0.99055,0.99182
2012-10-25T14:00:00+01:00,0.99183,0.99495,0.99138,0.99365
2012-10-25T18:00:00+01:00,0.99369,0.99547,0.99335,0.99485
2012-10-25T22:00:00+01:00,0.99485,0.99536,0.99428,0.99474
2012-10-26T02:00:00+01:00,0.99472,0.99597,0.9945,0.99572
2012-10-26T06:00:00+01:00,0.99573,0.99675,0.99504,0.99607
2012-10-26T10:00:00+01:00,0.99607,0.99787,0.99486,0.99575
2012-10-26T14:00:00+01:00,0.99575,0.99943,0.99423,0.99823
2012-10-26T18:00:00+01:00,0.99824,0.99898,0.99689,0.99701
2012-10-28T21:00:00+00:00,0.99774,0.99954,0.99718,0.99929
2012-10-29T01:00:00+00:00,0.9993,0.99937,0.99802,0.99866
2012-10-29T05:00:00+00:00,0.99866,0.99964,0.99833,0.99933
2012-10-29T09:00:00+00:00,0.99932,0.99999,0.99863,0.99975
2012-10-29T13:00:00+00:00,0.99975,1.00083,0.99954,1.00033
2012-10-29T17:00:00+00:00,1.00032,1.00117,0.99974,1.00104
2012-10-29T21:00:00+00:00,1.00103,1.00131,1.0006,1.00064
2012-10-30T01:00:00+00:00,1.00062,1.00192,1.00052,1.00131
2012-10-30T05:00:00+00:00,1.0013,1.00195,0.99996,1.00051
2012-10-30T09:00:00+00:00,1.00051,1.00095,0.99978,1.00036
2012-10-30T13:00:00+00:00,1.00036,1.00055,0.99838,0.99983
2012-10-30T17:00:00+00:00,0.99985,1.00035,0.99896,0.99933
2012-10-30T21:00:00+00:00,0.99928,0.99991,0.99887,0.99958
2012-10-31T01:00:00+00:00,0.99957,0.99979,0.99877,0.9991
2012-10-31T05:00:00+00:00,0.9991,0.99968,0.99766,0.99791
2012-10-31T09:00:00+00:00,0.99792,1.00123,0.99605,1.00098
2012-10-31T13:00:00+00:00,1.00099,1.00144,0.99929,0.99933
2012-10-31T17:00:00+00:00,0.99934,1.00044,0.99861,0.99944
2012-10-31T21:00:00+00:00,0.99944,1.00035,0.99938,0.99968
2012-11-01T01:00:00+00:00,0.99967,1.00074,0.9996,1.00048
2012-11-01T05:00:00+00:00,1.00045,1.00135,0.99957,1.00038
2012-11-01T09:00:00+00:00,1.00038,1.00089,0.99917,0.99983
2012-11-01T13:00:00+00:00,0.99982,1.00014,0.9963,0.99749
2012-11-01T17:00:00+00:00,0.99748,0.99762,0.996,0.99653
2012-11-01T21:00:00+00:00,0.99643,0.99723,0.99634,0.99715
2012-11-02T01:00:00+00:00,0.99713,0.9974,0.99611,0.99633
2012-11-02T05:00:00+00:00,0.99633,0.99762,0.99628,0.99757
2012-11-02T09:00:00+00:00,0.9976,0.9985,0.99374,0.99425
2012-11-02T13:00:00+00:00,0.99423,0.99686,0.99362,0.99418
2012-11-02T17:00:00+00:00,0.9942,0.99612,0.99219,0.99582
2012-11-04T22:00:00+00:00,0.99572,0.99597,0.99456,0.99472
2012-11-05T02:00:00+00:00,0.99473,0.99527,0.99414,0.9942
2012-11-05T06:00:00+00:00,0.99421,0.9968,0.99408,0.99657
2012-11-05T10:00:00+00:00,0.99659,0.99756,0.99571,0.99732
2012-11-05T14:00:00+00:00,0.99732,0.99772,0.99584,0.99707
2012-11-05T18:00:00+00:00,0.99707,0.99716,0.99627,0.99633
2012-11-05T22:00:00+00:00,0.99637,0.99679,0.99567,0.99659
2012-11-06T02:00:00+00:00,0.99659,0.99676,0.99493,0.99561
2012-11-06T06:00:00+00:00,0.9956,0.99584,0.99412,0.99433
2012-11-06T10:00:00+00:00,0.99433,0.99463,0.99281,0.9934
2012-11-06T14:00:00+00:00,0.99341,0.99524,0.99284,0.9932
2012-11-06T18:00:00+00:00,0.9932,0.99334,0.99113,0.99216
2012-11-06T22:00:00+00:00,0.99216,0.99361,0.99195,0.99345
2012-11-07T02:00:00+00:00,0.99344,0.99371,0.9893,0.98965
2012-11-07T06:00:00+00:00,0.98965,0.98971,0.98747,0.98833
2012-11-07T10:00:00+00:00,0.98834,0.99385,0.98791,0.99323
2012-11-07T14:00:00+00:00,0.99323,0.99833,0.99299,0.99712
2012-11-07T18:00:00+00:00,0.99713,0.99746,0.9959,0.99672
2012-11-07T22:00:00+00:00,0.99667,0.99718,0.99574,0.9968
2012-11-08T02:00:00+00:00,0.99682,0.99788,0.99635,0.99713
2012-11-08T06:00:00+00:00,0.99713,0.99774,0.99607,0.99765
2012-11-08T10:00:00+00:00,0.99767,0.99801,0.99565,0.99592
2012-11-08T14:00:00+00:00,0.99593,0.99948,0.99479,0.99829
2012-11-08T18:00:00+00:00,0.9983,1.00043,0.9983,1.00031
2012-11-08T22:00:00+00:00,1.00033,1.00096,0.99989,1.00036
2012-11-09T02:00:00+00:00,1.0004,1.0004,0.99843,0.99881
2012-11-09T06:00:00+00:00,0.99882,1.0002,0.99832,0.99927
2012-11-09T10:00:00+00:00,0.99928,1.00337,0.99921,1.00218
2012-11-09T14:00:00+00:00,1.00218,1.00231,0.99933,0.99988
2012-11-09T18:00:00+00:00,0.99987,1.00175,0.99944,1.00162
2012-11-11T22:00:00+00:00,1.0001,1.00054,0.99931,0.99962
2012-11-12T02:00:00+00:00,0.9996,1.00002,0.99862,0.99882
2012-11-12T06:00:00+00:00,0.99882,0.99986,0.99851,0.99923
2012-11-12T10:00:00+00:00,0.99923,1.0004,0.99867,0.99917
2012-11-12T14:00:00+00:00,0.99917,1.00067,0.99891,0.9996
2012-11-12T18:00:00+00:00,0.99961,0.99998,0.99911,0.99986
2012-11-12T22:00:00+00:00,0.99983,1.00042,0.99962,0.99997
2012-11-13T02:00:00+00:00,0.99999,1.00076,0.99981,1.00047
2012-11-13T06:00:00+00:00,1.00046,1.00213,0.99991,1.00046
2012-11-13T10:00:00+00:00,1.00049,1.00258,0.99913,1.00207
2012-11-13T14:00:00+00:00,1.00207,1.00356,1.00058,1.00183
2012-11-13T18:00:00+00:00,1.00185,1.00245,1.00126,1.00212
2012-11-13T22:00:00+00:00,1.00206,1.00245,1.00141,1.00176
2012-11-14T02:00:00+00:00,1.00175,1.00185,1.00082,1.00098
2012-11-14T06:00:00+00:00,1.00097,1.00124,0.99984,0.99999
2012-11-14T10:00:00+00:00,1,1.00196,0.99989,1.00181
2012-11-14T14:00:00+00:00,1.00182,1.00345,1.00056,1.00249
2012-11-14T18:00:00+00:00,1.00249,1.00407,1.00199,1.00394
2012-11-14T22:00:00+00:00,1.00394,1.00419,1.00213,1.00229
2012-11-15T02:00:00+00:00,1.0023,1.00292,1.00194,1.0025
2012-11-15T06:00:00+00:00,1.00251,1.00314,1.00072,1.0013
2012-11-15T10:00:00+00:00,1.00131,1.00273,1.00054,1.00217
2012-11-15T14:00:00+00:00,1.00219,1.00344,1.00092,1.00305
2012-11-15T18:00:00+00:00,1.00305,1.00316,1.00082,1.00097
2012-11-15T22:00:00+00:00,1.00099,1.00127,1.00028,1.0006
2012-11-16T02:00:00+00:00,1.0006,1.00133,1.00023,1.00086
2012-11-16T06:00:00+00:00,1.00088,1.00188,0.99971,1.00151
2012-11-16T10:00:00+00:00,1.00151,1.00233,0.99994,1.00065
2012-11-16T14:00:00+00:00,1.00065,1.00571,1.00033,1.00148
2012-11-16T18:00:00+00:00,1.00146,1.00226,1.00034,1.00119
2012-11-18T22:00:00+00:00,1.00047,1.00181,1.0001,1.00039
2012-11-19T02:00:00+00:00,1.00039,1.00068,0.99967,1.00068
2012-11-19T06:00:00+00:00,1.00069,1.00076,0.99922,0.99927
2012-11-19T10:00:00+00:00,0.99927,0.99965,0.99653,0.99689
2012-11-19T14:00:00+00:00,0.99689,0.99723,0.99548,0.99701
2012-11-19T18:00:00+00:00,0.997,0.99726,0.99615,0.99628
2012-11-19T22:00:00+00:00,0.99639,0.99722,0.99614,0.99657
2012-11-20T02:00:00+00:00,0.99659,0.99669,0.99572,0.99603
2012-11-20T06:00:00+00:00,0.99603,0.99774,0.99603,0.99768
2012-11-20T10:00:00+00:00,0.99768,0.99779,0.99558,0.99674
2012-11-20T14:00:00+00:00,0.99677,0.99825,0.99615,0.99777
2012-11-20T18:00:00+00:00,0.99777,0.99911,0.99679,0.99682
2012-11-20T22:00:00+00:00,0.99683,0.99747,0.99581,0.9968
2012-11-21T02:00:00+00:00,0.99681,0.99921,0.99649,0.9984
2012-11-21T06:00:00+00:00,0.99841,0.99873,0.99679,0.99771
2012-11-21T10:00:00+00:00,0.99771,0.99804,0.99646,0.99711
2012-11-21T14:00:00+00:00,0.9971,0.99854,0.99657,0.99667
2012-11-21T18:00:00+00:00,0.9967,0.99711,0.9963,0.99634
2012-11-21T22:00:00+00:00,0.9964,0.99669,0.9956,0.99604
2012-11-22T02:00:00+00:00,0.99603,0.99652,0.99572,0.99613
2012-11-22T06:00:00+00:00,0.99614,0.99707,0.99554,0.99691
2012-11-22T10:00:00+00:00,0.9969,0.99742,0.99528,0.99735
2012-11-22T14:00:00+00:00,0.99737,0.99823,0.99666,0.99756
2012-11-22T18:00:00+00:00,0.99756,0.99777,0.99683,0.99724
2012-11-22T22:00:00+00:00,0.99721,0.99795,0.99696,0.99777
2012-11-23T02:00:00+00:00,0.99776,0.9982,0.99751,0.99777
2012-11-23T06:00:00+00:00,0.99774,0.99807,0.99674,0.99714
2012-11-23T10:00:00+00:00,0.99716,0.99755,0.99634,0.99726
2012-11-23T14:00:00+00:00,0.99727,0.99775,0.99155,0.99169
2012-11-23T18:00:00+00:00,0.99165,0.99304,0.99155,0.99284
2012-11-25T22:00:00+00:00,0.99262,0.99377,0.99218,0.99343
2012-11-26T02:00:00+00:00,0.99343,0.99358,0.99186,0.99241
2012-11-26T06:00:00+00:00,0.99241,0.99376,0.99179,0.99344
2012-11-26T10:00:00+00:00,0.99345,0.99416,0.9927,0.99396
2012-11-26T14:00:00+00:00,0.99399,0.99604,0.99347,0.99374
2012-11-26T18:00:00+00:00,0.99374,0.99463,0.99337,0.99344
2012-11-26T22:00:00+00:00,0.99342,0.99345,0.99228,0.9929
2012-11-27T02:00:00+00:00,0.99291,0.9933,0.9925,0.99276
2012-11-27T06:00:00+00:00,0.99276,0.99311,0.99195,0.99205
2012-11-27T10:00:00+00:00,0.99204,0.99273,0.99062,0.99108
2012-11-27T14:00:00+00:00,0.99106,0.99465,0.9909,0.99294
2012-11-27T18:00:00+00:00,0.99295,0.99486,0.99278,0.99452
2012-11-27T22:00:00+00:00,0.99455,0.99488,0.99392,0.99476
2012-11-28T02:00:00+00:00,0.99476,0.99503,0.99368,0.99447
2012-11-28T06:00:00+00:00,0.99448,0.99471,0.99305,0.99372
2012-11-28T10:00:00+00:00,0.99373,0.99552,0.9934,0.99535
2012-11-28T14:00:00+00:00,0.99534,0.99611,0.99206,0.99256
2012-11-28T18:00:00+00:00,0.99256,0.99336,0.99184,0.99208
2012-11-28T22:00:00+00:00,0.99208,0.99231,0.99174,0.99203
2012-11-29T02:00:00+00:00,0.99204,0.9922,0.99162,0.99191
2012-11-29T06:00:00+00:00,0.99191,0.9928,0.99123,0.99164
2012-11-29T10:00:00+00:00,0.99165,0.99319,0.99124,0.99314
2012-11-29T14:00:00+00:00,0.99314,0.99391,0.99155,0.99266
2012-11-29T18:00:00+00:00,0.99264,0.99324,0.99201,0.99247
2012-11-29T22:00:00+00:00,0.99251,0.9934,0.99235,0.99308
2012-11-30T02:00:00+00:00,0.99305,0.99336,0.99255,0.9927
2012-11-30T06:00:00+00:00,0.99274,0.99322,0.99221,0.99277
2012-11-30T10:00:00+00:00,0.99275,0.99522,0.99218,0.99308
2012-11-30T14:00:00+00:00,0.99307,0.99461,0.99245,0.99299
2012-11-30T18:00:00+00:00,0.99298,0.99454,0.99221,0.99431
2012-12-02T22:00:00+00:00,0.99348,0.99431,0.99218,0.99227
2012-12-03T02:00:00+00:00,0.99228,0.99321,0.99196,0.99287
2012-12-03T06:00:00+00:00,0.99288,0.99347,0.99206,0.99344
2012-12-03T10:00:00+00:00,0.99341,0.99364,0.99151,0.99274
2012-12-03T14:00:00+00:00,0.99273,0.99456,0.99256,0.99374
2012-12-03T18:00:00+00:00,0.99374,0.99531,0.99372,0.99513
2012-12-03T22:00:00+00:00,0.99513,0.99517,0.99436,0.99516
2012-12-04T02:00:00+00:00,0.99516,0.99545,0.99428,0.99519
2012-12-04T06:00:00+00:00,0.9952,0.99529,0.99345,0.99397
2012-12-04T10:00:00+00:00,0.99397,0.99506,0.99353,0.99486
2012-12-04T14:00:00+00:00,0.99489,0.99496,0.99152,0.99216
2012-12-04T18:00:00+00:00,0.99216,0.99334,0.99216,0.99284
2012-12-04T22:00:00+00:00,0.99273,0.99335,0.99239,0.9926
2012-12-05T02:00:00+00:00,0.9926,0.99272,0.99162,0.99187
2012-12-05T06:00:00+00:00,0.99188,0.99236,0.99109,0.99234
2012-12-05T10:00:00+00:00,0.99235,0.99273,0.99128,0.99267
2012-12-05T14:00:00+00:00,0.99267,0.99416,0.99083,0.99116
2012-12-05T18:00:00+00:00,0.99115,0.99205,0.99088,0.99169
2012-12-05T22:00:00+00:00,0.99167,0.99249,0.99133,0.99222
2012-12-06T02:00:00+00:00,0.99221,0.99267,0.99177,0.99235
2012-12-06T06:00:00+00:00,0.99234,0.99257,0.99053,0.9906
2012-12-06T10:00:00+00:00,0.9906,0.99188,0.99053,0.99119
2012-12-06T14:00:00+00:00,0.99122,0.99201,0.98925,0.99188
2012-12-06T18:00:00+00:00,0.99186,0.99198,0.99095,0.99139
2012-12-06T22:00:00+00:00,0.99135,0.99182,0.99117,0.99118
2012-12-07T02:00:00+00:00,0.99119,0.99161,0.99103,0.9913
2012-12-07T06:00:00+00:00,0.9913,0.99218,0.99088,0.99209
2012-12-07T10:00:00+00:00,0.99209,0.99337,0.98779,0.98815
2012-12-07T14:00:00+00:00,0.98817,0.98954,0.98766,0.98926
2012-12-07T18:00:00+00:00,0.98924,0.99113,0.98819,0.98843
2012-12-09T22:00:00+00:00,0.98755,0.9876,0.98656,0.98694
2012-12-10T02:00:00+00:00,0.98693,0.988,0.98685,0.98773
2012-12-10T06:00:00+00:00,0.98773,0.98884,0.9871,0.98832
2012-12-10T10:00:00+00:00,0.98832,0.98838,0.98673,0.98794
2012-12-10T14:00:00+00:00,0.98794,0.98857,0.98699,0.98714
2012-12-10T18:00:00+00:00,0.98716,0.98765,0.98631,0.98632
2012-12-10T22:00:00+00:00,0.98628,0.98713,0.98619,0.98688
2012-12-11T02:00:00+00:00,0.98687,0.98726,0.9862,0.98636
2012-12-11T06:00:00+00:00,0.98637,0.98803,0.98626,0.98729
2012-12-11T10:00:00+00:00,0.98728,0.98794,0.98577,0.98635
2012-12-11T14:00:00+00:00,0.98633,0.98738,0.98596,0.98626
2012-12-11T18:00:00+00:00,0.98626,0.98686,0.98604,0.98617
2012-12-11T22:00:00+00:00,0.98618,0.98647,0.98585,0.98597
2012-12-12T02:00:00+00:00,0.98598,0.98655,0.98589,0.98646
2012-12-12T06:00:00+00:00,0.98647,0.9866,0.98535,0.98547
2012-12-12T10:00:00+00:00,0.98547,0.98628,0.98534,0.98577
2012-12-12T14:00:00+00:00,0.98575,0.98603,0.98267,0.98334
2012-12-12T18:00:00+00:00,0.98332,0.98498,0.98266,0.98447
2012-12-12T22:00:00+00:00,0.98445,0.98487,0.98416,0.98466
2012-12-13T02:00:00+00:00,0.98466,0.98483,0.98374,0.98393
2012-12-13T06:00:00+00:00,0.98392,0.98408,0.98295,0.98311
2012-12-13T10:00:00+00:00,0.9831,0.98402,0.98253,0.98302
2012-12-13T14:00:00+00:00,0.983,0.98542,0.98269,0.98479
2012-12-13T18:00:00+00:00,0.98479,0.9856,0.98446,0.98484
2012-12-13T22:00:00+00:00,0.98484,0.98509,0.98412,0.98419
2012-12-14T02:00:00+00:00,0.98418,0.98426,0.98356,0.98371
2012-12-14T06:00:00+00:00,0.98371,0.98477,0.98326,0.98389
2012-12-14T10:00:00+00:00,0.98389,0.98516,0.98388,0.98478
2012-12-14T14:00:00+00:00,0.98477,0.98659,0.98436,0.98563
2012-12-14T18:00:00+00:00,0.98563,0.98649,0.98555,0.98558
2012-12-16T22:00:00+00:00,0.98632,0.98662,0.98515,0.98584
2012-12-17T02:00:00+00:00,0.98583,0.98652,0.98563,0.98606
2012-12-17T06:00:00+00:00,0.98604,0.98728,0.98604,0.98686
2012-12-17T10:00:00+00:00,0.98687,0.98816,0.98459,0.98496
2012-12-17T14:00:00+00:00,0.98497,0.98523,0.98357,0.98436
2012-12-17T18:00:00+00:00,0.98436,0.98513,0.98335,0.98348
2012-12-17T22:00:00+00:00,0.98347,0.98435,0.98337,0.98361
2012-12-18T02:00:00+00:00,0.98362,0.98362,0.98313,0.98357
2012-12-18T06:00:00+00:00,0.98355,0.98443,0.9833,0.98401
2012-12-18T10:00:00+00:00,0.98401,0.98497,0.98371,0.98473
2012-12-18T14:00:00+00:00,0.98473,0.98549,0.98413,0.98534
2012-12-18T18:00:00+00:00,0.98533,0.98594,0.98524,0.98569
2012-12-18T22:00:00+00:00,0.9857,0.9865,0.98537,0.98645
2012-12-19T02:00:00+00:00,0.98645,0.98677,0.98596,0.9861
2012-12-19T06:00:00+00:00,0.98611,0.98641,0.9852,0.98557
2012-12-19T10:00:00+00:00,0.98557,0.98738,0.98496,0.98714
2012-12-19T14:00:00+00:00,0.98716,0.98816,0.9863,0.98737
2012-12-19T18:00:00+00:00,0.98735,0.9888,0.98674,0.98872
2012-12-19T22:00:00+00:00,0.98868,0.9892,0.98845,0.98906
2012-12-20T02:00:00+00:00,0.98906,0.98929,0.98863,0.98879
2012-12-20T06:00:00+00:00,0.9888,0.98893,0.98776,0.98893
2012-12-20T10:00:00+00:00,0.98894,0.98958,0.98792,0.98801
2012-12-20T14:00:00+00:00,0.98801,0.98965,0.98697,0.98747
2012-12-20T18:00:00+00:00,0.98747,0.98811,0.98712,0.98769
2012-12-20T22:00:00+00:00,0.98771,0.98968,0.98733,0.98947
2012-12-21T02:00:00+00:00,0.98947,0.98996,0.9891,0.98982
2012-12-21T06:00:00+00:00,0.98982,0.99121,0.98941,0.99062
2012-12-21T10:00:00+00:00,0.99063,0.99286,0.99026,0.99238
2012-12-21T14:00:00+00:00,0.99237,0.99533,0.99216,0.99279
2012-12-21T18:00:00+00:00,0.9928,0.99432,0.99247,0.99321
2012-12-23T22:00:00+00:00,0.9936,0.9946,0.99308,0.99443
2012-12-24T02:00:00+00:00,0.99443,0.99453,0.99296,0.99297
2012-12-24T06:00:00+00:00,0.99298,0.99388,0.99231,0.99313
2012-12-24T10:00:00+00:00,0.99314,0.99371,0.99199,0.9928
2012-12-24T14:00:00+00:00,0.99278,0.99303,0.99103,0.99113
2012-12-24T18:00:00+00:00,0.99115,0.99322,0.99076,0.99292
2012-12-24T22:00:00+00:00,0.99302,0.99328,0.99179,0.99233
2012-12-25T02:00:00+00:00,0.99234,0.99311,0.99113,0.99262
2012-12-25T06:00:00+00:00,0.99277,0.99335,0.99173,0.9931
2012-12-25T14:00:00+00:00,0.9934,0.99351,0.99175,0.99203
2012-12-25T18:00:00+00:00,0.99192,0.99245,0.99117,0.9921
2012-12-25T22:00:00+00:00,0.99188,0.99255,0.99036,0.99134
2012-12-26T02:00:00+00:00,0.99135,0.99298,0.9911,0.99201
2012-12-26T06:00:00+00:00,0.99202,0.99313,0.99098,0.99312
2012-12-26T10:00:00+00:00,0.99314,0.99365,0.99203,0.99224
2012-12-26T14:00:00+00:00,0.99223,0.99511,0.99167,0.99436
2012-12-26T18:00:00+00:00,0.99435,0.9949,0.99385,0.99428
2012-12-26T22:00:00+00:00,0.99428,0.99439,0.99292,0.99324
2012-12-27T02:00:00+00:00,0.99326,0.9933,0.99246,0.99305
2012-12-27T06:00:00+00:00,0.99307,0.9931,0.99147,0.9916
2012-12-27T10:00:00+00:00,0.9916,0.99291,0.99089,0.99256
2012-12-27T14:00:00+00:00,0.99257,0.99542,0.99169,0.99487
2012-12-27T18:00:00+00:00,0.99486,0.99589,0.9942,0.99519
2012-12-27T22:00:00+00:00,0.9952,0.99543,0.99443,0.99482
2012-12-28T02:00:00+00:00,0.99484,0.99518,0.99443,0.9949
2012-12-28T06:00:00+00:00,0.99491,0.99566,0.99393,0.99493
2012-12-28T10:00:00+00:00,0.99494,0.9956,0.99418,0.99481
2012-12-28T14:00:00+00:00,0.99482,0.99682,0.99436,0.9949
2012-12-28T18:00:00+00:00,0.99489,0.99718,0.99479,0.99697
2012-12-30T22:00:00+00:00,0.99642,0.9965,0.99447,0.99492
2012-12-31T02:00:00+00:00,0.99493,0.99596,0.99415,0.99418
2012-12-31T06:00:00+00:00,0.99418,0.99531,0.99318,0.9943
2012-12-31T10:00:00+00:00,0.99428,0.99606,0.99418,0.99572
2012-12-31T14:00:00+00:00,0.99572,0.99711,0.99115,0.99489
2012-12-31T18:00:00+00:00,0.99488,0.99488,0.9919,0.99215
2012-12-31T22:00:00+00:00,0.99215,0.99329,0.99188,0.9919
2013-01-01T22:00:00+00:00,0.99331,0.99442,0.98862,0.98877
2013-01-02T02:00:00+00:00,0.98877,0.98877,0.98568,0.98747
2013-01-02T06:00:00+00:00,0.98748,0.98818,0.9849,0.98557
2013-01-02T10:00:00+00:00,0.98556,0.98616,0.98418,0.98462
2013-01-02T14:00:00+00:00,0.98462,0.9871,0.98368,0.98704
2013-01-02T18:00:00+00:00,0.98705,0.98714,0.98478,0.98498
2013-01-02T22:00:00+00:00,0.98498,0.98639,0.98467,0.98592
2013-01-03T02:00:00+00:00,0.98592,0.98696,0.98584,0.98649
2013-01-03T06:00:00+00:00,0.9865,0.98652,0.98463,0.98513
2013-01-03T10:00:00+00:00,0.98513,0.98681,0.98452,0.98464
2013-01-03T14:00:00+00:00,0.98464,0.98625,0.9843,0.98576
2013-01-03T18:00:00+00:00,0.98575,0.9884,0.98552,0.98781
2013-01-03T22:00:00+00:00,0.98774,0.9889,0.98748,0.98869
2013-01-04T02:00:00+00:00,0.98869,0.98967,0.98826,0.98842
2013-01-04T06:00:00+00:00,0.98842,0.99096,0.98829,0.99041
2013-01-04T10:00:00+00:00,0.99042,0.99235,0.98581,0.9865
2013-01-04T14:00:00+00:00,0.98649,0.98683,0.98485,0.98585
2013-01-04T18:00:00+00:00,0.98585,0.98792,0.98585,0.98715
2013-01-06T22:00:00+00:00,0.98657,0.98755,0.98605,0.98727
2013-01-07T02:00:00+00:00,0.98727,0.98835,0.98674,0.9879
2013-01-07T06:00:00+00:00,0.98791,0.9885,0.9865,0.98694
2013-01-07T10:00:00+00:00,0.98693,0.98742,0.98618,0.98681
2013-01-07T14:00:00+00:00,0.98681,0.98744,0.98539,0.98592
2013-01-07T18:00:00+00:00,0.98595,0.98651,0.98569,0.98591
2013-01-07T22:00:00+00:00,0.98591,0.98622,0.98565,0.98612
2013-01-08T02:00:00+00:00,0.98612,0.98731,0.98565,0.98701
2013-01-08T06:00:00+00:00,0.98701,0.98812,0.98503,0.98542
2013-01-08T10:00:00+00:00,0.98542,0.98701,0.98434,0.9864
2013-01-08T14:00:00+00:00,0.9864,0.98828,0.98612,0.98703
2013-01-08T18:00:00+00:00,0.98703,0.98735,0.98633,0.98667
2013-01-08T22:00:00+00:00,0.98667,0.98744,0.98609,0.9871
2013-01-09T02:00:00+00:00,0.98709,0.98767,0.9868,0.98682
2013-01-09T06:00:00+00:00,0.98683,0.98747,0.98605,0.98746
2013-01-09T10:00:00+00:00,0.98746,0.98808,0.98686,0.98709
2013-01-09T14:00:00+00:00,0.9871,0.9875,0.98554,0.98719
2013-01-09T18:00:00+00:00,0.98718,0.98784,0.98702,0.98761
2013-01-09T22:00:00+00:00,0.98762,0.98806,0.98733,0.98799
2013-01-10T02:00:00+00:00,0.98789,0.98789,0.98672,0.98677
2013-01-10T06:00:00+00:00,0.98678,0.9871,0.98543,0.98549
2013-01-10T10:00:00+00:00,0.98549,0.98674,0.98503,0.98569
2013-01-10T14:00:00+00:00,0.98569,0.98721,0.9852,0.9852
2013-01-10T18:00:00+00:00,0.9852,0.98599,0.98317,0.98318
2013-01-10T22:00:00+00:00,0.98316,0.98391,0.98284,0.98379
2013-01-11T02:00:00+00:00,0.98379,0.98405,0.98314,0.98367
2013-01-11T06:00:00+00:00,0.98367,0.98435,0.9826,0.98313
2013-01-11T10:00:00+00:00,0.98316,0.98428,0.98299,0.98335
2013-01-11T14:00:00+00:00,0.98335,0.98428,0.98158,0.98325
2013-01-11T18:00:00+00:00,0.98325,0.98542,0.98317,0.98479
2013-01-13T22:00:00+00:00,0.98453,0.98498,0.98392,0.98396
2013-01-14T02:00:00+00:00,0.98396,0.98432,0.98357,0.98381
2013-01-14T06:00:00+00:00,0.98382,0.98438,0.98324,0.98325
2013-01-14T10:00:00+00:00,0.98325,0.98647,0.98321,0.98535
2013-01-14T14:00:00+00:00,0.98534,0.98662,0.98377,0.98416
2013-01-14T18:00:00+00:00,0.98418,0.98445,0.98343,0.98374
2013-01-14T22:00:00+00:00,0.98374,0.98425,0.9832,0.98339
2013-01-15T02:00:00+00:00,0.98338,0.98442,0.98329,0.98412
2013-01-15T06:00:00+00:00,0.98412,0.98515,0.98355,0.98391
2013-01-15T10:00:00+00:00,0.98391,0.98667,0.98391,0.98554
2013-01-15T14:00:00+00:00,0.98555,0.98594,0.98359,0.98419
2013-01-15T18:00:00+00:00,0.98418,0.98514,0.98386,0.98429
2013-01-15T22:00:00+00:00,0.98428,0.98483,0.9838,0.98436
2013-01-16T02:00:00+00:00,0.98437,0.98569,0.98435,0.98527
2013-01-16T06:00:00+00:00,0.98528,0.98699,0.98457,0.98621
2013-01-16T10:00:00+00:00,0.98618,0.98775,0.98501,0.98748
2013-01-16T14:00:00+00:00,0.98748,0.98752,0.98489,0.98629
2013-01-16T18:00:00+00:00,0.98629,0.98645,0.98557,0.98595
2013-01-16T22:00:00+00:00,0.98595,0.98669,0.98535,0.98561
2013-01-17T02:00:00+00:00,0.98561,0.98738,0.98554,0.98682
2013-01-17T06:00:00+00:00,0.98682,0.98717,0.98617,0.98688
2013-01-17T10:00:00+00:00,0.98688,0.98857,0.98474,0.98523
2013-01-17T14:00:00+00:00,0.98524,0.98609,0.98446,0.98464
2013-01-17T18:00:00+00:00,0.98464,0.98583,0.98435,0.98579
2013-01-17T22:00:00+00:00,0.98577,0.98655,0.9854,0.98611
2013-01-18T02:00:00+00:00,0.98612,0.98724,0.98562,0.98667
2013-01-18T06:00:00+00:00,0.98668,0.98981,0.98663,0.98931
2013-01-18T10:00:00+00:00,0.98933,0.99103,0.98928,0.98998
2013-01-18T14:00:00+00:00,0.99001,0.99467,0.98999,0.99279
2013-01-18T18:00:00+00:00,0.99278,0.99293,0.99148,0.99174
2013-01-20T22:00:00+00:00,0.99197,0.99256,0.9915,0.99156
2013-01-21T02:00:00+00:00,0.99154,0.99212,0.99102,0.99164
2013-01-21T06:00:00+00:00,0.99164,0.99248,0.99113,0.99234
2013-01-21T10:00:00+00:00,0.99233,0.99354,0.99232,0.99274
2013-01-21T14:00:00+00:00,0.99275,0.99391,0.99235,0.99313
2013-01-21T18:00:00+00:00,0.99314,0.99357,0.99239,0.99284
2013-01-21T22:00:00+00:00,0.99289,0.99362,0.9925,0.99324
2013-01-22T02:00:00+00:00,0.99324,0.99325,0.99155,0.99172
2013-01-22T06:00:00+00:00,0.99172,0.99385,0.99094,0.993
2013-01-22T10:00:00+00:00,0.993,0.99456,0.99155,0.99338
2013-01-22T14:00:00+00:00,0.99338,0.99459,0.99273,0.99306
2013-01-22T18:00:00+00:00,0.99306,0.9932,0.99174,0.99185
2013-01-22T22:00:00+00:00,0.99186,0.99281,0.99174,0.99257
2013-01-23T02:00:00+00:00,0.99257,0.99302,0.99224,0.99278
2013-01-23T06:00:00+00:00,0.99277,0.99314,0.99038,0.99078
2013-01-23T10:00:00+00:00,0.99077,0.99212,0.99056,0.99201
2013-01-23T14:00:00+00:00,0.99202,1.00043,0.99188,0.99933
2013-01-23T18:00:00+00:00,0.99928,0.99952,0.99877,0.99921
2013-01-23T22:00:00+00:00,0.99922,1.00043,0.99899,1.00026
2013-01-24T02:00:00+00:00,1.00026,1.0004,0.99921,1.00025
2013-01-24T06:00:00+00:00,1.00025,1.00073,0.9991,0.99929
2013-01-24T10:00:00+00:00,0.99928,1.00246,0.9992,1.00108
2013-01-24T14:00:00+00:00,1.00107,1.00361,1.00107,1.00297
2013-01-24T18:00:00+00:00,1.00296,1.00352,1.00202,1.00259
2013-01-24T22:00:00+00:00,1.00258,1.00289,1.00206,1.00282
2013-01-25T02:00:00+00:00,1.00282,1.00347,1.0024,1.00343
2013-01-25T06:00:00+00:00,1.00342,1.00372,1.00259,1.00324
2013-01-25T10:00:00+00:00,1.00324,1.00909,1.00266,1.00726
2013-01-25T14:00:00+00:00,1.00728,1.01002,1.00707,1.00879
2013-01-25T18:00:00+00:00,1.00876,1.00884,1.00546,1.00578
2013-01-27T22:00:00+00:00,1.00653,1.00821,1.00651,1.00797
2013-01-28T02:00:00+00:00,1.00797,1.00847,1.00784,1.00833
2013-01-28T06:00:00+00:00,1.00834,1.01003,1.00817,1.00954
2013-01-28T10:00:00+00:00,1.00953,1.01002,1.00798,1.00809
2013-01-28T14:00:00+00:00,1.00809,1.00968,1.00638,1.00644
2013-01-28T18:00:00+00:00,1.0064,1.00733,1.00611,1.00635
2013-01-28T22:00:00+00:00,1.00636,1.00642,1.00557,1.00601
2013-01-29T02:00:00+00:00,1.00598,1.00616,1.00507,1.00562
2013-01-29T06:00:00+00:00,1.00562,1.00657,1.00453,1.00597
2013-01-29T10:00:00+00:00,1.00595,1.00664,1.00527,1.00562
2013-01-29T14:00:00+00:00,1.00564,1.00569,1.00259,1.00318
2013-01-29T18:00:00+00:00,1.00317,1.00324,1.00082,1.00084
2013-01-29T22:00:00+00:00,1.00084,1.00189,1.0008,1.00158
2013-01-30T02:00:00+00:00,1.00158,1.00233,1.00125,1.00204
2013-01-30T06:00:00+00:00,1.00204,1.00257,1.0012,1.00214
2013-01-30T10:00:00+00:00,1.00214,1.00379,1.00168,1.00347
2013-01-30T14:00:00+00:00,1.00347,1.00533,1.00179,1.00211
2013-01-30T18:00:00+00:00,1.00211,1.00228,1.00087,1.00133
2013-01-30T22:00:00+00:00,1.00129,1.00273,1.001,1.0025
2013-01-31T02:00:00+00:00,1.0025,1.00328,1.00191,1.00269
2013-01-31T06:00:00+00:00,1.0027,1.00346,1.00198,1.00223
2013-01-31T10:00:00+00:00,1.00223,1.00306,1.00053,1.0016
2013-01-31T14:00:00+00:00,1.00159,1.00218,0.99666,0.99716
2013-01-31T18:00:00+00:00,0.99714,0.99789,0.99578,0.99716
2013-01-31T22:00:00+00:00,0.99719,0.99783,0.99657,0.99762
2013-02-01T02:00:00+00:00,0.99764,0.99782,0.99738,0.99774
2013-02-01T06:00:00+00:00,0.99774,0.99977,0.99735,0.99958
2013-02-01T10:00:00+00:00,0.99958,1.00046,0.99717,0.99791
2013-02-01T14:00:00+00:00,0.99791,1.00028,0.99776,0.99845
2013-02-01T18:00:00+00:00,0.99846,0.99864,0.9965,0.99653
2013-02-03T22:00:00+00:00,0.99662,0.99768,0.99645,0.99753
2013-02-04T02:00:00+00:00,0.9975,0.99774,0.99727,0.9974
2013-02-04T06:00:00+00:00,0.9974,0.9976,0.99586,0.99586
2013-02-04T10:00:00+00:00,0.99588,0.99799,0.99483,0.99792
2013-02-04T14:00:00+00:00,0.99792,0.99933,0.99717,0.99886
2013-02-04T18:00:00+00:00,0.99886,0.99922,0.99768,0.99882
2013-02-04T22:00:00+00:00,0.99884,0.99917,0.99768,0.99792
2013-02-05T02:00:00+00:00,0.99794,0.99944,0.99793,0.99905
2013-02-05T06:00:00+00:00,0.99906,0.99937,0.99814,0.99843
2013-02-05T10:00:00+00:00,0.99843,0.99887,0.99722,0.99799
2013-02-05T14:00:00+00:00,0.99795,0.99947,0.99672,0.99728
2013-02-05T18:00:00+00:00,0.99728,0.9973,0.99547,0.99555
2013-02-05T22:00:00+00:00,0.99558,0.99664,0.99488,0.99633
2013-02-06T02:00:00+00:00,0.99634,0.99694,0.99619,0.99685
2013-02-06T06:00:00+00:00,0.99686,0.99738,0.99568,0.99673
2013-02-06T10:00:00+00:00,0.99673,0.99887,0.99626,0.9986
2013-02-06T14:00:00+00:00,0.99859,0.99859,0.99532,0.9968
2013-02-06T18:00:00+00:00,0.9968,0.99738,0.99538,0.99564
2013-02-06T22:00:00+00:00,0.99566,0.99644,0.99509,0.99632
2013-02-07T02:00:00+00:00,0.99632,0.99651,0.99605,0.99617
2013-02-07T06:00:00+00:00,0.99616,0.99652,0.99536,0.9954
2013-02-07T10:00:00+00:00,0.99538,0.99689,0.9933,0.99556
2013-02-07T14:00:00+00:00,0.99554,0.99947,0.99534,0.99873
2013-02-07T18:00:00+00:00,0.99874,0.99901,0.99748,0.99782
2013-02-07T22:00:00+00:00,0.99782,0.99911,0.99717,0.99813
2013-02-08T02:00:00+00:00,0.99814,0.9983,0.99749,0.99788
2013-02-08T06:00:00+00:00,0.99789,0.9991,0.99735,0.99845
2013-02-08T10:00:00+00:00,0.99846,1.00354,0.99709,1.00313
2013-02-08T14:00:00+00:00,1.00311,1.00325,1.00084,1.00316
2013-02-08T18:00:00+00:00,1.00322,1.00347,1.00198,1.00198
2013-02-10T22:00:00+00:00,1.003,1.00416,1.00278,1.00395
2013-02-11T02:00:00+00:00,1.00395,1.00487,1.00394,1.00458
2013-02-11T06:00:00+00:00,1.00459,1.00719,1.00416,1.00658
2013-02-11T10:00:00+00:00,1.00659,1.00836,1.00634,1.00683
2013-02-11T14:00:00+00:00,1.00683,1.00839,1.00604,1.00642
2013-02-11T18:00:00+00:00,1.0064,1.00657,1.00414,1.0048
2013-02-11T22:00:00+00:00,1.0048,1.00577,1.00435,1.00542
2013-02-12T02:00:00+00:00,1.00541,1.00663,1.00509,1.00632
2013-02-12T06:00:00+00:00,1.00633,1.00846,1.00614,1.00842
2013-02-12T10:00:00+00:00,1.00843,1.00872,1.00415,1.00459
2013-02-12T14:00:00+00:00,1.00459,1.00523,1.00209,1.00253
2013-02-12T18:00:00+00:00,1.00253,1.00305,1.00211,1.0022
2013-02-12T22:00:00+00:00,1.00219,1.00253,1.00144,1.00229
2013-02-13T02:00:00+00:00,1.00231,1.00283,1.0017,1.00196
2013-02-13T06:00:00+00:00,1.00196,1.00314,1.0015,1.00301
2013-02-13T10:00:00+00:00,1.00301,1.00441,1.00228,1.00294
2013-02-13T14:00:00+00:00,1.00294,1.00413,1.00137,1.00151
2013-02-13T18:00:00+00:00,1.00151,1.00243,1.00128,1.00182
2013-02-13T22:00:00+00:00,1.00184,1.00187,1.00126,1.00152
2013-02-14T02:00:00+00:00,1.00152,1.00182,1.00135,1.00178
2013-02-14T06:00:00+00:00,1.00178,1.00208,1.00028,1.00064
2013-02-14T10:00:00+00:00,1.00062,1.00244,1.00056,1.0011
2013-02-14T14:00:00+00:00,1.00111,1.0021,0.99998,1.0021
2013-02-14T18:00:00+00:00,1.0021,1.00222,1.00086,1.00094
2013-02-14T22:00:00+00:00,1.00094,1.00125,1.00051,1.00077
2013-02-15T02:00:00+00:00,1.00076,1.00089,1.00023,1.00049
2013-02-15T06:00:00+00:00,1.0005,1.00245,1.00046,1.00227
2013-02-15T10:00:00+00:00,1.00226,1.00537,1.00192,1.00505
2013-02-15T14:00:00+00:00,1.00503,1.00823,1.00496,1.00728
2013-02-15T18:00:00+00:00,1.00727,1.0075,1.00604,1.00634
2013-02-17T22:00:00+00:00,1.00731,1.00811,1.00662,1.00715
2013-02-18T02:00:00+00:00,1.00715,1.00796,1.00693,1.00738
2013-02-18T06:00:00+00:00,1.00738,1.00786,1.0069,1.00774
2013-02-18T10:00:00+00:00,1.00775,1.00777,1.00577,1.00754
2013-02-18T14:00:00+00:00,1.00751,1.01194,1.00723,1.01175
2013-02-18T18:00:00+00:00,1.01177,1.01215,1.01056,1.01066
2013-02-18T22:00:00+00:00,1.01064,1.01102,1.01022,1.01067
2013-02-19T02:00:00+00:00,1.01067,1.01141,1.01048,1.01052
2013-02-19T06:00:00+00:00,1.01052,1.01238,1.01023,1.01209
2013-02-19T10:00:00+00:00,1.01209,1.01348,1.01137,1.01311
2013-02-19T14:00:00+00:00,1.01311,1.01377,1.0114,1.01268
2013-02-19T18:00:00+00:00,1.01267,1.01343,1.01117,1.01127
2013-02-19T22:00:00+00:00,1.01126,1.01212,1.01117,1.01178
2013-02-20T02:00:00+00:00,1.01178,1.01211,1.0113,1.01163
2013-02-20T06:00:00+00:00,1.01163,1.01248,1.01101,1.01224
2013-02-20T10:00:00+00:00,1.01227,1.0156,1.01207,1.01518
2013-02-20T14:00:00+00:00,1.01521,1.01743,1.01455,1.01696
2013-02-20T18:00:00+00:00,1.01702,1.01857,1.01598,1.0167
2013-02-20T22:00:00+00:00,1.01677,1.0175,1.01634,1.01745
2013-02-21T02:00:00+00:00,1.01747,1.01928,1.01696,1.01897
2013-02-21T06:00:00+00:00,1.01898,1.01935,1.01676,1.01872
2013-02-21T10:00:00+00:00,1.01872,1.02012,1.01763,1.01887
2013-02-21T14:00:00+00:00,1.01886,1.02009,1.0182,1.01944
2013-02-21T18:00:00+00:00,1.01944,1.02077,1.01829,1.01848
2013-02-21T22:00:00+00:00,1.0185,1.01882,1.0175,1.01775
2013-02-22T02:00:00+00:00,1.01773,1.01773,1.01595,1.01683
2013-02-22T06:00:00+00:00,1.01685,1.01922,1.01599,1.01903
2013-02-22T10:00:00+00:00,1.01903,1.02323,1.01856,1.02234
2013-02-22T14:00:00+00:00,1.02235,1.02565,1.02174,1.02236
2013-02-22T18:00:00+00:00,1.02236,1.02315,1.02005,1.02138
2013-02-24T22:00:00+00:00,1.02223,1.02399,1.02195,1.02381
2013-02-25T02:00:00+00:00,1.02382,1.02399,1.02283,1.02286
2013-02-25T06:00:00+00:00,1.02287,1.02395,1.02228,1.02379
2013-02-25T10:00:00+00:00,1.0238,1.02384,1.02216,1.02307
2013-02-25T14:00:00+00:00,1.02306,1.02704,1.02277,1.02548
2013-02-25T18:00:00+00:00,1.02551,1.02778,1.02543,1.02616
2013-02-25T22:00:00+00:00,1.02616,1.02685,1.02493,1.02509
2013-02-26T02:00:00+00:00,1.02509,1.02569,1.02414,1.02421
2013-02-26T06:00:00+00:00,1.02421,1.02582,1.02413,1.02455
2013-02-26T10:00:00+00:00,1.02453,1.02671,1.02442,1.02555
2013-02-26T14:00:00+00:00,1.02552,1.03037,1.02501,1.02761
2013-02-26T18:00:00+00:00,1.02763,1.02796,1.02539,1.02618
2013-02-26T22:00:00+00:00,1.0261,1.02672,1.0253,1.02637
2013-02-27T02:00:00+00:00,1.02638,1.02661,1.02553,1.02582
2013-02-27T06:00:00+00:00,1.02584,1.02698,1.02522,1.02655
2013-02-27T10:00:00+00:00,1.02653,1.0273,1.02567,1.02727
2013-02-27T14:00:00+00:00,1.02727,1.02773,1.02438,1.02508
2013-02-27T18:00:00+00:00,1.02507,1.02548,1.02283,1.02292
2013-02-27T22:00:00+00:00,1.02287,1.02382,1.0226,1.02283
2013-02-28T02:00:00+00:00,1.02283,1.0233,1.0225,1.02281
2013-02-28T06:00:00+00:00,1.0228,1.02373,1.02168,1.0231
2013-02-28T10:00:00+00:00,1.02308,1.02685,1.02291,1.02684
2013-02-28T14:00:00+00:00,1.02685,1.03091,1.02657,1.02936
2013-02-28T18:00:00+00:00,1.02938,1.03138,1.02838,1.03064
2013-02-28T22:00:00+00:00,1.03067,1.03116,1.02978,1.02982
2013-03-01T02:00:00+00:00,1.02982,1.03008,1.02951,1.02958
2013-03-01T06:00:00+00:00,1.02957,1.03173,1.02936,1.03168
2013-03-01T10:00:00+00:00,1.03168,1.03424,1.02999,1.03046
2013-03-01T14:00:00+00:00,1.03046,1.03222,1.02744,1.02806
2013-03-01T18:00:00+00:00,1.02807,1.02896,1.02625,1.02679
2013-03-03T22:00:00+00:00,1.02745,1.02982,1.02696,1.02981
2013-03-04T02:00:00+00:00,1.02978,1.03067,1.0293,1.03009
2013-03-04T06:00:00+00:00,1.03011,1.03097,1.02927,1.02957
2013-03-04T10:00:00+00:00,1.02957,1.02983,1.02791,1.02837
2013-03-04T14:00:00+00:00,1.02837,1.03078,1.02766,1.03005
2013-03-04T18:00:00+00:00,1.03005,1.03039,1.02696,1.02732
2013-03-04T22:00:00+00:00,1.02731,1.02781,1.02573,1.02665
2013-03-05T02:00:00+00:00,1.02664,1.02706,1.02564,1.02573
2013-03-05T06:00:00+00:00,1.02575,1.02717,1.02573,1.02608
2013-03-05T10:00:00+00:00,1.02608,1.02717,1.02605,1.02711
2013-03-05T14:00:00+00:00,1.0271,1.02938,1.02647,1.02761
2013-03-05T18:00:00+00:00,1.02763,1.02844,1.02654,1.02685
2013-03-05T22:00:00+00:00,1.02679,1.02756,1.02564,1.02643
2013-03-06T02:00:00+00:00,1.02641,1.02693,1.02551,1.0259
2013-03-06T06:00:00+00:00,1.0259,1.02839,1.02569,1.02816
2013-03-06T10:00:00+00:00,1.02816,1.02963,1.02693,1.02731
2013-03-06T14:00:00+00:00,1.02731,1.03373,1.02712,1.03176
2013-03-06T18:00:00+00:00,1.03164,1.03261,1.03048,1.03199
2013-03-06T22:00:00+00:00,1.03198,1.03298,1.03174,1.03231
2013-03-07T02:00:00+00:00,1.03222,1.03239,1.03118,1.03139
2013-03-07T06:00:00+00:00,1.03139,1.03167,1.03012,1.03079
2013-03-07T10:00:00+00:00,1.0308,1.03185,1.03015,1.03069
2013-03-07T14:00:00+00:00,1.0307,1.03084,1.02853,1.02895
2013-03-07T18:00:00+00:00,1.02895,1.02989,1.02858,1.02945
2013-03-07T22:00:00+00:00,1.02943,1.03024,1.02909,1.03014
2013-03-08T02:00:00+00:00,1.03015,1.03134,1.02983,1.03131
2013-03-08T06:00:00+00:00,1.0313,1.03147,1.03036,1.03117
2013-03-08T10:00:00+00:00,1.03118,1.03143,1.02345,1.02527
2013-03-08T14:00:00+00:00,1.02531,1.02856,1.02462,1.02827
2013-03-08T18:00:00+00:00,1.0283,1.02973,1.02802,1.02835
2013-03-10T21:00:00+00:00,1.0289,1.02944,1.0279,1.02825
2013-03-11T01:00:00+00:00,1.02822,1.02846,1.0274,1.02807
2013-03-11T05:00:00+00:00,1.02807,1.02833,1.02678,1.02794
2013-03-11T09:00:00+00:00,1.02792,1.02946,1.02772,1.0279
2013-03-11T13:00:00+00:00,1.02788,1.02836,1.02633,1.02658
2013-03-11T17:00:00+00:00,1.02657,1.02702,1.02553,1.02592
2013-03-11T21:00:00+00:00,1.02592,1.02686,1.02576,1.02636
2013-03-12T01:00:00+00:00,1.02637,1.0269,1.02492,1.02663
2013-03-12T05:00:00+00:00,1.02663,1.02824,1.02642,1.02815
2013-03-12T09:00:00+00:00,1.02813,1.02838,1.02567,1.02637
2013-03-12T13:00:00+00:00,1.02637,1.02705,1.02516,1.02593
2013-03-12T17:00:00+00:00,1.02594,1.02636,1.02534,1.02562
2013-03-12T21:00:00+00:00,1.0256,1.02649,1.02541,1.02609
2013-03-13T01:00:00+00:00,1.0261,1.02644,1.02561,1.02603
2013-03-13T05:00:00+00:00,1.02601,1.02699,1.02551,1.02694
2013-03-13T09:00:00+00:00,1.02696,1.02773,1.02474,1.02485
2013-03-13T13:00:00+00:00,1.02485,1.02955,1.02465,1.02761
2013-03-13T17:00:00+00:00,1.02763,1.02853,1.02697,1.02755
2013-03-13T21:00:00+00:00,1.02755,1.02835,1.02676,1.02693
2013-03-14T01:00:00+00:00,1.02691,1.0272,1.02658,1.02693
2013-03-14T05:00:00+00:00,1.02693,1.02727,1.02591,1.02678
2013-03-14T09:00:00+00:00,1.02684,1.02778,1.02541,1.02561
2013-03-14T13:00:00+00:00,1.0256,1.02746,1.02121,1.02264
2013-03-14T17:00:00+00:00,1.02264,1.02374,1.02157,1.02224
2013-03-14T21:00:00+00:00,1.02223,1.02272,1.02178,1.02265
2013-03-15T01:00:00+00:00,1.02265,1.02286,1.02163,1.02231
2013-03-15T05:00:00+00:00,1.02231,1.02313,1.02037,1.02095
2013-03-15T09:00:00+00:00,1.02095,1.02144,1.0181,1.01942
2013-03-15T13:00:00+00:00,1.0194,1.02225,1.01887,1.01962
2013-03-15T17:00:00+00:00,1.01961,1.02027,1.01866,1.01945
2013-03-17T21:00:00+00:00,1.02236,1.02446,1.02177,1.02398
2013-03-18T01:00:00+00:00,1.02396,1.02469,1.02311,1.02382
2013-03-18T05:00:00+00:00,1.02382,1.0248,1.02282,1.02303
2013-03-18T09:00:00+00:00,1.02303,1.02507,1.02124,1.02157
2013-03-18T13:00:00+00:00,1.02156,1.02275,1.02041,1.02211
2013-03-18T17:00:00+00:00,1.02213,1.02286,1.02121,1.02209
2013-03-18T21:00:00+00:00,1.02212,1.02277,1.02138,1.02174
2013-03-19T01:00:00+00:00,1.02172,1.02228,1.0216,1.02195
2013-03-19T05:00:00+00:00,1.02196,1.02304,1.02158,1.02301
2013-03-19T09:00:00+00:00,1.02302,1.02565,1.02246,1.02446
2013-03-19T13:00:00+00:00,1.02446,1.02784,1.02427,1.02757
2013-03-19T17:00:00+00:00,1.02755,1.02843,1.02618,1.02675
2013-03-19T21:00:00+00:00,1.02674,1.02789,1.0266,1.02684
2013-03-20T01:00:00+00:00,1.02685,1.02754,1.02679,1.02708
2013-03-20T05:00:00+00:00,1.02706,1.0276,1.02576,1.02611
2013-03-20T09:00:00+00:00,1.02611,1.02632,1.02387,1.02474
2013-03-20T13:00:00+00:00,1.02474,1.02692,1.02417,1.0261
2013-03-20T17:00:00+00:00,1.02611,1.02636,1.02394,1.02603
2013-03-20T21:00:00+00:00,1.02603,1.02647,1.02537,1.02547
2013-03-21T01:00:00+00:00,1.02548,1.02571,1.02463,1.02494
2013-03-21T05:00:00+00:00,1.02494,1.02583,1.0242,1.02536
2013-03-21T09:00:00+00:00,1.02535,1.02555,1.02006,1.02268
2013-03-21T13:00:00+00:00,1.02268,1.02523,1.02245,1.02453
2013-03-21T17:00:00+00:00,1.02453,1.0251,1.02361,1.0251
2013-03-21T21:00:00+00:00,1.02516,1.02527,1.02388,1.02426
2013-03-22T01:00:00+00:00,1.02427,1.02431,1.02373,1.02406
2013-03-22T05:00:00+00:00,1.02406,1.02645,1.02394,1.02596
2013-03-22T09:00:00+00:00,1.02597,1.02614,1.02389,1.02427
2013-03-22T13:00:00+00:00,1.02427,1.02446,1.02209,1.02266
2013-03-22T17:00:00+00:00,1.02265,1.02343,1.02218,1.02317
2013-03-24T21:00:00+00:00,1.02335,1.02365,1.02213,1.02249
2013-03-25T01:00:00+00:00,1.0225,1.02307,1.02212,1.02285
2013-03-25T05:00:00+00:00,1.02284,1.02326,1.02186,1.02191
2013-03-25T09:00:00+00:00,1.02189,1.02197,1.01882,1.01993
2013-03-25T13:00:00+00:00,1.01994,1.02246,1.01942,1.02224
2013-03-25T17:00:00+00:00,1.02224,1.02276,1.02113,1.02133
2013-03-25T21:00:00+00:00,1.02132,1.02218,1.02106,1.02107
2013-03-26T01:00:00+00:00,1.02107,1.02132,1.01979,1.02004
2013-03-26T05:00:00+00:00,1.02002,1.02077,1.01905,1.02042
2013-03-26T09:00:00+00:00,1.02042,1.02097,1.01977,1.02005
2013-03-26T13:00:00+00:00,1.02005,1.02015,1.01638,1.01761
2013-03-26T17:00:00+00:00,1.01761,1.01775,1.01595,1.01608
2013-03-26T21:00:00+00:00,1.01607,1.0168,1.01599,1.01632
2013-03-27T01:00:00+00:00,1.01632,1.01741,1.01619,1.01734
2013-03-27T05:00:00+00:00,1.01736,1.01744,1.01606,1.01612
2013-03-27T09:00:00+00:00,1.01616,1.01955,1.01503,1.01585
2013-03-27T13:00:00+00:00,1.01584,1.01783,1.01565,1.01691
2013-03-27T17:00:00+00:00,1.01691,1.01729,1.01608,1.01611
2013-03-27T21:00:00+00:00,1.01609,1.01667,1.01578,1.01579
2013-03-28T01:00:00+00:00,1.01579,1.01677,1.01551,1.01657
2013-03-28T05:00:00+00:00,1.01658,1.01738,1.01597,1.01681
2013-03-28T09:00:00+00:00,1.01681,1.01716,1.01457,1.01711
2013-03-28T13:00:00+00:00,1.0171,1.01743,1.0146,1.01658
2013-03-28T17:00:00+00:00,1.01656,1.01703,1.01578,1.01618
2013-03-28T21:00:00+00:00,1.01615,1.01671,1.0158,1.0161
2013-03-29T01:00:00+00:00,1.01611,1.0163,1.01578,1.01627
2013-03-29T05:00:00+00:00,1.01628,1.01703,1.01578,1.01698
2013-03-29T09:00:00+00:00,1.01696,1.01737,1.0164,1.01646
2013-03-29T13:00:00+00:00,1.01646,1.01789,1.01634,1.01784
2013-03-29T17:00:00+00:00,1.01784,1.01802,1.01709,1.01745
2013-03-31T22:00:00+01:00,1.01765,1.01812,1.01666,1.01761
2013-04-01T02:00:00+01:00,1.01761,1.01795,1.01717,1.01736
2013-04-01T06:00:00+01:00,1.01738,1.01782,1.01688,1.017
2013-04-01T10:00:00+01:00,1.017,1.01747,1.01606,1.01692
2013-04-01T14:00:00+01:00,1.01696,1.01829,1.01615,1.01649
2013-04-01T18:00:00+01:00,1.0165,1.01696,1.01628,1.01679
2013-04-01T22:00:00+01:00,1.01676,1.01689,1.01577,1.01607
2013-04-02T02:00:00+01:00,1.01603,1.01613,1.01502,1.01517
2013-04-02T06:00:00+01:00,1.01517,1.01589,1.01434,1.01445
2013-04-02T10:00:00+01:00,1.01445,1.01458,1.01251,1.01283
2013-04-02T14:00:00+01:00,1.01283,1.01587,1.01277,1.01443
2013-04-02T18:00:00+01:00,1.01441,1.01517,1.01371,1.01475
2013-04-02T22:00:00+01:00,1.01475,1.01513,1.01419,1.01499
2013-04-03T02:00:00+01:00,1.01498,1.01553,1.01465,1.01469
2013-04-03T06:00:00+01:00,1.0147,1.01521,1.01415,1.01483
2013-04-03T10:00:00+01:00,1.01482,1.01493,1.0133,1.01361
2013-04-03T14:00:00+01:00,1.0136,1.01433,1.01253,1.01337
2013-04-03T18:00:00+01:00,1.01337,1.01493,1.01335,1.01455
2013-04-03T22:00:00+01:00,1.01455,1.01496,1.01346,1.0141
2013-04-04T02:00:00+01:00,1.0141,1.01487,1.01406,1.01458
2013-04-04T06:00:00+01:00,1.01458,1.01578,1.01454,1.01507
2013-04-04T10:00:00+01:00,1.01507,1.01641,1.01463,1.01581
2013-04-04T14:00:00+01:00,1.01581,1.01666,1.01296,1.01306
2013-04-04T18:00:00+01:00,1.01306,1.01382,1.01048,1.0127
2013-04-04T22:00:00+01:00,1.0127,1.01342,1.01237,1.01294
2013-04-05T02:00:00+01:00,1.01294,1.01337,1.01267,1.01326
2013-04-05T06:00:00+01:00,1.01325,1.0142,1.01321,1.01385
2013-04-05T10:00:00+01:00,1.01386,1.02195,1.01297,1.02024
2013-04-05T14:00:00+01:00,1.02025,1.0236,1.01707,1.01765
2013-04-05T18:00:00+01:00,1.01765,1.01879,1.01587,1.01772
2013-04-07T22:00:00+01:00,1.01823,1.01831,1.01655,1.01709
2013-04-08T02:00:00+01:00,1.01709,1.0172,1.01665,1.01689
2013-04-08T06:00:00+01:00,1.01691,1.01824,1.01688,1.01797
2013-04-08T10:00:00+01:00,1.01795,1.01865,1.01567,1.01863
2013-04-08T14:00:00+01:00,1.01864,1.02143,1.01844,1.01951
2013-04-08T18:00:00+01:00,1.01953,1.02005,1.01666,1.01677
2013-04-08T22:00:00+01:00,1.01677,1.01716,1.01611,1.01654
2013-04-09T02:00:00+01:00,1.01654,1.01696,1.01602,1.01653
2013-04-09T06:00:00+01:00,1.01653,1.01758,1.01644,1.0168
2013-04-09T10:00:00+01:00,1.0168,1.0171,1.01343,1.01453
2013-04-09T14:00:00+01:00,1.01453,1.01687,1.01425,1.01635
2013-04-09T18:00:00+01:00,1.01635,1.01655,1.01499,1.01639
2013-04-09T22:00:00+01:00,1.0164,1.01687,1.01588,1.01636
2013-04-10T02:00:00+01:00,1.01636,1.01659,1.01535,1.01554
2013-04-10T06:00:00+01:00,1.01553,1.01661,1.01453,1.01467
2013-04-10T10:00:00+01:00,1.01467,1.01597,1.01426,1.01584
2013-04-10T14:00:00+01:00,1.01585,1.01639,1.01395,1.01493
2013-04-10T18:00:00+01:00,1.01494,1.01548,1.01415,1.01425
2013-04-10T22:00:00+01:00,1.01429,1.01523,1.01404,1.01499
2013-04-11T02:00:00+01:00,1.01499,1.0157,1.01446,1.01447
2013-04-11T06:00:00+01:00,1.01448,1.01489,1.00908,1.01063
2013-04-11T10:00:00+01:00,1.01064,1.01107,1.00835,1.01043
2013-04-11T14:00:00+01:00,1.01044,1.01187,1.01019,1.0103
2013-04-11T18:00:00+01:00,1.0103,1.01145,1.0101,1.01034
2013-04-11T22:00:00+01:00,1.01038,1.01088,1.01008,1.01022
2013-04-12T02:00:00+01:00,1.01021,1.01025,1.00945,1.01007
2013-04-12T06:00:00+01:00,1.01006,1.01197,1.00996,1.0117
2013-04-12T10:00:00+01:00,1.0117,1.01372,1.01146,1.01173
2013-04-12T14:00:00+01:00,1.01173,1.01453,1.01093,1.01318
2013-04-12T18:00:00+01:00,1.01319,1.01453,1.01294,1.01358
2013-04-14T22:00:00+01:00,1.0144,1.01496,1.01354,1.0138
2013-04-15T02:00:00+01:00,1.01379,1.01972,1.01339,1.0192
2013-04-15T06:00:00+01:00,1.01921,1.02214,1.01832,1.02203
2013-04-15T10:00:00+01:00,1.02204,1.02258,1.01919,1.01963
2013-04-15T14:00:00+01:00,1.01964,1.02204,1.01919,1.02137
2013-04-15T18:00:00+01:00,1.0214,1.02592,1.02108,1.02555
2013-04-15T22:00:00+01:00,1.02567,1.02571,1.023,1.0237
2013-04-16T02:00:00+01:00,1.0237,1.02501,1.0213,1.022
2013-04-16T06:00:00+01:00,1.02202,1.02575,1.02195,1.02499
2013-04-16T10:00:00+01:00,1.02499,1.02527,1.02054,1.02096
2013-04-16T14:00:00+01:00,1.02096,1.02423,1.02083,1.0222
2013-04-16T18:00:00+01:00,1.0222,1.02247,1.02035,1.02082
2013-04-16T22:00:00+01:00,1.02076,1.02236,1.02073,1.02226
2013-04-17T02:00:00+01:00,1.02226,1.02293,1.02171,1.02238
2013-04-17T06:00:00+01:00,1.02238,1.02479,1.02194,1.02443
2013-04-17T10:00:00+01:00,1.02444,1.02651,1.02328,1.02593
2013-04-17T14:00:00+01:00,1.02594,1.02942,1.02436,1.02708
2013-04-17T18:00:00+01:00,1.02709,1.02821,1.02606,1.02659
2013-04-17T22:00:00+01:00,1.02657,1.02696,1.02611,1.02696
2013-04-18T02:00:00+01:00,1.02699,1.02775,1.0253,1.02563
2013-04-18T06:00:00+01:00,1.02563,1.02622,1.02468,1.02513
2013-04-18T10:00:00+01:00,1.02513,1.02567,1.02305,1.0247
2013-04-18T14:00:00+01:00,1.02471,1.02693,1.02448,1.02542
2013-04-18T18:00:00+01:00,1.02542,1.02716,1.02531,1.02636
2013-04-18T22:00:00+01:00,1.02631,1.02636,1.02538,1.02563
2013-04-19T02:00:00+01:00,1.02563,1.02577,1.02427,1.02435
2013-04-19T06:00:00+01:00,1.02434,1.02436,1.02324,1.02377
2013-04-19T10:00:00+01:00,1.02376,1.02646,1.02331,1.02513
2013-04-19T14:00:00+01:00,1.02516,1.02696,1.02477,1.02666
2013-04-19T18:00:00+01:00,1.02666,1.02697,1.02585,1.02655
2013-04-21T22:00:00+01:00,1.02571,1.02611,1.02526,1.02584
2013-04-22T02:00:00+01:00,1.02582,1.02595,1.02482,1.02581
2013-04-22T06:00:00+01:00,1.02581,1.02683,1.02516,1.0255
2013-04-22T10:00:00+01:00,1.0255,1.02709,1.02496,1.027
2013-04-22T14:00:00+01:00,1.027,1.02856,1.02586,1.02662
2013-04-22T18:00:00+01:00,1.02666,1.02704,1.02532,1.02565
2013-04-22T22:00:00+01:00,1.02561,1.02613,1.02541,1.02584
2013-04-23T02:00:00+01:00,1.02584,1.02753,1.02581,1.02734
2013-04-23T06:00:00+01:00,1.02735,1.02853,1.02644,1.02824
2013-04-23T10:00:00+01:00,1.02823,1.02829,1.02564,1.02665
2013-04-23T14:00:00+01:00,1.02665,1.02669,1.02509,1.02632
2013-04-23T18:00:00+01:00,1.02632,1.02716,1.02561,1.02572
2013-04-23T22:00:00+01:00,1.02574,1.02721,1.02573,1.02663
2013-04-24T02:00:00+01:00,1.02663,1.02726,1.02633,1.02652
2013-04-24T06:00:00+01:00,1.02652,1.02691,1.02548,1.02643
2013-04-24T10:00:00+01:00,1.02643,1.02676,1.02545,1.02654
2013-04-24T14:00:00+01:00,1.02654,1.02785,1.02589,1.02746
2013-04-24T18:00:00+01:00,1.02744,1.02755,1.02468,1.02562
2013-04-24T22:00:00+01:00,1.0256,1.02601,1.02507,1.02523
2013-04-25T02:00:00+01:00,1.02523,1.02523,1.02286,1.02352
2013-04-25T06:00:00+01:00,1.02352,1.02455,1.02245,1.02248
2013-04-25T10:00:00+01:00,1.02246,1.02357,1.01995,1.02039
2013-04-25T14:00:00+01:00,1.02044,1.02136,1.01857,1.01987
2013-04-25T18:00:00+01:00,1.0199,1.02097,1.01914,1.01995
2013-04-25T22:00:00+01:00,1.0199,1.02061,1.01931,1.01948
2013-04-26T02:00:00+01:00,1.01948,1.01991,1.01817,1.01958
2013-04-26T06:00:00+01:00,1.01958,1.02041,1.01862,1.01936
2013-04-26T10:00:00+01:00,1.01936,1.02144,1.0191,1.02036
2013-04-26T14:00:00+01:00,1.02035,1.02073,1.01578,1.01684
2013-04-26T18:00:00+01:00,1.01683,1.01764,1.01636,1.01649
2013-04-28T22:00:00+01:00,1.01679,1.01713,1.01627,1.01635
2013-04-29T02:00:00+01:00,1.01634,1.01691,1.01517,1.01531
2013-04-29T06:00:00+01:00,1.01531,1.01616,1.01374,1.01384
2013-04-29T10:00:00+01:00,1.01384,1.01472,1.01326,1.01435
2013-04-29T14:00:00+01:00,1.01436,1.01527,1.01337,1.01375
2013-04-29T18:00:00+01:00,1.01375,1.01379,1.0108,1.01119
2013-04-29T22:00:00+01:00,1.01104,1.01206,1.0109,1.01195
2013-04-30T02:00:00+01:00,1.01194,1.01227,1.01166,1.01179
2013-04-30T06:00:00+01:00,1.01179,1.01235,1.01084,1.01196
2013-04-30T10:00:00+01:00,1.01197,1.01229,1.01033,1.01121
2013-04-30T14:00:00+01:00,1.01121,1.01124,1.00552,1.00734
2013-04-30T18:00:00+01:00,1.00734,1.00816,1.00689,1.00733
2013-04-30T22:00:00+01:00,1.00735,1.00762,1.0063,1.00638
2013-05-01T02:00:00+01:00,1.00638,1.00686,1.00621,1.00639
2013-05-01T06:00:00+01:00,1.00639,1.00683,1.00582,1.0062
2013-05-01T10:00:00+01:00,1.00621,1.00744,1.00514,1.00708
2013-05-01T14:00:00+01:00,1.00709,1.01001,1.00709,1.00855
2013-05-01T18:00:00+01:00,1.00856,1.00897,1.00563,1.00831
2013-05-01T22:00:00+01:00,1.00831,1.00845,1.00724,1.00773
2013-05-02T02:00:00+01:00,1.00771,1.00849,1.00744,1.00802
2013-05-02T06:00:00+01:00,1.00802,1.00883,1.00742,1.00818
2013-05-02T10:00:00+01:00,1.00815,1.0085,1.00596,1.00773
2013-05-02T14:00:00+01:00,1.00774,1.00894,1.00596,1.00801
2013-05-02T18:00:00+01:00,1.00801,1.01099,1.00734,1.01044
2013-05-02T22:00:00+01:00,1.01045,1.01103,1.00999,1.01028
2013-05-03T02:00:00+01:00,1.01029,1.01147,1.01016,1.01144
2013-05-03T06:00:00+01:00,1.01142,1.01322,1.01137,1.01173
2013-05-03T10:00:00+01:00,1.01173,1.01268,1.00964,1.01151
2013-05-03T14:00:00+01:00,1.0115,1.01185,1.00779,1.00798
2013-05-03T18:00:00+01:00,1.00797,1.00857,1.00765,1.00804
2013-05-05T22:00:00+01:00,1.00755,1.00849,1.00727,1.00756
2013-05-06T02:00:00+01:00,1.00754,1.00785,1.00721,1.00748
2013-05-06T06:00:00+01:00,1.00748,1.00913,1.00716,1.00903
2013-05-06T10:00:00+01:00,1.00903,1.00921,1.00769,1.00917
2013-05-06T14:00:00+01:00,1.00921,1.00962,1.0073,1.00748
2013-05-06T18:00:00+01:00,1.00749,1.00769,1.00648,1.00684
2013-05-06T22:00:00+01:00,1.00684,1.00728,1.00663,1.00667
2013-05-07T02:00:00+01:00,1.00669,1.00747,1.00649,1.00731
2013-05-07T06:00:00+01:00,1.0073,1.00831,1.00656,1.0067
2013-05-07T10:00:00+01:00,1.0067,1.00724,1.00367,1.00515
2013-05-07T14:00:00+01:00,1.00516,1.00587,1.00439,1.005
2013-05-07T18:00:00+01:00,1.00501,1.00542,1.0039,1.00426
2013-05-07T22:00:00+01:00,1.00425,1.00542,1.00425,1.00527
2013-05-08T02:00:00+01:00,1.00527,1.00542,1.00421,1.00506
2013-05-08T06:00:00+01:00,1.00507,1.00588,1.00411,1.00457
2013-05-08T10:00:00+01:00,1.00456,1.00581,1.00392,1.00519
2013-05-08T14:00:00+01:00,1.00519,1.00547,1.00178,1.00245
2013-05-08T18:00:00+01:00,1.00245,1.00364,1.00242,1.00282
2013-05-08T22:00:00+01:00,1.00287,1.00327,1.00234,1.00259
2013-05-09T02:00:00+01:00,1.0026,1.00317,1.00196,1.00225
2013-05-09T06:00:00+01:00,1.00225,1.00263,1.00138,1.00231
2013-05-09T10:00:00+01:00,1.0023,1.00446,1.00172,1.00358
2013-05-09T14:00:00+01:00,1.00358,1.00433,1.00217,1.00228
2013-05-09T18:00:00+01:00,1.00227,1.00898,1.00209,1.00681
2013-05-09T22:00:00+01:00,1.0068,1.00797,1.00637,1.00767
2013-05-10T02:00:00+01:00,1.00766,1.00819,1.00693,1.00818
2013-05-10T06:00:00+01:00,1.00818,1.00989,1.00785,1.00985
2013-05-10T10:00:00+01:00,1.00985,1.01245,1.00639,1.01054
2013-05-10T14:00:00+01:00,1.01053,1.01527,1.01045,1.01192
2013-05-10T18:00:00+01:00,1.01192,1.01221,1.00995,1.01004
2013-05-12T22:00:00+01:00,1.01192,1.01248,1.01067,1.01201
2013-05-13T02:00:00+01:00,1.012,1.01331,1.01178,1.01283
2013-05-13T06:00:00+01:00,1.01283,1.01287,1.01076,1.01076
2013-05-13T10:00:00+01:00,1.01076,1.01214,1.00822,1.00916
2013-05-13T14:00:00+01:00,1.00916,1.01145,1.00873,1.01037
2013-05-13T18:00:00+01:00,1.01038,1.01158,1.01023,1.01065
2013-05-13T22:00:00+01:00,1.01066,1.01089,1.00903,1.00929
2013-05-14T02:00:00+01:00,1.00928,1.0105,1.00907,1.00976
2013-05-14T06:00:00+01:00,1.00977,1.01161,1.00972,1.0111
2013-05-14T10:00:00+01:00,1.0111,1.01581,1.01022,1.01442
2013-05-14T14:00:00+01:00,1.01442,1.01684,1.01382,1.01455
2013-05-14T18:00:00+01:00,1.01455,1.01826,1.01453,1.01801
2013-05-14T22:00:00+01:00,1.018,1.01899,1.01777,1.0187
2013-05-15T02:00:00+01:00,1.01869,1.01954,1.01829,1.01881
2013-05-15T06:00:00+01:00,1.01882,1.02109,1.01826,1.02016
2013-05-15T10:00:00+01:00,1.02017,1.02192,1.01883,1.01945
2013-05-15T14:00:00+01:00,1.01944,1.0198,1.0169,1.01778
2013-05-15T18:00:00+01:00,1.01778,1.01804,1.01569,1.0157
2013-05-15T22:00:00+01:00,1.01568,1.01688,1.01518,1.01565
2013-05-16T02:00:00+01:00,1.01564,1.01626,1.01538,1.01586
2013-05-16T06:00:00+01:00,1.01585,1.01927,1.01581,1.01865
2013-05-16T10:00:00+01:00,1.01866,1.02074,1.01696,1.01781
2013-05-16T14:00:00+01:00,1.01781,1.01833,1.01491,1.01648
2013-05-16T18:00:00+01:00,1.01647,1.01987,1.01594,1.01936
2013-05-16T22:00:00+01:00,1.01945,1.01963,1.01804,1.01865
2013-05-17T02:00:00+01:00,1.01865,1.02235,1.01849,1.02167
2013-05-17T06:00:00+01:00,1.02168,1.02545,1.02123,1.02502
2013-05-17T10:00:00+01:00,1.02503,1.03072,1.02365,1.03043
2013-05-17T14:00:00+01:00,1.03043,1.0313,1.02634,1.02713
2013-05-17T18:00:00+01:00,1.02713,1.02932,1.02707,1.0281
2013-05-19T22:00:00+01:00,1.02839,1.02961,1.02733,1.02956
2013-05-20T02:00:00+01:00,1.02955,1.02955,1.02791,1.02818
2013-05-20T06:00:00+01:00,1.02817,1.02892,1.02719,1.02775
2013-05-20T10:00:00+01:00,1.02776,1.02933,1.02759,1.02902
2013-05-20T14:00:00+01:00,1.02904,1.02927,1.02457,1.02534
2013-05-20T18:00:00+01:00,1.02534,1.02582,1.02171,1.02403
2013-05-20T22:00:00+01:00,1.02404,1.02648,1.02358,1.02645
2013-05-21T02:00:00+01:00,1.02645,1.02731,1.02472,1.0253
2013-05-21T06:00:00+01:00,1.0253,1.02731,1.02429,1.02705
2013-05-21T10:00:00+01:00,1.02706,1.02832,1.02645,1.02743
2013-05-21T14:00:00+01:00,1.02744,1.03214,1.02543,1.02543
2013-05-21T18:00:00+01:00,1.02542,1.02736,1.02473,1.02673
2013-05-21T22:00:00+01:00,1.02677,1.02719,1.0257,1.02684
2013-05-22T02:00:00+01:00,1.02684,1.02763,1.02649,1.02759
2013-05-22T06:00:00+01:00,1.0276,1.02921,1.02669,1.02807
2013-05-22T10:00:00+01:00,1.02807,1.03294,1.0269,1.03121
2013-05-22T14:00:00+01:00,1.03118,1.03849,1.02511,1.03573
2013-05-22T18:00:00+01:00,1.03576,1.03878,1.03569,1.03675
2013-05-22T22:00:00+01:00,1.03678,1.03869,1.03647,1.03851
2013-05-23T02:00:00+01:00,1.03851,1.03933,1.03666,1.03718
2013-05-23T06:00:00+01:00,1.0372,1.03921,1.03493,1.0354
2013-05-23T10:00:00+01:00,1.03539,1.03595,1.03237,1.03452
2013-05-23T14:00:00+01:00,1.03452,1.03525,1.0303,1.03087
2013-05-23T18:00:00+01:00,1.03085,1.03188,1.0286,1.03035
2013-05-23T22:00:00+01:00,1.03043,1.03296,1.02995,1.03285
2013-05-24T02:00:00+01:00,1.03285,1.03417,1.03157,1.03181
2013-05-24T06:00:00+01:00,1.0318,1.03517,1.0316,1.03408
2013-05-24T10:00:00+01:00,1.03406,1.03557,1.03198,1.03407
2013-05-24T14:00:00+01:00,1.03407,1.03495,1.03131,1.03343
2013-05-24T18:00:00+01:00,1.03343,1.03424,1.03136,1.03185
2013-05-26T22:00:00+01:00,1.03077,1.03295,1.03076,1.03285
2013-05-27T02:00:00+01:00,1.03285,1.03316,1.03253,1.03304
2013-05-27T06:00:00+01:00,1.03304,1.03304,1.03138,1.03218
2013-05-27T10:00:00+01:00,1.03218,1.03323,1.03193,1.03248
2013-05-27T14:00:00+01:00,1.03249,1.03437,1.03133,1.03424
2013-05-27T18:00:00+01:00,1.03424,1.03424,1.03312,1.03395
2013-05-27T22:00:00+01:00,1.03393,1.03613,1.03351,1.03591
2013-05-28T02:00:00+01:00,1.03591,1.03673,1.03377,1.03478
2013-05-28T06:00:00+01:00,1.03478,1.03659,1.03376,1.03506
2013-05-28T10:00:00+01:00,1.03506,1.03527,1.03246,1.03437
2013-05-28T14:00:00+01:00,1.03435,1.03891,1.03289,1.03807
2013-05-28T18:00:00+01:00,1.03807,1.04082,1.03807,1.03982
2013-05-28T22:00:00+01:00,1.03981,1.0416,1.03953,1.04109
2013-05-29T02:00:00+01:00,1.04109,1.04161,1.04018,1.04155
2013-05-29T06:00:00+01:00,1.04155,1.04209,1.03889,1.03978
2013-05-29T10:00:00+01:00,1.03978,1.04043,1.03592,1.03747
2013-05-29T14:00:00+01:00,1.03747,1.04014,1.03503,1.03635
2013-05-29T18:00:00+01:00,1.03635,1.03692,1.03459,1.03513
2013-05-29T22:00:00+01:00,1.03514,1.03635,1.03439,1.03616
2013-05-30T02:00:00+01:00,1.03617,1.03676,1.03442,1.03449
2013-05-30T06:00:00+01:00,1.03449,1.03547,1.03312,1.03514
2013-05-30T10:00:00+01:00,1.03514,1.03882,1.03309,1.03668
2013-05-30T14:00:00+01:00,1.03668,1.03745,1.02967,1.03086
2013-05-30T18:00:00+01:00,1.03085,1.03126,1.02964,1.02975
2013-05-30T22:00:00+01:00,1.02973,1.03079,1.02954,1.0307
2013-05-31T02:00:00+01:00,1.03071,1.03167,1.0299,1.03101
2013-05-31T06:00:00+01:00,1.03101,1.03544,1.03035,1.03395
2013-05-31T10:00:00+01:00,1.03395,1.03656,1.03018,1.03095
2013-05-31T14:00:00+01:00,1.03094,1.03813,1.0304,1.0356
2013-05-31T18:00:00+01:00,1.0356,1.03766,1.03493,1.03736
2013-06-02T22:00:00+01:00,1.03736,1.03741,1.03577,1.03601
2013-06-03T02:00:00+01:00,1.036,1.0375,1.03564,1.03678
2013-06-03T06:00:00+01:00,1.03675,1.03696,1.03459,1.03619
2013-06-03T10:00:00+01:00,1.03619,1.03692,1.0334,1.03498
2013-06-03T14:00:00+01:00,1.03498,1.03674,1.02795,1.02882
2013-06-03T18:00:00+01:00,1.02881,1.02921,1.02618,1.0277
2013-06-03T22:00:00+01:00,1.02771,1.02875,1.02734,1.02785
2013-06-04T02:00:00+01:00,1.02785,1.0298,1.02779,1.02929
2013-06-04T06:00:00+01:00,1.02929,1.03317,1.029,1.03316
2013-06-04T10:00:00+01:00,1.03317,1.03317,1.03076,1.03174
2013-06-04T14:00:00+01:00,1.03174,1.03573,1.03146,1.03514
2013-06-04T18:00:00+01:00,1.03516,1.03615,1.03374,1.03415
2013-06-04T22:00:00+01:00,1.03415,1.03579,1.03384,1.03567
2013-06-05T02:00:00+01:00,1.03567,1.03658,1.03331,1.03402
2013-06-05T06:00:00+01:00,1.03399,1.03525,1.03287,1.03467
2013-06-05T10:00:00+01:00,1.03465,1.03545,1.03285,1.03363
2013-06-05T14:00:00+01:00,1.03363,1.03802,1.03276,1.03464
2013-06-05T18:00:00+01:00,1.03463,1.0356,1.03398,1.03436
2013-06-05T22:00:00+01:00,1.03437,1.03629,1.03377,1.03548
2013-06-06T02:00:00+01:00,1.03551,1.03675,1.03437,1.0356
2013-06-06T06:00:00+01:00,1.03559,1.03602,1.03241,1.03275
2013-06-06T10:00:00+01:00,1.03274,1.03452,1.03079,1.03383
2013-06-06T14:00:00+01:00,1.03381,1.03563,1.0198,1.02455
2013-06-06T18:00:00+01:00,1.02456,1.02696,1.02435,1.02635
2013-06-06T22:00:00+01:00,1.02636,1.02843,1.02625,1.02757
2013-06-07T02:00:00+01:00,1.02753,1.0288,1.02644,1.02655
2013-06-07T06:00:00+01:00,1.02656,1.02792,1.02602,1.02686
2013-06-07T10:00:00+01:00,1.02687,1.027,1.01667,1.0228
2013-06-07T14:00:00+01:00,1.02281,1.02333,1.01875,1.02231
2013-06-07T18:00:00+01:00,1.02233,1.02245,1.01883,1.01971
2013-06-09T22:00:00+01:00,1.022,1.02241,1.01816,1.01827
2013-06-10T02:00:00+01:00,1.01826,1.02124,1.01825,1.01974
2013-06-10T06:00:00+01:00,1.01974,1.02137,1.01846,1.01879
2013-06-10T10:00:00+01:00,1.01879,1.02032,1.01798,1.01885
2013-06-10T14:00:00+01:00,1.01885,1.02155,1.01683,1.01963
2013-06-10T18:00:00+01:00,1.01964,1.01991,1.01847,1.01938
2013-06-10T22:00:00+01:00,1.01938,1.0208,1.01885,1.01964
2013-06-11T02:00:00+01:00,1.01964,1.02059,1.01774,1.01926
2013-06-11T06:00:00+01:00,1.01926,1.02392,1.01822,1.02344
2013-06-11T10:00:00+01:00,1.02341,1.02514,1.02184,1.02282
2013-06-11T14:00:00+01:00,1.02283,1.02339,1.01754,1.01912
2013-06-11T18:00:00+01:00,1.01912,1.02057,1.01852,1.01895
2013-06-11T22:00:00+01:00,1.01899,1.01958,1.01817,1.01906
2013-06-12T02:00:00+01:00,1.01908,1.02123,1.01898,1.02107
2013-06-12T06:00:00+01:00,1.02107,1.0217,1.01724,1.01746
2013-06-12T10:00:00+01:00,1.01743,1.01859,1.01555,1.01604
2013-06-12T14:00:00+01:00,1.01601,1.02063,1.01581,1.01859
2013-06-12T18:00:00+01:00,1.01858,1.02174,1.01846,1.02104
2013-06-12T22:00:00+01:00,1.02105,1.02144,1.01955,1.02036
2013-06-13T02:00:00+01:00,1.02037,1.02228,1.02005,1.02169
2013-06-13T06:00:00+01:00,1.02168,1.02262,1.01766,1.01834
2013-06-13T10:00:00+01:00,1.01835,1.01846,1.01504,1.01629
2013-06-13T14:00:00+01:00,1.01629,1.01755,1.01556,1.01723
2013-06-13T18:00:00+01:00,1.01723,1.01872,1.01477,1.01581
2013-06-13T22:00:00+01:00,1.01585,1.01777,1.01507,1.01748
2013-06-14T02:00:00+01:00,1.01747,1.01811,1.01623,1.01789
2013-06-14T06:00:00+01:00,1.01789,1.01872,1.01661,1.017
2013-06-14T10:00:00+01:00,1.01699,1.01865,1.01546,1.01726
2013-06-14T14:00:00+01:00,1.01723,1.01818,1.01373,1.0172
2013-06-14T18:00:00+01:00,1.01719,1.0178,1.01678,1.01705
2013-06-16T22:00:00+01:00,1.01738,1.0176,1.01543,1.01594
2013-06-17T02:00:00+01:00,1.01594,1.01652,1.01546,1.01598
2013-06-17T06:00:00+01:00,1.01594,1.01638,1.015,1.01511
2013-06-17T10:00:00+01:00,1.01511,1.01648,1.01503,1.01599
2013-06-17T14:00:00+01:00,1.01602,1.01883,1.01567,1.01866
2013-06-17T18:00:00+01:00,1.01866,1.02054,1.01765,1.0187
2013-06-17T22:00:00+01:00,1.0187,1.01925,1.01827,1.01858
2013-06-18T02:00:00+01:00,1.01858,1.01968,1.01768,1.01806
2013-06-18T06:00:00+01:00,1.01807,1.02056,1.01794,1.0192
2013-06-18T10:00:00+01:00,1.0192,1.02143,1.01891,1.01966
2013-06-18T14:00:00+01:00,1.01965,1.02171,1.01946,1.02014
2013-06-18T18:00:00+01:00,1.02014,1.02147,1.01978,1.0212
2013-06-18T22:00:00+01:00,1.02113,1.02391,1.02102,1.02276
2013-06-19T02:00:00+01:00,1.02276,1.02333,1.02222,1.0223
2013-06-19T06:00:00+01:00,1.02229,1.02268,1.02066,1.02108
2013-06-19T10:00:00+01:00,1.02107,1.02147,1.01857,1.01946
2013-06-19T14:00:00+01:00,1.01946,1.02022,1.01808,1.01951
2013-06-19T18:00:00+01:00,1.01952,1.02868,1.0174,1.02728
2013-06-19T22:00:00+01:00,1.02726,1.02845,1.02676,1.02806
2013-06-20T02:00:00+01:00,1.02806,1.02956,1.02776,1.02956
2013-06-20T06:00:00+01:00,1.02956,1.03486,1.02868,1.03238
2013-06-20T10:00:00+01:00,1.03237,1.03793,1.03232,1.03357
2013-06-20T14:00:00+01:00,1.03357,1.03934,1.03334,1.03595
2013-06-20T18:00:00+01:00,1.03595,1.03939,1.03595,1.03858
2013-06-20T22:00:00+01:00,1.03861,1.03878,1.03687,1.03822
2013-06-21T02:00:00+01:00,1.03823,1.03888,1.03654,1.03802
2013-06-21T06:00:00+01:00,1.03801,1.03913,1.03631,1.03716
2013-06-21T10:00:00+01:00,1.03716,1.04887,1.03648,1.04751
2013-06-21T14:00:00+01:00,1.0475,1.04845,1.04442,1.04465
2013-06-21T18:00:00+01:00,1.04463,1.04734,1.04399,1.04552
2013-06-23T22:00:00+01:00,1.04815,1.04836,1.04719,1.04828
2013-06-24T02:00:00+01:00,1.04828,1.04992,1.04778,1.04942
2013-06-24T06:00:00+01:00,1.04943,1.05393,1.04913,1.05281
2013-06-24T10:00:00+01:00,1.05282,1.05541,1.04984,1.05127
2013-06-24T14:00:00+01:00,1.05124,1.05563,1.05113,1.05192
2013-06-24T18:00:00+01:00,1.05191,1.05262,1.04704,1.05007
2013-06-24T22:00:00+01:00,1.05008,1.0507,1.04927,1.05005
2013-06-25T02:00:00+01:00,1.05005,1.05221,1.0499,1.05209
2013-06-25T06:00:00+01:00,1.0521,1.05235,1.04577,1.04639
2013-06-25T10:00:00+01:00,1.04639,1.05112,1.04584,1.04993
2013-06-25T14:00:00+01:00,1.04995,1.05477,1.0487,1.05017
2013-06-25T18:00:00+01:00,1.05018,1.05245,1.04984,1.05141
2013-06-25T22:00:00+01:00,1.05147,1.05277,1.05081,1.05124
2013-06-26T02:00:00+01:00,1.05124,1.05192,1.05,1.05028
2013-06-26T06:00:00+01:00,1.05028,1.05049,1.04669,1.0486
2013-06-26T10:00:00+01:00,1.0486,1.04962,1.04579,1.04747
2013-06-26T14:00:00+01:00,1.04748,1.04864,1.04607,1.0473
2013-06-26T18:00:00+01:00,1.0473,1.04942,1.04668,1.04726
2013-06-26T22:00:00+01:00,1.0471,1.04789,1.04619,1.04629
2013-06-27T02:00:00+01:00,1.04627,1.04636,1.04273,1.04313
2013-06-27T06:00:00+01:00,1.04312,1.04556,1.04245,1.04354
2013-06-27T10:00:00+01:00,1.04354,1.04658,1.04283,1.04559
2013-06-27T14:00:00+01:00,1.0456,1.05044,1.04512,1.04796
2013-06-27T18:00:00+01:00,1.04795,1.04924,1.04724,1.04768
2013-06-27T22:00:00+01:00,1.04771,1.04944,1.04709,1.04944
2013-06-28T02:00:00+01:00,1.04946,1.05023,1.04666,1.04668
2013-06-28T06:00:00+01:00,1.04667,1.04907,1.04543,1.04743
2013-06-28T10:00:00+01:00,1.04737,1.05002,1.04685,1.04811
2013-06-28T14:00:00+01:00,1.04811,1.05534,1.04804,1.05268
2013-06-28T18:00:00+01:00,1.05266,1.05287,1.05011,1.05179
2013-06-30T22:00:00+01:00,1.05307,1.05323,1.05131,1.05214
2013-07-01T02:00:00+01:00,1.05214,1.05261,1.05016,1.05055
2013-07-01T06:00:00+01:00,1.05055,1.05288,1.0498,1.052
2013-07-01T10:00:00+01:00,1.05201,1.05343,1.05059,1.05305
2013-07-01T14:00:00+01:00,1.05306,1.05315,1.04873,1.04914
2013-07-01T18:00:00+01:00,1.04914,1.05046,1.04914,1.04963
2013-07-01T22:00:00+01:00,1.04966,1.05094,1.04927,1.0505
2013-07-02T02:00:00+01:00,1.05052,1.05239,1.05044,1.05228
2013-07-02T06:00:00+01:00,1.05228,1.05252,1.05007,1.05116
2013-07-02T10:00:00+01:00,1.05116,1.05782,1.05073,1.05646
2013-07-02T14:00:00+01:00,1.05641,1.05667,1.05229,1.05309
2013-07-02T18:00:00+01:00,1.05307,1.05519,1.05272,1.05437
2013-07-02T22:00:00+01:00,1.05437,1.05544,1.05434,1.0551
2013-07-03T02:00:00+01:00,1.0551,1.05532,1.05292,1.05402
2013-07-03T06:00:00+01:00,1.05404,1.05598,1.05239,1.05266
2013-07-03T10:00:00+01:00,1.0526,1.0557,1.05179,1.05422
2013-07-03T14:00:00+01:00,1.05421,1.05647,1.05146,1.05174
2013-07-03T18:00:00+01:00,1.05178,1.05239,1.05038,1.05047
2013-07-03T22:00:00+01:00,1.05047,1.0508,1.04986,1.05057
2013-07-04T02:00:00+01:00,1.05056,1.05165,1.05008,1.05127
2013-07-04T06:00:00+01:00,1.05127,1.05236,1.05068,1.05105
2013-07-04T10:00:00+01:00,1.05106,1.05575,1.05081,1.05272
2013-07-04T14:00:00+01:00,1.05276,1.05282,1.0472,1.05139
2013-07-04T18:00:00+01:00,1.05139,1.05234,1.05017,1.05146
2013-07-04T22:00:00+01:00,1.05144,1.05296,1.05137,1.05257
2013-07-05T02:00:00+01:00,1.05258,1.05375,1.0523,1.05245
2013-07-05T06:00:00+01:00,1.05245,1.05415,1.05173,1.05371
2013-07-05T10:00:00+01:00,1.05371,1.06093,1.05115,1.05732
2013-07-05T14:00:00+01:00,1.05733,1.06029,1.05665,1.05866
2013-07-05T18:00:00+01:00,1.05864,1.0595,1.05664,1.05813
2013-07-07T22:00:00+01:00,1.05821,1.05855,1.05726,1.05747
2013-07-08T02:00:00+01:00,1.05747,1.05857,1.05724,1.05838
2013-07-08T06:00:00+01:00,1.05838,1.05853,1.05618,1.0566
2013-07-08T10:00:00+01:00,1.0566,1.05664,1.05467,1.05555
2013-07-08T14:00:00+01:00,1.05557,1.05804,1.05468,1.05743
2013-07-08T18:00:00+01:00,1.05742,1.05756,1.05559,1.0558
2013-07-08T22:00:00+01:00,1.0558,1.05728,1.05561,1.05701
2013-07-09T02:00:00+01:00,1.05701,1.05749,1.05547,1.05588
2013-07-09T06:00:00+01:00,1.05587,1.05598,1.05289,1.05441
2013-07-09T10:00:00+01:00,1.05443,1.0563,1.05257,1.05278
2013-07-09T14:00:00+01:00,1.05277,1.05635,1.05137,1.05274
2013-07-09T18:00:00+01:00,1.05275,1.0538,1.0523,1.05269
2013-07-09T22:00:00+01:00,1.05271,1.05371,1.05216,1.05304
2013-07-10T02:00:00+01:00,1.05302,1.05404,1.05177,1.05199
2013-07-10T06:00:00+01:00,1.052,1.05232,1.04988,1.05164
2013-07-10T10:00:00+01:00,1.05164,1.05268,1.04956,1.05212
2013-07-10T14:00:00+01:00,1.05213,1.05242,1.05055,1.05094
2013-07-10T18:00:00+01:00,1.05093,1.05212,1.04474,1.04648
2013-07-10T22:00:00+01:00,1.04648,1.04724,1.03765,1.0418
2013-07-11T02:00:00+01:00,1.04178,1.04178,1.03262,1.03465
2013-07-11T06:00:00+01:00,1.03465,1.03851,1.03305,1.03821
2013-07-11T10:00:00+01:00,1.03818,1.04322,1.03768,1.04197
2013-07-11T14:00:00+01:00,1.04197,1.04364,1.03699,1.03921
2013-07-11T18:00:00+01:00,1.03923,1.04016,1.03636,1.03661
2013-07-11T22:00:00+01:00,1.03663,1.038,1.03589,1.03797
2013-07-12T02:00:00+01:00,1.03798,1.03799,1.03613,1.03624
2013-07-12T06:00:00+01:00,1.03624,1.03741,1.03597,1.03638
2013-07-12T10:00:00+01:00,1.03638,1.03957,1.03618,1.03843
2013-07-12T14:00:00+01:00,1.03845,1.04039,1.03819,1.0386
2013-07-12T18:00:00+01:00,1.03856,1.04045,1.0382,1.03966
2013-07-14T22:00:00+01:00,1.03861,1.03968,1.03846,1.03912
2013-07-15T02:00:00+01:00,1.03912,1.03999,1.03812,1.03827
2013-07-15T06:00:00+01:00,1.03825,1.04208,1.03802,1.04208
2013-07-15T10:00:00+01:00,1.04209,1.04336,1.03967,1.04062
2013-07-15T14:00:00+01:00,1.04061,1.04284,1.03976,1.04224
2013-07-15T18:00:00+01:00,1.04227,1.04278,1.04117,1.04275
2013-07-15T22:00:00+01:00,1.04275,1.04416,1.04223,1.04337
2013-07-16T02:00:00+01:00,1.04337,1.04425,1.04292,1.04316
2013-07-16T06:00:00+01:00,1.04316,1.04412,1.04216,1.0436
2013-07-16T10:00:00+01:00,1.0436,1.04372,1.04019,1.04161
2013-07-16T14:00:00+01:00,1.04161,1.04365,1.0366,1.03777
2013-07-16T18:00:00+01:00,1.03777,1.03811,1.03638,1.03695
2013-07-16T22:00:00+01:00,1.03694,1.03917,1.0367,1.03849
2013-07-17T02:00:00+01:00,1.03849,1.03929,1.03848,1.03917
2013-07-17T06:00:00+01:00,1.03917,1.04082,1.03782,1.03896
2013-07-17T10:00:00+01:00,1.03897,1.04041,1.03558,1.03728
2013-07-17T14:00:00+01:00,1.03728,1.0439,1.03649,1.04058
2013-07-17T18:00:00+01:00,1.04055,1.04194,1.04025,1.04046
2013-07-17T22:00:00+01:00,1.04046,1.04111,1.0401,1.0409
2013-07-18T02:00:00+01:00,1.0409,1.04325,1.04047,1.04301
2013-07-18T06:00:00+01:00,1.04302,1.04395,1.04163,1.04177
2013-07-18T10:00:00+01:00,1.04177,1.0426,1.04086,1.04156
2013-07-18T14:00:00+01:00,1.04156,1.04228,1.03887,1.03919
2013-07-18T18:00:00+01:00,1.03922,1.03931,1.03755,1.03785
2013-07-18T22:00:00+01:00,1.03786,1.03906,1.03736,1.03837
2013-07-19T02:00:00+01:00,1.03838,1.03865,1.03608,1.03685
2013-07-19T06:00:00+01:00,1.03685,1.03819,1.03645,1.03819
2013-07-19T10:00:00+01:00,1.03818,1.03926,1.03655,1.03899
2013-07-19T14:00:00+01:00,1.03901,1.03934,1.03555,1.03566
2013-07-19T18:00:00+01:00,1.03568,1.03696,1.03567,1.0368
2013-07-21T22:00:00+01:00,1.03649,1.03694,1.0352,1.03572
2013-07-22T02:00:00+01:00,1.03571,1.03638,1.03553,1.03562
2013-07-22T06:00:00+01:00,1.0356,1.03589,1.03502,1.03553
2013-07-22T10:00:00+01:00,1.03552,1.03571,1.03317,1.03486
2013-07-22T14:00:00+01:00,1.03487,1.03632,1.03217,1.0325
2013-07-22T18:00:00+01:00,1.03249,1.03461,1.03247,1.03345
2013-07-22T22:00:00+01:00,1.03346,1.03409,1.03308,1.03326
2013-07-23T02:00:00+01:00,1.03327,1.03341,1.03218,1.03242
2013-07-23T06:00:00+01:00,1.03242,1.0336,1.0318,1.03335
2013-07-23T10:00:00+01:00,1.03334,1.03491,1.02987,1.03133
2013-07-23T14:00:00+01:00,1.03131,1.03187,1.02865,1.02952
2013-07-23T18:00:00+01:00,1.02952,1.03004,1.02777,1.0287
2013-07-23T22:00:00+01:00,1.0287,1.03023,1.02861,1.02968
2013-07-24T02:00:00+01:00,1.02967,1.0313,1.02951,1.03063
2013-07-24T06:00:00+01:00,1.03062,1.03124,1.02961,1.03013
2013-07-24T10:00:00+01:00,1.03012,1.03012,1.02629,1.02826
2013-07-24T14:00:00+01:00,1.02827,1.03082,1.02718,1.03023
2013-07-24T18:00:00+01:00,1.03022,1.03252,1.02985,1.0314
2013-07-24T22:00:00+01:00,1.03151,1.03199,1.03066,1.03159
2013-07-25T02:00:00+01:00,1.0316,1.0316,1.03025,1.03031
2013-07-25T06:00:00+01:00,1.03029,1.03132,1.0297,1.03127
2013-07-25T10:00:00+01:00,1.03127,1.0313,1.02758,1.02838
2013-07-25T14:00:00+01:00,1.02835,1.03031,1.02766,1.02831
2013-07-25T18:00:00+01:00,1.02831,1.02867,1.02555,1.02795
2013-07-25T22:00:00+01:00,1.02795,1.02884,1.0276,1.02856
2013-07-26T02:00:00+01:00,1.02858,1.0286,1.02711,1.02771
2013-07-26T06:00:00+01:00,1.02772,1.02846,1.02631,1.02672
2013-07-26T10:00:00+01:00,1.02672,1.0287,1.02623,1.02792
2013-07-26T14:00:00+01:00,1.02792,1.03028,1.02721,1.02827
2013-07-26T18:00:00+01:00,1.02828,1.0286,1.0269,1.02783
2013-07-28T22:00:00+01:00,1.02843,1.0287,1.02649,1.02672
2013-07-29T02:00:00+01:00,1.02671,1.02753,1.02611,1.02731
2013-07-29T06:00:00+01:00,1.02731,1.02834,1.02652,1.02751
2013-07-29T10:00:00+01:00,1.02748,1.02805,1.02655,1.0275
2013-07-29T14:00:00+01:00,1.0275,1.02797,1.02587,1.02674
2013-07-29T18:00:00+01:00,1.02682,1.02734,1.02529,1.02661
2013-07-29T22:00:00+01:00,1.0266,1.02686,1.02598,1.02625
2013-07-30T02:00:00+01:00,1.0261,1.0283,1.02583,1.028
2013-07-30T06:00:00+01:00,1.02799,1.02913,1.02725,1.02825
2013-07-30T10:00:00+01:00,1.02833,1.02841,1.02584,1.02663
2013-07-30T14:00:00+01:00,1.02655,1.03026,1.02605,1.02956
2013-07-30T18:00:00+01:00,1.0296,1.03105,1.02953,1.03035
2013-07-30T22:00:00+01:00,1.03055,1.03091,1.02965,1.02997
2013-07-31T02:00:00+01:00,1.03002,1.03051,1.02945,1.02987
2013-07-31T06:00:00+01:00,1.02984,1.03224,1.02909,1.02959
2013-07-31T10:00:00+01:00,1.02957,1.03357,1.02862,1.03162
2013-07-31T14:00:00+01:00,1.03173,1.03283,1.02772,1.02872
2013-07-31T18:00:00+01:00,1.02878,1.02961,1.02459,1.0277
2013-07-31T22:00:00+01:00,1.02768,1.02911,1.02657,1.02691
2013-08-01T02:00:00+01:00,1.02691,1.02967,1.02678,1.02937
2013-08-01T06:00:00+01:00,1.02937,1.03022,1.02858,1.02889
2013-08-01T10:00:00+01:00,1.0289,1.03098,1.02809,1.03063
2013-08-01T14:00:00+01:00,1.03063,1.03465,1.02989,1.03453
2013-08-01T18:00:00+01:00,1.03454,1.03513,1.03336,1.03469
2013-08-01T22:00:00+01:00,1.0347,1.03503,1.03435,1.03472
2013-08-02T02:00:00+01:00,1.03473,1.03629,1.03463,1.03516
2013-08-02T06:00:00+01:00,1.03515,1.03879,1.03494,1.03869
2013-08-02T10:00:00+01:00,1.03866,1.04026,1.03392,1.03687
2013-08-02T14:00:00+01:00,1.0369,1.03922,1.03551,1.03836
2013-08-02T18:00:00+01:00,1.03834,1.03956,1.03827,1.03907
2013-08-04T22:00:00+01:00,1.03925,1.03987,1.03845,1.03978
2013-08-05T02:00:00+01:00,1.03977,1.04035,1.03969,1.0398
2013-08-05T06:00:00+01:00,1.0398,1.03992,1.03794,1.03863
2013-08-05T10:00:00+01:00,1.03863,1.03985,1.03799,1.03906
2013-08-05T14:00:00+01:00,1.03906,1.0402,1.03646,1.03646
2013-08-05T18:00:00+01:00,1.03647,1.03778,1.03596,1.03602
2013-08-05T22:00:00+01:00,1.03603,1.03628,1.03484,1.03519
2013-08-06T02:00:00+01:00,1.03518,1.03565,1.03487,1.03547
2013-08-06T06:00:00+01:00,1.03548,1.03707,1.0353,1.0369
2013-08-06T10:00:00+01:00,1.03691,1.0385,1.03632,1.03793
2013-08-06T14:00:00+01:00,1.03794,1.03907,1.03669,1.03746
2013-08-06T18:00:00+01:00,1.0374,1.03768,1.03646,1.03762
2013-08-06T22:00:00+01:00,1.03763,1.03815,1.03679,1.03804
2013-08-07T02:00:00+01:00,1.03804,1.03885,1.03791,1.03842
2013-08-07T06:00:00+01:00,1.03843,1.04257,1.03802,1.04229
2013-08-07T10:00:00+01:00,1.0423,1.04388,1.04088,1.04347
2013-08-07T14:00:00+01:00,1.04346,1.04454,1.0403,1.04148
2013-08-07T18:00:00+01:00,1.0415,1.04269,1.04122,1.04234
2013-08-07T22:00:00+01:00,1.04234,1.04306,1.04201,1.04229
2013-08-08T02:00:00+01:00,1.04229,1.0431,1.04159,1.0416
2013-08-08T06:00:00+01:00,1.04161,1.04203,1.03997,1.04161
2013-08-08T10:00:00+01:00,1.0416,1.04205,1.03966,1.04007
2013-08-08T14:00:00+01:00,1.04007,1.04062,1.03077,1.0308
2013-08-08T18:00:00+01:00,1.03079,1.03292,1.03039,1.0327
2013-08-08T22:00:00+01:00,1.0328,1.03317,1.03232,1.03283
2013-08-09T02:00:00+01:00,1.03283,1.03304,1.0322,1.03275
2013-08-09T06:00:00+01:00,1.03275,1.03298,1.03022,1.03039
2013-08-09T10:00:00+01:00,1.03037,1.03495,1.02885,1.03485
2013-08-09T14:00:00+01:00,1.03485,1.03531,1.02779,1.02848
2013-08-09T18:00:00+01:00,1.02855,1.02954,1.02753,1.02887
2013-08-11T22:00:00+01:00,1.02994,1.03026,1.02807,1.02875
2013-08-12T02:00:00+01:00,1.02874,1.02906,1.02809,1.02884
2013-08-12T06:00:00+01:00,1.02883,1.03146,1.02838,1.03131
2013-08-12T10:00:00+01:00,1.03132,1.03167,1.03024,1.03063
2013-08-12T14:00:00+01:00,1.03062,1.03091,1.02936,1.03017
2013-08-12T18:00:00+01:00,1.03024,1.03096,1.02944,1.0307
2013-08-12T22:00:00+01:00,1.03064,1.03148,1.03017,1.03082
2013-08-13T02:00:00+01:00,1.03082,1.03143,1.03042,1.03063
2013-08-13T06:00:00+01:00,1.03065,1.03313,1.03038,1.03279
2013-08-13T10:00:00+01:00,1.0328,1.03398,1.03148,1.03372
2013-08-13T14:00:00+01:00,1.03372,1.03485,1.03256,1.03397
2013-08-13T18:00:00+01:00,1.03398,1.03482,1.03368,1.0344
2013-08-13T22:00:00+01:00,1.03433,1.03522,1.03402,1.03503
2013-08-14T02:00:00+01:00,1.03504,1.03574,1.03464,1.03541
2013-08-14T06:00:00+01:00,1.0354,1.03696,1.03499,1.03586
2013-08-14T10:00:00+01:00,1.03585,1.03585,1.0327,1.03348
2013-08-14T14:00:00+01:00,1.03348,1.03365,1.03186,1.03269
2013-08-14T18:00:00+01:00,1.03269,1.03424,1.03252,1.03424
2013-08-14T22:00:00+01:00,1.03425,1.03452,1.03268,1.03304
2013-08-15T02:00:00+01:00,1.03304,1.03319,1.03146,1.03219
2013-08-15T06:00:00+01:00,1.03222,1.03241,1.03044,1.03072
2013-08-15T10:00:00+01:00,1.03071,1.03642,1.03052,1.0346
2013-08-15T14:00:00+01:00,1.0346,1.03586,1.03253,1.03276
2013-08-15T18:00:00+01:00,1.03274,1.03274,1.03002,1.03063
2013-08-15T22:00:00+01:00,1.03065,1.03087,1.02993,1.03011
2013-08-16T02:00:00+01:00,1.0301,1.0308,1.02939,1.03046
2013-08-16T06:00:00+01:00,1.03046,1.03223,1.03025,1.03193
2013-08-16T10:00:00+01:00,1.03195,1.03384,1.03184,1.03377
2013-08-16T14:00:00+01:00,1.03376,1.03601,1.03316,1.03468
2013-08-16T18:00:00+01:00,1.03466,1.03583,1.03212,1.03368
2013-08-18T22:00:00+01:00,1.03428,1.03436,1.033,1.03312
2013-08-19T02:00:00+01:00,1.0331,1.03341,1.03159,1.03313
2013-08-19T06:00:00+01:00,1.0331,1.03414,1.03173,1.03252
2013-08-19T10:00:00+01:00,1.03252,1.03417,1.0318,1.03314
2013-08-19T14:00:00+01:00,1.03315,1.03424,1.03211,1.0339
2013-08-19T18:00:00+01:00,1.03391,1.03483,1.0339,1.03455
2013-08-19T22:00:00+01:00,1.03455,1.03487,1.03381,1.03485
2013-08-20T02:00:00+01:00,1.03486,1.03771,1.03479,1.03702
2013-08-20T06:00:00+01:00,1.03703,1.03736,1.03461,1.03591
2013-08-20T10:00:00+01:00,1.03591,1.04015,1.03566,1.03921
2013-08-20T14:00:00+01:00,1.03921,1.03973,1.03741,1.03795
2013-08-20T18:00:00+01:00,1.03791,1.03948,1.03776,1.03918
2013-08-20T22:00:00+01:00,1.03919,1.04035,1.03892,1.04026
2013-08-21T02:00:00+01:00,1.04026,1.04248,1.04001,1.04226
2013-08-21T06:00:00+01:00,1.04226,1.04445,1.04163,1.04445
2013-08-21T10:00:00+01:00,1.04443,1.04478,1.04241,1.0436
2013-08-21T14:00:00+01:00,1.04364,1.04537,1.0434,1.04468
2013-08-21T18:00:00+01:00,1.04468,1.04828,1.04387,1.04726
2013-08-21T22:00:00+01:00,1.04729,1.04977,1.04706,1.0493
2013-08-22T02:00:00+01:00,1.04929,1.04997,1.04856,1.04904
2013-08-22T06:00:00+01:00,1.04903,1.04952,1.04706,1.04856
2013-08-22T10:00:00+01:00,1.04856,1.05163,1.04845,1.05004
2013-08-22T14:00:00+01:00,1.05003,1.05248,1.04955,1.0518
2013-08-22T18:00:00+01:00,1.05179,1.05303,1.05128,1.05155
2013-08-22T22:00:00+01:00,1.0515,1.05271,1.05052,1.05244
2013-08-23T02:00:00+01:00,1.05244,1.05422,1.05232,1.05407
2013-08-23T06:00:00+01:00,1.05409,1.05567,1.05399,1.0553
2013-08-23T10:00:00+01:00,1.0553,1.05682,1.0543,1.05486
2013-08-23T14:00:00+01:00,1.05486,1.05607,1.05083,1.05149
2013-08-23T18:00:00+01:00,1.05149,1.05206,1.04955,1.04963
2013-08-25T22:00:00+01:00,1.05099,1.0517,1.05026,1.05046
2013-08-26T02:00:00+01:00,1.05045,1.05092,1.04998,1.05018
2013-08-26T06:00:00+01:00,1.0502,1.05182,1.04998,1.05172
2013-08-26T10:00:00+01:00,1.05172,1.05335,1.0501,1.05072
2013-08-26T14:00:00+01:00,1.05072,1.052,1.05048,1.05123
2013-08-26T18:00:00+01:00,1.05126,1.05145,1.04984,1.05008
2013-08-26T22:00:00+01:00,1.05009,1.05145,1.04974,1.05139
2013-08-27T02:00:00+01:00,1.05138,1.05192,1.0512,1.05159
2013-08-27T06:00:00+01:00,1.0516,1.05402,1.05158,1.05305
2013-08-27T10:00:00+01:00,1.05306,1.05367,1.05225,1.05253
2013-08-27T14:00:00+01:00,1.05254,1.05271,1.04939,1.04951
2013-08-27T18:00:00+01:00,1.04953,1.05024,1.0472,1.04746
2013-08-27T22:00:00+01:00,1.04745,1.04933,1.04725,1.04868
2013-08-28T02:00:00+01:00,1.04869,1.04985,1.04763,1.04981
2013-08-28T06:00:00+01:00,1.04979,1.05113,1.04912,1.04992
2013-08-28T10:00:00+01:00,1.04996,1.05058,1.04745,1.04812
2013-08-28T14:00:00+01:00,1.04812,1.04963,1.04761,1.04903
2013-08-28T18:00:00+01:00,1.04903,1.04903,1.04764,1.04875
2013-08-28T22:00:00+01:00,1.04876,1.04956,1.04851,1.04906
2013-08-29T02:00:00+01:00,1.04907,1.04944,1.04801,1.04811
2013-08-29T06:00:00+01:00,1.04811,1.05052,1.04811,1.05016
2013-08-29T10:00:00+01:00,1.05015,1.05158,1.0492,1.05105
2013-08-29T14:00:00+01:00,1.05106,1.05295,1.04878,1.05259
2013-08-29T18:00:00+01:00,1.05261,1.05412,1.05251,1.05333
2013-08-29T22:00:00+01:00,1.05339,1.05414,1.05301,1.05359
2013-08-30T02:00:00+01:00,1.05358,1.05373,1.05296,1.05317
2013-08-30T06:00:00+01:00,1.05316,1.05334,1.05219,1.0528
2013-08-30T10:00:00+01:00,1.05281,1.05517,1.05206,1.0527
2013-08-30T14:00:00+01:00,1.05271,1.05579,1.05092,1.05274
2013-08-30T18:00:00+01:00,1.05284,1.0541,1.05154,1.05375
2013-09-01T22:00:00+01:00,1.05304,1.05431,1.0526,1.05341
2013-09-02T02:00:00+01:00,1.05341,1.05343,1.05185,1.05218
2013-09-02T06:00:00+01:00,1.05218,1.05443,1.05166,1.05375
2013-09-02T10:00:00+01:00,1.05375,1.05385,1.05225,1.05226
2013-09-02T14:00:00+01:00,1.05227,1.05578,1.05198,1.05493
2013-09-02T18:00:00+01:00,1.05493,1.05544,1.05377,1.05485
2013-09-02T22:00:00+01:00,1.05495,1.05567,1.05409,1.0551
2013-09-03T02:00:00+01:00,1.05509,1.05598,1.05417,1.05472
2013-09-03T06:00:00+01:00,1.05472,1.05527,1.05373,1.05416
2013-09-03T10:00:00+01:00,1.05417,1.05466,1.05119,1.05134
2013-09-03T14:00:00+01:00,1.05134,1.05475,1.05093,1.05419
2013-09-03T18:00:00+01:00,1.05418,1.05438,1.05288,1.05346
2013-09-03T22:00:00+01:00,1.05344,1.0542,1.05306,1.05401
2013-09-04T02:00:00+01:00,1.05401,1.05424,1.05361,1.05399
2013-09-04T06:00:00+01:00,1.054,1.05425,1.05132,1.05144
2013-09-04T10:00:00+01:00,1.05144,1.0521,1.04788,1.05003
2013-09-04T14:00:00+01:00,1.05002,1.05184,1.04758,1.04913
2013-09-04T18:00:00+01:00,1.04913,1.0497,1.04887,1.0496
2013-09-04T22:00:00+01:00,1.04961,1.05005,1.0488,1.04903
2013-09-05T02:00:00+01:00,1.04903,1.04905,1.04799,1.0485
2013-09-05T06:00:00+01:00,1.0485,1.05045,1.04845,1.04949
2013-09-05T10:00:00+01:00,1.04949,1.04981,1.04764,1.04824
2013-09-05T14:00:00+01:00,1.04825,1.05161,1.04805,1.05043
2013-09-05T18:00:00+01:00,1.05045,1.05073,1.0501,1.05046
2013-09-05T22:00:00+01:00,1.05048,1.05056,1.04873,1.04892
2013-09-06T02:00:00+01:00,1.04892,1.04893,1.04797,1.04842
2013-09-06T06:00:00+01:00,1.04842,1.04878,1.04574,1.04576
2013-09-06T10:00:00+01:00,1.04578,1.04638,1.03873,1.04088
2013-09-06T14:00:00+01:00,1.04087,1.04095,1.03815,1.04002
2013-09-06T18:00:00+01:00,1.04003,1.04159,1.03965,1.04063
2013-09-08T22:00:00+01:00,1.04144,1.04214,1.04005,1.04084
2013-09-09T02:00:00+01:00,1.04083,1.04125,1.0397,1.03991
2013-09-09T06:00:00+01:00,1.03991,1.04011,1.03833,1.0384
2013-09-09T10:00:00+01:00,1.03841,1.03896,1.03638,1.03721
2013-09-09T14:00:00+01:00,1.03719,1.03812,1.03653,1.0369
2013-09-09T18:00:00+01:00,1.03691,1.03768,1.03598,1.03695
2013-09-09T22:00:00+01:00,1.03688,1.03776,1.03631,1.03708
2013-09-10T02:00:00+01:00,1.03708,1.03773,1.03612,1.03627
2013-09-10T06:00:00+01:00,1.03627,1.03798,1.03563,1.03668
2013-09-10T10:00:00+01:00,1.03668,1.03719,1.03306,1.03457
2013-09-10T14:00:00+01:00,1.03457,1.03676,1.03417,1.03474
2013-09-10T18:00:00+01:00,1.03475,1.03524,1.03445,1.03488
2013-09-10T22:00:00+01:00,1.03484,1.03557,1.03445,1.03449
2013-09-11T02:00:00+01:00,1.0345,1.03634,1.03425,1.03622
2013-09-11T06:00:00+01:00,1.03622,1.03652,1.03414,1.03425
2013-09-11T10:00:00+01:00,1.03425,1.03455,1.03315,1.03397
2013-09-11T14:00:00+01:00,1.03397,1.03472,1.03245,1.03308
2013-09-11T18:00:00+01:00,1.03307,1.03309,1.03137,1.03191
2013-09-11T22:00:00+01:00,1.03189,1.03194,1.03061,1.03075
2013-09-12T02:00:00+01:00,1.03075,1.03241,1.03066,1.03228
2013-09-12T06:00:00+01:00,1.03227,1.03251,1.03096,1.03215
2013-09-12T10:00:00+01:00,1.03215,1.03355,1.0315,1.03355
2013-09-12T14:00:00+01:00,1.03355,1.03362,1.03136,1.03236
2013-09-12T18:00:00+01:00,1.03236,1.03292,1.03201,1.03229
2013-09-12T22:00:00+01:00,1.03226,1.03277,1.03213,1.03247
2013-09-13T02:00:00+01:00,1.03247,1.03313,1.03228,1.03288
2013-09-13T06:00:00+01:00,1.03289,1.03458,1.03289,1.03426
2013-09-13T10:00:00+01:00,1.03428,1.03462,1.03273,1.03344
2013-09-13T14:00:00+01:00,1.03343,1.03423,1.03276,1.03397
2013-09-13T18:00:00+01:00,1.03398,1.03563,1.03364,1.03512
2013-09-15T22:00:00+01:00,1.03191,1.03234,1.03023,1.03023
2013-09-16T02:00:00+01:00,1.03025,1.03064,1.03022,1.0303
2013-09-16T06:00:00+01:00,1.0303,1.03031,1.02827,1.0291
2013-09-16T10:00:00+01:00,1.02909,1.03042,1.02897,1.02982
2013-09-16T14:00:00+01:00,1.02982,1.03247,1.02913,1.03242
2013-09-16T18:00:00+01:00,1.03241,1.03266,1.03155,1.03244
2013-09-16T22:00:00+01:00,1.03245,1.03256,1.03165,1.03218
2013-09-17T02:00:00+01:00,1.03218,1.03349,1.03192,1.03287
2013-09-17T06:00:00+01:00,1.03288,1.03328,1.03154,1.03176
2013-09-17T10:00:00+01:00,1.03178,1.03216,1.03035,1.03146
2013-09-17T14:00:00+01:00,1.03146,1.03198,1.02747,1.0298
2013-09-17T18:00:00+01:00,1.02979,1.03034,1.02915,1.0296
2013-09-17T22:00:00+01:00,1.02958,1.03034,1.02935,1.03017
2013-09-18T02:00:00+01:00,1.03014,1.03029,1.02967,1.02971
2013-09-18T06:00:00+01:00,1.02971,1.03027,1.02903,1.03008
2013-09-18T10:00:00+01:00,1.03007,1.03141,1.02972,1.03126
2013-09-18T14:00:00+01:00,1.03126,1.03183,1.03042,1.03075
2013-09-18T18:00:00+01:00,1.03075,1.03084,1.02016,1.02202
2013-09-18T22:00:00+01:00,1.02205,1.02333,1.02181,1.02224
2013-09-19T02:00:00+01:00,1.02222,1.02262,1.0213,1.02192
2013-09-19T06:00:00+01:00,1.02193,1.02194,1.01905,1.01958
2013-09-19T10:00:00+01:00,1.01958,1.02188,1.01825,1.02156
2013-09-19T14:00:00+01:00,1.02155,1.02539,1.02045,1.02473
2013-09-19T18:00:00+01:00,1.02473,1.02674,1.02464,1.02645
2013-09-19T22:00:00+01:00,1.02645,1.02709,1.02628,1.02706
2013-09-20T02:00:00+01:00,1.02706,1.0286,1.02698,1.02807
2013-09-20T06:00:00+01:00,1.02807,1.02875,1.02634,1.02821
2013-09-20T10:00:00+01:00,1.02822,1.03013,1.0278,1.02906
2013-09-20T14:00:00+01:00,1.02906,1.03014,1.02797,1.02903
2013-09-20T18:00:00+01:00,1.02904,1.03106,1.02849,1.03045
2013-09-22T22:00:00+01:00,1.03082,1.03117,1.02985,1.03004
2013-09-23T02:00:00+01:00,1.03004,1.03035,1.02904,1.02947
2013-09-23T06:00:00+01:00,1.02948,1.02976,1.0284,1.02924
2013-09-23T10:00:00+01:00,1.02925,1.03061,1.02882,1.02983
2013-09-23T14:00:00+01:00,1.02984,1.02984,1.02753,1.02766
2013-09-23T18:00:00+01:00,1.02765,1.02875,1.02748,1.02839
2013-09-23T22:00:00+01:00,1.0284,1.02884,1.02809,1.02873
2013-09-24T02:00:00+01:00,1.02873,1.02887,1.02849,1.02864
2013-09-24T06:00:00+01:00,1.02866,1.02907,1.02768,1.02907
2013-09-24T10:00:00+01:00,1.02908,1.03056,1.02703,1.02935
2013-09-24T14:00:00+01:00,1.02935,1.03107,1.02859,1.02961
2013-09-24T18:00:00+01:00,1.02962,1.03049,1.02936,1.03004
2013-09-24T22:00:00+01:00,1.03004,1.03087,1.02996,1.03051
2013-09-25T02:00:00+01:00,1.0305,1.03073,1.03024,1.03025
2013-09-25T06:00:00+01:00,1.03025,1.03194,1.03001,1.03167
2013-09-25T10:00:00+01:00,1.03167,1.0318,1.03046,1.03115
2013-09-25T14:00:00+01:00,1.03114,1.03161,1.02864,1.03016
2013-09-25T18:00:00+01:00,1.03015,1.03164,1.02995,1.03135
2013-09-25T22:00:00+01:00,1.03134,1.03241,1.03124,1.03148
2013-09-26T02:00:00+01:00,1.03148,1.03242,1.03142,1.0318
2013-09-26T06:00:00+01:00,1.03181,1.0321,1.03045,1.03047
2013-09-26T10:00:00+01:00,1.03047,1.03138,1.03032,1.03113
2013-09-26T14:00:00+01:00,1.03114,1.03405,1.03051,1.03194
2013-09-26T18:00:00+01:00,1.03195,1.03234,1.03088,1.03092
2013-09-26T22:00:00+01:00,1.03092,1.03135,1.03086,1.03096
2013-09-27T02:00:00+01:00,1.03096,1.03221,1.03094,1.03125
2013-09-27T06:00:00+01:00,1.03126,1.03277,1.03083,1.03274
2013-09-27T10:00:00+01:00,1.03274,1.03321,1.03157,1.03187
2013-09-27T14:00:00+01:00,1.03187,1.03216,1.02983,1.03062
2013-09-27T18:00:00+01:00,1.03062,1.03092,1.02988,1.03045
2013-09-29T22:00:00+01:00,1.03179,1.03193,1.03085,1.03113
2013-09-30T02:00:00+01:00,1.03115,1.0314,1.03016,1.03053
2013-09-30T06:00:00+01:00,1.03055,1.03178,1.02968,1.03053
2013-09-30T10:00:00+01:00,1.03051,1.03147,1.02769,1.02875
2013-09-30T14:00:00+01:00,1.02876,1.02974,1.02754,1.02956
2013-09-30T18:00:00+01:00,1.02956,1.03092,1.02897,1.03088
2013-09-30T22:00:00+01:00,1.0309,1.03294,1.03074,1.03286
2013-10-01T02:00:00+01:00,1.03286,1.03292,1.03077,1.03099
2013-10-01T06:00:00+01:00,1.03098,1.03145,1.0288,1.03112
2013-10-01T10:00:00+01:00,1.03112,1.03234,1.02974,1.03144
2013-10-01T14:00:00+01:00,1.03145,1.03368,1.03103,1.03327
2013-10-01T18:00:00+01:00,1.03327,1.03331,1.03218,1.03225
2013-10-01T22:00:00+01:00,1.03226,1.03416,1.03226,1.03393
2013-10-02T02:00:00+01:00,1.03392,1.03482,1.03363,1.03453
2013-10-02T06:00:00+01:00,1.03452,1.03567,1.03401,1.03436
2013-10-02T10:00:00+01:00,1.03436,1.03505,1.03356,1.03443
2013-10-02T14:00:00+01:00,1.03443,1.03462,1.03265,1.03312
2013-10-02T18:00:00+01:00,1.03311,1.03373,1.0324,1.03362
2013-10-02T22:00:00+01:00,1.03362,1.03384,1.03231,1.03234
2013-10-03T02:00:00+01:00,1.03235,1.0327,1.03177,1.03235
2013-10-03T06:00:00+01:00,1.03235,1.03362,1.03182,1.0334
2013-10-03T10:00:00+01:00,1.0334,1.03397,1.03298,1.03314
2013-10-03T14:00:00+01:00,1.03313,1.03315,1.03127,1.03216
2013-10-03T18:00:00+01:00,1.03216,1.03333,1.03175,1.03332
2013-10-03T22:00:00+01:00,1.03327,1.03343,1.03254,1.03259
2013-10-04T02:00:00+01:00,1.03256,1.03289,1.03232,1.0326
2013-10-04T06:00:00+01:00,1.0326,1.0337,1.03225,1.03338
2013-10-04T10:00:00+01:00,1.03337,1.03404,1.03271,1.03362
2013-10-04T14:00:00+01:00,1.03362,1.03371,1.02978,1.03065
2013-10-04T18:00:00+01:00,1.03074,1.03092,1.02903,1.02946
2013-10-06T22:00:00+01:00,1.02975,1.0304,1.02929,1.02977
2013-10-07T02:00:00+01:00,1.02978,1.03067,1.02968,1.03066
2013-10-07T06:00:00+01:00,1.03065,1.03257,1.03029,1.0318
2013-10-07T10:00:00+01:00,1.03181,1.03338,1.03154,1.03273
2013-10-07T14:00:00+01:00,1.03273,1.03296,1.02976,1.03129
2013-10-07T18:00:00+01:00,1.03131,1.03161,1.03082,1.0313
2013-10-07T22:00:00+01:00,1.03126,1.03182,1.03115,1.03164
2013-10-08T02:00:00+01:00,1.03164,1.03286,1.03161,1.03253
2013-10-08T06:00:00+01:00,1.03254,1.03344,1.0322,1.03305
2013-10-08T10:00:00+01:00,1.03305,1.03325,1.03074,1.03218
2013-10-08T14:00:00+01:00,1.03218,1.03478,1.03182,1.03438
2013-10-08T18:00:00+01:00,1.03439,1.03737,1.0341,1.03683
2013-10-08T22:00:00+01:00,1.03681,1.03707,1.03536,1.0367
2013-10-09T02:00:00+01:00,1.03669,1.03737,1.03655,1.03733
2013-10-09T06:00:00+01:00,1.03733,1.03786,1.03695,1.03735
2013-10-09T10:00:00+01:00,1.03735,1.0386,1.03707,1.03781
2013-10-09T14:00:00+01:00,1.03781,1.04073,1.03714,1.03933
2013-10-09T18:00:00+01:00,1.03932,1.04042,1.03851,1.03943
2013-10-09T22:00:00+01:00,1.03941,1.03975,1.03914,1.03972
2013-10-10T02:00:00+01:00,1.03974,1.04197,1.03974,1.0414
2013-10-10T06:00:00+01:00,1.04141,1.04159,1.03933,1.03933
2013-10-10T10:00:00+01:00,1.03933,1.04035,1.03827,1.03989
2013-10-10T14:00:00+01:00,1.03987,1.04008,1.0372,1.03824
2013-10-10T18:00:00+01:00,1.03824,1.03987,1.03822,1.03985
2013-10-10T22:00:00+01:00,1.03985,1.04125,1.03937,1.04071
2013-10-11T02:00:00+01:00,1.04072,1.04085,1.03925,1.04008
2013-10-11T06:00:00+01:00,1.04011,1.04018,1.03865,1.03904
2013-10-11T10:00:00+01:00,1.03903,1.04061,1.03768,1.03945
2013-10-11T14:00:00+01:00,1.03944,1.03987,1.03767,1.03777
2013-10-11T18:00:00+01:00,1.03777,1.03802,1.03403,1.03511
2013-10-13T22:00:00+01:00,1.0372,1.03729,1.03581,1.03678
2013-10-14T02:00:00+01:00,1.03678,1.03695,1.03527,1.03551
2013-10-14T06:00:00+01:00,1.03551,1.03589,1.03468,1.03473
2013-10-14T10:00:00+01:00,1.03472,1.03557,1.03424,1.03545
2013-10-14T14:00:00+01:00,1.03547,1.03573,1.03455,1.03511
2013-10-14T18:00:00+01:00,1.03507,1.03566,1.03431,1.0354
2013-10-14T22:00:00+01:00,1.03543,1.03586,1.03435,1.03438
2013-10-15T02:00:00+01:00,1.03439,1.03442,1.0332,1.03344
2013-10-15T06:00:00+01:00,1.03344,1.03486,1.03332,1.03469
2013-10-15T10:00:00+01:00,1.03469,1.03682,1.03465,1.03641
2013-10-15T14:00:00+01:00,1.03641,1.03764,1.03587,1.03734
2013-10-15T18:00:00+01:00,1.03734,1.03912,1.03733,1.03832
2013-10-15T22:00:00+01:00,1.03829,1.03855,1.03654,1.03755
2013-10-16T02:00:00+01:00,1.03756,1.03838,1.03753,1.03766
2013-10-16T06:00:00+01:00,1.03766,1.03797,1.03658,1.03697
2013-10-16T10:00:00+01:00,1.03696,1.03747,1.03605,1.0364
2013-10-16T14:00:00+01:00,1.03639,1.03687,1.03411,1.03411
2013-10-16T18:00:00+01:00,1.03411,1.03436,1.03264,1.03275
2013-10-16T22:00:00+01:00,1.03276,1.03324,1.03173,1.03197
2013-10-17T02:00:00+01:00,1.03197,1.0328,1.0316,1.03235
2013-10-17T06:00:00+01:00,1.03234,1.03275,1.02927,1.02957
2013-10-17T10:00:00+01:00,1.02957,1.0311,1.02914,1.0311
2013-10-17T14:00:00+01:00,1.0311,1.03141,1.02809,1.02915
2013-10-17T18:00:00+01:00,1.02912,1.03009,1.02876,1.02895
2013-10-17T22:00:00+01:00,1.02893,1.03011,1.02893,1.02987
2013-10-18T02:00:00+01:00,1.02985,1.03001,1.02926,1.02974
2013-10-18T06:00:00+01:00,1.02974,1.02999,1.02865,1.02872
2013-10-18T10:00:00+01:00,1.02869,1.03023,1.0284,1.02933
2013-10-18T14:00:00+01:00,1.02931,1.02933,1.02775,1.0287
2013-10-18T18:00:00+01:00,1.02869,1.03001,1.02853,1.02861
2013-10-20T22:00:00+01:00,1.02908,1.02975,1.02886,1.02963
2013-10-21T02:00:00+01:00,1.0296,1.02986,1.02908,1.02924
2013-10-21T06:00:00+01:00,1.02924,1.02985,1.02924,1.02954
2013-10-21T10:00:00+01:00,1.02953,1.03035,1.02895,1.03005
2013-10-21T14:00:00+01:00,1.03007,1.03011,1.02902,1.02969
2013-10-21T18:00:00+01:00,1.02969,1.03044,1.0295,1.03043
2013-10-21T22:00:00+01:00,1.03043,1.03096,1.0301,1.03076
2013-10-22T02:00:00+01:00,1.03076,1.031,1.03023,1.03023
2013-10-22T06:00:00+01:00,1.03023,1.03023,1.02954,1.02955
2013-10-22T10:00:00+01:00,1.02955,1.03075,1.02828,1.02976
2013-10-22T14:00:00+01:00,1.02976,1.02984,1.02714,1.02865
2013-10-22T18:00:00+01:00,1.02863,1.02922,1.02843,1.02862
2013-10-22T22:00:00+01:00,1.02862,1.02943,1.02852,1.0289
2013-10-23T02:00:00+01:00,1.0289,1.03071,1.02828,1.03053
2013-10-23T06:00:00+01:00,1.03051,1.03382,1.03025,1.03314
2013-10-23T10:00:00+01:00,1.03311,1.03322,1.03137,1.03224
2013-10-23T14:00:00+01:00,1.03226,1.03937,1.03218,1.03756
2013-10-23T18:00:00+01:00,1.03756,1.03969,1.03745,1.03824
2013-10-23T22:00:00+01:00,1.03825,1.03859,1.03774,1.03797
2013-10-24T02:00:00+01:00,1.03797,1.03814,1.03701,1.03761
2013-10-24T06:00:00+01:00,1.03761,1.03966,1.03663,1.03963
2013-10-24T10:00:00+01:00,1.03964,1.04171,1.0396,1.04076
2013-10-24T14:00:00+01:00,1.04076,1.04378,1.04028,1.04239
2013-10-24T18:00:00+01:00,1.04228,1.04276,1.0418,1.04214
2013-10-24T22:00:00+01:00,1.04213,1.04278,1.04163,1.04263
2013-10-25T02:00:00+01:00,1.04262,1.04265,1.04106,1.04131
2013-10-25T06:00:00+01:00,1.04131,1.04471,1.04122,1.04469
2013-10-25T10:00:00+01:00,1.04469,1.04564,1.04292,1.04411
2013-10-25T14:00:00+01:00,1.04409,1.04548,1.04396,1.0449
2013-10-25T18:00:00+01:00,1.04492,1.04608,1.04452,1.04486
2013-10-27T21:00:00+00:00,1.04479,1.04513,1.04409,1.04421
2013-10-28T01:00:00+00:00,1.04422,1.04442,1.04295,1.04366
2013-10-28T05:00:00+00:00,1.04367,1.04455,1.04363,1.04421
2013-10-28T09:00:00+00:00,1.04421,1.04503,1.04384,1.04467
2013-10-28T13:00:00+00:00,1.04466,1.04516,1.04397,1.0443
2013-10-28T17:00:00+00:00,1.04428,1.04482,1.04367,1.04454
2013-10-28T21:00:00+00:00,1.04453,1.04551,1.04431,1.04471
2013-10-29T01:00:00+00:00,1.04472,1.04541,1.04396,1.04496
2013-10-29T05:00:00+00:00,1.04497,1.04499,1.04316,1.04437
2013-10-29T09:00:00+00:00,1.04439,1.04472,1.04276,1.04424
2013-10-29T13:00:00+00:00,1.04424,1.04655,1.04324,1.04642
2013-10-29T17:00:00+00:00,1.04642,1.04713,1.04573,1.04685
2013-10-29T21:00:00+00:00,1.04685,1.04729,1.04651,1.04696
2013-10-30T01:00:00+00:00,1.04695,1.04703,1.04589,1.04605
2013-10-30T05:00:00+00:00,1.04606,1.04652,1.04523,1.04529
2013-10-30T09:00:00+00:00,1.04529,1.04574,1.04408,1.04519
2013-10-30T13:00:00+00:00,1.0452,1.04672,1.04428,1.04653
2013-10-30T17:00:00+00:00,1.04651,1.04967,1.04541,1.04788
2013-10-30T21:00:00+00:00,1.04789,1.0483,1.04733,1.04753
2013-10-31T01:00:00+00:00,1.04753,1.04851,1.04734,1.04843
2013-10-31T05:00:00+00:00,1.04843,1.04901,1.04568,1.04592
2013-10-31T09:00:00+00:00,1.04593,1.04642,1.04354,1.04475
2013-10-31T13:00:00+00:00,1.04475,1.04507,1.04206,1.04354
2013-10-31T17:00:00+00:00,1.04354,1.04366,1.04124,1.0431
2013-10-31T21:00:00+00:00,1.04312,1.04382,1.04292,1.04324
2013-11-01T01:00:00+00:00,1.04324,1.04415,1.0422,1.04278
2013-11-01T05:00:00+00:00,1.04279,1.04365,1.04229,1.0423
2013-11-01T09:00:00+00:00,1.04231,1.04303,1.04119,1.04241
2013-11-01T13:00:00+00:00,1.04241,1.04539,1.04208,1.04414
2013-11-01T17:00:00+00:00,1.04415,1.04436,1.04185,1.04215
2013-11-03T22:00:00+00:00,1.04187,1.04218,1.04124,1.04177
2013-11-04T02:00:00+00:00,1.04178,1.04283,1.04155,1.0417
2013-11-04T06:00:00+00:00,1.04168,1.04212,1.04048,1.04109
2013-11-04T10:00:00+00:00,1.04108,1.0414,1.03982,1.04066
2013-11-04T14:00:00+00:00,1.04065,1.04247,1.04034,1.04238
2013-11-04T18:00:00+00:00,1.04238,1.04254,1.04163,1.04246
2013-11-04T22:00:00+00:00,1.04248,1.04324,1.0417,1.04315
2013-11-05T02:00:00+00:00,1.04315,1.04421,1.04281,1.04388
2013-11-05T06:00:00+00:00,1.04388,1.04527,1.04356,1.04395
2013-11-05T10:00:00+00:00,1.04394,1.04521,1.04251,1.04445
2013-11-05T14:00:00+00:00,1.04446,1.04571,1.04385,1.0456
2013-11-05T18:00:00+00:00,1.0456,1.04619,1.04486,1.04552
2013-11-05T22:00:00+00:00,1.04557,1.04591,1.04475,1.04581
2013-11-06T02:00:00+00:00,1.04581,1.04589,1.04397,1.04467
2013-11-06T06:00:00+00:00,1.04464,1.0455,1.04411,1.04434
2013-11-06T10:00:00+00:00,1.04434,1.04497,1.04352,1.04477
2013-11-06T14:00:00+00:00,1.04478,1.04483,1.0412,1.04236
2013-11-06T18:00:00+00:00,1.04236,1.04236,1.04147,1.04186
2013-11-06T22:00:00+00:00,1.0418,1.04236,1.04165,1.04204
2013-11-07T02:00:00+00:00,1.04204,1.04231,1.04171,1.04182
2013-11-07T06:00:00+00:00,1.04183,1.04234,1.04135,1.04161
2013-11-07T10:00:00+00:00,1.04163,1.04496,1.04058,1.04455
2013-11-07T14:00:00+00:00,1.04456,1.0453,1.04337,1.04493
2013-11-07T18:00:00+00:00,1.04497,1.04635,1.04395,1.0461
2013-11-07T22:00:00+00:00,1.04614,1.04619,1.04476,1.04504
2013-11-08T02:00:00+00:00,1.04506,1.04551,1.04458,1.04542
2013-11-08T06:00:00+00:00,1.04542,1.04693,1.04515,1.04612
2013-11-08T10:00:00+00:00,1.04611,1.04974,1.0448,1.04846
2013-11-08T14:00:00+00:00,1.04848,1.05031,1.04791,1.04901
2013-11-08T18:00:00+00:00,1.049,1.04987,1.04758,1.04777
2013-11-10T22:00:00+00:00,1.04834,1.04865,1.04716,1.04753
2013-11-11T02:00:00+00:00,1.04757,1.04828,1.04734,1.04767
2013-11-11T06:00:00+00:00,1.04771,1.04793,1.04676,1.04723
2013-11-11T10:00:00+00:00,1.04723,1.04814,1.04655,1.04814
2013-11-11T14:00:00+00:00,1.04815,1.04845,1.04707,1.04785
2013-11-11T18:00:00+00:00,1.04785,1.04812,1.04685,1.04751
2013-11-11T22:00:00+00:00,1.04751,1.04772,1.0464,1.04749
2013-11-12T02:00:00+00:00,1.0475,1.04872,1.04748,1.04814
2013-11-12T06:00:00+00:00,1.04814,1.05055,1.04798,1.04869
2013-11-12T10:00:00+00:00,1.04869,1.05086,1.04838,1.04893
2013-11-12T14:00:00+00:00,1.04894,1.05034,1.04761,1.04867
2013-11-12T18:00:00+00:00,1.04868,1.04973,1.04868,1.0495
2013-11-12T22:00:00+00:00,1.04953,1.04964,1.04892,1.04894
2013-11-13T02:00:00+00:00,1.04894,1.04923,1.04853,1.04915
2013-11-13T06:00:00+00:00,1.04913,1.04916,1.04804,1.04884
2013-11-13T10:00:00+00:00,1.04883,1.04963,1.04804,1.04836
2013-11-13T14:00:00+00:00,1.04836,1.04936,1.04555,1.04582
2013-11-13T18:00:00+00:00,1.0458,1.04694,1.04523,1.04563
2013-11-13T22:00:00+00:00,1.04575,1.04594,1.04404,1.0459
2013-11-14T02:00:00+00:00,1.04588,1.04755,1.04567,1.0471
2013-11-14T06:00:00+00:00,1.0471,1.04807,1.04683,1.04768
2013-11-14T10:00:00+00:00,1.04771,1.0508,1.04753,1.04997
2013-11-14T14:00:00+00:00,1.04997,1.05259,1.047,1.0474
2013-11-14T18:00:00+00:00,1.04741,1.04873,1.04633,1.04645
2013-11-14T22:00:00+00:00,1.04644,1.04719,1.04629,1.04669
2013-11-15T02:00:00+00:00,1.0467,1.04705,1.04642,1.04669
2013-11-15T06:00:00+00:00,1.04666,1.04846,1.04612,1.04827
2013-11-15T10:00:00+00:00,1.04826,1.04831,1.04515,1.04605
2013-11-15T14:00:00+00:00,1.04609,1.04775,1.04534,1.04537
2013-11-15T18:00:00+00:00,1.04537,1.04554,1.04377,1.04388
2013-11-17T22:00:00+00:00,1.0438,1.04424,1.0437,1.04375
2013-11-18T02:00:00+00:00,1.04375,1.04385,1.04298,1.04312
2013-11-18T06:00:00+00:00,1.04312,1.04352,1.04166,1.04205
2013-11-18T10:00:00+00:00,1.04206,1.04297,1.04156,1.0421
2013-11-18T14:00:00+00:00,1.04208,1.04349,1.0415,1.04306
2013-11-18T18:00:00+00:00,1.04305,1.0438,1.04235,1.04285
2013-11-18T22:00:00+00:00,1.04285,1.04353,1.04248,1.04337
2013-11-19T02:00:00+00:00,1.04339,1.04372,1.04318,1.04344
2013-11-19T06:00:00+00:00,1.04346,1.0445,1.04155,1.04419
2013-11-19T10:00:00+00:00,1.04418,1.04493,1.04295,1.04391
2013-11-19T14:00:00+00:00,1.04391,1.04773,1.04357,1.04766
2013-11-19T18:00:00+00:00,1.04766,1.04853,1.04685,1.04694
2013-11-19T22:00:00+00:00,1.04693,1.04715,1.04531,1.04657
2013-11-20T02:00:00+00:00,1.04656,1.04731,1.04638,1.04696
2013-11-20T06:00:00+00:00,1.04697,1.04741,1.04592,1.04598
2013-11-20T10:00:00+00:00,1.04596,1.04654,1.04428,1.04551
2013-11-20T14:00:00+00:00,1.04551,1.04588,1.0438,1.04501
2013-11-20T18:00:00+00:00,1.04503,1.04618,1.04361,1.04525
2013-11-20T22:00:00+00:00,1.04516,1.04629,1.04471,1.04601
2013-11-21T02:00:00+00:00,1.04601,1.04692,1.04586,1.04672
2013-11-21T06:00:00+00:00,1.04671,1.0474,1.04597,1.0463
2013-11-21T10:00:00+00:00,1.04628,1.04906,1.04589,1.04898
2013-11-21T14:00:00+00:00,1.04898,1.05173,1.04854,1.05153
2013-11-21T18:00:00+00:00,1.05153,1.05267,1.0514,1.05177
2013-11-21T22:00:00+00:00,1.05172,1.05275,1.05156,1.05272
2013-11-22T02:00:00+00:00,1.05272,1.05471,1.05227,1.05454
2013-11-22T06:00:00+00:00,1.05454,1.05549,1.05316,1.05543
2013-11-22T10:00:00+00:00,1.05543,1.05693,1.05339,1.05359
2013-11-22T14:00:00+00:00,1.05358,1.05436,1.05227,1.05401
2013-11-22T18:00:00+00:00,1.05401,1.05493,1.05127,1.05154
2013-11-24T22:00:00+00:00,1.05314,1.05553,1.05227,1.0554
2013-11-25T02:00:00+00:00,1.05541,1.05604,1.05428,1.0558
2013-11-25T06:00:00+00:00,1.05578,1.05835,1.05462,1.05646
2013-11-25T10:00:00+00:00,1.05646,1.05666,1.05499,1.05586
2013-11-25T14:00:00+00:00,1.05586,1.05607,1.05411,1.05564
2013-11-25T18:00:00+00:00,1.05564,1.05639,1.05414,1.05429
2013-11-25T22:00:00+00:00,1.05429,1.05444,1.05225,1.0523
2013-11-26T02:00:00+00:00,1.0523,1.05397,1.05228,1.05371
2013-11-26T06:00:00+00:00,1.05372,1.0553,1.05242,1.05416
2013-11-26T10:00:00+00:00,1.05418,1.05441,1.05202,1.05351
2013-11-26T14:00:00+00:00,1.05351,1.05585,1.05334,1.05516
2013-11-26T18:00:00+00:00,1.05514,1.05556,1.05287,1.05414
2013-11-26T22:00:00+00:00,1.05414,1.05532,1.05389,1.05489
2013-11-27T02:00:00+00:00,1.05489,1.05549,1.05446,1.05512
2013-11-27T06:00:00+00:00,1.05512,1.05613,1.05368,1.05369
2013-11-27T10:00:00+00:00,1.05368,1.05861,1.05317,1.05772
2013-11-27T14:00:00+00:00,1.05773,1.06026,1.05747,1.05949
2013-11-27T18:00:00+00:00,1.0595,1.05997,1.05917,1.05946
2013-11-27T22:00:00+00:00,1.05946,1.05975,1.05763,1.05763
2013-11-28T02:00:00+00:00,1.05763,1.05922,1.05755,1.05839
2013-11-28T06:00:00+00:00,1.05841,1.05924,1.05744,1.05756
2013-11-28T10:00:00+00:00,1.05756,1.05964,1.05712,1.05963
2013-11-28T14:00:00+00:00,1.05967,1.05979,1.05781,1.05786
2013-11-28T18:00:00+00:00,1.05786,1.05902,1.05775,1.05813
2013-11-28T22:00:00+00:00,1.05814,1.05987,1.05802,1.05958
2013-11-29T02:00:00+00:00,1.05959,1.05997,1.05912,1.05913
2013-11-29T06:00:00+00:00,1.05914,1.05988,1.05811,1.05915
2013-11-29T10:00:00+00:00,1.05914,1.05938,1.05594,1.0568
2013-11-29T14:00:00+00:00,1.05683,1.06264,1.05668,1.06258
2013-11-29T18:00:00+00:00,1.06258,1.06285,1.06019,1.0615
2013-12-01T22:00:00+00:00,1.06232,1.06287,1.06141,1.0618
2013-12-02T02:00:00+00:00,1.0618,1.06267,1.06162,1.06194
2013-12-02T06:00:00+00:00,1.06193,1.06398,1.06143,1.06354
2013-12-02T10:00:00+00:00,1.06354,1.0654,1.06266,1.06322
2013-12-02T14:00:00+00:00,1.06324,1.06483,1.06278,1.06304
2013-12-02T18:00:00+00:00,1.06304,1.06462,1.06288,1.06442
2013-12-02T22:00:00+00:00,1.06442,1.06478,1.06345,1.06448
2013-12-03T02:00:00+00:00,1.06448,1.06489,1.0642,1.06482
2013-12-03T06:00:00+00:00,1.06482,1.06505,1.06313,1.06346
2013-12-03T10:00:00+00:00,1.06346,1.06641,1.06346,1.06564
2013-12-03T14:00:00+00:00,1.06562,1.06726,1.0651,1.06623
2013-12-03T18:00:00+00:00,1.06623,1.06632,1.06463,1.0649
2013-12-03T22:00:00+00:00,1.0649,1.06503,1.06388,1.06435
2013-12-04T02:00:00+00:00,1.06435,1.06462,1.06385,1.06454
2013-12-04T06:00:00+00:00,1.06453,1.06767,1.06449,1.06736
2013-12-04T10:00:00+00:00,1.06736,1.06782,1.06475,1.06658
2013-12-04T14:00:00+00:00,1.06657,1.07072,1.06557,1.06912
2013-12-04T18:00:00+00:00,1.06912,1.07014,1.06731,1.06832
2013-12-04T22:00:00+00:00,1.06835,1.06848,1.06634,1.06659
2013-12-05T02:00:00+00:00,1.06659,1.06832,1.06645,1.06828
2013-12-05T06:00:00+00:00,1.06829,1.06844,1.06625,1.06698
2013-12-05T10:00:00+00:00,1.06698,1.06764,1.06522,1.06739
2013-12-05T14:00:00+00:00,1.06739,1.06994,1.0625,1.06421
2013-12-05T18:00:00+00:00,1.06422,1.06545,1.06406,1.06536
2013-12-05T22:00:00+00:00,1.06541,1.0665,1.06437,1.06591
2013-12-06T02:00:00+00:00,1.06588,1.06632,1.06488,1.06612
2013-12-06T06:00:00+00:00,1.06611,1.06669,1.06511,1.06615
2013-12-06T10:00:00+00:00,1.06612,1.07076,1.06364,1.06484
2013-12-06T14:00:00+00:00,1.06484,1.06661,1.06223,1.06508
2013-12-06T18:00:00+00:00,1.06508,1.06622,1.06334,1.06397
2013-12-08T22:00:00+00:00,1.06468,1.06601,1.0641,1.0652
2013-12-09T02:00:00+00:00,1.06517,1.0653,1.06424,1.06468
2013-12-09T06:00:00+00:00,1.06469,1.06627,1.06451,1.06543
2013-12-09T10:00:00+00:00,1.06545,1.06685,1.06439,1.06658
2013-12-09T14:00:00+00:00,1.0666,1.067,1.06358,1.06377
2013-12-09T18:00:00+00:00,1.06379,1.06452,1.0626,1.06265
2013-12-09T22:00:00+00:00,1.06266,1.0643,1.06264,1.06404
2013-12-10T02:00:00+00:00,1.06404,1.06412,1.063,1.06344
2013-12-10T06:00:00+00:00,1.06347,1.06455,1.06265,1.06411
2013-12-10T10:00:00+00:00,1.06411,1.0642,1.06143,1.06208
2013-12-10T14:00:00+00:00,1.06209,1.06283,1.06103,1.06147
2013-12-10T18:00:00+00:00,1.06147,1.06155,1.06011,1.06022
2013-12-10T22:00:00+00:00,1.06023,1.06082,1.06021,1.06035
2013-12-11T02:00:00+00:00,1.06034,1.0608,1.06027,1.06065
2013-12-11T06:00:00+00:00,1.06064,1.0617,1.05916,1.05964
2013-12-11T10:00:00+00:00,1.05963,1.06052,1.05848,1.06014
2013-12-11T14:00:00+00:00,1.06014,1.06201,1.05909,1.06007
2013-12-11T18:00:00+00:00,1.06008,1.06127,1.05862,1.05905
2013-12-11T22:00:00+00:00,1.05897,1.05967,1.05857,1.05933
2013-12-12T02:00:00+00:00,1.0593,1.05949,1.05875,1.05899
2013-12-12T06:00:00+00:00,1.05899,1.05927,1.05614,1.05732
2013-12-12T10:00:00+00:00,1.05733,1.06164,1.0561,1.06071
2013-12-12T14:00:00+00:00,1.06071,1.06562,1.06071,1.06337
2013-12-12T18:00:00+00:00,1.06338,1.06475,1.06329,1.06395
2013-12-12T22:00:00+00:00,1.06396,1.06515,1.0625,1.06375
2013-12-13T02:00:00+00:00,1.06374,1.06478,1.06335,1.06435
2013-12-13T06:00:00+00:00,1.06436,1.06565,1.06397,1.06564
2013-12-13T10:00:00+00:00,1.06564,1.06692,1.06353,1.06366
2013-12-13T14:00:00+00:00,1.06366,1.06475,1.05915,1.0606
2013-12-13T18:00:00+00:00,1.06057,1.06062,1.05809,1.05841
2013-12-15T22:00:00+00:00,1.0594,1.05955,1.05845,1.0587
2013-12-16T02:00:00+00:00,1.05868,1.05926,1.05784,1.05816
2013-12-16T06:00:00+00:00,1.05817,1.05844,1.05763,1.05835
2013-12-16T10:00:00+00:00,1.05835,1.05939,1.05756,1.05902
2013-12-16T14:00:00+00:00,1.05901,1.05934,1.05727,1.0583
2013-12-16T18:00:00+00:00,1.0583,1.05964,1.05815,1.05963
2013-12-16T22:00:00+00:00,1.05964,1.05977,1.0577,1.05778
2013-12-17T02:00:00+00:00,1.05777,1.05861,1.05769,1.05817
2013-12-17T06:00:00+00:00,1.05818,1.05897,1.05764,1.05863
2013-12-17T10:00:00+00:00,1.05864,1.05961,1.05762,1.05935
2013-12-17T14:00:00+00:00,1.05935,1.06175,1.05875,1.06123
2013-12-17T18:00:00+00:00,1.06121,1.0618,1.06042,1.06071
2013-12-17T22:00:00+00:00,1.06073,1.06095,1.06018,1.06039
2013-12-18T02:00:00+00:00,1.06037,1.06196,1.06017,1.0615
2013-12-18T06:00:00+00:00,1.06149,1.06207,1.06058,1.06204
2013-12-18T10:00:00+00:00,1.06206,1.06478,1.06183,1.06445
2013-12-18T14:00:00+00:00,1.06442,1.06713,1.0635,1.0646
2013-12-18T18:00:00+00:00,1.06462,1.0703,1.06098,1.07022
2013-12-18T22:00:00+00:00,1.07022,1.07198,1.06956,1.07178
2013-12-19T02:00:00+00:00,1.07178,1.07252,1.07173,1.0722
2013-12-19T06:00:00+00:00,1.07224,1.07279,1.07046,1.07224
2013-12-19T10:00:00+00:00,1.07224,1.07255,1.07036,1.07133
2013-12-19T14:00:00+00:00,1.07131,1.07131,1.06677,1.06685
2013-12-19T18:00:00+00:00,1.06691,1.06741,1.0661,1.06639
2013-12-19T22:00:00+00:00,1.06638,1.06793,1.06627,1.06676
2013-12-20T02:00:00+00:00,1.06678,1.0671,1.06618,1.06671
2013-12-20T06:00:00+00:00,1.06671,1.06826,1.06658,1.0675
2013-12-20T10:00:00+00:00,1.06748,1.07374,1.06624,1.07009
2013-12-20T14:00:00+00:00,1.07012,1.07198,1.06605,1.06644
2013-12-20T18:00:00+00:00,1.06644,1.06731,1.06284,1.06367
2013-12-22T22:00:00+00:00,1.06412,1.06481,1.06372,1.06438
2013-12-23T02:00:00+00:00,1.0644,1.06461,1.06349,1.06383
2013-12-23T06:00:00+00:00,1.06385,1.0653,1.06285,1.06325
2013-12-23T10:00:00+00:00,1.06326,1.06341,1.05903,1.06051
2013-12-23T14:00:00+00:00,1.06048,1.0617,1.05817,1.06132
2013-12-23T18:00:00+00:00,1.06132,1.06181,1.05987,1.06064
2013-12-23T22:00:00+00:00,1.06052,1.06235,1.0605,1.06208
2013-12-24T02:00:00+00:00,1.06209,1.06334,1.06157,1.06181
2013-12-24T06:00:00+00:00,1.06181,1.06299,1.06137,1.06268
2013-12-24T10:00:00+00:00,1.06267,1.06275,1.06063,1.06224
2013-12-24T14:00:00+00:00,1.06224,1.0635,1.06082,1.06158
2013-12-24T18:00:00+00:00,1.06159,1.0636,1.06134,1.0631
2013-12-24T22:00:00+00:00,1.06303,1.06391,1.05957,1.06275
2013-12-25T02:00:00+00:00,1.0627,1.06324,1.06238,1.0629
2013-12-25T06:00:00+00:00,1.06294,1.06296,1.06245,1.06257
2013-12-25T18:00:00+00:00,1.06302,1.06302,1.06302,1.06302
2013-12-25T22:00:00+00:00,1.06299,1.06447,1.06279,1.06385
2013-12-26T02:00:00+00:00,1.0639,1.06435,1.06381,1.06393
2013-12-26T06:00:00+00:00,1.06394,1.06437,1.06317,1.06366
2013-12-26T10:00:00+00:00,1.06364,1.06439,1.06163,1.06223
2013-12-26T14:00:00+00:00,1.06223,1.06499,1.0621,1.06448
2013-12-26T18:00:00+00:00,1.06448,1.06484,1.06367,1.06482
2013-12-26T22:00:00+00:00,1.0648,1.06518,1.06413,1.06415
2013-12-27T02:00:00+00:00,1.06415,1.06458,1.06283,1.06361
2013-12-27T06:00:00+00:00,1.06361,1.06437,1.06196,1.06432
2013-12-27T10:00:00+00:00,1.06432,1.06732,1.06411,1.06654
2013-12-27T14:00:00+00:00,1.06653,1.07024,1.06616,1.06908
2013-12-27T18:00:00+00:00,1.06909,1.07188,1.069,1.07063
2013-12-29T22:00:00+00:00,1.0702,1.07275,1.06963,1.07235
2013-12-30T02:00:00+00:00,1.07235,1.07277,1.07072,1.07166
2013-12-30T06:00:00+00:00,1.07166,1.07231,1.0709,1.0711
2013-12-30T10:00:00+00:00,1.07106,1.07192,1.06893,1.06978
2013-12-30T14:00:00+00:00,1.06976,1.06979,1.06367,1.06486
2013-12-30T18:00:00+00:00,1.06485,1.06515,1.06379,1.06492
2013-12-30T22:00:00+00:00,1.06488,1.06525,1.06436,1.06446
2013-12-31T02:00:00+00:00,1.06446,1.06571,1.06434,1.06449
2013-12-31T06:00:00+00:00,1.06448,1.06549,1.06385,1.06445
2013-12-31T10:00:00+00:00,1.06446,1.06496,1.06311,1.06388
2013-12-31T14:00:00+00:00,1.06388,1.06439,1.06169,1.06278
2013-12-31T18:00:00+00:00,1.06278,1.06346,1.06133,1.06231
2014-01-01T22:00:00+00:00,1.06428,1.06489,1.06364,1.06385
2014-01-02T02:00:00+00:00,1.06385,1.06469,1.06269,1.06285
2014-01-02T06:00:00+00:00,1.06289,1.06578,1.06283,1.06371
2014-01-02T10:00:00+00:00,1.0637,1.0662,1.06241,1.06272
2014-01-02T14:00:00+00:00,1.06272,1.06442,1.05885,1.06398
2014-01-02T18:00:00+00:00,1.06404,1.06778,1.0637,1.06699
2014-01-02T22:00:00+00:00,1.06696,1.06721,1.06634,1.06701
2014-01-03T02:00:00+00:00,1.067,1.067,1.06367,1.06459
2014-01-03T06:00:00+00:00,1.06459,1.06651,1.06321,1.06392
2014-01-03T10:00:00+00:00,1.06391,1.06468,1.06028,1.06178
2014-01-03T14:00:00+00:00,1.0618,1.06306,1.06055,1.06096
2014-01-03T18:00:00+00:00,1.06096,1.0641,1.0608,1.06348
2014-01-05T22:00:00+00:00,1.0636,1.06407,1.06107,1.06197
2014-01-06T02:00:00+00:00,1.062,1.06242,1.06149,1.06242
2014-01-06T06:00:00+00:00,1.06242,1.06374,1.06092,1.06277
2014-01-06T10:00:00+00:00,1.06277,1.06685,1.06211,1.06676
2014-01-06T14:00:00+00:00,1.06676,1.06807,1.06459,1.06487
2014-01-06T18:00:00+00:00,1.06485,1.06603,1.06414,1.06554
2014-01-06T22:00:00+00:00,1.06564,1.0673,1.06521,1.06723
2014-01-07T02:00:00+00:00,1.06723,1.06852,1.06687,1.06846
2014-01-07T06:00:00+00:00,1.06845,1.06888,1.06718,1.06841
2014-01-07T10:00:00+00:00,1.0684,1.07183,1.06816,1.07111
2014-01-07T14:00:00+00:00,1.07112,1.07624,1.0706,1.07505
2014-01-07T18:00:00+00:00,1.07505,1.07813,1.07478,1.07657
2014-01-07T22:00:00+00:00,1.07657,1.07917,1.07618,1.07899
2014-01-08T02:00:00+00:00,1.07895,1.08095,1.07875,1.08064
2014-01-08T06:00:00+00:00,1.08065,1.0829,1.07956,1.08128
2014-01-08T10:00:00+00:00,1.08129,1.08274,1.0792,1.08024
2014-01-08T14:00:00+00:00,1.08026,1.0817,1.07905,1.08072
2014-01-08T18:00:00+00:00,1.08074,1.08303,1.08027,1.08204
2014-01-08T22:00:00+00:00,1.08205,1.08321,1.0819,1.08292
2014-01-09T02:00:00+00:00,1.08293,1.08453,1.08292,1.08423
2014-01-09T06:00:00+00:00,1.08419,1.08443,1.08235,1.08367
2014-01-09T10:00:00+00:00,1.08369,1.08655,1.08355,1.08554
2014-01-09T14:00:00+00:00,1.08554,1.08711,1.08405,1.08485
2014-01-09T18:00:00+00:00,1.08485,1.08746,1.08306,1.08423
2014-01-09T22:00:00+00:00,1.08425,1.08572,1.08377,1.08461
2014-01-10T02:00:00+00:00,1.08461,1.08524,1.08403,1.08486
2014-01-10T06:00:00+00:00,1.08486,1.08627,1.08379,1.08573
2014-01-10T10:00:00+00:00,1.08571,1.09292,1.08546,1.09292
2014-01-10T14:00:00+00:00,1.09292,1.0946,1.08898,1.08927
2014-01-10T18:00:00+00:00,1.08926,1.09029,1.08833,1.08932
2014-01-12T22:00:00+00:00,1.0907,1.09167,1.09035,1.09065
2014-01-13T02:00:00+00:00,1.09065,1.09065,1.08913,1.08939
2014-01-13T06:00:00+00:00,1.08939,1.09262,1.08935,1.0921
2014-01-13T10:00:00+00:00,1.0921,1.09295,1.08769,1.08828
2014-01-13T14:00:00+00:00,1.08829,1.08868,1.08608,1.08637
2014-01-13T18:00:00+00:00,1.08638,1.08742,1.08429,1.0862
2014-01-13T22:00:00+00:00,1.08623,1.08994,1.08595,1.089
2014-01-14T02:00:00+00:00,1.08901,1.08905,1.08793,1.08814
2014-01-14T06:00:00+00:00,1.08813,1.09071,1.08813,1.0901
2014-01-14T10:00:00+00:00,1.0901,1.09123,1.08858,1.09008
2014-01-14T14:00:00+00:00,1.09009,1.09485,1.08996,1.09343
2014-01-14T18:00:00+00:00,1.09342,1.0959,1.09339,1.09466
2014-01-14T22:00:00+00:00,1.09463,1.09749,1.09453,1.09734
2014-01-15T02:00:00+00:00,1.09734,1.09776,1.09667,1.09718
2014-01-15T06:00:00+00:00,1.09717,1.09912,1.09596,1.09698
2014-01-15T10:00:00+00:00,1.09698,1.09769,1.09378,1.09503
2014-01-15T14:00:00+00:00,1.09504,1.09628,1.09203,1.09347
2014-01-15T18:00:00+00:00,1.09347,1.09595,1.09336,1.0934
2014-01-15T22:00:00+00:00,1.09338,1.09628,1.09337,1.09482
2014-01-16T02:00:00+00:00,1.09482,1.09498,1.09306,1.09375
2014-01-16T06:00:00+00:00,1.09376,1.09563,1.09329,1.09354
2014-01-16T10:00:00+00:00,1.09356,1.09384,1.09127,1.09261
2014-01-16T14:00:00+00:00,1.09261,1.09325,1.09051,1.09244
2014-01-16T18:00:00+00:00,1.09247,1.09342,1.09164,1.09305
2014-01-16T22:00:00+00:00,1.09309,1.09361,1.09262,1.09309
2014-01-17T02:00:00+00:00,1.09308,1.094,1.09283,1.09336
2014-01-17T06:00:00+00:00,1.09336,1.09512,1.09279,1.09472
2014-01-17T10:00:00+00:00,1.09471,1.09744,1.09346,1.09554
2014-01-17T14:00:00+00:00,1.09555,1.09816,1.09458,1.09655
2014-01-17T18:00:00+00:00,1.09657,1.09837,1.09606,1.09615
2014-01-19T22:00:00+00:00,1.09659,1.09698,1.09445,1.09508
2014-01-20T02:00:00+00:00,1.09508,1.09612,1.09298,1.09565
2014-01-20T06:00:00+00:00,1.09564,1.09584,1.09396,1.09506
2014-01-20T10:00:00+00:00,1.09505,1.09583,1.09342,1.0944
2014-01-20T14:00:00+00:00,1.09442,1.09723,1.09421,1.09594
2014-01-20T18:00:00+00:00,1.09594,1.09632,1.09448,1.09477
2014-01-20T22:00:00+00:00,1.09482,1.09667,1.0943,1.09605
2014-01-21T02:00:00+00:00,1.09605,1.09617,1.09475,1.09525
2014-01-21T06:00:00+00:00,1.09525,1.10189,1.09523,1.10086
2014-01-21T10:00:00+00:00,1.10088,1.1017,1.09773,1.09788
2014-01-21T14:00:00+00:00,1.09788,1.09857,1.09654,1.09679
2014-01-21T18:00:00+00:00,1.0968,1.09824,1.09642,1.09666
2014-01-21T22:00:00+00:00,1.09674,1.09784,1.09624,1.09729
2014-01-22T02:00:00+00:00,1.09726,1.09783,1.09641,1.09776
2014-01-22T06:00:00+00:00,1.09777,1.09783,1.09539,1.09647
2014-01-22T10:00:00+00:00,1.09646,1.0973,1.09566,1.09589
2014-01-22T14:00:00+00:00,1.0959,1.10804,1.09537,1.10736
2014-01-22T18:00:00+00:00,1.10736,1.1092,1.10708,1.10874
2014-01-22T22:00:00+00:00,1.10875,1.11435,1.10827,1.11429
2014-01-23T02:00:00+00:00,1.11428,1.11566,1.11253,1.1134
2014-01-23T06:00:00+00:00,1.1134,1.11736,1.11135,1.11463
2014-01-23T10:00:00+00:00,1.11463,1.11641,1.11026,1.11034
2014-01-23T14:00:00+00:00,1.11033,1.11673,1.10922,1.11611
2014-01-23T18:00:00+00:00,1.11611,1.11671,1.10957,1.11017
2014-01-23T22:00:00+00:00,1.1102,1.1117,1.10964,1.11096
2014-01-24T02:00:00+00:00,1.11096,1.11281,1.11025,1.11227
2014-01-24T06:00:00+00:00,1.11225,1.11376,1.1061,1.10695
2014-01-24T10:00:00+00:00,1.10697,1.11098,1.10523,1.10673
2014-01-24T14:00:00+00:00,1.10671,1.10962,1.10576,1.10706
2014-01-24T18:00:00+00:00,1.10706,1.10885,1.10635,1.10885
2014-01-26T22:00:00+00:00,1.10669,1.10709,1.10576,1.10678
2014-01-27T02:00:00+00:00,1.10674,1.10708,1.10565,1.10579
2014-01-27T06:00:00+00:00,1.10579,1.10729,1.10539,1.10624
2014-01-27T10:00:00+00:00,1.10624,1.10705,1.10319,1.10376
2014-01-27T14:00:00+00:00,1.10376,1.11114,1.10316,1.10959
2014-01-27T18:00:00+00:00,1.1096,1.1117,1.10857,1.11153
2014-01-27T22:00:00+00:00,1.11156,1.11194,1.11054,1.11182
2014-01-28T02:00:00+00:00,1.1118,1.11186,1.10939,1.1099
2014-01-28T06:00:00+00:00,1.1099,1.11153,1.10784,1.111
2014-01-28T10:00:00+00:00,1.11101,1.1156,1.11051,1.11555
2014-01-28T14:00:00+00:00,1.11555,1.11768,1.11451,1.11545
2014-01-28T18:00:00+00:00,1.11545,1.11628,1.11482,1.11522
2014-01-28T22:00:00+00:00,1.11529,1.11571,1.11308,1.11506
2014-01-29T02:00:00+00:00,1.11505,1.11562,1.11442,1.11549
2014-01-29T06:00:00+00:00,1.11549,1.11869,1.11427,1.11597
2014-01-29T10:00:00+00:00,1.11597,1.11657,1.11028,1.11322
2014-01-29T14:00:00+00:00,1.11321,1.11546,1.11079,1.11515
2014-01-29T18:00:00+00:00,1.11515,1.11801,1.11393,1.11705
2014-01-29T22:00:00+00:00,1.11706,1.11875,1.11666,1.11852
2014-01-30T02:00:00+00:00,1.11857,1.11987,1.11804,1.11942
2014-01-30T06:00:00+00:00,1.11942,1.11973,1.11688,1.11898
2014-01-30T10:00:00+00:00,1.11897,1.11928,1.11709,1.11717
2014-01-30T14:00:00+00:00,1.11717,1.11853,1.11508,1.11647
2014-01-30T18:00:00+00:00,1.11647,1.11771,1.1158,1.1158
2014-01-30T22:00:00+00:00,1.11582,1.11775,1.11545,1.1159
2014-01-31T02:00:00+00:00,1.11586,1.11803,1.11579,1.11783
2014-01-31T06:00:00+00:00,1.11782,1.11911,1.11766,1.11882
2014-01-31T10:00:00+00:00,1.11885,1.12245,1.11755,1.12176
2014-01-31T14:00:00+00:00,1.12176,1.1218,1.10879,1.11104
2014-01-31T18:00:00+00:00,1.11103,1.11386,1.11102,1.11286
2014-02-02T22:00:00+00:00,1.11152,1.1133,1.11097,1.11175
2014-02-03T02:00:00+00:00,1.11175,1.11234,1.11049,1.1117
2014-02-03T06:00:00+00:00,1.1117,1.11337,1.10624,1.10636
2014-02-03T10:00:00+00:00,1.10637,1.10814,1.10532,1.10648
2014-02-03T14:00:00+00:00,1.10648,1.10947,1.10413,1.10944
2014-02-03T18:00:00+00:00,1.10942,1.11183,1.1085,1.11167
2014-02-03T22:00:00+00:00,1.11187,1.11195,1.10997,1.11057
2014-02-04T02:00:00+00:00,1.11057,1.11057,1.10724,1.10751
2014-02-04T06:00:00+00:00,1.10751,1.1115,1.10623,1.11119
2014-02-04T10:00:00+00:00,1.11118,1.11236,1.10699,1.10798
2014-02-04T14:00:00+00:00,1.10798,1.10908,1.10486,1.10674
2014-02-04T18:00:00+00:00,1.10675,1.10843,1.10616,1.10817
2014-02-04T22:00:00+00:00,1.10814,1.10928,1.1075,1.10926
2014-02-05T02:00:00+00:00,1.10926,1.10982,1.10808,1.10859
2014-02-05T06:00:00+00:00,1.1086,1.10882,1.10563,1.10662
2014-02-05T10:00:00+00:00,1.10661,1.10916,1.10374,1.10916
2014-02-05T14:00:00+00:00,1.10918,1.11211,1.10815,1.10818
2014-02-05T18:00:00+00:00,1.10821,1.10875,1.10594,1.1083
2014-02-05T22:00:00+00:00,1.10831,1.10837,1.10609,1.1067
2014-02-06T02:00:00+00:00,1.10669,1.10674,1.10588,1.10634
2014-02-06T06:00:00+00:00,1.10627,1.10785,1.10564,1.10716
2014-02-06T10:00:00+00:00,1.10713,1.11109,1.1051,1.11057
2014-02-06T14:00:00+00:00,1.11057,1.11225,1.10557,1.1062
2014-02-06T18:00:00+00:00,1.1062,1.10746,1.10577,1.10696
2014-02-06T22:00:00+00:00,1.10706,1.10793,1.10614,1.10738
2014-02-07T02:00:00+00:00,1.10738,1.10767,1.10584,1.10662
2014-02-07T06:00:00+00:00,1.10664,1.10766,1.10579,1.10667
2014-02-07T10:00:00+00:00,1.10669,1.10734,1.09885,1.10031
2014-02-07T14:00:00+00:00,1.10035,1.10371,1.09677,1.10309
2014-02-07T18:00:00+00:00,1.10311,1.10438,1.10212,1.10316
2014-02-09T22:00:00+00:00,1.10384,1.1043,1.10308,1.10326
2014-02-10T02:00:00+00:00,1.10326,1.10354,1.10256,1.10288
2014-02-10T06:00:00+00:00,1.1029,1.10421,1.10185,1.10268
2014-02-10T10:00:00+00:00,1.10269,1.10512,1.10241,1.10453
2014-02-10T14:00:00+00:00,1.10454,1.10624,1.10394,1.10425
2014-02-10T18:00:00+00:00,1.10421,1.10604,1.10372,1.10554
2014-02-10T22:00:00+00:00,1.10552,1.10908,1.10524,1.10768
2014-02-11T02:00:00+00:00,1.10767,1.1087,1.10717,1.10821
2014-02-11T06:00:00+00:00,1.10822,1.10885,1.10659,1.10671
2014-02-11T10:00:00+00:00,1.10671,1.10712,1.10303,1.10506
2014-02-11T14:00:00+00:00,1.10505,1.10692,1.10135,1.10154
2014-02-11T18:00:00+00:00,1.10154,1.10275,1.1003,1.1008
2014-02-11T22:00:00+00:00,1.10088,1.10252,1.10065,1.10146
2014-02-12T02:00:00+00:00,1.10146,1.10165,1.09821,1.09896
2014-02-12T06:00:00+00:00,1.09893,1.09995,1.09783,1.09856
2014-02-12T10:00:00+00:00,1.09855,1.10094,1.09763,1.10028
2014-02-12T14:00:00+00:00,1.10028,1.10042,1.09851,1.09852
2014-02-12T18:00:00+00:00,1.09856,1.10027,1.09852,1.10025
2014-02-12T22:00:00+00:00,1.10024,1.10182,1.09867,1.10161
2014-02-13T02:00:00+00:00,1.10161,1.10161,1.10031,1.10154
2014-02-13T06:00:00+00:00,1.10154,1.10154,1.09802,1.09821
2014-02-13T10:00:00+00:00,1.09822,1.10265,1.09779,1.10184
2014-02-13T14:00:00+00:00,1.10181,1.10189,1.09703,1.09706
2014-02-13T18:00:00+00:00,1.09705,1.09814,1.09546,1.09765
2014-02-13T22:00:00+00:00,1.0977,1.09828,1.09573,1.09582
2014-02-14T02:00:00+00:00,1.09584,1.09625,1.09466,1.09475
2014-02-14T06:00:00+00:00,1.09475,1.09725,1.09475,1.09542
2014-02-14T10:00:00+00:00,1.09541,1.09723,1.09404,1.09723
2014-02-14T14:00:00+00:00,1.09723,1.09884,1.09707,1.09723
2014-02-14T18:00:00+00:00,1.09722,1.09901,1.09657,1.09838
2014-02-16T22:00:00+00:00,1.09863,1.09877,1.09573,1.09577
2014-02-17T02:00:00+00:00,1.09577,1.09746,1.09576,1.09675
2014-02-17T06:00:00+00:00,1.09679,1.09831,1.09535,1.0954
2014-02-17T10:00:00+00:00,1.09539,1.09705,1.09529,1.09564
2014-02-17T14:00:00+00:00,1.09564,1.09723,1.09545,1.09613
2014-02-17T18:00:00+00:00,1.09611,1.09678,1.09584,1.09648
2014-02-17T22:00:00+00:00,1.09648,1.09659,1.09469,1.09502
2014-02-18T02:00:00+00:00,1.09502,1.09671,1.09489,1.09596
2014-02-18T06:00:00+00:00,1.09596,1.09767,1.09518,1.09563
2014-02-18T10:00:00+00:00,1.09562,1.09748,1.09526,1.09675
2014-02-18T14:00:00+00:00,1.09677,1.09715,1.09423,1.09455
2014-02-18T18:00:00+00:00,1.09454,1.09549,1.09402,1.09471
2014-02-18T22:00:00+00:00,1.09469,1.09584,1.09457,1.09461
2014-02-19T02:00:00+00:00,1.09459,1.09483,1.09305,1.0931
2014-02-19T06:00:00+00:00,1.09312,1.09365,1.09142,1.09147
2014-02-19T10:00:00+00:00,1.09148,1.10121,1.09105,1.10039
2014-02-19T14:00:00+00:00,1.10037,1.10715,1.10007,1.10712
2014-02-19T18:00:00+00:00,1.10708,1.10868,1.10627,1.10793
2014-02-19T22:00:00+00:00,1.10794,1.10925,1.10667,1.10871
2014-02-20T02:00:00+00:00,1.10874,1.10915,1.10744,1.10787
2014-02-20T06:00:00+00:00,1.10787,1.10847,1.10664,1.10739
2014-02-20T10:00:00+00:00,1.10739,1.1092,1.10607,1.10906
2014-02-20T14:00:00+00:00,1.10905,1.11126,1.10669,1.11118
2014-02-20T18:00:00+00:00,1.11115,1.11129,1.10938,1.10985
2014-02-20T22:00:00+00:00,1.10984,1.11239,1.1094,1.1122
2014-02-21T02:00:00+00:00,1.11219,1.11281,1.11186,1.11245
2014-02-21T06:00:00+00:00,1.11251,1.1171,1.11243,1.11613
2014-02-21T10:00:00+00:00,1.11614,1.11938,1.11322,1.11475
2014-02-21T14:00:00+00:00,1.11475,1.11539,1.11227,1.11244
2014-02-21T18:00:00+00:00,1.11244,1.11334,1.11077,1.11093
2014-02-23T22:00:00+00:00,1.11061,1.11431,1.11025,1.11371
2014-02-24T02:00:00+00:00,1.11371,1.11386,1.11122,1.11143
2014-02-24T06:00:00+00:00,1.11143,1.11269,1.11133,1.11218
2014-02-24T10:00:00+00:00,1.11217,1.11227,1.10776,1.10821
2014-02-24T14:00:00+00:00,1.10821,1.10858,1.10546,1.10743
2014-02-24T18:00:00+00:00,1.10743,1.1075,1.10549,1.10623
2014-02-24T22:00:00+00:00,1.10615,1.10695,1.10543,1.10675
2014-02-25T02:00:00+00:00,1.10675,1.10676,1.10553,1.1062
2014-02-25T06:00:00+00:00,1.10621,1.10804,1.10569,1.10766
2014-02-25T10:00:00+00:00,1.10764,1.10846,1.10654,1.10738
2014-02-25T14:00:00+00:00,1.10738,1.10962,1.10709,1.10818
2014-02-25T18:00:00+00:00,1.10814,1.10881,1.10796,1.10847
2014-02-25T22:00:00+00:00,1.10845,1.10949,1.10801,1.10915
2014-02-26T02:00:00+00:00,1.10917,1.10967,1.10797,1.10837
2014-02-26T06:00:00+00:00,1.10838,1.10895,1.10757,1.10802
2014-02-26T10:00:00+00:00,1.10802,1.11066,1.10732,1.11003
2014-02-26T14:00:00+00:00,1.11004,1.11284,1.10915,1.11235
2014-02-26T18:00:00+00:00,1.11235,1.11445,1.1117,1.11278
2014-02-26T22:00:00+00:00,1.11276,1.11408,1.11254,1.11261
2014-02-27T02:00:00+00:00,1.11261,1.11356,1.11212,1.11276
2014-02-27T06:00:00+00:00,1.11278,1.11389,1.11197,1.11261
2014-02-27T10:00:00+00:00,1.1126,1.11437,1.11179,1.11318
2014-02-27T14:00:00+00:00,1.11316,1.11599,1.11244,1.11348
2014-02-27T18:00:00+00:00,1.11348,1.11496,1.11206,1.11206
2014-02-27T22:00:00+00:00,1.11213,1.11315,1.11157,1.11186
2014-02-28T02:00:00+00:00,1.11187,1.11321,1.11181,1.11217
2014-02-28T06:00:00+00:00,1.11218,1.1133,1.1121,1.11271
2014-02-28T10:00:00+00:00,1.11272,1.11471,1.10785,1.1094
2014-02-28T14:00:00+00:00,1.10941,1.10988,1.10488,1.10493
2014-02-28T18:00:00+00:00,1.10495,1.10814,1.10406,1.1064
2014-03-02T22:00:00+00:00,1.10791,1.10827,1.10502,1.10589
2014-03-03T02:00:00+00:00,1.10588,1.1061,1.10486,1.10564
2014-03-03T06:00:00+00:00,1.10563,1.10764,1.10391,1.1075
2014-03-03T10:00:00+00:00,1.1075,1.11102,1.1073,1.10888
2014-03-03T14:00:00+00:00,1.10887,1.11004,1.10705,1.11003
2014-03-03T18:00:00+00:00,1.11001,1.11012,1.1074,1.10763
2014-03-03T22:00:00+00:00,1.10764,1.10839,1.10729,1.10835
2014-03-04T02:00:00+00:00,1.10835,1.11037,1.10822,1.109
2014-03-04T06:00:00+00:00,1.10899,1.10992,1.10773,1.10881
2014-03-04T10:00:00+00:00,1.10884,1.10903,1.10624,1.10745
2014-03-04T14:00:00+00:00,1.10744,1.11179,1.10671,1.11028
2014-03-04T18:00:00+00:00,1.11028,1.11176,1.10916,1.10923
2014-03-04T22:00:00+00:00,1.10919,1.10996,1.10743,1.10854
2014-03-05T02:00:00+00:00,1.10854,1.10949,1.10825,1.10929
2014-03-05T06:00:00+00:00,1.10929,1.10941,1.10769,1.10796
2014-03-05T10:00:00+00:00,1.10797,1.10848,1.10538,1.10729
2014-03-05T14:00:00+00:00,1.10729,1.11,1.10352,1.10488
2014-03-05T18:00:00+00:00,1.10488,1.10549,1.10286,1.10292
2014-03-05T22:00:00+00:00,1.10293,1.10414,1.10255,1.10349
2014-03-06T02:00:00+00:00,1.10349,1.10454,1.10344,1.10412
2014-03-06T06:00:00+00:00,1.10413,1.10465,1.10241,1.10259
2014-03-06T10:00:00+00:00,1.1026,1.10343,1.10073,1.10143
2014-03-06T14:00:00+00:00,1.10143,1.10195,1.09553,1.09763
2014-03-06T18:00:00+00:00,1.09757,1.09973,1.0975,1.0985
2014-03-06T22:00:00+00:00,1.09849,1.1,1.09827,1.09957
2014-03-07T02:00:00+00:00,1.09957,1.09983,1.09909,1.09953
2014-03-07T06:00:00+00:00,1.09953,1.10071,1.09864,1.09886
2014-03-07T10:00:00+00:00,1.09886,1.10972,1.09807,1.10949
2014-03-07T14:00:00+00:00,1.10949,1.10981,1.10726,1.10909
2014-03-07T18:00:00+00:00,1.10909,1.11011,1.10838,1.10882
2014-03-09T21:00:00+00:00,1.10929,1.111,1.10873,1.11058
2014-03-10T01:00:00+00:00,1.11058,1.11212,1.11057,1.11197
2014-03-10T05:00:00+00:00,1.11194,1.11308,1.11145,1.11168
2014-03-10T09:00:00+00:00,1.11169,1.11233,1.10922,1.11059
2014-03-10T13:00:00+00:00,1.11058,1.11133,1.10932,1.11003
2014-03-10T17:00:00+00:00,1.11007,1.11104,1.10966,1.11074
2014-03-10T21:00:00+00:00,1.11072,1.11183,1.11025,1.11173
2014-03-11T01:00:00+00:00,1.11172,1.11197,1.11146,1.11171
2014-03-11T05:00:00+00:00,1.11171,1.11257,1.11134,1.11233
2014-03-11T09:00:00+00:00,1.11232,1.11311,1.11003,1.11057
2014-03-11T13:00:00+00:00,1.11057,1.11135,1.10718,1.10991
2014-03-11T17:00:00+00:00,1.10991,1.11111,1.10956,1.11057
2014-03-11T21:00:00+00:00,1.11059,1.1119,1.11017,1.11088
2014-03-12T01:00:00+00:00,1.11086,1.11163,1.11057,1.1113
2014-03-12T05:00:00+00:00,1.1113,1.11194,1.11025,1.11115
2014-03-12T09:00:00+00:00,1.11116,1.11538,1.11094,1.11445
2014-03-12T13:00:00+00:00,1.11445,1.11469,1.11006,1.1102
2014-03-12T17:00:00+00:00,1.1102,1.11217,1.10903,1.11184
2014-03-12T21:00:00+00:00,1.11185,1.11225,1.11028,1.11125
2014-03-13T01:00:00+00:00,1.11124,1.11132,1.10877,1.10906
2014-03-13T05:00:00+00:00,1.10907,1.10923,1.10705,1.1074
2014-03-13T09:00:00+00:00,1.1074,1.10875,1.10543,1.10725
2014-03-13T13:00:00+00:00,1.10726,1.10757,1.10435,1.10656
2014-03-13T17:00:00+00:00,1.10656,1.10757,1.10512,1.10752
2014-03-13T21:00:00+00:00,1.10759,1.10836,1.10652,1.1082
2014-03-14T01:00:00+00:00,1.1082,1.10996,1.10803,1.10948
2014-03-14T05:00:00+00:00,1.1095,1.11108,1.10886,1.10953
2014-03-14T09:00:00+00:00,1.10954,1.11003,1.10749,1.10773
2014-03-14T13:00:00+00:00,1.10774,1.11056,1.10757,1.10915
2014-03-14T17:00:00+00:00,1.10915,1.11038,1.10878,1.11021
2014-03-16T21:00:00+00:00,1.11006,1.11079,1.10925,1.11007
2014-03-17T01:00:00+00:00,1.11007,1.11025,1.10887,1.10941
2014-03-17T05:00:00+00:00,1.10941,1.11033,1.10703,1.10707
2014-03-17T09:00:00+00:00,1.10706,1.10735,1.10451,1.10632
2014-03-17T13:00:00+00:00,1.10631,1.10838,1.10456,1.10525
2014-03-17T17:00:00+00:00,1.10525,1.10596,1.105,1.10529
2014-03-17T21:00:00+00:00,1.10532,1.10644,1.10506,1.10523
2014-03-18T01:00:00+00:00,1.10525,1.10624,1.10516,1.1056
2014-03-18T05:00:00+00:00,1.1056,1.10594,1.10425,1.10535
2014-03-18T09:00:00+00:00,1.10534,1.10615,1.10258,1.10346
2014-03-18T13:00:00+00:00,1.10347,1.1093,1.10346,1.10827
2014-03-18T17:00:00+00:00,1.10827,1.11465,1.1081,1.11347
2014-03-18T21:00:00+00:00,1.11347,1.11435,1.11262,1.11268
2014-03-19T01:00:00+00:00,1.11269,1.11331,1.11224,1.1124
2014-03-19T05:00:00+00:00,1.1124,1.11502,1.11221,1.11463
2014-03-19T09:00:00+00:00,1.11464,1.11964,1.11464,1.11708
2014-03-19T13:00:00+00:00,1.11709,1.1199,1.11631,1.11637
2014-03-19T17:00:00+00:00,1.11636,1.12715,1.11535,1.12385
2014-03-19T21:00:00+00:00,1.12383,1.12572,1.12364,1.12513
2014-03-20T01:00:00+00:00,1.12515,1.12589,1.12429,1.1245
2014-03-20T05:00:00+00:00,1.1245,1.12635,1.12394,1.12513
2014-03-20T09:00:00+00:00,1.12514,1.12784,1.12437,1.12669
2014-03-20T13:00:00+00:00,1.12669,1.12757,1.12408,1.12478
2014-03-20T17:00:00+00:00,1.12478,1.12481,1.12343,1.12433
2014-03-20T21:00:00+00:00,1.12432,1.1245,1.12372,1.12448
2014-03-21T01:00:00+00:00,1.12448,1.12484,1.12362,1.1247
2014-03-21T05:00:00+00:00,1.12467,1.12628,1.12289,1.12289
2014-03-21T09:00:00+00:00,1.12292,1.12546,1.1174,1.12045
2014-03-21T13:00:00+00:00,1.12037,1.1219,1.11895,1.12066
2014-03-21T17:00:00+00:00,1.12067,1.1227,1.11965,1.12223
2014-03-23T21:00:00+00:00,1.12091,1.12389,1.12085,1.12365
2014-03-24T01:00:00+00:00,1.12369,1.12384,1.12257,1.12346
2014-03-24T05:00:00+00:00,1.12346,1.12465,1.12261,1.12384
2014-03-24T09:00:00+00:00,1.1239,1.124,1.12106,1.12227
2014-03-24T13:00:00+00:00,1.12225,1.12266,1.12033,1.12251
2014-03-24T17:00:00+00:00,1.12254,1.12261,1.11838,1.11917
2014-03-24T21:00:00+00:00,1.11916,1.11987,1.11895,1.11972
2014-03-25T01:00:00+00:00,1.11973,1.12026,1.11889,1.12002
2014-03-25T05:00:00+00:00,1.12007,1.12065,1.11943,1.12045
2014-03-25T09:00:00+00:00,1.12042,1.12106,1.11841,1.11912
2014-03-25T13:00:00+00:00,1.11916,1.11931,1.11606,1.1163
2014-03-25T17:00:00+00:00,1.11627,1.11722,1.11555,1.11668
2014-03-25T21:00:00+00:00,1.11667,1.11708,1.11579,1.11603
2014-03-26T01:00:00+00:00,1.11604,1.11638,1.11514,1.11535
2014-03-26T05:00:00+00:00,1.11534,1.11573,1.11308,1.11403
2014-03-26T09:00:00+00:00,1.11403,1.11624,1.11231,1.1161
2014-03-26T13:00:00+00:00,1.1161,1.11692,1.11251,1.11339
2014-03-26T17:00:00+00:00,1.11338,1.11376,1.10811,1.11016
2014-03-26T21:00:00+00:00,1.11015,1.11067,1.10886,1.10934
2014-03-27T01:00:00+00:00,1.10932,1.10964,1.10861,1.10928
2014-03-27T05:00:00+00:00,1.10927,1.1103,1.10765,1.10879
2014-03-27T09:00:00+00:00,1.1088,1.11042,1.10827,1.10977
2014-03-27T13:00:00+00:00,1.10977,1.10992,1.10489,1.10544
2014-03-27T17:00:00+00:00,1.10545,1.10584,1.10141,1.10309
2014-03-27T21:00:00+00:00,1.1031,1.10362,1.10177,1.10276
2014-03-28T01:00:00+00:00,1.10275,1.10293,1.10064,1.10092
2014-03-28T05:00:00+00:00,1.10092,1.10185,1.10008,1.10081
2014-03-28T09:00:00+00:00,1.10081,1.10428,1.10069,1.10428
2014-03-28T13:00:00+00:00,1.10429,1.10779,1.10318,1.10736
2014-03-28T17:00:00+00:00,1.10737,1.10768,1.10536,1.10598
2014-03-30T22:00:00+01:00,1.10633,1.10665,1.10459,1.10472
2014-03-31T02:00:00+01:00,1.10472,1.10648,1.10435,1.10628
2014-03-31T06:00:00+01:00,1.10626,1.10652,1.10502,1.10642
2014-03-31T10:00:00+01:00,1.10645,1.10671,1.10025,1.10117
2014-03-31T14:00:00+01:00,1.10115,1.1056,1.10113,1.10384
2014-03-31T18:00:00+01:00,1.10387,1.10563,1.1037,1.10496
2014-03-31T22:00:00+01:00,1.10494,1.10577,1.1048,1.10498
2014-04-01T02:00:00+01:00,1.10498,1.10584,1.10474,1.10535
2014-04-01T06:00:00+01:00,1.10534,1.10698,1.10512,1.10645
2014-04-01T10:00:00+01:00,1.10644,1.10678,1.10289,1.10365
2014-04-01T14:00:00+01:00,1.10364,1.10555,1.10127,1.10234
2014-04-01T18:00:00+01:00,1.10234,1.10409,1.10219,1.1024
2014-04-01T22:00:00+01:00,1.10239,1.10358,1.10238,1.10349
2014-04-02T02:00:00+01:00,1.10348,1.10424,1.10273,1.10397
2014-04-02T06:00:00+01:00,1.10397,1.10402,1.10153,1.10184
2014-04-02T10:00:00+01:00,1.10184,1.10215,1.10047,1.10156
2014-04-02T14:00:00+01:00,1.10156,1.10476,1.10146,1.10266
2014-04-02T18:00:00+01:00,1.10266,1.10371,1.10225,1.10338
2014-04-02T22:00:00+01:00,1.10329,1.10374,1.10236,1.1029
2014-04-03T02:00:00+01:00,1.10289,1.10333,1.10164,1.10252
2014-04-03T06:00:00+01:00,1.10252,1.10293,1.10149,1.10152
2014-04-03T10:00:00+01:00,1.10149,1.10363,1.10086,1.10306
2014-04-03T14:00:00+01:00,1.10306,1.10458,1.10061,1.10451
2014-04-03T18:00:00+01:00,1.1045,1.1045,1.10313,1.10352
2014-04-03T22:00:00+01:00,1.10352,1.1042,1.1032,1.10352
2014-04-04T02:00:00+01:00,1.10352,1.10363,1.10254,1.10285
2014-04-04T06:00:00+01:00,1.10285,1.10308,1.10134,1.10182
2014-04-04T10:00:00+01:00,1.10182,1.10316,1.09573,1.09672
2014-04-04T14:00:00+01:00,1.09667,1.09971,1.09639,1.09859
2014-04-04T18:00:00+01:00,1.09858,1.0993,1.0976,1.09808
2014-04-06T22:00:00+01:00,1.09801,1.09845,1.09771,1.09781
2014-04-07T02:00:00+01:00,1.09782,1.09786,1.0967,1.09782
2014-04-07T06:00:00+01:00,1.09782,1.09909,1.09675,1.09906
2014-04-07T10:00:00+01:00,1.09905,1.10096,1.09867,1.10038
2014-04-07T14:00:00+01:00,1.10038,1.10048,1.09645,1.09672
2014-04-07T18:00:00+01:00,1.09672,1.09748,1.09619,1.09748
2014-04-07T22:00:00+01:00,1.09746,1.0978,1.09657,1.09674
2014-04-08T02:00:00+01:00,1.09675,1.09743,1.09664,1.09671
2014-04-08T06:00:00+01:00,1.09672,1.09706,1.09252,1.09298
2014-04-08T10:00:00+01:00,1.09299,1.09443,1.09167,1.09398
2014-04-08T14:00:00+01:00,1.09401,1.09461,1.09125,1.0922
2014-04-08T18:00:00+01:00,1.09219,1.09314,1.09205,1.09226
2014-04-08T22:00:00+01:00,1.09227,1.09339,1.09197,1.09315
2014-04-09T02:00:00+01:00,1.09318,1.09328,1.09116,1.09124
2014-04-09T06:00:00+01:00,1.09124,1.09394,1.09118,1.09391
2014-04-09T10:00:00+01:00,1.09393,1.09425,1.09244,1.09276
2014-04-09T14:00:00+01:00,1.09277,1.0937,1.08815,1.08828
2014-04-09T18:00:00+01:00,1.08827,1.08949,1.08583,1.08798
2014-04-09T22:00:00+01:00,1.088,1.08848,1.08723,1.08726
2014-04-10T02:00:00+01:00,1.08724,1.09023,1.08679,1.08943
2014-04-10T06:00:00+01:00,1.0894,1.08988,1.08767,1.08866
2014-04-10T10:00:00+01:00,1.08866,1.09205,1.08778,1.09167
2014-04-10T14:00:00+01:00,1.09167,1.09214,1.08926,1.09176
2014-04-10T18:00:00+01:00,1.09176,1.09359,1.09152,1.09359
2014-04-10T22:00:00+01:00,1.09356,1.09404,1.0928,1.094
2014-04-11T02:00:00+01:00,1.094,1.09403,1.09297,1.09357
2014-04-11T06:00:00+01:00,1.09357,1.0941,1.09293,1.09354
2014-04-11T10:00:00+01:00,1.09359,1.09835,1.09184,1.09701
2014-04-11T14:00:00+01:00,1.09702,1.09718,1.09525,1.09569
2014-04-11T18:00:00+01:00,1.09568,1.09845,1.09558,1.09803
2014-04-13T22:00:00+01:00,1.09777,1.09895,1.097,1.09895
2014-04-14T02:00:00+01:00,1.09893,1.09929,1.09815,1.09828
2014-04-14T06:00:00+01:00,1.09828,1.09851,1.09671,1.09733
2014-04-14T10:00:00+01:00,1.09734,1.09903,1.096,1.09749
2014-04-14T14:00:00+01:00,1.0975,1.09755,1.09424,1.09607
2014-04-14T18:00:00+01:00,1.09607,1.09691,1.09537,1.0962
2014-04-14T22:00:00+01:00,1.09621,1.09708,1.09588,1.09669
2014-04-15T02:00:00+01:00,1.09669,1.09788,1.09659,1.09767
2014-04-15T06:00:00+01:00,1.09767,1.10003,1.09755,1.09965
2014-04-15T10:00:00+01:00,1.09966,1.10074,1.09838,1.10021
2014-04-15T14:00:00+01:00,1.10023,1.10136,1.09743,1.09788
2014-04-15T18:00:00+01:00,1.09788,1.09911,1.09736,1.0978
2014-04-15T22:00:00+01:00,1.09781,1.09925,1.09758,1.09875
2014-04-16T02:00:00+01:00,1.09877,1.09929,1.09807,1.09824
2014-04-16T06:00:00+01:00,1.09824,1.09898,1.09747,1.09889
2014-04-16T10:00:00+01:00,1.09889,1.10047,1.09652,1.09777
2014-04-16T14:00:00+01:00,1.09776,1.10338,1.096,1.10023
2014-04-16T18:00:00+01:00,1.10024,1.10215,1.0997,1.10115
2014-04-16T22:00:00+01:00,1.10111,1.10182,1.10034,1.1005
2014-04-17T02:00:00+01:00,1.1005,1.10158,1.10013,1.10078
2014-04-17T06:00:00+01:00,1.10078,1.10085,1.0997,1.10021
2014-04-17T10:00:00+01:00,1.1002,1.10182,1.0991,1.10008
2014-04-17T14:00:00+01:00,1.10008,1.10074,1.09838,1.10054
2014-04-17T18:00:00+01:00,1.10054,1.1019,1.10019,1.1003
2014-04-17T22:00:00+01:00,1.10037,1.10133,1.10036,1.10092
2014-04-18T02:00:00+01:00,1.10092,1.10103,1.09989,1.10032
2014-04-18T06:00:00+01:00,1.1003,1.10131,1.09986,1.10091
2014-04-18T10:00:00+01:00,1.10091,1.10149,1.09993,1.1014
2014-04-18T14:00:00+01:00,1.1014,1.10256,1.10095,1.10245
2014-04-18T18:00:00+01:00,1.10248,1.10286,1.10193,1.10229
2014-04-20T22:00:00+01:00,1.10242,1.10267,1.10198,1.10208
2014-04-21T02:00:00+01:00,1.10208,1.10268,1.10195,1.10217
2014-04-21T06:00:00+01:00,1.10218,1.10245,1.10187,1.1021
2014-04-21T10:00:00+01:00,1.10215,1.10298,1.10081,1.10259
2014-04-21T14:00:00+01:00,1.10262,1.10311,1.10101,1.10143
2014-04-21T18:00:00+01:00,1.10142,1.10221,1.10085,1.101
2014-04-21T22:00:00+01:00,1.10101,1.10236,1.10093,1.10224
2014-04-22T02:00:00+01:00,1.10224,1.10246,1.10143,1.10189
2014-04-22T06:00:00+01:00,1.10189,1.10215,1.10133,1.10193
2014-04-22T10:00:00+01:00,1.10192,1.10237,1.10037,1.10101
2014-04-22T14:00:00+01:00,1.10102,1.10423,1.10007,1.10242
2014-04-22T18:00:00+01:00,1.10243,1.10311,1.10136,1.10259
2014-04-22T22:00:00+01:00,1.10256,1.10318,1.10256,1.103
2014-04-23T02:00:00+01:00,1.10299,1.1038,1.10285,1.10343
2014-04-23T06:00:00+01:00,1.10345,1.10472,1.10273,1.10357
2014-04-23T10:00:00+01:00,1.10357,1.10472,1.10176,1.10438
2014-04-23T14:00:00+01:00,1.10437,1.10534,1.10233,1.10301
2014-04-23T18:00:00+01:00,1.10302,1.10364,1.10292,1.10319
2014-04-23T22:00:00+01:00,1.1032,1.10342,1.10292,1.10296
2014-04-24T02:00:00+01:00,1.10296,1.1033,1.10254,1.10269
2014-04-24T06:00:00+01:00,1.10269,1.10387,1.10254,1.10339
2014-04-24T10:00:00+01:00,1.10338,1.10365,1.10156,1.10269
2014-04-24T14:00:00+01:00,1.10271,1.10373,1.10217,1.10301
2014-04-24T18:00:00+01:00,1.10302,1.10373,1.10202,1.10214
2014-04-24T22:00:00+01:00,1.10215,1.10291,1.1021,1.10289
2014-04-25T02:00:00+01:00,1.10289,1.10299,1.10225,1.10272
2014-04-25T06:00:00+01:00,1.10273,1.10379,1.10246,1.10339
2014-04-25T10:00:00+01:00,1.10336,1.1035,1.10144,1.1023
2014-04-25T14:00:00+01:00,1.1023,1.10472,1.10181,1.10394
2014-04-25T18:00:00+01:00,1.10396,1.10447,1.10291,1.10397
2014-04-27T22:00:00+01:00,1.10405,1.10421,1.10318,1.10372
2014-04-28T02:00:00+01:00,1.10375,1.10378,1.10325,1.1035
2014-04-28T06:00:00+01:00,1.1035,1.1037,1.10201,1.1022
2014-04-28T10:00:00+01:00,1.1022,1.10286,1.10176,1.10242
2014-04-28T14:00:00+01:00,1.10244,1.10397,1.10174,1.10337
2014-04-28T18:00:00+01:00,1.10338,1.10362,1.10209,1.10286
2014-04-28T22:00:00+01:00,1.10289,1.10306,1.10221,1.10242
2014-04-29T02:00:00+01:00,1.10242,1.10259,1.10185,1.10238
2014-04-29T06:00:00+01:00,1.10238,1.10255,1.09918,1.09965
2014-04-29T10:00:00+01:00,1.09963,1.09964,1.0964,1.09751
2014-04-29T14:00:00+01:00,1.09751,1.09794,1.09557,1.09606
2014-04-29T18:00:00+01:00,1.09607,1.09638,1.09435,1.09441
2014-04-29T22:00:00+01:00,1.09442,1.09564,1.09436,1.0949
2014-04-30T02:00:00+01:00,1.0949,1.09632,1.09487,1.09602
2014-04-30T06:00:00+01:00,1.09601,1.09647,1.09437,1.09516
2014-04-30T10:00:00+01:00,1.09517,1.09797,1.09509,1.09563
2014-04-30T14:00:00+01:00,1.09563,1.09775,1.09461,1.09491
2014-04-30T18:00:00+01:00,1.09491,1.09655,1.09429,1.09615
2014-04-30T22:00:00+01:00,1.09615,1.09703,1.09552,1.09672
2014-05-01T02:00:00+01:00,1.09672,1.0975,1.09591,1.09705
2014-05-01T06:00:00+01:00,1.09705,1.09759,1.09608,1.09654
2014-05-01T10:00:00+01:00,1.09654,1.09956,1.09652,1.09897
2014-05-01T14:00:00+01:00,1.09895,1.09915,1.0953,1.09585
2014-05-01T18:00:00+01:00,1.09586,1.09709,1.09556,1.09562
2014-05-01T22:00:00+01:00,1.09565,1.09676,1.09547,1.09615
2014-05-02T02:00:00+01:00,1.09615,1.09671,1.0956,1.09594
2014-05-02T06:00:00+01:00,1.09595,1.09739,1.09554,1.09722
2014-05-02T10:00:00+01:00,1.0972,1.10069,1.09541,1.09791
2014-05-02T14:00:00+01:00,1.0979,1.09903,1.09362,1.09811
2014-05-02T18:00:00+01:00,1.0981,1.0985,1.09709,1.09736
2014-05-04T22:00:00+01:00,1.09815,1.09837,1.09711,1.09808
2014-05-05T02:00:00+01:00,1.09808,1.09836,1.09689,1.09693
2014-05-05T06:00:00+01:00,1.09694,1.09706,1.09562,1.09648
2014-05-05T10:00:00+01:00,1.09647,1.09887,1.09639,1.09876
2014-05-05T14:00:00+01:00,1.09876,1.09891,1.09523,1.09568
2014-05-05T18:00:00+01:00,1.09567,1.09593,1.09491,1.09544
2014-05-05T22:00:00+01:00,1.09546,1.09612,1.09523,1.0959
2014-05-06T02:00:00+01:00,1.09591,1.09597,1.09488,1.09502
2014-05-06T06:00:00+01:00,1.09502,1.09552,1.0942,1.09535
2014-05-06T10:00:00+01:00,1.09533,1.09535,1.09063,1.09116
2014-05-06T14:00:00+01:00,1.09118,1.09146,1.0881,1.08885
2014-05-06T18:00:00+01:00,1.08885,1.08943,1.08743,1.08937
2014-05-06T22:00:00+01:00,1.08941,1.08974,1.08881,1.08899
2014-05-07T02:00:00+01:00,1.08898,1.0896,1.08875,1.0888
2014-05-07T06:00:00+01:00,1.08879,1.08891,1.0876,1.08851
2014-05-07T10:00:00+01:00,1.08851,1.09031,1.08791,1.08983
2014-05-07T14:00:00+01:00,1.08983,1.09076,1.08848,1.09005
2014-05-07T18:00:00+01:00,1.09005,1.09005,1.08907,1.08998
2014-05-07T22:00:00+01:00,1.08997,1.09024,1.08957,1.08998
2014-05-08T02:00:00+01:00,1.09,1.09041,1.08908,1.08919
2014-05-08T06:00:00+01:00,1.08918,1.08918,1.08797,1.08815
2014-05-08T10:00:00+01:00,1.08814,1.08923,1.0868,1.08774
2014-05-08T14:00:00+01:00,1.08777,1.08814,1.08292,1.0837
2014-05-08T18:00:00+01:00,1.08371,1.08377,1.08143,1.08306
2014-05-08T22:00:00+01:00,1.08308,1.08353,1.08263,1.08332
2014-05-09T02:00:00+01:00,1.08332,1.08337,1.08242,1.08243
2014-05-09T06:00:00+01:00,1.08243,1.08326,1.08184,1.08267
2014-05-09T10:00:00+01:00,1.08266,1.09041,1.08169,1.08983
2014-05-09T14:00:00+01:00,1.08981,1.0916,1.08886,1.08966
2014-05-09T18:00:00+01:00,1.08966,1.09046,1.08928,1.08979
2014-05-11T22:00:00+01:00,1.09,1.09036,1.08953,1.0901
2014-05-12T02:00:00+01:00,1.0901,1.09044,1.08927,1.08952
2014-05-12T06:00:00+01:00,1.08953,1.09024,1.08903,1.08953
2014-05-12T10:00:00+01:00,1.08954,1.08954,1.08749,1.08827
2014-05-12T14:00:00+01:00,1.08829,1.08995,1.08769,1.08891
2014-05-12T18:00:00+01:00,1.08895,1.09003,1.08893,1.08954
2014-05-12T22:00:00+01:00,1.08957,1.09022,1.08926,1.08984
2014-05-13T02:00:00+01:00,1.08985,1.09032,1.08968,1.09025
2014-05-13T06:00:00+01:00,1.09025,1.09265,1.09002,1.09145
2014-05-13T10:00:00+01:00,1.09149,1.09169,1.0889,1.08956
2014-05-13T14:00:00+01:00,1.08955,1.09089,1.08872,1.09046
2014-05-13T18:00:00+01:00,1.09048,1.0923,1.09038,1.09043
2014-05-13T22:00:00+01:00,1.09046,1.09118,1.0903,1.09093
2014-05-14T02:00:00+01:00,1.09095,1.09118,1.0902,1.09057
2014-05-14T06:00:00+01:00,1.09057,1.09218,1.08969,1.08974
2014-05-14T10:00:00+01:00,1.08974,1.09104,1.08939,1.09101
2014-05-14T14:00:00+01:00,1.09099,1.09099,1.08757,1.08787
2014-05-14T18:00:00+01:00,1.08787,1.08899,1.08698,1.08886
2014-05-14T22:00:00+01:00,1.08886,1.08908,1.08835,1.0887
2014-05-15T02:00:00+01:00,1.0887,1.0887,1.0869,1.0871
2014-05-15T06:00:00+01:00,1.08711,1.08733,1.08522,1.08662
2014-05-15T10:00:00+01:00,1.08663,1.08834,1.08647,1.08744
2014-05-15T14:00:00+01:00,1.08744,1.08912,1.08709,1.08804
2014-05-15T18:00:00+01:00,1.08804,1.08862,1.08748,1.0885
2014-05-15T22:00:00+01:00,1.08847,1.08855,1.08749,1.08787
2014-05-16T02:00:00+01:00,1.08788,1.08802,1.08715,1.08731
2014-05-16T06:00:00+01:00,1.08731,1.08866,1.08716,1.08723
2014-05-16T10:00:00+01:00,1.08725,1.08888,1.08674,1.08865
2014-05-16T14:00:00+01:00,1.08864,1.08886,1.08696,1.08733
2014-05-16T18:00:00+01:00,1.08735,1.08748,1.08559,1.08605
2014-05-18T22:00:00+01:00,1.08621,1.08669,1.08581,1.08614
2014-05-19T02:00:00+01:00,1.08615,1.08658,1.08587,1.08615
2014-05-19T06:00:00+01:00,1.08615,1.08642,1.08505,1.08544
2014-05-19T10:00:00+01:00,1.08544,1.08675,1.08519,1.08631
2014-05-19T14:00:00+01:00,1.08631,1.08756,1.08532,1.08683
2014-05-19T18:00:00+01:00,1.08683,1.08761,1.08648,1.08748
2014-05-19T22:00:00+01:00,1.08746,1.08773,1.08716,1.08738
2014-05-20T02:00:00+01:00,1.08739,1.08805,1.08723,1.08754
2014-05-20T06:00:00+01:00,1.08753,1.08887,1.08721,1.08878
2014-05-20T10:00:00+01:00,1.08878,1.09065,1.08823,1.09022
2014-05-20T14:00:00+01:00,1.09023,1.0917,1.08943,1.08987
2014-05-20T18:00:00+01:00,1.08988,1.09088,1.08933,1.09076
2014-05-20T22:00:00+01:00,1.09074,1.09135,1.09025,1.09127
2014-05-21T02:00:00+01:00,1.09126,1.09133,1.09071,1.09102
2014-05-21T06:00:00+01:00,1.09104,1.09108,1.08937,1.08985
2014-05-21T10:00:00+01:00,1.08986,1.09133,1.08971,1.09122
2014-05-21T14:00:00+01:00,1.09123,1.09418,1.09104,1.09406
2014-05-21T18:00:00+01:00,1.09405,1.0941,1.09119,1.09123
2014-05-21T22:00:00+01:00,1.09125,1.09164,1.09115,1.09159
2014-05-22T02:00:00+01:00,1.09159,1.09198,1.09056,1.09093
2014-05-22T06:00:00+01:00,1.09091,1.09159,1.09045,1.09079
2014-05-22T10:00:00+01:00,1.0908,1.09315,1.09055,1.09169
2014-05-22T14:00:00+01:00,1.09171,1.09204,1.08846,1.0899
2014-05-22T18:00:00+01:00,1.08991,1.0901,1.08895,1.0891
2014-05-22T22:00:00+01:00,1.08911,1.08991,1.08903,1.08977
2014-05-23T02:00:00+01:00,1.08977,1.08981,1.08899,1.0894
2014-05-23T06:00:00+01:00,1.0894,1.09037,1.08921,1.09
2014-05-23T10:00:00+01:00,1.08999,1.09089,1.08797,1.08889
2014-05-23T14:00:00+01:00,1.0889,1.08895,1.0863,1.08691
2014-05-23T18:00:00+01:00,1.08691,1.08739,1.08615,1.08616
2014-05-25T22:00:00+01:00,1.08718,1.08737,1.08666,1.08723
2014-05-26T02:00:00+01:00,1.08723,1.08723,1.08659,1.08667
2014-05-26T06:00:00+01:00,1.08668,1.08676,1.08598,1.08618
2014-05-26T10:00:00+01:00,1.08616,1.08692,1.08601,1.08643
2014-05-26T14:00:00+01:00,1.08644,1.08657,1.08533,1.08572
2014-05-26T18:00:00+01:00,1.08573,1.08622,1.08551,1.08588
2014-05-26T22:00:00+01:00,1.0859,1.08634,1.08404,1.08426
2014-05-27T02:00:00+01:00,1.08426,1.08462,1.08413,1.08457
2014-05-27T06:00:00+01:00,1.08456,1.08475,1.0836,1.08372
2014-05-27T10:00:00+01:00,1.08372,1.08538,1.08369,1.08462
2014-05-27T14:00:00+01:00,1.08461,1.08741,1.08413,1.08712
2014-05-27T18:00:00+01:00,1.08713,1.08747,1.08567,1.08583
2014-05-27T22:00:00+01:00,1.08583,1.08624,1.08534,1.08574
2014-05-28T02:00:00+01:00,1.08574,1.08596,1.08525,1.08527
2014-05-28T06:00:00+01:00,1.0853,1.08657,1.08437,1.08596
2014-05-28T10:00:00+01:00,1.08596,1.08664,1.08493,1.08588
2014-05-28T14:00:00+01:00,1.08588,1.08767,1.08493,1.08756
2014-05-28T18:00:00+01:00,1.08756,1.08865,1.08691,1.08755
2014-05-28T22:00:00+01:00,1.08754,1.0879,1.08674,1.08733
2014-05-29T02:00:00+01:00,1.08735,1.08764,1.08609,1.08634
2014-05-29T06:00:00+01:00,1.08632,1.08666,1.08563,1.08639
2014-05-29T10:00:00+01:00,1.08638,1.08728,1.08508,1.08599
2014-05-29T14:00:00+01:00,1.086,1.08643,1.08256,1.08413
2014-05-29T18:00:00+01:00,1.08413,1.08459,1.08346,1.08367
2014-05-29T22:00:00+01:00,1.08366,1.08407,1.08353,1.08378
2014-05-30T02:00:00+01:00,1.08378,1.08384,1.08319,1.08365
2014-05-30T06:00:00+01:00,1.08365,1.08418,1.08285,1.08294
2014-05-30T10:00:00+01:00,1.08292,1.08687,1.08225,1.08541
2014-05-30T14:00:00+01:00,1.08541,1.08682,1.08425,1.08514
2014-05-30T18:00:00+01:00,1.08515,1.08532,1.08387,1.08458
2014-06-01T22:00:00+01:00,1.08422,1.08514,1.08415,1.08499
2014-06-02T02:00:00+01:00,1.08497,1.08564,1.08476,1.08542
2014-06-02T06:00:00+01:00,1.08542,1.08627,1.08428,1.08615
2014-06-02T10:00:00+01:00,1.08614,1.08944,1.08542,1.08906
2014-06-02T14:00:00+01:00,1.08906,1.09116,1.08894,1.09022
2014-06-02T18:00:00+01:00,1.09022,1.09048,1.08965,1.08998
2014-06-02T22:00:00+01:00,1.08997,1.0903,1.08962,1.08975
2014-06-03T02:00:00+01:00,1.08975,1.09011,1.08967,1.08982
2014-06-03T06:00:00+01:00,1.08983,1.09053,1.08911,1.09041
2014-06-03T10:00:00+01:00,1.09041,1.0922,1.09003,1.09204
2014-06-03T14:00:00+01:00,1.09204,1.09218,1.09084,1.09139
2014-06-03T18:00:00+01:00,1.0914,1.09172,1.09054,1.09087
2014-06-03T22:00:00+01:00,1.09086,1.09227,1.0907,1.09224
2014-06-04T02:00:00+01:00,1.09224,1.09364,1.09223,1.09316
2014-06-04T06:00:00+01:00,1.09316,1.09422,1.09271,1.09304
2014-06-04T10:00:00+01:00,1.09302,1.09507,1.09211,1.09254
2014-06-04T14:00:00+01:00,1.09253,1.09554,1.09171,1.09405
2014-06-04T18:00:00+01:00,1.09405,1.09431,1.09332,1.09403
2014-06-04T22:00:00+01:00,1.09401,1.0946,1.0939,1.09418
2014-06-05T02:00:00+01:00,1.09418,1.09565,1.09412,1.09488
2014-06-05T06:00:00+01:00,1.09488,1.09552,1.09349,1.09368
2014-06-05T10:00:00+01:00,1.09368,1.09474,1.09171,1.0937
2014-06-05T14:00:00+01:00,1.09371,1.09606,1.09298,1.09363
2014-06-05T18:00:00+01:00,1.09364,1.09405,1.09193,1.09248
2014-06-05T22:00:00+01:00,1.09252,1.09293,1.09191,1.09276
2014-06-06T02:00:00+01:00,1.09276,1.09282,1.09184,1.09242
2014-06-06T06:00:00+01:00,1.09243,1.09258,1.09088,1.09154
2014-06-06T10:00:00+01:00,1.09154,1.09428,1.09073,1.09343
2014-06-06T14:00:00+01:00,1.09344,1.09478,1.09261,1.09364
2014-06-06T18:00:00+01:00,1.09364,1.09378,1.09258,1.09321
2014-06-08T22:00:00+01:00,1.09271,1.0941,1.09254,1.09369
2014-06-09T02:00:00+01:00,1.09368,1.09387,1.09279,1.09285
2014-06-09T06:00:00+01:00,1.09285,1.09308,1.09213,1.09263
2014-06-09T10:00:00+01:00,1.09264,1.09313,1.09136,1.09186
2014-06-09T14:00:00+01:00,1.09186,1.09244,1.0901,1.0913
2014-06-09T18:00:00+01:00,1.0913,1.09154,1.09036,1.09036
2014-06-09T22:00:00+01:00,1.09042,1.0909,1.09033,1.09082
2014-06-10T02:00:00+01:00,1.09083,1.09084,1.08991,1.09001
2014-06-10T06:00:00+01:00,1.09,1.09135,1.08912,1.09105
2014-06-10T10:00:00+01:00,1.09107,1.09193,1.09028,1.09093
2014-06-10T14:00:00+01:00,1.09094,1.09213,1.09015,1.09156
2014-06-10T18:00:00+01:00,1.09156,1.09203,1.09007,1.09032
2014-06-10T22:00:00+01:00,1.0903,1.09073,1.08977,1.09006
2014-06-11T02:00:00+01:00,1.09007,1.09022,1.0888,1.08923
2014-06-11T06:00:00+01:00,1.08923,1.09051,1.08915,1.08993
2014-06-11T10:00:00+01:00,1.0899,1.0899,1.08832,1.08869
2014-06-11T14:00:00+01:00,1.08869,1.08871,1.08616,1.08665
2014-06-11T18:00:00+01:00,1.08665,1.08718,1.08631,1.08675
2014-06-11T22:00:00+01:00,1.08674,1.08704,1.08635,1.08657
2014-06-12T02:00:00+01:00,1.08658,1.08669,1.08596,1.08598
2014-06-12T06:00:00+01:00,1.08598,1.08697,1.08574,1.08596
2014-06-12T10:00:00+01:00,1.08596,1.08669,1.08547,1.0861
2014-06-12T14:00:00+01:00,1.0861,1.08668,1.08419,1.08513
2014-06-12T18:00:00+01:00,1.08512,1.08586,1.08483,1.08563
2014-06-12T22:00:00+01:00,1.08564,1.08577,1.08525,1.08566
2014-06-13T02:00:00+01:00,1.08565,1.08592,1.08542,1.0858
2014-06-13T06:00:00+01:00,1.08579,1.08622,1.08486,1.0854
2014-06-13T10:00:00+01:00,1.08543,1.08623,1.08479,1.0858
2014-06-13T14:00:00+01:00,1.08582,1.08705,1.08554,1.08649
2014-06-13T18:00:00+01:00,1.08649,1.08674,1.08536,1.08552
2014-06-15T22:00:00+01:00,1.08563,1.08595,1.08532,1.08557
2014-06-16T02:00:00+01:00,1.08557,1.08577,1.08502,1.08503
2014-06-16T06:00:00+01:00,1.08502,1.08751,1.08402,1.08694
2014-06-16T10:00:00+01:00,1.08696,1.08821,1.08662,1.08695
2014-06-16T14:00:00+01:00,1.08695,1.08698,1.0836,1.08514
2014-06-16T18:00:00+01:00,1.08514,1.08558,1.08383,1.08453
2014-06-16T22:00:00+01:00,1.08451,1.08532,1.08408,1.08529
2014-06-17T02:00:00+01:00,1.08529,1.08554,1.08502,1.08536
2014-06-17T06:00:00+01:00,1.08535,1.08588,1.08491,1.08582
2014-06-17T10:00:00+01:00,1.0858,1.0875,1.0854,1.08688
2014-06-17T14:00:00+01:00,1.08689,1.08729,1.08482,1.08549
2014-06-17T18:00:00+01:00,1.08548,1.08686,1.08532,1.08615
2014-06-17T22:00:00+01:00,1.08615,1.08651,1.08584,1.08641
2014-06-18T02:00:00+01:00,1.08641,1.08724,1.08614,1.08702
2014-06-18T06:00:00+01:00,1.08702,1.08724,1.08622,1.0865
2014-06-18T10:00:00+01:00,1.0865,1.08722,1.08585,1.08655
2014-06-18T14:00:00+01:00,1.08655,1.08755,1.08623,1.08708
2014-06-18T18:00:00+01:00,1.08708,1.08956,1.08357,1.08358
2014-06-18T22:00:00+01:00,1.08362,1.08431,1.08303,1.08328
2014-06-19T02:00:00+01:00,1.08328,1.08335,1.08252,1.08268
2014-06-19T06:00:00+01:00,1.08268,1.08308,1.08115,1.08178
2014-06-19T10:00:00+01:00,1.08177,1.08326,1.08102,1.08317
2014-06-19T14:00:00+01:00,1.08317,1.08334,1.08185,1.08221
2014-06-19T18:00:00+01:00,1.08221,1.08258,1.08156,1.08173
2014-06-19T22:00:00+01:00,1.08175,1.08235,1.08168,1.0818
2014-06-20T02:00:00+01:00,1.0818,1.0821,1.08133,1.08162
2014-06-20T06:00:00+01:00,1.08163,1.08254,1.08135,1.08241
2014-06-20T10:00:00+01:00,1.08241,1.08261,1.07527,1.07593
2014-06-20T14:00:00+01:00,1.0759,1.0776,1.07547,1.07571
2014-06-20T18:00:00+01:00,1.0757,1.07606,1.07519,1.07579
2014-06-22T22:00:00+01:00,1.07609,1.07621,1.0751,1.07531
2014-06-23T02:00:00+01:00,1.07532,1.07538,1.07211,1.07286
2014-06-23T06:00:00+01:00,1.07286,1.0734,1.0717,1.07276
2014-06-23T10:00:00+01:00,1.07276,1.07426,1.07253,1.07413
2014-06-23T14:00:00+01:00,1.0741,1.07427,1.07275,1.07334
2014-06-23T18:00:00+01:00,1.07334,1.0734,1.07235,1.07317
2014-06-23T22:00:00+01:00,1.07315,1.07326,1.07275,1.07289
2014-06-24T02:00:00+01:00,1.07289,1.0729,1.07195,1.07197
2014-06-24T06:00:00+01:00,1.07195,1.07251,1.0716,1.072
2014-06-24T10:00:00+01:00,1.072,1.07369,1.0718,1.07306
2014-06-24T14:00:00+01:00,1.07306,1.07445,1.07281,1.07418
2014-06-24T18:00:00+01:00,1.07418,1.07454,1.07349,1.07447
2014-06-24T22:00:00+01:00,1.07449,1.07476,1.07412,1.07455
2014-06-25T02:00:00+01:00,1.07455,1.07499,1.07451,1.07479
2014-06-25T06:00:00+01:00,1.07479,1.0752,1.07445,1.07466
2014-06-25T10:00:00+01:00,1.07466,1.07476,1.07206,1.07273
2014-06-25T14:00:00+01:00,1.07273,1.07302,1.07187,1.07227
2014-06-25T18:00:00+01:00,1.07227,1.07265,1.07174,1.07193
2014-06-25T22:00:00+01:00,1.07193,1.07251,1.07193,1.07241
2014-06-26T02:00:00+01:00,1.07241,1.07243,1.07167,1.07176
2014-06-26T06:00:00+01:00,1.07176,1.07181,1.07063,1.07066
2014-06-26T10:00:00+01:00,1.07067,1.07197,1.07054,1.0711
2014-06-26T14:00:00+01:00,1.07107,1.07227,1.06861,1.06907
2014-06-26T18:00:00+01:00,1.06909,1.06937,1.06832,1.06887
2014-06-26T22:00:00+01:00,1.06888,1.0694,1.06847,1.06879
2014-06-27T02:00:00+01:00,1.06879,1.069,1.06778,1.06785
2014-06-27T06:00:00+01:00,1.06784,1.06947,1.06782,1.0692
2014-06-27T10:00:00+01:00,1.06922,1.06966,1.06847,1.06922
2014-06-27T14:00:00+01:00,1.0692,1.06932,1.06651,1.06675
2014-06-27T18:00:00+01:00,1.06675,1.06707,1.066,1.0665
2014-06-29T22:00:00+01:00,1.06685,1.06692,1.06618,1.06642
2014-06-30T02:00:00+01:00,1.06642,1.06754,1.06637,1.06745
2014-06-30T06:00:00+01:00,1.06745,1.06868,1.06709,1.06846
2014-06-30T10:00:00+01:00,1.06846,1.06967,1.06784,1.06942
2014-06-30T14:00:00+01:00,1.06942,1.06946,1.06472,1.06661
2014-06-30T18:00:00+01:00,1.06661,1.06727,1.06641,1.06712
2014-06-30T22:00:00+01:00,1.06715,1.06755,1.06673,1.06749
2014-07-01T02:00:00+01:00,1.06747,1.06749,1.06665,1.06731
2014-07-01T06:00:00+01:00,1.06731,1.0678,1.06678,1.06706
2014-07-01T10:00:00+01:00,1.06702,1.06716,1.06571,1.06589
2014-07-01T14:00:00+01:00,1.0659,1.06615,1.06354,1.06396
2014-07-01T18:00:00+01:00,1.06396,1.06416,1.06308,1.06313
2014-07-01T22:00:00+01:00,1.06317,1.06385,1.0629,1.06365
2014-07-02T02:00:00+01:00,1.06362,1.06425,1.06361,1.06378
2014-07-02T06:00:00+01:00,1.06378,1.06399,1.06307,1.06318
2014-07-02T10:00:00+01:00,1.06319,1.06471,1.06268,1.06458
2014-07-02T14:00:00+01:00,1.06458,1.06707,1.06457,1.06614
2014-07-02T18:00:00+01:00,1.06614,1.06696,1.066,1.06644
2014-07-02T22:00:00+01:00,1.06646,1.06702,1.0664,1.06689
2014-07-03T02:00:00+01:00,1.06688,1.06745,1.06688,1.06711
2014-07-03T06:00:00+01:00,1.0671,1.0673,1.06514,1.06526
2014-07-03T10:00:00+01:00,1.06525,1.06805,1.06453,1.06757
2014-07-03T14:00:00+01:00,1.06759,1.068,1.06207,1.06248
2014-07-03T18:00:00+01:00,1.06248,1.06389,1.0623,1.06339
2014-07-03T22:00:00+01:00,1.06337,1.06434,1.06332,1.06368
2014-07-04T02:00:00+01:00,1.06368,1.06399,1.06321,1.06389
2014-07-04T06:00:00+01:00,1.0639,1.06466,1.0638,1.06445
2014-07-04T10:00:00+01:00,1.06446,1.06452,1.06306,1.06307
2014-07-04T14:00:00+01:00,1.06307,1.06473,1.06306,1.06461
2014-07-04T18:00:00+01:00,1.0646,1.06591,1.0646,1.0653
2014-07-06T22:00:00+01:00,1.06487,1.06615,1.06482,1.06612
2014-07-07T02:00:00+01:00,1.06612,1.06675,1.06606,1.06625
2014-07-07T06:00:00+01:00,1.06625,1.06652,1.0646,1.06462
2014-07-07T10:00:00+01:00,1.06464,1.06489,1.06315,1.06343
2014-07-07T14:00:00+01:00,1.06344,1.0677,1.0634,1.06669
2014-07-07T18:00:00+01:00,1.06667,1.06842,1.06643,1.06837
2014-07-07T22:00:00+01:00,1.06836,1.06849,1.06797,1.06821
2014-07-08T02:00:00+01:00,1.06821,1.06944,1.06767,1.06936
2014-07-08T06:00:00+01:00,1.06936,1.0694,1.06756,1.06794
2014-07-08T10:00:00+01:00,1.06793,1.06899,1.0671,1.06783
2014-07-08T14:00:00+01:00,1.06784,1.06817,1.06622,1.06755
2014-07-08T18:00:00+01:00,1.06755,1.06846,1.06719,1.06784
2014-07-08T22:00:00+01:00,1.06785,1.06807,1.06712,1.0675
2014-07-09T02:00:00+01:00,1.0675,1.0684,1.0674,1.06817
2014-07-09T06:00:00+01:00,1.06816,1.06831,1.06685,1.06749
2014-07-09T10:00:00+01:00,1.06752,1.06764,1.06615,1.06739
2014-07-09T14:00:00+01:00,1.06738,1.06753,1.06471,1.06506
2014-07-09T18:00:00+01:00,1.06506,1.06694,1.06414,1.06511
2014-07-09T22:00:00+01:00,1.0651,1.06553,1.06471,1.06537
2014-07-10T02:00:00+01:00,1.06537,1.0657,1.06493,1.06541
2014-07-10T06:00:00+01:00,1.0654,1.06646,1.06504,1.06643
2014-07-10T10:00:00+01:00,1.06644,1.06736,1.0659,1.06734
2014-07-10T14:00:00+01:00,1.06733,1.0676,1.06563,1.06596
2014-07-10T18:00:00+01:00,1.06595,1.06614,1.06447,1.06496
2014-07-10T22:00:00+01:00,1.06498,1.06537,1.06475,1.06479
2014-07-11T02:00:00+01:00,1.0648,1.06481,1.0636,1.06383
2014-07-11T06:00:00+01:00,1.06383,1.06443,1.06332,1.06352
2014-07-11T10:00:00+01:00,1.06353,1.0705,1.06307,1.07043
2014-07-11T14:00:00+01:00,1.07041,1.07258,1.07004,1.07256
2014-07-11T18:00:00+01:00,1.07255,1.07368,1.07255,1.07342
2014-07-13T22:00:00+01:00,1.07364,1.07373,1.07273,1.0733
2014-07-14T02:00:00+01:00,1.0733,1.07441,1.07329,1.07424
2014-07-14T06:00:00+01:00,1.07422,1.07473,1.07335,1.07366
2014-07-14T10:00:00+01:00,1.07366,1.07424,1.07256,1.07279
2014-07-14T14:00:00+01:00,1.07279,1.07371,1.07113,1.07113
2014-07-14T18:00:00+01:00,1.07113,1.07159,1.07103,1.0712
2014-07-14T22:00:00+01:00,1.07123,1.07242,1.0711,1.07204
2014-07-15T02:00:00+01:00,1.07205,1.07267,1.07201,1.07253
2014-07-15T06:00:00+01:00,1.0725,1.07388,1.07242,1.07384
2014-07-15T10:00:00+01:00,1.07382,1.07409,1.07252,1.07337
2014-07-15T14:00:00+01:00,1.07337,1.07696,1.07218,1.07608
2014-07-15T18:00:00+01:00,1.07608,1.07638,1.07536,1.07589
2014-07-15T22:00:00+01:00,1.0759,1.0766,1.07527,1.07644
2014-07-16T02:00:00+01:00,1.07644,1.07655,1.07601,1.07642
2014-07-16T06:00:00+01:00,1.07642,1.07707,1.07542,1.07632
2014-07-16T10:00:00+01:00,1.07633,1.07743,1.07526,1.07611
2014-07-16T14:00:00+01:00,1.0761,1.07942,1.07236,1.07442
2014-07-16T18:00:00+01:00,1.07442,1.07506,1.0741,1.07416
2014-07-16T22:00:00+01:00,1.07416,1.07487,1.07364,1.07381
2014-07-17T02:00:00+01:00,1.07381,1.07439,1.07337,1.07356
2014-07-17T06:00:00+01:00,1.07357,1.07404,1.07281,1.07391
2014-07-17T10:00:00+01:00,1.0739,1.07569,1.07342,1.07383
2014-07-17T14:00:00+01:00,1.07384,1.07614,1.07353,1.07455
2014-07-17T18:00:00+01:00,1.07455,1.07638,1.07367,1.07625
2014-07-17T22:00:00+01:00,1.07624,1.07666,1.07555,1.07571
2014-07-18T02:00:00+01:00,1.07571,1.0759,1.07444,1.07464
2014-07-18T06:00:00+01:00,1.07464,1.07561,1.07432,1.07533
2014-07-18T10:00:00+01:00,1.07534,1.07625,1.07085,1.07281
2014-07-18T14:00:00+01:00,1.07282,1.07413,1.07281,1.07377
2014-07-18T18:00:00+01:00,1.07377,1.07395,1.07316,1.07333
2014-07-20T22:00:00+01:00,1.07342,1.07413,1.07308,1.07398
2014-07-21T02:00:00+01:00,1.07399,1.07403,1.07308,1.07309
2014-07-21T06:00:00+01:00,1.07309,1.07507,1.07305,1.07489
2014-07-21T10:00:00+01:00,1.07488,1.07522,1.07404,1.07514
2014-07-21T14:00:00+01:00,1.07516,1.07517,1.07289,1.07333
2014-07-21T18:00:00+01:00,1.07334,1.0739,1.07262,1.07387
2014-07-21T22:00:00+01:00,1.07388,1.07449,1.07365,1.07437
2014-07-22T02:00:00+01:00,1.07437,1.07444,1.07383,1.07413
2014-07-22T06:00:00+01:00,1.07412,1.07463,1.07352,1.07424
2014-07-22T10:00:00+01:00,1.07425,1.07595,1.07309,1.07333
2014-07-22T14:00:00+01:00,1.07332,1.07498,1.07312,1.07428
2014-07-22T18:00:00+01:00,1.07429,1.07452,1.07327,1.07386
2014-07-22T22:00:00+01:00,1.07382,1.07421,1.07357,1.07394
2014-07-23T02:00:00+01:00,1.07393,1.07416,1.07286,1.07309
2014-07-23T06:00:00+01:00,1.07308,1.0736,1.07139,1.07201
2014-07-23T10:00:00+01:00,1.07201,1.07294,1.07106,1.07276
2014-07-23T14:00:00+01:00,1.07276,1.07458,1.07237,1.07394
2014-07-23T18:00:00+01:00,1.07394,1.07408,1.07235,1.07285
2014-07-23T22:00:00+01:00,1.07279,1.07422,1.0722,1.07407
2014-07-24T02:00:00+01:00,1.07407,1.07424,1.07306,1.07391
2014-07-24T06:00:00+01:00,1.07391,1.0743,1.07231,1.07249
2014-07-24T10:00:00+01:00,1.07249,1.07351,1.0718,1.07313
2014-07-24T14:00:00+01:00,1.07313,1.07476,1.07287,1.07471
2014-07-24T18:00:00+01:00,1.07472,1.07519,1.07402,1.07448
2014-07-24T22:00:00+01:00,1.07447,1.07465,1.07417,1.07439
2014-07-25T02:00:00+01:00,1.07438,1.07457,1.07407,1.07421
2014-07-25T06:00:00+01:00,1.07421,1.07666,1.07384,1.07647
2014-07-25T10:00:00+01:00,1.07647,1.07691,1.07556,1.07598
2014-07-25T14:00:00+01:00,1.07598,1.08212,1.07569,1.08128
2014-07-25T18:00:00+01:00,1.08128,1.0818,1.08098,1.0814
2014-07-27T22:00:00+01:00,1.08168,1.08173,1.08089,1.08146
2014-07-28T02:00:00+01:00,1.08148,1.08163,1.08096,1.08133
2014-07-28T06:00:00+01:00,1.08133,1.08148,1.08013,1.08106
2014-07-28T10:00:00+01:00,1.08105,1.08184,1.08052,1.081
2014-07-28T14:00:00+01:00,1.08101,1.0814,1.07984,1.08028
2014-07-28T18:00:00+01:00,1.08028,1.08087,1.07976,1.07989
2014-07-28T22:00:00+01:00,1.07987,1.08018,1.07968,1.07988
2014-07-29T02:00:00+01:00,1.07988,1.08095,1.07986,1.08093
2014-07-29T06:00:00+01:00,1.08092,1.08131,1.08049,1.08082
2014-07-29T10:00:00+01:00,1.08082,1.08272,1.08072,1.08177
2014-07-29T14:00:00+01:00,1.08176,1.08658,1.08128,1.0854
2014-07-29T18:00:00+01:00,1.0854,1.08592,1.08454,1.08521
2014-07-29T22:00:00+01:00,1.0852,1.08554,1.08493,1.0853
2014-07-30T02:00:00+01:00,1.0853,1.08573,1.08503,1.08554
2014-07-30T06:00:00+01:00,1.08553,1.08693,1.08541,1.08687
2014-07-30T10:00:00+01:00,1.08686,1.08936,1.08603,1.08895
2014-07-30T14:00:00+01:00,1.08896,1.0917,1.08846,1.09107
2014-07-30T18:00:00+01:00,1.09107,1.09156,1.08806,1.0903
2014-07-30T22:00:00+01:00,1.0903,1.09087,1.08997,1.09058
2014-07-31T02:00:00+01:00,1.09058,1.09065,1.09017,1.09042
2014-07-31T06:00:00+01:00,1.09043,1.09189,1.09025,1.09137
2014-07-31T10:00:00+01:00,1.09137,1.09296,1.09098,1.09162
2014-07-31T14:00:00+01:00,1.09162,1.09203,1.08768,1.0894
2014-07-31T18:00:00+01:00,1.0894,1.09061,1.0886,1.09057
2014-07-31T22:00:00+01:00,1.09057,1.09115,1.09025,1.09075
2014-08-01T02:00:00+01:00,1.09075,1.09214,1.0906,1.0921
2014-08-01T06:00:00+01:00,1.0921,1.09366,1.09196,1.09364
2014-08-01T10:00:00+01:00,1.09365,1.09438,1.0903,1.09068
2014-08-01T14:00:00+01:00,1.09069,1.09201,1.08849,1.09123
2014-08-01T18:00:00+01:00,1.09125,1.09272,1.09089,1.09163
2014-08-03T22:00:00+01:00,1.09195,1.09257,1.09176,1.09187
2014-08-04T02:00:00+01:00,1.09188,1.09242,1.0918,1.09235
2014-08-04T06:00:00+01:00,1.09235,1.09332,1.09201,1.09303
2014-08-04T10:00:00+01:00,1.09303,1.09342,1.09186,1.09257
2014-08-04T14:00:00+01:00,1.09258,1.09296,1.09122,1.09139
2014-08-04T18:00:00+01:00,1.09139,1.09149,1.09051,1.09057
2014-08-04T22:00:00+01:00,1.09058,1.09116,1.09045,1.09081
2014-08-05T02:00:00+01:00,1.0908,1.09163,1.09065,1.09144
2014-08-05T06:00:00+01:00,1.09143,1.09264,1.09125,1.09245
2014-08-05T10:00:00+01:00,1.09245,1.09522,1.09227,1.09472
2014-08-05T14:00:00+01:00,1.09472,1.09768,1.09391,1.09614
2014-08-05T18:00:00+01:00,1.09614,1.09706,1.09585,1.09612
2014-08-05T22:00:00+01:00,1.09613,1.09651,1.09572,1.09648
2014-08-06T02:00:00+01:00,1.09648,1.09672,1.09617,1.09668
2014-08-06T06:00:00+01:00,1.09668,1.09723,1.09664,1.09698
2014-08-06T10:00:00+01:00,1.09699,1.09861,1.09532,1.09533
2014-08-06T14:00:00+01:00,1.09535,1.09539,1.09157,1.09237
2014-08-06T18:00:00+01:00,1.09239,1.09254,1.09125,1.09158
2014-08-06T22:00:00+01:00,1.09159,1.09199,1.09117,1.09149
2014-08-07T02:00:00+01:00,1.09149,1.09185,1.09113,1.09155
2014-08-07T06:00:00+01:00,1.09155,1.09385,1.09147,1.093
2014-08-07T10:00:00+01:00,1.09299,1.09346,1.09196,1.09199
2014-08-07T14:00:00+01:00,1.092,1.09361,1.09037,1.09271
2014-08-07T18:00:00+01:00,1.09269,1.09275,1.09194,1.09265
2014-08-07T22:00:00+01:00,1.09261,1.0934,1.09242,1.09339
2014-08-08T02:00:00+01:00,1.09339,1.0948,1.09289,1.09373
2014-08-08T06:00:00+01:00,1.09371,1.09404,1.09183,1.09223
2014-08-08T10:00:00+01:00,1.09225,1.09665,1.09099,1.09605
2014-08-08T14:00:00+01:00,1.09606,1.09841,1.0957,1.09767
2014-08-08T18:00:00+01:00,1.09767,1.09782,1.09693,1.09732
2014-08-10T22:00:00+01:00,1.09702,1.09763,1.09683,1.09755
2014-08-11T02:00:00+01:00,1.09756,1.09774,1.09712,1.09742
2014-08-11T06:00:00+01:00,1.09746,1.09769,1.09689,1.09729
2014-08-11T10:00:00+01:00,1.09729,1.09732,1.09503,1.09525
2014-08-11T14:00:00+01:00,1.09525,1.09599,1.09201,1.09201
2014-08-11T18:00:00+01:00,1.09201,1.09332,1.09187,1.09215
2014-08-11T22:00:00+01:00,1.0921,1.09332,1.09204,1.09327
2014-08-12T02:00:00+01:00,1.09327,1.09411,1.09324,1.09382
2014-08-12T06:00:00+01:00,1.09382,1.0945,1.09381,1.09442
2014-08-12T10:00:00+01:00,1.09443,1.09529,1.09357,1.09364
2014-08-12T14:00:00+01:00,1.09364,1.09476,1.0931,1.09419
2014-08-12T18:00:00+01:00,1.09419,1.09446,1.09137,1.09242
2014-08-12T22:00:00+01:00,1.09243,1.09282,1.09214,1.09231
2014-08-13T02:00:00+01:00,1.09231,1.09309,1.09227,1.09235
2014-08-13T06:00:00+01:00,1.09235,1.09293,1.09109,1.09193
2014-08-13T10:00:00+01:00,1.09192,1.09291,1.09064,1.09182
2014-08-13T14:00:00+01:00,1.09183,1.09404,1.09133,1.09207
2014-08-13T18:00:00+01:00,1.09207,1.09271,1.09113,1.09143
2014-08-13T22:00:00+01:00,1.09144,1.09171,1.09124,1.09152
2014-08-14T02:00:00+01:00,1.09153,1.09213,1.09152,1.09163
2014-08-14T06:00:00+01:00,1.09162,1.09194,1.09021,1.09026
2014-08-14T10:00:00+01:00,1.09025,1.09029,1.08872,1.08973
2014-08-14T14:00:00+01:00,1.08973,1.09159,1.08971,1.09055
2014-08-14T18:00:00+01:00,1.09054,1.09126,1.09008,1.09021
2014-08-14T22:00:00+01:00,1.09022,1.09082,1.0901,1.09053
2014-08-15T02:00:00+01:00,1.09053,1.09059,1.08939,1.08939
2014-08-15T06:00:00+01:00,1.0894,1.08986,1.08906,1.08953
2014-08-15T10:00:00+01:00,1.08953,1.09082,1.08668,1.08688
2014-08-15T14:00:00+01:00,1.08688,1.0919,1.08606,1.09033
2014-08-15T18:00:00+01:00,1.09032,1.09032,1.08872,1.08986
2014-08-17T22:00:00+01:00,1.08866,1.08952,1.08859,1.08889
2014-08-18T02:00:00+01:00,1.08889,1.08926,1.0878,1.08792
2014-08-18T06:00:00+01:00,1.08792,1.08881,1.08755,1.08826
2014-08-18T10:00:00+01:00,1.08826,1.08923,1.08763,1.0884
2014-08-18T14:00:00+01:00,1.08841,1.08995,1.08818,1.08907
2014-08-18T18:00:00+01:00,1.08907,1.08916,1.08846,1.08869
2014-08-18T22:00:00+01:00,1.08873,1.08952,1.08862,1.08919
2014-08-19T02:00:00+01:00,1.08919,1.0898,1.08892,1.08953
2014-08-19T06:00:00+01:00,1.08953,1.09051,1.08918,1.08988
2014-08-19T10:00:00+01:00,1.08986,1.09177,1.0898,1.0906
2014-08-19T14:00:00+01:00,1.0906,1.09479,1.09037,1.09451
2014-08-19T18:00:00+01:00,1.09451,1.09495,1.09403,1.09421
2014-08-19T22:00:00+01:00,1.0942,1.09433,1.09377,1.09407
2014-08-20T02:00:00+01:00,1.09407,1.09547,1.09388,1.09526
2014-08-20T06:00:00+01:00,1.09526,1.09572,1.09412,1.09498
2014-08-20T10:00:00+01:00,1.09498,1.09625,1.09401,1.09472
2014-08-20T14:00:00+01:00,1.0947,1.09507,1.09321,1.09466
2014-08-20T18:00:00+01:00,1.09466,1.0974,1.09459,1.09705
2014-08-20T22:00:00+01:00,1.09706,1.09766,1.09652,1.09758
2014-08-21T02:00:00+01:00,1.09759,1.09844,1.09745,1.09837
2014-08-21T06:00:00+01:00,1.09837,1.09865,1.09655,1.0976
2014-08-21T10:00:00+01:00,1.09759,1.09797,1.09508,1.09542
2014-08-21T14:00:00+01:00,1.09542,1.09573,1.09404,1.09521
2014-08-21T18:00:00+01:00,1.0952,1.09527,1.09405,1.09405
2014-08-21T22:00:00+01:00,1.09407,1.09477,1.09398,1.09466
2014-08-22T02:00:00+01:00,1.09465,1.09473,1.09303,1.09323
2014-08-22T06:00:00+01:00,1.09323,1.0948,1.09285,1.09475
2014-08-22T10:00:00+01:00,1.09474,1.09806,1.09458,1.09497
2014-08-22T14:00:00+01:00,1.09498,1.09638,1.09346,1.09476
2014-08-22T18:00:00+01:00,1.09477,1.0949,1.09368,1.09452
2014-08-24T22:00:00+01:00,1.09665,1.09705,1.09543,1.0961
2014-08-25T02:00:00+01:00,1.0961,1.09645,1.09525,1.09538
2014-08-25T06:00:00+01:00,1.09537,1.09545,1.09432,1.09454
2014-08-25T10:00:00+01:00,1.09453,1.09656,1.09451,1.09647
2014-08-25T14:00:00+01:00,1.09648,1.09814,1.09645,1.09792
2014-08-25T18:00:00+01:00,1.09794,1.09863,1.09774,1.09839
2014-08-25T22:00:00+01:00,1.09835,1.09977,1.09827,1.09902
2014-08-26T02:00:00+01:00,1.09905,1.0991,1.09714,1.09732
2014-08-26T06:00:00+01:00,1.09732,1.0976,1.09627,1.09726
2014-08-26T10:00:00+01:00,1.09726,1.09743,1.09563,1.09594
2014-08-26T14:00:00+01:00,1.09595,1.09653,1.09413,1.09509
2014-08-26T18:00:00+01:00,1.09508,1.09606,1.09451,1.0952
2014-08-26T22:00:00+01:00,1.0952,1.09563,1.0931,1.09353
2014-08-27T02:00:00+01:00,1.09354,1.09391,1.09183,1.09235
2014-08-27T06:00:00+01:00,1.09235,1.09248,1.08894,1.08949
2014-08-27T10:00:00+01:00,1.08947,1.09082,1.08895,1.09007
2014-08-27T14:00:00+01:00,1.09007,1.09034,1.08858,1.08889
2014-08-27T18:00:00+01:00,1.08889,1.08897,1.08288,1.0865
2014-08-27T22:00:00+01:00,1.08649,1.08691,1.08529,1.08532
2014-08-28T02:00:00+01:00,1.08533,1.0855,1.08434,1.08457
2014-08-28T06:00:00+01:00,1.08457,1.08599,1.08425,1.0854
2014-08-28T10:00:00+01:00,1.08539,1.08657,1.08367,1.08527
2014-08-28T14:00:00+01:00,1.08527,1.08642,1.085,1.08557
2014-08-28T18:00:00+01:00,1.08554,1.08644,1.08398,1.08608
2014-08-28T22:00:00+01:00,1.0861,1.08632,1.08546,1.08583
2014-08-29T02:00:00+01:00,1.08583,1.08619,1.08562,1.08605
2014-08-29T06:00:00+01:00,1.08605,1.08614,1.08479,1.08552
2014-08-29T10:00:00+01:00,1.08549,1.08574,1.08302,1.08427
2014-08-29T14:00:00+01:00,1.08427,1.08693,1.08109,1.08639
2014-08-29T18:00:00+01:00,1.08639,1.08797,1.08617,1.08779
2014-08-31T22:00:00+01:00,1.08748,1.08785,1.08688,1.08765
2014-09-01T02:00:00+01:00,1.08765,1.08766,1.08684,1.08699
2014-09-01T06:00:00+01:00,1.08698,1.0871,1.08615,1.08672
2014-09-01T10:00:00+01:00,1.08673,1.08692,1.08563,1.08666
2014-09-01T14:00:00+01:00,1.08668,1.08693,1.08577,1.08632
2014-09-01T18:00:00+01:00,1.08632,1.08715,1.08616,1.08715
2014-09-01T22:00:00+01:00,1.08712,1.08771,1.08669,1.08704
2014-09-02T02:00:00+01:00,1.08704,1.09022,1.08696,1.08977
2014-09-02T06:00:00+01:00,1.08977,1.09102,1.08899,1.09093
2014-09-02T10:00:00+01:00,1.09095,1.09204,1.09078,1.09129
2014-09-02T14:00:00+01:00,1.0913,1.09355,1.09015,1.09218
2014-09-02T18:00:00+01:00,1.09219,1.09322,1.09173,1.09286
2014-09-02T22:00:00+01:00,1.09289,1.09333,1.09227,1.09261
2014-09-03T02:00:00+01:00,1.0926,1.09428,1.0924,1.09369
2014-09-03T06:00:00+01:00,1.0937,1.09386,1.09031,1.09109
2014-09-03T10:00:00+01:00,1.09108,1.0913,1.0897,1.09082
2014-09-03T14:00:00+01:00,1.09081,1.0928,1.08711,1.08742
2014-09-03T18:00:00+01:00,1.08742,1.08899,1.08739,1.08884
2014-09-03T22:00:00+01:00,1.08887,1.08923,1.08868,1.08891
2014-09-04T02:00:00+01:00,1.08891,1.0897,1.08871,1.08956
2014-09-04T06:00:00+01:00,1.08954,1.09096,1.08926,1.08952
2014-09-04T10:00:00+01:00,1.08953,1.08969,1.0821,1.08542
2014-09-04T14:00:00+01:00,1.08542,1.08732,1.08308,1.08691
2014-09-04T18:00:00+01:00,1.08691,1.08846,1.08691,1.08749
2014-09-04T22:00:00+01:00,1.08748,1.08906,1.08729,1.08856
2014-09-05T02:00:00+01:00,1.08856,1.08857,1.08757,1.08789
2014-09-05T06:00:00+01:00,1.08788,1.08878,1.0875,1.08874
2014-09-05T10:00:00+01:00,1.08874,1.09028,1.08401,1.08757
2014-09-05T14:00:00+01:00,1.08759,1.08996,1.08725,1.08862
2014-09-05T18:00:00+01:00,1.0886,1.08872,1.08778,1.08806
2014-09-07T22:00:00+01:00,1.08808,1.08893,1.08788,1.08876
2014-09-08T02:00:00+01:00,1.08878,1.08986,1.08858,1.08931
2014-09-08T06:00:00+01:00,1.0893,1.09022,1.0889,1.08919
2014-09-08T10:00:00+01:00,1.08919,1.0915,1.08861,1.09101
2014-09-08T14:00:00+01:00,1.09101,1.09645,1.09045,1.09607
2014-09-08T18:00:00+01:00,1.09607,1.0983,1.09595,1.09737
2014-09-08T22:00:00+01:00,1.09736,1.09849,1.09727,1.09815
2014-09-09T02:00:00+01:00,1.09815,1.10025,1.09719,1.10002
2014-09-09T06:00:00+01:00,1.10001,1.10023,1.0982,1.09959
2014-09-09T10:00:00+01:00,1.09959,1.10026,1.09695,1.1
2014-09-09T14:00:00+01:00,1.1,1.10318,1.09958,1.10096
2014-09-09T18:00:00+01:00,1.10096,1.10115,1.09643,1.09839
2014-09-09T22:00:00+01:00,1.09841,1.09855,1.09584,1.09623
2014-09-10T02:00:00+01:00,1.09621,1.09831,1.09613,1.09821
2014-09-10T06:00:00+01:00,1.0982,1.10144,1.09709,1.10072
2014-09-10T10:00:00+01:00,1.10068,1.10085,1.09708,1.09927
2014-09-10T14:00:00+01:00,1.09926,1.09999,1.09457,1.09569
2014-09-10T18:00:00+01:00,1.09569,1.09591,1.0934,1.09376
2014-09-10T22:00:00+01:00,1.09377,1.09529,1.09358,1.09481
2014-09-11T02:00:00+01:00,1.09481,1.09662,1.09389,1.09654
2014-09-11T06:00:00+01:00,1.09654,1.09742,1.09557,1.09722
2014-09-11T10:00:00+01:00,1.09723,1.10222,1.0971,1.09915
2014-09-11T14:00:00+01:00,1.09916,1.10448,1.09906,1.10366
2014-09-11T18:00:00+01:00,1.10365,1.10589,1.10322,1.10354
2014-09-11T22:00:00+01:00,1.10351,1.10503,1.10291,1.10457
2014-09-12T02:00:00+01:00,1.10455,1.10614,1.10418,1.10499
2014-09-12T06:00:00+01:00,1.10499,1.10607,1.10364,1.10606
2014-09-12T10:00:00+01:00,1.10606,1.10763,1.10308,1.10607
2014-09-12T14:00:00+01:00,1.10608,1.10835,1.10565,1.10763
2014-09-12T18:00:00+01:00,1.10763,1.1098,1.10737,1.10919
2014-09-14T22:00:00+01:00,1.10856,1.10979,1.10836,1.1092
2014-09-15T02:00:00+01:00,1.1092,1.10979,1.10887,1.10953
2014-09-15T06:00:00+01:00,1.10953,1.10989,1.10819,1.10845
2014-09-15T10:00:00+01:00,1.10845,1.10916,1.10747,1.10762
2014-09-15T14:00:00+01:00,1.10762,1.10792,1.104,1.1045
2014-09-15T18:00:00+01:00,1.10448,1.10547,1.10357,1.10547
2014-09-15T22:00:00+01:00,1.10548,1.10596,1.10492,1.10511
2014-09-16T02:00:00+01:00,1.10514,1.10644,1.10379,1.10641
2014-09-16T06:00:00+01:00,1.10641,1.10719,1.10562,1.10567
2014-09-16T10:00:00+01:00,1.10567,1.1065,1.10131,1.10135
2014-09-16T14:00:00+01:00,1.10134,1.1033,1.09725,1.09868
2014-09-16T18:00:00+01:00,1.09868,1.09908,1.09661,1.09688
2014-09-16T22:00:00+01:00,1.0969,1.09827,1.09689,1.09755
2014-09-17T02:00:00+01:00,1.09755,1.09813,1.09705,1.09715
2014-09-17T06:00:00+01:00,1.09715,1.09728,1.09485,1.09526
2014-09-17T10:00:00+01:00,1.09527,1.09811,1.09525,1.09631
2014-09-17T14:00:00+01:00,1.09632,1.09667,1.09269,1.09359
2014-09-17T18:00:00+01:00,1.09356,1.10206,1.09286,1.09981
2014-09-17T22:00:00+01:00,1.0998,1.10239,1.09979,1.10074
2014-09-18T02:00:00+01:00,1.10075,1.10155,1.09982,1.10128
2014-09-18T06:00:00+01:00,1.10125,1.10151,1.09801,1.09878
2014-09-18T10:00:00+01:00,1.09878,1.10088,1.09649,1.0967
2014-09-18T14:00:00+01:00,1.09669,1.09711,1.09289,1.09567
2014-09-18T18:00:00+01:00,1.0957,1.09608,1.09346,1.09346
2014-09-18T22:00:00+01:00,1.09346,1.09524,1.09309,1.09483
2014-09-19T02:00:00+01:00,1.09482,1.09697,1.09453,1.09558
2014-09-19T06:00:00+01:00,1.09558,1.09687,1.09487,1.09621
2014-09-19T10:00:00+01:00,1.0962,1.09803,1.08871,1.0904
2014-09-19T14:00:00+01:00,1.09041,1.09777,1.09039,1.09735
2014-09-19T18:00:00+01:00,1.0973,1.09766,1.09463,1.09638
2014-09-21T22:00:00+01:00,1.09687,1.09706,1.0942,1.09442
2014-09-22T02:00:00+01:00,1.09442,1.09511,1.09265,1.09382
2014-09-22T06:00:00+01:00,1.09381,1.09931,1.0934,1.09917
2014-09-22T10:00:00+01:00,1.09917,1.10039,1.0974,1.10038
2014-09-22T14:00:00+01:00,1.10038,1.1021,1.09963,1.10186
2014-09-22T18:00:00+01:00,1.10186,1.10441,1.10183,1.1044
2014-09-22T22:00:00+01:00,1.10438,1.10468,1.10347,1.1045
2014-09-23T02:00:00+01:00,1.10448,1.10497,1.10229,1.10246
2014-09-23T06:00:00+01:00,1.10245,1.10366,1.1015,1.10204
2014-09-23T10:00:00+01:00,1.10201,1.10406,1.09865,1.10294
2014-09-23T14:00:00+01:00,1.10295,1.10834,1.10133,1.10833
2014-09-23T18:00:00+01:00,1.10831,1.10838,1.10638,1.10788
2014-09-23T22:00:00+01:00,1.10785,1.10816,1.10712,1.10816
2014-09-24T02:00:00+01:00,1.10814,1.10832,1.1068,1.10762
2014-09-24T06:00:00+01:00,1.10762,1.10847,1.10647,1.10773
2014-09-24T10:00:00+01:00,1.10773,1.1108,1.10669,1.11028
2014-09-24T14:00:00+01:00,1.11027,1.11223,1.10753,1.10766
2014-09-24T18:00:00+01:00,1.10767,1.10778,1.10535,1.10577
2014-09-24T22:00:00+01:00,1.10577,1.1077,1.10566,1.10691
2014-09-25T02:00:00+01:00,1.10689,1.10914,1.10641,1.10859
2014-09-25T06:00:00+01:00,1.10859,1.11139,1.10819,1.11013
2014-09-25T10:00:00+01:00,1.11014,1.11277,1.10987,1.11129
2014-09-25T14:00:00+01:00,1.11129,1.11167,1.10842,1.11078
2014-09-25T18:00:00+01:00,1.11078,1.11124,1.10882,1.11098
2014-09-25T22:00:00+01:00,1.11103,1.11155,1.11006,1.11016
2014-09-26T02:00:00+01:00,1.11016,1.11244,1.11005,1.11232
2014-09-26T06:00:00+01:00,1.11233,1.1133,1.11076,1.11118
2014-09-26T10:00:00+01:00,1.1112,1.11372,1.10926,1.11323
2014-09-26T14:00:00+01:00,1.11323,1.11691,1.11105,1.11653
2014-09-26T18:00:00+01:00,1.11654,1.11679,1.11505,1.11549
2014-09-28T22:00:00+01:00,1.11529,1.11657,1.11511,1.11571
2014-09-29T02:00:00+01:00,1.1157,1.11776,1.11528,1.11755
2014-09-29T06:00:00+01:00,1.11755,1.11785,1.11382,1.11606
2014-09-29T10:00:00+01:00,1.11606,1.1163,1.11417,1.11505
2014-09-29T14:00:00+01:00,1.11507,1.1166,1.11316,1.11455
2014-09-29T18:00:00+01:00,1.11457,1.11647,1.11433,1.11643
2014-09-29T22:00:00+01:00,1.11645,1.11671,1.11542,1.11644
2014-09-30T02:00:00+01:00,1.11644,1.11648,1.11393,1.11408
2014-09-30T06:00:00+01:00,1.1141,1.11638,1.11347,1.1159
2014-09-30T10:00:00+01:00,1.1159,1.12044,1.11554,1.11837
2014-09-30T14:00:00+01:00,1.11837,1.12196,1.11667,1.12085
2014-09-30T18:00:00+01:00,1.12085,1.12102,1.11938,1.11981
2014-09-30T22:00:00+01:00,1.11987,1.12147,1.11956,1.12127
2014-10-01T02:00:00+01:00,1.12129,1.12235,1.12112,1.12144
2014-10-01T06:00:00+01:00,1.12144,1.1216,1.11988,1.12021
2014-10-01T10:00:00+01:00,1.12019,1.12226,1.11857,1.11945
2014-10-01T14:00:00+01:00,1.11947,1.1202,1.11634,1.11824
2014-10-01T18:00:00+01:00,1.11824,1.11875,1.11608,1.11633
2014-10-01T22:00:00+01:00,1.11634,1.11677,1.11484,1.11509
2014-10-02T02:00:00+01:00,1.11509,1.1151,1.10718,1.10847
2014-10-02T06:00:00+01:00,1.10847,1.11191,1.10833,1.10967
2014-10-02T10:00:00+01:00,1.10966,1.11641,1.10949,1.11512
2014-10-02T14:00:00+01:00,1.11513,1.11777,1.11285,1.11471
2014-10-02T18:00:00+01:00,1.11471,1.11631,1.11413,1.11567
2014-10-02T22:00:00+01:00,1.11569,1.11739,1.11552,1.11712
2014-10-03T02:00:00+01:00,1.11712,1.11769,1.11668,1.11755
2014-10-03T06:00:00+01:00,1.11756,1.11778,1.11648,1.11708
2014-10-03T10:00:00+01:00,1.11709,1.12445,1.11705,1.1233
2014-10-03T14:00:00+01:00,1.12331,1.12703,1.12236,1.12573
2014-10-03T18:00:00+01:00,1.12572,1.12635,1.12444,1.12444
2014-10-05T22:00:00+01:00,1.12513,1.12654,1.12499,1.12528
2014-10-06T02:00:00+01:00,1.12528,1.12529,1.12425,1.1243
2014-10-06T06:00:00+01:00,1.1243,1.12435,1.12186,1.12235
2014-10-06T10:00:00+01:00,1.12235,1.12329,1.12022,1.12135
2014-10-06T14:00:00+01:00,1.12135,1.12238,1.11722,1.11903
2014-10-06T18:00:00+01:00,1.11902,1.11902,1.11118,1.11315
2014-10-06T22:00:00+01:00,1.11321,1.11626,1.1128,1.11613
2014-10-07T02:00:00+01:00,1.11612,1.11841,1.11611,1.11705
2014-10-07T06:00:00+01:00,1.11707,1.11722,1.11316,1.11606
2014-10-07T10:00:00+01:00,1.11605,1.11869,1.11442,1.11688
2014-10-07T14:00:00+01:00,1.11691,1.11961,1.11502,1.11726
2014-10-07T18:00:00+01:00,1.11727,1.11815,1.11563,1.1175
2014-10-07T22:00:00+01:00,1.11749,1.11757,1.11492,1.11636
2014-10-08T02:00:00+01:00,1.11635,1.11847,1.11607,1.11794
2014-10-08T06:00:00+01:00,1.11794,1.11888,1.11607,1.11645
2014-10-08T10:00:00+01:00,1.11645,1.11849,1.11532,1.11824
2014-10-08T14:00:00+01:00,1.11821,1.12104,1.11675,1.11878
2014-10-08T18:00:00+01:00,1.11878,1.12077,1.10935,1.11077
2014-10-08T22:00:00+01:00,1.11076,1.11154,1.10972,1.11006
2014-10-09T02:00:00+01:00,1.11006,1.11049,1.10905,1.10949
2014-10-09T06:00:00+01:00,1.1095,1.11089,1.1082,1.11088
2014-10-09T10:00:00+01:00,1.11084,1.1126,1.10887,1.11066
2014-10-09T14:00:00+01:00,1.11067,1.11726,1.10899,1.11617
2014-10-09T18:00:00+01:00,1.11614,1.11893,1.11573,1.11855
2014-10-09T22:00:00+01:00,1.11856,1.11916,1.11756,1.11832
2014-10-10T02:00:00+01:00,1.11833,1.11999,1.11816,1.11926
2014-10-10T06:00:00+01:00,1.11926,1.12222,1.11855,1.11966
2014-10-10T10:00:00+01:00,1.11963,1.12197,1.11603,1.11763
2014-10-10T14:00:00+01:00,1.11762,1.12195,1.11675,1.11806
2014-10-10T18:00:00+01:00,1.11807,1.12186,1.11777,1.1199
2014-10-12T22:00:00+01:00,1.11783,1.12067,1.11767,1.11915
2014-10-13T02:00:00+01:00,1.11915,1.12055,1.11821,1.11998
2014-10-13T06:00:00+01:00,1.11999,1.12197,1.11963,1.12031
2014-10-13T10:00:00+01:00,1.12032,1.12144,1.11943,1.12089
2014-10-13T14:00:00+01:00,1.12086,1.1216,1.1187,1.12057
2014-10-13T18:00:00+01:00,1.12056,1.1207,1.11851,1.1199
2014-10-13T22:00:00+01:00,1.11992,1.12149,1.11898,1.12087
2014-10-14T02:00:00+01:00,1.12087,1.12114,1.11925,1.12072
2014-10-14T06:00:00+01:00,1.12072,1.12495,1.1201,1.12456
2014-10-14T10:00:00+01:00,1.12454,1.12586,1.12255,1.12255
2014-10-14T14:00:00+01:00,1.12255,1.12529,1.12175,1.12526
2014-10-14T18:00:00+01:00,1.12526,1.13135,1.12509,1.12971
2014-10-14T22:00:00+01:00,1.1297,1.13291,1.12896,1.13291
2014-10-15T02:00:00+01:00,1.13291,1.13441,1.13234,1.13329
2014-10-15T06:00:00+01:00,1.13328,1.13748,1.13237,1.13606
2014-10-15T10:00:00+01:00,1.13605,1.13854,1.13232,1.13365
2014-10-15T14:00:00+01:00,1.13366,1.13393,1.12267,1.12864
2014-10-15T18:00:00+01:00,1.12864,1.1322,1.12332,1.12548
2014-10-15T22:00:00+01:00,1.1255,1.12742,1.12425,1.12504
2014-10-16T02:00:00+01:00,1.12502,1.12696,1.12472,1.12661
2014-10-16T06:00:00+01:00,1.12662,1.13026,1.12626,1.1301
2014-10-16T10:00:00+01:00,1.1301,1.13613,1.12982,1.13352
2014-10-16T14:00:00+01:00,1.13351,1.13382,1.12514,1.12525
2014-10-16T18:00:00+01:00,1.12524,1.12596,1.12269,1.12584
2014-10-16T22:00:00+01:00,1.12583,1.12719,1.1251,1.1253
2014-10-17T02:00:00+01:00,1.1253,1.12671,1.12434,1.12594
2014-10-17T06:00:00+01:00,1.12599,1.12643,1.12362,1.12364
2014-10-17T10:00:00+01:00,1.12364,1.12516,1.12109,1.12335
2014-10-17T14:00:00+01:00,1.12338,1.12616,1.12151,1.12521
2014-10-17T18:00:00+01:00,1.12521,1.12841,1.12487,1.12763
2014-10-19T22:00:00+01:00,1.1288,1.12938,1.12777,1.12795
2014-10-20T02:00:00+01:00,1.12794,1.12803,1.12618,1.12716
2014-10-20T06:00:00+01:00,1.12715,1.12757,1.12549,1.12743
2014-10-20T10:00:00+01:00,1.12744,1.12786,1.12514,1.12634
2014-10-20T14:00:00+01:00,1.12633,1.12885,1.126,1.12776
2014-10-20T18:00:00+01:00,1.12777,1.12877,1.12752,1.12853
2014-10-20T22:00:00+01:00,1.12845,1.12966,1.12827,1.12879
2014-10-21T02:00:00+01:00,1.1288,1.12941,1.12583,1.12632
2014-10-21T06:00:00+01:00,1.12631,1.1271,1.12438,1.12557
2014-10-21T10:00:00+01:00,1.12554,1.12597,1.12172,1.12178
2014-10-21T14:00:00+01:00,1.12178,1.12397,1.12032,1.12163
2014-10-21T18:00:00+01:00,1.12163,1.12332,1.12149,1.12208
2014-10-21T22:00:00+01:00,1.1221,1.12322,1.12209,1.12235
2014-10-22T02:00:00+01:00,1.12235,1.1225,1.12157,1.12196
2014-10-22T06:00:00+01:00,1.12196,1.12406,1.12156,1.12316
2014-10-22T10:00:00+01:00,1.12317,1.12794,1.12185,1.12782
2014-10-22T14:00:00+01:00,1.12781,1.12952,1.11843,1.12092
2014-10-22T18:00:00+01:00,1.12093,1.1247,1.12043,1.12359
2014-10-22T22:00:00+01:00,1.1236,1.12628,1.1232,1.12597
2014-10-23T02:00:00+01:00,1.12596,1.12606,1.12447,1.12525
2014-10-23T06:00:00+01:00,1.12525,1.12641,1.12372,1.1252
2014-10-23T10:00:00+01:00,1.12521,1.12543,1.12075,1.12428
2014-10-23T14:00:00+01:00,1.12424,1.12567,1.12233,1.12318
2014-10-23T18:00:00+01:00,1.12318,1.12404,1.12265,1.123
2014-10-23T22:00:00+01:00,1.12296,1.12333,1.12217,1.12302
2014-10-24T02:00:00+01:00,1.12302,1.12329,1.12141,1.12189
2014-10-24T06:00:00+01:00,1.12189,1.12353,1.12107,1.12138
2014-10-24T10:00:00+01:00,1.12137,1.12228,1.12023,1.12068
2014-10-24T14:00:00+01:00,1.1207,1.12352,1.11947,1.12345
2014-10-24T18:00:00+01:00,1.12345,1.12431,1.12244,1.12319
2014-10-26T21:00:00+00:00,1.12291,1.12418,1.12276,1.12295
2014-10-27T01:00:00+00:00,1.12295,1.1231,1.12131,1.12197
2014-10-27T05:00:00+00:00,1.12196,1.12346,1.12163,1.12275
2014-10-27T09:00:00+00:00,1.12276,1.12458,1.12213,1.12425
2014-10-27T13:00:00+00:00,1.12425,1.12553,1.12258,1.12347
2014-10-27T17:00:00+00:00,1.12346,1.12483,1.12326,1.12471
2014-10-27T21:00:00+00:00,1.12471,1.1253,1.1246,1.12471
2014-10-28T01:00:00+00:00,1.12471,1.12493,1.12398,1.12421
2014-10-28T05:00:00+00:00,1.12421,1.12494,1.12263,1.1234
2014-10-28T09:00:00+00:00,1.1234,1.1238,1.12075,1.12146
2014-10-28T13:00:00+00:00,1.12145,1.12148,1.1167,1.11934
2014-10-28T17:00:00+00:00,1.11934,1.11956,1.11657,1.11658
2014-10-28T21:00:00+00:00,1.11656,1.1174,1.11642,1.11692
2014-10-29T01:00:00+00:00,1.11695,1.11706,1.11604,1.11615
2014-10-29T05:00:00+00:00,1.11614,1.11692,1.11516,1.11643
2014-10-29T09:00:00+00:00,1.11643,1.11664,1.11423,1.11426
2014-10-29T13:00:00+00:00,1.11428,1.11465,1.11222,1.11376
2014-10-29T17:00:00+00:00,1.11376,1.12248,1.11318,1.11831
2014-10-29T21:00:00+00:00,1.11831,1.12035,1.11813,1.11882
2014-10-30T01:00:00+00:00,1.11883,1.1203,1.1185,1.12027
2014-10-30T05:00:00+00:00,1.12027,1.12231,1.11953,1.12017
2014-10-30T09:00:00+00:00,1.12019,1.12099,1.11654,1.11706
2014-10-30T13:00:00+00:00,1.11707,1.12031,1.11657,1.11844
2014-10-30T17:00:00+00:00,1.11843,1.12004,1.11817,1.11844
2014-10-30T21:00:00+00:00,1.11844,1.12006,1.11818,1.1199
2014-10-31T01:00:00+00:00,1.1199,1.12064,1.11864,1.12044
2014-10-31T05:00:00+00:00,1.12043,1.12204,1.11897,1.12073
2014-10-31T09:00:00+00:00,1.12067,1.12724,1.11859,1.12688
2014-10-31T13:00:00+00:00,1.12689,1.13327,1.1267,1.12756
2014-10-31T17:00:00+00:00,1.12757,1.12839,1.1259,1.12644
2014-11-02T22:00:00+00:00,1.1285,1.13117,1.1274,1.12953
2014-11-03T02:00:00+00:00,1.12952,1.12985,1.12832,1.12885
2014-11-03T06:00:00+00:00,1.12885,1.12919,1.12637,1.12717
2014-11-03T10:00:00+00:00,1.12715,1.12927,1.12663,1.12875
2014-11-03T14:00:00+00:00,1.12875,1.13579,1.12872,1.1339
2014-11-03T18:00:00+00:00,1.13392,1.13771,1.13392,1.1359
2014-11-03T22:00:00+00:00,1.13589,1.13757,1.13497,1.13647
2014-11-04T02:00:00+00:00,1.13647,1.13648,1.1342,1.13465
2014-11-04T06:00:00+00:00,1.13464,1.13837,1.134,1.13732
2014-11-04T10:00:00+00:00,1.13733,1.14272,1.13726,1.13907
2014-11-04T14:00:00+00:00,1.13908,1.14257,1.13871,1.13969
2014-11-04T18:00:00+00:00,1.13969,1.14116,1.13881,1.14099
2014-11-04T22:00:00+00:00,1.14099,1.14148,1.13915,1.14037
2014-11-05T02:00:00+00:00,1.14034,1.14128,1.13912,1.14106
2014-11-05T06:00:00+00:00,1.14106,1.14643,1.14084,1.14529
2014-11-05T10:00:00+00:00,1.14529,1.14667,1.14143,1.14228
2014-11-05T14:00:00+00:00,1.14229,1.14518,1.13713,1.13845
2014-11-05T18:00:00+00:00,1.13849,1.14066,1.13833,1.13857
2014-11-05T22:00:00+00:00,1.13856,1.14085,1.1385,1.14053
2014-11-06T02:00:00+00:00,1.14053,1.14142,1.13792,1.13848
2014-11-06T06:00:00+00:00,1.13847,1.14029,1.13823,1.14006
2014-11-06T10:00:00+00:00,1.14006,1.14271,1.13954,1.14126
2014-11-06T14:00:00+00:00,1.14126,1.14437,1.13922,1.14417
2014-11-06T18:00:00+00:00,1.14417,1.14417,1.14209,1.14232
2014-11-06T22:00:00+00:00,1.14234,1.1437,1.14214,1.1434
2014-11-07T02:00:00+00:00,1.14339,1.14437,1.14329,1.14404
2014-11-07T06:00:00+00:00,1.14405,1.14463,1.14305,1.14331
2014-11-07T10:00:00+00:00,1.1433,1.14486,1.13306,1.13552
2014-11-07T14:00:00+00:00,1.13552,1.13674,1.13384,1.13487
2014-11-07T18:00:00+00:00,1.13495,1.13532,1.13123,1.13287
2014-11-09T22:00:00+00:00,1.13251,1.1336,1.13147,1.13224
2014-11-10T02:00:00+00:00,1.13223,1.13305,1.13122,1.13199
2014-11-10T06:00:00+00:00,1.13199,1.13348,1.13157,1.13174
2014-11-10T10:00:00+00:00,1.13174,1.13263,1.13003,1.13135
2014-11-10T14:00:00+00:00,1.13134,1.13535,1.13064,1.13482
2014-11-10T18:00:00+00:00,1.13484,1.13848,1.13479,1.1381
2014-11-10T22:00:00+00:00,1.13808,1.13819,1.13684,1.13721
2014-11-11T02:00:00+00:00,1.13721,1.13858,1.13681,1.13806
2014-11-11T06:00:00+00:00,1.13804,1.14019,1.13737,1.13878
2014-11-11T10:00:00+00:00,1.13878,1.13982,1.13701,1.13782
2014-11-11T14:00:00+00:00,1.13782,1.13789,1.1325,1.1339
2014-11-11T18:00:00+00:00,1.1339,1.13455,1.13179,1.13359
2014-11-11T22:00:00+00:00,1.13355,1.13524,1.13333,1.1347
2014-11-12T02:00:00+00:00,1.13469,1.13592,1.13387,1.13504
2014-11-12T06:00:00+00:00,1.13504,1.13504,1.13165,1.13298
2014-11-12T10:00:00+00:00,1.133,1.133,1.12939,1.12976
2014-11-12T14:00:00+00:00,1.12976,1.1316,1.12815,1.12955
2014-11-12T18:00:00+00:00,1.12955,1.13216,1.12865,1.13189
2014-11-12T22:00:00+00:00,1.13192,1.13238,1.13098,1.13105
2014-11-13T02:00:00+00:00,1.13111,1.13247,1.1309,1.13226
2014-11-13T06:00:00+00:00,1.13226,1.13286,1.13018,1.1314
2014-11-13T10:00:00+00:00,1.13145,1.13334,1.12992,1.13226
2014-11-13T14:00:00+00:00,1.13226,1.13735,1.13128,1.13679
2014-11-13T18:00:00+00:00,1.13679,1.13918,1.13552,1.13671
2014-11-13T22:00:00+00:00,1.13668,1.13911,1.13664,1.13758
2014-11-14T02:00:00+00:00,1.13757,1.1393,1.13756,1.13925
2014-11-14T06:00:00+00:00,1.13926,1.13932,1.13657,1.13667
2014-11-14T10:00:00+00:00,1.13665,1.13897,1.1357,1.13643
2014-11-14T14:00:00+00:00,1.13643,1.13655,1.12811,1.12909
2014-11-14T18:00:00+00:00,1.12911,1.12935,1.12644,1.12875
2014-11-16T22:00:00+00:00,1.12852,1.12956,1.12783,1.1282
2014-11-17T02:00:00+00:00,1.12821,1.12854,1.12689,1.12771
2014-11-17T06:00:00+00:00,1.12772,1.13142,1.12755,1.13122
2014-11-17T10:00:00+00:00,1.13119,1.13227,1.13037,1.13204
2014-11-17T14:00:00+00:00,1.13205,1.1328,1.12987,1.13048
2014-11-17T18:00:00+00:00,1.13048,1.13116,1.12919,1.13077
2014-11-17T22:00:00+00:00,1.1308,1.13082,1.12872,1.12905
2014-11-18T02:00:00+00:00,1.12905,1.12905,1.12729,1.12771
2014-11-18T06:00:00+00:00,1.1277,1.12829,1.12604,1.12814
2014-11-18T10:00:00+00:00,1.12814,1.13049,1.12742,1.12877
2014-11-18T14:00:00+00:00,1.12877,1.13238,1.12875,1.13027
2014-11-18T18:00:00+00:00,1.13028,1.13074,1.12953,1.12955
2014-11-18T22:00:00+00:00,1.12952,1.13284,1.12945,1.1326
2014-11-19T02:00:00+00:00,1.13258,1.13387,1.13182,1.13295
2014-11-19T06:00:00+00:00,1.13295,1.13433,1.13197,1.1339
2014-11-19T10:00:00+00:00,1.13389,1.13566,1.13274,1.1342
2014-11-19T14:00:00+00:00,1.13421,1.13537,1.13338,1.13409
2014-11-19T18:00:00+00:00,1.13409,1.13594,1.13108,1.13408
2014-11-19T22:00:00+00:00,1.13408,1.13556,1.13373,1.1351
2014-11-20T02:00:00+00:00,1.13509,1.13578,1.13414,1.13477
2014-11-20T06:00:00+00:00,1.13472,1.13694,1.13381,1.13468
2014-11-20T10:00:00+00:00,1.13468,1.13511,1.13061,1.13178
2014-11-20T14:00:00+00:00,1.13177,1.13251,1.12929,1.12987
2014-11-20T18:00:00+00:00,1.1299,1.13077,1.12954,1.13049
2014-11-20T22:00:00+00:00,1.13048,1.13144,1.12984,1.12988
2014-11-21T02:00:00+00:00,1.12988,1.13122,1.12959,1.13111
2014-11-21T06:00:00+00:00,1.13115,1.13251,1.1304,1.13213
2014-11-21T10:00:00+00:00,1.1321,1.13264,1.11913,1.12178
2014-11-21T14:00:00+00:00,1.12177,1.12524,1.12121,1.12397
2014-11-21T18:00:00+00:00,1.12398,1.12495,1.12301,1.12335
2014-11-23T22:00:00+00:00,1.12352,1.12427,1.12252,1.12257
2014-11-24T02:00:00+00:00,1.12257,1.12323,1.12247,1.12292
2014-11-24T06:00:00+00:00,1.12292,1.1249,1.12254,1.12398
2014-11-24T10:00:00+00:00,1.12399,1.12575,1.12323,1.12465
2014-11-24T14:00:00+00:00,1.12465,1.13126,1.12425,1.12896
2014-11-24T18:00:00+00:00,1.12898,1.13013,1.12785,1.12786
2014-11-24T22:00:00+00:00,1.1279,1.12955,1.12784,1.1288
2014-11-25T02:00:00+00:00,1.12881,1.12994,1.12837,1.1287
2014-11-25T06:00:00+00:00,1.1287,1.13167,1.12864,1.13073
2014-11-25T10:00:00+00:00,1.13071,1.13102,1.12614,1.12778
2014-11-25T14:00:00+00:00,1.12779,1.12812,1.12323,1.12438
2014-11-25T18:00:00+00:00,1.12437,1.12706,1.12366,1.12583
2014-11-25T22:00:00+00:00,1.12587,1.12682,1.12487,1.12645
2014-11-26T02:00:00+00:00,1.12645,1.12706,1.12606,1.1265
2014-11-26T06:00:00+00:00,1.12649,1.12877,1.12529,1.12772
2014-11-26T10:00:00+00:00,1.12773,1.12973,1.12512,1.1267
2014-11-26T14:00:00+00:00,1.12669,1.12675,1.12315,1.12359
2014-11-26T18:00:00+00:00,1.12359,1.12505,1.12284,1.12483
2014-11-26T22:00:00+00:00,1.12484,1.12614,1.12445,1.12588
2014-11-27T02:00:00+00:00,1.12589,1.12696,1.12459,1.12599
2014-11-27T06:00:00+00:00,1.12596,1.12793,1.12405,1.12743
2014-11-27T10:00:00+00:00,1.12745,1.12862,1.12357,1.12397
2014-11-27T14:00:00+00:00,1.12396,1.13546,1.12386,1.13428
2014-11-27T18:00:00+00:00,1.13428,1.13445,1.13286,1.13306
2014-11-27T22:00:00+00:00,1.13305,1.13537,1.13283,1.13393
2014-11-28T02:00:00+00:00,1.13393,1.1355,1.13355,1.13457
2014-11-28T06:00:00+00:00,1.13457,1.13914,1.13409,1.13733
2014-11-28T10:00:00+00:00,1.13733,1.14253,1.13628,1.14186
2014-11-28T14:00:00+00:00,1.14185,1.14441,1.13948,1.14372
2014-11-28T18:00:00+00:00,1.14372,1.14421,1.1415,1.14151
2014-11-30T22:00:00+00:00,1.14292,1.14594,1.14271,1.14465
2014-12-01T02:00:00+00:00,1.14466,1.14471,1.14253,1.14336
2014-12-01T06:00:00+00:00,1.14336,1.14438,1.14051,1.14122
2014-12-01T10:00:00+00:00,1.14123,1.14177,1.13813,1.13874
2014-12-01T14:00:00+00:00,1.13873,1.13874,1.13265,1.13354
2014-12-01T18:00:00+00:00,1.13353,1.13384,1.13136,1.13288
2014-12-01T22:00:00+00:00,1.13292,1.13329,1.13189,1.13309
2014-12-02T02:00:00+00:00,1.13309,1.13316,1.13194,1.13285
2014-12-02T06:00:00+00:00,1.13282,1.13525,1.1326,1.1345
2014-12-02T10:00:00+00:00,1.13451,1.13766,1.1345,1.13684
2014-12-02T14:00:00+00:00,1.13685,1.14247,1.13665,1.13946
2014-12-02T18:00:00+00:00,1.13946,1.14138,1.13931,1.14072
2014-12-02T22:00:00+00:00,1.14068,1.14131,1.13954,1.13977
2014-12-03T02:00:00+00:00,1.13977,1.14019,1.13908,1.13959
2014-12-03T06:00:00+00:00,1.13955,1.14034,1.13739,1.13761
2014-12-03T10:00:00+00:00,1.13761,1.13938,1.13654,1.13879
2014-12-03T14:00:00+00:00,1.13877,1.14183,1.1347,1.13701
2014-12-03T18:00:00+00:00,1.13698,1.13712,1.13575,1.13645
2014-12-03T22:00:00+00:00,1.13648,1.1374,1.13505,1.13585
2014-12-04T02:00:00+00:00,1.13591,1.1374,1.13583,1.13715
2014-12-04T06:00:00+00:00,1.13715,1.13748,1.13405,1.13601
2014-12-04T10:00:00+00:00,1.13601,1.13847,1.13477,1.1356
2014-12-04T14:00:00+00:00,1.13563,1.13972,1.13535,1.13797
2014-12-04T18:00:00+00:00,1.13803,1.13896,1.13727,1.13859
2014-12-04T22:00:00+00:00,1.13858,1.1395,1.13814,1.13948
2014-12-05T02:00:00+00:00,1.13948,1.14001,1.13904,1.13908
2014-12-05T06:00:00+00:00,1.13908,1.14108,1.13908,1.1403
2014-12-05T10:00:00+00:00,1.14031,1.14431,1.13865,1.14225
2014-12-05T14:00:00+00:00,1.14226,1.14762,1.1408,1.14296
2014-12-05T18:00:00+00:00,1.14297,1.14446,1.14236,1.14353
2014-12-07T22:00:00+00:00,1.14375,1.14486,1.14365,1.14387
2014-12-08T02:00:00+00:00,1.14386,1.14475,1.14374,1.14404
2014-12-08T06:00:00+00:00,1.14405,1.14587,1.14335,1.14416
2014-12-08T10:00:00+00:00,1.14416,1.14491,1.1427,1.14352
2014-12-08T14:00:00+00:00,1.14352,1.14858,1.14324,1.14772
2014-12-08T18:00:00+00:00,1.14772,1.14831,1.14478,1.14802
2014-12-08T22:00:00+00:00,1.14796,1.14939,1.14756,1.14917
2014-12-09T02:00:00+00:00,1.14921,1.15012,1.14855,1.14868
2014-12-09T06:00:00+00:00,1.14861,1.14914,1.14621,1.14811
2014-12-09T10:00:00+00:00,1.14813,1.14855,1.14317,1.14413
2014-12-09T14:00:00+00:00,1.14411,1.14497,1.13974,1.14356
2014-12-09T18:00:00+00:00,1.14354,1.14466,1.14294,1.14463
2014-12-09T22:00:00+00:00,1.14465,1.14587,1.14368,1.14557
2014-12-10T02:00:00+00:00,1.14556,1.14574,1.14363,1.14418
2014-12-10T06:00:00+00:00,1.14416,1.14696,1.14382,1.14638
2014-12-10T10:00:00+00:00,1.14634,1.14711,1.14444,1.14655
2014-12-10T14:00:00+00:00,1.14655,1.15024,1.14576,1.14748
2014-12-10T18:00:00+00:00,1.14748,1.14999,1.14696,1.14813
2014-12-10T22:00:00+00:00,1.1482,1.1484,1.14487,1.14665
2014-12-11T02:00:00+00:00,1.14664,1.14716,1.14552,1.14585
2014-12-11T06:00:00+00:00,1.14583,1.14975,1.14486,1.14855
2014-12-11T10:00:00+00:00,1.14855,1.1538,1.14671,1.15305
2014-12-11T14:00:00+00:00,1.15305,1.15496,1.15125,1.15294
2014-12-11T18:00:00+00:00,1.15294,1.15499,1.15191,1.15205
2014-12-11T22:00:00+00:00,1.15205,1.15487,1.15187,1.15472
2014-12-12T02:00:00+00:00,1.15473,1.15509,1.15313,1.15362
2014-12-12T06:00:00+00:00,1.15365,1.15587,1.15309,1.15557
2014-12-12T10:00:00+00:00,1.15563,1.15915,1.15359,1.15639
2014-12-12T14:00:00+00:00,1.15638,1.15795,1.1516,1.15529
2014-12-12T18:00:00+00:00,1.15532,1.15808,1.15531,1.15801
2014-12-14T22:00:00+00:00,1.15919,1.15919,1.15626,1.15767
2014-12-15T02:00:00+00:00,1.15767,1.15829,1.15486,1.15568
2014-12-15T06:00:00+00:00,1.15568,1.15831,1.15488,1.15814
2014-12-15T10:00:00+00:00,1.15816,1.15975,1.15694,1.15856
2014-12-15T14:00:00+00:00,1.15855,1.16464,1.1582,1.16418
2014-12-15T18:00:00+00:00,1.16419,1.16738,1.1633,1.16722
2014-12-15T22:00:00+00:00,1.16722,1.16729,1.16486,1.16503
2014-12-16T02:00:00+00:00,1.16501,1.16561,1.16336,1.16403
2014-12-16T06:00:00+00:00,1.16403,1.16593,1.16332,1.16392
2014-12-16T10:00:00+00:00,1.1639,1.1665,1.16274,1.16305
2014-12-16T14:00:00+00:00,1.16307,1.16415,1.16071,1.16254
2014-12-16T18:00:00+00:00,1.1625,1.16443,1.16222,1.1626
2014-12-16T22:00:00+00:00,1.16264,1.16375,1.16229,1.16248
2014-12-17T02:00:00+00:00,1.16249,1.16466,1.16231,1.16436
2014-12-17T06:00:00+00:00,1.16435,1.16599,1.16352,1.16562
2014-12-17T10:00:00+00:00,1.16565,1.16601,1.16217,1.16256
2014-12-17T14:00:00+00:00,1.16256,1.16718,1.15996,1.16088
2014-12-17T18:00:00+00:00,1.16085,1.1669,1.15607,1.16297
2014-12-17T22:00:00+00:00,1.16301,1.16491,1.16285,1.16366
2014-12-18T02:00:00+00:00,1.16367,1.16391,1.16255,1.16348
2014-12-18T06:00:00+00:00,1.16348,1.1646,1.16034,1.16084
2014-12-18T10:00:00+00:00,1.16083,1.16131,1.15694,1.15992
2014-12-18T14:00:00+00:00,1.15991,1.16292,1.15841,1.16024
2014-12-18T18:00:00+00:00,1.16024,1.16063,1.15755,1.15755
2014-12-18T22:00:00+00:00,1.15755,1.15894,1.15753,1.15773
2014-12-19T02:00:00+00:00,1.15773,1.15831,1.15677,1.15747
2014-12-19T06:00:00+00:00,1.15747,1.16009,1.1572,1.15986
2014-12-19T10:00:00+00:00,1.1599,1.16341,1.15894,1.1605
2014-12-19T14:00:00+00:00,1.16057,1.16297,1.15921,1.16235
2014-12-19T18:00:00+00:00,1.16227,1.1625,1.15955,1.1601
2014-12-21T22:00:00+00:00,1.16047,1.16161,1.16008,1.16114
2014-12-22T02:00:00+00:00,1.16113,1.16115,1.15902,1.15909
2014-12-22T06:00:00+00:00,1.15909,1.16029,1.15783,1.15993
2014-12-22T10:00:00+00:00,1.15995,1.16405,1.15823,1.16333
2014-12-22T14:00:00+00:00,1.16333,1.16461,1.16169,1.16395
2014-12-22T18:00:00+00:00,1.16395,1.16459,1.16264,1.16281
2014-12-22T22:00:00+00:00,1.16281,1.16463,1.16247,1.16261
2014-12-23T02:00:00+00:00,1.1626,1.16265,1.16141,1.16174
2014-12-23T06:00:00+00:00,1.16173,1.16274,1.16128,1.16156
2014-12-23T10:00:00+00:00,1.16156,1.16569,1.16153,1.1655
2014-12-23T14:00:00+00:00,1.16548,1.16673,1.1599,1.1612
2014-12-23T18:00:00+00:00,1.16111,1.16315,1.16108,1.16166
2014-12-23T22:00:00+00:00,1.1617,1.16302,1.16136,1.16252
2014-12-24T02:00:00+00:00,1.16251,1.16282,1.16172,1.16186
2014-12-24T06:00:00+00:00,1.16187,1.16229,1.1606,1.16108
2014-12-24T10:00:00+00:00,1.16107,1.16122,1.15903,1.16017
2014-12-24T14:00:00+00:00,1.16016,1.16414,1.16016,1.16234
2014-12-24T18:00:00+00:00,1.16234,1.1638,1.16193,1.16254
2014-12-24T22:00:00+00:00,1.16241,1.16321,1.16217,1.16259
2014-12-25T02:00:00+00:00,1.16259,1.16259,1.16122,1.16135
2014-12-25T06:00:00+00:00,1.16131,1.16173,1.16112,1.16159
2014-12-25T22:00:00+00:00,1.16282,1.16307,1.16071,1.16216
2014-12-26T02:00:00+00:00,1.16216,1.16243,1.16109,1.16179
2014-12-26T06:00:00+00:00,1.1618,1.16201,1.16089,1.16117
2014-12-26T10:00:00+00:00,1.16117,1.16136,1.16037,1.16056
2014-12-26T14:00:00+00:00,1.16056,1.16237,1.16051,1.16233
2014-12-26T18:00:00+00:00,1.16232,1.16308,1.16215,1.16297
2014-12-28T22:00:00+00:00,1.1617,1.16348,1.1614,1.16279
2014-12-29T02:00:00+00:00,1.16277,1.16349,1.1616,1.16211
2014-12-29T06:00:00+00:00,1.16208,1.16298,1.16084,1.16085
2014-12-29T10:00:00+00:00,1.16087,1.16414,1.16054,1.16287
2014-12-29T14:00:00+00:00,1.16289,1.16485,1.16143,1.16412
2014-12-29T18:00:00+00:00,1.16413,1.16481,1.16263,1.16368
2014-12-29T22:00:00+00:00,1.16366,1.16478,1.16334,1.16417
2014-12-30T02:00:00+00:00,1.16419,1.16487,1.16415,1.16448
2014-12-30T06:00:00+00:00,1.16449,1.16514,1.16221,1.1626
2014-12-30T10:00:00+00:00,1.1626,1.16336,1.16129,1.16226
2014-12-30T14:00:00+00:00,1.16226,1.16274,1.15974,1.16036
2014-12-30T18:00:00+00:00,1.16038,1.16115,1.15971,1.16112
2014-12-30T22:00:00+00:00,1.16109,1.16131,1.15922,1.15922
2014-12-31T02:00:00+00:00,1.15919,1.16078,1.15875,1.16026
2014-12-31T06:00:00+00:00,1.16026,1.16155,1.159,1.15914
2014-12-31T10:00:00+00:00,1.15916,1.16084,1.15714,1.15945
2014-12-31T14:00:00+00:00,1.15945,1.16186,1.15649,1.16148
2014-12-31T18:00:00+00:00,1.16149,1.16281,1.15948,1.16202
2015-01-01T22:00:00+00:00,1.16132,1.16386,1.15986,1.16343
2015-01-02T02:00:00+00:00,1.16343,1.16546,1.16328,1.16495
2015-01-02T06:00:00+00:00,1.16495,1.16613,1.16437,1.16612
2015-01-02T10:00:00+00:00,1.16613,1.16963,1.16538,1.16962
2015-01-02T14:00:00+00:00,1.16963,1.17486,1.16931,1.17419
2015-01-02T18:00:00+00:00,1.17419,1.17871,1.17382,1.17854
2015-01-04T22:00:00+00:00,1.17843,1.18438,1.17743,1.17935
2015-01-05T02:00:00+00:00,1.17934,1.18127,1.17831,1.18058
2015-01-05T06:00:00+00:00,1.18058,1.18117,1.17724,1.17731
2015-01-05T10:00:00+00:00,1.17732,1.18102,1.17615,1.17815
2015-01-05T14:00:00+00:00,1.17815,1.17999,1.17675,1.17853
2015-01-05T18:00:00+00:00,1.1785,1.17905,1.17434,1.17631
2015-01-05T22:00:00+00:00,1.1763,1.17672,1.1742,1.1747
2015-01-06T02:00:00+00:00,1.17468,1.17505,1.17307,1.17401
2015-01-06T06:00:00+00:00,1.174,1.17785,1.17393,1.17683
2015-01-06T10:00:00+00:00,1.17684,1.17858,1.17596,1.17692
2015-01-06T14:00:00+00:00,1.17692,1.1814,1.17527,1.18138
2015-01-06T18:00:00+00:00,1.18136,1.18402,1.18087,1.18363
2015-01-06T22:00:00+00:00,1.18364,1.18457,1.18236,1.18276
2015-01-07T02:00:00+00:00,1.18276,1.18436,1.18235,1.18363
2015-01-07T06:00:00+00:00,1.18362,1.18677,1.18284,1.18676
2015-01-07T10:00:00+00:00,1.18677,1.18681,1.18132,1.18492
2015-01-07T14:00:00+00:00,1.18494,1.18671,1.18189,1.18522
2015-01-07T18:00:00+00:00,1.1852,1.18744,1.1814,1.18152
2015-01-07T22:00:00+00:00,1.18151,1.18257,1.18078,1.18225
2015-01-08T02:00:00+00:00,1.18224,1.18308,1.18193,1.1827
2015-01-08T06:00:00+00:00,1.18271,1.18385,1.18077,1.18141
2015-01-08T10:00:00+00:00,1.1814,1.1829,1.17969,1.18207
2015-01-08T14:00:00+00:00,1.18207,1.18382,1.18066,1.18171
2015-01-08T18:00:00+00:00,1.18169,1.18443,1.18146,1.18308
2015-01-08T22:00:00+00:00,1.18309,1.18417,1.18145,1.18207
2015-01-09T02:00:00+00:00,1.18206,1.18248,1.18119,1.18235
2015-01-09T06:00:00+00:00,1.18234,1.18508,1.18227,1.185
2015-01-09T10:00:00+00:00,1.185,1.18899,1.18052,1.18713
2015-01-09T14:00:00+00:00,1.18714,1.18773,1.1837,1.18588
2015-01-09T18:00:00+00:00,1.18594,1.18786,1.18494,1.18653
2015-01-11T22:00:00+00:00,1.18622,1.18689,1.18412,1.18614
2015-01-12T02:00:00+00:00,1.18614,1.18664,1.18389,1.18402
2015-01-12T06:00:00+00:00,1.18403,1.18833,1.18351,1.18805
2015-01-12T10:00:00+00:00,1.18806,1.19144,1.18715,1.19083
2015-01-12T14:00:00+00:00,1.19083,1.19413,1.19043,1.19371
2015-01-12T18:00:00+00:00,1.19371,1.19747,1.19348,1.19742
2015-01-12T22:00:00+00:00,1.19744,1.19783,1.19567,1.19583
2015-01-13T02:00:00+00:00,1.19582,1.19658,1.19421,1.196
2015-01-13T06:00:00+00:00,1.196,1.19919,1.19505,1.19812
2015-01-13T10:00:00+00:00,1.19811,1.19938,1.19624,1.19681
2015-01-13T14:00:00+00:00,1.19681,1.19689,1.19263,1.19475
2015-01-13T18:00:00+00:00,1.19475,1.19738,1.19409,1.19581
2015-01-13T22:00:00+00:00,1.1958,1.19719,1.19475,1.19707
2015-01-14T02:00:00+00:00,1.19707,1.19931,1.19706,1.19898
2015-01-14T06:00:00+00:00,1.19899,1.20173,1.19654,1.19751
2015-01-14T10:00:00+00:00,1.19752,1.19835,1.19426,1.1949
2015-01-14T14:00:00+00:00,1.19491,1.19715,1.19292,1.1969
2015-01-14T18:00:00+00:00,1.19693,1.20011,1.1942,1.1951
2015-01-14T22:00:00+00:00,1.19512,1.19606,1.19401,1.1951
2015-01-15T02:00:00+00:00,1.19511,1.19744,1.1949,1.19712
2015-01-15T06:00:00+00:00,1.19713,1.19944,1.19488,1.19625
2015-01-15T10:00:00+00:00,1.19615,1.19958,1.18029,1.18782
2015-01-15T14:00:00+00:00,1.18782,1.19532,1.18776,1.19279
2015-01-15T18:00:00+00:00,1.19278,1.19786,1.19237,1.1961
2015-01-15T22:00:00+00:00,1.19615,1.19844,1.19525,1.1979
2015-01-16T02:00:00+00:00,1.1979,1.19791,1.19624,1.19636
2015-01-16T06:00:00+00:00,1.19636,1.19977,1.19608,1.19942
2015-01-16T10:00:00+00:00,1.19947,1.20467,1.19773,1.2009
2015-01-16T14:00:00+00:00,1.20089,1.20335,1.19694,1.19785
2015-01-16T18:00:00+00:00,1.19783,1.1991,1.19615,1.19856
2015-01-18T22:00:00+00:00,1.19799,1.19826,1.19635,1.1978
2015-01-19T02:00:00+00:00,1.19781,1.19791,1.19537,1.19555
2015-01-19T06:00:00+00:00,1.1955,1.19739,1.19488,1.19641
2015-01-19T10:00:00+00:00,1.19639,1.19856,1.19593,1.19699
2015-01-19T14:00:00+00:00,1.19698,1.1985,1.19563,1.19589
2015-01-19T18:00:00+00:00,1.19589,1.19661,1.19344,1.19405
2015-01-19T22:00:00+00:00,1.19405,1.19692,1.19393,1.19622
2015-01-20T02:00:00+00:00,1.19621,1.19799,1.19615,1.19714
2015-01-20T06:00:00+00:00,1.19715,1.19834,1.19512,1.19671
2015-01-20T10:00:00+00:00,1.19671,1.20348,1.19628,1.2022
2015-01-20T14:00:00+00:00,1.20221,1.21127,1.20216,1.20933
2015-01-20T18:00:00+00:00,1.20932,1.21149,1.20872,1.21128
2015-01-20T22:00:00+00:00,1.21125,1.21147,1.20919,1.20933
2015-01-21T02:00:00+00:00,1.20934,1.20935,1.20786,1.20813
2015-01-21T06:00:00+00:00,1.20812,1.21087,1.20742,1.2096
2015-01-21T10:00:00+00:00,1.20956,1.21018,1.20669,1.20712
2015-01-21T14:00:00+00:00,1.2071,1.23943,1.2063,1.23649
2015-01-21T18:00:00+00:00,1.23647,1.23809,1.2326,1.23407
2015-01-21T22:00:00+00:00,1.234,1.23601,1.2326,1.23558
2015-01-22T02:00:00+00:00,1.23558,1.23726,1.23534,1.23719
2015-01-22T06:00:00+00:00,1.23718,1.23759,1.23291,1.23342
2015-01-22T10:00:00+00:00,1.23341,1.23852,1.23137,1.23685
2015-01-22T14:00:00+00:00,1.23706,1.23876,1.23284,1.238
2015-01-22T18:00:00+00:00,1.23798,1.24198,1.23657,1.23804
2015-01-22T22:00:00+00:00,1.23813,1.23968,1.23605,1.23847
2015-01-23T02:00:00+00:00,1.23847,1.24081,1.23746,1.23948
2015-01-23T06:00:00+00:00,1.23951,1.24159,1.2367,1.24158
2015-01-23T10:00:00+00:00,1.2416,1.2458,1.23786,1.23891
2015-01-23T14:00:00+00:00,1.23892,1.2424,1.23864,1.24003
2015-01-23T18:00:00+00:00,1.24003,1.24408,1.24,1.24208
2015-01-25T22:00:00+00:00,1.24437,1.24605,1.24372,1.24443
2015-01-26T02:00:00+00:00,1.24443,1.24573,1.24344,1.24475
2015-01-26T06:00:00+00:00,1.24475,1.2476,1.24356,1.24545
2015-01-26T10:00:00+00:00,1.24546,1.24732,1.24383,1.24565
2015-01-26T14:00:00+00:00,1.24566,1.24599,1.24051,1.24262
2015-01-26T18:00:00+00:00,1.24262,1.24894,1.2424,1.24743
2015-01-26T22:00:00+00:00,1.24747,1.24948,1.24707,1.24859
2015-01-27T02:00:00+00:00,1.24859,1.24938,1.24753,1.24778
2015-01-27T06:00:00+00:00,1.24778,1.24855,1.24398,1.2467
2015-01-27T10:00:00+00:00,1.24669,1.25006,1.24307,1.2438
2015-01-27T14:00:00+00:00,1.24389,1.24476,1.238,1.24102
2015-01-27T18:00:00+00:00,1.24103,1.24213,1.23847,1.23997
2015-01-27T22:00:00+00:00,1.23996,1.24396,1.23889,1.24357
2015-01-28T02:00:00+00:00,1.24358,1.24376,1.24257,1.24306
2015-01-28T06:00:00+00:00,1.24307,1.24459,1.24073,1.24323
2015-01-28T10:00:00+00:00,1.24323,1.24564,1.24149,1.24406
2015-01-28T14:00:00+00:00,1.24406,1.24623,1.24296,1.24506
2015-01-28T18:00:00+00:00,1.24507,1.25372,1.24257,1.25358
2015-01-28T22:00:00+00:00,1.25354,1.25366,1.25117,1.25174
2015-01-29T02:00:00+00:00,1.25174,1.2534,1.25172,1.25295
2015-01-29T06:00:00+00:00,1.25294,1.25538,1.25128,1.25267
2015-01-29T10:00:00+00:00,1.25265,1.25621,1.25204,1.25306
2015-01-29T14:00:00+00:00,1.2531,1.26777,1.2524,1.265
2015-01-29T18:00:00+00:00,1.265,1.26549,1.26049,1.2616
2015-01-29T22:00:00+00:00,1.26162,1.26287,1.26083,1.26206
2015-01-30T02:00:00+00:00,1.26202,1.2633,1.26137,1.26162
2015-01-30T06:00:00+00:00,1.26165,1.26708,1.26161,1.26595
2015-01-30T10:00:00+00:00,1.26597,1.27998,1.26437,1.27796
2015-01-30T14:00:00+00:00,1.27796,1.27969,1.26728,1.27243
2015-01-30T18:00:00+00:00,1.27243,1.27427,1.26598,1.27319
2015-02-01T22:00:00+00:00,1.27019,1.27295,1.2681,1.27277
2015-02-02T02:00:00+00:00,1.27275,1.27405,1.27168,1.27372
2015-02-02T06:00:00+00:00,1.27372,1.27731,1.27346,1.27473
2015-02-02T10:00:00+00:00,1.27473,1.27602,1.26473,1.26491
2015-02-02T14:00:00+00:00,1.26493,1.2653,1.25575,1.25801
2015-02-02T18:00:00+00:00,1.25796,1.2604,1.25632,1.25637
2015-02-02T22:00:00+00:00,1.25638,1.25911,1.25637,1.25804
2015-02-03T02:00:00+00:00,1.25804,1.26445,1.25755,1.26198
2015-02-03T06:00:00+00:00,1.26198,1.26266,1.25614,1.25815
2015-02-03T10:00:00+00:00,1.25815,1.25948,1.25013,1.251
2015-02-03T14:00:00+00:00,1.251,1.2548,1.24099,1.24335
2015-02-03T18:00:00+00:00,1.24326,1.24326,1.2352,1.24151
2015-02-03T22:00:00+00:00,1.24155,1.24438,1.2408,1.24279
2015-02-04T02:00:00+00:00,1.24281,1.24409,1.2391,1.23939
2015-02-04T06:00:00+00:00,1.23939,1.24599,1.23936,1.24477
2015-02-04T10:00:00+00:00,1.24479,1.24911,1.24324,1.24728
2015-02-04T14:00:00+00:00,1.24727,1.25928,1.247,1.25619
2015-02-04T18:00:00+00:00,1.25618,1.25905,1.25474,1.25742
2015-02-04T22:00:00+00:00,1.25745,1.2587,1.25585,1.25646
2015-02-05T02:00:00+00:00,1.25646,1.25681,1.25439,1.25528
2015-02-05T06:00:00+00:00,1.25529,1.25669,1.25114,1.25143
2015-02-05T10:00:00+00:00,1.25143,1.25391,1.24626,1.24916
2015-02-05T14:00:00+00:00,1.24918,1.25213,1.24094,1.24334
2015-02-05T18:00:00+00:00,1.24332,1.24469,1.23942,1.24345
2015-02-05T22:00:00+00:00,1.2434,1.24515,1.24301,1.24389
2015-02-06T02:00:00+00:00,1.2439,1.24474,1.24308,1.24314
2015-02-06T06:00:00+00:00,1.24312,1.24618,1.24287,1.24406
2015-02-06T10:00:00+00:00,1.24406,1.25012,1.23789,1.24234
2015-02-06T14:00:00+00:00,1.24234,1.25335,1.24222,1.25162
2015-02-06T18:00:00+00:00,1.2516,1.25462,1.24972,1.25274
2015-02-08T22:00:00+00:00,1.25395,1.25421,1.2509,1.25113
2015-02-09T02:00:00+00:00,1.25109,1.25142,1.25045,1.25124
2015-02-09T06:00:00+00:00,1.25124,1.25189,1.25006,1.25017
2015-02-09T10:00:00+00:00,1.25017,1.25228,1.24815,1.24987
2015-02-09T14:00:00+00:00,1.24987,1.24999,1.24286,1.24647
2015-02-09T18:00:00+00:00,1.24649,1.24706,1.24304,1.24674
2015-02-09T22:00:00+00:00,1.24666,1.24804,1.24662,1.24755
2015-02-10T02:00:00+00:00,1.24755,1.24794,1.24532,1.24566
2015-02-10T06:00:00+00:00,1.24567,1.24964,1.24512,1.24916
2015-02-10T10:00:00+00:00,1.24916,1.25044,1.24529,1.24959
2015-02-10T14:00:00+00:00,1.2496,1.25752,1.24952,1.25565
2015-02-10T18:00:00+00:00,1.25567,1.26248,1.25545,1.25875
2015-02-10T22:00:00+00:00,1.25873,1.25943,1.25745,1.25761
2015-02-11T02:00:00+00:00,1.25761,1.25908,1.2572,1.25865
2015-02-11T06:00:00+00:00,1.25863,1.26016,1.25779,1.2594
2015-02-11T10:00:00+00:00,1.2594,1.2646,1.25843,1.26419
2015-02-11T14:00:00+00:00,1.26415,1.26979,1.26074,1.26366
2015-02-11T18:00:00+00:00,1.26367,1.26633,1.26202,1.26324
2015-02-11T22:00:00+00:00,1.26307,1.2635,1.2613,1.26272
2015-02-12T02:00:00+00:00,1.26272,1.26457,1.26242,1.26377
2015-02-12T06:00:00+00:00,1.26377,1.26412,1.25469,1.25616
2015-02-12T10:00:00+00:00,1.2562,1.25731,1.25259,1.25625
2015-02-12T14:00:00+00:00,1.25625,1.2567,1.24385,1.24926
2015-02-12T18:00:00+00:00,1.24925,1.25116,1.24729,1.25087
2015-02-12T22:00:00+00:00,1.25088,1.25205,1.25031,1.25144
2015-02-13T02:00:00+00:00,1.25144,1.25169,1.24866,1.24927
2015-02-13T06:00:00+00:00,1.24927,1.25213,1.24905,1.25189
2015-02-13T10:00:00+00:00,1.25187,1.2537,1.24643,1.24748
2015-02-13T14:00:00+00:00,1.24747,1.24901,1.24227,1.2452
2015-02-13T18:00:00+00:00,1.24523,1.24878,1.24454,1.24478
2015-02-15T22:00:00+00:00,1.24444,1.24589,1.24354,1.24371
2015-02-16T02:00:00+00:00,1.24371,1.24411,1.24253,1.24294
2015-02-16T06:00:00+00:00,1.24296,1.24539,1.24209,1.24425
2015-02-16T10:00:00+00:00,1.24424,1.24721,1.24358,1.2468
2015-02-16T14:00:00+00:00,1.24676,1.24844,1.24624,1.2475
2015-02-16T18:00:00+00:00,1.24751,1.24906,1.24539,1.24664
2015-02-16T22:00:00+00:00,1.2466,1.24787,1.24457,1.24553
2015-02-17T02:00:00+00:00,1.24554,1.24585,1.24414,1.2444
2015-02-17T06:00:00+00:00,1.2444,1.2451,1.23873,1.23961
2015-02-17T10:00:00+00:00,1.23962,1.24016,1.23624,1.23795
2015-02-17T14:00:00+00:00,1.23792,1.24474,1.23767,1.2397
2015-02-17T18:00:00+00:00,1.23971,1.24063,1.23715,1.23893
2015-02-17T22:00:00+00:00,1.23894,1.2398,1.23839,1.23948
2015-02-18T02:00:00+00:00,1.23948,1.24042,1.23816,1.24
2015-02-18T06:00:00+00:00,1.24,1.24196,1.23964,1.24107
2015-02-18T10:00:00+00:00,1.24098,1.2456,1.24008,1.24394
2015-02-18T14:00:00+00:00,1.24394,1.2466,1.24234,1.24433
2015-02-18T18:00:00+00:00,1.24432,1.24573,1.23886,1.24547
2015-02-18T22:00:00+00:00,1.2455,1.24583,1.24445,1.24447
2015-02-19T02:00:00+00:00,1.24447,1.24553,1.24372,1.24511
2015-02-19T06:00:00+00:00,1.24514,1.24897,1.24483,1.24893
2015-02-19T10:00:00+00:00,1.24891,1.25555,1.24713,1.25311
2015-02-19T14:00:00+00:00,1.25313,1.25468,1.24758,1.24937
2015-02-19T18:00:00+00:00,1.2494,1.25068,1.24836,1.24955
2015-02-19T22:00:00+00:00,1.24956,1.24989,1.24804,1.2481
2015-02-20T02:00:00+00:00,1.24808,1.24847,1.24797,1.24823
2015-02-20T06:00:00+00:00,1.24823,1.24878,1.24433,1.24439
2015-02-20T10:00:00+00:00,1.24439,1.25382,1.24224,1.25182
2015-02-20T14:00:00+00:00,1.25182,1.25646,1.25001,1.25114
2015-02-20T18:00:00+00:00,1.25108,1.25472,1.25097,1.25313
2015-02-22T22:00:00+00:00,1.2531,1.25537,1.2524,1.25521
2015-02-23T02:00:00+00:00,1.25521,1.25602,1.25491,1.25581
2015-02-23T06:00:00+00:00,1.25585,1.25887,1.25474,1.25876
2015-02-23T10:00:00+00:00,1.25873,1.26245,1.25835,1.25938
2015-02-23T14:00:00+00:00,1.25938,1.25985,1.25536,1.2586
2015-02-23T18:00:00+00:00,1.25859,1.2599,1.25392,1.25715
2015-02-23T22:00:00+00:00,1.25708,1.25764,1.25642,1.25666
2015-02-24T02:00:00+00:00,1.25669,1.25992,1.25661,1.25978
2015-02-24T06:00:00+00:00,1.25977,1.26472,1.25973,1.26425
2015-02-24T10:00:00+00:00,1.26428,1.26638,1.26036,1.26181
2015-02-24T14:00:00+00:00,1.26181,1.26586,1.25523,1.26091
2015-02-24T18:00:00+00:00,1.2609,1.2618,1.24789,1.2486
2015-02-24T22:00:00+00:00,1.24859,1.24982,1.24593,1.24643
2015-02-25T02:00:00+00:00,1.24644,1.2467,1.24502,1.24547
2015-02-25T06:00:00+00:00,1.24548,1.24693,1.24398,1.24443
2015-02-25T10:00:00+00:00,1.24443,1.24514,1.24006,1.24111
2015-02-25T14:00:00+00:00,1.24109,1.24592,1.24094,1.24363
2015-02-25T18:00:00+00:00,1.24362,1.24469,1.24215,1.24357
2015-02-25T22:00:00+00:00,1.24358,1.24452,1.2426,1.24372
2015-02-26T02:00:00+00:00,1.24371,1.24388,1.24238,1.24258
2015-02-26T06:00:00+00:00,1.24257,1.24269,1.23923,1.23928
2015-02-26T10:00:00+00:00,1.23928,1.24834,1.23877,1.24821
2015-02-26T14:00:00+00:00,1.24822,1.25313,1.24558,1.25043
2015-02-26T18:00:00+00:00,1.25045,1.25351,1.25043,1.2515
2015-02-26T22:00:00+00:00,1.25148,1.25223,1.24945,1.25038
2015-02-27T02:00:00+00:00,1.25038,1.25111,1.24867,1.24869
2015-02-27T06:00:00+00:00,1.24868,1.24989,1.24682,1.24723
2015-02-27T10:00:00+00:00,1.24723,1.24901,1.24489,1.24865
2015-02-27T14:00:00+00:00,1.24864,1.25179,1.24557,1.25087
2015-02-27T18:00:00+00:00,1.25086,1.25306,1.2487,1.25113
2015-03-01T22:00:00+00:00,1.25032,1.25213,1.25025,1.25091
2015-03-02T02:00:00+00:00,1.2509,1.25137,1.24941,1.24977
2015-03-02T06:00:00+00:00,1.24979,1.25265,1.24977,1.24986
2015-03-02T10:00:00+00:00,1.24988,1.25107,1.24764,1.25047
2015-03-02T14:00:00+00:00,1.25048,1.25657,1.24966,1.25392
2015-03-02T18:00:00+00:00,1.25392,1.2544,1.253,1.25351
2015-03-02T22:00:00+00:00,1.25347,1.25435,1.25292,1.25306
2015-03-03T02:00:00+00:00,1.25306,1.25366,1.25088,1.25106
2015-03-03T06:00:00+00:00,1.25106,1.25277,1.24911,1.25277
2015-03-03T10:00:00+00:00,1.25276,1.25319,1.24344,1.24663
2015-03-03T14:00:00+00:00,1.24662,1.24686,1.2433,1.24612
2015-03-03T18:00:00+00:00,1.24612,1.24962,1.24607,1.24954
2015-03-03T22:00:00+00:00,1.24951,1.24968,1.24801,1.24924
2015-03-04T02:00:00+00:00,1.24925,1.25079,1.24916,1.25046
2015-03-04T06:00:00+00:00,1.25046,1.25293,1.24918,1.25188
2015-03-04T10:00:00+00:00,1.25188,1.25333,1.24961,1.25139
2015-03-04T14:00:00+00:00,1.25139,1.25447,1.24176,1.24268
2015-03-04T18:00:00+00:00,1.24267,1.24323,1.2407,1.24273
2015-03-04T22:00:00+00:00,1.24269,1.243,1.24216,1.24272
2015-03-05T02:00:00+00:00,1.24274,1.24456,1.24215,1.24423
2015-03-05T06:00:00+00:00,1.24423,1.24491,1.24067,1.24114
2015-03-05T10:00:00+00:00,1.24114,1.24763,1.24083,1.24741
2015-03-05T14:00:00+00:00,1.2474,1.25001,1.24521,1.24957
2015-03-05T18:00:00+00:00,1.2496,1.25185,1.24855,1.24862
2015-03-05T22:00:00+00:00,1.2486,1.24937,1.2475,1.2479
2015-03-06T02:00:00+00:00,1.24789,1.24823,1.24731,1.24784
2015-03-06T06:00:00+00:00,1.24783,1.24961,1.247,1.24818
2015-03-06T10:00:00+00:00,1.24819,1.25918,1.24559,1.25646
2015-03-06T14:00:00+00:00,1.25647,1.26269,1.25647,1.26154
2015-03-06T18:00:00+00:00,1.26154,1.26245,1.26022,1.26236
2015-03-08T21:00:00+00:00,1.26196,1.26209,1.25977,1.26162
2015-03-09T01:00:00+00:00,1.26166,1.26267,1.26075,1.26116
2015-03-09T05:00:00+00:00,1.26115,1.26164,1.25779,1.25786
2015-03-09T09:00:00+00:00,1.25787,1.26126,1.25733,1.26018
2015-03-09T13:00:00+00:00,1.26015,1.26078,1.25741,1.26018
2015-03-09T17:00:00+00:00,1.26015,1.26091,1.25879,1.26047
2015-03-09T21:00:00+00:00,1.26041,1.26348,1.25982,1.26284
2015-03-10T01:00:00+00:00,1.26284,1.26483,1.26255,1.26387
2015-03-10T05:00:00+00:00,1.26385,1.26639,1.26253,1.26576
2015-03-10T09:00:00+00:00,1.26578,1.26831,1.25976,1.26327
2015-03-10T13:00:00+00:00,1.26326,1.26687,1.26101,1.26587
2015-03-10T17:00:00+00:00,1.26591,1.26893,1.2645,1.26893
2015-03-10T21:00:00+00:00,1.26884,1.26932,1.26716,1.2682
2015-03-11T01:00:00+00:00,1.26821,1.27047,1.26717,1.26927
2015-03-11T05:00:00+00:00,1.26927,1.27001,1.26645,1.26917
2015-03-11T09:00:00+00:00,1.26912,1.27101,1.26694,1.26971
2015-03-11T13:00:00+00:00,1.26968,1.27811,1.26914,1.27658
2015-03-11T17:00:00+00:00,1.27657,1.27976,1.27314,1.275
2015-03-11T21:00:00+00:00,1.27497,1.27558,1.27338,1.27399
2015-03-12T01:00:00+00:00,1.27399,1.27687,1.27344,1.27486
2015-03-12T05:00:00+00:00,1.27486,1.27514,1.26792,1.26907
2015-03-12T09:00:00+00:00,1.26906,1.27041,1.26168,1.26521
2015-03-12T13:00:00+00:00,1.26521,1.27125,1.26411,1.27035
2015-03-12T17:00:00+00:00,1.27036,1.27154,1.26836,1.26857
2015-03-12T21:00:00+00:00,1.26855,1.2706,1.2682,1.27058
2015-03-13T01:00:00+00:00,1.27058,1.27268,1.27006,1.27241
2015-03-13T05:00:00+00:00,1.27244,1.2731,1.27062,1.27113
2015-03-13T09:00:00+00:00,1.27116,1.27657,1.27078,1.27357
2015-03-13T13:00:00+00:00,1.27358,1.28237,1.27246,1.27851
2015-03-13T17:00:00+00:00,1.27851,1.28055,1.27745,1.27841
2015-03-15T21:00:00+00:00,1.27932,1.28177,1.2786,1.28053
2015-03-16T01:00:00+00:00,1.28051,1.28103,1.27838,1.28051
2015-03-16T05:00:00+00:00,1.28051,1.28114,1.27612,1.27783
2015-03-16T09:00:00+00:00,1.27783,1.27984,1.27599,1.27973
2015-03-16T13:00:00+00:00,1.27973,1.28186,1.27409,1.27442
2015-03-16T17:00:00+00:00,1.27441,1.27865,1.27348,1.27727
2015-03-16T21:00:00+00:00,1.27729,1.27866,1.27684,1.27845
2015-03-17T01:00:00+00:00,1.27843,1.27936,1.27804,1.27838
2015-03-17T05:00:00+00:00,1.27835,1.27892,1.27516,1.27731
2015-03-17T09:00:00+00:00,1.2773,1.27944,1.27548,1.27757
2015-03-17T13:00:00+00:00,1.27758,1.27884,1.2749,1.27598
2015-03-17T17:00:00+00:00,1.27598,1.27977,1.27572,1.27885
2015-03-17T21:00:00+00:00,1.27886,1.27981,1.27816,1.27829
2015-03-18T01:00:00+00:00,1.2783,1.27989,1.27747,1.27882
2015-03-18T05:00:00+00:00,1.27884,1.28107,1.27871,1.28022
2015-03-18T09:00:00+00:00,1.28023,1.28349,1.27835,1.28177
2015-03-18T13:00:00+00:00,1.2818,1.28267,1.27436,1.27591
2015-03-18T17:00:00+00:00,1.27591,1.27609,1.24487,1.25665
2015-03-18T21:00:00+00:00,1.25664,1.2596,1.25082,1.25321
2015-03-19T01:00:00+00:00,1.25322,1.26167,1.25287,1.26113
2015-03-19T05:00:00+00:00,1.26113,1.26763,1.25989,1.26727
2015-03-19T09:00:00+00:00,1.26728,1.27325,1.26353,1.27163
2015-03-19T13:00:00+00:00,1.27163,1.27538,1.27036,1.27384
2015-03-19T17:00:00+00:00,1.27385,1.27584,1.27121,1.2718
2015-03-19T21:00:00+00:00,1.27174,1.27216,1.26931,1.26956
2015-03-20T01:00:00+00:00,1.26957,1.26992,1.26741,1.2686
2015-03-20T05:00:00+00:00,1.26861,1.26877,1.2658,1.26749
2015-03-20T09:00:00+00:00,1.2675,1.27235,1.26682,1.27022
2015-03-20T13:00:00+00:00,1.27022,1.27106,1.25566,1.25681
2015-03-20T17:00:00+00:00,1.25681,1.25912,1.25453,1.25521
2015-03-22T21:00:00+00:00,1.25551,1.25971,1.25358,1.25823
2015-03-23T01:00:00+00:00,1.25824,1.25988,1.255,1.25572
2015-03-23T05:00:00+00:00,1.25574,1.26157,1.25554,1.26077
2015-03-23T09:00:00+00:00,1.26075,1.26147,1.25286,1.2535
2015-03-23T13:00:00+00:00,1.25349,1.25496,1.25032,1.25185
2015-03-23T17:00:00+00:00,1.25183,1.25259,1.24959,1.25228
2015-03-23T21:00:00+00:00,1.25235,1.25246,1.25036,1.25127
2015-03-24T01:00:00+00:00,1.25128,1.25465,1.25127,1.25275
2015-03-24T05:00:00+00:00,1.25274,1.25358,1.24852,1.24936
2015-03-24T09:00:00+00:00,1.24937,1.25123,1.24276,1.24528
2015-03-24T13:00:00+00:00,1.24528,1.25338,1.24476,1.24961
2015-03-24T17:00:00+00:00,1.24964,1.25091,1.2486,1.2493
2015-03-24T21:00:00+00:00,1.24934,1.25119,1.24894,1.25072
2015-03-25T01:00:00+00:00,1.25072,1.25122,1.24911,1.25072
2015-03-25T05:00:00+00:00,1.2507,1.25188,1.2483,1.24898
2015-03-25T09:00:00+00:00,1.24898,1.25225,1.24731,1.24831
2015-03-25T13:00:00+00:00,1.24831,1.25408,1.24763,1.25269
2015-03-25T17:00:00+00:00,1.25267,1.25299,1.25056,1.25201
2015-03-25T21:00:00+00:00,1.25201,1.25328,1.25063,1.25073
2015-03-26T01:00:00+00:00,1.25073,1.25198,1.24791,1.24805
2015-03-26T05:00:00+00:00,1.24805,1.24873,1.24121,1.24267
2015-03-26T09:00:00+00:00,1.24264,1.24557,1.24102,1.24521
2015-03-26T13:00:00+00:00,1.24523,1.24955,1.24303,1.24741
2015-03-26T17:00:00+00:00,1.24742,1.24926,1.24665,1.24826
2015-03-26T21:00:00+00:00,1.24826,1.24882,1.24696,1.24724
2015-03-27T01:00:00+00:00,1.24726,1.25061,1.24681,1.24992
2015-03-27T05:00:00+00:00,1.24992,1.25293,1.24951,1.25188
2015-03-27T09:00:00+00:00,1.25188,1.25253,1.24743,1.24833
2015-03-27T13:00:00+00:00,1.24828,1.25838,1.24781,1.25675
2015-03-27T17:00:00+00:00,1.25675,1.26215,1.25639,1.26126
2015-03-29T22:00:00+01:00,1.26034,1.26304,1.2596,1.26087
2015-03-30T02:00:00+01:00,1.26089,1.26265,1.26019,1.26229
2015-03-30T06:00:00+01:00,1.26229,1.26496,1.26117,1.26197
2015-03-30T10:00:00+01:00,1.26197,1.2657,1.2613,1.26519
2015-03-30T14:00:00+01:00,1.26519,1.27061,1.26347,1.26936
2015-03-30T18:00:00+01:00,1.26935,1.27016,1.26747,1.26756
2015-03-30T22:00:00+01:00,1.26758,1.26921,1.26723,1.26801
2015-03-31T02:00:00+01:00,1.26801,1.27114,1.26777,1.26991
2015-03-31T06:00:00+01:00,1.26992,1.27525,1.26953,1.27464
2015-03-31T10:00:00+01:00,1.27466,1.27839,1.27211,1.27303
2015-03-31T14:00:00+01:00,1.27303,1.27358,1.26593,1.26784
2015-03-31T18:00:00+01:00,1.26784,1.26858,1.26524,1.26858
2015-03-31T22:00:00+01:00,1.26859,1.26933,1.26742,1.26775
2015-04-01T02:00:00+01:00,1.26776,1.26785,1.26452,1.26469
2015-04-01T06:00:00+01:00,1.26469,1.271,1.26459,1.27019
2015-04-01T10:00:00+01:00,1.27018,1.271,1.26417,1.26451
2015-04-01T14:00:00+01:00,1.26451,1.26724,1.25765,1.25946
2015-04-01T18:00:00+01:00,1.25948,1.26307,1.25822,1.26199
2015-04-01T22:00:00+01:00,1.26197,1.26279,1.26109,1.2615
2015-04-02T02:00:00+01:00,1.2615,1.26189,1.25994,1.26022
2015-04-02T06:00:00+01:00,1.26021,1.26212,1.25859,1.2616
2015-04-02T10:00:00+01:00,1.26161,1.26559,1.25989,1.26148
2015-04-02T14:00:00+01:00,1.2615,1.2617,1.25577,1.25834
2015-04-02T18:00:00+01:00,1.25831,1.26036,1.2557,1.25589
2015-04-02T22:00:00+01:00,1.2559,1.25694,1.25554,1.2561
2015-04-03T02:00:00+01:00,1.2561,1.25672,1.25558,1.25624
2015-04-03T06:00:00+01:00,1.25624,1.25729,1.25572,1.25677
2015-04-03T10:00:00+01:00,1.25677,1.25747,1.24591,1.24655
2015-04-03T14:00:00+01:00,1.24655,1.24794,1.24295,1.24754
2015-04-03T18:00:00+01:00,1.24754,1.24949,1.24749,1.24862
2015-04-05T22:00:00+01:00,1.24723,1.24965,1.24529,1.24728
2015-04-06T02:00:00+01:00,1.24728,1.24857,1.24687,1.24764
2015-04-06T06:00:00+01:00,1.24764,1.2481,1.24525,1.24668
2015-04-06T10:00:00+01:00,1.24668,1.24854,1.24527,1.24575
2015-04-06T14:00:00+01:00,1.24575,1.24818,1.24375,1.24499
2015-04-06T18:00:00+01:00,1.245,1.25068,1.24494,1.24816
2015-04-06T22:00:00+01:00,1.24818,1.24891,1.24697,1.24878
2015-04-07T02:00:00+01:00,1.24877,1.24913,1.24553,1.24653
2015-04-07T06:00:00+01:00,1.24653,1.25039,1.24555,1.2497
2015-04-07T10:00:00+01:00,1.24973,1.25226,1.24666,1.25202
2015-04-07T14:00:00+01:00,1.25202,1.25205,1.24671,1.24878
2015-04-07T18:00:00+01:00,1.24879,1.25194,1.24869,1.25054
2015-04-07T22:00:00+01:00,1.2506,1.25112,1.24941,1.2496
2015-04-08T02:00:00+01:00,1.2496,1.24995,1.24794,1.24851
2015-04-08T06:00:00+01:00,1.24849,1.24863,1.24497,1.24614
2015-04-08T10:00:00+01:00,1.24613,1.2463,1.23879,1.24168
2015-04-08T14:00:00+01:00,1.24172,1.25478,1.2413,1.25083
2015-04-08T18:00:00+01:00,1.25087,1.25589,1.2505,1.25462
2015-04-08T22:00:00+01:00,1.25459,1.25672,1.25365,1.25638
2015-04-09T02:00:00+01:00,1.25638,1.25654,1.2547,1.25597
2015-04-09T06:00:00+01:00,1.25597,1.25805,1.25448,1.25772
2015-04-09T10:00:00+01:00,1.25774,1.25785,1.25089,1.25433
2015-04-09T14:00:00+01:00,1.25433,1.26138,1.25338,1.25706
2015-04-09T18:00:00+01:00,1.25703,1.26072,1.25691,1.25782
2015-04-09T22:00:00+01:00,1.25784,1.25928,1.25772,1.25819
2015-04-10T02:00:00+01:00,1.25815,1.25953,1.25773,1.25891
2015-04-10T06:00:00+01:00,1.2589,1.26275,1.25843,1.26118
2015-04-10T10:00:00+01:00,1.26119,1.26669,1.25958,1.26119
2015-04-10T14:00:00+01:00,1.26119,1.26123,1.25713,1.25938
2015-04-10T18:00:00+01:00,1.25938,1.25987,1.25686,1.25687
2015-04-12T22:00:00+01:00,1.25823,1.25876,1.25636,1.25857
2015-04-13T02:00:00+01:00,1.25857,1.26232,1.25795,1.26214
2015-04-13T06:00:00+01:00,1.26214,1.26425,1.25981,1.26344
2015-04-13T10:00:00+01:00,1.26344,1.26459,1.26097,1.26144
2015-04-13T14:00:00+01:00,1.26142,1.26143,1.25625,1.25952
2015-04-13T18:00:00+01:00,1.25951,1.26026,1.25875,1.25971
2015-04-13T22:00:00+01:00,1.25979,1.2599,1.25757,1.25774
2015-04-14T02:00:00+01:00,1.25772,1.25924,1.25718,1.25804
2015-04-14T06:00:00+01:00,1.25802,1.26022,1.25684,1.25991
2015-04-14T10:00:00+01:00,1.25992,1.26032,1.25366,1.25418
2015-04-14T14:00:00+01:00,1.25413,1.25458,1.2445,1.24901
2015-04-14T18:00:00+01:00,1.24902,1.24975,1.24804,1.24855
2015-04-14T22:00:00+01:00,1.24849,1.24998,1.24832,1.24974
2015-04-15T02:00:00+01:00,1.24974,1.25001,1.24775,1.24928
2015-04-15T06:00:00+01:00,1.2493,1.25286,1.24807,1.25236
2015-04-15T10:00:00+01:00,1.25236,1.25649,1.2514,1.25561
2015-04-15T14:00:00+01:00,1.25563,1.25703,1.23584,1.23636
2015-04-15T18:00:00+01:00,1.23636,1.2368,1.22811,1.229
2015-04-15T22:00:00+01:00,1.22905,1.23074,1.22511,1.22629
2015-04-16T02:00:00+01:00,1.2263,1.22859,1.22559,1.2279
2015-04-16T06:00:00+01:00,1.2279,1.2328,1.22763,1.23059
2015-04-16T10:00:00+01:00,1.23061,1.23172,1.22588,1.22645
2015-04-16T14:00:00+01:00,1.22647,1.22708,1.22012,1.22104
2015-04-16T18:00:00+01:00,1.22104,1.22126,1.21435,1.21886
2015-04-16T22:00:00+01:00,1.21887,1.22053,1.21788,1.2182
2015-04-17T02:00:00+01:00,1.21822,1.22036,1.21791,1.21922
2015-04-17T06:00:00+01:00,1.21923,1.22046,1.21632,1.21789
2015-04-17T10:00:00+01:00,1.2179,1.21959,1.20883,1.21308
2015-04-17T14:00:00+01:00,1.21308,1.22484,1.21129,1.22484
2015-04-17T18:00:00+01:00,1.2248,1.22716,1.22196,1.22452
2015-04-19T22:00:00+01:00,1.22104,1.22365,1.2195,1.22012
2015-04-20T02:00:00+01:00,1.22012,1.22115,1.21928,1.22072
2015-04-20T06:00:00+01:00,1.22072,1.22079,1.218,1.21901
2015-04-20T10:00:00+01:00,1.21902,1.22598,1.21896,1.2232
2015-04-20T14:00:00+01:00,1.2232,1.22447,1.21845,1.22229
2015-04-20T18:00:00+01:00,1.2223,1.22374,1.22213,1.2224
2015-04-20T22:00:00+01:00,1.22234,1.22489,1.2222,1.22444
2015-04-21T02:00:00+01:00,1.22443,1.22693,1.22412,1.22606
2015-04-21T06:00:00+01:00,1.22606,1.22806,1.22436,1.22458
2015-04-21T10:00:00+01:00,1.22458,1.22499,1.22142,1.22242
2015-04-21T14:00:00+01:00,1.22244,1.22973,1.22221,1.22806
2015-04-21T18:00:00+01:00,1.22806,1.23057,1.22786,1.22798
2015-04-21T22:00:00+01:00,1.22802,1.22873,1.22679,1.22822
2015-04-22T02:00:00+01:00,1.2282,1.22838,1.2255,1.2256
2015-04-22T06:00:00+01:00,1.22564,1.22671,1.2222,1.22303
2015-04-22T10:00:00+01:00,1.22301,1.22574,1.22112,1.22426
2015-04-22T14:00:00+01:00,1.22429,1.22695,1.22277,1.22349
2015-04-22T18:00:00+01:00,1.2235,1.22442,1.22244,1.22376
2015-04-22T22:00:00+01:00,1.22377,1.22648,1.22351,1.22628
2015-04-23T02:00:00+01:00,1.22628,1.22691,1.224,1.22439
2015-04-23T06:00:00+01:00,1.22439,1.2268,1.22347,1.22464
2015-04-23T10:00:00+01:00,1.22464,1.22548,1.22145,1.22304
2015-04-23T14:00:00+01:00,1.22301,1.22379,1.21236,1.21329
2015-04-23T18:00:00+01:00,1.2133,1.2153,1.21211,1.21447
2015-04-23T22:00:00+01:00,1.2144,1.21551,1.21366,1.21385
2015-04-24T02:00:00+01:00,1.21385,1.21574,1.21381,1.21469
2015-04-24T06:00:00+01:00,1.21465,1.21605,1.21118,1.21247
2015-04-24T10:00:00+01:00,1.21248,1.21404,1.2103,1.21151
2015-04-24T14:00:00+01:00,1.2115,1.21819,1.21094,1.21786
2015-04-24T18:00:00+01:00,1.21782,1.21874,1.21559,1.21757
2015-04-26T22:00:00+01:00,1.21901,1.21909,1.21537,1.21629
2015-04-27T02:00:00+01:00,1.21629,1.21674,1.215,1.2163
2015-04-27T06:00:00+01:00,1.21627,1.21955,1.21527,1.21731
2015-04-27T10:00:00+01:00,1.21731,1.21776,1.2149,1.21663
2015-04-27T14:00:00+01:00,1.21662,1.21665,1.20806,1.21027
2015-04-27T18:00:00+01:00,1.21027,1.21168,1.20819,1.2086
2015-04-27T22:00:00+01:00,1.20859,1.20991,1.2085,1.20965
2015-04-28T02:00:00+01:00,1.20968,1.21091,1.20932,1.21086
2015-04-28T06:00:00+01:00,1.21085,1.21174,1.20899,1.20968
2015-04-28T10:00:00+01:00,1.20969,1.2101,1.205,1.20642
2015-04-28T14:00:00+01:00,1.20642,1.20993,1.20151,1.20247
2015-04-28T18:00:00+01:00,1.20244,1.20382,1.20195,1.20326
2015-04-28T22:00:00+01:00,1.20334,1.20452,1.20207,1.20351
2015-04-29T02:00:00+01:00,1.20352,1.20447,1.20341,1.20382
2015-04-29T06:00:00+01:00,1.20382,1.20389,1.20131,1.20217
2015-04-29T10:00:00+01:00,1.20217,1.20738,1.19898,1.20188
2015-04-29T14:00:00+01:00,1.20189,1.20297,1.19447,1.19738
2015-04-29T18:00:00+01:00,1.19738,1.20376,1.19658,1.20194
2015-04-29T22:00:00+01:00,1.20193,1.20277,1.20031,1.20144
2015-04-30T02:00:00+01:00,1.20144,1.20375,1.201,1.20262
2015-04-30T06:00:00+01:00,1.20261,1.2057,1.19972,1.20254
2015-04-30T10:00:00+01:00,1.20255,1.20525,1.20018,1.20392
2015-04-30T14:00:00+01:00,1.20394,1.21329,1.20372,1.20913
2015-04-30T18:00:00+01:00,1.20913,1.2111,1.20572,1.20764
2015-04-30T22:00:00+01:00,1.20771,1.20936,1.20634,1.20876
2015-05-01T02:00:00+01:00,1.20874,1.21019,1.20839,1.20871
2015-05-01T06:00:00+01:00,1.20871,1.21008,1.20755,1.20954
2015-05-01T10:00:00+01:00,1.20956,1.21493,1.20789,1.21279
2015-05-01T14:00:00+01:00,1.21279,1.22056,1.2113,1.21806
2015-05-01T18:00:00+01:00,1.21805,1.21815,1.2153,1.21577
2015-05-03T22:00:00+01:00,1.21553,1.21792,1.21552,1.21712
2015-05-04T02:00:00+01:00,1.21713,1.21809,1.21672,1.21698
2015-05-04T06:00:00+01:00,1.21698,1.21745,1.21408,1.21442
2015-05-04T10:00:00+01:00,1.21442,1.21443,1.20904,1.20931
2015-05-04T14:00:00+01:00,1.2093,1.21266,1.20917,1.21108
2015-05-04T18:00:00+01:00,1.21108,1.21166,1.20878,1.20952
2015-05-04T22:00:00+01:00,1.20948,1.21069,1.20891,1.21057
2015-05-05T02:00:00+01:00,1.21059,1.21223,1.21023,1.21164
2015-05-05T06:00:00+01:00,1.21164,1.21318,1.21069,1.21148
2015-05-05T10:00:00+01:00,1.21148,1.212,1.20474,1.20548
2015-05-05T14:00:00+01:00,1.20546,1.20643,1.2003,1.20378
2015-05-05T18:00:00+01:00,1.20376,1.20776,1.20319,1.20686
2015-05-05T22:00:00+01:00,1.20686,1.20879,1.20621,1.20844
2015-05-06T02:00:00+01:00,1.20844,1.20869,1.20308,1.20339
2015-05-06T06:00:00+01:00,1.20336,1.20528,1.20267,1.20267
2015-05-06T10:00:00+01:00,1.20265,1.20395,1.19877,1.20027
2015-05-06T14:00:00+01:00,1.20074,1.20453,1.19401,1.20331
2015-05-06T18:00:00+01:00,1.20328,1.20525,1.20287,1.2048
2015-05-06T22:00:00+01:00,1.20474,1.20498,1.20343,1.20495
2015-05-07T02:00:00+01:00,1.20495,1.20565,1.20385,1.20429
2015-05-07T06:00:00+01:00,1.20429,1.20833,1.20351,1.20695
2015-05-07T10:00:00+01:00,1.207,1.20965,1.2054,1.20771
2015-05-07T14:00:00+01:00,1.20775,1.21578,1.20704,1.21514
2015-05-07T18:00:00+01:00,1.21515,1.21635,1.21132,1.2128
2015-05-07T22:00:00+01:00,1.21299,1.21311,1.20983,1.21073
2015-05-08T02:00:00+01:00,1.21073,1.21183,1.20942,1.21054
2015-05-08T06:00:00+01:00,1.21056,1.21219,1.20954,1.20954
2015-05-08T10:00:00+01:00,1.20957,1.21452,1.20457,1.209
2015-05-08T14:00:00+01:00,1.20898,1.21457,1.20676,1.20944
2015-05-08T18:00:00+01:00,1.20945,1.21016,1.20644,1.20755
2015-05-10T22:00:00+01:00,1.20797,1.21017,1.20792,1.20983
2015-05-11T02:00:00+01:00,1.20986,1.21308,1.20954,1.2124
2015-05-11T06:00:00+01:00,1.2124,1.21376,1.21122,1.21343
2015-05-11T10:00:00+01:00,1.21343,1.21447,1.20884,1.20978
2015-05-11T14:00:00+01:00,1.20978,1.21137,1.2065,1.2104
2015-05-11T18:00:00+01:00,1.21041,1.2111,1.20803,1.2103
2015-05-11T22:00:00+01:00,1.21028,1.21075,1.2095,1.21047
2015-05-12T02:00:00+01:00,1.21049,1.2107,1.20867,1.20893
2015-05-12T06:00:00+01:00,1.20893,1.21032,1.20578,1.20581
2015-05-12T10:00:00+01:00,1.20581,1.20643,1.20251,1.20302
2015-05-12T14:00:00+01:00,1.20305,1.20613,1.19794,1.19796
2015-05-12T18:00:00+01:00,1.19795,1.20234,1.19786,1.20187
2015-05-12T22:00:00+01:00,1.20188,1.20217,1.19978,1.20071
2015-05-13T02:00:00+01:00,1.20071,1.20216,1.20028,1.20202
2015-05-13T06:00:00+01:00,1.20201,1.20287,1.19724,1.19834
2015-05-13T10:00:00+01:00,1.19834,1.19922,1.19287,1.19501
2015-05-13T14:00:00+01:00,1.19501,1.19816,1.19343,1.19371
2015-05-13T18:00:00+01:00,1.19373,1.19759,1.19311,1.19577
2015-05-13T22:00:00+01:00,1.19578,1.1963,1.19515,1.1959
2015-05-14T02:00:00+01:00,1.1959,1.1959,1.19259,1.19341
2015-05-14T06:00:00+01:00,1.1934,1.19657,1.19199,1.19565
2015-05-14T10:00:00+01:00,1.19565,1.19706,1.19324,1.19354
2015-05-14T14:00:00+01:00,1.19352,1.20057,1.19253,1.20021
2015-05-14T18:00:00+01:00,1.20021,1.20064,1.19823,1.19827
2015-05-14T22:00:00+01:00,1.19825,1.19973,1.19803,1.19904
2015-05-15T02:00:00+01:00,1.19905,1.20057,1.19888,1.19948
2015-05-15T06:00:00+01:00,1.19947,1.20167,1.1986,1.2012
2015-05-15T10:00:00+01:00,1.2012,1.20546,1.20087,1.20438
2015-05-15T14:00:00+01:00,1.20437,1.20675,1.19917,1.20268
2015-05-15T18:00:00+01:00,1.20274,1.20443,1.20085,1.20135
2015-05-17T22:00:00+01:00,1.2006,1.20368,1.20053,1.20324
2015-05-18T02:00:00+01:00,1.20325,1.20478,1.20295,1.20321
2015-05-18T06:00:00+01:00,1.20321,1.20545,1.20192,1.20433
2015-05-18T10:00:00+01:00,1.20434,1.2082,1.20376,1.20819
2015-05-18T14:00:00+01:00,1.20823,1.21636,1.20823,1.2144
2015-05-18T18:00:00+01:00,1.2144,1.21713,1.21395,1.216
2015-05-18T22:00:00+01:00,1.21603,1.21661,1.21459,1.21612
2015-05-19T02:00:00+01:00,1.21612,1.21713,1.21305,1.21359
2015-05-19T06:00:00+01:00,1.21359,1.21868,1.21295,1.21805
2015-05-19T10:00:00+01:00,1.21809,1.22214,1.21623,1.22174
2015-05-19T14:00:00+01:00,1.22174,1.22501,1.2204,1.22259
2015-05-19T18:00:00+01:00,1.22261,1.22387,1.22173,1.2232
2015-05-19T22:00:00+01:00,1.2232,1.22463,1.22263,1.22374
2015-05-20T02:00:00+01:00,1.22372,1.22434,1.22166,1.22284
2015-05-20T06:00:00+01:00,1.22283,1.22566,1.22216,1.22263
2015-05-20T10:00:00+01:00,1.22264,1.22465,1.21958,1.22032
2015-05-20T14:00:00+01:00,1.22032,1.2247,1.22003,1.22054
2015-05-20T18:00:00+01:00,1.22054,1.2222,1.21684,1.22084
2015-05-20T22:00:00+01:00,1.22085,1.2212,1.21914,1.21951
2015-05-21T02:00:00+01:00,1.21952,1.22014,1.21861,1.21878
2015-05-21T06:00:00+01:00,1.21879,1.22014,1.21717,1.21724
2015-05-21T10:00:00+01:00,1.21725,1.22415,1.2172,1.22355
2015-05-21T14:00:00+01:00,1.22357,1.22428,1.21883,1.21984
2015-05-21T18:00:00+01:00,1.21984,1.22137,1.21933,1.21987
2015-05-21T22:00:00+01:00,1.21985,1.22036,1.21927,1.21928
2015-05-22T02:00:00+01:00,1.2193,1.21948,1.21732,1.21844
2015-05-22T06:00:00+01:00,1.21843,1.22022,1.21746,1.22015
2015-05-22T10:00:00+01:00,1.22014,1.22697,1.21924,1.22555
2015-05-22T14:00:00+01:00,1.22555,1.23046,1.22554,1.23046
2015-05-22T18:00:00+01:00,1.23048,1.23224,1.22783,1.22808
2015-05-24T22:00:00+01:00,1.22867,1.23069,1.22824,1.22993
2015-05-25T02:00:00+01:00,1.22993,1.23008,1.2288,1.22899
2015-05-25T06:00:00+01:00,1.22899,1.23085,1.22772,1.22948
2015-05-25T10:00:00+01:00,1.22952,1.23026,1.2276,1.23001
2015-05-25T14:00:00+01:00,1.23001,1.23185,1.22886,1.23119
2015-05-25T18:00:00+01:00,1.23117,1.23159,1.23093,1.23135
2015-05-25T22:00:00+01:00,1.23137,1.23255,1.23086,1.23225
2015-05-26T02:00:00+01:00,1.23228,1.23281,1.23057,1.23109
2015-05-26T06:00:00+01:00,1.23109,1.2367,1.23054,1.23584
2015-05-26T10:00:00+01:00,1.23585,1.24135,1.23497,1.24054
2015-05-26T14:00:00+01:00,1.24055,1.24477,1.23923,1.24309
2015-05-26T18:00:00+01:00,1.2431,1.2436,1.24171,1.24341
2015-05-26T22:00:00+01:00,1.2434,1.24376,1.24218,1.24282
2015-05-27T02:00:00+01:00,1.24282,1.2441,1.24235,1.24254
2015-05-27T06:00:00+01:00,1.24255,1.24285,1.23957,1.24234
2015-05-27T10:00:00+01:00,1.24234,1.24844,1.24228,1.24747
2015-05-27T14:00:00+01:00,1.24745,1.24917,1.24246,1.24886
2015-05-27T18:00:00+01:00,1.24886,1.24925,1.24514,1.24518
2015-05-27T22:00:00+01:00,1.24516,1.24626,1.24492,1.24512
2015-05-28T02:00:00+01:00,1.24514,1.24762,1.24428,1.24687
2015-05-28T06:00:00+01:00,1.24688,1.2475,1.24385,1.24731
2015-05-28T10:00:00+01:00,1.24731,1.25127,1.24628,1.24947
2015-05-28T14:00:00+01:00,1.24945,1.25385,1.24464,1.2462
2015-05-28T18:00:00+01:00,1.2462,1.24633,1.24226,1.24355
2015-05-28T22:00:00+01:00,1.24358,1.24372,1.24162,1.24224
2015-05-29T02:00:00+01:00,1.24222,1.24292,1.24114,1.24179
2015-05-29T06:00:00+01:00,1.24179,1.24517,1.24144,1.24444
2015-05-29T10:00:00+01:00,1.24436,1.25189,1.24233,1.25118
2015-05-29T14:00:00+01:00,1.25099,1.25276,1.24565,1.24645
2015-05-29T18:00:00+01:00,1.24643,1.24709,1.24293,1.24514
2015-05-31T22:00:00+01:00,1.24413,1.24728,1.24379,1.2466
2015-06-01T02:00:00+01:00,1.24661,1.24715,1.24486,1.24584
2015-06-01T06:00:00+01:00,1.24584,1.24926,1.2455,1.24868
2015-06-01T10:00:00+01:00,1.24866,1.25008,1.24769,1.24954
2015-06-01T14:00:00+01:00,1.24952,1.25633,1.24646,1.25507
2015-06-01T18:00:00+01:00,1.25505,1.25539,1.25139,1.2522
2015-06-01T22:00:00+01:00,1.25219,1.25307,1.25189,1.2527
2015-06-02T02:00:00+01:00,1.2527,1.25354,1.25088,1.25113
2015-06-02T06:00:00+01:00,1.25111,1.2517,1.24911,1.25123
2015-06-02T10:00:00+01:00,1.25128,1.25311,1.24893,1.25024
2015-06-02T14:00:00+01:00,1.25023,1.25039,1.23676,1.23857
2015-06-02T18:00:00+01:00,1.23855,1.24162,1.23766,1.24006
2015-06-02T22:00:00+01:00,1.24011,1.24202,1.24006,1.24169
2015-06-03T02:00:00+01:00,1.24169,1.2417,1.23854,1.23994
2015-06-03T06:00:00+01:00,1.23995,1.24396,1.23855,1.2435
2015-06-03T10:00:00+01:00,1.24349,1.25099,1.24298,1.24974
2015-06-03T14:00:00+01:00,1.24972,1.25014,1.24113,1.24525
2015-06-03T18:00:00+01:00,1.24525,1.2473,1.24487,1.24521
2015-06-03T22:00:00+01:00,1.24523,1.24608,1.24474,1.24542
2015-06-04T02:00:00+01:00,1.24542,1.24683,1.24483,1.24588
2015-06-04T06:00:00+01:00,1.24588,1.24908,1.24452,1.24566
2015-06-04T10:00:00+01:00,1.2456,1.24737,1.24368,1.2465
2015-06-04T14:00:00+01:00,1.24648,1.2503,1.24596,1.24743
2015-06-04T18:00:00+01:00,1.24742,1.25038,1.24698,1.25026
2015-06-04T22:00:00+01:00,1.25027,1.25076,1.24933,1.2497
2015-06-05T02:00:00+01:00,1.2497,1.25065,1.24886,1.24901
2015-06-05T06:00:00+01:00,1.249,1.25299,1.24832,1.25252
2015-06-05T10:00:00+01:00,1.25252,1.25489,1.24457,1.25141
2015-06-05T14:00:00+01:00,1.2514,1.25628,1.24546,1.24818
2015-06-05T18:00:00+01:00,1.24816,1.2482,1.24281,1.24417
2015-06-07T22:00:00+01:00,1.24368,1.24717,1.24334,1.24705
2015-06-08T02:00:00+01:00,1.24705,1.24705,1.24571,1.24599
2015-06-08T06:00:00+01:00,1.24599,1.24727,1.24285,1.24472
2015-06-08T10:00:00+01:00,1.24472,1.24489,1.23973,1.24084
2015-06-08T14:00:00+01:00,1.24086,1.24522,1.23967,1.24367
2015-06-08T18:00:00+01:00,1.24362,1.24404,1.23835,1.24103
2015-06-08T22:00:00+01:00,1.24101,1.24194,1.24018,1.24159
2015-06-09T02:00:00+01:00,1.24158,1.24173,1.23864,1.2397
2015-06-09T06:00:00+01:00,1.23969,1.2442,1.23794,1.2407
2015-06-09T10:00:00+01:00,1.24071,1.24071,1.233,1.23539
2015-06-09T14:00:00+01:00,1.23538,1.23593,1.23075,1.23303
2015-06-09T18:00:00+01:00,1.23303,1.2347,1.23144,1.23359
2015-06-09T22:00:00+01:00,1.23372,1.23456,1.23266,1.23443
2015-06-10T02:00:00+01:00,1.23445,1.23525,1.23143,1.23159
2015-06-10T06:00:00+01:00,1.23161,1.23198,1.22366,1.22397
2015-06-10T10:00:00+01:00,1.22398,1.22649,1.22166,1.22274
2015-06-10T14:00:00+01:00,1.22274,1.22816,1.22022,1.22805
2015-06-10T18:00:00+01:00,1.22803,1.22891,1.22543,1.22544
2015-06-10T22:00:00+01:00,1.22547,1.22812,1.2254,1.22761
2015-06-11T02:00:00+01:00,1.22761,1.22857,1.22653,1.2276
2015-06-11T06:00:00+01:00,1.2276,1.23128,1.22729,1.23056
2015-06-11T10:00:00+01:00,1.23056,1.23547,1.22826,1.22982
2015-06-11T14:00:00+01:00,1.22982,1.23257,1.22938,1.23218
2015-06-11T18:00:00+01:00,1.23218,1.23276,1.22697,1.22916
2015-06-11T22:00:00+01:00,1.22915,1.22987,1.22885,1.229
2015-06-12T02:00:00+01:00,1.229,1.22964,1.22778,1.22891
2015-06-12T06:00:00+01:00,1.2289,1.23301,1.22795,1.2325
2015-06-12T10:00:00+01:00,1.2325,1.23335,1.22881,1.23206
2015-06-12T14:00:00+01:00,1.23207,1.23475,1.22925,1.23094
2015-06-12T18:00:00+01:00,1.23094,1.23287,1.23001,1.23189
2015-06-14T22:00:00+01:00,1.2316,1.23235,1.23058,1.23206
2015-06-15T02:00:00+01:00,1.23205,1.23378,1.23201,1.23325
2015-06-15T06:00:00+01:00,1.23329,1.23415,1.23123,1.23403
2015-06-15T10:00:00+01:00,1.23403,1.23609,1.23329,1.23476
2015-06-15T14:00:00+01:00,1.23475,1.23528,1.2305,1.23065
2015-06-15T18:00:00+01:00,1.23066,1.23263,1.22974,1.23251
2015-06-15T22:00:00+01:00,1.23253,1.23263,1.23134,1.23224
2015-06-16T02:00:00+01:00,1.23226,1.23332,1.23115,1.23131
2015-06-16T06:00:00+01:00,1.23131,1.23467,1.2313,1.23361
2015-06-16T10:00:00+01:00,1.23362,1.2345,1.23229,1.23338
2015-06-16T14:00:00+01:00,1.23337,1.23461,1.23058,1.23375
2015-06-16T18:00:00+01:00,1.23377,1.23407,1.22842,1.2294
2015-06-16T22:00:00+01:00,1.22935,1.22998,1.22839,1.22928
2015-06-17T02:00:00+01:00,1.22928,1.23006,1.22892,1.2296
2015-06-17T06:00:00+01:00,1.2296,1.23334,1.22927,1.23293
2015-06-17T10:00:00+01:00,1.23293,1.23301,1.23018,1.23171
2015-06-17T14:00:00+01:00,1.23168,1.23233,1.23017,1.23157
2015-06-17T18:00:00+01:00,1.23157,1.23542,1.2221,1.22274
2015-06-17T22:00:00+01:00,1.22271,1.22382,1.2227,1.2233
2015-06-18T02:00:00+01:00,1.2233,1.22365,1.22243,1.22273
2015-06-18T06:00:00+01:00,1.22273,1.22331,1.21656,1.21765
2015-06-18T10:00:00+01:00,1.21765,1.21782,1.21278,1.21443
2015-06-18T14:00:00+01:00,1.21446,1.22358,1.21358,1.22279
2015-06-18T18:00:00+01:00,1.22279,1.22504,1.22222,1.22222
2015-06-18T22:00:00+01:00,1.22221,1.2233,1.22165,1.22176
2015-06-19T02:00:00+01:00,1.22177,1.22348,1.22158,1.22323
2015-06-19T06:00:00+01:00,1.22323,1.22417,1.22152,1.22195
2015-06-19T10:00:00+01:00,1.22194,1.22917,1.22167,1.22867
2015-06-19T14:00:00+01:00,1.22869,1.22959,1.22456,1.22799
2015-06-19T18:00:00+01:00,1.228,1.2281,1.22514,1.22697
2015-06-21T22:00:00+01:00,1.22615,1.22777,1.22549,1.22715
2015-06-22T02:00:00+01:00,1.22715,1.22716,1.22471,1.22551
2015-06-22T06:00:00+01:00,1.22548,1.22733,1.22427,1.22606
2015-06-22T10:00:00+01:00,1.22604,1.22648,1.22185,1.22425
2015-06-22T14:00:00+01:00,1.22425,1.23288,1.22349,1.23122
2015-06-22T18:00:00+01:00,1.23121,1.23291,1.23064,1.23087
2015-06-22T22:00:00+01:00,1.23083,1.23239,1.23083,1.23232
2015-06-23T02:00:00+01:00,1.23231,1.23445,1.2319,1.234
2015-06-23T06:00:00+01:00,1.23399,1.23483,1.23236,1.23357
2015-06-23T10:00:00+01:00,1.23357,1.23496,1.23143,1.2346
2015-06-23T14:00:00+01:00,1.23457,1.23827,1.23151,1.23338
2015-06-23T18:00:00+01:00,1.23338,1.23461,1.2326,1.23265
2015-06-23T22:00:00+01:00,1.23263,1.23372,1.23175,1.23264
2015-06-24T02:00:00+01:00,1.23264,1.23413,1.23178,1.23381
2015-06-24T06:00:00+01:00,1.23381,1.2339,1.22768,1.22887
2015-06-24T10:00:00+01:00,1.22883,1.23373,1.22863,1.23354
2015-06-24T14:00:00+01:00,1.23357,1.24232,1.23352,1.23912
2015-06-24T18:00:00+01:00,1.23913,1.23999,1.23806,1.23825
2015-06-24T22:00:00+01:00,1.23826,1.23919,1.23823,1.23871
2015-06-25T02:00:00+01:00,1.23875,1.23954,1.23705,1.23758
2015-06-25T06:00:00+01:00,1.23759,1.23997,1.23756,1.23833
2015-06-25T10:00:00+01:00,1.23833,1.23955,1.23724,1.23784
2015-06-25T14:00:00+01:00,1.23784,1.23791,1.23308,1.23463
2015-06-25T18:00:00+01:00,1.23467,1.235,1.23124,1.23271
2015-06-25T22:00:00+01:00,1.23273,1.23412,1.23237,1.23385
2015-06-26T02:00:00+01:00,1.23385,1.23474,1.23346,1.2341
2015-06-26T06:00:00+01:00,1.2341,1.23626,1.23359,1.23506
2015-06-26T10:00:00+01:00,1.23504,1.23705,1.23327,1.23686
2015-06-26T14:00:00+01:00,1.23686,1.23977,1.23367,1.23399
2015-06-26T18:00:00+01:00,1.23401,1.23439,1.23122,1.23205
2015-06-28T22:00:00+01:00,1.23381,1.23578,1.23243,1.23422
2015-06-29T02:00:00+01:00,1.23423,1.23486,1.23286,1.23344
2015-06-29T06:00:00+01:00,1.23344,1.234,1.23039,1.23289
2015-06-29T10:00:00+01:00,1.23287,1.23806,1.23225,1.23579
2015-06-29T14:00:00+01:00,1.2358,1.24128,1.23558,1.23911
2015-06-29T18:00:00+01:00,1.23911,1.24045,1.23646,1.24034
2015-06-29T22:00:00+01:00,1.24036,1.24196,1.23967,1.24175
2015-06-30T02:00:00+01:00,1.24174,1.2424,1.23961,1.23967
2015-06-30T06:00:00+01:00,1.23967,1.24143,1.23855,1.23984
2015-06-30T10:00:00+01:00,1.23984,1.2429,1.23631,1.2422
2015-06-30T14:00:00+01:00,1.24221,1.24998,1.2415,1.24826
2015-06-30T18:00:00+01:00,1.24832,1.25004,1.24775,1.2494
2015-06-30T22:00:00+01:00,1.24936,1.2494,1.24756,1.24898
2015-07-01T02:00:00+01:00,1.24896,1.25037,1.24845,1.25006
2015-07-01T06:00:00+01:00,1.25007,1.25113,1.24944,1.24977
2015-07-01T10:00:00+01:00,1.24976,1.25457,1.24874,1.25398
2015-07-01T14:00:00+01:00,1.25398,1.25706,1.25301,1.25636
2015-07-01T18:00:00+01:00,1.25634,1.25978,1.25633,1.25894
2015-07-01T22:00:00+01:00,1.25897,1.25969,1.25768,1.25912
2015-07-02T02:00:00+01:00,1.2591,1.25935,1.25802,1.2585
2015-07-02T06:00:00+01:00,1.25851,1.26226,1.2584,1.26211
2015-07-02T10:00:00+01:00,1.26209,1.26335,1.25587,1.25744
2015-07-02T14:00:00+01:00,1.25744,1.25898,1.25459,1.25474
2015-07-02T18:00:00+01:00,1.25474,1.25667,1.25382,1.25394
2015-07-02T22:00:00+01:00,1.25392,1.25497,1.25375,1.25439
2015-07-03T02:00:00+01:00,1.25439,1.25647,1.25419,1.25555
2015-07-03T06:00:00+01:00,1.2555,1.2568,1.25471,1.25602
2015-07-03T10:00:00+01:00,1.25598,1.26001,1.25497,1.2584
2015-07-03T14:00:00+01:00,1.25842,1.26028,1.25613,1.25794
2015-07-03T18:00:00+01:00,1.25797,1.25807,1.25534,1.25721
2015-07-05T22:00:00+01:00,1.2598,1.26153,1.2586,1.26019
2015-07-06T02:00:00+01:00,1.26018,1.2615,1.25958,1.26116
2015-07-06T06:00:00+01:00,1.26117,1.26162,1.25633,1.25922
2015-07-06T10:00:00+01:00,1.25921,1.26462,1.25916,1.26402
2015-07-06T14:00:00+01:00,1.26402,1.26614,1.26126,1.26254
2015-07-06T18:00:00+01:00,1.26252,1.26641,1.2624,1.26513
2015-07-06T22:00:00+01:00,1.26514,1.26648,1.26451,1.26606
2015-07-07T02:00:00+01:00,1.26606,1.26679,1.2652,1.26571
2015-07-07T06:00:00+01:00,1.2657,1.27081,1.26538,1.26941
2015-07-07T10:00:00+01:00,1.26941,1.27582,1.2687,1.27303
2015-07-07T14:00:00+01:00,1.27304,1.27798,1.27294,1.27525
2015-07-07T18:00:00+01:00,1.27524,1.27544,1.26759,1.27049
2015-07-07T22:00:00+01:00,1.27045,1.27268,1.27028,1.27265
2015-07-08T02:00:00+01:00,1.27265,1.27521,1.27161,1.27236
2015-07-08T06:00:00+01:00,1.27237,1.27596,1.27173,1.27263
2015-07-08T10:00:00+01:00,1.27263,1.27682,1.26889,1.27577
2015-07-08T14:00:00+01:00,1.27575,1.27605,1.27033,1.27508
2015-07-08T18:00:00+01:00,1.27509,1.27588,1.27279,1.27466
2015-07-08T22:00:00+01:00,1.2746,1.2747,1.273,1.2735
2015-07-09T02:00:00+01:00,1.27351,1.27352,1.27093,1.27143
2015-07-09T06:00:00+01:00,1.27143,1.27433,1.26907,1.2725
2015-07-09T10:00:00+01:00,1.27248,1.27324,1.26666,1.26869
2015-07-09T14:00:00+01:00,1.26867,1.27434,1.26855,1.27215
2015-07-09T18:00:00+01:00,1.27217,1.27355,1.26903,1.2707
2015-07-09T22:00:00+01:00,1.2706,1.27141,1.27006,1.27085
2015-07-10T02:00:00+01:00,1.27085,1.27103,1.26817,1.26836
2015-07-10T06:00:00+01:00,1.26836,1.2725,1.2674,1.27175
2015-07-10T10:00:00+01:00,1.27175,1.27205,1.26634,1.26923
2015-07-10T14:00:00+01:00,1.26921,1.27535,1.26762,1.27182
2015-07-10T18:00:00+01:00,1.27179,1.27308,1.26565,1.26581
2015-07-12T22:00:00+01:00,1.27031,1.27047,1.26879,1.26964
2015-07-13T02:00:00+01:00,1.26963,1.27153,1.26806,1.27031
2015-07-13T06:00:00+01:00,1.27031,1.27458,1.26829,1.27352
2015-07-13T10:00:00+01:00,1.27351,1.27353,1.26963,1.27323
2015-07-13T14:00:00+01:00,1.27321,1.27904,1.2732,1.27434
2015-07-13T18:00:00+01:00,1.27434,1.27647,1.27265,1.27417
2015-07-13T22:00:00+01:00,1.27411,1.27642,1.27357,1.27545
2015-07-14T02:00:00+01:00,1.27544,1.27602,1.27335,1.27477
2015-07-14T06:00:00+01:00,1.27477,1.28042,1.27443,1.2795
2015-07-14T10:00:00+01:00,1.27948,1.28051,1.27168,1.27533
2015-07-14T14:00:00+01:00,1.27532,1.27658,1.27255,1.27436
2015-07-14T18:00:00+01:00,1.27435,1.2754,1.27271,1.27279
2015-07-14T22:00:00+01:00,1.27277,1.27478,1.2727,1.27381
2015-07-15T02:00:00+01:00,1.2738,1.27404,1.27231,1.27341
2015-07-15T06:00:00+01:00,1.2734,1.27633,1.27311,1.27575
2015-07-15T10:00:00+01:00,1.27574,1.27873,1.27352,1.27872
2015-07-15T14:00:00+01:00,1.27874,1.29582,1.27787,1.29446
2015-07-15T18:00:00+01:00,1.29446,1.29568,1.29069,1.29141
2015-07-15T22:00:00+01:00,1.29143,1.29381,1.29106,1.29373
2015-07-16T02:00:00+01:00,1.29372,1.2942,1.29266,1.29314
2015-07-16T06:00:00+01:00,1.29314,1.29449,1.29128,1.29265
2015-07-16T10:00:00+01:00,1.29265,1.29502,1.29163,1.29316
2015-07-16T14:00:00+01:00,1.29319,1.29588,1.29053,1.29502
2015-07-16T18:00:00+01:00,1.29503,1.29697,1.29362,1.29574
2015-07-16T22:00:00+01:00,1.29581,1.29736,1.29556,1.29733
2015-07-17T02:00:00+01:00,1.29735,1.29735,1.29548,1.29553
2015-07-17T06:00:00+01:00,1.29556,1.29842,1.2948,1.29816
2015-07-17T10:00:00+01:00,1.29818,1.30081,1.29576,1.2987
2015-07-17T14:00:00+01:00,1.2987,1.30044,1.29602,1.29886
2015-07-17T18:00:00+01:00,1.29889,1.29974,1.29707,1.29719
2015-07-19T22:00:00+01:00,1.29766,1.29922,1.29752,1.29837
2015-07-20T02:00:00+01:00,1.29839,1.29987,1.29822,1.29849
2015-07-20T06:00:00+01:00,1.29849,1.299,1.29529,1.29784
2015-07-20T10:00:00+01:00,1.29784,1.29986,1.29695,1.2991
2015-07-20T14:00:00+01:00,1.29909,1.30245,1.29638,1.29906
2015-07-20T18:00:00+01:00,1.29906,1.30046,1.29855,1.2994
2015-07-20T22:00:00+01:00,1.2994,1.30024,1.29921,1.29935
2015-07-21T02:00:00+01:00,1.29935,1.30071,1.29828,1.30045
2015-07-21T06:00:00+01:00,1.30045,1.30128,1.2974,1.29913
2015-07-21T10:00:00+01:00,1.29913,1.3,1.2979,1.29899
2015-07-21T14:00:00+01:00,1.29901,1.29961,1.2917,1.29327
2015-07-21T18:00:00+01:00,1.29327,1.2963,1.29296,1.2948
2015-07-21T22:00:00+01:00,1.29478,1.29518,1.29386,1.29455
2015-07-22T02:00:00+01:00,1.29454,1.29675,1.29369,1.29564
2015-07-22T06:00:00+01:00,1.29564,1.29927,1.29496,1.29784
2015-07-22T10:00:00+01:00,1.29784,1.30334,1.29657,1.30217
2015-07-22T14:00:00+01:00,1.30221,1.3053,1.3011,1.30171
2015-07-22T18:00:00+01:00,1.30172,1.3042,1.30151,1.30327
2015-07-22T22:00:00+01:00,1.30323,1.30479,1.30247,1.30404
2015-07-23T02:00:00+01:00,1.30407,1.30425,1.30259,1.30306
2015-07-23T06:00:00+01:00,1.30305,1.30412,1.29605,1.29713
2015-07-23T10:00:00+01:00,1.29716,1.30091,1.29481,1.3006
2015-07-23T14:00:00+01:00,1.30061,1.30354,1.29802,1.30281
2015-07-23T18:00:00+01:00,1.30282,1.30445,1.30076,1.30373
2015-07-23T22:00:00+01:00,1.30375,1.30427,1.3018,1.30209
2015-07-24T02:00:00+01:00,1.30209,1.30498,1.30173,1.30314
2015-07-24T06:00:00+01:00,1.30314,1.30455,1.30197,1.30231
2015-07-24T10:00:00+01:00,1.30232,1.31032,1.30204,1.30772
2015-07-24T14:00:00+01:00,1.30773,1.30921,1.30274,1.30901
2015-07-24T18:00:00+01:00,1.30898,1.30973,1.30326,1.30464
2015-07-26T22:00:00+01:00,1.3041,1.30572,1.30332,1.30373
2015-07-27T02:00:00+01:00,1.30372,1.30432,1.30223,1.30333
2015-07-27T06:00:00+01:00,1.30332,1.30394,1.29794,1.29986
2015-07-27T10:00:00+01:00,1.29986,1.30451,1.29871,1.30346
2015-07-27T14:00:00+01:00,1.30346,1.30347,1.29935,1.30339
2015-07-27T18:00:00+01:00,1.30339,1.30467,1.30131,1.3038
2015-07-27T22:00:00+01:00,1.30384,1.30418,1.30251,1.30308
2015-07-28T02:00:00+01:00,1.30309,1.30429,1.30054,1.30063
2015-07-28T06:00:00+01:00,1.30064,1.30375,1.30055,1.30156
2015-07-28T10:00:00+01:00,1.30156,1.30257,1.29957,1.30014
2015-07-28T14:00:00+01:00,1.30016,1.30096,1.29139,1.29325
2015-07-28T18:00:00+01:00,1.29325,1.29374,1.29119,1.29211
2015-07-28T22:00:00+01:00,1.29214,1.2937,1.29191,1.29313
2015-07-29T02:00:00+01:00,1.29315,1.29446,1.29242,1.29445
2015-07-29T06:00:00+01:00,1.29446,1.29661,1.29368,1.29449
2015-07-29T10:00:00+01:00,1.29451,1.29673,1.2924,1.29548
2015-07-29T14:00:00+01:00,1.29551,1.29551,1.2868,1.28974
2015-07-29T18:00:00+01:00,1.28975,1.29527,1.28618,1.29458
2015-07-29T22:00:00+01:00,1.29461,1.29597,1.29434,1.29529
2015-07-30T02:00:00+01:00,1.29529,1.29599,1.29495,1.29589
2015-07-30T06:00:00+01:00,1.2959,1.2994,1.29553,1.29716
2015-07-30T10:00:00+01:00,1.29717,1.30252,1.29625,1.29796
2015-07-30T14:00:00+01:00,1.29796,1.30439,1.29779,1.30045
2015-07-30T18:00:00+01:00,1.30047,1.30191,1.29949,1.30011
2015-07-30T22:00:00+01:00,1.29992,1.3011,1.29913,1.29989
2015-07-31T02:00:00+01:00,1.29989,1.30066,1.29939,1.29965
2015-07-31T06:00:00+01:00,1.29966,1.30449,1.2994,1.30356
2015-07-31T10:00:00+01:00,1.30356,1.30916,1.29943,1.30146
2015-07-31T14:00:00+01:00,1.30145,1.30492,1.29407,1.30401
2015-07-31T18:00:00+01:00,1.30401,1.30922,1.30397,1.30912
2015-08-02T22:00:00+01:00,1.30901,1.31333,1.30802,1.31173
2015-08-03T02:00:00+01:00,1.31174,1.31283,1.31105,1.31171
2015-08-03T06:00:00+01:00,1.3117,1.31763,1.31136,1.31548
2015-08-03T10:00:00+01:00,1.31549,1.31736,1.31334,1.31539
2015-08-03T14:00:00+01:00,1.31538,1.31618,1.31137,1.31522
2015-08-03T18:00:00+01:00,1.31522,1.31658,1.31367,1.3156
2015-08-03T22:00:00+01:00,1.3156,1.31766,1.31465,1.31731
2015-08-04T02:00:00+01:00,1.31729,1.31767,1.31599,1.31607
2015-08-04T06:00:00+01:00,1.31608,1.31624,1.31057,1.3116
2015-08-04T10:00:00+01:00,1.31163,1.31456,1.31163,1.31271
2015-08-04T14:00:00+01:00,1.31271,1.3149,1.31091,1.31279
2015-08-04T18:00:00+01:00,1.31278,1.32021,1.3127,1.31934
2015-08-04T22:00:00+01:00,1.31929,1.31963,1.31854,1.31933
2015-08-05T02:00:00+01:00,1.31932,1.32134,1.31873,1.31966
2015-08-05T06:00:00+01:00,1.31965,1.32084,1.31832,1.31846
2015-08-05T10:00:00+01:00,1.31846,1.3203,1.31103,1.31309
2015-08-05T14:00:00+01:00,1.31309,1.31953,1.31273,1.3187
2015-08-05T18:00:00+01:00,1.31869,1.31926,1.31744,1.31776
2015-08-05T22:00:00+01:00,1.31781,1.31806,1.31608,1.31612
2015-08-06T02:00:00+01:00,1.31613,1.31719,1.31567,1.31644
2015-08-06T06:00:00+01:00,1.31644,1.31808,1.31533,1.31765
2015-08-06T10:00:00+01:00,1.3176,1.31974,1.31581,1.31769
2015-08-06T14:00:00+01:00,1.31771,1.31807,1.31289,1.31312
2015-08-06T18:00:00+01:00,1.31312,1.31411,1.30943,1.31092
2015-08-06T22:00:00+01:00,1.31096,1.31193,1.31037,1.31192
2015-08-07T02:00:00+01:00,1.31191,1.31227,1.31129,1.31211
2015-08-07T06:00:00+01:00,1.31211,1.31249,1.31042,1.31183
2015-08-07T10:00:00+01:00,1.31181,1.31836,1.30554,1.31836
2015-08-07T14:00:00+01:00,1.3184,1.31841,1.30485,1.31378
2015-08-07T18:00:00+01:00,1.31379,1.31407,1.31129,1.3136
2015-08-09T22:00:00+01:00,1.31202,1.31537,1.3119,1.31536
2015-08-10T02:00:00+01:00,1.31536,1.3155,1.31386,1.31414
2015-08-10T06:00:00+01:00,1.31414,1.31819,1.31361,1.31749
2015-08-10T10:00:00+01:00,1.3175,1.31768,1.31195,1.31393
2015-08-10T14:00:00+01:00,1.31394,1.31523,1.30069,1.30158
2015-08-10T18:00:00+01:00,1.30158,1.30342,1.29916,1.3001
2015-08-10T22:00:00+01:00,1.30011,1.30138,1.29954,1.30041
2015-08-11T02:00:00+01:00,1.30042,1.31021,1.30042,1.30755
2015-08-11T06:00:00+01:00,1.30753,1.30842,1.29991,1.30266
2015-08-11T10:00:00+01:00,1.30266,1.3093,1.30258,1.30824
2015-08-11T14:00:00+01:00,1.30823,1.31499,1.30767,1.31305
2015-08-11T18:00:00+01:00,1.31301,1.31409,1.31025,1.31146
2015-08-11T22:00:00+01:00,1.31143,1.31168,1.30884,1.30925
2015-08-12T02:00:00+01:00,1.30925,1.31577,1.30838,1.31418
2015-08-12T06:00:00+01:00,1.31418,1.31426,1.30462,1.30873
2015-08-12T10:00:00+01:00,1.30876,1.30943,1.29522,1.29934
2015-08-12T14:00:00+01:00,1.29933,1.30245,1.29555,1.29717
2015-08-12T18:00:00+01:00,1.29713,1.30053,1.2967,1.29768
2015-08-12T22:00:00+01:00,1.29767,1.29986,1.29717,1.29866
2015-08-13T02:00:00+01:00,1.29865,1.3011,1.29596,1.29838
2015-08-13T06:00:00+01:00,1.29836,1.30037,1.29644,1.29985
2015-08-13T10:00:00+01:00,1.29984,1.30644,1.29961,1.30503
2015-08-13T14:00:00+01:00,1.30504,1.30909,1.30298,1.30737
2015-08-13T18:00:00+01:00,1.30738,1.30838,1.30549,1.306
2015-08-13T22:00:00+01:00,1.30601,1.30716,1.30571,1.30619
2015-08-14T02:00:00+01:00,1.30615,1.30775,1.30583,1.30673
2015-08-14T06:00:00+01:00,1.30672,1.30844,1.30464,1.3068
2015-08-14T10:00:00+01:00,1.3068,1.30837,1.30316,1.30779
2015-08-14T14:00:00+01:00,1.30778,1.30871,1.30165,1.30563
2015-08-14T18:00:00+01:00,1.3056,1.30978,1.3056,1.30916
2015-08-16T22:00:00+01:00,1.30927,1.311,1.30903,1.31066
2015-08-17T02:00:00+01:00,1.31066,1.3116,1.30976,1.31099
2015-08-17T06:00:00+01:00,1.31099,1.31446,1.31051,1.31307
2015-08-17T10:00:00+01:00,1.31305,1.31524,1.3102,1.31205
2015-08-17T14:00:00+01:00,1.31205,1.31357,1.30826,1.30839
2015-08-17T18:00:00+01:00,1.30841,1.30956,1.30601,1.30788
2015-08-17T22:00:00+01:00,1.30781,1.31038,1.30781,1.30974
2015-08-18T02:00:00+01:00,1.30973,1.31105,1.30876,1.31051
2015-08-18T06:00:00+01:00,1.31051,1.31268,1.31014,1.3119
2015-08-18T10:00:00+01:00,1.3119,1.31212,1.30785,1.30929
2015-08-18T14:00:00+01:00,1.30929,1.3103,1.306,1.30693
2015-08-18T18:00:00+01:00,1.30697,1.30829,1.30408,1.30588
2015-08-18T22:00:00+01:00,1.30586,1.30621,1.30503,1.30523
2015-08-19T02:00:00+01:00,1.30523,1.30595,1.30401,1.30546
2015-08-19T06:00:00+01:00,1.30547,1.30635,1.30245,1.30423
2015-08-19T10:00:00+01:00,1.30421,1.3084,1.30411,1.3079
2015-08-19T14:00:00+01:00,1.30791,1.31732,1.30774,1.3168
2015-08-19T18:00:00+01:00,1.31679,1.31778,1.30519,1.31286
2015-08-19T22:00:00+01:00,1.31289,1.31292,1.31003,1.31051
2015-08-20T02:00:00+01:00,1.31051,1.31176,1.31028,1.3108
2015-08-20T06:00:00+01:00,1.3108,1.31757,1.3106,1.31725
2015-08-20T10:00:00+01:00,1.31725,1.31764,1.30761,1.30946
2015-08-20T14:00:00+01:00,1.30945,1.31298,1.30603,1.30951
2015-08-20T18:00:00+01:00,1.30952,1.31091,1.30732,1.30884
2015-08-20T22:00:00+01:00,1.30883,1.30901,1.30766,1.30801
2015-08-21T02:00:00+01:00,1.308,1.31092,1.30782,1.3093
2015-08-21T06:00:00+01:00,1.3093,1.31099,1.30788,1.30827
2015-08-21T10:00:00+01:00,1.30827,1.31113,1.306,1.30854
2015-08-21T14:00:00+01:00,1.30854,1.31941,1.30706,1.31593
2015-08-21T18:00:00+01:00,1.3161,1.31889,1.31538,1.31882
2015-08-23T22:00:00+01:00,1.31812,1.32383,1.31786,1.32281
2015-08-24T02:00:00+01:00,1.32282,1.32562,1.32186,1.32436
2015-08-24T06:00:00+01:00,1.32437,1.3259,1.3214,1.32423
2015-08-24T10:00:00+01:00,1.3242,1.32726,1.32286,1.32486
2015-08-24T14:00:00+01:00,1.32482,1.32898,1.31523,1.31963
2015-08-24T18:00:00+01:00,1.31963,1.32876,1.3195,1.32872
2015-08-24T22:00:00+01:00,1.32871,1.32913,1.32696,1.32736
2015-08-25T02:00:00+01:00,1.32735,1.32771,1.32458,1.32541
2015-08-25T06:00:00+01:00,1.32543,1.32981,1.32091,1.32242
2015-08-25T10:00:00+01:00,1.32238,1.32264,1.31444,1.32055
2015-08-25T14:00:00+01:00,1.32056,1.33262,1.32001,1.33152
2015-08-25T18:00:00+01:00,1.33153,1.3354,1.33064,1.33373
2015-08-25T22:00:00+01:00,1.33373,1.33495,1.33237,1.33372
2015-08-26T02:00:00+01:00,1.3337,1.33442,1.3306,1.33098
2015-08-26T06:00:00+01:00,1.33095,1.33227,1.32741,1.32837
2015-08-26T10:00:00+01:00,1.32843,1.33047,1.3251,1.32825
2015-08-26T14:00:00+01:00,1.32826,1.33366,1.32773,1.33127
2015-08-26T18:00:00+01:00,1.33127,1.33436,1.3291,1.32926
2015-08-26T22:00:00+01:00,1.32922,1.33062,1.32908,1.32933
2015-08-27T02:00:00+01:00,1.3293,1.32949,1.32659,1.32892
2015-08-27T06:00:00+01:00,1.32892,1.32954,1.32132,1.32237
2015-08-27T10:00:00+01:00,1.32234,1.3256,1.31866,1.32435
2015-08-27T14:00:00+01:00,1.32437,1.32793,1.31792,1.31966
2015-08-27T18:00:00+01:00,1.31964,1.32468,1.3189,1.31985
2015-08-27T22:00:00+01:00,1.31986,1.32059,1.31856,1.31874
2015-08-28T02:00:00+01:00,1.31874,1.31955,1.3167,1.31886
2015-08-28T06:00:00+01:00,1.31887,1.32371,1.3182,1.32297
2015-08-28T10:00:00+01:00,1.32297,1.32994,1.32056,1.32895
2015-08-28T14:00:00+01:00,1.32892,1.33004,1.32032,1.32099
2015-08-28T18:00:00+01:00,1.32095,1.32441,1.31979,1.32024
2015-08-30T22:00:00+01:00,1.32135,1.32428,1.32118,1.3235
2015-08-31T02:00:00+01:00,1.32355,1.3252,1.3227,1.32334
2015-08-31T06:00:00+01:00,1.32334,1.32727,1.32268,1.3259
2015-08-31T10:00:00+01:00,1.32588,1.32862,1.32291,1.3286
2015-08-31T14:00:00+01:00,1.32858,1.3327,1.31963,1.32115
2015-08-31T18:00:00+01:00,1.32117,1.32125,1.31171,1.3139
2015-08-31T22:00:00+01:00,1.3139,1.3153,1.31338,1.31454
2015-09-01T02:00:00+01:00,1.31454,1.31533,1.31238,1.31478
2015-09-01T06:00:00+01:00,1.31476,1.32335,1.3135,1.32135
2015-09-01T10:00:00+01:00,1.32133,1.32256,1.31183,1.31637
2015-09-01T14:00:00+01:00,1.31641,1.32135,1.31228,1.31763
2015-09-01T18:00:00+01:00,1.31761,1.32604,1.31637,1.32597
2015-09-01T22:00:00+01:00,1.32598,1.3261,1.32337,1.3238
2015-09-02T02:00:00+01:00,1.32379,1.3246,1.32238,1.32257
2015-09-02T06:00:00+01:00,1.32257,1.3253,1.32173,1.32417
2015-09-02T10:00:00+01:00,1.32417,1.32781,1.32174,1.32184
2015-09-02T14:00:00+01:00,1.32183,1.33245,1.31994,1.32689
2015-09-02T18:00:00+01:00,1.32688,1.32952,1.32566,1.32689
2015-09-02T22:00:00+01:00,1.32691,1.32749,1.3261,1.32681
2015-09-03T02:00:00+01:00,1.32679,1.32766,1.32603,1.32666
2015-09-03T06:00:00+01:00,1.32666,1.32755,1.32551,1.32652
2015-09-03T10:00:00+01:00,1.32648,1.32899,1.32474,1.32662
2015-09-03T14:00:00+01:00,1.32663,1.32692,1.31373,1.31916
2015-09-03T18:00:00+01:00,1.31922,1.32155,1.31775,1.31792
2015-09-03T22:00:00+01:00,1.31794,1.32059,1.31778,1.32056
2015-09-04T02:00:00+01:00,1.32057,1.32239,1.31957,1.32191
2015-09-04T06:00:00+01:00,1.32191,1.32334,1.32065,1.3219
2015-09-04T10:00:00+01:00,1.32189,1.32406,1.31624,1.32071
2015-09-04T14:00:00+01:00,1.32072,1.32897,1.3205,1.32574
2015-09-04T18:00:00+01:00,1.32572,1.32801,1.32263,1.32798
2015-09-06T22:00:00+01:00,1.32631,1.32843,1.32504,1.3277
2015-09-07T02:00:00+01:00,1.32769,1.3277,1.32499,1.32647
2015-09-07T06:00:00+01:00,1.32648,1.32706,1.32451,1.32629
2015-09-07T10:00:00+01:00,1.32631,1.32956,1.32585,1.32842
2015-09-07T14:00:00+01:00,1.32842,1.33098,1.32701,1.33073
2015-09-07T18:00:00+01:00,1.33075,1.33096,1.33054,1.33069
2015-09-07T22:00:00+01:00,1.33071,1.33091,1.32947,1.33005
2015-09-08T02:00:00+01:00,1.33005,1.33092,1.32895,1.3293
2015-09-08T06:00:00+01:00,1.3293,1.32937,1.32649,1.32665
2015-09-08T10:00:00+01:00,1.32664,1.32672,1.32126,1.32267
2015-09-08T14:00:00+01:00,1.32266,1.32676,1.31853,1.32239
2015-09-08T18:00:00+01:00,1.32238,1.32238,1.31936,1.32083
2015-09-08T22:00:00+01:00,1.32081,1.32142,1.31904,1.31906
2015-09-09T02:00:00+01:00,1.31906,1.31994,1.31776,1.31985
2015-09-09T06:00:00+01:00,1.31986,1.32273,1.31809,1.32226
2015-09-09T10:00:00+01:00,1.32229,1.32619,1.32122,1.324
2015-09-09T14:00:00+01:00,1.32381,1.32704,1.31548,1.32259
2015-09-09T18:00:00+01:00,1.32259,1.32592,1.32125,1.3259
2015-09-09T22:00:00+01:00,1.32592,1.32882,1.32447,1.32809
2015-09-10T02:00:00+01:00,1.32808,1.32846,1.32455,1.32458
2015-09-10T06:00:00+01:00,1.32458,1.3255,1.31862,1.32088
2015-09-10T10:00:00+01:00,1.32089,1.32795,1.31998,1.32669
2015-09-10T14:00:00+01:00,1.32667,1.32691,1.32078,1.32168
2015-09-10T18:00:00+01:00,1.32173,1.32545,1.31765,1.32507
2015-09-10T22:00:00+01:00,1.32509,1.32523,1.32206,1.32356
2015-09-11T02:00:00+01:00,1.32357,1.32359,1.32156,1.3218
2015-09-11T06:00:00+01:00,1.3218,1.32743,1.32178,1.32597
2015-09-11T10:00:00+01:00,1.32598,1.32753,1.32319,1.326
2015-09-11T14:00:00+01:00,1.32601,1.331,1.3248,1.32509
2015-09-11T18:00:00+01:00,1.32513,1.32714,1.32453,1.32619
2015-09-13T22:00:00+01:00,1.32556,1.32617,1.32315,1.32369
2015-09-14T02:00:00+01:00,1.3237,1.32505,1.32262,1.3244
2015-09-14T06:00:00+01:00,1.32437,1.32507,1.32273,1.32377
2015-09-14T10:00:00+01:00,1.32377,1.32672,1.32247,1.32452
2015-09-14T14:00:00+01:00,1.32452,1.32735,1.32325,1.32723
2015-09-14T18:00:00+01:00,1.32723,1.328,1.3254,1.32651
2015-09-14T22:00:00+01:00,1.32647,1.32652,1.32496,1.32521
2015-09-15T02:00:00+01:00,1.32522,1.32638,1.32499,1.32603
2015-09-15T06:00:00+01:00,1.32601,1.32666,1.32411,1.32434
2015-09-15T10:00:00+01:00,1.32435,1.32608,1.32267,1.32526
2015-09-15T14:00:00+01:00,1.32527,1.32724,1.32354,1.32596
2015-09-15T18:00:00+01:00,1.32595,1.32697,1.32347,1.32482
2015-09-15T22:00:00+01:00,1.32483,1.32587,1.32393,1.32405
2015-09-16T02:00:00+01:00,1.32405,1.32441,1.32299,1.32359
2015-09-16T06:00:00+01:00,1.3236,1.32436,1.32111,1.32226
2015-09-16T10:00:00+01:00,1.32225,1.32515,1.32032,1.32158
2015-09-16T14:00:00+01:00,1.32157,1.32234,1.31607,1.31742
2015-09-16T18:00:00+01:00,1.31742,1.31902,1.31623,1.31715
2015-09-16T22:00:00+01:00,1.31723,1.31839,1.31682,1.31757
2015-09-17T02:00:00+01:00,1.31759,1.31834,1.31691,1.31763
2015-09-17T06:00:00+01:00,1.31761,1.31968,1.3172,1.31896
2015-09-17T10:00:00+01:00,1.31895,1.32043,1.31855,1.31922
2015-09-17T14:00:00+01:00,1.31923,1.32055,1.3171,1.31947
2015-09-17T18:00:00+01:00,1.31946,1.32002,1.30737,1.31827
2015-09-17T22:00:00+01:00,1.31824,1.31848,1.31636,1.31777
2015-09-18T02:00:00+01:00,1.31777,1.31801,1.31703,1.31734
2015-09-18T06:00:00+01:00,1.31734,1.31751,1.30673,1.30852
2015-09-18T10:00:00+01:00,1.30854,1.30859,1.30126,1.30299
2015-09-18T14:00:00+01:00,1.30299,1.31603,1.30296,1.3151
2015-09-18T18:00:00+01:00,1.31509,1.32296,1.31454,1.32254
2015-09-20T22:00:00+01:00,1.32313,1.32325,1.32111,1.32176
2015-09-21T02:00:00+01:00,1.32176,1.32193,1.32068,1.32133
2015-09-21T06:00:00+01:00,1.32131,1.32252,1.31903,1.32122
2015-09-21T10:00:00+01:00,1.32122,1.32193,1.31766,1.32147
2015-09-21T14:00:00+01:00,1.32149,1.32572,1.32102,1.32525
2015-09-21T18:00:00+01:00,1.32525,1.32654,1.32241,1.32551
2015-09-21T22:00:00+01:00,1.32553,1.3258,1.32411,1.32458
2015-09-22T02:00:00+01:00,1.32463,1.3249,1.32325,1.32371
2015-09-22T06:00:00+01:00,1.32373,1.32552,1.32191,1.32496
2015-09-22T10:00:00+01:00,1.32496,1.32909,1.3236,1.32764
2015-09-22T14:00:00+01:00,1.32764,1.32983,1.32581,1.32756
2015-09-22T18:00:00+01:00,1.32753,1.32836,1.32466,1.32717
2015-09-22T22:00:00+01:00,1.32715,1.32823,1.32625,1.32795
2015-09-23T02:00:00+01:00,1.32795,1.32944,1.32707,1.32921
2015-09-23T06:00:00+01:00,1.32919,1.32951,1.32553,1.326
2015-09-23T10:00:00+01:00,1.32598,1.3315,1.32333,1.331
2015-09-23T14:00:00+01:00,1.331,1.33578,1.32494,1.33435
2015-09-23T18:00:00+01:00,1.33435,1.33482,1.33161,1.33208
2015-09-23T22:00:00+01:00,1.33202,1.33317,1.33184,1.33249
2015-09-24T02:00:00+01:00,1.33249,1.33271,1.33074,1.33147
2015-09-24T06:00:00+01:00,1.33147,1.33376,1.33087,1.33317
2015-09-24T10:00:00+01:00,1.33318,1.34167,1.33307,1.34071
2015-09-24T14:00:00+01:00,1.34072,1.34145,1.33327,1.33544
2015-09-24T18:00:00+01:00,1.33543,1.33601,1.32917,1.33048
2015-09-24T22:00:00+01:00,1.33048,1.33505,1.33038,1.33452
2015-09-25T02:00:00+01:00,1.33452,1.33499,1.33258,1.33263
2015-09-25T06:00:00+01:00,1.33263,1.33549,1.33146,1.33379
2015-09-25T10:00:00+01:00,1.33378,1.33475,1.33065,1.33264
2015-09-25T14:00:00+01:00,1.33265,1.33447,1.32978,1.33257
2015-09-25T18:00:00+01:00,1.33256,1.33373,1.33147,1.33373
2015-09-27T22:00:00+01:00,1.33365,1.33413,1.33233,1.33297
2015-09-28T02:00:00+01:00,1.33296,1.33437,1.3319,1.33191
2015-09-28T06:00:00+01:00,1.33191,1.33393,1.33175,1.33335
2015-09-28T10:00:00+01:00,1.33334,1.33791,1.33222,1.33534
2015-09-28T14:00:00+01:00,1.33535,1.33754,1.33304,1.33488
2015-09-28T18:00:00+01:00,1.33487,1.33984,1.33483,1.33976
2015-09-28T22:00:00+01:00,1.33975,1.34037,1.33898,1.34015
2015-09-29T02:00:00+01:00,1.34016,1.34123,1.33997,1.34049
2015-09-29T06:00:00+01:00,1.3405,1.34314,1.33933,1.34093
2015-09-29T10:00:00+01:00,1.34093,1.34219,1.3384,1.33911
2015-09-29T14:00:00+01:00,1.33912,1.34574,1.33718,1.34531
2015-09-29T18:00:00+01:00,1.3453,1.3453,1.34158,1.34224
2015-09-29T22:00:00+01:00,1.34225,1.34294,1.34191,1.34288
2015-09-30T02:00:00+01:00,1.34289,1.34303,1.34092,1.34101
2015-09-30T06:00:00+01:00,1.34101,1.34308,1.33928,1.34003
2015-09-30T10:00:00+01:00,1.34003,1.34252,1.33862,1.34093
2015-09-30T14:00:00+01:00,1.34092,1.34156,1.33729,1.33974
2015-09-30T18:00:00+01:00,1.33973,1.33974,1.33072,1.33127
2015-09-30T22:00:00+01:00,1.33125,1.33323,1.3309,1.33093
2015-10-01T02:00:00+01:00,1.33093,1.33113,1.32808,1.32929
2015-10-01T06:00:00+01:00,1.32929,1.33105,1.32733,1.32822
2015-10-01T10:00:00+01:00,1.32821,1.32829,1.3253,1.32669
2015-10-01T14:00:00+01:00,1.32669,1.32682,1.3219,1.32654
2015-10-01T18:00:00+01:00,1.32661,1.3275,1.3253,1.32672
2015-10-01T22:00:00+01:00,1.32673,1.32694,1.32316,1.32398
2015-10-02T02:00:00+01:00,1.32395,1.32445,1.32296,1.32375
2015-10-02T06:00:00+01:00,1.32375,1.32414,1.32247,1.32364
2015-10-02T10:00:00+01:00,1.32363,1.32513,1.31848,1.32029
2015-10-02T14:00:00+01:00,1.3203,1.32487,1.31928,1.32021
2015-10-02T18:00:00+01:00,1.32019,1.32102,1.31523,1.31528
2015-10-04T22:00:00+01:00,1.31509,1.31757,1.31494,1.31594
2015-10-05T02:00:00+01:00,1.31594,1.31597,1.31279,1.31407
2015-10-05T06:00:00+01:00,1.31407,1.31436,1.31027,1.31075
2015-10-05T10:00:00+01:00,1.31076,1.31266,1.30645,1.31192
2015-10-05T14:00:00+01:00,1.31193,1.31196,1.30806,1.31002
2015-10-05T18:00:00+01:00,1.31004,1.31045,1.3077,1.30865
2015-10-05T22:00:00+01:00,1.30845,1.30912,1.30812,1.30888
2015-10-06T02:00:00+01:00,1.30887,1.30975,1.3066,1.30672
2015-10-06T06:00:00+01:00,1.30672,1.30978,1.30656,1.30839
2015-10-06T10:00:00+01:00,1.30842,1.31342,1.30753,1.31175
2015-10-06T14:00:00+01:00,1.31175,1.31195,1.30368,1.30407
2015-10-06T18:00:00+01:00,1.30407,1.30554,1.3026,1.30343
2015-10-06T22:00:00+01:00,1.30344,1.30529,1.3032,1.30504
2015-10-07T02:00:00+01:00,1.30505,1.30505,1.30153,1.30185
2015-10-07T06:00:00+01:00,1.30184,1.30299,1.29929,1.30152
2015-10-07T10:00:00+01:00,1.30151,1.30397,1.29865,1.3013
2015-10-07T14:00:00+01:00,1.30131,1.30653,1.2972,1.30476
2015-10-07T18:00:00+01:00,1.30476,1.30721,1.30334,1.30575
2015-10-07T22:00:00+01:00,1.30574,1.30712,1.30526,1.30549
2015-10-08T02:00:00+01:00,1.30551,1.30715,1.30515,1.30661
2015-10-08T06:00:00+01:00,1.30658,1.30715,1.30357,1.30598
2015-10-08T10:00:00+01:00,1.30598,1.3074,1.30219,1.30556
2015-10-08T14:00:00+01:00,1.3056,1.30737,1.3006,1.30218
2015-10-08T18:00:00+01:00,1.30218,1.30235,1.29791,1.30159
2015-10-08T22:00:00+01:00,1.30163,1.30216,1.29899,1.29964
2015-10-09T02:00:00+01:00,1.29961,1.29969,1.29618,1.29641
2015-10-09T06:00:00+01:00,1.29642,1.29849,1.29441,1.29468
2015-10-09T10:00:00+01:00,1.29472,1.29704,1.29011,1.29653
2015-10-09T14:00:00+01:00,1.29653,1.29918,1.29157,1.29281
2015-10-09T18:00:00+01:00,1.29283,1.29587,1.29232,1.2945
2015-10-11T22:00:00+01:00,1.29616,1.29628,1.29359,1.29379
2015-10-12T02:00:00+01:00,1.29378,1.29392,1.29136,1.2919
2015-10-12T06:00:00+01:00,1.29188,1.29261,1.29017,1.29232
2015-10-12T10:00:00+01:00,1.2923,1.29431,1.29135,1.29427
2015-10-12T14:00:00+01:00,1.29424,1.29752,1.29253,1.29653
2015-10-12T18:00:00+01:00,1.29652,1.30112,1.29647,1.29977
2015-10-12T22:00:00+01:00,1.29979,1.30354,1.29971,1.30347
2015-10-13T02:00:00+01:00,1.30347,1.30632,1.30204,1.30472
2015-10-13T06:00:00+01:00,1.30471,1.30569,1.30188,1.30444
2015-10-13T10:00:00+01:00,1.30444,1.30668,1.30279,1.30522
2015-10-13T14:00:00+01:00,1.30522,1.30802,1.29561,1.30035
2015-10-13T18:00:00+01:00,1.30034,1.30395,1.29923,1.30385
2015-10-13T22:00:00+01:00,1.30389,1.30391,1.30122,1.3021
2015-10-14T02:00:00+01:00,1.30209,1.30239,1.29992,1.30118
2015-10-14T06:00:00+01:00,1.30118,1.3018,1.29807,1.2996
2015-10-14T10:00:00+01:00,1.29959,1.30214,1.29622,1.30024
2015-10-14T14:00:00+01:00,1.30025,1.30168,1.29636,1.29699
2015-10-14T18:00:00+01:00,1.29699,1.29781,1.29115,1.29364
2015-10-14T22:00:00+01:00,1.29364,1.29398,1.29104,1.2927
2015-10-15T02:00:00+01:00,1.29271,1.29275,1.29038,1.29191
2015-10-15T06:00:00+01:00,1.29192,1.29204,1.28737,1.2887
2015-10-15T10:00:00+01:00,1.2887,1.29466,1.28762,1.29284
2015-10-15T14:00:00+01:00,1.29284,1.29486,1.2853,1.2858
2015-10-15T18:00:00+01:00,1.2858,1.28671,1.28323,1.28645
2015-10-15T22:00:00+01:00,1.28646,1.28727,1.28525,1.287
2015-10-16T02:00:00+01:00,1.287,1.28824,1.28673,1.28779
2015-10-16T06:00:00+01:00,1.28781,1.29017,1.28641,1.29014
2015-10-16T10:00:00+01:00,1.29014,1.29311,1.28863,1.29007
2015-10-16T14:00:00+01:00,1.29008,1.29394,1.28855,1.29258
2015-10-16T18:00:00+01:00,1.29255,1.29295,1.29057,1.29095
2015-10-18T22:00:00+01:00,1.29055,1.29281,1.29027,1.29259
2015-10-19T02:00:00+01:00,1.29258,1.29469,1.29157,1.29256
2015-10-19T06:00:00+01:00,1.29256,1.29375,1.2904,1.29161
2015-10-19T10:00:00+01:00,1.29165,1.2953,1.29018,1.29438
2015-10-19T14:00:00+01:00,1.29437,1.30145,1.29351,1.30036
2015-10-19T18:00:00+01:00,1.30036,1.30285,1.29988,1.30186
2015-10-19T22:00:00+01:00,1.30187,1.30281,1.30135,1.30253
2015-10-20T02:00:00+01:00,1.30253,1.30474,1.30195,1.30349
2015-10-20T06:00:00+01:00,1.30349,1.30461,1.29878,1.30277
2015-10-20T10:00:00+01:00,1.30277,1.30342,1.298,1.29855
2015-10-20T14:00:00+01:00,1.29855,1.29888,1.29354,1.29752
2015-10-20T18:00:00+01:00,1.29752,1.30011,1.2969,1.29802
2015-10-20T22:00:00+01:00,1.29804,1.29907,1.29692,1.29734
2015-10-21T02:00:00+01:00,1.29733,1.29806,1.29688,1.29713
2015-10-21T06:00:00+01:00,1.29717,1.30239,1.29717,1.30072
2015-10-21T10:00:00+01:00,1.30075,1.30292,1.29905,1.30286
2015-10-21T14:00:00+01:00,1.30286,1.31202,1.30176,1.31144
2015-10-21T18:00:00+01:00,1.31144,1.31421,1.31108,1.31388
2015-10-21T22:00:00+01:00,1.31388,1.3145,1.3128,1.31387
2015-10-22T02:00:00+01:00,1.31385,1.31385,1.31101,1.31248
2015-10-22T06:00:00+01:00,1.31246,1.3132,1.31055,1.31143
2015-10-22T10:00:00+01:00,1.31144,1.31597,1.31033,1.31346
2015-10-22T14:00:00+01:00,1.31347,1.31439,1.30839,1.30986
2015-10-22T18:00:00+01:00,1.30986,1.31213,1.30869,1.30878
2015-10-22T22:00:00+01:00,1.30885,1.31114,1.30878,1.30924
2015-10-23T02:00:00+01:00,1.30923,1.30925,1.30734,1.3084
2015-10-23T06:00:00+01:00,1.30841,1.30886,1.30561,1.30838
2015-10-23T10:00:00+01:00,1.30837,1.31476,1.30404,1.31437
2015-10-23T14:00:00+01:00,1.31438,1.31982,1.31425,1.317
2015-10-23T18:00:00+01:00,1.31699,1.31905,1.31644,1.31656
2015-10-25T21:00:00+00:00,1.31645,1.31841,1.31605,1.31837
2015-10-26T01:00:00+00:00,1.31835,1.31839,1.315,1.3154
2015-10-26T05:00:00+00:00,1.31539,1.31693,1.31379,1.31437
2015-10-26T09:00:00+00:00,1.31438,1.31521,1.31311,1.31467
2015-10-26T13:00:00+00:00,1.31468,1.31601,1.31211,1.31296
2015-10-26T17:00:00+00:00,1.31295,1.31685,1.31269,1.31534
2015-10-26T21:00:00+00:00,1.3153,1.31663,1.31526,1.31631
2015-10-27T01:00:00+00:00,1.31631,1.31766,1.31569,1.31698
2015-10-27T05:00:00+00:00,1.31696,1.31842,1.31636,1.31839
2015-10-27T09:00:00+00:00,1.31839,1.32038,1.31686,1.32037
2015-10-27T13:00:00+00:00,1.32028,1.32591,1.32016,1.32583
2015-10-27T17:00:00+00:00,1.32584,1.32727,1.32544,1.32682
2015-10-27T21:00:00+00:00,1.32688,1.328,1.32635,1.32742
2015-10-28T01:00:00+00:00,1.32742,1.32765,1.32659,1.32742
2015-10-28T05:00:00+00:00,1.32743,1.32782,1.32305,1.32371
2015-10-28T09:00:00+00:00,1.3237,1.32468,1.3217,1.3217
2015-10-28T13:00:00+00:00,1.3217,1.32237,1.31255,1.31275
2015-10-28T17:00:00+00:00,1.31275,1.32248,1.30903,1.31905
2015-10-28T21:00:00+00:00,1.31905,1.32006,1.31868,1.31984
2015-10-29T01:00:00+00:00,1.31984,1.3214,1.31951,1.32138
2015-10-29T05:00:00+00:00,1.32137,1.32383,1.32037,1.32244
2015-10-29T09:00:00+00:00,1.32242,1.32295,1.31907,1.31932
2015-10-29T13:00:00+00:00,1.3193,1.32052,1.31331,1.31774
2015-10-29T17:00:00+00:00,1.3177,1.3177,1.31556,1.31723
2015-10-29T21:00:00+00:00,1.31724,1.31724,1.31444,1.31501
2015-10-30T01:00:00+00:00,1.315,1.31675,1.31455,1.31658
2015-10-30T05:00:00+00:00,1.31658,1.31686,1.31363,1.31452
2015-10-30T09:00:00+00:00,1.31452,1.31919,1.31263,1.31868
2015-10-30T13:00:00+00:00,1.31862,1.31927,1.30558,1.30663
2015-10-30T17:00:00+00:00,1.30662,1.3084,1.30597,1.30802
2015-11-01T22:00:00+00:00,1.30783,1.30814,1.30648,1.30702
2015-11-02T02:00:00+00:00,1.30702,1.30785,1.30653,1.30715
2015-11-02T06:00:00+00:00,1.30716,1.31123,1.30671,1.31122
2015-11-02T10:00:00+00:00,1.31122,1.31168,1.30916,1.30954
2015-11-02T14:00:00+00:00,1.30953,1.31076,1.30724,1.30993
2015-11-02T18:00:00+00:00,1.30992,1.31092,1.30934,1.30944
2015-11-02T22:00:00+00:00,1.30937,1.31014,1.30816,1.30865
2015-11-03T02:00:00+00:00,1.30862,1.30946,1.30801,1.30849
2015-11-03T06:00:00+00:00,1.30849,1.31269,1.30811,1.31157
2015-11-03T10:00:00+00:00,1.31157,1.31591,1.31035,1.31451
2015-11-03T14:00:00+00:00,1.3145,1.31654,1.30667,1.30692
2015-11-03T18:00:00+00:00,1.30699,1.307,1.30383,1.30588
2015-11-03T22:00:00+00:00,1.30589,1.30699,1.30541,1.30555
2015-11-04T02:00:00+00:00,1.30553,1.30614,1.30452,1.30532
2015-11-04T06:00:00+00:00,1.30532,1.30865,1.30497,1.30737
2015-11-04T10:00:00+00:00,1.30736,1.31005,1.30497,1.31
2015-11-04T14:00:00+00:00,1.31001,1.31756,1.30859,1.3169
2015-11-04T18:00:00+00:00,1.31691,1.31915,1.31473,1.315
2015-11-04T22:00:00+00:00,1.315,1.31726,1.31469,1.3162
2015-11-05T02:00:00+00:00,1.31619,1.31656,1.31546,1.31609
2015-11-05T06:00:00+00:00,1.31609,1.31781,1.31412,1.31675
2015-11-05T10:00:00+00:00,1.31677,1.31818,1.31445,1.31598
2015-11-05T14:00:00+00:00,1.316,1.31866,1.31486,1.31576
2015-11-05T18:00:00+00:00,1.31578,1.31705,1.31514,1.317
2015-11-05T22:00:00+00:00,1.317,1.3171,1.31573,1.31595
2015-11-06T02:00:00+00:00,1.31594,1.3172,1.31577,1.31692
2015-11-06T06:00:00+00:00,1.31692,1.31806,1.3161,1.31751
2015-11-06T10:00:00+00:00,1.3175,1.32902,1.31723,1.32733
2015-11-06T14:00:00+00:00,1.32734,1.33179,1.32534,1.33092
2015-11-06T18:00:00+00:00,1.33091,1.33095,1.32851,1.33058
2015-11-08T22:00:00+00:00,1.33035,1.33103,1.32899,1.32917
2015-11-09T02:00:00+00:00,1.32917,1.32923,1.32773,1.32774
2015-11-09T06:00:00+00:00,1.32771,1.32976,1.32712,1.32847
2015-11-09T10:00:00+00:00,1.3284,1.32981,1.32457,1.32927
2015-11-09T14:00:00+00:00,1.32928,1.32979,1.32628,1.32793
2015-11-09T18:00:00+00:00,1.32793,1.32877,1.32678,1.32867
2015-11-09T22:00:00+00:00,1.32871,1.32876,1.32645,1.32747
2015-11-10T02:00:00+00:00,1.32746,1.32763,1.32652,1.3269
2015-11-10T06:00:00+00:00,1.3269,1.32891,1.32627,1.32723
2015-11-10T10:00:00+00:00,1.32724,1.32939,1.325,1.32883
2015-11-10T14:00:00+00:00,1.32883,1.32973,1.3245,1.32483
2015-11-10T18:00:00+00:00,1.32485,1.32796,1.32485,1.32753
2015-11-10T22:00:00+00:00,1.32742,1.32803,1.32493,1.32517
2015-11-11T02:00:00+00:00,1.32517,1.32564,1.32382,1.32528
2015-11-11T06:00:00+00:00,1.32525,1.3274,1.3249,1.32668
2015-11-11T10:00:00+00:00,1.32665,1.32817,1.32567,1.32584
2015-11-11T14:00:00+00:00,1.32579,1.32839,1.32324,1.32787
2015-11-11T18:00:00+00:00,1.32788,1.32831,1.3258,1.32639
2015-11-11T22:00:00+00:00,1.32634,1.32666,1.32251,1.32322
2015-11-12T02:00:00+00:00,1.32322,1.32536,1.3232,1.32499
2015-11-12T06:00:00+00:00,1.32498,1.3281,1.32464,1.32774
2015-11-12T10:00:00+00:00,1.32775,1.33275,1.32648,1.33181
2015-11-12T14:00:00+00:00,1.33181,1.33413,1.32774,1.33079
2015-11-12T18:00:00+00:00,1.33077,1.33117,1.32749,1.32906
2015-11-12T22:00:00+00:00,1.32913,1.3294,1.32817,1.32899
2015-11-13T02:00:00+00:00,1.329,1.3301,1.32826,1.3301
2015-11-13T06:00:00+00:00,1.3301,1.33109,1.32855,1.32983
2015-11-13T10:00:00+00:00,1.32984,1.33251,1.32674,1.33236
2015-11-13T14:00:00+00:00,1.33234,1.33495,1.33113,1.3333
2015-11-13T18:00:00+00:00,1.3333,1.3337,1.33064,1.33233
2015-11-15T22:00:00+00:00,1.33028,1.33363,1.33028,1.33192
2015-11-16T02:00:00+00:00,1.33193,1.33259,1.33073,1.33098
2015-11-16T06:00:00+00:00,1.33099,1.33136,1.32903,1.33048
2015-11-16T10:00:00+00:00,1.33049,1.33501,1.3302,1.3342
2015-11-16T14:00:00+00:00,1.33419,1.33709,1.33261,1.334
2015-11-16T18:00:00+00:00,1.33401,1.33462,1.33194,1.33319
2015-11-16T22:00:00+00:00,1.33325,1.33386,1.33224,1.33334
2015-11-17T02:00:00+00:00,1.33335,1.33442,1.33295,1.33364
2015-11-17T06:00:00+00:00,1.33364,1.33439,1.33083,1.33109
2015-11-17T10:00:00+00:00,1.33107,1.3331,1.32974,1.33102
2015-11-17T14:00:00+00:00,1.33103,1.33313,1.33011,1.33127
2015-11-17T18:00:00+00:00,1.33127,1.33222,1.33089,1.33216
2015-11-17T22:00:00+00:00,1.33216,1.33312,1.33122,1.333
2015-11-18T02:00:00+00:00,1.33299,1.33302,1.33169,1.33171
2015-11-18T06:00:00+00:00,1.33171,1.33248,1.32984,1.33081
2015-11-18T10:00:00+00:00,1.33081,1.33481,1.32991,1.33348
2015-11-18T14:00:00+00:00,1.33349,1.33665,1.33256,1.33599
2015-11-18T18:00:00+00:00,1.33599,1.33692,1.33013,1.33023
2015-11-18T22:00:00+00:00,1.33029,1.33137,1.32615,1.32661
2015-11-19T02:00:00+00:00,1.32662,1.32721,1.32512,1.32571
2015-11-19T06:00:00+00:00,1.32571,1.32794,1.32467,1.32554
2015-11-19T10:00:00+00:00,1.32556,1.33005,1.32499,1.32952
2015-11-19T14:00:00+00:00,1.32954,1.33024,1.32553,1.32858
2015-11-19T18:00:00+00:00,1.32858,1.33041,1.32819,1.32846
2015-11-19T22:00:00+00:00,1.32843,1.33075,1.32841,1.32969
2015-11-20T02:00:00+00:00,1.3297,1.32991,1.32851,1.32927
2015-11-20T06:00:00+00:00,1.32928,1.33344,1.3291,1.33035
2015-11-20T10:00:00+00:00,1.33034,1.33367,1.32825,1.32949
2015-11-20T14:00:00+00:00,1.32948,1.33483,1.32704,1.33324
2015-11-20T18:00:00+00:00,1.33327,1.33563,1.33235,1.33487
2015-11-22T22:00:00+00:00,1.3338,1.33861,1.33359,1.33818
2015-11-23T02:00:00+00:00,1.33818,1.33985,1.33818,1.33982
2015-11-23T06:00:00+00:00,1.33982,1.34057,1.33824,1.34003
2015-11-23T10:00:00+00:00,1.34004,1.3436,1.33356,1.3376
2015-11-23T14:00:00+00:00,1.33758,1.339,1.33428,1.33554
2015-11-23T18:00:00+00:00,1.33555,1.33821,1.33505,1.33654
2015-11-23T22:00:00+00:00,1.33652,1.33682,1.33413,1.33462
2015-11-24T02:00:00+00:00,1.33462,1.33542,1.33432,1.33454
2015-11-24T06:00:00+00:00,1.33455,1.33523,1.33241,1.33511
2015-11-24T10:00:00+00:00,1.33513,1.33777,1.33469,1.33561
2015-11-24T14:00:00+00:00,1.33561,1.33563,1.32845,1.33054
2015-11-24T18:00:00+00:00,1.33054,1.33134,1.32881,1.33053
2015-11-24T22:00:00+00:00,1.33059,1.33106,1.32919,1.32957
2015-11-25T02:00:00+00:00,1.32957,1.32963,1.32803,1.32846
2015-11-25T06:00:00+00:00,1.32845,1.33222,1.32801,1.33194
2015-11-25T10:00:00+00:00,1.33188,1.33377,1.3298,1.33222
2015-11-25T14:00:00+00:00,1.33222,1.33394,1.32898,1.3303
2015-11-25T18:00:00+00:00,1.33032,1.33084,1.32881,1.32892
2015-11-25T22:00:00+00:00,1.32897,1.33049,1.32885,1.32899
2015-11-26T02:00:00+00:00,1.32899,1.33012,1.32846,1.32978
2015-11-26T06:00:00+00:00,1.32978,1.33247,1.32947,1.33133
2015-11-26T10:00:00+00:00,1.33134,1.33157,1.32978,1.3304
2015-11-26T14:00:00+00:00,1.33042,1.331,1.32881,1.32891
2015-11-26T18:00:00+00:00,1.32891,1.3296,1.32872,1.3294
2015-11-26T22:00:00+00:00,1.32937,1.33075,1.32901,1.33011
2015-11-27T02:00:00+00:00,1.33007,1.3311,1.32993,1.33078
2015-11-27T06:00:00+00:00,1.33077,1.33357,1.33028,1.3333
2015-11-27T10:00:00+00:00,1.33333,1.33583,1.33228,1.33505
2015-11-27T14:00:00+00:00,1.33503,1.33751,1.3346,1.3362
2015-11-27T18:00:00+00:00,1.33619,1.33773,1.33614,1.3373
2015-11-29T22:00:00+00:00,1.33641,1.33864,1.33629,1.33817
2015-11-30T02:00:00+00:00,1.33817,1.33861,1.3375,1.33804
2015-11-30T06:00:00+00:00,1.33803,1.33932,1.33698,1.3391
2015-11-30T10:00:00+00:00,1.33912,1.33921,1.33591,1.33619
2015-11-30T14:00:00+00:00,1.33619,1.3364,1.33123,1.33526
2015-11-30T18:00:00+00:00,1.33526,1.33629,1.33378,1.33614
2015-11-30T22:00:00+00:00,1.33612,1.33625,1.33366,1.33396
2015-12-01T02:00:00+00:00,1.33397,1.33534,1.33266,1.33467
2015-12-01T06:00:00+00:00,1.33466,1.33546,1.33099,1.33317
2015-12-01T10:00:00+00:00,1.33315,1.33973,1.3311,1.33797
2015-12-01T14:00:00+00:00,1.33797,1.33815,1.33337,1.33772
2015-12-01T18:00:00+00:00,1.33771,1.33876,1.33572,1.33574
2015-12-01T22:00:00+00:00,1.33574,1.33684,1.33547,1.33645
2015-12-02T02:00:00+00:00,1.33645,1.33758,1.3364,1.33737
2015-12-02T06:00:00+00:00,1.33738,1.33759,1.33591,1.33701
2015-12-02T10:00:00+00:00,1.33704,1.34064,1.33654,1.34055
2015-12-02T14:00:00+00:00,1.34055,1.34077,1.33087,1.33635
2015-12-02T18:00:00+00:00,1.33635,1.33702,1.33329,1.33428
2015-12-02T22:00:00+00:00,1.3343,1.33556,1.3339,1.33481
2015-12-03T02:00:00+00:00,1.33482,1.33529,1.32937,1.33158
2015-12-03T06:00:00+00:00,1.33158,1.33349,1.33124,1.33247
2015-12-03T10:00:00+00:00,1.33248,1.33523,1.33022,1.33204
2015-12-03T14:00:00+00:00,1.33204,1.34002,1.33154,1.33766
2015-12-03T18:00:00+00:00,1.33764,1.33815,1.33298,1.33554
2015-12-03T22:00:00+00:00,1.3355,1.33557,1.33366,1.33495
2015-12-04T02:00:00+00:00,1.33497,1.33576,1.33432,1.33551
2015-12-04T06:00:00+00:00,1.33551,1.33738,1.3334,1.33382
2015-12-04T10:00:00+00:00,1.33384,1.33962,1.3321,1.33817
2015-12-04T14:00:00+00:00,1.33819,1.34161,1.33179,1.33891
2015-12-04T18:00:00+00:00,1.33888,1.33905,1.33597,1.3362
2015-12-06T22:00:00+00:00,1.33713,1.33968,1.33662,1.33873
2015-12-07T02:00:00+00:00,1.33873,1.34006,1.33854,1.33966
2015-12-07T06:00:00+00:00,1.33965,1.34284,1.3392,1.34262
2015-12-07T10:00:00+00:00,1.34264,1.34876,1.34239,1.34855
2015-12-07T14:00:00+00:00,1.34856,1.35228,1.34759,1.35208
2015-12-07T18:00:00+00:00,1.35207,1.3524,1.34973,1.3499
2015-12-07T22:00:00+00:00,1.34989,1.35171,1.34974,1.35064
2015-12-08T02:00:00+00:00,1.35064,1.35224,1.35038,1.35193
2015-12-08T06:00:00+00:00,1.35194,1.35554,1.35051,1.35307
2015-12-08T10:00:00+00:00,1.35307,1.36212,1.35264,1.36172
2015-12-08T14:00:00+00:00,1.3617,1.36223,1.35486,1.35881
2015-12-08T18:00:00+00:00,1.35881,1.36051,1.35745,1.35854
2015-12-08T22:00:00+00:00,1.35854,1.35881,1.35716,1.35761
2015-12-09T02:00:00+00:00,1.3576,1.35854,1.35657,1.35709
2015-12-09T06:00:00+00:00,1.3571,1.36072,1.35569,1.35886
2015-12-09T10:00:00+00:00,1.35886,1.35888,1.3548,1.35771
2015-12-09T14:00:00+00:00,1.3577,1.362,1.35171,1.36003
2015-12-09T18:00:00+00:00,1.36004,1.36022,1.35606,1.35797
2015-12-09T22:00:00+00:00,1.35805,1.35809,1.35531,1.35598
2015-12-10T02:00:00+00:00,1.35596,1.35656,1.35485,1.35578
2015-12-10T06:00:00+00:00,1.35579,1.35659,1.35455,1.35617
2015-12-10T10:00:00+00:00,1.35618,1.35745,1.35324,1.35715
2015-12-10T14:00:00+00:00,1.35715,1.36289,1.35584,1.36132
2015-12-10T18:00:00+00:00,1.36129,1.364,1.36058,1.36247
2015-12-10T22:00:00+00:00,1.36245,1.36526,1.3624,1.3645
2015-12-11T02:00:00+00:00,1.3645,1.36593,1.36432,1.36494
2015-12-11T06:00:00+00:00,1.36495,1.367,1.36318,1.36681
2015-12-11T10:00:00+00:00,1.36681,1.36795,1.36497,1.36705
2015-12-11T14:00:00+00:00,1.36706,1.37452,1.36553,1.37447
2015-12-11T18:00:00+00:00,1.37446,1.37578,1.37311,1.37561
2015-12-13T22:00:00+00:00,1.3722,1.37553,1.37202,1.3745
2015-12-14T02:00:00+00:00,1.37452,1.37522,1.37233,1.37248
2015-12-14T06:00:00+00:00,1.37248,1.37299,1.37014,1.37201
2015-12-14T10:00:00+00:00,1.37201,1.37811,1.36768,1.36945
2015-12-14T14:00:00+00:00,1.3694,1.37618,1.36774,1.37381
2015-12-14T18:00:00+00:00,1.37381,1.37544,1.37213,1.37338
2015-12-14T22:00:00+00:00,1.37336,1.37347,1.37159,1.37163
2015-12-15T02:00:00+00:00,1.37162,1.37184,1.37003,1.37089
2015-12-15T06:00:00+00:00,1.37089,1.37184,1.36852,1.36947
2015-12-15T10:00:00+00:00,1.36946,1.3732,1.36734,1.37122
2015-12-15T14:00:00+00:00,1.37124,1.37664,1.36932,1.37018
2015-12-15T18:00:00+00:00,1.37019,1.37467,1.37019,1.37321
2015-12-15T22:00:00+00:00,1.37329,1.37423,1.37282,1.37388
2015-12-16T02:00:00+00:00,1.37387,1.3741,1.37303,1.37339
2015-12-16T06:00:00+00:00,1.37339,1.37756,1.37325,1.37675
2015-12-16T10:00:00+00:00,1.37675,1.37788,1.37433,1.37731
2015-12-16T14:00:00+00:00,1.37731,1.38479,1.3765,1.37885
2015-12-16T18:00:00+00:00,1.37883,1.3843,1.3742,1.37801
2015-12-16T22:00:00+00:00,1.37801,1.38161,1.37787,1.38158
2015-12-17T02:00:00+00:00,1.38157,1.38162,1.37935,1.38016
2015-12-17T06:00:00+00:00,1.38016,1.38193,1.37882,1.38116
2015-12-17T10:00:00+00:00,1.38116,1.38451,1.38043,1.38293
2015-12-17T14:00:00+00:00,1.38295,1.3987,1.38159,1.39554
2015-12-17T18:00:00+00:00,1.39555,1.397,1.39373,1.39373
2015-12-17T22:00:00+00:00,1.39376,1.39539,1.39263,1.39453
2015-12-18T02:00:00+00:00,1.39451,1.39627,1.39236,1.39243
2015-12-18T06:00:00+00:00,1.39243,1.39305,1.39068,1.39248
2015-12-18T10:00:00+00:00,1.39247,1.40014,1.39242,1.39687
2015-12-18T14:00:00+00:00,1.39684,1.39797,1.38544,1.39224
2015-12-18T18:00:00+00:00,1.39223,1.39592,1.39183,1.39565
2015-12-20T22:00:00+00:00,1.39388,1.39628,1.39283,1.39433
2015-12-21T02:00:00+00:00,1.39434,1.39474,1.39227,1.39284
2015-12-21T06:00:00+00:00,1.39282,1.39333,1.39133,1.39275
2015-12-21T10:00:00+00:00,1.39277,1.39698,1.3917,1.39301
2015-12-21T14:00:00+00:00,1.39302,1.39938,1.39232,1.39772
2015-12-21T18:00:00+00:00,1.39773,1.39807,1.39484,1.39592
2015-12-21T22:00:00+00:00,1.39589,1.39649,1.39501,1.39528
2015-12-22T02:00:00+00:00,1.39529,1.39549,1.39302,1.39397
2015-12-22T06:00:00+00:00,1.39396,1.39492,1.39276,1.39428
2015-12-22T10:00:00+00:00,1.3943,1.39476,1.39162,1.39407
2015-12-22T14:00:00+00:00,1.39405,1.39549,1.39204,1.39364
2015-12-22T18:00:00+00:00,1.39365,1.39462,1.39196,1.39197
2015-12-22T22:00:00+00:00,1.39199,1.3925,1.39113,1.39193
2015-12-23T02:00:00+00:00,1.39193,1.39228,1.39143,1.39192
2015-12-23T06:00:00+00:00,1.39192,1.39346,1.39066,1.3922
2015-12-23T10:00:00+00:00,1.39222,1.3939,1.3897,1.3921
2015-12-23T14:00:00+00:00,1.39208,1.39288,1.38358,1.38484
2015-12-23T18:00:00+00:00,1.38482,1.38719,1.38432,1.38503
2015-12-23T22:00:00+00:00,1.38505,1.386,1.38451,1.38502
2015-12-24T02:00:00+00:00,1.38502,1.38575,1.38422,1.38553
2015-12-24T06:00:00+00:00,1.38555,1.38628,1.38416,1.38571
2015-12-24T10:00:00+00:00,1.38564,1.38745,1.38468,1.38545
2015-12-24T14:00:00+00:00,1.38545,1.38687,1.38186,1.38529
2015-12-24T18:00:00+00:00,1.38526,1.38607,1.38171,1.38191
2015-12-24T22:00:00+00:00,1.3821,1.38475,1.38128,1.38221
2015-12-25T02:00:00+00:00,1.3822,1.38266,1.38131,1.38151
2015-12-25T06:00:00+00:00,1.38151,1.38157,1.38118,1.38132
2015-12-27T22:00:00+00:00,1.38353,1.3847,1.38177,1.38407
2015-12-28T02:00:00+00:00,1.38409,1.38463,1.38334,1.38429
2015-12-28T06:00:00+00:00,1.38429,1.38731,1.38423,1.38713
2015-12-28T10:00:00+00:00,1.38714,1.38901,1.3869,1.3884
2015-12-28T14:00:00+00:00,1.38841,1.39159,1.3877,1.39016
2015-12-28T18:00:00+00:00,1.39014,1.3907,1.38915,1.39052
2015-12-28T22:00:00+00:00,1.39051,1.39062,1.38776,1.38776
2015-12-29T02:00:00+00:00,1.38778,1.38789,1.38699,1.38765
2015-12-29T06:00:00+00:00,1.38765,1.39119,1.38655,1.39118
2015-12-29T10:00:00+00:00,1.39117,1.39402,1.38799,1.38812
2015-12-29T14:00:00+00:00,1.38813,1.389,1.38271,1.3836
2015-12-29T18:00:00+00:00,1.38359,1.38515,1.38163,1.38437
2015-12-29T22:00:00+00:00,1.38439,1.3857,1.3829,1.38535
2015-12-30T02:00:00+00:00,1.38534,1.38545,1.38401,1.38468
2015-12-30T06:00:00+00:00,1.38468,1.38697,1.38422,1.38541
2015-12-30T10:00:00+00:00,1.38542,1.39177,1.38509,1.39006
2015-12-30T14:00:00+00:00,1.39006,1.39274,1.38755,1.38887
2015-12-30T18:00:00+00:00,1.38887,1.39033,1.38748,1.38797
2015-12-30T22:00:00+00:00,1.38799,1.38841,1.38672,1.38693
2015-12-31T02:00:00+00:00,1.38693,1.3878,1.38668,1.38756
2015-12-31T06:00:00+00:00,1.38756,1.39021,1.38721,1.38821
2015-12-31T10:00:00+00:00,1.38822,1.39,1.38597,1.38819
2015-12-31T14:00:00+00:00,1.38816,1.39037,1.38234,1.38279
2015-12-31T18:00:00+00:00,1.3828,1.38459,1.38217,1.38379
