time,open,high,low,close
2012-01-01T22:00:00+00:00,1565.3,1565.425,1565.175,1565.3
2012-01-02T22:00:00+00:00,1564.5,1587.5935,1564.452,1583.9585
2012-01-03T06:00:00+00:00,1583.9335,1597.7735,1582.8635,1590.6295
2012-01-03T14:00:00+00:00,1590.54,1607.52,1588.7385,1604.025
2012-01-03T22:00:00+00:00,1603.975,1608.5945,1593.0735,1598.944
2012-01-04T06:00:00+00:00,1598.9245,1613.5255,1593.505,1595.16
2012-01-04T14:00:00+00:00,1595.1425,1618.728,1594.473,1612.115
2012-01-04T22:00:00+00:00,1612.0945,1621.685,1609.8785,1618.886
2012-01-05T06:00:00+00:00,1618.826,1625.712,1601.116,1603.9395
2012-01-05T14:00:00+00:00,1603.901,1625.102,1596.9195,1622.75
2012-01-05T22:00:00+00:00,1622.768,1627.425,1617.0745,1624.005
2012-01-06T06:00:00+00:00,1624.0495,1628.276,1617.0795,1622.1745
2012-01-06T14:00:00+00:00,1622.18,1631.072,1608.921,1617.017
2012-01-08T22:00:00+00:00,1616.3,1616.432,1605.2315,1611
2012-01-09T06:00:00+00:00,1611.143,1623.859,1610.61,1620.457
2012-01-09T14:00:00+00:00,1620.4345,1622.406,1606.524,1611.175
2012-01-09T22:00:00+00:00,1611.152,1621.675,1606.8655,1620.246
2012-01-10T06:00:00+00:00,1620.2675,1640.002,1616.2945,1636.47
2012-01-10T14:00:00+00:00,1636.5195,1640.3135,1629.879,1632.6655
2012-01-10T22:00:00+00:00,1632.646,1638.4495,1630.306,1636.7845
2012-01-11T06:00:00+00:00,1636.77,1647.325,1633.724,1639.0255
2012-01-11T14:00:00+00:00,1639.0105,1646.002,1634.721,1641.74
2012-01-11T22:00:00+00:00,1641.76,1646.0445,1640.303,1644.864
2012-01-12T06:00:00+00:00,1644.847,1658.1245,1644.22,1654.856
2012-01-12T14:00:00+00:00,1654.8755,1662.15,1643.961,1649.92
2012-01-12T22:00:00+00:00,1649.9005,1649.992,1635.177,1645.215
2012-01-13T06:00:00+00:00,1645.1975,1649.0295,1636.8755,1639.025
2012-01-13T14:00:00+00:00,1639.0075,1641.3545,1625.451,1638.893
2012-01-15T22:00:00+00:00,1638.362,1642.145,1631.641,1639.921
2012-01-16T06:00:00+00:00,1639.936,1647.1465,1638.573,1642.985
2012-01-16T14:00:00+00:00,1642.9295,1645.875,1640.903,1643.4005
2012-01-16T22:00:00+00:00,1643.38,1659.32,1640.954,1658.13
2012-01-17T06:00:00+00:00,1658.1515,1667.831,1657.9995,1660.115
2012-01-17T14:00:00+00:00,1660.125,1662.4135,1650.348,1652.216
2012-01-17T22:00:00+00:00,1652.226,1658.143,1643.744,1655.3085
2012-01-18T06:00:00+00:00,1655.3245,1659.575,1646.282,1647.631
2012-01-18T14:00:00+00:00,1647.65,1662.474,1642.971,1659.815
2012-01-18T22:00:00+00:00,1659.845,1666.435,1656.079,1662.516
2012-01-19T06:00:00+00:00,1662.531,1669.712,1656.599,1657.8085
2012-01-19T14:00:00+00:00,1657.8125,1661.097,1649.331,1658.513
2012-01-19T22:00:00+00:00,1658.5,1658.6115,1653.6245,1655.7075
2012-01-20T06:00:00+00:00,1655.6705,1659.2335,1645.146,1652.375
2012-01-20T14:00:00+00:00,1652.3835,1667.1355,1648.9785,1666.465
2012-01-22T22:00:00+00:00,1666.2615,1673.2745,1662.9405,1670.7075
2012-01-23T06:00:00+00:00,1670.691,1677.5645,1666.7835,1670.4635
2012-01-23T14:00:00+00:00,1670.47,1681.6075,1666.4095,1676.615
2012-01-23T22:00:00+00:00,1676.589,1679.8285,1671.1595,1674.8075
2012-01-24T06:00:00+00:00,1674.8225,1677.9085,1662.4605,1663.618
2012-01-24T14:00:00+00:00,1663.5765,1670.1275,1661.6335,1665.28
2012-01-24T22:00:00+00:00,1665.374,1668.6635,1664.52,1667.1525
2012-01-25T06:00:00+00:00,1667.1715,1670.3245,1652.954,1654.966
2012-01-25T14:00:00+00:00,1654.8065,1713.206,1649.237,1710.84
2012-01-25T22:00:00+00:00,1710.78,1713.8915,1705.9615,1709.503
2012-01-26T06:00:00+00:00,1709.539,1730.1,1703.482,1729.481
2012-01-26T14:00:00+00:00,1729.448,1730.495,1719.357,1720.002
2012-01-26T22:00:00+00:00,1720.039,1724.3485,1714.4505,1718.653
2012-01-27T06:00:00+00:00,1718.7485,1726.602,1716.5365,1718.2435
2012-01-27T14:00:00+00:00,1718.1905,1739.5465,1717.867,1738.803
2012-01-29T22:00:00+00:00,1737.475,1740.0255,1730.1485,1731.182
2012-01-30T06:00:00+00:00,1731.218,1731.722,1716.4525,1724.474
2012-01-30T14:00:00+00:00,1724.623,1733.7565,1723.745,1729.75
2012-01-30T22:00:00+00:00,1729.785,1737.702,1728.3835,1736.5335
2012-01-31T06:00:00+00:00,1736.562,1745.9745,1735.68,1744.734
2012-01-31T14:00:00+00:00,1744.7245,1747.8,1727.237,1737.605
2012-01-31T22:00:00+00:00,1737.57,1740.651,1734.745,1737.8545
2012-02-01T06:00:00+00:00,1737.772,1751.334,1732.7265,1746.2065
2012-02-01T14:00:00+00:00,1746.3235,1750.6315,1739.6265,1743.775
2012-02-01T22:00:00+00:00,1743.8105,1752.0895,1742.542,1746.649
2012-02-02T06:00:00+00:00,1746.529,1753.497,1741.1585,1747.48
2012-02-02T14:00:00+00:00,1747.4635,1761.202,1745.2865,1759.46
2012-02-02T22:00:00+00:00,1759.3,1759.534,1755.234,1758.135
2012-02-03T06:00:00+00:00,1758.166,1763.3615,1746.645,1752.2815
2012-02-03T14:00:00+00:00,1752.298,1755.767,1723.9275,1726.13
2012-02-05T22:00:00+00:00,1724.925,1738.2345,1724.4895,1734.9255
2012-02-06T06:00:00+00:00,1734.9415,1734.9625,1712.022,1716.1255
2012-02-06T14:00:00+00:00,1716.152,1725.3335,1714.579,1720.2595
2012-02-06T22:00:00+00:00,1720.26,1724.551,1718.3,1721.666
2012-02-07T06:00:00+00:00,1721.6665,1729.902,1710.266,1719.419
2012-02-07T14:00:00+00:00,1719.449,1750.007,1718.8085,1745.29
2012-02-07T22:00:00+00:00,1745.4,1749.5055,1742.616,1748.6
2012-02-08T06:00:00+00:00,1748.6275,1752.217,1739.9945,1740.3745
2012-02-08T14:00:00+00:00,1740.398,1748.712,1725.16,1733.15
2012-02-08T22:00:00+00:00,1733.12,1736.686,1726.017,1735.4355
2012-02-09T06:00:00+00:00,1735.317,1739.797,1729.0525,1735.1545
2012-02-09T14:00:00+00:00,1735.1365,1751.8495,1725.9975,1729.21
2012-02-09T22:00:00+00:00,1729.236,1734.764,1728.335,1732.746
2012-02-10T06:00:00+00:00,1732.723,1733.096,1704.8415,1710.984
2012-02-10T14:00:00+00:00,1710.9595,1724.451,1709.7585,1721.76
2012-02-12T22:00:00+00:00,1721.2305,1730.203,1720.3785,1727.263
2012-02-13T06:00:00+00:00,1727.283,1733.4535,1722.376,1722.9265
2012-02-13T14:00:00+00:00,1723.113,1727.8205,1716.2595,1722.3
2012-02-13T22:00:00+00:00,1722.2115,1722.714,1714.9465,1716.9605
2012-02-14T06:00:00+00:00,1716.934,1722.4815,1712.198,1718.1455
2012-02-14T14:00:00+00:00,1718.202,1727.8595,1712.798,1720.3165
2012-02-14T22:00:00+00:00,1720.235,1727.2195,1718.5595,1727.041
2012-02-15T06:00:00+00:00,1727.0205,1732.562,1723.887,1731.469
2012-02-15T14:00:00+00:00,1731.442,1737.4935,1720.7005,1728.2
2012-02-15T22:00:00+00:00,1728.25,1729.3835,1719.7445,1720.534
2012-02-16T06:00:00+00:00,1720.508,1722.6035,1705.452,1708.8485
2012-02-16T14:00:00+00:00,1708.8525,1730.035,1708.3065,1728.205
2012-02-16T22:00:00+00:00,1728.22,1734.105,1726.873,1733.287
2012-02-17T06:00:00+00:00,1733.3215,1735.623,1729.7165,1733.5795
2012-02-17T14:00:00+00:00,1733.7105,1734.668,1717.375,1723.355
2012-02-19T22:00:00+00:00,1722.821,1737.3385,1722.799,1735.4495
2012-02-20T06:00:00+00:00,1735.463,1736.437,1728.6735,1734.105
2012-02-20T14:00:00+00:00,1734.131,1735.2015,1731.941,1733.5
2012-02-20T22:00:00+00:00,1733.529,1740.263,1731.148,1739.6965
2012-02-21T06:00:00+00:00,1739.718,1748.611,1736.252,1745.61
2012-02-21T14:00:00+00:00,1745.635,1760.2125,1744.4775,1759.45
2012-02-21T22:00:00+00:00,1759.425,1760.245,1754.3545,1756.056
2012-02-22T06:00:00+00:00,1756.028,1759.7025,1749.52,1753.353
2012-02-22T14:00:00+00:00,1753.225,1781.8125,1750.9625,1776.375
2012-02-22T22:00:00+00:00,1776.35,1776.785,1772.88,1773.348
2012-02-23T06:00:00+00:00,1773.328,1784.959,1772.3915,1782.473
2012-02-23T14:00:00+00:00,1782.537,1787.502,1772.767,1780.7305
2012-02-23T22:00:00+00:00,1780.701,1782.229,1776.791,1776.846
2012-02-24T06:00:00+00:00,1776.827,1782.987,1774.907,1779.6185
2012-02-24T14:00:00+00:00,1779.6815,1780.6755,1770.591,1772.28
2012-02-26T22:00:00+00:00,1771.92,1778.45,1771.92,1773.912
2012-02-27T06:00:00+00:00,1773.962,1774.888,1762.135,1772.416
2012-02-27T14:00:00+00:00,1772.4065,1779.5395,1765.9945,1767.58
2012-02-27T22:00:00+00:00,1767.713,1772.268,1765.9975,1772.2105
2012-02-28T06:00:00+00:00,1772.2345,1783.168,1771.7665,1780.221
2012-02-28T14:00:00+00:00,1780.238,1789.802,1776.456,1784.18
2012-02-28T22:00:00+00:00,1784.155,1790.5315,1782.7975,1787.4245
2012-02-29T06:00:00+00:00,1787.442,1790.8045,1780.7655,1780.7655
2012-02-29T14:00:00+00:00,1780.7325,1786.3455,1688.936,1696.864
2012-02-29T22:00:00+00:00,1696.951,1725.194,1693.5455,1720.699
2012-03-01T06:00:00+00:00,1720.716,1724.719,1702.187,1706.3565
2012-03-01T14:00:00+00:00,1706.3755,1725.958,1705.8395,1718.1695
2012-03-01T22:00:00+00:00,1718.1015,1724.276,1716.9,1719.97
2012-03-02T06:00:00+00:00,1719.995,1720.817,1705.9745,1712.88
2012-03-02T14:00:00+00:00,1712.865,1716.929,1705.498,1712.525
2012-03-04T22:00:00+00:00,1711.299,1716.912,1710.194,1712.198
2012-03-05T06:00:00+00:00,1712.318,1712.4735,1694.9275,1704.5875
2012-03-05T14:00:00+00:00,1704.665,1710.131,1694.875,1706.335
2012-03-05T22:00:00+00:00,1706.355,1709.0925,1700.093,1702.3485
2012-03-06T06:00:00+00:00,1702.22,1703.3205,1678.8735,1680.613
2012-03-06T14:00:00+00:00,1680.631,1680.631,1664.002,1674.514
2012-03-06T22:00:00+00:00,1674.3245,1678.821,1672.079,1676.192
2012-03-07T06:00:00+00:00,1676.2925,1682.8815,1671.297,1678.236
2012-03-07T14:00:00+00:00,1678.259,1688.32,1672.917,1684.87
2012-03-07T22:00:00+00:00,1684.7,1688.9485,1682.553,1688.52
2012-03-08T06:00:00+00:00,1688.569,1704.063,1686.8915,1694.8135
2012-03-08T14:00:00+00:00,1694.788,1703.9265,1689.058,1700.08
2012-03-08T22:00:00+00:00,1700.0545,1706.913,1698.172,1704.3835
2012-03-09T06:00:00+00:00,1704.3715,1706.3535,1681.076,1683.227
2012-03-09T14:00:00+00:00,1683.257,1715,1676.8235,1713.8915
2012-03-11T21:00:00+00:00,1713.739,1716.68,1704.837,1704.837
2012-03-12T05:00:00+00:00,1704.8735,1708.327,1694.7765,1698.9685
2012-03-12T13:00:00+00:00,1699.0175,1704.3295,1692.9255,1701.403
2012-03-12T21:00:00+00:00,1701.378,1705.8155,1698.4605,1703.971
2012-03-13T05:00:00+00:00,1703.9685,1705.5065,1685.14,1687.6105
2012-03-13T13:00:00+00:00,1687.6615,1701.673,1662.8755,1673.499
2012-03-13T21:00:00+00:00,1673.527,1682.432,1673.1,1679.952
2012-03-14T05:00:00+00:00,1679.9325,1680.677,1639.864,1644.961
2012-03-14T13:00:00+00:00,1644.921,1652.6925,1634.639,1644.637
2012-03-14T21:00:00+00:00,1644.56,1648.356,1636.209,1641.229
2012-03-15T05:00:00+00:00,1641.245,1650.483,1639.728,1645.65
2012-03-15T13:00:00+00:00,1645.794,1666.674,1639.867,1658.3305
2012-03-15T21:00:00+00:00,1658.361,1664.164,1655.559,1659.373
2012-03-16T05:00:00+00:00,1659.393,1664.873,1639.707,1646.517
2012-03-16T13:00:00+00:00,1646.6025,1662.3015,1643.248,1659.85
2012-03-18T21:00:00+00:00,1659.129,1665.028,1657.041,1662.2315
2012-03-19T05:00:00+00:00,1662.258,1663.995,1652.3975,1656.873
2012-03-19T13:00:00+00:00,1656.847,1669.102,1654.335,1664.367
2012-03-19T21:00:00+00:00,1664.3405,1664.838,1655.649,1657.312
2012-03-20T05:00:00+00:00,1657.3355,1657.6265,1641.823,1646.9635
2012-03-20T13:00:00+00:00,1646.9345,1657.897,1644.8975,1650.9705
2012-03-20T21:00:00+00:00,1650.954,1656.734,1648.219,1652.717
2012-03-21T05:00:00+00:00,1652.7445,1660.2405,1646.726,1651.401
2012-03-21T13:00:00+00:00,1651.443,1662.0025,1648.64,1650.4675
2012-03-21T21:00:00+00:00,1650.5995,1656.452,1647.298,1649.018
2012-03-22T05:00:00+00:00,1648.997,1652.7385,1632.498,1636.246
2012-03-22T13:00:00+00:00,1636.186,1646.971,1628.2845,1646.011
2012-03-22T21:00:00+00:00,1646.034,1648.9535,1643.6655,1645.998
2012-03-23T05:00:00+00:00,1646.12,1655.349,1642.262,1652.776
2012-03-23T13:00:00+00:00,1652.799,1666.6535,1652.5165,1661.8
2012-03-25T22:00:00+01:00,1661.42,1669.5995,1660.8165,1661.818
2012-03-26T06:00:00+01:00,1661.8015,1684.101,1655.704,1680.0155
2012-03-26T14:00:00+01:00,1680.001,1693.702,1677.625,1690.192
2012-03-26T22:00:00+01:00,1690.189,1690.8605,1686.6245,1688.6245
2012-03-27T06:00:00+01:00,1688.6135,1696.463,1684.717,1693.01
2012-03-27T14:00:00+01:00,1693.031,1696.773,1679.7775,1680.709
2012-03-27T22:00:00+01:00,1680.7085,1682.172,1677.021,1677.058
2012-03-28T06:00:00+01:00,1677.0385,1684.4635,1671.517,1673.559
2012-03-28T14:00:00+01:00,1673.582,1677.825,1654.6935,1663.412
2012-03-28T22:00:00+01:00,1663.392,1665.1475,1658.612,1659.505
2012-03-29T06:00:00+01:00,1659.489,1664.0605,1654.9945,1662.422
2012-03-29T14:00:00+01:00,1662.397,1663.7465,1645.353,1661.637
2012-03-29T22:00:00+01:00,1661.5515,1663.9285,1660.0665,1661.4665
2012-03-30T06:00:00+01:00,1661.4855,1669.783,1660.642,1665.7625
2012-03-30T14:00:00+01:00,1665.7605,1671.073,1660.1535,1668.425
2012-04-01T22:00:00+01:00,1667.621,1674.723,1667.609,1668.712
2012-04-02T06:00:00+01:00,1668.69,1671.258,1662.9985,1669.125
2012-04-02T14:00:00+01:00,1669.0725,1683.588,1665.8355,1677.554
2012-04-02T22:00:00+01:00,1677.576,1680.7275,1675.622,1678.462
2012-04-03T06:00:00+01:00,1678.481,1680.323,1671.836,1676.4315
2012-04-03T14:00:00+01:00,1676.3975,1681.08,1639.294,1645.836
2012-04-03T22:00:00+01:00,1645.811,1648.103,1640.944,1643.256
2012-04-04T06:00:00+01:00,1643.281,1645.1525,1618.447,1622.059
2012-04-04T14:00:00+01:00,1622.0895,1626.9045,1612.4975,1620.599
2012-04-04T22:00:00+01:00,1620.624,1625.6315,1618.687,1623.9625
2012-04-05T06:00:00+01:00,1623.982,1630.302,1620.444,1623.375
2012-04-05T14:00:00+01:00,1623.24,1633.6025,1622.825,1631.15
2012-04-05T22:00:00+01:00,1631.125,1632,1628.6,1629.9
2012-04-06T06:00:00+01:00,1629.8,1642.1665,1627.6,1642
2012-04-06T14:00:00+01:00,1641.964,1641.964,1636.9645,1638.584
2012-04-08T22:00:00+01:00,1630.17,1647.046,1630.1695,1641.69
2012-04-09T06:00:00+01:00,1641.712,1647.357,1639.347,1646.501
2012-04-09T14:00:00+01:00,1646.528,1648.852,1636.57,1640.2145
2012-04-09T22:00:00+01:00,1640.2025,1654.6565,1639.619,1652.248
2012-04-10T06:00:00+01:00,1652.2665,1653.9635,1641.675,1645.998
2012-04-10T14:00:00+01:00,1646.001,1663.05,1632.0625,1660.08
2012-04-10T22:00:00+01:00,1660.057,1660.15,1653.65,1656.578
2012-04-11T06:00:00+01:00,1656.598,1660.9165,1653.0475,1658.584
2012-04-11T14:00:00+01:00,1658.5635,1662.6125,1655.4045,1658.84
2012-04-11T22:00:00+01:00,1658.82,1660.5565,1656.098,1657.9525
2012-04-12T06:00:00+01:00,1657.948,1660.372,1651.355,1654.49
2012-04-12T14:00:00+01:00,1654.516,1680.1135,1652.9415,1675.703
2012-04-12T22:00:00+01:00,1675.689,1677.072,1671.898,1674.144
2012-04-13T06:00:00+01:00,1674.154,1678.0165,1667.3675,1671.589
2012-04-13T14:00:00+01:00,1671.6155,1672.7355,1649.398,1658.052
2012-04-15T22:00:00+01:00,1657.476,1657.476,1644.708,1645.268
2012-04-16T06:00:00+01:00,1645.288,1654.002,1641.388,1651.538
2012-04-16T14:00:00+01:00,1651.562,1657.7025,1645.444,1651.927
2012-04-16T22:00:00+01:00,1651.951,1652.904,1648.0365,1648.528
2012-04-17T06:00:00+01:00,1648.509,1656.873,1645.4525,1652.2745
2012-04-17T14:00:00+01:00,1652.255,1656.97,1634.743,1649.195
2012-04-17T22:00:00+01:00,1649.3495,1653.4825,1648.885,1652.2135
2012-04-18T06:00:00+01:00,1652.1825,1654.493,1638.535,1639.4825
2012-04-18T14:00:00+01:00,1639.4605,1648.782,1638.024,1642.309
2012-04-18T22:00:00+01:00,1642.303,1642.957,1636.8975,1638.2145
2012-04-19T06:00:00+01:00,1638.233,1647.019,1631.406,1636.1225
2012-04-19T14:00:00+01:00,1636.098,1653.702,1635.904,1642.773
2012-04-19T22:00:00+01:00,1642.775,1644.921,1640.8,1643.904
2012-04-20T06:00:00+01:00,1643.9135,1647.0235,1640.1075,1642.6985
2012-04-20T14:00:00+01:00,1642.685,1646.502,1638.6575,1643
2012-04-22T22:00:00+01:00,1642.18,1643.39,1640.052,1642.214
2012-04-23T06:00:00+01:00,1642.28,1642.64,1623.598,1627.7845
2012-04-23T14:00:00+01:00,1627.8085,1639.302,1625.316,1638.71
2012-04-23T22:00:00+01:00,1638.686,1638.752,1635.261,1636.4025
2012-04-24T06:00:00+01:00,1636.4175,1644.143,1634.139,1642.45
2012-04-24T14:00:00+01:00,1642.4175,1649.328,1640.5975,1642.145
2012-04-24T22:00:00+01:00,1642.142,1643.173,1640.512,1642.0485
2012-04-25T06:00:00+01:00,1642.03,1644.3625,1636.7335,1640.024
2012-04-25T14:00:00+01:00,1640.003,1646.4025,1625.44,1643.741
2012-04-25T22:00:00+01:00,1643.7305,1648.5315,1642.09,1646.502
2012-04-26T06:00:00+01:00,1646.455,1655.1285,1645.768,1653.7555
2012-04-26T14:00:00+01:00,1653.774,1660.902,1648.7985,1657.313
2012-04-26T22:00:00+01:00,1657.3,1658.0025,1654.5845,1656.406
2012-04-27T06:00:00+01:00,1656.416,1664.958,1650.636,1663.1775
2012-04-27T14:00:00+01:00,1663.1975,1667.502,1661.6,1662.976
2012-04-29T22:00:00+01:00,1662.423,1665.142,1662.423,1664.511
2012-04-30T06:00:00+01:00,1664.472,1665.827,1648.587,1653.0505
2012-04-30T14:00:00+01:00,1653.005,1666.3025,1650.744,1665
2012-04-30T22:00:00+01:00,1664.8465,1668,1663.6,1665.967
2012-05-01T06:00:00+01:00,1666.068,1671.6555,1659.4305,1669.0945
2012-05-01T14:00:00+01:00,1669.1115,1670.2125,1658.323,1662.444
2012-05-01T22:00:00+01:00,1662.433,1663.2965,1658.205,1659.5375
2012-05-02T06:00:00+01:00,1659.5195,1659.902,1648.698,1653.902
2012-05-02T14:00:00+01:00,1653.882,1656.1425,1647.232,1653.427
2012-05-02T22:00:00+01:00,1653.43,1653.892,1647.553,1648.7675
2012-05-03T06:00:00+01:00,1648.763,1649.4725,1637.584,1640.5355
2012-05-03T14:00:00+01:00,1640.398,1641.731,1631.298,1635.8195
2012-05-03T22:00:00+01:00,1635.796,1637.543,1634.187,1634.371
2012-05-04T06:00:00+01:00,1634.351,1641.702,1626.814,1636.1425
2012-05-04T14:00:00+01:00,1636.1305,1647.1115,1633.3975,1642.35
2012-05-06T22:00:00+01:00,1643.174,1643.453,1634.6975,1638.1095
2012-05-07T06:00:00+01:00,1638.1105,1642.798,1635.698,1637.47
2012-05-07T14:00:00+01:00,1637.341,1641.452,1633.245,1638.46
2012-05-07T22:00:00+01:00,1638.462,1639.213,1636.387,1636.491
2012-05-08T06:00:00+01:00,1636.472,1637.983,1613.7245,1615.2435
2012-05-08T14:00:00+01:00,1615.2235,1615.432,1595.4975,1605.405
2012-05-08T22:00:00+01:00,1605.397,1606.649,1587.21,1590.78
2012-05-09T06:00:00+01:00,1590.803,1596.222,1579.8575,1586.3055
2012-05-09T14:00:00+01:00,1586.314,1596.075,1582.207,1589.634
2012-05-09T22:00:00+01:00,1589.626,1595.5025,1588.5275,1594.912
2012-05-10T06:00:00+01:00,1594.855,1596.402,1585.869,1592.5935
2012-05-10T14:00:00+01:00,1592.6105,1601.934,1591.7575,1594.016
2012-05-10T22:00:00+01:00,1594.005,1595.2685,1584.671,1585.9605
2012-05-11T06:00:00+01:00,1585.869,1587.356,1573.7745,1582.689
2012-05-11T14:00:00+01:00,1582.712,1590.8155,1578.5655,1579.2
2012-05-13T22:00:00+01:00,1578.926,1585.826,1578.313,1580.76
2012-05-14T06:00:00+01:00,1580.776,1582.129,1556.8055,1559.652
2012-05-14T14:00:00+01:00,1559.718,1565.72,1556.1815,1556.5845
2012-05-14T22:00:00+01:00,1556.593,1559.6545,1553.0275,1554.251
2012-05-15T06:00:00+01:00,1554.2825,1564.157,1548.485,1558.5
2012-05-15T14:00:00+01:00,1558.45,1559.88,1541.669,1544.0165
2012-05-15T22:00:00+01:00,1544.02,1545.629,1532.986,1536.338
2012-05-16T06:00:00+01:00,1536.3215,1542.702,1527.1065,1540.038
2012-05-16T14:00:00+01:00,1540.0295,1552.3925,1531.0975,1539.434
2012-05-16T22:00:00+01:00,1539.478,1549.682,1538.6865,1547.8455
2012-05-17T06:00:00+01:00,1547.8255,1558.229,1545.6935,1555.929
2012-05-17T14:00:00+01:00,1556.192,1579.9845,1549.1145,1574.203
2012-05-17T22:00:00+01:00,1574.192,1576.8,1572.75,1574.158
2012-05-18T06:00:00+01:00,1574.182,1594.413,1568.1105,1589.066
2012-05-18T14:00:00+01:00,1589.0555,1597.8225,1586.1065,1593.05
2012-05-20T22:00:00+01:00,1592.874,1599.3255,1591.2915,1597.604
2012-05-21T06:00:00+01:00,1597.7115,1599.001,1586.7025,1589.4225
2012-05-21T14:00:00+01:00,1589.3145,1595.992,1584.9785,1593.263
2012-05-21T22:00:00+01:00,1593.238,1594.6935,1588.847,1588.962
2012-05-22T06:00:00+01:00,1588.973,1591.1555,1573.13,1578.9435
2012-05-22T14:00:00+01:00,1578.963,1590.8365,1561.581,1568.312
2012-05-22T22:00:00+01:00,1568.313,1568.8825,1556.0355,1560.3385
2012-05-23T06:00:00+01:00,1560.3435,1563.0945,1551.7395,1562.303
2012-05-23T14:00:00+01:00,1562.283,1564.7965,1533.4685,1561.314
2012-05-23T22:00:00+01:00,1561.317,1563.607,1557.1615,1557.609
2012-05-24T06:00:00+01:00,1557.458,1576.42,1552.4515,1575.881
2012-05-24T14:00:00+01:00,1575.843,1578.0335,1551.7465,1559.2185
2012-05-24T22:00:00+01:00,1559.183,1559.789,1551.5195,1553.104
2012-05-25T06:00:00+01:00,1553.086,1567.4115,1552.867,1563.3735
2012-05-25T14:00:00+01:00,1563.3735,1574.3145,1562.1155,1572.5555
2012-05-27T22:00:00+01:00,1572.321,1578.1295,1571.6835,1577.6495
2012-05-28T06:00:00+01:00,1577.5535,1584.116,1576.0975,1577.124
2012-05-28T14:00:00+01:00,1577.298,1578.2995,1571.734,1573.2
2012-05-28T22:00:00+01:00,1573,1579.2505,1571.5615,1574.1865
2012-05-29T06:00:00+01:00,1574.2665,1579.522,1571.7015,1576.597
2012-05-29T14:00:00+01:00,1576.615,1582.82,1548.847,1555.25
2012-05-29T22:00:00+01:00,1555.205,1555.3475,1545.972,1548.2
2012-05-30T06:00:00+01:00,1548.176,1556.813,1545.8565,1548.858
2012-05-30T14:00:00+01:00,1548.903,1569.6795,1532.8405,1562.9725
2012-05-30T22:00:00+01:00,1562.96,1564.739,1559.3995,1561.825
2012-05-31T06:00:00+01:00,1561.845,1571.1805,1558.893,1566.449
2012-05-31T14:00:00+01:00,1566.464,1573.133,1552.2735,1560.641
2012-05-31T22:00:00+01:00,1560.633,1561.693,1551.3985,1557.563
2012-06-01T06:00:00+01:00,1557.571,1589.535,1545.1605,1581.4115
2012-06-01T14:00:00+01:00,1581.678,1629.983,1581.452,1624.45
2012-06-03T22:00:00+01:00,1624.136,1627.6745,1615.0505,1620.969
2012-06-04T06:00:00+01:00,1620.987,1628.2835,1614.718,1619.431
2012-06-04T14:00:00+01:00,1619.6575,1622.017,1608.817,1618.905
2012-06-04T22:00:00+01:00,1618.864,1623.7505,1617.5325,1620.146
2012-06-05T06:00:00+01:00,1620.13,1622.6025,1612.776,1617.613
2012-06-05T14:00:00+01:00,1617.4155,1620.2835,1612.4255,1617.099
2012-06-05T22:00:00+01:00,1617.116,1628.83,1615.4825,1626.074
2012-06-06T06:00:00+01:00,1626.094,1641.15,1622.9415,1633.6955
2012-06-06T14:00:00+01:00,1633.715,1640.3055,1613.558,1619.3995
2012-06-06T22:00:00+01:00,1619.4235,1626.079,1618.418,1621.8905
2012-06-07T06:00:00+01:00,1621.8745,1629.345,1612.936,1623.096
2012-06-07T14:00:00+01:00,1623.115,1627.203,1579.3535,1589.471
2012-06-07T22:00:00+01:00,1589.472,1592.43,1564.5815,1571.793
2012-06-08T06:00:00+01:00,1571.898,1583.4025,1565.74,1575.1155
2012-06-08T14:00:00+01:00,1575.0405,1595.35,1575.0405,1593.35
2012-06-10T22:00:00+01:00,1593.347,1608.414,1593.347,1598.388
2012-06-11T06:00:00+01:00,1598.4535,1603.1975,1587.8,1593.739
2012-06-11T14:00:00+01:00,1593.77,1601.042,1581.8925,1596.513
2012-06-11T22:00:00+01:00,1596.451,1596.4815,1588.518,1591.7665
2012-06-12T06:00:00+01:00,1591.8265,1600.705,1586.334,1600.2205
2012-06-12T14:00:00+01:00,1600.2035,1617.75,1600.1775,1609.7
2012-06-12T22:00:00+01:00,1609.9,1612.725,1606.19,1609.765
2012-06-13T06:00:00+01:00,1609.783,1623.759,1607.6915,1621.4995
2012-06-13T14:00:00+01:00,1621.4835,1624.8385,1611.7345,1617.0575
2012-06-13T22:00:00+01:00,1617.059,1623.9645,1615.216,1623.287
2012-06-14T06:00:00+01:00,1623.262,1628.029,1617.26,1626.7325
2012-06-14T14:00:00+01:00,1626.803,1627.227,1610.0715,1623.6
2012-06-14T22:00:00+01:00,1623.569,1626.9025,1620.926,1625.049
2012-06-15T06:00:00+01:00,1625.2095,1632.092,1620.053,1622.69
2012-06-15T14:00:00+01:00,1622.715,1632.623,1622.524,1627.115
2012-06-17T22:00:00+01:00,1626.75,1629.7005,1608.6075,1623.1
2012-06-18T06:00:00+01:00,1623.0705,1626.27,1617.0035,1619.153
2012-06-18T14:00:00+01:00,1619.072,1630.2095,1614.6935,1628.134
2012-06-18T22:00:00+01:00,1628.144,1631.027,1626.173,1628.727
2012-06-19T06:00:00+01:00,1628.744,1633.355,1626.213,1629.765
2012-06-19T14:00:00+01:00,1629.792,1630.4045,1617.59,1618.37
2012-06-19T22:00:00+01:00,1618.376,1622.7535,1617.184,1620.538
2012-06-20T06:00:00+01:00,1620.5635,1622.2275,1600.566,1605.135
2012-06-20T14:00:00+01:00,1605.1605,1620.732,1591.111,1607.412
2012-06-20T22:00:00+01:00,1607.417,1607.5225,1597.5585,1602.682
2012-06-21T06:00:00+01:00,1602.6975,1604.549,1584.1275,1588.563
2012-06-21T14:00:00+01:00,1588.513,1588.967,1564.556,1566.104
2012-06-21T22:00:00+01:00,1566.077,1569.4075,1561.799,1565.559
2012-06-22T06:00:00+01:00,1565.573,1572.6015,1559.8525,1566.5485
2012-06-22T14:00:00+01:00,1566.517,1573.5085,1558.611,1572.325
2012-06-24T22:00:00+01:00,1570.309,1576.7165,1567.83,1573.954
2012-06-25T06:00:00+01:00,1573.932,1574.49,1566.462,1571.153
2012-06-25T14:00:00+01:00,1571.096,1588.4665,1569.1445,1584.4655
2012-06-25T22:00:00+01:00,1584.4515,1586.773,1582.2455,1583.662
2012-06-26T06:00:00+01:00,1583.68,1587.053,1578.1305,1579.9035
2012-06-26T14:00:00+01:00,1579.7965,1580.636,1567.94,1572.822
2012-06-26T22:00:00+01:00,1572.827,1575.0635,1570.863,1572.041
2012-06-27T06:00:00+01:00,1572.018,1572.2735,1562.827,1565.7745
2012-06-27T14:00:00+01:00,1565.7835,1581.924,1564.847,1574.3
2012-06-27T22:00:00+01:00,1574.273,1579.122,1573.305,1575.3175
2012-06-28T06:00:00+01:00,1575.3335,1577.913,1566.177,1568.658
2012-06-28T14:00:00+01:00,1568.658,1568.827,1548.174,1552.744
2012-06-28T22:00:00+01:00,1552.58,1569.61,1551.2235,1563.265
2012-06-29T06:00:00+01:00,1563.2905,1600.3555,1562.788,1597.563
2012-06-29T14:00:00+01:00,1597.538,1607.117,1593.2495,1597.6
2012-07-01T22:00:00+01:00,1597.321,1600.081,1589.3215,1593.449
2012-07-02T06:00:00+01:00,1593.439,1597.8635,1587.33,1592.963
2012-07-02T14:00:00+01:00,1593.0335,1602.256,1590.952,1597.11
2012-07-02T22:00:00+01:00,1597.085,1605.214,1595.13,1602.85
2012-07-03T06:00:00+01:00,1602.8775,1616.9435,1602.2675,1616.081
2012-07-03T14:00:00+01:00,1616.099,1624.9585,1615.547,1617.4765
2012-07-03T22:00:00+01:00,1617.4805,1620.5595,1614.797,1616.9245
2012-07-04T06:00:00+01:00,1616.857,1619.9695,1611.663,1616.3985
2012-07-04T14:00:00+01:00,1616.3825,1617.1315,1612.84,1615.081
2012-07-04T22:00:00+01:00,1615.058,1619.153,1614.046,1616.118
2012-07-05T06:00:00+01:00,1616.14,1623.85,1597.805,1603.64
2012-07-05T14:00:00+01:00,1603.6615,1611.7555,1598.988,1604.6055
2012-07-05T22:00:00+01:00,1604.6005,1608.342,1602.75,1603.264
2012-07-06T06:00:00+01:00,1603.2735,1609.4585,1585.712,1589.2155
2012-07-06T14:00:00+01:00,1589.191,1593.154,1576.616,1583.65
2012-07-08T22:00:00+01:00,1583.277,1583.697,1576.937,1581.6145
2012-07-09T06:00:00+01:00,1581.6335,1587.1335,1580.095,1584.5935
2012-07-09T14:00:00+01:00,1584.612,1593.0235,1581.4445,1587.6915
2012-07-09T22:00:00+01:00,1587.6835,1589.533,1584.4565,1586.275
2012-07-10T06:00:00+01:00,1586.259,1601.292,1582.817,1601.0315
2012-07-10T14:00:00+01:00,1601.0005,1601.3515,1564.665,1567.192
2012-07-10T22:00:00+01:00,1567.2015,1576.211,1565.378,1574.246
2012-07-11T06:00:00+01:00,1574.282,1583.2315,1572.9775,1573.826
2012-07-11T14:00:00+01:00,1573.824,1581.502,1567.3435,1576.278
2012-07-11T22:00:00+01:00,1576.15,1578.214,1569.494,1571.169
2012-07-12T06:00:00+01:00,1571.079,1571.4425,1556.843,1559.806
2012-07-12T14:00:00+01:00,1559.81,1577.102,1555.096,1572.1045
2012-07-12T22:00:00+01:00,1572.1065,1572.8185,1566.1995,1570.779
2012-07-13T06:00:00+01:00,1570.756,1587.002,1569.9535,1582.5375
2012-07-13T14:00:00+01:00,1582.56,1596.9105,1579.342,1589.45
2012-07-15T22:00:00+01:00,1588.626,1592.959,1583.928,1590.315
2012-07-16T06:00:00+01:00,1590.2885,1591.056,1578.684,1589.3
2012-07-16T14:00:00+01:00,1589.324,1595.0065,1587.352,1589.528
2012-07-16T22:00:00+01:00,1589.584,1596.3995,1587.4835,1592.4465
2012-07-17T06:00:00+01:00,1592.277,1598.603,1586.137,1587.165
2012-07-17T14:00:00+01:00,1587.1745,1592.344,1571.7465,1583.4245
2012-07-17T22:00:00+01:00,1583.283,1586.146,1578.235,1581.29
2012-07-18T06:00:00+01:00,1581.274,1584.952,1567.8915,1569.867
2012-07-18T14:00:00+01:00,1569.897,1583.302,1569.4465,1573.461
2012-07-18T22:00:00+01:00,1573.486,1580.1115,1572.387,1578.147
2012-07-19T06:00:00+01:00,1578.127,1591.6755,1576.54,1584.2675
2012-07-19T14:00:00+01:00,1584.303,1590.3345,1576.67,1581.2285
2012-07-19T22:00:00+01:00,1581.2035,1585.358,1580.098,1583.0955
2012-07-20T06:00:00+01:00,1583.03,1587.002,1573.8245,1577.741
2012-07-20T14:00:00+01:00,1577.803,1587.1355,1574.594,1584.1305
2012-07-22T22:00:00+01:00,1583.085,1583.1745,1577.54,1578.318
2012-07-23T06:00:00+01:00,1578.301,1579.5135,1563.335,1569.185
2012-07-23T14:00:00+01:00,1569.2905,1580.502,1567.7175,1576.768
2012-07-23T22:00:00+01:00,1576.7675,1578.393,1574.689,1577.696
2012-07-24T06:00:00+01:00,1577.694,1579.902,1572.2735,1578.892
2012-07-24T14:00:00+01:00,1578.921,1584.513,1568.9945,1581.2425
2012-07-24T22:00:00+01:00,1581.2355,1585.5535,1578.4835,1584.3375
2012-07-25T06:00:00+01:00,1584.3195,1606.0635,1580.535,1602.0495
2012-07-25T14:00:00+01:00,1602.0765,1610.597,1598.373,1604.385
2012-07-25T22:00:00+01:00,1604.359,1605.74,1601.4135,1604.134
2012-07-26T06:00:00+01:00,1604.143,1621.903,1602,1614.3665
2012-07-26T14:00:00+01:00,1614.4055,1620.8035,1608.798,1615.8855
2012-07-26T22:00:00+01:00,1615.8775,1616.829,1611.934,1616.422
2012-07-27T06:00:00+01:00,1616.4505,1629.636,1616.03,1621.742
2012-07-27T14:00:00+01:00,1621.666,1628.234,1615.3895,1623.3
2012-07-29T22:00:00+01:00,1622.73,1626.4305,1620.1895,1621.377
2012-07-30T06:00:00+01:00,1621.347,1622.1155,1614.5885,1615.7805
2012-07-30T14:00:00+01:00,1615.88,1625.183,1615.297,1621.91
2012-07-30T22:00:00+01:00,1621.926,1625.523,1620.739,1623.43
2012-07-31T06:00:00+01:00,1623.455,1628.083,1619.774,1625.4255
2012-07-31T14:00:00+01:00,1625.2735,1625.809,1610.997,1614.6195
2012-07-31T22:00:00+01:00,1614.6265,1615.4745,1611.1685,1614.4685
2012-08-01T06:00:00+01:00,1614.4545,1618.723,1604.0145,1605.7125
2012-08-01T14:00:00+01:00,1605.736,1608.4585,1592.4875,1599.7765
2012-08-01T22:00:00+01:00,1599.7495,1603.835,1599.084,1601.6555
2012-08-02T06:00:00+01:00,1601.457,1613.419,1597.5595,1598.214
2012-08-02T14:00:00+01:00,1598.1845,1601.0035,1584.7475,1587.989
2012-08-02T22:00:00+01:00,1587.9595,1592.028,1587.2615,1590.0465
2012-08-03T06:00:00+01:00,1589.9995,1600.0305,1586.5415,1590.1285
2012-08-03T14:00:00+01:00,1590.101,1606.8335,1588.108,1603.15
2012-08-05T22:00:00+01:00,1601.925,1608.1015,1601.925,1607.978
2012-08-06T06:00:00+01:00,1607.954,1611.7935,1603.9215,1610.05
2012-08-06T14:00:00+01:00,1610.1015,1615.5,1605.5925,1610.7115
2012-08-06T22:00:00+01:00,1610.6875,1613.106,1609.067,1611.648
2012-08-07T06:00:00+01:00,1611.716,1618.6025,1609.389,1615.3455
2012-08-07T14:00:00+01:00,1615.3855,1616.18,1609.1575,1612.2865
2012-08-07T22:00:00+01:00,1612.2775,1612.7425,1609.3915,1609.5545
2012-08-08T06:00:00+01:00,1609.5715,1610.907,1603.4865,1608.5225
2012-08-08T14:00:00+01:00,1608.499,1616.9335,1607.527,1612.5155
2012-08-08T22:00:00+01:00,1612.5035,1617.667,1611.218,1616.198
2012-08-09T06:00:00+01:00,1616.2975,1617.5445,1609.7285,1613.4335
2012-08-09T14:00:00+01:00,1613.4425,1618.5125,1611.483,1617.193
2012-08-09T22:00:00+01:00,1617.1865,1618.3145,1611.7775,1612.0445
2012-08-10T06:00:00+01:00,1612.021,1614.213,1606.6415,1613.231
2012-08-10T14:00:00+01:00,1613.252,1626.425,1613.2375,1619.95
2012-08-12T22:00:00+01:00,1620.871,1625.1255,1619.1965,1624.007
2012-08-13T06:00:00+01:00,1624.0185,1625.7405,1619.027,1619.898
2012-08-13T14:00:00+01:00,1619.9595,1623.2995,1607.577,1609.878
2012-08-13T22:00:00+01:00,1609.853,1613.802,1609.19,1612.3905
2012-08-14T06:00:00+01:00,1612.364,1616.445,1595.2365,1596.6805
2012-08-14T14:00:00+01:00,1596.6625,1603.9895,1595.4125,1599.0215
2012-08-14T22:00:00+01:00,1599.0975,1602.343,1598.149,1601.745
2012-08-15T06:00:00+01:00,1601.725,1603.3165,1590.3105,1601.002
2012-08-15T14:00:00+01:00,1600.9495,1606.3025,1600.392,1602.995
2012-08-15T22:00:00+01:00,1602.9695,1607.043,1601.974,1603.3525
2012-08-16T06:00:00+01:00,1603.295,1608.908,1600.9565,1607.529
2012-08-16T14:00:00+01:00,1607.55,1618.502,1603.385,1615.146
2012-08-16T22:00:00+01:00,1615.164,1617.089,1613.558,1615.714
2012-08-17T06:00:00+01:00,1615.733,1619.847,1612.63,1618.545
2012-08-17T14:00:00+01:00,1618.553,1619.625,1611.898,1615.745
2012-08-19T22:00:00+01:00,1615.518,1619.9925,1615.518,1619.5255
2012-08-20T06:00:00+01:00,1619.4655,1620.0665,1610.3465,1613.2565
2012-08-20T14:00:00+01:00,1613.2365,1622.702,1612.467,1620.42
2012-08-20T22:00:00+01:00,1620.421,1622.672,1618.735,1622.6105
2012-08-21T06:00:00+01:00,1622.5775,1638.572,1621.945,1636.4465
2012-08-21T14:00:00+01:00,1636.4415,1641.523,1636.1245,1637.9
2012-08-21T22:00:00+01:00,1637.879,1640.0595,1636.436,1639.35
2012-08-22T06:00:00+01:00,1639.3605,1645.2165,1636.7805,1640.086
2012-08-22T14:00:00+01:00,1640.1035,1656.1065,1634.939,1654.3405
2012-08-22T22:00:00+01:00,1654.3415,1665.302,1648.083,1663.315
2012-08-23T06:00:00+01:00,1663.307,1667.1905,1657.355,1662.7235
2012-08-23T14:00:00+01:00,1662.7005,1675.0065,1662.625,1670.703
2012-08-23T22:00:00+01:00,1670.712,1670.795,1665.0155,1666.747
2012-08-24T06:00:00+01:00,1666.684,1670.867,1662.644,1667.8665
2012-08-24T14:00:00+01:00,1667.8905,1674.0135,1663.63,1670.7
2012-08-26T22:00:00+01:00,1670.32,1677.005,1670.3125,1675.06
2012-08-27T06:00:00+01:00,1675.08,1676.835,1668.16,1668.59
2012-08-27T14:00:00+01:00,1668.63,1673.502,1663.298,1664.002
2012-08-27T22:00:00+01:00,1664.0035,1666.5735,1657.418,1660.2045
2012-08-28T06:00:00+01:00,1660.226,1666.558,1659.116,1664.229
2012-08-28T14:00:00+01:00,1664.2065,1672.469,1663.28,1666.4975
2012-08-28T22:00:00+01:00,1666.5205,1669.3175,1664.3865,1668.932
2012-08-29T06:00:00+01:00,1668.919,1670.0535,1661.9865,1666.2605
2012-08-29T14:00:00+01:00,1666.2755,1667.9095,1652.7925,1656.434
2012-08-29T22:00:00+01:00,1656.46,1658.5825,1654.6965,1656.877
2012-08-30T06:00:00+01:00,1656.824,1664.3,1655.194,1663.4035
2012-08-30T14:00:00+01:00,1663.3665,1664.1215,1651.7925,1655.521
2012-08-30T22:00:00+01:00,1655.5,1657.4415,1652.8975,1655.605
2012-08-31T06:00:00+01:00,1655.537,1663.72,1654.3365,1661.7685
2012-08-31T14:00:00+01:00,1661.7875,1693.1805,1647.065,1691.871
2012-09-02T22:00:00+01:00,1691.3795,1693.0255,1685.939,1691.413
2012-09-03T06:00:00+01:00,1691.416,1691.983,1685.5655,1689.674
2012-09-03T14:00:00+01:00,1689.6645,1695.311,1689.312,1691.9
2012-09-03T22:00:00+01:00,1691.9,1697.3025,1690.612,1695.0205
2012-09-04T06:00:00+01:00,1695.031,1696.6025,1689.535,1690.886
2012-09-04T14:00:00+01:00,1690.9225,1698.9925,1688.1045,1695.854
2012-09-04T22:00:00+01:00,1695.831,1696.091,1690.407,1692.1925
2012-09-05T06:00:00+01:00,1692.1385,1694.551,1687.449,1692.983
2012-09-05T14:00:00+01:00,1692.9755,1695.248,1689.4825,1693.025
2012-09-05T22:00:00+01:00,1693.0525,1698.706,1691.679,1696.897
2012-09-06T06:00:00+01:00,1696.8775,1713.321,1696.1745,1702.1225
2012-09-06T14:00:00+01:00,1702.213,1709.558,1699.798,1700.328
2012-09-06T22:00:00+01:00,1700.322,1701.7275,1689.198,1692.594
2012-09-07T06:00:00+01:00,1692.703,1728.498,1689.898,1724.9925
2012-09-07T14:00:00+01:00,1724.9745,1741.4595,1723.824,1735.7
2012-09-09T22:00:00+01:00,1734.919,1740.189,1733.8145,1738.121
2012-09-10T06:00:00+01:00,1738.112,1738.215,1728.8965,1730.5975
2012-09-10T14:00:00+01:00,1730.618,1734.1025,1724.95,1726.149
2012-09-10T22:00:00+01:00,1726.115,1732.902,1724.4395,1729.764
2012-09-11T06:00:00+01:00,1729.7865,1735.117,1727.625,1734.2285
2012-09-11T14:00:00+01:00,1734.2475,1738.1145,1730.6755,1732.082
2012-09-11T22:00:00+01:00,1732.086,1736.4935,1731.033,1735.9075
2012-09-12T06:00:00+01:00,1735.907,1746.6155,1734.469,1737.708
2012-09-12T14:00:00+01:00,1737.6665,1741.7075,1726.057,1730.7
2012-09-12T22:00:00+01:00,1730.679,1733.322,1729.433,1731.546
2012-09-13T06:00:00+01:00,1731.488,1736.1645,1728.647,1733.803
2012-09-13T14:00:00+01:00,1733.892,1772.7905,1722.2765,1767.0275
2012-09-13T22:00:00+01:00,1767.0705,1777.602,1766.392,1777.479
2012-09-14T06:00:00+01:00,1777.492,1777.9255,1765.8595,1770.27
2012-09-14T14:00:00+01:00,1770.249,1776.1995,1766.95,1770.45
2012-09-16T22:00:00+01:00,1769.605,1776.834,1769.605,1775.064
2012-09-17T06:00:00+01:00,1775.0655,1776.191,1767.536,1770.713
2012-09-17T14:00:00+01:00,1770.688,1773.432,1754.5195,1761.2845
2012-09-17T22:00:00+01:00,1761.2925,1764.066,1753.7945,1756.5785
2012-09-18T06:00:00+01:00,1756.546,1765.4395,1752.7765,1763.355
2012-09-18T14:00:00+01:00,1763.3855,1773.5005,1760.4845,1771.6505
2012-09-18T22:00:00+01:00,1771.75,1773.014,1765.237,1771.9395
2012-09-19T06:00:00+01:00,1771.9145,1779.5555,1765.044,1771.25
2012-09-19T14:00:00+01:00,1771.205,1774.325,1765.75,1769.9645
2012-09-19T22:00:00+01:00,1769.9855,1772.45,1763.5795,1764.05
2012-09-20T06:00:00+01:00,1764.0945,1766.995,1756.005,1765.79
2012-09-20T14:00:00+01:00,1765.7655,1770.8245,1756.678,1768.26
2012-09-20T22:00:00+01:00,1768.3,1773.65,1766.58,1772.0355
2012-09-21T06:00:00+01:00,1772.0455,1786.7905,1770.1905,1786.6675
2012-09-21T14:00:00+01:00,1786.6975,1787.522,1769.457,1772.6
2012-09-23T22:00:00+01:00,1771.216,1772.5585,1757.7165,1761.4865
2012-09-24T06:00:00+01:00,1761.598,1763.682,1755.8895,1760.7555
2012-09-24T14:00:00+01:00,1760.7575,1767.613,1759.664,1764.3795
2012-09-24T22:00:00+01:00,1764.3825,1767.8485,1763.7735,1765.046
2012-09-25T06:00:00+01:00,1765.03,1774.933,1762.0185,1772.0025
2012-09-25T14:00:00+01:00,1771.9315,1775.143,1758.9005,1760.791
2012-09-25T22:00:00+01:00,1760.809,1765.4855,1759.241,1762.258
2012-09-26T06:00:00+01:00,1762.3025,1765.7025,1740.3295,1746.8385
2012-09-26T14:00:00+01:00,1746.8605,1753.9025,1737.672,1752.6695
2012-09-26T22:00:00+01:00,1752.646,1757.152,1751.2165,1755.563
2012-09-27T06:00:00+01:00,1755.542,1768.1045,1753.015,1764.355
2012-09-27T14:00:00+01:00,1764.3805,1780.4455,1761.5305,1777.433
2012-09-27T22:00:00+01:00,1777.435,1782.4845,1776.039,1781.543
2012-09-28T06:00:00+01:00,1781.442,1783.343,1773.7085,1776.6295
2012-09-28T14:00:00+01:00,1776.65,1779.0095,1767.5645,1772.595
2012-09-30T22:00:00+01:00,1771.053,1771.3845,1763.5385,1765.855
2012-10-01T06:00:00+01:00,1765.835,1786.126,1765.029,1784.9785
2012-10-01T14:00:00+01:00,1784.887,1791.8215,1772.307,1775.501
2012-10-01T22:00:00+01:00,1775.479,1780.7155,1773.5635,1777.808
2012-10-02T06:00:00+01:00,1777.8,1784.444,1774.598,1775.924
2012-10-02T14:00:00+01:00,1776.0615,1780.972,1771.425,1774.652
2012-10-02T22:00:00+01:00,1774.659,1774.8595,1771.065,1774.478
2012-10-03T06:00:00+01:00,1774.538,1781.945,1771.798,1776.8205
2012-10-03T14:00:00+01:00,1776.7125,1780.303,1773.393,1777.879
2012-10-03T22:00:00+01:00,1777.853,1783.0565,1777.3,1782.504
2012-10-04T06:00:00+01:00,1782.48,1794.825,1780.659,1787.207
2012-10-04T14:00:00+01:00,1787.187,1795.321,1784.007,1790.336
2012-10-04T22:00:00+01:00,1790.314,1796.016,1788.9285,1794.195
2012-10-05T06:00:00+01:00,1794.171,1794.6805,1773.275,1783.6245
2012-10-05T14:00:00+01:00,1783.6465,1788.228,1774.685,1780.768
2012-10-07T22:00:00+01:00,1779.98,1780.227,1767.41,1771.5975
2012-10-08T06:00:00+01:00,1771.498,1772.5525,1766.7875,1770.4425
2012-10-08T14:00:00+01:00,1770.443,1777.1745,1770.372,1774.939
2012-10-08T22:00:00+01:00,1774.915,1779.891,1774.15,1778.4135
2012-10-09T06:00:00+01:00,1778.4325,1779.0795,1770.538,1774.588
2012-10-09T14:00:00+01:00,1774.566,1776.223,1760.5245,1764.314
2012-10-09T22:00:00+01:00,1764.323,1765.95,1760.694,1764.072
2012-10-10T06:00:00+01:00,1764.0885,1768.324,1757.4395,1760.655
2012-10-10T14:00:00+01:00,1760.669,1767.624,1757.2495,1762.34
2012-10-10T22:00:00+01:00,1762.301,1765.556,1758.608,1764.504
2012-10-11T06:00:00+01:00,1764.524,1774.95,1763.1155,1767.218
2012-10-11T14:00:00+01:00,1767.223,1773.7355,1766,1767.252
2012-10-11T22:00:00+01:00,1767.235,1770.9345,1766.4245,1768.75
2012-10-12T06:00:00+01:00,1768.6875,1773.337,1766.745,1771.346
2012-10-12T14:00:00+01:00,1771.3565,1772.1125,1752.2835,1753.965
2012-10-14T22:00:00+01:00,1752.9565,1753.775,1741.812,1744.7045
2012-10-15T06:00:00+01:00,1744.7045,1749.2535,1741.4795,1743.2555
2012-10-15T14:00:00+01:00,1743.2895,1744.955,1728.8425,1737.3655
2012-10-15T22:00:00+01:00,1737.3645,1738.379,1734.9105,1737.4485
2012-10-16T06:00:00+01:00,1737.3985,1745.431,1736.75,1742.545
2012-10-16T14:00:00+01:00,1742.5545,1748.163,1740.11,1747.484
2012-10-16T22:00:00+01:00,1747.495,1753.085,1745.7535,1751.35
2012-10-17T06:00:00+01:00,1751.3795,1753.5875,1745.8245,1748.535
2012-10-17T14:00:00+01:00,1748.5225,1753.2865,1742.9355,1750.106
2012-10-17T22:00:00+01:00,1750.11,1752.1495,1747.6435,1749.45
2012-10-18T06:00:00+01:00,1749.45,1751.5445,1738.505,1741.8295
2012-10-18T14:00:00+01:00,1741.75,1746.455,1739.6095,1741.389
2012-10-18T22:00:00+01:00,1741.398,1743.5895,1735.9645,1737.2345
2012-10-19T06:00:00+01:00,1737.2535,1739.1895,1731.477,1737.0385
2012-10-19T14:00:00+01:00,1737.0485,1738.6925,1717.119,1721.722
2012-10-21T22:00:00+01:00,1720.717,1727.0805,1713.81,1725.6385
2012-10-22T06:00:00+01:00,1725.647,1727.6805,1721.5905,1725.074
2012-10-22T14:00:00+01:00,1725.086,1729.4255,1722.658,1728.437
2012-10-22T22:00:00+01:00,1728.43,1730.3235,1724.35,1724.35
2012-10-23T06:00:00+01:00,1724.3395,1724.9675,1706.2855,1709.39
2012-10-23T14:00:00+01:00,1709.39,1713.76,1703.9975,1707.825
2012-10-23T22:00:00+01:00,1707.826,1714.5025,1706.363,1711.0895
2012-10-24T06:00:00+01:00,1711.1,1712.685,1705.7745,1710.917
2012-10-24T14:00:00+01:00,1710.877,1712.652,1698.9755,1701.9755
2012-10-24T22:00:00+01:00,1701.9695,1709.0155,1701.011,1707.6855
2012-10-25T06:00:00+01:00,1707.715,1717.955,1707.1285,1715.05
2012-10-25T14:00:00+01:00,1715.05,1717.943,1709.727,1712.048
2012-10-25T22:00:00+01:00,1712.058,1714.973,1704.4495,1705.5845
2012-10-26T06:00:00+01:00,1705.533,1712.463,1700.877,1712.4045
2012-10-26T14:00:00+01:00,1712.3785,1718.5495,1710.649,1711.3725
2012-10-28T21:00:00+00:00,1710.714,1716.2075,1710.5035,1715.0475
2012-10-29T05:00:00+00:00,1715.0495,1717.35,1707.1945,1711.7115
2012-10-29T13:00:00+00:00,1711.722,1714.115,1706.14,1709.3415
2012-10-29T21:00:00+00:00,1709.3455,1711.6745,1705.4,1711.207
2012-10-30T05:00:00+00:00,1711.2205,1715.33,1708.43,1713.0915
2012-10-30T13:00:00+00:00,1713.0935,1713.8155,1709.161,1709.6635
2012-10-30T21:00:00+00:00,1709.6625,1712.872,1708.493,1711.5195
2012-10-31T05:00:00+00:00,1711.49,1722.1855,1711.1295,1717.8245
2012-10-31T13:00:00+00:00,1717.84,1726.11,1716.3625,1720.673
2012-10-31T21:00:00+00:00,1720.735,1722.244,1717.9565,1721.5065
2012-11-01T05:00:00+00:00,1721.5165,1727.01,1719.5175,1722.395
2012-11-01T13:00:00+00:00,1722.4045,1724.15,1713.7605,1714.333
2012-11-01T21:00:00+00:00,1714.318,1716.9165,1708.419,1708.848
2012-11-02T05:00:00+00:00,1708.8405,1711.2445,1692.9675,1695.5285
2012-11-02T13:00:00+00:00,1695.6245,1698.152,1674.8045,1678.082
2012-11-04T22:00:00+00:00,1675.785,1684.1665,1675.752,1679.4495
2012-11-05T06:00:00+00:00,1679.4495,1683.1555,1672.677,1682.2145
2012-11-05T14:00:00+00:00,1682.2295,1686.299,1680.2195,1684.9515
2012-11-05T22:00:00+00:00,1684.9595,1687.2205,1683.7395,1686.3385
2012-11-06T06:00:00+00:00,1686.3535,1694.2805,1684.3045,1691.6995
2012-11-06T14:00:00+00:00,1691.6995,1721.05,1688.771,1715.999
2012-11-06T22:00:00+00:00,1715.9935,1726.6555,1705.9235,1723.548
2012-11-07T06:00:00+00:00,1723.569,1731.7365,1717.007,1727.4395
2012-11-07T14:00:00+00:00,1727.4395,1727.5155,1703.3485,1717.6765
2012-11-07T22:00:00+00:00,1717.679,1720.464,1714.393,1718.75
2012-11-08T06:00:00+00:00,1718.7495,1721.295,1713.0905,1715.5
2012-11-08T14:00:00+00:00,1715.52,1735.0705,1712.85,1731.48
2012-11-08T22:00:00+00:00,1731.479,1738.1655,1729.4345,1737.6605
2012-11-09T06:00:00+00:00,1737.65,1737.843,1727.1805,1732.12
2012-11-09T14:00:00+00:00,1732.135,1738.9295,1729.138,1731.19
2012-11-11T22:00:00+00:00,1731.49,1736.6945,1731.49,1735.4245
2012-11-12T06:00:00+00:00,1735.4245,1738.05,1732.6965,1733.8095
2012-11-12T14:00:00+00:00,1733.82,1736.5135,1725.972,1728.31
2012-11-12T22:00:00+00:00,1728.29,1728.775,1721.546,1726.05
2012-11-13T06:00:00+00:00,1726.05,1731.2215,1722.16,1726.15
2012-11-13T14:00:00+00:00,1726.19,1732.924,1718.1755,1724.99
2012-11-13T22:00:00+00:00,1725.01,1729.7795,1723.606,1728.4945
2012-11-14T06:00:00+00:00,1728.484,1730.57,1720.7955,1728.15
2012-11-14T14:00:00+00:00,1728.15,1733.532,1721.913,1726.706
2012-11-14T22:00:00+00:00,1726.6955,1728.0075,1723.0025,1725.203
2012-11-15T06:00:00+00:00,1725.2115,1726.8,1716.7245,1723.385
2012-11-15T14:00:00+00:00,1723.4195,1725.015,1705.0745,1715.8215
2012-11-15T22:00:00+00:00,1715.835,1717.467,1711.75,1713.9045
2012-11-16T06:00:00+00:00,1713.8605,1716.165,1705.89,1712.4865
2012-11-16T14:00:00+00:00,1712.509,1716.6875,1708.346,1713.801
2012-11-18T22:00:00+00:00,1713.7165,1723.8705,1713.7165,1721.95
2012-11-19T06:00:00+00:00,1721.9495,1731.873,1721.4605,1731.4345
2012-11-19T14:00:00+00:00,1731.4345,1735.595,1727.665,1731.6475
2012-11-19T22:00:00+00:00,1731.6435,1734.95,1728.795,1734.2905
2012-11-20T06:00:00+00:00,1734.3555,1735.6655,1730.358,1732.2525
2012-11-20T14:00:00+00:00,1732.225,1734.0735,1722.281,1727.0315
2012-11-20T22:00:00+00:00,1727.0165,1730.217,1720.905,1724.2085
2012-11-21T06:00:00+00:00,1724.218,1729.1345,1722.712,1725.8445
2012-11-21T14:00:00+00:00,1725.865,1732.1495,1723.4165,1728.805
2012-11-21T22:00:00+00:00,1728.795,1732.726,1727.8545,1731.2655
2012-11-22T06:00:00+00:00,1731.2145,1732.3335,1728.6145,1730.865
2012-11-22T14:00:00+00:00,1730.9095,1732.3125,1729.1675,1729.4365
2012-11-22T22:00:00+00:00,1729.4465,1730.7235,1728.7525,1730.2095
2012-11-23T06:00:00+00:00,1730.2115,1734.957,1730.1945,1732.255
2012-11-23T14:00:00+00:00,1732.3045,1754.2375,1732.1095,1749.4185
2012-11-25T22:00:00+00:00,1751.129,1752.0335,1747.7045,1750.5545
2012-11-26T06:00:00+00:00,1750.564,1752.233,1746.1145,1751.3035
2012-11-26T14:00:00+00:00,1751.2935,1751.7445,1747.05,1748.675
2012-11-26T22:00:00+00:00,1748.6655,1751.956,1747.2905,1750.191
2012-11-27T06:00:00+00:00,1750.1565,1750.7145,1745.55,1748.405
2012-11-27T14:00:00+00:00,1748.405,1748.9525,1740.6195,1742.1905
2012-11-27T22:00:00+00:00,1742.1825,1743.25,1738.6495,1739.176
2012-11-28T06:00:00+00:00,1739.1755,1742.1855,1711.5265,1715.1405
2012-11-28T14:00:00+00:00,1715.126,1721.95,1706.178,1719.7935
2012-11-28T22:00:00+00:00,1719.779,1723.9155,1718.869,1719.7345
2012-11-29T06:00:00+00:00,1719.673,1727.985,1718.238,1723.4
2012-11-29T14:00:00+00:00,1723.42,1728.4445,1722.1705,1725.8365
2012-11-29T22:00:00+00:00,1725.847,1730.8295,1724.42,1730.61
2012-11-30T06:00:00+00:00,1730.61,1731.765,1720.45,1723.4505
2012-11-30T14:00:00+00:00,1723.4595,1726.22,1708.5725,1714.885
2012-12-02T22:00:00+00:00,1713.007,1720.75,1712.9465,1719.4145
2012-12-03T06:00:00+00:00,1719.356,1721.1915,1714.2065,1716.6505
2012-12-03T14:00:00+00:00,1716.6505,1722.1295,1712.9,1716.0435
2012-12-03T22:00:00+00:00,1716.0415,1717.506,1699.598,1700.8555
2012-12-04T06:00:00+00:00,1700.76,1708.901,1692.802,1694.35
2012-12-04T14:00:00+00:00,1694.3495,1701.6065,1691.406,1697.529
2012-12-04T22:00:00+00:00,1697.523,1702.6625,1695.0855,1701.95
2012-12-05T06:00:00+00:00,1701.95,1706.9635,1697.331,1699.213
2012-12-05T14:00:00+00:00,1699.183,1699.298,1685.006,1693.97
2012-12-05T22:00:00+00:00,1693.953,1696.485,1687.5785,1688.9615
2012-12-06T06:00:00+00:00,1688.9615,1694.302,1685.9925,1688.946
2012-12-06T14:00:00+00:00,1688.921,1703.3365,1686.3865,1699.915
2012-12-06T22:00:00+00:00,1699.92,1703.973,1699.095,1701.606
2012-12-07T06:00:00+00:00,1701.631,1703.306,1685.244,1697.531
2012-12-07T14:00:00+00:00,1697.549,1705.5255,1695.031,1704.095
2012-12-09T22:00:00+00:00,1702.998,1708.8745,1702.7695,1708.7445
2012-12-10T06:00:00+00:00,1708.7525,1717.4195,1707.1595,1715.6095
2012-12-10T14:00:00+00:00,1715.5755,1716.2095,1710.95,1712.895
2012-12-10T22:00:00+00:00,1712.883,1713.1,1706.9755,1709.4505
2012-12-11T06:00:00+00:00,1709.3865,1714.5015,1708.0535,1712.65
2012-12-11T14:00:00+00:00,1712.6385,1713.3805,1704.9705,1709.9725
2012-12-11T22:00:00+00:00,1709.971,1712.254,1708.421,1710.7605
2012-12-12T06:00:00+00:00,1710.764,1717.8675,1710.5015,1716.114
2012-12-12T14:00:00+00:00,1716.1355,1723.4455,1707.7455,1711.6845
2012-12-12T22:00:00+00:00,1711.688,1711.7155,1694.2145,1698.1585
2012-12-13T06:00:00+00:00,1698.1815,1700.8095,1691.142,1694.2195
2012-12-13T14:00:00+00:00,1694.239,1702.572,1689.5865,1697.225
2012-12-13T22:00:00+00:00,1697.188,1700.3875,1694.3255,1697.8455
2012-12-14T06:00:00+00:00,1697.85,1700.645,1694.0375,1696.095
2012-12-14T14:00:00+00:00,1696.095,1698.1035,1693.7695,1695.74
2012-12-16T22:00:00+00:00,1694.476,1699.9755,1689.2515,1691.1755
2012-12-17T06:00:00+00:00,1691.1605,1698.16,1686.6895,1696.845
2012-12-17T14:00:00+00:00,1696.865,1699.4015,1694.68,1698.17
2012-12-17T22:00:00+00:00,1698.09,1703.2965,1696.2605,1702.5855
2012-12-18T06:00:00+00:00,1702.5955,1703.0605,1696.1805,1697.4445
2012-12-18T14:00:00+00:00,1697.4445,1698.6245,1661.502,1671.345
2012-12-18T22:00:00+00:00,1671.3385,1676.9515,1668.468,1674.95
2012-12-19T06:00:00+00:00,1674.95,1676.8395,1665.217,1666.0095
2012-12-19T14:00:00+00:00,1665.9595,1674.65,1663.55,1667.315
2012-12-19T22:00:00+00:00,1667.275,1669.717,1663.4425,1667.9455
2012-12-20T06:00:00+00:00,1667.8955,1671.9645,1652.69,1652.8175
2012-12-20T14:00:00+00:00,1652.803,1656.398,1635.8355,1648.076
2012-12-20T22:00:00+00:00,1648.0755,1649.2125,1635.6955,1643.746
2012-12-21T06:00:00+00:00,1643.698,1651.8095,1643.6665,1648.8995
2012-12-21T14:00:00+00:00,1648.8045,1659.893,1647.9395,1657.17
2012-12-23T22:00:00+00:00,1656.09,1659.998,1652.0905,1659.6245
2012-12-24T06:00:00+00:00,1659.6495,1665.9435,1659.0695,1661.2505
2012-12-24T14:00:00+00:00,1661.2355,1662.15,1656.917,1658.2
2012-12-25T22:00:00+00:00,1651.6885,1656.0355,1651.562,1655.3895
2012-12-26T06:00:00+00:00,1655.3895,1662.7605,1655.1845,1662.39
2012-12-26T14:00:00+00:00,1662.409,1667.965,1658.9445,1659.597
2012-12-26T22:00:00+00:00,1659.5635,1659.977,1653.5475,1656.4945
2012-12-27T06:00:00+00:00,1656.495,1659.385,1653.6205,1656.05
2012-12-27T14:00:00+00:00,1656.0445,1665.602,1652.9555,1664.12
2012-12-27T22:00:00+00:00,1664.106,1665.608,1660.75,1662.7815
2012-12-28T06:00:00+00:00,1662.771,1662.85,1657.624,1662.305
2012-12-28T14:00:00+00:00,1662.3395,1662.35,1653.85,1655.987
2012-12-30T22:00:00+00:00,1654.219,1664.0415,1654.219,1663.7145
2012-12-31T06:00:00+00:00,1663.683,1668.9745,1657.365,1661.2645
2012-12-31T14:00:00+00:00,1661.2455,1680.0455,1660.186,1675.305
2012-12-31T22:00:00+00:00,1675.289,1675.573,1674.533,1675
2013-01-01T22:00:00+00:00,1675.125,1680.5805,1670.55,1680.1305
2013-01-02T06:00:00+00:00,1680.1455,1691.767,1679.8615,1689.6695
2013-01-02T14:00:00+00:00,1689.6695,1695.0235,1684.808,1686.8285
2013-01-02T22:00:00+00:00,1686.8335,1690.1545,1685.695,1686.7095
2013-01-03T06:00:00+00:00,1686.7195,1688.3395,1675.0885,1676.722
2013-01-03T14:00:00+00:00,1676.7355,1681.9755,1660.9895,1663.805
2013-01-03T22:00:00+00:00,1663.8185,1664.222,1645.514,1651.9745
2013-01-04T06:00:00+00:00,1651.9745,1654.1445,1626.565,1645.9295
2013-01-04T14:00:00+00:00,1645.8645,1658.7665,1640.7395,1655.775
2013-01-06T22:00:00+00:00,1656.21,1662.4685,1655.753,1661.5645
2013-01-07T06:00:00+00:00,1661.5535,1661.9745,1645.5195,1646.2705
2013-01-07T14:00:00+00:00,1646.2705,1651.8755,1643.2285,1647.0345
2013-01-07T22:00:00+00:00,1647.0385,1653.105,1646.8365,1649.7255
2013-01-08T06:00:00+00:00,1649.7255,1657.4295,1647.563,1652.9295
2013-01-08T14:00:00+00:00,1652.955,1662.65,1652.548,1659.25
2013-01-08T22:00:00+00:00,1659.225,1662.7355,1657.5855,1662.4025
2013-01-09T06:00:00+00:00,1662.352,1665.9145,1658.4975,1663.8315
2013-01-09T14:00:00+00:00,1663.8355,1664.137,1651.5445,1657.8365
2013-01-09T22:00:00+00:00,1657.8315,1658.7665,1654.047,1657.8185
2013-01-10T06:00:00+00:00,1657.81,1672.405,1657.751,1669.4145
2013-01-10T14:00:00+00:00,1669.4245,1678.89,1667.95,1675.318
2013-01-10T22:00:00+00:00,1675.315,1676.2395,1671.25,1672.7595
2013-01-11T06:00:00+00:00,1672.7485,1677.005,1666.8905,1675.102
2013-01-11T14:00:00+00:00,1675.037,1675.221,1654.0135,1663.0755
2013-01-13T22:00:00+00:00,1662.555,1668.1595,1660.1995,1666.743
2013-01-14T06:00:00+00:00,1666.707,1674.957,1665.978,1671.6445
2013-01-14T14:00:00+00:00,1671.587,1673.322,1664.2405,1667.7885
2013-01-14T22:00:00+00:00,1667.8005,1674.0655,1666.5555,1671.1555
2013-01-15T06:00:00+00:00,1671.1565,1684.516,1670.65,1681.568
2013-01-15T14:00:00+00:00,1681.6335,1685.3145,1676.9815,1679.415
2013-01-15T22:00:00+00:00,1679.435,1684.7075,1678.9165,1682.519
2013-01-16T06:00:00+00:00,1682.633,1684.9815,1673.817,1678.2045
2013-01-16T14:00:00+00:00,1678.145,1683.802,1674.797,1679.975
2013-01-16T22:00:00+00:00,1679.95,1681.1,1676.678,1678.889
2013-01-17T06:00:00+00:00,1678.897,1684.0595,1669.571,1669.609
2013-01-17T14:00:00+00:00,1669.57,1695.5245,1666.8725,1687.715
2013-01-17T22:00:00+00:00,1687.625,1691.0345,1685.855,1691.0315
2013-01-18T06:00:00+00:00,1691.076,1695.3605,1688.6345,1693.007
2013-01-18T14:00:00+00:00,1693.017,1694.6825,1683.7495,1684.2
2013-01-20T22:00:00+00:00,1685.9855,1691.443,1685.0395,1690.053
2013-01-21T06:00:00+00:00,1690.0845,1691.4065,1686.491,1686.491
2013-01-21T14:00:00+00:00,1686.469,1690.042,1685.9905,1689.33
2013-01-21T22:00:00+00:00,1689.352,1694.56,1689.2465,1694.543
2013-01-22T06:00:00+00:00,1694.541,1694.644,1688.4725,1691.5585
2013-01-22T14:00:00+00:00,1691.5755,1696.225,1686.9105,1692.708
2013-01-22T22:00:00+00:00,1692.606,1695.1185,1691.8815,1692.242
2013-01-23T06:00:00+00:00,1692.259,1695.2,1690.7025,1693.202
2013-01-23T14:00:00+00:00,1693.087,1693.5415,1684.035,1685.855
2013-01-23T22:00:00+00:00,1685.788,1686.3115,1677.6515,1678.7125
2013-01-24T06:00:00+00:00,1678.7035,1683.3405,1669.58,1673.648
2013-01-24T14:00:00+00:00,1673.6985,1676.032,1665.15,1668.055
2013-01-24T22:00:00+00:00,1668.058,1670.553,1663.5945,1669.5175
2013-01-25T06:00:00+00:00,1669.563,1672.4915,1660.3335,1662.01
2013-01-25T14:00:00+00:00,1662.0505,1663.302,1656.01,1658.785
2013-01-27T22:00:00+00:00,1659.055,1661.546,1658.071,1660.6315
2013-01-28T06:00:00+00:00,1660.6135,1662.5025,1652.185,1654.902
2013-01-28T14:00:00+00:00,1654.9155,1660.1815,1653.024,1655.695
2013-01-28T22:00:00+00:00,1655.725,1661.691,1654.755,1661.408
2013-01-29T06:00:00+00:00,1661.42,1664.9525,1660.3515,1663.3245
2013-01-29T14:00:00+00:00,1663.3405,1666.086,1659.896,1663.782
2013-01-29T22:00:00+00:00,1663.7,1667.6295,1662.9235,1666.879
2013-01-30T06:00:00+00:00,1666.8395,1678.3225,1663.221,1675.602
2013-01-30T14:00:00+00:00,1675.482,1683.937,1674.5955,1677.155
2013-01-30T22:00:00+00:00,1677.153,1680.909,1675.925,1680.148
2013-01-31T06:00:00+00:00,1680.164,1680.685,1670.6255,1672.0955
2013-01-31T14:00:00+00:00,1672.1605,1672.1605,1658.0035,1663.76
2013-01-31T22:00:00+00:00,1663.612,1664.8025,1660.141,1662.1345
2013-02-01T06:00:00+00:00,1662.2025,1675.0835,1661.8275,1672.4045
2013-02-01T14:00:00+00:00,1672.3915,1682.2435,1663.5715,1667.5
2013-02-03T22:00:00+00:00,1668.7,1673.3695,1665.15,1672.1405
2013-02-04T06:00:00+00:00,1672.1255,1673.0305,1662.2025,1663.6745
2013-02-04T14:00:00+00:00,1663.696,1677.7225,1661.9745,1674.385
2013-02-04T22:00:00+00:00,1674.403,1676.373,1670.6375,1676.0195
2013-02-05T06:00:00+00:00,1676.0025,1685.0375,1672.598,1683.18
2013-02-05T14:00:00+00:00,1683.1025,1683.9055,1666.76,1672.985
2013-02-05T22:00:00+00:00,1672.967,1675.1385,1671.3345,1673.455
2013-02-06T06:00:00+00:00,1673.47,1678.202,1668.38,1674.367
2013-02-06T14:00:00+00:00,1674.4195,1679.765,1673.43,1677.735
2013-02-06T22:00:00+00:00,1677.775,1681.478,1676.7605,1680.7355
2013-02-07T06:00:00+00:00,1680.773,1681.431,1673.7685,1676.6295
2013-02-07T14:00:00+00:00,1676.6505,1683.303,1663.0995,1671.32
2013-02-07T22:00:00+00:00,1671.319,1672.946,1668.076,1672.3335
2013-02-08T06:00:00+00:00,1672.3255,1673.773,1666.1975,1666.9265
2013-02-08T14:00:00+00:00,1666.8965,1673.6025,1665.125,1667.19
2013-02-10T22:00:00+00:00,1667.57,1669.3025,1666.2415,1667.756
2013-02-11T06:00:00+00:00,1667.772,1669.717,1643.8645,1649.707
2013-02-11T14:00:00+00:00,1649.8175,1652.7735,1645.2025,1648.1005
2013-02-11T22:00:00+00:00,1647.993,1648.8205,1642.7195,1646.7615
2013-02-12T06:00:00+00:00,1646.7805,1650.502,1639.31,1648.55
2013-02-12T14:00:00+00:00,1648.5495,1653.502,1641.6095,1651.3245
2013-02-12T22:00:00+00:00,1651.3355,1653.6105,1649.5485,1649.7705
2013-02-13T06:00:00+00:00,1649.755,1653.1025,1645.3195,1651.9035
2013-02-13T14:00:00+00:00,1651.8955,1652.773,1640.55,1642.563
2013-02-13T22:00:00+00:00,1642.576,1646.341,1641.7975,1645.833
2013-02-14T06:00:00+00:00,1645.8475,1650.143,1639.971,1647.714
2013-02-14T14:00:00+00:00,1647.73,1650.143,1632.974,1634.831
2013-02-14T22:00:00+00:00,1634.753,1636.1295,1630.4315,1633.4955
2013-02-15T06:00:00+00:00,1633.4465,1634.461,1613.2795,1613.5165
2013-02-15T14:00:00+00:00,1613.5065,1617.7105,1598.466,1609.996
2013-02-17T22:00:00+00:00,1609.8,1618.947,1609.6205,1615.4835
2013-02-18T06:00:00+00:00,1615.4995,1617.5,1609.074,1611.3165
2013-02-18T14:00:00+00:00,1611.2905,1613.034,1607.2395,1610.1
2013-02-18T22:00:00+00:00,1609.95,1615.3575,1609.8,1613.9915
2013-02-19T06:00:00+00:00,1613.9765,1615.063,1608.6095,1610.51
2013-02-19T14:00:00+00:00,1610.5185,1611.147,1600.779,1605.089
2013-02-19T22:00:00+00:00,1605.039,1609.5215,1604.403,1607.247
2013-02-20T06:00:00+00:00,1607.2635,1609.0785,1588.8675,1592.8905
2013-02-20T14:00:00+00:00,1592.8685,1593.6845,1558.7705,1564.565
2013-02-20T22:00:00+00:00,1564.588,1571.4795,1555.1005,1563.467
2013-02-21T06:00:00+00:00,1563.4835,1575.041,1563.1465,1570.724
2013-02-21T14:00:00+00:00,1570.8305,1585.1085,1568.115,1576.1855
2013-02-21T22:00:00+00:00,1576.189,1587.137,1576.17,1586.416
2013-02-22T06:00:00+00:00,1586.4325,1587.3805,1574.748,1575.9245
2013-02-22T14:00:00+00:00,1575.919,1581.82,1570.005,1581.3
2013-02-24T22:00:00+00:00,1580.475,1586.826,1575.3285,1586.546
2013-02-25T06:00:00+00:00,1586.5145,1594.613,1584.5635,1587.478
2013-02-25T14:00:00+00:00,1587.4375,1597.1205,1584.214,1593.627
2013-02-25T22:00:00+00:00,1593.605,1598.48,1591.1,1593.355
2013-02-26T06:00:00+00:00,1593.317,1602.089,1588.0005,1596.8205
2013-02-26T14:00:00+00:00,1596.827,1619.7475,1584.4975,1613.7
2013-02-26T22:00:00+00:00,1613.67,1614.9215,1609.85,1610.6205
2013-02-27T06:00:00+00:00,1610.498,1612.83,1604.245,1606.498
2013-02-27T14:00:00+00:00,1606.5215,1608.543,1592.4695,1597.199
2013-02-27T22:00:00+00:00,1597.09,1599.9025,1595.82,1599.4475
2013-02-28T06:00:00+00:00,1599.367,1603.0775,1586.35,1593.4
2013-02-28T14:00:00+00:00,1593.453,1596.81,1575.03,1579.7595
2013-02-28T22:00:00+00:00,1579.775,1583.655,1576.95,1579.7355
2013-03-01T06:00:00+00:00,1579.7125,1587.322,1564.886,1583.118
2013-03-01T14:00:00+00:00,1583.136,1587.402,1572.3975,1576.2385
2013-03-03T22:00:00+00:00,1578.785,1585,1576.4805,1579.002
2013-03-04T06:00:00+00:00,1579.0285,1581.447,1572.7875,1577.1775
2013-03-04T14:00:00+00:00,1577.036,1578.8965,1569.555,1573.855
2013-03-04T22:00:00+00:00,1573.865,1582.302,1573.84,1581.722
2013-03-05T06:00:00+00:00,1581.785,1586.5975,1579.211,1581.3
2013-03-05T14:00:00+00:00,1581.197,1585.16,1572.053,1575.4335
2013-03-05T22:00:00+00:00,1575.384,1580.2805,1575.2775,1578.7625
2013-03-06T06:00:00+00:00,1578.752,1579.4085,1572.618,1577.515
2013-03-06T14:00:00+00:00,1577.513,1585.0255,1567.4015,1583.862
2013-03-06T22:00:00+00:00,1583.897,1585.49,1579.5965,1583.457
2013-03-07T06:00:00+00:00,1583.544,1585.6135,1578.5955,1582.736
2013-03-07T14:00:00+00:00,1582.679,1584.5855,1575.1065,1578.995
2013-03-07T22:00:00+00:00,1578.969,1580.435,1576.35,1577.638
2013-03-08T06:00:00+00:00,1577.61,1582.6,1561.911,1566.4795
2013-03-08T14:00:00+00:00,1566.455,1583.8425,1562.002,1578.88
2013-03-10T21:00:00+00:00,1578.465,1581.9135,1575.65,1580.628
2013-03-11T05:00:00+00:00,1580.638,1583.354,1576.698,1578.65
2013-03-11T13:00:00+00:00,1578.6,1582.15,1577.737,1581.521
2013-03-11T21:00:00+00:00,1581.57,1584.601,1580.1455,1583.905
2013-03-12T05:00:00+00:00,1583.898,1598.028,1581.8695,1593.505
2013-03-12T13:00:00+00:00,1593.526,1598.53,1590.537,1592.789
2013-03-12T21:00:00+00:00,1592.775,1594.215,1592.174,1593.089
2013-03-13T05:00:00+00:00,1593.089,1597.1815,1589.507,1593.0515
2013-03-13T13:00:00+00:00,1593.075,1599.26,1585.674,1587.852
2013-03-13T21:00:00+00:00,1587.833,1589.753,1583.777,1587.4675
2013-03-14T05:00:00+00:00,1587.506,1589.5335,1577.098,1580.798
2013-03-14T13:00:00+00:00,1580.925,1593.46,1580.337,1590.227
2013-03-14T21:00:00+00:00,1590.228,1592.464,1588.6355,1591.678
2013-03-15T05:00:00+00:00,1591.66,1596.02,1591.1495,1594.889
2013-03-15T13:00:00+00:00,1594.8955,1598.963,1590.632,1592.137
2013-03-17T21:00:00+00:00,1598.175,1608.865,1592.2065,1598.295
2013-03-18T05:00:00+00:00,1598.2775,1609.102,1595.6825,1606.796
2013-03-18T13:00:00+00:00,1606.808,1611.2135,1602.167,1605.489
2013-03-18T21:00:00+00:00,1605.499,1607.004,1602.733,1605.44
2013-03-19T05:00:00+00:00,1605.471,1606.382,1600.174,1602.3345
2013-03-19T13:00:00+00:00,1602.325,1615.702,1601.899,1612.847
2013-03-19T21:00:00+00:00,1612.938,1613.95,1610.814,1613.336
2013-03-20T05:00:00+00:00,1613.4095,1614.911,1606.5975,1608.5435
2013-03-20T13:00:00+00:00,1608.523,1610.614,1603.5235,1606.883
2013-03-20T21:00:00+00:00,1606.922,1609.1145,1604.5825,1608.057
2013-03-21T05:00:00+00:00,1608.041,1616.802,1607.249,1615.091
2013-03-21T13:00:00+00:00,1615.1115,1616.7025,1611.334,1614.823
2013-03-21T21:00:00+00:00,1614.838,1616.235,1613.5465,1614.2845
2013-03-22T05:00:00+00:00,1614.2945,1615.5815,1603.645,1605.297
2013-03-22T13:00:00+00:00,1605.244,1611.4135,1604.298,1608.54
2013-03-24T21:00:00+00:00,1609.73,1613.704,1602.9585,1610.41
2013-03-25T05:00:00+00:00,1610.441,1612.175,1590.066,1594.302
2013-03-25T13:00:00+00:00,1594.302,1607.918,1593.5905,1605.187
2013-03-25T21:00:00+00:00,1605.21,1606.122,1600.788,1601.643
2013-03-26T05:00:00+00:00,1601.6285,1603.706,1596.298,1597.5345
2013-03-26T13:00:00+00:00,1597.516,1601.1,1594.726,1599.871
2013-03-26T21:00:00+00:00,1599.785,1601.0685,1597.747,1599.261
2013-03-27T05:00:00+00:00,1599.285,1600.113,1591.383,1599.1445
2013-03-27T13:00:00+00:00,1599.14,1608.374,1596.906,1605.35
2013-03-27T21:00:00+00:00,1605.334,1607.802,1603.621,1605.9165
2013-03-28T05:00:00+00:00,1605.948,1606.267,1599.4515,1599.89
2013-03-28T13:00:00+00:00,1599.8715,1600.103,1594.073,1597.064
2013-03-31T22:00:00+01:00,1597.68,1601.21,1595.158,1597.979
2013-04-01T06:00:00+01:00,1598.002,1599.825,1595.416,1597.9705
2013-04-01T14:00:00+01:00,1597.9605,1601.095,1594.8565,1599.596
2013-04-01T22:00:00+01:00,1599.587,1604.015,1599.2395,1602.337
2013-04-02T06:00:00+01:00,1602.298,1602.722,1583.777,1585.4245
2013-04-02T14:00:00+01:00,1585.469,1586.295,1573.89,1575.859
2013-04-02T22:00:00+01:00,1575.856,1577.2805,1563.565,1568.4965
2013-04-03T06:00:00+01:00,1568.477,1575.251,1564.57,1573.453
2013-04-03T14:00:00+01:00,1573.483,1576.7415,1550.003,1557.879
2013-04-03T22:00:00+01:00,1557.95,1559.65,1541.5085,1546.579
2013-04-04T06:00:00+01:00,1546.557,1555.566,1540.3035,1551.403
2013-04-04T14:00:00+01:00,1551.4115,1556.9445,1544.98,1554.56
2013-04-04T22:00:00+01:00,1554.4,1555.208,1549.459,1551.789
2013-04-05T06:00:00+01:00,1551.758,1571.6505,1549.7925,1568.702
2013-04-05T14:00:00+01:00,1568.567,1581.7545,1562.305,1581.177
2013-04-07T22:00:00+01:00,1581.35,1583.294,1575.74,1578.433
2013-04-08T06:00:00+01:00,1578.448,1581.008,1572.878,1575.619
2013-04-08T14:00:00+01:00,1575.6155,1577.4335,1567.4955,1573.5
2013-04-08T22:00:00+01:00,1573.5105,1577.083,1570.5355,1576.721
2013-04-09T06:00:00+01:00,1576.7305,1577.244,1570.676,1575.663
2013-04-09T14:00:00+01:00,1575.666,1590.5115,1574.098,1585.3
2013-04-09T22:00:00+01:00,1585.35,1588.461,1584.4195,1585.955
2013-04-10T06:00:00+01:00,1585.925,1588.7355,1576.767,1579.265
2013-04-10T14:00:00+01:00,1579.198,1579.198,1556.0195,1558.409
2013-04-10T22:00:00+01:00,1558.395,1561.174,1553.528,1560.46
2013-04-11T06:00:00+01:00,1560.4375,1562.2555,1554.899,1558.828
2013-04-11T14:00:00+01:00,1558.883,1568.433,1557.302,1561.519
2013-04-11T22:00:00+01:00,1561.511,1562.9175,1558.765,1561.129
2013-04-12T06:00:00+01:00,1561.12,1564.793,1528.958,1537.922
2013-04-12T14:00:00+01:00,1537.93,1539.3705,1482,1483.267
2013-04-14T22:00:00+01:00,1481.745,1495.651,1428.2225,1447.3855
2013-04-15T06:00:00+01:00,1447.376,1459.35,1385.8725,1421.9995
2013-04-15T14:00:00+01:00,1421.995,1422.6905,1337.905,1347.64
2013-04-15T22:00:00+01:00,1347.679,1367.5075,1321.9,1366.0285
2013-04-16T06:00:00+01:00,1366.054,1403.33,1357.919,1396.95
2013-04-16T14:00:00+01:00,1396.95,1398.3205,1362.48,1367.4095
2013-04-16T22:00:00+01:00,1367.3895,1382.95,1365.066,1377.1
2013-04-17T06:00:00+01:00,1377.1,1392.1905,1369.711,1384.6235
2013-04-17T14:00:00+01:00,1384.5685,1395.1805,1368.548,1376.307
2013-04-17T22:00:00+01:00,1376.327,1381.35,1345.738,1368.081
2013-04-18T06:00:00+01:00,1368.069,1402.2185,1363.2025,1394.95
2013-04-18T14:00:00+01:00,1394.95,1399.014,1381.804,1390.4975
2013-04-18T22:00:00+01:00,1390.471,1399.5715,1385.9805,1398.2945
2013-04-19T06:00:00+01:00,1398.3045,1425.28,1398.15,1404.714
2013-04-19T14:00:00+01:00,1404.739,1409.4295,1391.8375,1403.85
2013-04-21T22:00:00+01:00,1407.89,1424.2815,1403.817,1422.5495
2013-04-22T06:00:00+01:00,1422.543,1439.087,1418.1035,1428.4355
2013-04-22T14:00:00+01:00,1428.4385,1429.8655,1418.95,1426.3895
2013-04-22T22:00:00+01:00,1426.39,1431.7785,1419.809,1427.8
2013-04-23T06:00:00+01:00,1427.721,1427.8,1410.6195,1416.415
2013-04-23T14:00:00+01:00,1416.433,1421.386,1405.2695,1413.181
2013-04-23T22:00:00+01:00,1413.178,1429.182,1412.4215,1427.3705
2013-04-24T06:00:00+01:00,1427.421,1433.448,1419.4335,1430.105
2013-04-24T14:00:00+01:00,1430.1165,1432.2005,1421.392,1431.976
2013-04-24T22:00:00+01:00,1431.972,1448.25,1427.174,1447.137
2013-04-25T06:00:00+01:00,1447.125,1455.2465,1442.208,1452.4025
2013-04-25T14:00:00+01:00,1452.453,1469.0575,1445.5975,1467.935
2013-04-25T22:00:00+01:00,1467.917,1485.4535,1463.8525,1474.137
2013-04-26T06:00:00+01:00,1474.148,1477.0175,1459.43,1470.753
2013-04-26T14:00:00+01:00,1470.802,1483.118,1448.5905,1461.756
2013-04-28T22:00:00+01:00,1466.8,1472.4245,1462.3765,1469.621
2013-04-29T06:00:00+01:00,1469.656,1478.147,1467.963,1469.681
2013-04-29T14:00:00+01:00,1469.644,1475.913,1463.363,1475.799
2013-04-29T22:00:00+01:00,1475.768,1476.377,1468.673,1469.3085
2013-04-30T06:00:00+01:00,1469.28,1479.346,1461.1215,1471.119
2013-04-30T14:00:00+01:00,1471.0695,1477.3995,1463.8975,1476.665
2013-04-30T22:00:00+01:00,1476.639,1478.2125,1472.3105,1474.896
2013-05-01T06:00:00+01:00,1474.8295,1475.394,1457.8835,1459.924
2013-05-01T14:00:00+01:00,1459.933,1463.6705,1440.55,1457.6395
2013-05-01T22:00:00+01:00,1457.3625,1460.597,1448.95,1453.52
2013-05-02T06:00:00+01:00,1453.5005,1469.5575,1452.198,1464.562
2013-05-02T14:00:00+01:00,1464.5895,1473.8165,1464.0305,1467.177
2013-05-02T22:00:00+01:00,1467.178,1477.384,1465.816,1473.7325
2013-05-03T06:00:00+01:00,1473.7125,1488.096,1456.3725,1467.1325
2013-05-03T14:00:00+01:00,1467.0825,1475.7,1461.3575,1470.707
2013-05-05T22:00:00+01:00,1470.45,1479.0545,1468.604,1477.185
2013-05-06T06:00:00+01:00,1477.162,1478.773,1469.929,1470.656
2013-05-06T14:00:00+01:00,1470.6255,1473.2825,1464.6645,1469.485
2013-05-06T22:00:00+01:00,1469.501,1470.8435,1459.5505,1465.395
2013-05-07T06:00:00+01:00,1465.395,1466.4,1447.63,1450.6155
2013-05-07T14:00:00+01:00,1450.652,1454.309,1441.39,1452.791
2013-05-07T22:00:00+01:00,1452.792,1459.07,1447.738,1454.883
2013-05-08T06:00:00+01:00,1454.86,1470.3455,1450.1,1466.455
2013-05-08T14:00:00+01:00,1466.425,1476.827,1463.5865,1474.079
2013-05-08T22:00:00+01:00,1474.055,1476.779,1468.556,1473.8475
2013-05-09T06:00:00+01:00,1473.81,1474.026,1461.501,1464.694
2013-05-09T14:00:00+01:00,1464.69,1472.2045,1453.375,1458.201
2013-05-09T22:00:00+01:00,1458.175,1461.975,1452.7445,1460.032
2013-05-10T06:00:00+01:00,1460.0465,1462.291,1427.121,1435.922
2013-05-10T14:00:00+01:00,1435.912,1449.45,1419.6975,1448.023
2013-05-12T22:00:00+01:00,1445.548,1447.132,1426.066,1431.31
2013-05-13T06:00:00+01:00,1431.41,1439.1745,1426.9595,1434.25
2013-05-13T14:00:00+01:00,1434.198,1437.1695,1429.026,1430.574
2013-05-13T22:00:00+01:00,1430.514,1445.5755,1430.1795,1440.97
2013-05-14T06:00:00+01:00,1440.93,1443.481,1421.2695,1423.618
2013-05-14T14:00:00+01:00,1423.6285,1439.25,1422.4055,1425.471
2013-05-14T22:00:00+01:00,1425.472,1430.9195,1423.7175,1425.7685
2013-05-15T06:00:00+01:00,1425.793,1427.245,1406.479,1411.9
2013-05-15T14:00:00+01:00,1412,1416.663,1388.9175,1393.076
2013-05-15T22:00:00+01:00,1393.062,1398.569,1387.0735,1394.606
2013-05-16T06:00:00+01:00,1394.627,1397.049,1369.8065,1380.226
2013-05-16T14:00:00+01:00,1380.3,1390.77,1376.091,1385.963
2013-05-16T22:00:00+01:00,1385.957,1393.045,1377.774,1380.339
2013-05-17T06:00:00+01:00,1380.32,1388.6115,1366.8355,1378.038
2013-05-17T14:00:00+01:00,1377.9975,1381.391,1355.298,1359.313
2013-05-19T22:00:00+01:00,1365.064,1365.257,1338.2335,1344.161
2013-05-20T06:00:00+01:00,1344.122,1365.1925,1342.348,1354.451
2013-05-20T14:00:00+01:00,1354.442,1399.1995,1351.0785,1393.778
2013-05-20T22:00:00+01:00,1394.15,1395.6,1384.275,1393.906
2013-05-21T06:00:00+01:00,1393.906,1401.72,1371.85,1373.791
2013-05-21T14:00:00+01:00,1373.766,1382.5475,1359.8185,1376.285
2013-05-21T22:00:00+01:00,1374.636,1381.394,1372.3,1376.4505
2013-05-22T06:00:00+01:00,1376.53,1398.116,1375.454,1394.302
2013-05-22T14:00:00+01:00,1394.273,1414.614,1354.6975,1370.1945
2013-05-22T22:00:00+01:00,1370.188,1374.195,1356.924,1372.55
2013-05-23T06:00:00+01:00,1372.489,1398.402,1370.095,1385.886
2013-05-23T14:00:00+01:00,1385.857,1394.719,1377.85,1390.926
2013-05-23T22:00:00+01:00,1391.2425,1398.36,1387.174,1398.2105
2013-05-24T06:00:00+01:00,1398.279,1398.279,1384.0195,1392.28
2013-05-24T14:00:00+01:00,1392.2665,1393.472,1382.5175,1386.4
2013-05-26T22:00:00+01:00,1388.3355,1393.6275,1384.523,1392.193
2013-05-27T06:00:00+01:00,1392.206,1396.75,1391.317,1394.433
2013-05-27T14:00:00+01:00,1394.445,1396.789,1388.53,1395.067
2013-05-27T22:00:00+01:00,1393.944,1396.462,1387.168,1388.711
2013-05-28T06:00:00+01:00,1388.63,1392.838,1375.906,1382.42
2013-05-28T14:00:00+01:00,1382.441,1402.0955,1373.82,1381.251
2013-05-28T22:00:00+01:00,1381.946,1390.54,1380.288,1387.206
2013-05-29T06:00:00+01:00,1387.16,1394.7935,1381.166,1387.4995
2013-05-29T14:00:00+01:00,1387.545,1395.438,1382.672,1393
2013-05-29T22:00:00+01:00,1393,1398.01,1388.928,1395.3685
2013-05-30T06:00:00+01:00,1395.381,1410.9575,1394.76,1406.914
2013-05-30T14:00:00+01:00,1406.83,1418.175,1406.197,1414.064
2013-05-30T22:00:00+01:00,1413.914,1422.033,1412.98,1418.69
2013-05-31T06:00:00+01:00,1418.684,1419.627,1405.0095,1406.715
2013-05-31T14:00:00+01:00,1406.859,1410.1895,1385.0065,1388.591
2013-06-02T22:00:00+01:00,1389.447,1398.093,1388.892,1394.802
2013-06-03T06:00:00+01:00,1394.835,1401.855,1391.32,1395.821
2013-06-03T14:00:00+01:00,1395.755,1416.9665,1390.86,1411.382
2013-06-03T22:00:00+01:00,1411.372,1415.2925,1409.655,1410.2695
2013-06-04T06:00:00+01:00,1410.3005,1412.2205,1393.57,1395.806
2013-06-04T14:00:00+01:00,1395.82,1401.15,1389.125,1399.455
2013-06-04T22:00:00+01:00,1399.46,1408.4045,1397.7,1407.629
2013-06-05T06:00:00+01:00,1407.641,1409.1765,1395.898,1402.025
2013-06-05T14:00:00+01:00,1401.961,1410.688,1396.78,1403.395
2013-06-05T22:00:00+01:00,1403.416,1403.416,1397.2975,1398.35
2013-06-06T06:00:00+01:00,1398.3,1407.338,1391.89,1397.2765
2013-06-06T14:00:00+01:00,1397.3005,1423.8,1396.45,1414.018
2013-06-06T22:00:00+01:00,1413.945,1418.0775,1411.25,1414.457
2013-06-07T06:00:00+01:00,1414.428,1417.323,1393.253,1396.23
2013-06-07T14:00:00+01:00,1396.28,1398.249,1377.895,1383.215
2013-06-09T22:00:00+01:00,1383.43,1388.3875,1378.345,1385.526
2013-06-10T06:00:00+01:00,1385.54,1386.329,1376.3615,1381.316
2013-06-10T14:00:00+01:00,1381.322,1389.141,1376.02,1386.534
2013-06-10T22:00:00+01:00,1386.5,1387.8105,1383.1435,1383.28
2013-06-11T06:00:00+01:00,1383.295,1384.5,1367.173,1371.113
2013-06-11T14:00:00+01:00,1371.1065,1381.0465,1365.562,1378.264
2013-06-11T22:00:00+01:00,1378.258,1379.4535,1375.592,1376.5035
2013-06-12T06:00:00+01:00,1376.5285,1379.618,1374.286,1376.434
2013-06-12T14:00:00+01:00,1376.409,1394.795,1374.0845,1388.951
2013-06-12T22:00:00+01:00,1388.215,1395.0255,1384.58,1389.173
2013-06-13T06:00:00+01:00,1389.243,1392.0025,1378.86,1379.8605
2013-06-13T14:00:00+01:00,1379.815,1388.35,1374.587,1386.052
2013-06-13T22:00:00+01:00,1386.022,1387.927,1382.801,1384.928
2013-06-14T06:00:00+01:00,1384.869,1390.7685,1378.56,1387.915
2013-06-14T14:00:00+01:00,1387.945,1392.4125,1384.8055,1390.662
2013-06-16T22:00:00+01:00,1391.155,1392.083,1386.9515,1389.4605
2013-06-17T06:00:00+01:00,1389.578,1390.441,1380.6985,1384.431
2013-06-17T14:00:00+01:00,1384.333,1387.595,1381.5965,1385.058
2013-06-17T22:00:00+01:00,1385.11,1386.19,1382.0275,1382.557
2013-06-18T06:00:00+01:00,1382.6845,1383.375,1371.518,1375.1995
2013-06-18T14:00:00+01:00,1375.205,1375.9145,1361.197,1367.2185
2013-06-18T22:00:00+01:00,1367.608,1370.406,1364.772,1366.4535
2013-06-19T06:00:00+01:00,1366.411,1374.1475,1364.9795,1372.279
2013-06-19T14:00:00+01:00,1372.174,1376.8165,1349.166,1350.898
2013-06-19T22:00:00+01:00,1351.416,1351.6645,1339.4085,1344.8505
2013-06-20T06:00:00+01:00,1344.949,1345.7305,1285.931,1296.3365
2013-06-20T14:00:00+01:00,1296.355,1307.588,1276.2145,1284.3215
2013-06-20T22:00:00+01:00,1284.895,1293.645,1269.469,1290.744
2013-06-21T06:00:00+01:00,1290.9345,1302.586,1286.724,1292.645
2013-06-21T14:00:00+01:00,1292.496,1299.1725,1287.8735,1295.467
2013-06-23T22:00:00+01:00,1297.435,1301.733,1282.492,1283.776
2013-06-24T06:00:00+01:00,1283.6975,1291.1045,1278.397,1289.8045
2013-06-24T14:00:00+01:00,1289.753,1290.2725,1276.238,1282.349
2013-06-24T22:00:00+01:00,1282.35,1288.8535,1273.599,1276.5125
2013-06-25T06:00:00+01:00,1276.55,1289.644,1275.466,1283.2925
2013-06-25T14:00:00+01:00,1283.296,1284.36,1271.857,1277.739
2013-06-25T22:00:00+01:00,1277.615,1278.1935,1243.912,1252.5585
2013-06-26T06:00:00+01:00,1252.55,1254.795,1224.2465,1244.324
2013-06-26T14:00:00+01:00,1244.384,1248.679,1221.946,1226.57
2013-06-26T22:00:00+01:00,1226.581,1244.845,1224.1485,1239.388
2013-06-27T06:00:00+01:00,1239.549,1244.47,1224.22,1231.598
2013-06-27T14:00:00+01:00,1231.5815,1235.1365,1196.975,1200.757
2013-06-27T22:00:00+01:00,1201.1155,1208.1195,1180.6005,1200.267
2013-06-28T06:00:00+01:00,1200.234,1212.178,1191.53,1194.432
2013-06-28T14:00:00+01:00,1194.452,1235.6175,1187.111,1234.496
2013-06-30T22:00:00+01:00,1234.5295,1245.408,1225.363,1242.4085
2013-07-01T06:00:00+01:00,1242.3885,1248.273,1233.713,1235.866
2013-07-01T14:00:00+01:00,1235.835,1261.9685,1235.1815,1252.594
2013-07-01T22:00:00+01:00,1252.598,1260.8245,1250.584,1258.927
2013-07-02T06:00:00+01:00,1258.947,1267.539,1250.5875,1253.842
2013-07-02T14:00:00+01:00,1253.7795,1257.0635,1239.775,1243.452
2013-07-02T22:00:00+01:00,1243.416,1249.395,1241.8615,1245.44
2013-07-03T06:00:00+01:00,1245.413,1259.329,1236.8965,1251.305
2013-07-03T14:00:00+01:00,1251.345,1260.1635,1247.5655,1252.804
2013-07-03T22:00:00+01:00,1252.798,1258.106,1251.2225,1253.65
2013-07-04T06:00:00+01:00,1253.6,1255.6085,1245.0585,1248.8785
2013-07-04T14:00:00+01:00,1248.8635,1253.005,1247.135,1248.83
2013-07-04T22:00:00+01:00,1248.645,1248.97,1242.44,1244.0785
2013-07-05T06:00:00+01:00,1244.075,1245.5,1217.264,1224.285
2013-07-05T14:00:00+01:00,1224.26,1225.93,1208.405,1223.308
2013-07-07T22:00:00+01:00,1222.79,1230.3795,1215.77,1220.455
2013-07-08T06:00:00+01:00,1220.5,1238.87,1218.665,1231.835
2013-07-08T14:00:00+01:00,1231.825,1238.31,1230.72,1237.105
2013-07-08T22:00:00+01:00,1236.94,1255.1185,1233.71,1254.5685
2013-07-09T06:00:00+01:00,1254.6185,1260.5005,1246.713,1252.515
2013-07-09T14:00:00+01:00,1252.475,1257.779,1242.6155,1251.381
2013-07-09T22:00:00+01:00,1250.92,1251.9,1244.075,1245.995
2013-07-10T06:00:00+01:00,1245.945,1259.8225,1245.295,1255.72
2013-07-10T14:00:00+01:00,1255.67,1266.145,1247.945,1259.808
2013-07-10T22:00:00+01:00,1259.848,1289.94,1259.848,1286.1615
2013-07-11T06:00:00+01:00,1286.25,1298.9825,1280.848,1285.961
2013-07-11T14:00:00+01:00,1285.948,1287.7935,1278.275,1286.012
2013-07-11T22:00:00+01:00,1285.992,1288.771,1281.1375,1281.32
2013-07-12T06:00:00+01:00,1281.296,1283.41,1267.9525,1274.301
2013-07-12T14:00:00+01:00,1274.311,1286.112,1274.0355,1285.562
2013-07-14T22:00:00+01:00,1285.23,1295.1425,1284.9125,1290.317
2013-07-15T06:00:00+01:00,1290.331,1291.6255,1274.1675,1282.574
2013-07-15T14:00:00+01:00,1282.5925,1287.2005,1281.826,1284.736
2013-07-15T22:00:00+01:00,1283.105,1285.054,1277.3005,1280.1745
2013-07-16T06:00:00+01:00,1280.1385,1294.241,1279.2555,1290.78
2013-07-16T14:00:00+01:00,1290.765,1295.941,1287.0955,1292.0865
2013-07-16T22:00:00+01:00,1291.985,1293.871,1287.9885,1290.649
2013-07-17T06:00:00+01:00,1290.635,1299.508,1283.401,1292.0615
2013-07-17T14:00:00+01:00,1292.0865,1300.689,1270.4105,1275.9405
2013-07-17T22:00:00+01:00,1275.93,1279.4115,1274.326,1276.007
2013-07-18T06:00:00+01:00,1276.0375,1287.531,1275.2615,1285.3065
2013-07-18T14:00:00+01:00,1285.301,1288.788,1281.2995,1284.1815
2013-07-18T22:00:00+01:00,1284.206,1294.878,1282.523,1291.02
2013-07-19T06:00:00+01:00,1290.995,1293.977,1286.3205,1291.8075
2013-07-19T14:00:00+01:00,1291.8135,1298.0065,1290.3165,1296.0245
2013-07-21T22:00:00+01:00,1297.465,1319.254,1296.343,1316.699
2013-07-22T06:00:00+01:00,1316.718,1325.4565,1313.8665,1321.3705
2013-07-22T14:00:00+01:00,1321.3865,1339.6975,1320.564,1335.854
2013-07-22T22:00:00+01:00,1335.24,1338.569,1333.5765,1334.6335
2013-07-23T06:00:00+01:00,1334.6025,1336.669,1326.724,1330.454
2013-07-23T14:00:00+01:00,1330.471,1346.854,1328.535,1345.148
2013-07-23T22:00:00+01:00,1345.1275,1347.985,1338.628,1339.31
2013-07-24T06:00:00+01:00,1339.315,1345.7215,1334.0075,1334.732
2013-07-24T14:00:00+01:00,1334.745,1339.1255,1313.291,1322.2425
2013-07-24T22:00:00+01:00,1322.2595,1324.3335,1315.0935,1322.578
2013-07-25T06:00:00+01:00,1322.5425,1327.7765,1309.0205,1323.105
2013-07-25T14:00:00+01:00,1323.0995,1338.1095,1320.865,1333.956
2013-07-25T22:00:00+01:00,1333.9305,1340.84,1332.6105,1337.4
2013-07-26T06:00:00+01:00,1337.4915,1339.425,1320.904,1323.1015
2013-07-26T14:00:00+01:00,1323.1,1334.685,1312.419,1333.3375
2013-07-28T22:00:00+01:00,1333.55,1334.986,1325.2245,1327.8875
2013-07-29T06:00:00+01:00,1327.79,1338.53,1323.045,1329.0505
2013-07-29T14:00:00+01:00,1329.0525,1333.07,1326.6435,1328.2895
2013-07-29T22:00:00+01:00,1327.48,1330.289,1324.01,1328.065
2013-07-30T06:00:00+01:00,1328.015,1329.255,1318.114,1325.8685
2013-07-30T14:00:00+01:00,1325.9035,1327.9975,1317.391,1326.3885
2013-07-30T22:00:00+01:00,1327.42,1339.3665,1324.4,1333.49
2013-07-31T06:00:00+01:00,1333.6015,1336.3985,1319.6275,1323.98
2013-07-31T14:00:00+01:00,1323.93,1334.6695,1305.86,1325.0385
2013-07-31T22:00:00+01:00,1323.945,1331.175,1316.4125,1317.3675
2013-08-01T06:00:00+01:00,1317.2915,1328.5835,1317.04,1324.695
2013-08-01T14:00:00+01:00,1324.745,1324.795,1307.8535,1310.1465
2013-08-01T22:00:00+01:00,1310.1175,1310.1175,1291.9175,1293.9425
2013-08-02T06:00:00+01:00,1293.9905,1318.6845,1283.3425,1314.29
2013-08-02T14:00:00+01:00,1314.38,1317.3625,1307.778,1311.7305
2013-08-04T22:00:00+01:00,1312.915,1320.8545,1311.4425,1317.12
2013-08-05T06:00:00+01:00,1317.09,1318.1725,1304.08,1307.1115
2013-08-05T14:00:00+01:00,1307.0915,1310.954,1297.609,1303.1415
2013-08-05T22:00:00+01:00,1303.1335,1307.1225,1289.7475,1293.41
2013-08-06T06:00:00+01:00,1293.46,1297.061,1284.7065,1288.9965
2013-08-06T14:00:00+01:00,1288.9865,1289.2175,1279.387,1283.2195
2013-08-06T22:00:00+01:00,1282.715,1283.685,1273.67,1279.99
2013-08-07T06:00:00+01:00,1279.9715,1285.03,1272.981,1280.139
2013-08-07T14:00:00+01:00,1280.159,1289.747,1279.4115,1287.618
2013-08-07T22:00:00+01:00,1287.6615,1295.885,1283.0985,1295.735
2013-08-08T06:00:00+01:00,1295.785,1297.69,1287.88,1294.145
2013-08-08T14:00:00+01:00,1294.045,1314.5135,1291.836,1313.2085
2013-08-08T22:00:00+01:00,1312.425,1317.0905,1310.175,1311.5105
2013-08-09T06:00:00+01:00,1311.4775,1314.174,1305.161,1309.242
2013-08-09T14:00:00+01:00,1309.241,1317.3745,1307.486,1314.535
2013-08-11T22:00:00+01:00,1315.53,1333.9425,1315.07,1329.628
2013-08-12T06:00:00+01:00,1329.657,1333.9055,1322.9305,1329.52
2013-08-12T14:00:00+01:00,1329.545,1344.075,1329.4145,1338.4075
2013-08-12T22:00:00+01:00,1338.395,1338.9525,1330.5585,1336.117
2013-08-13T06:00:00+01:00,1336.072,1341.4385,1323.746,1332.3105
2013-08-13T14:00:00+01:00,1332.303,1335.8915,1318.745,1321.6335
2013-08-13T22:00:00+01:00,1321.091,1325.5595,1316.0645,1321.581
2013-08-14T06:00:00+01:00,1321.569,1327.4955,1318.886,1322.8365
2013-08-14T14:00:00+01:00,1322.828,1336.569,1319.347,1336.0665
2013-08-14T22:00:00+01:00,1336.215,1346.6475,1335.7,1339.2895
2013-08-15T06:00:00+01:00,1339.3005,1342.455,1319.005,1323.9825
2013-08-15T14:00:00+01:00,1323.89,1370.2255,1321.8065,1366.1795
2013-08-15T22:00:00+01:00,1366.2065,1372.8285,1360.927,1367.1035
2013-08-16T06:00:00+01:00,1367.0465,1369.0135,1357.9015,1365.5905
2013-08-16T14:00:00+01:00,1365.582,1379.7545,1360.318,1376.7765
2013-08-18T22:00:00+01:00,1378.97,1384.609,1375.325,1379.049
2013-08-19T06:00:00+01:00,1379.038,1381.65,1371.0305,1372.659
2013-08-19T14:00:00+01:00,1372.6505,1372.8985,1362.561,1365.981
2013-08-19T22:00:00+01:00,1365.165,1369.7655,1361.292,1362.272
2013-08-20T06:00:00+01:00,1362.246,1373.405,1352.4125,1367.3475
2013-08-20T14:00:00+01:00,1367.3595,1377.6395,1364.753,1371.3025
2013-08-20T22:00:00+01:00,1371.305,1374.4545,1367.024,1368.2695
2013-08-21T06:00:00+01:00,1368.277,1369.825,1359.8965,1366.074
2013-08-21T14:00:00+01:00,1366.0645,1379.3925,1361.856,1366.7525
2013-08-21T22:00:00+01:00,1366.5925,1368.3355,1355.308,1361.227
2013-08-22T06:00:00+01:00,1361.207,1377.1915,1361.1605,1375.4535
2013-08-22T14:00:00+01:00,1375.443,1381.8425,1369.716,1376.1225
2013-08-22T22:00:00+01:00,1376.1715,1379.51,1371.942,1378.209
2013-08-23T06:00:00+01:00,1378.198,1378.501,1368.7115,1372.1805
2013-08-23T14:00:00+01:00,1372.209,1400.252,1371.5035,1397.7795
2013-08-25T22:00:00+01:00,1399.02,1407.035,1390.9055,1396.514
2013-08-26T06:00:00+01:00,1396.543,1400.9575,1392.551,1396.4375
2013-08-26T14:00:00+01:00,1396.4175,1404.952,1389.537,1404.614
2013-08-26T22:00:00+01:00,1404.6395,1407.405,1395.8575,1399.34
2013-08-27T06:00:00+01:00,1399.3285,1422.9305,1398.304,1418.546
2013-08-27T14:00:00+01:00,1418.557,1423.8725,1413.7925,1415.181
2013-08-27T22:00:00+01:00,1416.075,1422.745,1413.524,1419.9695
2013-08-28T06:00:00+01:00,1419.9495,1433.8275,1419.5585,1428.3335
2013-08-28T14:00:00+01:00,1428.343,1430.195,1415.2855,1417.5425
2013-08-28T22:00:00+01:00,1417.544,1418.535,1407.951,1413.537
2013-08-29T06:00:00+01:00,1413.5485,1416.8365,1404.747,1411.917
2013-08-29T14:00:00+01:00,1411.9395,1413.9725,1402.617,1407.758
2013-08-29T22:00:00+01:00,1407.7555,1411.359,1402.917,1410.691
2013-08-30T06:00:00+01:00,1410.742,1411.024,1392.78,1394.19
2013-08-30T14:00:00+01:00,1394.275,1405.0875,1392.3275,1395.338
2013-09-01T22:00:00+01:00,1393.725,1394.799,1374.1895,1393.6
2013-09-02T06:00:00+01:00,1393.6865,1398.4125,1387.8125,1390.18
2013-09-02T14:00:00+01:00,1390.168,1394.839,1389.025,1390.6945
2013-09-02T22:00:00+01:00,1391.725,1395.3425,1390.2795,1393.4745
2013-09-03T06:00:00+01:00,1393.4495,1401.405,1384.606,1398.1205
2013-09-03T14:00:00+01:00,1398.1305,1416.4065,1398.1155,1412.449
2013-09-03T22:00:00+01:00,1411.7,1415.127,1410.282,1411.989
2013-09-04T06:00:00+01:00,1412.003,1412.9065,1393.5015,1394.115
2013-09-04T14:00:00+01:00,1394.062,1396.105,1384.763,1391.648
2013-09-04T22:00:00+01:00,1391.65,1395.038,1390.852,1392.0725
2013-09-05T06:00:00+01:00,1392.0985,1399.9975,1381.2135,1391.6225
2013-09-05T14:00:00+01:00,1391.6025,1391.6025,1365.0625,1367.5345
2013-09-05T22:00:00+01:00,1366.65,1374.0795,1365.856,1370.8645
2013-09-06T06:00:00+01:00,1370.859,1393.565,1362.495,1384.465
2013-09-06T14:00:00+01:00,1384.4125,1391.7935,1380.6055,1391.718
2013-09-08T22:00:00+01:00,1391.485,1394.717,1385.4205,1387.89
2013-09-09T06:00:00+01:00,1387.91,1389.666,1382.155,1388.05
2013-09-09T14:00:00+01:00,1388.08,1391.104,1384.41,1386.968
2013-09-09T22:00:00+01:00,1386.972,1391.4545,1375.8865,1377.4475
2013-09-10T06:00:00+01:00,1377.4065,1380.599,1363.033,1364.2
2013-09-10T14:00:00+01:00,1364.19,1366.9475,1357.908,1363.8355
2013-09-10T22:00:00+01:00,1363.982,1368.63,1356.7755,1365.5675
2013-09-11T06:00:00+01:00,1365.5935,1368.1955,1357.7655,1361.434
2013-09-11T14:00:00+01:00,1361.519,1365.7785,1359.5805,1365.245
2013-09-11T22:00:00+01:00,1365.197,1366.4135,1354.3005,1359.094
2013-09-12T06:00:00+01:00,1359.0885,1359.1105,1329.4935,1330.1065
2013-09-12T14:00:00+01:00,1330.1075,1333.7515,1320.75,1321.534
2013-09-12T22:00:00+01:00,1321.3105,1331.0235,1320.8735,1324.738
2013-09-13T06:00:00+01:00,1324.78,1325.0675,1304.971,1319.0475
2013-09-13T14:00:00+01:00,1319.0845,1327.4995,1307.3765,1326.35
2013-09-15T22:00:00+01:00,1335.505,1335.505,1323.6485,1328.5745
2013-09-16T06:00:00+01:00,1328.5895,1330.318,1307.665,1312.72
2013-09-16T14:00:00+01:00,1312.66,1325.7075,1303.213,1312.91
2013-09-16T22:00:00+01:00,1312.7205,1316.9995,1308.21,1313.9025
2013-09-17T06:00:00+01:00,1313.881,1324.008,1312.605,1315.1195
2013-09-17T14:00:00+01:00,1315.1505,1316.761,1306.2765,1310.705
2013-09-17T22:00:00+01:00,1310.69,1310.69,1291.9425,1298.174
2013-09-18T06:00:00+01:00,1298.15,1307.8275,1294.5565,1301.1555
2013-09-18T14:00:00+01:00,1301.1905,1367.6975,1296.44,1363.91
2013-09-18T22:00:00+01:00,1363.8705,1368.452,1358.8,1361.513
2013-09-19T06:00:00+01:00,1361.572,1375.3775,1361.395,1366.0855
2013-09-19T14:00:00+01:00,1366.0705,1375.14,1359.1555,1366.335
2013-09-19T22:00:00+01:00,1365.5,1368.4,1361.85,1364.15
2013-09-20T06:00:00+01:00,1364.1055,1365.3225,1346.505,1353.05
2013-09-20T14:00:00+01:00,1353.045,1356.8155,1324.803,1325.916
2013-09-22T22:00:00+01:00,1326.74,1330.4555,1313.613,1321.7755
2013-09-23T06:00:00+01:00,1321.765,1331.962,1316.446,1322.32
2013-09-23T14:00:00+01:00,1322.35,1330.358,1317.859,1322.645
2013-09-23T22:00:00+01:00,1322.6545,1329.103,1321.6455,1327.2845
2013-09-24T06:00:00+01:00,1327.25,1329.42,1307.008,1307.501
2013-09-24T14:00:00+01:00,1307.5105,1328.042,1305.947,1323.371
2013-09-24T22:00:00+01:00,1323.361,1326.9765,1322.6315,1325.786
2013-09-25T06:00:00+01:00,1325.774,1330.032,1316.736,1321.312
2013-09-25T14:00:00+01:00,1321.318,1338.178,1320.69,1334.406
2013-09-25T22:00:00+01:00,1334.408,1336.699,1329.988,1332.8475
2013-09-26T06:00:00+01:00,1332.892,1339.371,1328.6825,1334.5645
2013-09-26T14:00:00+01:00,1334.5805,1336.125,1318.969,1324.0355
2013-09-26T22:00:00+01:00,1324.0295,1326.294,1319.8235,1324.424
2013-09-27T06:00:00+01:00,1324.4235,1344.196,1321.4575,1335.733
2013-09-27T14:00:00+01:00,1335.73,1342.22,1333.54,1336.653
2013-09-29T22:00:00+01:00,1341.74,1352.73,1335.269,1337.854
2013-09-30T06:00:00+01:00,1337.888,1343.3975,1325.8675,1327.7245
2013-09-30T14:00:00+01:00,1327.735,1337.5465,1322.862,1328.967
2013-09-30T22:00:00+01:00,1327.875,1330.752,1324.974,1328.493
2013-10-01T06:00:00+01:00,1328.494,1337.606,1284.802,1293.2955
2013-10-01T14:00:00+01:00,1293.3065,1297.925,1282.552,1287.5245
2013-10-01T22:00:00+01:00,1287.5095,1293.415,1277.914,1289.805
2013-10-02T06:00:00+01:00,1289.7745,1303.7525,1286.1375,1301.98
2013-10-02T14:00:00+01:00,1301.9965,1323.9695,1298.2825,1316.094
2013-10-02T22:00:00+01:00,1315.988,1317.007,1310.769,1311.905
2013-10-03T06:00:00+01:00,1311.88,1316.4875,1302.15,1307.8385
2013-10-03T14:00:00+01:00,1307.83,1322.47,1306.8295,1316.8005
2013-10-03T22:00:00+01:00,1316.869,1319.165,1314.775,1318.122
2013-10-04T06:00:00+01:00,1318.1095,1325.6135,1308.1695,1317.5125
2013-10-04T14:00:00+01:00,1317.52,1318.9395,1305.75,1310.7905
2013-10-06T22:00:00+01:00,1312.1,1316.1475,1311.66,1313.652
2013-10-07T06:00:00+01:00,1313.665,1321.1035,1308.6795,1319.739
2013-10-07T14:00:00+01:00,1320.032,1328.9405,1316.897,1323.266
2013-10-07T22:00:00+01:00,1322.9,1327.9525,1320.818,1324.241
2013-10-08T06:00:00+01:00,1324.216,1327.157,1315.803,1321.387
2013-10-08T14:00:00+01:00,1321.3065,1330.148,1318.0125,1319.303
2013-10-08T22:00:00+01:00,1319.245,1321.7,1316.601,1317.6625
2013-10-09T06:00:00+01:00,1317.661,1322.0945,1302.7165,1306.5155
2013-10-09T14:00:00+01:00,1306.5205,1314.3885,1294.8415,1305.699
2013-10-09T22:00:00+01:00,1307.1295,1307.5475,1300.5855,1302.3045
2013-10-10T06:00:00+01:00,1302.32,1312.155,1294.2815,1298.12
2013-10-10T14:00:00+01:00,1298.0925,1303.187,1282.307,1287.5365
2013-10-10T22:00:00+01:00,1287.493,1293.797,1283.836,1292.4435
2013-10-11T06:00:00+01:00,1292.4225,1294.737,1261.943,1267.1395
2013-10-11T14:00:00+01:00,1267.1495,1272.8805,1262.7355,1272.222
2013-10-13T22:00:00+01:00,1276.995,1279.34,1268.705,1270.392
2013-10-14T06:00:00+01:00,1270.38,1289.9905,1270.38,1283.9
2013-10-14T14:00:00+01:00,1283.785,1286.871,1275.82,1276.245
2013-10-14T22:00:00+01:00,1273.65,1274.556,1266.426,1272.7045
2013-10-15T06:00:00+01:00,1272.6775,1273.465,1251.81,1262.0145
2013-10-15T14:00:00+01:00,1262.003,1288.167,1262.003,1282.114
2013-10-15T22:00:00+01:00,1282.2255,1283.7815,1274.4955,1279.851
2013-10-16T06:00:00+01:00,1279.833,1288.3285,1275.8425,1280.1375
2013-10-16T14:00:00+01:00,1280.1555,1283.437,1269.3525,1282.503
2013-10-16T22:00:00+01:00,1282,1287.2455,1279.725,1281.0995
2013-10-17T06:00:00+01:00,1281.058,1323.225,1274.6225,1314.8405
2013-10-17T14:00:00+01:00,1314.7525,1324.485,1313.81,1320.516
2013-10-17T22:00:00+01:00,1320.529,1320.919,1315.1215,1315.575
2013-10-18T06:00:00+01:00,1315.512,1327.275,1315.208,1319.22
2013-10-18T14:00:00+01:00,1319.18,1320.2045,1311.8325,1316.2505
2013-10-20T22:00:00+01:00,1316.576,1320.309,1313.3655,1319.474
2013-10-21T06:00:00+01:00,1319.4815,1324.187,1313.8375,1316.86
2013-10-21T14:00:00+01:00,1316.8085,1319.9615,1313.75,1316.055
2013-10-21T22:00:00+01:00,1315.891,1316.006,1313.5265,1314.242
2013-10-22T06:00:00+01:00,1314.21,1334.9685,1310.282,1328.35
2013-10-22T14:00:00+01:00,1328.3005,1344.8205,1327.4255,1340.2095
2013-10-22T22:00:00+01:00,1340.1745,1342.367,1334.4495,1336.076
2013-10-23T06:00:00+01:00,1336.079,1337.8185,1329.345,1334.8695
2013-10-23T14:00:00+01:00,1334.8495,1337.4715,1329.9925,1333.323
2013-10-23T22:00:00+01:00,1332.095,1337.2485,1330.4195,1336.54
2013-10-24T06:00:00+01:00,1336.529,1349.2025,1334.139,1340.315
2013-10-24T14:00:00+01:00,1340.28,1352.0675,1339.7295,1346.6985
2013-10-24T22:00:00+01:00,1346.701,1348.009,1342.6005,1345.05
2013-10-25T06:00:00+01:00,1345.011,1345.294,1336.712,1342.6075
2013-10-25T14:00:00+01:00,1342.58,1355.9075,1340.91,1350.915
2013-10-27T21:00:00+00:00,1353.99,1354.1905,1347.696,1350.446
2013-10-28T05:00:00+00:00,1350.432,1354.45,1346.5145,1353.09
2013-10-28T13:00:00+00:00,1353.107,1361.8685,1348.135,1352.572
2013-10-28T21:00:00+00:00,1352.6035,1360.588,1350.883,1355.55
2013-10-29T05:00:00+00:00,1355.6245,1356.3,1340.2525,1347.25
2013-10-29T13:00:00+00:00,1347.22,1353.0725,1342.7325,1345.131
2013-10-29T21:00:00+00:00,1344.7,1344.933,1338.989,1344.387
2013-10-30T05:00:00+00:00,1344.409,1358.9335,1342.69,1354.274
2013-10-30T13:00:00+00:00,1354.264,1359.612,1334.872,1344.616
2013-10-30T21:00:00+00:00,1344.6625,1344.6625,1335.4145,1339.703
2013-10-31T05:00:00+00:00,1339.709,1340.112,1322.83,1326.6005
2013-10-31T13:00:00+00:00,1326.6155,1331.345,1319.2415,1323.11
2013-10-31T21:00:00+00:00,1323.149,1326.775,1322.805,1325.5435
2013-11-01T05:00:00+00:00,1325.5275,1327.545,1311.8585,1314.5795
2013-11-01T13:00:00+00:00,1314.6,1317.6405,1306.2335,1316.2055
2013-11-03T22:00:00+00:00,1313.985,1316.088,1311.752,1314.745
2013-11-04T06:00:00+00:00,1314.7835,1322.6525,1311.2845,1318.34
2013-11-04T14:00:00+00:00,1318.32,1321.1725,1313.479,1314.725
2013-11-04T22:00:00+00:00,1314.77,1318.511,1313.7605,1316.033
2013-11-05T06:00:00+00:00,1316.0195,1320.0485,1309.4825,1315.24
2013-11-05T14:00:00+00:00,1315.242,1315.705,1306,1311.81
2013-11-05T22:00:00+00:00,1311.807,1315.7595,1309.297,1314.069
2013-11-06T06:00:00+00:00,1314.054,1322.1675,1310.27,1316.9195
2013-11-06T14:00:00+00:00,1316.9075,1319.8755,1314.696,1317.8675
2013-11-06T22:00:00+00:00,1317.874,1319.5175,1315.2335,1318.785
2013-11-07T06:00:00+00:00,1318.727,1326.7325,1296.912,1303.9115
2013-11-07T14:00:00+00:00,1303.895,1314.41,1302.5405,1307.655
2013-11-07T22:00:00+00:00,1307.639,1310.971,1306.3,1310.687
2013-11-08T06:00:00+00:00,1310.702,1313.8405,1290.4025,1294.957
2013-11-08T14:00:00+00:00,1294.949,1296.76,1281.2315,1288.635
2013-11-10T22:00:00+00:00,1287.965,1289.05,1283.6115,1285.548
2013-11-11T06:00:00+00:00,1285.5535,1287.8875,1279.2585,1283.25
2013-11-11T14:00:00+00:00,1283.248,1284.77,1281.62,1282.875
2013-11-11T22:00:00+00:00,1282.859,1283.101,1276.639,1279.2945
2013-11-12T06:00:00+00:00,1279.2795,1285.4555,1277.4795,1281.8295
2013-11-12T14:00:00+00:00,1281.8795,1283.5305,1261.515,1268.0335
2013-11-12T22:00:00+00:00,1268.04,1273.3945,1265.984,1272.467
2013-11-13T06:00:00+00:00,1272.4945,1279.453,1270.68,1278.4105
2013-11-13T14:00:00+00:00,1278.4055,1284.448,1268.411,1281.7525
2013-11-13T22:00:00+00:00,1281.74,1288.3205,1280.8305,1286.9825
2013-11-14T06:00:00+00:00,1286.975,1287.803,1278.2495,1284.1045
2013-11-14T14:00:00+00:00,1284.1035,1294.3775,1281.7005,1287.1845
2013-11-14T22:00:00+00:00,1287.272,1291.354,1286.0995,1289.317
2013-11-15T06:00:00+00:00,1289.3095,1289.7505,1280.5295,1287.246
2013-11-15T14:00:00+00:00,1287.24,1290.4645,1285.902,1290.2375
2013-11-17T22:00:00+00:00,1289.595,1289.78,1284.7085,1287.317
2013-11-18T06:00:00+00:00,1287.3225,1288.395,1277.7125,1283.515
2013-11-18T14:00:00+00:00,1283.5425,1285.2975,1270.1685,1275.39
2013-11-18T22:00:00+00:00,1275.38,1276.075,1270.918,1274.021
2013-11-19T06:00:00+00:00,1274.031,1277.801,1269.306,1275.4135
2013-11-19T14:00:00+00:00,1275.41,1278.9995,1273.234,1275.62
2013-11-19T22:00:00+00:00,1275.5735,1276.484,1273.8805,1274.2205
2013-11-20T06:00:00+00:00,1274.2095,1275.8045,1258.7245,1263.0845
2013-11-20T14:00:00+00:00,1263.0365,1268.802,1241.2025,1244.2025
2013-11-20T22:00:00+00:00,1243.1025,1249.4,1242.847,1247.653
2013-11-21T06:00:00+00:00,1247.6435,1250.4725,1238.8415,1241.847
2013-11-21T14:00:00+00:00,1241.837,1247.2245,1236.8975,1242.9825
2013-11-21T22:00:00+00:00,1242.9675,1246.298,1242.058,1244.0565
2013-11-22T06:00:00+00:00,1244.0505,1249.074,1241.2935,1246.0235
2013-11-22T14:00:00+00:00,1246.068,1247.9275,1241.782,1243.6825
2013-11-24T22:00:00+00:00,1242.535,1244.4105,1237.3505,1238.122
2013-11-25T06:00:00+00:00,1238.078,1238.078,1226.169,1235.056
2013-11-25T14:00:00+00:00,1235.0625,1253.976,1234.1,1251.4255
2013-11-25T22:00:00+00:00,1251.43,1258.244,1250.106,1253.213
2013-11-26T06:00:00+00:00,1253.208,1255.295,1245.5915,1245.9215
2013-11-26T14:00:00+00:00,1245.9145,1247.9955,1239.75,1242.9
2013-11-26T22:00:00+00:00,1242.9345,1247.0605,1241.6155,1246.702
2013-11-27T06:00:00+00:00,1246.6795,1254.961,1244.476,1250.9035
2013-11-27T14:00:00+00:00,1250.9005,1251.465,1236.437,1237.9
2013-11-27T22:00:00+00:00,1237.8,1241.338,1234.6925,1240.0845
2013-11-28T06:00:00+00:00,1240.0695,1245.0465,1239.683,1244.2075
2013-11-28T14:00:00+00:00,1244.222,1245.8965,1243.384,1244.118
2013-11-28T22:00:00+00:00,1244,1245.218,1240.9165,1242.348
2013-11-29T06:00:00+00:00,1242.3325,1254.2315,1241.192,1251.2765
2013-11-29T14:00:00+00:00,1251.289,1254.853,1250.52,1251.335
2013-12-01T22:00:00+00:00,1251.005,1251.005,1245.8005,1246.56
2013-12-02T06:00:00+00:00,1246.5075,1247.985,1233.7875,1236.6795
2013-12-02T14:00:00+00:00,1236.6845,1238.7885,1217.971,1219.8
2013-12-02T22:00:00+00:00,1219.8105,1224.447,1219.778,1221.9095
2013-12-03T06:00:00+00:00,1221.9315,1226.201,1218.559,1220.69
2013-12-03T14:00:00+00:00,1220.698,1226.297,1215.3805,1223.3825
2013-12-03T22:00:00+00:00,1223.358,1225.129,1220.424,1222.1995
2013-12-04T06:00:00+00:00,1222.191,1228.646,1211.898,1226.063
2013-12-04T14:00:00+00:00,1226.0565,1251.6895,1224.9085,1243.6385
2013-12-04T22:00:00+00:00,1243.68,1243.68,1236.7855,1239.358
2013-12-05T06:00:00+00:00,1239.35,1239.946,1222.487,1225.12
2013-12-05T14:00:00+00:00,1225.1475,1236.018,1217.137,1225.1985
2013-12-05T22:00:00+00:00,1225.21,1229.083,1224.495,1228.281
2013-12-06T06:00:00+00:00,1228.3015,1239.846,1212.666,1237.4955
2013-12-06T14:00:00+00:00,1237.511,1244.568,1223.5975,1229.1325
2013-12-08T22:00:00+00:00,1230.785,1232.2605,1225.44,1229.4905
2013-12-09T06:00:00+00:00,1229.496,1233.3815,1227.4265,1231.5165
2013-12-09T14:00:00+00:00,1231.517,1243.237,1231.1615,1240.35
2013-12-09T22:00:00+00:00,1239.955,1242.9995,1238.098,1242.672
2013-12-10T06:00:00+00:00,1242.662,1264.5705,1242.33,1259.826
2013-12-10T14:00:00+00:00,1259.8185,1267.9675,1259.507,1262.1395
2013-12-10T22:00:00+00:00,1262.165,1263.187,1256.593,1259.558
2013-12-11T06:00:00+00:00,1259.535,1261.848,1253.7325,1260.8365
2013-12-11T14:00:00+00:00,1260.8065,1263.4695,1251.2645,1252.247
2013-12-11T22:00:00+00:00,1252.254,1256.121,1252.08,1255.162
2013-12-12T06:00:00+00:00,1255.1675,1257.1155,1233.102,1235.438
2013-12-12T14:00:00+00:00,1235.476,1236.4655,1223.942,1225.51
2013-12-12T22:00:00+00:00,1225.495,1229.2475,1224.965,1227.648
2013-12-13T06:00:00+00:00,1227.6585,1235.799,1220.662,1234.286
2013-12-13T14:00:00+00:00,1234.2815,1238.8575,1231.393,1238.7
2013-12-15T22:00:00+00:00,1238.115,1238.42,1233.678,1235.246
2013-12-16T06:00:00+00:00,1235.238,1238.392,1227.9515,1235.385
2013-12-16T14:00:00+00:00,1235.45,1252.0615,1233.6015,1241.3225
2013-12-16T22:00:00+00:00,1241.3575,1247.7955,1240.008,1246.7255
2013-12-17T06:00:00+00:00,1246.715,1248.197,1230.2335,1234.592
2013-12-17T14:00:00+00:00,1234.5855,1243.199,1227.5525,1231.05
2013-12-17T22:00:00+00:00,1231.045,1235.299,1230.25,1233.617
2013-12-18T06:00:00+00:00,1233.601,1237.573,1228.7725,1233.18
2013-12-18T14:00:00+00:00,1233.162,1244.7665,1216.3045,1218.3365
2013-12-18T22:00:00+00:00,1218.2965,1226.661,1216.0145,1221.0075
2013-12-19T06:00:00+00:00,1221.0215,1224.5545,1198.0275,1204.415
2013-12-19T14:00:00+00:00,1204.419,1205.2155,1187.2025,1188.6705
2013-12-19T22:00:00+00:00,1188.6625,1197.5135,1188.5895,1195.5555
2013-12-20T06:00:00+00:00,1195.5705,1198.9275,1191.4035,1195.373
2013-12-20T14:00:00+00:00,1195.358,1207.638,1193.2355,1203.23
2013-12-22T22:00:00+00:00,1203.06,1205.637,1200.065,1203.887
2013-12-23T06:00:00+00:00,1203.871,1206.3625,1192.8125,1201.507
2013-12-23T14:00:00+00:00,1201.517,1204.0355,1196.941,1198.761
2013-12-23T22:00:00+00:00,1198.405,1199.684,1197.111,1199.1945
2013-12-24T06:00:00+00:00,1199.2745,1202.3675,1196.31,1201.1505
2013-12-24T14:00:00+00:00,1201.17,1205.7445,1200.1425,1204.15
2013-12-25T22:00:00+00:00,1204.55,1206.846,1203.349,1204.3295
2013-12-26T06:00:00+00:00,1204.325,1214.708,1203.5655,1212.547
2013-12-26T14:00:00+00:00,1212.546,1215.993,1209.65,1210.6605
2013-12-26T22:00:00+00:00,1210.65,1212.942,1209.101,1212.759
2013-12-27T06:00:00+00:00,1212.711,1219.248,1209.796,1218.126
2013-12-27T14:00:00+00:00,1218.111,1218.934,1211.6955,1213.275
2013-12-29T22:00:00+00:00,1214.155,1216.35,1207.509,1207.509
2013-12-30T06:00:00+00:00,1207.5115,1208.4445,1200.9435,1206.763
2013-12-30T14:00:00+00:00,1206.7705,1208.6595,1194.7605,1196.5515
2013-12-30T22:00:00+00:00,1196.55,1199.951,1194.844,1199.643
2013-12-31T06:00:00+00:00,1199.673,1206.5905,1182.5,1188.38
2013-12-31T14:00:00+00:00,1188.3695,1214.762,1185.6435,1205.71
2014-01-01T22:00:00+00:00,1205.0975,1229.9505,1203.157,1226.3885
2014-01-02T06:00:00+00:00,1226.403,1228.6545,1213.7545,1223.5015
2014-01-02T14:00:00+00:00,1223.5075,1230.944,1221.023,1224.3925
2014-01-02T22:00:00+00:00,1224.372,1236.2,1222.032,1231.496
2014-01-03T06:00:00+00:00,1231.514,1238.8095,1227.115,1229.845
2014-01-03T14:00:00+00:00,1229.85,1240.3405,1228.4035,1236.94
2014-01-05T22:00:00+00:00,1237.23,1246.4305,1233.075,1240.9365
2014-01-06T06:00:00+00:00,1240.931,1242.719,1235.309,1241.4775
2014-01-06T14:00:00+00:00,1241.4625,1248.5145,1215.561,1237.9855
2014-01-06T22:00:00+00:00,1237.976,1243.921,1237.1405,1242.214
2014-01-07T06:00:00+00:00,1242.2555,1245.399,1234.1555,1235.8865
2014-01-07T14:00:00+00:00,1235.899,1235.9055,1225.0835,1232.116
2014-01-07T22:00:00+00:00,1232.1365,1232.5975,1225.7,1226.8355
2014-01-08T06:00:00+00:00,1226.838,1232.062,1220.2225,1222.7505
2014-01-08T14:00:00+00:00,1222.7025,1228.9545,1218.5905,1225.974
2014-01-08T22:00:00+00:00,1225.9865,1228.1665,1224.371,1225.7365
2014-01-09T06:00:00+00:00,1225.7715,1231.615,1225.1235,1227.085
2014-01-09T14:00:00+00:00,1227.0805,1230.674,1223.641,1228.004
2014-01-09T22:00:00+00:00,1227.999,1237.795,1227.5605,1236.744
2014-01-10T06:00:00+00:00,1236.729,1245.5305,1227.1775,1240.62
2014-01-10T14:00:00+00:00,1240.615,1249.039,1238.715,1248.465
2014-01-12T22:00:00+00:00,1248,1255.212,1247.521,1251.272
2014-01-13T06:00:00+00:00,1251.253,1251.927,1243.7955,1244.8995
2014-01-13T14:00:00+00:00,1244.909,1255.166,1244.8995,1253.119
2014-01-13T22:00:00+00:00,1253.084,1254.3835,1250.864,1252.709
2014-01-14T06:00:00+00:00,1252.7215,1254.4295,1247.3305,1250.241
2014-01-14T14:00:00+00:00,1250.1805,1255.4155,1241.8125,1245.1515
2014-01-14T22:00:00+00:00,1245.149,1245.215,1238.6345,1240.327
2014-01-15T06:00:00+00:00,1240.333,1242.5325,1234.9545,1237.03
2014-01-15T14:00:00+00:00,1237.048,1242.403,1234.391,1241.9015
2014-01-15T22:00:00+00:00,1241.9165,1243.224,1239.3905,1242.9875
2014-01-16T06:00:00+00:00,1242.9945,1243.985,1236.49,1241.2805
2014-01-16T14:00:00+00:00,1241.255,1245.3685,1240.0535,1242.3905
2014-01-16T22:00:00+00:00,1242.426,1244.595,1241.33,1244.39
2014-01-17T06:00:00+00:00,1244.396,1250.0715,1237.898,1248.2555
2014-01-17T14:00:00+00:00,1248.275,1255.057,1247.117,1254.01
2014-01-19T22:00:00+00:00,1253.3,1261.7805,1252.85,1257.2785
2014-01-20T06:00:00+00:00,1257.2845,1257.665,1253.4155,1256.7085
2014-01-20T14:00:00+00:00,1256.726,1257.09,1254.893,1255.28
2014-01-20T22:00:00+00:00,1255.05,1255.879,1251.3245,1253.9065
2014-01-21T06:00:00+00:00,1253.899,1254.505,1235.8945,1238.8665
2014-01-21T14:00:00+00:00,1238.8585,1244.3055,1235.7105,1241.437
2014-01-21T22:00:00+00:00,1241.434,1243.707,1240.965,1242.28
2014-01-22T06:00:00+00:00,1242.3445,1243.305,1238.134,1240.756
2014-01-22T14:00:00+00:00,1240.761,1242.2005,1236.0085,1237.173
2014-01-22T22:00:00+00:00,1237.162,1237.7095,1231.691,1235.238
2014-01-23T06:00:00+00:00,1235.244,1258.448,1234.8895,1256.1155
2014-01-23T14:00:00+00:00,1256.1655,1265.595,1254.487,1263.989
2014-01-23T22:00:00+00:00,1263.979,1264.688,1258.879,1260.715
2014-01-24T06:00:00+00:00,1260.705,1272.7045,1256.9855,1267.5835
2014-01-24T14:00:00+00:00,1267.597,1270.4245,1260.808,1270.085
2014-01-26T22:00:00+00:00,1270.285,1279.285,1269.9795,1271.456
2014-01-27T06:00:00+00:00,1271.4315,1272.6285,1258.7445,1261.4115
2014-01-27T14:00:00+00:00,1261.4255,1265.92,1252.1215,1257.0065
2014-01-27T22:00:00+00:00,1256.9965,1260.137,1254.6995,1260.0425
2014-01-28T06:00:00+00:00,1260.0295,1261.9455,1252.779,1258.9105
2014-01-28T14:00:00+00:00,1258.95,1259.2795,1248.9155,1256.877
2014-01-28T22:00:00+00:00,1256.897,1256.9185,1249.0295,1253.8075
2014-01-29T06:00:00+00:00,1253.7905,1269.203,1251.055,1266.9835
2014-01-29T14:00:00+00:00,1266.9935,1270.269,1256.251,1267.42
2014-01-29T22:00:00+00:00,1267.543,1267.996,1261.3455,1263.478
2014-01-30T06:00:00+00:00,1263.471,1263.5345,1238.695,1241.5235
2014-01-30T14:00:00+00:00,1241.5535,1246.853,1238.1865,1243.76
2014-01-30T22:00:00+00:00,1243.74,1245.317,1242.121,1242.724
2014-01-31T06:00:00+00:00,1242.737,1255.0675,1238.6515,1251.6145
2014-01-31T14:00:00+00:00,1251.6515,1253.6,1239.5295,1244.61
2014-02-02T22:00:00+00:00,1242.92,1246.119,1242.2255,1246.0965
2014-02-03T06:00:00+00:00,1246.082,1249.079,1240.968,1247.5575
2014-02-03T14:00:00+00:00,1247.5905,1266.4045,1246.904,1257.559
2014-02-03T22:00:00+00:00,1257.5305,1259.948,1256.227,1258.9155
2014-02-04T06:00:00+00:00,1258.8995,1261.1035,1247.411,1249.1305
2014-02-04T14:00:00+00:00,1249.1255,1255.913,1248.0365,1254.684
2014-02-04T22:00:00+00:00,1254.675,1256.0105,1252.7075,1254.073
2014-02-05T06:00:00+00:00,1254.0935,1274.4745,1254.0465,1265.6385
2014-02-05T14:00:00+00:00,1265.559,1266.4435,1252.5545,1257.8735
2014-02-05T22:00:00+00:00,1257.8685,1259.527,1255.2435,1257.9595
2014-02-06T06:00:00+00:00,1257.94,1266.9365,1256.838,1262.1495
2014-02-06T14:00:00+00:00,1262.156,1262.5445,1252.9105,1258.118
2014-02-06T22:00:00+00:00,1258.121,1263.048,1256.317,1260.7715
2014-02-07T06:00:00+00:00,1260.777,1271.8805,1256.2105,1259.8685
2014-02-07T14:00:00+00:00,1259.85,1268.266,1257.5485,1267.3
2014-02-09T22:00:00+00:00,1265.7305,1270.23,1265.215,1269.836
2014-02-10T06:00:00+00:00,1269.821,1277.989,1269.511,1274.4035
2014-02-10T14:00:00+00:00,1274.397,1277.4495,1272.825,1274.843
2014-02-10T22:00:00+00:00,1274.816,1287.608,1273.842,1284.445
2014-02-11T06:00:00+00:00,1284.412,1288.477,1276.24,1280.028
2014-02-11T14:00:00+00:00,1280.0435,1294,1277.014,1291.3855
2014-02-11T22:00:00+00:00,1291.365,1291.4,1284.11,1285.8165
2014-02-12T06:00:00+00:00,1285.8105,1292.5915,1285.3215,1290.337
2014-02-12T14:00:00+00:00,1290.323,1296.4025,1287.818,1291.124
2014-02-12T22:00:00+00:00,1291.164,1293.3535,1288.4965,1288.8455
2014-02-13T06:00:00+00:00,1288.84,1295.432,1286.3735,1292.963
2014-02-13T14:00:00+00:00,1292.983,1303.081,1292.3725,1302.87
2014-02-13T22:00:00+00:00,1302.833,1307.37,1299.957,1305.624
2014-02-14T06:00:00+00:00,1305.6325,1319.7575,1304.621,1315.9605
2014-02-14T14:00:00+00:00,1315.956,1321.2895,1314.967,1318.62
2014-02-16T22:00:00+00:00,1319.12,1329.9645,1319.08,1325.2095
2014-02-17T06:00:00+00:00,1325.213,1329.063,1321.8065,1327.857
2014-02-17T14:00:00+00:00,1327.847,1329.063,1325.903,1328.885
2014-02-17T22:00:00+00:00,1329.95,1332.233,1317.241,1317.715
2014-02-18T06:00:00+00:00,1317.705,1321.013,1312.7315,1319.655
2014-02-18T14:00:00+00:00,1319.615,1325.155,1318.532,1321.9905
2014-02-18T22:00:00+00:00,1321.9805,1323.0055,1314.4865,1316.849
2014-02-19T06:00:00+00:00,1316.845,1322.453,1315.715,1319.693
2014-02-19T14:00:00+00:00,1319.651,1322.131,1308.986,1311.531
2014-02-19T22:00:00+00:00,1311.559,1314.5955,1308.7385,1313.8045
2014-02-20T06:00:00+00:00,1313.807,1317.5555,1307.473,1315.318
2014-02-20T14:00:00+00:00,1315.29,1325.119,1311.38,1323.069
2014-02-20T22:00:00+00:00,1323.081,1323.2005,1316.156,1317.0705
2014-02-21T06:00:00+00:00,1317.065,1325.5675,1316.92,1322.088
2014-02-21T14:00:00+00:00,1322.079,1328.64,1319.239,1324.285
2014-02-23T22:00:00+00:00,1325.57,1327.1635,1318.86,1326.2255
2014-02-24T06:00:00+00:00,1326.2275,1337.0545,1324.65,1331.118
2014-02-24T14:00:00+00:00,1331.1305,1339.0375,1328.712,1336.959
2014-02-24T22:00:00+00:00,1336.944,1338.22,1332.4585,1334.2965
2014-02-25T06:00:00+00:00,1334.289,1337.8815,1331.3485,1336.28
2014-02-25T14:00:00+00:00,1336.2995,1343.759,1333.662,1340.586
2014-02-25T22:00:00+00:00,1340.61,1343.9465,1337.75,1343.4315
2014-02-26T06:00:00+00:00,1343.452,1345.5395,1329.6205,1333.417
2014-02-26T14:00:00+00:00,1333.411,1335.694,1322.415,1330.652
2014-02-26T22:00:00+00:00,1330.64,1331.262,1325.2795,1327.959
2014-02-27T06:00:00+00:00,1327.9525,1333.9755,1323.955,1332.0745
2014-02-27T14:00:00+00:00,1332.073,1336.24,1327.0185,1331.356
2014-02-27T22:00:00+00:00,1331.365,1333.425,1327.9995,1332.0055
2014-02-28T06:00:00+00:00,1331.9905,1333.035,1325.2315,1330.124
2014-02-28T14:00:00+00:00,1330.108,1331.571,1319.8435,1326.41
2014-03-02T22:00:00+00:00,1332.515,1344.885,1330.7995,1343.526
2014-03-03T06:00:00+00:00,1343.4945,1350.2485,1342.557,1347.308
2014-03-03T14:00:00+00:00,1347.3015,1354.8475,1345.634,1350.6005
2014-03-03T22:00:00+00:00,1350.622,1352.651,1348.334,1351.183
2014-03-04T06:00:00+00:00,1351.171,1351.435,1331.452,1334.3415
2014-03-04T14:00:00+00:00,1334.3295,1340.792,1331.383,1334.5
2014-03-04T22:00:00+00:00,1334.495,1338.2035,1333.091,1337.26
2014-03-05T06:00:00+00:00,1337.2765,1339.7515,1332.793,1337.273
2014-03-05T14:00:00+00:00,1337.3695,1341.9315,1334.229,1336.857
2014-03-05T22:00:00+00:00,1336.867,1339.1405,1335.663,1338.307
2014-03-06T06:00:00+00:00,1338.298,1338.2985,1331.295,1337.519
2014-03-06T14:00:00+00:00,1337.535,1353.725,1337.2495,1350.834
2014-03-06T22:00:00+00:00,1350.799,1352.31,1347.703,1350.461
2014-03-07T06:00:00+00:00,1350.436,1352.975,1331.78,1335.45
2014-03-07T14:00:00+00:00,1335.472,1341.2925,1327.93,1340.333
2014-03-09T21:00:00+00:00,1338.828,1338.9615,1328.11,1333.397
2014-03-10T05:00:00+00:00,1333.385,1340.338,1329.452,1337.65
2014-03-10T13:00:00+00:00,1337.66,1344.716,1336.056,1339.692
2014-03-10T21:00:00+00:00,1339.676,1343.997,1337.994,1342.075
2014-03-11T05:00:00+00:00,1342.062,1352.666,1341.081,1348.757
2014-03-11T13:00:00+00:00,1348.767,1350.463,1338.008,1348.967
2014-03-11T21:00:00+00:00,1348.977,1359.765,1345.524,1357.2345
2014-03-12T05:00:00+00:00,1357.241,1367,1354.2015,1365.0565
2014-03-12T13:00:00+00:00,1365.06,1370.986,1363.533,1366.881
2014-03-12T21:00:00+00:00,1366.875,1374.573,1365.034,1373.225
2014-03-13T05:00:00+00:00,1373.208,1375.087,1364.5945,1367.269
2014-03-13T13:00:00+00:00,1367.279,1375.126,1365.22,1370.317
2014-03-13T21:00:00+00:00,1370.324,1376.634,1369.823,1370.699
2014-03-14T05:00:00+00:00,1370.719,1383.92,1367.9795,1381.968
2014-03-14T13:00:00+00:00,1381.958,1388.069,1373.5255,1383.183
2014-03-16T21:00:00+00:00,1389.385,1389.385,1379.502,1384.043
2014-03-17T05:00:00+00:00,1384.024,1385.075,1374.776,1379.875
2014-03-17T13:00:00+00:00,1379.83,1382.371,1362.029,1367.101
2014-03-17T21:00:00+00:00,1367.116,1367.6885,1357.7315,1361.183
2014-03-18T05:00:00+00:00,1361.194,1364.163,1350.857,1351.705
2014-03-18T13:00:00+00:00,1351.6965,1362.298,1351.324,1355.695
2014-03-18T21:00:00+00:00,1355.661,1359.746,1353.083,1354.077
2014-03-19T05:00:00+00:00,1354.1275,1356.437,1341.5155,1343.63
2014-03-19T13:00:00+00:00,1343.554,1345.836,1327.7895,1329.612
2014-03-19T21:00:00+00:00,1329.6305,1334.12,1325.92,1333.674
2014-03-20T05:00:00+00:00,1333.686,1334.751,1320.345,1323.429
2014-03-20T13:00:00+00:00,1323.445,1332.408,1323.445,1327.763
2014-03-20T21:00:00+00:00,1327.754,1335.454,1327.3105,1330.686
2014-03-21T05:00:00+00:00,1330.699,1342.49,1329.232,1337.821
2014-03-21T13:00:00+00:00,1337.836,1339.968,1332.712,1334.717
2014-03-23T21:00:00+00:00,1332.884,1334.4015,1324.931,1327.507
2014-03-24T05:00:00+00:00,1327.4865,1329.118,1314.56,1315.8345
2014-03-24T13:00:00+00:00,1315.8265,1319.4315,1308.0195,1308.761
2014-03-24T21:00:00+00:00,1308.775,1314.271,1308.461,1314.1355
2014-03-25T05:00:00+00:00,1314.1295,1317.442,1305.75,1309.09
2014-03-25T13:00:00+00:00,1309.07,1316.202,1308.247,1311.078
2014-03-25T21:00:00+00:00,1311.059,1315.63,1309.5395,1313.099
2014-03-26T05:00:00+00:00,1313.124,1316.489,1310.216,1311.926
2014-03-26T13:00:00+00:00,1311.97,1312.351,1298.7575,1304.448
2014-03-26T21:00:00+00:00,1304.4465,1306.9205,1302.811,1303.35
2014-03-27T05:00:00+00:00,1303.338,1304.766,1291.645,1295.506
2014-03-27T13:00:00+00:00,1295.524,1300.122,1289.193,1291.345
2014-03-27T21:00:00+00:00,1291.295,1294.978,1290.792,1293.897
2014-03-28T05:00:00+00:00,1293.917,1298.8125,1286.5125,1290.49
2014-03-28T13:00:00+00:00,1290.508,1296.784,1285.788,1295.267
2014-03-30T22:00:00+01:00,1296.43,1298.673,1295.14,1295.665
2014-03-31T06:00:00+01:00,1295.648,1297.165,1290.477,1291.858
2014-03-31T14:00:00+01:00,1291.838,1295.095,1282.558,1284.0545
2014-03-31T22:00:00+01:00,1284.0815,1285.651,1277.813,1284.127
2014-04-01T06:00:00+01:00,1284.113,1288.095,1283.095,1284.188
2014-04-01T14:00:00+01:00,1284.161,1286.423,1277.807,1278.994
2014-04-01T22:00:00+01:00,1278.955,1284.039,1278.623,1282.32
2014-04-02T06:00:00+01:00,1282.332,1293.4475,1281.205,1291.576
2014-04-02T14:00:00+01:00,1291.6395,1294.648,1289.007,1289.911
2014-04-02T22:00:00+01:00,1289.893,1292.978,1289.693,1291.769
2014-04-03T06:00:00+01:00,1291.72,1294.044,1281.747,1285.11
2014-04-03T14:00:00+01:00,1285.093,1289.103,1282.646,1286.705
2014-04-03T22:00:00+01:00,1286.676,1287.35,1284.331,1287.229
2014-04-04T06:00:00+01:00,1287.308,1303.166,1286.48,1299.074
2014-04-04T14:00:00+01:00,1299.131,1306.8115,1296.1325,1303.672
2014-04-06T22:00:00+01:00,1304.0635,1304.3285,1300.87,1301.628
2014-04-07T06:00:00+01:00,1301.638,1302.787,1298.142,1298.9585
2014-04-07T14:00:00+01:00,1298.974,1302.36,1295.731,1297.3565
2014-04-07T22:00:00+01:00,1297.3365,1301.7555,1296.755,1300.7355
2014-04-08T06:00:00+01:00,1300.7485,1314.445,1300.441,1311.466
2014-04-08T14:00:00+01:00,1311.478,1311.783,1306.938,1308.624
2014-04-08T22:00:00+01:00,1308.597,1314.101,1308.057,1311.9155
2014-04-09T06:00:00+01:00,1311.9215,1314.018,1301.65,1303.032
2014-04-09T14:00:00+01:00,1303.051,1315.183,1300.98,1311.813
2014-04-09T22:00:00+01:00,1311.77,1317.682,1310.902,1316.297
2014-04-10T06:00:00+01:00,1316.291,1324.6505,1315.675,1318.116
2014-04-10T14:00:00+01:00,1318.1195,1322.061,1316.392,1318.934
2014-04-10T22:00:00+01:00,1318.914,1321.657,1316.576,1320.848
2014-04-11T06:00:00+01:00,1320.858,1323.9425,1314.202,1317.787
2014-04-11T14:00:00+01:00,1317.7795,1321.5075,1315.59,1318.568
2014-04-13T22:00:00+01:00,1327.675,1329.195,1324.523,1326.275
2014-04-14T06:00:00+01:00,1326.294,1330.134,1318.844,1324.023
2014-04-14T14:00:00+01:00,1324.007,1331.236,1323.781,1327.961
2014-04-14T22:00:00+01:00,1327.866,1327.8885,1319.102,1319.912
2014-04-15T06:00:00+01:00,1319.917,1321.229,1284.71,1294.2955
2014-04-15T14:00:00+01:00,1294.295,1304.6145,1293.256,1302.511
2014-04-15T22:00:00+01:00,1302.543,1303.992,1295.834,1300.201
2014-04-16T06:00:00+01:00,1300.211,1307.146,1293.6385,1303.7725
2014-04-16T14:00:00+01:00,1303.785,1304.926,1297.908,1302.469
2014-04-16T22:00:00+01:00,1302.443,1304.224,1299.767,1300.2555
2014-04-17T06:00:00+01:00,1300.25,1304.216,1296.65,1301.633
2014-04-17T14:00:00+01:00,1301.617,1303.149,1293.2645,1295.135
2014-04-20T22:00:00+01:00,1298.5,1302.1405,1281.9875,1285.803
2014-04-21T06:00:00+01:00,1285.827,1291.349,1283.085,1288.8645
2014-04-21T14:00:00+01:00,1288.872,1294.012,1284.965,1289.764
2014-04-21T22:00:00+01:00,1289.744,1290.71,1285.919,1287.103
2014-04-22T06:00:00+01:00,1287.093,1292.874,1286.853,1289.34
2014-04-22T14:00:00+01:00,1289.3305,1289.3305,1276.9575,1283.765
2014-04-22T22:00:00+01:00,1283.795,1287.337,1282.897,1284.978
2014-04-23T06:00:00+01:00,1284.9795,1289.084,1282.2685,1285.915
2014-04-23T14:00:00+01:00,1285.93,1286.942,1280.9705,1283.849
2014-04-23T22:00:00+01:00,1283.858,1287.229,1283.2,1286.392
2014-04-24T06:00:00+01:00,1286.305,1287.114,1268.632,1273.729
2014-04-24T14:00:00+01:00,1273.7495,1298.7915,1273.7495,1293.338
2014-04-24T22:00:00+01:00,1293.287,1294.639,1291.137,1291.716
2014-04-25T06:00:00+01:00,1291.738,1303.343,1290.512,1300.261
2014-04-25T14:00:00+01:00,1300.249,1305.155,1298.453,1303.121
2014-04-27T22:00:00+01:00,1303.35,1306.578,1302.67,1304.014
2014-04-28T06:00:00+01:00,1304.0435,1304.458,1299.404,1303.132
2014-04-28T14:00:00+01:00,1303.186,1303.85,1292.109,1296.744
2014-04-28T22:00:00+01:00,1296.711,1296.899,1293.782,1294.734
2014-04-29T06:00:00+01:00,1294.754,1298.8325,1286.392,1295.855
2014-04-29T14:00:00+01:00,1295.84,1301.4705,1294.235,1295.874
2014-04-29T22:00:00+01:00,1295.883,1296.552,1293.288,1293.7955
2014-04-30T06:00:00+01:00,1293.783,1297.455,1285.041,1293.676
2014-04-30T14:00:00+01:00,1293.669,1298.201,1285.635,1291.564
2014-04-30T22:00:00+01:00,1291.554,1292.975,1288.142,1288.751
2014-05-01T06:00:00+01:00,1288.804,1290.613,1277.908,1280.5605
2014-05-01T14:00:00+01:00,1280.559,1285.643,1277.3955,1284.302
2014-05-01T22:00:00+01:00,1284.316,1285.0795,1281.6815,1284.0005
2014-05-02T06:00:00+01:00,1283.99,1288.2585,1275.7155,1285.698
2014-05-02T14:00:00+01:00,1285.709,1304.7025,1280.481,1299.627
2014-05-04T22:00:00+01:00,1300.535,1309.3695,1299.575,1305.829
2014-05-05T06:00:00+01:00,1305.817,1315.653,1305.231,1314.6275
2014-05-05T14:00:00+01:00,1314.6375,1314.9985,1308.317,1310.265
2014-05-05T22:00:00+01:00,1310.259,1312.345,1308.115,1309.198
2014-05-06T06:00:00+01:00,1309.211,1314.152,1305.411,1307.793
2014-05-06T14:00:00+01:00,1307.8075,1309.369,1304.434,1308.002
2014-05-06T22:00:00+01:00,1308.02,1313.642,1307.135,1311.98
2014-05-07T06:00:00+01:00,1311.9745,1314.588,1301.4935,1303.783
2014-05-07T14:00:00+01:00,1303.818,1304.717,1286.734,1289.919
2014-05-07T22:00:00+01:00,1289.929,1292.467,1287.5185,1290.09
2014-05-08T06:00:00+01:00,1290.073,1295.449,1285.0685,1288.596
2014-05-08T14:00:00+01:00,1288.611,1292.231,1286.4285,1289.443
2014-05-08T22:00:00+01:00,1289.449,1291.691,1288.502,1291.042
2014-05-09T06:00:00+01:00,1291.028,1294.5255,1287.803,1290.88
2014-05-09T14:00:00+01:00,1290.9,1292.571,1285.612,1288.656
2014-05-11T22:00:00+01:00,1289.719,1292.57,1277.9575,1291.293
2014-05-12T06:00:00+01:00,1291.283,1303.964,1288.174,1300.768
2014-05-12T14:00:00+01:00,1300.758,1302.386,1294.822,1295.865
2014-05-12T22:00:00+01:00,1295.857,1298.7395,1292.394,1293.106
2014-05-13T06:00:00+01:00,1293.092,1298.703,1289.19,1296.9825
2014-05-13T14:00:00+01:00,1296.988,1298.8935,1292.7415,1293.703
2014-05-13T22:00:00+01:00,1293.677,1295.907,1291.641,1295.77
2014-05-14T06:00:00+01:00,1295.773,1309.12,1293.746,1307.483
2014-05-14T14:00:00+01:00,1307.513,1307.8585,1302.513,1305.953
2014-05-14T22:00:00+01:00,1305.964,1307.2075,1303.211,1303.5425
2014-05-15T06:00:00+01:00,1303.5275,1306.546,1290.9975,1295.1555
2014-05-15T14:00:00+01:00,1295.1355,1303.1045,1293.308,1296.183
2014-05-15T22:00:00+01:00,1296.195,1298.337,1294.759,1297.762
2014-05-16T06:00:00+01:00,1297.788,1298.037,1287.8595,1290.9195
2014-05-16T14:00:00+01:00,1291.0355,1295.584,1290.1845,1293.594
2014-05-18T22:00:00+01:00,1293.2,1296.661,1289.437,1295.681
2014-05-19T06:00:00+01:00,1295.694,1305.5015,1295.139,1303.1695
2014-05-19T14:00:00+01:00,1303.182,1303.187,1292.669,1293.109
2014-05-19T22:00:00+01:00,1293.12,1294.8605,1291.11,1293.6135
2014-05-20T06:00:00+01:00,1293.607,1294.09,1286.033,1288.474
2014-05-20T14:00:00+01:00,1288.4645,1296.9445,1287.545,1294.229
2014-05-20T22:00:00+01:00,1294.217,1296.333,1293.291,1295.66
2014-05-21T06:00:00+01:00,1295.6865,1295.7145,1288.139,1289.245
2014-05-21T14:00:00+01:00,1289.2225,1293.3465,1283.4405,1292.055
2014-05-21T22:00:00+01:00,1292.07,1293.0795,1290.172,1292.0695
2014-05-22T06:00:00+01:00,1292.058,1303.775,1292.058,1300.511
2014-05-22T14:00:00+01:00,1300.535,1300.601,1293.364,1294.095
2014-05-22T22:00:00+01:00,1294.084,1295.604,1293.265,1294.807
2014-05-23T06:00:00+01:00,1294.793,1295.481,1286.8065,1293.0775
2014-05-23T14:00:00+01:00,1293.098,1294.7465,1289.641,1292.578
2014-05-25T22:00:00+01:00,1293.935,1294.236,1290.8925,1292.487
2014-05-26T06:00:00+01:00,1292.527,1293.986,1291.246,1292.914
2014-05-26T14:00:00+01:00,1292.9535,1293.2535,1292.35,1292.8245
2014-05-26T22:00:00+01:00,1292.798,1293.46,1290.043,1290.366
2014-05-27T06:00:00+01:00,1290.35,1290.6365,1273.972,1277.5055
2014-05-27T14:00:00+01:00,1277.505,1278.9445,1264.571,1264.892
2014-05-27T22:00:00+01:00,1264.88,1265.4645,1260.98,1262.6035
2014-05-28T06:00:00+01:00,1262.61,1267.2975,1262.5705,1265.999
2014-05-28T14:00:00+01:00,1266.063,1266.196,1256.058,1258.184
2014-05-28T22:00:00+01:00,1258.233,1260.018,1255.7575,1258.284
2014-05-29T06:00:00+01:00,1258.326,1258.994,1251.5235,1255.142
2014-05-29T14:00:00+01:00,1255.1245,1260.5615,1253.498,1255.731
2014-05-29T22:00:00+01:00,1255.766,1260.471,1255.632,1257.9805
2014-05-30T06:00:00+01:00,1258.007,1258.607,1250.3645,1254.526
2014-05-30T14:00:00+01:00,1254.513,1256.511,1242.279,1249.62
2014-06-01T22:00:00+01:00,1250.3395,1250.875,1244.713,1245.376
2014-06-02T06:00:00+01:00,1245.394,1247.904,1241.117,1245.567
2014-06-02T14:00:00+01:00,1245.534,1250.863,1242.28,1243.917
2014-06-02T22:00:00+01:00,1243.817,1245.77,1241.84,1243.103
2014-06-03T06:00:00+01:00,1243.095,1247.747,1242.866,1244.656
2014-06-03T14:00:00+01:00,1244.6425,1247.096,1240.631,1244.945
2014-06-03T22:00:00+01:00,1244.957,1246.948,1243.7665,1246.061
2014-06-04T06:00:00+01:00,1246.045,1249.3035,1244.431,1246.77
2014-06-04T14:00:00+01:00,1246.76,1247.959,1242.946,1243.959
2014-06-04T22:00:00+01:00,1243.98,1244.864,1241.938,1243.6665
2014-06-05T06:00:00+01:00,1243.676,1257.78,1241.183,1255.036
2014-06-05T14:00:00+01:00,1254.984,1255.471,1250.499,1253.649
2014-06-05T22:00:00+01:00,1253.639,1255.036,1252.8455,1254.5495
2014-06-06T06:00:00+01:00,1254.54,1257.907,1251.5065,1256.023
2014-06-06T14:00:00+01:00,1256.0725,1256.8285,1245.981,1253.289
2014-06-08T22:00:00+01:00,1252.935,1254.337,1251.665,1252.401
2014-06-09T06:00:00+01:00,1252.407,1257.088,1252.292,1254.695
2014-06-09T14:00:00+01:00,1254.668,1255.136,1252.116,1252.277
2014-06-09T22:00:00+01:00,1252.267,1254.873,1250.398,1254.4195
2014-06-10T06:00:00+01:00,1254.431,1263.653,1252.4155,1261.323
2014-06-10T14:00:00+01:00,1261.335,1262.254,1259.097,1259.888
2014-06-10T22:00:00+01:00,1259.878,1262.707,1257.95,1261.804
2014-06-11T06:00:00+01:00,1261.7985,1265.321,1260.435,1263.494
2014-06-11T14:00:00+01:00,1263.5015,1263.6285,1258.673,1261.042
2014-06-11T22:00:00+01:00,1261.022,1261.9115,1260.004,1260.602
2014-06-12T06:00:00+01:00,1260.607,1268.103,1260.432,1265.716
2014-06-12T14:00:00+01:00,1265.746,1274.916,1264.4685,1273.379
2014-06-12T22:00:00+01:00,1273.349,1275.642,1272.028,1272.965
2014-06-13T06:00:00+01:00,1272.948,1277.373,1270.897,1273.096
2014-06-13T14:00:00+01:00,1273.121,1277.979,1272.241,1276.888
2014-06-15T22:00:00+01:00,1276.625,1283.524,1276.429,1283.398
2014-06-16T06:00:00+01:00,1283.434,1285.0015,1279.358,1280.6605
2014-06-16T14:00:00+01:00,1280.635,1280.635,1270.693,1271.942
2014-06-16T22:00:00+01:00,1271.952,1273.362,1263.4805,1263.9835
2014-06-17T06:00:00+01:00,1263.978,1267.164,1258.761,1262.5615
2014-06-17T14:00:00+01:00,1262.5515,1272.5,1262.321,1270.681
2014-06-17T22:00:00+01:00,1270.691,1272.205,1267.035,1267.951
2014-06-18T06:00:00+01:00,1267.963,1274.3075,1266.404,1271.837
2014-06-18T14:00:00+01:00,1271.815,1278.595,1268.365,1277.682
2014-06-18T22:00:00+01:00,1278.285,1279.593,1276.065,1278.227
2014-06-19T06:00:00+01:00,1278.2385,1289.0815,1276.983,1289.0565
2014-06-19T14:00:00+01:00,1289.0395,1321.6845,1287.3215,1320.338
2014-06-19T22:00:00+01:00,1319.775,1322.122,1310.795,1315.014
2014-06-20T06:00:00+01:00,1315.0065,1315.318,1306.5715,1313.2485
2014-06-20T14:00:00+01:00,1313.2135,1319.876,1309.9795,1314.8
2014-06-22T22:00:00+01:00,1314.004,1315.274,1310.19,1313.2165
2014-06-23T06:00:00+01:00,1313.183,1317.443,1310.06,1315.797
2014-06-23T14:00:00+01:00,1315.793,1318.562,1312.764,1317.453
2014-06-23T22:00:00+01:00,1317.478,1318.071,1313.9565,1314.912
2014-06-24T06:00:00+01:00,1314.9125,1326.0075,1314.186,1322.0715
2014-06-24T14:00:00+01:00,1322.1055,1322.8165,1316.6065,1318.309
2014-06-24T22:00:00+01:00,1318.279,1319.659,1307.5005,1311.59
2014-06-25T06:00:00+01:00,1311.5835,1321.23,1311.5485,1317.168
2014-06-25T14:00:00+01:00,1317.176,1324.921,1315.461,1319.248
2014-06-25T22:00:00+01:00,1319.232,1319.871,1316.127,1316.627
2014-06-26T06:00:00+01:00,1316.616,1317.889,1306.3205,1315.1975
2014-06-26T14:00:00+01:00,1315.205,1318.615,1311.21,1316.698
2014-06-26T22:00:00+01:00,1316.686,1321.475,1315.603,1321.171
2014-06-27T06:00:00+01:00,1321.18,1322.38,1312.7855,1317.11
2014-06-27T14:00:00+01:00,1317.112,1321.104,1315.275,1316.219
2014-06-29T22:00:00+01:00,1316.47,1317.407,1314.077,1316.399
2014-06-30T06:00:00+01:00,1316.441,1317.74,1310.414,1313.935
2014-06-30T14:00:00+01:00,1313.91,1329.5545,1312.705,1327.357
2014-06-30T22:00:00+01:00,1327.327,1333.957,1325.176,1327.229
2014-07-01T06:00:00+01:00,1327.2205,1328.1095,1323.8615,1326.382
2014-07-01T14:00:00+01:00,1326.3735,1331.0285,1324.782,1326.428
2014-07-01T22:00:00+01:00,1326.418,1327.788,1324.409,1325.406
2014-07-02T06:00:00+01:00,1325.431,1329.118,1321.406,1326.221
2014-07-02T14:00:00+01:00,1326.233,1332.094,1324.9225,1326.766
2014-07-02T22:00:00+01:00,1326.959,1327.6125,1321.841,1322.791
2014-07-03T06:00:00+01:00,1322.802,1324.468,1309.5545,1315.888
2014-07-03T14:00:00+01:00,1315.8615,1322.4,1315.4385,1319.563
2014-07-03T22:00:00+01:00,1319.536,1320.632,1318.715,1319.4345
2014-07-04T06:00:00+01:00,1319.419,1323.252,1319.15,1321.909
2014-07-04T14:00:00+01:00,1321.8935,1322.042,1319.585,1320.455
2014-07-06T22:00:00+01:00,1320.735,1320.9215,1315.5575,1316.516
2014-07-07T06:00:00+01:00,1316.506,1316.6985,1312.398,1315.7095
2014-07-07T14:00:00+01:00,1315.7245,1320.058,1311.5575,1319.904
2014-07-07T22:00:00+01:00,1319.984,1320.381,1316.954,1317.335
2014-07-08T06:00:00+01:00,1317.345,1324.0675,1316.848,1322.1145
2014-07-08T14:00:00+01:00,1322.1295,1324.8735,1313.5365,1319.257
2014-07-08T22:00:00+01:00,1319.277,1324.406,1317.927,1324.127
2014-07-09T06:00:00+01:00,1324.137,1327.438,1321.9075,1325.871
2014-07-09T14:00:00+01:00,1325.802,1332.466,1321.5085,1327.795
2014-07-09T22:00:00+01:00,1327.765,1331.4745,1324.275,1328.805
2014-07-10T06:00:00+01:00,1328.808,1345.2,1327.257,1340.149
2014-07-10T14:00:00+01:00,1340.115,1342.76,1335.186,1335.764
2014-07-10T22:00:00+01:00,1335.744,1338.958,1335.196,1337.421
2014-07-11T06:00:00+01:00,1337.414,1339.291,1334.694,1336.6805
2014-07-11T14:00:00+01:00,1336.6865,1338.913,1333.782,1338.72
2014-07-13T22:00:00+01:00,1339.35,1339.7655,1331.195,1331.299
2014-07-14T06:00:00+01:00,1331.041,1332.403,1311.106,1311.902
2014-07-14T14:00:00+01:00,1311.929,1311.929,1302.878,1307.221
2014-07-14T22:00:00+01:00,1307.278,1309.5575,1305.915,1307.9505
2014-07-15T06:00:00+01:00,1307.9455,1313.831,1306.308,1309.377
2014-07-15T14:00:00+01:00,1309.357,1312.525,1292.2475,1294.041
2014-07-15T22:00:00+01:00,1294.069,1297.442,1293.2965,1296.404
2014-07-16T06:00:00+01:00,1296.394,1300.098,1295.515,1298.4265
2014-07-16T14:00:00+01:00,1298.435,1303.8205,1296.787,1299.228
2014-07-16T22:00:00+01:00,1298.87,1305.155,1297.725,1304.6235
2014-07-17T06:00:00+01:00,1304.6185,1308.3055,1298.9715,1305.866
2014-07-17T14:00:00+01:00,1305.902,1324.281,1301.8705,1319.195
2014-07-17T22:00:00+01:00,1318.76,1324.767,1312.1715,1313.712
2014-07-18T06:00:00+01:00,1313.702,1315.309,1307.943,1309.082
2014-07-18T14:00:00+01:00,1309.071,1311.3155,1304.6495,1310.928
2014-07-20T22:00:00+01:00,1310.549,1312.9215,1307.485,1312.632
2014-07-21T06:00:00+01:00,1312.682,1318.422,1310.5765,1315.8915
2014-07-21T14:00:00+01:00,1315.8995,1316.1435,1310.476,1312.509
2014-07-21T22:00:00+01:00,1312.437,1313.3305,1307.152,1307.799
2014-07-22T06:00:00+01:00,1307.8305,1315.8585,1302.1035,1312.116
2014-07-22T14:00:00+01:00,1312.125,1313.9335,1303.803,1306.43
2014-07-22T22:00:00+01:00,1306.46,1308.9235,1305.476,1307.269
2014-07-23T06:00:00+01:00,1307.293,1311.3055,1305.149,1308.168
2014-07-23T14:00:00+01:00,1308.1895,1309.7635,1303.2,1304.638
2014-07-23T22:00:00+01:00,1304.613,1305.262,1296.388,1297.1635
2014-07-24T06:00:00+01:00,1297.1755,1301.4155,1294.9595,1299.0405
2014-07-24T14:00:00+01:00,1299.0505,1300.345,1287.7535,1293.719
2014-07-24T22:00:00+01:00,1293.803,1294.611,1291.012,1291.252
2014-07-25T06:00:00+01:00,1291.2305,1296.169,1291.1495,1294.9895
2014-07-25T14:00:00+01:00,1294.997,1308.68,1293.274,1307.166
2014-07-27T22:00:00+01:00,1307.925,1308.729,1301.426,1308.3715
2014-07-28T06:00:00+01:00,1308.382,1309.271,1302.193,1304.359
2014-07-28T14:00:00+01:00,1304.443,1306.0405,1301.838,1304.126
2014-07-28T22:00:00+01:00,1304.106,1306.685,1303.575,1304.732
2014-07-29T06:00:00+01:00,1304.745,1312.324,1303.8885,1309.956
2014-07-29T14:00:00+01:00,1309.931,1310.4495,1296.2315,1299.211
2014-07-29T22:00:00+01:00,1299.15,1300.3555,1298.16,1299.0645
2014-07-30T06:00:00+01:00,1299.1145,1303.825,1291.883,1299.421
2014-07-30T14:00:00+01:00,1299.519,1299.905,1292.9145,1296.271
2014-07-30T22:00:00+01:00,1296.248,1297.185,1293.214,1294.0045
2014-07-31T06:00:00+01:00,1294.0105,1297.4215,1285.636,1288.275
2014-07-31T14:00:00+01:00,1288.243,1289.408,1280.838,1282.689
2014-07-31T22:00:00+01:00,1283.231,1284.935,1282.37,1282.87
2014-08-01T06:00:00+01:00,1282.82,1289.647,1280.2815,1287.346
2014-08-01T14:00:00+01:00,1287.356,1297.3085,1287.002,1293.864
2014-08-03T22:00:00+01:00,1294.3,1294.425,1291.5985,1291.748
2014-08-04T06:00:00+01:00,1291.771,1295.488,1289.206,1292.5395
2014-08-04T14:00:00+01:00,1292.5285,1295.052,1286.2045,1288.305
2014-08-04T22:00:00+01:00,1288.26,1289.971,1287.369,1289.8775
2014-08-05T06:00:00+01:00,1289.861,1293.5415,1287.097,1288.921
2014-08-05T14:00:00+01:00,1288.969,1294.071,1282.605,1288.796
2014-08-05T22:00:00+01:00,1288.772,1290.864,1287.745,1289.6405
2014-08-06T06:00:00+01:00,1289.6315,1304.691,1288.14,1302.1045
2014-08-06T14:00:00+01:00,1302.1295,1309.6405,1302.059,1305.893
2014-08-06T22:00:00+01:00,1305.864,1308.126,1305.603,1306.3765
2014-08-07T06:00:00+01:00,1306.369,1308.6405,1302.13,1304.797
2014-08-07T14:00:00+01:00,1304.827,1314.6995,1303.1035,1312.575
2014-08-07T22:00:00+01:00,1313.472,1318.7465,1308.7945,1318.446
2014-08-08T06:00:00+01:00,1318.479,1322.794,1305.8745,1309.475
2014-08-08T14:00:00+01:00,1309.486,1313.6805,1308.667,1309.584
2014-08-10T22:00:00+01:00,1309,1311.577,1305.278,1307.532
2014-08-11T06:00:00+01:00,1307.558,1311.445,1305.4905,1308.6235
2014-08-11T14:00:00+01:00,1308.649,1309.979,1305.9525,1308.462
2014-08-11T22:00:00+01:00,1308.08,1309.282,1305.79,1306.183
2014-08-12T06:00:00+01:00,1306.17,1316.0455,1305.796,1314.993
2014-08-12T14:00:00+01:00,1314.979,1317.9405,1308.217,1309.403
2014-08-12T22:00:00+01:00,1308.52,1309.65,1307.981,1309.239
2014-08-13T06:00:00+01:00,1309.227,1314.667,1304.9835,1312.951
2014-08-13T14:00:00+01:00,1312.981,1315.083,1308.575,1312.885
2014-08-13T22:00:00+01:00,1312.225,1314.217,1310.695,1313.768
2014-08-14T06:00:00+01:00,1313.783,1319.6525,1308.854,1314.734
2014-08-14T14:00:00+01:00,1314.706,1315.178,1310.864,1313.539
2014-08-14T22:00:00+01:00,1312.2465,1313.352,1311.273,1312.132
2014-08-15T06:00:00+01:00,1312.121,1315.262,1295.841,1297.29
2014-08-15T14:00:00+01:00,1297.225,1310.279,1292.6995,1304.779
2014-08-17T22:00:00+01:00,1303.1,1303.333,1297.435,1302.104
2014-08-18T06:00:00+01:00,1302.088,1303.766,1296.335,1297.7285
2014-08-18T14:00:00+01:00,1297.7215,1300.0065,1295.712,1298.358
2014-08-18T22:00:00+01:00,1298.332,1300.472,1297.5835,1299.864
2014-08-19T06:00:00+01:00,1299.8785,1302.44,1297.494,1298.375
2014-08-19T14:00:00+01:00,1298.358,1300.288,1293.9405,1295.766
2014-08-19T22:00:00+01:00,1295.753,1296.944,1294.2935,1294.8235
2014-08-20T06:00:00+01:00,1294.8335,1298.0585,1291.806,1295.438
2014-08-20T14:00:00+01:00,1295.406,1297.3665,1287.975,1291.919
2014-08-20T22:00:00+01:00,1291.861,1291.861,1285.09,1286.035
2014-08-21T06:00:00+01:00,1286.014,1286.49,1273.081,1275.2335
2014-08-21T14:00:00+01:00,1275.202,1281.0895,1273.0395,1276.738
2014-08-21T22:00:00+01:00,1276.768,1279.7615,1276.538,1279.343
2014-08-22T06:00:00+01:00,1279.383,1283.0105,1277.611,1277.93
2014-08-22T14:00:00+01:00,1277.9405,1281.912,1274.278,1281.104
2014-08-24T22:00:00+01:00,1279.1,1279.603,1276.8615,1277.117
2014-08-25T06:00:00+01:00,1277.039,1280.9785,1275.665,1278.169
2014-08-25T14:00:00+01:00,1278.147,1279.0585,1274.5105,1276.82
2014-08-25T22:00:00+01:00,1276.834,1283.935,1275.5465,1282.39
2014-08-26T06:00:00+01:00,1282.401,1291.06,1282.087,1288.706
2014-08-26T14:00:00+01:00,1288.6955,1289.133,1281.1225,1281.163
2014-08-26T22:00:00+01:00,1281.233,1284.7385,1280.2245,1283.2615
2014-08-27T06:00:00+01:00,1283.215,1287.476,1282.9825,1285.5
2014-08-27T14:00:00+01:00,1285.49,1286.273,1281.334,1282.615
2014-08-27T22:00:00+01:00,1282.61,1286.664,1282.391,1286.04
2014-08-28T06:00:00+01:00,1286.028,1296.599,1285.968,1292.784
2014-08-28T14:00:00+01:00,1292.7905,1292.8205,1287.315,1289.651
2014-08-28T22:00:00+01:00,1289.616,1291.171,1288.151,1288.16
2014-08-29T06:00:00+01:00,1288.141,1290.7155,1283.4775,1287.139
2014-08-29T14:00:00+01:00,1287.117,1291.458,1285.276,1287.286
2014-08-31T22:00:00+01:00,1287.413,1288.243,1284.915,1287.057
2014-09-01T06:00:00+01:00,1287.0595,1289.999,1286.6125,1286.953
2014-09-01T14:00:00+01:00,1286.9465,1287.576,1285.933,1287.11
2014-09-01T22:00:00+01:00,1287.516,1287.671,1280.4,1281.64
2014-09-02T06:00:00+01:00,1281.66,1283.7195,1265.241,1268.2365
2014-09-02T14:00:00+01:00,1268.237,1269.2215,1262.532,1265.452
2014-09-02T22:00:00+01:00,1265.8585,1267.9735,1264.596,1267.0875
2014-09-03T06:00:00+01:00,1267.0775,1271.641,1261.3645,1266.109
2014-09-03T14:00:00+01:00,1266.106,1270.6095,1264.9755,1269.439
2014-09-03T22:00:00+01:00,1269.399,1273.5,1268.344,1272.5815
2014-09-04T06:00:00+01:00,1272.5755,1275.369,1266.69,1268.67
2014-09-04T14:00:00+01:00,1268.6915,1277.4015,1260.68,1261.926
2014-09-04T22:00:00+01:00,1261.81,1264.3035,1257.407,1263.3235
2014-09-05T06:00:00+01:00,1263.3165,1273.8495,1262.4,1268.576
2014-09-05T14:00:00+01:00,1268.5,1269.208,1264.567,1268.835
2014-09-07T22:00:00+01:00,1268.84,1271.884,1266.152,1271.092
2014-09-08T06:00:00+01:00,1271.103,1271.811,1264.0235,1264.851
2014-09-08T14:00:00+01:00,1264.821,1266.154,1251.55,1255.428
2014-09-08T22:00:00+01:00,1255.453,1258.256,1254.036,1254.7675
2014-09-09T06:00:00+01:00,1254.7685,1257.623,1253.25,1254.6415
2014-09-09T14:00:00+01:00,1254.656,1257.972,1247.644,1255.412
2014-09-09T22:00:00+01:00,1255.435,1257.7155,1253.7305,1256.6665
2014-09-10T06:00:00+01:00,1256.674,1257.862,1246.5605,1249.1185
2014-09-10T14:00:00+01:00,1249.125,1253.2295,1243.9105,1249.751
2014-09-10T22:00:00+01:00,1249.736,1250.2755,1246.786,1247.204
2014-09-11T06:00:00+01:00,1247.192,1250.219,1238.43,1243.857
2014-09-11T14:00:00+01:00,1243.867,1247.049,1235.0485,1240.84
2014-09-11T22:00:00+01:00,1240.26,1241.6855,1232.32,1234.075
2014-09-12T06:00:00+01:00,1234.055,1240.0975,1233.944,1235.75
2014-09-12T14:00:00+01:00,1235.725,1236.178,1227.672,1229.713
2014-09-14T22:00:00+01:00,1227.85,1235.0565,1225.729,1233.483
2014-09-15T06:00:00+01:00,1233.465,1238.67,1232.078,1233.997
2014-09-15T14:00:00+01:00,1233.976,1236.3635,1231.69,1233.255
2014-09-15T22:00:00+01:00,1232.319,1238.562,1232.1995,1236.184
2014-09-16T06:00:00+01:00,1236.1925,1242.13,1234.6805,1235.406
2014-09-16T14:00:00+01:00,1235.394,1241.931,1231.8075,1235.68
2014-09-16T22:00:00+01:00,1235.654,1238.323,1233.624,1236.44
2014-09-17T06:00:00+01:00,1236.449,1239.3415,1234.812,1236.8485
2014-09-17T14:00:00+01:00,1236.8655,1239.9885,1221.532,1223.463
2014-09-17T22:00:00+01:00,1222.4115,1224.0715,1216.2045,1222.8355
2014-09-18T06:00:00+01:00,1222.834,1225.6335,1215.835,1220.3945
2014-09-18T14:00:00+01:00,1220.3995,1228.033,1218.7725,1225.047
2014-09-18T22:00:00+01:00,1225.33,1228.676,1218.3235,1221.526
2014-09-19T06:00:00+01:00,1221.516,1226.913,1218.8765,1224.7555
2014-09-19T14:00:00+01:00,1224.7635,1224.8675,1213.825,1215.726
2014-09-21T22:00:00+01:00,1215.82,1218.0235,1208.3765,1213.5
2014-09-22T06:00:00+01:00,1213.5,1217.331,1210.784,1215.06
2014-09-22T14:00:00+01:00,1215.055,1220.537,1212.144,1215.118
2014-09-22T22:00:00+01:00,1215.083,1220.194,1214.346,1219.4955
2014-09-23T06:00:00+01:00,1219.464,1235.8345,1215.63,1225.91
2014-09-23T14:00:00+01:00,1225.9095,1227.817,1220.046,1223.396
2014-09-23T22:00:00+01:00,1223.479,1224.202,1220.4125,1223.634
2014-09-24T06:00:00+01:00,1223.6315,1226.18,1217.892,1220.8505
2014-09-24T14:00:00+01:00,1220.8385,1223.9735,1215.804,1217.097
2014-09-24T22:00:00+01:00,1217.077,1217.1685,1212.653,1213.933
2014-09-25T06:00:00+01:00,1213.9735,1215.0715,1206.998,1212.0535
2014-09-25T14:00:00+01:00,1212.0785,1224.591,1208.195,1221.556
2014-09-25T22:00:00+01:00,1221.606,1228.5105,1220.458,1222.7235
2014-09-26T06:00:00+01:00,1222.75,1231.4325,1214.669,1215.735
2014-09-26T14:00:00+01:00,1215.674,1218.478,1212.3835,1218.356
2014-09-28T22:00:00+01:00,1218.84,1219.394,1215.912,1216.897
2014-09-29T06:00:00+01:00,1216.922,1223.402,1215.36,1221.305
2014-09-29T14:00:00+01:00,1221.3765,1221.979,1215.028,1215.839
2014-09-29T22:00:00+01:00,1215.819,1219.021,1215.0365,1217.885
2014-09-30T06:00:00+01:00,1217.8985,1218.0435,1204.5735,1206.3995
2014-09-30T14:00:00+01:00,1206.4045,1220.2585,1204.882,1208.273
2014-09-30T22:00:00+01:00,1208.29,1210.102,1204.718,1206.345
2014-10-01T06:00:00+01:00,1206.362,1215.8885,1205.5715,1213.862
2014-10-01T14:00:00+01:00,1213.8555,1219.4845,1212.382,1213.894
2014-10-01T22:00:00+01:00,1213.864,1222.59,1212.7945,1219.6625
2014-10-02T06:00:00+01:00,1219.6535,1221.605,1208.765,1213.234
2014-10-02T14:00:00+01:00,1213.277,1219.076,1209.925,1214.499
2014-10-02T22:00:00+01:00,1214.488,1215.48,1211.0675,1212.5055
2014-10-03T06:00:00+01:00,1212.522,1212.691,1198.316,1202.626
2014-10-03T14:00:00+01:00,1202.641,1203.1005,1190.129,1191.224
2014-10-05T22:00:00+01:00,1191.663,1191.6785,1183.1245,1188.6455
2014-10-06T06:00:00+01:00,1188.6505,1198.93,1187.7455,1197.0925
2014-10-06T14:00:00+01:00,1197.1115,1209.159,1195.6115,1207.304
2014-10-06T22:00:00+01:00,1207.274,1207.51,1203.0515,1205.411
2014-10-07T06:00:00+01:00,1205.4095,1212.7125,1203.6555,1205.9595
2014-10-07T14:00:00+01:00,1205.969,1213.581,1205.9635,1209.062
2014-10-07T22:00:00+01:00,1209.525,1214.535,1208.6245,1211.445
2014-10-08T06:00:00+01:00,1211.508,1220.735,1211.1815,1216.995
2014-10-08T14:00:00+01:00,1217,1224.226,1205.0485,1221.151
2014-10-08T22:00:00+01:00,1221.101,1226.2185,1219.109,1225.568
2014-10-09T06:00:00+01:00,1225.5775,1233.4725,1224.0615,1227.925
2014-10-09T14:00:00+01:00,1228.017,1230.032,1222.114,1224.453
2014-10-09T22:00:00+01:00,1224.483,1225.0995,1220.8235,1222.008
2014-10-10T06:00:00+01:00,1221.9625,1225.56,1217.4615,1221.4725
2014-10-10T14:00:00+01:00,1221.4895,1224.931,1219.109,1223.13
2014-10-12T22:00:00+01:00,1223.84,1235.0295,1223.445,1232.3455
2014-10-13T06:00:00+01:00,1232.3705,1237.8775,1225.14,1228.5655
2014-10-13T14:00:00+01:00,1228.572,1232.501,1226.7155,1228.369
2014-10-13T22:00:00+01:00,1237.125,1237.2255,1233.579,1233.936
2014-10-14T06:00:00+01:00,1233.9355,1238.323,1232.2945,1234.649
2014-10-14T14:00:00+01:00,1234.646,1235.8815,1231.04,1232.783
2014-10-14T22:00:00+01:00,1232.753,1232.974,1223.93,1227.2715
2014-10-15T06:00:00+01:00,1227.255,1239.2265,1221.9415,1236.3055
2014-10-15T14:00:00+01:00,1236.288,1249.833,1234.307,1242.005
2014-10-15T22:00:00+01:00,1241.955,1245.3085,1237.4585,1240.382
2014-10-16T06:00:00+01:00,1240.395,1244.3435,1236.0825,1237.974
2014-10-16T14:00:00+01:00,1237.9595,1244.442,1235.4405,1238.821
2014-10-16T22:00:00+01:00,1238.785,1239.769,1237.016,1238.36
2014-10-17T06:00:00+01:00,1238.375,1241.7995,1235.377,1238.221
2014-10-17T14:00:00+01:00,1238.231,1240.047,1231.793,1238.275
2014-10-19T22:00:00+01:00,1238.96,1240.613,1234.7185,1236.185
2014-10-20T06:00:00+01:00,1236.1865,1248.8495,1236.1765,1244.9565
2014-10-20T14:00:00+01:00,1244.953,1247.773,1243.5135,1246.897
2014-10-20T22:00:00+01:00,1246.48,1250.4515,1245.442,1249.48
2014-10-21T06:00:00+01:00,1249.515,1255.3375,1246.6115,1252.1185
2014-10-21T14:00:00+01:00,1252.105,1253.7885,1247.4285,1248.689
2014-10-21T22:00:00+01:00,1248.658,1249.874,1247.2165,1248.277
2014-10-22T06:00:00+01:00,1248.275,1249.4815,1241.4885,1242.4205
2014-10-22T14:00:00+01:00,1242.3625,1246.4315,1240.5855,1241.239
2014-10-22T22:00:00+01:00,1241.964,1243.9105,1241.315,1243.3065
2014-10-23T06:00:00+01:00,1243.3695,1244.7145,1232.354,1234.79
2014-10-23T14:00:00+01:00,1234.815,1236.222,1226.4315,1231.735
2014-10-23T22:00:00+01:00,1233.875,1233.905,1229.0995,1230.1105
2014-10-24T06:00:00+01:00,1230.0985,1234.3885,1229.9045,1232.64
2014-10-24T14:00:00+01:00,1232.637,1234.108,1228.8055,1231.01
2014-10-26T21:00:00+00:00,1230.658,1232.1235,1227.5035,1230.864
2014-10-27T05:00:00+00:00,1230.81,1231.877,1228.6385,1231.386
2014-10-27T13:00:00+00:00,1231.3715,1231.6715,1225.5245,1226.7365
2014-10-27T21:00:00+00:00,1226.597,1232.3505,1222.6,1227.7745
2014-10-28T05:00:00+00:00,1227.75,1235.712,1226.5365,1232.765
2014-10-28T13:00:00+00:00,1232.774,1235.152,1227.756,1228.568
2014-10-28T21:00:00+00:00,1228.525,1230.481,1227.7295,1230.02
2014-10-29T05:00:00+00:00,1230.0155,1230.6665,1221.2005,1222.265
2014-10-29T13:00:00+00:00,1222.2415,1226.707,1208.3825,1212.134
2014-10-29T21:00:00+00:00,1212.163,1216.8185,1210.8055,1212.8795
2014-10-30T05:00:00+00:00,1212.8955,1212.8955,1199.881,1205.632
2014-10-30T13:00:00+00:00,1205.6175,1207.8145,1196.043,1198.815
2014-10-30T21:00:00+00:00,1199.75,1202.826,1194.172,1195.0805
2014-10-31T05:00:00+00:00,1195.0785,1195.47,1162.785,1164.833
2014-10-31T13:00:00+00:00,1164.84,1174.508,1161.245,1172.831
2014-11-02T22:00:00+00:00,1170.69,1171.3615,1161.7495,1169.039
2014-11-03T06:00:00+00:00,1169.0415,1173.9055,1167.845,1171.085
2014-11-03T14:00:00+00:00,1171.074,1172.322,1165.3415,1166.883
2014-11-03T22:00:00+00:00,1165.59,1169.081,1164.0045,1166.968
2014-11-04T06:00:00+00:00,1166.991,1174.8715,1164.2435,1169.3555
2014-11-04T14:00:00+00:00,1169.3745,1172.4995,1165.956,1168.397
2014-11-04T22:00:00+00:00,1168.65,1169.8165,1151.574,1154.875
2014-11-05T06:00:00+00:00,1154.996,1155.081,1137.884,1145.1305
2014-11-05T14:00:00+00:00,1145.1425,1153.064,1139.602,1140.56
2014-11-05T22:00:00+00:00,1140.6,1147.1345,1138.2445,1145.04
2014-11-06T06:00:00+00:00,1145.03,1149.248,1141.363,1143.7235
2014-11-06T14:00:00+00:00,1143.725,1149.7,1140.9935,1141.87
2014-11-06T22:00:00+00:00,1141.893,1142.951,1131.8595,1133.2355
2014-11-07T06:00:00+00:00,1133.2135,1158.941,1133.094,1148.7315
2014-11-07T14:00:00+00:00,1148.731,1178.865,1148.596,1178.065
2014-11-09T22:00:00+00:00,1177.93,1177.9645,1168.5305,1172.605
2014-11-10T06:00:00+00:00,1172.6495,1173.622,1165.6575,1167.8915
2014-11-10T14:00:00+00:00,1167.892,1168.1215,1147.4575,1151.432
2014-11-10T22:00:00+00:00,1152.405,1157.4265,1146.2405,1151.775
2014-11-11T06:00:00+00:00,1151.7805,1158.549,1147.251,1155.2985
2014-11-11T14:00:00+00:00,1155.3035,1173.422,1153.6905,1164.29
2014-11-11T22:00:00+00:00,1164.335,1167.281,1160.547,1167.21
2014-11-12T06:00:00+00:00,1167.198,1170.211,1161.4985,1166.7545
2014-11-12T14:00:00+00:00,1166.744,1167.138,1157.386,1162.635
2014-11-12T22:00:00+00:00,1162.792,1168.1745,1156.6545,1161.8925
2014-11-13T06:00:00+00:00,1161.899,1166.702,1154.0115,1164.8245
2014-11-13T14:00:00+00:00,1164.83,1168.047,1157.4235,1162.452
2014-11-13T22:00:00+00:00,1162.312,1163.2155,1154.815,1156.717
2014-11-14T06:00:00+00:00,1156.7115,1156.7115,1147.0075,1150.555
2014-11-14T14:00:00+00:00,1150.521,1193.722,1148.895,1188.795
2014-11-16T22:00:00+00:00,1187.18,1194.335,1182.238,1190.529
2014-11-17T06:00:00+00:00,1190.551,1192.9165,1184.79,1186.2085
2014-11-17T14:00:00+00:00,1186.208,1188.8955,1181.6095,1186.62
2014-11-17T22:00:00+00:00,1186.88,1189.324,1183.4905,1188.3605
2014-11-18T06:00:00+00:00,1188.388,1204.771,1187.0805,1198.272
2014-11-18T14:00:00+00:00,1198.2735,1198.415,1191.992,1197.065
2014-11-18T22:00:00+00:00,1197.11,1197.2105,1191.668,1194.793
2014-11-19T06:00:00+00:00,1194.788,1202.2775,1192.6345,1198.5185
2014-11-19T14:00:00+00:00,1198.5345,1200.475,1175.261,1182.75
2014-11-19T22:00:00+00:00,1183.335,1184.922,1176.929,1181.28
2014-11-20T06:00:00+00:00,1181.29,1197.229,1180.88,1191.253
2014-11-20T14:00:00+00:00,1191.244,1196.812,1187.2315,1193.78
2014-11-20T22:00:00+00:00,1193.83,1195.106,1191.3035,1192.3045
2014-11-21T06:00:00+00:00,1192.297,1207.979,1186.896,1203.042
2014-11-21T14:00:00+00:00,1203.067,1206.617,1191.426,1201.504
2014-11-23T22:00:00+00:00,1200.7405,1204.357,1198.8585,1200.014
2014-11-24T06:00:00+00:00,1199.9895,1203.771,1192.926,1197.81
2014-11-24T14:00:00+00:00,1197.8125,1200.477,1194.5655,1197.06
2014-11-24T22:00:00+00:00,1197.138,1200.8565,1195.863,1197.5585
2014-11-25T06:00:00+00:00,1197.551,1203.053,1191.0665,1193.51
2014-11-25T14:00:00+00:00,1193.4645,1202.103,1190.5115,1200.935
2014-11-25T22:00:00+00:00,1200.895,1201.952,1198.4095,1199.957
2014-11-26T06:00:00+00:00,1199.946,1201.035,1195.0295,1197.2765
2014-11-26T14:00:00+00:00,1197.3015,1200.1015,1196.563,1197.944
2014-11-26T22:00:00+00:00,1198.285,1199.7485,1185.775,1193.961
2014-11-27T06:00:00+00:00,1193.949,1198.939,1192.4235,1196.5475
2014-11-27T14:00:00+00:00,1196.584,1197.0295,1188.545,1190.98
2014-11-27T22:00:00+00:00,1190.945,1191.1415,1181.85,1185.2455
2014-11-28T06:00:00+00:00,1185.239,1189.434,1179.4025,1180.2505
2014-11-28T14:00:00+00:00,1180.1105,1184.3415,1165.351,1167.15
2014-11-30T22:00:00+00:00,1151.3,1154.8005,1142.909,1152.32
2014-12-01T06:00:00+00:00,1152.312,1185.2645,1151.4955,1180.577
2014-12-01T14:00:00+00:00,1180.631,1221.231,1180.5135,1212.065
2014-12-01T22:00:00+00:00,1212.01,1213.3965,1203.405,1207.6185
2014-12-02T06:00:00+00:00,1207.6235,1210.785,1192.0645,1201.491
2014-12-02T14:00:00+00:00,1201.4845,1203.939,1193.934,1198.34
2014-12-02T22:00:00+00:00,1198.414,1201.98,1194.5215,1201.078
2014-12-03T06:00:00+00:00,1201.098,1208.4805,1199.6735,1203.42
2014-12-03T14:00:00+00:00,1203.4335,1215.1625,1202.164,1209.463
2014-12-03T22:00:00+00:00,1209.477,1209.755,1204.723,1206.403
2014-12-04T06:00:00+00:00,1206.3945,1213.4585,1201.4545,1210.492
2014-12-04T14:00:00+00:00,1210.51,1212.095,1203.0175,1205.3595
2014-12-04T22:00:00+00:00,1205.3455,1206.2705,1201.82,1204.4135
2014-12-05T06:00:00+00:00,1204.4185,1207.6355,1186.4435,1193.1535
2014-12-05T14:00:00+00:00,1193.1735,1200.613,1189.146,1192.27
2014-12-07T22:00:00+00:00,1190.705,1194.8045,1187.267,1193.967
2014-12-08T06:00:00+00:00,1193.9665,1198.2935,1192.5575,1194.5785
2014-12-08T14:00:00+00:00,1194.584,1209.016,1191.427,1203.51
2014-12-08T22:00:00+00:00,1203.451,1204.01,1199.4465,1201.684
2014-12-09T06:00:00+00:00,1201.677,1221.04,1200.9685,1217.394
2014-12-09T14:00:00+00:00,1217.409,1238.3585,1216.6535,1231.033
2014-12-09T22:00:00+00:00,1231.11,1234.995,1227.07,1234.384
2014-12-10T06:00:00+00:00,1234.375,1238.3265,1225.024,1228.5955
2014-12-10T14:00:00+00:00,1228.623,1233.06,1224.792,1226.415
2014-12-10T22:00:00+00:00,1226.36,1232.831,1222.727,1223.485
2014-12-11T06:00:00+00:00,1223.5,1225.504,1216.744,1217.039
2014-12-11T14:00:00+00:00,1217.1365,1232.0425,1215.98,1227.4905
2014-12-11T22:00:00+00:00,1227.5105,1228.3725,1217.5465,1221.27
2014-12-12T06:00:00+00:00,1221.26,1227.462,1219.352,1222.454
2014-12-12T14:00:00+00:00,1222.4535,1226.06,1214.5395,1222.569
2014-12-14T22:00:00+00:00,1222.11,1224.3695,1213.5195,1217.536
2014-12-15T06:00:00+00:00,1217.533,1220.795,1206.185,1210.406
2014-12-15T14:00:00+00:00,1210.4995,1217.314,1190.7245,1193.2325
2014-12-15T22:00:00+00:00,1193.205,1199.39,1193.0995,1197.548
2014-12-16T06:00:00+00:00,1197.6725,1223.583,1194.804,1211.535
2014-12-16T14:00:00+00:00,1211.5555,1212.788,1187.645,1196.974
2014-12-16T22:00:00+00:00,1196.952,1199.545,1195.3255,1198.795
2014-12-17T06:00:00+00:00,1198.779,1203.08,1194.6245,1198.2165
2014-12-17T14:00:00+00:00,1198.2205,1201.8575,1183.043,1189.6775
2014-12-17T22:00:00+00:00,1189.694,1200.3545,1188.5995,1198.91
2014-12-18T06:00:00+00:00,1198.952,1213.9795,1197.01,1202.9655
2014-12-18T14:00:00+00:00,1202.9945,1205.5395,1192.7455,1198.725
2014-12-18T22:00:00+00:00,1198.6735,1200.147,1195.7565,1198.9225
2014-12-19T06:00:00+00:00,1198.9025,1201.405,1193.98,1198.365
2014-12-19T14:00:00+00:00,1198.27,1199.245,1193.7895,1195.655
2014-12-21T22:00:00+00:00,1195.745,1199.22,1193.881,1198.235
2014-12-22T06:00:00+00:00,1198.243,1203.4275,1194.7855,1196.5195
2014-12-22T14:00:00+00:00,1196.525,1196.8865,1170.809,1176.42
2014-12-22T22:00:00+00:00,1176.5,1183,1173.1495,1178.88
2014-12-23T06:00:00+00:00,1178.907,1185.09,1175.6745,1178.47
2014-12-23T14:00:00+00:00,1178.5155,1179.867,1172.6895,1176.519
2014-12-23T22:00:00+00:00,1176.549,1180.179,1176.14,1179.435
2014-12-24T06:00:00+00:00,1179.476,1181.2665,1174.451,1175.631
2014-12-24T14:00:00+00:00,1175.555,1175.5585,1172.9845,1175.144
2014-12-25T22:00:00+00:00,1176.55,1186.17,1176.4695,1184.9485
2014-12-26T06:00:00+00:00,1184.944,1199.1705,1184.943,1195.2845
2014-12-26T14:00:00+00:00,1195.284,1198.08,1192.325,1196.027
2014-12-28T22:00:00+00:00,1194.405,1197.5645,1192.5195,1195.506
2014-12-29T06:00:00+00:00,1195.512,1196.617,1190.709,1194.148
2014-12-29T14:00:00+00:00,1194.1575,1194.1575,1178.9345,1183.293
2014-12-29T22:00:00+00:00,1182.36,1189.802,1180.8725,1188.835
2014-12-30T06:00:00+00:00,1188.816,1202.62,1182.6035,1198.3
2014-12-30T14:00:00+00:00,1198.27,1210.638,1195.8545,1200.546
2014-12-30T22:00:00+00:00,1199.84,1203.9405,1199.462,1200.885
2014-12-31T06:00:00+00:00,1200.88,1201.119,1194.6375,1196.6095
2014-12-31T14:00:00+00:00,1196.5295,1197.502,1179.779,1184.185
2015-01-01T22:00:00+00:00,1184.595,1188.4515,1183.78,1186.085
2015-01-02T06:00:00+00:00,1186.03,1188.1215,1167.6695,1174.331
2015-01-02T14:00:00+00:00,1174.3615,1195.1345,1169.331,1188.726
2015-01-04T22:00:00+00:00,1188.505,1197.9315,1178.201,1196.6245
2015-01-05T06:00:00+00:00,1196.6775,1198.996,1186.8725,1194.3885
2015-01-05T14:00:00+00:00,1194.3945,1207.558,1193.4415,1204.725
2015-01-05T22:00:00+00:00,1204.783,1208.2735,1201.775,1206.152
2015-01-06T06:00:00+00:00,1206.1725,1214.4275,1206.1535,1210.785
2015-01-06T14:00:00+00:00,1210.784,1223.227,1205.5555,1218.58
2015-01-06T22:00:00+00:00,1218.534,1218.925,1212.14,1213.659
2015-01-07T06:00:00+00:00,1213.633,1218.3885,1209.106,1212.497
2015-01-07T14:00:00+00:00,1212.4715,1216.7855,1209.603,1211.355
2015-01-07T22:00:00+00:00,1211.286,1214.354,1204.96,1209.884
2015-01-08T06:00:00+00:00,1209.804,1213.2155,1204.9,1213.0395
2015-01-08T14:00:00+00:00,1213.047,1216.5605,1206.4235,1208.8895
2015-01-08T22:00:00+00:00,1208.893,1213.267,1207.469,1212.38
2015-01-09T06:00:00+00:00,1212.3765,1218.544,1207.33,1214.47
2015-01-09T14:00:00+00:00,1214.4035,1224.1745,1212.239,1223.36
2015-01-11T22:00:00+00:00,1223.315,1230.5715,1222.473,1229.41
2015-01-12T06:00:00+00:00,1229.36,1231.278,1217.607,1224.097
2015-01-12T14:00:00+00:00,1224.081,1235.972,1221.524,1233.267
2015-01-12T22:00:00+00:00,1233.39,1241.485,1230.759,1235.8745
2015-01-13T06:00:00+00:00,1235.847,1244.2475,1233.6025,1238.935
2015-01-13T14:00:00+00:00,1238.948,1240.8605,1227.3695,1230.775
2015-01-13T22:00:00+00:00,1230.735,1234.67,1225.187,1227.7075
2015-01-14T06:00:00+00:00,1227.708,1241.8585,1225.4365,1239.756
2015-01-14T14:00:00+00:00,1239.7665,1244.4735,1227.8395,1228.69
2015-01-14T22:00:00+00:00,1228.72,1232.44,1227.143,1229.585
2015-01-15T06:00:00+00:00,1229.566,1260.9755,1226.1265,1254.6645
2015-01-15T14:00:00+00:00,1254.6475,1266.884,1250.1535,1262.656
2015-01-15T22:00:00+00:00,1262.666,1263.9505,1257.18,1257.28
2015-01-16T06:00:00+00:00,1257.23,1269.913,1255.1145,1265.5585
2015-01-16T14:00:00+00:00,1265.6165,1282.15,1265.134,1280.615
2015-01-18T22:00:00+00:00,1280.375,1281.6735,1275.22,1277.327
2015-01-19T06:00:00+00:00,1277.3185,1279.0345,1274.5895,1276.764
2015-01-19T14:00:00+00:00,1276.7165,1277.6875,1272.1735,1276.83
2015-01-19T22:00:00+00:00,1276.4,1278.6245,1274.121,1276.9775
2015-01-20T06:00:00+00:00,1276.978,1294.2835,1275.7,1285.51
2015-01-20T14:00:00+00:00,1285.5585,1297.2265,1285.0455,1295.3
2015-01-20T22:00:00+00:00,1295.248,1302.92,1290.6165,1300.382
2015-01-21T06:00:00+00:00,1300.3795,1305.465,1296.3605,1301.809
2015-01-21T14:00:00+00:00,1301.8605,1305.193,1284.7185,1293.185
2015-01-21T22:00:00+00:00,1293.56,1293.87,1289.0605,1291.74
2015-01-22T06:00:00+00:00,1291.703,1297.881,1279.6725,1295.59
2015-01-22T14:00:00+00:00,1295.595,1307.676,1292.75,1302.235
2015-01-22T22:00:00+00:00,1302.229,1302.3105,1293.785,1295.231
2015-01-23T06:00:00+00:00,1295.161,1299.8185,1292.784,1297.8985
2015-01-23T14:00:00+00:00,1297.9,1298.0965,1284.4885,1294.42
2015-01-25T22:00:00+00:00,1293.39,1299.34,1290.2555,1292.3965
2015-01-26T06:00:00+00:00,1292.3725,1293.974,1275.994,1286.0755
2015-01-26T14:00:00+00:00,1286.05,1287.192,1276.1195,1281.324
2015-01-26T22:00:00+00:00,1281.346,1282.5655,1272.415,1278.637
2015-01-27T06:00:00+00:00,1278.6375,1288.585,1277.4935,1287.442
2015-01-27T14:00:00+00:00,1287.463,1297.683,1285.2305,1292.244
2015-01-27T22:00:00+00:00,1292.065,1293.809,1288.645,1291.6165
2015-01-28T06:00:00+00:00,1291.6115,1293.1815,1285.249,1286.9115
2015-01-28T14:00:00+00:00,1286.8825,1289.5935,1279.9015,1284.595
2015-01-28T22:00:00+00:00,1284.362,1286.003,1278.3045,1282.803
2015-01-29T06:00:00+00:00,1282.823,1283.635,1263.9505,1271.731
2015-01-29T14:00:00+00:00,1271.741,1272.968,1252.1905,1257.43
2015-01-29T22:00:00+00:00,1257.498,1262.071,1257.2415,1260.901
2015-01-30T06:00:00+00:00,1260.926,1266.8045,1258.6085,1263.605
2015-01-30T14:00:00+00:00,1263.62,1284.9035,1258.917,1283.685
2015-02-01T22:00:00+00:00,1282.099,1283.476,1278.7315,1280.2985
2015-02-02T06:00:00+00:00,1280.2905,1280.992,1270.831,1271.6435
2015-02-02T14:00:00+00:00,1271.6275,1282.3915,1266.4265,1274.375
2015-02-02T22:00:00+00:00,1274.353,1276.465,1272.1505,1275.944
2015-02-03T06:00:00+00:00,1275.9485,1285.9595,1263.536,1265.605
2015-02-03T14:00:00+00:00,1265.643,1269.8115,1255.6395,1260.34
2015-02-03T22:00:00+00:00,1260.369,1264.8175,1256.806,1262.8805
2015-02-04T06:00:00+00:00,1262.8695,1271.6155,1262.6365,1267.0965
2015-02-04T14:00:00+00:00,1267.0915,1272.4655,1259.6085,1269.205
2015-02-04T22:00:00+00:00,1270.375,1274.169,1269.65,1272.119
2015-02-05T06:00:00+00:00,1272.144,1273.5105,1258.8915,1262.54
2015-02-05T14:00:00+00:00,1262.574,1268.391,1256.3215,1264.743
2015-02-05T22:00:00+00:00,1265.175,1268.8535,1262.4135,1268.6005
2015-02-06T06:00:00+00:00,1268.626,1268.7105,1245.455,1246.8505
2015-02-06T14:00:00+00:00,1246.84,1246.84,1228.4495,1233.96
2015-02-08T22:00:00+00:00,1236.64,1239.35,1234.474,1238.433
2015-02-09T06:00:00+00:00,1238.443,1243.736,1236.181,1236.4695
2015-02-09T14:00:00+00:00,1236.462,1243.2035,1236.302,1239.03
2015-02-09T22:00:00+00:00,1238.194,1245.2735,1238.16,1244.8315
2015-02-10T06:00:00+00:00,1244.853,1245.979,1233.5975,1237.6155
2015-02-10T14:00:00+00:00,1237.688,1240.004,1231.074,1233.715
2015-02-10T22:00:00+00:00,1234.075,1238.655,1233.458,1238.6065
2015-02-11T06:00:00+00:00,1238.637,1238.8125,1232.3115,1234.395
2015-02-11T14:00:00+00:00,1234.406,1235.4565,1216.785,1219.02
2015-02-11T22:00:00+00:00,1219.13,1224.186,1218.253,1222.364
2015-02-12T06:00:00+00:00,1222.355,1233.07,1221.632,1225.317
2015-02-12T14:00:00+00:00,1225.4135,1227.379,1219.7345,1222
2015-02-12T22:00:00+00:00,1221.943,1230.756,1221.943,1229.8075
2015-02-13T06:00:00+00:00,1229.7755,1231.3995,1223.2925,1228.3765
2015-02-13T14:00:00+00:00,1228.392,1235.0205,1226.8945,1229.8015
2015-02-15T22:00:00+00:00,1227.981,1233.8165,1227.6305,1232.053
2015-02-16T06:00:00+00:00,1232.037,1236.78,1231.6875,1232.8665
2015-02-16T14:00:00+00:00,1232.876,1234.2675,1229.8835,1231.905
2015-02-16T22:00:00+00:00,1230.98,1234.0955,1226.3415,1228.361
2015-02-17T06:00:00+00:00,1228.309,1228.761,1218.956,1223.94
2015-02-17T14:00:00+00:00,1223.9405,1225.286,1203.885,1209.715
2015-02-17T22:00:00+00:00,1209.717,1209.9965,1206.4665,1209.653
2015-02-18T06:00:00+00:00,1209.6525,1211.041,1202.705,1207.941
2015-02-18T14:00:00+00:00,1207.907,1213.586,1197.71,1212.417
2015-02-18T22:00:00+00:00,1212.398,1217.769,1211.634,1216.774
2015-02-19T06:00:00+00:00,1216.777,1223.0945,1213.8205,1214.8505
2015-02-19T14:00:00+00:00,1214.78,1215.4115,1205.5265,1206.747
2015-02-19T22:00:00+00:00,1206.726,1209.838,1206.039,1208.045
2015-02-20T06:00:00+00:00,1208.0695,1215.552,1201.62,1211.7655
2015-02-20T14:00:00+00:00,1211.8085,1212.8455,1198.3075,1201.89
2015-02-22T22:00:00+00:00,1203.61,1204.93,1200.9905,1203.4855
2015-02-23T06:00:00+00:00,1203.492,1204.036,1190.864,1199.87
2015-02-23T14:00:00+00:00,1199.82,1210.4405,1197.636,1201.787
2015-02-23T22:00:00+00:00,1201.76,1204.644,1200.9035,1201.1795
2015-02-24T06:00:00+00:00,1201.201,1201.86,1194.6715,1197.524
2015-02-24T14:00:00+00:00,1197.5185,1203.2465,1190.5785,1200.425
2015-02-24T22:00:00+00:00,1200.341,1210.3595,1200.331,1209.665
2015-02-25T06:00:00+00:00,1209.655,1211.927,1205.772,1207
2015-02-25T14:00:00+00:00,1206.9995,1207.329,1201.215,1204.965
2015-02-25T22:00:00+00:00,1204.976,1210.497,1203.6865,1210.3865
2015-02-26T06:00:00+00:00,1210.327,1220.099,1209.7495,1214.919
2015-02-26T14:00:00+00:00,1214.828,1214.865,1206.661,1209.385
2015-02-26T22:00:00+00:00,1209.442,1211.72,1208.0465,1210.083
2015-02-27T06:00:00+00:00,1210.179,1212.438,1204.555,1208.903
2015-02-27T14:00:00+00:00,1208.8755,1219.454,1208.492,1213.255
2015-03-01T22:00:00+00:00,1213.91,1223.315,1212.684,1222.1095
2015-03-02T06:00:00+00:00,1222.1015,1223.339,1212.9855,1215.238
2015-03-02T14:00:00+00:00,1215.236,1216.2835,1204.758,1206.82
2015-03-02T22:00:00+00:00,1206.2455,1211.094,1195.539,1210.2475
2015-03-03T06:00:00+00:00,1210.241,1211.615,1205.425,1206.2475
2015-03-03T14:00:00+00:00,1206.249,1214.919,1201.772,1203.725
2015-03-03T22:00:00+00:00,1204.26,1209.087,1203.7,1208.343
2015-03-04T06:00:00+00:00,1208.3495,1208.84,1201.9645,1205.515
2015-03-04T14:00:00+00:00,1205.513,1206.2305,1198.3855,1200.335
2015-03-04T22:00:00+00:00,1200.685,1206.1105,1200.469,1204.1605
2015-03-05T06:00:00+00:00,1204.186,1204.9195,1197.9645,1202.3775
2015-03-05T14:00:00+00:00,1202.386,1209.5355,1196.6085,1198.405
2015-03-05T22:00:00+00:00,1198.14,1200.795,1197.287,1198.85
2015-03-06T06:00:00+00:00,1198.905,1199.454,1182.176,1182.429
2015-03-06T14:00:00+00:00,1182.454,1182.773,1163.882,1167.27
2015-03-08T21:00:00+00:00,1169.465,1172.0095,1167.555,1171.083
2015-03-09T05:00:00+00:00,1171.089,1175.439,1170.3665,1172.06
2015-03-09T13:00:00+00:00,1172.0605,1172.94,1165.9685,1167.251
2015-03-09T21:00:00+00:00,1167.192,1169.34,1159.8755,1161.497
2015-03-10T05:00:00+00:00,1161.483,1169.758,1155.3725,1168.022
2015-03-10T13:00:00+00:00,1168.0355,1170.65,1158.936,1161.795
2015-03-10T21:00:00+00:00,1162.025,1165.3215,1161.4935,1161.9345
2015-03-11T05:00:00+00:00,1161.9395,1164.8505,1156.8585,1159.018
2015-03-11T13:00:00+00:00,1159.0105,1160.164,1147.628,1155.345
2015-03-11T21:00:00+00:00,1155.281,1156.311,1150.321,1153.449
2015-03-12T05:00:00+00:00,1153.488,1166.695,1153.223,1156.7615
2015-03-12T13:00:00+00:00,1156.7545,1159.477,1148.6695,1153.715
2015-03-12T21:00:00+00:00,1153.615,1161.882,1153.3785,1159.525
2015-03-13T05:00:00+00:00,1159.589,1161.83,1154.13,1158.825
2015-03-13T13:00:00+00:00,1158.8445,1159.39,1151.5,1158.4985
2015-03-15T21:00:00+00:00,1158.965,1160.3325,1153.678,1160.3325
2015-03-16T05:00:00+00:00,1160.34,1164.1895,1153.88,1153.8865
2015-03-16T13:00:00+00:00,1153.887,1158.7035,1150.4585,1154.78
2015-03-16T21:00:00+00:00,1154.6395,1157.015,1152.1295,1155.156
2015-03-17T05:00:00+00:00,1155.15,1157.1105,1149.9065,1149.9385
2015-03-17T13:00:00+00:00,1149.932,1159.951,1142.8805,1149.555
2015-03-17T21:00:00+00:00,1149.526,1153.16,1148.854,1150.5055
2015-03-18T05:00:00+00:00,1150.4725,1153.0295,1146.04,1148.387
2015-03-18T13:00:00+00:00,1148.3915,1175.8065,1147.223,1167.545
2015-03-18T21:00:00+00:00,1167.378,1177.956,1167.0945,1170.82
2015-03-19T05:00:00+00:00,1170.8335,1173.562,1159.7175,1162.536
2015-03-19T13:00:00+00:00,1162.509,1173.148,1162.4815,1171.19
2015-03-19T21:00:00+00:00,1171.141,1173.998,1170.073,1171.0605
2015-03-20T05:00:00+00:00,1171.061,1175.287,1168.8795,1170.673
2015-03-20T13:00:00+00:00,1170.68,1188.0835,1170.493,1182.72
2015-03-22T21:00:00+00:00,1183.76,1187.3285,1181.12,1183.049
2015-03-23T05:00:00+00:00,1183,1186.248,1179.462,1182.848
2015-03-23T13:00:00+00:00,1182.85,1191.7095,1182.024,1189.545
2015-03-23T21:00:00+00:00,1189.4,1190.433,1185.55,1186.45
2015-03-24T05:00:00+00:00,1186.4475,1195.1325,1186.1805,1192.425
2015-03-24T13:00:00+00:00,1192.385,1194.6255,1186.069,1193.33
2015-03-24T21:00:00+00:00,1193.195,1193.418,1187.585,1189.1135
2015-03-25T05:00:00+00:00,1189.114,1198.2245,1186.7895,1197.5285
2015-03-25T13:00:00+00:00,1197.554,1199.8355,1194.812,1195.5
2015-03-25T21:00:00+00:00,1195.389,1200.466,1194.615,1199.666
2015-03-26T05:00:00+00:00,1199.665,1219.8205,1198.546,1204.9235
2015-03-26T13:00:00+00:00,1204.9395,1207.124,1202.0735,1204.825
2015-03-26T21:00:00+00:00,1204.879,1205.435,1200.0875,1202.701
2015-03-27T05:00:00+00:00,1202.73,1206.324,1195.907,1200.284
2015-03-27T13:00:00+00:00,1200.3085,1202.158,1192.737,1198.771
2015-03-29T22:00:00+01:00,1198.825,1199.565,1192.3945,1194.0075
2015-03-30T06:00:00+01:00,1193.9925,1194.8485,1182.781,1185.468
2015-03-30T14:00:00+01:00,1185.4685,1188.079,1182.455,1186.0415
2015-03-30T22:00:00+01:00,1185.882,1187.6145,1179.8985,1182.4225
2015-03-31T06:00:00+01:00,1182.4455,1189.0205,1178.549,1188.855
2015-03-31T14:00:00+01:00,1188.88,1190.862,1181.622,1183.6185
2015-03-31T22:00:00+01:00,1183.405,1189.163,1182.8865,1187.472
2015-04-01T06:00:00+01:00,1187.4175,1194.407,1180.9715,1193.621
2015-04-01T14:00:00+01:00,1193.649,1208.705,1191.515,1203.935
2015-04-01T22:00:00+01:00,1204.047,1204.47,1201.509,1203.5625
2015-04-02T06:00:00+01:00,1203.57,1207.479,1200.218,1202.865
2015-04-02T14:00:00+01:00,1202.8535,1205.884,1195.0405,1202.62
2015-04-05T22:00:00+01:00,1213.755,1218.9005,1213.5,1217.1845
2015-04-06T06:00:00+01:00,1217.219,1223.5385,1216.295,1222.1665
2015-04-06T14:00:00+01:00,1222.184,1224.335,1214.1015,1214.855
2015-04-06T22:00:00+01:00,1214.863,1215.9325,1211.1205,1213.555
2015-04-07T06:00:00+01:00,1213.548,1214.801,1207.601,1211.1065
2015-04-07T14:00:00+01:00,1211.1565,1214.3555,1208.363,1209.17
2015-04-07T22:00:00+01:00,1208.9825,1211.769,1207.9255,1210.87
2015-04-08T06:00:00+01:00,1210.82,1212.4715,1204.9295,1207.205
2015-04-08T14:00:00+01:00,1207.209,1210.0335,1197.5995,1202.436
2015-04-08T22:00:00+01:00,1202.925,1203.4965,1196.4175,1196.961
2015-04-09T06:00:00+01:00,1196.955,1202.7565,1192.755,1199.3835
2015-04-09T14:00:00+01:00,1199.38,1200.027,1193.1385,1194.775
2015-04-09T22:00:00+01:00,1194.804,1197.395,1193.391,1197.031
2015-04-10T06:00:00+01:00,1197.0445,1206.526,1194.057,1205.0865
2015-04-10T14:00:00+01:00,1205.0945,1210.88,1203.85,1207.61
2015-04-12T22:00:00+01:00,1207.335,1209.6345,1203.85,1204.033
2015-04-13T06:00:00+01:00,1204.017,1205.793,1197.726,1204.165
2015-04-13T14:00:00+01:00,1204.1975,1207.063,1196.5295,1198.895
2015-04-13T22:00:00+01:00,1198.843,1201.594,1198,1198.681
2015-04-14T06:00:00+01:00,1198.6835,1198.9405,1184.1005,1188.767
2015-04-14T14:00:00+01:00,1188.8015,1199.133,1188.8015,1192.725
2015-04-14T22:00:00+01:00,1192.701,1195.211,1190.8695,1193.288
2015-04-15T06:00:00+01:00,1193.2835,1194.8295,1189.063,1193.832
2015-04-15T14:00:00+01:00,1193.692,1204.7145,1192.684,1202.578
2015-04-15T22:00:00+01:00,1202.45,1207.6995,1200.1345,1202.635
2015-04-16T06:00:00+01:00,1202.613,1209.283,1201.5,1205.394
2015-04-16T14:00:00+01:00,1205.3865,1206.3365,1194.8565,1198.495
2015-04-16T22:00:00+01:00,1198.589,1201.597,1197.547,1198.9745
2015-04-17T06:00:00+01:00,1198.925,1207.9005,1198.514,1202.2665
2015-04-17T14:00:00+01:00,1202.2765,1206.665,1201.0255,1204.456
2015-04-19T22:00:00+01:00,1204.91,1206.8025,1202.966,1203.2535
2015-04-20T06:00:00+01:00,1203.2455,1209.257,1196.776,1197.6425
2015-04-20T14:00:00+01:00,1197.598,1199.0465,1191.512,1195.88
2015-04-20T22:00:00+01:00,1195.681,1197.1345,1193.566,1196.9795
2015-04-21T06:00:00+01:00,1196.9875,1202.396,1193.2545,1200.12
2015-04-21T14:00:00+01:00,1200.07,1204.42,1194.958,1202.415
2015-04-21T22:00:00+01:00,1202.397,1203.473,1199.4325,1200.3585
2015-04-22T06:00:00+01:00,1200.345,1204.8985,1197.7925,1198.82
2015-04-22T14:00:00+01:00,1198.816,1199.1485,1185.821,1187.26
2015-04-22T22:00:00+01:00,1187.245,1190.0465,1184.463,1189.6045
2015-04-23T06:00:00+01:00,1189.6115,1192.2515,1185.57,1189.3125
2015-04-23T14:00:00+01:00,1189.347,1198.1335,1186.27,1194.015
2015-04-23T22:00:00+01:00,1193.969,1194.555,1191.0825,1191.432
2015-04-24T06:00:00+01:00,1191.425,1196.047,1186.328,1186.9225
2015-04-24T14:00:00+01:00,1186.862,1189.5405,1175.328,1179.474
2015-04-26T22:00:00+01:00,1180.175,1183.613,1178.692,1182.905
2015-04-27T06:00:00+01:00,1182.896,1187.7965,1179.998,1187.01
2015-04-27T14:00:00+01:00,1187.005,1207.348,1184.937,1202.044
2015-04-27T22:00:00+01:00,1202.116,1202.737,1199.3655,1200.1415
2015-04-28T06:00:00+01:00,1200.143,1207.1195,1199.5195,1203.8965
2015-04-28T14:00:00+01:00,1203.905,1215.1765,1201.7,1212.075
2015-04-28T22:00:00+01:00,1212.264,1212.4,1209.3615,1210.2565
2015-04-29T06:00:00+01:00,1210.2515,1214.168,1204.5375,1207.059
2015-04-29T14:00:00+01:00,1207.0835,1212.791,1201.51,1204.719
2015-04-29T22:00:00+01:00,1204.692,1206.362,1201.224,1203.408
2015-04-30T06:00:00+01:00,1203.389,1207.334,1191.9685,1192.664
2015-04-30T14:00:00+01:00,1192.7135,1192.7185,1177.158,1184.296
2015-04-30T22:00:00+01:00,1184.259,1185.347,1182.445,1183.0455
2015-05-01T06:00:00+01:00,1183.049,1183.74,1170.0425,1173.457
2015-05-01T14:00:00+01:00,1173.47,1179.6705,1170.515,1178.447
2015-05-03T22:00:00+01:00,1178.313,1184.808,1177.8685,1183.75
2015-05-04T06:00:00+01:00,1183.757,1187.75,1180.609,1186.41
2015-05-04T14:00:00+01:00,1186.425,1192.9545,1186.425,1188.32
2015-05-04T22:00:00+01:00,1188.476,1189.2575,1185.8645,1186.6525
2015-05-05T06:00:00+01:00,1186.6615,1198.6375,1186.327,1197.9325
2015-05-05T14:00:00+01:00,1197.9145,1199.9175,1192.461,1193.348
2015-05-05T22:00:00+01:00,1193.403,1197.036,1192.978,1195.916
2015-05-06T06:00:00+01:00,1195.915,1197.766,1188.3665,1194.205
2015-05-06T14:00:00+01:00,1194.98,1196.275,1188.6945,1192.215
2015-05-06T22:00:00+01:00,1192.238,1192.9855,1186.8545,1187.965
2015-05-07T06:00:00+01:00,1187.961,1189.202,1178.998,1181.1535
2015-05-07T14:00:00+01:00,1181.156,1188.639,1180.7725,1184.495
2015-05-07T22:00:00+01:00,1184.481,1184.9305,1182.024,1184.3605
2015-05-08T06:00:00+01:00,1184.39,1194.158,1181.9295,1189.708
2015-05-08T14:00:00+01:00,1189.735,1193.016,1184.4195,1188.399
2015-05-10T22:00:00+01:00,1189.885,1190.532,1188.099,1188.3275
2015-05-11T06:00:00+01:00,1188.3325,1191.891,1184.148,1189.0255
2015-05-11T14:00:00+01:00,1189.061,1191.6405,1179.053,1183.975
2015-05-11T22:00:00+01:00,1183.978,1184.957,1183.2755,1183.7665
2015-05-12T06:00:00+01:00,1183.747,1197.167,1180.8905,1195.295
2015-05-12T14:00:00+01:00,1195.2915,1195.51,1188.208,1193.895
2015-05-12T22:00:00+01:00,1193.909,1194.625,1191.3805,1193.364
2015-05-13T06:00:00+01:00,1193.3825,1206.159,1191.5685,1204.3685
2015-05-13T14:00:00+01:00,1204.3735,1219.0015,1204.3735,1215.775
2015-05-13T22:00:00+01:00,1215.732,1215.8245,1212.466,1213.9205
2015-05-14T06:00:00+01:00,1213.9415,1222.7385,1212.802,1219.3305
2015-05-14T14:00:00+01:00,1219.3385,1227.47,1218.76,1221.055
2015-05-14T22:00:00+01:00,1221.267,1222.2125,1218.555,1219.614
2015-05-15T06:00:00+01:00,1219.6315,1221.739,1211.119,1216.7445
2015-05-15T14:00:00+01:00,1216.7565,1226.2955,1215.4915,1224.112
2015-05-17T22:00:00+01:00,1224.38,1225.55,1221.7045,1224.6045
2015-05-18T06:00:00+01:00,1224.6135,1232.4545,1224.0705,1227.4865
2015-05-18T14:00:00+01:00,1227.479,1229.165,1222.703,1225.515
2015-05-18T22:00:00+01:00,1225.603,1226.0065,1220.481,1221.949
2015-05-19T06:00:00+01:00,1221.9005,1224.1325,1212.79,1214.015
2015-05-19T14:00:00+01:00,1213.9905,1216.9735,1205.897,1207.845
2015-05-19T22:00:00+01:00,1207.938,1209.735,1207.0885,1208.532
2015-05-20T06:00:00+01:00,1208.513,1211.7895,1203.4225,1210.245
2015-05-20T14:00:00+01:00,1210.2455,1213.6005,1207.0845,1209.66
2015-05-20T22:00:00+01:00,1209.775,1212.9035,1208.09,1212.126
2015-05-21T06:00:00+01:00,1212.0905,1212.83,1202.336,1202.907
2015-05-21T14:00:00+01:00,1202.882,1209.126,1201.652,1206.17
2015-05-21T22:00:00+01:00,1206.355,1208.8955,1205.6785,1208.118
2015-05-22T06:00:00+01:00,1208.0555,1214.9705,1204.8295,1205.9945
2015-05-22T14:00:00+01:00,1206.0195,1208.862,1201.64,1206.215
2015-05-24T22:00:00+01:00,1205.76,1205.76,1202.956,1203.8655
2015-05-25T06:00:00+01:00,1203.8755,1206.0005,1203.29,1204.625
2015-05-25T14:00:00+01:00,1204.6215,1208.7845,1204.554,1207.305
2015-05-25T22:00:00+01:00,1207.13,1207.654,1204.6435,1205.145
2015-05-26T06:00:00+01:00,1205.1,1205.5995,1186.0195,1186.766
2015-05-26T14:00:00+01:00,1186.775,1190.5365,1185.617,1187.275
2015-05-26T22:00:00+01:00,1187.23,1190.206,1186.6465,1188.475
2015-05-27T06:00:00+01:00,1188.5155,1191.02,1183.815,1185.6165
2015-05-27T14:00:00+01:00,1185.62,1188.815,1184.9335,1188.09
2015-05-27T22:00:00+01:00,1188.055,1189.56,1187.0455,1188.48
2015-05-28T06:00:00+01:00,1188.4705,1192.3085,1185.2165,1187.988
2015-05-28T14:00:00+01:00,1187.995,1190.165,1180.4965,1188.4295
2015-05-28T22:00:00+01:00,1187.985,1190.765,1187.855,1189.754
2015-05-29T06:00:00+01:00,1189.7645,1193.997,1185.924,1189.9445
2015-05-29T14:00:00+01:00,1189.945,1193.5545,1188.55,1190.56
2015-05-31T22:00:00+01:00,1189.74,1197.59,1189.3945,1191.793
2015-06-01T06:00:00+01:00,1191.834,1191.994,1184.71,1188.291
2015-06-01T14:00:00+01:00,1188.295,1204.3945,1187.855,1189.2
2015-06-01T22:00:00+01:00,1189.2345,1189.761,1186.49,1188.5005
2015-06-02T06:00:00+01:00,1188.5105,1194.915,1186.0965,1191.34
2015-06-02T14:00:00+01:00,1191.373,1196.4455,1190.7015,1193.085
2015-06-02T22:00:00+01:00,1192.96,1195.6175,1191.859,1193.12
2015-06-03T06:00:00+01:00,1193.1195,1194.325,1186.771,1189.3635
2015-06-03T14:00:00+01:00,1189.3235,1192.5995,1179.5695,1185.045
2015-06-03T22:00:00+01:00,1185.135,1186.456,1182.02,1184.544
2015-06-04T06:00:00+01:00,1184.5395,1186.0355,1176.7435,1179.0985
2015-06-04T14:00:00+01:00,1179.0645,1179.9055,1173.0495,1176.855
2015-06-04T22:00:00+01:00,1176.825,1178.5645,1176.3805,1177.9855
2015-06-05T06:00:00+01:00,1178.035,1178.6955,1165.305,1167.7715
2015-06-05T14:00:00+01:00,1167.772,1172.248,1162.856,1171.95
2015-06-07T22:00:00+01:00,1170.965,1177.7505,1169.26,1172.035
2015-06-08T06:00:00+01:00,1172.085,1175.845,1171.0345,1172.385
2015-06-08T14:00:00+01:00,1172.345,1174.9935,1169.606,1174.06
2015-06-08T22:00:00+01:00,1174.025,1177.945,1172.668,1177.79
2015-06-09T06:00:00+01:00,1177.745,1183.0685,1175.2555,1180.215
2015-06-09T14:00:00+01:00,1180.165,1180.962,1175.5345,1176.895
2015-06-09T22:00:00+01:00,1176.74,1181.614,1175.3545,1180.5285
2015-06-10T06:00:00+01:00,1180.538,1192.4305,1180.005,1190.825
2015-06-10T14:00:00+01:00,1190.846,1191.6235,1185.7495,1186.2
2015-06-10T22:00:00+01:00,1186.14,1188.085,1185.9195,1186.93
2015-06-11T06:00:00+01:00,1186.9055,1187.2335,1175.8055,1182.918
2015-06-11T14:00:00+01:00,1182.8905,1184.015,1177.641,1182.065
2015-06-11T22:00:00+01:00,1182.03,1183.9195,1181.486,1183.2945
2015-06-12T06:00:00+01:00,1183.2555,1184.3865,1176.834,1177.795
2015-06-12T14:00:00+01:00,1177.75,1183.63,1177.3445,1181.62
2015-06-14T22:00:00+01:00,1180.865,1186.5555,1180.3645,1181.055
2015-06-15T06:00:00+01:00,1181.0495,1185.204,1172.8885,1179.084
2015-06-15T14:00:00+01:00,1179.0745,1190.591,1178.36,1186.385
2015-06-15T22:00:00+01:00,1186.425,1187.6,1183.949,1186.5295
2015-06-16T06:00:00+01:00,1186.529,1188.021,1181.8995,1183.0665
2015-06-16T14:00:00+01:00,1183.115,1184.061,1176.1555,1182.095
2015-06-16T22:00:00+01:00,1182.05,1182.4165,1179.3795,1180.48
2015-06-17T06:00:00+01:00,1180.489,1181.026,1178.0435,1179.66
2015-06-17T14:00:00+01:00,1179.6195,1189.319,1174.725,1185.55
2015-06-17T22:00:00+01:00,1185.435,1188.561,1183.75,1187.3985
2015-06-18T06:00:00+01:00,1187.399,1203.9205,1187.228,1200.55
2015-06-18T14:00:00+01:00,1200.56,1205.8255,1198.3535,1201.935
2015-06-18T22:00:00+01:00,1201.825,1202.5755,1199.1865,1200.06
2015-06-19T06:00:00+01:00,1200.0745,1203.635,1198.475,1202.8415
2015-06-19T14:00:00+01:00,1202.8315,1204.29,1198.815,1200.25
2015-06-21T22:00:00+01:00,1200.175,1201.1805,1196.802,1199.155
2015-06-22T06:00:00+01:00,1199.1505,1199.1505,1191.221,1191.695
2015-06-22T14:00:00+01:00,1191.6995,1191.8405,1182.255,1185.93
2015-06-22T22:00:00+01:00,1185.975,1188.2555,1184.3935,1185.735
2015-06-23T06:00:00+01:00,1185.7355,1187.29,1177.3255,1177.6585
2015-06-23T14:00:00+01:00,1177.69,1180.505,1176.458,1178.68
2015-06-23T22:00:00+01:00,1178.685,1179.5005,1176.178,1177.8705
2015-06-24T06:00:00+01:00,1177.87,1180.44,1171.035,1173.22
2015-06-24T14:00:00+01:00,1173.363,1175.9505,1171.52,1175.495
2015-06-24T22:00:00+01:00,1175.02,1178.2355,1174.859,1177.98
2015-06-25T06:00:00+01:00,1177.955,1178.096,1171.985,1173.518
2015-06-25T14:00:00+01:00,1173.4935,1175.594,1171.639,1173.26
2015-06-25T22:00:00+01:00,1173.33,1175.375,1173.175,1174.537
2015-06-26T06:00:00+01:00,1174.6405,1178.77,1170.2845,1171.8335
2015-06-26T14:00:00+01:00,1171.8535,1175.6005,1168.714,1175.445
2015-06-28T22:00:00+01:00,1184.721,1188.34,1179.9945,1182.706
2015-06-29T06:00:00+01:00,1182.7065,1185.0095,1176.1985,1182.4715
2015-06-29T14:00:00+01:00,1182.461,1183.2305,1173.928,1179.815
2015-06-29T22:00:00+01:00,1180.31,1180.6255,1176.016,1177.0445
2015-06-30T06:00:00+01:00,1177.0135,1177.655,1169.7385,1172.044
2015-06-30T14:00:00+01:00,1172.0935,1179.1705,1167.078,1172.42
2015-06-30T22:00:00+01:00,1172.415,1175.209,1172.415,1174.3845
2015-07-01T06:00:00+01:00,1174.374,1174.81,1168.694,1170.0855
2015-07-01T14:00:00+01:00,1170.065,1173.591,1167.7015,1168.87
2015-07-01T22:00:00+01:00,1168.6,1169.1105,1167.1695,1168.272
2015-07-02T06:00:00+01:00,1168.2665,1168.667,1157.1285,1166.0595
2015-07-02T14:00:00+01:00,1166.035,1169.605,1162.2145,1166.205
2015-07-02T22:00:00+01:00,1166.2,1168.034,1164.78,1167.2005
2015-07-03T06:00:00+01:00,1167.1915,1170.395,1166.423,1169.59
2015-07-03T14:00:00+01:00,1169.639,1170.005,1166.1095,1168.9
2015-07-05T22:00:00+01:00,1173.86,1175.0405,1167.5255,1167.655
2015-07-06T06:00:00+01:00,1167.6545,1168.4705,1163.01,1165.3045
2015-07-06T14:00:00+01:00,1165.2935,1174.5695,1163.59,1170.27
2015-07-06T22:00:00+01:00,1170.27,1170.721,1167.1395,1167.401
2015-07-07T06:00:00+01:00,1167.4065,1169.45,1160.0895,1161.7285
2015-07-07T14:00:00+01:00,1161.679,1161.679,1148.104,1155.225
2015-07-07T22:00:00+01:00,1155.18,1156.793,1151.715,1154.13
2015-07-08T06:00:00+01:00,1154.121,1158.0805,1147.303,1153.905
2015-07-08T14:00:00+01:00,1153.9015,1164.78,1153.236,1158.4
2015-07-08T22:00:00+01:00,1158.645,1160.195,1156.085,1157.6145
2015-07-09T06:00:00+01:00,1157.6095,1167.841,1157.57,1164.609
2015-07-09T14:00:00+01:00,1164.6495,1167.6505,1158.251,1159.335
2015-07-09T22:00:00+01:00,1159.815,1162.9,1157.53,1161.6685
2015-07-10T06:00:00+01:00,1161.6935,1164.175,1159.0795,1160.5985
2015-07-10T14:00:00+01:00,1160.574,1165.5495,1158.419,1163.45
2015-07-12T22:00:00+01:00,1163.49,1165.16,1159.5005,1160.139
2015-07-13T06:00:00+01:00,1160.125,1161.806,1152.4815,1154.35
2015-07-13T14:00:00+01:00,1154.301,1159.5105,1151.255,1157.98
2015-07-13T22:00:00+01:00,1157.925,1158.404,1154.984,1155.329
2015-07-14T06:00:00+01:00,1155.3505,1159.247,1153.0485,1156.4055
2015-07-14T14:00:00+01:00,1156.401,1159.9,1154.0745,1155.95
2015-07-14T22:00:00+01:00,1155.3,1156.9655,1154.814,1155.661
2015-07-15T06:00:00+01:00,1155.6605,1155.976,1151.013,1151.9085
2015-07-15T14:00:00+01:00,1151.88,1151.88,1143.3305,1149.515
2015-07-15T22:00:00+01:00,1149.47,1149.565,1146.1555,1147.354
2015-07-16T06:00:00+01:00,1147.359,1148.0105,1142.4085,1143.5535
2015-07-16T14:00:00+01:00,1143.574,1147.784,1142.795,1145.45
2015-07-16T22:00:00+01:00,1145.445,1145.954,1143.784,1144.74
2015-07-17T06:00:00+01:00,1144.73,1145.91,1138.024,1139.7215
2015-07-17T14:00:00+01:00,1139.645,1139.667,1131.264,1134.53
2015-07-19T22:00:00+01:00,1133.85,1133.8635,1071.61,1107.994
2015-07-20T06:00:00+01:00,1107.9995,1119.206,1104.81,1109.875
2015-07-20T14:00:00+01:00,1109.98,1113.57,1094.535,1096.595
2015-07-20T22:00:00+01:00,1098.72,1105.9565,1097.0945,1104.1905
2015-07-21T06:00:00+01:00,1104.1805,1110.01,1101.1385,1103.5005
2015-07-21T14:00:00+01:00,1103.4505,1109.365,1098.4105,1101.25
2015-07-21T22:00:00+01:00,1101.45,1103.525,1092.8645,1094.209
2015-07-22T06:00:00+01:00,1094.1835,1097.5845,1087.359,1090.445
2015-07-22T14:00:00+01:00,1090.45,1096.435,1087.224,1094.295
2015-07-22T22:00:00+01:00,1094.3,1099.771,1093.657,1099.445
2015-07-23T06:00:00+01:00,1099.4445,1106.014,1094.884,1095.99
2015-07-23T14:00:00+01:00,1095.99,1098.8055,1087.35,1090.645
2015-07-23T22:00:00+01:00,1090.83,1091.7755,1077.4195,1083.64
2015-07-24T06:00:00+01:00,1083.6295,1086.6055,1077.7335,1083.73
2015-07-24T14:00:00+01:00,1083.702,1101.716,1079.296,1099.05
2015-07-26T22:00:00+01:00,1099.33,1101.08,1094.5145,1097.8555
2015-07-27T06:00:00+01:00,1097.855,1105.165,1088.554,1092.3505
2015-07-27T14:00:00+01:00,1092.3255,1102.3775,1091.946,1093.945
2015-07-27T22:00:00+01:00,1094.94,1096.566,1092.554,1095.473
2015-07-28T06:00:00+01:00,1095.4835,1098.835,1091.7035,1094.4985
2015-07-28T14:00:00+01:00,1094.5235,1099.105,1093.93,1095.52
2015-07-28T22:00:00+01:00,1095.42,1097.9905,1094.7645,1096.925
2015-07-29T06:00:00+01:00,1096.925,1099.466,1093.293,1095.264
2015-07-29T14:00:00+01:00,1095.2545,1101.9805,1090.515,1096.77
2015-07-29T22:00:00+01:00,1097.11,1098.784,1092.475,1093.081
2015-07-30T06:00:00+01:00,1093.0515,1094.311,1082.673,1086.9305
2015-07-30T14:00:00+01:00,1086.9265,1095.5345,1084.04,1088.62
2015-07-30T22:00:00+01:00,1088.41,1089.5915,1084.135,1084.271
2015-07-31T06:00:00+01:00,1084.266,1091.7305,1080.0855,1089.702
2015-07-31T14:00:00+01:00,1089.6145,1103.54,1089.465,1095.75
2015-08-02T22:00:00+01:00,1096.25,1097.62,1092.1005,1095.5265
2015-08-03T06:00:00+01:00,1095.4795,1097.8585,1089.443,1089.9335
2015-08-03T14:00:00+01:00,1089.9085,1093.42,1085.961,1086.725
2015-08-03T22:00:00+01:00,1084.065,1085.9605,1081.139,1084.496
2015-08-04T06:00:00+01:00,1084.501,1094.8365,1083.785,1091.774
2015-08-04T14:00:00+01:00,1091.7795,1093.4185,1084.91,1087.68
2015-08-04T22:00:00+01:00,1088.1,1088.1155,1084.7295,1086.91
2015-08-05T06:00:00+01:00,1086.935,1092.665,1084.3735,1090.105
2015-08-05T14:00:00+01:00,1090.1095,1090.6635,1083.1055,1085.03
2015-08-05T22:00:00+01:00,1085.03,1085.788,1083.646,1084.6
2015-08-06T06:00:00+01:00,1084.554,1087.4045,1084.1,1085.7035
2015-08-06T14:00:00+01:00,1085.77,1094.1245,1085.43,1089.61
2015-08-06T22:00:00+01:00,1089.59,1091.465,1088.0945,1089.005
2015-08-07T06:00:00+01:00,1088.9985,1097.685,1082.89,1083.824
2015-08-07T14:00:00+01:00,1083.7985,1099.5955,1083.6105,1094.195
2015-08-09T22:00:00+01:00,1094.785,1096.4855,1089.784,1096.3435
2015-08-10T06:00:00+01:00,1096.3685,1098.632,1093.9445,1095.3115
2015-08-10T14:00:00+01:00,1095.4155,1109.0155,1095.15,1104.51
2015-08-10T22:00:00+01:00,1104.445,1107.3645,1093.945,1100.512
2015-08-11T06:00:00+01:00,1100.4605,1119.519,1097.9255,1108.6855
2015-08-11T14:00:00+01:00,1108.6955,1112.51,1103.9505,1108.935
2015-08-11T22:00:00+01:00,1108.88,1113.4245,1101.9065,1110.69
2015-08-12T06:00:00+01:00,1110.6945,1121.5785,1109.4995,1118.179
2015-08-12T14:00:00+01:00,1118.204,1125.801,1115.0845,1124.475
2015-08-12T22:00:00+01:00,1125.75,1126.8845,1120.7795,1121.2145
2015-08-13T06:00:00+01:00,1121.106,1123.43,1113.7635,1115.72
2015-08-13T14:00:00+01:00,1115.67,1118.5635,1113.73,1115.15
2015-08-13T22:00:00+01:00,1115.15,1116.0665,1112.5655,1113.475
2015-08-14T06:00:00+01:00,1113.476,1121.1665,1113.299,1118.2255
2015-08-14T14:00:00+01:00,1118.2305,1120.9255,1111.9995,1115.055
2015-08-16T22:00:00+01:00,1114.405,1117.5885,1113.855,1116.89
2015-08-17T06:00:00+01:00,1116.8905,1122.915,1116.185,1120.8745
2015-08-17T14:00:00+01:00,1120.88,1121.86,1116.6495,1117.615
2015-08-17T22:00:00+01:00,1118,1119.8155,1116.79,1118.57
2015-08-18T06:00:00+01:00,1118.536,1121.236,1116.9765,1117.3465
2015-08-18T14:00:00+01:00,1117.316,1120.215,1109.7445,1117.595
2015-08-18T22:00:00+01:00,1118.105,1118.553,1116.403,1117.6735
2015-08-19T06:00:00+01:00,1117.675,1124.7,1117.4465,1120.88
2015-08-19T14:00:00+01:00,1120.86,1134.7765,1119.977,1133.854
2015-08-19T22:00:00+01:00,1133.905,1139.5815,1132.745,1138.51
2015-08-20T06:00:00+01:00,1138.553,1144.0855,1136.216,1141.3415
2015-08-20T14:00:00+01:00,1141.3915,1154.116,1140.94,1152.275
2015-08-20T22:00:00+01:00,1152.325,1168.395,1151.81,1164.1205
2015-08-21T06:00:00+01:00,1164.12,1165.7005,1149.0665,1155.657
2015-08-21T14:00:00+01:00,1155.582,1161.815,1149.365,1160.55
2015-08-23T22:00:00+01:00,1161.105,1165.5005,1155.685,1159.032
2015-08-24T06:00:00+01:00,1159.031,1162.9815,1152.444,1157.1835
2015-08-24T14:00:00+01:00,1157.095,1170.174,1145.978,1155.095
2015-08-24T22:00:00+01:00,1156.12,1156.75,1150.975,1154.21
2015-08-25T06:00:00+01:00,1154.2105,1154.6945,1144.2535,1151.6055
2015-08-25T14:00:00+01:00,1151.6,1152.872,1134.729,1140.465
2015-08-25T22:00:00+01:00,1140.57,1146.6135,1133.935,1134.5005
2015-08-26T06:00:00+01:00,1134.501,1139.865,1123.8715,1127.737
2015-08-26T14:00:00+01:00,1127.742,1128.2195,1117.8565,1125.325
2015-08-26T22:00:00+01:00,1125.83,1129.289,1123.229,1127.715
2015-08-27T06:00:00+01:00,1127.7295,1129.4345,1120.0065,1122.1935
2015-08-27T14:00:00+01:00,1122.145,1127.785,1118.368,1124.995
2015-08-27T22:00:00+01:00,1125.3,1132.496,1124.5545,1131.135
2015-08-28T06:00:00+01:00,1131.1195,1133.09,1123.9295,1129.142
2015-08-28T14:00:00+01:00,1129.196,1140.9115,1125.4415,1133.7
2015-08-30T22:00:00+01:00,1133.32,1135.3455,1129.395,1133.8365
2015-08-31T06:00:00+01:00,1133.787,1135.215,1127.1895,1127.905
2015-08-31T14:00:00+01:00,1127.915,1136.7985,1125.8,1134.895
2015-08-31T22:00:00+01:00,1134.655,1142.7845,1134.515,1142.4295
2015-09-01T06:00:00+01:00,1142.435,1145.861,1139.36,1145.8315
2015-09-01T14:00:00+01:00,1145.8945,1147.9865,1137.2395,1140.28
2015-09-01T22:00:00+01:00,1139.73,1140.4495,1135.599,1138.1655
2015-09-02T06:00:00+01:00,1138.1705,1142.555,1136.0935,1137.114
2015-09-02T14:00:00+01:00,1137.1285,1141.4115,1132.218,1134.105
2015-09-02T22:00:00+01:00,1133.84,1134.1795,1131.5245,1132.426
2015-09-03T06:00:00+01:00,1132.426,1134.446,1121.94,1123.134
2015-09-03T14:00:00+01:00,1123.144,1130.77,1122.48,1125.465
2015-09-03T22:00:00+01:00,1125.31,1126.796,1123.763,1125.02
2015-09-04T06:00:00+01:00,1125.0045,1132.515,1120.759,1122.57
2015-09-04T14:00:00+01:00,1122.5645,1123.8045,1116.91,1121.9
2015-09-06T22:00:00+01:00,1123.425,1124.95,1117.8755,1122.6145
2015-09-07T06:00:00+01:00,1122.621,1124.395,1119.6235,1120.6595
2015-09-07T14:00:00+01:00,1120.6645,1120.7315,1116.025,1119.145
2015-09-07T22:00:00+01:00,1118.815,1122.305,1118.815,1121.195
2015-09-08T06:00:00+01:00,1121.156,1124.256,1118.743,1122.1705
2015-09-08T14:00:00+01:00,1122.2055,1126.8065,1120.229,1121.545
2015-09-08T22:00:00+01:00,1121.955,1125.4865,1121.649,1123.8105
2015-09-09T06:00:00+01:00,1123.8,1124.2055,1116.693,1117.106
2015-09-09T14:00:00+01:00,1117.131,1117.75,1101.39,1107.87
2015-09-09T22:00:00+01:00,1106.755,1108.4715,1103.946,1106.443
2015-09-10T06:00:00+01:00,1106.417,1112.3195,1105.625,1110.7445
2015-09-10T14:00:00+01:00,1110.755,1115.158,1108.43,1110.945
2015-09-10T22:00:00+01:00,1111.28,1113.0195,1111.0045,1112.58
2015-09-11T06:00:00+01:00,1112.6255,1112.794,1105.2405,1106.551
2015-09-11T14:00:00+01:00,1106.562,1108.5945,1098.82,1107.78
2015-09-13T22:00:00+01:00,1107.9405,1109.8385,1104.8745,1108.2445
2015-09-14T06:00:00+01:00,1108.2555,1109.106,1103.629,1105.347
2015-09-14T14:00:00+01:00,1105.3215,1110.5715,1104.3,1109.1
2015-09-14T22:00:00+01:00,1108.15,1109.5065,1106.6835,1107.9935
2015-09-15T06:00:00+01:00,1107.989,1109.2255,1102.6035,1107.1235
2015-09-15T14:00:00+01:00,1107.073,1107.999,1103.3695,1105.25
2015-09-15T22:00:00+01:00,1105.37,1106.094,1104.103,1104.5
2015-09-16T06:00:00+01:00,1104.51,1115.052,1104.4505,1114.169
2015-09-16T14:00:00+01:00,1114.164,1124.297,1112.415,1119.515
2015-09-16T22:00:00+01:00,1119.445,1123.0805,1119.1945,1120.13
2015-09-17T06:00:00+01:00,1120.0955,1121.879,1115.9645,1117.18
2015-09-17T14:00:00+01:00,1117.1735,1135.73,1115.5195,1131.455
2015-09-17T22:00:00+01:00,1131.48,1132.375,1127.64,1129.175
2015-09-18T06:00:00+01:00,1129.17,1141.77,1127.72,1140.1855
2015-09-18T14:00:00+01:00,1140.37,1141.7855,1136.1495,1139.1
2015-09-20T22:00:00+01:00,1139.33,1140.1055,1136.0805,1137.795
2015-09-21T06:00:00+01:00,1137.7865,1140.0205,1129.654,1133.3755
2015-09-21T14:00:00+01:00,1133.3505,1134.91,1130.8765,1133.39
2015-09-21T22:00:00+01:00,1133.325,1134.8745,1132.359,1133.4
2015-09-22T06:00:00+01:00,1133.3995,1136.722,1123.2765,1124.2845
2015-09-22T14:00:00+01:00,1124.3095,1127.0245,1121.4735,1124.71
2015-09-22T22:00:00+01:00,1124.6,1125.6255,1121.995,1124.11
2015-09-23T06:00:00+01:00,1124.0995,1131.5905,1123.5985,1129.9665
2015-09-23T14:00:00+01:00,1129.9915,1134.2995,1129.216,1130.33
2015-09-23T22:00:00+01:00,1130.78,1136.3305,1130.345,1134.364
2015-09-24T06:00:00+01:00,1134.359,1138.9465,1134.0795,1138.765
2015-09-24T14:00:00+01:00,1138.77,1156.821,1138.769,1153.925
2015-09-24T22:00:00+01:00,1151.53,1151.91,1146.3305,1147.0105
2015-09-25T06:00:00+01:00,1146.975,1148.2615,1140.8805,1144.315
2015-09-25T14:00:00+01:00,1144.325,1148.779,1143.754,1146.12
2015-09-27T22:00:00+01:00,1145.405,1148.384,1143.81,1145.507
2015-09-28T06:00:00+01:00,1145.495,1146.522,1128.0805,1129.467
2015-09-28T14:00:00+01:00,1129.462,1136.9705,1129.1515,1132.07
2015-09-28T22:00:00+01:00,1132.235,1133.933,1131.506,1131.5065
2015-09-29T06:00:00+01:00,1131.501,1131.557,1124.379,1130.405
2015-09-29T14:00:00+01:00,1130.3605,1134.79,1125.91,1127.19
2015-09-29T22:00:00+01:00,1127.555,1128.295,1122.96,1125.791
2015-09-30T06:00:00+01:00,1125.7995,1127.2345,1116.72,1116.915
2015-09-30T14:00:00+01:00,1116.9255,1117.933,1111.8345,1114.83
2015-09-30T22:00:00+01:00,1115.495,1116.4215,1114.3155,1114.817
2015-10-01T06:00:00+01:00,1114.842,1116.945,1111.1935,1115.855
2015-10-01T14:00:00+01:00,1115.925,1119.2515,1113.394,1113.56
2015-10-01T22:00:00+01:00,1113.315,1114.0605,1111.419,1112.5255
2015-10-02T06:00:00+01:00,1112.5205,1136.9855,1104.7185,1132.049
2015-10-02T14:00:00+01:00,1132.0495,1141.3715,1132.0495,1138.45
2015-10-04T22:00:00+01:00,1137.98,1139.8555,1135.7545,1136.0765
2015-10-05T06:00:00+01:00,1136.0805,1138.719,1130.2505,1135.06
2015-10-05T14:00:00+01:00,1135.0905,1142.035,1132.6515,1135.705
2015-10-05T22:00:00+01:00,1135.645,1137.735,1135.1305,1136.202
2015-10-06T06:00:00+01:00,1136.2015,1144.9885,1136.036,1143.8005
2015-10-06T14:00:00+01:00,1143.8105,1151.2655,1143.695,1147.275
2015-10-06T22:00:00+01:00,1147.075,1149.5365,1146.3595,1148.49
2015-10-07T06:00:00+01:00,1148.495,1153.7685,1146.9985,1151.56
2015-10-07T14:00:00+01:00,1151.525,1151.96,1141.9,1145.42
2015-10-07T22:00:00+01:00,1145.64,1146.4005,1141.75,1143.796
2015-10-08T06:00:00+01:00,1143.7955,1145.3455,1136.7095,1138.8295
2015-10-08T14:00:00+01:00,1138.839,1151.424,1138.424,1139.08
2015-10-08T22:00:00+01:00,1138.86,1148.0535,1138.791,1147.369
2015-10-09T06:00:00+01:00,1147.3695,1157.885,1145.5745,1156.3255
2015-10-09T14:00:00+01:00,1156.2905,1159.771,1151.221,1156.155
2015-10-11T22:00:00+01:00,1155.57,1159.1,1154.959,1157.88
2015-10-12T06:00:00+01:00,1157.87,1169.131,1157.784,1166.3495
2015-10-12T14:00:00+01:00,1166.36,1167.1305,1159.3695,1163.7
2015-10-12T22:00:00+01:00,1163.3,1164.0605,1153.1145,1154.8305
2015-10-13T06:00:00+01:00,1154.835,1161.301,1151.931,1159.917
2015-10-13T14:00:00+01:00,1159.922,1168.88,1158.866,1167.645
2015-10-13T22:00:00+01:00,1168.66,1174.805,1166.635,1173.831
2015-10-14T06:00:00+01:00,1173.8745,1176.293,1163.4895,1175.71
2015-10-14T14:00:00+01:00,1175.707,1189.8955,1172.885,1184.03
2015-10-14T22:00:00+01:00,1184.2,1186.53,1181.714,1184.395
2015-10-15T06:00:00+01:00,1184.3995,1191.5955,1174.554,1180.046
2015-10-15T14:00:00+01:00,1179.9565,1190.4215,1177.6195,1183.23
2015-10-15T22:00:00+01:00,1182.69,1183.2515,1177.482,1178.072
2015-10-16T06:00:00+01:00,1178.075,1183.559,1175.4965,1182.5035
2015-10-16T14:00:00+01:00,1182.504,1184.5465,1174.4045,1176.95
2015-10-18T22:00:00+01:00,1176.84,1178.135,1171.36,1172.274
2015-10-19T06:00:00+01:00,1172.2685,1177.649,1170.8705,1176.901
2015-10-19T14:00:00+01:00,1176.912,1178.2685,1168.7,1170.925
2015-10-19T22:00:00+01:00,1170.86,1171.6255,1167.494,1168.83
2015-10-20T06:00:00+01:00,1168.82,1177.4995,1168.441,1173.451
2015-10-20T14:00:00+01:00,1173.436,1180.939,1171.52,1176.115
2015-10-20T22:00:00+01:00,1175.73,1179.37,1175.2955,1177.544
2015-10-21T06:00:00+01:00,1177.554,1178.164,1173.5185,1176.466
2015-10-21T14:00:00+01:00,1176.4705,1176.771,1163.829,1167.4
2015-10-21T22:00:00+01:00,1167.005,1168.0255,1164.621,1166.205
2015-10-22T06:00:00+01:00,1166.2005,1170.086,1162.9645,1164.926
2015-10-22T14:00:00+01:00,1164.93,1171.8705,1162.7465,1165.76
2015-10-22T22:00:00+01:00,1166.08,1169.5235,1164.52,1168.5505
2015-10-23T06:00:00+01:00,1168.525,1179.4855,1167.9945,1177.167
2015-10-23T14:00:00+01:00,1177.1555,1177.166,1159.075,1164.49
2015-10-25T21:00:00+00:00,1163.975,1165.5695,1162.2695,1165.273
2015-10-26T05:00:00+00:00,1165.3115,1168.525,1162.569,1165.895
2015-10-26T13:00:00+00:00,1165.926,1169.765,1163.0145,1163.39
2015-10-26T21:00:00+00:00,1163.245,1165.2505,1162.4985,1165.0585
2015-10-27T05:00:00+00:00,1165.058,1168.865,1161.511,1162.725
2015-10-27T13:00:00+00:00,1162.6015,1167.9445,1160.8445,1166.8
2015-10-27T21:00:00+00:00,1166.795,1168.9205,1165.446,1167.9345
2015-10-28T05:00:00+00:00,1167.985,1175.5085,1167.7,1174.8095
2015-10-28T13:00:00+00:00,1174.72,1183.0305,1152.4595,1156.14
2015-10-28T21:00:00+00:00,1156.5505,1162.2795,1155.275,1160.321
2015-10-29T05:00:00+00:00,1160.3015,1162.8005,1152.8,1154.489
2015-10-29T13:00:00+00:00,1154.446,1157.5605,1144.164,1144.85
2015-10-29T21:00:00+00:00,1147.125,1148.355,1144.8685,1147.755
2015-10-30T05:00:00+00:00,1147.7545,1150.1755,1140.685,1141.985
2015-10-30T13:00:00+00:00,1142.029,1144.6855,1139.34,1142.11
2015-11-01T22:00:00+00:00,1141.835,1142.6765,1134.3085,1142.1565
2015-11-02T06:00:00+00:00,1142.1815,1143.125,1136.32,1136.905
2015-11-02T14:00:00+00:00,1136.7995,1137.574,1132.7445,1133.695
2015-11-02T22:00:00+00:00,1133.56,1138.35,1133.1245,1137.72
2015-11-03T06:00:00+00:00,1137.796,1138.356,1126.769,1127.224
2015-11-03T14:00:00+00:00,1127.22,1128.136,1114.5195,1117.76
2015-11-03T22:00:00+00:00,1117.76,1122.956,1117.715,1121.551
2015-11-04T06:00:00+00:00,1121.5455,1121.556,1115.6135,1119.4895
2015-11-04T14:00:00+00:00,1119.393,1120.949,1106.4805,1107.924
2015-11-04T22:00:00+00:00,1107.85,1111.6155,1107.525,1109.7005
2015-11-05T06:00:00+00:00,1109.7105,1111.375,1105.874,1109.134
2015-11-05T14:00:00+00:00,1109.1335,1110.78,1103.0945,1103.93
2015-11-05T22:00:00+00:00,1104.035,1109.676,1103.72,1109.412
2015-11-06T06:00:00+00:00,1109.4165,1110.5755,1087.352,1088.645
2015-11-06T14:00:00+00:00,1088.64,1090.88,1085.5405,1089.735
2015-11-08T22:00:00+00:00,1089.9965,1094.0285,1089.205,1093.5365
2015-11-09T06:00:00+00:00,1093.559,1095.865,1089.98,1090.5455
2015-11-09T14:00:00+00:00,1090.545,1092.6695,1088.4745,1092.24
2015-11-09T22:00:00+00:00,1091.93,1093.875,1090.9785,1092.839
2015-11-10T06:00:00+00:00,1092.8885,1094.7235,1087.5255,1088.4505
2015-11-10T14:00:00+00:00,1088.451,1093.374,1085.335,1089.67
2015-11-10T22:00:00+00:00,1089.79,1093.5455,1088.674,1092.525
2015-11-11T06:00:00+00:00,1092.53,1093.7315,1086.9895,1087.6535
2015-11-11T14:00:00+00:00,1087.6285,1088.9405,1084.255,1086.44
2015-11-11T22:00:00+00:00,1086.345,1089.554,1085.6545,1088.564
2015-11-12T06:00:00+00:00,1088.569,1088.7905,1079.544,1080.227
2015-11-12T14:00:00+00:00,1080.2125,1089.7405,1074.2895,1085.215
2015-11-12T22:00:00+00:00,1084.88,1085.43,1080.4,1082.2965
2015-11-13T06:00:00+00:00,1082.2915,1088.7445,1080.5795,1081.161
2015-11-13T14:00:00+00:00,1081.234,1084.075,1079.8345,1083.845
2015-11-15T22:00:00+00:00,1089.67,1095.4505,1086.094,1095.316
2015-11-16T06:00:00+00:00,1095.375,1098.2555,1087.175,1087.884
2015-11-16T14:00:00+00:00,1087.8835,1088.243,1081.4855,1082.94
2015-11-16T22:00:00+00:00,1083.69,1085.155,1077.04,1078.539
2015-11-17T06:00:00+00:00,1078.534,1083.506,1077.444,1078.67
2015-11-17T14:00:00+00:00,1078.6295,1080.86,1065.5795,1070.395
2015-11-17T22:00:00+00:00,1071.415,1072.215,1064.6735,1068.9845
2015-11-18T06:00:00+00:00,1068.9705,1072.7505,1067.0955,1068.8505
2015-11-18T14:00:00+00:00,1068.884,1075.545,1066.279,1070.68
2015-11-18T22:00:00+00:00,1070.23,1079.315,1070.23,1077.1345
2015-11-19T06:00:00+00:00,1077.141,1078.978,1069.59,1071.1785
2015-11-19T14:00:00+00:00,1071.1835,1087.52,1070.8435,1082.27
2015-11-19T22:00:00+00:00,1081.326,1086.484,1080.3095,1086.053
2015-11-20T06:00:00+00:00,1086.048,1088.1935,1079.6745,1082.32
2015-11-20T14:00:00+00:00,1082.3235,1083.425,1075.941,1077.97
2015-11-22T22:00:00+00:00,1077.24,1077.2805,1067.5455,1070.076
2015-11-23T06:00:00+00:00,1070.0755,1073.369,1066.87,1070.3305
2015-11-23T14:00:00+00:00,1070.356,1075.2655,1067.3695,1069.285
2015-11-23T22:00:00+00:00,1069.27,1072.575,1068.9695,1071.3765
2015-11-24T06:00:00+00:00,1071.3805,1081.237,1071.11,1077.2635
2015-11-24T14:00:00+00:00,1077.289,1078.845,1073.0895,1075.58
2015-11-24T22:00:00+00:00,1075.56,1080.9505,1074.57,1079.05
2015-11-25T06:00:00+00:00,1079.026,1080.194,1069.084,1071.234
2015-11-25T14:00:00+00:00,1071.275,1072.976,1068.021,1071.35
2015-11-25T22:00:00+00:00,1071.685,1074.9815,1069.835,1072.4835
2015-11-26T06:00:00+00:00,1072.49,1074.3265,1070.4405,1071.846
2015-11-26T14:00:00+00:00,1071.845,1072.2545,1070.525,1072.04
2015-11-26T22:00:00+00:00,1071.935,1073.9315,1067,1068.399
2015-11-27T06:00:00+00:00,1068.4235,1069.5495,1054.6635,1055.7255
2015-11-27T14:00:00+00:00,1055.816,1061.835,1052.8695,1058.485
2015-11-29T22:00:00+00:00,1057.09,1058.985,1053.291,1056.6335
2015-11-30T06:00:00+00:00,1056.61,1060.5995,1054.321,1058.605
2015-11-30T14:00:00+00:00,1058.6055,1069.82,1058.5555,1064.625
2015-11-30T22:00:00+00:00,1065.169,1074.774,1063.3605,1072.203
2015-12-01T06:00:00+00:00,1072.178,1073.179,1066.95,1068.4735
2015-12-01T14:00:00+00:00,1068.4785,1070.2685,1063.9295,1069.175
2015-12-01T22:00:00+00:00,1068.67,1071.6305,1067.9405,1067.9665
2015-12-02T06:00:00+00:00,1067.9805,1069.3055,1058.1095,1058.4005
2015-12-02T14:00:00+00:00,1058.405,1060.014,1050.721,1053.595
2015-12-02T22:00:00+00:00,1053.94,1055.1615,1046.4005,1053.7395
2015-12-03T06:00:00+00:00,1053.7505,1063.208,1049.0195,1057.505
2015-12-03T14:00:00+00:00,1057.504,1065.559,1053.891,1062.115
2015-12-03T22:00:00+00:00,1063.095,1065.106,1060.095,1062.6155
2015-12-04T06:00:00+00:00,1062.61,1071.7455,1058.2935,1068.494
2015-12-04T14:00:00+00:00,1068.4845,1088.951,1067.979,1086.33
2015-12-06T22:00:00+00:00,1085.92,1086.75,1082.789,1085.318
2015-12-07T06:00:00+00:00,1085.3135,1086.0255,1079.0265,1080.116
2015-12-07T14:00:00+00:00,1080.1265,1081.4245,1066.4395,1071.435
2015-12-07T22:00:00+00:00,1070.66,1073.6255,1067.88,1072.3735
2015-12-08T06:00:00+00:00,1072.379,1075.3305,1067.746,1069.545
2015-12-08T14:00:00+00:00,1069.5495,1079.2895,1069.5495,1074.94
2015-12-08T22:00:00+00:00,1075.11,1078.724,1074.08,1077.233
2015-12-09T06:00:00+00:00,1077.2285,1084.6235,1073.285,1082.428
2015-12-09T14:00:00+00:00,1082.475,1085.4905,1069.641,1072.82
2015-12-09T22:00:00+00:00,1072.19,1076.606,1071.9955,1074.1235
2015-12-10T06:00:00+00:00,1074.1245,1075.704,1071.3245,1073.7145
2015-12-10T14:00:00+00:00,1073.715,1074.5505,1069.5,1071.52
2015-12-10T22:00:00+00:00,1071.855,1073.08,1065.97,1068.937
2015-12-11T06:00:00+00:00,1068.941,1072.316,1062.526,1064.859
2015-12-11T14:00:00+00:00,1064.8285,1079.606,1063.11,1074.58
2015-12-13T22:00:00+00:00,1073.595,1077.665,1071.24,1075.485
2015-12-14T06:00:00+00:00,1075.4765,1075.766,1065.719,1072.802
2015-12-14T14:00:00+00:00,1072.7765,1073.53,1058.86,1060.14
2015-12-14T22:00:00+00:00,1059.995,1066.341,1059.9695,1063.68
2015-12-15T06:00:00+00:00,1063.6805,1068.795,1058.984,1062.621
2015-12-15T14:00:00+00:00,1062.661,1066.6745,1059.7885,1061.14
2015-12-15T22:00:00+00:00,1061.165,1066.556,1060.9445,1065.4235
2015-12-16T06:00:00+00:00,1065.424,1075.2205,1063.069,1073.0795
2015-12-16T14:00:00+00:00,1073.0415,1078.49,1061.625,1072.51
2015-12-16T22:00:00+00:00,1073.295,1073.44,1064.899,1066.4835
2015-12-17T06:00:00+00:00,1066.5115,1069.365,1057.8435,1060.3685
2015-12-17T14:00:00+00:00,1060.339,1061.4345,1047.801,1051.185
2015-12-17T22:00:00+00:00,1052.53,1055.9045,1051.0395,1055.685
2015-12-18T06:00:00+00:00,1055.71,1061.828,1054.011,1060.834
2015-12-18T14:00:00+00:00,1060.784,1071.7395,1058.2765,1066.23
2015-12-20T22:00:00+00:00,1066.15,1071.0755,1064.009,1069.666
2015-12-21T06:00:00+00:00,1069.681,1076.246,1067.1145,1075.2365
2015-12-21T14:00:00+00:00,1075.204,1081.8245,1073.329,1078.255
2015-12-21T22:00:00+00:00,1078.485,1080.0135,1076.02,1078.4245
2015-12-22T06:00:00+00:00,1078.4195,1080.831,1074.346,1075.9895
2015-12-22T14:00:00+00:00,1075.893,1078.4865,1071.89,1072.49
2015-12-22T22:00:00+00:00,1072.835,1075.3395,1072.635,1075.085
2015-12-23T06:00:00+00:00,1075.0855,1075.6,1069.7565,1071.09
2015-12-23T14:00:00+00:00,1071.097,1072.3005,1068.4,1070.42
2015-12-23T22:00:00+00:00,1070.385,1074.5795,1070.275,1073.9985
2015-12-24T06:00:00+00:00,1074.0235,1074.6405,1071.3555,1072.765
2015-12-24T14:00:00+00:00,1072.775,1077.1665,1072.6285,1076.0705
2015-12-27T22:00:00+00:00,1075.935,1077.1095,1071.7345,1073.54
2015-12-28T06:00:00+00:00,1073.54,1074.4745,1070.2405,1071.339
2015-12-28T14:00:00+00:00,1071.3195,1072.391,1066.6295,1069.21
2015-12-28T22:00:00+00:00,1069.025,1073.7245,1068.1135,1073.2285
2015-12-29T06:00:00+00:00,1073.249,1075.411,1068.5505,1070.3695
2015-12-29T14:00:00+00:00,1070.3745,1072.42,1067.5845,1069.015
2015-12-29T22:00:00+00:00,1069.065,1071.285,1068.3705,1070.509
2015-12-30T06:00:00+00:00,1070.5095,1072.34,1061.5845,1061.9335
2015-12-30T14:00:00+00:00,1062.0545,1062.3385,1059.539,1061.55
2015-12-30T22:00:00+00:00,1061.53,1063.347,1060.8945,1062.1595
2015-12-31T06:00:00+00:00,1062.16,1063.643,1058.3295,1061.78
2015-12-31T14:00:00+00:00,1061.795,1063.5445,1059.2395,1061.285
