time,open,high,low,close
2012-01-01T22:00:00+00:00,1565.3,1565.425,1565.175,1565.3
2012-01-02T22:00:00+00:00,1564.5,1577.961,1564.452,1577.5945
2012-01-03T02:00:00+00:00,1577.5935,1587.5935,1574.3845,1583.9585
2012-01-03T06:00:00+00:00,1583.9335,1592.706,1582.8635,1589.4895
2012-01-03T10:00:00+00:00,1589.4545,1597.7735,1586.0275,1590.6295
2012-01-03T14:00:00+00:00,1590.54,1607.52,1588.7385,1599.0955
2012-01-03T18:00:00+00:00,1599.087,1606.3795,1598.0855,1604.025
2012-01-03T22:00:00+00:00,1603.975,1608.5945,1597.145,1599.725
2012-01-04T02:00:00+00:00,1599.745,1602.715,1593.0735,1598.944
2012-01-04T06:00:00+00:00,1598.9245,1613.5255,1597.7965,1607.3855
2012-01-04T10:00:00+00:00,1607.41,1608.621,1593.505,1595.16
2012-01-04T14:00:00+00:00,1595.1425,1616.915,1594.473,1616.54
2012-01-04T18:00:00+00:00,1616.515,1618.728,1610.3565,1612.115
2012-01-04T22:00:00+00:00,1612.0945,1614.45,1609.8785,1613.9695
2012-01-05T02:00:00+00:00,1613.983,1621.685,1613.983,1618.886
2012-01-05T06:00:00+00:00,1618.826,1625.712,1611.9595,1613.273
2012-01-05T10:00:00+00:00,1613.25,1616.568,1601.116,1603.9395
2012-01-05T14:00:00+00:00,1603.901,1617.324,1596.9195,1616.9595
2012-01-05T18:00:00+00:00,1616.9745,1625.102,1615.542,1622.75
2012-01-05T22:00:00+00:00,1622.768,1622.768,1617.0745,1620.5445
2012-01-06T02:00:00+00:00,1620.5295,1627.425,1620.0935,1624.005
2012-01-06T06:00:00+00:00,1624.0495,1628.276,1618.3235,1620.63
2012-01-06T10:00:00+00:00,1620.6855,1627.165,1617.0795,1622.1745
2012-01-06T14:00:00+00:00,1622.18,1631.072,1608.921,1617.126
2012-01-06T18:00:00+00:00,1617.15,1619.4735,1615.592,1617.017
2012-01-08T22:00:00+00:00,1616.3,1616.432,1607.17,1607.6235
2012-01-09T02:00:00+00:00,1607.6085,1612.2845,1605.2315,1611
2012-01-09T06:00:00+00:00,1611.143,1623.859,1610.61,1620.4
2012-01-09T10:00:00+00:00,1620.32,1621.1745,1612.5595,1620.457
2012-01-09T14:00:00+00:00,1620.4345,1622.406,1610.543,1611.9465
2012-01-09T18:00:00+00:00,1611.907,1612.846,1606.524,1611.175
2012-01-09T22:00:00+00:00,1611.152,1616.182,1606.8655,1614.8345
2012-01-10T02:00:00+00:00,1614.82,1621.675,1614.3165,1620.246
2012-01-10T06:00:00+00:00,1620.2675,1627.1195,1616.2945,1624.57
2012-01-10T10:00:00+00:00,1624.5925,1640.002,1622.7435,1636.47
2012-01-10T14:00:00+00:00,1636.5195,1640.3135,1630.7195,1633.0995
2012-01-10T18:00:00+00:00,1633.0845,1634.6945,1629.879,1632.6655
2012-01-10T22:00:00+00:00,1632.646,1636.05,1630.306,1634.245
2012-01-11T02:00:00+00:00,1634.215,1638.4495,1633.4845,1636.7845
2012-01-11T06:00:00+00:00,1636.77,1647.325,1636.0955,1645.38
2012-01-11T10:00:00+00:00,1645.3635,1645.511,1633.724,1639.0255
2012-01-11T14:00:00+00:00,1639.0105,1646.002,1634.721,1641.332
2012-01-11T18:00:00+00:00,1641.3295,1643.102,1636.8195,1641.74
2012-01-11T22:00:00+00:00,1641.76,1644.4915,1640.303,1642.7495
2012-01-12T02:00:00+00:00,1642.7395,1646.0445,1641.7545,1644.864
2012-01-12T06:00:00+00:00,1644.847,1650.702,1644.22,1649.6005
2012-01-12T10:00:00+00:00,1649.62,1658.1245,1649.62,1654.856
2012-01-12T14:00:00+00:00,1654.8755,1662.15,1650.5855,1652.8055
2012-01-12T18:00:00+00:00,1652.902,1653.0545,1643.961,1649.92
2012-01-12T22:00:00+00:00,1649.9005,1649.992,1641.3875,1643.5695
2012-01-13T02:00:00+00:00,1643.5115,1645.7545,1635.177,1645.215
2012-01-13T06:00:00+00:00,1645.1975,1649.0295,1640.285,1643.7665
2012-01-13T10:00:00+00:00,1643.82,1644.6385,1636.8755,1639.025
2012-01-13T14:00:00+00:00,1639.0075,1641.3545,1625.451,1633.71
2012-01-13T18:00:00+00:00,1633.696,1640.005,1629.4745,1638.893
2012-01-15T22:00:00+00:00,1638.362,1638.8045,1631.641,1635.482
2012-01-16T02:00:00+00:00,1635.468,1642.145,1635.4125,1639.921
2012-01-16T06:00:00+00:00,1639.936,1646.846,1638.573,1642.7515
2012-01-16T10:00:00+00:00,1642.7315,1647.1465,1640.296,1642.985
2012-01-16T14:00:00+00:00,1642.9295,1645.875,1640.903,1643.4005
2012-01-16T18:00:00+00:00,1643.49,1644.2815,1642.753,1643.4005
2012-01-16T22:00:00+00:00,1643.38,1653.6775,1640.954,1653.164
2012-01-17T02:00:00+00:00,1653.1615,1659.32,1653.056,1658.13
2012-01-17T06:00:00+00:00,1658.1515,1667.831,1657.9995,1664.746
2012-01-17T10:00:00+00:00,1664.788,1666.9385,1659.8215,1660.115
2012-01-17T14:00:00+00:00,1660.125,1662.4135,1653.2325,1656.4445
2012-01-17T18:00:00+00:00,1656.5515,1657.765,1650.348,1652.216
2012-01-17T22:00:00+00:00,1652.226,1656.097,1643.744,1647.628
2012-01-18T02:00:00+00:00,1647.638,1658.143,1645.539,1655.3085
2012-01-18T06:00:00+00:00,1655.3245,1659.575,1646.282,1652.5145
2012-01-18T10:00:00+00:00,1652.5245,1659.029,1647.2505,1647.631
2012-01-18T14:00:00+00:00,1647.65,1662.2785,1642.971,1660.266
2012-01-18T18:00:00+00:00,1660.2515,1662.474,1656.6245,1659.815
2012-01-18T22:00:00+00:00,1659.845,1664.0125,1656.079,1663.117
2012-01-19T02:00:00+00:00,1663.0925,1666.435,1661.8925,1662.516
2012-01-19T06:00:00+00:00,1662.531,1669.712,1660.71,1665.563
2012-01-19T10:00:00+00:00,1665.597,1665.831,1656.599,1657.8085
2012-01-19T14:00:00+00:00,1657.8125,1661.097,1649.331,1652.6225
2012-01-19T18:00:00+00:00,1652.5535,1658.953,1649.5795,1658.513
2012-01-19T22:00:00+00:00,1658.5,1658.6115,1654.104,1656.0565
2012-01-20T02:00:00+00:00,1656.043,1658.212,1653.6245,1655.7075
2012-01-20T06:00:00+00:00,1655.6705,1659.2335,1646.3155,1647.171
2012-01-20T10:00:00+00:00,1647.181,1652.9735,1645.146,1652.375
2012-01-20T14:00:00+00:00,1652.3835,1666.396,1648.9785,1663.4695
2012-01-20T18:00:00+00:00,1663.4415,1667.1355,1662.149,1666.465
2012-01-22T22:00:00+00:00,1666.2615,1668.5685,1662.9405,1668.4235
2012-01-23T02:00:00+00:00,1668.3985,1673.2745,1666.2075,1670.7075
2012-01-23T06:00:00+00:00,1670.691,1674.684,1666.7835,1673.689
2012-01-23T10:00:00+00:00,1673.6635,1677.5645,1668.9915,1670.4635
2012-01-23T14:00:00+00:00,1670.47,1681.6075,1666.4095,1675.2275
2012-01-23T18:00:00+00:00,1675.288,1678.702,1673.869,1676.615
2012-01-23T22:00:00+00:00,1676.589,1679.8285,1675.6245,1676.545
2012-01-24T02:00:00+00:00,1676.545,1678.1095,1671.1595,1674.8075
2012-01-24T06:00:00+00:00,1674.8225,1677.9085,1668.8295,1669.5005
2012-01-24T10:00:00+00:00,1669.461,1671.069,1662.4605,1663.618
2012-01-24T14:00:00+00:00,1663.5765,1670.1275,1661.6335,1667.326
2012-01-24T18:00:00+00:00,1667.32,1668.445,1662.812,1665.28
2012-01-24T22:00:00+00:00,1665.374,1668.6635,1664.696,1666.1975
2012-01-25T02:00:00+00:00,1666.159,1667.5105,1664.52,1667.1525
2012-01-25T06:00:00+00:00,1667.1715,1670.3245,1659.731,1659.7555
2012-01-25T10:00:00+00:00,1659.7245,1661.47,1652.954,1654.966
2012-01-25T14:00:00+00:00,1654.8065,1691.1025,1649.237,1690.202
2012-01-25T18:00:00+00:00,1690.1705,1713.206,1689.215,1710.84
2012-01-25T22:00:00+00:00,1710.78,1713.8915,1705.9615,1707.823
2012-01-26T02:00:00+00:00,1707.773,1713.2715,1707.763,1709.503
2012-01-26T06:00:00+00:00,1709.539,1714.767,1703.482,1712.908
2012-01-26T10:00:00+00:00,1712.917,1730.1,1712.82,1729.481
2012-01-26T14:00:00+00:00,1729.448,1730.495,1719.357,1724.7975
2012-01-26T18:00:00+00:00,1724.737,1728.3125,1719.825,1720.002
2012-01-26T22:00:00+00:00,1720.039,1723.5775,1716.7655,1717.832
2012-01-27T02:00:00+00:00,1717.857,1724.3485,1714.4505,1718.653
2012-01-27T06:00:00+00:00,1718.7485,1725.6205,1716.5365,1723.4185
2012-01-27T10:00:00+00:00,1723.2265,1726.602,1717.847,1718.2435
2012-01-27T14:00:00+00:00,1718.1905,1735.3325,1717.867,1733.0165
2012-01-27T18:00:00+00:00,1733.0055,1739.5465,1731.549,1738.803
2012-01-29T22:00:00+00:00,1737.475,1740.0255,1731.819,1734.043
2012-01-30T02:00:00+00:00,1734.062,1736.3245,1730.1485,1731.182
2012-01-30T06:00:00+00:00,1731.218,1731.722,1716.4525,1721.412
2012-01-30T10:00:00+00:00,1721.433,1728.99,1718.0995,1724.474
2012-01-30T14:00:00+00:00,1724.623,1733.7565,1723.745,1730.658
2012-01-30T18:00:00+00:00,1730.6865,1732.1245,1727.4975,1729.75
2012-01-30T22:00:00+00:00,1729.785,1736.724,1728.3835,1736.0985
2012-01-31T02:00:00+00:00,1736.007,1737.702,1733.8135,1736.5335
2012-01-31T06:00:00+00:00,1736.562,1745.17,1735.68,1742.716
2012-01-31T10:00:00+00:00,1742.6915,1745.9745,1736.627,1744.734
2012-01-31T14:00:00+00:00,1744.7245,1747.8,1727.237,1731.082
2012-01-31T18:00:00+00:00,1731.171,1741.4065,1730.462,1737.605
2012-01-31T22:00:00+00:00,1737.57,1740.405,1734.745,1738.153
2012-02-01T02:00:00+00:00,1738.168,1740.651,1736.037,1737.8545
2012-02-01T06:00:00+00:00,1737.772,1748.502,1732.7265,1748.2915
2012-02-01T10:00:00+00:00,1748.3035,1751.334,1743.934,1746.2065
2012-02-01T14:00:00+00:00,1746.3235,1750.6315,1739.6265,1745.27
2012-02-01T18:00:00+00:00,1745.321,1747.679,1742.432,1743.775
2012-02-01T22:00:00+00:00,1743.8105,1752.0895,1742.542,1749.766
2012-02-02T02:00:00+00:00,1749.77,1750.502,1744.218,1746.649
2012-02-02T06:00:00+00:00,1746.529,1753.497,1745.0385,1748.312
2012-02-02T10:00:00+00:00,1748.3145,1749.8295,1741.1585,1747.48
2012-02-02T14:00:00+00:00,1747.4635,1761.0095,1745.2865,1755.271
2012-02-02T18:00:00+00:00,1755.253,1761.202,1753.115,1759.46
2012-02-02T22:00:00+00:00,1759.3,1759.534,1755.8075,1756.7555
2012-02-03T02:00:00+00:00,1756.7835,1758.586,1755.234,1758.135
2012-02-03T06:00:00+00:00,1758.166,1763.3615,1756.7025,1760.8995
2012-02-03T10:00:00+00:00,1760.9155,1762.156,1746.645,1752.2815
2012-02-03T14:00:00+00:00,1752.298,1755.767,1733.1755,1738.9715
2012-02-03T18:00:00+00:00,1738.969,1740.285,1723.9275,1726.13
2012-02-05T22:00:00+00:00,1724.925,1735.9835,1724.4895,1734.7875
2012-02-06T02:00:00+00:00,1734.7695,1738.2345,1732.655,1734.9255
2012-02-06T06:00:00+00:00,1734.9415,1734.9625,1713.918,1715.407
2012-02-06T10:00:00+00:00,1715.34,1722.166,1712.022,1716.1255
2012-02-06T14:00:00+00:00,1716.152,1725.3335,1714.579,1722.42
2012-02-06T18:00:00+00:00,1722.2665,1723.7745,1719.501,1720.2595
2012-02-06T22:00:00+00:00,1720.26,1724.551,1718.3,1724.149
2012-02-07T02:00:00+00:00,1724.069,1724.378,1719.1695,1721.666
2012-02-07T06:00:00+00:00,1721.6665,1729.902,1721.3195,1722.9615
2012-02-07T10:00:00+00:00,1722.947,1724.3535,1710.266,1719.419
2012-02-07T14:00:00+00:00,1719.449,1747.7365,1718.8085,1746.448
2012-02-07T18:00:00+00:00,1746.449,1750.007,1742.878,1745.29
2012-02-07T22:00:00+00:00,1745.4,1749.5055,1742.616,1747.712
2012-02-08T02:00:00+00:00,1747.652,1749.076,1745.0515,1748.6
2012-02-08T06:00:00+00:00,1748.6275,1752.217,1743.557,1744.915
2012-02-08T10:00:00+00:00,1744.867,1748.409,1739.9945,1740.3745
2012-02-08T14:00:00+00:00,1740.398,1748.712,1727.9395,1734.318
2012-02-08T18:00:00+00:00,1734.274,1734.466,1725.16,1733.15
2012-02-08T22:00:00+00:00,1733.12,1734.29,1726.017,1729.6945
2012-02-09T02:00:00+00:00,1729.627,1736.686,1729.1975,1735.4355
2012-02-09T06:00:00+00:00,1735.317,1739.797,1730.52,1734.93
2012-02-09T10:00:00+00:00,1734.915,1739.553,1729.0525,1735.1545
2012-02-09T14:00:00+00:00,1735.1365,1751.8495,1734.4945,1739.266
2012-02-09T18:00:00+00:00,1739.438,1740.3575,1725.9975,1729.21
2012-02-09T22:00:00+00:00,1729.236,1734.764,1728.335,1733.2685
2012-02-10T02:00:00+00:00,1733.287,1733.914,1730.547,1732.746
2012-02-10T06:00:00+00:00,1732.723,1733.096,1715.1265,1720.709
2012-02-10T10:00:00+00:00,1720.689,1723.7435,1704.8415,1710.984
2012-02-10T14:00:00+00:00,1710.9595,1724.451,1709.7585,1721.7865
2012-02-10T18:00:00+00:00,1721.808,1724.427,1714.595,1721.76
2012-02-12T22:00:00+00:00,1721.2305,1728.944,1720.3785,1724.964
2012-02-13T02:00:00+00:00,1724.9415,1730.203,1724.9075,1727.263
2012-02-13T06:00:00+00:00,1727.283,1733.4535,1726.593,1729.377
2012-02-13T10:00:00+00:00,1729.3455,1732.6715,1722.376,1722.9265
2012-02-13T14:00:00+00:00,1723.113,1727.8205,1716.2595,1723.187
2012-02-13T18:00:00+00:00,1723.204,1725.2085,1721.958,1722.3
2012-02-13T22:00:00+00:00,1722.2115,1722.714,1717.7815,1719.1
2012-02-14T02:00:00+00:00,1719.0785,1719.298,1714.9465,1716.9605
2012-02-14T06:00:00+00:00,1716.934,1719.733,1712.719,1718.201
2012-02-14T10:00:00+00:00,1718.221,1722.4815,1712.198,1718.1455
2012-02-14T14:00:00+00:00,1718.202,1727.8595,1714.484,1716.046
2012-02-14T18:00:00+00:00,1716.055,1721.3925,1712.798,1720.3165
2012-02-14T22:00:00+00:00,1720.235,1724.0175,1718.5595,1721.7815
2012-02-15T02:00:00+00:00,1721.808,1727.2195,1720.869,1727.041
2012-02-15T06:00:00+00:00,1727.0205,1730.033,1725.866,1727.7335
2012-02-15T10:00:00+00:00,1727.5815,1732.562,1723.887,1731.469
2012-02-15T14:00:00+00:00,1731.442,1737.4935,1726.947,1727.6155
2012-02-15T18:00:00+00:00,1727.594,1729.7285,1720.7005,1728.2
2012-02-15T22:00:00+00:00,1728.25,1729.3835,1722.162,1724.3705
2012-02-16T02:00:00+00:00,1724.397,1724.456,1719.7445,1720.534
2012-02-16T06:00:00+00:00,1720.508,1722.6035,1714.059,1717.9005
2012-02-16T10:00:00+00:00,1717.889,1720.3455,1705.452,1708.8485
2012-02-16T14:00:00+00:00,1708.8525,1725.76,1708.3065,1722.253
2012-02-16T18:00:00+00:00,1722.357,1730.035,1721.377,1728.205
2012-02-16T22:00:00+00:00,1728.22,1733.841,1726.873,1732.0575
2012-02-17T02:00:00+00:00,1732.1025,1734.105,1730.892,1733.287
2012-02-17T06:00:00+00:00,1733.3215,1735.0705,1730.9185,1732.3555
2012-02-17T10:00:00+00:00,1732.3365,1735.623,1729.7165,1733.5795
2012-02-17T14:00:00+00:00,1733.7105,1734.668,1717.375,1721.569
2012-02-17T18:00:00+00:00,1721.544,1725.502,1721.044,1723.355
2012-02-19T22:00:00+00:00,1722.821,1737.251,1722.799,1736.758
2012-02-20T02:00:00+00:00,1736.733,1737.3385,1734.21,1735.4495
2012-02-20T06:00:00+00:00,1735.463,1735.792,1728.6735,1732.713
2012-02-20T10:00:00+00:00,1732.7335,1736.437,1729.034,1734.105
2012-02-20T14:00:00+00:00,1734.131,1735.2015,1731.941,1734.346
2012-02-20T18:00:00+00:00,1734.367,1734.9,1733.3215,1733.5
2012-02-20T22:00:00+00:00,1733.529,1736.6205,1731.148,1734.766
2012-02-21T02:00:00+00:00,1734.787,1740.263,1732.228,1739.6965
2012-02-21T06:00:00+00:00,1739.718,1743.318,1738.4975,1740.3
2012-02-21T10:00:00+00:00,1740.33,1748.611,1736.252,1745.61
2012-02-21T14:00:00+00:00,1745.635,1756.743,1744.4775,1751.829
2012-02-21T18:00:00+00:00,1751.794,1760.2125,1751.633,1759.45
2012-02-21T22:00:00+00:00,1759.425,1760.245,1754.4625,1755.3735
2012-02-22T02:00:00+00:00,1755.365,1757.086,1754.3545,1756.056
2012-02-22T06:00:00+00:00,1756.028,1759.7025,1752.5655,1754.712
2012-02-22T10:00:00+00:00,1754.7095,1757.6315,1749.52,1753.353
2012-02-22T14:00:00+00:00,1753.225,1758.2535,1750.9625,1757.346
2012-02-22T18:00:00+00:00,1757.321,1781.8125,1757.002,1776.375
2012-02-22T22:00:00+00:00,1776.35,1776.785,1773.6725,1775.102
2012-02-23T02:00:00+00:00,1775.144,1775.3445,1772.88,1773.348
2012-02-23T06:00:00+00:00,1773.328,1781.0515,1772.3915,1779.5095
2012-02-23T10:00:00+00:00,1779.4785,1784.959,1774.3735,1782.473
2012-02-23T14:00:00+00:00,1782.537,1787.502,1772.767,1786.386
2012-02-23T18:00:00+00:00,1786.2865,1787.46,1776.854,1780.7305
2012-02-23T22:00:00+00:00,1780.701,1780.701,1777.157,1777.467
2012-02-24T02:00:00+00:00,1777.4985,1782.229,1776.791,1776.846
2012-02-24T06:00:00+00:00,1776.827,1782.987,1774.907,1781.233
2012-02-24T10:00:00+00:00,1781.187,1782.6195,1775.4125,1779.6185
2012-02-24T14:00:00+00:00,1779.6815,1780.6755,1772.7545,1774.316
2012-02-24T18:00:00+00:00,1774.335,1778.019,1770.591,1772.28
2012-02-26T22:00:00+00:00,1771.92,1778.45,1771.92,1777.99
2012-02-27T02:00:00+00:00,1777.883,1778.443,1773.5465,1773.912
2012-02-27T06:00:00+00:00,1773.962,1774.888,1766.74,1768.038
2012-02-27T10:00:00+00:00,1767.9595,1772.416,1762.135,1772.416
2012-02-27T14:00:00+00:00,1772.4065,1779.5395,1767.989,1775.815
2012-02-27T18:00:00+00:00,1775.902,1776.1295,1765.9945,1767.58
2012-02-27T22:00:00+00:00,1767.713,1769.584,1765.9975,1767.1185
2012-02-28T02:00:00+00:00,1767.143,1772.268,1766.8725,1772.2105
2012-02-28T06:00:00+00:00,1772.2345,1777.3515,1771.7665,1774.387
2012-02-28T10:00:00+00:00,1774.3225,1783.168,1774.0715,1780.221
2012-02-28T14:00:00+00:00,1780.238,1789.802,1776.456,1786.862
2012-02-28T18:00:00+00:00,1786.8025,1789.1025,1780.115,1784.18
2012-02-28T22:00:00+00:00,1784.155,1787.696,1782.7975,1786.0585
2012-02-29T02:00:00+00:00,1786.0965,1790.5315,1785.666,1787.4245
2012-02-29T06:00:00+00:00,1787.442,1789.279,1783.73,1786.1415
2012-02-29T10:00:00+00:00,1786.0865,1790.8045,1780.7655,1780.7655
2012-02-29T14:00:00+00:00,1780.7325,1786.3455,1711.048,1721.95
2012-02-29T18:00:00+00:00,1721.9505,1726.9685,1688.936,1696.864
2012-02-29T22:00:00+00:00,1696.951,1720.284,1693.5455,1719.059
2012-03-01T02:00:00+00:00,1718.989,1725.194,1717.7035,1720.699
2012-03-01T06:00:00+00:00,1720.716,1724.719,1713.27,1719.939
2012-03-01T10:00:00+00:00,1719.926,1721.8635,1702.187,1706.3565
2012-03-01T14:00:00+00:00,1706.3755,1724.9265,1705.8395,1717.8365
2012-03-01T18:00:00+00:00,1717.8735,1725.958,1714.798,1718.1695
2012-03-01T22:00:00+00:00,1718.1015,1723.161,1716.9,1722.136
2012-03-02T02:00:00+00:00,1722.224,1724.276,1718.7915,1719.97
2012-03-02T06:00:00+00:00,1719.995,1720.817,1711.939,1713.302
2012-03-02T10:00:00+00:00,1713.242,1718.056,1705.9745,1712.88
2012-03-02T14:00:00+00:00,1712.865,1716.929,1705.498,1711.212
2012-03-02T18:00:00+00:00,1711.0465,1714.423,1707.393,1712.525
2012-03-04T22:00:00+00:00,1711.299,1716.912,1710.194,1714.701
2012-03-05T02:00:00+00:00,1714.663,1715.284,1711.553,1712.198
2012-03-05T06:00:00+00:00,1712.318,1712.4735,1694.9275,1696.0215
2012-03-05T10:00:00+00:00,1696.013,1705.7335,1695.2345,1704.5875
2012-03-05T14:00:00+00:00,1704.665,1710.131,1694.875,1698.703
2012-03-05T18:00:00+00:00,1698.6955,1707.709,1696.8505,1706.335
2012-03-05T22:00:00+00:00,1706.355,1709.0925,1702.837,1705.043
2012-03-06T02:00:00+00:00,1705.023,1705.937,1700.093,1702.3485
2012-03-06T06:00:00+00:00,1702.22,1703.3205,1690.697,1691.6825
2012-03-06T10:00:00+00:00,1691.6755,1693.133,1678.8735,1680.613
2012-03-06T14:00:00+00:00,1680.631,1680.631,1664.002,1667.124
2012-03-06T18:00:00+00:00,1666.99,1675.002,1665.669,1674.514
2012-03-06T22:00:00+00:00,1674.3245,1678.473,1672.079,1677.265
2012-03-07T02:00:00+00:00,1677.285,1678.821,1674.9295,1676.192
2012-03-07T06:00:00+00:00,1676.2925,1677.5555,1671.297,1677.3755
2012-03-07T10:00:00+00:00,1677.3665,1682.8815,1676.877,1678.236
2012-03-07T14:00:00+00:00,1678.259,1687.143,1672.917,1682.75
2012-03-07T18:00:00+00:00,1682.7675,1688.32,1681.7955,1684.87
2012-03-07T22:00:00+00:00,1684.7,1686.7425,1682.553,1684.259
2012-03-08T02:00:00+00:00,1684.278,1688.9485,1683.857,1688.52
2012-03-08T06:00:00+00:00,1688.569,1703.761,1686.8915,1701.142
2012-03-08T10:00:00+00:00,1701.1735,1704.063,1693.8775,1694.8135
2012-03-08T14:00:00+00:00,1694.788,1698.8205,1689.058,1698.1975
2012-03-08T18:00:00+00:00,1698.208,1703.9265,1696.0245,1700.08
2012-03-08T22:00:00+00:00,1700.0545,1702.131,1698.172,1701.178
2012-03-09T02:00:00+00:00,1701.134,1706.913,1701.134,1704.3835
2012-03-09T06:00:00+00:00,1704.3715,1706.3535,1697.138,1698.9705
2012-03-09T10:00:00+00:00,1698.927,1702.266,1681.076,1683.227
2012-03-09T14:00:00+00:00,1683.257,1714.002,1676.8235,1711.795
2012-03-09T18:00:00+00:00,1711.81,1715,1710.206,1713.8915
2012-03-11T21:00:00+00:00,1713.739,1716.68,1709.6125,1712.257
2012-03-12T01:00:00+00:00,1712.2715,1713.279,1704.837,1704.837
2012-03-12T05:00:00+00:00,1704.8735,1707.1905,1702.49,1704.2255
2012-03-12T09:00:00+00:00,1704.255,1708.327,1694.7765,1698.9685
2012-03-12T13:00:00+00:00,1699.0175,1704.3295,1692.9255,1698.561
2012-03-12T17:00:00+00:00,1698.498,1701.838,1698.086,1701.403
2012-03-12T21:00:00+00:00,1701.378,1703.172,1698.4605,1702.476
2012-03-13T01:00:00+00:00,1702.444,1705.8155,1701.912,1703.971
2012-03-13T05:00:00+00:00,1703.9685,1705.5065,1696.8145,1696.964
2012-03-13T09:00:00+00:00,1696.981,1700.53,1685.14,1687.6105
2012-03-13T13:00:00+00:00,1687.6615,1701.673,1683.498,1695.856
2012-03-13T17:00:00+00:00,1695.9025,1698.1595,1662.8755,1673.499
2012-03-13T21:00:00+00:00,1673.527,1677.669,1673.1,1677.2765
2012-03-14T01:00:00+00:00,1677.2995,1682.432,1674.772,1679.952
2012-03-14T05:00:00+00:00,1679.9325,1680.677,1663.8365,1666.1655
2012-03-14T09:00:00+00:00,1666.204,1668.72,1639.864,1644.961
2012-03-14T13:00:00+00:00,1644.921,1652.6925,1641.4805,1648.318
2012-03-14T17:00:00+00:00,1648.3485,1649.97,1634.639,1644.637
2012-03-14T21:00:00+00:00,1644.56,1644.7,1636.287,1636.3935
2012-03-15T01:00:00+00:00,1636.502,1648.356,1636.209,1641.229
2012-03-15T05:00:00+00:00,1641.245,1649.098,1641.208,1647.601
2012-03-15T09:00:00+00:00,1647.69,1650.483,1639.728,1645.65
2012-03-15T13:00:00+00:00,1645.794,1658.0065,1639.867,1656.902
2012-03-15T17:00:00+00:00,1656.814,1666.674,1655.8415,1658.3305
2012-03-15T21:00:00+00:00,1658.361,1658.789,1655.559,1657.2495
2012-03-16T01:00:00+00:00,1657.2395,1664.164,1656.5545,1659.373
2012-03-16T05:00:00+00:00,1659.393,1664.873,1651.7685,1653.4775
2012-03-16T09:00:00+00:00,1653.4365,1655.0855,1639.707,1646.517
2012-03-16T13:00:00+00:00,1646.6025,1662.3015,1643.248,1654.941
2012-03-16T17:00:00+00:00,1654.925,1660.6475,1654.452,1659.85
2012-03-18T21:00:00+00:00,1659.129,1661.762,1657.041,1660.082
2012-03-19T01:00:00+00:00,1660.102,1665.028,1658.7505,1662.2315
2012-03-19T05:00:00+00:00,1662.258,1663.995,1653.56,1655.6
2012-03-19T09:00:00+00:00,1655.45,1658.7385,1652.3975,1656.873
2012-03-19T13:00:00+00:00,1656.847,1669.102,1654.335,1665.236
2012-03-19T17:00:00+00:00,1665.3025,1667.8085,1661.8555,1664.367
2012-03-19T21:00:00+00:00,1664.3405,1664.838,1662.115,1664.06
2012-03-20T01:00:00+00:00,1664.0865,1664.456,1655.649,1657.312
2012-03-20T05:00:00+00:00,1657.3355,1657.6265,1648.4565,1652.162
2012-03-20T09:00:00+00:00,1652.129,1653.2235,1641.823,1646.9635
2012-03-20T13:00:00+00:00,1646.9345,1657.897,1645.683,1654.0195
2012-03-20T17:00:00+00:00,1654.0195,1654.524,1644.8975,1650.9705
2012-03-20T21:00:00+00:00,1650.954,1655.047,1648.219,1654.767
2012-03-21T01:00:00+00:00,1654.764,1656.734,1651.43,1652.717
2012-03-21T05:00:00+00:00,1652.7445,1660.2405,1649.345,1658.339
2012-03-21T09:00:00+00:00,1658.4045,1658.693,1646.726,1651.401
2012-03-21T13:00:00+00:00,1651.443,1662.0025,1648.64,1650.397
2012-03-21T17:00:00+00:00,1650.367,1653.7565,1648.77,1650.4675
2012-03-21T21:00:00+00:00,1650.5995,1652.703,1648.7775,1652.351
2012-03-22T01:00:00+00:00,1652.369,1656.452,1647.298,1649.018
2012-03-22T05:00:00+00:00,1648.997,1652.7385,1638.5155,1641.1675
2012-03-22T09:00:00+00:00,1641.202,1641.963,1632.498,1636.246
2012-03-22T13:00:00+00:00,1636.186,1642.484,1628.2845,1639.123
2012-03-22T17:00:00+00:00,1639.1515,1646.971,1636.448,1646.011
2012-03-22T21:00:00+00:00,1646.034,1647.713,1643.6655,1647.381
2012-03-23T01:00:00+00:00,1647.443,1648.9535,1644.562,1645.998
2012-03-23T05:00:00+00:00,1646.12,1654.885,1642.262,1653.243
2012-03-23T09:00:00+00:00,1653.239,1655.349,1646.6565,1652.776
2012-03-23T13:00:00+00:00,1652.799,1666.1995,1652.5165,1662.758
2012-03-23T17:00:00+00:00,1662.726,1666.6535,1661.114,1661.8
2012-03-25T22:00:00+01:00,1661.42,1669.5995,1661.42,1665.622
2012-03-26T02:00:00+01:00,1665.652,1665.652,1660.8165,1661.818
2012-03-26T06:00:00+01:00,1661.8015,1665.702,1655.704,1658.321
2012-03-26T10:00:00+01:00,1658.299,1684.101,1656.667,1680.0155
2012-03-26T14:00:00+01:00,1680.001,1688.305,1677.625,1684.182
2012-03-26T18:00:00+01:00,1684.223,1693.702,1684.1865,1690.192
2012-03-26T22:00:00+01:00,1690.189,1690.8605,1687.949,1690.061
2012-03-27T02:00:00+01:00,1690.062,1690.068,1686.6245,1688.6245
2012-03-27T06:00:00+01:00,1688.6135,1694.3125,1687.499,1691.8075
2012-03-27T10:00:00+01:00,1691.7975,1696.463,1684.717,1693.01
2012-03-27T14:00:00+01:00,1693.031,1696.773,1681.6945,1684.7865
2012-03-27T18:00:00+01:00,1684.813,1686.662,1679.7775,1680.709
2012-03-27T22:00:00+01:00,1680.7085,1682.172,1678.147,1681.3145
2012-03-28T02:00:00+01:00,1681.305,1681.7285,1677.021,1677.058
2012-03-28T06:00:00+01:00,1677.0385,1684.4635,1673.959,1678.6975
2012-03-28T10:00:00+01:00,1678.7545,1679.87,1671.517,1673.559
2012-03-28T14:00:00+01:00,1673.582,1677.825,1662.727,1665.008
2012-03-28T18:00:00+01:00,1665.028,1665.389,1654.6935,1663.412
2012-03-28T22:00:00+01:00,1663.392,1665.1475,1660.8945,1662.6665
2012-03-29T02:00:00+01:00,1662.6835,1662.7875,1658.612,1659.505
2012-03-29T06:00:00+01:00,1659.489,1664.0605,1656.737,1660.0055
2012-03-29T10:00:00+01:00,1660.0325,1662.4835,1654.9945,1662.422
2012-03-29T14:00:00+01:00,1662.397,1663.7465,1645.353,1651.1965
2012-03-29T18:00:00+01:00,1651.238,1662.757,1650.745,1661.637
2012-03-29T22:00:00+01:00,1661.5515,1663.379,1660.0665,1662.527
2012-03-30T02:00:00+01:00,1662.497,1663.9285,1660.137,1661.4665
2012-03-30T06:00:00+01:00,1661.4855,1666.8665,1660.642,1662.9685
2012-03-30T10:00:00+01:00,1662.991,1669.783,1660.881,1665.7625
2012-03-30T14:00:00+01:00,1665.7605,1669.323,1660.1535,1667.337
2012-03-30T18:00:00+01:00,1667.207,1671.073,1664.731,1668.425
2012-04-01T22:00:00+01:00,1667.621,1674.723,1667.609,1670.825
2012-04-02T02:00:00+01:00,1670.846,1671.254,1667.788,1668.712
2012-04-02T06:00:00+01:00,1668.69,1671.258,1662.9985,1664.721
2012-04-02T10:00:00+01:00,1664.739,1669.973,1663.366,1669.125
2012-04-02T14:00:00+01:00,1669.0725,1683.588,1665.8355,1679.641
2012-04-02T18:00:00+01:00,1679.723,1680.3025,1675.721,1677.554
2012-04-02T22:00:00+01:00,1677.576,1680.11,1675.622,1679.427
2012-04-03T02:00:00+01:00,1679.4175,1680.7275,1677.266,1678.462
2012-04-03T06:00:00+01:00,1678.481,1680.323,1675.039,1675.538
2012-04-03T10:00:00+01:00,1675.485,1678.907,1671.836,1676.4315
2012-04-03T14:00:00+01:00,1676.3975,1681.08,1667.4285,1675.327
2012-04-03T18:00:00+01:00,1675.389,1675.787,1639.294,1645.836
2012-04-03T22:00:00+01:00,1645.811,1648.103,1643.618,1647.1505
2012-04-04T02:00:00+01:00,1647.092,1648.093,1640.944,1643.256
2012-04-04T06:00:00+01:00,1643.281,1645.1525,1630.336,1632.119
2012-04-04T10:00:00+01:00,1632.1305,1636.333,1618.447,1622.059
2012-04-04T14:00:00+01:00,1622.0895,1626.9045,1613.1955,1618.576
2012-04-04T18:00:00+01:00,1618.527,1623.302,1612.4975,1620.599
2012-04-04T22:00:00+01:00,1620.624,1623.8945,1618.687,1621.6275
2012-04-05T02:00:00+01:00,1621.6095,1625.6315,1621.275,1623.9625
2012-04-05T06:00:00+01:00,1623.982,1630.302,1623.191,1627.89
2012-04-05T10:00:00+01:00,1627.72,1627.854,1620.444,1623.375
2012-04-05T14:00:00+01:00,1623.24,1633.6025,1622.825,1627.966
2012-04-05T18:00:00+01:00,1628.057,1631.577,1626.7975,1631.15
2012-04-05T22:00:00+01:00,1631.125,1631.807,1628.933,1631.548
2012-04-06T02:00:00+01:00,1631.512,1632,1628.6,1629.9
2012-04-06T06:00:00+01:00,1629.8,1633.374,1627.6,1630.2
2012-04-06T10:00:00+01:00,1630.2,1642.1665,1629.869,1642
2012-04-06T14:00:00+01:00,1641.964,1641.964,1636.9645,1637.27
2012-04-06T18:00:00+01:00,1637.234,1638.756,1636.984,1638.584
2012-04-08T22:00:00+01:00,1630.17,1647.046,1630.1695,1639.626
2012-04-09T02:00:00+01:00,1639.618,1641.862,1635.6585,1641.69
2012-04-09T06:00:00+01:00,1641.712,1644.9095,1640.414,1641.161
2012-04-09T10:00:00+01:00,1641.211,1647.357,1639.347,1646.501
2012-04-09T14:00:00+01:00,1646.528,1648.852,1636.57,1645.388
2012-04-09T18:00:00+01:00,1645.407,1646.182,1640.081,1640.2145
2012-04-09T22:00:00+01:00,1640.2025,1647.556,1639.619,1647.133
2012-04-10T02:00:00+01:00,1647.098,1654.6565,1645.5,1652.248
2012-04-10T06:00:00+01:00,1652.2665,1653.9635,1644.4125,1645.853
2012-04-10T10:00:00+01:00,1645.834,1650.355,1641.675,1645.998
2012-04-10T14:00:00+01:00,1646.001,1657.8855,1632.0625,1656.7895
2012-04-10T18:00:00+01:00,1656.769,1663.05,1654.239,1660.08
2012-04-10T22:00:00+01:00,1660.057,1660.15,1655.5975,1656.3895
2012-04-11T02:00:00+01:00,1656.3735,1657.4255,1653.65,1656.578
2012-04-11T06:00:00+01:00,1656.598,1660.9165,1654.524,1655.5885
2012-04-11T10:00:00+01:00,1655.565,1660.138,1653.0475,1658.584
2012-04-11T14:00:00+01:00,1658.5635,1662.6125,1655.4045,1659.279
2012-04-11T18:00:00+01:00,1659.316,1660.2055,1655.851,1658.84
2012-04-11T22:00:00+01:00,1658.82,1660.5565,1656.8835,1659.119
2012-04-12T02:00:00+01:00,1659.101,1659.616,1656.098,1657.9525
2012-04-12T06:00:00+01:00,1657.948,1660.372,1655.502,1656.158
2012-04-12T10:00:00+01:00,1656.118,1657.3185,1651.355,1654.49
2012-04-12T14:00:00+01:00,1654.516,1676.6145,1652.9415,1675.0025
2012-04-12T18:00:00+01:00,1674.972,1680.1135,1674.9325,1675.703
2012-04-12T22:00:00+01:00,1675.689,1677.072,1674.241,1675.8685
2012-04-13T02:00:00+01:00,1675.8075,1676.513,1671.898,1674.144
2012-04-13T06:00:00+01:00,1674.154,1678.0165,1670.6695,1671.16
2012-04-13T10:00:00+01:00,1671.244,1676.444,1667.3675,1671.589
2012-04-13T14:00:00+01:00,1671.6155,1672.7355,1662.4975,1666.819
2012-04-13T18:00:00+01:00,1666.846,1666.846,1649.398,1658.052
2012-04-15T22:00:00+01:00,1657.476,1657.476,1649.5495,1653.51
2012-04-16T02:00:00+01:00,1653.494,1653.803,1644.708,1645.268
2012-04-16T06:00:00+01:00,1645.288,1648.539,1641.388,1645.8545
2012-04-16T10:00:00+01:00,1645.865,1654.002,1645.216,1651.538
2012-04-16T14:00:00+01:00,1651.562,1657.7025,1645.444,1649.752
2012-04-16T18:00:00+01:00,1649.77,1652.6105,1647.55,1651.927
2012-04-16T22:00:00+01:00,1651.951,1652.904,1650.66,1651.458
2012-04-17T02:00:00+01:00,1651.474,1651.542,1648.0365,1648.528
2012-04-17T06:00:00+01:00,1648.509,1653.762,1645.4525,1652.01
2012-04-17T10:00:00+01:00,1651.991,1656.873,1651.014,1652.2745
2012-04-17T14:00:00+01:00,1652.255,1656.97,1634.743,1652.048
2012-04-17T18:00:00+01:00,1652.025,1652.216,1648.9525,1649.195
2012-04-17T22:00:00+01:00,1649.3495,1651.625,1648.885,1650.276
2012-04-18T02:00:00+01:00,1650.3125,1653.4825,1649.766,1652.2135
2012-04-18T06:00:00+01:00,1652.1825,1654.493,1646.9075,1647.3275
2012-04-18T10:00:00+01:00,1647.3425,1648.992,1638.535,1639.4825
2012-04-18T14:00:00+01:00,1639.4605,1648.782,1638.024,1639.7635
2012-04-18T18:00:00+01:00,1639.803,1642.309,1638.1875,1642.309
2012-04-18T22:00:00+01:00,1642.303,1642.957,1640.692,1641.903
2012-04-19T02:00:00+01:00,1641.913,1642.432,1636.8975,1638.2145
2012-04-19T06:00:00+01:00,1638.233,1647.019,1637.6875,1643.187
2012-04-19T10:00:00+01:00,1643.063,1644.4385,1631.406,1636.1225
2012-04-19T14:00:00+01:00,1636.098,1653.702,1635.904,1639.879
2012-04-19T18:00:00+01:00,1639.85,1643.233,1638.695,1642.773
2012-04-19T22:00:00+01:00,1642.775,1643.04,1640.8,1641.549
2012-04-20T02:00:00+01:00,1641.534,1644.921,1640.937,1643.904
2012-04-20T06:00:00+01:00,1643.9135,1646.803,1640.736,1641.269
2012-04-20T10:00:00+01:00,1641.2735,1647.0235,1640.1075,1642.6985
2012-04-20T14:00:00+01:00,1642.685,1646.502,1638.6575,1642.928
2012-04-20T18:00:00+01:00,1642.906,1643.802,1640.5735,1643
2012-04-22T22:00:00+01:00,1642.18,1643.39,1640.052,1640.872
2012-04-23T02:00:00+01:00,1640.868,1643.305,1640.5975,1642.214
2012-04-23T06:00:00+01:00,1642.28,1642.64,1631.932,1633.402
2012-04-23T10:00:00+01:00,1633.2985,1634.8185,1623.598,1627.7845
2012-04-23T14:00:00+01:00,1627.8085,1633.276,1625.316,1632.291
2012-04-23T18:00:00+01:00,1632.312,1639.302,1630.827,1638.71
2012-04-23T22:00:00+01:00,1638.686,1638.686,1636.2805,1637.6285
2012-04-24T02:00:00+01:00,1637.6205,1638.752,1635.261,1636.4025
2012-04-24T06:00:00+01:00,1636.4175,1640.512,1634.139,1636.806
2012-04-24T10:00:00+01:00,1636.783,1644.143,1636.586,1642.45
2012-04-24T14:00:00+01:00,1642.4175,1649.328,1640.797,1641.5285
2012-04-24T18:00:00+01:00,1641.4625,1644.1365,1640.5975,1642.145
2012-04-24T22:00:00+01:00,1642.142,1643.173,1640.512,1642.758
2012-04-25T02:00:00+01:00,1642.742,1643.029,1640.9925,1642.0485
2012-04-25T06:00:00+01:00,1642.03,1644.3625,1641.1565,1642.8
2012-04-25T10:00:00+01:00,1642.8205,1643.682,1636.7335,1640.024
2012-04-25T14:00:00+01:00,1640.003,1644.654,1625.44,1632.705
2012-04-25T18:00:00+01:00,1632.73,1646.4025,1632.667,1643.741
2012-04-25T22:00:00+01:00,1643.7305,1644.958,1642.09,1643.672
2012-04-26T02:00:00+01:00,1643.554,1648.5315,1643.2665,1646.502
2012-04-26T06:00:00+01:00,1646.455,1653.364,1645.768,1648.9295
2012-04-26T10:00:00+01:00,1648.9455,1655.1285,1646.1355,1653.7555
2012-04-26T14:00:00+01:00,1653.774,1660.652,1648.7985,1658.061
2012-04-26T18:00:00+01:00,1658.082,1660.902,1656.236,1657.313
2012-04-26T22:00:00+01:00,1657.3,1658.0025,1655.093,1657.216
2012-04-27T02:00:00+01:00,1657.21,1657.952,1654.5845,1656.406
2012-04-27T06:00:00+01:00,1656.416,1656.942,1650.636,1655.436
2012-04-27T10:00:00+01:00,1655.5375,1664.958,1653.136,1663.1775
2012-04-27T14:00:00+01:00,1663.1975,1667.502,1661.6,1664.95
2012-04-27T18:00:00+01:00,1664.9,1665.149,1662.139,1662.976
2012-04-29T22:00:00+01:00,1662.423,1665.142,1662.423,1663.723
2012-04-30T02:00:00+01:00,1663.7805,1664.973,1663.4175,1664.511
2012-04-30T06:00:00+01:00,1664.472,1665.827,1661.203,1663.8495
2012-04-30T10:00:00+01:00,1663.8665,1664.198,1648.587,1653.0505
2012-04-30T14:00:00+01:00,1653.005,1664.8825,1650.744,1663.739
2012-04-30T18:00:00+01:00,1663.8025,1666.3025,1661.0865,1665
2012-04-30T22:00:00+01:00,1664.8465,1668,1663.6,1665.733
2012-05-01T02:00:00+01:00,1665.764,1666.9675,1664.643,1665.967
2012-05-01T06:00:00+01:00,1666.068,1666.427,1661.71,1662.283
2012-05-01T10:00:00+01:00,1662.308,1671.6555,1659.4305,1669.0945
2012-05-01T14:00:00+01:00,1669.1115,1670.2125,1658.323,1662.983
2012-05-01T18:00:00+01:00,1662.965,1664.056,1659.693,1662.444
2012-05-01T22:00:00+01:00,1662.433,1663.2965,1661.041,1661.142
2012-05-02T02:00:00+01:00,1661.163,1661.163,1658.205,1659.5375
2012-05-02T06:00:00+01:00,1659.5195,1659.899,1651.9975,1654.252
2012-05-02T10:00:00+01:00,1654.284,1659.902,1648.698,1653.902
2012-05-02T14:00:00+01:00,1653.882,1656.1425,1647.232,1653.476
2012-05-02T18:00:00+01:00,1653.4315,1655.8865,1652.23,1653.427
2012-05-02T22:00:00+01:00,1653.43,1653.892,1651.359,1653.0265
2012-05-03T02:00:00+01:00,1653.03,1653.4235,1647.553,1648.7675
2012-05-03T06:00:00+01:00,1648.763,1649.4725,1642.985,1645.0275
2012-05-03T10:00:00+01:00,1645.0055,1647.3535,1637.584,1640.5355
2012-05-03T14:00:00+01:00,1640.398,1641.731,1632.6895,1634.5725
2012-05-03T18:00:00+01:00,1634.557,1637.627,1631.298,1635.8195
2012-05-03T22:00:00+01:00,1635.796,1636.885,1634.2775,1636.437
2012-05-04T02:00:00+01:00,1636.421,1637.543,1634.187,1634.371
2012-05-04T06:00:00+01:00,1634.351,1635.5435,1626.814,1628.5105
2012-05-04T10:00:00+01:00,1628.4975,1641.702,1627.872,1636.1425
2012-05-04T14:00:00+01:00,1636.1305,1647.1115,1633.3975,1641.545
2012-05-04T18:00:00+01:00,1641.457,1645.002,1641.358,1642.35
2012-05-06T22:00:00+01:00,1643.174,1643.453,1635.9975,1640.221
2012-05-07T02:00:00+01:00,1640.246,1640.502,1634.6975,1638.1095
2012-05-07T06:00:00+01:00,1638.1105,1640.5575,1637.444,1639.1735
2012-05-07T10:00:00+01:00,1639.1525,1642.798,1635.698,1637.47
2012-05-07T14:00:00+01:00,1637.341,1641.452,1633.245,1639.999
2012-05-07T18:00:00+01:00,1639.987,1640.026,1636.442,1638.46
2012-05-07T22:00:00+01:00,1638.462,1639.213,1637.392,1637.753
2012-05-08T02:00:00+01:00,1637.771,1638.463,1636.387,1636.491
2012-05-08T06:00:00+01:00,1636.472,1637.983,1625.627,1627.904
2012-05-08T10:00:00+01:00,1627.923,1630.1525,1613.7245,1615.2435
2012-05-08T14:00:00+01:00,1615.2235,1615.432,1595.4975,1603.0065
2012-05-08T18:00:00+01:00,1602.9665,1608.8025,1602.0885,1605.405
2012-05-08T22:00:00+01:00,1605.397,1606.649,1599.219,1602.313
2012-05-09T02:00:00+01:00,1602.305,1603.038,1587.21,1590.78
2012-05-09T06:00:00+01:00,1590.803,1596.222,1583.925,1584.31
2012-05-09T10:00:00+01:00,1584.4345,1588.6625,1579.8575,1586.3055
2012-05-09T14:00:00+01:00,1586.314,1595.842,1582.207,1590.418
2012-05-09T18:00:00+01:00,1590.453,1596.075,1589.2975,1589.634
2012-05-09T22:00:00+01:00,1589.626,1593.964,1588.5275,1593.802
2012-05-10T02:00:00+01:00,1593.688,1595.5025,1591.193,1594.912
2012-05-10T06:00:00+01:00,1594.855,1596.402,1590.1665,1590.502
2012-05-10T10:00:00+01:00,1590.497,1594.776,1585.869,1592.5935
2012-05-10T14:00:00+01:00,1592.6105,1601.934,1591.7575,1595.95
2012-05-10T18:00:00+01:00,1595.967,1597.336,1593.594,1594.016
2012-05-10T22:00:00+01:00,1594.005,1595.2685,1591.099,1592.775
2012-05-11T02:00:00+01:00,1592.733,1592.733,1584.671,1585.9605
2012-05-11T06:00:00+01:00,1585.869,1587.356,1573.7745,1578.122
2012-05-11T10:00:00+01:00,1578.101,1586.139,1577.4435,1582.689
2012-05-11T14:00:00+01:00,1582.712,1590.8155,1578.5655,1586.607
2012-05-11T18:00:00+01:00,1586.543,1587.316,1578.969,1579.2
2012-05-13T22:00:00+01:00,1578.926,1584.92,1578.313,1584.71
2012-05-14T02:00:00+01:00,1584.718,1585.826,1580.537,1580.76
2012-05-14T06:00:00+01:00,1580.776,1582.129,1561.909,1561.91
2012-05-14T10:00:00+01:00,1561.906,1565.213,1556.8055,1559.652
2012-05-14T14:00:00+01:00,1559.718,1565.72,1556.9845,1561.311
2012-05-14T18:00:00+01:00,1561.334,1564.853,1556.1815,1556.5845
2012-05-14T22:00:00+01:00,1556.593,1559.6545,1555.804,1557.298
2012-05-15T02:00:00+01:00,1557.322,1557.759,1553.0275,1554.251
2012-05-15T06:00:00+01:00,1554.2825,1560.4135,1548.485,1557.104
2012-05-15T10:00:00+01:00,1557.248,1564.157,1556.418,1558.5
2012-05-15T14:00:00+01:00,1558.45,1559.88,1550.3465,1558.988
2012-05-15T18:00:00+01:00,1558.964,1559.373,1541.669,1544.0165
2012-05-15T22:00:00+01:00,1544.02,1545.629,1539.3035,1540.76
2012-05-16T02:00:00+01:00,1540.739,1544.074,1532.986,1536.338
2012-05-16T06:00:00+01:00,1536.3215,1538.944,1527.1065,1536.803
2012-05-16T10:00:00+01:00,1536.7795,1542.702,1533.673,1540.038
2012-05-16T14:00:00+01:00,1540.0295,1552.3925,1535.604,1542.572
2012-05-16T18:00:00+01:00,1542.426,1542.8125,1531.0975,1539.434
2012-05-16T22:00:00+01:00,1539.478,1547.283,1538.6865,1546.559
2012-05-17T02:00:00+01:00,1546.763,1549.682,1544.0005,1547.8455
2012-05-17T06:00:00+01:00,1547.8255,1553.9995,1545.815,1549.724
2012-05-17T10:00:00+01:00,1549.822,1558.229,1545.6935,1555.929
2012-05-17T14:00:00+01:00,1556.192,1579.9845,1549.1145,1576.4885
2012-05-17T18:00:00+01:00,1576.277,1579.215,1572.0595,1574.203
2012-05-17T22:00:00+01:00,1574.192,1576.4025,1572.75,1575.313
2012-05-18T02:00:00+01:00,1575.31,1576.8,1572.7545,1574.158
2012-05-18T06:00:00+01:00,1574.182,1589.6645,1568.1105,1587.7035
2012-05-18T10:00:00+01:00,1587.6105,1594.413,1584.402,1589.066
2012-05-18T14:00:00+01:00,1589.0555,1597.8225,1586.1065,1587.078
2012-05-18T18:00:00+01:00,1587.037,1594.304,1586.798,1593.05
2012-05-20T22:00:00+01:00,1592.874,1597.45,1591.2915,1593.83
2012-05-21T02:00:00+01:00,1593.814,1599.3255,1593.6245,1597.604
2012-05-21T06:00:00+01:00,1597.7115,1599.001,1591.538,1592.0265
2012-05-21T10:00:00+01:00,1592.1695,1594.038,1586.7025,1589.4225
2012-05-21T14:00:00+01:00,1589.3145,1595.992,1584.9785,1591.628
2012-05-21T18:00:00+01:00,1591.644,1594.81,1587.484,1593.263
2012-05-21T22:00:00+01:00,1593.238,1594.6935,1591.8,1592.5935
2012-05-22T02:00:00+01:00,1592.6275,1593.129,1588.847,1588.962
2012-05-22T06:00:00+01:00,1588.973,1591.1555,1576.6195,1578.3045
2012-05-22T10:00:00+01:00,1578.269,1582.424,1573.13,1578.9435
2012-05-22T14:00:00+01:00,1578.963,1590.8365,1577.6945,1582.536
2012-05-22T18:00:00+01:00,1582.479,1583.1605,1561.581,1568.312
2012-05-22T22:00:00+01:00,1568.313,1568.8825,1556.0355,1557.8185
2012-05-23T02:00:00+01:00,1557.748,1562.788,1556.6965,1560.3385
2012-05-23T06:00:00+01:00,1560.3435,1562.801,1551.7395,1555.4895
2012-05-23T10:00:00+01:00,1555.4175,1563.0945,1554.2595,1562.303
2012-05-23T14:00:00+01:00,1562.283,1564.7965,1533.4685,1544.388
2012-05-23T18:00:00+01:00,1544.435,1564.032,1543.018,1561.314
2012-05-23T22:00:00+01:00,1561.317,1563.607,1558.3945,1559.2015
2012-05-24T02:00:00+01:00,1559.0895,1563.1025,1557.1615,1557.609
2012-05-24T06:00:00+01:00,1557.458,1562.7475,1552.4515,1555.467
2012-05-24T10:00:00+01:00,1555.5525,1576.42,1555.46,1575.881
2012-05-24T14:00:00+01:00,1575.843,1578.0335,1563.8705,1564.049
2012-05-24T18:00:00+01:00,1564.1325,1566.148,1551.7465,1559.2185
2012-05-24T22:00:00+01:00,1559.183,1559.789,1555.074,1558.2965
2012-05-25T02:00:00+01:00,1558.0745,1558.2865,1551.5195,1553.104
2012-05-25T06:00:00+01:00,1553.086,1567.4115,1552.867,1563.3975
2012-05-25T10:00:00+01:00,1563.266,1565.033,1557.604,1563.3735
2012-05-25T14:00:00+01:00,1563.3735,1570.217,1562.1155,1566.6485
2012-05-25T18:00:00+01:00,1566.5165,1574.3145,1565.7095,1572.5555
2012-05-27T22:00:00+01:00,1572.321,1576.9115,1571.6835,1574.1535
2012-05-28T02:00:00+01:00,1574.171,1578.1295,1572.871,1577.6495
2012-05-28T06:00:00+01:00,1577.5535,1584.116,1576.384,1579.5985
2012-05-28T10:00:00+01:00,1579.497,1582.9485,1576.0975,1577.124
2012-05-28T14:00:00+01:00,1577.298,1578.2995,1572.6435,1574.6905
2012-05-28T18:00:00+01:00,1574.7,1575.257,1571.734,1573.2
2012-05-28T22:00:00+01:00,1573,1579.2505,1571.5615,1573.912
2012-05-29T02:00:00+01:00,1574.083,1577.1055,1572.783,1574.1865
2012-05-29T06:00:00+01:00,1574.2665,1579.522,1573.8055,1575.353
2012-05-29T10:00:00+01:00,1575.285,1577.1925,1571.7015,1576.597
2012-05-29T14:00:00+01:00,1576.615,1582.82,1552,1558.4095
2012-05-29T18:00:00+01:00,1558.3775,1559.929,1548.847,1555.25
2012-05-29T22:00:00+01:00,1555.205,1555.3475,1552.124,1553.5655
2012-05-30T02:00:00+01:00,1553.541,1554.7745,1545.972,1548.2
2012-05-30T06:00:00+01:00,1548.176,1551.731,1545.8565,1548.1655
2012-05-30T10:00:00+01:00,1548.1905,1556.813,1546.285,1548.858
2012-05-30T14:00:00+01:00,1548.903,1566.0665,1532.8405,1564.836
2012-05-30T18:00:00+01:00,1564.846,1569.6795,1562.7355,1562.9725
2012-05-30T22:00:00+01:00,1562.96,1564.739,1560.399,1562.835
2012-05-31T02:00:00+01:00,1562.883,1564.088,1559.3995,1561.825
2012-05-31T06:00:00+01:00,1561.845,1566.893,1559.8415,1565.8895
2012-05-31T10:00:00+01:00,1565.8875,1571.1805,1558.893,1566.449
2012-05-31T14:00:00+01:00,1566.464,1573.133,1552.2735,1566.962
2012-05-31T18:00:00+01:00,1566.759,1570.547,1560.045,1560.641
2012-05-31T22:00:00+01:00,1560.633,1561.693,1553.956,1553.9795
2012-06-01T02:00:00+01:00,1553.9495,1557.9375,1551.3985,1557.563
2012-06-01T06:00:00+01:00,1557.571,1560.633,1551.795,1552.403
2012-06-01T10:00:00+01:00,1552.6985,1589.535,1545.1605,1581.4115
2012-06-01T14:00:00+01:00,1581.678,1617.96,1581.452,1616.483
2012-06-01T18:00:00+01:00,1616.6025,1629.983,1616.6025,1624.45
2012-06-03T22:00:00+01:00,1624.136,1627.6745,1616.0455,1617.555
2012-06-04T02:00:00+01:00,1617.7275,1622.504,1615.0505,1620.969
2012-06-04T06:00:00+01:00,1620.987,1628.2835,1615.1265,1617.0965
2012-06-04T10:00:00+01:00,1617.1145,1625.7955,1614.718,1619.431
2012-06-04T14:00:00+01:00,1619.6575,1622.017,1608.817,1611.598
2012-06-04T18:00:00+01:00,1611.628,1620.868,1610.221,1618.905
2012-06-04T22:00:00+01:00,1618.864,1621.2015,1617.5325,1620.174
2012-06-05T02:00:00+01:00,1620.0975,1623.7505,1618.2005,1620.146
2012-06-05T06:00:00+01:00,1620.13,1620.2135,1612.776,1614.9985
2012-06-05T10:00:00+01:00,1615.273,1622.6025,1614.314,1617.613
2012-06-05T14:00:00+01:00,1617.4155,1620.2835,1612.4255,1618.634
2012-06-05T18:00:00+01:00,1618.7935,1619.0605,1615.165,1617.099
2012-06-05T22:00:00+01:00,1617.116,1624.9025,1615.4825,1624.402
2012-06-06T02:00:00+01:00,1624.3835,1628.83,1624.25,1626.074
2012-06-06T06:00:00+01:00,1626.094,1637.481,1622.9415,1634.0745
2012-06-06T10:00:00+01:00,1634.0955,1641.15,1632.4105,1633.6955
2012-06-06T14:00:00+01:00,1633.715,1640.3055,1633.1825,1634.6385
2012-06-06T18:00:00+01:00,1634.4965,1635.1145,1613.558,1619.3995
2012-06-06T22:00:00+01:00,1619.4235,1626.079,1618.418,1623.7385
2012-06-07T02:00:00+01:00,1623.742,1623.7595,1618.5195,1621.8905
2012-06-07T06:00:00+01:00,1621.8745,1624.8125,1619.197,1621.1245
2012-06-07T10:00:00+01:00,1621.3625,1629.345,1612.936,1623.096
2012-06-07T14:00:00+01:00,1623.115,1627.203,1579.3535,1592.9995
2012-06-07T18:00:00+01:00,1592.9595,1593.743,1585.391,1589.471
2012-06-07T22:00:00+01:00,1589.472,1592.43,1584.998,1586.6855
2012-06-08T02:00:00+01:00,1586.696,1587.879,1564.5815,1571.793
2012-06-08T06:00:00+01:00,1571.898,1575.8295,1565.74,1571.3345
2012-06-08T10:00:00+01:00,1571.233,1583.4025,1570.795,1575.1155
2012-06-08T14:00:00+01:00,1575.0405,1589.2935,1575.0405,1587.47
2012-06-08T18:00:00+01:00,1587.561,1595.35,1587.548,1593.35
2012-06-10T22:00:00+01:00,1593.347,1608.414,1593.347,1602.772
2012-06-11T02:00:00+01:00,1602.755,1604.317,1595.4735,1598.388
2012-06-11T06:00:00+01:00,1598.4535,1603.1975,1593.297,1594.195
2012-06-11T10:00:00+01:00,1594.196,1596.1695,1587.8,1593.739
2012-06-11T14:00:00+01:00,1593.77,1596.533,1581.8925,1593.154
2012-06-11T18:00:00+01:00,1593.074,1601.042,1592.003,1596.513
2012-06-11T22:00:00+01:00,1596.451,1596.4815,1588.518,1592.0935
2012-06-12T02:00:00+01:00,1592.0965,1595.5055,1591.2175,1591.7665
2012-06-12T06:00:00+01:00,1591.8265,1593.93,1587.464,1591.253
2012-06-12T10:00:00+01:00,1591.2755,1600.705,1586.334,1600.2205
2012-06-12T14:00:00+01:00,1600.2035,1617.75,1600.1775,1612.107
2012-06-12T18:00:00+01:00,1612.1215,1613.8295,1603.2925,1609.7
2012-06-12T22:00:00+01:00,1609.9,1612.725,1607.2855,1607.2855
2012-06-13T02:00:00+01:00,1607.309,1610.43,1606.19,1609.765
2012-06-13T06:00:00+01:00,1609.783,1615.6205,1608.0455,1611.9435
2012-06-13T10:00:00+01:00,1612.0335,1623.759,1607.6915,1621.4995
2012-06-13T14:00:00+01:00,1621.4835,1624.8385,1611.7345,1615.102
2012-06-13T18:00:00+01:00,1615.1285,1620.085,1614.6315,1617.0575
2012-06-13T22:00:00+01:00,1617.059,1619.0205,1615.7275,1616.612
2012-06-14T02:00:00+01:00,1616.595,1623.9645,1615.216,1623.287
2012-06-14T06:00:00+01:00,1623.262,1624.012,1617.26,1619.514
2012-06-14T10:00:00+01:00,1619.527,1628.029,1617.2835,1626.7325
2012-06-14T14:00:00+01:00,1626.803,1627.196,1610.0715,1620.2505
2012-06-14T18:00:00+01:00,1620.281,1627.227,1617.4675,1623.6
2012-06-14T22:00:00+01:00,1623.569,1624.868,1620.926,1622.354
2012-06-15T02:00:00+01:00,1622.374,1626.9025,1622.374,1625.049
2012-06-15T06:00:00+01:00,1625.2095,1628.16,1622.733,1623.768
2012-06-15T10:00:00+01:00,1623.742,1632.092,1620.053,1622.69
2012-06-15T14:00:00+01:00,1622.715,1632.623,1622.524,1626.601
2012-06-15T18:00:00+01:00,1626.576,1629.167,1624.34,1627.115
2012-06-17T22:00:00+01:00,1626.75,1629.7005,1608.6075,1628.235
2012-06-18T02:00:00+01:00,1628.305,1629.2145,1621.5105,1623.1
2012-06-18T06:00:00+01:00,1623.0705,1623.86,1617.0035,1623.725
2012-06-18T10:00:00+01:00,1623.68,1626.27,1617.7485,1619.153
2012-06-18T14:00:00+01:00,1619.072,1629.137,1614.6935,1624.585
2012-06-18T18:00:00+01:00,1624.6645,1630.2095,1624.602,1628.134
2012-06-18T22:00:00+01:00,1628.144,1628.873,1626.173,1627.7885
2012-06-19T02:00:00+01:00,1627.767,1631.027,1627.545,1628.727
2012-06-19T06:00:00+01:00,1628.744,1633.355,1627.836,1629.9955
2012-06-19T10:00:00+01:00,1630.0175,1632.5935,1626.213,1629.765
2012-06-19T14:00:00+01:00,1629.792,1630.4045,1617.59,1619.3625
2012-06-19T18:00:00+01:00,1619.2705,1623.8375,1618.081,1618.37
2012-06-19T22:00:00+01:00,1618.376,1622.7535,1617.184,1619.153
2012-06-20T02:00:00+01:00,1619.166,1621.838,1619.0685,1620.538
2012-06-20T06:00:00+01:00,1620.5635,1622.2275,1615.669,1618.256
2012-06-20T10:00:00+01:00,1618.2775,1619.4695,1600.566,1605.135
2012-06-20T14:00:00+01:00,1605.1605,1609.783,1591.111,1603.8375
2012-06-20T18:00:00+01:00,1603.718,1620.732,1602.253,1607.412
2012-06-20T22:00:00+01:00,1607.417,1607.5225,1597.7255,1598.1595
2012-06-21T02:00:00+01:00,1598.155,1604.193,1597.5585,1602.682
2012-06-21T06:00:00+01:00,1602.6975,1604.549,1594.237,1596.966
2012-06-21T10:00:00+01:00,1596.931,1601.262,1584.1275,1588.563
2012-06-21T14:00:00+01:00,1588.513,1588.967,1567.38,1570.777
2012-06-21T18:00:00+01:00,1570.758,1572.052,1564.556,1566.104
2012-06-21T22:00:00+01:00,1566.077,1569.4075,1564.077,1566.769
2012-06-22T02:00:00+01:00,1566.75,1567.4825,1561.799,1565.559
2012-06-22T06:00:00+01:00,1565.573,1569.5625,1559.8525,1569.4135
2012-06-22T10:00:00+01:00,1569.2965,1572.6015,1565.9815,1566.5485
2012-06-22T14:00:00+01:00,1566.517,1569.259,1558.611,1566.569
2012-06-22T18:00:00+01:00,1566.496,1573.5085,1563.374,1572.325
2012-06-24T22:00:00+01:00,1570.309,1576.7165,1567.83,1572.785
2012-06-25T02:00:00+01:00,1572.809,1575.581,1570.0145,1573.954
2012-06-25T06:00:00+01:00,1573.932,1574.49,1568.91,1570.793
2012-06-25T10:00:00+01:00,1570.776,1572.825,1566.462,1571.153
2012-06-25T14:00:00+01:00,1571.096,1587.232,1569.1445,1583.428
2012-06-25T18:00:00+01:00,1583.468,1588.4665,1583.2645,1584.4655
2012-06-25T22:00:00+01:00,1584.4515,1586.773,1583.599,1585.017
2012-06-26T02:00:00+01:00,1585.001,1585.9035,1582.2455,1583.662
2012-06-26T06:00:00+01:00,1583.68,1587.053,1581.5755,1583.43
2012-06-26T10:00:00+01:00,1583.4235,1585.6155,1578.1305,1579.9035
2012-06-26T14:00:00+01:00,1579.7965,1580.636,1567.94,1572.02
2012-06-26T18:00:00+01:00,1572.163,1574.783,1570.4235,1572.822
2012-06-26T22:00:00+01:00,1572.827,1574.225,1570.863,1573.5205
2012-06-27T02:00:00+01:00,1573.546,1575.0635,1571.335,1572.041
2012-06-27T06:00:00+01:00,1572.018,1572.2735,1564.747,1567.7225
2012-06-27T10:00:00+01:00,1567.677,1571.6485,1562.827,1565.7745
2012-06-27T14:00:00+01:00,1565.7835,1581.924,1564.847,1574.891
2012-06-27T18:00:00+01:00,1574.953,1578.6025,1574.2295,1574.3
2012-06-27T22:00:00+01:00,1574.273,1578.293,1573.305,1577.95
2012-06-28T02:00:00+01:00,1577.94,1579.122,1574.2365,1575.3175
2012-06-28T06:00:00+01:00,1575.3335,1577.913,1568.597,1569.4305
2012-06-28T10:00:00+01:00,1569.408,1573.303,1566.177,1568.658
2012-06-28T14:00:00+01:00,1568.658,1568.827,1550.635,1552.138
2012-06-28T18:00:00+01:00,1552.1475,1557.2685,1548.174,1552.744
2012-06-28T22:00:00+01:00,1552.58,1554.7345,1551.2235,1554.42
2012-06-29T02:00:00+01:00,1554.438,1569.61,1553.682,1563.265
2012-06-29T06:00:00+01:00,1563.2905,1572.313,1562.788,1570.819
2012-06-29T10:00:00+01:00,1570.7945,1600.3555,1567.8005,1597.563
2012-06-29T14:00:00+01:00,1597.538,1600.335,1593.2495,1597.5485
2012-06-29T18:00:00+01:00,1597.715,1607.117,1596.9015,1597.6
2012-07-01T22:00:00+01:00,1597.321,1600.081,1591.974,1593.603
2012-07-02T02:00:00+01:00,1593.632,1594.3135,1589.3215,1593.449
2012-07-02T06:00:00+01:00,1593.439,1594.759,1590.471,1594.582
2012-07-02T10:00:00+01:00,1594.599,1597.8635,1587.33,1592.963
2012-07-02T14:00:00+01:00,1593.0335,1602.256,1590.952,1600.468
2012-07-02T18:00:00+01:00,1600.6125,1600.6265,1596.1085,1597.11
2012-07-02T22:00:00+01:00,1597.085,1597.679,1595.13,1596.128
2012-07-03T02:00:00+01:00,1596.146,1605.214,1595.645,1602.85
2012-07-03T06:00:00+01:00,1602.8775,1610.9615,1602.2675,1608.432
2012-07-03T10:00:00+01:00,1608.446,1616.9435,1607.887,1616.081
2012-07-03T14:00:00+01:00,1616.099,1624.9585,1615.547,1622.395
2012-07-03T18:00:00+01:00,1622.4545,1624.0885,1616.7605,1617.4765
2012-07-03T22:00:00+01:00,1617.4805,1620.5595,1616.0155,1616.554
2012-07-04T02:00:00+01:00,1616.593,1619.2475,1614.797,1616.9245
2012-07-04T06:00:00+01:00,1616.857,1619.038,1611.663,1618.174
2012-07-04T10:00:00+01:00,1618.1685,1619.9695,1614.797,1616.3985
2012-07-04T14:00:00+01:00,1616.3825,1617.1315,1612.84,1615.2775
2012-07-04T18:00:00+01:00,1615.2935,1616.0975,1613.824,1615.081
2012-07-04T22:00:00+01:00,1615.058,1616.744,1614.046,1616.648
2012-07-05T02:00:00+01:00,1616.6305,1619.153,1615.6105,1616.118
2012-07-05T06:00:00+01:00,1616.14,1618.8345,1613.47,1616.586
2012-07-05T10:00:00+01:00,1616.613,1623.85,1597.805,1603.64
2012-07-05T14:00:00+01:00,1603.6615,1611.7555,1598.988,1606.291
2012-07-05T18:00:00+01:00,1606.2485,1609.646,1603.157,1604.6055
2012-07-05T22:00:00+01:00,1604.6005,1608.342,1603.422,1606.844
2012-07-06T02:00:00+01:00,1606.8285,1607.3635,1602.75,1603.264
2012-07-06T06:00:00+01:00,1603.2735,1605.9295,1592.717,1593.9005
2012-07-06T10:00:00+01:00,1593.9245,1609.4585,1585.712,1589.2155
2012-07-06T14:00:00+01:00,1589.191,1593.154,1577.8195,1578.273
2012-07-06T18:00:00+01:00,1578.296,1584.343,1576.616,1583.65
2012-07-08T22:00:00+01:00,1583.277,1583.277,1576.937,1581.184
2012-07-09T02:00:00+01:00,1581.291,1583.697,1579.146,1581.6145
2012-07-09T06:00:00+01:00,1581.6335,1584.0015,1580.095,1580.8965
2012-07-09T10:00:00+01:00,1580.9355,1587.1335,1580.382,1584.5935
2012-07-09T14:00:00+01:00,1584.612,1590.0805,1581.4445,1588.3875
2012-07-09T18:00:00+01:00,1588.3015,1593.0235,1586.644,1587.6915
2012-07-09T22:00:00+01:00,1587.6835,1589.533,1585.974,1586.068
2012-07-10T02:00:00+01:00,1586.051,1589.0465,1584.4565,1586.275
2012-07-10T06:00:00+01:00,1586.259,1591.364,1582.817,1589.864
2012-07-10T10:00:00+01:00,1589.8595,1601.292,1589.502,1601.0315
2012-07-10T14:00:00+01:00,1601.0005,1601.3515,1581.397,1582.2645
2012-07-10T18:00:00+01:00,1582.3525,1583.332,1564.665,1567.192
2012-07-10T22:00:00+01:00,1567.2015,1572.9,1565.378,1572.446
2012-07-11T02:00:00+01:00,1572.502,1576.211,1572.476,1574.246
2012-07-11T06:00:00+01:00,1574.282,1583.2315,1574.0815,1579.2345
2012-07-11T10:00:00+01:00,1579.2435,1580.102,1572.9775,1573.826
2012-07-11T14:00:00+01:00,1573.824,1581.502,1570.147,1579.4565
2012-07-11T18:00:00+01:00,1579.48,1580.457,1567.3435,1576.278
2012-07-11T22:00:00+01:00,1576.15,1578.214,1575.003,1575.922
2012-07-12T02:00:00+01:00,1575.9,1575.9655,1569.494,1571.169
2012-07-12T06:00:00+01:00,1571.079,1571.4425,1564.65,1567.6025
2012-07-12T10:00:00+01:00,1567.5835,1568.2995,1556.843,1559.806
2012-07-12T14:00:00+01:00,1559.81,1569.773,1555.096,1563.727
2012-07-12T18:00:00+01:00,1563.749,1577.102,1563.364,1572.1045
2012-07-12T22:00:00+01:00,1572.1065,1572.8185,1566.1995,1568.815
2012-07-13T02:00:00+01:00,1568.727,1572.804,1568.312,1570.779
2012-07-13T06:00:00+01:00,1570.756,1578.6855,1569.9535,1578.212
2012-07-13T10:00:00+01:00,1578.187,1587.002,1577.792,1582.5375
2012-07-13T14:00:00+01:00,1582.56,1596.9105,1579.342,1591.8645
2012-07-13T18:00:00+01:00,1591.838,1593.646,1587.884,1589.45
2012-07-15T22:00:00+01:00,1588.626,1592.959,1586.272,1586.774
2012-07-16T02:00:00+01:00,1586.753,1590.855,1583.928,1590.315
2012-07-16T06:00:00+01:00,1590.2885,1591.056,1584.4355,1584.903
2012-07-16T10:00:00+01:00,1584.802,1590.008,1578.684,1589.3
2012-07-16T14:00:00+01:00,1589.324,1595.0065,1587.352,1590.791
2012-07-16T18:00:00+01:00,1590.748,1594.0545,1589.202,1589.528
2012-07-16T22:00:00+01:00,1589.584,1593.0305,1587.4835,1593.025
2012-07-17T02:00:00+01:00,1592.9865,1596.3995,1591.917,1592.4465
2012-07-17T06:00:00+01:00,1592.277,1598.603,1590.558,1596.926
2012-07-17T10:00:00+01:00,1596.9035,1597.95,1586.137,1587.165
2012-07-17T14:00:00+01:00,1587.1745,1592.344,1571.7465,1588.8525
2012-07-17T18:00:00+01:00,1588.8345,1591.0005,1581.0975,1583.4245
2012-07-17T22:00:00+01:00,1583.283,1585.2825,1581.5,1585.055
2012-07-18T02:00:00+01:00,1585.073,1586.146,1578.235,1581.29
2012-07-18T06:00:00+01:00,1581.274,1584.952,1577.547,1582.952
2012-07-18T10:00:00+01:00,1582.9485,1583.3255,1567.8915,1569.867
2012-07-18T14:00:00+01:00,1569.897,1583.302,1569.4465,1576.0555
2012-07-18T18:00:00+01:00,1576.0555,1577.851,1571.0595,1573.461
2012-07-18T22:00:00+01:00,1573.486,1576.8675,1572.387,1576.3485
2012-07-19T02:00:00+01:00,1576.3305,1580.1115,1576.084,1578.147
2012-07-19T06:00:00+01:00,1578.127,1584.6025,1576.54,1580.4735
2012-07-19T10:00:00+01:00,1580.4575,1591.6755,1579.4855,1584.2675
2012-07-19T14:00:00+01:00,1584.303,1590.3345,1581.519,1585.637
2012-07-19T18:00:00+01:00,1585.655,1587.0735,1576.67,1581.2285
2012-07-19T22:00:00+01:00,1581.2035,1585.358,1580.626,1582.436
2012-07-20T02:00:00+01:00,1582.468,1584.067,1580.098,1583.0955
2012-07-20T06:00:00+01:00,1583.03,1587.002,1581.2365,1585.3035
2012-07-20T10:00:00+01:00,1585.302,1585.3535,1573.8245,1577.741
2012-07-20T14:00:00+01:00,1577.803,1585.4025,1574.594,1583.645
2012-07-20T18:00:00+01:00,1583.662,1587.1355,1581.3275,1584.1305
2012-07-22T22:00:00+01:00,1583.085,1583.1745,1579.248,1580.687
2012-07-23T02:00:00+01:00,1580.69,1581.6915,1577.54,1578.318
2012-07-23T06:00:00+01:00,1578.301,1579.5135,1568.927,1572.638
2012-07-23T10:00:00+01:00,1572.6865,1573.631,1563.335,1569.185
2012-07-23T14:00:00+01:00,1569.2905,1580.502,1567.7175,1579.325
2012-07-23T18:00:00+01:00,1579.3685,1579.602,1574.588,1576.768
2012-07-23T22:00:00+01:00,1576.7675,1578.2245,1575.3395,1575.9255
2012-07-24T02:00:00+01:00,1575.9335,1578.393,1574.689,1577.696
2012-07-24T06:00:00+01:00,1577.694,1578.1215,1572.2735,1576.324
2012-07-24T10:00:00+01:00,1576.3105,1579.902,1572.3,1578.892
2012-07-24T14:00:00+01:00,1578.921,1584.513,1568.9945,1576.102
2012-07-24T18:00:00+01:00,1575.935,1583.2095,1575.696,1581.2425
2012-07-24T22:00:00+01:00,1581.2355,1583.0015,1578.4835,1580.1715
2012-07-25T02:00:00+01:00,1580.1725,1585.5535,1580.1135,1584.3375
2012-07-25T06:00:00+01:00,1584.3195,1590.462,1580.535,1589.459
2012-07-25T10:00:00+01:00,1589.503,1606.0635,1587.871,1602.0495
2012-07-25T14:00:00+01:00,1602.0765,1606.102,1598.373,1605.553
2012-07-25T18:00:00+01:00,1605.536,1610.597,1603.642,1604.385
2012-07-25T22:00:00+01:00,1604.359,1605.5345,1601.4135,1603.0415
2012-07-26T02:00:00+01:00,1603.1255,1605.74,1601.557,1604.134
2012-07-26T06:00:00+01:00,1604.143,1608.5135,1602.934,1603.197
2012-07-26T10:00:00+01:00,1603.1855,1621.903,1602,1614.3665
2012-07-26T14:00:00+01:00,1614.4055,1620.8035,1608.798,1615.065
2012-07-26T18:00:00+01:00,1615.045,1618.1705,1614.4375,1615.8855
2012-07-26T22:00:00+01:00,1615.8775,1616.2375,1612.947,1613.2915
2012-07-27T02:00:00+01:00,1613.308,1616.829,1611.934,1616.422
2012-07-27T06:00:00+01:00,1616.4505,1622.9125,1616.03,1619.172
2012-07-27T10:00:00+01:00,1619.3435,1629.636,1618.254,1621.742
2012-07-27T14:00:00+01:00,1621.666,1628.234,1615.3895,1617.474
2012-07-27T18:00:00+01:00,1617.498,1628.1775,1617.398,1623.3
2012-07-29T22:00:00+01:00,1622.73,1626.4305,1621.317,1623.0485
2012-07-30T02:00:00+01:00,1622.9675,1623.599,1620.1895,1621.377
2012-07-30T06:00:00+01:00,1621.347,1622.1155,1616.947,1618.21
2012-07-30T10:00:00+01:00,1618.2305,1620.925,1614.5885,1615.7805
2012-07-30T14:00:00+01:00,1615.88,1623.233,1615.297,1618.647
2012-07-30T18:00:00+01:00,1618.665,1625.183,1618.5115,1621.91
2012-07-30T22:00:00+01:00,1621.926,1622.813,1620.739,1621.333
2012-07-31T02:00:00+01:00,1621.363,1625.523,1621.131,1623.43
2012-07-31T06:00:00+01:00,1623.455,1624.253,1619.774,1623.384
2012-07-31T10:00:00+01:00,1623.351,1628.083,1622.6345,1625.4255
2012-07-31T14:00:00+01:00,1625.2735,1625.809,1612.679,1615.8165
2012-07-31T18:00:00+01:00,1615.8295,1617.71,1610.997,1614.6195
2012-07-31T22:00:00+01:00,1614.6265,1615.4745,1612.365,1612.8125
2012-08-01T02:00:00+01:00,1612.785,1615.4255,1611.1685,1614.4685
2012-08-01T06:00:00+01:00,1614.4545,1618.723,1613.325,1614.6065
2012-08-01T10:00:00+01:00,1614.587,1615.802,1604.0145,1605.7125
2012-08-01T14:00:00+01:00,1605.736,1608.4585,1595.0925,1603.0845
2012-08-01T18:00:00+01:00,1603.1165,1606.0405,1592.4875,1599.7765
2012-08-01T22:00:00+01:00,1599.7495,1602.23,1599.084,1600.9125
2012-08-02T02:00:00+01:00,1600.9205,1603.835,1599.852,1601.6555
2012-08-02T06:00:00+01:00,1601.457,1604.837,1599.7045,1603.1935
2012-08-02T10:00:00+01:00,1603.105,1613.419,1597.5595,1598.214
2012-08-02T14:00:00+01:00,1598.1845,1601.0035,1584.7475,1586.134
2012-08-02T18:00:00+01:00,1586.119,1590.9145,1585.525,1587.989
2012-08-02T22:00:00+01:00,1587.9595,1590.8835,1587.2615,1590.5825
2012-08-03T02:00:00+01:00,1590.437,1592.028,1589.151,1590.0465
2012-08-03T06:00:00+01:00,1589.9995,1594.5415,1589.478,1593.956
2012-08-03T10:00:00+01:00,1593.9335,1600.0305,1586.5415,1590.1285
2012-08-03T14:00:00+01:00,1590.101,1606.673,1588.108,1603.502
2012-08-03T18:00:00+01:00,1603.3555,1606.8335,1602.753,1603.15
2012-08-05T22:00:00+01:00,1601.925,1606.2465,1601.925,1604.708
2012-08-06T02:00:00+01:00,1604.6945,1608.1015,1603.791,1607.978
2012-08-06T06:00:00+01:00,1607.954,1609.712,1603.9215,1608.88
2012-08-06T10:00:00+01:00,1608.919,1611.7935,1606.798,1610.05
2012-08-06T14:00:00+01:00,1610.1015,1615.5,1605.5925,1613.015
2012-08-06T18:00:00+01:00,1613.036,1614.0175,1610.42,1610.7115
2012-08-06T22:00:00+01:00,1610.6875,1612.1265,1610.26,1610.894
2012-08-07T02:00:00+01:00,1610.942,1613.106,1609.067,1611.648
2012-08-07T06:00:00+01:00,1611.716,1616.333,1609.389,1614.7045
2012-08-07T10:00:00+01:00,1614.7295,1618.6025,1612.147,1615.3455
2012-08-07T14:00:00+01:00,1615.3855,1616.18,1609.602,1611.637
2012-08-07T18:00:00+01:00,1611.657,1612.936,1609.1575,1612.2865
2012-08-07T22:00:00+01:00,1612.2775,1612.7425,1609.514,1610.762
2012-08-08T02:00:00+01:00,1610.7865,1612.128,1609.3915,1609.5545
2012-08-08T06:00:00+01:00,1609.5715,1610.907,1606.437,1609.5635
2012-08-08T10:00:00+01:00,1609.602,1610.2145,1603.4865,1608.5225
2012-08-08T14:00:00+01:00,1608.499,1616.9335,1607.527,1616.059
2012-08-08T18:00:00+01:00,1616.163,1616.4705,1611.108,1612.5155
2012-08-08T22:00:00+01:00,1612.5035,1614.305,1611.218,1613.486
2012-08-09T02:00:00+01:00,1613.468,1617.667,1613.363,1616.198
2012-08-09T06:00:00+01:00,1616.2975,1617.5445,1613.9295,1614.298
2012-08-09T10:00:00+01:00,1614.43,1615.4955,1609.7285,1613.4335
2012-08-09T14:00:00+01:00,1613.4425,1616.773,1611.483,1615.8995
2012-08-09T18:00:00+01:00,1615.894,1618.5125,1615.1445,1617.193
2012-08-09T22:00:00+01:00,1617.1865,1618.3145,1615.5025,1616.171
2012-08-10T02:00:00+01:00,1616.156,1616.266,1611.7775,1612.0445
2012-08-10T06:00:00+01:00,1612.021,1614.213,1607.037,1610.945
2012-08-10T10:00:00+01:00,1611.0035,1613.634,1606.6415,1613.231
2012-08-10T14:00:00+01:00,1613.252,1626.425,1613.2375,1621.622
2012-08-10T18:00:00+01:00,1621.6985,1622.4365,1619.391,1619.95
2012-08-12T22:00:00+01:00,1620.871,1622.0545,1619.7625,1619.911
2012-08-13T02:00:00+01:00,1619.9325,1625.1255,1619.1965,1624.007
2012-08-13T06:00:00+01:00,1624.0185,1624.7305,1620.155,1622.813
2012-08-13T10:00:00+01:00,1622.812,1625.7405,1619.027,1619.898
2012-08-13T14:00:00+01:00,1619.9595,1623.2995,1615.258,1618.6315
2012-08-13T18:00:00+01:00,1618.5805,1619.5025,1607.577,1609.878
2012-08-13T22:00:00+01:00,1609.853,1613.4765,1609.19,1613.0845
2012-08-14T02:00:00+01:00,1613.0805,1613.802,1610.958,1612.3905
2012-08-14T06:00:00+01:00,1612.364,1616.445,1611.458,1614.1045
2012-08-14T10:00:00+01:00,1614.0945,1615.6425,1595.2365,1596.6805
2012-08-14T14:00:00+01:00,1596.6625,1603.9895,1595.4125,1602.9855
2012-08-14T18:00:00+01:00,1603.0735,1603.55,1598.7055,1599.0215
2012-08-14T22:00:00+01:00,1599.0975,1602.034,1598.149,1601.396
2012-08-15T02:00:00+01:00,1601.405,1602.343,1600.1025,1601.745
2012-08-15T06:00:00+01:00,1601.725,1603.3165,1590.3105,1596.2695
2012-08-15T10:00:00+01:00,1596.354,1602.615,1592.522,1601.002
2012-08-15T14:00:00+01:00,1600.9495,1606.227,1600.392,1603.8025
2012-08-15T18:00:00+01:00,1603.8035,1606.3025,1602.995,1602.995
2012-08-15T22:00:00+01:00,1602.9695,1606.242,1601.974,1606.071
2012-08-16T02:00:00+01:00,1606.087,1607.043,1603.1605,1603.3525
2012-08-16T06:00:00+01:00,1603.295,1605.951,1600.9565,1605.266
2012-08-16T10:00:00+01:00,1605.285,1608.908,1601.3075,1607.529
2012-08-16T14:00:00+01:00,1607.55,1618.502,1603.385,1615.518
2012-08-16T18:00:00+01:00,1615.454,1617.443,1613.928,1615.146
2012-08-16T22:00:00+01:00,1615.164,1617.089,1613.558,1615.797
2012-08-17T02:00:00+01:00,1615.857,1616.942,1614.957,1615.714
2012-08-17T06:00:00+01:00,1615.733,1619.4355,1615.3125,1619.002
2012-08-17T10:00:00+01:00,1618.9375,1619.847,1612.63,1618.545
2012-08-17T14:00:00+01:00,1618.553,1619.625,1611.898,1615.086
2012-08-17T18:00:00+01:00,1615.068,1617.5195,1614.768,1615.745
2012-08-19T22:00:00+01:00,1615.518,1618.321,1615.518,1617.071
2012-08-20T02:00:00+01:00,1617.0555,1619.9925,1615.8965,1619.5255
2012-08-20T06:00:00+01:00,1619.4655,1620.0665,1616.5265,1617.3225
2012-08-20T10:00:00+01:00,1617.187,1617.6935,1610.3465,1613.2565
2012-08-20T14:00:00+01:00,1613.2365,1622.402,1612.467,1620.0235
2012-08-20T18:00:00+01:00,1620.059,1622.702,1619.9075,1620.42
2012-08-20T22:00:00+01:00,1620.421,1621.252,1618.735,1619.99
2012-08-21T02:00:00+01:00,1619.9685,1622.672,1619.77,1622.6105
2012-08-21T06:00:00+01:00,1622.5775,1626.6195,1621.945,1624.577
2012-08-21T10:00:00+01:00,1624.518,1638.572,1623.6235,1636.4465
2012-08-21T14:00:00+01:00,1636.4415,1641.523,1636.4415,1638.809
2012-08-21T18:00:00+01:00,1638.8195,1640.8025,1636.1245,1637.9
2012-08-21T22:00:00+01:00,1637.879,1638.2555,1636.436,1636.86
2012-08-22T02:00:00+01:00,1636.8495,1640.0595,1636.7095,1639.35
2012-08-22T06:00:00+01:00,1639.3605,1645.083,1638.335,1644.486
2012-08-22T10:00:00+01:00,1644.5045,1645.2165,1636.7805,1640.086
2012-08-22T14:00:00+01:00,1640.1035,1643.4995,1638.6325,1639.802
2012-08-22T18:00:00+01:00,1639.868,1656.1065,1634.939,1654.3405
2012-08-22T22:00:00+01:00,1654.3415,1656.7305,1648.083,1655.056
2012-08-23T02:00:00+01:00,1655.081,1665.302,1655.0295,1663.315
2012-08-23T06:00:00+01:00,1663.307,1667.1905,1661.079,1662.822
2012-08-23T10:00:00+01:00,1662.846,1664.933,1657.355,1662.7235
2012-08-23T14:00:00+01:00,1662.7005,1675.0065,1662.625,1673.006
2012-08-23T18:00:00+01:00,1672.88,1673.762,1668.569,1670.703
2012-08-23T22:00:00+01:00,1670.712,1670.795,1668.1205,1668.426
2012-08-24T02:00:00+01:00,1668.395,1668.5295,1665.0155,1666.747
2012-08-24T06:00:00+01:00,1666.684,1669.0785,1662.644,1668.429
2012-08-24T10:00:00+01:00,1668.4765,1670.867,1663.047,1667.8665
2012-08-24T14:00:00+01:00,1667.8905,1672.6585,1663.63,1671.5245
2012-08-24T18:00:00+01:00,1671.541,1674.0135,1668.8445,1670.7
2012-08-26T22:00:00+01:00,1670.32,1674.975,1670.3125,1673.695
2012-08-27T02:00:00+01:00,1673.72,1677.005,1673.72,1675.06
2012-08-27T06:00:00+01:00,1675.08,1676.835,1671.595,1671.76
2012-08-27T10:00:00+01:00,1671.67,1671.7585,1668.16,1668.59
2012-08-27T14:00:00+01:00,1668.63,1673.363,1666.255,1672.491
2012-08-27T18:00:00+01:00,1672.475,1673.502,1663.298,1664.002
2012-08-27T22:00:00+01:00,1664.0035,1666.5735,1660.007,1660.2325
2012-08-28T02:00:00+01:00,1660.21,1661.8505,1657.418,1660.2045
2012-08-28T06:00:00+01:00,1660.226,1663.8805,1659.116,1662.97
2012-08-28T10:00:00+01:00,1663.069,1666.558,1660.656,1664.229
2012-08-28T14:00:00+01:00,1664.2065,1672.469,1663.28,1669.567
2012-08-28T18:00:00+01:00,1669.6285,1669.723,1665.898,1666.4975
2012-08-28T22:00:00+01:00,1666.5205,1668.2465,1664.3865,1664.8105
2012-08-29T02:00:00+01:00,1664.7545,1669.3175,1664.5385,1668.932
2012-08-29T06:00:00+01:00,1668.919,1670.0535,1663.824,1666.1755
2012-08-29T10:00:00+01:00,1666.155,1668.219,1661.9865,1666.2605
2012-08-29T14:00:00+01:00,1666.2755,1667.9095,1652.7925,1659.0785
2012-08-29T18:00:00+01:00,1659.2085,1662.2285,1655.5815,1656.434
2012-08-29T22:00:00+01:00,1656.46,1657.55,1654.6965,1656.2285
2012-08-30T02:00:00+01:00,1656.244,1658.5825,1654.8595,1656.877
2012-08-30T06:00:00+01:00,1656.824,1660.485,1656.715,1658.664
2012-08-30T10:00:00+01:00,1658.685,1664.3,1655.194,1663.4035
2012-08-30T14:00:00+01:00,1663.3665,1664.1215,1651.7925,1655.2125
2012-08-30T18:00:00+01:00,1655.233,1659.5425,1654.008,1655.521
2012-08-30T22:00:00+01:00,1655.5,1657.4415,1654.1675,1656.1825
2012-08-31T02:00:00+01:00,1656.165,1656.7685,1652.8975,1655.605
2012-08-31T06:00:00+01:00,1655.537,1660.071,1654.3365,1659.58
2012-08-31T10:00:00+01:00,1659.5535,1663.72,1657.2405,1661.7685
2012-08-31T14:00:00+01:00,1661.7875,1682.7055,1647.065,1681.7505
2012-08-31T18:00:00+01:00,1681.789,1693.1805,1681.748,1691.871
2012-09-02T22:00:00+01:00,1691.3795,1693.0255,1685.939,1686.793
2012-09-03T02:00:00+01:00,1686.84,1692.0185,1686.84,1691.413
2012-09-03T06:00:00+01:00,1691.416,1691.983,1686.2705,1689.1105
2012-09-03T10:00:00+01:00,1689.1335,1690.2765,1685.5655,1689.674
2012-09-03T14:00:00+01:00,1689.6645,1695.311,1689.312,1693.595
2012-09-03T18:00:00+01:00,1693.637,1693.6925,1690.9805,1691.9
2012-09-03T22:00:00+01:00,1691.9,1695.6685,1690.612,1695.5705
2012-09-04T02:00:00+01:00,1695.437,1697.3025,1693.637,1695.0205
2012-09-04T06:00:00+01:00,1695.031,1696.6025,1692.0865,1692.501
2012-09-04T10:00:00+01:00,1692.633,1696.1555,1689.535,1690.886
2012-09-04T14:00:00+01:00,1690.9225,1698.9925,1688.1045,1693.495
2012-09-04T18:00:00+01:00,1693.45,1698.6025,1692.247,1695.854
2012-09-04T22:00:00+01:00,1695.831,1696.091,1690.577,1692.3265
2012-09-05T02:00:00+01:00,1692.373,1693.6025,1690.407,1692.1925
2012-09-05T06:00:00+01:00,1692.1385,1693.702,1687.449,1689.9465
2012-09-05T10:00:00+01:00,1689.936,1694.551,1688.2265,1692.983
2012-09-05T14:00:00+01:00,1692.9755,1695.248,1689.4825,1693.6245
2012-09-05T18:00:00+01:00,1693.6085,1694.45,1690.4385,1693.025
2012-09-05T22:00:00+01:00,1693.0525,1694.0245,1691.679,1693.387
2012-09-06T02:00:00+01:00,1693.3975,1698.706,1692.827,1696.897
2012-09-06T06:00:00+01:00,1696.8775,1712.6335,1696.1745,1709.114
2012-09-06T10:00:00+01:00,1709.263,1713.321,1698.081,1702.1225
2012-09-06T14:00:00+01:00,1702.213,1709.558,1699.798,1703.0825
2012-09-06T18:00:00+01:00,1703.1315,1705.123,1700.0505,1700.328
2012-09-06T22:00:00+01:00,1700.322,1701.7275,1694.984,1696.9785
2012-09-07T02:00:00+01:00,1696.957,1697.5505,1689.198,1692.594
2012-09-07T06:00:00+01:00,1692.703,1698.073,1689.898,1696.9975
2012-09-07T10:00:00+01:00,1697.011,1728.498,1693.735,1724.9925
2012-09-07T14:00:00+01:00,1724.9745,1741.4595,1723.824,1737.25
2012-09-07T18:00:00+01:00,1737.2595,1739.15,1735.295,1735.7
2012-09-09T22:00:00+01:00,1734.919,1736.819,1733.8145,1735.7205
2012-09-10T02:00:00+01:00,1735.7445,1740.189,1735.3765,1738.121
2012-09-10T06:00:00+01:00,1738.112,1738.215,1733.307,1734.523
2012-09-10T10:00:00+01:00,1734.428,1735.102,1728.8965,1730.5975
2012-09-10T14:00:00+01:00,1730.618,1734.1025,1727.717,1729.9705
2012-09-10T18:00:00+01:00,1729.9985,1731.233,1724.95,1726.149
2012-09-10T22:00:00+01:00,1726.115,1729.43,1724.4395,1729.3835
2012-09-11T02:00:00+01:00,1729.2445,1732.902,1728.613,1729.764
2012-09-11T06:00:00+01:00,1729.7865,1732.3845,1727.625,1731.216
2012-09-11T10:00:00+01:00,1731.202,1735.117,1730.481,1734.2285
2012-09-11T14:00:00+01:00,1734.2475,1738.1145,1730.6755,1733.7085
2012-09-11T18:00:00+01:00,1733.728,1734.777,1731.268,1732.082
2012-09-11T22:00:00+01:00,1732.086,1736.3835,1731.033,1735.807
2012-09-12T02:00:00+01:00,1735.824,1736.4935,1734.051,1735.9075
2012-09-12T06:00:00+01:00,1735.907,1746.6155,1734.469,1742.941
2012-09-12T10:00:00+01:00,1742.916,1745.7035,1736.0195,1737.708
2012-09-12T14:00:00+01:00,1737.6665,1741.7075,1726.057,1731.19
2012-09-12T18:00:00+01:00,1731.157,1734.018,1729.49,1730.7
2012-09-12T22:00:00+01:00,1730.679,1733.322,1730.076,1732.7765
2012-09-13T02:00:00+01:00,1732.724,1733.0245,1729.433,1731.546
2012-09-13T06:00:00+01:00,1731.488,1732.4315,1728.647,1730.1925
2012-09-13T10:00:00+01:00,1730.206,1736.1645,1729.7345,1733.803
2012-09-13T14:00:00+01:00,1733.892,1754.244,1722.2765,1753.0105
2012-09-13T18:00:00+01:00,1752.8555,1772.7905,1752.8555,1767.0275
2012-09-13T22:00:00+01:00,1767.0705,1772.1915,1766.392,1771.637
2012-09-14T02:00:00+01:00,1771.671,1777.602,1771.1225,1777.479
2012-09-14T06:00:00+01:00,1777.492,1777.9255,1767.6415,1772.9745
2012-09-14T10:00:00+01:00,1772.946,1776.3735,1765.8595,1770.27
2012-09-14T14:00:00+01:00,1770.249,1776.1995,1766.95,1773.2035
2012-09-14T18:00:00+01:00,1773.35,1773.9025,1769.6205,1770.45
2012-09-16T22:00:00+01:00,1769.605,1776.834,1769.605,1774.5275
2012-09-17T02:00:00+01:00,1774.519,1776.5085,1772.633,1775.064
2012-09-17T06:00:00+01:00,1775.0655,1776.191,1768.6605,1769.699
2012-09-17T10:00:00+01:00,1769.6885,1772.5835,1767.536,1770.713
2012-09-17T14:00:00+01:00,1770.688,1773.432,1767.083,1769.6805
2012-09-17T18:00:00+01:00,1769.641,1770.2585,1754.5195,1761.2845
2012-09-17T22:00:00+01:00,1761.2925,1764.066,1755.7665,1756.7425
2012-09-18T02:00:00+01:00,1756.6975,1758.281,1753.7945,1756.5785
2012-09-18T06:00:00+01:00,1756.546,1759.952,1752.7765,1758.785
2012-09-18T10:00:00+01:00,1758.7845,1765.4395,1755.169,1763.355
2012-09-18T14:00:00+01:00,1763.3855,1773.5005,1760.4845,1766.8345
2012-09-18T18:00:00+01:00,1766.895,1772.0745,1765.325,1771.6505
2012-09-18T22:00:00+01:00,1771.75,1772.8055,1766.86,1769.2495
2012-09-19T02:00:00+01:00,1769.155,1773.014,1765.237,1771.9395
2012-09-19T06:00:00+01:00,1771.9145,1779.5555,1771.735,1774.2645
2012-09-19T10:00:00+01:00,1774.2545,1775.9495,1765.044,1771.25
2012-09-19T14:00:00+01:00,1771.205,1774.325,1765.75,1769.8705
2012-09-19T18:00:00+01:00,1769.8205,1772.202,1767.725,1769.9645
2012-09-19T22:00:00+01:00,1769.9855,1771.9,1768.9935,1770.9845
2012-09-20T02:00:00+01:00,1770.9745,1772.45,1763.5795,1764.05
2012-09-20T06:00:00+01:00,1764.0945,1765.2,1758.32,1763.7445
2012-09-20T10:00:00+01:00,1763.735,1766.995,1756.005,1765.79
2012-09-20T14:00:00+01:00,1765.7655,1770.8245,1756.678,1768.75
2012-09-20T18:00:00+01:00,1768.7,1770.15,1766.45,1768.26
2012-09-20T22:00:00+01:00,1768.3,1773.3195,1766.58,1772.85
2012-09-21T02:00:00+01:00,1772.8605,1773.65,1769.8005,1772.0355
2012-09-21T06:00:00+01:00,1772.0455,1775.393,1770.1905,1775.297
2012-09-21T10:00:00+01:00,1775.3055,1786.7905,1772.4245,1786.6675
2012-09-21T14:00:00+01:00,1786.6975,1787.522,1769.457,1777.0065
2012-09-21T18:00:00+01:00,1776.9885,1778.212,1771.985,1772.6
2012-09-23T22:00:00+01:00,1771.216,1772.5585,1763.827,1764.544
2012-09-24T02:00:00+01:00,1764.5215,1764.5255,1757.7165,1761.4865
2012-09-24T06:00:00+01:00,1761.598,1763.682,1757.5635,1758.7655
2012-09-24T10:00:00+01:00,1758.759,1762.011,1755.8895,1760.7555
2012-09-24T14:00:00+01:00,1760.7575,1767.613,1759.664,1764.0285
2012-09-24T18:00:00+01:00,1763.9985,1766.169,1760.3975,1764.3795
2012-09-24T22:00:00+01:00,1764.3825,1767.5695,1763.7735,1767.011
2012-09-25T02:00:00+01:00,1767.05,1767.8485,1764.002,1765.046
2012-09-25T06:00:00+01:00,1765.03,1769.5525,1762.0185,1768.388
2012-09-25T10:00:00+01:00,1768.3975,1774.933,1762.5905,1772.0025
2012-09-25T14:00:00+01:00,1771.9315,1775.143,1761.145,1764.4235
2012-09-25T18:00:00+01:00,1764.3965,1766.5935,1758.9005,1760.791
2012-09-25T22:00:00+01:00,1760.809,1762.77,1759.241,1761.8085
2012-09-26T02:00:00+01:00,1761.7905,1765.4855,1761.2975,1762.258
2012-09-26T06:00:00+01:00,1762.3025,1764.406,1761.231,1763.092
2012-09-26T10:00:00+01:00,1763.1155,1765.7025,1740.3295,1746.8385
2012-09-26T14:00:00+01:00,1746.8605,1750.3225,1737.672,1748.7835
2012-09-26T18:00:00+01:00,1748.789,1753.9025,1746.8605,1752.6695
2012-09-26T22:00:00+01:00,1752.646,1755.2025,1751.2165,1754.1675
2012-09-27T02:00:00+01:00,1754.259,1757.152,1753.276,1755.563
2012-09-27T06:00:00+01:00,1755.542,1760.004,1755.155,1757.345
2012-09-27T10:00:00+01:00,1757.38,1768.1045,1753.015,1764.355
2012-09-27T14:00:00+01:00,1764.3805,1780.4455,1761.5305,1777.4955
2012-09-27T18:00:00+01:00,1777.371,1779.6585,1775.438,1777.433
2012-09-27T22:00:00+01:00,1777.435,1780.0535,1776.039,1780
2012-09-28T02:00:00+01:00,1780,1782.4845,1777.951,1781.543
2012-09-28T06:00:00+01:00,1781.442,1782.709,1778.869,1781.4335
2012-09-28T10:00:00+01:00,1781.4225,1783.343,1773.7085,1776.6295
2012-09-28T14:00:00+01:00,1776.65,1779.0095,1769.428,1771.7405
2012-09-28T18:00:00+01:00,1771.721,1773.828,1767.5645,1772.595
2012-09-30T22:00:00+01:00,1771.053,1771.3845,1764.487,1766.7705
2012-10-01T02:00:00+01:00,1766.75,1766.778,1763.5385,1765.855
2012-10-01T06:00:00+01:00,1765.835,1772.714,1765.029,1771.7065
2012-10-01T10:00:00+01:00,1771.7165,1786.126,1766.0595,1784.9785
2012-10-01T14:00:00+01:00,1784.887,1791.8215,1772.307,1777.8335
2012-10-01T18:00:00+01:00,1777.968,1781.2455,1772.7395,1775.501
2012-10-01T22:00:00+01:00,1775.479,1780.7155,1773.5635,1779.7885
2012-10-02T02:00:00+01:00,1779.8085,1780.197,1777.1565,1777.808
2012-10-02T06:00:00+01:00,1777.8,1781.2105,1775.304,1779.625
2012-10-02T10:00:00+01:00,1779.5385,1784.444,1774.598,1775.924
2012-10-02T14:00:00+01:00,1776.0615,1780.972,1771.425,1778.684
2012-10-02T18:00:00+01:00,1778.658,1778.6735,1772.6605,1774.652
2012-10-02T22:00:00+01:00,1774.659,1774.8595,1771.951,1774.3455
2012-10-03T02:00:00+01:00,1774.3615,1774.568,1771.065,1774.478
2012-10-03T06:00:00+01:00,1774.538,1777.2295,1771.798,1774.9695
2012-10-03T10:00:00+01:00,1774.962,1781.945,1774.0305,1776.8205
2012-10-03T14:00:00+01:00,1776.7125,1780.303,1773.393,1779.327
2012-10-03T18:00:00+01:00,1779.34,1779.7025,1775.582,1777.879
2012-10-03T22:00:00+01:00,1777.853,1780.537,1777.3,1778.95
2012-10-04T02:00:00+01:00,1778.99,1783.0565,1778.135,1782.504
2012-10-04T06:00:00+01:00,1782.48,1789.9135,1780.659,1785.1895
2012-10-04T10:00:00+01:00,1785.2085,1794.825,1783.8005,1787.207
2012-10-04T14:00:00+01:00,1787.187,1793.863,1784.007,1792.478
2012-10-04T18:00:00+01:00,1792.5145,1795.321,1787.8505,1790.336
2012-10-04T22:00:00+01:00,1790.314,1793.2125,1788.9285,1793.1235
2012-10-05T02:00:00+01:00,1793.1415,1796.016,1792.557,1794.195
2012-10-05T06:00:00+01:00,1794.171,1794.6805,1788.1945,1789.1605
2012-10-05T10:00:00+01:00,1789.185,1792.38,1773.275,1783.6245
2012-10-05T14:00:00+01:00,1783.6465,1788.228,1778.598,1781.6045
2012-10-05T18:00:00+01:00,1781.533,1782.182,1774.685,1780.768
2012-10-07T22:00:00+01:00,1779.98,1780.227,1776.8375,1777.82
2012-10-08T02:00:00+01:00,1777.883,1777.892,1767.41,1771.5975
2012-10-08T06:00:00+01:00,1771.498,1772.5525,1766.7875,1770.7555
2012-10-08T10:00:00+01:00,1770.7855,1771.5495,1766.8975,1770.4425
2012-10-08T14:00:00+01:00,1770.443,1777.1255,1770.372,1775.3775
2012-10-08T18:00:00+01:00,1775.321,1777.1745,1773.435,1774.939
2012-10-08T22:00:00+01:00,1774.915,1778.243,1774.15,1777.794
2012-10-09T02:00:00+01:00,1777.75,1779.891,1777.5835,1778.4135
2012-10-09T06:00:00+01:00,1778.4325,1779.0795,1770.539,1772.116
2012-10-09T10:00:00+01:00,1772.155,1778.327,1770.538,1774.588
2012-10-09T14:00:00+01:00,1774.566,1776.223,1760.5245,1765.8755
2012-10-09T18:00:00+01:00,1765.9335,1767.3515,1763.0545,1764.314
2012-10-09T22:00:00+01:00,1764.323,1765.95,1761.144,1761.692
2012-10-10T02:00:00+01:00,1761.765,1765.543,1760.694,1764.072
2012-10-10T06:00:00+01:00,1764.0885,1765.3345,1760.4925,1764.427
2012-10-10T10:00:00+01:00,1764.4545,1768.324,1757.4395,1760.655
2012-10-10T14:00:00+01:00,1760.669,1767.624,1757.2495,1761.1785
2012-10-10T18:00:00+01:00,1761.1045,1765.8485,1761.0285,1762.34
2012-10-10T22:00:00+01:00,1762.301,1762.9415,1758.8905,1759.3845
2012-10-11T02:00:00+01:00,1759.3645,1765.556,1758.608,1764.504
2012-10-11T06:00:00+01:00,1764.524,1770.7505,1763.1155,1768.646
2012-10-11T10:00:00+01:00,1768.7025,1774.95,1764.9905,1767.218
2012-10-11T14:00:00+01:00,1767.223,1773.7355,1766,1769.734
2012-10-11T18:00:00+01:00,1769.7535,1770.3495,1766.98,1767.252
2012-10-11T22:00:00+01:00,1767.235,1769.8895,1766.4245,1768.474
2012-10-12T02:00:00+01:00,1768.4395,1770.9345,1767.775,1768.75
2012-10-12T06:00:00+01:00,1768.6875,1771.283,1768.1085,1769.4425
2012-10-12T10:00:00+01:00,1769.432,1773.337,1766.745,1771.346
2012-10-12T14:00:00+01:00,1771.3565,1772.1125,1758.655,1760.0555
2012-10-12T18:00:00+01:00,1760.0405,1760.467,1752.2835,1753.965
2012-10-14T22:00:00+01:00,1752.9565,1753.775,1741.813,1743.2665
2012-10-15T02:00:00+01:00,1743.3325,1745.5565,1741.812,1744.7045
2012-10-15T06:00:00+01:00,1744.7045,1749.2535,1742.5545,1747.3445
2012-10-15T10:00:00+01:00,1747.3155,1748.9305,1741.4795,1743.2555
2012-10-15T14:00:00+01:00,1743.2895,1744.955,1728.8425,1736.201
2012-10-15T18:00:00+01:00,1736.1865,1738.8215,1735.1565,1737.3655
2012-10-15T22:00:00+01:00,1737.3645,1738.379,1735.05,1736.563
2012-10-16T02:00:00+01:00,1736.553,1737.943,1734.9105,1737.4485
2012-10-16T06:00:00+01:00,1737.3985,1742.8345,1736.75,1741.4905
2012-10-16T10:00:00+01:00,1741.4905,1745.431,1736.8155,1742.545
2012-10-16T14:00:00+01:00,1742.5545,1747.4745,1740.11,1743.88
2012-10-16T18:00:00+01:00,1743.8665,1748.163,1743.237,1747.484
2012-10-16T22:00:00+01:00,1747.495,1752.062,1745.7535,1750.5825
2012-10-17T02:00:00+01:00,1750.6345,1753.085,1750.2295,1751.35
2012-10-17T06:00:00+01:00,1751.3795,1753.5875,1747.58,1748.0395
2012-10-17T10:00:00+01:00,1748.0215,1751.595,1745.8245,1748.535
2012-10-17T14:00:00+01:00,1748.5225,1753.2865,1742.9355,1750.9095
2012-10-17T18:00:00+01:00,1750.9095,1752.317,1747.9325,1750.106
2012-10-17T22:00:00+01:00,1750.11,1750.5355,1747.6435,1748.7295
2012-10-18T02:00:00+01:00,1748.7295,1752.1495,1748.3195,1749.45
2012-10-18T06:00:00+01:00,1749.45,1751.5445,1745.6815,1747.7255
2012-10-18T10:00:00+01:00,1747.7095,1748.4955,1738.505,1741.8295
2012-10-18T14:00:00+01:00,1741.75,1746.455,1739.6095,1743.6125
2012-10-18T18:00:00+01:00,1743.5595,1744.4735,1740.1475,1741.389
2012-10-18T22:00:00+01:00,1741.398,1743.5895,1740.3365,1742.1795
2012-10-19T02:00:00+01:00,1742.1795,1742.9395,1735.9645,1737.2345
2012-10-19T06:00:00+01:00,1737.2535,1739.1895,1731.885,1733.952
2012-10-19T10:00:00+01:00,1733.9625,1737.0465,1731.477,1737.0385
2012-10-19T14:00:00+01:00,1737.0485,1738.6925,1717.119,1721.22
2012-10-19T18:00:00+01:00,1721.15,1723.5255,1719.72,1721.722
2012-10-21T22:00:00+01:00,1720.717,1722.0165,1713.81,1722.015
2012-10-22T02:00:00+01:00,1721.965,1727.0805,1721.9245,1725.6385
2012-10-22T06:00:00+01:00,1725.647,1726.5055,1721.5905,1724.4655
2012-10-22T10:00:00+01:00,1724.4105,1727.6805,1723.382,1725.074
2012-10-22T14:00:00+01:00,1725.086,1729.4255,1722.658,1727.3005
2012-10-22T18:00:00+01:00,1727.312,1728.962,1724.596,1728.437
2012-10-22T22:00:00+01:00,1728.43,1730.3235,1725.995,1726.215
2012-10-23T02:00:00+01:00,1726.215,1727.8305,1724.35,1724.35
2012-10-23T06:00:00+01:00,1724.3395,1724.9675,1717.1805,1719.0855
2012-10-23T10:00:00+01:00,1719.0505,1719.6955,1706.2855,1709.39
2012-10-23T14:00:00+01:00,1709.39,1713.76,1704.8935,1709.6655
2012-10-23T18:00:00+01:00,1709.6655,1710.155,1703.9975,1707.825
2012-10-23T22:00:00+01:00,1707.826,1712.2645,1706.363,1711.8495
2012-10-24T02:00:00+01:00,1711.8495,1714.5025,1710.3,1711.0895
2012-10-24T06:00:00+01:00,1711.1,1712.685,1706.1445,1709.01
2012-10-24T10:00:00+01:00,1709.04,1711.943,1705.7745,1710.917
2012-10-24T14:00:00+01:00,1710.877,1712.652,1699.4055,1702.85
2012-10-24T18:00:00+01:00,1702.8765,1706.2255,1698.9755,1701.9755
2012-10-24T22:00:00+01:00,1701.9695,1708.05,1701.011,1706.9505
2012-10-25T02:00:00+01:00,1706.9795,1709.0155,1705.548,1707.6855
2012-10-25T06:00:00+01:00,1707.715,1717.4305,1707.1285,1715.9605
2012-10-25T10:00:00+01:00,1715.9605,1717.955,1712.7865,1715.05
2012-10-25T14:00:00+01:00,1715.05,1717.943,1710.5295,1712.592
2012-10-25T18:00:00+01:00,1712.6025,1714.2695,1709.727,1712.048
2012-10-25T22:00:00+01:00,1712.058,1714.5895,1709.0675,1714.35
2012-10-26T02:00:00+01:00,1714.3585,1714.973,1704.4495,1705.5845
2012-10-26T06:00:00+01:00,1705.533,1705.6695,1700.877,1703.6355
2012-10-26T10:00:00+01:00,1703.6575,1712.463,1702.3385,1712.4045
2012-10-26T14:00:00+01:00,1712.3785,1718.5495,1711.87,1713.2385
2012-10-26T18:00:00+01:00,1713.199,1713.5295,1710.649,1711.3725
2012-10-28T21:00:00+00:00,1710.714,1716.2075,1710.5035,1714.475
2012-10-29T01:00:00+00:00,1714.485,1715.6445,1712.7645,1715.0475
2012-10-29T05:00:00+00:00,1715.0495,1717.35,1709.885,1711.245
2012-10-29T09:00:00+00:00,1711.245,1713.197,1707.1945,1711.7115
2012-10-29T13:00:00+00:00,1711.722,1714.115,1706.14,1708.7855
2012-10-29T17:00:00+00:00,1708.7555,1710.154,1707.728,1709.3415
2012-10-29T21:00:00+00:00,1709.3455,1711.2335,1705.4,1710.888
2012-10-30T01:00:00+00:00,1710.877,1711.6745,1708.1155,1711.207
2012-10-30T05:00:00+00:00,1711.2205,1715.207,1708.43,1712.8835
2012-10-30T09:00:00+00:00,1712.873,1715.33,1711.7905,1713.0915
2012-10-30T13:00:00+00:00,1713.0935,1713.8155,1709.4935,1711.91
2012-10-30T17:00:00+00:00,1711.9045,1712.1565,1709.161,1709.6635
2012-10-30T21:00:00+00:00,1709.6625,1712.542,1708.493,1711.7095
2012-10-31T01:00:00+00:00,1711.7095,1712.872,1711.0295,1711.5195
2012-10-31T05:00:00+00:00,1711.49,1718.125,1711.1295,1715.378
2012-10-31T09:00:00+00:00,1715.3925,1722.1855,1715.025,1717.8245
2012-10-31T13:00:00+00:00,1717.84,1726.11,1716.3625,1724.58
2012-10-31T17:00:00+00:00,1724.54,1724.8285,1718.6555,1720.673
2012-10-31T21:00:00+00:00,1720.735,1721.698,1717.9565,1719.9365
2012-11-01T01:00:00+00:00,1719.9265,1722.244,1718.25,1721.5065
2012-11-01T05:00:00+00:00,1721.5165,1725.3125,1719.5175,1723.16
2012-11-01T09:00:00+00:00,1723.1565,1727.01,1721.05,1722.395
2012-11-01T13:00:00+00:00,1722.4045,1724.15,1715.5505,1716.5955
2012-11-01T17:00:00+00:00,1716.5705,1717.2145,1713.7605,1714.333
2012-11-01T21:00:00+00:00,1714.318,1716.9165,1713.254,1715.8715
2012-11-02T01:00:00+00:00,1715.862,1716.2305,1708.419,1708.848
2012-11-02T05:00:00+00:00,1708.8405,1711.2445,1706.437,1706.7505
2012-11-02T09:00:00+00:00,1706.7345,1710.1155,1692.9675,1695.5285
2012-11-02T13:00:00+00:00,1695.6245,1698.152,1677.7015,1678.594
2012-11-02T17:00:00+00:00,1678.5595,1680.502,1674.8045,1678.082
2012-11-04T22:00:00+00:00,1675.785,1684.1665,1675.752,1680.5725
2012-11-05T02:00:00+00:00,1680.5795,1680.95,1678.3175,1679.4495
2012-11-05T06:00:00+00:00,1679.4495,1681.078,1672.677,1677.8605
2012-11-05T10:00:00+00:00,1677.9,1683.1555,1676.1755,1682.2145
2012-11-05T14:00:00+00:00,1682.2295,1684.8345,1680.2195,1683.339
2012-11-05T18:00:00+00:00,1683.3555,1686.299,1682.9365,1684.9515
2012-11-05T22:00:00+00:00,1684.9595,1686.864,1683.7395,1685.4645
2012-11-06T02:00:00+00:00,1685.4645,1687.2205,1683.75,1686.3385
2012-11-06T06:00:00+00:00,1686.3535,1690.202,1684.3045,1689.9555
2012-11-06T10:00:00+00:00,1689.9545,1694.2805,1689.3455,1691.6995
2012-11-06T14:00:00+00:00,1691.6995,1721.05,1688.771,1717.4425
2012-11-06T18:00:00+00:00,1717.448,1718.461,1712.4345,1715.999
2012-11-06T22:00:00+00:00,1715.9935,1716.43,1705.9235,1710.922
2012-11-07T02:00:00+00:00,1710.9215,1726.6555,1710.659,1723.548
2012-11-07T06:00:00+00:00,1723.569,1729.8385,1722.4385,1725.9595
2012-11-07T10:00:00+00:00,1725.9495,1731.7365,1717.007,1727.4395
2012-11-07T14:00:00+00:00,1727.4395,1727.5155,1703.3485,1710.736
2012-11-07T18:00:00+00:00,1710.6695,1721.536,1709.617,1717.6765
2012-11-07T22:00:00+00:00,1717.679,1720.464,1714.393,1718.9245
2012-11-08T02:00:00+00:00,1718.9245,1719.8645,1715.7345,1718.75
2012-11-08T06:00:00+00:00,1718.7495,1721.295,1716.965,1717.6245
2012-11-08T10:00:00+00:00,1717.6445,1720.2295,1713.0905,1715.5
2012-11-08T14:00:00+00:00,1715.52,1726.002,1712.85,1723.65
2012-11-08T18:00:00+00:00,1723.65,1735.0705,1723.1325,1731.48
2012-11-08T22:00:00+00:00,1731.479,1735.45,1729.4345,1734.685
2012-11-09T02:00:00+00:00,1734.6715,1738.1655,1733.45,1737.6605
2012-11-09T06:00:00+00:00,1737.65,1737.843,1731.0805,1737.0195
2012-11-09T10:00:00+00:00,1736.965,1737.0655,1727.1805,1732.12
2012-11-09T14:00:00+00:00,1732.135,1738.9295,1729.138,1732.0005
2012-11-09T18:00:00+00:00,1731.9795,1733.9105,1729.7555,1731.19
2012-11-11T22:00:00+00:00,1731.49,1736.6945,1731.49,1734.3345
2012-11-12T02:00:00+00:00,1734.3495,1736.0235,1732.7745,1735.4245
2012-11-12T06:00:00+00:00,1735.4245,1736.5905,1732.6965,1734.77
2012-11-12T10:00:00+00:00,1734.77,1738.05,1733.0395,1733.8095
2012-11-12T14:00:00+00:00,1733.82,1736.5135,1725.972,1728.65
2012-11-12T18:00:00+00:00,1728.6395,1732.15,1726.65,1728.31
2012-11-12T22:00:00+00:00,1728.29,1728.775,1721.546,1722.5
2012-11-13T02:00:00+00:00,1722.5105,1726.1175,1722.2505,1726.05
2012-11-13T06:00:00+00:00,1726.05,1727.102,1722.16,1725.935
2012-11-13T10:00:00+00:00,1725.925,1731.2215,1723.9245,1726.15
2012-11-13T14:00:00+00:00,1726.19,1732.924,1718.1755,1727.2295
2012-11-13T18:00:00+00:00,1727.2195,1728.002,1723.6075,1724.99
2012-11-13T22:00:00+00:00,1725.01,1729.343,1723.606,1727.4545
2012-11-14T02:00:00+00:00,1727.4545,1729.7795,1727.185,1728.4945
2012-11-14T06:00:00+00:00,1728.484,1728.9495,1724.6295,1726.328
2012-11-14T10:00:00+00:00,1726.318,1730.57,1720.7955,1728.15
2012-11-14T14:00:00+00:00,1728.15,1733.532,1721.913,1729.693
2012-11-14T18:00:00+00:00,1729.703,1733.275,1723.386,1726.706
2012-11-14T22:00:00+00:00,1726.6955,1727.0055,1723.0025,1725.7305
2012-11-15T02:00:00+00:00,1725.75,1728.0075,1724.15,1725.203
2012-11-15T06:00:00+00:00,1725.2115,1726.8,1722.8465,1724.791
2012-11-15T10:00:00+00:00,1724.8235,1725.505,1716.7245,1723.385
2012-11-15T14:00:00+00:00,1723.4195,1725.015,1705.0745,1713.25
2012-11-15T18:00:00+00:00,1713.25,1716.3855,1712.7455,1715.8215
2012-11-15T22:00:00+00:00,1715.835,1717.467,1713.9655,1714.5905
2012-11-16T02:00:00+00:00,1714.5905,1714.885,1711.75,1713.9045
2012-11-16T06:00:00+00:00,1713.8605,1716.165,1709.2795,1709.96
2012-11-16T10:00:00+00:00,1710.03,1714.445,1705.89,1712.4865
2012-11-16T14:00:00+00:00,1712.509,1716.6875,1708.346,1715.3185
2012-11-16T18:00:00+00:00,1715.335,1716.5035,1711.695,1713.801
2012-11-18T22:00:00+00:00,1713.7165,1722.2635,1713.7165,1721.4175
2012-11-19T02:00:00+00:00,1721.432,1723.8705,1721.3195,1721.95
2012-11-19T06:00:00+00:00,1721.9495,1724.6935,1721.4605,1723.1455
2012-11-19T10:00:00+00:00,1723.1305,1731.873,1721.9755,1731.4345
2012-11-19T14:00:00+00:00,1731.4345,1735.595,1727.665,1733.6545
2012-11-19T18:00:00+00:00,1733.649,1734.9495,1730.733,1731.6475
2012-11-19T22:00:00+00:00,1731.6435,1733.802,1728.795,1733.7195
2012-11-20T02:00:00+00:00,1733.7045,1734.95,1732.3395,1734.2905
2012-11-20T06:00:00+00:00,1734.3555,1735.361,1731.355,1732.93
2012-11-20T10:00:00+00:00,1732.87,1735.6655,1730.358,1732.2525
2012-11-20T14:00:00+00:00,1732.225,1734.0735,1723.1855,1725.83
2012-11-20T18:00:00+00:00,1725.83,1729.4655,1722.281,1727.0315
2012-11-20T22:00:00+00:00,1727.0165,1730.217,1725.7395,1727.95
2012-11-21T02:00:00+00:00,1727.95,1728.3305,1720.905,1724.2085
2012-11-21T06:00:00+00:00,1724.218,1728.517,1722.712,1726.0095
2012-11-21T10:00:00+00:00,1725.9595,1729.1345,1724.8135,1725.8445
2012-11-21T14:00:00+00:00,1725.865,1730.2565,1723.4165,1729.9495
2012-11-21T18:00:00+00:00,1729.9595,1732.1495,1728.0395,1728.805
2012-11-21T22:00:00+00:00,1728.795,1732.726,1727.8545,1731.6045
2012-11-22T02:00:00+00:00,1731.6445,1732.1345,1730.461,1731.2655
2012-11-22T06:00:00+00:00,1731.2145,1731.5505,1728.665,1728.7145
2012-11-22T10:00:00+00:00,1728.7395,1732.3335,1728.6145,1730.865
2012-11-22T14:00:00+00:00,1730.9095,1732.3125,1729.855,1730.25
2012-11-22T18:00:00+00:00,1730.26,1730.4005,1729.1675,1729.4365
2012-11-22T22:00:00+00:00,1729.4465,1730.6065,1728.7525,1729.9905
2012-11-23T02:00:00+00:00,1730.0405,1730.7235,1728.929,1730.2095
2012-11-23T06:00:00+00:00,1730.2115,1734.519,1730.1945,1734.1755
2012-11-23T10:00:00+00:00,1734.1755,1734.957,1731.7605,1732.255
2012-11-23T14:00:00+00:00,1732.3045,1754.2375,1732.1095,1750.9795
2012-11-23T18:00:00+00:00,1750.9665,1753.366,1748.939,1749.4185
2012-11-25T22:00:00+00:00,1751.129,1751.457,1748.2965,1748.6045
2012-11-26T02:00:00+00:00,1748.6045,1752.0335,1747.7045,1750.5545
2012-11-26T06:00:00+00:00,1750.564,1750.9515,1746.1145,1748.3545
2012-11-26T10:00:00+00:00,1748.3645,1752.233,1746.225,1751.3035
2012-11-26T14:00:00+00:00,1751.2935,1751.7445,1747.05,1749.9955
2012-11-26T18:00:00+00:00,1750.0155,1750.749,1748.4295,1748.675
2012-11-26T22:00:00+00:00,1748.6655,1751.956,1747.2905,1749.8495
2012-11-27T02:00:00+00:00,1749.8495,1750.85,1749.3405,1750.191
2012-11-27T06:00:00+00:00,1750.1565,1750.7145,1747.5495,1748.4755
2012-11-27T10:00:00+00:00,1748.4855,1749.3555,1745.55,1748.405
2012-11-27T14:00:00+00:00,1748.405,1748.9525,1742.8765,1745.4265
2012-11-27T18:00:00+00:00,1745.4375,1745.512,1740.6195,1742.1905
2012-11-27T22:00:00+00:00,1742.1825,1743.25,1740.3985,1740.7495
2012-11-28T02:00:00+00:00,1740.7495,1741.871,1738.6495,1739.176
2012-11-28T06:00:00+00:00,1739.1755,1741.8205,1737.596,1740.496
2012-11-28T10:00:00+00:00,1740.4325,1742.1855,1711.5265,1715.1405
2012-11-28T14:00:00+00:00,1715.126,1721.95,1706.178,1720.6605
2012-11-28T18:00:00+00:00,1720.6705,1720.836,1715.138,1719.7935
2012-11-28T22:00:00+00:00,1719.779,1723.9155,1718.869,1721.95
2012-11-29T02:00:00+00:00,1721.9445,1722.752,1719.0005,1719.7345
2012-11-29T06:00:00+00:00,1719.673,1724.735,1718.238,1724.562
2012-11-29T10:00:00+00:00,1724.6045,1727.985,1721.069,1723.4
2012-11-29T14:00:00+00:00,1723.42,1728.1355,1722.1705,1726.604
2012-11-29T18:00:00+00:00,1726.612,1728.4445,1725.0395,1725.8365
2012-11-29T22:00:00+00:00,1725.847,1726.5555,1724.42,1725.7595
2012-11-30T02:00:00+00:00,1725.7595,1730.8295,1725.1495,1730.61
2012-11-30T06:00:00+00:00,1730.61,1731.765,1727.587,1728.245
2012-11-30T10:00:00+00:00,1728.245,1731.302,1720.45,1723.4505
2012-11-30T14:00:00+00:00,1723.4595,1726.22,1711.797,1714.75
2012-11-30T18:00:00+00:00,1714.7155,1715.9155,1708.5725,1714.885
2012-12-02T22:00:00+00:00,1713.007,1720.75,1712.9465,1719.83
2012-12-03T02:00:00+00:00,1719.83,1720.463,1718.15,1719.4145
2012-12-03T06:00:00+00:00,1719.356,1720.4195,1717.8495,1718.9505
2012-12-03T10:00:00+00:00,1718.9505,1721.1915,1714.2065,1716.6505
2012-12-03T14:00:00+00:00,1716.6505,1722.1295,1712.9,1717.1465
2012-12-03T18:00:00+00:00,1717.06,1719.7565,1714.7465,1716.0435
2012-12-03T22:00:00+00:00,1716.0415,1717.506,1712.6555,1713.6955
2012-12-04T02:00:00+00:00,1713.5975,1714.3265,1699.598,1700.8555
2012-12-04T06:00:00+00:00,1700.76,1708.901,1700.343,1706.183
2012-12-04T10:00:00+00:00,1706.1635,1707.5465,1692.802,1694.35
2012-12-04T14:00:00+00:00,1694.3495,1701.6065,1691.406,1693.776
2012-12-04T18:00:00+00:00,1693.7795,1698.0995,1691.964,1697.529
2012-12-04T22:00:00+00:00,1697.523,1699.6195,1695.0855,1698.9545
2012-12-05T02:00:00+00:00,1698.9545,1702.6625,1698.5245,1701.95
2012-12-05T06:00:00+00:00,1701.95,1706.9635,1701.3225,1703.14
2012-12-05T10:00:00+00:00,1703.16,1706.112,1697.331,1699.213
2012-12-05T14:00:00+00:00,1699.183,1699.298,1685.006,1693.0145
2012-12-05T18:00:00+00:00,1692.974,1694.541,1691.4615,1693.97
2012-12-05T22:00:00+00:00,1693.953,1696.485,1690.2195,1690.9705
2012-12-06T02:00:00+00:00,1690.9545,1694.1815,1687.5785,1688.9615
2012-12-06T06:00:00+00:00,1688.9615,1693.273,1686.979,1692.2955
2012-12-06T10:00:00+00:00,1692.33,1694.302,1685.9925,1688.946
2012-12-06T14:00:00+00:00,1688.921,1703.3365,1686.3865,1698.346
2012-12-06T18:00:00+00:00,1698.346,1701.3025,1697.2985,1699.915
2012-12-06T22:00:00+00:00,1699.92,1703.3865,1699.095,1703.146
2012-12-07T02:00:00+00:00,1703.146,1703.973,1701.5335,1701.606
2012-12-07T06:00:00+00:00,1701.631,1703.306,1697.36,1697.433
2012-12-07T10:00:00+00:00,1697.4065,1699.202,1685.244,1697.531
2012-12-07T14:00:00+00:00,1697.549,1705.5255,1695.031,1701.95
2012-12-07T18:00:00+00:00,1701.966,1704.9535,1701.6415,1704.095
2012-12-09T22:00:00+00:00,1702.998,1708.15,1702.7695,1707.1795
2012-12-10T02:00:00+00:00,1707.1795,1708.8745,1705.3995,1708.7445
2012-12-10T06:00:00+00:00,1708.7525,1711.743,1707.1595,1710.46
2012-12-10T10:00:00+00:00,1710.46,1717.4195,1708.4475,1715.6095
2012-12-10T14:00:00+00:00,1715.5755,1716.2095,1712.0805,1712.75
2012-12-10T18:00:00+00:00,1712.7895,1714.433,1710.95,1712.895
2012-12-10T22:00:00+00:00,1712.883,1713.1,1708.3755,1709.5645
2012-12-11T02:00:00+00:00,1709.6175,1710.669,1706.9755,1709.4505
2012-12-11T06:00:00+00:00,1709.3865,1710.6335,1708.0535,1709.6475
2012-12-11T10:00:00+00:00,1709.6375,1714.5015,1709.0515,1712.65
2012-12-11T14:00:00+00:00,1712.6385,1713.3805,1704.9705,1708.263
2012-12-11T18:00:00+00:00,1708.2475,1710.362,1707.0305,1709.9725
2012-12-11T22:00:00+00:00,1709.971,1711.2075,1708.421,1710.8295
2012-12-12T02:00:00+00:00,1710.902,1712.254,1710.0065,1710.7605
2012-12-12T06:00:00+00:00,1710.764,1715.545,1710.5015,1714.3665
2012-12-12T10:00:00+00:00,1714.3515,1717.8675,1712.7805,1716.114
2012-12-12T14:00:00+00:00,1716.1355,1723.4455,1707.7455,1721.6845
2012-12-12T18:00:00+00:00,1721.694,1721.887,1710.8755,1711.6845
2012-12-12T22:00:00+00:00,1711.688,1711.7155,1694.2145,1697.05
2012-12-13T02:00:00+00:00,1697.05,1701.7585,1696.7,1698.1585
2012-12-13T06:00:00+00:00,1698.1815,1700.8095,1695.762,1698.6045
2012-12-13T10:00:00+00:00,1698.5545,1698.5545,1691.142,1694.2195
2012-12-13T14:00:00+00:00,1694.239,1702.572,1689.5865,1696.9305
2012-12-13T18:00:00+00:00,1696.9305,1698.2655,1693.5655,1697.225
2012-12-13T22:00:00+00:00,1697.188,1700.3875,1694.3255,1699.454
2012-12-14T02:00:00+00:00,1699.526,1699.739,1695.9805,1697.8455
2012-12-14T06:00:00+00:00,1697.85,1700.645,1696.6295,1698.4905
2012-12-14T10:00:00+00:00,1698.4755,1699.395,1694.0375,1696.095
2012-12-14T14:00:00+00:00,1696.095,1698.1035,1693.7695,1695.7445
2012-12-14T18:00:00+00:00,1695.7375,1696.9885,1694.45,1695.74
2012-12-16T22:00:00+00:00,1694.476,1699.9755,1689.2515,1691.9355
2012-12-17T02:00:00+00:00,1691.8855,1692.8405,1689.5605,1691.1755
2012-12-17T06:00:00+00:00,1691.1605,1691.8655,1686.6895,1690.2245
2012-12-17T10:00:00+00:00,1690.2345,1698.16,1689.355,1696.845
2012-12-17T14:00:00+00:00,1696.865,1699.4015,1694.68,1696.4705
2012-12-17T18:00:00+00:00,1696.4805,1698.5805,1695.798,1698.17
2012-12-17T22:00:00+00:00,1698.09,1700.4655,1696.2605,1699.4555
2012-12-18T02:00:00+00:00,1699.3855,1703.2965,1698.65,1702.5855
2012-12-18T06:00:00+00:00,1702.5955,1703.0605,1700.6755,1701.3805
2012-12-18T10:00:00+00:00,1701.3755,1701.3855,1696.1805,1697.4445
2012-12-18T14:00:00+00:00,1697.4445,1698.6245,1673.1655,1675.8525
2012-12-18T18:00:00+00:00,1675.825,1676.0605,1661.502,1671.345
2012-12-18T22:00:00+00:00,1671.3385,1676.9515,1668.468,1674.5305
2012-12-19T02:00:00+00:00,1674.5305,1676.05,1671.494,1674.95
2012-12-19T06:00:00+00:00,1674.95,1676.8395,1672.489,1675.5865
2012-12-19T10:00:00+00:00,1675.607,1676.7305,1665.217,1666.0095
2012-12-19T14:00:00+00:00,1665.9595,1674.65,1664.492,1668.7355
2012-12-19T18:00:00+00:00,1668.7625,1670.15,1663.55,1667.315
2012-12-19T22:00:00+00:00,1667.275,1669.717,1663.4425,1667.0915
2012-12-20T02:00:00+00:00,1667.0415,1669.2405,1666.251,1667.9455
2012-12-20T06:00:00+00:00,1667.8955,1671.9645,1667.7755,1668.9235
2012-12-20T10:00:00+00:00,1668.9705,1670.823,1652.69,1652.8175
2012-12-20T14:00:00+00:00,1652.803,1656.398,1635.8355,1642.2605
2012-12-20T18:00:00+00:00,1642.2705,1649.5745,1640.8405,1648.076
2012-12-20T22:00:00+00:00,1648.0755,1649.2125,1643.85,1644.2355
2012-12-21T02:00:00+00:00,1644.2255,1644.425,1635.6955,1643.746
2012-12-21T06:00:00+00:00,1643.698,1651.8095,1643.6665,1650.3595
2012-12-21T10:00:00+00:00,1650.365,1651.0565,1645.3345,1648.8995
2012-12-21T14:00:00+00:00,1648.8045,1659.3105,1647.9395,1658.2495
2012-12-21T18:00:00+00:00,1658.2725,1659.893,1654.25,1657.17
2012-12-23T22:00:00+00:00,1656.09,1659.1,1652.0905,1656.8155
2012-12-24T02:00:00+00:00,1656.8155,1659.998,1655.35,1659.6245
2012-12-24T06:00:00+00:00,1659.6495,1665.9435,1659.0695,1663.5355
2012-12-24T10:00:00+00:00,1663.5355,1665.5665,1659.5355,1661.2505
2012-12-24T14:00:00+00:00,1661.2355,1662.15,1656.917,1658.5955
2012-12-24T18:00:00+00:00,1658.585,1660.21,1657.6195,1658.2
2012-12-25T22:00:00+00:00,1651.6885,1655.1745,1651.562,1654.465
2012-12-26T02:00:00+00:00,1654.465,1656.0355,1652.349,1655.3895
2012-12-26T06:00:00+00:00,1655.3895,1659.4235,1655.1845,1658.285
2012-12-26T10:00:00+00:00,1658.2495,1662.7605,1655.4405,1662.39
2012-12-26T14:00:00+00:00,1662.409,1667.965,1658.9445,1660.713
2012-12-26T18:00:00+00:00,1660.6495,1661.2675,1659.2085,1659.597
2012-12-26T22:00:00+00:00,1659.5635,1659.977,1653.5475,1658.15
2012-12-27T02:00:00+00:00,1658.15,1659.0515,1656.205,1656.4945
2012-12-27T06:00:00+00:00,1656.495,1659.385,1655.4015,1658.1445
2012-12-27T10:00:00+00:00,1658.1295,1658.695,1653.6205,1656.05
2012-12-27T14:00:00+00:00,1656.0445,1665.602,1652.9555,1663.55
2012-12-27T18:00:00+00:00,1663.55,1665.4795,1662.408,1664.12
2012-12-27T22:00:00+00:00,1664.106,1665.608,1661.5665,1663.15
2012-12-28T02:00:00+00:00,1663.2,1664.678,1660.75,1662.7815
2012-12-28T06:00:00+00:00,1662.771,1662.85,1658.8555,1660.3295
2012-12-28T10:00:00+00:00,1660.3145,1662.55,1657.624,1662.305
2012-12-28T14:00:00+00:00,1662.3395,1662.35,1654.1435,1657.341
2012-12-28T18:00:00+00:00,1657.3295,1658.05,1653.85,1655.987
2012-12-30T22:00:00+00:00,1654.219,1660.7145,1654.219,1660.0645
2012-12-31T02:00:00+00:00,1660.0755,1664.0415,1659.973,1663.7145
2012-12-31T06:00:00+00:00,1663.683,1668.9745,1663.0455,1666.5
2012-12-31T10:00:00+00:00,1666.5,1667.08,1657.365,1661.2645
2012-12-31T14:00:00+00:00,1661.2455,1680.0455,1660.186,1676.25
2012-12-31T18:00:00+00:00,1676.3555,1679.7255,1672.4175,1675.305
2012-12-31T22:00:00+00:00,1675.289,1675.573,1674.533,1675
2013-01-01T22:00:00+00:00,1675.125,1678.4305,1670.55,1676.7205
2013-01-02T02:00:00+00:00,1676.6705,1680.5805,1674.7615,1680.1305
2013-01-02T06:00:00+00:00,1680.1455,1684.89,1679.8615,1682.145
2013-01-02T10:00:00+00:00,1682.125,1691.767,1681.3055,1689.6695
2013-01-02T14:00:00+00:00,1689.6695,1695.0235,1685.7505,1688.2315
2013-01-02T18:00:00+00:00,1688.1655,1690.2195,1684.808,1686.8285
2013-01-02T22:00:00+00:00,1686.8335,1690.1545,1685.695,1686.9365
2013-01-03T02:00:00+00:00,1686.937,1688.5315,1686.3245,1686.7095
2013-01-03T06:00:00+00:00,1686.7195,1688.3395,1683.068,1684.3305
2013-01-03T10:00:00+00:00,1684.401,1684.8705,1675.0885,1676.722
2013-01-03T14:00:00+00:00,1676.7355,1681.9755,1675.4495,1676.7995
2013-01-03T18:00:00+00:00,1676.7795,1677.35,1660.9895,1663.805
2013-01-03T22:00:00+00:00,1663.8185,1664.222,1645.514,1648.5545
2013-01-04T02:00:00+00:00,1648.5385,1654.3245,1647.3485,1651.9745
2013-01-04T06:00:00+00:00,1651.9745,1654.1445,1635.4355,1636.5445
2013-01-04T10:00:00+00:00,1636.5445,1646.4195,1626.565,1645.9295
2013-01-04T14:00:00+00:00,1645.8645,1653.6295,1640.7395,1646.7095
2013-01-04T18:00:00+00:00,1646.7315,1658.7665,1646.1425,1655.775
2013-01-06T22:00:00+00:00,1656.21,1660.7915,1655.753,1659.296
2013-01-07T02:00:00+00:00,1659.2875,1662.4685,1657.5495,1661.5645
2013-01-07T06:00:00+00:00,1661.5535,1661.9745,1652.4195,1653.3295
2013-01-07T10:00:00+00:00,1653.402,1659.0605,1645.5195,1646.2705
2013-01-07T14:00:00+00:00,1646.2705,1651.8755,1643.2285,1645.95
2013-01-07T18:00:00+00:00,1645.95,1648.561,1643.9775,1647.0345
2013-01-07T22:00:00+00:00,1647.0385,1653.105,1646.8365,1649.1505
2013-01-08T02:00:00+00:00,1649.143,1651.3605,1646.967,1649.7255
2013-01-08T06:00:00+00:00,1649.7255,1653.018,1647.563,1652.6745
2013-01-08T10:00:00+00:00,1652.6625,1657.4295,1650.8015,1652.9295
2013-01-08T14:00:00+00:00,1652.955,1660.4755,1652.548,1659.506
2013-01-08T18:00:00+00:00,1659.486,1662.65,1657.973,1659.25
2013-01-08T22:00:00+00:00,1659.225,1661.4695,1657.594,1658.8305
2013-01-09T02:00:00+00:00,1658.8305,1662.7355,1657.5855,1662.4025
2013-01-09T06:00:00+00:00,1662.352,1665.9145,1660.885,1662.8125
2013-01-09T10:00:00+00:00,1662.8125,1664.8205,1658.4975,1663.8315
2013-01-09T14:00:00+00:00,1663.8355,1664.137,1651.5445,1653.1285
2013-01-09T18:00:00+00:00,1653.1385,1658.326,1652.0715,1657.8365
2013-01-09T22:00:00+00:00,1657.8315,1658.7665,1654.047,1655.336
2013-01-10T02:00:00+00:00,1655.326,1658.6475,1655.3065,1657.8185
2013-01-10T06:00:00+00:00,1657.81,1662.952,1657.751,1662.372
2013-01-10T10:00:00+00:00,1662.3825,1672.405,1659.3495,1669.4145
2013-01-10T14:00:00+00:00,1669.4245,1678.89,1667.95,1676.679
2013-01-10T18:00:00+00:00,1676.689,1678.446,1672.9185,1675.318
2013-01-10T22:00:00+00:00,1675.315,1676.2395,1671.25,1673.5345
2013-01-11T02:00:00+00:00,1673.5445,1674.9745,1671.45,1672.7595
2013-01-11T06:00:00+00:00,1672.7485,1674.073,1668.8945,1669.9235
2013-01-11T10:00:00+00:00,1669.967,1677.005,1666.8905,1675.102
2013-01-11T14:00:00+00:00,1675.037,1675.221,1654.0135,1657.85
2013-01-11T18:00:00+00:00,1657.8545,1663.93,1657.284,1663.0755
2013-01-13T22:00:00+00:00,1662.555,1666.74,1660.1995,1665.75
2013-01-14T02:00:00+00:00,1665.75,1668.1595,1663.752,1666.743
2013-01-14T06:00:00+00:00,1666.707,1670.25,1665.978,1668.8445
2013-01-14T10:00:00+00:00,1668.8445,1674.957,1667.727,1671.6445
2013-01-14T14:00:00+00:00,1671.587,1673.322,1664.2405,1665.5035
2013-01-14T18:00:00+00:00,1665.45,1670.1205,1665.0555,1667.7885
2013-01-14T22:00:00+00:00,1667.8005,1669.4405,1666.5555,1668.2305
2013-01-15T02:00:00+00:00,1668.2305,1674.0655,1667.9855,1671.1555
2013-01-15T06:00:00+00:00,1671.1565,1684.05,1670.65,1681.3455
2013-01-15T10:00:00+00:00,1681.35,1684.516,1676.0765,1681.568
2013-01-15T14:00:00+00:00,1681.6335,1685.3145,1676.9815,1683.604
2013-01-15T18:00:00+00:00,1683.5845,1685.202,1678.35,1679.415
2013-01-15T22:00:00+00:00,1679.435,1684.7075,1678.9165,1681.885
2013-01-16T02:00:00+00:00,1681.8205,1683.5835,1680.939,1682.519
2013-01-16T06:00:00+00:00,1682.633,1684.9815,1677.3395,1678.385
2013-01-16T10:00:00+00:00,1678.3745,1680.804,1673.817,1678.2045
2013-01-16T14:00:00+00:00,1678.145,1681.9025,1674.797,1680.4675
2013-01-16T18:00:00+00:00,1680.4505,1683.802,1679.5645,1679.975
2013-01-16T22:00:00+00:00,1679.95,1681.1,1678.974,1679.992
2013-01-17T02:00:00+00:00,1679.973,1680.3335,1676.678,1678.889
2013-01-17T06:00:00+00:00,1678.897,1683.213,1678.0895,1680.9155
2013-01-17T10:00:00+00:00,1680.933,1684.0595,1669.571,1669.609
2013-01-17T14:00:00+00:00,1669.57,1695.5245,1666.8725,1694.266
2013-01-17T18:00:00+00:00,1694.289,1694.919,1686.9805,1687.715
2013-01-17T22:00:00+00:00,1687.625,1688.8475,1685.855,1688.4305
2013-01-18T02:00:00+00:00,1688.49,1691.0345,1687.7385,1691.0315
2013-01-18T06:00:00+00:00,1691.076,1693.7025,1689.3215,1690.7465
2013-01-18T10:00:00+00:00,1690.7585,1695.3605,1688.6345,1693.007
2013-01-18T14:00:00+00:00,1693.017,1694.6825,1685.793,1689.702
2013-01-18T18:00:00+00:00,1689.696,1690.0225,1683.7495,1684.2
2013-01-20T22:00:00+00:00,1685.9855,1691.443,1685.0395,1689.909
2013-01-21T02:00:00+00:00,1690.0115,1690.85,1688.9675,1690.053
2013-01-21T06:00:00+00:00,1690.0845,1691.4065,1687.777,1687.777
2013-01-21T10:00:00+00:00,1687.9275,1690.7025,1686.491,1686.491
2013-01-21T14:00:00+00:00,1686.469,1690.042,1685.9905,1689.33
2013-01-21T22:00:00+00:00,1689.352,1691.157,1689.2465,1690.15
2013-01-22T02:00:00+00:00,1690.15,1694.56,1689.95,1694.543
2013-01-22T06:00:00+00:00,1694.541,1694.644,1690.857,1692.8025
2013-01-22T10:00:00+00:00,1692.7745,1694.0565,1688.4725,1691.5585
2013-01-22T14:00:00+00:00,1691.5755,1696.225,1686.9105,1694.521
2013-01-22T18:00:00+00:00,1694.544,1695.202,1690.598,1692.708
2013-01-22T22:00:00+00:00,1692.606,1695.1185,1691.8815,1693.505
2013-01-23T02:00:00+00:00,1693.45,1694.055,1692.2205,1692.242
2013-01-23T06:00:00+00:00,1692.259,1693.6185,1690.7025,1692.3185
2013-01-23T10:00:00+00:00,1692.3145,1695.2,1691.484,1693.202
2013-01-23T14:00:00+00:00,1693.087,1693.5415,1684.035,1687.116
2013-01-23T18:00:00+00:00,1687.0725,1689.1315,1684.7445,1685.855
2013-01-23T22:00:00+00:00,1685.788,1686.3115,1681.7085,1683.0235
2013-01-24T02:00:00+00:00,1683.034,1684.232,1677.6515,1678.7125
2013-01-24T06:00:00+00:00,1678.7035,1683.3405,1678.067,1678.552
2013-01-24T10:00:00+00:00,1678.5415,1679.5355,1669.58,1673.648
2013-01-24T14:00:00+00:00,1673.6985,1676.032,1665.15,1669.3985
2013-01-24T18:00:00+00:00,1669.298,1671.0865,1665.96,1668.055
2013-01-24T22:00:00+00:00,1668.058,1669.326,1663.5945,1667.362
2013-01-25T02:00:00+00:00,1667.3435,1670.553,1667.0665,1669.5175
2013-01-25T06:00:00+00:00,1669.563,1672.4915,1667.698,1668.7855
2013-01-25T10:00:00+00:00,1668.73,1671.443,1660.3335,1662.01
2013-01-25T14:00:00+00:00,1662.0505,1663.302,1656.01,1658.606
2013-01-25T18:00:00+00:00,1658.5805,1660.331,1657.017,1658.785
2013-01-27T22:00:00+00:00,1659.055,1661.546,1658.071,1660.45
2013-01-28T02:00:00+00:00,1660.45,1661.2655,1658.8565,1660.6315
2013-01-28T06:00:00+00:00,1660.6135,1662.5025,1655.2565,1656.7715
2013-01-28T10:00:00+00:00,1656.792,1658.6265,1652.185,1654.902
2013-01-28T14:00:00+00:00,1654.9155,1660.1815,1653.68,1654.8135
2013-01-28T18:00:00+00:00,1654.827,1656.417,1653.024,1655.695
2013-01-28T22:00:00+00:00,1655.725,1659.6545,1654.755,1658.6715
2013-01-29T02:00:00+00:00,1658.6295,1661.691,1658.2905,1661.408
2013-01-29T06:00:00+00:00,1661.42,1664.9525,1661.0125,1661.9365
2013-01-29T10:00:00+00:00,1661.925,1664.6955,1660.3515,1663.3245
2013-01-29T14:00:00+00:00,1663.3405,1666.086,1659.896,1662.231
2013-01-29T18:00:00+00:00,1662.2455,1664.713,1660.0005,1663.782
2013-01-29T22:00:00+00:00,1663.7,1665.127,1662.9235,1664.1705
2013-01-30T02:00:00+00:00,1664.1895,1667.6295,1663.49,1666.879
2013-01-30T06:00:00+00:00,1666.8395,1668.952,1665.232,1666.504
2013-01-30T10:00:00+00:00,1666.515,1678.3225,1663.221,1675.602
2013-01-30T14:00:00+00:00,1675.482,1683.1085,1675.447,1678.802
2013-01-30T18:00:00+00:00,1678.8305,1683.937,1674.5955,1677.155
2013-01-30T22:00:00+00:00,1677.153,1678.328,1675.925,1676.8065
2013-01-31T02:00:00+00:00,1676.7825,1680.909,1676.398,1680.148
2013-01-31T06:00:00+00:00,1680.164,1680.685,1674.309,1674.7225
2013-01-31T10:00:00+00:00,1674.7025,1676.8805,1670.6255,1672.0955
2013-01-31T14:00:00+00:00,1672.1605,1672.1605,1658.0035,1662.4815
2013-01-31T18:00:00+00:00,1662.471,1665.102,1660.4975,1663.76
2013-01-31T22:00:00+00:00,1663.612,1664.8025,1660.562,1661.317
2013-02-01T02:00:00+00:00,1661.3015,1662.8245,1660.141,1662.1345
2013-02-01T06:00:00+00:00,1662.2025,1665.7135,1661.8275,1664.8795
2013-02-01T10:00:00+00:00,1664.857,1675.0835,1662.007,1672.4045
2013-02-01T14:00:00+00:00,1672.3915,1682.2435,1663.5715,1671.635
2013-02-01T18:00:00+00:00,1671.651,1671.7755,1666.853,1667.5
2013-02-03T22:00:00+00:00,1668.7,1669.1055,1665.15,1668.35
2013-02-04T02:00:00+00:00,1668.3255,1673.3695,1668.3055,1672.1405
2013-02-04T06:00:00+00:00,1672.1255,1673.0305,1664.791,1665.002
2013-02-04T10:00:00+00:00,1664.9145,1666.1015,1662.2025,1663.6745
2013-02-04T14:00:00+00:00,1663.696,1677.7225,1661.9745,1674.164
2013-02-04T18:00:00+00:00,1674.1945,1676.0575,1673.001,1674.385
2013-02-04T22:00:00+00:00,1674.403,1674.9895,1670.6375,1673.8215
2013-02-05T02:00:00+00:00,1673.8315,1676.373,1673.127,1676.0195
2013-02-05T06:00:00+00:00,1676.0025,1678.8205,1672.598,1678.0185
2013-02-05T10:00:00+00:00,1678.005,1685.0375,1673.567,1683.18
2013-02-05T14:00:00+00:00,1683.1025,1683.9055,1666.76,1673.0275
2013-02-05T18:00:00+00:00,1673.0365,1673.547,1670.8055,1672.985
2013-02-05T22:00:00+00:00,1672.967,1675.1385,1671.533,1671.839
2013-02-06T02:00:00+00:00,1671.862,1674.1685,1671.3345,1673.455
2013-02-06T06:00:00+00:00,1673.47,1674.2185,1669.598,1671.0995
2013-02-06T10:00:00+00:00,1671.1325,1678.202,1668.38,1674.367
2013-02-06T14:00:00+00:00,1674.4195,1679.5075,1673.43,1676.987
2013-02-06T18:00:00+00:00,1677.009,1679.765,1676.0975,1677.735
2013-02-06T22:00:00+00:00,1677.775,1679.25,1676.7605,1677.962
2013-02-07T02:00:00+00:00,1677.9655,1681.478,1677.3495,1680.7355
2013-02-07T06:00:00+00:00,1680.773,1681.431,1675.2595,1675.4775
2013-02-07T10:00:00+00:00,1675.4585,1680.42,1673.7685,1676.6295
2013-02-07T14:00:00+00:00,1676.6505,1683.303,1663.0995,1671.2975
2013-02-07T18:00:00+00:00,1671.3405,1673.164,1670.15,1671.32
2013-02-07T22:00:00+00:00,1671.319,1672.946,1668.076,1670.1445
2013-02-08T02:00:00+00:00,1670.146,1672.7175,1669.8305,1672.3335
2013-02-08T06:00:00+00:00,1672.3255,1673.773,1669.0775,1670.3765
2013-02-08T10:00:00+00:00,1670.4035,1671.7095,1666.1975,1666.9265
2013-02-08T14:00:00+00:00,1666.8965,1673.6025,1665.125,1666.3235
2013-02-08T18:00:00+00:00,1666.2095,1669.2155,1666.116,1667.19
2013-02-10T22:00:00+00:00,1667.57,1669.3025,1666.2415,1667.307
2013-02-11T02:00:00+00:00,1667.336,1668.9345,1666.867,1667.756
2013-02-11T06:00:00+00:00,1667.772,1669.717,1662.5145,1662.79
2013-02-11T10:00:00+00:00,1662.7675,1664.545,1643.8645,1649.707
2013-02-11T14:00:00+00:00,1649.8175,1652.7735,1645.2025,1647.3965
2013-02-11T18:00:00+00:00,1647.414,1651.302,1647.39,1648.1005
2013-02-11T22:00:00+00:00,1647.993,1648.8205,1642.7195,1645.3725
2013-02-12T02:00:00+00:00,1645.343,1647.5565,1643.0755,1646.7615
2013-02-12T06:00:00+00:00,1646.7805,1646.9655,1641.524,1643.4445
2013-02-12T10:00:00+00:00,1643.5185,1650.502,1639.31,1648.55
2013-02-12T14:00:00+00:00,1648.5495,1653.502,1641.6095,1649.692
2013-02-12T18:00:00+00:00,1649.702,1652.202,1648.313,1651.3245
2013-02-12T22:00:00+00:00,1651.3355,1653.127,1650.8975,1652.7735
2013-02-13T02:00:00+00:00,1652.798,1653.6105,1649.5485,1649.7705
2013-02-13T06:00:00+00:00,1649.755,1650.347,1646.154,1647.3095
2013-02-13T10:00:00+00:00,1647.2885,1653.1025,1645.3195,1651.9035
2013-02-13T14:00:00+00:00,1651.8955,1652.773,1642.791,1646.2
2013-02-13T18:00:00+00:00,1646.202,1646.202,1640.55,1642.563
2013-02-13T22:00:00+00:00,1642.576,1644.8405,1641.7975,1644.4025
2013-02-14T02:00:00+00:00,1644.3865,1646.341,1644.3,1645.833
2013-02-14T06:00:00+00:00,1645.8475,1646.1465,1641.5295,1641.607
2013-02-14T10:00:00+00:00,1641.626,1650.143,1639.971,1647.714
2013-02-14T14:00:00+00:00,1647.73,1650.143,1633.647,1634.417
2013-02-14T18:00:00+00:00,1634.401,1637.4555,1632.974,1634.831
2013-02-14T22:00:00+00:00,1634.753,1636.1295,1630.4315,1632.1305
2013-02-15T02:00:00+00:00,1632.107,1635.011,1631.129,1633.4955
2013-02-15T06:00:00+00:00,1633.4465,1634.461,1628.049,1628.102
2013-02-15T10:00:00+00:00,1628.249,1629.933,1613.2795,1613.5165
2013-02-15T14:00:00+00:00,1613.5065,1617.7105,1598.466,1606.9685
2013-02-15T18:00:00+00:00,1606.894,1610.2945,1603.8955,1609.996
2013-02-17T22:00:00+00:00,1609.8,1618.947,1609.6205,1618.6785
2013-02-18T02:00:00+00:00,1618.642,1618.642,1611.767,1615.4835
2013-02-18T06:00:00+00:00,1615.4995,1617.5,1612.324,1612.352
2013-02-18T10:00:00+00:00,1612.403,1613.1665,1609.074,1611.3165
2013-02-18T14:00:00+00:00,1611.2905,1613.034,1607.2395,1609.95
2013-02-18T18:00:00+00:00,1609.95,1610.579,1609.724,1610.1
2013-02-18T22:00:00+00:00,1609.95,1615.017,1609.8,1614.583
2013-02-19T02:00:00+00:00,1614.508,1615.3575,1612.7975,1613.9915
2013-02-19T06:00:00+00:00,1613.9765,1615.063,1611.4945,1612.797
2013-02-19T10:00:00+00:00,1612.7095,1614.6215,1608.6095,1610.51
2013-02-19T14:00:00+00:00,1610.5185,1611.147,1600.779,1605.276
2013-02-19T18:00:00+00:00,1605.2805,1608.2935,1603.231,1605.089
2013-02-19T22:00:00+00:00,1605.039,1609.5215,1604.403,1608.3535
2013-02-20T02:00:00+00:00,1608.3235,1608.9325,1606.255,1607.247
2013-02-20T06:00:00+00:00,1607.2635,1609.0785,1604.1265,1604.3925
2013-02-20T10:00:00+00:00,1604.502,1604.5025,1588.8675,1592.8905
2013-02-20T14:00:00+00:00,1592.8685,1593.6845,1578.247,1580.03
2013-02-20T18:00:00+00:00,1580.004,1580.8805,1558.7705,1564.565
2013-02-20T22:00:00+00:00,1564.588,1571.4795,1555.99,1556.8995
2013-02-21T02:00:00+00:00,1556.798,1563.8005,1555.1005,1563.467
2013-02-21T06:00:00+00:00,1563.4835,1571.508,1563.1465,1570.056
2013-02-21T10:00:00+00:00,1570.0645,1575.041,1566.021,1570.724
2013-02-21T14:00:00+00:00,1570.8305,1585.1085,1568.115,1579.169
2013-02-21T18:00:00+00:00,1579.147,1581.302,1574.2855,1576.1855
2013-02-21T22:00:00+00:00,1576.189,1581.654,1576.17,1580.504
2013-02-22T02:00:00+00:00,1580.602,1587.137,1580.568,1586.416
2013-02-22T06:00:00+00:00,1586.4325,1587.3805,1579.829,1581.2145
2013-02-22T10:00:00+00:00,1581.2165,1583.1155,1574.748,1575.9245
2013-02-22T14:00:00+00:00,1575.919,1578.807,1570.005,1572.323
2013-02-22T18:00:00+00:00,1572.3125,1581.82,1572.178,1581.3
2013-02-24T22:00:00+00:00,1580.475,1582.2055,1575.3285,1581.839
2013-02-25T02:00:00+00:00,1581.9165,1586.826,1581.38,1586.546
2013-02-25T06:00:00+00:00,1586.5145,1592.7785,1584.5635,1591.558
2013-02-25T10:00:00+00:00,1591.457,1594.613,1586.9495,1587.478
2013-02-25T14:00:00+00:00,1587.4375,1592.1205,1584.214,1590.246
2013-02-25T18:00:00+00:00,1590.25,1597.1205,1586.181,1593.627
2013-02-25T22:00:00+00:00,1593.605,1598.48,1592.3,1597.945
2013-02-26T02:00:00+00:00,1597.902,1598.18,1591.1,1593.355
2013-02-26T06:00:00+00:00,1593.317,1602.089,1588.0005,1598.566
2013-02-26T10:00:00+00:00,1598.582,1598.948,1589.75,1596.8205
2013-02-26T14:00:00+00:00,1596.827,1619.7475,1584.4975,1614.302
2013-02-26T18:00:00+00:00,1614.302,1617.898,1612.288,1613.7
2013-02-26T22:00:00+00:00,1613.67,1614.9215,1611.8695,1613.109
2013-02-27T02:00:00+00:00,1613.0595,1613.761,1609.85,1610.6205
2013-02-27T06:00:00+00:00,1610.498,1612.83,1608.0805,1609.722
2013-02-27T10:00:00+00:00,1609.742,1611.328,1604.245,1606.498
2013-02-27T14:00:00+00:00,1606.5215,1608.543,1596.4095,1597.6135
2013-02-27T18:00:00+00:00,1597.663,1598.6025,1592.4695,1597.199
2013-02-27T22:00:00+00:00,1597.09,1599.002,1595.82,1596.98
2013-02-28T02:00:00+00:00,1597.0195,1599.9025,1596.2495,1599.4475
2013-02-28T06:00:00+00:00,1599.367,1603.0775,1588.2145,1590.205
2013-02-28T10:00:00+00:00,1590.175,1595.0865,1586.35,1593.4
2013-02-28T14:00:00+00:00,1593.453,1596.81,1575.03,1581.45
2013-02-28T18:00:00+00:00,1581.45,1582.268,1575.031,1579.7595
2013-02-28T22:00:00+00:00,1579.775,1583.655,1579.424,1582.0955
2013-03-01T02:00:00+00:00,1582.01,1583.423,1576.95,1579.7355
2013-03-01T06:00:00+00:00,1579.7125,1582.2235,1564.886,1568.6765
2013-03-01T10:00:00+00:00,1568.6465,1587.322,1565.85,1583.118
2013-03-01T14:00:00+00:00,1583.136,1587.402,1572.3975,1572.9
2013-03-01T18:00:00+00:00,1572.9105,1577.5095,1572.85,1576.2385
2013-03-03T22:00:00+00:00,1578.785,1585,1578.635,1582.6095
2013-03-04T02:00:00+00:00,1582.577,1582.712,1576.4805,1579.002
2013-03-04T06:00:00+00:00,1579.0285,1581.447,1572.7875,1578.1205
2013-03-04T10:00:00+00:00,1578.1115,1580.5865,1575.309,1577.1775
2013-03-04T14:00:00+00:00,1577.036,1578.8965,1570.9,1574.1
2013-03-04T18:00:00+00:00,1574.186,1574.741,1569.555,1573.855
2013-03-04T22:00:00+00:00,1573.865,1578.7635,1573.84,1577.48
2013-03-05T02:00:00+00:00,1577.463,1582.302,1576.86,1581.722
2013-03-05T06:00:00+00:00,1581.785,1583.6095,1579.211,1581.389
2013-03-05T10:00:00+00:00,1581.414,1586.5975,1579.9505,1581.3
2013-03-05T14:00:00+00:00,1581.197,1585.16,1572.5975,1572.872
2013-03-05T18:00:00+00:00,1572.8505,1577.82,1572.053,1575.4335
2013-03-05T22:00:00+00:00,1575.384,1580.2805,1575.2775,1578.708
2013-03-06T02:00:00+00:00,1578.6895,1579.4235,1577.887,1578.7625
2013-03-06T06:00:00+00:00,1578.752,1579.4085,1574.167,1575.2975
2013-03-06T10:00:00+00:00,1575.266,1579.073,1572.618,1577.515
2013-03-06T14:00:00+00:00,1577.513,1584.933,1567.4015,1575.99
2013-03-06T18:00:00+00:00,1576.003,1585.0255,1575.1,1583.862
2013-03-06T22:00:00+00:00,1583.897,1585.1295,1579.5965,1580.6305
2013-03-07T02:00:00+00:00,1580.702,1585.49,1580.517,1583.457
2013-03-07T06:00:00+00:00,1583.544,1585.6135,1580.5765,1581.1085
2013-03-07T10:00:00+00:00,1581.05,1585.068,1578.5955,1582.736
2013-03-07T14:00:00+00:00,1582.679,1584.5855,1575.2665,1576.762
2013-03-07T18:00:00+00:00,1576.779,1579.1345,1575.1065,1578.995
2013-03-07T22:00:00+00:00,1578.969,1580.435,1578.05,1579.158
2013-03-08T02:00:00+00:00,1579.155,1579.3385,1576.35,1577.638
2013-03-08T06:00:00+00:00,1577.61,1582.6,1577.41,1579.881
2013-03-08T10:00:00+00:00,1580.0135,1580.343,1561.911,1566.4795
2013-03-08T14:00:00+00:00,1566.455,1583.8425,1562.002,1577.6605
2013-03-08T18:00:00+00:00,1577.6435,1579.506,1576.192,1578.88
2013-03-10T21:00:00+00:00,1578.465,1579.114,1575.65,1577.8495
2013-03-11T01:00:00+00:00,1577.75,1581.9135,1577.75,1580.628
2013-03-11T05:00:00+00:00,1580.638,1583.354,1579.2585,1579.841
2013-03-11T09:00:00+00:00,1579.8515,1581.1225,1576.698,1578.65
2013-03-11T13:00:00+00:00,1578.6,1582.15,1577.737,1579.341
2013-03-11T17:00:00+00:00,1579.3155,1582.088,1577.8975,1581.521
2013-03-11T21:00:00+00:00,1581.57,1582.575,1580.1455,1580.5335
2013-03-12T01:00:00+00:00,1580.4975,1584.601,1580.347,1583.905
2013-03-12T05:00:00+00:00,1583.898,1584.6925,1581.8695,1582.366
2013-03-12T09:00:00+00:00,1582.4155,1598.028,1582.116,1593.505
2013-03-12T13:00:00+00:00,1593.526,1598.53,1590.537,1592.598
2013-03-12T17:00:00+00:00,1592.483,1594.133,1592,1592.789
2013-03-12T21:00:00+00:00,1592.775,1594.172,1592.6305,1593.4605
2013-03-13T01:00:00+00:00,1593.399,1594.215,1592.174,1593.089
2013-03-13T05:00:00+00:00,1593.089,1594.2055,1590.0695,1590.554
2013-03-13T09:00:00+00:00,1590.47,1597.1815,1589.507,1593.0515
2013-03-13T13:00:00+00:00,1593.075,1599.26,1585.674,1586.54
2013-03-13T17:00:00+00:00,1586.528,1590.4305,1586.209,1587.852
2013-03-13T21:00:00+00:00,1587.833,1589.753,1587.0345,1588.5965
2013-03-14T01:00:00+00:00,1588.617,1589.264,1583.777,1587.4675
2013-03-14T05:00:00+00:00,1587.506,1589.5335,1586.219,1587.8125
2013-03-14T09:00:00+00:00,1587.779,1588.4775,1577.098,1580.798
2013-03-14T13:00:00+00:00,1580.925,1593.46,1580.337,1592.2185
2013-03-14T17:00:00+00:00,1592.165,1593.196,1587.838,1590.227
2013-03-14T21:00:00+00:00,1590.228,1591.023,1588.6355,1590.783
2013-03-15T01:00:00+00:00,1590.7735,1592.464,1590.583,1591.678
2013-03-15T05:00:00+00:00,1591.66,1594.4745,1591.1495,1592.4835
2013-03-15T09:00:00+00:00,1592.47,1596.02,1591.789,1594.889
2013-03-15T13:00:00+00:00,1594.8955,1598.963,1590.632,1594.202
2013-03-15T17:00:00+00:00,1594.18,1594.602,1591.272,1592.137
2013-03-17T21:00:00+00:00,1598.175,1608.865,1597.41,1603.642
2013-03-18T01:00:00+00:00,1603.5765,1603.821,1592.2065,1598.295
2013-03-18T05:00:00+00:00,1598.2775,1606.3165,1595.6825,1603.8585
2013-03-18T09:00:00+00:00,1603.8745,1609.102,1599.8055,1606.796
2013-03-18T13:00:00+00:00,1606.808,1611.2135,1602.167,1606.766
2013-03-18T17:00:00+00:00,1606.713,1607.3215,1603.573,1605.489
2013-03-18T21:00:00+00:00,1605.499,1606.63,1603.778,1604.641
2013-03-19T01:00:00+00:00,1604.6305,1607.004,1602.733,1605.44
2013-03-19T05:00:00+00:00,1605.471,1606.382,1602.577,1602.6165
2013-03-19T09:00:00+00:00,1602.622,1604.7025,1600.174,1602.3345
2013-03-19T13:00:00+00:00,1602.325,1615.111,1601.899,1614.66
2013-03-19T17:00:00+00:00,1614.722,1615.702,1609.5065,1612.847
2013-03-19T21:00:00+00:00,1612.938,1613.95,1612.022,1612.228
2013-03-20T01:00:00+00:00,1612.334,1613.4125,1610.814,1613.336
2013-03-20T05:00:00+00:00,1613.4095,1614.911,1610.5185,1611.2435
2013-03-20T09:00:00+00:00,1611.2,1612.509,1606.5975,1608.5435
2013-03-20T13:00:00+00:00,1608.523,1610.614,1605.977,1607.4415
2013-03-20T17:00:00+00:00,1607.4265,1609.448,1603.5235,1606.883
2013-03-20T21:00:00+00:00,1606.922,1607.613,1604.5825,1605.168
2013-03-21T01:00:00+00:00,1605.2025,1609.1145,1604.951,1608.057
2013-03-21T05:00:00+00:00,1608.041,1609.802,1607.249,1607.8235
2013-03-21T09:00:00+00:00,1607.875,1616.802,1607.538,1615.091
2013-03-21T13:00:00+00:00,1615.1115,1616.7025,1611.334,1613.5305
2013-03-21T17:00:00+00:00,1613.5045,1616.2365,1613.288,1614.823
2013-03-21T21:00:00+00:00,1614.838,1616.235,1614.2145,1614.6305
2013-03-22T01:00:00+00:00,1614.664,1615.0305,1613.5465,1614.2845
2013-03-22T05:00:00+00:00,1614.2945,1615.5815,1611.5745,1613.404
2013-03-22T09:00:00+00:00,1613.4135,1613.657,1603.645,1605.297
2013-03-22T13:00:00+00:00,1605.244,1611.4135,1604.298,1607.477
2013-03-22T17:00:00+00:00,1607.493,1609.092,1606.3275,1608.54
2013-03-24T21:00:00+00:00,1609.73,1610.709,1602.9585,1608.5435
2013-03-25T01:00:00+00:00,1608.5145,1613.704,1607.55,1610.41
2013-03-25T05:00:00+00:00,1610.441,1612.175,1605.398,1605.721
2013-03-25T09:00:00+00:00,1605.761,1606.5135,1590.066,1594.302
2013-03-25T13:00:00+00:00,1594.302,1606.902,1593.5905,1605.2135
2013-03-25T17:00:00+00:00,1605.215,1607.918,1602.3025,1605.187
2013-03-25T21:00:00+00:00,1605.21,1606.122,1602.8185,1603.407
2013-03-26T01:00:00+00:00,1603.402,1604.977,1600.788,1601.643
2013-03-26T05:00:00+00:00,1601.6285,1603.706,1600.1655,1600.321
2013-03-26T09:00:00+00:00,1600.352,1600.6385,1596.298,1597.5345
2013-03-26T13:00:00+00:00,1597.516,1601.1,1594.726,1596.918
2013-03-26T17:00:00+00:00,1596.9725,1600.942,1595.318,1599.871
2013-03-26T21:00:00+00:00,1599.785,1601.0685,1599.1105,1600.157
2013-03-27T01:00:00+00:00,1600.1735,1600.561,1597.747,1599.261
2013-03-27T05:00:00+00:00,1599.285,1599.602,1592.625,1595.5545
2013-03-27T09:00:00+00:00,1595.5995,1600.113,1591.383,1599.1445
2013-03-27T13:00:00+00:00,1599.14,1607.9305,1596.906,1605.7545
2013-03-27T17:00:00+00:00,1605.73,1608.374,1604.6655,1605.35
2013-03-27T21:00:00+00:00,1605.334,1606.308,1603.621,1605.1575
2013-03-28T01:00:00+00:00,1605.202,1607.802,1605.082,1605.9165
2013-03-28T05:00:00+00:00,1605.948,1606.267,1603.557,1604.6245
2013-03-28T09:00:00+00:00,1604.498,1606.183,1599.4515,1599.89
2013-03-28T13:00:00+00:00,1599.8715,1600.103,1594.365,1594.907
2013-03-28T17:00:00+00:00,1594.902,1597.307,1594.073,1597.064
2013-03-31T22:00:00+01:00,1597.68,1601.21,1595.158,1598.336
2013-04-01T02:00:00+01:00,1598.2975,1601.202,1597.6255,1597.979
2013-04-01T06:00:00+01:00,1598.002,1599.5565,1595.416,1597.183
2013-04-01T10:00:00+01:00,1597.191,1599.825,1596.9445,1597.9705
2013-04-01T14:00:00+01:00,1597.9605,1600.435,1594.8565,1599.119
2013-04-01T18:00:00+01:00,1599.08,1601.095,1598.38,1599.596
2013-04-01T22:00:00+01:00,1599.587,1603.1735,1599.2395,1602.994
2013-04-02T02:00:00+01:00,1603.0705,1604.015,1601.786,1602.337
2013-04-02T06:00:00+01:00,1602.298,1602.722,1598.6025,1600.216
2013-04-02T10:00:00+01:00,1600.1665,1600.1665,1583.777,1585.4245
2013-04-02T14:00:00+01:00,1585.469,1586.295,1574.9125,1575.109
2013-04-02T18:00:00+01:00,1575.119,1577.333,1573.89,1575.859
2013-04-02T22:00:00+01:00,1575.856,1577.2805,1575.592,1577.0755
2013-04-03T02:00:00+01:00,1577.027,1577.027,1563.565,1568.4965
2013-04-03T06:00:00+01:00,1568.477,1573.182,1564.57,1570.9205
2013-04-03T10:00:00+01:00,1570.922,1575.251,1567.1725,1573.453
2013-04-03T14:00:00+01:00,1573.483,1576.7415,1556.677,1560.4025
2013-04-03T18:00:00+01:00,1560.402,1560.402,1550.003,1557.879
2013-04-03T22:00:00+01:00,1557.95,1559.65,1548.596,1549.8395
2013-04-04T02:00:00+01:00,1549.8245,1551.5655,1541.5085,1546.579
2013-04-04T06:00:00+01:00,1546.557,1555.566,1540.3035,1547.405
2013-04-04T10:00:00+01:00,1547.3855,1553.9025,1542.0495,1551.403
2013-04-04T14:00:00+01:00,1551.4115,1554.103,1544.98,1548.3425
2013-04-04T18:00:00+01:00,1548.36,1556.9445,1548.102,1554.56
2013-04-04T22:00:00+01:00,1554.4,1555.208,1550.7845,1551.362
2013-04-05T02:00:00+01:00,1551.3855,1553.729,1549.459,1551.789
2013-04-05T06:00:00+01:00,1551.758,1552.862,1549.7925,1551.6385
2013-04-05T10:00:00+01:00,1551.659,1571.6505,1551.4465,1568.702
2013-04-05T14:00:00+01:00,1568.567,1574.9025,1562.305,1574.578
2013-04-05T18:00:00+01:00,1574.602,1581.7545,1572.976,1581.177
2013-04-07T22:00:00+01:00,1581.35,1583.294,1576.024,1576.814
2013-04-08T02:00:00+01:00,1576.8045,1579.889,1575.74,1578.433
2013-04-08T06:00:00+01:00,1578.448,1581.008,1576.242,1578.7895
2013-04-08T10:00:00+01:00,1578.752,1579.402,1572.878,1575.619
2013-04-08T14:00:00+01:00,1575.6155,1577.4335,1567.4955,1572.619
2013-04-08T18:00:00+01:00,1572.523,1574.4195,1571.517,1573.5
2013-04-08T22:00:00+01:00,1573.5105,1573.7055,1570.5355,1571.712
2013-04-09T02:00:00+01:00,1571.694,1577.083,1571.694,1576.721
2013-04-09T06:00:00+01:00,1576.7305,1577.208,1574.447,1574.9535
2013-04-09T10:00:00+01:00,1575.033,1577.244,1570.676,1575.663
2013-04-09T14:00:00+01:00,1575.666,1590.5115,1574.098,1585.75
2013-04-09T18:00:00+01:00,1585.7045,1588.25,1584.25,1585.3
2013-04-09T22:00:00+01:00,1585.35,1587.045,1584.4195,1586.852
2013-04-10T02:00:00+01:00,1586.834,1588.461,1585.272,1585.955
2013-04-10T06:00:00+01:00,1585.925,1588.7355,1580.841,1580.921
2013-04-10T10:00:00+01:00,1580.8665,1582.7945,1576.767,1579.265
2013-04-10T14:00:00+01:00,1579.198,1579.198,1556.898,1559.098
2013-04-10T18:00:00+01:00,1559.154,1564.064,1556.0195,1558.409
2013-04-10T22:00:00+01:00,1558.395,1559.097,1553.528,1555.506
2013-04-11T02:00:00+01:00,1555.446,1561.174,1555.446,1560.46
2013-04-11T06:00:00+01:00,1560.4375,1561.8105,1555.8565,1559.2995
2013-04-11T10:00:00+01:00,1559.33,1562.2555,1554.899,1558.828
2013-04-11T14:00:00+01:00,1558.883,1568.433,1557.302,1566.069
2013-04-11T18:00:00+01:00,1566.0805,1567.083,1560.15,1561.519
2013-04-11T22:00:00+01:00,1561.511,1562.8855,1560.05,1561.251
2013-04-12T02:00:00+01:00,1561.274,1562.9175,1558.765,1561.129
2013-04-12T06:00:00+01:00,1561.12,1564.793,1556.89,1557.33
2013-04-12T10:00:00+01:00,1557.2395,1557.321,1528.958,1537.922
2013-04-12T14:00:00+01:00,1537.93,1539.3705,1493.3825,1506.098
2013-04-12T18:00:00+01:00,1506.25,1506.423,1482,1483.267
2013-04-14T22:00:00+01:00,1481.745,1495.651,1478.386,1485.5305
2013-04-15T02:00:00+01:00,1485.5655,1485.8405,1428.2225,1447.3855
2013-04-15T06:00:00+01:00,1447.376,1459.35,1404.3695,1410.7675
2013-04-15T10:00:00+01:00,1410.802,1428.1695,1385.8725,1421.9995
2013-04-15T14:00:00+01:00,1421.995,1422.6905,1355.3325,1371.25
2013-04-15T18:00:00+01:00,1371.214,1377.4,1337.905,1347.64
2013-04-15T22:00:00+01:00,1347.679,1367.5075,1321.9,1331.965
2013-04-16T02:00:00+01:00,1331.936,1366.779,1327.1,1366.0285
2013-04-16T06:00:00+01:00,1366.054,1380.255,1357.919,1376.1395
2013-04-16T10:00:00+01:00,1376.094,1403.33,1375.706,1396.95
2013-04-16T14:00:00+01:00,1396.95,1398.3205,1371.5915,1379.25
2013-04-16T18:00:00+01:00,1379.269,1390.472,1362.48,1367.4095
2013-04-16T22:00:00+01:00,1367.3895,1380.2345,1365.066,1374.75
2013-04-17T02:00:00+01:00,1374.7395,1382.95,1366.1955,1377.1
2013-04-17T06:00:00+01:00,1377.1,1385.8355,1369.711,1383.2775
2013-04-17T10:00:00+01:00,1383.171,1392.1905,1370.2805,1384.6235
2013-04-17T14:00:00+01:00,1384.5685,1395.1805,1373.5605,1376.298
2013-04-17T18:00:00+01:00,1376.343,1383.474,1368.548,1376.307
2013-04-17T22:00:00+01:00,1376.327,1381.35,1365.647,1365.6545
2013-04-18T02:00:00+01:00,1365.6295,1368.3545,1345.738,1368.081
2013-04-18T06:00:00+01:00,1368.069,1389.919,1363.2025,1387.079
2013-04-18T10:00:00+01:00,1387.1235,1402.2185,1386.0885,1394.95
2013-04-18T14:00:00+01:00,1394.95,1399.014,1381.804,1390.6665
2013-04-18T18:00:00+01:00,1390.537,1395.0625,1386.3795,1390.4975
2013-04-18T22:00:00+01:00,1390.471,1396.8045,1388.0315,1388.5045
2013-04-19T02:00:00+01:00,1388.5,1399.5715,1385.9805,1398.2945
2013-04-19T06:00:00+01:00,1398.3045,1425.28,1398.15,1416.65
2013-04-19T10:00:00+01:00,1416.5555,1419.15,1399.341,1404.714
2013-04-19T14:00:00+01:00,1404.739,1409.4295,1393.2975,1395.5975
2013-04-19T18:00:00+01:00,1395.6235,1404.308,1391.8375,1403.85
2013-04-21T22:00:00+01:00,1407.89,1416.4705,1403.817,1414.6155
2013-04-22T02:00:00+01:00,1414.6805,1424.2815,1414.0615,1422.5495
2013-04-22T06:00:00+01:00,1422.543,1427.25,1418.1035,1423.07
2013-04-22T10:00:00+01:00,1423.0915,1439.087,1422.886,1428.4355
2013-04-22T14:00:00+01:00,1428.4385,1429.8655,1418.95,1422.8425
2013-04-22T18:00:00+01:00,1422.85,1428.2435,1421.35,1426.3895
2013-04-22T22:00:00+01:00,1426.39,1427.514,1419.809,1423.95
2013-04-23T02:00:00+01:00,1423.95,1431.7785,1421.3025,1427.8
2013-04-23T06:00:00+01:00,1427.721,1427.8,1410.6195,1415.1835
2013-04-23T10:00:00+01:00,1415.1575,1427.123,1412.4425,1416.415
2013-04-23T14:00:00+01:00,1416.433,1421.386,1405.2695,1413.63
2013-04-23T18:00:00+01:00,1413.663,1418.3405,1409.071,1413.181
2013-04-23T22:00:00+01:00,1413.178,1420.4475,1412.4215,1419.9355
2013-04-24T02:00:00+01:00,1419.8855,1429.182,1419.2895,1427.3705
2013-04-24T06:00:00+01:00,1427.421,1430.35,1422.799,1425.82
2013-04-24T10:00:00+01:00,1425.8085,1433.448,1419.4335,1430.105
2013-04-24T14:00:00+01:00,1430.1165,1432.0005,1421.865,1423.7125
2013-04-24T18:00:00+01:00,1423.741,1432.2005,1421.392,1431.976
2013-04-24T22:00:00+01:00,1431.972,1432.975,1427.174,1432.0615
2013-04-25T02:00:00+01:00,1432.05,1448.25,1430.99,1447.137
2013-04-25T06:00:00+01:00,1447.125,1448.2335,1442.208,1444.729
2013-04-25T10:00:00+01:00,1444.776,1455.2465,1444.127,1452.4025
2013-04-25T14:00:00+01:00,1452.453,1458.0215,1445.5975,1457.442
2013-04-25T18:00:00+01:00,1457.463,1469.0575,1457.333,1467.935
2013-04-25T22:00:00+01:00,1467.917,1476.8635,1463.8525,1476.4085
2013-04-26T02:00:00+01:00,1476.4245,1485.4535,1471.45,1474.137
2013-04-26T06:00:00+01:00,1474.148,1477.0175,1459.43,1462.931
2013-04-26T10:00:00+01:00,1462.913,1474.1645,1460.4385,1470.753
2013-04-26T14:00:00+01:00,1470.802,1483.118,1448.5905,1453.1495
2013-04-26T18:00:00+01:00,1453.133,1462.7505,1450.637,1461.756
2013-04-28T22:00:00+01:00,1466.8,1468.0725,1462.3765,1467.073
2013-04-29T02:00:00+01:00,1466.963,1472.4245,1466.198,1469.621
2013-04-29T06:00:00+01:00,1469.656,1477.02,1468.2245,1471.9255
2013-04-29T10:00:00+01:00,1471.935,1478.147,1467.963,1469.681
2013-04-29T14:00:00+01:00,1469.644,1475.07,1463.363,1467.883
2013-04-29T18:00:00+01:00,1467.94,1475.913,1465.8975,1475.799
2013-04-29T22:00:00+01:00,1475.768,1476.377,1472.1445,1473.74
2013-04-30T02:00:00+01:00,1473.6975,1474.1365,1468.673,1469.3085
2013-04-30T06:00:00+01:00,1469.28,1479.346,1461.1215,1470.1355
2013-04-30T10:00:00+01:00,1470.2065,1475.0775,1466.59,1471.119
2013-04-30T14:00:00+01:00,1471.0695,1476.661,1463.8975,1471.9665
2013-04-30T18:00:00+01:00,1472.0025,1477.3995,1471.109,1476.665
2013-04-30T22:00:00+01:00,1476.639,1478.2125,1472.3105,1474.849
2013-05-01T02:00:00+01:00,1474.887,1476.9,1473.416,1474.896
2013-05-01T06:00:00+01:00,1474.8295,1475.394,1470.0725,1472.338
2013-05-01T10:00:00+01:00,1472.351,1472.4585,1457.8835,1459.924
2013-05-01T14:00:00+01:00,1459.933,1461.3,1440.55,1445.5575
2013-05-01T18:00:00+01:00,1445.55,1463.6705,1443.45,1457.6395
2013-05-01T22:00:00+01:00,1457.3625,1460.597,1454.125,1456.35
2013-05-02T02:00:00+01:00,1456.392,1456.65,1448.95,1453.52
2013-05-02T06:00:00+01:00,1453.5005,1460.233,1452.198,1455.316
2013-05-02T10:00:00+01:00,1455.327,1469.5575,1454.1755,1464.562
2013-05-02T14:00:00+01:00,1464.5895,1473.8165,1464.0305,1469.1045
2013-05-02T18:00:00+01:00,1469.05,1470.509,1466.35,1467.177
2013-05-02T22:00:00+01:00,1467.178,1468.9475,1465.816,1467.41
2013-05-03T02:00:00+01:00,1467.438,1477.384,1466.87,1473.7325
2013-05-03T06:00:00+01:00,1473.7125,1479.078,1473.45,1476.901
2013-05-03T10:00:00+01:00,1476.883,1488.096,1456.3725,1467.1325
2013-05-03T14:00:00+01:00,1467.0825,1475.7,1461.3575,1467.05
2013-05-03T18:00:00+01:00,1467.066,1471.2395,1462.452,1470.707
2013-05-05T22:00:00+01:00,1470.45,1475.499,1468.604,1475.382
2013-05-06T02:00:00+01:00,1475.363,1479.0545,1473.5035,1477.185
2013-05-06T06:00:00+01:00,1477.162,1478.773,1471.713,1472.949
2013-05-06T10:00:00+01:00,1473.051,1478.1,1469.929,1470.656
2013-05-06T14:00:00+01:00,1470.6255,1473.2825,1464.6645,1468.3225
2013-05-06T18:00:00+01:00,1468.3345,1471.0925,1467.611,1469.485
2013-05-06T22:00:00+01:00,1469.501,1470.8435,1466.24,1468.874
2013-05-07T02:00:00+01:00,1468.85,1469.87,1459.5505,1465.395
2013-05-07T06:00:00+01:00,1465.395,1466.4,1457.521,1461.1755
2013-05-07T10:00:00+01:00,1461.0995,1465.7325,1447.63,1450.6155
2013-05-07T14:00:00+01:00,1450.652,1454.309,1441.39,1451.902
2013-05-07T18:00:00+01:00,1451.9135,1453.9295,1447.02,1452.791
2013-05-07T22:00:00+01:00,1452.792,1452.792,1447.738,1449.727
2013-05-08T02:00:00+01:00,1449.7685,1459.07,1448.623,1454.883
2013-05-08T06:00:00+01:00,1454.86,1457.339,1452.71,1455.7405
2013-05-08T10:00:00+01:00,1455.61,1470.3455,1450.1,1466.455
2013-05-08T14:00:00+01:00,1466.425,1469.7185,1463.5865,1467.93
2013-05-08T18:00:00+01:00,1467.9115,1476.827,1467.888,1474.079
2013-05-08T22:00:00+01:00,1474.055,1474.055,1468.556,1469.976
2013-05-09T02:00:00+01:00,1469.951,1476.779,1469.932,1473.8475
2013-05-09T06:00:00+01:00,1473.81,1474.026,1468.541,1470.382
2013-05-09T10:00:00+01:00,1470.45,1473.5,1461.501,1464.694
2013-05-09T14:00:00+01:00,1464.69,1472.2045,1459.994,1471.102
2013-05-09T18:00:00+01:00,1471.117,1471.8435,1453.375,1458.201
2013-05-09T22:00:00+01:00,1458.175,1458.841,1453.55,1454.601
2013-05-10T02:00:00+01:00,1454.5745,1461.975,1452.7445,1460.032
2013-05-10T06:00:00+01:00,1460.0465,1462.291,1446.9085,1446.9085
2013-05-10T10:00:00+01:00,1447.002,1451.167,1427.121,1435.922
2013-05-10T14:00:00+01:00,1435.912,1436.38,1419.6975,1433.66
2013-05-10T18:00:00+01:00,1433.443,1449.45,1433.231,1448.023
2013-05-12T22:00:00+01:00,1445.548,1447.132,1435.8945,1437.246
2013-05-13T02:00:00+01:00,1437.275,1439.84,1426.066,1431.31
2013-05-13T06:00:00+01:00,1431.41,1439.1745,1428.86,1432.31
2013-05-13T10:00:00+01:00,1432.31,1437.14,1426.9595,1434.25
2013-05-13T14:00:00+01:00,1434.198,1437.1125,1429.026,1435.284
2013-05-13T18:00:00+01:00,1435.258,1437.1695,1429.466,1430.574
2013-05-13T22:00:00+01:00,1430.514,1441.103,1430.1795,1440.095
2013-05-14T02:00:00+01:00,1440.1705,1445.5755,1439.826,1440.97
2013-05-14T06:00:00+01:00,1440.93,1443.481,1437.2605,1437.791
2013-05-14T10:00:00+01:00,1437.8175,1437.883,1421.2695,1423.618
2013-05-14T14:00:00+01:00,1423.6285,1439.25,1422.4055,1426.4385
2013-05-14T18:00:00+01:00,1426.4625,1429.345,1423.402,1425.471
2013-05-14T22:00:00+01:00,1425.472,1430.9195,1423.7175,1425.86
2013-05-15T02:00:00+01:00,1425.77,1430.1095,1425.2545,1425.7685
2013-05-15T06:00:00+01:00,1425.793,1427.245,1408.5425,1412.123
2013-05-15T10:00:00+01:00,1412.139,1418.006,1406.479,1411.9
2013-05-15T14:00:00+01:00,1412,1416.663,1390.5705,1395.784
2013-05-15T18:00:00+01:00,1395.798,1399.4355,1388.9175,1393.076
2013-05-15T22:00:00+01:00,1393.062,1396.958,1387.0735,1392.05
2013-05-16T02:00:00+01:00,1392.05,1398.569,1390.1945,1394.606
2013-05-16T06:00:00+01:00,1394.627,1397.049,1369.8065,1372.459
2013-05-16T10:00:00+01:00,1372.398,1381.53,1370.624,1380.226
2013-05-16T14:00:00+01:00,1380.3,1390.77,1376.091,1385.805
2013-05-16T18:00:00+01:00,1385.77,1389.686,1384.214,1385.963
2013-05-16T22:00:00+01:00,1385.957,1390.2395,1384.461,1389.921
2013-05-17T02:00:00+01:00,1389.938,1393.045,1377.774,1380.339
2013-05-17T06:00:00+01:00,1380.32,1388.6115,1373.0515,1377.92
2013-05-17T10:00:00+01:00,1377.828,1383.95,1366.8355,1378.038
2013-05-17T14:00:00+01:00,1377.9975,1381.391,1359.588,1366.29
2013-05-17T18:00:00+01:00,1366.193,1369.029,1355.298,1359.313
2013-05-19T22:00:00+01:00,1365.064,1365.257,1338.2335,1347.9345
2013-05-20T02:00:00+01:00,1347.9605,1351.782,1341.706,1344.161
2013-05-20T06:00:00+01:00,1344.122,1355.451,1342.348,1352.4325
2013-05-20T10:00:00+01:00,1352.443,1365.1925,1348.8355,1354.451
2013-05-20T14:00:00+01:00,1354.442,1390.1845,1351.0785,1385.033
2013-05-20T18:00:00+01:00,1385,1399.1995,1382.669,1393.778
2013-05-20T22:00:00+01:00,1394.15,1395.6,1384.275,1390.4205
2013-05-21T02:00:00+01:00,1390.468,1395.25,1384.275,1393.906
2013-05-21T06:00:00+01:00,1393.906,1401.72,1384.47,1385.75
2013-05-21T10:00:00+01:00,1385.705,1385.705,1371.85,1373.791
2013-05-21T14:00:00+01:00,1373.766,1382.5475,1359.8185,1378.028
2013-05-21T18:00:00+01:00,1377.997,1381.95,1372.1495,1376.285
2013-05-21T22:00:00+01:00,1374.636,1379.354,1372.3,1378.879
2013-05-22T02:00:00+01:00,1378.872,1381.394,1375.8445,1376.4505
2013-05-22T06:00:00+01:00,1376.53,1390.1955,1375.454,1384.3955
2013-05-22T10:00:00+01:00,1384.38,1398.116,1382.1,1394.302
2013-05-22T14:00:00+01:00,1394.273,1414.614,1367.343,1375.379
2013-05-22T18:00:00+01:00,1375.379,1375.55,1354.6975,1370.1945
2013-05-22T22:00:00+01:00,1370.188,1370.704,1360.8,1363.736
2013-05-23T02:00:00+01:00,1363.755,1374.195,1356.924,1372.55
2013-05-23T06:00:00+01:00,1372.489,1390.44,1370.095,1390.295
2013-05-23T10:00:00+01:00,1390.2435,1398.402,1384.3175,1385.886
2013-05-23T14:00:00+01:00,1385.857,1394.719,1377.85,1388.05
2013-05-23T18:00:00+01:00,1388.05,1394.594,1387.674,1390.926
2013-05-23T22:00:00+01:00,1391.2425,1393.7845,1387.174,1391.295
2013-05-24T02:00:00+01:00,1391.245,1398.36,1388.195,1398.2105
2013-05-24T06:00:00+01:00,1398.279,1398.279,1388.11,1390.36
2013-05-24T10:00:00+01:00,1390.31,1394.9,1384.0195,1392.28
2013-05-24T14:00:00+01:00,1392.2665,1393.472,1385.7475,1387.398
2013-05-24T18:00:00+01:00,1387.391,1389.41,1382.5175,1386.4
2013-05-26T22:00:00+01:00,1388.3355,1389.034,1384.523,1384.995
2013-05-27T02:00:00+01:00,1385.007,1393.6275,1384.597,1392.193
2013-05-27T06:00:00+01:00,1392.206,1394.8535,1391.317,1393.26
2013-05-27T10:00:00+01:00,1393.254,1396.75,1392.9565,1394.433
2013-05-27T14:00:00+01:00,1394.445,1396.789,1392.9755,1395.171
2013-05-27T18:00:00+01:00,1395.107,1395.513,1388.53,1395.067
2013-05-27T22:00:00+01:00,1393.944,1396.462,1388.702,1389.985
2013-05-28T02:00:00+01:00,1389.955,1392.739,1387.168,1388.711
2013-05-28T06:00:00+01:00,1388.63,1392.838,1377.93,1379.45
2013-05-28T10:00:00+01:00,1379.3525,1382.47,1375.906,1382.42
2013-05-28T14:00:00+01:00,1382.441,1402.0955,1373.82,1386.1975
2013-05-28T18:00:00+01:00,1386.19,1386.85,1379.51,1381.251
2013-05-28T22:00:00+01:00,1381.946,1386.484,1380.288,1386.361
2013-05-29T02:00:00+01:00,1386.469,1390.54,1383.998,1387.206
2013-05-29T06:00:00+01:00,1387.16,1388.749,1381.166,1386.76
2013-05-29T10:00:00+01:00,1386.66,1394.7935,1382.442,1387.4995
2013-05-29T14:00:00+01:00,1387.545,1393.05,1382.672,1392.089
2013-05-29T18:00:00+01:00,1392.1335,1395.438,1390.795,1393
2013-05-29T22:00:00+01:00,1393,1393.846,1389.85,1390.719
2013-05-30T02:00:00+01:00,1390.7205,1398.01,1388.928,1395.3685
2013-05-30T06:00:00+01:00,1395.381,1410.9575,1394.76,1406.9865
2013-05-30T10:00:00+01:00,1406.977,1409.182,1397.009,1406.914
2013-05-30T14:00:00+01:00,1406.83,1418.175,1406.197,1413.241
2013-05-30T18:00:00+01:00,1413.285,1416.09,1411.442,1414.064
2013-05-30T22:00:00+01:00,1413.914,1417.398,1412.98,1414.8505
2013-05-31T02:00:00+01:00,1414.84,1422.033,1414.0595,1418.69
2013-05-31T06:00:00+01:00,1418.684,1419.627,1411.76,1415.084
2013-05-31T10:00:00+01:00,1415.14,1416.0795,1405.0095,1406.715
2013-05-31T14:00:00+01:00,1406.859,1410.1895,1390.153,1396.0005
2013-05-31T18:00:00+01:00,1396.0115,1396.356,1385.0065,1388.591
2013-06-02T22:00:00+01:00,1389.447,1397.505,1388.892,1396.83
2013-06-03T02:00:00+01:00,1396.857,1398.093,1393.2,1394.802
2013-06-03T06:00:00+01:00,1394.835,1401.855,1391.32,1398.683
2013-06-03T10:00:00+01:00,1398.537,1400.218,1392.996,1395.821
2013-06-03T14:00:00+01:00,1395.755,1416.9665,1390.86,1412.976
2013-06-03T18:00:00+01:00,1413.025,1414.251,1409.214,1411.382
2013-06-03T22:00:00+01:00,1411.372,1414.95,1410.694,1414.483
2013-06-04T02:00:00+01:00,1414.502,1415.2925,1409.655,1410.2695
2013-06-04T06:00:00+01:00,1410.3005,1412.2205,1403.879,1405.7305
2013-06-04T10:00:00+01:00,1405.725,1406.9215,1393.57,1395.806
2013-06-04T14:00:00+01:00,1395.82,1401.15,1389.125,1397
2013-06-04T18:00:00+01:00,1397.002,1399.9,1396.1425,1399.455
2013-06-04T22:00:00+01:00,1399.46,1400.05,1397.7,1399.751
2013-06-05T02:00:00+01:00,1399.773,1408.4045,1398.1875,1407.629
2013-06-05T06:00:00+01:00,1407.641,1408.2835,1398.91,1400.122
2013-06-05T10:00:00+01:00,1400.109,1409.1765,1395.898,1402.025
2013-06-05T14:00:00+01:00,1401.961,1410.688,1399.798,1403.45
2013-06-05T18:00:00+01:00,1403.45,1404.2035,1396.78,1403.395
2013-06-05T22:00:00+01:00,1403.416,1403.416,1398.3805,1401.073
2013-06-06T02:00:00+01:00,1401.089,1403.07,1397.2975,1398.35
2013-06-06T06:00:00+01:00,1398.3,1406.235,1391.89,1403.34
2013-06-06T10:00:00+01:00,1403.36,1407.338,1395.4685,1397.2765
2013-06-06T14:00:00+01:00,1397.3005,1423.8,1396.45,1416.55
2013-06-06T18:00:00+01:00,1416.6275,1418.556,1411.3925,1414.018
2013-06-06T22:00:00+01:00,1413.945,1418.0775,1411.25,1416.5815
2013-06-07T02:00:00+01:00,1416.563,1417.9295,1411.7095,1414.457
2013-06-07T06:00:00+01:00,1414.428,1415.443,1409.877,1411.284
2013-06-07T10:00:00+01:00,1411.267,1417.323,1393.253,1396.23
2013-06-07T14:00:00+01:00,1396.28,1398.249,1377.895,1382.904
2013-06-07T18:00:00+01:00,1382.926,1384.87,1378.551,1383.215
2013-06-09T22:00:00+01:00,1383.43,1388.3875,1378.345,1385.74
2013-06-10T02:00:00+01:00,1385.797,1388.079,1384.753,1385.526
2013-06-10T06:00:00+01:00,1385.54,1385.963,1376.3615,1379.199
2013-06-10T10:00:00+01:00,1379.2415,1386.329,1376.9995,1381.316
2013-06-10T14:00:00+01:00,1381.322,1387.2495,1376.02,1385.388
2013-06-10T18:00:00+01:00,1385.484,1389.141,1384.195,1386.534
2013-06-10T22:00:00+01:00,1386.5,1387.8105,1383.6935,1384.495
2013-06-11T02:00:00+01:00,1384.5435,1386.993,1383.1435,1383.28
2013-06-11T06:00:00+01:00,1383.295,1384.5,1371.2215,1371.945
2013-06-11T10:00:00+01:00,1371.956,1377.5375,1367.173,1371.113
2013-06-11T14:00:00+01:00,1371.1065,1379.084,1365.562,1376.826
2013-06-11T18:00:00+01:00,1376.797,1381.0465,1375.84,1378.264
2013-06-11T22:00:00+01:00,1378.258,1379.4535,1375.592,1378.4035
2013-06-12T02:00:00+01:00,1378.4185,1379.016,1375.745,1376.5035
2013-06-12T06:00:00+01:00,1376.5285,1379.618,1374.286,1378.339
2013-06-12T10:00:00+01:00,1378.358,1379.047,1375.0305,1376.434
2013-06-12T14:00:00+01:00,1376.409,1394.795,1374.0845,1391.025
2013-06-12T18:00:00+01:00,1391,1393.265,1386.6655,1388.951
2013-06-12T22:00:00+01:00,1388.215,1389.4495,1384.58,1386.3745
2013-06-13T02:00:00+01:00,1386.3875,1395.0255,1386.3875,1389.173
2013-06-13T06:00:00+01:00,1389.243,1392.0025,1385.158,1387.082
2013-06-13T10:00:00+01:00,1387.068,1388.419,1378.86,1379.8605
2013-06-13T14:00:00+01:00,1379.815,1387.685,1374.587,1378.7935
2013-06-13T18:00:00+01:00,1378.772,1388.35,1375.936,1386.052
2013-06-13T22:00:00+01:00,1386.022,1387.927,1382.8465,1387.297
2013-06-14T02:00:00+01:00,1387.2665,1387.758,1382.801,1384.928
2013-06-14T06:00:00+01:00,1384.869,1386.7645,1381.771,1382.375
2013-06-14T10:00:00+01:00,1382.393,1390.7685,1378.56,1387.915
2013-06-14T14:00:00+01:00,1387.945,1392.4125,1384.8055,1387.79
2013-06-14T18:00:00+01:00,1387.8045,1391.0985,1387.5535,1390.662
2013-06-16T22:00:00+01:00,1391.155,1391.235,1386.9515,1388.867
2013-06-17T02:00:00+01:00,1388.852,1392.083,1388.323,1389.4605
2013-06-17T06:00:00+01:00,1389.578,1390.441,1386.0575,1387.265
2013-06-17T10:00:00+01:00,1387.402,1388.417,1380.6985,1384.431
2013-06-17T14:00:00+01:00,1384.333,1387.595,1381.7365,1383.766
2013-06-17T18:00:00+01:00,1383.794,1386.0325,1381.5965,1385.058
2013-06-17T22:00:00+01:00,1385.11,1385.671,1383.4725,1384.718
2013-06-18T02:00:00+01:00,1384.706,1386.19,1382.0275,1382.557
2013-06-18T06:00:00+01:00,1382.6845,1383.375,1376.9945,1377.634
2013-06-18T10:00:00+01:00,1377.661,1379.585,1371.518,1375.1995
2013-06-18T14:00:00+01:00,1375.205,1375.9145,1361.197,1367.0975
2013-06-18T18:00:00+01:00,1367.1935,1369.231,1365.6905,1367.2185
2013-06-18T22:00:00+01:00,1367.608,1370.0045,1367.009,1368.862
2013-06-19T02:00:00+01:00,1368.8785,1370.406,1364.772,1366.4535
2013-06-19T06:00:00+01:00,1366.411,1370.0115,1364.9795,1367.965
2013-06-19T10:00:00+01:00,1368.111,1374.1475,1366.165,1372.279
2013-06-19T14:00:00+01:00,1372.174,1375.922,1370.369,1373.5665
2013-06-19T18:00:00+01:00,1373.5705,1376.8165,1349.166,1350.898
2013-06-19T22:00:00+01:00,1351.416,1351.6645,1339.4085,1343.6895
2013-06-20T02:00:00+01:00,1343.6745,1348.298,1342.182,1344.8505
2013-06-20T06:00:00+01:00,1344.949,1345.7305,1304.581,1311.9
2013-06-20T10:00:00+01:00,1311.8285,1312.6935,1285.931,1296.3365
2013-06-20T14:00:00+01:00,1296.355,1307.588,1287.744,1291.325
2013-06-20T18:00:00+01:00,1291.36,1293.298,1276.2145,1284.3215
2013-06-20T22:00:00+01:00,1284.895,1285.5045,1272.339,1273.3395
2013-06-21T02:00:00+01:00,1273.24,1293.645,1269.469,1290.744
2013-06-21T06:00:00+01:00,1290.9345,1302.586,1290.0805,1296.5945
2013-06-21T10:00:00+01:00,1296.48,1298.362,1286.724,1292.645
2013-06-21T14:00:00+01:00,1292.496,1298.0715,1287.8735,1296.417
2013-06-21T18:00:00+01:00,1296.295,1299.1725,1292.4115,1295.467
2013-06-23T22:00:00+01:00,1297.435,1301.733,1296.87,1298.898
2013-06-24T02:00:00+01:00,1298.8785,1301.449,1282.492,1283.776
2013-06-24T06:00:00+01:00,1283.6975,1287.6965,1278.397,1284.1485
2013-06-24T10:00:00+01:00,1284.1185,1291.1045,1279.34,1289.8045
2013-06-24T14:00:00+01:00,1289.753,1290.2385,1276.238,1277.5585
2013-06-24T18:00:00+01:00,1277.564,1290.2725,1276.3685,1282.349
2013-06-24T22:00:00+01:00,1282.35,1285.3305,1281.476,1283.6165
2013-06-25T02:00:00+01:00,1283.6665,1288.8535,1273.599,1276.5125
2013-06-25T06:00:00+01:00,1276.55,1289.644,1275.466,1287.246
2013-06-25T10:00:00+01:00,1287.2515,1287.668,1279.303,1283.2925
2013-06-25T14:00:00+01:00,1283.296,1284.36,1271.857,1277.1465
2013-06-25T18:00:00+01:00,1277.1225,1278.084,1274.995,1277.739
2013-06-25T22:00:00+01:00,1277.615,1278.1935,1273.562,1275.695
2013-06-26T02:00:00+01:00,1275.645,1276.3895,1243.912,1252.5585
2013-06-26T06:00:00+01:00,1252.55,1254.795,1229.7825,1233.37
2013-06-26T10:00:00+01:00,1233.3665,1246.929,1224.2465,1244.324
2013-06-26T14:00:00+01:00,1244.384,1248.679,1229.7115,1231.2735
2013-06-26T18:00:00+01:00,1231.2965,1233.3755,1221.946,1226.57
2013-06-26T22:00:00+01:00,1226.581,1237.1795,1224.1485,1237.0665
2013-06-27T02:00:00+01:00,1237.09,1244.845,1235.35,1239.388
2013-06-27T06:00:00+01:00,1239.549,1244.47,1237.4845,1238.016
2013-06-27T10:00:00+01:00,1238.024,1238.72,1224.22,1231.598
2013-06-27T14:00:00+01:00,1231.5815,1235.1365,1224.534,1225.0055
2013-06-27T18:00:00+01:00,1225.045,1227.1315,1196.975,1200.757
2013-06-27T22:00:00+01:00,1201.1155,1208.1195,1180.6005,1183.44
2013-06-28T02:00:00+01:00,1183.763,1207.2575,1183.763,1200.267
2013-06-28T06:00:00+01:00,1200.234,1212.178,1195.632,1202.7515
2013-06-28T10:00:00+01:00,1202.767,1206.269,1191.53,1194.432
2013-06-28T14:00:00+01:00,1194.452,1227.78,1187.111,1224
2013-06-28T18:00:00+01:00,1224.048,1235.6175,1223.315,1234.496
2013-06-30T22:00:00+01:00,1234.5295,1245.391,1228.644,1229.819
2013-07-01T02:00:00+01:00,1229.829,1245.408,1225.363,1242.4085
2013-07-01T06:00:00+01:00,1242.3885,1248.273,1239.225,1241.8175
2013-07-01T10:00:00+01:00,1241.806,1244.835,1233.713,1235.866
2013-07-01T14:00:00+01:00,1235.835,1261.9685,1235.1815,1258.501
2013-07-01T18:00:00+01:00,1258.5005,1258.6675,1249.0525,1252.594
2013-07-01T22:00:00+01:00,1252.598,1259.1645,1250.584,1256.818
2013-07-02T02:00:00+01:00,1256.808,1260.8245,1252.995,1258.927
2013-07-02T06:00:00+01:00,1258.947,1267.539,1257.1715,1262.929
2013-07-02T10:00:00+01:00,1262.94,1263.661,1250.5875,1253.842
2013-07-02T14:00:00+01:00,1253.7795,1257.0635,1244.528,1244.848
2013-07-02T18:00:00+01:00,1244.864,1247.401,1239.775,1243.452
2013-07-02T22:00:00+01:00,1243.416,1246.7985,1241.8615,1244.9065
2013-07-03T02:00:00+01:00,1244.9215,1249.395,1244.515,1245.44
2013-07-03T06:00:00+01:00,1245.413,1249.7705,1236.8965,1248.163
2013-07-03T10:00:00+01:00,1248.165,1259.329,1243.6815,1251.305
2013-07-03T14:00:00+01:00,1251.345,1260.1635,1247.5655,1249.35
2013-07-03T18:00:00+01:00,1249.3,1254.7905,1249,1252.804
2013-07-03T22:00:00+01:00,1252.798,1258.106,1251.6955,1256.39
2013-07-04T02:00:00+01:00,1256.2735,1257.08,1251.2225,1253.65
2013-07-04T06:00:00+01:00,1253.6,1255.6085,1246.8,1250.935
2013-07-04T10:00:00+01:00,1250.885,1252,1245.0585,1248.8785
2013-07-04T14:00:00+01:00,1248.8635,1253.005,1247.135,1248.83
2013-07-04T22:00:00+01:00,1248.645,1248.805,1246.38,1247.65
2013-07-05T02:00:00+01:00,1247.6,1248.97,1242.44,1244.0785
2013-07-05T06:00:00+01:00,1244.075,1245.5,1235.2,1235.5585
2013-07-05T10:00:00+01:00,1235.4315,1243.6,1217.264,1224.285
2013-07-05T14:00:00+01:00,1224.26,1225.93,1208.405,1215.895
2013-07-05T18:00:00+01:00,1215.845,1223.9015,1213.6205,1223.308
2013-07-07T22:00:00+01:00,1222.79,1230.3795,1217.765,1224.08
2013-07-08T02:00:00+01:00,1224.09,1224.21,1215.77,1220.455
2013-07-08T06:00:00+01:00,1220.5,1228.53,1218.665,1228.415
2013-07-08T10:00:00+01:00,1228.255,1238.87,1224.925,1231.835
2013-07-08T14:00:00+01:00,1231.825,1238.31,1230.72,1236.815
2013-07-08T18:00:00+01:00,1236.78,1238.26,1235.55,1237.105
2013-07-08T22:00:00+01:00,1236.94,1242.4885,1233.71,1240.3035
2013-07-09T02:00:00+01:00,1240.2785,1255.1185,1236.645,1254.5685
2013-07-09T06:00:00+01:00,1254.6185,1260.5005,1254.558,1255.565
2013-07-09T10:00:00+01:00,1255.5465,1255.69,1246.713,1252.515
2013-07-09T14:00:00+01:00,1252.475,1257.779,1245.7485,1248.83
2013-07-09T18:00:00+01:00,1248.895,1251.9295,1242.6155,1251.381
2013-07-09T22:00:00+01:00,1250.92,1251.9,1246.81,1247.6
2013-07-10T02:00:00+01:00,1247.64,1249.48,1244.075,1245.995
2013-07-10T06:00:00+01:00,1245.945,1256.6275,1245.295,1254.665
2013-07-10T10:00:00+01:00,1254.74,1259.8225,1251.9465,1255.72
2013-07-10T14:00:00+01:00,1255.67,1262.105,1251.955,1255.37
2013-07-10T18:00:00+01:00,1255.35,1266.145,1247.945,1259.808
2013-07-10T22:00:00+01:00,1259.848,1289.94,1259.848,1282.55
2013-07-11T02:00:00+01:00,1282.525,1289.4,1280,1286.1615
2013-07-11T06:00:00+01:00,1286.25,1298.9825,1282.1815,1287.035
2013-07-11T10:00:00+01:00,1287.232,1289.4675,1280.848,1285.961
2013-07-11T14:00:00+01:00,1285.948,1286.686,1278.275,1281.4345
2013-07-11T18:00:00+01:00,1281.502,1287.7935,1279.726,1286.012
2013-07-11T22:00:00+01:00,1285.992,1288.771,1284.359,1286.7935
2013-07-12T02:00:00+01:00,1286.9405,1287.0805,1281.1375,1281.32
2013-07-12T06:00:00+01:00,1281.296,1283.41,1275.5,1276.27
2013-07-12T10:00:00+01:00,1276.26,1278.223,1267.9525,1274.301
2013-07-12T14:00:00+01:00,1274.311,1282.724,1274.0355,1278.9255
2013-07-12T18:00:00+01:00,1278.931,1286.112,1276.4175,1285.562
2013-07-14T22:00:00+01:00,1285.23,1295.1425,1284.9125,1290.569
2013-07-15T02:00:00+01:00,1290.649,1294.681,1285.914,1290.317
2013-07-15T06:00:00+01:00,1290.331,1291.6255,1281.2845,1282.835
2013-07-15T10:00:00+01:00,1282.8275,1285.1225,1274.1675,1282.574
2013-07-15T14:00:00+01:00,1282.5925,1287.2005,1281.835,1284.673
2013-07-15T18:00:00+01:00,1284.633,1286.054,1281.826,1284.736
2013-07-15T22:00:00+01:00,1283.105,1285.054,1281.7675,1283.9985
2013-07-16T02:00:00+01:00,1284.0135,1284.5725,1277.3005,1280.1745
2013-07-16T06:00:00+01:00,1280.1385,1288.0835,1279.2555,1284.705
2013-07-16T10:00:00+01:00,1284.684,1294.241,1284.1155,1290.78
2013-07-16T14:00:00+01:00,1290.765,1295.941,1287.0955,1291.695
2013-07-16T18:00:00+01:00,1291.6975,1293.3245,1289.9705,1292.0865
2013-07-16T22:00:00+01:00,1291.985,1293.871,1290.017,1293.053
2013-07-17T02:00:00+01:00,1293.0345,1293.0345,1287.9885,1290.649
2013-07-17T06:00:00+01:00,1290.635,1290.828,1284.9025,1285.4195
2013-07-17T10:00:00+01:00,1285.413,1299.508,1283.401,1292.0615
2013-07-17T14:00:00+01:00,1292.0865,1300.689,1270.4105,1277.9445
2013-07-17T18:00:00+01:00,1277.957,1279.5405,1274.7095,1275.9405
2013-07-17T22:00:00+01:00,1275.93,1279.4115,1274.326,1278.078
2013-07-18T02:00:00+01:00,1278.008,1279.2405,1274.974,1276.007
2013-07-18T06:00:00+01:00,1276.0375,1281.97,1275.2615,1281.3285
2013-07-18T10:00:00+01:00,1281.3535,1287.531,1277.844,1285.3065
2013-07-18T14:00:00+01:00,1285.301,1288.788,1281.2995,1285.075
2013-07-18T18:00:00+01:00,1285.082,1287.2835,1283.109,1284.1815
2013-07-18T22:00:00+01:00,1284.206,1285.4525,1282.523,1284.107
2013-07-19T02:00:00+01:00,1284.03,1294.878,1284.03,1291.02
2013-07-19T06:00:00+01:00,1290.995,1293.977,1286.9065,1288.587
2013-07-19T10:00:00+01:00,1288.586,1293.8055,1286.3205,1291.8075
2013-07-19T14:00:00+01:00,1291.8135,1298.0065,1290.3165,1293.757
2013-07-19T18:00:00+01:00,1293.782,1296.575,1292.766,1296.0245
2013-07-21T22:00:00+01:00,1297.465,1319.254,1296.343,1312.92
2013-07-22T02:00:00+01:00,1312.928,1318.1,1311.14,1316.699
2013-07-22T06:00:00+01:00,1316.718,1323.22,1314.817,1316.354
2013-07-22T10:00:00+01:00,1316.371,1325.4565,1313.8665,1321.3705
2013-07-22T14:00:00+01:00,1321.3865,1335.2155,1320.564,1334.0135
2013-07-22T18:00:00+01:00,1334.0305,1339.6975,1333.4645,1335.854
2013-07-22T22:00:00+01:00,1335.24,1337.97,1333.5765,1333.8135
2013-07-23T02:00:00+01:00,1333.7885,1338.569,1333.5975,1334.6335
2013-07-23T06:00:00+01:00,1334.6025,1336.669,1329.1535,1330.7455
2013-07-23T10:00:00+01:00,1330.7385,1332.395,1326.724,1330.454
2013-07-23T14:00:00+01:00,1330.471,1336.6755,1328.535,1335.8555
2013-07-23T18:00:00+01:00,1335.849,1346.854,1334.601,1345.148
2013-07-23T22:00:00+01:00,1345.1275,1347.985,1341.3465,1344.8225
2013-07-24T02:00:00+01:00,1344.835,1346.725,1338.628,1339.31
2013-07-24T06:00:00+01:00,1339.315,1345.7215,1339.147,1341.0935
2013-07-24T10:00:00+01:00,1341.084,1345.228,1334.0075,1334.732
2013-07-24T14:00:00+01:00,1334.745,1339.1255,1317.8545,1319.807
2013-07-24T18:00:00+01:00,1319.7965,1323.704,1313.291,1322.2425
2013-07-24T22:00:00+01:00,1322.2595,1323.161,1315.0935,1319.5005
2013-07-25T02:00:00+01:00,1319.4945,1324.3335,1316.503,1322.578
2013-07-25T06:00:00+01:00,1322.5425,1324.983,1317.757,1318.536
2013-07-25T10:00:00+01:00,1318.552,1327.7765,1309.0205,1323.105
2013-07-25T14:00:00+01:00,1323.0995,1331.901,1320.865,1330.1165
2013-07-25T18:00:00+01:00,1330.0565,1338.1095,1326.2225,1333.956
2013-07-25T22:00:00+01:00,1333.9305,1336.334,1332.6105,1334.2425
2013-07-26T02:00:00+01:00,1334.2925,1340.84,1332.875,1337.4
2013-07-26T06:00:00+01:00,1337.4915,1339.425,1327.7415,1329.95
2013-07-26T10:00:00+01:00,1329.9065,1330.68,1320.904,1323.1015
2013-07-26T14:00:00+01:00,1323.1,1331.8175,1312.419,1320.4
2013-07-26T18:00:00+01:00,1320.3515,1334.685,1319.97,1333.3375
2013-07-28T22:00:00+01:00,1333.55,1334.986,1327.97,1328.213
2013-07-29T02:00:00+01:00,1328.2185,1329.83,1325.2245,1327.8875
2013-07-29T06:00:00+01:00,1327.79,1328.614,1323.045,1326.1975
2013-07-29T10:00:00+01:00,1326.2,1338.53,1326.145,1329.0505
2013-07-29T14:00:00+01:00,1329.0525,1333.07,1326.6435,1328.9905
2013-07-29T18:00:00+01:00,1328.983,1331.015,1327.751,1328.2895
2013-07-29T22:00:00+01:00,1327.48,1329.559,1324.01,1327.6975
2013-07-30T02:00:00+01:00,1327.686,1330.289,1327.4275,1328.065
2013-07-30T06:00:00+01:00,1328.015,1328.8675,1318.114,1323.195
2013-07-30T10:00:00+01:00,1323.1655,1329.255,1321.3715,1325.8685
2013-07-30T14:00:00+01:00,1325.9035,1327.9975,1317.391,1323.8475
2013-07-30T18:00:00+01:00,1323.859,1327.3485,1323.7475,1326.3885
2013-07-30T22:00:00+01:00,1327.42,1328.29,1324.4,1325.6415
2013-07-31T02:00:00+01:00,1325.6565,1339.3665,1325.295,1333.49
2013-07-31T06:00:00+01:00,1333.6015,1336.3985,1328.8525,1333.24
2013-07-31T10:00:00+01:00,1333.17,1334.38,1319.6275,1323.98
2013-07-31T14:00:00+01:00,1323.93,1324.73,1306.55,1308.3815
2013-07-31T18:00:00+01:00,1308.334,1334.6695,1305.86,1325.0385
2013-07-31T22:00:00+01:00,1323.945,1331.175,1323.845,1328.7065
2013-08-01T02:00:00+01:00,1328.715,1330.045,1316.4125,1317.3675
2013-08-01T06:00:00+01:00,1317.2915,1322.24,1317.04,1321.665
2013-08-01T10:00:00+01:00,1321.565,1328.5835,1318.6575,1324.695
2013-08-01T14:00:00+01:00,1324.745,1324.795,1307.8535,1312.095
2013-08-01T18:00:00+01:00,1312.0665,1313.4165,1309.435,1310.1465
2013-08-01T22:00:00+01:00,1310.1175,1310.1175,1302.999,1306.94
2013-08-02T02:00:00+01:00,1306.92,1309.491,1291.9175,1293.9425
2013-08-02T06:00:00+01:00,1293.9905,1294.864,1283.3425,1288.9875
2013-08-02T10:00:00+01:00,1288.9675,1318.6845,1283.3975,1314.29
2013-08-02T14:00:00+01:00,1314.38,1317.3625,1308.2075,1312.71
2013-08-02T18:00:00+01:00,1312.7,1313.495,1307.778,1311.7305
2013-08-04T22:00:00+01:00,1312.915,1315.0805,1311.4425,1312.4925
2013-08-05T02:00:00+01:00,1312.4625,1320.8545,1312.3025,1317.12
2013-08-05T06:00:00+01:00,1317.09,1318.1725,1312.8015,1313.47
2013-08-05T10:00:00+01:00,1313.46,1313.901,1304.08,1307.1115
2013-08-05T14:00:00+01:00,1307.0915,1310.954,1297.609,1303.2985
2013-08-05T18:00:00+01:00,1303.25,1304.7985,1301.295,1303.1415
2013-08-05T22:00:00+01:00,1303.1335,1307.1225,1300.6245,1305.1165
2013-08-06T02:00:00+01:00,1305.0915,1306.6,1289.7475,1293.41
2013-08-06T06:00:00+01:00,1293.46,1296.269,1287.9825,1291.41
2013-08-06T10:00:00+01:00,1291.427,1297.061,1284.7065,1288.9965
2013-08-06T14:00:00+01:00,1288.9865,1289.2175,1279.387,1283.795
2013-08-06T18:00:00+01:00,1283.845,1285.4485,1281.8065,1283.2195
2013-08-06T22:00:00+01:00,1282.715,1283.685,1274.945,1277.055
2013-08-07T02:00:00+01:00,1277.0885,1280.96,1273.67,1279.99
2013-08-07T06:00:00+01:00,1279.9715,1285.03,1274.388,1275.6665
2013-08-07T10:00:00+01:00,1275.71,1281.6225,1272.981,1280.139
2013-08-07T14:00:00+01:00,1280.159,1289.747,1279.4115,1285.8235
2013-08-07T18:00:00+01:00,1285.8485,1288.4475,1284.715,1287.618
2013-08-07T22:00:00+01:00,1287.6615,1291.556,1283.0985,1290.9535
2013-08-08T02:00:00+01:00,1290.89,1295.885,1289.345,1295.735
2013-08-08T06:00:00+01:00,1295.785,1297.69,1288.475,1289.335
2013-08-08T10:00:00+01:00,1289.2635,1296.5665,1287.88,1294.145
2013-08-08T14:00:00+01:00,1294.045,1314.5135,1291.836,1310.4095
2013-08-08T18:00:00+01:00,1310.4345,1314.227,1309.153,1313.2085
2013-08-08T22:00:00+01:00,1312.425,1315.095,1311.726,1313.796
2013-08-09T02:00:00+01:00,1313.773,1317.0905,1310.175,1311.5105
2013-08-09T06:00:00+01:00,1311.4775,1313.2905,1307.0935,1309.377
2013-08-09T10:00:00+01:00,1309.389,1314.174,1305.161,1309.242
2013-08-09T14:00:00+01:00,1309.241,1317.3745,1307.486,1313.083
2013-08-09T18:00:00+01:00,1313.0865,1315.8545,1309.8835,1314.535
2013-08-11T22:00:00+01:00,1315.53,1333.9425,1315.07,1327.086
2013-08-12T02:00:00+01:00,1326.876,1333.8665,1325.177,1329.628
2013-08-12T06:00:00+01:00,1329.657,1333.9055,1326.4625,1327.048
2013-08-12T10:00:00+01:00,1327.0385,1331.475,1322.9305,1329.52
2013-08-12T14:00:00+01:00,1329.545,1344.075,1329.4145,1336.863
2013-08-12T18:00:00+01:00,1336.8465,1338.8955,1334.317,1338.4075
2013-08-12T22:00:00+01:00,1338.395,1338.9525,1330.567,1335.339
2013-08-13T02:00:00+01:00,1335.3305,1337.0915,1330.5585,1336.117
2013-08-13T06:00:00+01:00,1336.072,1341.4385,1332.931,1335.8325
2013-08-13T10:00:00+01:00,1335.826,1336.52,1323.746,1332.3105
2013-08-13T14:00:00+01:00,1332.303,1335.8915,1318.745,1321.699
2013-08-13T18:00:00+01:00,1321.678,1323.9615,1320.002,1321.6335
2013-08-13T22:00:00+01:00,1321.091,1322.9205,1317.991,1320.282
2013-08-14T02:00:00+01:00,1320.3585,1325.5595,1316.0645,1321.581
2013-08-14T06:00:00+01:00,1321.569,1325.1475,1318.886,1324.3215
2013-08-14T10:00:00+01:00,1324.406,1327.4955,1321.128,1322.8365
2013-08-14T14:00:00+01:00,1322.828,1335.3005,1319.347,1333.6275
2013-08-14T18:00:00+01:00,1333.638,1336.569,1332.5825,1336.0665
2013-08-14T22:00:00+01:00,1336.215,1346.6475,1335.7,1341.583
2013-08-15T02:00:00+01:00,1341.599,1345.1545,1338.048,1339.2895
2013-08-15T06:00:00+01:00,1339.3005,1342.455,1336.074,1339.434
2013-08-15T10:00:00+01:00,1339.409,1340.518,1319.005,1323.9825
2013-08-15T14:00:00+01:00,1323.89,1363.168,1321.8065,1358.4995
2013-08-15T18:00:00+01:00,1358.485,1370.2255,1358.467,1366.1795
2013-08-15T22:00:00+01:00,1366.2065,1366.9685,1360.927,1364.265
2013-08-16T02:00:00+01:00,1364.286,1372.8285,1363.642,1367.1035
2013-08-16T06:00:00+01:00,1367.0465,1368.275,1360.799,1361.8375
2013-08-16T10:00:00+01:00,1361.814,1369.0135,1357.9015,1365.5905
2013-08-16T14:00:00+01:00,1365.582,1374.564,1360.318,1367.3485
2013-08-16T18:00:00+01:00,1367.382,1379.7545,1366.4405,1376.7765
2013-08-18T22:00:00+01:00,1378.97,1381.335,1375.325,1376.78
2013-08-19T02:00:00+01:00,1376.761,1384.609,1376.2095,1379.049
2013-08-19T06:00:00+01:00,1379.038,1381.65,1372.2055,1372.861
2013-08-19T10:00:00+01:00,1372.886,1378.1515,1371.0305,1372.659
2013-08-19T14:00:00+01:00,1372.6505,1372.8985,1362.561,1364.344
2013-08-19T18:00:00+01:00,1364.3375,1368.413,1363.6085,1365.981
2013-08-19T22:00:00+01:00,1365.165,1369.56,1365.048,1367.9755
2013-08-20T02:00:00+01:00,1367.992,1369.7655,1361.292,1362.272
2013-08-20T06:00:00+01:00,1362.246,1364.2485,1352.4125,1361.6405
2013-08-20T10:00:00+01:00,1361.598,1373.405,1361.089,1367.3475
2013-08-20T14:00:00+01:00,1367.3595,1377.6395,1364.753,1374.4025
2013-08-20T18:00:00+01:00,1374.4275,1375.8595,1370.9085,1371.3025
2013-08-20T22:00:00+01:00,1371.305,1371.702,1367.024,1368.6545
2013-08-21T02:00:00+01:00,1368.5455,1374.4545,1367.461,1368.2695
2013-08-21T06:00:00+01:00,1368.277,1369.825,1360.6505,1361.1165
2013-08-21T10:00:00+01:00,1361.19,1368.228,1359.8965,1366.074
2013-08-21T14:00:00+01:00,1366.0645,1371.831,1361.856,1370.0175
2013-08-21T18:00:00+01:00,1370.027,1379.3925,1362.77,1366.7525
2013-08-21T22:00:00+01:00,1366.5925,1368.065,1355.308,1360.388
2013-08-22T02:00:00+01:00,1360.399,1368.3355,1358.724,1361.227
2013-08-22T06:00:00+01:00,1361.207,1374.39,1361.1605,1370.77
2013-08-22T10:00:00+01:00,1370.756,1377.1915,1364.8815,1375.4535
2013-08-22T14:00:00+01:00,1375.443,1381.8425,1370.4835,1371.882
2013-08-22T18:00:00+01:00,1371.8715,1377.1665,1369.716,1376.1225
2013-08-22T22:00:00+01:00,1376.1715,1379.51,1371.942,1375.295
2013-08-23T02:00:00+01:00,1375.28,1379.018,1374.0625,1378.209
2013-08-23T06:00:00+01:00,1378.198,1378.501,1374.162,1376.642
2013-08-23T10:00:00+01:00,1376.631,1377.5565,1368.7115,1372.1805
2013-08-23T14:00:00+01:00,1372.209,1398.8725,1371.5035,1395.9415
2013-08-23T18:00:00+01:00,1395.9615,1400.252,1394.574,1397.7795
2013-08-25T22:00:00+01:00,1399.02,1407.035,1390.9055,1393.108
2013-08-26T02:00:00+01:00,1393.137,1397.226,1393.137,1396.514
2013-08-26T06:00:00+01:00,1396.543,1400.9575,1393.6965,1394.186
2013-08-26T10:00:00+01:00,1394.1785,1400.19,1392.551,1396.4375
2013-08-26T14:00:00+01:00,1396.4175,1399.802,1389.537,1393.9005
2013-08-26T18:00:00+01:00,1393.888,1404.952,1391.808,1404.614
2013-08-26T22:00:00+01:00,1404.6395,1407.405,1396.375,1399.535
2013-08-27T02:00:00+01:00,1399.516,1400.731,1395.8575,1399.34
2013-08-27T06:00:00+01:00,1399.3285,1412.747,1398.304,1410.5475
2013-08-27T10:00:00+01:00,1410.534,1422.9305,1410.3385,1418.546
2013-08-27T14:00:00+01:00,1418.557,1423.8725,1416.4665,1419.651
2013-08-27T18:00:00+01:00,1419.657,1420.821,1413.7925,1415.181
2013-08-27T22:00:00+01:00,1416.075,1419.565,1414.3875,1415.342
2013-08-28T02:00:00+01:00,1415.354,1422.745,1413.524,1419.9695
2013-08-28T06:00:00+01:00,1419.9495,1433.8275,1419.5585,1425.7015
2013-08-28T10:00:00+01:00,1425.6655,1431.009,1422.1825,1428.3335
2013-08-28T14:00:00+01:00,1428.343,1430.195,1415.4275,1418.6915
2013-08-28T18:00:00+01:00,1418.685,1423.141,1415.2855,1417.5425
2013-08-28T22:00:00+01:00,1417.544,1418.535,1409.3955,1410.8855
2013-08-29T02:00:00+01:00,1410.808,1414.298,1407.951,1413.537
2013-08-29T06:00:00+01:00,1413.5485,1413.7355,1404.747,1407.3875
2013-08-29T10:00:00+01:00,1407.401,1416.8365,1405.897,1411.917
2013-08-29T14:00:00+01:00,1411.9395,1413.97,1402.617,1411.6605
2013-08-29T18:00:00+01:00,1411.659,1413.9725,1404.883,1407.758
2013-08-29T22:00:00+01:00,1407.7555,1407.846,1402.917,1405.643
2013-08-30T02:00:00+01:00,1405.604,1411.359,1405.328,1410.691
2013-08-30T06:00:00+01:00,1410.742,1411.024,1394.7405,1396.6305
2013-08-30T10:00:00+01:00,1396.652,1398.905,1392.78,1394.19
2013-08-30T14:00:00+01:00,1394.275,1405.0875,1392.3275,1397.829
2013-08-30T18:00:00+01:00,1397.85,1403.2245,1393.04,1395.338
2013-09-01T22:00:00+01:00,1393.725,1393.95,1374.1895,1385.81
2013-09-02T02:00:00+01:00,1385.7505,1394.799,1385.68,1393.6
2013-09-02T06:00:00+01:00,1393.6865,1398.4125,1391.379,1392.763
2013-09-02T10:00:00+01:00,1392.7675,1395.192,1387.8125,1390.18
2013-09-02T14:00:00+01:00,1390.168,1394.839,1389.025,1390.6495
2013-09-02T18:00:00+01:00,1390.69,1390.6945,1390.69,1390.6945
2013-09-02T22:00:00+01:00,1391.725,1395.3425,1390.495,1392.4535
2013-09-03T02:00:00+01:00,1392.4685,1394.4595,1390.2795,1393.4745
2013-09-03T06:00:00+01:00,1393.4495,1396.075,1384.606,1393.7855
2013-09-03T10:00:00+01:00,1393.7805,1401.405,1391.495,1398.1205
2013-09-03T14:00:00+01:00,1398.1305,1409.2375,1398.1155,1409.15
2013-09-03T18:00:00+01:00,1409.09,1416.4065,1408.6325,1412.449
2013-09-03T22:00:00+01:00,1411.7,1414.236,1410.282,1413.564
2013-09-04T02:00:00+01:00,1413.5745,1415.127,1410.9175,1411.989
2013-09-04T06:00:00+01:00,1412.003,1412.9065,1403.659,1404.363
2013-09-04T10:00:00+01:00,1404.38,1405.95,1393.5015,1394.115
2013-09-04T14:00:00+01:00,1394.062,1395.334,1384.763,1388.8095
2013-09-04T18:00:00+01:00,1388.8145,1396.105,1386.8135,1391.648
2013-09-04T22:00:00+01:00,1391.65,1395.038,1390.852,1393.542
2013-09-05T02:00:00+01:00,1393.582,1394.6915,1391.3865,1392.0725
2013-09-05T06:00:00+01:00,1392.0985,1392.195,1381.2135,1389.165
2013-09-05T10:00:00+01:00,1389.1785,1399.9975,1388.9425,1391.6225
2013-09-05T14:00:00+01:00,1391.6025,1391.6025,1365.0625,1372.16
2013-09-05T18:00:00+01:00,1372.16,1373.674,1365.2985,1367.5345
2013-09-05T22:00:00+01:00,1366.65,1371.751,1365.856,1371.46
2013-09-06T02:00:00+01:00,1371.4965,1374.0795,1369.2295,1370.8645
2013-09-06T06:00:00+01:00,1370.859,1372.9105,1366.9815,1369.138
2013-09-06T10:00:00+01:00,1369.126,1393.565,1362.495,1384.465
2013-09-06T14:00:00+01:00,1384.4125,1391.6195,1380.6055,1388.09
2013-09-06T18:00:00+01:00,1388.095,1391.7935,1386.43,1391.718
2013-09-08T22:00:00+01:00,1391.485,1394.717,1385.4205,1390.155
2013-09-09T02:00:00+01:00,1390.032,1391.9945,1387.374,1387.89
2013-09-09T06:00:00+01:00,1387.91,1389.666,1386.401,1387.46
2013-09-09T10:00:00+01:00,1387.45,1388.45,1382.155,1388.05
2013-09-09T14:00:00+01:00,1388.08,1391.104,1384.41,1385.525
2013-09-09T18:00:00+01:00,1385.462,1387.451,1385.4005,1386.968
2013-09-09T22:00:00+01:00,1386.972,1391.4545,1385.345,1385.912
2013-09-10T02:00:00+01:00,1385.865,1386.321,1375.8865,1377.4475
2013-09-10T06:00:00+01:00,1377.4065,1380.599,1374.447,1375.082
2013-09-10T10:00:00+01:00,1375.072,1375.072,1363.033,1364.2
2013-09-10T14:00:00+01:00,1364.19,1366.4425,1357.908,1364.4125
2013-09-10T18:00:00+01:00,1364.4175,1366.9475,1363.054,1363.8355
2013-09-10T22:00:00+01:00,1363.982,1366.576,1363.4305,1366.5045
2013-09-11T02:00:00+01:00,1366.5535,1368.63,1356.7755,1365.5675
2013-09-11T06:00:00+01:00,1365.5935,1368.1955,1364.286,1367.511
2013-09-11T10:00:00+01:00,1367.5185,1367.629,1357.7655,1361.434
2013-09-11T14:00:00+01:00,1361.519,1365.035,1359.5805,1363
2013-09-11T18:00:00+01:00,1363.0005,1365.7785,1362.4945,1365.245
2013-09-11T22:00:00+01:00,1365.197,1366.4135,1363.61,1365.408
2013-09-12T02:00:00+01:00,1365.435,1365.435,1354.3005,1359.094
2013-09-12T06:00:00+01:00,1359.0885,1359.1105,1338.4535,1339.7315
2013-09-12T10:00:00+01:00,1339.7235,1344.763,1329.4935,1330.1065
2013-09-12T14:00:00+01:00,1330.1075,1333.7515,1326.217,1331.0125
2013-09-12T18:00:00+01:00,1331.0175,1331.6,1320.75,1321.534
2013-09-12T22:00:00+01:00,1321.3105,1329.243,1320.8735,1328.242
2013-09-13T02:00:00+01:00,1328.328,1331.0235,1323.463,1324.738
2013-09-13T06:00:00+01:00,1324.78,1325.0675,1308.1525,1309.9575
2013-09-13T10:00:00+01:00,1309.929,1323.6205,1304.971,1319.0475
2013-09-13T14:00:00+01:00,1319.0845,1321.339,1312.0025,1312.625
2013-09-13T18:00:00+01:00,1312.63,1327.4995,1307.3765,1326.35
2013-09-15T22:00:00+01:00,1335.505,1335.505,1325.37,1331.5
2013-09-16T02:00:00+01:00,1331.48,1332.9455,1323.6485,1328.5745
2013-09-16T06:00:00+01:00,1328.5895,1330.318,1316.7995,1317.92
2013-09-16T10:00:00+01:00,1317.9445,1318.57,1307.665,1312.72
2013-09-16T14:00:00+01:00,1312.66,1325.7075,1312.475,1317.735
2013-09-16T18:00:00+01:00,1317.73,1319.0395,1303.213,1312.91
2013-09-16T22:00:00+01:00,1312.7205,1316.9995,1310.437,1314.925
2013-09-17T02:00:00+01:00,1314.935,1316.6375,1308.21,1313.9025
2013-09-17T06:00:00+01:00,1313.881,1324.005,1312.605,1318.575
2013-09-17T10:00:00+01:00,1318.605,1324.008,1313.329,1315.1195
2013-09-17T14:00:00+01:00,1315.1505,1316.761,1306.2765,1310.3
2013-09-17T18:00:00+01:00,1310.336,1312.957,1309.05,1310.705
2013-09-17T22:00:00+01:00,1310.69,1310.69,1292.9555,1299.675
2013-09-18T02:00:00+01:00,1299.6675,1300.72,1291.9425,1298.174
2013-09-18T06:00:00+01:00,1298.15,1307.8275,1294.5565,1303.0645
2013-09-18T10:00:00+01:00,1303.07,1306.977,1298.0405,1301.1555
2013-09-18T14:00:00+01:00,1301.1905,1304.285,1296.44,1303.51
2013-09-18T18:00:00+01:00,1303.5405,1367.6975,1302.41,1363.91
2013-09-18T22:00:00+01:00,1363.8705,1368.452,1360.4,1362.3745
2013-09-19T02:00:00+01:00,1362.422,1366.572,1358.8,1361.513
2013-09-19T06:00:00+01:00,1361.572,1375.3775,1361.4655,1367.0395
2013-09-19T10:00:00+01:00,1366.9775,1373.59,1361.395,1366.0855
2013-09-19T14:00:00+01:00,1366.0705,1375.14,1359.1555,1371.23
2013-09-19T18:00:00+01:00,1371.24,1374.2955,1362.9175,1366.335
2013-09-19T22:00:00+01:00,1365.5,1368.4,1361.9055,1362.7
2013-09-20T02:00:00+01:00,1362.7595,1366.5475,1361.85,1364.15
2013-09-20T06:00:00+01:00,1364.1055,1365.3225,1352.3,1357.14
2013-09-20T10:00:00+01:00,1357.13,1359.34,1346.505,1353.05
2013-09-20T14:00:00+01:00,1353.045,1356.8155,1327.3025,1332.5845
2013-09-20T18:00:00+01:00,1332.5995,1336.0045,1324.803,1325.916
2013-09-22T22:00:00+01:00,1326.74,1330.4555,1321.75,1321.7845
2013-09-23T02:00:00+01:00,1321.6995,1324.95,1313.613,1321.7755
2013-09-23T06:00:00+01:00,1321.765,1331.962,1318.51,1327.8075
2013-09-23T10:00:00+01:00,1327.8145,1328.3685,1316.446,1322.32
2013-09-23T14:00:00+01:00,1322.35,1330.358,1317.859,1328.3175
2013-09-23T18:00:00+01:00,1328.3275,1328.4575,1320.409,1322.645
2013-09-23T22:00:00+01:00,1322.6545,1328.481,1321.6455,1325.892
2013-09-24T02:00:00+01:00,1325.942,1329.103,1325.7495,1327.2845
2013-09-24T06:00:00+01:00,1327.25,1329.42,1316.5795,1318.607
2013-09-24T10:00:00+01:00,1318.5945,1319.379,1307.008,1307.501
2013-09-24T14:00:00+01:00,1307.5105,1317.94,1305.947,1314.576
2013-09-24T18:00:00+01:00,1314.533,1328.042,1313.53,1323.371
2013-09-24T22:00:00+01:00,1323.361,1326.231,1322.6315,1325.354
2013-09-25T02:00:00+01:00,1325.3585,1326.9765,1322.955,1325.786
2013-09-25T06:00:00+01:00,1325.774,1330.032,1319.7035,1323.188
2013-09-25T10:00:00+01:00,1323.198,1326.458,1316.736,1321.312
2013-09-25T14:00:00+01:00,1321.318,1338.178,1320.69,1337.235
2013-09-25T18:00:00+01:00,1337.265,1338.14,1332.165,1334.406
2013-09-25T22:00:00+01:00,1334.408,1335.6575,1331.248,1334.899
2013-09-26T02:00:00+01:00,1334.874,1336.699,1329.988,1332.8475
2013-09-26T06:00:00+01:00,1332.892,1339.371,1328.6825,1337.4295
2013-09-26T10:00:00+01:00,1337.425,1338.3315,1330.7405,1334.5645
2013-09-26T14:00:00+01:00,1334.5805,1336.125,1318.969,1322.7
2013-09-26T18:00:00+01:00,1322.7455,1325.6845,1321.535,1324.0355
2013-09-26T22:00:00+01:00,1324.0295,1324.977,1319.8235,1324.256
2013-09-27T02:00:00+01:00,1324.2555,1326.294,1321.0445,1324.424
2013-09-27T06:00:00+01:00,1324.4235,1328.2435,1322.48,1323.015
2013-09-27T10:00:00+01:00,1323,1344.196,1321.4575,1335.733
2013-09-27T14:00:00+01:00,1335.73,1342.22,1333.54,1337.6805
2013-09-27T18:00:00+01:00,1337.6705,1340.565,1334.825,1336.653
2013-09-29T22:00:00+01:00,1341.74,1352.73,1335.269,1340.159
2013-09-30T02:00:00+01:00,1340.164,1341.15,1337.046,1337.854
2013-09-30T06:00:00+01:00,1337.888,1343.3975,1337.738,1339.5505
2013-09-30T10:00:00+01:00,1339.54,1339.5405,1325.8675,1327.7245
2013-09-30T14:00:00+01:00,1327.735,1337.5465,1322.862,1331.8145
2013-09-30T18:00:00+01:00,1331.8025,1333.705,1325.068,1328.967
2013-09-30T22:00:00+01:00,1327.875,1330.752,1324.974,1326.773
2013-10-01T02:00:00+01:00,1326.759,1330.391,1326.539,1328.493
2013-10-01T06:00:00+01:00,1328.494,1337.606,1328.283,1332.395
2013-10-01T10:00:00+01:00,1332.362,1333.951,1284.802,1293.2955
2013-10-01T14:00:00+01:00,1293.3065,1297.925,1282.552,1285.4395
2013-10-01T18:00:00+01:00,1285.4895,1291.9555,1284.973,1287.5245
2013-10-01T22:00:00+01:00,1287.5095,1291.0115,1277.914,1283.3005
2013-10-02T02:00:00+01:00,1283.305,1293.415,1282.8525,1289.805
2013-10-02T06:00:00+01:00,1289.7745,1295.075,1286.1375,1294.695
2013-10-02T10:00:00+01:00,1294.69,1303.7525,1291.42,1301.98
2013-10-02T14:00:00+01:00,1301.9965,1323.9695,1298.2825,1314.7425
2013-10-02T18:00:00+01:00,1314.6805,1321.278,1314.0125,1316.094
2013-10-02T22:00:00+01:00,1315.988,1317.007,1312.6515,1314.8635
2013-10-03T02:00:00+01:00,1314.847,1315.0895,1310.769,1311.905
2013-10-03T06:00:00+01:00,1311.88,1316.4875,1308.3905,1312.737
2013-10-03T10:00:00+01:00,1312.757,1312.757,1302.15,1307.8385
2013-10-03T14:00:00+01:00,1307.83,1322.47,1306.8295,1316.418
2013-10-03T18:00:00+01:00,1316.4695,1321.3435,1315.08,1316.8005
2013-10-03T22:00:00+01:00,1316.869,1319.165,1315.437,1317.264
2013-10-04T02:00:00+01:00,1317.3165,1318.158,1314.775,1318.122
2013-10-04T06:00:00+01:00,1318.1095,1320.5275,1315.6385,1316.2645
2013-10-04T10:00:00+01:00,1316.2495,1325.6135,1308.1695,1317.5125
2013-10-04T14:00:00+01:00,1317.52,1318.9395,1305.75,1308.52
2013-10-04T18:00:00+01:00,1308.483,1311.6395,1307.191,1310.7905
2013-10-06T22:00:00+01:00,1312.1,1316.1475,1311.66,1315.042
2013-10-07T02:00:00+01:00,1315.054,1315.455,1311.7045,1313.652
2013-10-07T06:00:00+01:00,1313.665,1315.45,1308.6795,1312.7995
2013-10-07T10:00:00+01:00,1312.7875,1321.1035,1310.3745,1319.739
2013-10-07T14:00:00+01:00,1320.032,1328.9405,1316.897,1324.087
2013-10-07T18:00:00+01:00,1324.082,1325.7945,1320.87,1323.266
2013-10-07T22:00:00+01:00,1322.9,1325.52,1320.818,1324.9785
2013-10-08T02:00:00+01:00,1325.002,1327.9525,1323.483,1324.241
2013-10-08T06:00:00+01:00,1324.216,1327.157,1321.2195,1321.67
2013-10-08T10:00:00+01:00,1321.6395,1324.8095,1315.803,1321.387
2013-10-08T14:00:00+01:00,1321.3065,1330.148,1321.2205,1323.7365
2013-10-08T18:00:00+01:00,1323.7295,1324.7855,1318.0125,1319.303
2013-10-08T22:00:00+01:00,1319.245,1321.7,1317.0835,1319.934
2013-10-09T02:00:00+01:00,1319.909,1320.917,1316.601,1317.6625
2013-10-09T06:00:00+01:00,1317.661,1322.0945,1316.315,1317.56
2013-10-09T10:00:00+01:00,1317.57,1317.57,1302.7165,1306.5155
2013-10-09T14:00:00+01:00,1306.5205,1310.595,1294.8415,1302.07
2013-10-09T18:00:00+01:00,1302.0775,1314.3885,1300.8485,1305.699
2013-10-09T22:00:00+01:00,1307.1295,1307.5475,1300.5855,1303.0365
2013-10-10T02:00:00+01:00,1303.0485,1305.6215,1301.302,1302.3045
2013-10-10T06:00:00+01:00,1302.32,1308.6925,1296.8995,1298.345
2013-10-10T10:00:00+01:00,1298.3345,1312.155,1294.2815,1298.12
2013-10-10T14:00:00+01:00,1298.0925,1303.187,1294.8255,1298.22
2013-10-10T18:00:00+01:00,1298.205,1298.9,1282.307,1287.5365
2013-10-10T22:00:00+01:00,1287.493,1290.337,1283.836,1288.1875
2013-10-11T02:00:00+01:00,1288.1745,1293.797,1286.8035,1292.4435
2013-10-11T06:00:00+01:00,1292.4225,1294.737,1284.333,1284.9775
2013-10-11T10:00:00+01:00,1285.0055,1291.25,1261.943,1267.1395
2013-10-11T14:00:00+01:00,1267.1495,1272.0675,1262.7355,1271.3475
2013-10-11T18:00:00+01:00,1271.314,1272.8805,1264.8515,1272.222
2013-10-13T22:00:00+01:00,1276.995,1279.34,1271.746,1273.1665
2013-10-14T02:00:00+01:00,1273.134,1273.134,1268.705,1270.392
2013-10-14T06:00:00+01:00,1270.38,1278.38,1270.38,1275.33
2013-10-14T10:00:00+01:00,1275.3575,1289.9905,1274.967,1283.9
2013-10-14T14:00:00+01:00,1283.785,1286.871,1275.82,1276.23
2013-10-14T18:00:00+01:00,1276.25,1276.305,1276.225,1276.245
2013-10-14T22:00:00+01:00,1273.65,1274.164,1266.426,1270.05
2013-10-15T02:00:00+01:00,1270.0455,1274.556,1269.2305,1272.7045
2013-10-15T06:00:00+01:00,1272.6775,1273.465,1256.2095,1256.3885
2013-10-15T10:00:00+01:00,1256.3895,1268.346,1251.81,1262.0145
2013-10-15T14:00:00+01:00,1262.003,1277.724,1262.003,1271.2
2013-10-15T18:00:00+01:00,1271.1395,1288.167,1270.7075,1282.114
2013-10-15T22:00:00+01:00,1282.2255,1283.7815,1274.4955,1277.8365
2013-10-16T02:00:00+01:00,1277.845,1282.3,1277.1405,1279.851
2013-10-16T06:00:00+01:00,1279.833,1288.3285,1277.036,1277.32
2013-10-16T10:00:00+01:00,1277.33,1284.8335,1275.8425,1280.1375
2013-10-16T14:00:00+01:00,1280.1555,1282.667,1269.3525,1279.3775
2013-10-16T18:00:00+01:00,1279.3845,1283.437,1277.62,1282.503
2013-10-16T22:00:00+01:00,1282,1286.3085,1279.942,1285.8605
2013-10-17T02:00:00+01:00,1285.808,1287.2455,1279.725,1281.0995
2013-10-17T06:00:00+01:00,1281.058,1321.3865,1274.6225,1305.5595
2013-10-17T10:00:00+01:00,1305.62,1323.225,1304.3325,1314.8405
2013-10-17T14:00:00+01:00,1314.7525,1323.545,1313.81,1321.3505
2013-10-17T18:00:00+01:00,1321.44,1324.485,1318.225,1320.516
2013-10-17T22:00:00+01:00,1320.529,1320.919,1315.96,1318.619
2013-10-18T02:00:00+01:00,1318.64,1320.335,1315.1215,1315.575
2013-10-18T06:00:00+01:00,1315.512,1327.275,1315.208,1318.7895
2013-10-18T10:00:00+01:00,1318.762,1322.2855,1315.9525,1319.22
2013-10-18T14:00:00+01:00,1319.18,1320.2045,1311.8325,1313.2725
2013-10-18T18:00:00+01:00,1313.2755,1316.6825,1312.8225,1316.2505
2013-10-20T22:00:00+01:00,1316.576,1319.585,1313.3655,1317.506
2013-10-21T02:00:00+01:00,1317.4835,1320.309,1315.2975,1319.474
2013-10-21T06:00:00+01:00,1319.4815,1324.187,1316.915,1317.3175
2013-10-21T10:00:00+01:00,1317.32,1318.6325,1313.8375,1316.86
2013-10-21T14:00:00+01:00,1316.8085,1319.9615,1315.149,1316.43
2013-10-21T18:00:00+01:00,1316.44,1317.22,1313.75,1316.055
2013-10-21T22:00:00+01:00,1315.891,1316.006,1314.1655,1314.663
2013-10-22T02:00:00+01:00,1314.6805,1315.8895,1313.5265,1314.242
2013-10-22T06:00:00+01:00,1314.21,1317.64,1310.282,1311.7775
2013-10-22T10:00:00+01:00,1311.795,1334.9685,1311.203,1328.35
2013-10-22T14:00:00+01:00,1328.3005,1344.8205,1327.4255,1342.262
2013-10-22T18:00:00+01:00,1342.2825,1343.0705,1339.633,1340.2095
2013-10-22T22:00:00+01:00,1340.1745,1342.1555,1338.749,1340.153
2013-10-23T02:00:00+01:00,1340.1555,1342.367,1334.4495,1336.076
2013-10-23T06:00:00+01:00,1336.079,1337.8185,1329.9575,1332.07
2013-10-23T10:00:00+01:00,1332.0395,1336.065,1329.345,1334.8695
2013-10-23T14:00:00+01:00,1334.8495,1337.4715,1329.9925,1335.1025
2013-10-23T18:00:00+01:00,1335.1125,1335.867,1332.23,1333.323
2013-10-23T22:00:00+01:00,1332.095,1334.9195,1330.4195,1334.0965
2013-10-24T02:00:00+01:00,1334.061,1337.2485,1333.903,1336.54
2013-10-24T06:00:00+01:00,1336.529,1341.9315,1334.139,1335.76
2013-10-24T10:00:00+01:00,1335.755,1349.2025,1335.43,1340.315
2013-10-24T14:00:00+01:00,1340.28,1352.0675,1339.7295,1350.23
2013-10-24T18:00:00+01:00,1350.27,1350.915,1345.5525,1346.6985
2013-10-24T22:00:00+01:00,1346.701,1348.009,1344.8655,1345.7755
2013-10-25T02:00:00+01:00,1345.8255,1346.282,1342.6005,1345.05
2013-10-25T06:00:00+01:00,1345.011,1345.294,1340.5085,1344.3575
2013-10-25T10:00:00+01:00,1344.357,1345.2695,1336.712,1342.6075
2013-10-25T14:00:00+01:00,1342.58,1350.991,1340.91,1350.085
2013-10-25T18:00:00+01:00,1350.095,1355.9075,1350.08,1350.915
2013-10-27T21:00:00+00:00,1353.99,1354.1905,1347.873,1350.175
2013-10-28T01:00:00+00:00,1350.2355,1353.85,1347.696,1350.446
2013-10-28T05:00:00+00:00,1350.432,1352.3275,1346.5145,1350.31
2013-10-28T09:00:00+00:00,1350.3085,1354.45,1350.043,1353.09
2013-10-28T13:00:00+00:00,1353.107,1361.8685,1348.135,1353.412
2013-10-28T17:00:00+00:00,1353.397,1357.128,1351.7815,1352.572
2013-10-28T21:00:00+00:00,1352.6035,1354.083,1352.006,1353.7605
2013-10-29T01:00:00+00:00,1353.734,1360.588,1350.883,1355.55
2013-10-29T05:00:00+00:00,1355.6245,1356.3,1340.2525,1344.6145
2013-10-29T09:00:00+00:00,1344.5915,1348.624,1340.8815,1347.25
2013-10-29T13:00:00+00:00,1347.22,1353.0725,1342.7325,1344.7425
2013-10-29T17:00:00+00:00,1344.6835,1347.2,1343.858,1345.131
2013-10-29T21:00:00+00:00,1344.7,1344.865,1342.3295,1343.478
2013-10-30T01:00:00+00:00,1343.4855,1344.933,1338.989,1344.387
2013-10-30T05:00:00+00:00,1344.409,1349.4,1342.69,1347.7195
2013-10-30T09:00:00+00:00,1347.7055,1358.9335,1347.0155,1354.274
2013-10-30T13:00:00+00:00,1354.264,1359.612,1352.3505,1353.695
2013-10-30T17:00:00+00:00,1353.71,1356.1105,1334.872,1344.616
2013-10-30T21:00:00+00:00,1344.6625,1344.6625,1338.3505,1339.029
2013-10-31T01:00:00+00:00,1339.0465,1340.027,1335.4145,1339.703
2013-10-31T05:00:00+00:00,1339.709,1340.112,1330.402,1334.5225
2013-10-31T09:00:00+00:00,1334.512,1337.1395,1322.83,1326.6005
2013-10-31T13:00:00+00:00,1326.6155,1331.345,1319.2415,1321.93
2013-10-31T17:00:00+00:00,1321.977,1326.05,1321.6975,1323.11
2013-10-31T21:00:00+00:00,1323.149,1326.5095,1322.805,1326.079
2013-11-01T01:00:00+00:00,1326.0845,1326.775,1322.9075,1325.5435
2013-11-01T05:00:00+00:00,1325.5275,1327.545,1321.26,1323.21
2013-11-01T09:00:00+00:00,1323.2245,1323.2395,1311.8585,1314.5795
2013-11-01T13:00:00+00:00,1314.6,1317.6405,1306.2335,1315.392
2013-11-01T17:00:00+00:00,1315.35,1316.6955,1310.915,1316.2055
2013-11-03T22:00:00+00:00,1313.985,1316.088,1312.344,1315.037
2013-11-04T02:00:00+00:00,1315.027,1316.08,1311.752,1314.745
2013-11-04T06:00:00+00:00,1314.7835,1315.8995,1311.2845,1314.0505
2013-11-04T10:00:00+00:00,1314.1805,1322.6525,1312.58,1318.34
2013-11-04T14:00:00+00:00,1318.32,1321.1725,1316.5075,1317.8865
2013-11-04T18:00:00+00:00,1317.905,1318.245,1313.479,1314.725
2013-11-04T22:00:00+00:00,1314.77,1317.508,1313.7605,1316.471
2013-11-05T02:00:00+00:00,1316.4965,1318.511,1314.2385,1316.033
2013-11-05T06:00:00+00:00,1316.0195,1317.692,1309.4825,1312.1395
2013-11-05T10:00:00+00:00,1312.1195,1320.0485,1311.085,1315.24
2013-11-05T14:00:00+00:00,1315.242,1315.705,1306,1309.84
2013-11-05T18:00:00+00:00,1309.83,1312.2925,1308.215,1311.81
2013-11-05T22:00:00+00:00,1311.807,1312.994,1309.297,1310.757
2013-11-06T02:00:00+00:00,1310.784,1315.7595,1310.411,1314.069
2013-11-06T06:00:00+00:00,1314.054,1320.316,1310.27,1317.985
2013-11-06T10:00:00+00:00,1318.022,1322.1675,1316.699,1316.9195
2013-11-06T14:00:00+00:00,1316.9075,1319.8755,1314.696,1317.5175
2013-11-06T18:00:00+00:00,1317.442,1318.95,1316.228,1317.8675
2013-11-06T22:00:00+00:00,1317.874,1319.041,1316.3475,1316.94
2013-11-07T02:00:00+00:00,1316.9285,1319.5175,1315.2335,1318.785
2013-11-07T06:00:00+00:00,1318.727,1320.19,1315.037,1316.9105
2013-11-07T10:00:00+00:00,1316.909,1326.7325,1296.912,1303.9115
2013-11-07T14:00:00+00:00,1303.895,1314.41,1302.5405,1308.02
2013-11-07T18:00:00+00:00,1307.989,1310.247,1304.26,1307.655
2013-11-07T22:00:00+00:00,1307.639,1309.756,1306.3,1308.392
2013-11-08T02:00:00+00:00,1308.402,1310.971,1308.061,1310.687
2013-11-08T06:00:00+00:00,1310.702,1313.1405,1307.9345,1311.7055
2013-11-08T10:00:00+00:00,1311.7005,1313.8405,1290.4025,1294.957
2013-11-08T14:00:00+00:00,1294.949,1296.76,1281.2315,1284.638
2013-11-08T18:00:00+00:00,1284.658,1289.1605,1284.078,1288.635
2013-11-10T22:00:00+00:00,1287.965,1289.05,1283.6115,1285.206
2013-11-11T02:00:00+00:00,1285.196,1288.2985,1285.009,1285.548
2013-11-11T06:00:00+00:00,1285.5535,1287.5095,1279.2585,1282.413
2013-11-11T10:00:00+00:00,1282.465,1287.8875,1281.8925,1283.25
2013-11-11T14:00:00+00:00,1283.248,1284.77,1281.6345,1282.063
2013-11-11T18:00:00+00:00,1282.0255,1284.0055,1281.62,1282.875
2013-11-11T22:00:00+00:00,1282.859,1283.101,1280.2045,1280.7635
2013-11-12T02:00:00+00:00,1280.7685,1281.022,1276.639,1279.2945
2013-11-12T06:00:00+00:00,1279.2795,1284.252,1277.4795,1280.6955
2013-11-12T10:00:00+00:00,1280.578,1285.4555,1278.7455,1281.8295
2013-11-12T14:00:00+00:00,1281.8795,1283.5305,1273.67,1275.8155
2013-11-12T18:00:00+00:00,1275.803,1276.0855,1261.515,1268.0335
2013-11-12T22:00:00+00:00,1268.04,1271.2975,1265.984,1270.485
2013-11-13T02:00:00+00:00,1270.7265,1273.3945,1269.1155,1272.467
2013-11-13T06:00:00+00:00,1272.4945,1277.3795,1270.68,1274.4895
2013-11-13T10:00:00+00:00,1274.4545,1279.453,1271.3125,1278.4105
2013-11-13T14:00:00+00:00,1278.4055,1279.9905,1271.8915,1272.2165
2013-11-13T18:00:00+00:00,1272.23,1284.448,1268.411,1281.7525
2013-11-13T22:00:00+00:00,1281.74,1286.9295,1280.8305,1282.411
2013-11-14T02:00:00+00:00,1282.415,1288.3205,1282.02,1286.9825
2013-11-14T06:00:00+00:00,1286.975,1287.803,1281.7055,1283.8305
2013-11-14T10:00:00+00:00,1283.8355,1287.478,1278.2495,1284.1045
2013-11-14T14:00:00+00:00,1284.1035,1294.3775,1281.7005,1288.1745
2013-11-14T18:00:00+00:00,1288.1995,1288.585,1284.141,1287.1845
2013-11-14T22:00:00+00:00,1287.272,1289.935,1286.0995,1289.628
2013-11-15T02:00:00+00:00,1289.613,1291.354,1288.057,1289.317
2013-11-15T06:00:00+00:00,1289.3095,1289.617,1281.723,1282.1355
2013-11-15T10:00:00+00:00,1282.133,1289.7505,1280.5295,1287.246
2013-11-15T14:00:00+00:00,1287.24,1290.3565,1285.902,1289.3705
2013-11-15T18:00:00+00:00,1289.359,1290.4645,1287.105,1290.2375
2013-11-17T22:00:00+00:00,1289.595,1289.78,1284.7085,1286.621
2013-11-18T02:00:00+00:00,1286.6615,1287.973,1285.738,1287.317
2013-11-18T06:00:00+00:00,1287.3225,1288.395,1283.1395,1283.8695
2013-11-18T10:00:00+00:00,1283.88,1286.0805,1277.7125,1283.515
2013-11-18T14:00:00+00:00,1283.5425,1285.2975,1270.1685,1272.8505
2013-11-18T18:00:00+00:00,1272.8455,1275.5795,1271.38,1275.39
2013-11-18T22:00:00+00:00,1275.38,1276.075,1270.918,1272.974
2013-11-19T02:00:00+00:00,1272.951,1275.544,1272.649,1274.021
2013-11-19T06:00:00+00:00,1274.031,1276.9505,1271.1065,1275.1745
2013-11-19T10:00:00+00:00,1275.2005,1277.801,1269.306,1275.4135
2013-11-19T14:00:00+00:00,1275.41,1278.9995,1273.6885,1274.2735
2013-11-19T18:00:00+00:00,1274.2585,1275.7175,1273.234,1275.62
2013-11-19T22:00:00+00:00,1275.5735,1275.5735,1273.8805,1275.339
2013-11-20T02:00:00+00:00,1275.354,1276.484,1274.155,1274.2205
2013-11-20T06:00:00+00:00,1274.2095,1275.8045,1270.254,1271.138
2013-11-20T10:00:00+00:00,1271.0775,1273.4035,1258.7245,1263.0845
2013-11-20T14:00:00+00:00,1263.0365,1268.802,1256.3615,1260.803
2013-11-20T18:00:00+00:00,1260.7945,1264.136,1241.2025,1244.2025
2013-11-20T22:00:00+00:00,1243.1025,1249.4,1242.847,1247.554
2013-11-21T02:00:00+00:00,1247.525,1249.397,1246.614,1247.653
2013-11-21T06:00:00+00:00,1247.6435,1249.948,1243.397,1248.376
2013-11-21T10:00:00+00:00,1248.364,1250.4725,1238.8415,1241.847
2013-11-21T14:00:00+00:00,1241.837,1247.2245,1236.8975,1244.9255
2013-11-21T18:00:00+00:00,1244.9155,1245.913,1241.3255,1242.9825
2013-11-21T22:00:00+00:00,1242.9675,1245.7045,1242.868,1245.655
2013-11-22T02:00:00+00:00,1245.64,1246.298,1242.058,1244.0565
2013-11-22T06:00:00+00:00,1244.0505,1246.265,1243.167,1243.7845
2013-11-22T10:00:00+00:00,1243.81,1249.074,1241.2935,1246.0235
2013-11-22T14:00:00+00:00,1246.068,1247.9275,1242.536,1243.8255
2013-11-22T18:00:00+00:00,1243.8405,1245.1205,1241.782,1243.6825
2013-11-24T22:00:00+00:00,1242.535,1244.4105,1237.4855,1241.699
2013-11-25T02:00:00+00:00,1241.693,1242.902,1237.3505,1238.122
2013-11-25T06:00:00+00:00,1238.078,1238.078,1226.169,1231.8135
2013-11-25T10:00:00+00:00,1231.8025,1236.074,1227.8045,1235.056
2013-11-25T14:00:00+00:00,1235.0625,1245.195,1234.1,1241.528
2013-11-25T18:00:00+00:00,1241.533,1253.976,1239.528,1251.4255
2013-11-25T22:00:00+00:00,1251.43,1258.244,1250.106,1252.4135
2013-11-26T02:00:00+00:00,1252.4635,1253.754,1251.801,1253.213
2013-11-26T06:00:00+00:00,1253.208,1255.295,1250.8695,1252.0755
2013-11-26T10:00:00+00:00,1252.068,1253.0315,1245.5915,1245.9215
2013-11-26T14:00:00+00:00,1245.9145,1247.9955,1239.75,1242.6865
2013-11-26T18:00:00+00:00,1242.6765,1243.583,1241.1455,1242.9
2013-11-26T22:00:00+00:00,1242.9345,1245.794,1241.6155,1244.5035
2013-11-27T02:00:00+00:00,1244.496,1247.0605,1244.0165,1246.702
2013-11-27T06:00:00+00:00,1246.6795,1252.5135,1244.476,1251.919
2013-11-27T10:00:00+00:00,1251.941,1254.961,1249.1525,1250.9035
2013-11-27T14:00:00+00:00,1250.9005,1251.465,1237.956,1240.6545
2013-11-27T18:00:00+00:00,1240.6445,1241.6925,1236.437,1237.9
2013-11-27T22:00:00+00:00,1237.8,1241.039,1234.6925,1239.702
2013-11-28T02:00:00+00:00,1239.697,1241.338,1236.6425,1240.0845
2013-11-28T06:00:00+00:00,1240.0695,1245.0465,1239.683,1242.3905
2013-11-28T10:00:00+00:00,1242.375,1244.93,1240.77,1244.2075
2013-11-28T14:00:00+00:00,1244.222,1245.8965,1243.384,1244.118
2013-11-28T22:00:00+00:00,1244,1245.218,1242.6055,1243.3
2013-11-29T02:00:00+00:00,1243.294,1243.6965,1240.9165,1242.348
2013-11-29T06:00:00+00:00,1242.3325,1249.935,1241.192,1247.3895
2013-11-29T10:00:00+00:00,1247.382,1254.2315,1244.4075,1251.2765
2013-11-29T14:00:00+00:00,1251.289,1254.853,1250.52,1251.215
2013-11-29T18:00:00+00:00,1251.205,1252.3005,1250.72,1251.335
2013-12-01T22:00:00+00:00,1251.005,1251.005,1245.8005,1247.786
2013-12-02T02:00:00+00:00,1247.801,1248.5315,1246.106,1246.56
2013-12-02T06:00:00+00:00,1246.5075,1247.985,1237.3975,1238.503
2013-12-02T10:00:00+00:00,1238.5,1239.8635,1233.7875,1236.6795
2013-12-02T14:00:00+00:00,1236.6845,1238.7885,1222.7555,1225.8135
2013-12-02T18:00:00+00:00,1225.8045,1225.8385,1217.971,1219.8
2013-12-02T22:00:00+00:00,1219.8105,1224.447,1219.778,1222.452
2013-12-03T02:00:00+00:00,1222.4685,1222.672,1220.0055,1221.9095
2013-12-03T06:00:00+00:00,1221.9315,1226.201,1221.0955,1223.32
2013-12-03T10:00:00+00:00,1223.3,1225.0735,1218.559,1220.69
2013-12-03T14:00:00+00:00,1220.698,1226.297,1215.3805,1222.043
2013-12-03T18:00:00+00:00,1222.058,1224.0665,1219.916,1223.3825
2013-12-03T22:00:00+00:00,1223.358,1225.129,1221.233,1221.616
2013-12-04T02:00:00+00:00,1221.606,1223.0185,1220.424,1222.1995
2013-12-04T06:00:00+00:00,1222.191,1222.5775,1212.4415,1214.265
2013-12-04T10:00:00+00:00,1214.24,1228.646,1211.898,1226.063
2013-12-04T14:00:00+00:00,1226.0565,1251.6895,1224.9085,1248.119
2013-12-04T18:00:00+00:00,1248.1335,1250.5305,1242.8645,1243.6385
2013-12-04T22:00:00+00:00,1243.68,1243.68,1237.558,1239.239
2013-12-05T02:00:00+00:00,1239.249,1240.447,1236.7855,1239.358
2013-12-05T06:00:00+00:00,1239.35,1239.946,1230.063,1233.51
2013-12-05T10:00:00+00:00,1233.4985,1236.165,1222.487,1225.12
2013-12-05T14:00:00+00:00,1225.1475,1234.6745,1217.137,1233.746
2013-12-05T18:00:00+00:00,1233.721,1236.018,1224.272,1225.1985
2013-12-05T22:00:00+00:00,1225.21,1229.083,1224.495,1227.9955
2013-12-06T02:00:00+00:00,1227.9805,1228.446,1225.454,1228.281
2013-12-06T06:00:00+00:00,1228.3015,1234.0815,1227.133,1231.3375
2013-12-06T10:00:00+00:00,1231.346,1239.846,1212.666,1237.4955
2013-12-06T14:00:00+00:00,1237.511,1244.568,1229.9035,1231.1635
2013-12-06T18:00:00+00:00,1231.2105,1231.6305,1223.5975,1229.1325
2013-12-08T22:00:00+00:00,1230.785,1232.2605,1225.44,1230.747
2013-12-09T02:00:00+00:00,1230.741,1231.1845,1228.3365,1229.4905
2013-12-09T06:00:00+00:00,1229.496,1232.466,1228.157,1230.09
2013-12-09T10:00:00+00:00,1230.1085,1233.3815,1227.4265,1231.5165
2013-12-09T14:00:00+00:00,1231.517,1238.071,1231.1615,1234.25
2013-12-09T18:00:00+00:00,1234.2685,1243.237,1233.6005,1240.35
2013-12-09T22:00:00+00:00,1239.955,1240.335,1238.098,1239.026
2013-12-10T02:00:00+00:00,1239.036,1242.9995,1238.677,1242.672
2013-12-10T06:00:00+00:00,1242.662,1247.918,1242.33,1243.1535
2013-12-10T10:00:00+00:00,1243.1335,1264.5705,1242.395,1259.826
2013-12-10T14:00:00+00:00,1259.8185,1267.9675,1259.5215,1262.802
2013-12-10T18:00:00+00:00,1262.792,1264.7445,1259.507,1262.1395
2013-12-10T22:00:00+00:00,1262.165,1263.187,1258.8995,1258.9325
2013-12-11T02:00:00+00:00,1258.927,1260.1865,1256.593,1259.558
2013-12-11T06:00:00+00:00,1259.535,1260.207,1254.225,1255.105
2013-12-11T10:00:00+00:00,1255.0715,1261.848,1253.7325,1260.8365
2013-12-11T14:00:00+00:00,1260.8065,1263.4695,1255.146,1257.5945
2013-12-11T18:00:00+00:00,1257.5525,1258.401,1251.2645,1252.247
2013-12-11T22:00:00+00:00,1252.254,1256.1045,1252.08,1254.459
2013-12-12T02:00:00+00:00,1254.4705,1256.121,1253.424,1255.162
2013-12-12T06:00:00+00:00,1255.1675,1257.1155,1240.161,1241.724
2013-12-12T10:00:00+00:00,1241.717,1244.91,1233.102,1235.438
2013-12-12T14:00:00+00:00,1235.476,1236.4655,1224.9905,1230.3155
2013-12-12T18:00:00+00:00,1230.3255,1230.7355,1223.942,1225.51
2013-12-12T22:00:00+00:00,1225.495,1229.014,1224.965,1227.303
2013-12-13T02:00:00+00:00,1227.288,1229.2475,1226.6385,1227.648
2013-12-13T06:00:00+00:00,1227.6585,1230.039,1223.091,1225.2275
2013-12-13T10:00:00+00:00,1225.25,1235.799,1220.662,1234.286
2013-12-13T14:00:00+00:00,1234.2815,1238.723,1231.393,1235.413
2013-12-13T18:00:00+00:00,1235.403,1238.8575,1233.036,1238.7
2013-12-15T22:00:00+00:00,1238.115,1238.42,1234.885,1236.2425
2013-12-16T02:00:00+00:00,1236.248,1237.422,1233.678,1235.246
2013-12-16T06:00:00+00:00,1235.238,1236.4355,1227.9515,1229.395
2013-12-16T10:00:00+00:00,1229.3865,1238.392,1228.5845,1235.385
2013-12-16T14:00:00+00:00,1235.45,1252.0615,1233.6015,1246.259
2013-12-16T18:00:00+00:00,1246.2675,1246.396,1240.0065,1241.3225
2013-12-16T22:00:00+00:00,1241.3575,1243.268,1240.008,1240.83
2013-12-17T02:00:00+00:00,1240.8485,1247.7955,1240.087,1246.7255
2013-12-17T06:00:00+00:00,1246.715,1248.197,1237.3235,1237.8
2013-12-17T10:00:00+00:00,1237.7855,1240.0535,1230.2335,1234.592
2013-12-17T14:00:00+00:00,1234.5855,1243.199,1227.5525,1230.639
2013-12-17T18:00:00+00:00,1230.645,1232.421,1228.5175,1231.05
2013-12-17T22:00:00+00:00,1231.045,1235.299,1230.25,1234.5105
2013-12-18T02:00:00+00:00,1234.527,1235.0885,1232.2555,1233.617
2013-12-18T06:00:00+00:00,1233.601,1237.573,1228.7725,1232.3905
2013-12-18T10:00:00+00:00,1232.384,1235.423,1230.8125,1233.18
2013-12-18T14:00:00+00:00,1233.162,1235.386,1227.8075,1231.9865
2013-12-18T18:00:00+00:00,1231.9955,1244.7665,1216.3045,1218.3365
2013-12-18T22:00:00+00:00,1218.2965,1226.661,1216.0145,1221.023
2013-12-19T02:00:00+00:00,1221.012,1221.6145,1219.035,1221.0075
2013-12-19T06:00:00+00:00,1221.0215,1224.5545,1199.8065,1203.557
2013-12-19T10:00:00+00:00,1203.5625,1210.1235,1198.0275,1204.415
2013-12-19T14:00:00+00:00,1204.419,1205.2155,1192.8765,1196.04
2013-12-19T18:00:00+00:00,1196.0455,1197.6305,1187.2025,1188.6705
2013-12-19T22:00:00+00:00,1188.6625,1195.511,1188.5895,1193.3705
2013-12-20T02:00:00+00:00,1193.3805,1197.5135,1193.373,1195.5555
2013-12-20T06:00:00+00:00,1195.5705,1198.7235,1191.9345,1197.478
2013-12-20T10:00:00+00:00,1197.4825,1198.9275,1191.4035,1195.373
2013-12-20T14:00:00+00:00,1195.358,1207.638,1193.2355,1202.009
2013-12-20T18:00:00+00:00,1202.034,1205.264,1201.1555,1203.23
2013-12-22T22:00:00+00:00,1203.06,1205.637,1201.342,1202.1225
2013-12-23T02:00:00+00:00,1202.1145,1204.2435,1200.065,1203.887
2013-12-23T06:00:00+00:00,1203.871,1206.3625,1197.5025,1198.548
2013-12-23T10:00:00+00:00,1198.545,1203.74,1192.8125,1201.507
2013-12-23T14:00:00+00:00,1201.517,1204.0355,1197.359,1198.4005
2013-12-23T18:00:00+00:00,1198.38,1199.405,1196.941,1198.761
2013-12-23T22:00:00+00:00,1198.405,1199.515,1197.111,1197.1845
2013-12-24T02:00:00+00:00,1197.211,1199.684,1197.15,1199.1945
2013-12-24T06:00:00+00:00,1199.2745,1202.3675,1196.838,1200.44
2013-12-24T10:00:00+00:00,1200.4495,1201.8205,1196.31,1201.1505
2013-12-24T14:00:00+00:00,1201.17,1205.7445,1200.1425,1204.067
2013-12-24T18:00:00+00:00,1204.0395,1204.42,1203.5405,1204.15
2013-12-25T22:00:00+00:00,1204.55,1205.182,1204.542,1204.997
2013-12-26T02:00:00+00:00,1204.987,1206.846,1203.349,1204.3295
2013-12-26T06:00:00+00:00,1204.325,1207.0755,1203.5655,1206.4
2013-12-26T10:00:00+00:00,1206.4345,1214.708,1205.0905,1212.547
2013-12-26T14:00:00+00:00,1212.546,1215.993,1210.8195,1211.4905
2013-12-26T18:00:00+00:00,1211.4255,1213.2455,1209.65,1210.6605
2013-12-26T22:00:00+00:00,1210.65,1212.152,1209.101,1211
2013-12-27T02:00:00+00:00,1210.94,1212.942,1209.938,1212.759
2013-12-27T06:00:00+00:00,1212.711,1215.7095,1210.2105,1211.635
2013-12-27T10:00:00+00:00,1211.605,1219.248,1209.796,1218.126
2013-12-27T14:00:00+00:00,1218.111,1218.934,1211.6955,1213.9
2013-12-27T18:00:00+00:00,1213.8805,1215.47,1212.65,1213.275
2013-12-29T22:00:00+00:00,1214.155,1216.35,1209.628,1211.185
2013-12-30T02:00:00+00:00,1211.165,1211.356,1207.509,1207.509
2013-12-30T06:00:00+00:00,1207.5115,1208.4445,1203.004,1204.5675
2013-12-30T10:00:00+00:00,1204.5555,1207.68,1200.9435,1206.763
2013-12-30T14:00:00+00:00,1206.7705,1208.6595,1203.48,1205.0395
2013-12-30T18:00:00+00:00,1205.01,1205.631,1194.7605,1196.5515
2013-12-30T22:00:00+00:00,1196.55,1199.951,1195.985,1198.0975
2013-12-31T02:00:00+00:00,1198.107,1199.643,1194.844,1199.643
2013-12-31T06:00:00+00:00,1199.673,1203.105,1197.878,1201.755
2013-12-31T10:00:00+00:00,1201.83,1206.5905,1182.5,1188.38
2013-12-31T14:00:00+00:00,1188.3695,1214.762,1185.6435,1204.9805
2013-12-31T18:00:00+00:00,1204.933,1206.6,1199.333,1205.71
2014-01-01T22:00:00+00:00,1205.0975,1214.82,1203.157,1212.5005
2014-01-02T02:00:00+00:00,1212.5105,1229.9505,1212.09,1226.3885
2014-01-02T06:00:00+00:00,1226.403,1228.6545,1219.398,1221.5315
2014-01-02T10:00:00+00:00,1221.543,1224.2465,1213.7545,1223.5015
2014-01-02T14:00:00+00:00,1223.5075,1227.24,1221.023,1224.505
2014-01-02T18:00:00+00:00,1224.516,1230.944,1222.3365,1224.3925
2014-01-02T22:00:00+00:00,1224.372,1236.2,1222.032,1229.3645
2014-01-03T02:00:00+00:00,1229.372,1233.501,1229.3475,1231.496
2014-01-03T06:00:00+00:00,1231.514,1238.8095,1228.1925,1231.554
2014-01-03T10:00:00+00:00,1231.544,1233.975,1227.115,1229.845
2014-01-03T14:00:00+00:00,1229.85,1238.2895,1228.4035,1237.7195
2014-01-03T18:00:00+00:00,1237.712,1240.3405,1235.577,1236.94
2014-01-05T22:00:00+00:00,1237.23,1244.5725,1233.075,1242.425
2014-01-06T02:00:00+00:00,1242.43,1246.4305,1238.135,1240.9365
2014-01-06T06:00:00+00:00,1240.931,1242.719,1236.247,1238.5955
2014-01-06T10:00:00+00:00,1238.6005,1242.4525,1235.309,1241.4775
2014-01-06T14:00:00+00:00,1241.4625,1248.5145,1215.561,1241.685
2014-01-06T18:00:00+00:00,1241.6925,1241.695,1237.356,1237.9855
2014-01-06T22:00:00+00:00,1237.976,1241.957,1237.1405,1241.21
2014-01-07T02:00:00+00:00,1241.193,1243.921,1239.9975,1242.214
2014-01-07T06:00:00+00:00,1242.2555,1245.399,1237.15,1239.7685
2014-01-07T10:00:00+00:00,1239.7035,1240.6,1234.1555,1235.8865
2014-01-07T14:00:00+00:00,1235.899,1235.9055,1225.0835,1231.051
2014-01-07T18:00:00+00:00,1231.06,1233.0855,1228.7575,1232.116
2014-01-07T22:00:00+00:00,1232.1365,1232.5975,1227.127,1228.601
2014-01-08T02:00:00+00:00,1228.599,1230.1985,1225.7,1226.8355
2014-01-08T06:00:00+00:00,1226.838,1229.1135,1221.284,1227.189
2014-01-08T10:00:00+00:00,1227.179,1232.062,1220.2225,1222.7505
2014-01-08T14:00:00+00:00,1222.7025,1225.63,1219.316,1222.1945
2014-01-08T18:00:00+00:00,1222.1845,1228.9545,1218.5905,1225.974
2014-01-08T22:00:00+00:00,1225.9865,1227.9095,1224.371,1227.0335
2014-01-09T02:00:00+00:00,1227.0275,1228.1665,1225.508,1225.7365
2014-01-09T06:00:00+00:00,1225.7715,1228.1505,1225.1235,1226.58
2014-01-09T10:00:00+00:00,1226.6,1231.615,1225.893,1227.085
2014-01-09T14:00:00+00:00,1227.0805,1227.939,1223.641,1227.735
2014-01-09T18:00:00+00:00,1227.705,1230.674,1227.6645,1228.004
2014-01-09T22:00:00+00:00,1227.999,1230.307,1227.5605,1230.035
2014-01-10T02:00:00+00:00,1230.024,1237.795,1229.618,1236.744
2014-01-10T06:00:00+00:00,1236.729,1238.1445,1231.7965,1233.0145
2014-01-10T10:00:00+00:00,1233.103,1245.5305,1227.1775,1240.62
2014-01-10T14:00:00+00:00,1240.615,1247.9785,1238.715,1246.601
2014-01-10T18:00:00+00:00,1246.6245,1249.039,1244.3275,1248.465
2014-01-12T22:00:00+00:00,1248,1255.212,1247.521,1251.2205
2014-01-13T02:00:00+00:00,1251.253,1252.444,1248.885,1251.272
2014-01-13T06:00:00+00:00,1251.253,1251.927,1245.2955,1246.264
2014-01-13T10:00:00+00:00,1246.244,1248.2665,1243.7955,1244.8995
2014-01-13T14:00:00+00:00,1244.909,1253.4315,1244.8995,1251.532
2014-01-13T18:00:00+00:00,1251.547,1255.166,1251.523,1253.119
2014-01-13T22:00:00+00:00,1253.084,1254.3835,1251.0785,1252.4645
2014-01-14T02:00:00+00:00,1252.492,1254.0495,1250.864,1252.709
2014-01-14T06:00:00+00:00,1252.7215,1254.4295,1248.214,1248.7475
2014-01-14T10:00:00+00:00,1248.7415,1251.747,1247.3305,1250.241
2014-01-14T14:00:00+00:00,1250.1805,1255.4155,1241.929,1245.3355
2014-01-14T18:00:00+00:00,1245.365,1246.4905,1241.8125,1245.1515
2014-01-14T22:00:00+00:00,1245.149,1245.215,1239.418,1240.5495
2014-01-15T02:00:00+00:00,1240.512,1242.146,1238.6345,1240.327
2014-01-15T06:00:00+00:00,1240.333,1242.5325,1235.7505,1237.1575
2014-01-15T10:00:00+00:00,1237.1595,1240.418,1234.9545,1237.03
2014-01-15T14:00:00+00:00,1237.048,1242.403,1234.391,1239.75
2014-01-15T18:00:00+00:00,1239.7735,1242.219,1237.4635,1241.9015
2014-01-15T22:00:00+00:00,1241.9165,1242.7275,1239.3905,1240.003
2014-01-16T02:00:00+00:00,1240.0105,1243.224,1239.791,1242.9875
2014-01-16T06:00:00+00:00,1242.9945,1243.985,1236.49,1238.843
2014-01-16T10:00:00+00:00,1238.8425,1242.175,1236.6625,1241.2805
2014-01-16T14:00:00+00:00,1241.255,1245.3685,1240.22,1241.333
2014-01-16T18:00:00+00:00,1241.3005,1242.996,1240.0535,1242.3905
2014-01-16T22:00:00+00:00,1242.426,1243.8,1241.33,1243.23
2014-01-17T02:00:00+00:00,1243.2345,1244.595,1241.532,1244.39
2014-01-17T06:00:00+00:00,1244.396,1244.68,1239.6625,1241.952
2014-01-17T10:00:00+00:00,1241.9425,1250.0715,1237.898,1248.2555
2014-01-17T14:00:00+00:00,1248.275,1255.057,1247.117,1252.4955
2014-01-17T18:00:00+00:00,1252.504,1254.5145,1251.4135,1254.01
2014-01-19T22:00:00+00:00,1253.3,1261.7805,1252.85,1257.46
2014-01-20T02:00:00+00:00,1257.4765,1257.54,1254.524,1257.2785
2014-01-20T06:00:00+00:00,1257.2845,1257.665,1253.4155,1255.27
2014-01-20T10:00:00+00:00,1255.277,1257.4355,1253.913,1256.7085
2014-01-20T14:00:00+00:00,1256.726,1257.09,1254.893,1255.28
2014-01-20T22:00:00+00:00,1255.05,1255.879,1251.3245,1252.71
2014-01-21T02:00:00+00:00,1252.709,1254.2905,1251.84,1253.9065
2014-01-21T06:00:00+00:00,1253.899,1254.505,1247.0095,1248.055
2014-01-21T10:00:00+00:00,1248.0225,1249.1455,1235.8945,1238.8665
2014-01-21T14:00:00+00:00,1238.8585,1243.232,1235.7105,1242.1855
2014-01-21T18:00:00+00:00,1242.1635,1244.3055,1240.7805,1241.437
2014-01-21T22:00:00+00:00,1241.434,1243.562,1240.965,1242.18
2014-01-22T02:00:00+00:00,1242.1955,1243.707,1241.8925,1242.28
2014-01-22T06:00:00+00:00,1242.3445,1242.599,1238.134,1239.5455
2014-01-22T10:00:00+00:00,1239.5355,1243.305,1238.845,1240.756
2014-01-22T14:00:00+00:00,1240.761,1242.2005,1238.5035,1239.4705
2014-01-22T18:00:00+00:00,1239.484,1240.257,1236.0085,1237.173
2014-01-22T22:00:00+00:00,1237.162,1237.7095,1231.691,1232.1775
2014-01-23T02:00:00+00:00,1232.1895,1236.1005,1231.802,1235.238
2014-01-23T06:00:00+00:00,1235.244,1248.143,1234.8895,1247.185
2014-01-23T10:00:00+00:00,1247.199,1258.448,1244.416,1256.1155
2014-01-23T14:00:00+00:00,1256.1655,1265.595,1254.487,1262.2155
2014-01-23T18:00:00+00:00,1262.2305,1265.0185,1261.5155,1263.989
2014-01-23T22:00:00+00:00,1263.979,1264.688,1260.3005,1260.7095
2014-01-24T02:00:00+00:00,1260.7105,1261.935,1258.879,1260.715
2014-01-24T06:00:00+00:00,1260.705,1260.705,1256.9855,1258.9955
2014-01-24T10:00:00+00:00,1258.985,1272.7045,1258.75,1267.5835
2014-01-24T14:00:00+00:00,1267.597,1270.4245,1260.808,1262.5995
2014-01-24T18:00:00+00:00,1262.5975,1270.2795,1262.334,1270.085
2014-01-26T22:00:00+00:00,1270.285,1279.285,1269.9795,1273.0935
2014-01-27T02:00:00+00:00,1273.0865,1275.1105,1270.755,1271.456
2014-01-27T06:00:00+00:00,1271.4315,1272.6285,1266.37,1271.156
2014-01-27T10:00:00+00:00,1271.1665,1271.3165,1258.7445,1261.4115
2014-01-27T14:00:00+00:00,1261.4255,1265.92,1257.3795,1264.5625
2014-01-27T18:00:00+00:00,1264.5725,1264.9345,1252.1215,1257.0065
2014-01-27T22:00:00+00:00,1256.9965,1258.357,1254.6995,1258.3185
2014-01-28T02:00:00+00:00,1258.3115,1260.137,1256.208,1260.0425
2014-01-28T06:00:00+00:00,1260.0295,1261.1845,1253.5055,1254.643
2014-01-28T10:00:00+00:00,1254.628,1261.9455,1252.779,1258.9105
2014-01-28T14:00:00+00:00,1258.95,1259.2795,1248.9155,1250.651
2014-01-28T18:00:00+00:00,1250.636,1256.93,1249.3955,1256.877
2014-01-28T22:00:00+00:00,1256.897,1256.9185,1249.0295,1252.901
2014-01-29T02:00:00+00:00,1252.895,1254.1475,1252.359,1253.8075
2014-01-29T06:00:00+00:00,1253.7905,1256.2945,1251.055,1254.7865
2014-01-29T10:00:00+00:00,1254.7765,1269.203,1254.4715,1266.9835
2014-01-29T14:00:00+00:00,1266.9935,1268.6775,1261.263,1261.9445
2014-01-29T18:00:00+00:00,1261.9545,1270.269,1256.251,1267.42
2014-01-29T22:00:00+00:00,1267.543,1267.996,1263.771,1263.9195
2014-01-30T02:00:00+00:00,1263.9295,1264.218,1261.3455,1263.478
2014-01-30T06:00:00+00:00,1263.471,1263.5345,1254.0605,1254.2105
2014-01-30T10:00:00+00:00,1254.145,1256.6155,1238.695,1241.5235
2014-01-30T14:00:00+00:00,1241.5535,1246.853,1238.1865,1244.0565
2014-01-30T18:00:00+00:00,1244.0685,1246.0965,1242.2205,1243.76
2014-01-30T22:00:00+00:00,1243.74,1245.317,1242.121,1243.468
2014-01-31T02:00:00+00:00,1243.4675,1244.64,1242.215,1242.724
2014-01-31T06:00:00+00:00,1242.737,1244.6645,1238.6515,1242.614
2014-01-31T10:00:00+00:00,1242.6805,1255.0675,1242.3165,1251.6145
2014-01-31T14:00:00+00:00,1251.6515,1253.6,1239.5295,1241.0695
2014-01-31T18:00:00+00:00,1241.0595,1245.465,1239.608,1244.61
2014-02-02T22:00:00+00:00,1242.92,1245.8175,1242.2255,1244.923
2014-02-03T02:00:00+00:00,1244.918,1246.119,1243.742,1246.0965
2014-02-03T06:00:00+00:00,1246.082,1247.268,1240.968,1244.89
2014-02-03T10:00:00+00:00,1244.8345,1249.079,1244.3,1247.5575
2014-02-03T14:00:00+00:00,1247.5905,1266.4045,1246.904,1259.5225
2014-02-03T18:00:00+00:00,1259.513,1261.951,1255.5055,1257.559
2014-02-03T22:00:00+00:00,1257.5305,1259.948,1256.45,1257.0895
2014-02-04T02:00:00+00:00,1257.089,1259.2145,1256.227,1258.9155
2014-02-04T06:00:00+00:00,1258.8995,1261.1035,1254.324,1254.4385
2014-02-04T10:00:00+00:00,1254.4185,1255.6515,1247.411,1249.1305
2014-02-04T14:00:00+00:00,1249.1255,1253.7155,1248.0365,1251.2745
2014-02-04T18:00:00+00:00,1251.297,1255.913,1250.8,1254.684
2014-02-04T22:00:00+00:00,1254.675,1256.0105,1252.7075,1255.4955
2014-02-05T02:00:00+00:00,1255.4965,1255.6295,1253.5705,1254.073
2014-02-05T06:00:00+00:00,1254.0935,1258.231,1254.0465,1257.338
2014-02-05T10:00:00+00:00,1257.305,1274.4745,1256.42,1265.6385
2014-02-05T14:00:00+00:00,1265.559,1266.4435,1252.5545,1257.423
2014-02-05T18:00:00+00:00,1257.4,1260.0695,1255.6835,1257.8735
2014-02-05T22:00:00+00:00,1257.8685,1259.527,1256.83,1257.0905
2014-02-06T02:00:00+00:00,1257.0785,1258.0245,1255.2435,1257.9595
2014-02-06T06:00:00+00:00,1257.94,1260.515,1257.297,1259.106
2014-02-06T10:00:00+00:00,1259.0935,1266.9365,1256.838,1262.1495
2014-02-06T14:00:00+00:00,1262.156,1262.5445,1252.9105,1257.631
2014-02-06T18:00:00+00:00,1257.6015,1258.549,1256.696,1258.118
2014-02-06T22:00:00+00:00,1258.121,1259.938,1256.317,1259.775
2014-02-07T02:00:00+00:00,1259.7905,1263.048,1259.07,1260.7715
2014-02-07T06:00:00+00:00,1260.777,1264.46,1259.7855,1260.9335
2014-02-07T10:00:00+00:00,1260.9585,1271.8805,1256.2105,1259.8685
2014-02-07T14:00:00+00:00,1259.85,1265.767,1257.5485,1262.273
2014-02-07T18:00:00+00:00,1262.2885,1268.266,1262.0045,1267.3
2014-02-09T22:00:00+00:00,1265.7305,1270,1265.215,1268.56
2014-02-10T02:00:00+00:00,1268.5845,1270.23,1268.3555,1269.836
2014-02-10T06:00:00+00:00,1269.821,1276.3245,1269.511,1273.6035
2014-02-10T10:00:00+00:00,1273.594,1277.989,1271.7315,1274.4035
2014-02-10T14:00:00+00:00,1274.397,1277.4495,1272.825,1274.8705
2014-02-10T18:00:00+00:00,1274.858,1276.6885,1273.095,1274.843
2014-02-10T22:00:00+00:00,1274.816,1284.365,1273.842,1282.814
2014-02-11T02:00:00+00:00,1282.7995,1287.608,1282.477,1284.445
2014-02-11T06:00:00+00:00,1284.412,1286.362,1281.666,1283.3485
2014-02-11T10:00:00+00:00,1283.3315,1288.477,1276.24,1280.028
2014-02-11T14:00:00+00:00,1280.0435,1294,1277.014,1290.0695
2014-02-11T18:00:00+00:00,1290.087,1292.3695,1288.4995,1291.3855
2014-02-11T22:00:00+00:00,1291.365,1291.4,1284.892,1286.0795
2014-02-12T02:00:00+00:00,1286.1145,1286.9945,1284.11,1285.8165
2014-02-12T06:00:00+00:00,1285.8105,1288.411,1285.3215,1288.3485
2014-02-12T10:00:00+00:00,1288.35,1292.5915,1286.3805,1290.337
2014-02-12T14:00:00+00:00,1290.323,1296.4025,1287.818,1294.916
2014-02-12T18:00:00+00:00,1294.904,1295.9855,1289.6475,1291.124
2014-02-12T22:00:00+00:00,1291.164,1293.3535,1290.4555,1291.2095
2014-02-13T02:00:00+00:00,1291.2065,1291.9995,1288.4965,1288.8455
2014-02-13T06:00:00+00:00,1288.84,1290.073,1286.3735,1289.3005
2014-02-13T10:00:00+00:00,1289.237,1295.432,1288.375,1292.963
2014-02-13T14:00:00+00:00,1292.983,1300.1585,1292.3725,1298.7235
2014-02-13T18:00:00+00:00,1298.736,1303.081,1298.3325,1302.87
2014-02-13T22:00:00+00:00,1302.833,1307.37,1299.957,1306.6425
2014-02-14T02:00:00+00:00,1306.65,1306.774,1303.9595,1305.624
2014-02-14T06:00:00+00:00,1305.6325,1310.5485,1304.621,1308.415
2014-02-14T10:00:00+00:00,1308.4195,1319.7575,1307.719,1315.9605
2014-02-14T14:00:00+00:00,1315.956,1321.2895,1314.967,1318.8005
2014-02-14T18:00:00+00:00,1318.8155,1320.476,1317.6855,1318.62
2014-02-16T22:00:00+00:00,1319.12,1329.9645,1319.08,1327.1995
2014-02-17T02:00:00+00:00,1327.256,1328.149,1323.3055,1325.2095
2014-02-17T06:00:00+00:00,1325.213,1328.6345,1321.8065,1324.3575
2014-02-17T10:00:00+00:00,1324.352,1329.063,1323.9045,1327.857
2014-02-17T14:00:00+00:00,1327.847,1329.063,1325.903,1328.875
2014-02-17T18:00:00+00:00,1328.885,1328.885,1328.885,1328.885
2014-02-17T22:00:00+00:00,1329.95,1332.233,1321.8705,1323.681
2014-02-18T02:00:00+00:00,1323.668,1324.28,1317.241,1317.715
2014-02-18T06:00:00+00:00,1317.705,1321.013,1316.2955,1318.647
2014-02-18T10:00:00+00:00,1318.627,1320.39,1312.7315,1319.655
2014-02-18T14:00:00+00:00,1319.615,1324.04,1318.532,1322.991
2014-02-18T18:00:00+00:00,1322.9775,1325.155,1321.486,1321.9905
2014-02-18T22:00:00+00:00,1321.9805,1323.0055,1316.81,1317.225
2014-02-19T02:00:00+00:00,1317.2375,1319.605,1314.4865,1316.849
2014-02-19T06:00:00+00:00,1316.845,1322.453,1315.715,1319.719
2014-02-19T10:00:00+00:00,1319.703,1321.449,1316.1675,1319.693
2014-02-19T14:00:00+00:00,1319.651,1322.131,1317.5905,1319.4555
2014-02-19T18:00:00+00:00,1319.4405,1320.7555,1308.986,1311.531
2014-02-19T22:00:00+00:00,1311.559,1314.5955,1308.7385,1309.2455
2014-02-20T02:00:00+00:00,1309.275,1313.9345,1309.04,1313.8045
2014-02-20T06:00:00+00:00,1313.807,1315.8395,1312.605,1314.2515
2014-02-20T10:00:00+00:00,1314.25,1317.5555,1307.473,1315.318
2014-02-20T14:00:00+00:00,1315.29,1317.491,1311.38,1315.6025
2014-02-20T18:00:00+00:00,1315.621,1325.119,1315.5875,1323.069
2014-02-20T22:00:00+00:00,1323.081,1323.2005,1318.603,1319.8615
2014-02-21T02:00:00+00:00,1319.9045,1320.952,1316.156,1317.0705
2014-02-21T06:00:00+00:00,1317.065,1322.76,1316.92,1321.185
2014-02-21T10:00:00+00:00,1321.211,1325.5675,1319.29,1322.088
2014-02-21T14:00:00+00:00,1322.079,1324.761,1319.239,1320.8905
2014-02-21T18:00:00+00:00,1320.9055,1328.64,1320.9055,1324.285
2014-02-23T22:00:00+00:00,1325.57,1326.279,1318.86,1322.005
2014-02-24T02:00:00+00:00,1321.9825,1327.1635,1320.154,1326.2255
2014-02-24T06:00:00+00:00,1326.2275,1334.319,1324.65,1333.9965
2014-02-24T10:00:00+00:00,1334.0065,1337.0545,1330.808,1331.118
2014-02-24T14:00:00+00:00,1331.1305,1339.0375,1328.712,1336.5845
2014-02-24T18:00:00+00:00,1336.5995,1338.6145,1336.1645,1336.959
2014-02-24T22:00:00+00:00,1336.944,1338.22,1333.077,1333.5315
2014-02-25T02:00:00+00:00,1333.5465,1336.1995,1332.4585,1334.2965
2014-02-25T06:00:00+00:00,1334.289,1337.8815,1332.57,1335.401
2014-02-25T10:00:00+00:00,1335.399,1337.7255,1331.3485,1336.28
2014-02-25T14:00:00+00:00,1336.2995,1343.4795,1333.662,1342.5945
2014-02-25T18:00:00+00:00,1342.5765,1343.759,1339.737,1340.586
2014-02-25T22:00:00+00:00,1340.61,1341.468,1337.97,1338.901
2014-02-26T02:00:00+00:00,1338.886,1343.9465,1337.75,1343.4315
2014-02-26T06:00:00+00:00,1343.452,1345.5395,1340.504,1340.878
2014-02-26T10:00:00+00:00,1340.863,1341.293,1329.6205,1333.417
2014-02-26T14:00:00+00:00,1333.411,1335.694,1322.415,1329.351
2014-02-26T18:00:00+00:00,1329.341,1331.185,1327.505,1330.652
2014-02-26T22:00:00+00:00,1330.64,1331.262,1326.9445,1330.2495
2014-02-27T02:00:00+00:00,1330.244,1330.3165,1325.2795,1327.959
2014-02-27T06:00:00+00:00,1327.9525,1330.7445,1323.955,1329.6605
2014-02-27T10:00:00+00:00,1329.7705,1333.9755,1329.625,1332.0745
2014-02-27T14:00:00+00:00,1332.073,1336.24,1329.6745,1334.009
2014-02-27T18:00:00+00:00,1334.004,1334.3455,1327.0185,1331.356
2014-02-27T22:00:00+00:00,1331.365,1333.425,1330.5055,1332.1745
2014-02-28T02:00:00+00:00,1332.1645,1333.404,1327.9995,1332.0055
2014-02-28T06:00:00+00:00,1331.9905,1332.711,1325.2315,1327.4705
2014-02-28T10:00:00+00:00,1327.4885,1333.035,1326.942,1330.124
2014-02-28T14:00:00+00:00,1330.108,1331.571,1321.3,1322.7015
2014-02-28T18:00:00+00:00,1322.7005,1328.751,1319.8435,1326.41
2014-03-02T22:00:00+00:00,1332.515,1343.941,1330.7995,1343.3145
2014-03-03T02:00:00+00:00,1343.3045,1344.885,1341.316,1343.526
2014-03-03T06:00:00+00:00,1343.4945,1350.2485,1342.999,1343.722
2014-03-03T10:00:00+00:00,1343.717,1349.2275,1342.557,1347.308
2014-03-03T14:00:00+00:00,1347.3015,1354.8475,1345.634,1351.5335
2014-03-03T18:00:00+00:00,1351.4935,1353.374,1348.717,1350.6005
2014-03-03T22:00:00+00:00,1350.622,1352.651,1348.334,1350.3565
2014-03-04T02:00:00+00:00,1350.3425,1351.548,1348.929,1351.183
2014-03-04T06:00:00+00:00,1351.171,1351.435,1337.073,1338.674
2014-03-04T10:00:00+00:00,1338.746,1340.314,1331.452,1334.3415
2014-03-04T14:00:00+00:00,1334.3295,1338.662,1331.383,1337.3215
2014-03-04T18:00:00+00:00,1337.3295,1340.792,1333.6175,1334.5
2014-03-04T22:00:00+00:00,1334.495,1336.7165,1333.091,1335.91
2014-03-05T02:00:00+00:00,1335.925,1338.2035,1335.6115,1337.26
2014-03-05T06:00:00+00:00,1337.2765,1337.686,1333.422,1334.2505
2014-03-05T10:00:00+00:00,1334.2425,1339.7515,1332.793,1337.273
2014-03-05T14:00:00+00:00,1337.3695,1341.9315,1334.229,1341.1375
2014-03-05T18:00:00+00:00,1341.139,1341.668,1336.389,1336.857
2014-03-05T22:00:00+00:00,1336.867,1339.1405,1335.663,1338.442
2014-03-06T02:00:00+00:00,1338.46,1339.037,1336.351,1338.307
2014-03-06T06:00:00+00:00,1338.298,1338.2985,1331.295,1335.617
2014-03-06T10:00:00+00:00,1335.6125,1338.0545,1333.3285,1337.519
2014-03-06T14:00:00+00:00,1337.535,1352.2725,1337.2495,1349.0005
2014-03-06T18:00:00+00:00,1348.981,1353.725,1348.798,1350.834
2014-03-06T22:00:00+00:00,1350.799,1351.847,1347.703,1349.975
2014-03-07T02:00:00+00:00,1349.995,1352.31,1348.31,1350.461
2014-03-07T06:00:00+00:00,1350.436,1350.9135,1346.437,1349.307
2014-03-07T10:00:00+00:00,1349.3135,1352.975,1331.78,1335.45
2014-03-07T14:00:00+00:00,1335.472,1340.402,1327.93,1338.539
2014-03-07T18:00:00+00:00,1338.5555,1341.2925,1337.139,1340.333
2014-03-09T21:00:00+00:00,1338.828,1338.9615,1335.669,1336.923
2014-03-10T01:00:00+00:00,1336.913,1336.925,1328.11,1333.397
2014-03-10T05:00:00+00:00,1333.385,1334.706,1329.452,1332.471
2014-03-10T09:00:00+00:00,1332.491,1340.338,1332.227,1337.65
2014-03-10T13:00:00+00:00,1337.66,1344.716,1336.056,1340.258
2014-03-10T17:00:00+00:00,1340.2685,1341.656,1338.7435,1339.692
2014-03-10T21:00:00+00:00,1339.676,1340.852,1337.994,1338.342
2014-03-11T01:00:00+00:00,1338.38,1343.997,1338.037,1342.075
2014-03-11T05:00:00+00:00,1342.062,1348.09,1341.081,1346.833
2014-03-11T09:00:00+00:00,1346.872,1352.666,1346.0515,1348.757
2014-03-11T13:00:00+00:00,1348.767,1350.463,1338.008,1343.616
2014-03-11T17:00:00+00:00,1343.566,1349.157,1342.985,1348.967
2014-03-11T21:00:00+00:00,1348.977,1349.715,1345.524,1347.797
2014-03-12T01:00:00+00:00,1347.78,1359.765,1347.596,1357.2345
2014-03-12T05:00:00+00:00,1357.241,1363.2755,1354.6595,1356.028
2014-03-12T09:00:00+00:00,1356.016,1367,1354.2015,1365.0565
2014-03-12T13:00:00+00:00,1365.06,1370.986,1363.533,1369.0315
2014-03-12T17:00:00+00:00,1368.976,1370.6265,1365.541,1366.881
2014-03-12T21:00:00+00:00,1366.875,1367.02,1365.034,1365.942
2014-03-13T01:00:00+00:00,1365.927,1374.573,1365.3735,1373.225
2014-03-13T05:00:00+00:00,1373.208,1375.087,1368.321,1373.429
2014-03-13T09:00:00+00:00,1373.44,1373.656,1364.5945,1367.269
2014-03-13T13:00:00+00:00,1367.279,1375.126,1365.22,1372.9705
2014-03-13T17:00:00+00:00,1372.9555,1374.6185,1369.91,1370.317
2014-03-13T21:00:00+00:00,1370.324,1376.634,1370.2165,1375.465
2014-03-14T01:00:00+00:00,1375.412,1376.377,1369.823,1370.699
2014-03-14T05:00:00+00:00,1370.719,1373.515,1367.9795,1371.059
2014-03-14T09:00:00+00:00,1371.048,1383.92,1368.546,1381.968
2014-03-14T13:00:00+00:00,1381.958,1388.069,1373.5255,1377.265
2014-03-14T17:00:00+00:00,1377.292,1384.691,1376.483,1383.183
2014-03-16T21:00:00+00:00,1389.385,1389.385,1384.759,1384.873
2014-03-17T01:00:00+00:00,1384.896,1384.941,1379.502,1384.043
2014-03-17T05:00:00+00:00,1384.024,1385.075,1379.365,1381.39
2014-03-17T09:00:00+00:00,1381.4245,1381.4805,1374.776,1379.875
2014-03-17T13:00:00+00:00,1379.83,1382.371,1369.7445,1371.95
2014-03-17T17:00:00+00:00,1371.93,1373.048,1362.029,1367.101
2014-03-17T21:00:00+00:00,1367.116,1367.6885,1365.8615,1366.511
2014-03-18T01:00:00+00:00,1366.524,1366.709,1357.7315,1361.183
2014-03-18T05:00:00+00:00,1361.194,1362.63,1358.001,1360.764
2014-03-18T09:00:00+00:00,1360.755,1364.163,1350.857,1351.705
2014-03-18T13:00:00+00:00,1351.6965,1362.298,1351.324,1361.4605
2014-03-18T17:00:00+00:00,1361.4905,1361.6805,1354.706,1355.695
2014-03-18T21:00:00+00:00,1355.661,1358.2445,1354.894,1357.729
2014-03-19T01:00:00+00:00,1357.75,1359.746,1353.083,1354.077
2014-03-19T05:00:00+00:00,1354.1275,1356.437,1346.1905,1347.844
2014-03-19T09:00:00+00:00,1347.86,1348.429,1341.5155,1343.63
2014-03-19T13:00:00+00:00,1343.554,1345.836,1337.271,1339.914
2014-03-19T17:00:00+00:00,1339.899,1341.9935,1327.7895,1329.612
2014-03-19T21:00:00+00:00,1329.6305,1331.39,1325.92,1331.381
2014-03-20T01:00:00+00:00,1331.401,1334.12,1327.639,1333.674
2014-03-20T05:00:00+00:00,1333.686,1334.751,1328.914,1332.0005
2014-03-20T09:00:00+00:00,1331.9655,1332.766,1320.345,1323.429
2014-03-20T13:00:00+00:00,1323.445,1332.408,1323.445,1331.8295
2014-03-20T17:00:00+00:00,1331.788,1331.848,1326.478,1327.763
2014-03-20T21:00:00+00:00,1327.754,1331.864,1327.3105,1331.272
2014-03-21T01:00:00+00:00,1331.287,1335.454,1330.644,1330.686
2014-03-21T05:00:00+00:00,1330.699,1340.6335,1329.232,1339.85
2014-03-21T09:00:00+00:00,1339.861,1342.49,1335.858,1337.821
2014-03-21T13:00:00+00:00,1337.836,1339.968,1333.6575,1334.404
2014-03-21T17:00:00+00:00,1334.409,1337.6535,1332.712,1334.717
2014-03-23T21:00:00+00:00,1332.884,1334.117,1329.617,1333.3815
2014-03-24T01:00:00+00:00,1333.3715,1334.4015,1324.931,1327.507
2014-03-24T05:00:00+00:00,1327.4865,1329.118,1321.6,1323.861
2014-03-24T09:00:00+00:00,1323.8395,1326.252,1314.56,1315.8345
2014-03-24T13:00:00+00:00,1315.8265,1319.4315,1308.028,1311.1535
2014-03-24T17:00:00+00:00,1311.1835,1311.708,1308.0195,1308.761
2014-03-24T21:00:00+00:00,1308.775,1312.993,1308.461,1311.029
2014-03-25T01:00:00+00:00,1311.0035,1314.271,1310.342,1314.1355
2014-03-25T05:00:00+00:00,1314.1295,1317.442,1312.0475,1316.294
2014-03-25T09:00:00+00:00,1316.226,1317.056,1305.75,1309.09
2014-03-25T13:00:00+00:00,1309.07,1316.202,1308.247,1311.33
2014-03-25T17:00:00+00:00,1311.31,1312.128,1310.309,1311.078
2014-03-25T21:00:00+00:00,1311.059,1312.828,1309.5395,1312.828
2014-03-26T01:00:00+00:00,1312.84,1315.63,1311.574,1313.099
2014-03-26T05:00:00+00:00,1313.124,1316.3485,1311.803,1314.531
2014-03-26T09:00:00+00:00,1314.506,1316.489,1310.216,1311.926
2014-03-26T13:00:00+00:00,1311.97,1312.351,1300.324,1301.707
2014-03-26T17:00:00+00:00,1301.695,1304.659,1298.7575,1304.448
2014-03-26T21:00:00+00:00,1304.4465,1306.9205,1304.134,1306.603
2014-03-27T01:00:00+00:00,1306.575,1306.71,1302.811,1303.35
2014-03-27T05:00:00+00:00,1303.338,1304.766,1295.5485,1296.966
2014-03-27T09:00:00+00:00,1296.941,1297.5125,1291.645,1295.506
2014-03-27T13:00:00+00:00,1295.524,1300.122,1292.8925,1294.194
2014-03-27T17:00:00+00:00,1294.185,1294.969,1289.193,1291.345
2014-03-27T21:00:00+00:00,1291.295,1294.4835,1290.792,1293.5115
2014-03-28T01:00:00+00:00,1293.518,1294.978,1292.1365,1293.897
2014-03-28T05:00:00+00:00,1293.917,1298.8125,1293.655,1295.641
2014-03-28T09:00:00+00:00,1295.645,1297.4825,1286.5125,1290.49
2014-03-28T13:00:00+00:00,1290.508,1296.784,1285.788,1293.233
2014-03-28T17:00:00+00:00,1293.206,1296.1155,1291.469,1295.267
2014-03-30T22:00:00+01:00,1296.43,1298.673,1295.14,1297.193
2014-03-31T02:00:00+01:00,1297.137,1298.291,1295.163,1295.665
2014-03-31T06:00:00+01:00,1295.648,1297.165,1290.477,1293.499
2014-03-31T10:00:00+01:00,1293.469,1296.383,1290.819,1291.858
2014-03-31T14:00:00+01:00,1291.838,1295.095,1286.221,1286.935
2014-03-31T18:00:00+01:00,1286.9225,1287.656,1282.558,1284.0545
2014-03-31T22:00:00+01:00,1284.0815,1285.337,1282.118,1282.683
2014-04-01T02:00:00+01:00,1282.749,1285.651,1277.813,1284.127
2014-04-01T06:00:00+01:00,1284.113,1288.095,1283.095,1287.275
2014-04-01T10:00:00+01:00,1287.294,1287.972,1283.217,1284.188
2014-04-01T14:00:00+01:00,1284.161,1286.423,1278.9095,1280.458
2014-04-01T18:00:00+01:00,1280.472,1281.4455,1277.807,1278.994
2014-04-01T22:00:00+01:00,1278.955,1282.263,1278.623,1281.902
2014-04-02T02:00:00+01:00,1281.834,1284.039,1280.88,1282.32
2014-04-02T06:00:00+01:00,1282.332,1284.691,1281.205,1283.061
2014-04-02T10:00:00+01:00,1283.081,1293.4475,1282.749,1291.576
2014-04-02T14:00:00+01:00,1291.6395,1294.648,1289.902,1290.992
2014-04-02T18:00:00+01:00,1290.981,1291.5405,1289.007,1289.911
2014-04-02T22:00:00+01:00,1289.893,1292.8325,1289.693,1292.255
2014-04-03T02:00:00+01:00,1292.2955,1292.978,1291.098,1291.769
2014-04-03T06:00:00+01:00,1291.72,1294.044,1285.609,1287.358
2014-04-03T10:00:00+01:00,1287.369,1288.014,1281.747,1285.11
2014-04-03T14:00:00+01:00,1285.093,1289.103,1282.646,1285.7435
2014-04-03T18:00:00+01:00,1285.7365,1287.6535,1284.177,1286.705
2014-04-03T22:00:00+01:00,1286.676,1287.35,1284.331,1285.404
2014-04-04T02:00:00+01:00,1285.392,1287.297,1284.415,1287.229
2014-04-04T06:00:00+01:00,1287.308,1292.889,1286.48,1291.373
2014-04-04T10:00:00+01:00,1291.391,1303.166,1289.377,1299.074
2014-04-04T14:00:00+01:00,1299.131,1306.8115,1296.1325,1304.912
2014-04-04T18:00:00+01:00,1304.973,1305.331,1301.044,1303.672
2014-04-06T22:00:00+01:00,1304.0635,1304.3285,1300.87,1303.579
2014-04-07T02:00:00+01:00,1303.543,1304.272,1301.1235,1301.628
2014-04-07T06:00:00+01:00,1301.638,1302.787,1298.22,1298.941
2014-04-07T10:00:00+01:00,1298.929,1301.699,1298.142,1298.9585
2014-04-07T14:00:00+01:00,1298.974,1302.36,1295.731,1296.5635
2014-04-07T18:00:00+01:00,1296.553,1298.636,1296.1825,1297.3565
2014-04-07T22:00:00+01:00,1297.3365,1299.346,1296.755,1298.458
2014-04-08T02:00:00+01:00,1298.4035,1301.7555,1297.837,1300.7355
2014-04-08T06:00:00+01:00,1300.7485,1312.847,1300.441,1311.758
2014-04-08T10:00:00+01:00,1311.751,1314.445,1310.152,1311.466
2014-04-08T14:00:00+01:00,1311.478,1311.783,1306.938,1309.372
2014-04-08T18:00:00+01:00,1309.393,1310.659,1307.408,1308.624
2014-04-08T22:00:00+01:00,1308.597,1310.756,1308.057,1309.558
2014-04-09T02:00:00+01:00,1309.57,1314.101,1308.7405,1311.9155
2014-04-09T06:00:00+01:00,1311.9215,1314.018,1308.915,1309.923
2014-04-09T10:00:00+01:00,1309.89,1310.9155,1301.65,1303.032
2014-04-09T14:00:00+01:00,1303.051,1307.478,1300.98,1305.744
2014-04-09T18:00:00+01:00,1305.753,1315.183,1303.06,1311.813
2014-04-09T22:00:00+01:00,1311.77,1314.883,1310.902,1314.615
2014-04-10T02:00:00+01:00,1314.625,1317.682,1314.625,1316.297
2014-04-10T06:00:00+01:00,1316.291,1323.4355,1315.675,1322.071
2014-04-10T10:00:00+01:00,1322.0405,1324.6505,1316.238,1318.116
2014-04-10T14:00:00+01:00,1318.1195,1322.061,1316.392,1318.8695
2014-04-10T18:00:00+01:00,1318.879,1320.8045,1317.355,1318.934
2014-04-10T22:00:00+01:00,1318.914,1319.454,1316.832,1317.208
2014-04-11T02:00:00+01:00,1317.162,1321.657,1316.576,1320.848
2014-04-11T06:00:00+01:00,1320.858,1321.76,1314.202,1315.185
2014-04-11T10:00:00+01:00,1315.2465,1323.9425,1315.057,1317.787
2014-04-11T14:00:00+01:00,1317.7795,1321.5075,1315.59,1318.787
2014-04-11T18:00:00+01:00,1318.7635,1319.682,1317.0985,1318.568
2014-04-13T22:00:00+01:00,1327.675,1328.709,1324.523,1325.937
2014-04-14T02:00:00+01:00,1325.9355,1329.195,1325.356,1326.275
2014-04-14T06:00:00+01:00,1326.294,1330.134,1324.574,1324.802
2014-04-14T10:00:00+01:00,1324.789,1325.394,1318.844,1324.023
2014-04-14T14:00:00+01:00,1324.007,1331.236,1323.781,1326.332
2014-04-14T18:00:00+01:00,1326.2945,1328.119,1324.8735,1327.961
2014-04-14T22:00:00+01:00,1327.866,1327.8885,1325.501,1325.601
2014-04-15T02:00:00+01:00,1325.589,1326.275,1319.102,1319.912
2014-04-15T06:00:00+01:00,1319.917,1321.229,1307.542,1311.303
2014-04-15T10:00:00+01:00,1311.273,1312.075,1284.71,1294.2955
2014-04-15T14:00:00+01:00,1294.295,1304.43,1293.256,1303.899
2014-04-15T18:00:00+01:00,1303.919,1304.6145,1299.7285,1302.511
2014-04-15T22:00:00+01:00,1302.543,1303.992,1301.392,1301.983
2014-04-16T02:00:00+01:00,1301.96,1302.092,1295.834,1300.201
2014-04-16T06:00:00+01:00,1300.211,1304.5695,1293.6385,1303.289
2014-04-16T10:00:00+01:00,1303.2805,1307.146,1297.917,1303.7725
2014-04-16T14:00:00+01:00,1303.785,1304.926,1297.908,1302.877
2014-04-16T18:00:00+01:00,1302.842,1303.568,1301.214,1302.469
2014-04-16T22:00:00+01:00,1302.443,1304.224,1301.962,1303.3065
2014-04-17T02:00:00+01:00,1303.302,1303.3695,1299.767,1300.2555
2014-04-17T06:00:00+01:00,1300.25,1302.092,1296.65,1298.3165
2014-04-17T10:00:00+01:00,1298.307,1304.216,1297.064,1301.633
2014-04-17T14:00:00+01:00,1301.617,1303.149,1295.1245,1295.626
2014-04-17T18:00:00+01:00,1295.6085,1296.091,1293.2645,1295.135
2014-04-20T22:00:00+01:00,1298.5,1302.1405,1291.397,1298.58
2014-04-21T02:00:00+01:00,1298.55,1298.885,1281.9875,1285.803
2014-04-21T06:00:00+01:00,1285.827,1291.349,1284.36,1288.425
2014-04-21T10:00:00+01:00,1288.465,1289.249,1283.085,1288.8645
2014-04-21T14:00:00+01:00,1288.872,1294.012,1284.965,1287.2435
2014-04-21T18:00:00+01:00,1287.253,1290.499,1287.039,1289.764
2014-04-21T22:00:00+01:00,1289.744,1290.71,1287.411,1287.612
2014-04-22T02:00:00+01:00,1287.652,1289.1845,1285.919,1287.103
2014-04-22T06:00:00+01:00,1287.093,1292.382,1286.853,1290.685
2014-04-22T10:00:00+01:00,1290.653,1292.874,1288.2715,1289.34
2014-04-22T14:00:00+01:00,1289.3305,1289.3305,1276.9575,1281.602
2014-04-22T18:00:00+01:00,1281.59,1285.74,1280.531,1283.765
2014-04-22T22:00:00+01:00,1283.795,1284.944,1282.897,1284.624
2014-04-23T02:00:00+01:00,1284.598,1287.337,1283.506,1284.978
2014-04-23T06:00:00+01:00,1284.9795,1285.84,1282.2685,1284.413
2014-04-23T10:00:00+01:00,1284.414,1289.084,1283.217,1285.915
2014-04-23T14:00:00+01:00,1285.93,1286.942,1280.9705,1283.3825
2014-04-23T18:00:00+01:00,1283.39,1285.413,1282.596,1283.849
2014-04-23T22:00:00+01:00,1283.858,1285.085,1283.2,1284.422
2014-04-24T02:00:00+01:00,1284.406,1287.229,1283.785,1286.392
2014-04-24T06:00:00+01:00,1286.305,1287.114,1281.156,1283.679
2014-04-24T10:00:00+01:00,1283.646,1284.662,1268.632,1273.729
2014-04-24T14:00:00+01:00,1273.7495,1298.7915,1273.7495,1290.014
2014-04-24T18:00:00+01:00,1290.001,1293.5595,1289.895,1293.338
2014-04-24T22:00:00+01:00,1293.287,1294.328,1291.137,1293.861
2014-04-25T02:00:00+01:00,1293.873,1294.639,1291.54,1291.716
2014-04-25T06:00:00+01:00,1291.738,1294.7565,1290.512,1293.7455
2014-04-25T10:00:00+01:00,1293.741,1303.343,1292.054,1300.261
2014-04-25T14:00:00+01:00,1300.249,1305.155,1298.453,1300.903
2014-04-25T18:00:00+01:00,1300.89,1303.876,1300.1815,1303.121
2014-04-27T22:00:00+01:00,1303.35,1305.523,1302.67,1303.396
2014-04-28T02:00:00+01:00,1303.374,1306.578,1303.0165,1304.014
2014-04-28T06:00:00+01:00,1304.0435,1304.458,1301.655,1303.401
2014-04-28T10:00:00+01:00,1303.372,1303.802,1299.404,1303.132
2014-04-28T14:00:00+01:00,1303.186,1303.85,1292.109,1296.0895
2014-04-28T18:00:00+01:00,1296.1345,1299.6945,1295.677,1296.744
2014-04-28T22:00:00+01:00,1296.711,1296.899,1295.141,1295.171
2014-04-29T02:00:00+01:00,1295.183,1296.3215,1293.782,1294.734
2014-04-29T06:00:00+01:00,1294.754,1296.1,1286.392,1287.903
2014-04-29T10:00:00+01:00,1287.87,1298.8325,1287.435,1295.855
2014-04-29T14:00:00+01:00,1295.84,1301.4705,1294.917,1296.825
2014-04-29T18:00:00+01:00,1296.865,1298.311,1294.235,1295.874
2014-04-29T22:00:00+01:00,1295.883,1296.552,1293.904,1294.39
2014-04-30T02:00:00+01:00,1294.366,1296.106,1293.288,1293.7955
2014-04-30T06:00:00+01:00,1293.783,1294.937,1289.628,1291.405
2014-04-30T10:00:00+01:00,1291.399,1297.455,1285.041,1293.676
2014-04-30T14:00:00+01:00,1293.669,1294.763,1285.635,1293.447
2014-04-30T18:00:00+01:00,1293.472,1298.201,1289.3285,1291.564
2014-04-30T22:00:00+01:00,1291.554,1292.975,1289.723,1290.9055
2014-05-01T02:00:00+01:00,1290.9125,1291.437,1288.142,1288.751
2014-05-01T06:00:00+01:00,1288.804,1290.613,1281.866,1282.944
2014-05-01T10:00:00+01:00,1282.915,1290.06,1277.908,1280.5605
2014-05-01T14:00:00+01:00,1280.559,1285.4355,1277.3955,1284.412
2014-05-01T18:00:00+01:00,1284.4095,1285.643,1281.466,1284.302
2014-05-01T22:00:00+01:00,1284.316,1285.0795,1283.133,1283.94
2014-05-02T02:00:00+01:00,1283.976,1284.349,1281.6815,1284.0005
2014-05-02T06:00:00+01:00,1283.99,1285.3355,1281.6765,1284.175
2014-05-02T10:00:00+01:00,1284.157,1288.2585,1275.7155,1285.698
2014-05-02T14:00:00+01:00,1285.709,1304.7025,1280.481,1298.521
2014-05-02T18:00:00+01:00,1298.541,1303.405,1296.821,1299.627
2014-05-04T22:00:00+01:00,1300.535,1304.137,1299.575,1303.519
2014-05-05T02:00:00+01:00,1303.501,1309.3695,1303.429,1305.829
2014-05-05T06:00:00+01:00,1305.817,1314.0595,1305.231,1313.3
2014-05-05T10:00:00+01:00,1313.29,1315.653,1310.7185,1314.6275
2014-05-05T14:00:00+01:00,1314.6375,1314.9985,1308.317,1309.646
2014-05-05T18:00:00+01:00,1309.659,1310.832,1308.529,1310.265
2014-05-05T22:00:00+01:00,1310.259,1312.345,1309.424,1311.903
2014-05-06T02:00:00+01:00,1311.9135,1311.935,1308.115,1309.198
2014-05-06T06:00:00+01:00,1309.211,1314.152,1308.615,1310.9375
2014-05-06T10:00:00+01:00,1310.918,1312.218,1305.411,1307.793
2014-05-06T14:00:00+01:00,1307.8075,1309.369,1304.434,1307.495
2014-05-06T18:00:00+01:00,1307.491,1309.284,1306.935,1308.002
2014-05-06T22:00:00+01:00,1308.02,1311.437,1307.135,1311.042
2014-05-07T02:00:00+01:00,1311.061,1313.642,1310.198,1311.98
2014-05-07T06:00:00+01:00,1311.9745,1314.588,1309.445,1312.861
2014-05-07T10:00:00+01:00,1312.8815,1313.257,1301.4935,1303.783
2014-05-07T14:00:00+01:00,1303.818,1304.717,1286.734,1289.227
2014-05-07T18:00:00+01:00,1289.1985,1291.559,1288.389,1289.919
2014-05-07T22:00:00+01:00,1289.929,1292.467,1289.438,1291.5985
2014-05-08T02:00:00+01:00,1291.594,1292.064,1287.5185,1290.09
2014-05-08T06:00:00+01:00,1290.073,1292.577,1289.804,1291.461
2014-05-08T10:00:00+01:00,1291.4405,1295.449,1285.0685,1288.596
2014-05-08T14:00:00+01:00,1288.611,1292.231,1286.4285,1289.167
2014-05-08T18:00:00+01:00,1289.162,1292.0015,1287.325,1289.443
2014-05-08T22:00:00+01:00,1289.449,1291.163,1288.93,1290.3805
2014-05-09T02:00:00+01:00,1290.338,1291.691,1288.502,1291.042
2014-05-09T06:00:00+01:00,1291.028,1292.934,1288.877,1289.664
2014-05-09T10:00:00+01:00,1289.714,1294.5255,1287.803,1290.88
2014-05-09T14:00:00+01:00,1290.9,1292.571,1285.612,1287.798
2014-05-09T18:00:00+01:00,1287.873,1289.7655,1286.067,1288.656
2014-05-11T22:00:00+01:00,1289.719,1289.894,1277.9575,1284.965
2014-05-12T02:00:00+01:00,1284.949,1292.57,1284.77,1291.293
2014-05-12T06:00:00+01:00,1291.283,1291.572,1288.174,1291.1665
2014-05-12T10:00:00+01:00,1291.2435,1303.964,1291.12,1300.768
2014-05-12T14:00:00+01:00,1300.758,1302.386,1297.0705,1297.563
2014-05-12T18:00:00+01:00,1297.548,1297.548,1294.822,1295.865
2014-05-12T22:00:00+01:00,1295.857,1298.7395,1295.223,1297.163
2014-05-13T02:00:00+01:00,1297.139,1297.399,1292.394,1293.106
2014-05-13T06:00:00+01:00,1293.092,1294.229,1290.249,1294.149
2014-05-13T10:00:00+01:00,1294.176,1298.703,1289.19,1296.9825
2014-05-13T14:00:00+01:00,1296.988,1298.8935,1294.4245,1296.4
2014-05-13T18:00:00+01:00,1296.386,1296.864,1292.7415,1293.703
2014-05-13T22:00:00+01:00,1293.677,1295.907,1293.0285,1293.0285
2014-05-14T02:00:00+01:00,1293.036,1295.8565,1291.641,1295.77
2014-05-14T06:00:00+01:00,1295.773,1302.421,1293.746,1301.704
2014-05-14T10:00:00+01:00,1301.719,1309.12,1300.099,1307.483
2014-05-14T14:00:00+01:00,1307.513,1307.8585,1302.513,1305.599
2014-05-14T18:00:00+01:00,1305.58,1306.9295,1304.431,1305.953
2014-05-14T22:00:00+01:00,1305.964,1306.698,1304.835,1306.319
2014-05-15T02:00:00+01:00,1306.258,1307.2075,1303.211,1303.5425
2014-05-15T06:00:00+01:00,1303.5275,1306.4075,1301.491,1303.537
2014-05-15T10:00:00+01:00,1303.532,1306.546,1290.9975,1295.1555
2014-05-15T14:00:00+01:00,1295.1355,1303.1045,1293.308,1295.632
2014-05-15T18:00:00+01:00,1295.6125,1297.772,1293.3915,1296.183
2014-05-15T22:00:00+01:00,1296.195,1297.529,1295.497,1295.929
2014-05-16T02:00:00+01:00,1295.918,1298.337,1294.759,1297.762
2014-05-16T06:00:00+01:00,1297.788,1298.037,1291.9365,1293.247
2014-05-16T10:00:00+01:00,1293.262,1296.373,1287.8595,1290.9195
2014-05-16T14:00:00+01:00,1291.0355,1295.584,1290.1845,1293.768
2014-05-16T18:00:00+01:00,1293.794,1294.1295,1291.804,1293.594
2014-05-18T22:00:00+01:00,1293.2,1293.275,1289.437,1292.634
2014-05-19T02:00:00+01:00,1292.594,1296.661,1291.947,1295.681
2014-05-19T06:00:00+01:00,1295.694,1301.559,1295.139,1299.798
2014-05-19T10:00:00+01:00,1299.815,1305.5015,1299.516,1303.1695
2014-05-19T14:00:00+01:00,1303.182,1303.187,1293.6275,1294.165
2014-05-19T18:00:00+01:00,1294.145,1295.046,1292.669,1293.109
2014-05-19T22:00:00+01:00,1293.12,1294.484,1292.619,1293.446
2014-05-20T02:00:00+01:00,1293.454,1294.8605,1291.11,1293.6135
2014-05-20T06:00:00+01:00,1293.607,1294.09,1289.02,1291.133
2014-05-20T10:00:00+01:00,1291.174,1293.5085,1286.033,1288.474
2014-05-20T14:00:00+01:00,1288.4645,1296.9445,1287.545,1294.924
2014-05-20T18:00:00+01:00,1294.9555,1296.5195,1294.017,1294.229
2014-05-20T22:00:00+01:00,1294.217,1295.0995,1293.971,1293.994
2014-05-21T02:00:00+01:00,1293.983,1296.333,1293.291,1295.66
2014-05-21T06:00:00+01:00,1295.6865,1295.7145,1292.283,1294.162
2014-05-21T10:00:00+01:00,1294.162,1294.162,1288.139,1289.245
2014-05-21T14:00:00+01:00,1289.2225,1292.381,1286.37,1287.8785
2014-05-21T18:00:00+01:00,1287.8865,1293.3465,1283.4405,1292.055
2014-05-21T22:00:00+01:00,1292.07,1293.0795,1290.4915,1291.247
2014-05-22T02:00:00+01:00,1291.309,1293.0355,1290.172,1292.0695
2014-05-22T06:00:00+01:00,1292.058,1296.6205,1292.058,1294.3635
2014-05-22T10:00:00+01:00,1294.3525,1303.775,1294.247,1300.511
2014-05-22T14:00:00+01:00,1300.535,1300.601,1293.5195,1294.996
2014-05-22T18:00:00+01:00,1294.978,1295.7185,1293.364,1294.095
2014-05-22T22:00:00+01:00,1294.084,1294.562,1293.328,1293.796
2014-05-23T02:00:00+01:00,1293.81,1295.604,1293.265,1294.807
2014-05-23T06:00:00+01:00,1294.793,1295.481,1291.25,1292.597
2014-05-23T10:00:00+01:00,1292.577,1293.754,1286.8065,1293.0775
2014-05-23T14:00:00+01:00,1293.098,1294.7465,1289.641,1291.289
2014-05-23T18:00:00+01:00,1291.304,1293.3345,1291.084,1292.578
2014-05-25T22:00:00+01:00,1293.935,1294.1345,1290.8925,1292.562
2014-05-26T02:00:00+01:00,1292.55,1294.236,1291.8855,1292.487
2014-05-26T06:00:00+01:00,1292.527,1293.83,1291.246,1291.7535
2014-05-26T10:00:00+01:00,1291.751,1293.986,1291.653,1292.914
2014-05-26T14:00:00+01:00,1292.9535,1293.2535,1292.35,1292.8105
2014-05-26T18:00:00+01:00,1292.8395,1292.8395,1292.8245,1292.8245
2014-05-26T22:00:00+01:00,1292.798,1293.35,1291.1255,1292.79
2014-05-27T02:00:00+01:00,1292.796,1293.46,1290.043,1290.366
2014-05-27T06:00:00+01:00,1290.35,1290.6365,1281.768,1283.172
2014-05-27T10:00:00+01:00,1283.184,1285.0945,1273.972,1277.5055
2014-05-27T14:00:00+01:00,1277.505,1278.9445,1265.3,1265.716
2014-05-27T18:00:00+01:00,1265.71,1268.075,1264.571,1264.892
2014-05-27T22:00:00+01:00,1264.88,1264.9695,1260.98,1264.05
2014-05-28T02:00:00+01:00,1264.0285,1265.4645,1262.401,1262.6035
2014-05-28T06:00:00+01:00,1262.61,1266.573,1262.5705,1264.422
2014-05-28T10:00:00+01:00,1264.406,1267.2975,1263.6115,1265.999
2014-05-28T14:00:00+01:00,1266.063,1266.196,1256.058,1258.7115
2014-05-28T18:00:00+01:00,1258.7065,1260.129,1257.74,1258.184
2014-05-28T22:00:00+01:00,1258.233,1260.018,1256.868,1259.0045
2014-05-29T02:00:00+01:00,1259.0005,1259.822,1255.7575,1258.284
2014-05-29T06:00:00+01:00,1258.326,1258.994,1251.5235,1253.226
2014-05-29T10:00:00+01:00,1253.2205,1258.0975,1252.226,1255.142
2014-05-29T14:00:00+01:00,1255.1245,1260.5615,1253.498,1255.966
2014-05-29T18:00:00+01:00,1255.951,1257.287,1255.051,1255.731
2014-05-29T22:00:00+01:00,1255.766,1259.46,1255.632,1258.563
2014-05-30T02:00:00+01:00,1258.6045,1260.471,1257.36,1257.9805
2014-05-30T06:00:00+01:00,1258.007,1258.607,1253.7305,1254.8115
2014-05-30T10:00:00+01:00,1254.7965,1255.6425,1250.3645,1254.526
2014-05-30T14:00:00+01:00,1254.513,1256.511,1242.279,1245.832
2014-05-30T18:00:00+01:00,1245.847,1252.2,1244.994,1249.62
2014-06-01T22:00:00+01:00,1250.3395,1250.875,1246.5575,1247.181
2014-06-02T02:00:00+01:00,1247.166,1248.692,1244.713,1245.376
2014-06-02T06:00:00+01:00,1245.394,1246.244,1241.117,1243.6055
2014-06-02T10:00:00+01:00,1243.721,1247.904,1243.7065,1245.567
2014-06-02T14:00:00+01:00,1245.534,1250.863,1243.513,1244.288
2014-06-02T18:00:00+01:00,1244.233,1245.108,1242.28,1243.917
2014-06-02T22:00:00+01:00,1243.817,1245.499,1243.53,1244.804
2014-06-03T02:00:00+01:00,1244.829,1245.77,1241.84,1243.103
2014-06-03T06:00:00+01:00,1243.095,1247.3715,1242.866,1246.66
2014-06-03T10:00:00+01:00,1246.7045,1247.747,1243.326,1244.656
2014-06-03T14:00:00+01:00,1244.6425,1246.084,1240.631,1244.388
2014-06-03T18:00:00+01:00,1244.403,1247.096,1243.69,1244.945
2014-06-03T22:00:00+01:00,1244.957,1245.7725,1243.962,1243.99
2014-06-04T02:00:00+01:00,1243.9645,1246.948,1243.7665,1246.061
2014-06-04T06:00:00+01:00,1246.045,1247.024,1245.264,1246.435
2014-06-04T10:00:00+01:00,1246.45,1249.3035,1244.431,1246.77
2014-06-04T14:00:00+01:00,1246.76,1247.959,1243.379,1243.551
2014-06-04T18:00:00+01:00,1243.571,1245.045,1242.946,1243.959
2014-06-04T22:00:00+01:00,1243.98,1244.864,1243.415,1243.734
2014-06-05T02:00:00+01:00,1243.7415,1244.531,1241.938,1243.6665
2014-06-05T06:00:00+01:00,1243.676,1245.055,1242.556,1242.983
2014-06-05T10:00:00+01:00,1242.964,1257.78,1241.183,1255.036
2014-06-05T14:00:00+01:00,1254.984,1255.471,1250.499,1253.511
2014-06-05T18:00:00+01:00,1253.501,1254.2745,1252.513,1253.649
2014-06-05T22:00:00+01:00,1253.639,1254.494,1252.8455,1254.316
2014-06-06T02:00:00+01:00,1254.3095,1255.036,1253.0905,1254.5495
2014-06-06T06:00:00+01:00,1254.54,1256.8105,1254.143,1254.852
2014-06-06T10:00:00+01:00,1254.7995,1257.907,1251.5065,1256.023
2014-06-06T14:00:00+01:00,1256.0725,1256.8285,1245.981,1251.8725
2014-06-06T18:00:00+01:00,1251.918,1253.5495,1251.3615,1253.289
2014-06-08T22:00:00+01:00,1252.935,1254.337,1251.761,1252.4
2014-06-09T02:00:00+01:00,1252.391,1253.732,1251.665,1252.401
2014-06-09T06:00:00+01:00,1252.407,1255.844,1252.292,1255.21
2014-06-09T10:00:00+01:00,1255.218,1257.088,1254.057,1254.695
2014-06-09T14:00:00+01:00,1254.668,1255.136,1252.39,1253.716
2014-06-09T18:00:00+01:00,1253.746,1254.723,1252.116,1252.277
2014-06-09T22:00:00+01:00,1252.267,1252.823,1250.398,1252.431
2014-06-10T02:00:00+01:00,1252.421,1254.873,1252.246,1254.4195
2014-06-10T06:00:00+01:00,1254.431,1256.185,1253.312,1253.99
2014-06-10T10:00:00+01:00,1253.965,1263.653,1252.4155,1261.323
2014-06-10T14:00:00+01:00,1261.335,1262.254,1259.097,1260.518
2014-06-10T18:00:00+01:00,1260.537,1261.593,1259.735,1259.888
2014-06-10T22:00:00+01:00,1259.878,1260.916,1257.95,1260.734
2014-06-11T02:00:00+01:00,1260.72,1262.707,1260.459,1261.804
2014-06-11T06:00:00+01:00,1261.7985,1262.673,1260.435,1262.512
2014-06-11T10:00:00+01:00,1262.55,1265.321,1261.581,1263.494
2014-06-11T14:00:00+01:00,1263.5015,1263.6285,1258.673,1260.924
2014-06-11T18:00:00+01:00,1260.892,1261.406,1259.612,1261.042
2014-06-11T22:00:00+01:00,1261.022,1261.9115,1260.7325,1261.6405
2014-06-12T02:00:00+01:00,1261.6955,1261.6955,1260.004,1260.602
2014-06-12T06:00:00+01:00,1260.607,1262.463,1260.432,1261.791
2014-06-12T10:00:00+01:00,1261.799,1268.103,1261.763,1265.716
2014-06-12T14:00:00+01:00,1265.746,1274.385,1264.4685,1272.8655
2014-06-12T18:00:00+01:00,1272.863,1274.916,1272.6975,1273.379
2014-06-12T22:00:00+01:00,1273.349,1273.939,1272.028,1272.858
2014-06-13T02:00:00+01:00,1272.8675,1275.642,1272.5205,1272.965
2014-06-13T06:00:00+01:00,1272.948,1277.373,1270.897,1273.708
2014-06-13T10:00:00+01:00,1273.7,1275.0815,1271.594,1273.096
2014-06-13T14:00:00+01:00,1273.121,1275.5085,1272.241,1274.5695
2014-06-13T18:00:00+01:00,1274.5895,1277.979,1273.884,1276.888
2014-06-15T22:00:00+01:00,1276.625,1279.633,1276.429,1279.172
2014-06-16T02:00:00+01:00,1279.1495,1283.524,1279.098,1283.398
2014-06-16T06:00:00+01:00,1283.434,1285.0015,1279.908,1280.792
2014-06-16T10:00:00+01:00,1280.7845,1282.72,1279.358,1280.6605
2014-06-16T14:00:00+01:00,1280.635,1280.635,1272.4275,1275.135
2014-06-16T18:00:00+01:00,1275.145,1275.329,1270.693,1271.942
2014-06-16T22:00:00+01:00,1271.952,1273.13,1270.983,1272.807
2014-06-17T02:00:00+01:00,1272.817,1273.362,1263.4805,1263.9835
2014-06-17T06:00:00+01:00,1263.978,1267.164,1263.894,1264.745
2014-06-17T10:00:00+01:00,1264.755,1266.8515,1258.761,1262.5615
2014-06-17T14:00:00+01:00,1262.5515,1271.537,1262.321,1270.852
2014-06-17T18:00:00+01:00,1270.847,1272.5,1270.181,1270.681
2014-06-17T22:00:00+01:00,1270.691,1272.205,1269.989,1270.405
2014-06-18T02:00:00+01:00,1270.425,1271.61,1267.035,1267.951
2014-06-18T06:00:00+01:00,1267.963,1270.615,1266.404,1268.199
2014-06-18T10:00:00+01:00,1268.2495,1274.3075,1267.1745,1271.837
2014-06-18T14:00:00+01:00,1271.815,1272.8115,1268.942,1272.787
2014-06-18T18:00:00+01:00,1272.8115,1278.595,1268.365,1277.682
2014-06-18T22:00:00+01:00,1278.285,1278.894,1276.884,1278.439
2014-06-19T02:00:00+01:00,1278.433,1279.593,1276.065,1278.227
2014-06-19T06:00:00+01:00,1278.2385,1282.239,1276.983,1281.1035
2014-06-19T10:00:00+01:00,1281.115,1289.0815,1280.9585,1289.0565
2014-06-19T14:00:00+01:00,1289.0395,1316.9205,1287.3215,1312.955
2014-06-19T18:00:00+01:00,1312.9175,1321.6845,1309.991,1320.338
2014-06-19T22:00:00+01:00,1319.775,1322.122,1313.633,1316.48
2014-06-20T02:00:00+01:00,1316.455,1317.005,1310.795,1315.014
2014-06-20T06:00:00+01:00,1315.0065,1315.318,1306.5715,1308.6865
2014-06-20T10:00:00+01:00,1308.648,1314.137,1307.63,1313.2485
2014-06-20T14:00:00+01:00,1313.2135,1319.876,1309.9795,1314.4745
2014-06-20T18:00:00+01:00,1314.4945,1316.357,1314.061,1314.8
2014-06-22T22:00:00+01:00,1314.004,1315.274,1312.8215,1312.966
2014-06-23T02:00:00+01:00,1312.978,1313.5025,1310.19,1313.2165
2014-06-23T06:00:00+01:00,1313.183,1317.443,1313.021,1315.4365
2014-06-23T10:00:00+01:00,1315.404,1316.8835,1310.06,1315.797
2014-06-23T14:00:00+01:00,1315.793,1318.141,1312.764,1317.554
2014-06-23T18:00:00+01:00,1317.57,1318.562,1315.139,1317.453
2014-06-23T22:00:00+01:00,1317.478,1318.071,1313.9565,1315.9245
2014-06-24T02:00:00+01:00,1315.9045,1317.982,1314.8615,1314.912
2014-06-24T06:00:00+01:00,1314.9125,1325.4445,1314.186,1323.203
2014-06-24T10:00:00+01:00,1323.22,1326.0075,1319.625,1322.0715
2014-06-24T14:00:00+01:00,1322.1055,1322.8165,1316.6065,1319.403
2014-06-24T18:00:00+01:00,1319.409,1321.508,1317.691,1318.309
2014-06-24T22:00:00+01:00,1318.279,1319.659,1317.135,1319.231
2014-06-25T02:00:00+01:00,1319.243,1319.469,1307.5005,1311.59
2014-06-25T06:00:00+01:00,1311.5835,1315.441,1311.5485,1313.918
2014-06-25T10:00:00+01:00,1313.9125,1321.23,1311.81,1317.168
2014-06-25T14:00:00+01:00,1317.176,1324.921,1315.461,1321.0155
2014-06-25T18:00:00+01:00,1321.051,1322.437,1319.0815,1319.248
2014-06-25T22:00:00+01:00,1319.232,1319.871,1317.5205,1318.792
2014-06-26T02:00:00+01:00,1318.782,1319.396,1316.127,1316.627
2014-06-26T06:00:00+01:00,1316.616,1317.889,1308.4635,1311.3415
2014-06-26T10:00:00+01:00,1311.361,1317.8635,1306.3205,1315.1975
2014-06-26T14:00:00+01:00,1315.205,1318.615,1311.21,1316.043
2014-06-26T18:00:00+01:00,1316.0615,1317.915,1315.0515,1316.698
2014-06-26T22:00:00+01:00,1316.686,1317.498,1315.603,1317.2625
2014-06-27T02:00:00+01:00,1317.2685,1321.475,1315.741,1321.171
2014-06-27T06:00:00+01:00,1321.18,1322.38,1314.4155,1316.0615
2014-06-27T10:00:00+01:00,1316.041,1318.32,1312.7855,1317.11
2014-06-27T14:00:00+01:00,1317.112,1321.104,1316.6435,1318.393
2014-06-27T18:00:00+01:00,1318.426,1319.6385,1315.275,1316.219
2014-06-29T22:00:00+01:00,1316.47,1316.714,1314.634,1316.33
2014-06-30T02:00:00+01:00,1316.3035,1317.407,1314.077,1316.399
2014-06-30T06:00:00+01:00,1316.441,1317.74,1312.343,1313.027
2014-06-30T10:00:00+01:00,1313.012,1314.7925,1310.414,1313.935
2014-06-30T14:00:00+01:00,1313.91,1319.8665,1312.705,1318.3725
2014-06-30T18:00:00+01:00,1318.356,1329.5545,1318.356,1327.357
2014-06-30T22:00:00+01:00,1327.327,1327.525,1325.4405,1326.052
2014-07-01T02:00:00+01:00,1326.0455,1333.957,1325.176,1327.229
2014-07-01T06:00:00+01:00,1327.2205,1328.1095,1323.8615,1326.387
2014-07-01T10:00:00+01:00,1326.4125,1328.0565,1324.8585,1326.382
2014-07-01T14:00:00+01:00,1326.3735,1331.0285,1324.782,1327.755
2014-07-01T18:00:00+01:00,1327.768,1328.5305,1324.82,1326.428
2014-07-01T22:00:00+01:00,1326.418,1327.788,1325.088,1325.301
2014-07-02T02:00:00+01:00,1325.312,1326.8235,1324.409,1325.406
2014-07-02T06:00:00+01:00,1325.431,1327.336,1324.7845,1325.92
2014-07-02T10:00:00+01:00,1325.942,1329.118,1321.406,1326.221
2014-07-02T14:00:00+01:00,1326.233,1332.094,1324.9225,1329.541
2014-07-02T18:00:00+01:00,1329.526,1330.496,1325.534,1326.766
2014-07-02T22:00:00+01:00,1326.959,1327.6125,1325.5135,1325.988
2014-07-03T02:00:00+01:00,1325.965,1326.225,1321.841,1322.791
2014-07-03T06:00:00+01:00,1322.802,1324.468,1319.8675,1322.128
2014-07-03T10:00:00+01:00,1322.101,1323.391,1309.5545,1315.888
2014-07-03T14:00:00+01:00,1315.8615,1322.4,1315.4385,1319.822
2014-07-03T18:00:00+01:00,1319.8305,1321.3915,1318.85,1319.563
2014-07-03T22:00:00+01:00,1319.536,1320.632,1318.967,1319.876
2014-07-04T02:00:00+01:00,1319.9045,1320.285,1318.715,1319.4345
2014-07-04T06:00:00+01:00,1319.419,1323.252,1319.15,1321.445
2014-07-04T10:00:00+01:00,1321.4475,1322.256,1320.1045,1321.909
2014-07-04T14:00:00+01:00,1321.8935,1322.042,1319.585,1320.446
2014-07-04T18:00:00+01:00,1320.455,1320.455,1320.455,1320.455
2014-07-06T22:00:00+01:00,1320.735,1320.9215,1316.1445,1317.713
2014-07-07T02:00:00+01:00,1317.738,1318.179,1315.5575,1316.516
2014-07-07T06:00:00+01:00,1316.506,1316.603,1312.486,1314.3485
2014-07-07T10:00:00+01:00,1314.3465,1316.6985,1312.398,1315.7095
2014-07-07T14:00:00+01:00,1315.7245,1316.6025,1311.5575,1316.275
2014-07-07T18:00:00+01:00,1316.26,1320.058,1315.7705,1319.904
2014-07-07T22:00:00+01:00,1319.984,1320.05,1317.686,1318.51
2014-07-08T02:00:00+01:00,1318.5,1320.381,1316.954,1317.335
2014-07-08T06:00:00+01:00,1317.345,1319.976,1316.848,1319.506
2014-07-08T10:00:00+01:00,1319.496,1324.0675,1317.8175,1322.1145
2014-07-08T14:00:00+01:00,1322.1295,1324.8735,1313.5365,1315.332
2014-07-08T18:00:00+01:00,1315.3255,1320.087,1314.8955,1319.257
2014-07-08T22:00:00+01:00,1319.277,1319.686,1317.927,1318.974
2014-07-09T02:00:00+01:00,1318.9205,1324.406,1318.06,1324.127
2014-07-09T06:00:00+01:00,1324.137,1326.2005,1322.481,1323.606
2014-07-09T10:00:00+01:00,1323.624,1327.438,1321.9075,1325.871
2014-07-09T14:00:00+01:00,1325.802,1326.292,1321.5085,1322.6325
2014-07-09T18:00:00+01:00,1322.633,1332.466,1321.889,1327.795
2014-07-09T22:00:00+01:00,1327.765,1329.1335,1324.275,1329.088
2014-07-10T02:00:00+01:00,1329.073,1331.4745,1328.275,1328.805
2014-07-10T06:00:00+01:00,1328.808,1331.2655,1327.257,1330.469
2014-07-10T10:00:00+01:00,1330.4785,1345.2,1330.4635,1340.149
2014-07-10T14:00:00+01:00,1340.115,1342.76,1335.882,1336.946
2014-07-10T18:00:00+01:00,1336.9485,1339.0275,1335.186,1335.764
2014-07-10T22:00:00+01:00,1335.744,1337.734,1335.196,1337.6775
2014-07-11T02:00:00+01:00,1337.657,1338.958,1336.84,1337.421
2014-07-11T06:00:00+01:00,1337.414,1338.917,1334.694,1336.943
2014-07-11T10:00:00+01:00,1336.9195,1339.291,1335.5275,1336.6805
2014-07-11T14:00:00+01:00,1336.6865,1337.6725,1333.782,1335.8925
2014-07-11T18:00:00+01:00,1335.884,1338.913,1335.342,1338.72
2014-07-13T22:00:00+01:00,1339.35,1339.7655,1337.501,1337.945
2014-07-14T02:00:00+01:00,1337.957,1338.547,1331.195,1331.299
2014-07-14T06:00:00+01:00,1331.041,1332.403,1316.6825,1321.2425
2014-07-14T10:00:00+01:00,1321.2355,1323.3755,1311.106,1311.902
2014-07-14T14:00:00+01:00,1311.929,1311.929,1302.878,1306.1265
2014-07-14T18:00:00+01:00,1306.1165,1309.224,1303.844,1307.221
2014-07-14T22:00:00+01:00,1307.278,1309.5575,1306.853,1308.0485
2014-07-15T02:00:00+01:00,1308.0535,1308.3585,1305.915,1307.9505
2014-07-15T06:00:00+01:00,1307.9455,1310.8945,1306.308,1310.527
2014-07-15T10:00:00+01:00,1310.511,1313.831,1307.4885,1309.377
2014-07-15T14:00:00+01:00,1309.357,1312.525,1292.2475,1296.642
2014-07-15T18:00:00+01:00,1296.6345,1297.8575,1292.62,1294.041
2014-07-15T22:00:00+01:00,1294.069,1296.6615,1293.2965,1296.024
2014-07-16T02:00:00+01:00,1296.035,1297.442,1295.181,1296.404
2014-07-16T06:00:00+01:00,1296.394,1299.58,1296.2505,1297.761
2014-07-16T10:00:00+01:00,1297.756,1300.098,1295.515,1298.4265
2014-07-16T14:00:00+01:00,1298.435,1303.8205,1297.943,1300.783
2014-07-16T18:00:00+01:00,1300.745,1300.858,1296.787,1299.228
2014-07-16T22:00:00+01:00,1298.87,1300.6805,1297.725,1299.863
2014-07-17T02:00:00+01:00,1299.919,1305.155,1299.919,1304.6235
2014-07-17T06:00:00+01:00,1304.6185,1308.3055,1302.1455,1302.433
2014-07-17T10:00:00+01:00,1302.448,1307.648,1298.9715,1305.866
2014-07-17T14:00:00+01:00,1305.902,1324.281,1301.8705,1317.469
2014-07-17T18:00:00+01:00,1317.476,1321.2335,1314.837,1319.195
2014-07-17T22:00:00+01:00,1318.76,1324.767,1318.386,1318.6655
2014-07-18T02:00:00+01:00,1318.6565,1318.6565,1312.1715,1313.712
2014-07-18T06:00:00+01:00,1313.702,1315.309,1308.7135,1309.393
2014-07-18T10:00:00+01:00,1309.388,1312.316,1307.943,1309.082
2014-07-18T14:00:00+01:00,1309.071,1309.387,1304.6495,1307.478
2014-07-18T18:00:00+01:00,1307.485,1311.3155,1307.01,1310.928
2014-07-20T22:00:00+01:00,1310.549,1312.249,1308.9055,1309.323
2014-07-21T02:00:00+01:00,1309.334,1312.9215,1307.485,1312.632
2014-07-21T06:00:00+01:00,1312.682,1314.951,1310.5765,1314.4015
2014-07-21T10:00:00+01:00,1314.3885,1318.422,1312.6375,1315.8915
2014-07-21T14:00:00+01:00,1315.8995,1316.1435,1310.476,1312.583
2014-07-21T18:00:00+01:00,1312.611,1314.534,1311.477,1312.509
2014-07-21T22:00:00+01:00,1312.437,1312.437,1310.94,1311.667
2014-07-22T02:00:00+01:00,1311.647,1313.3305,1307.152,1307.799
2014-07-22T06:00:00+01:00,1307.8305,1308.868,1304.685,1307.8455
2014-07-22T10:00:00+01:00,1307.84,1315.8585,1302.1035,1312.116
2014-07-22T14:00:00+01:00,1312.125,1313.9335,1303.803,1307.257
2014-07-22T18:00:00+01:00,1307.267,1307.633,1305.719,1306.43
2014-07-22T22:00:00+01:00,1306.46,1308.262,1305.818,1306.203
2014-07-23T02:00:00+01:00,1306.225,1308.9235,1305.476,1307.269
2014-07-23T06:00:00+01:00,1307.293,1309.5515,1305.149,1308.322
2014-07-23T10:00:00+01:00,1308.321,1311.3055,1305.8635,1308.168
2014-07-23T14:00:00+01:00,1308.1895,1309.7635,1303.2,1304.2395
2014-07-23T18:00:00+01:00,1304.203,1306.22,1303.4735,1304.638
2014-07-23T22:00:00+01:00,1304.613,1305.262,1303.6345,1304.535
2014-07-24T02:00:00+01:00,1304.549,1304.932,1296.388,1297.1635
2014-07-24T06:00:00+01:00,1297.1755,1299.883,1294.9595,1297.386
2014-07-24T10:00:00+01:00,1297.346,1301.4155,1295.782,1299.0405
2014-07-24T14:00:00+01:00,1299.0505,1300.345,1287.7535,1290.8355
2014-07-24T18:00:00+01:00,1290.82,1294.115,1289.178,1293.719
2014-07-24T22:00:00+01:00,1293.803,1294.611,1291.774,1292.1105
2014-07-25T02:00:00+01:00,1292.0975,1293.5735,1291.012,1291.252
2014-07-25T06:00:00+01:00,1291.2305,1294.587,1291.1495,1292.798
2014-07-25T10:00:00+01:00,1292.7895,1296.169,1292.4835,1294.9895
2014-07-25T14:00:00+01:00,1294.997,1299.7435,1293.274,1299.7395
2014-07-25T18:00:00+01:00,1299.747,1308.68,1299.58,1307.166
2014-07-27T22:00:00+01:00,1307.925,1308.204,1304.3385,1305.41
2014-07-28T02:00:00+01:00,1305.391,1308.729,1301.426,1308.3715
2014-07-28T06:00:00+01:00,1308.382,1309.271,1302.193,1305.04
2014-07-28T10:00:00+01:00,1305.0165,1306.04,1303.374,1304.359
2014-07-28T14:00:00+01:00,1304.443,1305.736,1301.838,1302.4065
2014-07-28T18:00:00+01:00,1302.398,1306.0405,1302.3255,1304.126
2014-07-28T22:00:00+01:00,1304.106,1305.326,1303.575,1304.393
2014-07-29T02:00:00+01:00,1304.399,1306.685,1304.239,1304.732
2014-07-29T06:00:00+01:00,1304.745,1312.324,1303.8885,1309.1045
2014-07-29T10:00:00+01:00,1309.1105,1310.65,1305.286,1309.956
2014-07-29T14:00:00+01:00,1309.931,1310.4495,1296.2315,1297.627
2014-07-29T18:00:00+01:00,1297.6315,1301.313,1297.43,1299.211
2014-07-29T22:00:00+01:00,1299.15,1300.3075,1298.701,1299.408
2014-07-30T02:00:00+01:00,1299.418,1300.3555,1298.16,1299.0645
2014-07-30T06:00:00+01:00,1299.1145,1300.263,1298.664,1299.273
2014-07-30T10:00:00+01:00,1299.286,1303.825,1291.883,1299.421
2014-07-30T14:00:00+01:00,1299.519,1299.905,1292.9145,1294.993
2014-07-30T18:00:00+01:00,1294.9365,1298.003,1293.6175,1296.271
2014-07-30T22:00:00+01:00,1296.248,1297.185,1294.408,1294.8725
2014-07-31T02:00:00+01:00,1294.8575,1295.8,1293.214,1294.0045
2014-07-31T06:00:00+01:00,1294.0105,1297.1405,1291.5515,1297.0395
2014-07-31T10:00:00+01:00,1297.0495,1297.4215,1285.636,1288.275
2014-07-31T14:00:00+01:00,1288.243,1289.408,1281.934,1282.329
2014-07-31T18:00:00+01:00,1282.339,1286.16,1280.838,1282.689
2014-07-31T22:00:00+01:00,1283.231,1284.935,1282.37,1283.603
2014-08-01T02:00:00+01:00,1283.6575,1284.412,1282.4945,1282.87
2014-08-01T06:00:00+01:00,1282.82,1285.882,1282.38,1284.663
2014-08-01T10:00:00+01:00,1284.682,1289.647,1280.2815,1287.346
2014-08-01T14:00:00+01:00,1287.356,1297.3085,1287.002,1294.527
2014-08-01T18:00:00+01:00,1294.5085,1295.7485,1292.809,1293.864
2014-08-03T22:00:00+01:00,1294.3,1294.425,1292.808,1293.143
2014-08-04T02:00:00+01:00,1293.125,1294.134,1291.5985,1291.748
2014-08-04T06:00:00+01:00,1291.771,1295.488,1291.543,1294.182
2014-08-04T10:00:00+01:00,1294.162,1294.608,1289.206,1292.5395
2014-08-04T14:00:00+01:00,1292.5285,1295.052,1286.2045,1287.6685
2014-08-04T18:00:00+01:00,1287.6435,1289.043,1287.1185,1288.305
2014-08-04T22:00:00+01:00,1288.26,1289.4685,1287.993,1289.144
2014-08-05T02:00:00+01:00,1289.134,1289.971,1287.369,1289.8775
2014-08-05T06:00:00+01:00,1289.861,1293.5415,1289.761,1292.603
2014-08-05T10:00:00+01:00,1292.619,1292.9755,1287.097,1288.921
2014-08-05T14:00:00+01:00,1288.969,1288.969,1282.605,1285.751
2014-08-05T18:00:00+01:00,1285.739,1294.071,1284.3635,1288.796
2014-08-05T22:00:00+01:00,1288.772,1289.051,1287.745,1288.7405
2014-08-06T02:00:00+01:00,1288.7345,1290.864,1288.541,1289.6405
2014-08-06T06:00:00+01:00,1289.6315,1292.484,1289.605,1290.9685
2014-08-06T10:00:00+01:00,1290.9565,1304.691,1288.14,1302.1045
2014-08-06T14:00:00+01:00,1302.1295,1309.6405,1302.059,1307.71
2014-08-06T18:00:00+01:00,1307.735,1308.9095,1305.828,1305.893
2014-08-06T22:00:00+01:00,1305.864,1308.126,1305.603,1306.861
2014-08-07T02:00:00+01:00,1306.842,1307.951,1305.942,1306.3765
2014-08-07T06:00:00+01:00,1306.369,1308.6405,1302.9565,1303.706
2014-08-07T10:00:00+01:00,1303.695,1308.4015,1302.13,1304.797
2014-08-07T14:00:00+01:00,1304.827,1313.734,1303.1035,1312.582
2014-08-07T18:00:00+01:00,1312.557,1314.6995,1310.1025,1312.575
2014-08-07T22:00:00+01:00,1313.472,1313.7865,1310.3685,1310.668
2014-08-08T02:00:00+01:00,1310.6765,1318.7465,1308.7945,1318.446
2014-08-08T06:00:00+01:00,1318.479,1322.794,1315.193,1316.688
2014-08-08T10:00:00+01:00,1316.686,1319.259,1305.8745,1309.475
2014-08-08T14:00:00+01:00,1309.486,1313.6805,1309.1755,1311.8655
2014-08-08T18:00:00+01:00,1311.8565,1312.035,1308.667,1309.584
2014-08-10T22:00:00+01:00,1309,1311.577,1307.935,1308.839
2014-08-11T02:00:00+01:00,1308.864,1309.24,1305.278,1307.532
2014-08-11T06:00:00+01:00,1307.558,1308.8235,1305.4905,1308.67
2014-08-11T10:00:00+01:00,1308.6545,1311.445,1307.4685,1308.6235
2014-08-11T14:00:00+01:00,1308.649,1309.7585,1305.9525,1307.901
2014-08-11T18:00:00+01:00,1307.8855,1309.979,1307.83,1308.462
2014-08-11T22:00:00+01:00,1308.08,1309.282,1307.4035,1307.4685
2014-08-12T02:00:00+01:00,1307.4885,1307.7815,1305.79,1306.183
2014-08-12T06:00:00+01:00,1306.17,1313.7165,1305.796,1311.418
2014-08-12T10:00:00+01:00,1311.391,1316.0455,1309.7215,1314.993
2014-08-12T14:00:00+01:00,1314.979,1317.9405,1313.6015,1313.9865
2014-08-12T18:00:00+01:00,1313.975,1314.111,1308.217,1309.403
2014-08-12T22:00:00+01:00,1308.52,1309.643,1308.35,1309.0345
2014-08-13T02:00:00+01:00,1308.9905,1309.65,1307.981,1309.239
2014-08-13T06:00:00+01:00,1309.227,1311.39,1306.24,1309.298
2014-08-13T10:00:00+01:00,1309.27,1314.667,1304.9835,1312.951
2014-08-13T14:00:00+01:00,1312.981,1315.083,1308.575,1311.152
2014-08-13T18:00:00+01:00,1311.167,1313.57,1310.9295,1312.885
2014-08-13T22:00:00+01:00,1312.225,1313.091,1311.23,1311.404
2014-08-14T02:00:00+01:00,1311.416,1314.217,1310.695,1313.768
2014-08-14T06:00:00+01:00,1313.783,1317.532,1311.67,1315.064
2014-08-14T10:00:00+01:00,1315.014,1319.6525,1308.854,1314.734
2014-08-14T14:00:00+01:00,1314.706,1315.178,1310.864,1313.364
2014-08-14T18:00:00+01:00,1313.375,1314.657,1312.679,1313.539
2014-08-14T22:00:00+01:00,1312.2465,1313.352,1311.447,1311.973
2014-08-15T02:00:00+01:00,1311.989,1312.596,1311.273,1312.132
2014-08-15T06:00:00+01:00,1312.121,1314.1685,1312.095,1313.5685
2014-08-15T10:00:00+01:00,1313.582,1315.262,1295.841,1297.29
2014-08-15T14:00:00+01:00,1297.225,1310.279,1292.6995,1303.834
2014-08-15T18:00:00+01:00,1303.802,1306.5005,1303.245,1304.779
2014-08-17T22:00:00+01:00,1303.1,1303.333,1298.5295,1299.461
2014-08-18T02:00:00+01:00,1299.4915,1302.331,1297.435,1302.104
2014-08-18T06:00:00+01:00,1302.088,1302.744,1299.889,1302.493
2014-08-18T10:00:00+01:00,1302.5015,1303.766,1296.335,1297.7285
2014-08-18T14:00:00+01:00,1297.7215,1299.901,1295.712,1298.4995
2014-08-18T18:00:00+01:00,1298.499,1300.0065,1297.0265,1298.358
2014-08-18T22:00:00+01:00,1298.332,1298.966,1297.5835,1298.311
2014-08-19T02:00:00+01:00,1298.291,1300.472,1298.182,1299.864
2014-08-19T06:00:00+01:00,1299.8785,1301.13,1298.894,1301.036
2014-08-19T10:00:00+01:00,1301.053,1302.44,1297.494,1298.375
2014-08-19T14:00:00+01:00,1298.358,1300.288,1293.9405,1295.943
2014-08-19T18:00:00+01:00,1295.926,1296.5955,1294.2,1295.766
2014-08-19T22:00:00+01:00,1295.753,1296.194,1294.2935,1296.193
2014-08-20T02:00:00+01:00,1296.182,1296.944,1294.394,1294.8235
2014-08-20T06:00:00+01:00,1294.8335,1296.586,1292.701,1294.353
2014-08-20T10:00:00+01:00,1294.35,1298.0585,1291.806,1295.438
2014-08-20T14:00:00+01:00,1295.406,1297.3665,1292.716,1293.176
2014-08-20T18:00:00+01:00,1293.153,1295.558,1287.975,1291.919
2014-08-20T22:00:00+01:00,1291.861,1291.861,1289.731,1290.073
2014-08-21T02:00:00+01:00,1290.058,1290.51,1285.09,1286.035
2014-08-21T06:00:00+01:00,1286.014,1286.49,1273.081,1280.9645
2014-08-21T10:00:00+01:00,1280.916,1283.3975,1273.763,1275.2335
2014-08-21T14:00:00+01:00,1275.202,1281.0895,1274.6915,1274.8725
2014-08-21T18:00:00+01:00,1274.867,1278.8955,1273.0395,1276.738
2014-08-21T22:00:00+01:00,1276.768,1278.3235,1276.768,1277.245
2014-08-22T02:00:00+01:00,1277.26,1279.7615,1276.538,1279.343
2014-08-22T06:00:00+01:00,1279.383,1281.9305,1279.119,1281.153
2014-08-22T10:00:00+01:00,1281.161,1283.0105,1277.611,1277.93
2014-08-22T14:00:00+01:00,1277.9405,1281.912,1274.278,1279.1095
2014-08-22T18:00:00+01:00,1279.103,1281.3705,1279.0175,1281.104
2014-08-25T02:00:00+01:00,1279.1,1279.603,1276.8615,1277.117
2014-08-25T06:00:00+01:00,1277.039,1278.275,1275.665,1276.928
2014-08-25T10:00:00+01:00,1276.927,1280.9785,1276.6395,1278.169
2014-08-25T14:00:00+01:00,1278.147,1278.903,1275.944,1278.082
2014-08-25T18:00:00+01:00,1278.063,1279.0585,1274.5105,1276.82
2014-08-25T22:00:00+01:00,1276.834,1277.826,1275.5465,1277.826
2014-08-26T02:00:00+01:00,1277.807,1283.935,1276.891,1282.39
2014-08-26T06:00:00+01:00,1282.401,1290.92,1282.087,1287.563
2014-08-26T10:00:00+01:00,1287.553,1291.06,1286.112,1288.706
2014-08-26T14:00:00+01:00,1288.6955,1289.133,1282.398,1283.904
2014-08-26T18:00:00+01:00,1283.8955,1285.141,1281.1225,1281.163
2014-08-26T22:00:00+01:00,1281.233,1282.908,1280.2245,1282.736
2014-08-27T02:00:00+01:00,1282.763,1284.7385,1282.52,1283.2615
2014-08-27T06:00:00+01:00,1283.215,1286.6735,1282.9825,1285.2465
2014-08-27T10:00:00+01:00,1285.247,1287.476,1284.365,1285.5
2014-08-27T14:00:00+01:00,1285.49,1286.273,1281.334,1282.796
2014-08-27T18:00:00+01:00,1282.789,1283.892,1281.8065,1282.615
2014-08-27T22:00:00+01:00,1282.61,1284.906,1282.391,1284.486
2014-08-28T02:00:00+01:00,1284.4725,1286.664,1284.3515,1286.04
2014-08-28T06:00:00+01:00,1286.028,1293.5465,1285.968,1289.208
2014-08-28T10:00:00+01:00,1289.223,1296.599,1287.93,1292.784
2014-08-28T14:00:00+01:00,1292.7905,1292.8205,1287.315,1289.878
2014-08-28T18:00:00+01:00,1289.889,1291.1855,1288.7945,1289.651
2014-08-28T22:00:00+01:00,1289.616,1290.9835,1289.232,1290.7115
2014-08-29T02:00:00+01:00,1290.705,1291.171,1288.151,1288.16
2014-08-29T06:00:00+01:00,1288.141,1290.7155,1283.4775,1285.686
2014-08-29T10:00:00+01:00,1285.6955,1287.139,1284.261,1287.139
2014-08-29T14:00:00+01:00,1287.117,1291.458,1285.3835,1287.5765
2014-08-29T18:00:00+01:00,1287.582,1287.929,1285.276,1287.286
2014-08-31T22:00:00+01:00,1287.413,1288.243,1285.905,1286.037
2014-09-01T02:00:00+01:00,1286.057,1287.763,1284.915,1287.057
2014-09-01T06:00:00+01:00,1287.0595,1289.999,1286.949,1289.618
2014-09-01T10:00:00+01:00,1289.644,1289.869,1286.6125,1286.953
2014-09-01T14:00:00+01:00,1286.9465,1287.576,1285.933,1287.11
2014-09-01T22:00:00+01:00,1287.516,1287.671,1286.166,1286.31
2014-09-02T02:00:00+01:00,1286.303,1286.322,1280.4,1281.64
2014-09-02T06:00:00+01:00,1281.66,1283.7195,1274.726,1276.33
2014-09-02T10:00:00+01:00,1276.315,1277.919,1265.241,1268.2365
2014-09-02T14:00:00+01:00,1268.237,1269.2215,1262.532,1264.945
2014-09-02T18:00:00+01:00,1264.956,1266.339,1263.4965,1265.452
2014-09-02T22:00:00+01:00,1265.8585,1267.0155,1264.596,1265.357
2014-09-03T02:00:00+01:00,1265.344,1267.9735,1264.9785,1267.0875
2014-09-03T06:00:00+01:00,1267.0775,1269.9365,1261.3645,1266.4165
2014-09-03T10:00:00+01:00,1266.4265,1271.641,1265.667,1266.109
2014-09-03T14:00:00+01:00,1266.106,1269.653,1264.9755,1268.7545
2014-09-03T18:00:00+01:00,1268.7415,1270.6095,1268.2545,1269.439
2014-09-03T22:00:00+01:00,1269.399,1269.885,1268.344,1269.041
2014-09-04T02:00:00+01:00,1269.065,1273.5,1269.065,1272.5815
2014-09-04T06:00:00+01:00,1272.5755,1272.8625,1269.616,1271.934
2014-09-04T10:00:00+01:00,1271.948,1275.369,1266.69,1268.67
2014-09-04T14:00:00+01:00,1268.6915,1277.4015,1266.66,1266.6735
2014-09-04T18:00:00+01:00,1266.658,1266.658,1260.68,1261.926
2014-09-04T22:00:00+01:00,1261.81,1261.939,1257.407,1261.202
2014-09-05T02:00:00+01:00,1261.217,1264.3035,1261.012,1263.3235
2014-09-05T06:00:00+01:00,1263.3165,1265.795,1262.636,1264.259
2014-09-05T10:00:00+01:00,1264.2635,1273.8495,1262.4,1268.576
2014-09-05T14:00:00+01:00,1268.5,1269.208,1264.567,1265.699
2014-09-05T18:00:00+01:00,1265.6815,1269.2015,1265.526,1268.835
2014-09-07T22:00:00+01:00,1268.84,1270.386,1266.152,1267.722
2014-09-08T02:00:00+01:00,1267.717,1271.884,1266.3525,1271.092
2014-09-08T06:00:00+01:00,1271.103,1271.811,1266.9815,1266.983
2014-09-08T10:00:00+01:00,1266.936,1267.838,1264.0235,1264.851
2014-09-08T14:00:00+01:00,1264.821,1266.154,1251.68,1252.5465
2014-09-08T18:00:00+01:00,1252.5215,1256.1905,1251.55,1255.428
2014-09-08T22:00:00+01:00,1255.453,1257.9275,1255.453,1256.447
2014-09-09T02:00:00+01:00,1256.431,1258.256,1254.036,1254.7675
2014-09-09T06:00:00+01:00,1254.7685,1257.588,1253.25,1255.2455
2014-09-09T10:00:00+01:00,1255.2545,1257.623,1254.273,1254.6415
2014-09-09T14:00:00+01:00,1254.656,1257.1045,1247.9685,1249.372
2014-09-09T18:00:00+01:00,1249.3815,1257.972,1247.644,1255.412
2014-09-09T22:00:00+01:00,1255.435,1256.083,1253.852,1255.253
2014-09-10T02:00:00+01:00,1255.241,1257.7155,1253.7305,1256.6665
2014-09-10T06:00:00+01:00,1256.674,1257.862,1252.309,1253.412
2014-09-10T10:00:00+01:00,1253.424,1254.885,1246.5605,1249.1185
2014-09-10T14:00:00+01:00,1249.125,1253.2295,1243.9105,1245.623
2014-09-10T18:00:00+01:00,1245.606,1251.0445,1244.514,1249.751
2014-09-10T22:00:00+01:00,1249.736,1250.2755,1248.7795,1248.791
2014-09-11T02:00:00+01:00,1248.781,1249.4095,1246.786,1247.204
2014-09-11T06:00:00+01:00,1247.192,1250.219,1246.5665,1248.639
2014-09-11T10:00:00+01:00,1248.6445,1248.9945,1238.43,1243.857
2014-09-11T14:00:00+01:00,1243.867,1247.049,1235.0485,1238.829
2014-09-11T18:00:00+01:00,1238.845,1242.1985,1238.0065,1240.84
2014-09-11T22:00:00+01:00,1240.26,1241.6855,1237.875,1238.829
2014-09-12T02:00:00+01:00,1238.84,1239.225,1232.32,1234.075
2014-09-12T06:00:00+01:00,1234.055,1240.0975,1233.944,1236.212
2014-09-12T10:00:00+01:00,1236.224,1239.242,1234.425,1235.75
2014-09-12T14:00:00+01:00,1235.725,1236.178,1228.143,1232.961
2014-09-12T18:00:00+01:00,1232.951,1233.144,1227.672,1229.713
2014-09-14T22:00:00+01:00,1227.85,1229.654,1225.729,1228.416
2014-09-15T02:00:00+01:00,1228.406,1235.0565,1228.2595,1233.483
2014-09-15T06:00:00+01:00,1233.465,1236.549,1232.078,1235.107
2014-09-15T10:00:00+01:00,1235.093,1238.67,1233.323,1233.997
2014-09-15T14:00:00+01:00,1233.976,1236.3635,1231.69,1234.685
2014-09-15T18:00:00+01:00,1234.708,1235.649,1233.004,1233.255
2014-09-15T22:00:00+01:00,1232.319,1233.992,1232.1995,1233.794
2014-09-16T02:00:00+01:00,1233.7715,1238.562,1233.449,1236.184
2014-09-16T06:00:00+01:00,1236.1925,1241.174,1234.8935,1239.923
2014-09-16T10:00:00+01:00,1239.917,1242.13,1234.6805,1235.406
2014-09-16T14:00:00+01:00,1235.394,1241.931,1231.8075,1237.082
2014-09-16T18:00:00+01:00,1237.075,1237.752,1235.1395,1235.68
2014-09-16T22:00:00+01:00,1235.654,1236.7345,1233.624,1236.731
2014-09-17T02:00:00+01:00,1236.72,1238.323,1235.73,1236.44
2014-09-17T06:00:00+01:00,1236.449,1239.187,1234.812,1236.416
2014-09-17T10:00:00+01:00,1236.4285,1239.3415,1234.853,1236.8485
2014-09-17T14:00:00+01:00,1236.8655,1237.6905,1233.987,1235.994
2014-09-17T18:00:00+01:00,1235.9655,1239.9885,1221.532,1223.463
2014-09-17T22:00:00+01:00,1222.4115,1223.673,1216.2045,1223.246
2014-09-18T02:00:00+01:00,1223.2375,1224.0715,1221.4885,1222.8355
2014-09-18T06:00:00+01:00,1222.834,1225.6335,1222.222,1223.134
2014-09-18T10:00:00+01:00,1223.1505,1224.831,1215.835,1220.3945
2014-09-18T14:00:00+01:00,1220.3995,1228.033,1218.7725,1226.3165
2014-09-18T18:00:00+01:00,1226.3415,1227.1215,1224.586,1225.047
2014-09-18T22:00:00+01:00,1225.33,1226.714,1223.5055,1224.286
2014-09-19T02:00:00+01:00,1224.336,1228.676,1218.3235,1221.526
2014-09-19T06:00:00+01:00,1221.516,1226.913,1218.8765,1222.955
2014-09-19T10:00:00+01:00,1222.965,1225.897,1220.99,1224.7555
2014-09-19T14:00:00+01:00,1224.7635,1224.8675,1214.2865,1217.007
2014-09-19T18:00:00+01:00,1217.0795,1217.837,1213.825,1215.726
2014-09-21T22:00:00+01:00,1215.82,1218.0235,1214.8555,1217.425
2014-09-22T02:00:00+01:00,1217.4075,1217.4075,1208.3765,1213.5
2014-09-22T06:00:00+01:00,1213.5,1216.203,1210.784,1214.904
2014-09-22T10:00:00+01:00,1214.9055,1217.331,1212.3845,1215.06
2014-09-22T14:00:00+01:00,1215.055,1220.537,1212.144,1217.152
2014-09-22T18:00:00+01:00,1217.1595,1218.227,1214.2515,1215.118
2014-09-22T22:00:00+01:00,1215.083,1216.559,1214.346,1215.688
2014-09-23T02:00:00+01:00,1215.7125,1220.194,1215.441,1219.4955
2014-09-23T06:00:00+01:00,1219.464,1227.2685,1215.63,1223.698
2014-09-23T10:00:00+01:00,1223.7075,1235.8345,1223.341,1225.91
2014-09-23T14:00:00+01:00,1225.9095,1227.817,1220.046,1221.3945
2014-09-23T18:00:00+01:00,1221.393,1224.7225,1220.7815,1223.396
2014-09-23T22:00:00+01:00,1223.479,1223.7735,1221.097,1221.511
2014-09-24T02:00:00+01:00,1221.48,1224.202,1220.4125,1223.634
2014-09-24T06:00:00+01:00,1223.6315,1225.881,1221.7815,1221.8695
2014-09-24T10:00:00+01:00,1221.8665,1226.18,1217.892,1220.8505
2014-09-24T14:00:00+01:00,1220.8385,1223.9735,1215.804,1218.015
2014-09-24T18:00:00+01:00,1218.034,1219.3005,1216.6745,1217.097
2014-09-24T22:00:00+01:00,1217.077,1217.1685,1213.294,1214.473
2014-09-25T02:00:00+01:00,1214.455,1215.637,1212.653,1213.933
2014-09-25T06:00:00+01:00,1213.9735,1215.0715,1206.998,1210.839
2014-09-25T10:00:00+01:00,1210.8375,1213.8315,1208.331,1212.0535
2014-09-25T14:00:00+01:00,1212.0785,1224.265,1208.195,1220.2705
2014-09-25T18:00:00+01:00,1220.2955,1224.591,1219.9145,1221.556
2014-09-25T22:00:00+01:00,1221.606,1224.254,1220.458,1223.416
2014-09-26T02:00:00+01:00,1223.398,1228.5105,1222.7165,1222.7235
2014-09-26T06:00:00+01:00,1222.75,1231.4325,1221.8485,1223.959
2014-09-26T10:00:00+01:00,1223.9215,1224.377,1214.669,1215.735
2014-09-26T14:00:00+01:00,1215.674,1218.4115,1212.3835,1214.834
2014-09-26T18:00:00+01:00,1214.8285,1218.478,1214.153,1218.356
2014-09-28T22:00:00+01:00,1218.84,1219.394,1215.912,1218.3165
2014-09-29T02:00:00+01:00,1218.3,1219.2455,1216.7605,1216.897
2014-09-29T06:00:00+01:00,1216.922,1221.049,1215.36,1219.652
2014-09-29T10:00:00+01:00,1219.6715,1223.402,1217.9695,1221.305
2014-09-29T14:00:00+01:00,1221.3765,1221.979,1216.1415,1217.7265
2014-09-29T18:00:00+01:00,1217.72,1218.5085,1215.028,1215.839
2014-09-29T22:00:00+01:00,1215.819,1218.2495,1215.0365,1216.64
2014-09-30T02:00:00+01:00,1216.6895,1219.021,1216.438,1217.885
2014-09-30T06:00:00+01:00,1217.8985,1218.0435,1215.8305,1217.213
2014-09-30T10:00:00+01:00,1217.185,1217.355,1204.5735,1206.3995
2014-09-30T14:00:00+01:00,1206.4045,1220.2585,1204.882,1208.7065
2014-09-30T18:00:00+01:00,1208.6945,1211.908,1207.4005,1208.273
2014-09-30T22:00:00+01:00,1208.29,1210.102,1207.0235,1207.6485
2014-10-01T02:00:00+01:00,1207.6425,1209.389,1204.718,1206.345
2014-10-01T06:00:00+01:00,1206.362,1208.458,1205.5715,1206.5675
2014-10-01T10:00:00+01:00,1206.5595,1215.8885,1205.714,1213.862
2014-10-01T14:00:00+01:00,1213.8555,1219.4845,1212.382,1216.42
2014-10-01T18:00:00+01:00,1216.4095,1217.4565,1213.3805,1213.894
2014-10-01T22:00:00+01:00,1213.864,1216.259,1212.7945,1215.903
2014-10-02T02:00:00+01:00,1215.9285,1222.59,1215.6185,1219.6625
2014-10-02T06:00:00+01:00,1219.6535,1221.605,1210.6425,1217.199
2014-10-02T10:00:00+01:00,1217.181,1217.181,1208.765,1213.234
2014-10-02T14:00:00+01:00,1213.277,1219.076,1209.925,1213.5445
2014-10-02T18:00:00+01:00,1213.4945,1215.317,1211.8795,1214.499
2014-10-02T22:00:00+01:00,1214.488,1215.48,1211.472,1211.93
2014-10-03T02:00:00+01:00,1211.9045,1213.6655,1211.0675,1212.5055
2014-10-03T06:00:00+01:00,1212.522,1212.691,1206.269,1207.7075
2014-10-03T10:00:00+01:00,1207.713,1209.5465,1198.316,1202.626
2014-10-03T14:00:00+01:00,1202.641,1203.1005,1190.129,1192.618
2014-10-03T18:00:00+01:00,1192.6425,1193.436,1190.7405,1191.224
2014-10-05T22:00:00+01:00,1191.663,1191.6785,1183.1245,1185.2805
2014-10-06T02:00:00+01:00,1185.3245,1190.326,1185.3245,1188.6455
2014-10-06T06:00:00+01:00,1188.6505,1195.4185,1187.7455,1194.51
2014-10-06T10:00:00+01:00,1194.54,1198.93,1192.867,1197.0925
2014-10-06T14:00:00+01:00,1197.1115,1209.159,1195.6115,1207.5355
2014-10-06T18:00:00+01:00,1207.5595,1208.9835,1206.1845,1207.304
2014-10-06T22:00:00+01:00,1207.274,1207.51,1205.183,1206.84
2014-10-07T02:00:00+01:00,1206.851,1207.03,1203.0515,1205.411
2014-10-07T06:00:00+01:00,1205.4095,1212.7125,1204.249,1208.9575
2014-10-07T10:00:00+01:00,1208.947,1209.53,1203.6555,1205.9595
2014-10-07T14:00:00+01:00,1205.969,1213.581,1205.9635,1211.273
2014-10-07T18:00:00+01:00,1211.2935,1212.9335,1208.827,1209.062
2014-10-07T22:00:00+01:00,1209.525,1211.9175,1208.6245,1211.616
2014-10-08T02:00:00+01:00,1211.6155,1214.535,1211.1035,1211.445
2014-10-08T06:00:00+01:00,1211.508,1218.5005,1211.1815,1218.376
2014-10-08T10:00:00+01:00,1218.386,1220.735,1215.8015,1216.995
2014-10-08T14:00:00+01:00,1217,1219.788,1205.0485,1207.333
2014-10-08T18:00:00+01:00,1207.3195,1224.226,1205.1955,1221.151
2014-10-08T22:00:00+01:00,1221.101,1224.091,1219.109,1222.03
2014-10-09T02:00:00+01:00,1222.0015,1226.2185,1221.055,1225.568
2014-10-09T06:00:00+01:00,1225.5775,1230.0695,1224.0615,1226.4965
2014-10-09T10:00:00+01:00,1226.472,1233.4725,1225.2685,1227.925
2014-10-09T14:00:00+01:00,1228.017,1230.032,1222.114,1224.043
2014-10-09T18:00:00+01:00,1224.033,1226.3605,1223.1425,1224.453
2014-10-09T22:00:00+01:00,1224.483,1225.0995,1223.307,1223.8445
2014-10-10T02:00:00+01:00,1223.815,1224.833,1220.8235,1222.008
2014-10-10T06:00:00+01:00,1221.9625,1224.049,1217.4615,1222.1685
2014-10-10T10:00:00+01:00,1222.183,1225.56,1221.2215,1221.4725
2014-10-10T14:00:00+01:00,1221.4895,1224.931,1219.109,1222.1615
2014-10-10T18:00:00+01:00,1222.17,1224.424,1221.2755,1223.13
2014-10-12T22:00:00+01:00,1223.84,1232.348,1223.445,1230.258
2014-10-13T02:00:00+01:00,1230.319,1235.0295,1229.411,1232.3455
2014-10-13T06:00:00+01:00,1232.3705,1237.8775,1228.123,1228.574
2014-10-13T10:00:00+01:00,1228.6025,1229.586,1225.14,1228.5655
2014-10-13T14:00:00+01:00,1228.572,1232.501,1226.7155,1228.4045
2014-10-13T18:00:00+01:00,1228.4155,1228.4155,1228.3255,1228.369
2014-10-13T22:00:00+01:00,1237.125,1237.2255,1234.317,1236.789
2014-10-14T02:00:00+01:00,1236.779,1236.901,1233.579,1233.936
2014-10-14T06:00:00+01:00,1233.9355,1235.507,1232.2945,1232.774
2014-10-14T10:00:00+01:00,1232.7685,1238.323,1232.4565,1234.649
2014-10-14T14:00:00+01:00,1234.646,1235.8815,1231.04,1234.3135
2014-10-14T18:00:00+01:00,1234.337,1234.7925,1231.6485,1232.783
2014-10-14T22:00:00+01:00,1232.753,1232.974,1227.459,1227.706
2014-10-15T02:00:00+01:00,1227.7315,1228.5545,1223.93,1227.2715
2014-10-15T06:00:00+01:00,1227.255,1227.573,1221.9655,1224.3385
2014-10-15T10:00:00+01:00,1224.358,1239.2265,1221.9415,1236.3055
2014-10-15T14:00:00+01:00,1236.288,1249.833,1234.307,1244.049
2014-10-15T18:00:00+01:00,1244.098,1246.8415,1237.61,1242.005
2014-10-15T22:00:00+01:00,1241.955,1242.972,1238.4095,1242.3835
2014-10-16T02:00:00+01:00,1242.376,1245.3085,1237.4585,1240.382
2014-10-16T06:00:00+01:00,1240.395,1242.0165,1237.905,1239.651
2014-10-16T10:00:00+01:00,1239.5645,1244.3435,1236.0825,1237.974
2014-10-16T14:00:00+01:00,1237.9595,1244.442,1235.4405,1243.026
2014-10-16T18:00:00+01:00,1242.999,1243.0595,1237.8765,1238.821
2014-10-16T22:00:00+01:00,1238.785,1239.769,1237.043,1238.26
2014-10-17T02:00:00+01:00,1238.3455,1239.5415,1237.016,1238.36
2014-10-17T06:00:00+01:00,1238.375,1241.7995,1237.281,1239.238
2014-10-17T10:00:00+01:00,1239.2755,1240.6545,1235.377,1238.221
2014-10-17T14:00:00+01:00,1238.231,1240.047,1231.793,1239.2565
2014-10-17T18:00:00+01:00,1239.27,1239.889,1237.721,1238.275
2014-10-19T22:00:00+01:00,1238.96,1240.613,1234.7185,1235.5665
2014-10-20T02:00:00+01:00,1235.5605,1237.37,1235.186,1236.185
2014-10-20T06:00:00+01:00,1236.1865,1243.4185,1236.1765,1241.9
2014-10-20T10:00:00+01:00,1241.903,1248.8495,1240.4895,1244.9565
2014-10-20T14:00:00+01:00,1244.953,1246.8175,1243.5135,1244.9715
2014-10-20T18:00:00+01:00,1244.968,1247.773,1244.3045,1246.897
2014-10-20T22:00:00+01:00,1246.48,1247.453,1245.442,1246.094
2014-10-21T02:00:00+01:00,1246.089,1250.4515,1245.7135,1249.48
2014-10-21T06:00:00+01:00,1249.515,1253.8635,1248.215,1251.429
2014-10-21T10:00:00+01:00,1251.419,1255.3375,1246.6115,1252.1185
2014-10-21T14:00:00+01:00,1252.105,1253.7885,1249.7835,1251.8195
2014-10-21T18:00:00+01:00,1251.82,1251.9195,1247.4285,1248.689
2014-10-21T22:00:00+01:00,1248.658,1249.874,1247.471,1247.6405
2014-10-22T02:00:00+01:00,1247.6145,1249.31,1247.2165,1248.277
2014-10-22T06:00:00+01:00,1248.275,1249.4815,1246.1745,1247.179
2014-10-22T10:00:00+01:00,1247.154,1249.358,1241.4885,1242.4205
2014-10-22T14:00:00+01:00,1242.3625,1246.4315,1241.673,1244.8345
2014-10-22T18:00:00+01:00,1244.8295,1246.0375,1240.5855,1241.239
2014-10-22T22:00:00+01:00,1241.964,1242.9855,1241.315,1241.8395
2014-10-23T02:00:00+01:00,1241.874,1243.9105,1241.47,1243.3065
2014-10-23T06:00:00+01:00,1243.3695,1244.7145,1238.741,1240.4365
2014-10-23T10:00:00+01:00,1240.385,1240.625,1232.354,1234.79
2014-10-23T14:00:00+01:00,1234.815,1236.222,1226.4315,1228.5965
2014-10-23T18:00:00+01:00,1228.609,1233.7425,1228.209,1231.735
2014-10-23T22:00:00+01:00,1233.875,1233.905,1230.3095,1230.8295
2014-10-24T02:00:00+01:00,1230.8595,1230.9465,1229.0995,1230.1105
2014-10-24T06:00:00+01:00,1230.0985,1234.3495,1229.9045,1232.3925
2014-10-24T10:00:00+01:00,1232.4095,1234.3885,1230.8185,1232.64
2014-10-24T14:00:00+01:00,1232.637,1234.108,1228.8055,1231.2555
2014-10-24T18:00:00+01:00,1231.269,1232.015,1230.36,1231.01
2014-10-26T21:00:00+00:00,1230.658,1230.9,1227.5035,1230.595
2014-10-27T01:00:00+00:00,1230.5875,1232.1235,1230.3855,1230.864
2014-10-27T05:00:00+00:00,1230.81,1231.633,1228.6385,1229.6365
2014-10-27T09:00:00+00:00,1229.64,1231.877,1229.5265,1231.386
2014-10-27T13:00:00+00:00,1231.3715,1231.6715,1227.788,1229.5565
2014-10-27T17:00:00+00:00,1229.4665,1230.21,1225.5245,1226.7365
2014-10-27T21:00:00+00:00,1226.597,1226.9285,1222.6,1226.047
2014-10-28T01:00:00+00:00,1226.071,1232.3505,1226.017,1227.7745
2014-10-28T05:00:00+00:00,1227.75,1230.92,1227.3915,1229.044
2014-10-28T09:00:00+00:00,1229.045,1235.712,1226.5365,1232.765
2014-10-28T13:00:00+00:00,1232.774,1235.152,1227.9365,1228.709
2014-10-28T17:00:00+00:00,1228.7065,1230.0265,1227.756,1228.568
2014-10-28T21:00:00+00:00,1228.525,1229.7605,1227.7295,1229.1255
2014-10-29T01:00:00+00:00,1229.1005,1230.481,1228.288,1230.02
2014-10-29T05:00:00+00:00,1230.0155,1230.6665,1228.826,1229.0205
2014-10-29T09:00:00+00:00,1229.005,1229.3385,1221.2005,1222.265
2014-10-29T13:00:00+00:00,1222.2415,1226.707,1221.633,1224.1365
2014-10-29T17:00:00+00:00,1224.141,1225.858,1208.3825,1212.134
2014-10-29T21:00:00+00:00,1212.163,1216.8185,1210.8055,1213.825
2014-10-30T01:00:00+00:00,1213.815,1215.745,1212.608,1212.8795
2014-10-30T05:00:00+00:00,1212.8955,1212.8955,1201.5435,1204.234
2014-10-30T09:00:00+00:00,1204.2285,1206.765,1199.881,1205.632
2014-10-30T13:00:00+00:00,1205.6175,1207.8145,1196.043,1200.3065
2014-10-30T17:00:00+00:00,1200.314,1203.2545,1197.4955,1198.815
2014-10-30T21:00:00+00:00,1199.75,1201.166,1199.55,1200.875
2014-10-31T01:00:00+00:00,1200.864,1202.826,1194.172,1195.0805
2014-10-31T05:00:00+00:00,1195.0785,1195.47,1167.46,1176.5365
2014-10-31T09:00:00+00:00,1176.517,1176.9755,1162.785,1164.833
2014-10-31T13:00:00+00:00,1164.84,1169.486,1161.245,1168.8665
2014-10-31T17:00:00+00:00,1168.8715,1174.508,1168.6215,1172.831
2014-11-02T22:00:00+00:00,1170.69,1170.876,1161.7495,1167.1335
2014-11-03T02:00:00+00:00,1167.12,1171.3615,1166.532,1169.039
2014-11-03T06:00:00+00:00,1169.0415,1172.939,1167.845,1170.379
2014-11-03T10:00:00+00:00,1170.3865,1173.9055,1168.2035,1171.085
2014-11-03T14:00:00+00:00,1171.074,1172.322,1166.844,1171.9955
2014-11-03T18:00:00+00:00,1172.0115,1172.0425,1165.3415,1166.883
2014-11-03T22:00:00+00:00,1165.59,1169.081,1164.0045,1166.1255
2014-11-04T02:00:00+00:00,1166.12,1168.3555,1164.805,1166.968
2014-11-04T06:00:00+00:00,1166.991,1168.2735,1164.2435,1167.7
2014-11-04T10:00:00+00:00,1167.69,1174.8715,1166.365,1169.3555
2014-11-04T14:00:00+00:00,1169.3745,1172.4995,1165.956,1169.2455
2014-11-04T18:00:00+00:00,1169.2845,1169.8865,1166.2675,1168.397
2014-11-04T22:00:00+00:00,1168.65,1169.8165,1166.976,1167.349
2014-11-05T02:00:00+00:00,1167.3505,1167.872,1151.574,1154.875
2014-11-05T06:00:00+00:00,1154.996,1155.081,1143.575,1146.1185
2014-11-05T10:00:00+00:00,1146.131,1147.345,1137.884,1145.1305
2014-11-05T14:00:00+00:00,1145.1425,1153.064,1142.2255,1147.493
2014-11-05T18:00:00+00:00,1147.4845,1147.804,1139.602,1140.56
2014-11-05T22:00:00+00:00,1140.6,1145.1335,1140.6,1144.049
2014-11-06T02:00:00+00:00,1144.045,1147.1345,1138.2445,1145.04
2014-11-06T06:00:00+00:00,1145.03,1146.9125,1143.621,1144.3295
2014-11-06T10:00:00+00:00,1144.325,1149.248,1141.363,1143.7235
2014-11-06T14:00:00+00:00,1143.725,1149.7,1142.01,1144.251
2014-11-06T18:00:00+00:00,1144.2465,1146.1355,1140.9935,1141.87
2014-11-06T22:00:00+00:00,1141.893,1142.951,1139.059,1140.92
2014-11-07T02:00:00+00:00,1140.905,1142.2,1131.8595,1133.2355
2014-11-07T06:00:00+00:00,1133.2135,1146.737,1133.094,1143.728
2014-11-07T10:00:00+00:00,1143.7205,1158.941,1143.132,1148.7315
2014-11-07T14:00:00+00:00,1148.731,1172.0565,1148.596,1168.2235
2014-11-07T18:00:00+00:00,1168.2335,1178.865,1168.2235,1178.065
2014-11-09T22:00:00+00:00,1177.93,1177.9645,1168.5305,1172.97
2014-11-10T02:00:00+00:00,1173.01,1175.192,1171.9185,1172.605
2014-11-10T06:00:00+00:00,1172.6495,1173.622,1170.3,1172.0735
2014-11-10T10:00:00+00:00,1172.0485,1172.3955,1165.6575,1167.8915
2014-11-10T14:00:00+00:00,1167.892,1168.1215,1156.5,1161.0115
2014-11-10T18:00:00+00:00,1160.9825,1161.3135,1147.4575,1151.432
2014-11-10T22:00:00+00:00,1152.405,1157.4265,1151.0245,1155.74
2014-11-11T02:00:00+00:00,1155.736,1156.0305,1146.2405,1151.775
2014-11-11T06:00:00+00:00,1151.7805,1154.02,1147.251,1152.1665
2014-11-11T10:00:00+00:00,1152.197,1158.549,1150.586,1155.2985
2014-11-11T14:00:00+00:00,1155.3035,1166.6245,1153.6905,1162.4155
2014-11-11T18:00:00+00:00,1162.422,1173.422,1161.613,1164.29
2014-11-11T22:00:00+00:00,1164.335,1165.3855,1160.547,1162.4855
2014-11-12T02:00:00+00:00,1162.494,1167.281,1162.4825,1167.21
2014-11-12T06:00:00+00:00,1167.198,1169.125,1162.7455,1163.602
2014-11-12T10:00:00+00:00,1163.6055,1170.211,1161.4985,1166.7545
2014-11-12T14:00:00+00:00,1166.744,1167.138,1161.9315,1163.235
2014-11-12T18:00:00+00:00,1163.255,1163.714,1157.386,1162.635
2014-11-12T22:00:00+00:00,1162.792,1162.792,1156.6545,1159.525
2014-11-13T02:00:00+00:00,1159.519,1168.1745,1158.813,1161.8925
2014-11-13T06:00:00+00:00,1161.899,1164.25,1154.0115,1160.02
2014-11-13T10:00:00+00:00,1160.006,1166.702,1160.002,1164.8245
2014-11-13T14:00:00+00:00,1164.83,1168.047,1160.779,1163.754
2014-11-13T18:00:00+00:00,1163.7535,1163.936,1157.4235,1162.452
2014-11-13T22:00:00+00:00,1162.312,1163.2155,1157.9415,1161.74
2014-11-14T02:00:00+00:00,1161.735,1161.75,1154.815,1156.717
2014-11-14T06:00:00+00:00,1156.7115,1156.7115,1149.871,1154.731
2014-11-14T10:00:00+00:00,1154.7405,1154.961,1147.0075,1150.555
2014-11-14T14:00:00+00:00,1150.521,1190.511,1148.895,1188.444
2014-11-14T18:00:00+00:00,1188.4715,1193.722,1185.343,1188.795
2014-11-16T22:00:00+00:00,1187.18,1194.335,1182.238,1188.3015
2014-11-17T02:00:00+00:00,1188.3065,1192.0365,1184.523,1190.529
2014-11-17T06:00:00+00:00,1190.551,1191.372,1184.79,1187.7305
2014-11-17T10:00:00+00:00,1187.7105,1192.9165,1184.868,1186.2085
2014-11-17T14:00:00+00:00,1186.208,1188.8955,1181.6095,1183.656
2014-11-17T18:00:00+00:00,1183.6725,1188.1875,1182.723,1186.62
2014-11-17T22:00:00+00:00,1186.88,1187.535,1183.4905,1185.523
2014-11-18T02:00:00+00:00,1185.518,1189.324,1185.3465,1188.3605
2014-11-18T06:00:00+00:00,1188.388,1198.914,1187.0805,1198.643
2014-11-18T10:00:00+00:00,1198.6355,1204.771,1195.035,1198.272
2014-11-18T14:00:00+00:00,1198.2735,1198.415,1191.992,1195.234
2014-11-18T18:00:00+00:00,1195.2435,1198.225,1193.576,1197.065
2014-11-18T22:00:00+00:00,1197.11,1197.2105,1192.3475,1193.88
2014-11-19T02:00:00+00:00,1193.86,1195.0505,1191.668,1194.793
2014-11-19T06:00:00+00:00,1194.788,1201.285,1192.6345,1197.868
2014-11-19T10:00:00+00:00,1197.8645,1202.2775,1193.4955,1198.5185
2014-11-19T14:00:00+00:00,1198.5345,1200.475,1175.261,1195.592
2014-11-19T18:00:00+00:00,1195.6215,1199.115,1181.149,1182.75
2014-11-19T22:00:00+00:00,1183.335,1184.922,1176.929,1180.47
2014-11-20T02:00:00+00:00,1180.47,1183.9075,1178.0145,1181.28
2014-11-20T06:00:00+00:00,1181.29,1192.1275,1180.88,1190.86
2014-11-20T10:00:00+00:00,1190.8835,1197.229,1186.527,1191.253
2014-11-20T14:00:00+00:00,1191.244,1196.37,1187.2315,1191.4535
2014-11-20T18:00:00+00:00,1191.4785,1196.812,1191.226,1193.78
2014-11-20T22:00:00+00:00,1193.83,1195.106,1191.9565,1194.095
2014-11-21T02:00:00+00:00,1194.1105,1194.909,1191.3035,1192.3045
2014-11-21T06:00:00+00:00,1192.297,1199.595,1186.896,1191.3805
2014-11-21T10:00:00+00:00,1191.371,1207.979,1188.9105,1203.042
2014-11-21T14:00:00+00:00,1203.067,1206.617,1191.426,1195.9685
2014-11-21T18:00:00+00:00,1195.9375,1201.962,1194.696,1201.504
2014-11-23T22:00:00+00:00,1200.7405,1204.357,1199.16,1201.729
2014-11-24T02:00:00+00:00,1201.7445,1202.5585,1198.8585,1200.014
2014-11-24T06:00:00+00:00,1199.9895,1203.771,1194.14,1196.08
2014-11-24T10:00:00+00:00,1196.066,1199.2785,1192.926,1197.81
2014-11-24T14:00:00+00:00,1197.8125,1200.477,1194.5655,1197.1065
2014-11-24T18:00:00+00:00,1197.0855,1199.4715,1196.198,1197.06
2014-11-24T22:00:00+00:00,1197.138,1199.098,1196.9275,1198.6545
2014-11-25T02:00:00+00:00,1198.671,1200.8565,1195.863,1197.5585
2014-11-25T06:00:00+00:00,1197.551,1202.3665,1196.9935,1200.1625
2014-11-25T10:00:00+00:00,1200.1605,1203.053,1191.0665,1193.51
2014-11-25T14:00:00+00:00,1193.4645,1201.525,1190.5115,1196.32
2014-11-25T18:00:00+00:00,1196.342,1202.103,1196.2985,1200.935
2014-11-25T22:00:00+00:00,1200.895,1201.952,1198.637,1199.367
2014-11-26T02:00:00+00:00,1199.3675,1200.111,1198.4095,1199.957
2014-11-26T06:00:00+00:00,1199.946,1201.035,1195.6995,1196.356
2014-11-26T10:00:00+00:00,1196.37,1199.64,1195.0295,1197.2765
2014-11-26T14:00:00+00:00,1197.3015,1200.1015,1196.563,1198.407
2014-11-26T18:00:00+00:00,1198.428,1199.1365,1197.006,1197.944
2014-11-26T22:00:00+00:00,1198.285,1199.7485,1196.42,1198.0155
2014-11-27T02:00:00+00:00,1198.016,1198.147,1185.775,1193.961
2014-11-27T06:00:00+00:00,1193.949,1198.939,1192.4235,1195.151
2014-11-27T10:00:00+00:00,1195.129,1197.796,1194.059,1196.5475
2014-11-27T14:00:00+00:00,1196.584,1197.0295,1188.545,1190.9615
2014-11-27T18:00:00+00:00,1190.98,1190.98,1190.98,1190.98
2014-11-27T22:00:00+00:00,1190.945,1191.1415,1184.358,1186.872
2014-11-28T02:00:00+00:00,1186.848,1187.0425,1181.85,1185.2455
2014-11-28T06:00:00+00:00,1185.239,1188.5965,1183.046,1185.018
2014-11-28T10:00:00+00:00,1185.0205,1189.434,1179.4025,1180.2505
2014-11-28T14:00:00+00:00,1180.1105,1184.3415,1165.351,1166.7145
2014-11-28T18:00:00+00:00,1166.7645,1169.5845,1166.436,1167.15
2014-11-30T22:00:00+00:00,1151.3,1154.8005,1142.909,1152.2915
2014-12-01T02:00:00+00:00,1152.195,1153.137,1150.855,1152.32
2014-12-01T06:00:00+00:00,1152.312,1184.233,1151.4955,1176.2585
2014-12-01T10:00:00+00:00,1176.2925,1185.2645,1169.519,1180.577
2014-12-01T14:00:00+00:00,1180.631,1219.42,1180.5135,1215.5545
2014-12-01T18:00:00+00:00,1215.53,1221.231,1210.661,1212.065
2014-12-01T22:00:00+00:00,1212.01,1213.3965,1203.405,1206.271
2014-12-02T02:00:00+00:00,1206.295,1207.6185,1203.6695,1207.6185
2014-12-02T06:00:00+00:00,1207.6235,1210.785,1192.595,1196.504
2014-12-02T10:00:00+00:00,1196.4825,1203.218,1192.0645,1201.491
2014-12-02T14:00:00+00:00,1201.4845,1203.939,1193.934,1199.2115
2014-12-02T18:00:00+00:00,1199.191,1200.3855,1196.319,1198.34
2014-12-02T22:00:00+00:00,1198.414,1201.0825,1194.5215,1200.655
2014-12-03T02:00:00+00:00,1200.661,1201.98,1198.2125,1201.078
2014-12-03T06:00:00+00:00,1201.098,1208.4805,1200.091,1204.7575
2014-12-03T10:00:00+00:00,1204.7625,1207.636,1199.6735,1203.42
2014-12-03T14:00:00+00:00,1203.4335,1215.1625,1202.164,1210.495
2014-12-03T18:00:00+00:00,1210.4945,1211.4645,1207.504,1209.463
2014-12-03T22:00:00+00:00,1209.477,1209.755,1206.879,1208.381
2014-12-04T02:00:00+00:00,1208.3855,1208.7655,1204.723,1206.403
2014-12-04T06:00:00+00:00,1206.3945,1207.961,1202.6495,1205.0295
2014-12-04T10:00:00+00:00,1205.018,1213.4585,1201.4545,1210.492
2014-12-04T14:00:00+00:00,1210.51,1212.095,1203.0175,1206.943
2014-12-04T18:00:00+00:00,1206.959,1208.583,1204.883,1205.3595
2014-12-04T22:00:00+00:00,1205.3455,1206.2705,1203.4835,1204.0535
2014-12-05T02:00:00+00:00,1204.079,1205.4365,1201.82,1204.4135
2014-12-05T06:00:00+00:00,1204.4185,1206.725,1202.3605,1203.83
2014-12-05T10:00:00+00:00,1203.7955,1207.6355,1186.4435,1193.1535
2014-12-05T14:00:00+00:00,1193.1735,1200.613,1189.146,1189.929
2014-12-05T18:00:00+00:00,1189.9295,1193.1615,1189.222,1192.27
2014-12-07T22:00:00+00:00,1190.705,1194.8045,1187.267,1193.999
2014-12-08T02:00:00+00:00,1194.005,1194.7235,1191.7985,1193.967
2014-12-08T06:00:00+00:00,1193.9665,1198.2935,1192.5575,1196.16
2014-12-08T10:00:00+00:00,1196.162,1196.529,1192.6825,1194.5785
2014-12-08T14:00:00+00:00,1194.584,1198.264,1191.427,1193.3875
2014-12-08T18:00:00+00:00,1193.4025,1209.016,1193.383,1203.51
2014-12-08T22:00:00+00:00,1203.451,1204.01,1199.4465,1201.24
2014-12-09T02:00:00+00:00,1201.2315,1203.4455,1199.7515,1201.684
2014-12-09T06:00:00+00:00,1201.677,1207.9325,1200.9685,1205.2175
2014-12-09T10:00:00+00:00,1205.233,1221.04,1204.1695,1217.394
2014-12-09T14:00:00+00:00,1217.409,1238.3585,1216.6535,1228.956
2014-12-09T18:00:00+00:00,1228.9285,1233.602,1227.664,1231.033
2014-12-09T22:00:00+00:00,1231.11,1232.0355,1227.07,1227.6635
2014-12-10T02:00:00+00:00,1227.696,1234.995,1227.266,1234.384
2014-12-10T06:00:00+00:00,1234.375,1238.3265,1228.7775,1228.928
2014-12-10T10:00:00+00:00,1228.8845,1234.7985,1225.024,1228.5955
2014-12-10T14:00:00+00:00,1228.623,1233.06,1225.376,1229.4335
2014-12-10T18:00:00+00:00,1229.459,1232.086,1224.792,1226.415
2014-12-10T22:00:00+00:00,1226.36,1232.831,1225.3695,1227.7995
2014-12-11T02:00:00+00:00,1227.779,1230.0085,1222.727,1223.485
2014-12-11T06:00:00+00:00,1223.5,1225.504,1217.86,1219.8275
2014-12-11T10:00:00+00:00,1219.8205,1224.665,1216.744,1217.039
2014-12-11T14:00:00+00:00,1217.1365,1232.0425,1215.98,1226.528
2014-12-11T18:00:00+00:00,1226.5625,1229.9135,1223.2455,1227.4905
2014-12-11T22:00:00+00:00,1227.5105,1228.3725,1223.7725,1224.455
2014-12-12T02:00:00+00:00,1224.45,1226.702,1217.5465,1221.27
2014-12-12T06:00:00+00:00,1221.26,1227.462,1219.352,1225.555
2014-12-12T10:00:00+00:00,1225.526,1226.508,1221.085,1222.454
2014-12-12T14:00:00+00:00,1222.4535,1226.06,1214.5395,1223.597
2014-12-12T18:00:00+00:00,1223.6445,1224.0635,1221.024,1222.569
2014-12-14T22:00:00+00:00,1222.11,1224.3695,1213.5195,1216.846
2014-12-15T02:00:00+00:00,1216.765,1218.1175,1216.0015,1217.536
2014-12-15T06:00:00+00:00,1217.533,1220.795,1210.466,1211.575
2014-12-15T10:00:00+00:00,1211.563,1213.5315,1206.185,1210.406
2014-12-15T14:00:00+00:00,1210.4995,1217.314,1204.747,1207.6945
2014-12-15T18:00:00+00:00,1207.6595,1208.647,1190.7245,1193.2325
2014-12-15T22:00:00+00:00,1193.205,1199.3875,1193.0995,1197.41
2014-12-16T02:00:00+00:00,1197.465,1199.39,1193.627,1197.548
2014-12-16T06:00:00+00:00,1197.6725,1203.054,1194.804,1201.545
2014-12-16T10:00:00+00:00,1201.562,1223.583,1197.8625,1211.535
2014-12-16T14:00:00+00:00,1211.5555,1212.788,1187.645,1197.9435
2014-12-16T18:00:00+00:00,1197.949,1197.9955,1193.0095,1196.974
2014-12-16T22:00:00+00:00,1196.952,1199.545,1195.3255,1197.435
2014-12-17T02:00:00+00:00,1197.4485,1199.065,1196.0135,1198.795
2014-12-17T06:00:00+00:00,1198.779,1201.83,1194.6245,1195.7905
2014-12-17T10:00:00+00:00,1195.776,1203.08,1195.546,1198.2165
2014-12-17T14:00:00+00:00,1198.2205,1199.6065,1190.841,1194.9435
2014-12-17T18:00:00+00:00,1194.925,1201.8575,1183.043,1189.6775
2014-12-17T22:00:00+00:00,1189.694,1194.482,1188.5995,1193.832
2014-12-18T02:00:00+00:00,1193.887,1200.3545,1192.89,1198.91
2014-12-18T06:00:00+00:00,1198.952,1202.0795,1197.01,1198.015
2014-12-18T10:00:00+00:00,1197.9555,1213.9795,1197.9365,1202.9655
2014-12-18T14:00:00+00:00,1202.9945,1205.5395,1192.7455,1195.07
2014-12-18T18:00:00+00:00,1195.028,1199.4065,1194.2275,1198.725
2014-12-18T22:00:00+00:00,1198.6735,1200.147,1195.7565,1199.305
2014-12-19T02:00:00+00:00,1199.295,1199.7615,1196.358,1198.9225
2014-12-19T06:00:00+00:00,1198.9025,1201.405,1193.98,1198.8955
2014-12-19T10:00:00+00:00,1198.9055,1200.4965,1194.6565,1198.365
2014-12-19T14:00:00+00:00,1198.27,1199.245,1195.292,1196.7165
2014-12-19T18:00:00+00:00,1196.71,1197.343,1193.7895,1195.655
2014-12-21T22:00:00+00:00,1195.745,1197.9385,1193.881,1197.3
2014-12-22T02:00:00+00:00,1197.285,1199.22,1196.65,1198.235
2014-12-22T06:00:00+00:00,1198.243,1203.4275,1196.1885,1197.0805
2014-12-22T10:00:00+00:00,1197.0415,1198.2815,1194.7855,1196.5195
2014-12-22T14:00:00+00:00,1196.525,1196.8865,1177.1055,1181
2014-12-22T18:00:00+00:00,1180.96,1181.275,1170.809,1176.42
2014-12-22T22:00:00+00:00,1176.5,1179.7405,1173.1495,1178.78
2014-12-23T02:00:00+00:00,1178.76,1183,1176.92,1178.88
2014-12-23T06:00:00+00:00,1178.907,1185.09,1177.996,1180.3865
2014-12-23T10:00:00+00:00,1180.414,1181.538,1175.6745,1178.47
2014-12-23T14:00:00+00:00,1178.5155,1179.867,1175.0935,1178.175
2014-12-23T18:00:00+00:00,1178.225,1178.515,1172.6895,1176.519
2014-12-23T22:00:00+00:00,1176.549,1178.4765,1176.14,1177.555
2014-12-24T02:00:00+00:00,1177.52,1180.179,1176.9595,1179.435
2014-12-24T06:00:00+00:00,1179.476,1181.2665,1178.2745,1179.506
2014-12-24T10:00:00+00:00,1179.586,1180.256,1174.451,1175.631
2014-12-24T14:00:00+00:00,1175.555,1175.5585,1172.9845,1174.025
2014-12-24T18:00:00+00:00,1174.075,1175.424,1173.8995,1175.144
2014-12-25T22:00:00+00:00,1176.55,1185.1855,1176.4695,1183.78
2014-12-26T02:00:00+00:00,1183.79,1186.17,1183.28,1184.9485
2014-12-26T06:00:00+00:00,1184.944,1189.19,1184.943,1187.5
2014-12-26T10:00:00+00:00,1187.5,1199.1705,1186.7235,1195.2845
2014-12-26T14:00:00+00:00,1195.284,1198.08,1192.325,1195.374
2014-12-26T18:00:00+00:00,1195.424,1197.06,1193.2495,1196.027
2014-12-28T22:00:00+00:00,1194.405,1196.8625,1192.5195,1195.9235
2014-12-29T02:00:00+00:00,1195.913,1197.5645,1194.4335,1195.506
2014-12-29T06:00:00+00:00,1195.512,1196.617,1193.008,1193.391
2014-12-29T10:00:00+00:00,1193.3665,1195.843,1190.709,1194.148
2014-12-29T14:00:00+00:00,1194.1575,1194.1575,1178.9345,1182.74
2014-12-29T18:00:00+00:00,1182.78,1185.0535,1180.7785,1183.293
2014-12-29T22:00:00+00:00,1182.36,1187.5355,1180.8725,1186.85
2014-12-30T02:00:00+00:00,1186.76,1189.802,1185.775,1188.835
2014-12-30T06:00:00+00:00,1188.816,1190.964,1187.151,1187.78
2014-12-30T10:00:00+00:00,1187.825,1202.62,1182.6035,1198.3
2014-12-30T14:00:00+00:00,1198.27,1210.638,1195.8545,1203.5995
2014-12-30T18:00:00+00:00,1203.5895,1204.2375,1197.563,1200.546
2014-12-30T22:00:00+00:00,1199.84,1203.9405,1199.462,1203.365
2014-12-31T02:00:00+00:00,1203.39,1203.7765,1200.24,1200.885
2014-12-31T06:00:00+00:00,1200.88,1201.119,1196.601,1197.957
2014-12-31T10:00:00+00:00,1197.944,1200.1305,1194.6375,1196.6095
2014-12-31T14:00:00+00:00,1196.5295,1197.502,1182.945,1187.88
2014-12-31T18:00:00+00:00,1187.83,1187.98,1179.779,1184.185
2015-01-01T22:00:00+00:00,1184.595,1188.4515,1183.78,1185.135
2015-01-02T02:00:00+00:00,1185.155,1187.54,1184.4195,1186.085
2015-01-02T06:00:00+00:00,1186.03,1188.1215,1184.845,1186.406
2015-01-02T10:00:00+00:00,1186.485,1186.951,1167.6695,1174.331
2015-01-02T14:00:00+00:00,1174.3615,1195.1345,1169.331,1187.5815
2015-01-02T18:00:00+00:00,1187.599,1189.388,1182.347,1188.726
2015-01-04T22:00:00+00:00,1188.505,1193.095,1178.201,1191.58
2015-01-05T02:00:00+00:00,1191.59,1197.9315,1190.1985,1196.6245
2015-01-05T06:00:00+00:00,1196.6775,1197.9335,1193.2075,1194.561
2015-01-05T10:00:00+00:00,1194.567,1198.996,1186.8725,1194.3885
2015-01-05T14:00:00+00:00,1194.3945,1202.644,1193.4415,1201.0365
2015-01-05T18:00:00+00:00,1201.052,1207.558,1199.9785,1204.725
2015-01-05T22:00:00+00:00,1204.783,1204.984,1201.775,1204.275
2015-01-06T02:00:00+00:00,1204.3105,1208.2735,1204.185,1206.152
2015-01-06T06:00:00+00:00,1206.1725,1214.4275,1206.1535,1213.4485
2015-01-06T10:00:00+00:00,1213.4565,1214.0575,1208.255,1210.785
2015-01-06T14:00:00+00:00,1210.784,1223.227,1205.5555,1217.0715
2015-01-06T18:00:00+00:00,1217.0795,1220.9935,1214.5635,1218.58
2015-01-06T22:00:00+00:00,1218.534,1218.925,1215.266,1217.352
2015-01-07T02:00:00+00:00,1217.3165,1217.9,1212.14,1213.659
2015-01-07T06:00:00+00:00,1213.633,1218.08,1212.421,1217.215
2015-01-07T10:00:00+00:00,1217.194,1218.3885,1209.106,1212.497
2015-01-07T14:00:00+00:00,1212.4715,1216.5045,1210.7535,1213.564
2015-01-07T18:00:00+00:00,1213.4405,1216.7855,1209.603,1211.355
2015-01-07T22:00:00+00:00,1211.286,1214.354,1211.0405,1212.334
2015-01-08T02:00:00+00:00,1212.3285,1212.663,1204.96,1209.884
2015-01-08T06:00:00+00:00,1209.804,1210.1,1205.7215,1207.8855
2015-01-08T10:00:00+00:00,1207.877,1213.2155,1204.9,1213.0395
2015-01-08T14:00:00+00:00,1213.047,1216.5605,1210.675,1213.525
2015-01-08T18:00:00+00:00,1213.4885,1213.69,1206.4235,1208.8895
2015-01-08T22:00:00+00:00,1208.893,1212.2305,1207.469,1212.225
2015-01-09T02:00:00+00:00,1212.211,1213.267,1210.8,1212.38
2015-01-09T06:00:00+00:00,1212.3765,1214.352,1209.5425,1210.8595
2015-01-09T10:00:00+00:00,1210.8295,1218.544,1207.33,1214.47
2015-01-09T14:00:00+00:00,1214.4035,1220.99,1212.239,1218.186
2015-01-09T18:00:00+00:00,1218.174,1224.1745,1216.156,1223.36
2015-01-11T22:00:00+00:00,1223.315,1226.963,1222.473,1226.124
2015-01-12T02:00:00+00:00,1226.137,1230.5715,1224.328,1229.41
2015-01-12T06:00:00+00:00,1229.36,1231.278,1217.607,1223.6685
2015-01-12T10:00:00+00:00,1223.6515,1224.7095,1218.339,1224.097
2015-01-12T14:00:00+00:00,1224.081,1229.7645,1221.524,1228.3345
2015-01-12T18:00:00+00:00,1228.3235,1235.972,1228.261,1233.267
2015-01-12T22:00:00+00:00,1233.39,1241.485,1230.759,1236.2015
2015-01-13T02:00:00+00:00,1236.1965,1239.353,1234.5985,1235.8745
2015-01-13T06:00:00+00:00,1235.847,1244.2475,1233.6025,1239.216
2015-01-13T10:00:00+00:00,1239.213,1243.0235,1236.4535,1238.935
2015-01-13T14:00:00+00:00,1238.948,1240.8605,1231.694,1236.996
2015-01-13T18:00:00+00:00,1236.979,1237.06,1227.3695,1230.775
2015-01-13T22:00:00+00:00,1230.735,1234.67,1229.0225,1230.1905
2015-01-14T02:00:00+00:00,1230.182,1231.039,1225.187,1227.7075
2015-01-14T06:00:00+00:00,1227.708,1233.14,1225.4365,1228.025
2015-01-14T10:00:00+00:00,1228.02,1241.8585,1227.123,1239.756
2015-01-14T14:00:00+00:00,1239.7665,1244.4735,1235.247,1238.7685
2015-01-14T18:00:00+00:00,1238.7795,1239.0235,1227.8395,1228.69
2015-01-14T22:00:00+00:00,1228.72,1232.44,1227.143,1228.7825
2015-01-15T02:00:00+00:00,1228.745,1232.335,1227.994,1229.585
2015-01-15T06:00:00+00:00,1229.566,1239.8305,1226.1265,1237.52
2015-01-15T10:00:00+00:00,1237.5605,1260.9755,1228.847,1254.6645
2015-01-15T14:00:00+00:00,1254.6475,1266.884,1250.1535,1262.2845
2015-01-15T18:00:00+00:00,1262.3775,1265.619,1255.999,1262.656
2015-01-15T22:00:00+00:00,1262.666,1263.9505,1258.2235,1261.0595
2015-01-16T02:00:00+00:00,1261.15,1262.3645,1257.18,1257.28
2015-01-16T06:00:00+00:00,1257.23,1261.3895,1255.1145,1258.655
2015-01-16T10:00:00+00:00,1258.638,1269.913,1257.1765,1265.5585
2015-01-16T14:00:00+00:00,1265.6165,1282.15,1265.134,1276.5815
2015-01-16T18:00:00+00:00,1276.612,1280.6745,1273.2,1280.615
2015-01-18T22:00:00+00:00,1280.375,1281.6735,1275.55,1275.725
2015-01-19T02:00:00+00:00,1275.705,1277.917,1275.22,1277.327
2015-01-19T06:00:00+00:00,1277.3185,1278.65,1274.5895,1276.561
2015-01-19T10:00:00+00:00,1276.5615,1279.0345,1275.34,1276.764
2015-01-19T14:00:00+00:00,1276.7165,1277.6875,1272.1735,1276.934
2015-01-19T18:00:00+00:00,1276.926,1276.9275,1276.822,1276.83
2015-01-19T22:00:00+00:00,1276.4,1277.79,1274.121,1277.42
2015-01-20T02:00:00+00:00,1277.428,1278.6245,1275.341,1276.9775
2015-01-20T06:00:00+00:00,1276.978,1294.2835,1275.7,1291.055
2015-01-20T10:00:00+00:00,1291.064,1293.0585,1284.945,1285.51
2015-01-20T14:00:00+00:00,1285.5585,1297.2265,1285.0455,1294.033
2015-01-20T18:00:00+00:00,1294.063,1295.6045,1286.3685,1295.3
2015-01-20T22:00:00+00:00,1295.248,1295.2955,1290.6165,1293.7175
2015-01-21T02:00:00+00:00,1293.708,1302.92,1293.565,1300.382
2015-01-21T06:00:00+00:00,1300.3795,1303.6195,1296.731,1300.1
2015-01-21T10:00:00+00:00,1300.1125,1305.465,1296.3605,1301.809
2015-01-21T14:00:00+00:00,1301.8605,1305.193,1284.7185,1292.56
2015-01-21T18:00:00+00:00,1292.5595,1295.8545,1288.9295,1293.185
2015-01-21T22:00:00+00:00,1293.56,1293.695,1289.0605,1292.222
2015-01-22T02:00:00+00:00,1292.211,1293.87,1290.7915,1291.74
2015-01-22T06:00:00+00:00,1291.703,1292.0915,1283.493,1286.6805
2015-01-22T10:00:00+00:00,1286.673,1297.881,1279.6725,1295.59
2015-01-22T14:00:00+00:00,1295.595,1307.676,1292.75,1301.0595
2015-01-22T18:00:00+00:00,1301.0945,1306.218,1299.083,1302.235
2015-01-22T22:00:00+00:00,1302.229,1302.3105,1298.351,1300.5495
2015-01-23T02:00:00+00:00,1300.545,1300.8155,1293.785,1295.231
2015-01-23T06:00:00+00:00,1295.161,1297.535,1292.784,1294.9505
2015-01-23T10:00:00+00:00,1294.9605,1299.8185,1292.8825,1297.8985
2015-01-23T14:00:00+00:00,1297.9,1298.0965,1284.4885,1289.7975
2015-01-23T18:00:00+00:00,1289.835,1295.369,1289.3055,1294.42
2015-01-25T22:00:00+00:00,1293.39,1299.34,1290.2555,1296.297
2015-01-26T02:00:00+00:00,1296.3385,1296.684,1292.3375,1292.3965
2015-01-26T06:00:00+00:00,1292.3725,1293.974,1280.386,1283.4405
2015-01-26T10:00:00+00:00,1283.4495,1287.6235,1275.994,1286.0755
2015-01-26T14:00:00+00:00,1286.05,1287.192,1276.1195,1281.058
2015-01-26T18:00:00+00:00,1281.018,1281.744,1278.304,1281.324
2015-01-26T22:00:00+00:00,1281.346,1282.5655,1272.415,1276.3975
2015-01-27T02:00:00+00:00,1276.404,1279.972,1275.887,1278.637
2015-01-27T06:00:00+00:00,1278.6375,1284.024,1277.4935,1282.787
2015-01-27T10:00:00+00:00,1282.795,1288.585,1279.2015,1287.442
2015-01-27T14:00:00+00:00,1287.463,1297.683,1285.2305,1290.456
2015-01-27T18:00:00+00:00,1290.4515,1296.3195,1290.19,1292.244
2015-01-27T22:00:00+00:00,1292.065,1293.809,1289.805,1290.026
2015-01-28T02:00:00+00:00,1290.0155,1292.1605,1288.645,1291.6165
2015-01-28T06:00:00+00:00,1291.6115,1292.2895,1286.0765,1288.0185
2015-01-28T10:00:00+00:00,1288.014,1293.1815,1285.249,1286.9115
2015-01-28T14:00:00+00:00,1286.8825,1289.0955,1283.4235,1287.544
2015-01-28T18:00:00+00:00,1287.55,1289.5935,1279.9015,1284.595
2015-01-28T22:00:00+00:00,1284.362,1286.003,1278.705,1279.446
2015-01-29T02:00:00+00:00,1279.409,1285.2305,1278.3045,1282.803
2015-01-29T06:00:00+00:00,1282.823,1283.635,1272.009,1275.754
2015-01-29T10:00:00+00:00,1275.7545,1277.45,1263.9505,1271.731
2015-01-29T14:00:00+00:00,1271.741,1272.968,1252.246,1257.021
2015-01-29T18:00:00+00:00,1257.0515,1258.8655,1252.1905,1257.43
2015-01-29T22:00:00+00:00,1257.498,1262.071,1257.2415,1260.359
2015-01-30T02:00:00+00:00,1260.3595,1261.8085,1258.62,1260.901
2015-01-30T06:00:00+00:00,1260.926,1266.253,1259.007,1264.6995
2015-01-30T10:00:00+00:00,1264.941,1266.8045,1258.6085,1263.605
2015-01-30T14:00:00+00:00,1263.62,1278.0325,1258.917,1275.6045
2015-01-30T18:00:00+00:00,1275.605,1284.9035,1274.7785,1283.685
2015-02-01T22:00:00+00:00,1282.099,1283.476,1279.65,1279.786
2015-02-02T02:00:00+00:00,1279.81,1281.5735,1278.7315,1280.2985
2015-02-02T06:00:00+00:00,1280.2905,1280.992,1273.727,1275.027
2015-02-02T10:00:00+00:00,1275.0175,1279.0615,1270.831,1271.6435
2015-02-02T14:00:00+00:00,1271.6275,1278.8295,1266.4265,1277.885
2015-02-02T18:00:00+00:00,1277.899,1282.3915,1273.349,1274.375
2015-02-02T22:00:00+00:00,1274.353,1275.86,1272.1505,1275.4275
2015-02-03T02:00:00+00:00,1275.42,1276.465,1273.1365,1275.944
2015-02-03T06:00:00+00:00,1275.9485,1285.9595,1275.9485,1281.0365
2015-02-03T10:00:00+00:00,1281.0425,1283.413,1263.536,1265.605
2015-02-03T14:00:00+00:00,1265.643,1269.8115,1255.6395,1259.3335
2015-02-03T18:00:00+00:00,1259.324,1267.9395,1258.416,1260.34
2015-02-03T22:00:00+00:00,1260.369,1263.154,1256.806,1261.1285
2015-02-04T02:00:00+00:00,1261.134,1264.8175,1260.5505,1262.8805
2015-02-04T06:00:00+00:00,1262.8695,1267.193,1262.6365,1264.887
2015-02-04T10:00:00+00:00,1264.872,1271.6155,1263.53,1267.0965
2015-02-04T14:00:00+00:00,1267.0915,1272.4655,1259.6085,1263.021
2015-02-04T18:00:00+00:00,1263.0165,1271.998,1262.361,1269.205
2015-02-04T22:00:00+00:00,1270.375,1274.169,1269.65,1272.1185
2015-02-05T02:00:00+00:00,1272.1035,1273.677,1270.966,1272.119
2015-02-05T06:00:00+00:00,1272.144,1273.5105,1264.774,1266.545
2015-02-05T10:00:00+00:00,1266.5375,1267.9365,1258.8915,1262.54
2015-02-05T14:00:00+00:00,1262.574,1263.642,1256.3215,1262.6475
2015-02-05T18:00:00+00:00,1262.649,1268.391,1261.931,1264.743
2015-02-05T22:00:00+00:00,1265.175,1268.025,1262.4135,1265.899
2015-02-06T02:00:00+00:00,1265.888,1268.8535,1265.466,1268.6005
2015-02-06T06:00:00+00:00,1268.626,1268.7105,1265.1695,1266.7845
2015-02-06T10:00:00+00:00,1266.7855,1266.946,1245.455,1246.8505
2015-02-06T14:00:00+00:00,1246.84,1246.84,1228.4495,1232.364
2015-02-06T18:00:00+00:00,1232.3565,1237.7105,1231.83,1233.96
2015-02-08T22:00:00+00:00,1236.64,1239.35,1234.474,1238.869
2015-02-09T02:00:00+00:00,1238.857,1239.312,1236.2755,1238.433
2015-02-09T06:00:00+00:00,1238.443,1242.7415,1237.8945,1242.296
2015-02-09T10:00:00+00:00,1242.316,1243.736,1236.181,1236.4695
2015-02-09T14:00:00+00:00,1236.462,1243.2035,1236.302,1240.0695
2015-02-09T18:00:00+00:00,1240.0685,1242.4315,1238.9105,1239.03
2015-02-09T22:00:00+00:00,1238.194,1242.14,1238.16,1241.606
2015-02-10T02:00:00+00:00,1241.595,1245.2735,1240.91,1244.8315
2015-02-10T06:00:00+00:00,1244.853,1245.979,1238.7095,1239.6295
2015-02-10T10:00:00+00:00,1239.599,1240.07,1233.5975,1237.6155
2015-02-10T14:00:00+00:00,1237.688,1240.004,1232.381,1233.7035
2015-02-10T18:00:00+00:00,1233.7155,1235.4885,1231.074,1233.715
2015-02-10T22:00:00+00:00,1234.075,1237.996,1233.458,1237.467
2015-02-11T02:00:00+00:00,1237.474,1238.655,1236.1385,1238.6065
2015-02-11T06:00:00+00:00,1238.637,1238.8125,1235.4945,1237.4425
2015-02-11T10:00:00+00:00,1237.434,1238.297,1232.3115,1234.395
2015-02-11T14:00:00+00:00,1234.406,1235.4565,1221.0635,1223.244
2015-02-11T18:00:00+00:00,1223.257,1223.416,1216.785,1219.02
2015-02-11T22:00:00+00:00,1219.13,1224.186,1218.253,1222.334
2015-02-12T02:00:00+00:00,1222.365,1223.325,1219.2285,1222.364
2015-02-12T06:00:00+00:00,1222.355,1233.07,1221.7195,1225.144
2015-02-12T10:00:00+00:00,1225.15,1228.016,1221.632,1225.317
2015-02-12T14:00:00+00:00,1225.4135,1227.379,1219.8265,1220.0435
2015-02-12T18:00:00+00:00,1220.07,1223.6385,1219.7345,1222
2015-02-12T22:00:00+00:00,1221.943,1225.892,1221.943,1225.241
2015-02-13T02:00:00+00:00,1225.23,1230.756,1224.913,1229.8075
2015-02-13T06:00:00+00:00,1229.7755,1231.2705,1226.1415,1227.129
2015-02-13T10:00:00+00:00,1227.144,1231.3995,1223.2925,1228.3765
2015-02-13T14:00:00+00:00,1228.392,1235.0205,1227.1015,1230.069
2015-02-13T18:00:00+00:00,1230.06,1230.06,1226.8945,1229.8015
2015-02-15T22:00:00+00:00,1227.981,1231.6735,1227.6305,1231.148
2015-02-16T02:00:00+00:00,1231.1095,1233.8165,1231.0995,1232.053
2015-02-16T06:00:00+00:00,1232.037,1236.78,1231.697,1234.1815
2015-02-16T10:00:00+00:00,1234.181,1234.9795,1231.6875,1232.8665
2015-02-16T14:00:00+00:00,1232.876,1234.2675,1229.8835,1231.905
2015-02-16T22:00:00+00:00,1230.98,1234.0955,1230.4905,1232.063
2015-02-17T02:00:00+00:00,1232.0205,1232.3045,1226.3415,1228.361
2015-02-17T06:00:00+00:00,1228.309,1228.761,1220.6885,1222.1755
2015-02-17T10:00:00+00:00,1222.1815,1224.714,1218.956,1223.94
2015-02-17T14:00:00+00:00,1223.9405,1225.286,1203.885,1206.706
2015-02-17T18:00:00+00:00,1206.6665,1209.7405,1206.056,1209.715
2015-02-17T22:00:00+00:00,1209.717,1209.9965,1207.848,1208.327
2015-02-18T02:00:00+00:00,1208.255,1209.737,1206.4665,1209.653
2015-02-18T06:00:00+00:00,1209.6525,1211.041,1207.793,1208.309
2015-02-18T10:00:00+00:00,1208.316,1209.32,1202.705,1207.941
2015-02-18T14:00:00+00:00,1207.907,1211.545,1197.71,1200.768
2015-02-18T18:00:00+00:00,1200.7735,1213.586,1199.38,1212.417
2015-02-18T22:00:00+00:00,1212.398,1216.1005,1211.634,1215.755
2015-02-19T02:00:00+00:00,1215.795,1217.769,1214.8725,1216.774
2015-02-19T06:00:00+00:00,1216.777,1221.3,1213.8205,1218.01
2015-02-19T10:00:00+00:00,1217.9895,1223.0945,1214.136,1214.8505
2015-02-19T14:00:00+00:00,1214.78,1215.4115,1207.371,1207.8875
2015-02-19T18:00:00+00:00,1207.928,1209.725,1205.5265,1206.747
2015-02-19T22:00:00+00:00,1206.726,1209.838,1206.726,1209.56
2015-02-20T02:00:00+00:00,1209.58,1209.744,1206.039,1208.045
2015-02-20T06:00:00+00:00,1208.0695,1209.293,1201.62,1204.615
2015-02-20T10:00:00+00:00,1204.615,1215.552,1202.5605,1211.7655
2015-02-20T14:00:00+00:00,1211.8085,1212.8455,1204.741,1206.898
2015-02-20T18:00:00+00:00,1206.9235,1208.0085,1198.3075,1201.89
2015-02-22T22:00:00+00:00,1203.61,1203.7895,1200.9905,1202.649
2015-02-23T02:00:00+00:00,1202.6855,1204.93,1201.944,1203.4855
2015-02-23T06:00:00+00:00,1203.492,1204.036,1190.864,1192.615
2015-02-23T10:00:00+00:00,1192.565,1203.1485,1192.215,1199.87
2015-02-23T14:00:00+00:00,1199.82,1210.4405,1197.636,1200.105
2015-02-23T18:00:00+00:00,1200.055,1203.3265,1199.1545,1201.787
2015-02-23T22:00:00+00:00,1201.76,1204.644,1201.484,1203.022
2015-02-24T02:00:00+00:00,1203.0445,1204.0765,1200.9035,1201.1795
2015-02-24T06:00:00+00:00,1201.201,1201.776,1194.6715,1195.1435
2015-02-24T10:00:00+00:00,1195.095,1201.86,1194.8695,1197.524
2015-02-24T14:00:00+00:00,1197.5185,1203.2465,1190.5785,1196.565
2015-02-24T18:00:00+00:00,1196.591,1201.198,1196.1875,1200.425
2015-02-24T22:00:00+00:00,1200.341,1210.3595,1200.331,1210.123
2015-02-25T02:00:00+00:00,1210.1425,1210.242,1207.7745,1209.665
2015-02-25T06:00:00+00:00,1209.655,1211.927,1207.937,1208.2225
2015-02-25T10:00:00+00:00,1208.2075,1211.2175,1205.772,1207
2015-02-25T14:00:00+00:00,1206.9995,1207.329,1202.9265,1203.435
2015-02-25T18:00:00+00:00,1203.4,1205.3705,1201.215,1204.965
2015-02-25T22:00:00+00:00,1204.976,1207.578,1203.6865,1207.1425
2015-02-26T02:00:00+00:00,1207.133,1210.497,1206.901,1210.3865
2015-02-26T06:00:00+00:00,1210.327,1219.7505,1209.7495,1219.269
2015-02-26T10:00:00+00:00,1219.309,1220.099,1214.048,1214.919
2015-02-26T14:00:00+00:00,1214.828,1214.865,1206.7785,1209.9935
2015-02-26T18:00:00+00:00,1209.999,1210.672,1206.661,1209.385
2015-02-26T22:00:00+00:00,1209.442,1211.72,1208.0465,1210.119
2015-02-27T02:00:00+00:00,1210.1285,1211.11,1208.6115,1210.083
2015-02-27T06:00:00+00:00,1210.179,1212.438,1204.68,1206.79
2015-02-27T10:00:00+00:00,1206.7905,1210.9155,1204.555,1208.903
2015-02-27T14:00:00+00:00,1208.8755,1219.454,1208.492,1213.8085
2015-02-27T18:00:00+00:00,1213.828,1214.51,1210.885,1213.255
2015-03-01T22:00:00+00:00,1213.91,1221.018,1212.684,1220.445
2015-03-02T02:00:00+00:00,1220.455,1223.315,1220.2295,1222.1095
2015-03-02T06:00:00+00:00,1222.1015,1223.339,1214.7895,1215.417
2015-03-02T10:00:00+00:00,1215.416,1219.9355,1212.9855,1215.238
2015-03-02T14:00:00+00:00,1215.236,1216.2835,1207.08,1207.915
2015-03-02T18:00:00+00:00,1207.8755,1209.357,1204.758,1206.82
2015-03-02T22:00:00+00:00,1206.2455,1210.0795,1203.5335,1204.9105
2015-03-03T02:00:00+00:00,1204.9155,1211.094,1195.539,1210.2475
2015-03-03T06:00:00+00:00,1210.241,1211.615,1207.4505,1208.74
2015-03-03T10:00:00+00:00,1208.7545,1211.387,1205.425,1206.2475
2015-03-03T14:00:00+00:00,1206.249,1214.919,1201.772,1204.856
2015-03-03T18:00:00+00:00,1204.8785,1206.2555,1201.8465,1203.725
2015-03-03T22:00:00+00:00,1204.26,1207.1825,1203.7,1206.6425
2015-03-04T02:00:00+00:00,1206.623,1209.087,1205.649,1208.343
2015-03-04T06:00:00+00:00,1208.3495,1208.84,1202.426,1202.477
2015-03-04T10:00:00+00:00,1202.443,1207.4025,1201.9645,1205.515
2015-03-04T14:00:00+00:00,1205.513,1206.2305,1198.3855,1201.2185
2015-03-04T18:00:00+00:00,1201.2275,1202.095,1198.8825,1200.335
2015-03-04T22:00:00+00:00,1200.685,1204.6645,1200.469,1203.995
2015-03-05T02:00:00+00:00,1204.0075,1206.1105,1203.4495,1204.1605
2015-03-05T06:00:00+00:00,1204.186,1204.5695,1199.4385,1200.02
2015-03-05T10:00:00+00:00,1200.014,1204.9195,1197.9645,1202.3775
2015-03-05T14:00:00+00:00,1202.386,1209.5355,1199.21,1199.265
2015-03-05T18:00:00+00:00,1199.2225,1201.008,1196.6085,1198.405
2015-03-05T22:00:00+00:00,1198.14,1200.512,1197.287,1198.669
2015-03-06T02:00:00+00:00,1198.7565,1200.795,1197.82,1198.85
2015-03-06T06:00:00+00:00,1198.905,1199.454,1192.9515,1193.127
2015-03-06T10:00:00+00:00,1193.073,1198.4,1182.176,1182.429
2015-03-06T14:00:00+00:00,1182.454,1182.773,1164.685,1165.318
2015-03-06T18:00:00+00:00,1165.239,1168.4275,1163.882,1167.27
2015-03-08T21:00:00+00:00,1169.465,1172.0095,1168.555,1170.955
2015-03-09T01:00:00+00:00,1170.915,1171.7895,1167.555,1171.083
2015-03-09T05:00:00+00:00,1171.089,1174.625,1170.3665,1174.1505
2015-03-09T09:00:00+00:00,1174.151,1175.439,1171.3335,1172.06
2015-03-09T13:00:00+00:00,1172.0605,1172.94,1167.1465,1167.604
2015-03-09T17:00:00+00:00,1167.613,1168.424,1165.9685,1167.251
2015-03-09T21:00:00+00:00,1167.192,1168.041,1166.31,1166.974
2015-03-10T01:00:00+00:00,1166.9595,1169.34,1159.8755,1161.497
2015-03-10T05:00:00+00:00,1161.483,1163.9935,1155.3725,1158.3775
2015-03-10T09:00:00+00:00,1158.387,1169.758,1157.643,1168.022
2015-03-10T13:00:00+00:00,1168.0355,1170.65,1158.936,1159.319
2015-03-10T17:00:00+00:00,1159.32,1162.8,1158.971,1161.795
2015-03-10T21:00:00+00:00,1162.025,1164.556,1161.528,1163.662
2015-03-11T01:00:00+00:00,1163.6565,1165.3215,1161.4935,1161.9345
2015-03-11T05:00:00+00:00,1161.9395,1164.8505,1161.271,1161.605
2015-03-11T09:00:00+00:00,1161.655,1163.28,1156.8585,1159.018
2015-03-11T13:00:00+00:00,1159.0105,1160.164,1147.628,1150.041
2015-03-11T17:00:00+00:00,1150.05,1155.3695,1149.2515,1155.345
2015-03-11T21:00:00+00:00,1155.281,1156.311,1154.178,1154.411
2015-03-12T01:00:00+00:00,1154.389,1154.389,1150.321,1153.449
2015-03-12T05:00:00+00:00,1153.488,1166.695,1153.223,1159.817
2015-03-12T09:00:00+00:00,1159.787,1161.647,1155.858,1156.7615
2015-03-12T13:00:00+00:00,1156.7545,1159.477,1148.6695,1151.386
2015-03-12T17:00:00+00:00,1151.411,1155.125,1150.862,1153.715
2015-03-12T21:00:00+00:00,1153.615,1158.269,1153.3785,1157.3395
2015-03-13T01:00:00+00:00,1157.339,1161.882,1156.8,1159.525
2015-03-13T05:00:00+00:00,1159.589,1161.83,1158.2385,1158.6005
2015-03-13T09:00:00+00:00,1158.629,1159.401,1154.13,1158.825
2015-03-13T13:00:00+00:00,1158.8445,1159.39,1151.5,1153.455
2015-03-13T17:00:00+00:00,1153.457,1159.376,1153.1235,1158.4985
2015-03-15T21:00:00+00:00,1158.965,1158.965,1154.984,1155.602
2015-03-16T01:00:00+00:00,1155.614,1160.3325,1153.678,1160.3325
2015-03-16T05:00:00+00:00,1160.34,1164.1895,1158.8175,1159.5595
2015-03-16T09:00:00+00:00,1159.5295,1159.5295,1153.88,1153.8865
2015-03-16T13:00:00+00:00,1153.887,1158.7035,1150.4585,1154.344
2015-03-16T17:00:00+00:00,1154.3365,1155.33,1153.2285,1154.78
2015-03-16T21:00:00+00:00,1154.6395,1157.015,1154.0555,1155.3235
2015-03-17T01:00:00+00:00,1155.3125,1156.7095,1152.1295,1155.156
2015-03-17T05:00:00+00:00,1155.15,1157.1105,1153.2055,1153.8
2015-03-17T09:00:00+00:00,1153.8315,1156.031,1149.9065,1149.9385
2015-03-17T13:00:00+00:00,1149.932,1159.951,1142.8805,1149.443
2015-03-17T17:00:00+00:00,1149.409,1150.003,1147.2425,1149.555
2015-03-17T21:00:00+00:00,1149.526,1151.353,1148.854,1151.0495
2015-03-18T01:00:00+00:00,1151.05,1153.16,1149.784,1150.5055
2015-03-18T05:00:00+00:00,1150.4725,1151.0335,1146.04,1147.2065
2015-03-18T09:00:00+00:00,1147.1885,1153.0295,1146.371,1148.387
2015-03-18T13:00:00+00:00,1148.3915,1154.9345,1147.223,1154.6605
2015-03-18T17:00:00+00:00,1154.635,1175.8065,1149.961,1167.545
2015-03-18T21:00:00+00:00,1167.378,1175.7835,1167.0945,1173.941
2015-03-19T01:00:00+00:00,1173.919,1177.956,1170.3205,1170.82
2015-03-19T05:00:00+00:00,1170.8335,1173.562,1163.379,1165.8725
2015-03-19T09:00:00+00:00,1165.862,1168.02,1159.7175,1162.536
2015-03-19T13:00:00+00:00,1162.509,1173.148,1162.4815,1169.9335
2015-03-19T17:00:00+00:00,1169.9385,1172.4215,1168.1545,1171.19
2015-03-19T21:00:00+00:00,1171.141,1172.89,1170.073,1172.086
2015-03-20T01:00:00+00:00,1172.078,1173.998,1170.42,1171.0605
2015-03-20T05:00:00+00:00,1171.061,1172.725,1168.8795,1171.0915
2015-03-20T09:00:00+00:00,1171.0665,1175.287,1169.439,1170.673
2015-03-20T13:00:00+00:00,1170.68,1188.0835,1170.493,1185.89
2015-03-20T17:00:00+00:00,1185.8985,1186.8655,1181.4755,1182.72
2015-03-22T21:00:00+00:00,1183.76,1187.3285,1183.58,1185.975
2015-03-23T01:00:00+00:00,1186.031,1186.649,1181.12,1183.049
2015-03-23T05:00:00+00:00,1183,1186.248,1179.462,1181.839
2015-03-23T09:00:00+00:00,1181.832,1185.4145,1180.8895,1182.848
2015-03-23T13:00:00+00:00,1182.85,1189.3405,1182.024,1187.355
2015-03-23T17:00:00+00:00,1187.364,1191.7095,1186.6505,1189.545
2015-03-23T21:00:00+00:00,1189.4,1190.433,1188.639,1189.1315
2015-03-24T01:00:00+00:00,1189.1215,1189.124,1185.55,1186.45
2015-03-24T05:00:00+00:00,1186.4475,1192.825,1186.1805,1191.067
2015-03-24T09:00:00+00:00,1191.0955,1195.1325,1188.2345,1192.425
2015-03-24T13:00:00+00:00,1192.385,1194.442,1186.069,1192.38
2015-03-24T17:00:00+00:00,1192.34,1194.6255,1191.6435,1193.33
2015-03-24T21:00:00+00:00,1193.195,1193.418,1191.5205,1191.7345
2015-03-25T01:00:00+00:00,1191.743,1192.1705,1187.585,1189.1135
2015-03-25T05:00:00+00:00,1189.114,1193.9,1186.7895,1192.774
2015-03-25T09:00:00+00:00,1192.782,1198.2245,1190.84,1197.5285
2015-03-25T13:00:00+00:00,1197.554,1199.8355,1194.812,1197.275
2015-03-25T17:00:00+00:00,1197.276,1198.2365,1195.31,1195.5
2015-03-25T21:00:00+00:00,1195.389,1195.9925,1194.615,1195.895
2015-03-26T01:00:00+00:00,1195.9005,1200.466,1195.8925,1199.666
2015-03-26T05:00:00+00:00,1199.665,1219.8205,1198.546,1213.4685
2015-03-26T09:00:00+00:00,1213.4175,1214.0665,1204.1365,1204.9235
2015-03-26T13:00:00+00:00,1204.9395,1207.124,1202.532,1206.27
2015-03-26T17:00:00+00:00,1206.2635,1206.4695,1202.0735,1204.825
2015-03-26T21:00:00+00:00,1204.879,1205.435,1202.854,1203.133
2015-03-27T01:00:00+00:00,1203.1395,1203.823,1200.0875,1202.701
2015-03-27T05:00:00+00:00,1202.73,1206.324,1196.94,1198.546
2015-03-27T09:00:00+00:00,1198.571,1203.244,1195.907,1200.284
2015-03-27T13:00:00+00:00,1200.3085,1202.158,1192.737,1199.795
2015-03-27T17:00:00+00:00,1199.836,1201.2545,1196.3195,1198.771
2015-03-29T22:00:00+01:00,1198.825,1199.565,1195.927,1197.83
2015-03-30T02:00:00+01:00,1197.8205,1198.523,1192.3945,1194.0075
2015-03-30T06:00:00+01:00,1193.9925,1194.8485,1187.166,1189.6405
2015-03-30T10:00:00+01:00,1189.6325,1191.358,1182.781,1185.468
2015-03-30T14:00:00+01:00,1185.4685,1188.079,1182.455,1184.807
2015-03-30T18:00:00+01:00,1184.7995,1186.804,1184.612,1186.0415
2015-03-30T22:00:00+01:00,1185.882,1187.6145,1184.9455,1187.1015
2015-03-31T02:00:00+01:00,1187.092,1187.589,1179.8985,1182.4225
2015-03-31T06:00:00+01:00,1182.4455,1184.781,1178.7805,1180.048
2015-03-31T10:00:00+01:00,1180.066,1189.0205,1178.549,1188.855
2015-03-31T14:00:00+01:00,1188.88,1190.862,1183.756,1183.844
2015-03-31T18:00:00+01:00,1183.835,1184.615,1181.622,1183.6185
2015-03-31T22:00:00+01:00,1183.405,1186.719,1182.8865,1186.665
2015-04-01T02:00:00+01:00,1186.605,1189.163,1185.9495,1187.472
2015-04-01T06:00:00+01:00,1187.4175,1188.6405,1182.224,1182.769
2015-04-01T10:00:00+01:00,1182.719,1194.407,1180.9715,1193.621
2015-04-01T14:00:00+01:00,1193.649,1208.183,1191.515,1206.5535
2015-04-01T18:00:00+01:00,1206.5455,1208.705,1203.663,1203.935
2015-04-01T22:00:00+01:00,1204.047,1204.403,1201.9285,1202.553
2015-04-02T02:00:00+01:00,1202.5265,1204.47,1201.509,1203.5625
2015-04-02T06:00:00+01:00,1203.57,1207.479,1201.8645,1202.5915
2015-04-02T10:00:00+01:00,1202.5835,1206.087,1200.218,1202.865
2015-04-02T14:00:00+01:00,1202.8535,1205.884,1195.0405,1200.02
2015-04-02T18:00:00+01:00,1199.967,1203.019,1199.4695,1202.62
2015-04-05T22:00:00+01:00,1213.755,1218.9005,1213.5,1217.609
2015-04-06T02:00:00+01:00,1217.604,1218.378,1215.812,1217.1845
2015-04-06T06:00:00+01:00,1217.219,1223.5385,1216.7655,1220.9615
2015-04-06T10:00:00+01:00,1220.998,1222.4415,1216.295,1222.1665
2015-04-06T14:00:00+01:00,1222.184,1224.335,1218.1565,1219.774
2015-04-06T18:00:00+01:00,1219.77,1219.779,1214.1015,1214.855
2015-04-06T22:00:00+01:00,1214.863,1215.9325,1211.1205,1211.803
2015-04-07T02:00:00+01:00,1211.862,1214.6165,1211.661,1213.555
2015-04-07T06:00:00+01:00,1213.548,1214.801,1207.601,1208.5275
2015-04-07T10:00:00+01:00,1208.5115,1212.0475,1208.037,1211.1065
2015-04-07T14:00:00+01:00,1211.1565,1214.3555,1210.0605,1211.4085
2015-04-07T18:00:00+01:00,1211.397,1211.7085,1208.363,1209.17
2015-04-07T22:00:00+01:00,1208.9825,1210.534,1208.461,1210.018
2015-04-08T02:00:00+01:00,1210.029,1211.769,1207.9255,1210.87
2015-04-08T06:00:00+01:00,1210.82,1212.4715,1209.2385,1209.669
2015-04-08T10:00:00+01:00,1209.658,1212.1195,1204.9295,1207.205
2015-04-08T14:00:00+01:00,1207.209,1210.0335,1200.887,1202.759
2015-04-08T18:00:00+01:00,1202.725,1206.524,1197.5995,1202.436
2015-04-08T22:00:00+01:00,1202.925,1203.4965,1200.666,1201.419
2015-04-09T02:00:00+01:00,1201.404,1201.444,1196.4175,1196.961
2015-04-09T06:00:00+01:00,1196.955,1197.2505,1192.755,1196.455
2015-04-09T10:00:00+01:00,1196.492,1202.7565,1195.719,1199.3835
2015-04-09T14:00:00+01:00,1199.38,1200.027,1193.6465,1195.0385
2015-04-09T18:00:00+01:00,1195.007,1195.45,1193.1385,1194.775
2015-04-09T22:00:00+01:00,1194.804,1196.0235,1193.629,1195.353
2015-04-10T02:00:00+01:00,1195.3415,1197.395,1193.391,1197.031
2015-04-10T06:00:00+01:00,1197.0445,1205.7115,1194.057,1202.5255
2015-04-10T10:00:00+01:00,1202.55,1206.526,1199.2235,1205.0865
2015-04-10T14:00:00+01:00,1205.0945,1210.88,1203.98,1204.476
2015-04-10T18:00:00+01:00,1204.465,1209.0295,1203.85,1207.61
2015-04-12T22:00:00+01:00,1207.335,1208.88,1206.8895,1207.589
2015-04-13T02:00:00+01:00,1207.634,1209.6345,1203.85,1204.033
2015-04-13T06:00:00+01:00,1204.017,1205.793,1198.5585,1198.71
2015-04-13T10:00:00+01:00,1198.675,1205.175,1197.726,1204.165
2015-04-13T14:00:00+01:00,1204.1975,1207.063,1196.5295,1199.9385
2015-04-13T18:00:00+01:00,1199.9185,1200.5005,1198.479,1198.895
2015-04-13T22:00:00+01:00,1198.843,1201.5645,1198.553,1201.4135
2015-04-14T02:00:00+01:00,1201.393,1201.594,1198,1198.681
2015-04-14T06:00:00+01:00,1198.6835,1198.9405,1190.212,1191.2865
2015-04-14T10:00:00+01:00,1191.267,1192.8265,1184.1005,1188.767
2015-04-14T14:00:00+01:00,1188.8015,1199.133,1188.8015,1193.7065
2015-04-14T18:00:00+01:00,1193.647,1193.88,1192.202,1192.725
2015-04-14T22:00:00+01:00,1192.701,1194.0915,1192.517,1193.6735
2015-04-15T02:00:00+01:00,1193.6485,1195.211,1190.8695,1193.288
2015-04-15T06:00:00+01:00,1193.2835,1194.79,1189.119,1190.4325
2015-04-15T10:00:00+01:00,1190.412,1194.8295,1189.063,1193.832
2015-04-15T14:00:00+01:00,1193.692,1198.019,1192.684,1197.38
2015-04-15T18:00:00+01:00,1197.402,1204.7145,1197.402,1202.578
2015-04-15T22:00:00+01:00,1202.45,1207.699,1202.3245,1206.704
2015-04-16T02:00:00+01:00,1206.64,1207.6995,1200.1345,1202.635
2015-04-16T06:00:00+01:00,1202.613,1209.15,1201.5,1205.0145
2015-04-16T10:00:00+01:00,1205.0025,1209.283,1204.4095,1205.394
2015-04-16T14:00:00+01:00,1205.3865,1206.3365,1194.8565,1196.6855
2015-04-16T18:00:00+01:00,1196.7105,1202.192,1196.69,1198.495
2015-04-16T22:00:00+01:00,1198.589,1201.597,1197.971,1199.613
2015-04-17T02:00:00+01:00,1199.618,1199.618,1197.547,1198.9745
2015-04-17T06:00:00+01:00,1198.925,1205.7625,1198.514,1204.4505
2015-04-17T10:00:00+01:00,1204.459,1207.9005,1201.6555,1202.2665
2015-04-17T14:00:00+01:00,1202.2765,1206.665,1201.0255,1203.128
2015-04-17T18:00:00+01:00,1203.1155,1205.437,1202.5275,1204.456
2015-04-19T22:00:00+01:00,1204.91,1206.8025,1203.8495,1204.53
2015-04-20T02:00:00+01:00,1204.5225,1205.836,1202.966,1203.2535
2015-04-20T06:00:00+01:00,1203.2455,1209.257,1203.2155,1204.517
2015-04-20T10:00:00+01:00,1204.51,1204.871,1196.776,1197.6425
2015-04-20T14:00:00+01:00,1197.598,1199.0465,1191.512,1194.6105
2015-04-20T18:00:00+01:00,1194.5455,1196.129,1193.41,1195.88
2015-04-20T22:00:00+01:00,1195.681,1197.1345,1194.5775,1195.213
2015-04-21T02:00:00+01:00,1195.2195,1197.024,1193.566,1196.9795
2015-04-21T06:00:00+01:00,1196.9875,1197.164,1193.2545,1195.7495
2015-04-21T10:00:00+01:00,1195.7565,1202.396,1195.4145,1200.12
2015-04-21T14:00:00+01:00,1200.07,1204.42,1194.958,1202.3875
2015-04-21T18:00:00+01:00,1202.39,1204.0255,1200.9385,1202.415
2015-04-21T22:00:00+01:00,1202.397,1203.473,1200.32,1200.817
2015-04-22T02:00:00+01:00,1200.8085,1201.554,1199.4325,1200.3585
2015-04-22T06:00:00+01:00,1200.345,1204.8985,1198.4,1200.853
2015-04-22T10:00:00+01:00,1200.8665,1204.1215,1197.7925,1198.82
2015-04-22T14:00:00+01:00,1198.816,1199.1485,1185.821,1188.622
2015-04-22T18:00:00+01:00,1188.624,1189.047,1186.3565,1187.26
2015-04-22T22:00:00+01:00,1187.245,1189.168,1186.504,1187.4815
2015-04-23T02:00:00+01:00,1187.4755,1190.0465,1184.463,1189.6045
2015-04-23T06:00:00+01:00,1189.6115,1190.2635,1185.57,1188.2805
2015-04-23T10:00:00+01:00,1188.34,1192.2515,1187.3915,1189.3125
2015-04-23T14:00:00+01:00,1189.347,1193.7715,1186.27,1191.8975
2015-04-23T18:00:00+01:00,1191.8595,1198.1335,1191.769,1194.015
2015-04-23T22:00:00+01:00,1193.969,1194.428,1193.151,1194.104
2015-04-24T02:00:00+01:00,1194.1,1194.555,1191.0825,1191.432
2015-04-24T06:00:00+01:00,1191.425,1196.047,1190.954,1192.615
2015-04-24T10:00:00+01:00,1192.629,1192.896,1186.328,1186.9225
2015-04-24T14:00:00+01:00,1186.862,1189.5405,1175.328,1175.9635
2015-04-24T18:00:00+01:00,1175.9885,1179.702,1175.619,1179.474
2015-04-26T22:00:00+01:00,1180.175,1181.9825,1178.8415,1180.233
2015-04-27T02:00:00+01:00,1180.228,1183.613,1178.692,1182.905
2015-04-27T06:00:00+01:00,1182.896,1183.837,1179.998,1182.2115
2015-04-27T10:00:00+01:00,1182.202,1187.7965,1181.705,1187.01
2015-04-27T14:00:00+01:00,1187.005,1207.348,1184.937,1206.92
2015-04-27T18:00:00+01:00,1206.8995,1207.018,1201.846,1202.044
2015-04-27T22:00:00+01:00,1202.116,1202.737,1199.3655,1199.6595
2015-04-28T02:00:00+01:00,1199.6725,1202.2635,1199.4415,1200.1415
2015-04-28T06:00:00+01:00,1200.143,1203.7715,1199.5195,1201.3945
2015-04-28T10:00:00+01:00,1201.4335,1207.1195,1200.65,1203.8965
2015-04-28T14:00:00+01:00,1203.905,1214.391,1201.7,1212.9205
2015-04-28T18:00:00+01:00,1212.912,1215.1765,1211.4985,1212.075
2015-04-28T22:00:00+01:00,1212.264,1212.4,1210.147,1211.108
2015-04-29T02:00:00+01:00,1211.161,1212.2435,1209.3615,1210.2565
2015-04-29T06:00:00+01:00,1210.2515,1210.703,1207.283,1207.697
2015-04-29T10:00:00+01:00,1207.66,1214.168,1204.5375,1207.059
2015-04-29T14:00:00+01:00,1207.0835,1212.791,1206.821,1209.8015
2015-04-29T18:00:00+01:00,1209.7765,1211.215,1201.51,1204.719
2015-04-29T22:00:00+01:00,1204.692,1206.1995,1203.919,1204.724
2015-04-30T02:00:00+01:00,1204.686,1206.362,1201.224,1203.408
2015-04-30T06:00:00+01:00,1203.389,1207.3055,1200.098,1204.9605
2015-04-30T10:00:00+01:00,1204.955,1207.334,1191.9685,1192.664
2015-04-30T14:00:00+01:00,1192.7135,1192.7185,1177.158,1181.3845
2015-04-30T18:00:00+01:00,1181.384,1184.986,1180.794,1184.296
2015-04-30T22:00:00+01:00,1184.259,1184.833,1183.051,1184.206
2015-05-01T02:00:00+01:00,1184.212,1185.347,1182.445,1183.0455
2015-05-01T06:00:00+01:00,1183.049,1183.74,1180.531,1180.889
2015-05-01T10:00:00+01:00,1180.8895,1182.364,1170.0425,1173.457
2015-05-01T14:00:00+01:00,1173.47,1179.6705,1170.515,1172.2135
2015-05-01T18:00:00+01:00,1172.2615,1178.912,1172.213,1178.447
2015-05-03T22:00:00+01:00,1178.313,1180.3515,1177.8685,1178.8785
2015-05-04T02:00:00+01:00,1178.8895,1184.808,1177.9295,1183.75
2015-05-04T06:00:00+01:00,1183.757,1185.2005,1182.2645,1182.806
2015-05-04T10:00:00+01:00,1182.803,1187.75,1180.609,1186.41
2015-05-04T14:00:00+01:00,1186.425,1192.9545,1186.425,1189.1925
2015-05-04T18:00:00+01:00,1189.2005,1190.8415,1187.136,1188.32
2015-05-04T22:00:00+01:00,1188.476,1189.2575,1187.0005,1187.6665
2015-05-05T02:00:00+01:00,1187.667,1188.9595,1185.8645,1186.6525
2015-05-05T06:00:00+01:00,1186.6615,1190.4,1186.327,1189.0725
2015-05-05T10:00:00+01:00,1189.084,1198.6375,1186.6185,1197.9325
2015-05-05T14:00:00+01:00,1197.9145,1199.9175,1192.7995,1194.0165
2015-05-05T18:00:00+01:00,1194.0245,1194.8245,1192.461,1193.348
2015-05-05T22:00:00+01:00,1193.403,1195.518,1192.978,1194.122
2015-05-06T02:00:00+01:00,1194.022,1197.036,1193.9295,1195.916
2015-05-06T06:00:00+01:00,1195.915,1197.5015,1189.6475,1191.364
2015-05-06T10:00:00+01:00,1191.339,1197.766,1188.3665,1194.205
2015-05-06T14:00:00+01:00,1194.98,1196.275,1188.6945,1190.61
2015-05-06T18:00:00+01:00,1190.6545,1192.469,1190.2135,1192.215
2015-05-06T22:00:00+01:00,1192.238,1192.9855,1190.026,1191.0295
2015-05-07T02:00:00+01:00,1191.0585,1191.322,1186.8545,1187.965
2015-05-07T06:00:00+01:00,1187.961,1189.202,1181.695,1182.406
2015-05-07T10:00:00+01:00,1182.456,1187.9665,1178.998,1181.1535
2015-05-07T14:00:00+01:00,1181.156,1188.639,1180.7725,1182.244
2015-05-07T18:00:00+01:00,1182.239,1184.835,1181.6445,1184.495
2015-05-07T22:00:00+01:00,1184.481,1184.913,1183.0975,1183.5195
2015-05-08T02:00:00+01:00,1183.525,1184.9305,1182.024,1184.3605
2015-05-08T06:00:00+01:00,1184.39,1188.9645,1183.137,1186.5
2015-05-08T10:00:00+01:00,1186.453,1194.158,1181.9295,1189.708
2015-05-08T14:00:00+01:00,1189.735,1193.016,1184.4195,1188.2035
2015-05-08T18:00:00+01:00,1188.184,1190.163,1187.761,1188.399
2015-05-10T22:00:00+01:00,1189.885,1190.532,1188.2265,1190.01
2015-05-11T02:00:00+01:00,1190.0035,1190.365,1188.099,1188.3275
2015-05-11T06:00:00+01:00,1188.3325,1189.391,1184.148,1185.8015
2015-05-11T10:00:00+01:00,1185.794,1191.891,1184.3495,1189.0255
2015-05-11T14:00:00+01:00,1189.061,1191.6405,1179.053,1183.752
2015-05-11T18:00:00+01:00,1183.716,1185.4705,1183.059,1183.975
2015-05-11T22:00:00+01:00,1183.978,1184.5,1183.2755,1183.8775
2015-05-12T02:00:00+01:00,1183.859,1184.957,1183.403,1183.7665
2015-05-12T06:00:00+01:00,1183.747,1185.4585,1180.8905,1184.87
2015-05-12T10:00:00+01:00,1184.871,1197.167,1183.918,1195.295
2015-05-12T14:00:00+01:00,1195.2915,1195.51,1188.208,1194.1645
2015-05-12T18:00:00+01:00,1194.197,1194.587,1192.1795,1193.895
2015-05-12T22:00:00+01:00,1193.909,1193.909,1192.107,1192.4085
2015-05-13T02:00:00+01:00,1192.415,1194.625,1191.3805,1193.364
2015-05-13T06:00:00+01:00,1193.3825,1196.382,1191.5685,1193.0685
2015-05-13T10:00:00+01:00,1193.1255,1206.159,1192.6065,1204.3685
2015-05-13T14:00:00+01:00,1204.3735,1218.487,1204.3735,1217.789
2015-05-13T18:00:00+01:00,1217.7685,1219.0015,1214.082,1215.775
2015-05-13T22:00:00+01:00,1215.732,1215.8245,1213.063,1214.176
2015-05-14T02:00:00+01:00,1214.181,1215.119,1212.466,1213.9205
2015-05-14T06:00:00+01:00,1213.9415,1218.995,1212.802,1214.4695
2015-05-14T10:00:00+01:00,1214.459,1222.7385,1214.248,1219.3305
2015-05-14T14:00:00+01:00,1219.3385,1227.47,1218.76,1224.834
2015-05-14T18:00:00+01:00,1224.8315,1225.797,1220.611,1221.055
2015-05-14T22:00:00+01:00,1221.267,1222.2125,1220.1905,1220.467
2015-05-15T02:00:00+01:00,1220.461,1220.6745,1218.555,1219.614
2015-05-15T06:00:00+01:00,1219.6315,1221.739,1217.445,1218.897
2015-05-15T10:00:00+01:00,1218.9405,1219.4605,1211.119,1216.7445
2015-05-15T14:00:00+01:00,1216.7565,1224.8705,1215.4915,1224.3695
2015-05-15T18:00:00+01:00,1224.325,1226.2955,1223.633,1224.112
2015-05-17T22:00:00+01:00,1224.38,1225.55,1221.8945,1222.761
2015-05-18T02:00:00+01:00,1222.7655,1225.127,1221.7045,1224.6045
2015-05-18T06:00:00+01:00,1224.6135,1232.4545,1224.0705,1228.8005
2015-05-18T10:00:00+01:00,1228.8055,1231.2975,1224.6925,1227.4865
2015-05-18T14:00:00+01:00,1227.479,1229.165,1222.703,1227.4835
2015-05-18T18:00:00+01:00,1227.485,1228.3755,1224.7695,1225.515
2015-05-18T22:00:00+01:00,1225.603,1226.0065,1223.6905,1224.409
2015-05-19T02:00:00+01:00,1224.4335,1224.8,1220.481,1221.949
2015-05-19T06:00:00+01:00,1221.9005,1223.2795,1217.283,1220.983
2015-05-19T10:00:00+01:00,1220.9745,1224.1325,1212.79,1214.015
2015-05-19T14:00:00+01:00,1213.9905,1216.9735,1205.897,1208.3895
2015-05-19T18:00:00+01:00,1208.3715,1209.344,1206.801,1207.845
2015-05-19T22:00:00+01:00,1207.938,1209.735,1207.0885,1208.9545
2015-05-20T02:00:00+01:00,1208.935,1209.608,1207.567,1208.532
2015-05-20T06:00:00+01:00,1208.513,1208.878,1203.4225,1207.493
2015-05-20T10:00:00+01:00,1207.482,1211.7895,1206.415,1210.245
2015-05-20T14:00:00+01:00,1210.2455,1212.934,1208.14,1209.295
2015-05-20T18:00:00+01:00,1209.294,1213.6005,1207.0845,1209.66
2015-05-20T22:00:00+01:00,1209.775,1210.3515,1208.09,1209.626
2015-05-21T02:00:00+01:00,1209.631,1212.9035,1209.631,1212.126
2015-05-21T06:00:00+01:00,1212.0905,1212.83,1209.125,1211.49
2015-05-21T10:00:00+01:00,1211.54,1211.59,1202.336,1202.907
2015-05-21T14:00:00+01:00,1202.882,1209.126,1201.652,1204.64
2015-05-21T18:00:00+01:00,1204.612,1206.9765,1203.92,1206.17
2015-05-21T22:00:00+01:00,1206.355,1207.674,1205.968,1207.473
2015-05-22T02:00:00+01:00,1207.4595,1208.8955,1205.6785,1208.118
2015-05-22T06:00:00+01:00,1208.0555,1214.9705,1207.184,1212.54
2015-05-22T10:00:00+01:00,1212.56,1214.9205,1204.8295,1205.9945
2015-05-22T14:00:00+01:00,1206.0195,1208.862,1201.64,1205.808
2015-05-22T18:00:00+01:00,1205.77,1206.4645,1203.15,1206.215
2015-05-24T22:00:00+01:00,1205.76,1205.76,1202.956,1203.35
2015-05-25T02:00:00+01:00,1203.3405,1205.3455,1203.21,1203.8655
2015-05-25T06:00:00+01:00,1203.8755,1206.0005,1203.29,1204.664
2015-05-25T10:00:00+01:00,1204.6645,1205.169,1203.303,1204.625
2015-05-25T14:00:00+01:00,1204.6215,1208.7845,1204.554,1207.2455
2015-05-25T18:00:00+01:00,1207.29,1207.3205,1207.2745,1207.305
2015-05-25T22:00:00+01:00,1207.13,1207.654,1205.4905,1206.1
2015-05-26T02:00:00+01:00,1206.1095,1206.7445,1204.6435,1205.145
2015-05-26T06:00:00+01:00,1205.1,1205.5995,1195.095,1195.415
2015-05-26T10:00:00+01:00,1195.321,1196.31,1186.0195,1186.766
2015-05-26T14:00:00+01:00,1186.775,1190.5365,1185.617,1187.4355
2015-05-26T18:00:00+01:00,1187.445,1188.965,1186.431,1187.275
2015-05-26T22:00:00+01:00,1187.23,1188.8105,1186.754,1187.792
2015-05-27T02:00:00+01:00,1187.8055,1190.206,1186.6465,1188.475
2015-05-27T06:00:00+01:00,1188.5155,1191.02,1187.8885,1188.6685
2015-05-27T10:00:00+01:00,1188.693,1189.1605,1183.815,1185.6165
2015-05-27T14:00:00+01:00,1185.62,1188.815,1184.9335,1186.6115
2015-05-27T18:00:00+01:00,1186.636,1188.3105,1186.02,1188.09
2015-05-27T22:00:00+01:00,1188.055,1188.2855,1187.0455,1187.4615
2015-05-28T02:00:00+01:00,1187.4665,1189.56,1187.181,1188.48
2015-05-28T06:00:00+01:00,1188.4705,1192.3085,1187.3235,1190.576
2015-05-28T10:00:00+01:00,1190.57,1191.044,1185.2165,1187.988
2015-05-28T14:00:00+01:00,1187.995,1190.165,1180.4965,1188.5605
2015-05-28T18:00:00+01:00,1188.5655,1189.608,1188.054,1188.4295
2015-05-28T22:00:00+01:00,1187.985,1189.7755,1187.8745,1188.279
2015-05-29T02:00:00+01:00,1188.274,1190.765,1187.855,1189.754
2015-05-29T06:00:00+01:00,1189.7645,1190.8005,1187.8445,1188.55
2015-05-29T10:00:00+01:00,1188.535,1193.997,1185.924,1189.9445
2015-05-29T14:00:00+01:00,1189.945,1193.5545,1188.55,1189.05
2015-05-29T18:00:00+01:00,1189.093,1191.745,1188.85,1190.56
2015-05-31T22:00:00+01:00,1189.74,1197.59,1189.74,1190.8395
2015-06-01T02:00:00+01:00,1190.839,1192.25,1189.3945,1191.793
2015-06-01T06:00:00+01:00,1191.834,1191.994,1185.63,1187.335
2015-06-01T10:00:00+01:00,1187.3635,1189.5955,1184.71,1188.291
2015-06-01T14:00:00+01:00,1188.295,1204.3945,1188.291,1191.13
2015-06-01T18:00:00+01:00,1191.1795,1191.2305,1187.855,1189.2
2015-06-01T22:00:00+01:00,1189.2345,1189.761,1187.595,1187.9505
2015-06-02T02:00:00+01:00,1187.9755,1189.0835,1186.49,1188.5005
2015-06-02T06:00:00+01:00,1188.5105,1190.7005,1186.0965,1187.062
2015-06-02T10:00:00+01:00,1187.072,1194.915,1186.1585,1191.34
2015-06-02T14:00:00+01:00,1191.373,1196.4455,1190.7015,1193.545
2015-06-02T18:00:00+01:00,1193.5765,1195.317,1192.791,1193.085
2015-06-02T22:00:00+01:00,1192.96,1194.679,1192.9315,1193.9095
2015-06-03T02:00:00+01:00,1193.909,1195.6175,1191.859,1193.12
2015-06-03T06:00:00+01:00,1193.1195,1194.325,1188.9085,1189.1135
2015-06-03T10:00:00+01:00,1189.0885,1193.376,1186.771,1189.3635
2015-06-03T14:00:00+01:00,1189.3235,1192.5995,1179.5695,1182.7745
2015-06-03T18:00:00+01:00,1182.7845,1187.205,1182.6165,1185.045
2015-06-03T22:00:00+01:00,1185.135,1186.3345,1184.76,1185.042
2015-06-04T02:00:00+01:00,1185.0465,1186.456,1182.02,1184.544
2015-06-04T06:00:00+01:00,1184.5395,1186.0355,1180.5295,1182.6
2015-06-04T10:00:00+01:00,1182.605,1184.147,1176.7435,1179.0985
2015-06-04T14:00:00+01:00,1179.0645,1179.9055,1173.0495,1176.0805
2015-06-04T18:00:00+01:00,1176.08,1178.825,1174.808,1176.855
2015-06-04T22:00:00+01:00,1176.825,1178.27,1176.3805,1178.057
2015-06-05T02:00:00+01:00,1178.1255,1178.5645,1177.27,1177.9855
2015-06-05T06:00:00+01:00,1178.035,1178.6955,1174.798,1175.5505
2015-06-05T10:00:00+01:00,1175.525,1176.7205,1165.305,1167.7715
2015-06-05T14:00:00+01:00,1167.772,1171.6805,1162.856,1168.593
2015-06-05T18:00:00+01:00,1168.543,1172.248,1168.2935,1171.95
2015-06-07T22:00:00+01:00,1170.965,1175.5795,1169.26,1175.504
2015-06-08T02:00:00+01:00,1175.5345,1177.7505,1172.0345,1172.035
2015-06-08T06:00:00+01:00,1172.085,1175.845,1171.0345,1174.3085
2015-06-08T10:00:00+01:00,1174.333,1175.6595,1171.4585,1172.385
2015-06-08T14:00:00+01:00,1172.345,1174.3155,1169.606,1172.449
2015-06-08T18:00:00+01:00,1172.4735,1174.9935,1172.318,1174.06
2015-06-08T22:00:00+01:00,1174.025,1175.014,1172.668,1174.3385
2015-06-09T02:00:00+01:00,1174.339,1177.945,1174.1465,1177.79
2015-06-09T06:00:00+01:00,1177.745,1181.8205,1175.2555,1180.319
2015-06-09T10:00:00+01:00,1180.29,1183.0685,1178.825,1180.215
2015-06-09T14:00:00+01:00,1180.165,1180.962,1175.5345,1177.553
2015-06-09T18:00:00+01:00,1177.5695,1178.8535,1176.4955,1176.895
2015-06-09T22:00:00+01:00,1176.74,1178.9655,1176.495,1177.7915
2015-06-10T02:00:00+01:00,1177.7855,1181.614,1175.3545,1180.5285
2015-06-10T06:00:00+01:00,1180.538,1185.7145,1180.005,1183.85
2015-06-10T10:00:00+01:00,1183.851,1192.4305,1183.435,1190.825
2015-06-10T14:00:00+01:00,1190.846,1191.6235,1185.843,1187.5135
2015-06-10T18:00:00+01:00,1187.498,1188.33,1185.7495,1186.2
2015-06-10T22:00:00+01:00,1186.14,1186.8445,1185.9195,1186.0305
2015-06-11T02:00:00+01:00,1186.03,1188.085,1185.9315,1186.93
2015-06-11T06:00:00+01:00,1186.9055,1187.2335,1182.975,1183.45
2015-06-11T10:00:00+01:00,1183.4495,1185.4835,1175.8055,1182.918
2015-06-11T14:00:00+01:00,1182.8905,1184.015,1177.641,1179.7815
2015-06-11T18:00:00+01:00,1179.8815,1182.696,1179.757,1182.065
2015-06-11T22:00:00+01:00,1182.03,1182.888,1181.486,1182.662
2015-06-12T02:00:00+01:00,1182.6385,1183.9195,1181.9995,1183.2945
2015-06-12T06:00:00+01:00,1183.2555,1184.3865,1178.775,1179.6055
2015-06-12T10:00:00+01:00,1179.601,1181.7935,1176.834,1177.795
2015-06-12T14:00:00+01:00,1177.75,1183.63,1177.3445,1180.36
2015-06-12T18:00:00+01:00,1180.344,1181.7445,1179.825,1181.62
2015-06-14T22:00:00+01:00,1180.865,1186.5555,1180.7345,1182.068
2015-06-15T02:00:00+01:00,1182.13,1182.3705,1180.3645,1181.055
2015-06-15T06:00:00+01:00,1181.0495,1185.204,1177.0065,1178.812
2015-06-15T10:00:00+01:00,1178.781,1182.415,1172.8885,1179.084
2015-06-15T14:00:00+01:00,1179.0745,1190.591,1178.36,1188.365
2015-06-15T18:00:00+01:00,1188.3885,1188.884,1185.719,1186.385
2015-06-15T22:00:00+01:00,1186.425,1186.425,1184.978,1185.3855
2015-06-16T02:00:00+01:00,1185.3805,1187.6,1183.949,1186.5295
2015-06-16T06:00:00+01:00,1186.529,1188.021,1182.04,1183.4755
2015-06-16T10:00:00+01:00,1183.43,1184.861,1181.8995,1183.0665
2015-06-16T14:00:00+01:00,1183.115,1184.061,1176.1555,1181.445
2015-06-16T18:00:00+01:00,1181.44,1182.9415,1181.045,1182.095
2015-06-16T22:00:00+01:00,1182.05,1182.4165,1180.358,1180.836
2015-06-17T02:00:00+01:00,1180.8355,1182.249,1179.3795,1180.48
2015-06-17T06:00:00+01:00,1180.489,1181.026,1178.171,1179.64
2015-06-17T10:00:00+01:00,1179.6295,1180.24,1178.0435,1179.66
2015-06-17T14:00:00+01:00,1179.6195,1180.0365,1174.725,1176.41
2015-06-17T18:00:00+01:00,1176.4625,1189.319,1176.01,1185.55
2015-06-17T22:00:00+01:00,1185.435,1186.62,1183.75,1184.525
2015-06-18T02:00:00+01:00,1184.5085,1188.561,1184.209,1187.3985
2015-06-18T06:00:00+01:00,1187.399,1198.01,1187.228,1196.1155
2015-06-18T10:00:00+01:00,1196.116,1203.9205,1194.9385,1200.55
2015-06-18T14:00:00+01:00,1200.56,1205.8255,1198.3535,1200.7415
2015-06-18T18:00:00+01:00,1200.717,1203.2065,1200.55,1201.935
2015-06-18T22:00:00+01:00,1201.825,1202.5755,1200.1585,1201.7665
2015-06-19T02:00:00+01:00,1201.7465,1202.032,1199.1865,1200.06
2015-06-19T06:00:00+01:00,1200.0745,1201.5995,1198.475,1199.9205
2015-06-19T10:00:00+01:00,1199.921,1203.635,1199.14,1202.8415
2015-06-19T14:00:00+01:00,1202.8315,1204.29,1198.815,1201.73
2015-06-19T18:00:00+01:00,1201.7245,1202.64,1199.8,1200.25
2015-06-21T22:00:00+01:00,1200.175,1201.1805,1196.802,1199.514
2015-06-22T02:00:00+01:00,1199.5145,1200.156,1198.2345,1199.155
2015-06-22T06:00:00+01:00,1199.1505,1199.1505,1193.3105,1196.06
2015-06-22T10:00:00+01:00,1196.093,1196.372,1191.221,1191.695
2015-06-22T14:00:00+01:00,1191.6995,1191.8405,1182.255,1185.4955
2015-06-22T18:00:00+01:00,1185.5055,1186.086,1183.073,1185.93
2015-06-22T22:00:00+01:00,1185.975,1187.169,1184.3935,1185.92
2015-06-23T02:00:00+01:00,1185.925,1188.2555,1185.2435,1185.735
2015-06-23T06:00:00+01:00,1185.7355,1187.29,1182.1705,1183.661
2015-06-23T10:00:00+01:00,1183.639,1185.135,1177.3255,1177.6585
2015-06-23T14:00:00+01:00,1177.69,1180.505,1176.554,1178.1935
2015-06-23T18:00:00+01:00,1178.119,1178.9355,1176.458,1178.68
2015-06-23T22:00:00+01:00,1178.685,1179.5005,1177.979,1178.8145
2015-06-24T02:00:00+01:00,1178.815,1178.815,1176.178,1177.8705
2015-06-24T06:00:00+01:00,1177.87,1179.8355,1174.0095,1176.739
2015-06-24T10:00:00+01:00,1176.7745,1180.44,1171.035,1173.22
2015-06-24T14:00:00+01:00,1173.363,1175.9505,1171.52,1173.5885
2015-06-24T18:00:00+01:00,1173.5855,1175.635,1173.421,1175.495
2015-06-24T22:00:00+01:00,1175.02,1176.286,1175.009,1176.233
2015-06-25T02:00:00+01:00,1176.144,1178.2355,1174.859,1177.98
2015-06-25T06:00:00+01:00,1177.955,1178.096,1173.545,1175.0345
2015-06-25T10:00:00+01:00,1175,1176.25,1171.985,1173.518
2015-06-25T14:00:00+01:00,1173.4935,1175.594,1171.639,1173.325
2015-06-25T18:00:00+01:00,1173.3395,1173.8095,1172.43,1173.26
2015-06-25T22:00:00+01:00,1173.33,1175.375,1173.175,1174.974
2015-06-26T02:00:00+01:00,1174.9745,1175.2715,1174.0295,1174.537
2015-06-26T06:00:00+01:00,1174.6405,1178.77,1170.2845,1178.09
2015-06-26T10:00:00+01:00,1178.14,1178.294,1171.2535,1171.8335
2015-06-26T14:00:00+01:00,1171.8535,1175.025,1168.714,1174.6235
2015-06-26T18:00:00+01:00,1174.633,1175.6005,1173.589,1175.445
2015-06-28T22:00:00+01:00,1184.721,1188.34,1181.975,1185.6045
2015-06-29T02:00:00+01:00,1185.604,1186.005,1179.9945,1182.706
2015-06-29T06:00:00+01:00,1182.7065,1185.0095,1177.345,1178.614
2015-06-29T10:00:00+01:00,1178.5695,1184.0215,1176.1985,1182.4715
2015-06-29T14:00:00+01:00,1182.461,1183.2305,1173.928,1178.6135
2015-06-29T18:00:00+01:00,1178.614,1180.8445,1178.4485,1179.815
2015-06-29T22:00:00+01:00,1180.31,1180.6255,1178.42,1180.09
2015-06-30T02:00:00+01:00,1180.105,1180.1105,1176.016,1177.0445
2015-06-30T06:00:00+01:00,1177.0135,1177.655,1174.3135,1177.0335
2015-06-30T10:00:00+01:00,1177.104,1177.2735,1169.7385,1172.044
2015-06-30T14:00:00+01:00,1172.0935,1179.1705,1167.078,1173.735
2015-06-30T18:00:00+01:00,1173.7305,1174.5405,1171.219,1172.42
2015-06-30T22:00:00+01:00,1172.415,1174.519,1172.415,1174.1045
2015-07-01T02:00:00+01:00,1174.099,1175.209,1172.904,1174.3845
2015-07-01T06:00:00+01:00,1174.374,1174.81,1172.5185,1172.94
2015-07-01T10:00:00+01:00,1172.895,1173.368,1168.694,1170.0855
2015-07-01T14:00:00+01:00,1170.065,1173.591,1167.7885,1171.605
2015-07-01T18:00:00+01:00,1171.61,1171.7195,1167.7015,1168.87
2015-07-01T22:00:00+01:00,1168.6,1169.1105,1167.821,1168.4385
2015-07-02T02:00:00+01:00,1168.429,1168.4885,1167.1695,1168.272
2015-07-02T06:00:00+01:00,1168.2665,1168.667,1162.599,1165.6685
2015-07-02T10:00:00+01:00,1165.683,1166.729,1157.1285,1166.0595
2015-07-02T14:00:00+01:00,1166.035,1168.7715,1162.2145,1165.16
2015-07-02T18:00:00+01:00,1165.188,1169.605,1163.2645,1166.205
2015-07-02T22:00:00+01:00,1166.2,1167.7795,1164.78,1166.469
2015-07-03T02:00:00+01:00,1166.4685,1168.034,1165.566,1167.2005
2015-07-03T06:00:00+01:00,1167.1915,1170.395,1166.423,1168.89
2015-07-03T10:00:00+01:00,1168.891,1169.8605,1167.785,1169.59
2015-07-03T14:00:00+01:00,1169.639,1170.005,1166.1095,1168.901
2015-07-03T18:00:00+01:00,1168.9,1168.9,1168.9,1168.9
2015-07-05T22:00:00+01:00,1173.86,1175.0405,1170.8895,1172.129
2015-07-06T02:00:00+01:00,1172.1535,1172.1785,1167.5255,1167.655
2015-07-06T06:00:00+01:00,1167.6545,1168.4705,1163.4205,1165.005
2015-07-06T10:00:00+01:00,1164.9555,1166.5705,1163.01,1165.3045
2015-07-06T14:00:00+01:00,1165.2935,1172.33,1163.59,1172.1605
2015-07-06T18:00:00+01:00,1172.21,1174.5695,1168.1735,1170.27
2015-07-06T22:00:00+01:00,1170.27,1170.721,1168.815,1168.842
2015-07-07T02:00:00+01:00,1168.817,1169.7195,1167.1395,1167.401
2015-07-07T06:00:00+01:00,1167.4065,1169.45,1166.42,1167.336
2015-07-07T10:00:00+01:00,1167.356,1168.2785,1160.0895,1161.7285
2015-07-07T14:00:00+01:00,1161.679,1161.679,1148.104,1156.635
2015-07-07T18:00:00+01:00,1156.65,1158.9705,1152.16,1155.225
2015-07-07T22:00:00+01:00,1155.18,1156.793,1152.7245,1156.0505
2015-07-08T02:00:00+01:00,1156.0405,1156.0405,1151.715,1154.13
2015-07-08T06:00:00+01:00,1154.121,1155.1555,1147.303,1152.46
2015-07-08T10:00:00+01:00,1152.41,1158.0805,1151.96,1153.905
2015-07-08T14:00:00+01:00,1153.9015,1164.684,1153.236,1161.8565
2015-07-08T18:00:00+01:00,1161.8815,1164.78,1154.825,1158.4
2015-07-08T22:00:00+01:00,1158.645,1160.195,1156.231,1157.3915
2015-07-09T02:00:00+01:00,1157.3815,1159.49,1156.085,1157.6145
2015-07-09T06:00:00+01:00,1157.6095,1166.7345,1157.57,1163.9335
2015-07-09T10:00:00+01:00,1163.9285,1167.841,1160.2845,1164.609
2015-07-09T14:00:00+01:00,1164.6495,1167.6505,1160.299,1161.278
2015-07-09T18:00:00+01:00,1161.2355,1161.8685,1158.251,1159.335
2015-07-09T22:00:00+01:00,1159.815,1161.4005,1157.53,1160.0885
2015-07-10T02:00:00+01:00,1160.085,1162.9,1158.1005,1161.6685
2015-07-10T06:00:00+01:00,1161.6935,1163.905,1161.0045,1163.069
2015-07-10T10:00:00+01:00,1163.0935,1164.175,1159.0795,1160.5985
2015-07-10T14:00:00+01:00,1160.574,1165.5495,1158.4695,1160.109
2015-07-10T18:00:00+01:00,1160.015,1164.4105,1158.419,1163.45
2015-07-12T22:00:00+01:00,1163.49,1165.16,1161.495,1163.7765
2015-07-13T02:00:00+01:00,1163.7805,1164.3805,1159.5005,1160.139
2015-07-13T06:00:00+01:00,1160.125,1161.806,1153.9995,1155.003
2015-07-13T10:00:00+01:00,1154.9805,1158.2765,1152.4815,1154.35
2015-07-13T14:00:00+01:00,1154.301,1159.5105,1151.255,1156.923
2015-07-13T18:00:00+01:00,1156.83,1158.8005,1155.9195,1157.98
2015-07-13T22:00:00+01:00,1157.925,1158.404,1155.504,1156.154
2015-07-14T02:00:00+01:00,1156.1495,1156.8215,1154.984,1155.329
2015-07-14T06:00:00+01:00,1155.3505,1157.3205,1153.338,1154.1365
2015-07-14T10:00:00+01:00,1154.1465,1159.247,1153.0485,1156.4055
2015-07-14T14:00:00+01:00,1156.401,1159.9,1154.9995,1155.2755
2015-07-14T18:00:00+01:00,1155.276,1156.021,1154.0745,1155.95
2015-07-14T22:00:00+01:00,1155.3,1156.9655,1155.0105,1156.184
2015-07-15T02:00:00+01:00,1156.1585,1156.635,1154.814,1155.661
2015-07-15T06:00:00+01:00,1155.6605,1155.976,1153.751,1155.1905
2015-07-15T10:00:00+01:00,1155.179,1155.975,1151.013,1151.9085
2015-07-15T14:00:00+01:00,1151.88,1151.88,1143.3305,1147.6665
2015-07-15T18:00:00+01:00,1147.6415,1150.13,1147.3665,1149.515
2015-07-15T22:00:00+01:00,1149.47,1149.565,1147.471,1147.9755
2015-07-16T02:00:00+01:00,1148.008,1148.19,1146.1555,1147.354
2015-07-16T06:00:00+01:00,1147.359,1148.0105,1144.812,1145.543
2015-07-16T10:00:00+01:00,1145.59,1146.707,1142.4085,1143.5535
2015-07-16T14:00:00+01:00,1143.574,1147.784,1142.795,1145.385
2015-07-16T18:00:00+01:00,1145.4105,1146.475,1144.9195,1145.45
2015-07-16T22:00:00+01:00,1145.445,1145.954,1144.1235,1144.3185
2015-07-17T02:00:00+01:00,1144.284,1145.264,1143.784,1144.74
2015-07-17T06:00:00+01:00,1144.73,1145.91,1143.78,1144.0455
2015-07-17T10:00:00+01:00,1144.0705,1144.795,1138.024,1139.7215
2015-07-17T14:00:00+01:00,1139.645,1139.667,1131.264,1134.049
2015-07-17T18:00:00+01:00,1134.0235,1135.289,1132.2645,1134.53
2015-07-19T22:00:00+01:00,1133.85,1133.8635,1129.5295,1132.8545
2015-07-20T02:00:00+01:00,1132.8495,1133.065,1071.61,1107.994
2015-07-20T06:00:00+01:00,1107.9995,1119.206,1104.81,1115.6145
2015-07-20T10:00:00+01:00,1115.614,1116.2355,1109.6505,1109.875
2015-07-20T14:00:00+01:00,1109.98,1113.57,1101.9545,1108.2645
2015-07-20T18:00:00+01:00,1108.26,1109.1245,1094.535,1096.595
2015-07-20T22:00:00+01:00,1098.72,1104.0155,1097.0945,1103.9
2015-07-21T02:00:00+01:00,1103.86,1105.9565,1101.5195,1104.1905
2015-07-21T06:00:00+01:00,1104.1805,1109.47,1101.1385,1108.0405
2015-07-21T10:00:00+01:00,1108.045,1110.01,1103.1435,1103.5005
2015-07-21T14:00:00+01:00,1103.4505,1109.365,1103.12,1107.495
2015-07-21T18:00:00+01:00,1107.456,1107.4895,1098.4105,1101.25
2015-07-21T22:00:00+01:00,1101.45,1103.525,1099.331,1101.31
2015-07-22T02:00:00+01:00,1101.412,1102.84,1092.8645,1094.209
2015-07-22T06:00:00+01:00,1094.1835,1097.5845,1091.129,1094.611
2015-07-22T10:00:00+01:00,1094.609,1096.575,1087.359,1090.445
2015-07-22T14:00:00+01:00,1090.45,1096.435,1087.224,1094.0745
2015-07-22T18:00:00+01:00,1094.0645,1094.6885,1092.035,1094.295
2015-07-22T22:00:00+01:00,1094.3,1095.4695,1093.7605,1094.705
2015-07-23T02:00:00+01:00,1094.6795,1099.771,1093.657,1099.445
2015-07-23T06:00:00+01:00,1099.4445,1106.014,1095.9155,1104.7655
2015-07-23T10:00:00+01:00,1104.884,1104.884,1094.884,1095.99
2015-07-23T14:00:00+01:00,1095.99,1098.8055,1093.048,1095.38
2015-07-23T18:00:00+01:00,1095.39,1096.065,1087.35,1090.645
2015-07-23T22:00:00+01:00,1090.83,1091.7755,1089.3315,1089.8795
2015-07-24T02:00:00+01:00,1089.8845,1090.1195,1077.4195,1083.64
2015-07-24T06:00:00+01:00,1083.6295,1086.6055,1082.5135,1084.2555
2015-07-24T10:00:00+01:00,1084.265,1084.6745,1077.7335,1083.73
2015-07-24T14:00:00+01:00,1083.702,1089.08,1079.296,1085.95
2015-07-24T18:00:00+01:00,1085.9495,1101.716,1085.49,1099.05
2015-07-26T22:00:00+01:00,1099.33,1101.08,1095.3995,1096.9885
2015-07-27T02:00:00+01:00,1096.98,1099.2945,1094.5145,1097.8555
2015-07-27T06:00:00+01:00,1097.855,1105.165,1097.1985,1102.4715
2015-07-27T10:00:00+01:00,1102.461,1102.462,1088.554,1092.3505
2015-07-27T14:00:00+01:00,1092.3255,1102.3775,1092.2345,1097.4595
2015-07-27T18:00:00+01:00,1097.4745,1097.9515,1091.946,1093.945
2015-07-27T22:00:00+01:00,1094.94,1095.6055,1092.554,1094.05
2015-07-28T02:00:00+01:00,1094.0595,1096.566,1092.5555,1095.473
2015-07-28T06:00:00+01:00,1095.4835,1098.835,1094.6545,1095.7895
2015-07-28T10:00:00+01:00,1095.815,1096.456,1091.7035,1094.4985
2015-07-28T14:00:00+01:00,1094.5235,1099.105,1093.93,1095.282
2015-07-28T18:00:00+01:00,1095.2565,1097.5495,1094.9055,1095.52
2015-07-28T22:00:00+01:00,1095.42,1096.285,1094.7645,1096.126
2015-07-29T02:00:00+01:00,1096.1265,1097.9905,1095.977,1096.925
2015-07-29T06:00:00+01:00,1096.925,1099.466,1096.27,1097.2435
2015-07-29T10:00:00+01:00,1097.244,1098.1685,1093.293,1095.264
2015-07-29T14:00:00+01:00,1095.2545,1098.91,1090.515,1095.625
2015-07-29T18:00:00+01:00,1095.645,1101.9805,1093.731,1096.77
2015-07-29T22:00:00+01:00,1097.11,1098.784,1095.7745,1098.2815
2015-07-30T02:00:00+01:00,1098.2865,1098.5805,1092.475,1093.081
2015-07-30T06:00:00+01:00,1093.0515,1094.311,1082.673,1085.771
2015-07-30T10:00:00+01:00,1085.7705,1089.004,1082.705,1086.9305
2015-07-30T14:00:00+01:00,1086.9265,1095.5345,1084.04,1089.6605
2015-07-30T18:00:00+01:00,1089.6755,1091.56,1087.6415,1088.62
2015-07-30T22:00:00+01:00,1088.41,1089.5915,1088.025,1088.9365
2015-07-31T02:00:00+01:00,1088.9315,1089.1735,1084.135,1084.271
2015-07-31T06:00:00+01:00,1084.266,1086.4605,1080.934,1082.145
2015-07-31T10:00:00+01:00,1082.13,1091.7305,1080.0855,1089.702
2015-07-31T14:00:00+01:00,1089.6145,1103.54,1089.465,1094.405
2015-07-31T18:00:00+01:00,1094.415,1099.2295,1094.1895,1095.75
2015-08-02T22:00:00+01:00,1096.25,1096.6195,1092.1005,1093.054
2015-08-03T02:00:00+01:00,1093.0545,1097.62,1092.7645,1095.5265
2015-08-03T06:00:00+01:00,1095.4795,1097.8585,1092.6365,1093.6165
2015-08-03T10:00:00+01:00,1093.5855,1094.341,1089.443,1089.9335
2015-08-03T14:00:00+01:00,1089.9085,1093.42,1089.34,1091.532
2015-08-03T18:00:00+01:00,1091.4565,1092.208,1085.961,1086.725
2015-08-03T22:00:00+01:00,1084.065,1085.9605,1082.774,1083.8945
2015-08-04T02:00:00+01:00,1083.8895,1085.165,1081.139,1084.496
2015-08-04T06:00:00+01:00,1084.501,1092.374,1083.785,1091.3
2015-08-04T10:00:00+01:00,1091.255,1094.8365,1090.1105,1091.774
2015-08-04T14:00:00+01:00,1091.7795,1093.4185,1090.3855,1092.4
2015-08-04T18:00:00+01:00,1092.3995,1092.55,1084.91,1087.68
2015-08-04T22:00:00+01:00,1088.1,1088.1155,1085.7605,1086.601
2015-08-05T02:00:00+01:00,1086.5965,1087.391,1084.7295,1086.91
2015-08-05T06:00:00+01:00,1086.935,1088.494,1084.3735,1085.8835
2015-08-05T10:00:00+01:00,1085.8935,1092.665,1085.3785,1090.105
2015-08-05T14:00:00+01:00,1090.1095,1090.6635,1083.1055,1086.0315
2015-08-05T18:00:00+01:00,1086.057,1087.0865,1083.3935,1085.03
2015-08-05T22:00:00+01:00,1085.03,1085.71,1083.646,1084.3965
2015-08-06T02:00:00+01:00,1084.3915,1085.788,1083.9205,1084.6
2015-08-06T06:00:00+01:00,1084.554,1087.4045,1084.1,1085.205
2015-08-06T10:00:00+01:00,1085.2295,1087.169,1084.64,1085.7035
2015-08-06T14:00:00+01:00,1085.77,1094.1245,1085.43,1092.425
2015-08-06T18:00:00+01:00,1092.44,1093.415,1088.989,1089.61
2015-08-06T22:00:00+01:00,1089.59,1090.3905,1089.081,1089.9845
2015-08-07T02:00:00+01:00,1089.985,1091.465,1088.0945,1089.005
2015-08-07T06:00:00+01:00,1088.9985,1097.685,1087.624,1092.2135
2015-08-07T10:00:00+01:00,1092.205,1093.481,1082.89,1083.824
2015-08-07T14:00:00+01:00,1083.7985,1099.5955,1083.6105,1094.4085
2015-08-07T18:00:00+01:00,1094.4095,1095.5705,1091.4645,1094.195
2015-08-09T22:00:00+01:00,1094.785,1094.8135,1089.784,1090.7
2015-08-10T02:00:00+01:00,1090.6915,1096.4855,1090.35,1096.3435
2015-08-10T06:00:00+01:00,1096.3685,1098.632,1094.39,1095.215
2015-08-10T10:00:00+01:00,1095.205,1097.0705,1093.9445,1095.3115
2015-08-10T14:00:00+01:00,1095.4155,1109.0155,1095.15,1106.8195
2015-08-10T18:00:00+01:00,1106.8095,1107.023,1101.9295,1104.51
2015-08-10T22:00:00+01:00,1104.445,1106.645,1103.874,1105.59
2015-08-11T02:00:00+01:00,1105.615,1107.3645,1093.945,1100.512
2015-08-11T06:00:00+01:00,1100.4605,1119.519,1097.9255,1112.9565
2015-08-11T10:00:00+01:00,1112.9655,1114.39,1106.3795,1108.6855
2015-08-11T14:00:00+01:00,1108.6955,1112.51,1103.9505,1109.296
2015-08-11T18:00:00+01:00,1109.315,1110.0505,1107.986,1108.935
2015-08-11T22:00:00+01:00,1108.88,1110.9245,1108.335,1109.1965
2015-08-12T02:00:00+01:00,1109.1735,1113.4245,1101.9065,1110.69
2015-08-12T06:00:00+01:00,1110.6945,1119.9815,1109.4995,1116.8365
2015-08-12T10:00:00+01:00,1116.861,1121.5785,1115.2885,1118.179
2015-08-12T14:00:00+01:00,1118.204,1125.801,1115.0845,1124.05
2015-08-12T18:00:00+01:00,1124,1125.331,1122.825,1124.475
2015-08-12T22:00:00+01:00,1125.75,1125.93,1123.2155,1124.1465
2015-08-13T02:00:00+01:00,1124.197,1126.8845,1120.7795,1121.2145
2015-08-13T06:00:00+01:00,1121.106,1123.43,1117.641,1118.1495
2015-08-13T10:00:00+01:00,1118.149,1118.7105,1113.7635,1115.72
2015-08-13T14:00:00+01:00,1115.67,1118.5635,1113.73,1116.53
2015-08-13T18:00:00+01:00,1116.5245,1116.63,1113.9735,1115.15
2015-08-13T22:00:00+01:00,1115.15,1115.43,1113.125,1113.921
2015-08-14T02:00:00+01:00,1113.9205,1116.0665,1112.5655,1113.475
2015-08-14T06:00:00+01:00,1113.476,1117.9555,1113.299,1116.8895
2015-08-14T10:00:00+01:00,1116.896,1121.1665,1116.5315,1118.2255
2015-08-14T14:00:00+01:00,1118.2305,1120.9255,1111.9995,1113.824
2015-08-14T18:00:00+01:00,1113.774,1115.976,1112.005,1115.055
2015-08-16T22:00:00+01:00,1114.405,1115.606,1113.855,1114.105
2015-08-17T02:00:00+01:00,1114.091,1117.5885,1114.0715,1116.89
2015-08-17T06:00:00+01:00,1116.8905,1120.0795,1116.5545,1117.5795
2015-08-17T10:00:00+01:00,1117.579,1122.915,1116.185,1120.8745
2015-08-17T14:00:00+01:00,1120.88,1121.86,1116.9855,1119.15
2015-08-17T18:00:00+01:00,1119.135,1119.6505,1116.6495,1117.615
2015-08-17T22:00:00+01:00,1118,1118.6305,1116.79,1117.753
2015-08-18T02:00:00+01:00,1117.728,1119.8155,1117.538,1118.57
2015-08-18T06:00:00+01:00,1118.536,1120.732,1117.5495,1119.9715
2015-08-18T10:00:00+01:00,1119.9765,1121.236,1116.9765,1117.3465
2015-08-18T14:00:00+01:00,1117.316,1120.215,1109.7445,1116.39
2015-08-18T18:00:00+01:00,1116.357,1118.245,1116.045,1117.595
2015-08-18T22:00:00+01:00,1118.105,1118.42,1116.403,1117.149
2015-08-19T02:00:00+01:00,1117.1495,1118.553,1116.47,1117.6735
2015-08-19T06:00:00+01:00,1117.675,1124.2865,1117.4465,1122.6185
2015-08-19T10:00:00+01:00,1122.5655,1124.7,1119.3645,1120.88
2015-08-19T14:00:00+01:00,1120.86,1130.279,1119.977,1129.05
2015-08-19T18:00:00+01:00,1129.065,1134.7765,1127.17,1133.854
2015-08-19T22:00:00+01:00,1133.905,1134.5945,1132.745,1133.922
2015-08-20T02:00:00+01:00,1133.961,1139.5815,1133.4755,1138.51
2015-08-20T06:00:00+01:00,1138.553,1142.2505,1136.216,1137.675
2015-08-20T10:00:00+01:00,1137.645,1144.0855,1137.27,1141.3415
2015-08-20T14:00:00+01:00,1141.3915,1154.0105,1140.94,1152.575
2015-08-20T18:00:00+01:00,1152.6315,1154.116,1149.865,1152.275
2015-08-20T22:00:00+01:00,1152.325,1155.8605,1151.81,1154.27
2015-08-21T02:00:00+01:00,1154.262,1168.395,1153.6715,1164.1205
2015-08-21T06:00:00+01:00,1164.12,1165.7005,1150.2745,1151.493
2015-08-21T10:00:00+01:00,1151.58,1157.1695,1149.0665,1155.657
2015-08-21T14:00:00+01:00,1155.582,1161.815,1149.365,1160.001
2015-08-21T18:00:00+01:00,1160.0155,1160.8505,1156.77,1160.55
2015-08-23T22:00:00+01:00,1161.105,1165.5005,1158.8905,1160.299
2015-08-24T02:00:00+01:00,1160.2985,1164.59,1155.685,1159.032
2015-08-24T06:00:00+01:00,1159.031,1160.695,1152.444,1155.3005
2015-08-24T10:00:00+01:00,1155.255,1162.9815,1153.565,1157.1835
2015-08-24T14:00:00+01:00,1157.095,1170.174,1154.275,1155.7955
2015-08-24T18:00:00+01:00,1155.8405,1157.2205,1145.978,1155.095
2015-08-24T22:00:00+01:00,1156.12,1156.195,1150.975,1153.3295
2015-08-25T02:00:00+01:00,1153.3345,1156.75,1151.4195,1154.21
2015-08-25T06:00:00+01:00,1154.2105,1154.6945,1145.975,1149.12
2015-08-25T10:00:00+01:00,1149.12,1152.7755,1144.2535,1151.6055
2015-08-25T14:00:00+01:00,1151.6,1152.872,1134.729,1137.76
2015-08-25T18:00:00+01:00,1137.7605,1141.345,1136.983,1140.465
2015-08-25T22:00:00+01:00,1140.57,1146.6135,1140.0645,1143.7015
2015-08-26T02:00:00+01:00,1143.7105,1143.823,1133.935,1134.5005
2015-08-26T06:00:00+01:00,1134.501,1139.865,1133.465,1138.29
2015-08-26T10:00:00+01:00,1138.2995,1138.3435,1123.8715,1127.737
2015-08-26T14:00:00+01:00,1127.742,1128.2195,1117.8565,1125.729
2015-08-26T18:00:00+01:00,1125.6885,1127.999,1122.933,1125.325
2015-08-26T22:00:00+01:00,1125.83,1126.3755,1123.229,1124.1345
2015-08-27T02:00:00+01:00,1124.134,1129.289,1123.875,1127.715
2015-08-27T06:00:00+01:00,1127.7295,1128.5155,1125.21,1125.565
2015-08-27T10:00:00+01:00,1125.6105,1129.4345,1120.0065,1122.1935
2015-08-27T14:00:00+01:00,1122.145,1127.785,1118.368,1123.895
2015-08-27T18:00:00+01:00,1123.934,1126.534,1121.825,1124.995
2015-08-27T22:00:00+01:00,1125.3,1127.375,1125.1495,1125.3345
2015-08-28T02:00:00+01:00,1125.325,1132.496,1124.5545,1131.135
2015-08-28T06:00:00+01:00,1131.1195,1133.09,1128.2345,1128.85
2015-08-28T10:00:00+01:00,1128.836,1129.7165,1123.9295,1129.142
2015-08-28T14:00:00+01:00,1129.196,1140.9115,1125.4415,1135.3265
2015-08-28T18:00:00+01:00,1135.3365,1136.037,1133.064,1133.7
2015-08-30T22:00:00+01:00,1133.32,1134.46,1130.2395,1130.92
2015-08-31T02:00:00+01:00,1130.94,1135.3455,1129.395,1133.8365
2015-08-31T06:00:00+01:00,1133.787,1135.215,1131.6745,1132.695
2015-08-31T10:00:00+01:00,1132.645,1134.372,1127.1895,1127.905
2015-08-31T14:00:00+01:00,1127.915,1135.833,1125.8,1133.7065
2015-08-31T18:00:00+01:00,1133.7255,1136.7985,1132.5035,1134.895
2015-08-31T22:00:00+01:00,1134.655,1139.445,1134.515,1138.75
2015-09-01T02:00:00+01:00,1138.731,1142.7845,1138.4755,1142.4295
2015-09-01T06:00:00+01:00,1142.435,1144.351,1140.4395,1142.218
2015-09-01T10:00:00+01:00,1142.155,1145.861,1139.36,1145.8315
2015-09-01T14:00:00+01:00,1145.8945,1147.9865,1137.2395,1141.125
2015-09-01T18:00:00+01:00,1141.12,1142.025,1139.23,1140.28
2015-09-01T22:00:00+01:00,1139.73,1140.4495,1135.599,1137.1355
2015-09-02T02:00:00+01:00,1137.175,1139.9545,1137.0245,1138.1655
2015-09-02T06:00:00+01:00,1138.1705,1142.555,1137.8595,1140.95
2015-09-02T10:00:00+01:00,1140.959,1141.6505,1136.0935,1137.114
2015-09-02T14:00:00+01:00,1137.1285,1141.4115,1132.218,1135.16
2015-09-02T18:00:00+01:00,1135.111,1135.5555,1133.244,1134.105
2015-09-02T22:00:00+01:00,1133.84,1134.1795,1131.5245,1133.095
2015-09-03T02:00:00+01:00,1133.104,1133.885,1132.1695,1132.426
2015-09-03T06:00:00+01:00,1132.426,1134.446,1132.1195,1132.96
2015-09-03T10:00:00+01:00,1132.955,1133.2555,1121.94,1123.134
2015-09-03T14:00:00+01:00,1123.144,1130.77,1122.48,1124.089
2015-09-03T18:00:00+01:00,1124.0895,1126.226,1123.6005,1125.465
2015-09-03T22:00:00+01:00,1125.31,1126.796,1124.943,1124.9555
2015-09-04T02:00:00+01:00,1124.9635,1125.564,1123.763,1125.02
2015-09-04T06:00:00+01:00,1125.0045,1126.1905,1124.364,1125.207
2015-09-04T10:00:00+01:00,1125.2355,1132.515,1120.759,1122.57
2015-09-04T14:00:00+01:00,1122.5645,1122.7195,1116.91,1120.8335
2015-09-04T18:00:00+01:00,1120.809,1123.8045,1120.7335,1121.9
2015-09-06T22:00:00+01:00,1123.425,1123.9205,1118.82,1119.4205
2015-09-07T02:00:00+01:00,1119.415,1124.95,1117.8755,1122.6145
2015-09-07T06:00:00+01:00,1122.621,1124.395,1121.1955,1121.7895
2015-09-07T10:00:00+01:00,1121.7865,1123.3305,1119.6235,1120.6595
2015-09-07T14:00:00+01:00,1120.6645,1120.7315,1116.025,1119.0835
2015-09-07T18:00:00+01:00,1119.064,1119.17,1119.0485,1119.145
2015-09-07T22:00:00+01:00,1118.815,1121.675,1118.815,1120.681
2015-09-08T02:00:00+01:00,1120.6855,1122.305,1119.356,1121.195
2015-09-08T06:00:00+01:00,1121.156,1121.8495,1118.743,1120.16
2015-09-08T10:00:00+01:00,1120.125,1124.256,1119.475,1122.1705
2015-09-08T14:00:00+01:00,1122.2055,1126.8065,1120.229,1123.694
2015-09-08T18:00:00+01:00,1123.6945,1124.4745,1121.0795,1121.545
2015-09-08T22:00:00+01:00,1121.955,1123.976,1121.649,1123.8705
2015-09-09T02:00:00+01:00,1123.8805,1125.4865,1123.161,1123.8105
2015-09-09T06:00:00+01:00,1123.8,1124.2055,1120.7235,1121.6235
2015-09-09T10:00:00+01:00,1121.5985,1122.3805,1116.693,1117.106
2015-09-09T14:00:00+01:00,1117.131,1117.75,1101.39,1102.835
2015-09-09T18:00:00+01:00,1102.8505,1109.1305,1102.655,1107.87
2015-09-09T22:00:00+01:00,1106.755,1108.4715,1106.3495,1107.3945
2015-09-10T02:00:00+01:00,1107.391,1107.849,1103.946,1106.443
2015-09-10T06:00:00+01:00,1106.417,1108.733,1105.625,1107.2915
2015-09-10T10:00:00+01:00,1107.292,1112.3195,1106.019,1110.7445
2015-09-10T14:00:00+01:00,1110.755,1115.158,1108.43,1110.9355
2015-09-10T18:00:00+01:00,1110.925,1113.5205,1110.1645,1110.945
2015-09-10T22:00:00+01:00,1111.28,1112.42,1111.0045,1112.2585
2015-09-11T02:00:00+01:00,1112.259,1113.0195,1111.4885,1112.58
2015-09-11T06:00:00+01:00,1112.6255,1112.794,1105.5355,1107.4245
2015-09-11T10:00:00+01:00,1107.4,1108.475,1105.2405,1106.551
2015-09-11T14:00:00+01:00,1106.562,1106.9505,1098.82,1105.0085
2015-09-11T18:00:00+01:00,1105.0145,1108.5945,1103.413,1107.78
2015-09-13T22:00:00+01:00,1107.9405,1108.22,1104.8745,1106.1335
2015-09-14T02:00:00+01:00,1106.138,1109.8385,1106.0645,1108.2445
2015-09-14T06:00:00+01:00,1108.2555,1109.106,1106.845,1107.2495
2015-09-14T10:00:00+01:00,1107.279,1109.0855,1103.629,1105.347
2015-09-14T14:00:00+01:00,1105.3215,1110.185,1104.3,1109.907
2015-09-14T18:00:00+01:00,1109.94,1110.5715,1108.15,1109.1
2015-09-14T22:00:00+01:00,1108.15,1109.5065,1106.7595,1107.85
2015-09-15T02:00:00+01:00,1107.86,1108.95,1106.6835,1107.9935
2015-09-15T06:00:00+01:00,1107.989,1108.938,1105.2085,1105.8735
2015-09-15T10:00:00+01:00,1105.9235,1109.2255,1102.6035,1107.1235
2015-09-15T14:00:00+01:00,1107.073,1107.999,1103.3695,1104.5255
2015-09-15T18:00:00+01:00,1104.555,1105.8885,1103.4,1105.25
2015-09-15T22:00:00+01:00,1105.37,1106.094,1104.103,1105.0085
2015-09-16T02:00:00+01:00,1104.9995,1105.755,1104.2585,1104.5
2015-09-16T06:00:00+01:00,1104.51,1108.9365,1104.4505,1108.044
2015-09-16T10:00:00+01:00,1108.034,1115.052,1107.5195,1114.169
2015-09-16T14:00:00+01:00,1114.164,1124.297,1112.415,1123.5665
2015-09-16T18:00:00+01:00,1123.542,1123.8165,1118.8845,1119.515
2015-09-16T22:00:00+01:00,1119.445,1121.6105,1119.1945,1119.67
2015-09-17T02:00:00+01:00,1119.669,1123.0805,1119.6645,1120.13
2015-09-17T06:00:00+01:00,1120.0955,1121.879,1118.9985,1119.7235
2015-09-17T10:00:00+01:00,1119.673,1119.8235,1115.9645,1117.18
2015-09-17T14:00:00+01:00,1117.1735,1119.6705,1115.5195,1117.825
2015-09-17T18:00:00+01:00,1117.8355,1135.73,1116.83,1131.455
2015-09-17T22:00:00+01:00,1131.48,1132.375,1129.6595,1129.9655
2015-09-18T02:00:00+01:00,1129.97,1131.844,1127.64,1129.175
2015-09-18T06:00:00+01:00,1129.17,1133.612,1127.72,1133.5695
2015-09-18T10:00:00+01:00,1133.565,1141.77,1132.749,1140.1855
2015-09-18T14:00:00+01:00,1140.37,1141.7855,1136.1495,1138.0585
2015-09-18T18:00:00+01:00,1138.0545,1139.9245,1136.285,1139.1
2015-09-20T22:00:00+01:00,1139.33,1140.1055,1136.0805,1137.964
2015-09-21T02:00:00+01:00,1137.9695,1138.8685,1137.16,1137.795
2015-09-21T06:00:00+01:00,1137.7865,1140.0205,1137.665,1138.792
2015-09-21T10:00:00+01:00,1138.7415,1138.742,1129.654,1133.3755
2015-09-21T14:00:00+01:00,1133.3505,1134.91,1130.8765,1133.295
2015-09-21T18:00:00+01:00,1133.301,1134.17,1131.4915,1133.39
2015-09-21T22:00:00+01:00,1133.325,1134.1565,1132.359,1133.6605
2015-09-22T02:00:00+01:00,1133.6655,1134.8745,1133.157,1133.4
2015-09-22T06:00:00+01:00,1133.3995,1136.722,1132.4605,1135.1535
2015-09-22T10:00:00+01:00,1135.1345,1135.2,1123.2765,1124.2845
2015-09-22T14:00:00+01:00,1124.3095,1127.0245,1121.4735,1125.8395
2015-09-22T18:00:00+01:00,1125.8745,1126.511,1124.494,1124.71
2015-09-22T22:00:00+01:00,1124.6,1125.6255,1123.359,1124.5565
2015-09-23T02:00:00+01:00,1124.57,1125.203,1121.995,1124.11
2015-09-23T06:00:00+01:00,1124.0995,1128.435,1123.5985,1127.1505
2015-09-23T10:00:00+01:00,1127.18,1131.5905,1124.5465,1129.9665
2015-09-23T14:00:00+01:00,1129.9915,1134.2995,1129.216,1132.63
2015-09-23T18:00:00+01:00,1132.576,1132.7365,1129.7615,1130.33
2015-09-23T22:00:00+01:00,1130.78,1132.484,1130.345,1131.9605
2015-09-24T02:00:00+01:00,1131.9655,1136.3305,1131.5545,1134.364
2015-09-24T06:00:00+01:00,1134.359,1137.7255,1134.0795,1135.49
2015-09-24T10:00:00+01:00,1135.5115,1138.9465,1134.421,1138.765
2015-09-24T14:00:00+01:00,1138.77,1156.821,1138.769,1152.9515
2015-09-24T18:00:00+01:00,1152.9015,1154.7255,1150.606,1153.925
2015-09-24T22:00:00+01:00,1151.53,1151.91,1149.154,1149.886
2015-09-25T02:00:00+01:00,1149.881,1151.3515,1146.3305,1147.0105
2015-09-25T06:00:00+01:00,1146.975,1148.2615,1140.8805,1142.174
2015-09-25T10:00:00+01:00,1142.1745,1145.236,1140.906,1144.315
2015-09-25T14:00:00+01:00,1144.325,1148.0105,1143.754,1145.8635
2015-09-25T18:00:00+01:00,1145.7965,1148.779,1144.701,1146.12
2015-09-27T22:00:00+01:00,1145.405,1148.384,1144.485,1146.8145
2015-09-28T02:00:00+01:00,1146.78,1147.5405,1143.81,1145.507
2015-09-28T06:00:00+01:00,1145.495,1146.522,1136.26,1138.27
2015-09-28T10:00:00+01:00,1138.2705,1138.929,1128.0805,1129.467
2015-09-28T14:00:00+01:00,1129.462,1136.9705,1129.1515,1134.14
2015-09-28T18:00:00+01:00,1134.1695,1134.3405,1131.185,1132.07
2015-09-28T22:00:00+01:00,1132.235,1133.461,1131.6295,1132.665
2015-09-29T02:00:00+01:00,1132.6605,1133.933,1131.506,1131.5065
2015-09-29T06:00:00+01:00,1131.501,1131.557,1125.615,1126.9745
2015-09-29T10:00:00+01:00,1126.974,1131.1215,1124.379,1130.405
2015-09-29T14:00:00+01:00,1130.3605,1134.79,1128.9005,1130.8335
2015-09-29T18:00:00+01:00,1130.85,1130.99,1125.91,1127.19
2015-09-29T22:00:00+01:00,1127.555,1128.295,1125.679,1127.3295
2015-09-30T02:00:00+01:00,1127.311,1128.1505,1122.96,1125.791
2015-09-30T06:00:00+01:00,1125.7995,1127.2345,1122.7985,1125.381
2015-09-30T10:00:00+01:00,1125.3755,1125.379,1116.72,1116.915
2015-09-30T14:00:00+01:00,1116.9255,1117.933,1111.8345,1114.9635
2015-09-30T18:00:00+01:00,1114.929,1117.4095,1113.4385,1114.83
2015-09-30T22:00:00+01:00,1115.495,1116.204,1114.3155,1116.176
2015-10-01T02:00:00+01:00,1116.185,1116.4215,1114.566,1114.817
2015-10-01T06:00:00+01:00,1114.842,1114.9305,1111.1935,1113.445
2015-10-01T10:00:00+01:00,1113.444,1116.945,1112.6,1115.855
2015-10-01T14:00:00+01:00,1115.925,1119.2515,1114.444,1115.336
2015-10-01T18:00:00+01:00,1115.3355,1116.114,1113.394,1113.56
2015-10-01T22:00:00+01:00,1113.315,1114.0605,1111.8495,1112.547
2015-10-02T02:00:00+01:00,1112.562,1113.611,1111.419,1112.5255
2015-10-02T06:00:00+01:00,1112.5205,1112.5205,1107.265,1107.3995
2015-10-02T10:00:00+01:00,1107.365,1136.9855,1104.7185,1132.049
2015-10-02T14:00:00+01:00,1132.0495,1141.3715,1132.0495,1136.1845
2015-10-02T18:00:00+01:00,1136.149,1139.4955,1134.819,1138.45
2015-10-04T22:00:00+01:00,1137.98,1139.8555,1136.6735,1137.2695
2015-10-05T02:00:00+01:00,1137.269,1138.4695,1135.7545,1136.0765
2015-10-05T06:00:00+01:00,1136.0805,1137.6335,1133.8195,1135.8895
2015-10-05T10:00:00+01:00,1135.8745,1138.719,1130.2505,1135.06
2015-10-05T14:00:00+01:00,1135.0905,1142.035,1132.6515,1134.75
2015-10-05T18:00:00+01:00,1134.779,1138.51,1134.0605,1135.705
2015-10-05T22:00:00+01:00,1135.645,1137.735,1135.1305,1136.5935
2015-10-06T02:00:00+01:00,1136.585,1137.3655,1135.946,1136.202
2015-10-06T06:00:00+01:00,1136.2015,1139.9505,1136.036,1136.883
2015-10-06T10:00:00+01:00,1136.9,1144.9885,1136.43,1143.8005
2015-10-06T14:00:00+01:00,1143.8105,1151.2655,1143.695,1146.554
2015-10-06T18:00:00+01:00,1146.5545,1147.744,1144.8195,1147.275
2015-10-06T22:00:00+01:00,1147.075,1148.5755,1146.3595,1147.6705
2015-10-07T02:00:00+01:00,1147.672,1149.5365,1147.6715,1148.49
2015-10-07T06:00:00+01:00,1148.495,1153.1145,1148.045,1148.8685
2015-10-07T10:00:00+01:00,1148.9185,1153.7685,1146.9985,1151.56
2015-10-07T14:00:00+01:00,1151.525,1151.96,1141.9,1145.89
2015-10-07T18:00:00+01:00,1145.8895,1150.3055,1145.2545,1145.42
2015-10-07T22:00:00+01:00,1145.64,1146.4005,1143.581,1143.8855
2015-10-08T02:00:00+01:00,1143.886,1145.224,1141.75,1143.796
2015-10-08T06:00:00+01:00,1143.7955,1145.344,1140.6085,1143.5085
2015-10-08T10:00:00+01:00,1143.519,1145.3455,1136.7095,1138.8295
2015-10-08T14:00:00+01:00,1138.839,1146.579,1138.424,1144.192
2015-10-08T18:00:00+01:00,1144.23,1151.424,1138.9095,1139.08
2015-10-08T22:00:00+01:00,1138.86,1141.997,1138.791,1140.8855
2015-10-09T02:00:00+01:00,1140.891,1148.0535,1140.801,1147.369
2015-10-09T06:00:00+01:00,1147.3695,1154.8345,1145.5745,1153.881
2015-10-09T10:00:00+01:00,1153.891,1157.885,1150.97,1156.3255
2015-10-09T14:00:00+01:00,1156.2905,1159.771,1151.221,1158.917
2015-10-09T18:00:00+01:00,1158.95,1159.2055,1154.909,1156.155
2015-10-11T22:00:00+01:00,1155.57,1157.06,1154.959,1155.9905
2015-10-12T02:00:00+01:00,1155.981,1159.1,1155.7495,1157.88
2015-10-12T06:00:00+01:00,1157.87,1166.8265,1157.784,1164.4495
2015-10-12T10:00:00+01:00,1164.4415,1169.131,1163.35,1166.3495
2015-10-12T14:00:00+01:00,1166.36,1167.1305,1159.3695,1164.286
2015-10-12T18:00:00+01:00,1164.2855,1165.1265,1160.946,1163.7
2015-10-12T22:00:00+01:00,1163.3,1164.0605,1161.1655,1161.291
2015-10-13T02:00:00+01:00,1161.301,1161.436,1153.1145,1154.8305
2015-10-13T06:00:00+01:00,1154.835,1158.416,1154.397,1156.175
2015-10-13T10:00:00+01:00,1156.18,1161.301,1151.931,1159.917
2015-10-13T14:00:00+01:00,1159.922,1167.5315,1158.866,1165.399
2015-10-13T18:00:00+01:00,1165.3985,1168.88,1164.9195,1167.645
2015-10-13T22:00:00+01:00,1168.66,1169.1595,1166.635,1168.835
2015-10-14T02:00:00+01:00,1168.8325,1174.805,1167.8095,1173.831
2015-10-14T06:00:00+01:00,1173.8745,1176.293,1171.7395,1174.79
2015-10-14T10:00:00+01:00,1174.765,1176.154,1163.4895,1175.71
2015-10-14T14:00:00+01:00,1175.707,1178.9965,1172.885,1178.5505
2015-10-14T18:00:00+01:00,1178.5555,1189.8955,1178.1,1184.03
2015-10-14T22:00:00+01:00,1184.2,1186.53,1182.7745,1185.22
2015-10-15T02:00:00+01:00,1185.2205,1185.5465,1181.714,1184.395
2015-10-15T06:00:00+01:00,1184.3995,1187.225,1182.7755,1184.0815
2015-10-15T10:00:00+01:00,1184.04,1191.5955,1174.554,1180.046
2015-10-15T14:00:00+01:00,1179.9565,1190.4215,1177.6195,1187.3695
2015-10-15T18:00:00+01:00,1187.3645,1188.6045,1181.691,1183.23
2015-10-15T22:00:00+01:00,1182.69,1183.2515,1181.474,1181.9465
2015-10-16T02:00:00+01:00,1181.946,1183.11,1177.482,1178.072
2015-10-16T06:00:00+01:00,1178.075,1178.5915,1175.4965,1176.921
2015-10-16T10:00:00+01:00,1176.9215,1183.559,1176.1005,1182.5035
2015-10-16T14:00:00+01:00,1182.504,1184.5465,1178.989,1182.11
2015-10-16T18:00:00+01:00,1182.1515,1183.63,1174.4045,1176.95
2015-10-18T22:00:00+01:00,1176.84,1178.135,1175.3845,1175.851
2015-10-19T02:00:00+01:00,1175.8465,1177.835,1171.36,1172.274
2015-10-19T06:00:00+01:00,1172.2685,1173.96,1170.8705,1173.0635
2015-10-19T10:00:00+01:00,1173.085,1177.649,1171.301,1176.901
2015-10-19T14:00:00+01:00,1176.912,1178.2685,1169.2895,1172.0205
2015-10-19T18:00:00+01:00,1172.02,1173.4805,1168.7,1170.925
2015-10-19T22:00:00+01:00,1170.86,1171.6255,1168.9105,1169.9955
2015-10-20T02:00:00+01:00,1169.9855,1170.896,1167.494,1168.83
2015-10-20T06:00:00+01:00,1168.82,1175.4285,1168.441,1173.4995
2015-10-20T10:00:00+01:00,1173.4965,1177.4995,1171.861,1173.451
2015-10-20T14:00:00+01:00,1173.436,1180.939,1171.52,1177.026
2015-10-20T18:00:00+01:00,1177.075,1178.2075,1174.779,1176.115
2015-10-20T22:00:00+01:00,1175.73,1177.981,1175.2955,1177.38
2015-10-21T02:00:00+01:00,1177.4055,1179.37,1176.5085,1177.544
2015-10-21T06:00:00+01:00,1177.554,1178.164,1173.5185,1175.98
2015-10-21T10:00:00+01:00,1175.9695,1177.941,1174.515,1176.466
2015-10-21T14:00:00+01:00,1176.4705,1176.771,1163.829,1167.071
2015-10-21T18:00:00+01:00,1167.0855,1168.245,1165.8435,1167.4
2015-10-21T22:00:00+01:00,1167.005,1168.0255,1165.7035,1167.0765
2015-10-22T02:00:00+01:00,1167.106,1167.74,1164.621,1166.205
2015-10-22T06:00:00+01:00,1166.2005,1170.086,1165.1265,1167.149
2015-10-22T10:00:00+01:00,1167.1245,1170.035,1162.9645,1164.926
2015-10-22T14:00:00+01:00,1164.93,1171.8705,1162.7465,1167.4695
2015-10-22T18:00:00+01:00,1167.475,1167.845,1164.454,1165.76
2015-10-22T22:00:00+01:00,1166.08,1167.321,1164.52,1165.6145
2015-10-23T02:00:00+01:00,1165.625,1169.5235,1165.396,1168.5505
2015-10-23T06:00:00+01:00,1168.525,1175.1605,1167.9945,1174.3155
2015-10-23T10:00:00+01:00,1174.3415,1179.4855,1170.5705,1177.167
2015-10-23T14:00:00+01:00,1177.1555,1177.166,1159.075,1163.221
2015-10-23T18:00:00+01:00,1163.209,1166.7645,1162.38,1164.49
2015-10-25T21:00:00+00:00,1163.975,1164.3745,1162.2695,1162.8745
2015-10-26T01:00:00+00:00,1162.913,1165.5695,1162.8105,1165.273
2015-10-26T05:00:00+00:00,1165.3115,1166.5045,1162.569,1165.6135
2015-10-26T09:00:00+00:00,1165.6185,1168.525,1164.1955,1165.895
2015-10-26T13:00:00+00:00,1165.926,1169.765,1164.1805,1166.2565
2015-10-26T17:00:00+00:00,1166.256,1167.135,1163.0145,1163.39
2015-10-26T21:00:00+00:00,1163.245,1164.763,1162.4985,1164.231
2015-10-27T01:00:00+00:00,1164.1855,1165.2505,1163.488,1165.0585
2015-10-27T05:00:00+00:00,1165.058,1167.3105,1163.889,1165.5055
2015-10-27T09:00:00+00:00,1165.544,1168.865,1161.511,1162.725
2015-10-27T13:00:00+00:00,1162.6015,1167.9445,1160.8445,1166.165
2015-10-27T17:00:00+00:00,1166.2495,1167.2045,1165.6895,1166.8
2015-10-27T21:00:00+00:00,1166.795,1167.585,1165.446,1166.2865
2015-10-28T01:00:00+00:00,1166.29,1168.9205,1165.77,1167.9345
2015-10-28T05:00:00+00:00,1167.985,1172.8255,1167.7,1172.274
2015-10-28T09:00:00+00:00,1172.269,1175.5085,1171.0855,1174.8095
2015-10-28T13:00:00+00:00,1174.72,1183.0305,1173.5215,1178.578
2015-10-28T17:00:00+00:00,1178.5435,1179.5005,1152.4595,1156.14
2015-10-28T21:00:00+00:00,1156.5505,1159.951,1155.275,1159.9355
2015-10-29T01:00:00+00:00,1159.9455,1162.2795,1158.91,1160.321
2015-10-29T05:00:00+00:00,1160.3015,1162.8005,1157.3765,1159.77
2015-10-29T09:00:00+00:00,1159.74,1162.095,1152.8,1154.489
2015-10-29T13:00:00+00:00,1154.446,1157.5605,1147.766,1149.63
2015-10-29T17:00:00+00:00,1149.6335,1149.6335,1144.164,1144.85
2015-10-29T21:00:00+00:00,1147.125,1148.355,1144.8685,1146.189
2015-10-30T01:00:00+00:00,1146.1935,1148.039,1145.66,1147.755
2015-10-30T05:00:00+00:00,1147.7545,1150.1755,1146.66,1148.871
2015-10-30T09:00:00+00:00,1148.8705,1149.4785,1140.685,1141.985
2015-10-30T13:00:00+00:00,1142.029,1144.6855,1139.34,1143.155
2015-10-30T17:00:00+00:00,1143.15,1143.63,1140.9015,1142.11
2015-11-01T22:00:00+00:00,1141.835,1142.1755,1134.3085,1138.7355
2015-11-02T02:00:00+00:00,1138.736,1142.6765,1138.736,1142.1565
2015-11-02T06:00:00+00:00,1142.1815,1143.125,1137.72,1137.82
2015-11-02T10:00:00+00:00,1137.7895,1139.1505,1136.32,1136.905
2015-11-02T14:00:00+00:00,1136.7995,1137.574,1133.081,1134.999
2015-11-02T18:00:00+00:00,1135.0345,1136.9845,1132.7445,1133.695
2015-11-02T22:00:00+00:00,1133.56,1136.115,1133.1245,1135.6705
2015-11-03T02:00:00+00:00,1135.6795,1138.35,1135.0465,1137.72
2015-11-03T06:00:00+00:00,1137.796,1138.356,1132.359,1133.789
2015-11-03T10:00:00+00:00,1133.734,1133.9345,1126.769,1127.224
2015-11-03T14:00:00+00:00,1127.22,1128.136,1114.905,1116.946
2015-11-03T18:00:00+00:00,1116.975,1118.7995,1114.5195,1117.76
2015-11-03T22:00:00+00:00,1117.76,1122.956,1117.715,1122.677
2015-11-04T02:00:00+00:00,1122.6765,1122.895,1120.5745,1121.551
2015-11-04T06:00:00+00:00,1121.5455,1121.556,1116.9695,1119.0735
2015-11-04T10:00:00+00:00,1119.06,1121.4995,1115.6135,1119.4895
2015-11-04T14:00:00+00:00,1119.393,1120.949,1110.705,1110.98
2015-11-04T18:00:00+00:00,1110.986,1111.1455,1106.4805,1107.924
2015-11-04T22:00:00+00:00,1107.85,1110.6245,1107.525,1109.55
2015-11-05T02:00:00+00:00,1109.545,1111.6155,1108.7705,1109.7005
2015-11-05T06:00:00+00:00,1109.7105,1111.375,1107.256,1109.22
2015-11-05T10:00:00+00:00,1109.22,1111.2905,1105.874,1109.134
2015-11-05T14:00:00+00:00,1109.1335,1110.78,1104.575,1106.815
2015-11-05T18:00:00+00:00,1106.8145,1107.219,1103.0945,1103.93
2015-11-05T22:00:00+00:00,1104.035,1108.501,1103.72,1107.561
2015-11-06T02:00:00+00:00,1107.5545,1109.676,1107.406,1109.412
2015-11-06T06:00:00+00:00,1109.4165,1110.5755,1108.2055,1108.335
2015-11-06T10:00:00+00:00,1108.3735,1109.414,1087.352,1088.645
2015-11-06T14:00:00+00:00,1088.64,1090.88,1085.5405,1088.961
2015-11-06T18:00:00+00:00,1088.946,1090.681,1087.486,1089.735
2015-11-08T22:00:00+00:00,1089.9965,1093.2445,1089.205,1092.8895
2015-11-09T02:00:00+00:00,1092.889,1094.0285,1092.8455,1093.5365
2015-11-09T06:00:00+00:00,1093.559,1095.125,1092.4855,1094.5705
2015-11-09T10:00:00+00:00,1094.571,1095.865,1089.98,1090.5455
2015-11-09T14:00:00+00:00,1090.545,1091.876,1088.4745,1090.1995
2015-11-09T18:00:00+00:00,1090.2,1092.6695,1088.7155,1092.24
2015-11-09T22:00:00+00:00,1091.93,1093.875,1090.9785,1093.1745
2015-11-10T02:00:00+00:00,1093.18,1093.8255,1091.41,1092.839
2015-11-10T06:00:00+00:00,1092.8885,1094.6405,1090.0855,1093.175
2015-11-10T10:00:00+00:00,1093.082,1094.7235,1087.5255,1088.4505
2015-11-10T14:00:00+00:00,1088.451,1093.374,1085.335,1089.794
2015-11-10T18:00:00+00:00,1089.775,1090.36,1087.704,1089.67
2015-11-10T22:00:00+00:00,1089.79,1093.5455,1088.674,1092.3585
2015-11-11T02:00:00+00:00,1092.3905,1093.406,1090.46,1092.525
2015-11-11T06:00:00+00:00,1092.53,1093.7315,1088.38,1089.24
2015-11-11T10:00:00+00:00,1089.195,1090.269,1086.9895,1087.6535
2015-11-11T14:00:00+00:00,1087.6285,1088.9405,1084.405,1085.2445
2015-11-11T18:00:00+00:00,1085.23,1086.5895,1084.255,1086.44
2015-11-11T22:00:00+00:00,1086.345,1089.554,1085.6545,1088.96
2015-11-12T02:00:00+00:00,1088.9935,1089.3555,1087.393,1088.564
2015-11-12T06:00:00+00:00,1088.569,1088.768,1086.755,1087.5345
2015-11-12T10:00:00+00:00,1087.531,1088.7905,1079.544,1080.227
2015-11-12T14:00:00+00:00,1080.2125,1089.7405,1074.2895,1081.2345
2015-11-12T18:00:00+00:00,1081.24,1085.539,1080.446,1085.215
2015-11-12T22:00:00+00:00,1084.88,1085.43,1080.4,1082.4915
2015-11-13T02:00:00+00:00,1082.491,1084.615,1081.6745,1082.2965
2015-11-13T06:00:00+00:00,1082.2915,1085.41,1081.5645,1083.9885
2015-11-13T10:00:00+00:00,1083.989,1088.7445,1080.5795,1081.161
2015-11-13T14:00:00+00:00,1081.234,1083.69,1079.8345,1081.17
2015-11-13T18:00:00+00:00,1081.169,1084.075,1080.7455,1083.845
2015-11-15T22:00:00+00:00,1089.67,1093.76,1086.094,1092.304
2015-11-16T02:00:00+00:00,1092.3085,1095.4505,1092.034,1095.316
2015-11-16T06:00:00+00:00,1095.375,1098.2555,1091.312,1091.9345
2015-11-16T10:00:00+00:00,1091.934,1094.545,1087.175,1087.884
2015-11-16T14:00:00+00:00,1087.8835,1088.243,1084.3795,1085.3145
2015-11-16T18:00:00+00:00,1085.315,1085.6555,1081.4855,1082.94
2015-11-16T22:00:00+00:00,1083.69,1085.155,1081.8305,1084.109
2015-11-17T02:00:00+00:00,1084.1135,1084.7385,1077.04,1078.539
2015-11-17T06:00:00+00:00,1078.534,1081.7105,1077.4565,1081.6085
2015-11-17T10:00:00+00:00,1081.594,1083.506,1077.444,1078.67
2015-11-17T14:00:00+00:00,1078.6295,1080.86,1065.5795,1069.451
2015-11-17T18:00:00+00:00,1069.4505,1073.85,1068.805,1070.395
2015-11-17T22:00:00+00:00,1071.415,1072.215,1065.601,1066.3155
2015-11-18T02:00:00+00:00,1066.311,1070.0005,1064.6735,1068.9845
2015-11-18T06:00:00+00:00,1068.9705,1072.7505,1068.837,1071.855
2015-11-18T10:00:00+00:00,1071.8435,1072.061,1067.0955,1068.8505
2015-11-18T14:00:00+00:00,1068.884,1071.9605,1067.034,1068.7645
2015-11-18T18:00:00+00:00,1068.764,1075.545,1066.279,1070.68
2015-11-18T22:00:00+00:00,1070.23,1078.4935,1070.23,1077.716
2015-11-19T02:00:00+00:00,1077.72,1079.315,1075.676,1077.1345
2015-11-19T06:00:00+00:00,1077.141,1078.978,1074.622,1074.726
2015-11-19T10:00:00+00:00,1074.7155,1074.8005,1069.59,1071.1785
2015-11-19T14:00:00+00:00,1071.1835,1087.52,1070.8435,1080.4545
2015-11-19T18:00:00+00:00,1080.455,1083.1115,1078.309,1082.27
2015-11-19T22:00:00+00:00,1081.326,1084.19,1080.3095,1084.026
2015-11-20T02:00:00+00:00,1084.0255,1086.484,1083.056,1086.053
2015-11-20T06:00:00+00:00,1086.048,1088.1935,1079.6745,1086.033
2015-11-20T10:00:00+00:00,1086.0335,1087.2705,1081.404,1082.32
2015-11-20T14:00:00+00:00,1082.3235,1083.425,1075.941,1078.16
2015-11-20T18:00:00+00:00,1078.135,1078.9855,1075.9855,1077.97
2015-11-22T22:00:00+00:00,1077.24,1077.2805,1071.2695,1071.515
2015-11-23T02:00:00+00:00,1071.515,1072.205,1067.5455,1070.076
2015-11-23T06:00:00+00:00,1070.0755,1073.369,1068.86,1070.67
2015-11-23T10:00:00+00:00,1070.66,1072.7905,1066.87,1070.3305
2015-11-23T14:00:00+00:00,1070.356,1075.2655,1067.6015,1070.0305
2015-11-23T18:00:00+00:00,1069.9905,1070.3005,1067.3695,1069.285
2015-11-23T22:00:00+00:00,1069.27,1072.316,1068.9695,1070.69
2015-11-24T02:00:00+00:00,1070.69,1072.575,1069.9505,1071.3765
2015-11-24T06:00:00+00:00,1071.3805,1075.364,1071.11,1074.2155
2015-11-24T10:00:00+00:00,1074.206,1081.237,1072.821,1077.2635
2015-11-24T14:00:00+00:00,1077.289,1078.845,1073.0895,1075.269
2015-11-24T18:00:00+00:00,1075.2695,1075.956,1074.173,1075.58
2015-11-24T22:00:00+00:00,1075.56,1078.4205,1074.57,1078.1355
2015-11-25T02:00:00+00:00,1078.195,1080.9505,1078.111,1079.05
2015-11-25T06:00:00+00:00,1079.026,1080.194,1072.975,1073.405
2015-11-25T10:00:00+00:00,1073.366,1074.9265,1069.084,1071.234
2015-11-25T14:00:00+00:00,1071.275,1072.976,1068.021,1071.123
2015-11-25T18:00:00+00:00,1071.0735,1072.155,1069.956,1071.35
2015-11-25T22:00:00+00:00,1071.685,1072.746,1069.835,1072.7305
2015-11-26T02:00:00+00:00,1072.72,1074.9815,1072.0335,1072.4835
2015-11-26T06:00:00+00:00,1072.49,1074.3265,1070.8195,1071.536
2015-11-26T10:00:00+00:00,1071.51,1073.474,1070.4405,1071.846
2015-11-26T14:00:00+00:00,1071.845,1072.2545,1070.525,1072.0045
2015-11-26T18:00:00+00:00,1072.04,1072.04,1072.04,1072.04
2015-11-26T22:00:00+00:00,1071.935,1073.9315,1070.0895,1070.649
2015-11-27T02:00:00+00:00,1070.6495,1071.017,1067,1068.399
2015-11-27T06:00:00+00:00,1068.4235,1069.5495,1066.6905,1066.9085
2015-11-27T10:00:00+00:00,1066.919,1067.034,1054.6635,1055.7255
2015-11-27T14:00:00+00:00,1055.816,1061.835,1052.8695,1058.205
2015-11-27T18:00:00+00:00,1058.205,1060.4305,1057.2695,1058.485
2015-11-29T22:00:00+00:00,1057.09,1058.985,1053.629,1054.8365
2015-11-30T02:00:00+00:00,1054.8445,1057.8785,1053.291,1056.6335
2015-11-30T06:00:00+00:00,1056.61,1058.1745,1054.321,1056.4545
2015-11-30T10:00:00+00:00,1056.4555,1060.5995,1054.9845,1058.605
2015-11-30T14:00:00+00:00,1058.6055,1064.49,1058.5555,1064.1735
2015-11-30T18:00:00+00:00,1064.1985,1069.82,1063.924,1064.625
2015-11-30T22:00:00+00:00,1065.169,1069.899,1063.3605,1068.455
2015-12-01T02:00:00+00:00,1068.446,1074.774,1068.345,1072.203
2015-12-01T06:00:00+00:00,1072.178,1073.179,1069.58,1070.303
2015-12-01T10:00:00+00:00,1070.2985,1072.69,1066.95,1068.4735
2015-12-01T14:00:00+00:00,1068.4785,1070.2685,1064.165,1064.9995
2015-12-01T18:00:00+00:00,1064.979,1069.8105,1063.9295,1069.175
2015-12-01T22:00:00+00:00,1068.67,1071.6305,1068.465,1069.9205
2015-12-02T02:00:00+00:00,1069.921,1070.159,1067.9405,1067.9665
2015-12-02T06:00:00+00:00,1067.9805,1069.3055,1067.1015,1067.809
2015-12-02T10:00:00+00:00,1067.805,1067.8805,1058.1095,1058.4005
2015-12-02T14:00:00+00:00,1058.405,1060.014,1050.721,1053.8305
2015-12-02T18:00:00+00:00,1053.9045,1057.43,1051.749,1053.595
2015-12-02T22:00:00+00:00,1053.94,1055.1615,1046.4005,1050.175
2015-12-03T02:00:00+00:00,1050.17,1054.577,1049.5405,1053.7395
2015-12-03T06:00:00+00:00,1053.7505,1054.145,1049.0195,1050.4185
2015-12-03T10:00:00+00:00,1050.4235,1063.208,1049.825,1057.505
2015-12-03T14:00:00+00:00,1057.504,1062.425,1053.891,1061.3
2015-12-03T18:00:00+00:00,1061.3,1065.559,1060.13,1062.115
2015-12-03T22:00:00+00:00,1063.095,1065.106,1060.095,1061.0995
2015-12-04T02:00:00+00:00,1061.099,1064.23,1060.755,1062.6155
2015-12-04T06:00:00+00:00,1062.61,1063.17,1058.2935,1061.7915
2015-12-04T10:00:00+00:00,1061.787,1071.7455,1060.75,1068.494
2015-12-04T14:00:00+00:00,1068.4845,1088.951,1067.979,1084.1235
2015-12-04T18:00:00+00:00,1084.12,1088.051,1082.46,1086.33
2015-12-06T22:00:00+00:00,1085.92,1086.75,1082.789,1086.218
2015-12-07T02:00:00+00:00,1086.2295,1086.6715,1084.314,1085.318
2015-12-07T06:00:00+00:00,1085.3135,1086.0255,1082.5885,1083.366
2015-12-07T10:00:00+00:00,1083.34,1083.821,1079.0265,1080.116
2015-12-07T14:00:00+00:00,1080.1265,1081.4245,1073.9745,1076.7505
2015-12-07T18:00:00+00:00,1076.756,1077.8655,1066.4395,1071.435
2015-12-07T22:00:00+00:00,1070.66,1072.5445,1067.88,1069.094
2015-12-08T02:00:00+00:00,1069.089,1073.6255,1068.381,1072.3735
2015-12-08T06:00:00+00:00,1072.379,1075.3305,1071.725,1074.6385
2015-12-08T10:00:00+00:00,1074.6485,1074.8155,1067.746,1069.545
2015-12-08T14:00:00+00:00,1069.5495,1079.2895,1069.5495,1074.3105
2015-12-08T18:00:00+00:00,1074.315,1076.88,1072.8135,1074.94
2015-12-08T22:00:00+00:00,1075.11,1077.7505,1074.08,1076.6605
2015-12-09T02:00:00+00:00,1076.661,1078.724,1076.244,1077.233
2015-12-09T06:00:00+00:00,1077.2285,1077.8545,1073.285,1075.6145
2015-12-09T10:00:00+00:00,1075.614,1084.6235,1074.655,1082.428
2015-12-09T14:00:00+00:00,1082.475,1085.4905,1069.641,1077.3305
2015-12-09T18:00:00+00:00,1077.326,1078.371,1072.231,1072.82
2015-12-09T22:00:00+00:00,1072.19,1075.15,1071.9955,1073.9805
2015-12-10T02:00:00+00:00,1073.985,1076.606,1073.666,1074.1235
2015-12-10T06:00:00+00:00,1074.1245,1075.161,1072.441,1073.533
2015-12-10T10:00:00+00:00,1073.529,1075.704,1071.3245,1073.7145
2015-12-10T14:00:00+00:00,1073.715,1074.5505,1069.5,1072.2165
2015-12-10T18:00:00+00:00,1072.246,1073.531,1070.5425,1071.52
2015-12-10T22:00:00+00:00,1071.855,1073.08,1066.3435,1067.691
2015-12-11T02:00:00+00:00,1067.6905,1069.736,1065.97,1068.937
2015-12-11T06:00:00+00:00,1068.941,1072.316,1067.503,1068.3305
2015-12-11T10:00:00+00:00,1068.31,1069.914,1062.526,1064.859
2015-12-11T14:00:00+00:00,1064.8285,1079.1105,1063.11,1075.3395
2015-12-11T18:00:00+00:00,1075.34,1079.606,1074.005,1074.58
2015-12-13T22:00:00+00:00,1073.595,1075.0135,1071.24,1074.76
2015-12-14T02:00:00+00:00,1074.76,1077.665,1074.6595,1075.485
2015-12-14T06:00:00+00:00,1075.4765,1075.766,1065.719,1068.149
2015-12-14T10:00:00+00:00,1068.1045,1075.2435,1066.3295,1072.802
2015-12-14T14:00:00+00:00,1072.7765,1073.53,1063.4455,1064.152
2015-12-14T18:00:00+00:00,1064.1465,1067.2995,1058.86,1060.14
2015-12-14T22:00:00+00:00,1059.995,1066.341,1059.9695,1064.49
2015-12-15T02:00:00+00:00,1064.49,1065.495,1063.2695,1063.68
2015-12-15T06:00:00+00:00,1063.6805,1065.09,1058.984,1062.66
2015-12-15T10:00:00+00:00,1062.66,1068.795,1061.822,1062.621
2015-12-15T14:00:00+00:00,1062.661,1066.6745,1059.7885,1063.501
2015-12-15T18:00:00+00:00,1063.4585,1064.7645,1060.215,1061.14
2015-12-15T22:00:00+00:00,1061.165,1064.9035,1060.9445,1063.958
2015-12-16T02:00:00+00:00,1063.959,1066.556,1063.7655,1065.4235
2015-12-16T06:00:00+00:00,1065.424,1066.689,1064.095,1065.855
2015-12-16T10:00:00+00:00,1065.8935,1075.2205,1063.069,1073.0795
2015-12-16T14:00:00+00:00,1073.0415,1077.1915,1071.526,1076.4015
2015-12-16T18:00:00+00:00,1076.3855,1078.49,1061.625,1072.51
2015-12-16T22:00:00+00:00,1073.295,1073.44,1064.899,1067.1095
2015-12-17T02:00:00+00:00,1067.109,1068.62,1066.2645,1066.4835
2015-12-17T06:00:00+00:00,1066.5115,1069.365,1066.061,1067.039
2015-12-17T10:00:00+00:00,1067.074,1068.3845,1057.8435,1060.3685
2015-12-17T14:00:00+00:00,1060.339,1061.4345,1047.801,1052.974
2015-12-17T18:00:00+00:00,1052.9745,1052.9745,1049.6805,1051.185
2015-12-17T22:00:00+00:00,1052.53,1055.805,1051.0395,1055.78
2015-12-18T02:00:00+00:00,1055.8045,1055.9045,1051.3545,1055.685
2015-12-18T06:00:00+00:00,1055.71,1058.1305,1054.011,1054.8205
2015-12-18T10:00:00+00:00,1054.8255,1061.828,1054.5845,1060.834
2015-12-18T14:00:00+00:00,1060.784,1071.7395,1058.2765,1065.781
2015-12-18T18:00:00+00:00,1065.7805,1066.646,1064.464,1066.23
2015-12-20T22:00:00+00:00,1066.15,1069.884,1064.009,1068.963
2015-12-21T02:00:00+00:00,1068.988,1071.0755,1067.535,1069.666
2015-12-21T06:00:00+00:00,1069.681,1074.2285,1068.83,1072.0145
2015-12-21T10:00:00+00:00,1072.014,1076.246,1067.1145,1075.2365
2015-12-21T14:00:00+00:00,1075.204,1081.8245,1073.329,1080.5545
2015-12-21T18:00:00+00:00,1080.579,1081.3865,1076.9945,1078.255
2015-12-21T22:00:00+00:00,1078.485,1080.0135,1077.228,1078.2595
2015-12-22T02:00:00+00:00,1078.24,1078.7155,1076.02,1078.4245
2015-12-22T06:00:00+00:00,1078.4195,1080.2155,1077.7645,1078.893
2015-12-22T10:00:00+00:00,1078.875,1080.831,1074.346,1075.9895
2015-12-22T14:00:00+00:00,1075.893,1078.4865,1073.3655,1073.979
2015-12-22T18:00:00+00:00,1073.98,1075.3545,1071.89,1072.49
2015-12-22T22:00:00+00:00,1072.835,1074.7155,1072.635,1073.121
2015-12-23T02:00:00+00:00,1073.1215,1075.3395,1072.899,1075.085
2015-12-23T06:00:00+00:00,1075.0855,1075.6,1069.7565,1071.631
2015-12-23T10:00:00+00:00,1071.6165,1074.464,1069.9805,1071.09
2015-12-23T14:00:00+00:00,1071.097,1072.3005,1068.4,1069.64
2015-12-23T18:00:00+00:00,1069.6395,1070.5245,1068.8145,1070.42
2015-12-23T22:00:00+00:00,1070.385,1073.159,1070.275,1073.0285
2015-12-24T02:00:00+00:00,1073.054,1074.5795,1072.8585,1073.9985
2015-12-24T06:00:00+00:00,1074.0235,1074.6405,1073.2665,1073.709
2015-12-24T10:00:00+00:00,1073.7085,1073.9995,1071.3555,1072.765
2015-12-24T14:00:00+00:00,1072.775,1077.0155,1072.6285,1076.849
2015-12-24T18:00:00+00:00,1076.839,1077.1665,1075.78,1076.0705
2015-12-27T22:00:00+00:00,1075.935,1077.1095,1071.7345,1073.03
2015-12-28T02:00:00+00:00,1073.03,1074.335,1072.524,1073.54
2015-12-28T06:00:00+00:00,1073.54,1074.4745,1072.0735,1072.755
2015-12-28T10:00:00+00:00,1072.7635,1072.858,1070.2405,1071.339
2015-12-28T14:00:00+00:00,1071.3195,1072.391,1069.135,1069.7605
2015-12-28T18:00:00+00:00,1069.761,1070.1295,1066.6295,1069.21
2015-12-28T22:00:00+00:00,1069.025,1072.236,1068.1135,1072.1205
2015-12-29T02:00:00+00:00,1072.1065,1073.7245,1071.7595,1073.2285
2015-12-29T06:00:00+00:00,1073.249,1074.4055,1069.39,1071.3545
2015-12-29T10:00:00+00:00,1071.3495,1075.411,1068.5505,1070.3695
2015-12-29T14:00:00+00:00,1070.3745,1072.42,1067.7145,1069.281
2015-12-29T18:00:00+00:00,1069.2805,1070.5455,1067.5845,1069.015
2015-12-29T22:00:00+00:00,1069.065,1070.965,1068.3705,1070.621
2015-12-30T02:00:00+00:00,1070.6215,1071.285,1069.9895,1070.509
2015-12-30T06:00:00+00:00,1070.5095,1071.1895,1066.329,1070.4285
2015-12-30T10:00:00+00:00,1070.4185,1072.34,1061.5845,1061.9335
2015-12-30T14:00:00+00:00,1062.0545,1062.3385,1059.539,1060.305
2015-12-30T18:00:00+00:00,1060.3055,1061.8805,1060.185,1061.55
2015-12-30T22:00:00+00:00,1061.53,1062.77,1060.8945,1062.042
2015-12-31T02:00:00+00:00,1062.0465,1063.347,1061.9295,1062.1595
2015-12-31T06:00:00+00:00,1062.16,1063.643,1061.6345,1062.889
2015-12-31T10:00:00+00:00,1062.874,1063.07,1058.3295,1061.78
2015-12-31T14:00:00+00:00,1061.795,1063.5445,1060.2945,1062.1745
2015-12-31T18:00:00+00:00,1062.224,1062.815,1059.2395,1061.285
