time,open,high,low,close
2020-01-01T22:00:00+00:00,108.758,108.775,108.6045,108.6725
2020-01-02T02:00:00+00:00,108.671,108.758,108.6565,108.742
2020-01-02T06:00:00+00:00,108.7425,108.843,108.6935,108.839
2020-01-02T10:00:00+00:00,108.8395,108.865,108.657,108.694
2020-01-02T14:00:00+00:00,108.6935,108.7495,108.212,108.5285
2020-01-02T18:00:00+00:00,108.527,108.573,108.493,108.5715
2020-01-02T22:00:00+00:00,108.566,108.631,108.1645,108.204
2020-01-03T02:00:00+00:00,108.2015,108.243,108,108.124
2020-01-03T06:00:00+00:00,108.124,108.1535,107.916,108.0695
2020-01-03T10:00:00+00:00,108.069,108.1635,107.9975,108.158
2020-01-03T14:00:00+00:00,108.1575,108.268,107.9165,107.9685
2020-01-03T18:00:00+00:00,107.9705,108.1375,107.841,108.099
2020-01-05T22:00:00+00:00,107.8705,108.1235,107.7725,107.948
2020-01-06T02:00:00+00:00,107.949,108.105,107.93,108.059
2020-01-06T06:00:00+00:00,108.0605,108.1775,107.9265,107.9855
2020-01-06T10:00:00+00:00,107.986,108.1645,107.9815,108.1215
2020-01-06T14:00:00+00:00,108.121,108.4145,108.064,108.35
2020-01-06T18:00:00+00:00,108.3475,108.507,108.342,108.3705
2020-01-06T22:00:00+00:00,108.3695,108.462,108.2795,108.4335
2020-01-07T02:00:00+00:00,108.4335,108.5055,108.4225,108.4355
2020-01-07T06:00:00+00:00,108.436,108.502,108.262,108.4675
2020-01-07T10:00:00+00:00,108.469,108.4845,108.368,108.4385
2020-01-07T14:00:00+00:00,108.4385,108.63,108.3185,108.547
2020-01-07T18:00:00+00:00,108.5475,108.594,108.351,108.45
2020-01-07T22:00:00+00:00,108.4485,108.5195,107.652,108.0325
2020-01-08T02:00:00+00:00,108.0315,108.4615,108.0065,108.3065
2020-01-08T06:00:00+00:00,108.3065,108.49,108.2745,108.448
2020-01-08T10:00:00+00:00,108.4475,108.817,108.425,108.671
2020-01-08T14:00:00+00:00,108.671,109.135,108.6165,109.0975
2020-01-08T18:00:00+00:00,109.0975,109.2445,109.0015,109.112
2020-01-08T22:00:00+00:00,109.124,109.2555,109.0135,109.2375
2020-01-09T02:00:00+00:00,109.2375,109.287,109.1505,109.2735
2020-01-09T06:00:00+00:00,109.275,109.434,109.251,109.4335
2020-01-09T10:00:00+00:00,109.4335,109.489,109.3185,109.4325
2020-01-09T14:00:00+00:00,109.433,109.5825,109.428,109.512
2020-01-09T18:00:00+00:00,109.5115,109.5385,109.392,109.5205
2020-01-09T22:00:00+00:00,109.5195,109.5825,109.455,109.5425
2020-01-10T02:00:00+00:00,109.546,109.6045,109.507,109.564
2020-01-10T06:00:00+00:00,109.5655,109.65,109.5535,109.641
2020-01-10T10:00:00+00:00,109.642,109.6885,109.5005,109.651
2020-01-10T14:00:00+00:00,109.6505,109.69,109.433,109.48
2020-01-10T18:00:00+00:00,109.48,109.557,109.4585,109.4665
2020-01-12T22:00:00+00:00,109.5485,109.6365,109.5085,109.601
2020-01-13T02:00:00+00:00,109.6015,109.648,109.586,109.637
2020-01-13T06:00:00+00:00,109.638,109.8825,109.6175,109.8495
2020-01-13T10:00:00+00:00,109.849,109.924,109.827,109.849
2020-01-13T14:00:00+00:00,109.8485,109.946,109.8005,109.918
2020-01-13T18:00:00+00:00,109.918,109.947,109.892,109.9455
2020-01-13T22:00:00+00:00,109.944,110.214,109.914,110.066
2020-01-14T02:00:00+00:00,110.067,110.1095,110.015,110.0595
2020-01-14T06:00:00+00:00,110.0595,110.133,109.8855,110.02
2020-01-14T10:00:00+00:00,110.02,110.113,109.9485,110.007
2020-01-14T14:00:00+00:00,110.0075,110.11,109.9315,110.0945
2020-01-14T18:00:00+00:00,110.095,110.114,109.854,109.99
2020-01-14T22:00:00+00:00,109.9855,110.0145,109.818,109.95
2020-01-15T02:00:00+00:00,109.9605,109.961,109.8675,109.9195
2020-01-15T06:00:00+00:00,109.9205,109.949,109.8475,109.869
2020-01-15T10:00:00+00:00,109.869,109.9195,109.822,109.832
2020-01-15T14:00:00+00:00,109.8305,110.0015,109.7885,109.8865
2020-01-15T18:00:00+00:00,109.8875,109.928,109.851,109.8995
2020-01-15T22:00:00+00:00,109.895,109.991,109.8545,109.9275
2020-01-16T02:00:00+00:00,109.9285,109.9495,109.913,109.9465
2020-01-16T06:00:00+00:00,109.9455,110.068,109.9325,110.0015
2020-01-16T10:00:00+00:00,110.0025,110.0535,109.9285,110.0135
2020-01-16T14:00:00+00:00,110.013,110.179,109.9555,110.1495
2020-01-16T18:00:00+00:00,110.149,110.179,110.121,110.1645
2020-01-16T22:00:00+00:00,110.138,110.291,110.1305,110.1825
2020-01-17T02:00:00+00:00,110.183,110.226,110.176,110.1975
2020-01-17T06:00:00+00:00,110.1985,110.2545,110.1505,110.178
2020-01-17T10:00:00+00:00,110.1765,110.2125,110.0875,110.187
2020-01-17T14:00:00+00:00,110.187,110.213,110.0485,110.1415
2020-01-17T18:00:00+00:00,110.14,110.19,110.1125,110.1505
2020-01-19T22:00:00+00:00,110.092,110.218,110.085,110.1845
2020-01-20T02:00:00+00:00,110.183,110.2115,110.1705,110.181
2020-01-20T06:00:00+00:00,110.18,110.1895,110.113,110.1675
2020-01-20T10:00:00+00:00,110.167,110.1995,110.1585,110.184
2020-01-20T14:00:00+00:00,110.1845,110.193,110.1365,110.182
2020-01-20T18:00:00+00:00,110.1815,110.187,110.148,110.183
2020-01-20T22:00:00+00:00,110.184,110.2235,109.905,109.948
2020-01-21T02:00:00+00:00,109.949,110.02,109.898,109.9365
2020-01-21T06:00:00+00:00,109.937,110.023,109.8895,109.956
2020-01-21T10:00:00+00:00,109.9575,110.0865,109.9555,110.0635
2020-01-21T14:00:00+00:00,110.0635,110.121,109.8605,109.9195
2020-01-21T18:00:00+00:00,109.919,109.949,109.762,109.866
2020-01-21T22:00:00+00:00,109.865,109.9715,109.8315,109.904
2020-01-22T02:00:00+00:00,109.9015,110.0985,109.899,110.041
2020-01-22T06:00:00+00:00,110.0415,110.062,109.936,109.963
2020-01-22T10:00:00+00:00,109.964,110.006,109.9395,109.954
2020-01-22T14:00:00+00:00,109.953,109.9655,109.8325,109.872
2020-01-22T18:00:00+00:00,109.871,109.915,109.837,109.84
2020-01-22T22:00:00+00:00,109.8375,109.8685,109.595,109.645
2020-01-23T02:00:00+00:00,109.647,109.683,109.561,109.5815
2020-01-23T06:00:00+00:00,109.5825,109.6275,109.4915,109.5315
2020-01-23T10:00:00+00:00,109.5315,109.652,109.5,109.529
2020-01-23T14:00:00+00:00,109.529,109.576,109.2675,109.357
2020-01-23T18:00:00+00:00,109.356,109.5355,109.351,109.49
2020-01-23T22:00:00+00:00,109.4925,109.577,109.439,109.472
2020-01-24T02:00:00+00:00,109.471,109.5505,109.446,109.548
2020-01-24T06:00:00+00:00,109.5475,109.6535,109.509,109.57
2020-01-24T10:00:00+00:00,109.5705,109.628,109.5215,109.535
2020-01-24T14:00:00+00:00,109.534,109.5605,109.2465,109.32
2020-01-24T18:00:00+00:00,109.32,109.3275,109.173,109.2805
2020-01-26T22:00:00+00:00,108.9225,109.047,108.7325,108.9775
2020-01-27T02:00:00+00:00,108.9795,109.1225,108.8755,109.0465
2020-01-27T06:00:00+00:00,109.0465,109.1375,108.847,108.894
2020-01-27T10:00:00+00:00,108.893,109.0615,108.828,109.027
2020-01-27T14:00:00+00:00,109.0265,109.0985,108.8535,109.008
2020-01-27T18:00:00+00:00,109.0085,109.0645,108.866,108.893
2020-01-27T22:00:00+00:00,108.8935,109.048,108.8195,109.029
2020-01-28T02:00:00+00:00,109.0275,109.044,108.948,109.029
2020-01-28T06:00:00+00:00,109.0295,109.1,108.757,108.826
2020-01-28T10:00:00+00:00,108.8255,109.0925,108.774,109.03
2020-01-28T14:00:00+00:00,109.0305,109.204,108.9285,109.131
2020-01-28T18:00:00+00:00,109.131,109.174,109.1025,109.147
2020-01-28T22:00:00+00:00,109.1465,109.267,109.076,109.199
2020-01-29T02:00:00+00:00,109.2,109.232,109.1275,109.128
2020-01-29T06:00:00+00:00,109.127,109.157,109.009,109.0275
2020-01-29T10:00:00+00:00,109.027,109.1635,109.027,109.148
2020-01-29T14:00:00+00:00,109.151,109.1875,108.9765,109.1525
2020-01-29T18:00:00+00:00,109.153,109.262,108.997,109.015
2020-01-29T22:00:00+00:00,109.0145,109.0945,108.901,108.95
2020-01-30T02:00:00+00:00,108.9485,108.957,108.8455,108.921
2020-01-30T06:00:00+00:00,108.921,108.978,108.8075,108.903
2020-01-30T10:00:00+00:00,108.9035,108.953,108.7665,108.898
2020-01-30T14:00:00+00:00,108.9,109.011,108.5845,108.6065
2020-01-30T18:00:00+00:00,108.607,108.999,108.5885,108.965
2020-01-30T22:00:00+00:00,108.965,109.1365,108.8785,109.054
2020-01-31T02:00:00+00:00,109.0545,109.125,109.0265,109.074
2020-01-31T06:00:00+00:00,109.0745,109.086,108.925,108.969
2020-01-31T10:00:00+00:00,108.968,108.9895,108.827,108.8515
2020-01-31T14:00:00+00:00,108.852,108.8875,108.3115,108.4245
2020-01-31T18:00:00+00:00,108.4235,108.4555,108.3125,108.352
2020-02-02T22:00:00+00:00,108.4515,108.5815,108.3175,108.5625
2020-02-03T02:00:00+00:00,108.564,108.571,108.474,108.53
2020-02-03T06:00:00+00:00,108.529,108.7,108.463,108.508
2020-02-03T10:00:00+00:00,108.508,108.5775,108.419,108.5415
2020-02-03T14:00:00+00:00,108.541,108.799,108.484,108.665
2020-02-03T18:00:00+00:00,108.666,108.745,108.59,108.691
2020-02-03T22:00:00+00:00,108.6945,108.7205,108.5495,108.702
2020-02-04T02:00:00+00:00,108.7005,108.855,108.614,108.8155
2020-02-04T06:00:00+00:00,108.815,109.1315,108.79,109.086
2020-02-04T10:00:00+00:00,109.087,109.199,108.9765,109.1855
2020-02-04T14:00:00+00:00,109.186,109.47,109.13,109.4625
2020-02-04T18:00:00+00:00,109.463,109.5445,109.4305,109.522
2020-02-04T22:00:00+00:00,109.5215,109.5245,109.367,109.486
2020-02-05T02:00:00+00:00,109.486,109.4935,109.4065,109.432
2020-02-05T06:00:00+00:00,109.4325,109.7215,109.304,109.697
2020-02-05T10:00:00+00:00,109.6975,109.8115,109.5465,109.7765
2020-02-05T14:00:00+00:00,109.777,109.845,109.6475,109.7635
2020-02-05T18:00:00+00:00,109.7625,109.8465,109.7375,109.824
2020-02-05T22:00:00+00:00,109.824,109.9065,109.73,109.833
2020-02-06T02:00:00+00:00,109.835,109.9815,109.833,109.9095
2020-02-06T06:00:00+00:00,109.9105,109.9705,109.794,109.85
2020-02-06T10:00:00+00:00,109.8485,109.933,109.7815,109.8825
2020-02-06T14:00:00+00:00,109.8825,109.989,109.82,109.972
2020-02-06T18:00:00+00:00,109.9725,110.0045,109.944,109.9915
2020-02-06T22:00:00+00:00,109.991,110.025,109.813,109.9145
2020-02-07T02:00:00+00:00,109.917,109.937,109.874,109.8845
2020-02-07T06:00:00+00:00,109.8845,109.9945,109.7805,109.784
2020-02-07T10:00:00+00:00,109.783,110.0085,109.6715,109.775
2020-02-07T14:00:00+00:00,109.775,109.846,109.533,109.807
2020-02-07T18:00:00+00:00,109.806,109.829,109.7015,109.734
2020-02-09T22:00:00+00:00,109.697,109.8115,109.5625,109.7825
2020-02-10T02:00:00+00:00,109.7845,109.8785,109.729,109.7765
2020-02-10T06:00:00+00:00,109.776,109.852,109.7225,109.7265
2020-02-10T10:00:00+00:00,109.726,109.812,109.7045,109.742
2020-02-10T14:00:00+00:00,109.742,109.8005,109.6415,109.687
2020-02-10T18:00:00+00:00,109.6875,109.7785,109.663,109.7765
2020-02-10T22:00:00+00:00,109.771,109.857,109.741,109.8495
2020-02-11T02:00:00+00:00,109.849,109.907,109.834,109.895
2020-02-11T06:00:00+00:00,109.896,109.947,109.833,109.864
2020-02-11T10:00:00+00:00,109.865,109.892,109.7505,109.782
2020-02-11T14:00:00+00:00,109.782,109.963,109.748,109.818
2020-02-11T18:00:00+00:00,109.815,109.838,109.727,109.7875
2020-02-11T22:00:00+00:00,109.7845,109.8855,109.7665,109.87
2020-02-12T02:00:00+00:00,109.871,109.8925,109.819,109.8575
2020-02-12T06:00:00+00:00,109.858,110.1355,109.8475,109.9925
2020-02-12T10:00:00+00:00,109.992,110.0375,109.9195,109.983
2020-02-12T14:00:00+00:00,109.983,110.0805,109.98,110.038
2020-02-12T18:00:00+00:00,110.037,110.119,109.989,110.0995
2020-02-12T22:00:00+00:00,110.099,110.106,109.8035,109.948
2020-02-13T02:00:00+00:00,109.9485,109.9805,109.824,109.8265
2020-02-13T06:00:00+00:00,109.826,109.8505,109.7165,109.7365
2020-02-13T10:00:00+00:00,109.737,109.7925,109.62,109.752
2020-02-13T14:00:00+00:00,109.753,109.868,109.6475,109.768
2020-02-13T18:00:00+00:00,109.7675,109.851,109.743,109.822
2020-02-13T22:00:00+00:00,109.8,109.8725,109.7305,109.815
2020-02-14T02:00:00+00:00,109.8145,109.913,109.7795,109.7965
2020-02-14T06:00:00+00:00,109.7985,109.839,109.7485,109.804
2020-02-14T10:00:00+00:00,109.8045,109.8845,109.739,109.7795
2020-02-14T14:00:00+00:00,109.779,109.8155,109.701,109.734
2020-02-14T18:00:00+00:00,109.7345,109.7975,109.699,109.7625
2020-02-16T22:00:00+00:00,109.861,109.87,109.72,109.836
2020-02-17T02:00:00+00:00,109.836,109.8535,109.803,109.8405
2020-02-17T06:00:00+00:00,109.8415,109.877,109.8175,109.872
2020-02-17T10:00:00+00:00,109.8715,109.895,109.859,109.872
2020-02-17T14:00:00+00:00,109.872,109.9615,109.864,109.925
2020-02-17T18:00:00+00:00,109.9255,109.9505,109.8605,109.883
2020-02-17T22:00:00+00:00,109.8805,109.8905,109.7125,109.7725
2020-02-18T02:00:00+00:00,109.772,109.797,109.658,109.754
2020-02-18T06:00:00+00:00,109.753,109.7975,109.6635,109.724
2020-02-18T10:00:00+00:00,109.723,109.8015,109.6855,109.78
2020-02-18T14:00:00+00:00,109.7795,109.9475,109.769,109.869
2020-02-18T18:00:00+00:00,109.871,109.906,109.8305,109.8715
2020-02-18T22:00:00+00:00,109.8725,109.9815,109.85,109.97
2020-02-19T02:00:00+00:00,109.9705,110.113,109.9705,110.052
2020-02-19T06:00:00+00:00,110.0525,110.25,110.023,110.236
2020-02-19T10:00:00+00:00,110.2365,110.802,110.217,110.6565
2020-02-19T14:00:00+00:00,110.6565,111.325,110.652,111.2565
2020-02-19T18:00:00+00:00,111.256,111.593,111.2275,111.375
2020-02-19T22:00:00+00:00,111.372,111.3825,111.112,111.2455
2020-02-20T02:00:00+00:00,111.246,111.494,111.2345,111.3955
2020-02-20T06:00:00+00:00,111.3965,112.0205,111.3845,111.9745
2020-02-20T10:00:00+00:00,111.975,112.189,111.8365,112.0005
2020-02-20T14:00:00+00:00,112.0005,112.225,111.7015,112.022
2020-02-20T18:00:00+00:00,112.0205,112.1815,111.9935,112.095
2020-02-20T22:00:00+00:00,112.095,112.1865,111.9485,112.008
2020-02-21T02:00:00+00:00,112.0085,112.071,111.9245,111.954
2020-02-21T06:00:00+00:00,111.955,111.993,111.488,111.701
2020-02-21T10:00:00+00:00,111.7015,112.0325,111.6995,111.8455
2020-02-21T14:00:00+00:00,111.846,111.9385,111.4725,111.662
2020-02-21T18:00:00+00:00,111.661,111.7065,111.5185,111.5505
2020-02-23T22:00:00+00:00,111.271,111.683,111.2645,111.5885
2020-02-24T02:00:00+00:00,111.588,111.6335,111.441,111.577
2020-02-24T06:00:00+00:00,111.577,111.6135,111.241,111.3155
2020-02-24T10:00:00+00:00,111.3145,111.4275,111.199,111.305
2020-02-24T14:00:00+00:00,111.3045,111.308,110.343,110.3715
2020-02-24T18:00:00+00:00,110.369,110.8195,110.333,110.72
2020-02-24T22:00:00+00:00,110.7095,111.0425,110.6345,110.942
2020-02-25T02:00:00+00:00,110.943,110.9575,110.7795,110.8045
2020-02-25T06:00:00+00:00,110.8045,110.872,110.378,110.383
2020-02-25T10:00:00+00:00,110.3825,110.7145,110.35,110.603
2020-02-25T14:00:00+00:00,110.602,110.6185,110.004,110.0275
2020-02-25T18:00:00+00:00,110.0225,110.213,109.891,110.203
2020-02-25T22:00:00+00:00,110.203,110.369,110.1335,110.2235
2020-02-26T02:00:00+00:00,110.223,110.5795,110.174,110.3745
2020-02-26T06:00:00+00:00,110.3695,110.5235,110.131,110.3005
2020-02-26T10:00:00+00:00,110.3015,110.5985,110.298,110.4685
2020-02-26T14:00:00+00:00,110.4675,110.7025,110.243,110.455
2020-02-26T18:00:00+00:00,110.456,110.492,110.173,110.424
2020-02-26T22:00:00+00:00,110.425,110.458,110.1865,110.3415
2020-02-27T02:00:00+00:00,110.341,110.344,109.9685,110.0515
2020-02-27T06:00:00+00:00,110.051,110.2265,109.849,110.165
2020-02-27T10:00:00+00:00,110.169,110.2435,109.7675,109.8735
2020-02-27T14:00:00+00:00,109.873,110.348,109.6935,110.174
2020-02-27T18:00:00+00:00,110.1755,110.228,109.5695,109.5945
2020-02-27T22:00:00+00:00,109.5925,109.6815,109.3355,109.409
2020-02-28T02:00:00+00:00,109.409,109.448,108.8115,108.887
2020-02-28T06:00:00+00:00,108.8875,109.064,108.511,108.682
2020-02-28T10:00:00+00:00,108.6825,108.869,108.4565,108.5235
2020-02-28T14:00:00+00:00,108.5225,108.6915,107.753,108.1595
2020-02-28T18:00:00+00:00,108.1595,108.343,107.511,108.039
2020-03-01T22:00:00+00:00,107.447,108.043,107.3765,107.9075
2020-03-02T02:00:00+00:00,107.9075,108.373,107.7895,108.267
2020-03-02T06:00:00+00:00,108.2675,108.5795,107.7435,107.8375
2020-03-02T10:00:00+00:00,107.8365,107.87,107.519,107.685
2020-03-02T14:00:00+00:00,107.6845,108.138,107.402,107.756
2020-03-02T18:00:00+00:00,107.757,108.4725,107.693,108.335
2020-03-02T22:00:00+00:00,108.334,108.5375,107.9955,108.089
2020-03-03T02:00:00+00:00,108.096,108.191,107.663,107.765
2020-03-03T06:00:00+00:00,107.763,108.1385,107.6935,107.975
2020-03-03T10:00:00+00:00,107.976,108.0745,107.5965,107.7535
2020-03-03T14:00:00+00:00,107.754,107.9005,107.1555,107.34
2020-03-03T18:00:00+00:00,107.338,107.3525,106.9335,107.1175
2020-03-03T22:00:00+00:00,107.117,107.518,106.848,107.3055
2020-03-04T02:00:00+00:00,107.3,107.4745,107.1905,107.4
2020-03-04T06:00:00+00:00,107.4,107.6905,107.3265,107.4215
2020-03-04T10:00:00+00:00,107.421,107.6645,107.4175,107.4775
2020-03-04T14:00:00+00:00,107.4775,107.543,107.1455,107.4245
2020-03-04T18:00:00+00:00,107.424,107.5755,107.2995,107.5315
2020-03-04T22:00:00+00:00,107.5325,107.7435,107.387,107.453
2020-03-05T02:00:00+00:00,107.4535,107.457,107.2635,107.381
2020-03-05T06:00:00+00:00,107.3805,107.387,106.917,106.946
2020-03-05T10:00:00+00:00,106.9455,107.0325,106.797,106.8335
2020-03-05T14:00:00+00:00,106.8335,106.9445,106.2475,106.2635
2020-03-05T18:00:00+00:00,106.262,106.516,105.971,106.158
2020-03-05T22:00:00+00:00,106.157,106.3435,105.909,105.9555
2020-03-06T02:00:00+00:00,105.955,106.013,105.7555,105.8205
2020-03-06T06:00:00+00:00,105.822,106.0645,105.1165,105.1725
2020-03-06T10:00:00+00:00,105.173,105.4875,104.9945,105.288
2020-03-06T14:00:00+00:00,105.287,105.7375,105.0215,105.4765
2020-03-06T18:00:00+00:00,105.4755,105.5625,105.159,105.3385
2020-03-08T21:00:00+00:00,104.2415,104.6005,103.5205,104.1345
2020-03-09T01:00:00+00:00,104.136,104.212,101.567,102.8215
2020-03-09T05:00:00+00:00,102.823,102.876,101.811,102.453
2020-03-09T09:00:00+00:00,102.4535,102.805,102.1555,102.2925
2020-03-09T13:00:00+00:00,102.292,102.6545,101.182,102.0695
2020-03-09T17:00:00+00:00,102.069,102.569,101.9685,102.3705
2020-03-09T21:00:00+00:00,102.37,103.5855,102.0075,103.3875
2020-03-10T01:00:00+00:00,103.3865,104.259,103.06,104.2275
2020-03-10T05:00:00+00:00,104.227,105.0165,103.725,104.4725
2020-03-10T09:00:00+00:00,104.474,105.2175,103.833,104.2335
2020-03-10T13:00:00+00:00,104.232,104.662,103.2165,104.28
2020-03-10T17:00:00+00:00,104.28,105.921,104.234,105.6425
2020-03-10T21:00:00+00:00,105.644,105.666,104.778,104.923
2020-03-11T01:00:00+00:00,104.924,105.0615,104.391,104.4365
2020-03-11T05:00:00+00:00,104.435,105.334,104.0965,105.255
2020-03-11T09:00:00+00:00,105.2555,105.3155,104.3725,104.4455
2020-03-11T13:00:00+00:00,104.445,105.1345,104.4185,104.9665
2020-03-11T17:00:00+00:00,104.9675,104.9855,104.2315,104.5335
2020-03-11T21:00:00+00:00,104.537,104.807,104.335,104.6035
2020-03-12T01:00:00+00:00,104.604,104.724,103.0855,104.0275
2020-03-12T05:00:00+00:00,104.0275,104.103,103.5085,103.7565
2020-03-12T09:00:00+00:00,103.7565,104.215,103.515,104.033
2020-03-12T13:00:00+00:00,104.0355,105.856,103.856,105.2905
2020-03-12T17:00:00+00:00,105.292,106.1045,104.6105,104.642
2020-03-12T21:00:00+00:00,104.641,105.2055,104.5075,105.085
2020-03-13T01:00:00+00:00,105.085,105.6715,104.6825,105.5955
2020-03-13T05:00:00+00:00,105.5955,106.2305,105.3215,105.849
2020-03-13T09:00:00+00:00,105.844,107.4975,105.7635,107.2995
2020-03-13T13:00:00+00:00,107.302,107.942,106.6895,107.7645
2020-03-13T17:00:00+00:00,107.764,108.503,107.3865,107.9655
2020-03-15T21:00:00+00:00,107.1065,107.3245,105.7315,106.9165
2020-03-16T01:00:00+00:00,106.911,107.5735,106.7395,106.7915
2020-03-16T05:00:00+00:00,106.7895,107.0775,106.0085,106.0375
2020-03-16T09:00:00+00:00,106.037,106.13,105.1485,105.309
2020-03-16T13:00:00+00:00,105.3035,106.477,105.2715,105.702
2020-03-16T17:00:00+00:00,105.702,106.447,105.6045,105.877
2020-03-16T21:00:00+00:00,105.9545,106.6635,105.8595,106.5935
2020-03-17T01:00:00+00:00,106.593,107.1945,106.1665,106.5915
2020-03-17T05:00:00+00:00,106.593,107.036,106.2305,106.8375
2020-03-17T09:00:00+00:00,106.837,107.1465,106.2965,107.0535
2020-03-17T13:00:00+00:00,107.052,107.5935,106.7715,107.569
2020-03-17T17:00:00+00:00,107.5685,107.863,107.231,107.693
2020-03-17T21:00:00+00:00,107.695,107.7275,107.2185,107.3825
2020-03-18T01:00:00+00:00,107.383,107.4125,107.062,107.225
2020-03-18T05:00:00+00:00,107.226,107.6085,106.755,107.555
2020-03-18T09:00:00+00:00,107.5555,107.6485,107.0865,107.6405
2020-03-18T13:00:00+00:00,107.642,108.5475,107.6045,108.3625
2020-03-18T17:00:00+00:00,108.364,108.656,107.7475,108.0775
2020-03-18T21:00:00+00:00,108.076,108.9575,107.8515,108.807
2020-03-19T01:00:00+00:00,108.8065,109.5585,108.5875,109.072
2020-03-19T05:00:00+00:00,109.075,109.2385,108.4545,108.9145
2020-03-19T09:00:00+00:00,108.913,110.0025,108.8235,109.7805
2020-03-19T13:00:00+00:00,109.7805,110.208,109.5455,110.198
2020-03-19T17:00:00+00:00,110.196,110.9555,110.051,110.716
2020-03-19T21:00:00+00:00,110.717,111.366,110.681,111.146
2020-03-20T01:00:00+00:00,111.146,111.2015,109.9305,109.9455
2020-03-20T05:00:00+00:00,109.946,110.099,109.3335,109.9105
2020-03-20T09:00:00+00:00,109.908,110.3935,109.8055,110.365
2020-03-20T13:00:00+00:00,110.366,111.4795,110.364,111.4655
2020-03-20T17:00:00+00:00,111.463,111.5055,110.67,110.776
2020-03-22T21:00:00+00:00,110.795,111.258,110.2615,110.5395
2020-03-23T01:00:00+00:00,110.5385,110.733,109.998,110.085
2020-03-23T05:00:00+00:00,110.0845,110.296,109.67,110.1825
2020-03-23T09:00:00+00:00,110.1835,110.8875,109.8225,110.2195
2020-03-23T13:00:00+00:00,110.2185,111.5975,110.1625,111.2285
2020-03-23T17:00:00+00:00,111.2265,111.5715,111.123,111.2365
2020-03-23T21:00:00+00:00,111.23,111.363,110.448,110.4585
2020-03-24T01:00:00+00:00,110.4575,110.576,110.0855,110.2875
2020-03-24T05:00:00+00:00,110.292,110.769,110.1785,110.7095
2020-03-24T09:00:00+00:00,110.7095,111.0055,110.295,110.788
2020-03-24T13:00:00+00:00,110.788,111.629,110.6015,111.48
2020-03-24T17:00:00+00:00,111.4805,111.715,111.1835,111.2285
2020-03-24T21:00:00+00:00,111.2275,111.593,110.941,111.0085
2020-03-25T01:00:00+00:00,111.0085,111.3495,110.7535,111.3235
2020-03-25T05:00:00+00:00,111.3235,111.5695,111.1355,111.3095
2020-03-25T09:00:00+00:00,111.31,111.483,111.064,111.3495
2020-03-25T13:00:00+00:00,111.3505,111.6815,111.344,111.4225
2020-03-25T17:00:00+00:00,111.4235,111.517,111.0855,111.21
2020-03-25T21:00:00+00:00,111.2065,111.333,110.594,110.748
2020-03-26T01:00:00+00:00,110.7485,110.857,110.4575,110.729
2020-03-26T05:00:00+00:00,110.729,110.7485,110.0645,110.1035
2020-03-26T09:00:00+00:00,110.1035,110.172,109.555,109.6525
2020-03-26T13:00:00+00:00,109.6525,110.0835,109.35,109.4555
2020-03-26T17:00:00+00:00,109.4565,109.6285,109.208,109.5865
2020-03-26T21:00:00+00:00,109.5735,109.7275,108.8845,109.0485
2020-03-27T01:00:00+00:00,109.047,109.0825,108.262,108.3505
2020-03-27T05:00:00+00:00,108.3505,109.001,108.239,108.918
2020-03-27T09:00:00+00:00,108.919,109.071,108.5285,108.788
2020-03-27T13:00:00+00:00,108.788,108.9005,107.868,107.9935
2020-03-27T17:00:00+00:00,107.9955,108.1785,107.759,107.9545
2020-03-29T22:00:00+01:00,107.719,107.9765,107.366,107.5145
2020-03-30T02:00:00+01:00,107.515,107.7075,107.1235,107.606
2020-03-30T06:00:00+01:00,107.605,108.2475,107.582,107.6335
2020-03-30T10:00:00+01:00,107.63,108.296,107.4955,108.273
2020-03-30T14:00:00+01:00,108.272,108.287,107.6565,107.9145
2020-03-30T18:00:00+01:00,107.9195,108.105,107.7265,107.7615
2020-03-30T22:00:00+01:00,107.759,108.7275,107.729,108.5295
2020-03-31T02:00:00+01:00,108.5305,108.7065,108.185,108.259
2020-03-31T06:00:00+01:00,108.259,108.6145,108.0975,108.516
2020-03-31T10:00:00+01:00,108.5165,108.7285,108.26,108.4075
2020-03-31T14:00:00+01:00,108.4075,108.4885,107.462,107.7765
2020-03-31T18:00:00+01:00,107.7755,107.933,107.4775,107.554
2020-03-31T22:00:00+01:00,107.565,107.765,107.257,107.492
2020-04-01T02:00:00+01:00,107.493,107.943,107.43,107.7625
2020-04-01T06:00:00+01:00,107.763,107.8155,107.2845,107.4745
2020-04-01T10:00:00+01:00,107.475,107.67,107.297,107.391
2020-04-01T14:00:00+01:00,107.3925,107.4735,107,107.085
2020-04-01T18:00:00+01:00,107.0845,107.3265,106.919,107.1595
2020-04-01T22:00:00+01:00,107.161,107.4895,107.0435,107.414
2020-04-02T02:00:00+01:00,107.415,107.574,107.2975,107.4855
2020-04-02T06:00:00+01:00,107.485,107.485,107.145,107.308
2020-04-02T10:00:00+01:00,107.3075,107.4455,107.017,107.1915
2020-04-02T14:00:00+01:00,107.1905,108.0975,107.127,107.968
2020-04-02T18:00:00+01:00,107.968,108.0005,107.8125,107.8845
2020-04-02T22:00:00+01:00,107.885,108.201,107.8145,108.065
2020-04-03T02:00:00+01:00,108.0655,108.1245,107.801,107.9785
2020-04-03T06:00:00+01:00,107.9765,108.296,107.8255,108.2635
2020-04-03T10:00:00+01:00,108.264,108.597,108.252,108.5885
2020-04-03T14:00:00+01:00,108.586,108.6785,108.359,108.487
2020-04-03T18:00:00+01:00,108.4865,108.562,108.186,108.5475
2020-04-05T22:00:00+01:00,108.377,109.091,108.366,108.939
2020-04-06T02:00:00+01:00,108.938,109.05,108.75,108.9375
2020-04-06T06:00:00+01:00,108.9385,109.3825,108.8565,109.1905
2020-04-06T10:00:00+01:00,109.191,109.2685,108.8445,109.04
2020-04-06T14:00:00+01:00,109.04,109.1955,108.965,109.0195
2020-04-06T18:00:00+01:00,109.02,109.2515,108.932,109.2185
2020-04-06T22:00:00+01:00,109.219,109.28,108.938,109.014
2020-04-07T02:00:00+01:00,109.014,109.0875,108.6725,108.7665
2020-04-07T06:00:00+01:00,108.7665,108.9755,108.7195,108.8735
2020-04-07T10:00:00+01:00,108.873,109.1465,108.822,108.9975
2020-04-07T14:00:00+01:00,108.998,109.082,108.824,108.8365
2020-04-07T18:00:00+01:00,108.838,108.99,108.721,108.757
2020-04-07T22:00:00+01:00,108.754,108.868,108.505,108.623
2020-04-08T02:00:00+01:00,108.621,108.9665,108.5885,108.8935
2020-04-08T06:00:00+01:00,108.893,109.006,108.7425,108.8795
2020-04-08T10:00:00+01:00,108.878,108.942,108.7825,108.932
2020-04-08T14:00:00+01:00,108.9315,109.103,108.5965,108.6395
2020-04-08T18:00:00+01:00,108.6395,108.9155,108.6145,108.8305
2020-04-08T22:00:00+01:00,108.83,109.0465,108.8185,109.013
2020-04-09T02:00:00+01:00,109.0125,109.0635,108.8935,108.995
2020-04-09T06:00:00+01:00,108.995,109.001,108.853,108.8925
2020-04-09T10:00:00+01:00,108.893,108.917,108.725,108.836
2020-04-09T14:00:00+01:00,108.837,108.854,108.3265,108.383
2020-04-09T18:00:00+01:00,108.3825,108.5275,108.2085,108.479
2020-04-09T22:00:00+01:00,108.478,108.5965,108.398,108.564
2020-04-10T02:00:00+01:00,108.563,108.5635,108.3295,108.4265
2020-04-10T06:00:00+01:00,108.425,108.461,108.332,108.3845
2020-04-10T10:00:00+01:00,108.384,108.479,108.372,108.4625
2020-04-10T14:00:00+01:00,108.462,108.4755,108.3485,108.372
2020-04-10T18:00:00+01:00,108.3685,108.5065,108.3645,108.4325
2020-04-12T22:00:00+01:00,108.4175,108.53,108.2065,108.218
2020-04-13T02:00:00+01:00,108.219,108.2345,107.855,107.8915
2020-04-13T06:00:00+01:00,107.892,108.0285,107.7935,107.952
2020-04-13T10:00:00+01:00,107.9525,108.0885,107.84,107.9045
2020-04-13T14:00:00+01:00,107.904,107.9365,107.555,107.578
2020-04-13T18:00:00+01:00,107.5785,107.7765,107.501,107.7715
2020-04-13T22:00:00+01:00,107.773,107.782,107.5375,107.605
2020-04-14T02:00:00+01:00,107.606,107.7595,107.559,107.6945
2020-04-14T06:00:00+01:00,107.695,107.757,107.558,107.5615
2020-04-14T10:00:00+01:00,107.563,107.572,107.24,107.3685
2020-04-14T14:00:00+01:00,107.3705,107.4485,107.0475,107.088
2020-04-14T18:00:00+01:00,107.0895,107.235,106.9815,107.215
2020-04-14T22:00:00+01:00,107.2135,107.2235,106.9275,107.125
2020-04-15T02:00:00+01:00,107.124,107.204,107.0095,107.0755
2020-04-15T06:00:00+01:00,107.078,107.5145,106.993,107.452
2020-04-15T10:00:00+01:00,107.4495,107.611,107.2665,107.551
2020-04-15T14:00:00+01:00,107.5515,107.871,107.346,107.3715
2020-04-15T18:00:00+01:00,107.372,107.5975,107.2505,107.437
2020-04-15T22:00:00+01:00,107.436,107.75,107.357,107.697
2020-04-16T02:00:00+01:00,107.6995,108.084,107.699,107.926
2020-04-16T06:00:00+01:00,107.9265,107.9765,107.695,107.7085
2020-04-16T10:00:00+01:00,107.709,107.8315,107.4145,107.508
2020-04-16T14:00:00+01:00,107.5075,107.838,107.1645,107.719
2020-04-16T18:00:00+01:00,107.7185,107.9315,107.5805,107.926
2020-04-16T22:00:00+01:00,107.9255,108.0855,107.796,107.8575
2020-04-17T02:00:00+01:00,107.858,107.898,107.65,107.728
2020-04-17T06:00:00+01:00,107.728,107.8825,107.626,107.781
2020-04-17T10:00:00+01:00,107.7815,107.932,107.3575,107.4395
2020-04-17T14:00:00+01:00,107.439,107.6575,107.301,107.6
2020-04-17T18:00:00+01:00,107.601,107.6665,107.4255,107.5575
2020-04-19T22:00:00+01:00,107.54,107.8915,107.4625,107.86
2020-04-20T02:00:00+01:00,107.8615,107.8905,107.75,107.821
2020-04-20T06:00:00+01:00,107.821,107.95,107.687,107.695
2020-04-20T10:00:00+01:00,107.6955,107.8625,107.5965,107.746
2020-04-20T14:00:00+01:00,107.746,107.842,107.6135,107.6715
2020-04-20T18:00:00+01:00,107.6715,107.797,107.6125,107.616
2020-04-20T22:00:00+01:00,107.619,107.7955,107.605,107.737
2020-04-21T02:00:00+01:00,107.7375,107.772,107.4835,107.525
2020-04-21T06:00:00+01:00,107.526,107.547,107.306,107.36
2020-04-21T10:00:00+01:00,107.3605,107.568,107.282,107.5475
2020-04-21T14:00:00+01:00,107.5485,107.8275,107.5255,107.782
2020-04-21T18:00:00+01:00,107.782,107.8935,107.713,107.7935
2020-04-21T22:00:00+01:00,107.795,107.869,107.679,107.826
2020-04-22T02:00:00+01:00,107.826,107.84,107.569,107.6225
2020-04-22T06:00:00+01:00,107.6225,107.6955,107.516,107.5895
2020-04-22T10:00:00+01:00,107.59,107.758,107.565,107.724
2020-04-22T14:00:00+01:00,107.724,107.939,107.717,107.812
2020-04-22T18:00:00+01:00,107.812,107.826,107.699,107.7535
2020-04-22T22:00:00+01:00,107.751,107.867,107.714,107.7855
2020-04-23T02:00:00+01:00,107.7855,107.8215,107.708,107.78
2020-04-23T06:00:00+01:00,107.7795,107.851,107.537,107.6375
2020-04-23T10:00:00+01:00,107.637,107.665,107.374,107.4075
2020-04-23T14:00:00+01:00,107.4075,108.0445,107.3475,107.52
2020-04-23T18:00:00+01:00,107.5195,107.6675,107.403,107.5825
2020-04-23T22:00:00+01:00,107.588,107.761,107.5415,107.723
2020-04-24T02:00:00+01:00,107.725,107.7265,107.5705,107.6415
2020-04-24T06:00:00+01:00,107.642,107.738,107.599,107.6945
2020-04-24T10:00:00+01:00,107.695,107.726,107.5675,107.607
2020-04-24T14:00:00+01:00,107.607,107.623,107.3945,107.46
2020-04-24T18:00:00+01:00,107.459,107.5335,107.3705,107.5155
2020-04-26T22:00:00+01:00,107.5675,107.6245,107.407,107.5755
2020-04-27T02:00:00+01:00,107.5745,107.605,107.212,107.272
2020-04-27T06:00:00+01:00,107.2735,107.308,107.0475,107.193
2020-04-27T10:00:00+01:00,107.1915,107.234,107.0355,107.083
2020-04-27T14:00:00+01:00,107.083,107.3555,106.9945,107.294
2020-04-27T18:00:00+01:00,107.293,107.3,107.193,107.281
2020-04-27T22:00:00+01:00,107.285,107.3135,107.1855,107.2955
2020-04-28T02:00:00+01:00,107.2955,107.34,107.2385,107.272
2020-04-28T06:00:00+01:00,107.2735,107.292,106.998,107.0445
2020-04-28T10:00:00+01:00,107.045,107.0665,106.5605,106.639
2020-04-28T14:00:00+01:00,106.6395,106.9725,106.618,106.8745
2020-04-28T18:00:00+01:00,106.874,106.8955,106.819,106.867
2020-04-28T22:00:00+01:00,106.8665,106.8965,106.573,106.5865
2020-04-29T02:00:00+01:00,106.5875,106.638,106.511,106.549
2020-04-29T06:00:00+01:00,106.549,106.605,106.359,106.513
2020-04-29T10:00:00+01:00,106.512,106.7665,106.447,106.6565
2020-04-29T14:00:00+01:00,106.656,106.7635,106.524,106.6845
2020-04-29T18:00:00+01:00,106.6855,106.754,106.5555,106.6945
2020-04-29T22:00:00+01:00,106.696,106.877,106.5705,106.789
2020-04-30T02:00:00+01:00,106.7895,106.8195,106.458,106.5255
2020-04-30T06:00:00+01:00,106.5245,106.7305,106.407,106.667
2020-04-30T10:00:00+01:00,106.6665,106.7175,106.4755,106.6065
2020-04-30T14:00:00+01:00,106.6035,107.2215,106.447,106.93
2020-04-30T18:00:00+01:00,106.9295,107.5005,106.8955,107.1675
2020-04-30T22:00:00+01:00,107.168,107.4075,107.0225,107.2035
2020-05-01T02:00:00+01:00,107.2025,107.247,107.0835,107.096
2020-05-01T06:00:00+01:00,107.097,107.1425,106.855,106.867
2020-05-01T10:00:00+01:00,106.8675,106.8935,106.6145,106.6475
2020-05-01T14:00:00+01:00,106.647,107.079,106.6065,106.782
2020-05-01T18:00:00+01:00,106.7805,106.9515,106.754,106.908
2020-05-03T22:00:00+01:00,106.88,106.945,106.671,106.7335
2020-05-04T02:00:00+01:00,106.7325,106.779,106.6695,106.7225
2020-05-04T06:00:00+01:00,106.722,106.8295,106.693,106.756
2020-05-04T10:00:00+01:00,106.7575,106.914,106.7185,106.8715
2020-05-04T14:00:00+01:00,106.8705,107.0705,106.794,106.8335
2020-05-04T18:00:00+01:00,106.833,106.862,106.636,106.7275
2020-05-04T22:00:00+01:00,106.744,106.768,106.51,106.554
2020-05-05T02:00:00+01:00,106.5555,106.6585,106.5155,106.607
2020-05-05T06:00:00+01:00,106.606,106.814,106.57,106.783
2020-05-05T10:00:00+01:00,106.782,106.8955,106.6405,106.692
2020-05-05T14:00:00+01:00,106.691,106.7185,106.4705,106.506
2020-05-05T18:00:00+01:00,106.5045,106.5855,106.4175,106.5505
2020-05-05T22:00:00+01:00,106.532,106.635,106.207,106.27
2020-05-06T02:00:00+01:00,106.27,106.3955,106.241,106.3435
2020-05-06T06:00:00+01:00,106.344,106.436,106.237,106.362
2020-05-06T10:00:00+01:00,106.3625,106.3755,106.0635,106.183
2020-05-06T14:00:00+01:00,106.182,106.2045,106.009,106.0115
2020-05-06T18:00:00+01:00,106.011,106.15,105.9875,106.1075
2020-05-06T22:00:00+01:00,106.124,106.2805,105.993,106.2195
2020-05-07T02:00:00+01:00,106.219,106.2975,106.137,106.2285
2020-05-07T06:00:00+01:00,106.2305,106.427,106.2025,106.397
2020-05-07T10:00:00+01:00,106.397,106.6115,106.3585,106.4815
2020-05-07T14:00:00+01:00,106.482,106.6565,106.2505,106.3145
2020-05-07T18:00:00+01:00,106.315,106.337,106.2195,106.277
2020-05-07T22:00:00+01:00,106.2805,106.4595,106.258,106.32
2020-05-08T02:00:00+01:00,106.319,106.4495,106.2215,106.4245
2020-05-08T06:00:00+01:00,106.425,106.463,106.3005,106.3565
2020-05-08T10:00:00+01:00,106.356,106.697,106.2795,106.6675
2020-05-08T14:00:00+01:00,106.667,106.7245,106.3905,106.6145
2020-05-08T18:00:00+01:00,106.6155,106.75,106.557,106.667
2020-05-10T22:00:00+01:00,106.5735,107.0035,106.5235,106.975
2020-05-11T02:00:00+01:00,106.974,107.012,106.777,106.9505
2020-05-11T06:00:00+01:00,106.947,107.283,106.8855,107.23
2020-05-11T10:00:00+01:00,107.231,107.419,107.195,107.407
2020-05-11T14:00:00+01:00,107.4085,107.733,107.35,107.675
2020-05-11T18:00:00+01:00,107.6745,107.769,107.608,107.668
2020-05-11T22:00:00+01:00,107.678,107.7025,107.454,107.4715
2020-05-12T02:00:00+01:00,107.471,107.549,107.3485,107.406
2020-05-12T06:00:00+01:00,107.4065,107.6335,107.365,107.547
2020-05-12T10:00:00+01:00,107.546,107.5655,107.307,107.431
2020-05-12T14:00:00+01:00,107.432,107.439,107.2185,107.3655
2020-05-12T18:00:00+01:00,107.365,107.366,107.1225,107.1355
2020-05-12T22:00:00+01:00,107.13,107.278,107.09,107.1445
2020-05-13T02:00:00+01:00,107.1455,107.2685,107.131,107.173
2020-05-13T06:00:00+01:00,107.173,107.2195,106.9645,107.0525
2020-05-13T10:00:00+01:00,107.0515,107.0945,106.827,106.899
2020-05-13T14:00:00+01:00,106.8995,107.1505,106.744,107.006
2020-05-13T18:00:00+01:00,107.0055,107.0575,106.9665,107.033
2020-05-13T22:00:00+01:00,107.0335,107.12,106.821,106.875
2020-05-14T02:00:00+01:00,106.8755,106.952,106.8455,106.9
2020-05-14T06:00:00+01:00,106.8995,106.9035,106.7765,106.8365
2020-05-14T10:00:00+01:00,106.8345,107.1035,106.8155,107.0125
2020-05-14T14:00:00+01:00,107.0125,107.216,106.857,107.196
2020-05-14T18:00:00+01:00,107.197,107.3665,107.142,107.256
2020-05-14T22:00:00+01:00,107.258,107.435,107.217,107.372
2020-05-15T02:00:00+01:00,107.373,107.3805,107.186,107.2175
2020-05-15T06:00:00+01:00,107.2165,107.2655,107.0275,107.0625
2020-05-15T10:00:00+01:00,107.065,107.0985,106.8565,106.9185
2020-05-15T14:00:00+01:00,106.9185,107.3465,106.895,107.293
2020-05-15T18:00:00+01:00,107.293,107.3735,107.0355,107.0545
2020-05-17T22:00:00+01:00,107.0915,107.284,107.081,107.195
2020-05-18T02:00:00+01:00,107.195,107.2125,107.0695,107.131
2020-05-18T06:00:00+01:00,107.1305,107.32,107.128,107.29
2020-05-18T10:00:00+01:00,107.2925,107.452,107.235,107.452
2020-05-18T14:00:00+01:00,107.4495,107.5065,107.2045,107.271
2020-05-18T18:00:00+01:00,107.271,107.4065,107.238,107.3525
2020-05-18T22:00:00+01:00,107.352,107.4575,107.284,107.3145
2020-05-19T02:00:00+01:00,107.317,107.4485,107.3085,107.4465
2020-05-19T06:00:00+01:00,107.447,107.5925,107.348,107.472
2020-05-19T10:00:00+01:00,107.4705,107.9485,107.441,107.9105
2020-05-19T14:00:00+01:00,107.911,108.0885,107.807,107.829
2020-05-19T18:00:00+01:00,107.8295,107.8475,107.6845,107.7075
2020-05-19T22:00:00+01:00,107.704,107.985,107.657,107.9025
2020-05-20T02:00:00+01:00,107.902,107.9085,107.711,107.757
2020-05-20T06:00:00+01:00,107.7575,107.803,107.607,107.635
2020-05-20T10:00:00+01:00,107.635,107.7365,107.548,107.6175
2020-05-20T14:00:00+01:00,107.6165,107.6225,107.337,107.5355
2020-05-20T18:00:00+01:00,107.5365,107.568,107.419,107.5305
2020-05-20T22:00:00+01:00,107.5185,107.7545,107.5075,107.733
2020-05-21T02:00:00+01:00,107.7335,107.7565,107.5955,107.6265
2020-05-21T06:00:00+01:00,107.6265,107.849,107.622,107.767
2020-05-21T10:00:00+01:00,107.766,107.848,107.6355,107.719
2020-05-21T14:00:00+01:00,107.719,107.833,107.5745,107.6525
2020-05-21T18:00:00+01:00,107.6515,107.705,107.5495,107.6075
2020-05-21T22:00:00+01:00,107.6065,107.7635,107.582,107.725
2020-05-22T02:00:00+01:00,107.7255,107.7255,107.4125,107.4315
2020-05-22T06:00:00+01:00,107.431,107.541,107.3235,107.538
2020-05-22T10:00:00+01:00,107.5375,107.5925,107.422,107.582
2020-05-22T14:00:00+01:00,107.582,107.6525,107.4615,107.5665
2020-05-22T18:00:00+01:00,107.567,107.637,107.55,107.624
2020-05-24T22:00:00+01:00,107.605,107.782,107.556,107.6735
2020-05-25T02:00:00+01:00,107.674,107.739,107.628,107.667
2020-05-25T06:00:00+01:00,107.6685,107.7535,107.653,107.737
2020-05-25T10:00:00+01:00,107.738,107.7515,107.661,107.689
2020-05-25T14:00:00+01:00,107.6875,107.716,107.67,107.698
2020-05-25T18:00:00+01:00,107.698,107.7435,107.6965,107.7125
2020-05-25T22:00:00+01:00,107.7105,107.7765,107.679,107.7515
2020-05-26T02:00:00+01:00,107.752,107.9235,107.7445,107.833
2020-05-26T06:00:00+01:00,107.833,107.898,107.7275,107.7365
2020-05-26T10:00:00+01:00,107.738,107.784,107.4025,107.447
2020-05-26T14:00:00+01:00,107.4475,107.693,107.4435,107.5645
2020-05-26T18:00:00+01:00,107.564,107.623,107.4585,107.541
2020-05-26T22:00:00+01:00,107.5405,107.5975,107.3665,107.534
2020-05-27T02:00:00+01:00,107.5325,107.6175,107.4375,107.4675
2020-05-27T06:00:00+01:00,107.468,107.604,107.46,107.603
2020-05-27T10:00:00+01:00,107.604,107.9135,107.603,107.89
2020-05-27T14:00:00+01:00,107.8905,107.948,107.6855,107.7415
2020-05-27T18:00:00+01:00,107.7375,107.808,107.6505,107.7255
2020-05-27T22:00:00+01:00,107.723,107.9025,107.6965,107.868
2020-05-28T02:00:00+01:00,107.8685,107.8765,107.7595,107.8185
2020-05-28T06:00:00+01:00,107.819,107.8915,107.783,107.8215
2020-05-28T10:00:00+01:00,107.822,107.822,107.6965,107.763
2020-05-28T14:00:00+01:00,107.7635,107.7875,107.5715,107.6205
2020-05-28T18:00:00+01:00,107.6205,107.716,107.5825,107.6395
2020-05-28T22:00:00+01:00,107.644,107.718,107.432,107.4845
2020-05-29T02:00:00+01:00,107.484,107.513,107.0975,107.1405
2020-05-29T06:00:00+01:00,107.141,107.3165,107.08,107.228
2020-05-29T10:00:00+01:00,107.2295,107.254,107.0835,107.1725
2020-05-29T14:00:00+01:00,107.172,107.85,107.1695,107.807
2020-05-29T18:00:00+01:00,107.8075,107.8975,107.7465,107.834
2020-05-31T22:00:00+01:00,107.6895,107.8575,107.6485,107.769
2020-06-01T02:00:00+01:00,107.7685,107.7775,107.5205,107.531
2020-06-01T06:00:00+01:00,107.5315,107.647,107.378,107.4085
2020-06-01T10:00:00+01:00,107.408,107.764,107.405,107.71
2020-06-01T14:00:00+01:00,107.71,107.7575,107.532,107.5785
2020-06-01T18:00:00+01:00,107.578,107.647,107.5665,107.588
2020-06-01T22:00:00+01:00,107.59,107.674,107.514,107.5695
2020-06-02T02:00:00+01:00,107.57,107.7415,107.5695,107.6995
2020-06-02T06:00:00+01:00,107.701,107.836,107.6875,107.769
2020-06-02T10:00:00+01:00,107.7695,108.47,107.6815,108.302
2020-06-02T14:00:00+01:00,108.306,108.6985,108.282,108.6905
2020-06-02T18:00:00+01:00,108.691,108.7725,108.6435,108.675
2020-06-02T22:00:00+01:00,108.677,108.8495,108.5805,108.699
2020-06-03T02:00:00+01:00,108.6985,108.6985,108.423,108.515
2020-06-03T06:00:00+01:00,108.5145,108.7945,108.4725,108.793
2020-06-03T10:00:00+01:00,108.7915,108.8225,108.4845,108.6525
2020-06-03T14:00:00+01:00,108.653,108.983,108.617,108.907
2020-06-03T18:00:00+01:00,108.9085,108.961,108.861,108.904
2020-06-03T22:00:00+01:00,108.9005,109.0415,108.8045,108.9015
2020-06-04T02:00:00+01:00,108.9025,109.055,108.8345,109.0225
2020-06-04T06:00:00+01:00,109.022,109.1645,109.007,109.061
2020-06-04T10:00:00+01:00,109.061,109.0755,108.6165,108.721
2020-06-04T14:00:00+01:00,108.72,109.091,108.6695,108.965
2020-06-04T18:00:00+01:00,108.9655,109.1975,108.9155,109.1435
2020-06-04T22:00:00+01:00,109.1285,109.2375,109.046,109.057
2020-06-05T02:00:00+01:00,109.056,109.224,109.046,109.1505
2020-06-05T06:00:00+01:00,109.1495,109.428,109.1215,109.2445
2020-06-05T10:00:00+01:00,109.245,109.6775,109.1685,109.5825
2020-06-05T14:00:00+01:00,109.583,109.85,109.5655,109.7555
2020-06-05T18:00:00+01:00,109.7545,109.7585,109.577,109.5895
2020-06-07T22:00:00+01:00,109.5965,109.6945,109.4195,109.464
2020-06-08T02:00:00+01:00,109.4645,109.55,109.379,109.4515
2020-06-08T06:00:00+01:00,109.4505,109.585,109.4075,109.4925
2020-06-08T10:00:00+01:00,109.4925,109.514,109.199,109.2345
2020-06-08T14:00:00+01:00,109.239,109.245,108.2665,108.271
2020-06-08T18:00:00+01:00,108.2695,108.447,108.235,108.43
2020-06-08T22:00:00+01:00,108.435,108.544,107.989,108.0365
2020-06-09T02:00:00+01:00,108.036,108.2105,107.918,107.967
2020-06-09T06:00:00+01:00,107.967,108.126,107.79,107.8915
2020-06-09T10:00:00+01:00,107.891,108.248,107.814,107.9145
2020-06-09T14:00:00+01:00,107.916,108.002,107.622,107.7165
2020-06-09T18:00:00+01:00,107.7175,107.8075,107.6665,107.7565
2020-06-09T22:00:00+01:00,107.758,107.875,107.7035,107.783
2020-06-10T02:00:00+01:00,107.7835,107.792,107.5275,107.551
2020-06-10T06:00:00+01:00,107.5505,107.5675,107.2825,107.3155
2020-06-10T10:00:00+01:00,107.315,107.451,107.26,107.3405
2020-06-10T14:00:00+01:00,107.341,107.3675,107.164,107.226
2020-06-10T18:00:00+01:00,107.2255,107.467,106.99,107.122
2020-06-10T22:00:00+01:00,107.122,107.1515,106.8985,107.0005
2020-06-11T02:00:00+01:00,106.999,107.1275,106.8995,107.082
2020-06-11T06:00:00+01:00,107.0835,107.2355,106.7965,106.827
2020-06-11T10:00:00+01:00,106.828,107.1395,106.805,106.8615
2020-06-11T14:00:00+01:00,106.862,106.9765,106.5725,106.676
2020-06-11T18:00:00+01:00,106.676,106.919,106.6745,106.8645
2020-06-11T22:00:00+01:00,106.8635,106.89,106.5855,106.67
2020-06-12T02:00:00+01:00,106.6705,107.2765,106.631,107.143
2020-06-12T06:00:00+01:00,107.14,107.3455,107.064,107.2955
2020-06-12T10:00:00+01:00,107.294,107.554,107.2215,107.3925
2020-06-12T14:00:00+01:00,107.393,107.509,107.2165,107.4985
2020-06-12T18:00:00+01:00,107.4985,107.5235,107.331,107.392
2020-06-14T22:00:00+01:00,107.3515,107.5715,107.1465,107.2135
2020-06-15T02:00:00+01:00,107.2145,107.3275,107.029,107.0735
2020-06-15T06:00:00+01:00,107.073,107.443,107.0005,107.306
2020-06-15T10:00:00+01:00,107.3035,107.4475,107.2345,107.419
2020-06-15T14:00:00+01:00,107.419,107.494,107.206,107.2375
2020-06-15T18:00:00+01:00,107.238,107.3905,107.2125,107.337
2020-06-15T22:00:00+01:00,107.3365,107.5005,107.2695,107.32
2020-06-16T02:00:00+01:00,107.3215,107.641,107.232,107.486
2020-06-16T06:00:00+01:00,107.4855,107.566,107.283,107.459
2020-06-16T10:00:00+01:00,107.4585,107.4725,107.2585,107.405
2020-06-16T14:00:00+01:00,107.4045,107.625,107.2125,107.335
2020-06-16T18:00:00+01:00,107.3355,107.3675,107.2425,107.321
2020-06-16T22:00:00+01:00,107.3235,107.4355,107.1685,107.3325
2020-06-17T02:00:00+01:00,107.333,107.3745,107.195,107.224
2020-06-17T06:00:00+01:00,107.224,107.4425,107.187,107.4285
2020-06-17T10:00:00+01:00,107.428,107.4385,107.3375,107.384
2020-06-17T14:00:00+01:00,107.3835,107.384,107.137,107.286
2020-06-17T18:00:00+01:00,107.286,107.2885,106.9535,107.005
2020-06-17T22:00:00+01:00,107.0045,107.056,106.724,106.7955
2020-06-18T02:00:00+01:00,106.796,106.942,106.703,106.834
2020-06-18T06:00:00+01:00,106.832,107.077,106.806,107.035
2020-06-18T10:00:00+01:00,107.036,107.1295,106.791,106.7955
2020-06-18T14:00:00+01:00,106.7975,107.025,106.669,106.883
2020-06-18T18:00:00+01:00,106.882,107.0995,106.815,106.983
2020-06-18T22:00:00+01:00,106.982,107.0585,106.8685,106.9275
2020-06-19T02:00:00+01:00,106.927,106.9595,106.8325,106.8545
2020-06-19T06:00:00+01:00,106.854,107.001,106.793,106.927
2020-06-19T10:00:00+01:00,106.9275,106.9765,106.7675,106.8715
2020-06-19T14:00:00+01:00,106.871,107.047,106.795,106.846
2020-06-19T18:00:00+01:00,106.8455,106.9075,106.796,106.8725
2020-06-21T22:00:00+01:00,106.792,106.904,106.7575,106.821
2020-06-22T02:00:00+01:00,106.8225,106.945,106.821,106.9115
2020-06-22T06:00:00+01:00,106.9125,107.012,106.857,106.9035
2020-06-22T10:00:00+01:00,106.903,106.9605,106.857,106.8795
2020-06-22T14:00:00+01:00,106.8785,106.9225,106.792,106.867
2020-06-22T18:00:00+01:00,106.8685,106.9615,106.864,106.9075
2020-06-22T22:00:00+01:00,106.9085,106.9615,106.875,106.953
2020-06-23T02:00:00+01:00,106.9525,107.222,106.74,107.136
2020-06-23T06:00:00+01:00,107.1355,107.2195,107.037,107.0425
2020-06-23T10:00:00+01:00,107.042,107.1165,106.52,106.6225
2020-06-23T14:00:00+01:00,106.6225,106.6375,106.073,106.4665
2020-06-23T18:00:00+01:00,106.4665,106.55,106.425,106.5215
2020-06-23T22:00:00+01:00,106.5215,106.6385,106.3845,106.548
2020-06-24T02:00:00+01:00,106.5465,106.592,106.423,106.5735
2020-06-24T06:00:00+01:00,106.573,106.647,106.4775,106.5255
2020-06-24T10:00:00+01:00,106.525,106.8055,106.463,106.759
2020-06-24T14:00:00+01:00,106.7585,106.9845,106.7115,106.8295
2020-06-24T18:00:00+01:00,106.8285,107.0715,106.818,107.0445
2020-06-24T22:00:00+01:00,107.045,107.15,106.9655,107.07
2020-06-25T02:00:00+01:00,107.0695,107.261,107.0445,107.136
2020-06-25T06:00:00+01:00,107.1365,107.224,107.0485,107.21
2020-06-25T10:00:00+01:00,107.209,107.452,107.1705,107.2995
2020-06-25T14:00:00+01:00,107.3,107.3275,107.1355,107.1875
2020-06-25T18:00:00+01:00,107.189,107.243,107.112,107.1975
2020-06-25T22:00:00+01:00,107.197,107.249,107.086,107.1835
2020-06-26T02:00:00+01:00,107.1835,107.2175,107.073,107.0835
2020-06-26T06:00:00+01:00,107.084,107.148,106.863,106.864
2020-06-26T10:00:00+01:00,106.8645,107.0565,106.8,107.045
2020-06-26T14:00:00+01:00,107.0455,107.3595,107.019,107.1435
2020-06-26T18:00:00+01:00,107.1455,107.2485,107.103,107.229
2020-06-28T22:00:00+01:00,107.124,107.2725,107.0995,107.2725
2020-06-29T02:00:00+01:00,107.271,107.374,107.041,107.086
2020-06-29T06:00:00+01:00,107.0855,107.2215,107.051,107.202
2020-06-29T10:00:00+01:00,107.2,107.376,107.1675,107.334
2020-06-29T14:00:00+01:00,107.3335,107.885,107.3245,107.773
2020-06-29T18:00:00+01:00,107.7745,107.8235,107.553,107.576
2020-06-29T22:00:00+01:00,107.5745,107.7355,107.5395,107.699
2020-06-30T02:00:00+01:00,107.7,107.789,107.674,107.716
2020-06-30T06:00:00+01:00,107.7165,107.7835,107.641,107.6875
2020-06-30T10:00:00+01:00,107.685,107.797,107.684,107.726
2020-06-30T14:00:00+01:00,107.7245,107.946,107.5225,107.825
2020-06-30T18:00:00+01:00,107.8225,107.9835,107.8025,107.927
2020-06-30T22:00:00+01:00,107.928,108.165,107.8985,108.0915
2020-07-01T02:00:00+01:00,108.0915,108.0925,107.588,107.6565
2020-07-01T06:00:00+01:00,107.657,107.709,107.4695,107.532
2020-07-01T10:00:00+01:00,107.531,107.559,107.363,107.4435
2020-07-01T14:00:00+01:00,107.443,107.6035,107.368,107.4225
2020-07-01T18:00:00+01:00,107.422,107.5065,107.4105,107.471
2020-07-01T22:00:00+01:00,107.4705,107.5005,107.3325,107.474
2020-07-02T02:00:00+01:00,107.474,107.5575,107.4175,107.432
2020-07-02T06:00:00+01:00,107.433,107.5545,107.35,107.374
2020-07-02T10:00:00+01:00,107.373,107.6405,107.346,107.6315
2020-07-02T14:00:00+01:00,107.631,107.7245,107.451,107.585
2020-07-02T18:00:00+01:00,107.586,107.591,107.4805,107.501
2020-07-02T22:00:00+01:00,107.502,107.5635,107.4365,107.51
2020-07-03T02:00:00+01:00,107.51,107.568,107.4735,107.516
2020-07-03T06:00:00+01:00,107.5165,107.5375,107.448,107.465
2020-07-03T10:00:00+01:00,107.4645,107.533,107.459,107.5155
2020-07-03T14:00:00+01:00,107.515,107.5365,107.491,107.509
2020-07-03T18:00:00+01:00,107.509,107.5215,107.476,107.511
2020-07-05T22:00:00+01:00,107.5105,107.6785,107.466,107.6625
2020-07-06T02:00:00+01:00,107.661,107.773,107.646,107.6495
2020-07-06T06:00:00+01:00,107.65,107.7065,107.5445,107.5735
2020-07-06T10:00:00+01:00,107.5735,107.598,107.457,107.492
2020-07-06T14:00:00+01:00,107.4925,107.595,107.436,107.4385
2020-07-06T18:00:00+01:00,107.438,107.441,107.2575,107.35
2020-07-06T22:00:00+01:00,107.355,107.398,107.2605,107.29
2020-07-07T02:00:00+01:00,107.2895,107.4115,107.2465,107.364
2020-07-07T06:00:00+01:00,107.3625,107.692,107.3615,107.686
2020-07-07T10:00:00+01:00,107.686,107.791,107.5985,107.6125
2020-07-07T14:00:00+01:00,107.613,107.6755,107.4995,107.5175
2020-07-07T18:00:00+01:00,107.5165,107.569,107.505,107.519
2020-07-07T22:00:00+01:00,107.5725,107.712,107.515,107.701
2020-07-08T02:00:00+01:00,107.701,107.708,107.513,107.5215
2020-07-08T06:00:00+01:00,107.521,107.5825,107.428,107.575
2020-07-08T10:00:00+01:00,107.5745,107.603,107.5015,107.55
2020-07-08T14:00:00+01:00,107.55,107.5665,107.2885,107.298
2020-07-08T18:00:00+01:00,107.2965,107.33,107.2025,107.258
2020-07-08T22:00:00+01:00,107.258,107.34,107.1825,107.29
2020-07-09T02:00:00+01:00,107.2905,107.365,107.228,107.276
2020-07-09T06:00:00+01:00,107.2765,107.3205,107.198,107.2865
2020-07-09T10:00:00+01:00,107.287,107.3975,107.2,107.2115
2020-07-09T14:00:00+01:00,107.2115,107.3635,107.0985,107.3085
2020-07-09T18:00:00+01:00,107.308,107.3165,107.1725,107.2025
2020-07-09T22:00:00+01:00,107.2045,107.265,107.067,107.076
2020-07-10T02:00:00+01:00,107.076,107.1075,106.9255,106.9455
2020-07-10T06:00:00+01:00,106.9455,106.963,106.753,106.7615
2020-07-10T10:00:00+01:00,106.7605,106.8845,106.711,106.7935
2020-07-10T14:00:00+01:00,106.793,106.9505,106.639,106.906
2020-07-10T18:00:00+01:00,106.904,106.951,106.8905,106.9265
2020-07-12T22:00:00+01:00,106.9075,106.946,106.84,106.853
2020-07-13T02:00:00+01:00,106.854,106.882,106.788,106.871
2020-07-13T06:00:00+01:00,106.8715,107.0975,106.858,107.062
2020-07-13T10:00:00+01:00,107.0625,107.2285,107.042,107.199
2020-07-13T14:00:00+01:00,107.1985,107.318,107.148,107.1725
2020-07-13T18:00:00+01:00,107.174,107.3185,107.171,107.294
2020-07-13T22:00:00+01:00,107.2945,107.368,107.2275,107.249
2020-07-14T02:00:00+01:00,107.248,107.2535,107.1195,107.239
2020-07-14T06:00:00+01:00,107.2395,107.3275,107.219,107.314
2020-07-14T10:00:00+01:00,107.3135,107.4365,107.305,107.3525
2020-07-14T14:00:00+01:00,107.353,107.3745,107.188,107.197
2020-07-14T18:00:00+01:00,107.1945,107.2895,107.159,107.236
2020-07-14T22:00:00+01:00,107.2355,107.305,107.189,107.299
2020-07-15T02:00:00+01:00,107.2995,107.31,107.209,107.261
2020-07-15T06:00:00+01:00,107.262,107.2965,106.8995,106.9035
2020-07-15T10:00:00+01:00,106.901,106.992,106.7545,106.818
2020-07-15T14:00:00+01:00,106.817,106.9735,106.667,106.94
2020-07-15T18:00:00+01:00,106.941,106.974,106.898,106.936
2020-07-15T22:00:00+01:00,106.9375,106.9875,106.8335,106.965
2020-07-16T02:00:00+01:00,106.966,107.0335,106.8635,106.8755
2020-07-16T06:00:00+01:00,106.876,107.0785,106.8655,107.0465
2020-07-16T10:00:00+01:00,107.046,107.192,107.0105,107.164
2020-07-16T14:00:00+01:00,107.1645,107.2015,107.0445,107.193
2020-07-16T18:00:00+01:00,107.1935,107.4005,107.1785,107.251
2020-07-16T22:00:00+01:00,107.26,107.362,107.245,107.272
2020-07-17T02:00:00+01:00,107.2715,107.3025,107.1655,107.191
2020-07-17T06:00:00+01:00,107.1905,107.2425,107.098,107.139
2020-07-17T10:00:00+01:00,107.139,107.2795,107.1185,107.242
2020-07-17T14:00:00+01:00,107.2415,107.265,107.0065,107.028
2020-07-17T18:00:00+01:00,107.0285,107.048,106.9405,107.0285
2020-07-19T22:00:00+01:00,107.098,107.541,107.016,107.3875
2020-07-20T02:00:00+01:00,107.385,107.4255,107.2655,107.2655
2020-07-20T06:00:00+01:00,107.2635,107.2995,107.1405,107.197
2020-07-20T10:00:00+01:00,107.1975,107.268,107.0665,107.1715
2020-07-20T14:00:00+01:00,107.17,107.283,107.036,107.2715
2020-07-20T18:00:00+01:00,107.2715,107.3355,107.259,107.261
2020-07-20T22:00:00+01:00,107.263,107.285,107.1285,107.2055
2020-07-21T02:00:00+01:00,107.2055,107.347,107.1455,107.3245
2020-07-21T06:00:00+01:00,107.3255,107.367,107.246,107.2915
2020-07-21T10:00:00+01:00,107.292,107.318,107.124,107.182
2020-07-21T14:00:00+01:00,107.1815,107.1985,106.7315,106.742
2020-07-21T18:00:00+01:00,106.7425,106.8215,106.682,106.7985
2020-07-21T22:00:00+01:00,106.8,106.894,106.737,106.835
2020-07-22T02:00:00+01:00,106.834,106.876,106.7115,106.868
2020-07-22T06:00:00+01:00,106.868,107.065,106.7555,107.0255
2020-07-22T10:00:00+01:00,107.025,107.064,106.8725,107.0605
2020-07-22T14:00:00+01:00,107.062,107.213,107.0585,107.186
2020-07-22T18:00:00+01:00,107.1875,107.2895,107.152,107.1555
2020-07-22T22:00:00+01:00,107.1565,107.196,107.1275,107.157
2020-07-23T02:00:00+01:00,107.157,107.1785,107.107,107.1585
2020-07-23T06:00:00+01:00,107.1585,107.1785,107.0725,107.1355
2020-07-23T10:00:00+01:00,107.136,107.197,107.0865,107.1955
2020-07-23T14:00:00+01:00,107.1955,107.2305,106.8225,106.824
2020-07-23T18:00:00+01:00,106.824,106.88,106.7115,106.8615
2020-07-23T22:00:00+01:00,106.8605,106.9065,106.512,106.53
2020-07-24T02:00:00+01:00,106.5295,106.603,106.362,106.4165
2020-07-24T06:00:00+01:00,106.4165,106.4895,106.172,106.4155
2020-07-24T10:00:00+01:00,106.4195,106.4335,106.121,106.1275
2020-07-24T14:00:00+01:00,106.1255,106.1575,105.685,105.699
2020-07-24T18:00:00+01:00,105.6995,106.164,105.6825,106.131
2020-07-26T22:00:00+01:00,106.0525,106.113,105.7965,105.803
2020-07-27T02:00:00+01:00,105.8045,105.8515,105.4515,105.5975
2020-07-27T06:00:00+01:00,105.597,105.668,105.3815,105.522
2020-07-27T10:00:00+01:00,105.522,105.5415,105.245,105.4205
2020-07-27T14:00:00+01:00,105.421,105.475,105.117,105.299
2020-07-27T18:00:00+01:00,105.2995,105.4545,105.2715,105.3725
2020-07-27T22:00:00+01:00,105.372,105.436,105.221,105.329
2020-07-28T02:00:00+01:00,105.3315,105.687,105.263,105.5775
2020-07-28T06:00:00+01:00,105.578,105.665,105.3905,105.404
2020-07-28T10:00:00+01:00,105.4045,105.413,105.0845,105.0905
2020-07-28T14:00:00+01:00,105.091,105.2395,104.957,105.063
2020-07-28T18:00:00+01:00,105.062,105.1865,104.996,105.093
2020-07-28T22:00:00+01:00,105.1,105.151,104.958,105.1285
2020-07-29T02:00:00+01:00,105.128,105.243,105.0085,105.0855
2020-07-29T06:00:00+01:00,105.085,105.095,104.801,104.9125
2020-07-29T10:00:00+01:00,104.912,105.196,104.887,105.033
2020-07-29T14:00:00+01:00,105.0335,105.1455,104.894,105.0005
2020-07-29T18:00:00+01:00,105.001,105.157,104.7735,104.92
2020-07-29T22:00:00+01:00,104.921,105.1555,104.905,105.017
2020-07-30T02:00:00+01:00,105.017,105.1195,104.9825,105.106
2020-07-30T06:00:00+01:00,105.107,105.2955,105.0115,105.083
2020-07-30T10:00:00+01:00,105.082,105.282,104.998,105.0525
2020-07-30T14:00:00+01:00,105.0525,105.1885,104.907,104.9535
2020-07-30T18:00:00+01:00,104.9555,104.9585,104.68,104.7295
2020-07-30T22:00:00+01:00,104.713,104.8265,104.478,104.5515
2020-07-31T02:00:00+01:00,104.5515,104.5935,104.1875,104.3115
2020-07-31T06:00:00+01:00,104.3125,104.7135,104.2435,104.689
2020-07-31T10:00:00+01:00,104.691,105.1975,104.5475,105.137
2020-07-31T14:00:00+01:00,105.1365,106.0565,105.114,105.8355
2020-07-31T18:00:00+01:00,105.835,105.9705,105.7425,105.866
2020-08-02T22:00:00+01:00,105.7955,106.4335,105.7125,106.1625
2020-08-03T02:00:00+01:00,106.1635,106.24,105.7775,105.8225
2020-08-03T06:00:00+01:00,105.8245,105.9975,105.5815,105.5955
2020-08-03T10:00:00+01:00,105.597,106.2985,105.585,106.273
2020-08-03T14:00:00+01:00,106.273,106.473,106.063,106.094
2020-08-03T18:00:00+01:00,106.095,106.121,105.908,105.95
2020-08-03T22:00:00+01:00,105.951,106.147,105.9405,106.125
2020-08-04T02:00:00+01:00,106.126,106.193,106.0455,106.047
2020-08-04T06:00:00+01:00,106.0465,106.1315,105.8375,105.95
2020-08-04T10:00:00+01:00,105.948,106.195,105.8775,106.1685
2020-08-04T14:00:00+01:00,106.1685,106.181,105.7275,105.755
2020-08-04T18:00:00+01:00,105.757,105.82,105.6385,105.716
2020-08-04T22:00:00+01:00,105.716,105.7975,105.5595,105.5925
2020-08-05T02:00:00+01:00,105.592,105.652,105.5125,105.5745
2020-08-05T06:00:00+01:00,105.575,105.7975,105.5565,105.6865
2020-08-05T10:00:00+01:00,105.6855,105.8735,105.501,105.5025
2020-08-05T14:00:00+01:00,105.5015,105.6285,105.32,105.5425
2020-08-05T18:00:00+01:00,105.5415,105.6775,105.4795,105.599
2020-08-05T22:00:00+01:00,105.5975,105.6265,105.4605,105.5355
2020-08-06T02:00:00+01:00,105.5345,105.6105,105.485,105.524
2020-08-06T06:00:00+01:00,105.523,105.698,105.3905,105.673
2020-08-06T10:00:00+01:00,105.673,105.6925,105.395,105.567
2020-08-06T14:00:00+01:00,105.5665,105.6025,105.3015,105.478
2020-08-06T18:00:00+01:00,105.4775,105.645,105.405,105.551
2020-08-06T22:00:00+01:00,105.552,105.5955,105.4915,105.562
2020-08-07T02:00:00+01:00,105.5615,105.643,105.5235,105.5575
2020-08-07T06:00:00+01:00,105.56,105.686,105.481,105.598
2020-08-07T10:00:00+01:00,105.598,105.8735,105.554,105.608
2020-08-07T14:00:00+01:00,105.6075,106.056,105.5645,106.021
2020-08-07T18:00:00+01:00,106.0215,106.022,105.891,105.9235
2020-08-09T22:00:00+01:00,105.886,105.9715,105.744,105.751
2020-08-10T02:00:00+01:00,105.751,105.8055,105.7245,105.776
2020-08-10T06:00:00+01:00,105.776,106.0475,105.752,105.9465
2020-08-10T10:00:00+01:00,105.946,106.2025,105.91,105.995
2020-08-10T14:00:00+01:00,105.996,106.003,105.709,105.852
2020-08-10T18:00:00+01:00,105.852,105.9755,105.836,105.9625
2020-08-10T22:00:00+01:00,105.9615,106.178,105.921,106.153
2020-08-11T02:00:00+01:00,106.1525,106.176,105.9755,106.079
2020-08-11T06:00:00+01:00,106.079,106.241,106.057,106.1005
2020-08-11T10:00:00+01:00,106.1,106.1595,105.9305,105.972
2020-08-11T14:00:00+01:00,105.973,106.576,105.97,106.5445
2020-08-11T18:00:00+01:00,106.5435,106.685,106.428,106.487
2020-08-11T22:00:00+01:00,106.4905,106.671,106.4415,106.5475
2020-08-12T02:00:00+01:00,106.547,106.7985,106.5125,106.7695
2020-08-12T06:00:00+01:00,106.7705,106.829,106.6755,106.8065
2020-08-12T10:00:00+01:00,106.807,107.0155,106.7455,106.784
2020-08-12T14:00:00+01:00,106.7835,106.978,106.6875,106.827
2020-08-12T18:00:00+01:00,106.828,106.92,106.7805,106.916
2020-08-12T22:00:00+01:00,106.907,106.923,106.6765,106.6935
2020-08-13T02:00:00+01:00,106.6945,106.794,106.6035,106.79
2020-08-13T06:00:00+01:00,106.7905,106.7925,106.566,106.746
2020-08-13T10:00:00+01:00,106.7445,106.9955,106.7305,106.9225
2020-08-13T14:00:00+01:00,106.923,106.9855,106.7375,106.8775
2020-08-13T18:00:00+01:00,106.878,107.0505,106.865,106.9285
2020-08-13T22:00:00+01:00,106.9305,107.04,106.8925,106.956
2020-08-14T02:00:00+01:00,106.956,107.0015,106.8585,106.8805
2020-08-14T06:00:00+01:00,106.88,106.896,106.6685,106.717
2020-08-14T10:00:00+01:00,106.7175,106.757,106.5585,106.57
2020-08-14T14:00:00+01:00,106.57,106.653,106.437,106.476
2020-08-14T18:00:00+01:00,106.4775,106.6305,106.4625,106.5975
2020-08-16T22:00:00+01:00,106.6125,106.6765,106.4865,106.5225
2020-08-17T02:00:00+01:00,106.5205,106.621,106.4595,106.595
2020-08-17T06:00:00+01:00,106.5945,106.6175,106.4025,106.482
2020-08-17T10:00:00+01:00,106.483,106.4905,106.1895,106.262
2020-08-17T14:00:00+01:00,106.2595,106.267,105.9455,105.9885
2020-08-17T18:00:00+01:00,105.988,106.059,105.9435,106.004
2020-08-17T22:00:00+01:00,106.0025,106.0575,105.7505,105.761
2020-08-18T02:00:00+01:00,105.7635,105.8275,105.568,105.6405
2020-08-18T06:00:00+01:00,105.6405,105.66,105.4025,105.5615
2020-08-18T10:00:00+01:00,105.562,105.6415,105.3675,105.4765
2020-08-18T14:00:00+01:00,105.474,105.569,105.2835,105.34
2020-08-18T18:00:00+01:00,105.34,105.4625,105.34,105.407
2020-08-18T22:00:00+01:00,105.4065,105.4755,105.103,105.171
2020-08-19T02:00:00+01:00,105.1715,105.593,105.1375,105.561
2020-08-19T06:00:00+01:00,105.5625,105.6065,105.3685,105.3865
2020-08-19T10:00:00+01:00,105.3875,105.4595,105.1725,105.4475
2020-08-19T14:00:00+01:00,105.447,105.7975,105.3465,105.7325
2020-08-19T18:00:00+01:00,105.733,106.153,105.6465,106.1105
2020-08-19T22:00:00+01:00,106.1085,106.155,105.974,106.0875
2020-08-20T02:00:00+01:00,106.087,106.217,105.981,106.0275
2020-08-20T06:00:00+01:00,106.028,106.1305,105.914,105.9425
2020-08-20T10:00:00+01:00,105.942,106.0455,105.772,105.922
2020-08-20T14:00:00+01:00,105.9205,106.0485,105.7675,105.851
2020-08-20T18:00:00+01:00,105.852,105.917,105.7455,105.804
2020-08-20T22:00:00+01:00,105.7865,105.806,105.6245,105.6855
2020-08-21T02:00:00+01:00,105.686,105.7525,105.6215,105.6265
2020-08-21T06:00:00+01:00,105.627,105.6385,105.4415,105.522
2020-08-21T10:00:00+01:00,105.5205,105.874,105.4935,105.725
2020-08-21T14:00:00+01:00,105.726,106.0725,105.6515,105.8755
2020-08-21T18:00:00+01:00,105.8755,105.9165,105.782,105.7995
2020-08-23T22:00:00+01:00,105.7745,105.943,105.751,105.7755
2020-08-24T02:00:00+01:00,105.774,105.879,105.689,105.8545
2020-08-24T06:00:00+01:00,105.8545,105.923,105.779,105.8295
2020-08-24T10:00:00+01:00,105.8295,105.8475,105.6995,105.7905
2020-08-24T14:00:00+01:00,105.7905,105.9485,105.7225,105.8885
2020-08-24T18:00:00+01:00,105.888,105.9985,105.8715,105.9755
2020-08-24T22:00:00+01:00,105.977,106.054,105.933,105.9965
2020-08-25T02:00:00+01:00,105.996,106.0435,105.8725,105.9895
2020-08-25T06:00:00+01:00,105.9875,106.374,105.98,106.3345
2020-08-25T10:00:00+01:00,106.334,106.4985,106.247,106.422
2020-08-25T14:00:00+01:00,106.423,106.578,106.284,106.4425
2020-08-25T18:00:00+01:00,106.442,106.4665,106.3,106.3895
2020-08-25T22:00:00+01:00,106.3825,106.5575,106.339,106.4685
2020-08-26T02:00:00+01:00,106.4675,106.525,106.378,106.3915
2020-08-26T06:00:00+01:00,106.3925,106.4315,106.159,106.224
2020-08-26T10:00:00+01:00,106.2235,106.4645,106.189,106.4005
2020-08-26T14:00:00+01:00,106.401,106.4265,106,106.0085
2020-08-26T18:00:00+01:00,106.0075,106.057,105.9565,105.986
2020-08-26T22:00:00+01:00,105.991,106.0355,105.804,105.928
2020-08-27T02:00:00+01:00,105.9275,106.0765,105.9125,105.9455
2020-08-27T06:00:00+01:00,105.946,106.2095,105.9265,106.051
2020-08-27T10:00:00+01:00,106.0505,106.1735,105.9865,106.0895
2020-08-27T14:00:00+01:00,106.0915,106.7025,105.603,106.683
2020-08-27T18:00:00+01:00,106.683,106.69,106.5365,106.563
2020-08-27T22:00:00+01:00,106.566,106.7915,106.498,106.655
2020-08-28T02:00:00+01:00,106.655,106.9475,106.6045,106.7025
2020-08-28T06:00:00+01:00,106.7025,106.738,105.8475,105.862
2020-08-28T10:00:00+01:00,105.8625,105.881,105.2015,105.539
2020-08-28T14:00:00+01:00,105.5405,105.736,105.239,105.402
2020-08-28T18:00:00+01:00,105.403,105.478,105.3335,105.3505
2020-08-30T22:00:00+01:00,105.452,105.807,105.294,105.4065
2020-08-31T02:00:00+01:00,105.4075,105.692,105.345,105.6725
2020-08-31T06:00:00+01:00,105.6725,105.927,105.557,105.8855
2020-08-31T10:00:00+01:00,105.886,105.994,105.7885,105.9905
2020-08-31T14:00:00+01:00,105.989,106.0975,105.7835,105.82
2020-08-31T18:00:00+01:00,105.822,105.927,105.7865,105.905
2020-08-31T22:00:00+01:00,105.9055,106.0325,105.814,105.8245
2020-09-01T02:00:00+01:00,105.8195,105.834,105.593,105.765
2020-09-01T06:00:00+01:00,105.7655,105.7935,105.5925,105.7395
2020-09-01T10:00:00+01:00,105.739,105.9665,105.7035,105.8565
2020-09-01T14:00:00+01:00,105.856,106.154,105.78,106.0185
2020-09-01T18:00:00+01:00,106.016,106.0885,105.9065,105.954
2020-09-01T22:00:00+01:00,105.9595,106.0565,105.851,106.038
2020-09-02T02:00:00+01:00,106.04,106.129,105.991,106.038
2020-09-02T06:00:00+01:00,106.038,106.2295,105.963,106.1935
2020-09-02T10:00:00+01:00,106.193,106.286,106.087,106.1485
2020-09-02T14:00:00+01:00,106.1465,106.2995,106.107,106.1725
2020-09-02T18:00:00+01:00,106.1715,106.303,106.1635,106.186
2020-09-02T22:00:00+01:00,106.1865,106.2655,106.1255,106.2305
2020-09-03T02:00:00+01:00,106.23,106.314,106.1905,106.291
2020-09-03T06:00:00+01:00,106.2915,106.344,106.1785,106.2555
2020-09-03T10:00:00+01:00,106.255,106.553,106.232,106.3885
2020-09-03T14:00:00+01:00,106.389,106.438,106.0235,106.1095
2020-09-03T18:00:00+01:00,106.109,106.194,106.0025,106.189
2020-09-03T22:00:00+01:00,106.19,106.215,106.0565,106.132
2020-09-04T02:00:00+01:00,106.1335,106.224,106.1075,106.138
2020-09-04T06:00:00+01:00,106.1385,106.248,106.099,106.2085
2020-09-04T10:00:00+01:00,106.2095,106.4675,106.153,106.4305
2020-09-04T14:00:00+01:00,106.433,106.5055,106.233,106.257
2020-09-04T18:00:00+01:00,106.2575,106.273,106.178,106.2375
2020-09-06T22:00:00+01:00,106.257,106.387,106.2175,106.3595
2020-09-07T02:00:00+01:00,106.359,106.3655,106.2175,106.249
2020-09-07T06:00:00+01:00,106.249,106.319,106.1335,106.202
2020-09-07T10:00:00+01:00,106.1985,106.271,106.1675,106.208
2020-09-07T14:00:00+01:00,106.209,106.3265,106.2035,106.3005
2020-09-07T18:00:00+01:00,106.2985,106.304,106.2575,106.2575
2020-09-07T22:00:00+01:00,106.2545,106.316,106.2425,106.2845
2020-09-08T02:00:00+01:00,106.2865,106.313,106.249,106.2725
2020-09-08T06:00:00+01:00,106.272,106.296,106.203,106.293
2020-09-08T10:00:00+01:00,106.294,106.383,105.901,105.9885
2020-09-08T14:00:00+01:00,105.988,106.045,105.8625,105.9305
2020-09-08T18:00:00+01:00,105.9305,106.0755,105.9145,106.032
2020-09-08T22:00:00+01:00,106.028,106.0545,105.831,105.9845
2020-09-09T02:00:00+01:00,105.984,105.988,105.883,105.9025
2020-09-09T06:00:00+01:00,105.902,106.0475,105.791,105.9895
2020-09-09T10:00:00+01:00,105.9905,106.2485,105.9725,106.181
2020-09-09T14:00:00+01:00,106.1795,106.2735,106.1315,106.25
2020-09-09T18:00:00+01:00,106.2505,106.274,106.155,106.179
2020-09-09T22:00:00+01:00,106.1815,106.3045,106.163,106.1845
2020-09-10T02:00:00+01:00,106.1835,106.2325,106.0575,106.1055
2020-09-10T06:00:00+01:00,106.106,106.161,106.007,106.0575
2020-09-10T10:00:00+01:00,106.058,106.1595,105.9825,106.0345
2020-09-10T14:00:00+01:00,106.034,106.221,106.023,106.177
2020-09-10T18:00:00+01:00,106.1775,106.2365,106.092,106.129
2020-09-10T22:00:00+01:00,106.1325,106.1915,106.079,106.135
2020-09-11T02:00:00+01:00,106.134,106.208,106.1255,106.166
2020-09-11T06:00:00+01:00,106.1665,106.2655,106.1515,106.233
2020-09-11T10:00:00+01:00,106.2345,106.2515,106.1315,106.154
2020-09-11T14:00:00+01:00,106.153,106.2135,106.0865,106.1615
2020-09-11T18:00:00+01:00,106.1635,106.1995,106.057,106.1565
2020-09-13T22:00:00+01:00,106.129,106.1665,106.0835,106.1415
2020-09-14T02:00:00+01:00,106.142,106.1585,106.013,106.0515
2020-09-14T06:00:00+01:00,106.0505,106.1145,105.9105,105.9985
2020-09-14T10:00:00+01:00,105.9985,106.05,105.9155,105.9335
2020-09-14T14:00:00+01:00,105.933,105.9335,105.549,105.6525
2020-09-14T18:00:00+01:00,105.652,105.7405,105.6315,105.725
2020-09-14T22:00:00+01:00,105.7275,105.75,105.66,105.7105
2020-09-15T02:00:00+01:00,105.7085,105.7175,105.6065,105.683
2020-09-15T06:00:00+01:00,105.683,105.794,105.63,105.7925
2020-09-15T10:00:00+01:00,105.792,105.8155,105.3845,105.4055
2020-09-15T14:00:00+01:00,105.4085,105.516,105.301,105.459
2020-09-15T18:00:00+01:00,105.4595,105.5435,105.394,105.443
2020-09-15T22:00:00+01:00,105.4425,105.4475,105.262,105.3495
2020-09-16T02:00:00+01:00,105.349,105.376,105.2515,105.299
2020-09-16T06:00:00+01:00,105.298,105.4005,105.1645,105.196
2020-09-16T10:00:00+01:00,105.1955,105.222,104.855,104.884
2020-09-16T14:00:00+01:00,104.8845,104.9625,104.8065,104.9045
2020-09-16T18:00:00+01:00,104.9045,105.146,104.8015,104.9495
2020-09-16T22:00:00+01:00,104.95,105.0735,104.878,105.0535
2020-09-17T02:00:00+01:00,105.053,105.1745,105.009,105.074
2020-09-17T06:00:00+01:00,105.075,105.0855,104.691,104.7415
2020-09-17T10:00:00+01:00,104.7405,104.8305,104.526,104.5515
2020-09-17T14:00:00+01:00,104.5525,104.844,104.5305,104.828
2020-09-17T18:00:00+01:00,104.8305,104.8425,104.666,104.742
2020-09-17T22:00:00+01:00,104.7435,104.825,104.6755,104.7495
2020-09-18T02:00:00+01:00,104.749,104.8715,104.705,104.804
2020-09-18T06:00:00+01:00,104.8035,104.8285,104.41,104.4745
2020-09-18T10:00:00+01:00,104.478,104.5225,104.273,104.3905
2020-09-18T14:00:00+01:00,104.391,104.48,104.2875,104.378
2020-09-18T18:00:00+01:00,104.3775,104.6365,104.375,104.5725
2020-09-20T22:00:00+01:00,104.545,104.5815,104.4315,104.4465
2020-09-21T02:00:00+01:00,104.4475,104.455,104.2695,104.294
2020-09-21T06:00:00+01:00,104.294,104.3775,104.001,104.1195
2020-09-21T10:00:00+01:00,104.12,104.2365,104.0055,104.1635
2020-09-21T14:00:00+01:00,104.163,104.895,104.128,104.742
2020-09-21T18:00:00+01:00,104.742,104.84,104.643,104.649
2020-09-21T22:00:00+01:00,104.648,104.753,104.6475,104.654
2020-09-22T02:00:00+01:00,104.6545,104.672,104.462,104.5365
2020-09-22T06:00:00+01:00,104.534,104.7375,104.508,104.553
2020-09-22T10:00:00+01:00,104.5525,104.637,104.406,104.5495
2020-09-22T14:00:00+01:00,104.548,105.078,104.5385,105.026
2020-09-22T18:00:00+01:00,105.027,105.0425,104.901,104.9305
2020-09-22T22:00:00+01:00,104.9295,105.178,104.8665,105.1105
2020-09-23T02:00:00+01:00,105.1085,105.199,105.054,105.0695
2020-09-23T06:00:00+01:00,105.07,105.155,104.9285,105.0785
2020-09-23T10:00:00+01:00,105.0795,105.227,104.9285,105.175
2020-09-23T14:00:00+01:00,105.1755,105.428,105.0925,105.419
2020-09-23T18:00:00+01:00,105.421,105.4955,105.329,105.3945
2020-09-23T22:00:00+01:00,105.3975,105.456,105.2855,105.3995
2020-09-24T02:00:00+01:00,105.401,105.4785,105.358,105.448
2020-09-24T06:00:00+01:00,105.4485,105.4705,105.206,105.3465
2020-09-24T10:00:00+01:00,105.347,105.5325,105.3025,105.4105
2020-09-24T14:00:00+01:00,105.411,105.525,105.3475,105.4605
2020-09-24T18:00:00+01:00,105.4615,105.462,105.3675,105.4185
2020-09-24T22:00:00+01:00,105.418,105.5445,105.395,105.5105
2020-09-25T02:00:00+01:00,105.512,105.537,105.3865,105.3885
2020-09-25T06:00:00+01:00,105.3895,105.454,105.24,105.438
2020-09-25T10:00:00+01:00,105.4385,105.5315,105.387,105.4995
2020-09-25T14:00:00+01:00,105.499,105.701,105.463,105.6145
2020-09-25T18:00:00+01:00,105.6135,105.6415,105.545,105.5985
2020-09-27T22:00:00+01:00,105.5175,105.6955,105.359,105.3925
2020-09-28T02:00:00+01:00,105.393,105.5185,105.2975,105.3025
2020-09-28T06:00:00+01:00,105.303,105.4515,105.264,105.333
2020-09-28T10:00:00+01:00,105.3325,105.4925,105.2895,105.4895
2020-09-28T14:00:00+01:00,105.489,105.666,105.4285,105.5585
2020-09-28T18:00:00+01:00,105.5595,105.5715,105.462,105.498
2020-09-28T22:00:00+01:00,105.5005,105.5495,105.342,105.39
2020-09-29T02:00:00+01:00,105.3885,105.566,105.3785,105.5645
2020-09-29T06:00:00+01:00,105.5645,105.7355,105.5405,105.677
2020-09-29T10:00:00+01:00,105.6775,105.6825,105.5505,105.644
2020-09-29T14:00:00+01:00,105.6445,105.7065,105.532,105.6595
2020-09-29T18:00:00+01:00,105.659,105.701,105.628,105.657
2020-09-29T22:00:00+01:00,105.656,105.797,105.627,105.794
2020-09-30T02:00:00+01:00,105.7945,105.805,105.5,105.5005
2020-09-30T06:00:00+01:00,105.499,105.6995,105.4345,105.659
2020-09-30T10:00:00+01:00,105.6595,105.736,105.636,105.661
2020-09-30T14:00:00+01:00,105.6605,105.748,105.4035,105.5305
2020-09-30T18:00:00+01:00,105.5295,105.572,105.4185,105.454
2020-09-30T22:00:00+01:00,105.543,105.556,105.4035,105.5025
2020-10-01T02:00:00+01:00,105.5035,105.551,105.417,105.445
2020-10-01T06:00:00+01:00,105.4445,105.6045,105.439,105.5925
2020-10-01T10:00:00+01:00,105.593,105.6235,105.443,105.5775
2020-10-01T14:00:00+01:00,105.578,105.7285,105.5185,105.5545
2020-10-01T18:00:00+01:00,105.555,105.61,105.516,105.5275
2020-10-01T22:00:00+01:00,105.525,105.582,105.5125,105.549
2020-10-02T02:00:00+01:00,105.5485,105.667,105.5335,105.5525
2020-10-02T06:00:00+01:00,105.5505,105.5565,104.944,105.2045
2020-10-02T10:00:00+01:00,105.204,105.342,105.0685,105.208
2020-10-02T14:00:00+01:00,105.2085,105.3945,105.169,105.374
2020-10-02T18:00:00+01:00,105.3745,105.396,105.2685,105.304
2020-10-04T22:00:00+01:00,105.3345,105.5935,105.2785,105.553
2020-10-05T02:00:00+01:00,105.553,105.6065,105.5025,105.5615
2020-10-05T06:00:00+01:00,105.563,105.679,105.5485,105.6385
2020-10-05T10:00:00+01:00,105.6385,105.6635,105.5685,105.585
2020-10-05T14:00:00+01:00,105.5855,105.7955,105.5385,105.7545
2020-10-05T18:00:00+01:00,105.7535,105.7815,105.6905,105.75
2020-10-05T22:00:00+01:00,105.7515,105.786,105.615,105.6865
2020-10-06T02:00:00+01:00,105.6855,105.7465,105.6175,105.621
2020-10-06T06:00:00+01:00,105.619,105.7055,105.5175,105.542
2020-10-06T10:00:00+01:00,105.5425,105.674,105.5265,105.666
2020-10-06T14:00:00+01:00,105.665,105.708,105.5825,105.6175
2020-10-06T18:00:00+01:00,105.618,105.6915,105.4705,105.6425
2020-10-06T22:00:00+01:00,105.6375,105.696,105.6025,105.6585
2020-10-07T02:00:00+01:00,105.6595,105.743,105.6345,105.727
2020-10-07T06:00:00+01:00,105.7265,105.9915,105.71,105.989
2020-10-07T10:00:00+01:00,105.9885,106.1085,105.8925,105.899
2020-10-07T14:00:00+01:00,105.8985,106.04,105.8535,105.961
2020-10-07T18:00:00+01:00,105.962,106.088,105.947,105.9775
2020-10-07T22:00:00+01:00,105.972,106.1075,105.933,106.0455
2020-10-08T02:00:00+01:00,106.0455,106.057,105.9415,105.977
2020-10-08T06:00:00+01:00,105.9775,106.0325,105.9245,105.979
2020-10-08T10:00:00+01:00,105.9805,106.034,105.949,105.9875
2020-10-08T14:00:00+01:00,105.9865,106.0455,105.9385,106.013
2020-10-08T18:00:00+01:00,106.01,106.0425,105.9795,106.0295
2020-10-08T22:00:00+01:00,106.03,106.043,105.886,105.933
2020-10-09T02:00:00+01:00,105.9335,105.94,105.8095,105.8585
2020-10-09T06:00:00+01:00,105.858,105.984,105.852,105.864
2020-10-09T10:00:00+01:00,105.8635,105.95,105.826,105.8555
2020-10-09T14:00:00+01:00,105.856,105.8745,105.6115,105.6965
2020-10-09T18:00:00+01:00,105.6975,105.709,105.5805,105.618
2020-10-11T22:00:00+01:00,105.769,105.8265,105.595,105.6215
2020-10-12T02:00:00+01:00,105.62,105.6405,105.4335,105.492
2020-10-12T06:00:00+01:00,105.4925,105.6165,105.435,105.6025
2020-10-12T10:00:00+01:00,105.6025,105.603,105.3635,105.374
2020-10-12T14:00:00+01:00,105.373,105.3975,105.2425,105.32
2020-10-12T18:00:00+01:00,105.322,105.369,105.2905,105.345
2020-10-12T22:00:00+01:00,105.346,105.4065,105.2895,105.3555
2020-10-13T02:00:00+01:00,105.3545,105.453,105.283,105.43
2020-10-13T06:00:00+01:00,105.432,105.5,105.3365,105.4355
2020-10-13T10:00:00+01:00,105.4345,105.5515,105.4175,105.53
2020-10-13T14:00:00+01:00,105.5305,105.6285,105.512,105.543
2020-10-13T18:00:00+01:00,105.543,105.5565,105.4495,105.474
2020-10-13T22:00:00+01:00,105.4745,105.5255,105.412,105.4375
2020-10-14T02:00:00+01:00,105.4375,105.4565,105.3065,105.4415
2020-10-14T06:00:00+01:00,105.4415,105.516,105.3575,105.37
2020-10-14T10:00:00+01:00,105.3695,105.4735,105.158,105.2325
2020-10-14T14:00:00+01:00,105.233,105.251,105.0365,105.152
2020-10-14T18:00:00+01:00,105.151,105.175,105.069,105.172
2020-10-14T22:00:00+01:00,105.1715,105.271,105.0855,105.231
2020-10-15T02:00:00+01:00,105.2295,105.2985,105.1955,105.2755
2020-10-15T06:00:00+01:00,105.277,105.3225,105.169,105.3025
2020-10-15T10:00:00+01:00,105.3025,105.3435,105.1795,105.223
2020-10-15T14:00:00+01:00,105.2235,105.4415,105.206,105.3855
2020-10-15T18:00:00+01:00,105.3875,105.4945,105.362,105.4285
2020-10-15T22:00:00+01:00,105.435,105.463,105.313,105.3175
2020-10-16T02:00:00+01:00,105.316,105.359,105.191,105.229
2020-10-16T06:00:00+01:00,105.229,105.3415,105.2125,105.2265
2020-10-16T10:00:00+01:00,105.2265,105.4135,105.2,105.3615
2020-10-16T14:00:00+01:00,105.362,105.442,105.276,105.4
2020-10-16T18:00:00+01:00,105.399,105.4315,105.375,105.396
2020-10-18T22:00:00+01:00,105.3905,105.504,105.3365,105.3815
2020-10-19T02:00:00+01:00,105.381,105.445,105.353,105.433
2020-10-19T06:00:00+01:00,105.433,105.4785,105.336,105.3415
2020-10-19T10:00:00+01:00,105.342,105.3855,105.302,105.3405
2020-10-19T14:00:00+01:00,105.3405,105.4925,105.3405,105.4155
2020-10-19T18:00:00+01:00,105.415,105.4685,105.378,105.4415
2020-10-19T22:00:00+01:00,105.4365,105.6165,105.3495,105.557
2020-10-20T02:00:00+01:00,105.5565,105.6045,105.5135,105.5255
2020-10-20T06:00:00+01:00,105.525,105.5695,105.4855,105.5315
2020-10-20T10:00:00+01:00,105.5315,105.748,105.5035,105.708
2020-10-20T14:00:00+01:00,105.708,105.713,105.535,105.5655
2020-10-20T18:00:00+01:00,105.5645,105.567,105.422,105.4985
2020-10-20T22:00:00+01:00,105.5025,105.525,105.3685,105.38
2020-10-21T02:00:00+01:00,105.379,105.419,105.2585,105.297
2020-10-21T06:00:00+01:00,105.297,105.329,104.877,104.9455
2020-10-21T10:00:00+01:00,104.9465,104.9575,104.581,104.591
2020-10-21T14:00:00+01:00,104.59,104.6805,104.342,104.508
2020-10-21T18:00:00+01:00,104.5075,104.596,104.4675,104.594
2020-10-21T22:00:00+01:00,104.596,104.707,104.534,104.6325
2020-10-22T02:00:00+01:00,104.6325,104.7525,104.626,104.7085
2020-10-22T06:00:00+01:00,104.7095,104.7135,104.4765,104.6775
2020-10-22T10:00:00+01:00,104.677,104.7795,104.5855,104.612
2020-10-22T14:00:00+01:00,104.6125,104.885,104.5605,104.8135
2020-10-22T18:00:00+01:00,104.813,104.9235,104.787,104.868
2020-10-22T22:00:00+01:00,104.865,104.938,104.696,104.736
2020-10-23T02:00:00+01:00,104.7365,104.784,104.6685,104.703
2020-10-23T06:00:00+01:00,104.7035,104.785,104.5535,104.618
2020-10-23T10:00:00+01:00,104.6185,104.8,104.5475,104.696
2020-10-23T14:00:00+01:00,104.6965,104.885,104.684,104.743
2020-10-23T18:00:00+01:00,104.7425,104.7625,104.6855,104.707
2020-10-25T21:00:00+00:00,104.705,104.757,104.658,104.674
2020-10-26T01:00:00+00:00,104.675,104.9315,104.6555,104.899
2020-10-26T05:00:00+00:00,104.898,104.9775,104.7935,104.9075
2020-10-26T09:00:00+00:00,104.907,105.047,104.8215,105.0115
2020-10-26T13:00:00+00:00,105.0105,105.055,104.835,104.841
2020-10-26T17:00:00+00:00,104.839,104.907,104.824,104.8375
2020-10-26T21:00:00+00:00,104.838,104.891,104.7505,104.811
2020-10-27T01:00:00+00:00,104.8105,104.8125,104.681,104.758
2020-10-27T05:00:00+00:00,104.7585,104.8365,104.6675,104.7275
2020-10-27T09:00:00+00:00,104.7295,104.7375,104.5875,104.661
2020-10-27T13:00:00+00:00,104.662,104.663,104.389,104.4185
2020-10-27T17:00:00+00:00,104.419,104.504,104.3935,104.416
2020-10-27T21:00:00+00:00,104.413,104.557,104.4045,104.4665
2020-10-28T01:00:00+00:00,104.467,104.5075,104.2055,104.245
2020-10-28T05:00:00+00:00,104.244,104.3085,104.162,104.3025
2020-10-28T09:00:00+00:00,104.302,104.453,104.114,104.3865
2020-10-28T13:00:00+00:00,104.387,104.405,104.2085,104.313
2020-10-28T17:00:00+00:00,104.3125,104.3605,104.26,104.3215
2020-10-28T21:00:00+00:00,104.31,104.4225,104.279,104.412
2020-10-29T01:00:00+00:00,104.4125,104.5045,104.3135,104.4375
2020-10-29T05:00:00+00:00,104.4385,104.4385,104.1935,104.2265
2020-10-29T09:00:00+00:00,104.227,104.3965,104.0255,104.363
2020-10-29T13:00:00+00:00,104.3635,104.71,104.2725,104.657
2020-10-29T17:00:00+00:00,104.657,104.729,104.6025,104.608
2020-10-29T21:00:00+00:00,104.609,104.634,104.493,104.554
2020-10-30T01:00:00+00:00,104.555,104.557,104.3445,104.363
2020-10-30T05:00:00+00:00,104.362,104.442,104.1255,104.389
2020-10-30T09:00:00+00:00,104.3885,104.4805,104.294,104.4695
2020-10-30T13:00:00+00:00,104.4675,104.7435,104.431,104.5625
2020-10-30T17:00:00+00:00,104.562,104.7035,104.557,104.657
2020-11-01T22:00:00+00:00,104.538,104.7665,104.534,104.709
2020-11-02T02:00:00+00:00,104.7095,104.757,104.63,104.698
2020-11-02T06:00:00+00:00,104.697,104.949,104.694,104.8045
2020-11-02T10:00:00+00:00,104.8045,104.8155,104.63,104.6595
2020-11-02T14:00:00+00:00,104.6605,104.871,104.6585,104.8505
2020-11-02T18:00:00+00:00,104.8505,104.8715,104.7155,104.752
2020-11-02T22:00:00+00:00,104.7545,104.8155,104.7025,104.7395
2020-11-03T02:00:00+00:00,104.739,104.747,104.655,104.717
2020-11-03T06:00:00+00:00,104.7165,104.761,104.4785,104.706
2020-11-03T10:00:00+00:00,104.705,104.8015,104.6335,104.6535
2020-11-03T14:00:00+00:00,104.654,104.707,104.433,104.4945
2020-11-03T18:00:00+00:00,104.495,104.622,104.469,104.476
2020-11-03T22:00:00+00:00,104.474,104.8235,104.369,104.61
2020-11-04T02:00:00+00:00,104.6095,105.346,104.5405,104.9455
2020-11-04T06:00:00+00:00,104.942,105.094,104.837,104.887
2020-11-04T10:00:00+00:00,104.8875,104.908,104.152,104.4755
2020-11-04T14:00:00+00:00,104.474,104.6225,104.249,104.5725
2020-11-04T18:00:00+00:00,104.5745,104.6195,104.4185,104.5285
2020-11-04T22:00:00+00:00,104.5325,104.5545,104.219,104.313
2020-11-05T02:00:00+00:00,104.3145,104.365,104.232,104.3
2020-11-05T06:00:00+00:00,104.2985,104.475,104.1975,104.246
2020-11-05T10:00:00+00:00,104.246,104.3855,103.61,103.667
2020-11-05T14:00:00+00:00,103.668,103.846,103.5655,103.7195
2020-11-05T18:00:00+00:00,103.72,103.77,103.4425,103.488
2020-11-05T22:00:00+00:00,103.489,103.761,103.454,103.6185
2020-11-06T02:00:00+00:00,103.618,103.666,103.36,103.5375
2020-11-06T06:00:00+00:00,103.5375,103.6015,103.3615,103.382
2020-11-06T10:00:00+00:00,103.3825,103.47,103.1775,103.2755
2020-11-06T14:00:00+00:00,103.2745,103.719,103.1945,103.2875
2020-11-06T18:00:00+00:00,103.288,103.3965,103.219,103.375
2020-11-08T22:00:00+00:00,103.33,103.411,103.1945,103.3315
2020-11-09T02:00:00+00:00,103.3305,103.551,103.2975,103.541
2020-11-09T06:00:00+00:00,103.5405,103.7555,103.4515,103.7265
2020-11-09T10:00:00+00:00,103.727,105.0575,103.6475,104.8645
2020-11-09T14:00:00+00:00,104.8685,105.6485,104.7375,105.458
2020-11-09T18:00:00+00:00,105.4565,105.578,105.2915,105.365
2020-11-09T22:00:00+00:00,105.37,105.37,104.916,104.937
2020-11-10T02:00:00+00:00,104.938,105.0335,104.8215,104.9645
2020-11-10T06:00:00+00:00,104.964,105.3515,104.951,105.3205
2020-11-10T10:00:00+00:00,105.3195,105.489,105.1565,105.2455
2020-11-10T14:00:00+00:00,105.2455,105.4415,105.177,105.2965
2020-11-10T18:00:00+00:00,105.296,105.3445,105.23,105.306
2020-11-10T22:00:00+00:00,105.305,105.327,105.006,105.093
2020-11-11T02:00:00+00:00,105.097,105.2705,105.06,105.2225
2020-11-11T06:00:00+00:00,105.224,105.541,105.199,105.439
2020-11-11T10:00:00+00:00,105.437,105.555,105.371,105.482
2020-11-11T14:00:00+00:00,105.4825,105.677,105.453,105.5675
2020-11-11T18:00:00+00:00,105.5675,105.573,105.39,105.4285
2020-11-11T22:00:00+00:00,105.429,105.479,105.207,105.2355
2020-11-12T02:00:00+00:00,105.2355,105.331,105.1875,105.2225
2020-11-12T06:00:00+00:00,105.222,105.4165,105.1505,105.39
2020-11-12T10:00:00+00:00,105.387,105.387,105.1775,105.2125
2020-11-12T14:00:00+00:00,105.214,105.284,105.101,105.207
2020-11-12T18:00:00+00:00,105.206,105.231,105.0705,105.1305
2020-11-12T22:00:00+00:00,105.129,105.166,104.858,104.9165
2020-11-13T02:00:00+00:00,104.914,104.951,104.859,104.883
2020-11-13T06:00:00+00:00,104.8835,105.151,104.882,105.0235
2020-11-13T10:00:00+00:00,105.0205,105.076,104.676,104.743
2020-11-13T14:00:00+00:00,104.7405,104.828,104.5635,104.614
2020-11-13T18:00:00+00:00,104.615,104.6845,104.57,104.6585
2020-11-15T22:00:00+00:00,104.743,104.7515,104.533,104.5465
2020-11-16T02:00:00+00:00,104.5465,104.5975,104.4855,104.5875
2020-11-16T06:00:00+00:00,104.5875,104.5915,104.3635,104.544
2020-11-16T10:00:00+00:00,104.545,105.138,104.5185,104.843
2020-11-16T14:00:00+00:00,104.8445,104.8675,104.5165,104.538
2020-11-16T18:00:00+00:00,104.539,104.598,104.498,104.5785
2020-11-16T22:00:00+00:00,104.578,104.608,104.4235,104.543
2020-11-17T02:00:00+00:00,104.544,104.5495,104.4675,104.512
2020-11-17T06:00:00+00:00,104.513,104.568,104.2355,104.296
2020-11-17T10:00:00+00:00,104.295,104.3775,104.0705,104.145
2020-11-17T14:00:00+00:00,104.1445,104.2505,104.081,104.2265
2020-11-17T18:00:00+00:00,104.2275,104.247,104.172,104.204
2020-11-17T22:00:00+00:00,104.206,104.209,104.039,104.1015
2020-11-18T02:00:00+00:00,104.098,104.146,103.963,103.998
2020-11-18T06:00:00+00:00,103.9985,104.042,103.8455,103.8535
2020-11-18T10:00:00+00:00,103.8535,104.102,103.7925,103.9655
2020-11-18T14:00:00+00:00,103.9635,103.964,103.653,103.8265
2020-11-18T18:00:00+00:00,103.827,103.8835,103.768,103.835
2020-11-18T22:00:00+00:00,103.8365,103.9825,103.74,103.856
2020-11-19T02:00:00+00:00,103.8555,103.8555,103.7185,103.775
2020-11-19T06:00:00+00:00,103.776,104.078,103.761,104.057
2020-11-19T10:00:00+00:00,104.057,104.2175,103.944,104.017
2020-11-19T14:00:00+00:00,104.017,104.09,103.7905,103.8255
2020-11-19T18:00:00+00:00,103.8265,103.837,103.7345,103.7385
2020-11-19T22:00:00+00:00,103.74,103.8975,103.735,103.8715
2020-11-20T02:00:00+00:00,103.8705,103.912,103.77,103.7855
2020-11-20T06:00:00+00:00,103.785,103.888,103.7435,103.8005
2020-11-20T10:00:00+00:00,103.801,103.8635,103.771,103.7985
2020-11-20T14:00:00+00:00,103.7995,103.859,103.7025,103.837
2020-11-20T18:00:00+00:00,103.8375,103.87,103.8075,103.85
2020-11-22T22:00:00+00:00,103.8025,103.8665,103.7175,103.752
2020-11-23T02:00:00+00:00,103.7525,103.768,103.728,103.7475
2020-11-23T06:00:00+00:00,103.7465,103.8475,103.741,103.793
2020-11-23T10:00:00+00:00,103.793,103.8025,103.6825,103.72
2020-11-23T14:00:00+00:00,103.7185,104.638,103.6945,104.341
2020-11-23T18:00:00+00:00,104.3405,104.5895,104.303,104.504
2020-11-23T22:00:00+00:00,104.517,104.6475,104.423,104.571
2020-11-24T02:00:00+00:00,104.5705,104.5855,104.3465,104.365
2020-11-24T06:00:00+00:00,104.3675,104.4765,104.1465,104.212
2020-11-24T10:00:00+00:00,104.2125,104.6885,104.1935,104.673
2020-11-24T14:00:00+00:00,104.6745,104.7625,104.564,104.6265
2020-11-24T18:00:00+00:00,104.627,104.649,104.4235,104.4515
2020-11-24T22:00:00+00:00,104.4445,104.548,104.433,104.526
2020-11-25T02:00:00+00:00,104.526,104.5985,104.43,104.4795
2020-11-25T06:00:00+00:00,104.479,104.551,104.347,104.3505
2020-11-25T10:00:00+00:00,104.351,104.521,104.3435,104.4055
2020-11-25T14:00:00+00:00,104.406,104.4475,104.256,104.3385
2020-11-25T18:00:00+00:00,104.34,104.472,104.3205,104.4665
2020-11-25T22:00:00+00:00,104.4585,104.4775,104.2985,104.3325
2020-11-26T02:00:00+00:00,104.331,104.3615,104.257,104.3555
2020-11-26T06:00:00+00:00,104.355,104.3565,104.224,104.2665
2020-11-26T10:00:00+00:00,104.2665,104.301,104.23,104.2555
2020-11-26T14:00:00+00:00,104.2565,104.3205,104.219,104.263
2020-11-26T18:00:00+00:00,104.2625,104.283,104.2325,104.263
2020-11-26T22:00:00+00:00,104.2685,104.2895,104.003,104.0305
2020-11-27T02:00:00+00:00,104.0305,104.106,103.907,103.942
2020-11-27T06:00:00+00:00,103.943,104.1075,103.9375,104.0375
2020-11-27T10:00:00+00:00,104.0385,104.2135,104.011,104.1565
2020-11-27T14:00:00+00:00,104.1575,104.1815,103.9675,104.029
2020-11-27T18:00:00+00:00,104.0305,104.143,104.02,104.095
2020-11-29T22:00:00+00:00,104.0985,104.1615,103.832,103.8675
2020-11-30T02:00:00+00:00,103.8675,103.942,103.847,103.8575
2020-11-30T06:00:00+00:00,103.857,104.349,103.8365,104.036
2020-11-30T10:00:00+00:00,104.0345,104.1925,103.91,104.172
2020-11-30T14:00:00+00:00,104.1715,104.3875,104.071,104.2855
2020-11-30T18:00:00+00:00,104.285,104.41,104.2485,104.3165
2020-11-30T22:00:00+00:00,104.311,104.375,104.247,104.3545
2020-12-01T02:00:00+00:00,104.355,104.463,104.323,104.3785
2020-12-01T06:00:00+00:00,104.377,104.39,104.183,104.2805
2020-12-01T10:00:00+00:00,104.2805,104.436,104.276,104.3355
2020-12-01T14:00:00+00:00,104.335,104.5785,104.3125,104.3265
2020-12-01T18:00:00+00:00,104.3255,104.4315,104.2915,104.317
2020-12-01T22:00:00+00:00,104.3215,104.45,104.225,104.433
2020-12-02T02:00:00+00:00,104.4325,104.465,104.344,104.434
2020-12-02T06:00:00+00:00,104.4375,104.7065,104.4265,104.694
2020-12-02T10:00:00+00:00,104.696,104.752,104.522,104.618
2020-12-02T14:00:00+00:00,104.617,104.617,104.423,104.5125
2020-12-02T18:00:00+00:00,104.5145,104.584,104.4,104.414
2020-12-02T22:00:00+00:00,104.4155,104.5355,104.4105,104.5175
2020-12-03T02:00:00+00:00,104.5175,104.523,104.428,104.456
2020-12-03T06:00:00+00:00,104.454,104.487,104.229,104.274
2020-12-03T10:00:00+00:00,104.2765,104.3405,104.022,104.0445
2020-12-03T14:00:00+00:00,104.0435,104.068,103.6715,103.8835
2020-12-03T18:00:00+00:00,103.881,103.997,103.8315,103.8365
2020-12-03T22:00:00+00:00,103.8355,103.897,103.7395,103.8315
2020-12-04T02:00:00+00:00,103.8325,103.9885,103.8175,103.976
2020-12-04T06:00:00+00:00,103.976,104.0455,103.8265,103.959
2020-12-04T10:00:00+00:00,103.959,104.1155,103.825,104.0165
2020-12-04T14:00:00+00:00,104.015,104.243,103.8965,104.1185
2020-12-04T18:00:00+00:00,104.1175,104.207,104.071,104.1675
2020-12-06T22:00:00+00:00,104.105,104.2385,104.0075,104.0385
2020-12-07T02:00:00+00:00,104.038,104.0935,103.942,104.0855
2020-12-07T06:00:00+00:00,104.082,104.313,104.073,104.29
2020-12-07T10:00:00+00:00,104.2895,104.313,104.0255,104.036
2020-12-07T14:00:00+00:00,104.0385,104.127,103.923,103.9865
2020-12-07T18:00:00+00:00,103.985,104.07,103.955,104.054
2020-12-07T22:00:00+00:00,104.0565,104.0915,103.956,104.044
2020-12-08T02:00:00+00:00,104.0435,104.0825,104.02,104.0435
2020-12-08T06:00:00+00:00,104.044,104.143,103.999,104.001
2020-12-08T10:00:00+00:00,103.9995,104.18,103.965,104.1035
2020-12-08T14:00:00+00:00,104.1025,104.2065,104.026,104.1255
2020-12-08T18:00:00+00:00,104.1255,104.1835,104.117,104.163
2020-12-08T22:00:00+00:00,104.1625,104.178,104.1055,104.1375
2020-12-09T02:00:00+00:00,104.136,104.1725,104.1165,104.154
2020-12-09T06:00:00+00:00,104.1535,104.251,104.061,104.089
2020-12-09T10:00:00+00:00,104.0895,104.163,104.052,104.152
2020-12-09T14:00:00+00:00,104.151,104.4065,104.1345,104.3435
2020-12-09T18:00:00+00:00,104.3425,104.357,104.1845,104.2405
2020-12-09T22:00:00+00:00,104.2335,104.3085,104.219,104.2795
2020-12-10T02:00:00+00:00,104.28,104.5015,104.278,104.4145
2020-12-10T06:00:00+00:00,104.4155,104.5805,104.415,104.4595
2020-12-10T10:00:00+00:00,104.46,104.5645,104.317,104.3715
2020-12-10T14:00:00+00:00,104.371,104.4275,104.215,104.304
2020-12-10T18:00:00+00:00,104.3035,104.338,104.173,104.251
2020-12-10T22:00:00+00:00,104.249,104.2855,103.927,103.9915
2020-12-11T02:00:00+00:00,103.991,104.0585,103.9385,104.0065
2020-12-11T06:00:00+00:00,104.0075,104.15,103.997,104.0315
2020-12-11T10:00:00+00:00,104.0335,104.154,103.9495,104.0465
2020-12-11T14:00:00+00:00,104.047,104.073,103.824,103.9145
2020-12-11T18:00:00+00:00,103.914,104.0705,103.9095,104.0475
2020-12-13T22:00:00+00:00,104.006,104.0625,103.8565,104.0065
2020-12-14T02:00:00+00:00,104.006,104.058,103.955,104.0315
2020-12-14T06:00:00+00:00,104.031,104.034,103.7495,103.7535
2020-12-14T10:00:00+00:00,103.7535,103.8125,103.548,103.562
2020-12-14T14:00:00+00:00,103.5595,104.103,103.5125,104.011
2020-12-14T18:00:00+00:00,104.0115,104.094,103.9925,104.038
2020-12-14T22:00:00+00:00,104.052,104.131,103.9895,104.0865
2020-12-15T02:00:00+00:00,104.086,104.1535,104.0355,104.065
2020-12-15T06:00:00+00:00,104.065,104.134,104.026,104.044
2020-12-15T10:00:00+00:00,104.043,104.0655,103.765,103.771
2020-12-15T14:00:00+00:00,103.7705,103.877,103.677,103.735
2020-12-15T18:00:00+00:00,103.734,103.7805,103.6075,103.6755
2020-12-15T22:00:00+00:00,103.675,103.722,103.5755,103.6455
2020-12-16T02:00:00+00:00,103.6455,103.648,103.415,103.49
2020-12-16T06:00:00+00:00,103.489,103.6025,103.279,103.2905
2020-12-16T10:00:00+00:00,103.288,103.51,103.2615,103.495
2020-12-16T14:00:00+00:00,103.4955,103.685,103.451,103.626
2020-12-16T18:00:00+00:00,103.6265,103.919,103.4005,103.4685
2020-12-16T22:00:00+00:00,103.4805,103.5625,103.3375,103.3545
2020-12-17T02:00:00+00:00,103.3555,103.3755,103.2465,103.312
2020-12-17T06:00:00+00:00,103.313,103.34,103.07,103.0715
2020-12-17T10:00:00+00:00,103.0715,103.1285,102.93,103.0575
2020-12-17T14:00:00+00:00,103.0525,103.18,102.874,103.084
2020-12-17T18:00:00+00:00,103.083,103.1665,103.0475,103.111
2020-12-17T22:00:00+00:00,103.1065,103.336,103.0925,103.314
2020-12-18T02:00:00+00:00,103.314,103.4865,103.2685,103.442
2020-12-18T06:00:00+00:00,103.4405,103.596,103.3075,103.551
2020-12-18T10:00:00+00:00,103.5515,103.566,103.195,103.267
2020-12-18T14:00:00+00:00,103.267,103.478,103.2235,103.334
2020-12-18T18:00:00+00:00,103.334,103.347,103.2835,103.317
2020-12-20T22:00:00+00:00,103.5195,103.5625,103.253,103.3045
2020-12-21T02:00:00+00:00,103.3045,103.505,103.2685,103.4655
2020-12-21T06:00:00+00:00,103.466,103.7435,103.4075,103.739
2020-12-21T10:00:00+00:00,103.738,103.892,103.452,103.5345
2020-12-21T14:00:00+00:00,103.533,103.623,103.385,103.386
2020-12-21T18:00:00+00:00,103.3875,103.4175,103.283,103.3255
2020-12-21T22:00:00+00:00,103.329,103.465,103.2815,103.421
2020-12-22T02:00:00+00:00,103.42,103.48,103.3475,103.4595
2020-12-22T06:00:00+00:00,103.461,103.4695,103.3575,103.398
2020-12-22T10:00:00+00:00,103.3985,103.4935,103.318,103.4725
2020-12-22T14:00:00+00:00,103.473,103.736,103.434,103.6485
2020-12-22T18:00:00+00:00,103.6495,103.7235,103.5775,103.6445
2020-12-22T22:00:00+00:00,103.6395,103.648,103.503,103.566
2020-12-23T02:00:00+00:00,103.566,103.568,103.432,103.434
2020-12-23T06:00:00+00:00,103.433,103.4965,103.3565,103.447
2020-12-23T10:00:00+00:00,103.446,103.602,103.4065,103.5095
2020-12-23T14:00:00+00:00,103.5105,103.6435,103.388,103.598
2020-12-23T18:00:00+00:00,103.599,103.6525,103.4915,103.5595
2020-12-23T22:00:00+00:00,103.5605,103.6215,103.517,103.584
2020-12-24T02:00:00+00:00,103.583,103.6035,103.502,103.559
2020-12-24T06:00:00+00:00,103.5615,103.6785,103.5515,103.655
2020-12-24T10:00:00+00:00,103.6535,103.695,103.61,103.682
2020-12-24T14:00:00+00:00,103.6825,103.768,103.611,103.6585
2020-12-24T18:00:00+00:00,103.6585,103.7105,103.554,103.6765
2020-12-24T22:00:00+00:00,103.6325,103.6915,103.4995,103.555
2020-12-25T02:00:00+00:00,103.5515,103.6165,103.532,103.5975
2020-12-25T06:00:00+00:00,103.598,103.6315,103.443,103.5105
2020-12-27T22:00:00+00:00,103.555,103.6375,103.4535,103.5615
2020-12-28T02:00:00+00:00,103.561,103.61,103.4075,103.4565
2020-12-28T06:00:00+00:00,103.457,103.5,103.4055,103.4615
2020-12-28T10:00:00+00:00,103.461,103.7085,103.4495,103.608
2020-12-28T14:00:00+00:00,103.6085,103.899,103.605,103.851
2020-12-28T18:00:00+00:00,103.852,103.872,103.779,103.7855
2020-12-28T22:00:00+00:00,103.7905,103.8355,103.6675,103.752
2020-12-29T02:00:00+00:00,103.7545,103.787,103.623,103.6885
2020-12-29T06:00:00+00:00,103.688,103.7235,103.601,103.6735
2020-12-29T10:00:00+00:00,103.671,103.757,103.6275,103.6685
2020-12-29T14:00:00+00:00,103.668,103.6695,103.4635,103.5255
2020-12-29T18:00:00+00:00,103.525,103.5775,103.505,103.5735
2020-12-29T22:00:00+00:00,103.575,103.5955,103.336,103.3535
2020-12-30T02:00:00+00:00,103.3535,103.3925,103.2635,103.3335
2020-12-30T06:00:00+00:00,103.3335,103.387,103.204,103.235
2020-12-30T10:00:00+00:00,103.235,103.242,102.991,103.0445
2020-12-30T14:00:00+00:00,103.044,103.358,102.962,103.2445
2020-12-30T18:00:00+00:00,103.247,103.2965,103.1875,103.1885
2020-12-30T22:00:00+00:00,103.186,103.2375,103.088,103.127
2020-12-31T02:00:00+00:00,103.125,103.2085,103.0805,103.135
2020-12-31T06:00:00+00:00,103.138,103.191,102.9965,103.015
2020-12-31T10:00:00+00:00,103.0155,103.0965,102.9995,103.067
2020-12-31T14:00:00+00:00,103.0635,103.3175,102.997,103.2955
2020-12-31T18:00:00+00:00,103.2975,103.3195,103.23,103.2845
2021-01-03T22:00:00+00:00,103.1185,103.318,102.9995,103.0575
2021-01-04T02:00:00+00:00,103.0565,103.0755,102.935,103.0055
2021-01-04T06:00:00+00:00,103.006,103.0625,102.7135,102.7455
2021-01-04T10:00:00+00:00,102.744,103.0575,102.7145,103.027
2021-01-04T14:00:00+00:00,103.0275,103.255,102.9995,103.1755
2021-01-04T18:00:00+00:00,103.175,103.194,103.1055,103.131
2021-01-04T22:00:00+00:00,103.103,103.192,103.0775,103.1275
2021-01-05T02:00:00+00:00,103.126,103.152,102.935,102.955
2021-01-05T06:00:00+00:00,102.955,102.997,102.8135,102.837
2021-01-05T10:00:00+00:00,102.8375,102.9425,102.7975,102.9175
2021-01-05T14:00:00+00:00,102.9175,102.9475,102.605,102.652
2021-01-05T18:00:00+00:00,102.653,102.7565,102.628,102.7345
2021-01-05T22:00:00+00:00,102.725,102.8255,102.5925,102.776
2021-01-06T02:00:00+00:00,102.774,102.8705,102.7155,102.788
2021-01-06T06:00:00+00:00,102.7885,102.885,102.675,102.8635
2021-01-06T10:00:00+00:00,102.865,103.2025,102.759,103.1755
2021-01-06T14:00:00+00:00,103.175,103.4445,103.1495,103.208
2021-01-06T18:00:00+00:00,103.21,103.2445,102.9445,103.0415
2021-01-06T22:00:00+00:00,103.0375,103.1625,102.952,103.1465
2021-01-07T02:00:00+00:00,103.146,103.248,103.095,103.2125
2021-01-07T06:00:00+00:00,103.214,103.584,103.1805,103.5685
2021-01-07T10:00:00+00:00,103.567,103.75,103.5095,103.625
2021-01-07T14:00:00+00:00,103.6255,103.958,103.563,103.883
2021-01-07T18:00:00+00:00,103.8815,103.901,103.7935,103.8
2021-01-07T22:00:00+00:00,103.801,104,103.77,103.891
2021-01-08T02:00:00+00:00,103.89,103.9125,103.774,103.905
2021-01-08T06:00:00+00:00,103.904,104.0925,103.799,103.81
2021-01-08T10:00:00+00:00,103.81,104.007,103.6045,103.634
2021-01-08T14:00:00+00:00,103.6375,104.07,103.63,103.986
2021-01-08T18:00:00+00:00,103.9855,104.062,103.9055,103.94
2021-01-10T22:00:00+00:00,103.907,104.195,103.8885,104.1735
2021-01-11T02:00:00+00:00,104.1735,104.222,104.1135,104.189
2021-01-11T06:00:00+00:00,104.189,104.199,104.036,104.105
2021-01-11T10:00:00+00:00,104.104,104.301,104.0805,104.2755
2021-01-11T14:00:00+00:00,104.275,104.398,104.0725,104.1795
2021-01-11T18:00:00+00:00,104.1805,104.262,104.1065,104.26
2021-01-11T22:00:00+00:00,104.265,104.314,104.1005,104.2365
2021-01-12T02:00:00+00:00,104.239,104.3265,104.2185,104.237
2021-01-12T06:00:00+00:00,104.235,104.2625,104.1085,104.1605
2021-01-12T10:00:00+00:00,104.1615,104.278,104.153,104.248
2021-01-12T14:00:00+00:00,104.249,104.3325,104.0545,104.0745
2021-01-12T18:00:00+00:00,104.0755,104.0785,103.7215,103.7575
2021-01-12T22:00:00+00:00,103.758,103.851,103.5385,103.562
2021-01-13T02:00:00+00:00,103.563,103.6945,103.5255,103.6855
2021-01-13T06:00:00+00:00,103.685,103.867,103.6115,103.8415
2021-01-13T10:00:00+00:00,103.8405,103.9975,103.8205,103.8715
2021-01-13T14:00:00+00:00,103.873,103.979,103.747,103.879
2021-01-13T18:00:00+00:00,103.878,103.911,103.7715,103.883
2021-01-13T22:00:00+00:00,103.885,103.9365,103.791,103.8455
2021-01-14T02:00:00+00:00,103.845,104.198,103.8375,103.9865
2021-01-14T06:00:00+00:00,103.9865,104.097,103.9595,103.9765
2021-01-14T10:00:00+00:00,103.9775,104.1605,103.953,104.0655
2021-01-14T14:00:00+00:00,104.065,104.1285,103.564,103.651
2021-01-14T18:00:00+00:00,103.65,103.8295,103.6335,103.805
2021-01-14T22:00:00+00:00,103.8035,103.8555,103.701,103.7415
2021-01-15T02:00:00+00:00,103.7445,103.8225,103.7365,103.8055
2021-01-15T06:00:00+00:00,103.8055,103.812,103.6465,103.6595
2021-01-15T10:00:00+00:00,103.661,103.758,103.6175,103.758
2021-01-15T14:00:00+00:00,103.758,103.8975,103.749,103.81
2021-01-15T18:00:00+00:00,103.8095,103.9145,103.8045,103.816
2021-01-17T22:00:00+00:00,103.822,103.9325,103.706,103.7275
2021-01-18T02:00:00+00:00,103.726,103.7835,103.6895,103.7285
2021-01-18T06:00:00+00:00,103.73,103.8425,103.7025,103.811
2021-01-18T10:00:00+00:00,103.812,103.814,103.7195,103.725
2021-01-18T14:00:00+00:00,103.7245,103.7575,103.638,103.7045
2021-01-18T18:00:00+00:00,103.7035,103.7035,103.656,103.689
2021-01-18T22:00:00+00:00,103.69,103.842,103.6535,103.835
2021-01-19T02:00:00+00:00,103.835,104.0835,103.8295,103.992
2021-01-19T06:00:00+00:00,103.992,104.0865,103.9515,104.0155
2021-01-19T10:00:00+00:00,104.0155,104.028,103.863,103.918
2021-01-19T14:00:00+00:00,103.918,104.049,103.8375,103.8795
2021-01-19T18:00:00+00:00,103.882,103.9265,103.843,103.903
2021-01-19T22:00:00+00:00,103.9035,103.933,103.7975,103.8095
2021-01-20T02:00:00+00:00,103.81,103.8105,103.73,103.7475
2021-01-20T06:00:00+00:00,103.7485,103.8395,103.715,103.7925
2021-01-20T10:00:00+00:00,103.7935,103.844,103.7365,103.7465
2021-01-20T14:00:00+00:00,103.746,103.7875,103.446,103.603
2021-01-20T18:00:00+00:00,103.601,103.6385,103.5125,103.543
2021-01-20T22:00:00+00:00,103.535,103.669,103.502,103.5545
2021-01-21T02:00:00+00:00,103.554,103.583,103.3335,103.3695
2021-01-21T06:00:00+00:00,103.3705,103.5565,103.366,103.4235
2021-01-21T10:00:00+00:00,103.4235,103.6005,103.3285,103.578
2021-01-21T14:00:00+00:00,103.5785,103.663,103.455,103.5515
2021-01-21T18:00:00+00:00,103.551,103.5705,103.478,103.501
2021-01-21T22:00:00+00:00,103.511,103.612,103.4855,103.5835
2021-01-22T02:00:00+00:00,103.583,103.5925,103.5,103.5855
2021-01-22T06:00:00+00:00,103.5845,103.697,103.576,103.659
2021-01-22T10:00:00+00:00,103.6585,103.858,103.6575,103.8335
2021-01-22T14:00:00+00:00,103.8345,103.8875,103.7315,103.8135
2021-01-22T18:00:00+00:00,103.814,103.845,103.7425,103.7855
2021-01-24T22:00:00+00:00,103.805,103.891,103.7495,103.8405
2021-01-25T02:00:00+00:00,103.84,103.8465,103.688,103.7185
2021-01-25T06:00:00+00:00,103.7175,103.816,103.673,103.801
2021-01-25T10:00:00+00:00,103.801,103.8545,103.7005,103.773
2021-01-25T14:00:00+00:00,103.7715,103.937,103.738,103.788
2021-01-25T18:00:00+00:00,103.786,103.806,103.7455,103.751
2021-01-25T22:00:00+00:00,103.7355,103.8,103.696,103.703
2021-01-26T02:00:00+00:00,103.7025,103.7595,103.658,103.732
2021-01-26T06:00:00+00:00,103.7315,103.829,103.6935,103.79
2021-01-26T10:00:00+00:00,103.791,103.8115,103.626,103.658
2021-01-26T14:00:00+00:00,103.657,103.712,103.555,103.6785
2021-01-26T18:00:00+00:00,103.678,103.6815,103.5915,103.6135
2021-01-26T22:00:00+00:00,103.616,103.722,103.587,103.695
2021-01-27T02:00:00+00:00,103.6945,103.752,103.6735,103.683
2021-01-27T06:00:00+00:00,103.683,103.7995,103.6315,103.787
2021-01-27T10:00:00+00:00,103.7895,104.03,103.7375,103.9815
2021-01-27T14:00:00+00:00,103.9825,104.1785,103.957,104.068
2021-01-27T18:00:00+00:00,104.0665,104.2005,104.037,104.1145
2021-01-27T22:00:00+00:00,104.112,104.3495,104.0595,104.2885
2021-01-28T02:00:00+00:00,104.2895,104.3705,104.2165,104.2385
2021-01-28T06:00:00+00:00,104.239,104.3775,104.2375,104.295
2021-01-28T10:00:00+00:00,104.295,104.463,104.218,104.288
2021-01-28T14:00:00+00:00,104.2905,104.3985,104.252,104.2735
2021-01-28T18:00:00+00:00,104.275,104.275,104.1745,104.2305
2021-01-28T22:00:00+00:00,104.235,104.572,104.221,104.485
2021-01-29T02:00:00+00:00,104.4855,104.537,104.437,104.4765
2021-01-29T06:00:00+00:00,104.4775,104.941,104.4645,104.867
2021-01-29T10:00:00+00:00,104.868,104.901,104.614,104.676
2021-01-29T14:00:00+00:00,104.6755,104.8515,104.6265,104.7035
2021-01-29T18:00:00+00:00,104.7045,104.7665,104.676,104.6975
2021-01-31T22:00:00+00:00,104.7835,104.8185,104.609,104.6925
2021-02-01T02:00:00+00:00,104.689,104.7295,104.641,104.66
2021-02-01T06:00:00+00:00,104.6595,104.8995,104.649,104.876
2021-02-01T10:00:00+00:00,104.8765,104.977,104.834,104.939
2021-02-01T14:00:00+00:00,104.939,105.0005,104.879,104.997
2021-02-01T18:00:00+00:00,104.996,105.036,104.9015,104.932
2021-02-01T22:00:00+00:00,104.933,104.963,104.829,104.877
2021-02-02T02:00:00+00:00,104.8755,105.0285,104.861,104.97
2021-02-02T06:00:00+00:00,104.9705,105.028,104.853,104.925
2021-02-02T10:00:00+00:00,104.924,105.0675,104.907,104.9825
2021-02-02T14:00:00+00:00,104.983,105.174,104.965,105.1
2021-02-02T18:00:00+00:00,105.099,105.1045,104.958,104.974
2021-02-02T22:00:00+00:00,104.975,105.071,104.9285,104.9545
2021-02-03T02:00:00+00:00,104.955,105.033,104.923,105.005
2021-02-03T06:00:00+00:00,105.0045,105.105,104.996,105.074
2021-02-03T10:00:00+00:00,105.0735,105.102,105.0005,105.037
2021-02-03T14:00:00+00:00,105.038,105.099,104.972,105.008
2021-02-03T18:00:00+00:00,105.0075,105.068,105.0035,105.0345
2021-02-03T22:00:00+00:00,105.031,105.0785,104.976,105.071
2021-02-04T02:00:00+00:00,105.0715,105.1915,105.0265,105.1445
2021-02-04T06:00:00+00:00,105.1445,105.279,105.144,105.2325
2021-02-04T10:00:00+00:00,105.233,105.34,105.206,105.3075
2021-02-04T14:00:00+00:00,105.3055,105.494,105.294,105.4505
2021-02-04T18:00:00+00:00,105.4515,105.566,105.4315,105.525
2021-02-04T22:00:00+00:00,105.5185,105.6575,105.461,105.511
2021-02-05T02:00:00+00:00,105.5115,105.5835,105.499,105.511
2021-02-05T06:00:00+00:00,105.512,105.5435,105.335,105.472
2021-02-05T10:00:00+00:00,105.471,105.7695,105.459,105.6825
2021-02-05T14:00:00+00:00,105.683,105.707,105.344,105.347
2021-02-05T18:00:00+00:00,105.3465,105.4475,105.3405,105.3525
2021-02-07T22:00:00+00:00,105.3475,105.546,105.337,105.482
2021-02-08T02:00:00+00:00,105.481,105.526,105.432,105.502
2021-02-08T06:00:00+00:00,105.502,105.672,105.4515,105.605
2021-02-08T10:00:00+00:00,105.604,105.6665,105.446,105.4815
2021-02-08T14:00:00+00:00,105.4825,105.4835,105.151,105.1875
2021-02-08T18:00:00+00:00,105.189,105.248,105.1785,105.2205
2021-02-08T22:00:00+00:00,105.222,105.264,105.1065,105.1275
2021-02-09T02:00:00+00:00,105.127,105.128,104.8375,104.898
2021-02-09T06:00:00+00:00,104.897,104.922,104.536,104.567
2021-02-09T10:00:00+00:00,104.568,104.726,104.56,104.621
2021-02-09T14:00:00+00:00,104.6205,104.6895,104.498,104.5635
2021-02-09T18:00:00+00:00,104.5635,104.642,104.54,104.582
2021-02-09T22:00:00+00:00,104.5975,104.7135,104.514,104.648
2021-02-10T02:00:00+00:00,104.648,104.6665,104.511,104.563
2021-02-10T06:00:00+00:00,104.563,104.843,104.4095,104.791
2021-02-10T10:00:00+00:00,104.792,104.83,104.5375,104.639
2021-02-10T14:00:00+00:00,104.641,104.7135,104.552,104.634
2021-02-10T18:00:00+00:00,104.6365,104.676,104.589,104.5895
2021-02-10T22:00:00+00:00,104.59,104.6455,104.5675,104.568
2021-02-11T02:00:00+00:00,104.568,104.627,104.5655,104.594
2021-02-11T06:00:00+00:00,104.5935,104.7645,104.551,104.664
2021-02-11T10:00:00+00:00,104.663,104.752,104.6385,104.688
2021-02-11T14:00:00+00:00,104.6865,104.8055,104.655,104.7475
2021-02-11T18:00:00+00:00,104.7455,104.794,104.708,104.748
2021-02-11T22:00:00+00:00,104.7345,104.826,104.7275,104.8105
2021-02-12T02:00:00+00:00,104.8115,104.8865,104.7665,104.8705
2021-02-12T06:00:00+00:00,104.8695,105.182,104.789,105.039
2021-02-12T10:00:00+00:00,105.0405,105.125,104.926,105.0715
2021-02-12T14:00:00+00:00,105.072,105.123,104.911,104.9285
2021-02-12T18:00:00+00:00,104.9295,104.9905,104.916,104.9365
2021-02-14T22:00:00+00:00,104.9055,105.144,104.9055,105.024
2021-02-15T02:00:00+00:00,105.025,105.1015,104.9795,105.0475
2021-02-15T06:00:00+00:00,105.047,105.3965,105.046,105.379
2021-02-15T10:00:00+00:00,105.3785,105.418,105.265,105.39
2021-02-15T14:00:00+00:00,105.389,105.402,105.298,105.2995
2021-02-15T18:00:00+00:00,105.299,105.376,105.299,105.373
2021-02-15T22:00:00+00:00,105.372,105.564,105.3135,105.506
2021-02-16T02:00:00+00:00,105.5065,105.633,105.4185,105.458
2021-02-16T06:00:00+00:00,105.4625,105.5655,105.272,105.318
2021-02-16T10:00:00+00:00,105.317,105.738,105.18,105.727
2021-02-16T14:00:00+00:00,105.729,105.9665,105.6505,105.8855
2021-02-16T18:00:00+00:00,105.8905,106.0825,105.8475,106.0415
2021-02-16T22:00:00+00:00,106.04,106.2255,105.997,106.032
2021-02-17T02:00:00+00:00,106.034,106.038,105.838,105.8715
2021-02-17T06:00:00+00:00,105.871,106.089,105.8635,105.961
2021-02-17T10:00:00+00:00,105.962,106.214,105.944,106.14
2021-02-17T14:00:00+00:00,106.1395,106.174,105.778,105.7925
2021-02-17T18:00:00+00:00,105.792,105.925,105.7845,105.865
2021-02-17T22:00:00+00:00,105.868,105.914,105.698,105.766
2021-02-18T02:00:00+00:00,105.7665,105.908,105.7665,105.87
2021-02-18T06:00:00+00:00,105.8685,105.9255,105.6905,105.6995
2021-02-18T10:00:00+00:00,105.7015,105.778,105.599,105.6245
2021-02-18T14:00:00+00:00,105.6265,105.88,105.612,105.6505
2021-02-18T18:00:00+00:00,105.6515,105.7035,105.6305,105.7035
2021-02-18T22:00:00+00:00,105.704,105.7435,105.647,105.699
2021-02-19T02:00:00+00:00,105.6995,105.7315,105.5585,105.584
2021-02-19T06:00:00+00:00,105.5815,105.698,105.314,105.383
2021-02-19T10:00:00+00:00,105.382,105.49,105.2405,105.427
2021-02-19T14:00:00+00:00,105.425,105.671,105.405,105.434
2021-02-19T18:00:00+00:00,105.434,105.616,105.4,105.434
2021-02-21T22:00:00+00:00,105.3975,105.623,105.395,105.585
2021-02-22T02:00:00+00:00,105.586,105.7375,105.5605,105.658
2021-02-22T06:00:00+00:00,105.6575,105.8455,105.6255,105.6515
2021-02-22T10:00:00+00:00,105.652,105.669,105.312,105.353
2021-02-22T14:00:00+00:00,105.353,105.4055,104.994,105.0485
2021-02-22T18:00:00+00:00,105.0485,105.0905,104.9835,105.076
2021-02-22T22:00:00+00:00,105.075,105.104,104.923,104.9525
2021-02-23T02:00:00+00:00,104.953,105.057,104.93,105.0505
2021-02-23T06:00:00+00:00,105.0515,105.3175,105.0505,105.2745
2021-02-23T10:00:00+00:00,105.277,105.4295,105.177,105.3815
2021-02-23T14:00:00+00:00,105.3795,105.403,105.0635,105.2405
2021-02-23T18:00:00+00:00,105.2395,105.328,105.2005,105.255
2021-02-23T22:00:00+00:00,105.239,105.488,105.1935,105.42
2021-02-24T02:00:00+00:00,105.418,105.563,105.381,105.534
2021-02-24T06:00:00+00:00,105.532,105.8185,105.467,105.774
2021-02-24T10:00:00+00:00,105.774,106.0985,105.742,106.0005
2021-02-24T14:00:00+00:00,106.0015,106.1045,105.831,105.888
2021-02-24T18:00:00+00:00,105.889,105.976,105.826,105.8855
2021-02-24T22:00:00+00:00,105.883,106.139,105.844,106.1215
2021-02-25T02:00:00+00:00,106.126,106.1265,105.845,105.885
2021-02-25T06:00:00+00:00,105.8845,106.172,105.8835,106.0465
2021-02-25T10:00:00+00:00,106.0475,106.197,106.0375,106.153
2021-02-25T14:00:00+00:00,106.1525,106.3295,106.056,106.3225
2021-02-25T18:00:00+00:00,106.322,106.403,106.008,106.2165
2021-02-25T22:00:00+00:00,106.217,106.431,106.142,106.144
2021-02-26T02:00:00+00:00,106.148,106.262,105.849,106.196
2021-02-26T06:00:00+00:00,106.1955,106.5215,106.0105,106.489
2021-02-26T10:00:00+00:00,106.487,106.4985,106.208,106.309
2021-02-26T14:00:00+00:00,106.308,106.693,106.286,106.6485
2021-02-26T18:00:00+00:00,106.6475,106.6535,106.505,106.573
2021-02-28T22:00:00+00:00,106.545,106.65,106.366,106.633
2021-03-01T02:00:00+00:00,106.6325,106.703,106.462,106.5295
2021-03-01T06:00:00+00:00,106.5305,106.742,106.525,106.727
2021-03-01T10:00:00+00:00,106.7275,106.775,106.639,106.6485
2021-03-01T14:00:00+00:00,106.6475,106.799,106.5205,106.7825
2021-03-01T18:00:00+00:00,106.7795,106.8895,106.7575,106.759
2021-03-01T22:00:00+00:00,106.764,106.925,106.7185,106.8915
2021-03-02T02:00:00+00:00,106.8915,106.895,106.726,106.8265
2021-03-02T06:00:00+00:00,106.827,106.9095,106.777,106.8895
2021-03-02T10:00:00+00:00,106.89,106.9575,106.8495,106.923
2021-03-02T14:00:00+00:00,106.923,106.937,106.677,106.741
2021-03-02T18:00:00+00:00,106.7395,106.7645,106.6795,106.689
2021-03-02T22:00:00+00:00,106.692,106.858,106.681,106.825
2021-03-03T02:00:00+00:00,106.8245,106.8855,106.8115,106.8685
2021-03-03T06:00:00+00:00,106.868,106.9245,106.787,106.8915
2021-03-03T10:00:00+00:00,106.8915,107.031,106.799,106.8875
2021-03-03T14:00:00+00:00,106.8875,107.154,106.845,106.955
2021-03-03T18:00:00+00:00,106.9555,107.0285,106.912,107.005
2021-03-03T22:00:00+00:00,107.015,107.1015,106.9665,107.021
2021-03-04T02:00:00+00:00,107.0205,107.108,107.0085,107.062
2021-03-04T06:00:00+00:00,107.063,107.362,107.0555,107.3395
2021-03-04T10:00:00+00:00,107.3395,107.492,107.298,107.481
2021-03-04T14:00:00+00:00,107.482,107.8265,107.3755,107.791
2021-03-04T18:00:00+00:00,107.7925,107.989,107.7765,107.9735
2021-03-04T22:00:00+00:00,107.973,108.0135,107.8205,107.8675
2021-03-05T02:00:00+00:00,107.866,108.1265,107.8595,108.1095
2021-03-05T06:00:00+00:00,108.11,108.523,108.0955,108.4545
2021-03-05T10:00:00+00:00,108.455,108.645,108.2235,108.4645
2021-03-05T14:00:00+00:00,108.4655,108.4705,108.096,108.284
2021-03-05T18:00:00+00:00,108.284,108.4095,108.2545,108.3585
2021-03-07T22:00:00+00:00,108.377,108.4765,108.31,108.4075
2021-03-08T02:00:00+00:00,108.409,108.49,108.3285,108.3485
2021-03-08T06:00:00+00:00,108.3505,108.6075,108.3505,108.566
2021-03-08T10:00:00+00:00,108.5665,108.7385,108.474,108.692
2021-03-08T14:00:00+00:00,108.6915,108.9435,108.6395,108.884
2021-03-08T18:00:00+00:00,108.883,108.9345,108.8135,108.8835
2021-03-08T22:00:00+00:00,108.886,109.2045,108.859,109.1975
2021-03-09T02:00:00+00:00,109.196,109.235,109.0835,109.184
2021-03-09T06:00:00+00:00,109.1835,109.23,108.5615,108.6725
2021-03-09T10:00:00+00:00,108.6735,108.9725,108.635,108.877
2021-03-09T14:00:00+00:00,108.8785,108.8825,108.4945,108.527
2021-03-09T18:00:00+00:00,108.5265,108.555,108.4165,108.483
2021-03-09T22:00:00+00:00,108.479,108.7465,108.476,108.7005
2021-03-10T02:00:00+00:00,108.7,108.9135,108.678,108.8865
2021-03-10T06:00:00+00:00,108.8845,108.92,108.653,108.676
2021-03-10T10:00:00+00:00,108.6755,108.8645,108.43,108.4705
2021-03-10T14:00:00+00:00,108.4715,108.6735,108.338,108.5085
2021-03-10T18:00:00+00:00,108.508,108.613,108.358,108.378
2021-03-10T22:00:00+00:00,108.374,108.542,108.3575,108.506
2021-03-11T02:00:00+00:00,108.506,108.7335,108.4825,108.6995
2021-03-11T06:00:00+00:00,108.6975,108.8125,108.38,108.4725
2021-03-11T10:00:00+00:00,108.4725,108.615,108.3995,108.567
2021-03-11T14:00:00+00:00,108.5665,108.714,108.4205,108.532
2021-03-11T18:00:00+00:00,108.532,108.532,108.356,108.5025
2021-03-11T22:00:00+00:00,108.505,108.714,108.494,108.6535
2021-03-12T02:00:00+00:00,108.653,108.7855,108.6475,108.7465
2021-03-12T06:00:00+00:00,108.747,109.166,108.7465,109.1135
2021-03-12T10:00:00+00:00,109.1125,109.1305,108.905,109.0815
2021-03-12T14:00:00+00:00,109.0805,109.1465,108.824,109.0375
2021-03-12T18:00:00+00:00,109.039,109.0835,108.979,109.037
2021-03-14T21:00:00+00:00,109.035,109.147,108.979,109.0595
2021-03-15T01:00:00+00:00,109.0615,109.198,108.9145,109.179
2021-03-15T05:00:00+00:00,109.1795,109.3645,109.031,109.058
2021-03-15T09:00:00+00:00,109.0585,109.2005,109.0025,109.1625
2021-03-15T13:00:00+00:00,109.1635,109.255,109.027,109.154
2021-03-15T17:00:00+00:00,109.154,109.1935,109.088,109.1275
2021-03-15T21:00:00+00:00,109.126,109.2475,109.0985,109.2345
2021-03-16T01:00:00+00:00,109.2345,109.2475,109.1185,109.174
2021-03-16T05:00:00+00:00,109.175,109.288,109.126,109.223
2021-03-16T09:00:00+00:00,109.223,109.2465,108.94,109.008
2021-03-16T13:00:00+00:00,109.01,109.083,108.772,109.033
2021-03-16T17:00:00+00:00,109.031,109.0375,108.9185,108.9945
2021-03-16T21:00:00+00:00,108.995,109.136,108.976,109.1235
2021-03-17T01:00:00+00:00,109.1235,109.169,109.063,109.1175
2021-03-17T05:00:00+00:00,109.1165,109.209,109.0785,109.138
2021-03-17T09:00:00+00:00,109.139,109.249,109.028,109.1655
2021-03-17T13:00:00+00:00,109.168,109.326,109.1285,109.244
2021-03-17T17:00:00+00:00,109.2435,109.288,108.7445,108.839
2021-03-17T21:00:00+00:00,108.8365,108.973,108.7045,108.9565
2021-03-18T01:00:00+00:00,108.9575,109.126,108.625,108.9235
2021-03-18T05:00:00+00:00,108.921,109.3045,108.809,109.102
2021-03-18T09:00:00+00:00,109.104,109.133,108.9715,109.106
2021-03-18T13:00:00+00:00,109.1065,109.225,108.919,109.05
2021-03-18T17:00:00+00:00,109.0485,109.0655,108.8215,108.885
2021-03-18T21:00:00+00:00,108.8865,109.0905,108.8865,109.073
2021-03-19T01:00:00+00:00,109.0715,109.1295,108.8455,108.866
2021-03-19T05:00:00+00:00,108.8665,108.918,108.6085,108.6495
2021-03-19T09:00:00+00:00,108.6485,108.927,108.637,108.8855
2021-03-19T13:00:00+00:00,108.885,109.05,108.771,108.8755
2021-03-19T17:00:00+00:00,108.877,108.933,108.8525,108.892
2021-03-21T21:00:00+00:00,108.6615,108.9355,108.591,108.9085
2021-03-22T01:00:00+00:00,108.91,108.9565,108.7,108.7925
2021-03-22T05:00:00+00:00,108.7925,108.832,108.6495,108.6735
2021-03-22T09:00:00+00:00,108.675,108.861,108.619,108.825
2021-03-22T13:00:00+00:00,108.8255,108.846,108.6565,108.727
2021-03-22T17:00:00+00:00,108.7285,108.853,108.713,108.846
2021-03-22T21:00:00+00:00,108.843,108.856,108.761,108.841
2021-03-23T01:00:00+00:00,108.838,108.8745,108.6895,108.734
2021-03-23T05:00:00+00:00,108.7345,108.806,108.6765,108.754
2021-03-23T09:00:00+00:00,108.7535,108.795,108.4065,108.5645
2021-03-23T13:00:00+00:00,108.564,108.713,108.549,108.687
2021-03-23T17:00:00+00:00,108.6875,108.7585,108.5575,108.585
2021-03-23T21:00:00+00:00,108.592,108.6455,108.503,108.6075
2021-03-24T01:00:00+00:00,108.6085,108.6225,108.4515,108.4975
2021-03-24T05:00:00+00:00,108.4975,108.7175,108.468,108.6365
2021-03-24T09:00:00+00:00,108.638,108.756,108.618,108.6915
2021-03-24T13:00:00+00:00,108.696,108.9575,108.695,108.811
2021-03-24T17:00:00+00:00,108.81,108.8245,108.663,108.733
2021-03-24T21:00:00+00:00,108.732,108.883,108.72,108.8795
2021-03-25T01:00:00+00:00,108.8775,108.9915,108.859,108.9185
2021-03-25T05:00:00+00:00,108.919,109.165,108.9185,109.127
2021-03-25T09:00:00+00:00,109.1275,109.152,109.0285,109.12
2021-03-25T13:00:00+00:00,109.1205,109.193,109.024,109.174
2021-03-25T17:00:00+00:00,109.1735,109.237,109.0815,109.1865
2021-03-25T21:00:00+00:00,109.186,109.315,109.131,109.2755
2021-03-26T01:00:00+00:00,109.2745,109.289,109.1755,109.28
2021-03-26T05:00:00+00:00,109.2795,109.48,109.2175,109.4745
2021-03-26T09:00:00+00:00,109.4735,109.8185,109.3835,109.7975
2021-03-26T13:00:00+00:00,109.7965,109.848,109.529,109.6335
2021-03-26T17:00:00+00:00,109.635,109.708,109.603,109.665
2021-03-28T22:00:00+01:00,109.7315,109.8045,109.6315,109.67
2021-03-29T02:00:00+01:00,109.6685,109.7175,109.4435,109.548
2021-03-29T06:00:00+01:00,109.549,109.683,109.3735,109.634
2021-03-29T10:00:00+01:00,109.6365,109.724,109.5455,109.6965
2021-03-29T14:00:00+01:00,109.6965,109.781,109.6255,109.743
2021-03-29T18:00:00+01:00,109.7435,109.847,109.734,109.808
2021-03-29T22:00:00+01:00,109.797,109.886,109.745,109.849
2021-03-30T02:00:00+01:00,109.8485,109.9905,109.829,109.9415
2021-03-30T06:00:00+01:00,109.942,110.3115,109.936,110.2515
2021-03-30T10:00:00+01:00,110.249,110.3935,110.227,110.346
2021-03-30T14:00:00+01:00,110.3445,110.4265,110.185,110.2885
2021-03-30T18:00:00+01:00,110.292,110.3665,110.248,110.356
2021-03-30T22:00:00+01:00,110.363,110.732,110.275,110.6955
2021-03-31T02:00:00+01:00,110.6945,110.9665,110.5565,110.8665
2021-03-31T06:00:00+01:00,110.8655,110.9445,110.514,110.514
2021-03-31T10:00:00+01:00,110.515,110.8395,110.515,110.7095
2021-03-31T14:00:00+01:00,110.71,110.823,110.413,110.609
2021-03-31T18:00:00+01:00,110.608,110.78,110.573,110.719
2021-03-31T22:00:00+01:00,110.7245,110.825,110.677,110.7895
2021-04-01T02:00:00+01:00,110.7905,110.797,110.57,110.7
2021-04-01T06:00:00+01:00,110.7015,110.8115,110.6195,110.769
2021-04-01T10:00:00+01:00,110.7705,110.848,110.6205,110.696
2021-04-01T14:00:00+01:00,110.697,110.7455,110.546,110.5835
2021-04-01T18:00:00+01:00,110.586,110.6475,110.5545,110.6095
2021-04-01T22:00:00+01:00,110.6095,110.65,110.523,110.6235
2021-04-02T02:00:00+01:00,110.6235,110.669,110.5865,110.6015
2021-04-02T06:00:00+01:00,110.6015,110.605,110.374,110.3895
2021-04-02T10:00:00+01:00,110.3895,110.6945,110.388,110.6115
2021-04-02T14:00:00+01:00,110.6135,110.7505,110.6115,110.6975
2021-04-02T18:00:00+01:00,110.6985,110.72,110.616,110.6965
2021-04-04T22:00:00+01:00,110.657,110.751,110.588,110.6235
2021-04-05T02:00:00+01:00,110.623,110.6515,110.5235,110.6495
2021-04-05T06:00:00+01:00,110.649,110.6875,110.556,110.604
2021-04-05T10:00:00+01:00,110.604,110.6275,110.4175,110.479
2021-04-05T14:00:00+01:00,110.4795,110.4865,109.9605,110.095
2021-04-05T18:00:00+01:00,110.0965,110.252,110.0835,110.176
2021-04-05T22:00:00+01:00,110.1795,110.298,110.118,110.264
2021-04-06T02:00:00+01:00,110.263,110.406,110.2015,110.2525
2021-04-06T06:00:00+01:00,110.2525,110.479,110.147,110.4005
2021-04-06T10:00:00+01:00,110.4015,110.552,109.874,109.905
2021-04-06T14:00:00+01:00,109.9045,109.9645,109.67,109.881
2021-04-06T18:00:00+01:00,109.8815,109.917,109.7255,109.748
2021-04-06T22:00:00+01:00,109.75,109.8955,109.735,109.776
2021-04-07T02:00:00+01:00,109.777,109.833,109.5795,109.7185
2021-04-07T06:00:00+01:00,109.7185,109.9425,109.717,109.859
2021-04-07T10:00:00+01:00,109.8585,109.937,109.728,109.8745
2021-04-07T14:00:00+01:00,109.874,109.9385,109.5995,109.7145
2021-04-07T18:00:00+01:00,109.7165,109.877,109.6985,109.85
2021-04-07T22:00:00+01:00,109.851,109.9045,109.768,109.776
2021-04-08T02:00:00+01:00,109.7775,109.7965,109.653,109.67
2021-04-08T06:00:00+01:00,109.6705,109.7505,109.439,109.4565
2021-04-08T10:00:00+01:00,109.4555,109.5775,108.9985,109.0795
2021-04-08T14:00:00+01:00,109.0785,109.3,109.023,109.247
2021-04-08T18:00:00+01:00,109.2465,109.318,109.2095,109.275
2021-04-08T22:00:00+01:00,109.273,109.3965,109.2175,109.26
2021-04-09T02:00:00+01:00,109.2585,109.375,109.2145,109.37
2021-04-09T06:00:00+01:00,109.369,109.682,109.309,109.66
2021-04-09T10:00:00+01:00,109.6595,109.961,109.583,109.8765
2021-04-09T14:00:00+01:00,109.877,109.9555,109.5565,109.638
2021-04-09T18:00:00+01:00,109.638,109.6775,109.5815,109.6615
2021-04-11T22:00:00+01:00,109.7285,109.7785,109.6315,109.761
2021-04-12T02:00:00+01:00,109.7605,109.7705,109.4725,109.5335
2021-04-12T06:00:00+01:00,109.5365,109.6115,109.3785,109.4705
2021-04-12T10:00:00+01:00,109.471,109.4765,109.2465,109.33
2021-04-12T14:00:00+01:00,109.3305,109.4495,109.2975,109.406
2021-04-12T18:00:00+01:00,109.406,109.458,109.366,109.383
2021-04-12T22:00:00+01:00,109.389,109.5685,109.3575,109.55
2021-04-13T02:00:00+01:00,109.55,109.7525,109.536,109.7065
2021-04-13T06:00:00+01:00,109.7055,109.7385,109.285,109.3245
2021-04-13T10:00:00+01:00,109.3235,109.601,109.128,109.2825
2021-04-13T14:00:00+01:00,109.286,109.3325,109.1275,109.1875
2021-04-13T18:00:00+01:00,109.1875,109.1875,109.0185,109.062
2021-04-13T22:00:00+01:00,109.0615,109.0775,108.797,108.818
2021-04-14T02:00:00+01:00,108.8175,108.956,108.7525,108.953
2021-04-14T06:00:00+01:00,108.9525,109.0725,108.8095,108.9825
2021-04-14T10:00:00+01:00,108.983,109.0535,108.889,108.95
2021-04-14T14:00:00+01:00,108.95,109.096,108.912,108.9525
2021-04-14T18:00:00+01:00,108.9545,108.986,108.8815,108.921
2021-04-14T22:00:00+01:00,108.917,108.982,108.8215,108.8775
2021-04-15T02:00:00+01:00,108.878,108.9335,108.806,108.868
2021-04-15T06:00:00+01:00,108.8685,108.9585,108.704,108.775
2021-04-15T10:00:00+01:00,108.7745,108.879,108.664,108.8005
2021-04-15T14:00:00+01:00,108.799,108.808,108.6125,108.696
2021-04-15T18:00:00+01:00,108.696,108.779,108.625,108.766
2021-04-15T22:00:00+01:00,108.7675,108.79,108.6115,108.7645
2021-04-16T02:00:00+01:00,108.764,108.9415,108.761,108.8085
2021-04-16T06:00:00+01:00,108.8075,108.9655,108.7745,108.8535
2021-04-16T10:00:00+01:00,108.8535,108.9065,108.703,108.851
2021-04-16T14:00:00+01:00,108.849,108.898,108.745,108.783
2021-04-16T18:00:00+01:00,108.783,108.832,108.757,108.803
2021-04-18T22:00:00+01:00,108.827,108.8375,108.6265,108.698
2021-04-19T02:00:00+01:00,108.6975,108.768,108.5485,108.664
2021-04-19T06:00:00+01:00,108.6635,108.6775,108.0355,108.0815
2021-04-19T10:00:00+01:00,108.082,108.1895,108.011,108.0825
2021-04-19T14:00:00+01:00,108.083,108.3105,108.0095,108.064
2021-04-19T18:00:00+01:00,108.065,108.183,108.063,108.1655
2021-04-19T22:00:00+01:00,108.158,108.203,107.9715,108.177
2021-04-20T02:00:00+01:00,108.178,108.319,108.097,108.157
2021-04-20T06:00:00+01:00,108.158,108.549,108.148,108.478
2021-04-20T10:00:00+01:00,108.477,108.519,108.32,108.4515
2021-04-20T14:00:00+01:00,108.452,108.498,108.0265,108.13
2021-04-20T18:00:00+01:00,108.1315,108.152,108.05,108.1075
2021-04-20T22:00:00+01:00,108.1055,108.149,107.8755,108.089
2021-04-21T02:00:00+01:00,108.0885,108.113,107.882,108.058
2021-04-21T06:00:00+01:00,108.059,108.2815,107.9525,108.2115
2021-04-21T10:00:00+01:00,108.211,108.221,107.976,108.0555
2021-04-21T14:00:00+01:00,108.0585,108.197,107.9795,108.1015
2021-04-21T18:00:00+01:00,108.1005,108.1325,108.048,108.083
2021-04-21T22:00:00+01:00,108.0665,108.1415,107.951,108.025
2021-04-22T02:00:00+01:00,108.025,108.0635,107.914,107.97
2021-04-22T06:00:00+01:00,107.969,108.111,107.814,108.039
2021-04-22T10:00:00+01:00,108.038,108.21,107.96,108.1255
2021-04-22T14:00:00+01:00,108.1235,108.232,107.9415,108.203
2021-04-22T18:00:00+01:00,108.203,108.232,107.9615,107.9675
2021-04-22T22:00:00+01:00,107.968,108.004,107.8605,107.8795
2021-04-23T02:00:00+01:00,107.884,107.972,107.8025,107.9025
2021-04-23T06:00:00+01:00,107.9025,107.984,107.8545,107.9125
2021-04-23T10:00:00+01:00,107.9105,107.9365,107.4775,107.5165
2021-04-23T14:00:00+01:00,107.5155,108.147,107.511,107.9755
2021-04-23T18:00:00+01:00,107.9765,107.977,107.8615,107.913
2021-04-25T22:00:00+01:00,107.958,107.975,107.812,107.8805
2021-04-26T02:00:00+01:00,107.8795,107.8795,107.6505,107.718
2021-04-26T06:00:00+01:00,107.7195,107.8535,107.6415,107.712
2021-04-26T10:00:00+01:00,107.7095,108.166,107.664,108.073
2021-04-26T14:00:00+01:00,108.0735,108.1975,107.895,108.126
2021-04-26T18:00:00+01:00,108.1265,108.1555,108.0885,108.0925
2021-04-26T22:00:00+01:00,108.0925,108.2235,108.0775,108.132
2021-04-27T02:00:00+01:00,108.132,108.3875,108.129,108.223
2021-04-27T06:00:00+01:00,108.222,108.398,108.166,108.353
2021-04-27T10:00:00+01:00,108.3535,108.4265,108.2055,108.2785
2021-04-27T14:00:00+01:00,108.2785,108.679,108.253,108.671
2021-04-27T18:00:00+01:00,108.67,108.7745,108.62,108.7105
2021-04-27T22:00:00+01:00,108.711,108.9215,108.6665,108.9155
2021-04-28T02:00:00+01:00,108.917,108.9495,108.8075,108.851
2021-04-28T06:00:00+01:00,108.853,109.078,108.8175,108.92
2021-04-28T10:00:00+01:00,108.922,109.0035,108.835,108.961
2021-04-28T14:00:00+01:00,108.9605,108.9715,108.703,108.851
2021-04-28T18:00:00+01:00,108.851,108.998,108.572,108.595
2021-04-28T22:00:00+01:00,108.598,108.646,108.4365,108.454
2021-04-29T02:00:00+01:00,108.453,108.671,108.441,108.5785
2021-04-29T06:00:00+01:00,108.5785,109.0015,108.559,108.9775
2021-04-29T10:00:00+01:00,108.978,109.0695,108.8365,108.9115
2021-04-29T14:00:00+01:00,108.912,109.224,108.804,108.897
2021-04-29T18:00:00+01:00,108.897,108.955,108.86,108.9315
2021-04-29T22:00:00+01:00,108.931,109.058,108.8595,108.932
2021-04-30T02:00:00+01:00,108.9315,108.944,108.7125,108.807
2021-04-30T06:00:00+01:00,108.808,108.935,108.737,108.907
2021-04-30T10:00:00+01:00,108.9055,109.009,108.7675,108.977
2021-04-30T14:00:00+01:00,108.974,109.343,108.872,109.303
2021-04-30T18:00:00+01:00,109.302,109.3725,109.266,109.3335
2021-05-02T22:00:00+01:00,109.3,109.413,109.279,109.345
2021-05-03T02:00:00+01:00,109.344,109.5905,109.3195,109.5835
2021-05-03T06:00:00+01:00,109.5835,109.6975,109.5115,109.6325
2021-05-03T10:00:00+01:00,109.6325,109.6425,109.3,109.377
2021-05-03T14:00:00+01:00,109.378,109.384,108.896,109.133
2021-05-03T18:00:00+01:00,109.1315,109.1335,109.05,109.08
2021-05-03T22:00:00+01:00,109.08,109.1785,109.03,109.1035
2021-05-04T02:00:00+01:00,109.103,109.2965,109.0975,109.285
2021-05-04T06:00:00+01:00,109.284,109.489,109.263,109.4205
2021-05-04T10:00:00+01:00,109.4205,109.48,109.067,109.094
2021-05-04T14:00:00+01:00,109.0935,109.425,109.0435,109.2805
2021-05-04T18:00:00+01:00,109.2815,109.3375,109.222,109.325
2021-05-04T22:00:00+01:00,109.329,109.377,109.2915,109.332
2021-05-05T02:00:00+01:00,109.333,109.3575,109.197,109.3295
2021-05-05T06:00:00+01:00,109.33,109.481,109.2575,109.362
2021-05-05T10:00:00+01:00,109.3615,109.405,109.2425,109.3225
2021-05-05T14:00:00+01:00,109.322,109.333,109.144,109.3
2021-05-05T18:00:00+01:00,109.301,109.3195,109.179,109.2015
2021-05-05T22:00:00+01:00,109.203,109.328,109.171,109.3035
2021-05-06T02:00:00+01:00,109.304,109.429,109.294,109.397
2021-05-06T06:00:00+01:00,109.397,109.399,109.1785,109.224
2021-05-06T10:00:00+01:00,109.2255,109.3015,109.0625,109.3005
2021-05-06T14:00:00+01:00,109.3015,109.4045,109.035,109.105
2021-05-06T18:00:00+01:00,109.1075,109.124,109.0015,109.0915
2021-05-06T22:00:00+01:00,109.0925,109.16,108.9375,109.1215
2021-05-07T02:00:00+01:00,109.1235,109.189,109.048,109.072
2021-05-07T06:00:00+01:00,109.072,109.198,109.0565,109.1305
2021-05-07T10:00:00+01:00,109.13,109.2885,108.338,108.58
2021-05-07T14:00:00+01:00,108.5805,108.8855,108.461,108.661
2021-05-07T18:00:00+01:00,108.663,108.71,108.5595,108.6015
2021-05-09T22:00:00+01:00,108.615,108.814,108.4685,108.7455
2021-05-10T02:00:00+01:00,108.7435,108.9155,108.7155,108.859
2021-05-10T06:00:00+01:00,108.8605,109.0565,108.757,108.7835
2021-05-10T10:00:00+01:00,108.784,108.849,108.6525,108.6925
2021-05-10T14:00:00+01:00,108.6945,108.8425,108.6585,108.8115
2021-05-10T18:00:00+01:00,108.8105,108.872,108.7355,108.8155
2021-05-10T22:00:00+01:00,108.8185,108.9835,108.7795,108.95
2021-05-11T02:00:00+01:00,108.949,108.961,108.8085,108.812
2021-05-11T06:00:00+01:00,108.812,108.98,108.8065,108.826
2021-05-11T10:00:00+01:00,108.822,108.8905,108.502,108.571
2021-05-11T14:00:00+01:00,108.5705,108.6715,108.35,108.536
2021-05-11T18:00:00+01:00,108.537,108.689,108.5305,108.62
2021-05-11T22:00:00+01:00,108.613,108.792,108.582,108.7765
2021-05-12T02:00:00+01:00,108.7765,108.9065,108.761,108.858
2021-05-12T06:00:00+01:00,108.8605,108.8845,108.724,108.752
2021-05-12T10:00:00+01:00,108.751,109.212,108.6615,109
2021-05-12T14:00:00+01:00,109.0005,109.642,108.899,109.6315
2021-05-12T18:00:00+01:00,109.6295,109.709,109.5085,109.667
2021-05-12T22:00:00+01:00,109.666,109.786,109.542,109.609
2021-05-13T02:00:00+01:00,109.608,109.753,109.4835,109.692
2021-05-13T06:00:00+01:00,109.693,109.7525,109.4815,109.569
2021-05-13T10:00:00+01:00,109.571,109.6945,109.482,109.5805
2021-05-13T14:00:00+01:00,109.5815,109.6555,109.4535,109.4655
2021-05-13T18:00:00+01:00,109.4665,109.533,109.406,109.462
2021-05-13T22:00:00+01:00,109.451,109.642,109.4185,109.584
2021-05-14T02:00:00+01:00,109.5835,109.657,109.509,109.5325
2021-05-14T06:00:00+01:00,109.532,109.542,109.257,109.2815
2021-05-14T10:00:00+01:00,109.28,109.418,109.1885,109.327
2021-05-14T14:00:00+01:00,109.328,109.4505,109.2605,109.41
2021-05-14T18:00:00+01:00,109.411,109.4415,109.331,109.35
2021-05-16T22:00:00+01:00,109.33,109.5025,109.2265,109.4325
2021-05-17T02:00:00+01:00,109.433,109.4455,109.268,109.391
2021-05-17T06:00:00+01:00,109.391,109.3975,109.145,109.209
2021-05-17T10:00:00+01:00,109.208,109.2905,109.0745,109.264
2021-05-17T14:00:00+01:00,109.2645,109.282,109.1175,109.1175
2021-05-17T18:00:00+01:00,109.1155,109.249,109.0985,109.225
2021-05-17T22:00:00+01:00,109.22,109.284,109.167,109.213
2021-05-18T02:00:00+01:00,109.2125,109.248,109.105,109.2055
2021-05-18T06:00:00+01:00,109.2055,109.2095,108.8515,108.858
2021-05-18T10:00:00+01:00,108.8575,109.07,108.8335,108.9295
2021-05-18T14:00:00+01:00,108.9295,109.0205,108.8395,108.94
2021-05-18T18:00:00+01:00,108.9405,108.9485,108.857,108.8935
2021-05-18T22:00:00+01:00,108.9015,109.0185,108.831,109.0045
2021-05-19T02:00:00+01:00,109.003,109.075,108.9025,108.9635
2021-05-19T06:00:00+01:00,108.9645,109.12,108.908,109.053
2021-05-19T10:00:00+01:00,109.0535,109.336,109.0125,109.027
2021-05-19T14:00:00+01:00,109.027,109.0345,108.5725,108.814
2021-05-19T18:00:00+01:00,108.813,109.2985,108.804,109.229
2021-05-19T22:00:00+01:00,109.2295,109.3095,109.168,109.1995
2021-05-20T02:00:00+01:00,109.198,109.2035,109.0925,109.161
2021-05-20T06:00:00+01:00,109.161,109.1665,108.874,108.917
2021-05-20T10:00:00+01:00,108.9205,109.0275,108.89,108.9855
2021-05-20T14:00:00+01:00,108.986,108.986,108.7485,108.7915
2021-05-20T18:00:00+01:00,108.792,108.836,108.768,108.7745
2021-05-20T22:00:00+01:00,108.7785,108.8995,108.7605,108.8325
2021-05-21T02:00:00+01:00,108.831,108.8735,108.736,108.775
2021-05-21T06:00:00+01:00,108.776,108.8205,108.6255,108.6355
2021-05-21T10:00:00+01:00,108.6355,108.8365,108.6105,108.714
2021-05-21T14:00:00+01:00,108.712,109.003,108.679,108.993
2021-05-21T18:00:00+01:00,108.9925,109.0045,108.878,108.952
2021-05-23T22:00:00+01:00,108.9275,108.9965,108.882,108.9835
2021-05-24T02:00:00+01:00,108.983,108.9925,108.816,108.844
2021-05-24T06:00:00+01:00,108.8435,108.982,108.6965,108.9155
2021-05-24T10:00:00+01:00,108.9165,108.982,108.8485,108.9015
2021-05-24T14:00:00+01:00,108.9015,108.9405,108.7045,108.79
2021-05-24T18:00:00+01:00,108.7905,108.818,108.7455,108.751
2021-05-24T22:00:00+01:00,108.7525,108.8645,108.74,108.789
2021-05-25T02:00:00+01:00,108.788,108.788,108.682,108.715
2021-05-25T06:00:00+01:00,108.715,108.843,108.56,108.7375
2021-05-25T10:00:00+01:00,108.7385,109.051,108.7245,108.981
2021-05-25T14:00:00+01:00,108.9785,109.0715,108.8645,108.8875
2021-05-25T18:00:00+01:00,108.888,108.895,108.7,108.7775
2021-05-25T22:00:00+01:00,108.7765,108.8285,108.734,108.768
2021-05-26T02:00:00+01:00,108.768,108.82,108.724,108.777
2021-05-26T06:00:00+01:00,108.7765,108.9025,108.758,108.863
2021-05-26T10:00:00+01:00,108.865,108.936,108.8515,108.915
2021-05-26T14:00:00+01:00,108.9165,109.145,108.8695,109.09
2021-05-26T18:00:00+01:00,109.0905,109.1795,109.072,109.148
2021-05-26T22:00:00+01:00,109.1465,109.2095,109.115,109.16
2021-05-27T02:00:00+01:00,109.16,109.2075,109.0405,109.097
2021-05-27T06:00:00+01:00,109.0965,109.195,109.037,109.177
2021-05-27T10:00:00+01:00,109.175,109.4,109.083,109.3555
2021-05-27T14:00:00+01:00,109.3555,109.924,109.345,109.878
2021-05-27T18:00:00+01:00,109.877,109.8835,109.758,109.812
2021-05-27T22:00:00+01:00,109.826,109.9585,109.773,109.9255
2021-05-28T02:00:00+01:00,109.925,109.951,109.8165,109.853
2021-05-28T06:00:00+01:00,109.8525,109.956,109.797,109.847
2021-05-28T10:00:00+01:00,109.848,110.199,109.819,110.197
2021-05-28T14:00:00+01:00,110.1965,110.199,109.764,109.777
2021-05-28T18:00:00+01:00,109.7765,109.8895,109.743,109.857
2021-05-30T22:00:00+01:00,109.8415,109.9365,109.74,109.7675
2021-05-31T02:00:00+01:00,109.7675,109.821,109.6365,109.668
2021-05-31T06:00:00+01:00,109.667,109.7955,109.6395,109.6585
2021-05-31T10:00:00+01:00,109.6575,109.7295,109.6475,109.655
2021-05-31T14:00:00+01:00,109.653,109.655,109.352,109.482
2021-05-31T18:00:00+01:00,109.4815,109.6085,109.466,109.585
2021-05-31T22:00:00+01:00,109.588,109.6075,109.3825,109.4095
2021-06-01T02:00:00+01:00,109.408,109.5155,109.3315,109.5135
2021-06-01T06:00:00+01:00,109.514,109.643,109.418,109.5785
2021-06-01T10:00:00+01:00,109.5785,109.7075,109.557,109.644
2021-06-01T14:00:00+01:00,109.6425,109.6695,109.34,109.437
2021-06-01T18:00:00+01:00,109.436,109.5025,109.3895,109.4805
2021-06-01T22:00:00+01:00,109.4835,109.6435,109.421,109.6265
2021-06-02T02:00:00+01:00,109.6265,109.699,109.5705,109.692
2021-06-02T06:00:00+01:00,109.6945,109.885,109.667,109.855
2021-06-02T10:00:00+01:00,109.855,109.8835,109.6855,109.729
2021-06-02T14:00:00+01:00,109.7285,109.7595,109.5645,109.625
2021-06-02T18:00:00+01:00,109.625,109.637,109.529,109.5675
2021-06-02T22:00:00+01:00,109.573,109.65,109.552,109.613
2021-06-03T02:00:00+01:00,109.6105,109.7255,109.605,109.715
2021-06-03T06:00:00+01:00,109.7155,109.8465,109.7155,109.7925
2021-06-03T10:00:00+01:00,109.7925,109.987,109.6255,109.963
2021-06-03T14:00:00+01:00,109.9625,110.3155,109.932,110.2745
2021-06-03T18:00:00+01:00,110.275,110.3215,110.24,110.296
2021-06-03T22:00:00+01:00,110.3005,110.3305,110.197,110.229
2021-06-04T02:00:00+01:00,110.231,110.2735,110.1425,110.2655
2021-06-04T06:00:00+01:00,110.266,110.2845,110.135,110.1425
2021-06-04T10:00:00+01:00,110.143,110.1785,109.7245,109.7595
2021-06-04T14:00:00+01:00,109.759,109.7735,109.365,109.494
2021-06-04T18:00:00+01:00,109.494,109.563,109.473,109.53
2021-06-06T22:00:00+01:00,109.61,109.638,109.447,109.577
2021-06-07T02:00:00+01:00,109.579,109.618,109.382,109.428
2021-06-07T06:00:00+01:00,109.4275,109.5935,109.351,109.3675
2021-06-07T10:00:00+01:00,109.3665,109.484,109.2445,109.2845
2021-06-07T14:00:00+01:00,109.2865,109.316,109.188,109.282
2021-06-07T18:00:00+01:00,109.28,109.3005,109.231,109.253
2021-06-07T22:00:00+01:00,109.255,109.4425,109.1995,109.383
2021-06-08T02:00:00+01:00,109.3825,109.4325,109.339,109.413
2021-06-08T06:00:00+01:00,109.413,109.549,109.389,109.485
2021-06-08T10:00:00+01:00,109.4865,109.559,109.2735,109.3955
2021-06-08T14:00:00+01:00,109.3985,109.513,109.326,109.494
2021-06-08T18:00:00+01:00,109.498,109.515,109.455,109.499
2021-06-08T22:00:00+01:00,109.4995,109.5235,109.4105,109.45
2021-06-09T02:00:00+01:00,109.4485,109.506,109.4055,109.479
2021-06-09T06:00:00+01:00,109.4775,109.505,109.327,109.481
2021-06-09T10:00:00+01:00,109.4805,109.509,109.3545,109.4025
2021-06-09T14:00:00+01:00,109.4025,109.6515,109.2255,109.65
2021-06-09T18:00:00+01:00,109.6495,109.657,109.558,109.641
2021-06-09T22:00:00+01:00,109.638,109.6795,109.58,109.622
2021-06-10T02:00:00+01:00,109.625,109.6275,109.518,109.5775
2021-06-10T06:00:00+01:00,109.578,109.579,109.451,109.4875
2021-06-10T10:00:00+01:00,109.487,109.7665,109.4555,109.648
2021-06-10T14:00:00+01:00,109.6475,109.796,109.4145,109.4305
2021-06-10T18:00:00+01:00,109.4285,109.481,109.3065,109.3335
2021-06-10T22:00:00+01:00,109.3325,109.4545,109.315,109.4175
2021-06-11T02:00:00+01:00,109.4185,109.4445,109.3725,109.403
2021-06-11T06:00:00+01:00,109.4025,109.5695,109.318,109.5455
2021-06-11T10:00:00+01:00,109.5445,109.6455,109.444,109.631
2021-06-11T14:00:00+01:00,109.6315,109.8435,109.5975,109.686
2021-06-11T18:00:00+01:00,109.688,109.757,109.6195,109.661
2021-06-13T22:00:00+01:00,109.637,109.822,109.627,109.8185
2021-06-14T02:00:00+01:00,109.8195,109.8325,109.711,109.759
2021-06-14T06:00:00+01:00,109.759,109.781,109.622,109.655
2021-06-14T10:00:00+01:00,109.6535,109.7905,109.6125,109.7555
2021-06-14T14:00:00+01:00,109.7545,110.0195,109.7425,110.019
2021-06-14T18:00:00+01:00,110.017,110.099,110.0075,110.0725
2021-06-14T22:00:00+01:00,110.073,110.108,110.0265,110.083
2021-06-15T02:00:00+01:00,110.0825,110.1525,110.0575,110.086
2021-06-15T06:00:00+01:00,110.0855,110.1225,109.9875,110.1225
2021-06-15T10:00:00+01:00,110.124,110.168,110.0125,110.1015
2021-06-15T14:00:00+01:00,110.1005,110.1575,110.041,110.1085
2021-06-15T18:00:00+01:00,110.108,110.1205,110.038,110.065
2021-06-15T22:00:00+01:00,110.075,110.142,110.037,110.1355
2021-06-16T02:00:00+01:00,110.136,110.136,110.0515,110.0645
2021-06-16T06:00:00+01:00,110.064,110.133,109.8995,109.9385
2021-06-16T10:00:00+01:00,109.938,109.9835,109.805,109.8695
2021-06-16T14:00:00+01:00,109.8695,109.9815,109.804,109.889
2021-06-16T18:00:00+01:00,109.8895,110.7225,109.875,110.709
2021-06-16T22:00:00+01:00,110.7145,110.823,110.608,110.751
2021-06-17T02:00:00+01:00,110.7515,110.7555,110.6085,110.6775
2021-06-17T06:00:00+01:00,110.678,110.7665,110.5455,110.649
2021-06-17T10:00:00+01:00,110.6485,110.769,110.453,110.4905
2021-06-17T14:00:00+01:00,110.493,110.502,110.167,110.312
2021-06-17T18:00:00+01:00,110.312,110.325,110.1945,110.229
2021-06-17T22:00:00+01:00,110.2305,110.3305,110.2005,110.312
2021-06-18T02:00:00+01:00,110.3115,110.327,110.1565,110.22
2021-06-18T06:00:00+01:00,110.2195,110.2315,109.942,110.1385
2021-06-18T10:00:00+01:00,110.137,110.2955,110.0705,110.258
2021-06-18T14:00:00+01:00,110.258,110.484,110.0415,110.2315
2021-06-18T18:00:00+01:00,110.231,110.247,110.1085,110.1975
2021-06-20T22:00:00+01:00,110.201,110.297,110.1485,110.2305
2021-06-21T02:00:00+01:00,110.231,110.2455,109.7165,109.7955
2021-06-21T06:00:00+01:00,109.795,110.068,109.792,109.934
2021-06-21T10:00:00+01:00,109.932,110.1595,109.915,110.132
2021-06-21T14:00:00+01:00,110.1325,110.3355,110.1195,110.166
2021-06-21T18:00:00+01:00,110.165,110.351,110.1595,110.3205
2021-06-21T22:00:00+01:00,110.3295,110.4045,110.2125,110.262
2021-06-22T02:00:00+01:00,110.262,110.474,110.2425,110.4535
2021-06-22T06:00:00+01:00,110.453,110.5385,110.3515,110.48
2021-06-22T10:00:00+01:00,110.4805,110.6995,110.3855,110.6935
2021-06-22T14:00:00+01:00,110.695,110.7925,110.61,110.7035
2021-06-22T18:00:00+01:00,110.7025,110.724,110.5885,110.666
2021-06-22T22:00:00+01:00,110.6655,110.7665,110.624,110.7295
2021-06-23T02:00:00+01:00,110.73,110.854,110.7105,110.794
2021-06-23T06:00:00+01:00,110.7935,110.9195,110.7665,110.905
2021-06-23T10:00:00+01:00,110.905,111.1065,110.66,110.8315
2021-06-23T14:00:00+01:00,110.834,110.96,110.6845,110.96
2021-06-23T18:00:00+01:00,110.962,111.011,110.9215,110.9535
2021-06-23T22:00:00+01:00,110.9545,111.1165,110.9495,111.0185
2021-06-24T02:00:00+01:00,111.0215,111.0545,110.952,110.9675
2021-06-24T06:00:00+01:00,110.9675,110.9685,110.7605,110.8715
2021-06-24T10:00:00+01:00,110.871,110.9095,110.7165,110.7485
2021-06-24T14:00:00+01:00,110.7475,110.9105,110.6895,110.886
2021-06-24T18:00:00+01:00,110.8855,110.9025,110.8325,110.881
2021-06-24T22:00:00+01:00,110.879,110.9845,110.828,110.933
2021-06-25T02:00:00+01:00,110.9325,110.935,110.8075,110.8685
2021-06-25T06:00:00+01:00,110.869,110.883,110.719,110.7285
2021-06-25T10:00:00+01:00,110.729,110.795,110.5025,110.5375
2021-06-25T14:00:00+01:00,110.535,110.837,110.481,110.8255
2021-06-25T18:00:00+01:00,110.8265,110.8775,110.745,110.787
2021-06-27T22:00:00+01:00,110.7845,110.865,110.6525,110.702
2021-06-28T02:00:00+01:00,110.703,110.7285,110.6295,110.6525
2021-06-28T06:00:00+01:00,110.654,110.7395,110.617,110.721
2021-06-28T10:00:00+01:00,110.7215,110.9765,110.6935,110.851
2021-06-28T14:00:00+01:00,110.8525,110.9015,110.502,110.559
2021-06-28T18:00:00+01:00,110.5585,110.632,110.4975,110.623
2021-06-28T22:00:00+01:00,110.626,110.6405,110.508,110.5305
2021-06-29T02:00:00+01:00,110.53,110.592,110.453,110.5825
2021-06-29T06:00:00+01:00,110.582,110.76,110.5305,110.5995
2021-06-29T10:00:00+01:00,110.6005,110.736,110.5085,110.686
2021-06-29T14:00:00+01:00,110.688,110.7065,110.432,110.5265
2021-06-29T18:00:00+01:00,110.5275,110.5615,110.4875,110.547
2021-06-29T22:00:00+01:00,110.546,110.597,110.502,110.5635
2021-06-30T02:00:00+01:00,110.5645,110.5775,110.4435,110.5045
2021-06-30T06:00:00+01:00,110.503,110.5935,110.42,110.4675
2021-06-30T10:00:00+01:00,110.466,110.6795,110.452,110.6455
2021-06-30T14:00:00+01:00,110.6465,111.099,110.6085,111.0895
2021-06-30T18:00:00+01:00,111.0895,111.1215,111.024,111.105
2021-06-30T22:00:00+01:00,111.106,111.165,111.072,111.082
2021-07-01T02:00:00+01:00,111.0795,111.107,111.0275,111.1005
2021-07-01T06:00:00+01:00,111.1,111.412,111.0995,111.4045
2021-07-01T10:00:00+01:00,111.404,111.627,111.353,111.3925
2021-07-01T14:00:00+01:00,111.3915,111.6115,111.3495,111.571
2021-07-01T18:00:00+01:00,111.5715,111.6395,111.525,111.526
2021-07-01T22:00:00+01:00,111.5255,111.653,111.513,111.646
2021-07-02T02:00:00+01:00,111.647,111.659,111.5575,111.5875
2021-07-02T06:00:00+01:00,111.5865,111.6585,111.408,111.472
2021-07-02T10:00:00+01:00,111.4725,111.6115,111.2455,111.2645
2021-07-02T14:00:00+01:00,111.265,111.38,111.1525,111.2205
2021-07-02T18:00:00+01:00,111.2205,111.2425,110.9515,111.0545
2021-07-04T22:00:00+01:00,110.96,111.1905,110.947,111.1425
2021-07-05T02:00:00+01:00,111.1425,111.1575,111.051,111.138
2021-07-05T06:00:00+01:00,111.139,111.1455,110.8505,110.9015
2021-07-05T10:00:00+01:00,110.9015,110.9365,110.7965,110.927
2021-07-05T14:00:00+01:00,110.927,110.98,110.8935,110.8975
2021-07-05T18:00:00+01:00,110.8985,110.988,110.878,110.971
2021-07-05T22:00:00+01:00,110.9665,110.9795,110.8105,110.864
2021-07-06T02:00:00+01:00,110.8625,110.882,110.788,110.834
2021-07-06T06:00:00+01:00,110.834,110.9175,110.7485,110.7905
2021-07-06T10:00:00+01:00,110.79,110.8495,110.596,110.718
2021-07-06T14:00:00+01:00,110.719,110.8045,110.5215,110.6315
2021-07-06T18:00:00+01:00,110.632,110.6895,110.6025,110.618
2021-07-06T22:00:00+01:00,110.635,110.6635,110.404,110.4175
2021-07-07T02:00:00+01:00,110.418,110.6435,110.3955,110.5265
2021-07-07T06:00:00+01:00,110.5265,110.7835,110.5145,110.7495
2021-07-07T10:00:00+01:00,110.7495,110.817,110.5085,110.5865
2021-07-07T14:00:00+01:00,110.586,110.815,110.5745,110.6725
2021-07-07T18:00:00+01:00,110.6725,110.7265,110.539,110.6165
2021-07-07T22:00:00+01:00,110.6165,110.675,110.5095,110.542
2021-07-08T02:00:00+01:00,110.5425,110.623,110.4235,110.5305
2021-07-08T06:00:00+01:00,110.5325,110.539,109.756,109.852
2021-07-08T10:00:00+01:00,109.8525,110.0495,109.6015,109.672
2021-07-08T14:00:00+01:00,109.672,109.8685,109.5345,109.8035
2021-07-08T18:00:00+01:00,109.804,109.8695,109.753,109.753
2021-07-08T22:00:00+01:00,109.761,109.924,109.7355,109.874
2021-07-09T02:00:00+01:00,109.875,109.9955,109.763,109.993
2021-07-09T06:00:00+01:00,109.994,110.1345,109.9775,110.0965
2021-07-09T10:00:00+01:00,110.096,110.1425,109.9005,109.9835
2021-07-09T14:00:00+01:00,109.9825,110.259,109.9415,110.2005
2021-07-09T18:00:00+01:00,110.201,110.2065,110.0985,110.114
2021-07-11T22:00:00+01:00,110.1625,110.254,110.1155,110.1215
2021-07-12T02:00:00+01:00,110.1215,110.1995,110.012,110.1805
2021-07-12T06:00:00+01:00,110.18,110.2785,109.978,110.0935
2021-07-12T10:00:00+01:00,110.093,110.267,110.055,110.208
2021-07-12T14:00:00+01:00,110.2075,110.404,110.1705,110.3785
2021-07-12T18:00:00+01:00,110.379,110.3895,110.3165,110.357
2021-07-12T22:00:00+01:00,110.3615,110.4005,110.288,110.3855
2021-07-13T02:00:00+01:00,110.385,110.4425,110.342,110.428
2021-07-13T06:00:00+01:00,110.4275,110.4475,110.315,110.35
2021-07-13T10:00:00+01:00,110.3495,110.543,110.1985,110.513
2021-07-13T14:00:00+01:00,110.5115,110.5575,110.2875,110.4205
2021-07-13T18:00:00+01:00,110.4215,110.648,110.409,110.6375
2021-07-13T22:00:00+01:00,110.634,110.6995,110.5825,110.627
2021-07-14T02:00:00+01:00,110.629,110.629,110.4455,110.503
2021-07-14T06:00:00+01:00,110.5025,110.5375,110.416,110.5105
2021-07-14T10:00:00+01:00,110.511,110.518,110.141,110.1825
2021-07-14T14:00:00+01:00,110.1825,110.192,109.9535,109.984
2021-07-14T18:00:00+01:00,109.983,110.0225,109.9365,109.959
2021-07-14T22:00:00+01:00,109.955,110.0285,109.8355,109.9045
2021-07-15T02:00:00+01:00,109.904,109.9905,109.819,109.892
2021-07-15T06:00:00+01:00,109.8915,109.8915,109.7145,109.75
2021-07-15T10:00:00+01:00,109.7505,110.09,109.7295,110.0675
2021-07-15T14:00:00+01:00,110.067,110.0855,109.8445,110.0435
2021-07-15T18:00:00+01:00,110.0435,110.051,109.78,109.8405
2021-07-15T22:00:00+01:00,109.8315,109.9005,109.733,109.8835
2021-07-16T02:00:00+01:00,109.8825,110.073,109.8615,110.01
2021-07-16T06:00:00+01:00,110.008,110.2215,109.9325,110.086
2021-07-16T10:00:00+01:00,110.0855,110.341,110.0605,110.3165
2021-07-16T14:00:00+01:00,110.318,110.3425,110.0855,110.1045
2021-07-16T18:00:00+01:00,110.102,110.1065,110.0355,110.0855
2021-07-18T22:00:00+01:00,110.073,110.0995,109.85,109.869
2021-07-19T02:00:00+01:00,109.8675,109.964,109.8525,109.917
2021-07-19T06:00:00+01:00,109.917,110.0345,109.7035,109.7355
2021-07-19T10:00:00+01:00,109.7345,109.8355,109.429,109.476
2021-07-19T14:00:00+01:00,109.4765,109.5775,109.0645,109.387
2021-07-19T18:00:00+01:00,109.39,109.512,109.3855,109.4565
2021-07-19T22:00:00+01:00,109.47,109.5725,109.4015,109.5055
2021-07-20T02:00:00+01:00,109.505,109.6025,109.37,109.458
2021-07-20T06:00:00+01:00,109.4605,109.746,109.451,109.616
2021-07-20T10:00:00+01:00,109.616,109.625,109.329,109.5285
2021-07-20T14:00:00+01:00,109.5285,109.9575,109.355,109.901
2021-07-20T18:00:00+01:00,109.9015,109.9245,109.8155,109.852
2021-07-20T22:00:00+01:00,109.854,109.9735,109.8325,109.9615
2021-07-21T02:00:00+01:00,109.9605,109.9825,109.8555,109.879
2021-07-21T06:00:00+01:00,109.881,110.179,109.8015,110.098
2021-07-21T10:00:00+01:00,110.0985,110.2025,110.0005,110.1855
2021-07-21T14:00:00+01:00,110.187,110.3885,110.184,110.306
2021-07-21T18:00:00+01:00,110.3065,110.3385,110.2565,110.2955
2021-07-21T22:00:00+01:00,110.2945,110.304,110.182,110.1875
2021-07-22T02:00:00+01:00,110.187,110.1995,110.084,110.1475
2021-07-22T06:00:00+01:00,110.1475,110.358,110.0685,110.252
2021-07-22T10:00:00+01:00,110.2525,110.342,110.0145,110.0695
2021-07-22T14:00:00+01:00,110.068,110.241,110.0425,110.127
2021-07-22T18:00:00+01:00,110.127,110.2225,110.0845,110.1525
2021-07-22T22:00:00+01:00,110.17,110.1735,110.0875,110.136
2021-07-23T02:00:00+01:00,110.1345,110.306,110.126,110.2685
2021-07-23T06:00:00+01:00,110.269,110.487,110.2485,110.485
2021-07-23T10:00:00+01:00,110.4855,110.5895,110.4165,110.4845
2021-07-23T14:00:00+01:00,110.4835,110.5935,110.3885,110.545
2021-07-23T18:00:00+01:00,110.5445,110.5805,110.503,110.5525
2021-07-25T22:00:00+01:00,110.4945,110.584,110.4515,110.455
2021-07-26T02:00:00+01:00,110.454,110.461,110.3175,110.3395
2021-07-26T06:00:00+01:00,110.3395,110.341,110.1175,110.2245
2021-07-26T10:00:00+01:00,110.226,110.4255,110.221,110.3685
2021-07-26T14:00:00+01:00,110.3685,110.3955,110.156,110.3215
2021-07-26T18:00:00+01:00,110.3225,110.4105,110.3135,110.39
2021-07-26T22:00:00+01:00,110.389,110.405,110.215,110.2235
2021-07-27T02:00:00+01:00,110.2225,110.31,110.1675,110.21
2021-07-27T06:00:00+01:00,110.21,110.234,109.9775,110.0745
2021-07-27T10:00:00+01:00,110.077,110.172,109.9415,109.953
2021-07-27T14:00:00+01:00,109.9525,110.024,109.5835,109.6275
2021-07-27T18:00:00+01:00,109.6265,109.813,109.603,109.7835
2021-07-27T22:00:00+01:00,109.7745,109.9105,109.7395,109.872
2021-07-28T02:00:00+01:00,109.8745,109.9125,109.744,109.773
2021-07-28T06:00:00+01:00,109.7725,109.9955,109.7555,109.923
2021-07-28T10:00:00+01:00,109.9245,110.163,109.879,110.1465
2021-07-28T14:00:00+01:00,110.147,110.226,110.0275,110.0465
2021-07-28T18:00:00+01:00,110.0475,110.2895,109.843,109.9185
2021-07-28T22:00:00+01:00,109.9195,109.9475,109.721,109.7485
2021-07-29T02:00:00+01:00,109.748,109.833,109.687,109.7825
2021-07-29T06:00:00+01:00,109.783,109.8925,109.679,109.8105
2021-07-29T10:00:00+01:00,109.8115,109.8775,109.606,109.7575
2021-07-29T14:00:00+01:00,109.758,109.912,109.4705,109.5275
2021-07-29T18:00:00+01:00,109.529,109.566,109.4215,109.4795
2021-07-29T22:00:00+01:00,109.478,109.553,109.3615,109.55
2021-07-30T02:00:00+01:00,109.549,109.607,109.4655,109.526
2021-07-30T06:00:00+01:00,109.5285,109.6295,109.4805,109.497
2021-07-30T10:00:00+01:00,109.496,109.796,109.496,109.7745
2021-07-30T14:00:00+01:00,109.773,109.8,109.633,109.788
2021-07-30T18:00:00+01:00,109.7885,109.8275,109.647,109.695
2021-08-01T22:00:00+01:00,109.7265,109.772,109.587,109.6335
2021-08-02T02:00:00+01:00,109.6335,109.744,109.6115,109.7035
2021-08-02T06:00:00+01:00,109.7025,109.7465,109.62,109.651
2021-08-02T10:00:00+01:00,109.6505,109.67,109.477,109.538
2021-08-02T14:00:00+01:00,109.5355,109.545,109.1875,109.252
2021-08-02T18:00:00+01:00,109.2505,109.376,109.2425,109.3125
2021-08-02T22:00:00+01:00,109.311,109.3435,109.223,109.3085
2021-08-03T02:00:00+01:00,109.308,109.335,109.1345,109.1835
2021-08-03T06:00:00+01:00,109.1845,109.248,109.098,109.149
2021-08-03T10:00:00+01:00,109.1505,109.217,109.0295,109.037
2021-08-03T14:00:00+01:00,109.0365,109.1055,108.8775,109.0645
2021-08-03T18:00:00+01:00,109.066,109.1575,109.0245,109.051
2021-08-03T22:00:00+01:00,109.0485,109.1075,108.9485,109.018
2021-08-04T02:00:00+01:00,109.0185,109.1105,108.927,109.0825
2021-08-04T06:00:00+01:00,109.0815,109.238,109.028,109.192
2021-08-04T10:00:00+01:00,109.1935,109.214,108.76,108.768
2021-08-04T14:00:00+01:00,108.7675,109.675,108.7225,109.5195
2021-08-04T18:00:00+01:00,109.519,109.519,109.4355,109.482
2021-08-04T22:00:00+01:00,109.484,109.6925,109.4625,109.687
2021-08-05T02:00:00+01:00,109.687,109.7175,109.629,109.6695
2021-08-05T06:00:00+01:00,109.6695,109.7535,109.546,109.602
2021-08-05T10:00:00+01:00,109.6025,109.6405,109.4045,109.5945
2021-08-05T14:00:00+01:00,109.5935,109.7835,109.5595,109.739
2021-08-05T18:00:00+01:00,109.7395,109.789,109.726,109.77
2021-08-05T22:00:00+01:00,109.7685,109.883,109.7425,109.8655
2021-08-06T02:00:00+01:00,109.8645,109.8885,109.813,109.818
2021-08-06T06:00:00+01:00,109.8175,109.846,109.6995,109.782
2021-08-06T10:00:00+01:00,109.7825,110.1185,109.756,110.1145
2021-08-06T14:00:00+01:00,110.115,110.357,110.115,110.269
2021-08-06T18:00:00+01:00,110.2675,110.27,110.1955,110.2315
2021-08-08T22:00:00+01:00,110.3215,110.3265,110.2105,110.263
2021-08-09T02:00:00+01:00,110.2625,110.2635,110.189,110.214
2021-08-09T06:00:00+01:00,110.2125,110.2395,110.1075,110.1895
2021-08-09T10:00:00+01:00,110.188,110.193,110.0445,110.1425
2021-08-09T14:00:00+01:00,110.1425,110.319,110.027,110.2725
2021-08-09T18:00:00+01:00,110.272,110.3535,110.23,110.276
2021-08-09T22:00:00+01:00,110.276,110.406,110.259,110.3275
2021-08-10T02:00:00+01:00,110.3265,110.3625,110.308,110.3275
2021-08-10T06:00:00+01:00,110.327,110.5005,110.318,110.4885
2021-08-10T10:00:00+01:00,110.4865,110.548,110.3995,110.49
2021-08-10T14:00:00+01:00,110.4905,110.599,110.4665,110.5975
2021-08-10T18:00:00+01:00,110.5965,110.5995,110.5435,110.569
2021-08-10T22:00:00+01:00,110.569,110.6845,110.521,110.6735
2021-08-11T02:00:00+01:00,110.6745,110.688,110.6085,110.678
2021-08-11T06:00:00+01:00,110.674,110.802,110.6455,110.7965
2021-08-11T10:00:00+01:00,110.7985,110.7985,110.3965,110.4775
2021-08-11T14:00:00+01:00,110.4785,110.579,110.382,110.4165
2021-08-11T18:00:00+01:00,110.4175,110.4805,110.3085,110.437
2021-08-11T22:00:00+01:00,110.4245,110.4535,110.337,110.3475
2021-08-12T02:00:00+01:00,110.348,110.4335,110.317,110.418
2021-08-12T06:00:00+01:00,110.417,110.4755,110.347,110.3585
2021-08-12T10:00:00+01:00,110.359,110.535,110.359,110.46
2021-08-12T14:00:00+01:00,110.461,110.547,110.3215,110.4035
2021-08-12T18:00:00+01:00,110.4035,110.4755,110.367,110.395
2021-08-12T22:00:00+01:00,110.439,110.461,110.3555,110.4225
2021-08-13T02:00:00+01:00,110.422,110.4265,110.3705,110.4105
2021-08-13T06:00:00+01:00,110.411,110.4175,110.2345,110.2725
2021-08-13T10:00:00+01:00,110.2735,110.333,110.183,110.1965
2021-08-13T14:00:00+01:00,110.196,110.2035,109.646,109.6735
2021-08-13T18:00:00+01:00,109.673,109.6735,109.546,109.6015
2021-08-15T22:00:00+01:00,109.6525,109.753,109.4415,109.5015
2021-08-16T02:00:00+01:00,109.4995,109.532,109.3285,109.437
2021-08-16T06:00:00+01:00,109.437,109.4545,109.298,109.3145
2021-08-16T10:00:00+01:00,109.315,109.439,109.2575,109.3135
2021-08-16T14:00:00+01:00,109.3125,109.3285,109.1145,109.2395
2021-08-16T18:00:00+01:00,109.2405,109.274,109.1995,109.2525
2021-08-16T22:00:00+01:00,109.2675,109.3305,109.2215,109.238
2021-08-17T02:00:00+01:00,109.237,109.355,109.203,109.3435
2021-08-17T06:00:00+01:00,109.344,109.43,109.118,109.305
2021-08-17T10:00:00+01:00,109.3045,109.558,109.174,109.533
2021-08-17T14:00:00+01:00,109.5315,109.6555,109.412,109.546
2021-08-17T18:00:00+01:00,109.5445,109.637,109.5065,109.604
2021-08-17T22:00:00+01:00,109.591,109.6165,109.51,109.515
2021-08-18T02:00:00+01:00,109.5155,109.685,109.4795,109.618
2021-08-18T06:00:00+01:00,109.6175,109.6725,109.537,109.626
2021-08-18T10:00:00+01:00,109.624,109.88,109.6075,109.8665
2021-08-18T14:00:00+01:00,109.867,110.0005,109.7765,109.9835
2021-08-18T18:00:00+01:00,109.9855,110.067,109.7555,109.7695
2021-08-18T22:00:00+01:00,109.769,109.996,109.751,109.9845
2021-08-19T02:00:00+01:00,109.984,110.229,109.964,110.173
2021-08-19T06:00:00+01:00,110.1725,110.1995,109.4965,109.6045
2021-08-19T10:00:00+01:00,109.6045,109.7685,109.484,109.6845
2021-08-19T14:00:00+01:00,109.6845,109.838,109.6585,109.7785
2021-08-19T18:00:00+01:00,109.7785,109.8325,109.74,109.754
2021-08-19T22:00:00+01:00,109.7545,109.8865,109.7255,109.845
2021-08-20T02:00:00+01:00,109.846,109.8475,109.632,109.748
2021-08-20T06:00:00+01:00,109.747,109.7485,109.5705,109.6805
2021-08-20T10:00:00+01:00,109.6815,109.7785,109.5875,109.778
2021-08-20T14:00:00+01:00,109.777,109.879,109.732,109.8125
2021-08-20T18:00:00+01:00,109.8135,109.8505,109.7315,109.755
2021-08-22T22:00:00+01:00,109.7915,109.934,109.726,109.8675
2021-08-23T02:00:00+01:00,109.869,109.8875,109.8085,109.8635
2021-08-23T06:00:00+01:00,109.863,109.9905,109.8395,109.934
2021-08-23T10:00:00+01:00,109.9345,110.148,109.9345,110.0405
2021-08-23T14:00:00+01:00,110.0405,110.0405,109.722,109.7735
2021-08-23T18:00:00+01:00,109.7735,109.7735,109.6545,109.7015
2021-08-23T22:00:00+01:00,109.6995,109.767,109.6415,109.762
2021-08-24T02:00:00+01:00,109.762,109.789,109.701,109.7715
2021-08-24T06:00:00+01:00,109.7715,109.8825,109.71,109.795
2021-08-24T10:00:00+01:00,109.7945,109.7945,109.5125,109.5315
2021-08-24T14:00:00+01:00,109.5315,109.7515,109.4135,109.7045
2021-08-24T18:00:00+01:00,109.7055,109.7115,109.6415,109.671
2021-08-24T22:00:00+01:00,109.6765,109.847,109.6175,109.8195
2021-08-25T02:00:00+01:00,109.821,109.8685,109.7445,109.7495
2021-08-25T06:00:00+01:00,109.7505,109.8415,109.686,109.744
2021-08-25T10:00:00+01:00,109.745,109.995,109.7435,109.983
2021-08-25T14:00:00+01:00,109.986,110.105,109.8885,110.0525
2021-08-25T18:00:00+01:00,110.0535,110.125,109.9685,110.025
2021-08-25T22:00:00+01:00,109.9855,110.0625,109.9665,110.0465
2021-08-26T02:00:00+01:00,110.0465,110.115,109.9275,109.9915
2021-08-26T06:00:00+01:00,109.991,110.2275,109.9545,110.1825
2021-08-26T10:00:00+01:00,110.1825,110.1985,109.9725,110.1325
2021-08-26T14:00:00+01:00,110.132,110.2305,109.937,110.1385
2021-08-26T18:00:00+01:00,110.139,110.1585,110.0025,110.088
2021-08-26T22:00:00+01:00,110.0895,110.095,109.9645,110.0565
2021-08-27T02:00:00+01:00,110.056,110.086,109.886,109.9245
2021-08-27T06:00:00+01:00,109.9255,110.1535,109.9235,110.1135
2021-08-27T10:00:00+01:00,110.1135,110.2115,110.028,110.083
2021-08-27T14:00:00+01:00,110.0825,110.268,109.8,109.8035
2021-08-27T18:00:00+01:00,109.8035,109.879,109.779,109.8325
2021-08-29T22:00:00+01:00,109.865,109.886,109.712,109.726
2021-08-30T02:00:00+01:00,109.726,109.8035,109.704,109.7525
2021-08-30T06:00:00+01:00,109.7515,109.871,109.7365,109.845
2021-08-30T10:00:00+01:00,109.8455,109.946,109.8015,109.941
2021-08-30T14:00:00+01:00,109.9405,109.963,109.845,109.9045
2021-08-30T18:00:00+01:00,109.9045,109.941,109.8685,109.9215
2021-08-30T22:00:00+01:00,109.9345,109.984,109.855,109.879
2021-08-31T02:00:00+01:00,109.881,109.9085,109.8345,109.9075
2021-08-31T06:00:00+01:00,109.9075,109.9195,109.7795,109.9025
2021-08-31T10:00:00+01:00,109.9045,109.957,109.648,109.714
2021-08-31T14:00:00+01:00,109.7135,110.08,109.587,109.968
2021-08-31T18:00:00+01:00,109.971,110.035,109.9335,110.014
2021-08-31T22:00:00+01:00,110.0145,110.2035,109.986,110.1825
2021-09-01T02:00:00+01:00,110.1835,110.237,110.1555,110.234
2021-09-01T06:00:00+01:00,110.234,110.42,110.167,110.3725
2021-09-01T10:00:00+01:00,110.3715,110.391,110.018,110.0275
2021-09-01T14:00:00+01:00,110.0255,110.129,109.8815,110.0415
2021-09-01T18:00:00+01:00,110.0405,110.078,109.9275,110.034
2021-09-01T22:00:00+01:00,110.0325,110.123,109.917,109.9775
2021-09-02T02:00:00+01:00,109.977,110.0285,109.927,110.028
2021-09-02T06:00:00+01:00,110.0275,110.0775,109.946,110.0025
2021-09-02T10:00:00+01:00,110.0045,110.06,109.9515,110.0225
2021-09-02T14:00:00+01:00,110.02,110.0925,109.9535,110.0075
2021-09-02T18:00:00+01:00,110.008,110.0125,109.9225,109.9465
2021-09-02T22:00:00+01:00,109.9435,109.979,109.883,109.888
2021-09-03T02:00:00+01:00,109.8885,110.074,109.7945,110.0315
2021-09-03T06:00:00+01:00,110.0315,110.053,109.9285,109.9725
2021-09-03T10:00:00+01:00,109.973,109.9885,109.629,109.8565
2021-09-03T14:00:00+01:00,109.8555,109.889,109.5915,109.6375
2021-09-03T18:00:00+01:00,109.637,109.745,109.6085,109.706
2021-09-05T22:00:00+01:00,109.7475,109.8385,109.704,109.811
2021-09-06T02:00:00+01:00,109.8125,109.8435,109.7645,109.806
2021-09-06T06:00:00+01:00,109.806,109.9475,109.777,109.8915
2021-09-06T10:00:00+01:00,109.8915,109.9335,109.825,109.837
2021-09-06T14:00:00+01:00,109.837,109.8685,109.8255,109.862
2021-09-06T18:00:00+01:00,109.862,109.8705,109.832,109.852
2021-09-06T22:00:00+01:00,109.847,109.8685,109.7465,109.7825
2021-09-07T02:00:00+01:00,109.783,109.8435,109.686,109.815
2021-09-07T06:00:00+01:00,109.8155,109.9965,109.7845,109.9255
2021-09-07T10:00:00+01:00,109.925,110.104,109.916,110.0865
2021-09-07T14:00:00+01:00,110.086,110.2555,110.0685,110.2165
2021-09-07T18:00:00+01:00,110.2165,110.3195,110.187,110.288
2021-09-07T22:00:00+01:00,110.294,110.335,110.2555,110.258
2021-09-08T02:00:00+01:00,110.2585,110.3115,110.2565,110.307
2021-09-08T06:00:00+01:00,110.3065,110.447,110.1425,110.16
2021-09-08T10:00:00+01:00,110.161,110.3175,110.149,110.2425
2021-09-08T14:00:00+01:00,110.2425,110.3945,110.2205,110.2815
2021-09-08T18:00:00+01:00,110.282,110.291,110.172,110.2635
2021-09-08T22:00:00+01:00,110.2595,110.2875,110.1955,110.212
2021-09-09T02:00:00+01:00,110.2115,110.2125,110.098,110.153
2021-09-09T06:00:00+01:00,110.1525,110.1655,109.8755,109.89
2021-09-09T10:00:00+01:00,109.891,109.961,109.848,109.8995
2021-09-09T14:00:00+01:00,109.8995,109.9205,109.697,109.702
2021-09-09T18:00:00+01:00,109.7015,109.748,109.6215,109.7285
2021-09-09T22:00:00+01:00,109.729,109.81,109.7,109.7045
2021-09-10T02:00:00+01:00,109.707,109.8865,109.6975,109.8805
2021-09-10T06:00:00+01:00,109.881,109.9915,109.8465,109.894
2021-09-10T10:00:00+01:00,109.894,109.9775,109.787,109.8905
2021-09-10T14:00:00+01:00,109.8905,109.9545,109.8055,109.9285
2021-09-10T18:00:00+01:00,109.929,109.9465,109.854,109.9215
2021-09-12T22:00:00+01:00,109.9245,109.978,109.8355,109.9695
2021-09-13T02:00:00+01:00,109.9705,109.982,109.8895,109.975
2021-09-13T06:00:00+01:00,109.974,110.1595,109.954,110.118
2021-09-13T10:00:00+01:00,110.1185,110.1395,110.0155,110.064
2021-09-13T14:00:00+01:00,110.0635,110.075,109.8995,109.9995
2021-09-13T18:00:00+01:00,110,110.037,109.9825,110.0105
2021-09-13T22:00:00+01:00,110.0095,110.0515,109.9635,110.036
2021-09-14T02:00:00+01:00,110.036,110.11,110.035,110.062
2021-09-14T06:00:00+01:00,110.0615,110.095,109.954,110.0395
2021-09-14T10:00:00+01:00,110.0385,110.1625,109.8645,109.8775
2021-09-14T14:00:00+01:00,109.8775,109.909,109.5955,109.632
2021-09-14T18:00:00+01:00,109.633,109.6945,109.5275,109.691
2021-09-14T22:00:00+01:00,109.69,109.7445,109.559,109.573
2021-09-15T02:00:00+01:00,109.573,109.657,109.5465,109.6225
2021-09-15T06:00:00+01:00,109.62,109.6235,109.3075,109.327
2021-09-15T10:00:00+01:00,109.3265,109.4285,109.1135,109.3795
2021-09-15T14:00:00+01:00,109.3785,109.4105,109.2055,109.394
2021-09-15T18:00:00+01:00,109.3925,109.453,109.3475,109.3735
2021-09-15T22:00:00+01:00,109.3745,109.4635,109.3145,109.386
2021-09-16T02:00:00+01:00,109.3855,109.388,109.2225,109.285
2021-09-16T06:00:00+01:00,109.285,109.3935,109.2135,109.3845
2021-09-16T10:00:00+01:00,109.3825,109.7025,109.3265,109.691
2021-09-16T14:00:00+01:00,109.6925,109.8285,109.6085,109.7355
2021-09-16T18:00:00+01:00,109.7345,109.752,109.6875,109.733
2021-09-16T22:00:00+01:00,109.7415,109.818,109.6685,109.7995
2021-09-17T02:00:00+01:00,109.8,109.919,109.7765,109.833
2021-09-17T06:00:00+01:00,109.832,109.981,109.8165,109.9785
2021-09-17T10:00:00+01:00,109.9785,110.032,109.922,110.0225
2021-09-17T14:00:00+01:00,110.024,110.081,109.872,109.9795
2021-09-17T18:00:00+01:00,109.979,110.001,109.9115,109.9565
2021-09-19T22:00:00+01:00,109.9465,110.0375,109.8995,110.015
2021-09-20T02:00:00+01:00,110.019,110.019,109.8585,109.9175
2021-09-20T06:00:00+01:00,109.9165,109.9285,109.6575,109.6805
2021-09-20T10:00:00+01:00,109.6795,109.7155,109.432,109.498
2021-09-20T14:00:00+01:00,109.4995,109.6495,109.398,109.407
2021-09-20T18:00:00+01:00,109.4055,109.429,109.3235,109.407
2021-09-20T22:00:00+01:00,109.3985,109.5815,109.349,109.552
2021-09-21T02:00:00+01:00,109.5515,109.633,109.4775,109.5765
2021-09-21T06:00:00+01:00,109.576,109.7065,109.499,109.5545
2021-09-21T10:00:00+01:00,109.554,109.5835,109.263,109.2885
2021-09-21T14:00:00+01:00,109.2875,109.3645,109.1875,109.254
2021-09-21T18:00:00+01:00,109.255,109.3025,109.184,109.22
2021-09-21T22:00:00+01:00,109.219,109.2865,109.1205,109.2465
2021-09-22T02:00:00+01:00,109.2475,109.5225,109.1835,109.5185
2021-09-22T06:00:00+01:00,109.5175,109.605,109.411,109.5065
2021-09-22T10:00:00+01:00,109.5075,109.615,109.474,109.6005
2021-09-22T14:00:00+01:00,109.5995,109.6455,109.4965,109.6005
2021-09-22T18:00:00+01:00,109.6,109.902,109.5165,109.7895
2021-09-22T22:00:00+01:00,109.789,109.889,109.7615,109.851
2021-09-23T02:00:00+01:00,109.8515,109.9245,109.797,109.811
2021-09-23T06:00:00+01:00,109.81,109.9905,109.799,109.9415
2021-09-23T10:00:00+01:00,109.942,110.1005,109.7565,110.076
2021-09-23T14:00:00+01:00,110.078,110.2025,110.0475,110.1755
2021-09-23T18:00:00+01:00,110.1745,110.349,110.156,110.327
2021-09-23T22:00:00+01:00,110.3265,110.4195,110.254,110.3715
2021-09-24T02:00:00+01:00,110.372,110.4475,110.3155,110.4385
2021-09-24T06:00:00+01:00,110.4385,110.571,110.3135,110.4215
2021-09-24T10:00:00+01:00,110.4185,110.5875,110.352,110.5545
2021-09-24T14:00:00+01:00,110.5535,110.7645,110.5415,110.7545
2021-09-24T18:00:00+01:00,110.7555,110.7955,110.6945,110.7315
2021-09-26T22:00:00+01:00,110.66,110.8055,110.652,110.737
2021-09-27T02:00:00+01:00,110.7375,110.743,110.5355,110.5515
2021-09-27T06:00:00+01:00,110.5515,110.9485,110.55,110.91
2021-09-27T10:00:00+01:00,110.911,111.066,110.8125,110.87
2021-09-27T14:00:00+01:00,110.8695,111.023,110.7815,110.9965
2021-09-27T18:00:00+01:00,110.9965,111.034,110.9525,111.0035
2021-09-27T22:00:00+01:00,111.005,111.043,110.9355,111.0345
2021-09-28T02:00:00+01:00,111.0335,111.243,111.006,111.157
2021-09-28T06:00:00+01:00,111.1565,111.4245,111.12,111.286
2021-09-28T10:00:00+01:00,111.2875,111.6395,111.244,111.5565
2021-09-28T14:00:00+01:00,111.5605,111.63,111.2335,111.4205
2021-09-28T18:00:00+01:00,111.4195,111.621,111.417,111.503
2021-09-28T22:00:00+01:00,111.506,111.682,111.488,111.6495
2021-09-29T02:00:00+01:00,111.6515,111.684,111.3435,111.497
2021-09-29T06:00:00+01:00,111.4975,111.565,111.2055,111.323
2021-09-29T10:00:00+01:00,111.3235,111.5855,111.2415,111.5775
2021-09-29T14:00:00+01:00,111.578,111.949,111.501,111.948
2021-09-29T18:00:00+01:00,111.948,112.049,111.929,111.9715
2021-09-29T22:00:00+01:00,111.9735,112.0145,111.856,111.8855
2021-09-30T02:00:00+01:00,111.8865,111.988,111.7965,111.9325
2021-09-30T06:00:00+01:00,111.932,112.0625,111.816,111.9485
2021-09-30T10:00:00+01:00,111.9485,112.08,111.8625,111.878
2021-09-30T14:00:00+01:00,111.8765,111.9685,111.4125,111.4345
2021-09-30T18:00:00+01:00,111.4355,111.485,111.2405,111.2995
2021-09-30T22:00:00+01:00,111.277,111.4885,111.253,111.3995
2021-10-01T02:00:00+01:00,111.4005,111.418,111.117,111.174
2021-10-01T06:00:00+01:00,111.1735,111.2975,111.049,111.112
2021-10-01T10:00:00+01:00,111.113,111.261,110.961,110.9915
2021-10-01T14:00:00+01:00,110.9905,111.137,110.907,111.0015
2021-10-01T18:00:00+01:00,111.0025,111.1205,110.9865,111.0425
2021-10-03T22:00:00+01:00,110.9,111.0335,110.8845,110.953
2021-10-04T02:00:00+01:00,110.951,111.115,110.9275,111.0455
2021-10-04T06:00:00+01:00,111.0445,111.249,110.966,111.205
2021-10-04T10:00:00+01:00,111.207,111.3025,110.9105,111.0675
2021-10-04T14:00:00+01:00,111.067,111.2335,110.8225,110.87
2021-10-04T18:00:00+01:00,110.8675,110.999,110.8515,110.928
2021-10-04T22:00:00+01:00,110.9245,111,110.871,110.9325
2021-10-05T02:00:00+01:00,110.932,111.202,110.9265,111.19
2021-10-05T06:00:00+01:00,111.1895,111.2585,111.0755,111.1695
2021-10-05T10:00:00+01:00,111.1705,111.3155,111.116,111.2665
2021-10-05T14:00:00+01:00,111.2655,111.5635,111.238,111.4565
2021-10-05T18:00:00+01:00,111.4555,111.524,111.4095,111.4695
2021-10-05T22:00:00+01:00,111.47,111.6415,111.4355,111.6385
2021-10-06T02:00:00+01:00,111.6395,111.7695,111.5475,111.7585
2021-10-06T06:00:00+01:00,111.7585,111.7885,111.4855,111.5795
2021-10-06T10:00:00+01:00,111.5785,111.591,111.279,111.3485
2021-10-06T14:00:00+01:00,111.348,111.4325,111.2005,111.3875
2021-10-06T18:00:00+01:00,111.387,111.4975,111.348,111.412
2021-10-06T22:00:00+01:00,111.408,111.4425,111.3135,111.3825
2021-10-07T02:00:00+01:00,111.383,111.5085,111.3665,111.4165
2021-10-07T06:00:00+01:00,111.4165,111.5125,111.23,111.417
2021-10-07T10:00:00+01:00,111.4165,111.529,111.2855,111.453
2021-10-07T14:00:00+01:00,111.4535,111.6265,111.3845,111.6245
2021-10-07T18:00:00+01:00,111.628,111.651,111.5615,111.6275
2021-10-07T22:00:00+01:00,111.625,111.759,111.5995,111.718
2021-10-08T02:00:00+01:00,111.7185,111.928,111.717,111.9265
2021-10-08T06:00:00+01:00,111.923,111.999,111.8635,111.96
2021-10-08T10:00:00+01:00,111.9585,111.96,111.5115,111.5965
2021-10-08T14:00:00+01:00,111.5955,112.214,111.5515,112.1975
2021-10-08T18:00:00+01:00,112.1965,112.2565,112.1355,112.238
2021-10-10T22:00:00+01:00,112.1595,112.328,112.137,112.302
2021-10-11T02:00:00+01:00,112.3015,112.7235,112.297,112.6785
2021-10-11T06:00:00+01:00,112.6775,112.9545,112.6395,112.912
2021-10-11T10:00:00+01:00,112.9115,113.242,112.872,113.191
2021-10-11T14:00:00+01:00,113.192,113.4135,113.05,113.4065
2021-10-11T18:00:00+01:00,113.4055,113.4055,113.275,113.3175
2021-10-11T22:00:00+01:00,113.318,113.4875,113.2425,113.453
2021-10-12T02:00:00+01:00,113.4535,113.488,113.2095,113.34
2021-10-12T06:00:00+01:00,113.34,113.4265,113.002,113.377
2021-10-12T10:00:00+01:00,113.377,113.7875,113.234,113.663
2021-10-12T14:00:00+01:00,113.6625,113.729,113.4545,113.6415
2021-10-12T18:00:00+01:00,113.6405,113.685,113.5605,113.608
2021-10-12T22:00:00+01:00,113.6075,113.6235,113.4405,113.441
2021-10-13T02:00:00+01:00,113.4405,113.4925,113.3485,113.4675
2021-10-13T06:00:00+01:00,113.4665,113.609,113.4025,113.5555
2021-10-13T10:00:00+01:00,113.5555,113.805,113.507,113.6615
2021-10-13T14:00:00+01:00,113.6625,113.721,113.229,113.452
2021-10-13T18:00:00+01:00,113.4515,113.49,113.245,113.251
2021-10-13T22:00:00+01:00,113.2505,113.3935,113.2125,113.3695
2021-10-14T02:00:00+01:00,113.368,113.5815,113.363,113.545
2021-10-14T06:00:00+01:00,113.546,113.5945,113.3115,113.423
2021-10-14T10:00:00+01:00,113.423,113.5495,113.285,113.511
2021-10-14T14:00:00+01:00,113.51,113.7185,113.4655,113.6385
2021-10-14T18:00:00+01:00,113.6415,113.7035,113.594,113.679
2021-10-14T22:00:00+01:00,113.6805,113.9265,113.651,113.885
2021-10-15T02:00:00+01:00,113.886,113.9775,113.8175,113.968
2021-10-15T06:00:00+01:00,113.9675,114.315,113.957,114.3
2021-10-15T10:00:00+01:00,114.2995,114.464,114.245,114.4505
2021-10-15T14:00:00+01:00,114.4495,114.4615,113.9885,114.2815
2021-10-15T18:00:00+01:00,114.2825,114.3295,114.1885,114.256
2021-10-17T22:00:00+01:00,114.265,114.365,114.166,114.252
2021-10-18T02:00:00+01:00,114.2515,114.451,114.0155,114.343
2021-10-18T06:00:00+01:00,114.345,114.453,114.2225,114.3675
2021-10-18T10:00:00+01:00,114.3675,114.4335,114.122,114.276
2021-10-18T14:00:00+01:00,114.275,114.323,114.1375,114.2225
2021-10-18T18:00:00+01:00,114.2235,114.3455,114.1825,114.3235
2021-10-18T22:00:00+01:00,114.32,114.354,114.109,114.123
2021-10-19T02:00:00+01:00,114.1225,114.241,114.081,114.187
2021-10-19T06:00:00+01:00,114.1865,114.198,113.8795,113.948
2021-10-19T10:00:00+01:00,113.948,114.3355,113.9235,114.2745
2021-10-19T14:00:00+01:00,114.277,114.2995,114.1665,114.289
2021-10-19T18:00:00+01:00,114.2925,114.399,114.232,114.374
2021-10-19T22:00:00+01:00,114.3725,114.7015,114.3415,114.624
2021-10-20T02:00:00+01:00,114.625,114.639,114.4435,114.5345
2021-10-20T06:00:00+01:00,114.535,114.5835,114.2905,114.4295
2021-10-20T10:00:00+01:00,114.43,114.533,114.139,114.203
2021-10-20T14:00:00+01:00,114.203,114.3595,114.088,114.097
2021-10-20T18:00:00+01:00,114.0965,114.3645,114.0805,114.29
2021-10-20T22:00:00+01:00,114.3285,114.416,114.225,114.2805
2021-10-21T02:00:00+01:00,114.283,114.4085,113.9455,114.0895
2021-10-21T06:00:00+01:00,114.088,114.1365,113.91,114.0115
2021-10-21T10:00:00+01:00,114.0145,114.208,113.846,113.956
2021-10-21T14:00:00+01:00,113.9575,113.964,113.6495,113.6785
2021-10-21T18:00:00+01:00,113.681,114.0485,113.6785,114
2021-10-21T22:00:00+01:00,114.002,114.133,113.817,114.107
2021-10-22T02:00:00+01:00,114.1055,114.2085,114.002,114.0395
2021-10-22T06:00:00+01:00,114.038,114.0785,113.846,113.939
2021-10-22T10:00:00+01:00,113.9385,113.988,113.7405,113.747
2021-10-22T14:00:00+01:00,113.751,113.8735,113.434,113.4655
2021-10-22T18:00:00+01:00,113.4655,113.5745,113.4155,113.5185
2021-10-24T22:00:00+01:00,113.5715,113.733,113.4625,113.6885
2021-10-25T02:00:00+01:00,113.688,113.829,113.5855,113.656
2021-10-25T06:00:00+01:00,113.6555,113.7385,113.5155,113.587
2021-10-25T10:00:00+01:00,113.5875,113.924,113.561,113.88
2021-10-25T14:00:00+01:00,113.881,113.897,113.5925,113.7275
2021-10-25T18:00:00+01:00,113.727,113.7465,113.626,113.715
2021-10-25T22:00:00+01:00,113.713,113.858,113.679,113.8475
2021-10-26T02:00:00+01:00,113.847,113.964,113.8165,113.941
2021-10-26T06:00:00+01:00,113.943,114.0815,113.871,114
2021-10-26T10:00:00+01:00,114.0005,114.1855,113.907,114.139
2021-10-26T14:00:00+01:00,114.137,114.3135,114.074,114.1745
2021-10-26T18:00:00+01:00,114.1765,114.1825,114.089,114.1535
2021-10-26T22:00:00+01:00,114.153,114.222,114.071,114.1685
2021-10-27T02:00:00+01:00,114.1685,114.2095,113.933,114.0025
2021-10-27T06:00:00+01:00,114.003,114.1,113.643,113.6995
2021-10-27T10:00:00+01:00,113.7,113.807,113.5385,113.704
2021-10-27T14:00:00+01:00,113.7035,113.8415,113.3885,113.728
2021-10-27T18:00:00+01:00,113.7285,113.8715,113.637,113.8295
2021-10-27T22:00:00+01:00,113.8215,113.8675,113.7305,113.797
2021-10-28T02:00:00+01:00,113.7975,113.815,113.5025,113.562
2021-10-28T06:00:00+01:00,113.5625,113.748,113.5015,113.649
2021-10-28T10:00:00+01:00,113.649,113.723,113.5155,113.688
2021-10-28T14:00:00+01:00,113.687,113.7205,113.256,113.4505
2021-10-28T18:00:00+01:00,113.4505,113.5975,113.436,113.5765
2021-10-28T22:00:00+01:00,113.575,113.712,113.521,113.5485
2021-10-29T02:00:00+01:00,113.5485,113.686,113.394,113.6275
2021-10-29T06:00:00+01:00,113.628,113.7445,113.506,113.709
2021-10-29T10:00:00+01:00,113.707,113.937,113.685,113.8775
2021-10-29T14:00:00+01:00,113.8775,114.0965,113.722,114.09
2021-10-29T18:00:00+01:00,114.089,114.089,113.8745,114.0085
2021-10-31T21:00:00+00:00,114.063,114.2575,114.0585,114.072
2021-11-01T01:00:00+00:00,114.0695,114.305,114.0265,114.2575
2021-11-01T05:00:00+00:00,114.258,114.4445,114.1985,114.228
2021-11-01T09:00:00+00:00,114.228,114.3125,114.1265,114.177
2021-11-01T13:00:00+00:00,114.177,114.263,114.1055,114.179
2021-11-01T17:00:00+00:00,114.1785,114.181,113.9395,113.999
2021-11-01T21:00:00+00:00,113.998,114.135,113.9745,114.101
2021-11-02T01:00:00+00:00,114.1005,114.134,113.5965,113.6505
2021-11-02T05:00:00+00:00,113.651,113.767,113.5055,113.5085
2021-11-02T09:00:00+00:00,113.5085,113.867,113.4625,113.7765
2021-11-02T13:00:00+00:00,113.778,113.94,113.678,113.881
2021-11-02T17:00:00+00:00,113.8815,113.988,113.8615,113.9605
2021-11-02T21:00:00+00:00,113.9595,114.01,113.8635,113.8675
2021-11-03T01:00:00+00:00,113.8675,113.932,113.7445,113.842
2021-11-03T05:00:00+00:00,113.843,113.945,113.815,113.8865
2021-11-03T09:00:00+00:00,113.8855,113.889,113.7215,113.874
2021-11-03T13:00:00+00:00,113.874,114.1505,113.866,114.0695
2021-11-03T17:00:00+00:00,114.064,114.2185,113.7805,114.014
2021-11-03T21:00:00+00:00,114.0145,114.1465,113.9615,114.139
2021-11-04T01:00:00+00:00,114.1375,114.2455,114.1145,114.1835
2021-11-04T05:00:00+00:00,114.1845,114.2785,113.918,114.009
2021-11-04T09:00:00+00:00,114.0115,114.089,113.7595,113.9135
2021-11-04T13:00:00+00:00,113.9145,113.949,113.508,113.751
2021-11-04T17:00:00+00:00,113.751,113.786,113.6515,113.764
2021-11-04T21:00:00+00:00,113.76,113.863,113.707,113.733
2021-11-05T01:00:00+00:00,113.7325,113.7415,113.557,113.6785
2021-11-05T05:00:00+00:00,113.678,113.84,113.6005,113.7785
2021-11-05T09:00:00+00:00,113.7795,114.034,113.7195,113.914
2021-11-05T13:00:00+00:00,113.9155,113.9175,113.3575,113.372
2021-11-05T17:00:00+00:00,113.373,113.419,113.3,113.37
2021-11-07T22:00:00+00:00,113.3635,113.6365,113.36,113.597
2021-11-08T02:00:00+00:00,113.5965,113.6665,113.5495,113.5725
2021-11-08T06:00:00+00:00,113.5725,113.637,113.36,113.3915
2021-11-08T10:00:00+00:00,113.392,113.507,113.3165,113.359
2021-11-08T14:00:00+00:00,113.359,113.4265,113.0805,113.2385
2021-11-08T18:00:00+00:00,113.2375,113.294,113.193,113.2235
2021-11-08T22:00:00+00:00,113.228,113.291,113.085,113.1325
2021-11-09T02:00:00+00:00,113.1315,113.1315,112.7255,112.7725
2021-11-09T06:00:00+00:00,112.7735,113.005,112.7455,112.8515
2021-11-09T10:00:00+00:00,112.8515,113.114,112.809,112.8765
2021-11-09T14:00:00+00:00,112.877,113.0055,112.743,112.8395
2021-11-09T18:00:00+00:00,112.837,112.9345,112.808,112.875
2021-11-09T22:00:00+00:00,112.875,112.9575,112.809,112.9115
2021-11-10T02:00:00+00:00,112.912,112.917,112.776,112.881
2021-11-10T06:00:00+00:00,112.8805,113.2365,112.8615,113.217
2021-11-10T10:00:00+00:00,113.217,113.4925,113.1415,113.447
2021-11-10T14:00:00+00:00,113.446,113.981,113.3465,113.9305
2021-11-10T18:00:00+00:00,113.9295,114.0175,113.7325,113.9065
2021-11-10T22:00:00+00:00,113.913,114.089,113.8545,114.0655
2021-11-11T02:00:00+00:00,114.066,114.158,113.9205,113.945
2021-11-11T06:00:00+00:00,113.9455,114.1345,113.877,114.081
2021-11-11T10:00:00+00:00,114.08,114.081,113.808,113.875
2021-11-11T14:00:00+00:00,113.877,114.0885,113.807,114.088
2021-11-11T18:00:00+00:00,114.0875,114.108,114.044,114.0585
2021-11-11T22:00:00+00:00,114.0615,114.3025,114.033,114.282
2021-11-12T02:00:00+00:00,114.2815,114.2835,114.1635,114.207
2021-11-12T06:00:00+00:00,114.2055,114.253,113.952,114.0315
2021-11-12T10:00:00+00:00,114.0315,114.132,113.923,113.9605
2021-11-12T14:00:00+00:00,113.961,114.009,113.7615,113.91
2021-11-12T18:00:00+00:00,113.911,113.9585,113.8225,113.884
2021-11-14T22:00:00+00:00,113.9345,114.0475,113.752,113.7835
2021-11-15T02:00:00+00:00,113.783,113.8815,113.7745,113.8215
2021-11-15T06:00:00+00:00,113.823,114.013,113.8065,113.8245
2021-11-15T10:00:00+00:00,113.828,113.898,113.808,113.874
2021-11-15T14:00:00+00:00,113.874,114.086,113.871,114.0705
2021-11-15T18:00:00+00:00,114.071,114.216,114.036,114.1225
2021-11-15T22:00:00+00:00,114.1225,114.3085,114.109,114.2915
2021-11-16T02:00:00+00:00,114.292,114.313,114.103,114.1445
2021-11-16T06:00:00+00:00,114.1465,114.293,114.117,114.1935
2021-11-16T10:00:00+00:00,114.191,114.4385,114.191,114.4265
2021-11-16T14:00:00+00:00,114.4285,114.6555,114.413,114.6195
2021-11-16T18:00:00+00:00,114.6185,114.8505,114.5715,114.8205
2021-11-16T22:00:00+00:00,114.82,114.9715,114.699,114.801
2021-11-17T02:00:00+00:00,114.8005,114.939,114.7775,114.9125
2021-11-17T06:00:00+00:00,114.912,114.9485,114.7965,114.8355
2021-11-17T10:00:00+00:00,114.8345,114.8415,114.5545,114.7325
2021-11-17T14:00:00+00:00,114.732,114.767,113.996,114.076
2021-11-17T18:00:00+00:00,114.077,114.1975,113.933,114.0965
2021-11-17T22:00:00+00:00,114.0995,114.242,114.007,114.052
2021-11-18T02:00:00+00:00,114.0515,114.2725,113.878,114.1795
2021-11-18T06:00:00+00:00,114.18,114.253,113.9775,114.1845
2021-11-18T10:00:00+00:00,114.184,114.393,114.1245,114.357
2021-11-18T14:00:00+00:00,114.3585,114.487,114.1635,114.2405
2021-11-18T18:00:00+00:00,114.2415,114.28,114.191,114.258
2021-11-18T22:00:00+00:00,114.255,114.3685,114.225,114.3205
2021-11-19T02:00:00+00:00,114.321,114.3995,114.309,114.3525
2021-11-19T06:00:00+00:00,114.353,114.54,113.898,114.0075
2021-11-19T10:00:00+00:00,114.0055,114.0455,113.587,113.815
2021-11-19T14:00:00+00:00,113.8145,114.069,113.6755,113.9795
2021-11-19T18:00:00+00:00,113.981,114.0595,113.8845,114.005
2021-11-21T22:00:00+00:00,113.9395,114.183,113.9385,114.165
2021-11-22T02:00:00+00:00,114.164,114.2145,114.1055,114.134
2021-11-22T06:00:00+00:00,114.132,114.2685,114.0675,114.132
2021-11-22T10:00:00+00:00,114.133,114.238,114.0645,114.151
2021-11-22T14:00:00+00:00,114.1535,114.846,114.148,114.831
2021-11-22T18:00:00+00:00,114.8305,114.962,114.812,114.876
2021-11-22T22:00:00+00:00,114.8825,114.911,114.738,114.8305
2021-11-23T02:00:00+00:00,114.8305,115.141,114.8265,115.114
2021-11-23T06:00:00+00:00,115.1115,115.154,114.4835,114.7655
2021-11-23T10:00:00+00:00,114.765,115.0415,114.713,114.9835
2021-11-23T14:00:00+00:00,114.9845,115.0985,114.901,114.997
2021-11-23T18:00:00+00:00,114.9965,115.194,114.9315,115.146
2021-11-23T22:00:00+00:00,115.142,115.2385,115.0545,115.157
2021-11-24T02:00:00+00:00,115.1575,115.161,114.91,114.93
2021-11-24T06:00:00+00:00,114.9305,115.114,114.8265,114.973
2021-11-24T10:00:00+00:00,114.9735,115.2555,114.952,115.1635
2021-11-24T14:00:00+00:00,115.163,115.4805,115.1195,115.448
2021-11-24T18:00:00+00:00,115.4485,115.523,115.366,115.4295
2021-11-24T22:00:00+00:00,115.4305,115.4595,115.3045,115.392
2021-11-25T02:00:00+00:00,115.39,115.403,115.351,115.385
2021-11-25T06:00:00+00:00,115.384,115.433,115.307,115.3625
2021-11-25T10:00:00+00:00,115.362,115.362,115.242,115.3265
2021-11-25T14:00:00+00:00,115.3275,115.3945,115.303,115.3535
2021-11-25T18:00:00+00:00,115.3545,115.41,115.3395,115.3665
2021-11-25T22:00:00+00:00,115.3675,115.391,114.679,114.8725
2021-11-26T02:00:00+00:00,114.8745,114.9595,114.594,114.654
2021-11-26T06:00:00+00:00,114.653,114.664,113.6525,113.9615
2021-11-26T10:00:00+00:00,113.9635,114.2105,113.792,113.8645
2021-11-26T14:00:00+00:00,113.865,113.9235,113.053,113.0725
2021-11-26T18:00:00+00:00,113.0715,113.537,113.0715,113.358
2021-11-28T22:00:00+00:00,113.6995,113.877,113.3355,113.6585
2021-11-29T02:00:00+00:00,113.6715,113.748,113.2425,113.2845
2021-11-29T06:00:00+00:00,113.2845,113.6405,112.9905,113.338
2021-11-29T10:00:00+00:00,113.339,113.796,113.314,113.7815
2021-11-29T14:00:00+00:00,113.7815,113.957,113.5575,113.7715
2021-11-29T18:00:00+00:00,113.7705,113.803,113.525,113.5305
2021-11-29T22:00:00+00:00,113.5245,113.892,113.522,113.722
2021-11-30T02:00:00+00:00,113.722,113.7455,113.0345,113.081
2021-11-30T06:00:00+00:00,113.0825,113.243,112.684,112.849
2021-11-30T10:00:00+00:00,112.8485,113.118,112.6955,112.807
2021-11-30T14:00:00+00:00,112.8075,113.707,112.5315,113.109
2021-11-30T18:00:00+00:00,113.107,113.2075,112.9975,113.1665
2021-11-30T22:00:00+00:00,113.164,113.553,113.0725,113.489
2021-12-01T02:00:00+00:00,113.4885,113.532,113.336,113.4445
2021-12-01T06:00:00+00:00,113.4455,113.629,113.287,113.4665
2021-12-01T10:00:00+00:00,113.4655,113.4785,113.111,113.139
2021-12-01T14:00:00+00:00,113.139,113.158,112.7075,112.761
2021-12-01T18:00:00+00:00,112.76,112.8865,112.6695,112.779
2021-12-01T22:00:00+00:00,112.7775,113.0795,112.636,113.06
2021-12-02T02:00:00+00:00,113.06,113.1325,112.9365,113.114
2021-12-02T06:00:00+00:00,113.1155,113.3315,113.016,113.1485
2021-12-02T10:00:00+00:00,113.148,113.1625,112.7065,112.8465
2021-12-02T14:00:00+00:00,112.8465,113.243,112.733,113.1965
2021-12-02T18:00:00+00:00,113.197,113.209,113.1025,113.1975
2021-12-02T22:00:00+00:00,113.197,113.2305,112.9605,113.074
2021-12-03T02:00:00+00:00,113.076,113.258,113.0745,113.214
2021-12-03T06:00:00+00:00,113.215,113.489,113.1815,113.316
2021-12-03T10:00:00+00:00,113.317,113.459,112.9945,113.419
2021-12-03T14:00:00+00:00,113.4195,113.6125,112.8005,112.832
2021-12-03T18:00:00+00:00,112.833,112.8655,112.56,112.775
2021-12-05T22:00:00+00:00,112.85,113.083,112.836,113.017
2021-12-06T02:00:00+00:00,113.0145,113.068,112.9545,113.043
2021-12-06T06:00:00+00:00,113.042,113.374,113.0135,113.252
2021-12-06T10:00:00+00:00,113.2525,113.263,113.071,113.2215
2021-12-06T14:00:00+00:00,113.2215,113.486,113.0865,113.4615
2021-12-06T18:00:00+00:00,113.4625,113.5545,113.439,113.4805
2021-12-06T22:00:00+00:00,113.4855,113.59,113.4,113.5565
2021-12-07T02:00:00+00:00,113.557,113.732,113.4565,113.7275
2021-12-07T06:00:00+00:00,113.7275,113.743,113.5865,113.659
2021-12-07T10:00:00+00:00,113.6585,113.78,113.4575,113.7665
2021-12-07T14:00:00+00:00,113.7655,113.771,113.527,113.7285
2021-12-07T18:00:00+00:00,113.728,113.7325,113.4645,113.578
2021-12-07T22:00:00+00:00,113.577,113.5935,113.3585,113.482
2021-12-08T02:00:00+00:00,113.4825,113.5545,113.432,113.502
2021-12-08T06:00:00+00:00,113.502,113.6325,113.326,113.5075
2021-12-08T10:00:00+00:00,113.5085,113.93,113.312,113.873
2021-12-08T14:00:00+00:00,113.8755,113.9555,113.653,113.6625
2021-12-08T18:00:00+00:00,113.662,113.731,113.5965,113.705
2021-12-08T22:00:00+00:00,113.701,113.812,113.6835,113.721
2021-12-09T02:00:00+00:00,113.7215,113.773,113.5865,113.633
2021-12-09T06:00:00+00:00,113.633,113.6705,113.3485,113.56
2021-12-09T10:00:00+00:00,113.559,113.5685,113.273,113.345
2021-12-09T14:00:00+00:00,113.346,113.5655,113.343,113.5445
2021-12-09T18:00:00+00:00,113.543,113.6535,113.3845,113.4835
2021-12-09T22:00:00+00:00,113.4755,113.493,113.333,113.3935
2021-12-10T02:00:00+00:00,113.3955,113.575,113.3905,113.462
2021-12-10T06:00:00+00:00,113.462,113.6985,113.446,113.675
2021-12-10T10:00:00+00:00,113.677,113.7925,113.47,113.512
2021-12-10T14:00:00+00:00,113.515,113.5365,113.223,113.342
2021-12-10T18:00:00+00:00,113.342,113.465,113.331,113.383
2021-12-12T22:00:00+00:00,113.2915,113.5555,113.271,113.5325
2021-12-13T02:00:00+00:00,113.535,113.572,113.4455,113.5015
2021-12-13T06:00:00+00:00,113.4995,113.726,113.4935,113.7055
2021-12-13T10:00:00+00:00,113.707,113.7265,113.5565,113.644
2021-12-13T14:00:00+00:00,113.647,113.6535,113.372,113.47
2021-12-13T18:00:00+00:00,113.4705,113.609,113.418,113.5865
2021-12-13T22:00:00+00:00,113.5905,113.667,113.5275,113.6185
2021-12-14T02:00:00+00:00,113.618,113.6475,113.4695,113.592
2021-12-14T06:00:00+00:00,113.5915,113.755,113.522,113.603
2021-12-14T10:00:00+00:00,113.602,113.616,113.4285,113.556
2021-12-14T14:00:00+00:00,113.5545,113.741,113.543,113.663
2021-12-14T18:00:00+00:00,113.6635,113.7585,113.663,113.7405
2021-12-14T22:00:00+00:00,113.757,113.7995,113.68,113.731
2021-12-15T02:00:00+00:00,113.7305,113.7755,113.6845,113.7275
2021-12-15T06:00:00+00:00,113.7265,113.7545,113.6295,113.743
2021-12-15T10:00:00+00:00,113.741,113.898,113.7225,113.842
2021-12-15T14:00:00+00:00,113.842,113.9145,113.75,113.9075
2021-12-15T18:00:00+00:00,113.9075,114.2745,113.8885,114.052
2021-12-15T22:00:00+00:00,114.056,114.2495,114.021,114.1025
2021-12-16T02:00:00+00:00,114.1025,114.1645,114.0395,114.153
2021-12-16T06:00:00+00:00,114.152,114.215,114.056,114.147
2021-12-16T10:00:00+00:00,114.146,114.1985,114.08,114.1235
2021-12-16T14:00:00+00:00,114.124,114.1245,113.5605,113.635
2021-12-16T18:00:00+00:00,113.635,113.7415,113.5755,113.703
2021-12-16T22:00:00+00:00,113.7105,113.858,113.6065,113.677
2021-12-17T02:00:00+00:00,113.6795,113.726,113.4435,113.577
2021-12-17T06:00:00+00:00,113.5765,113.6995,113.4865,113.5885
2021-12-17T10:00:00+00:00,113.5885,113.602,113.14,113.336
2021-12-17T14:00:00+00:00,113.338,113.649,113.285,113.6415
2021-12-17T18:00:00+00:00,113.642,113.767,113.6005,113.706
2021-12-19T22:00:00+00:00,113.6275,113.7255,113.503,113.523
2021-12-20T02:00:00+00:00,113.525,113.603,113.411,113.452
2021-12-20T06:00:00+00:00,113.453,113.549,113.3425,113.4965
2021-12-20T10:00:00+00:00,113.4985,113.6925,113.495,113.5295
2021-12-20T14:00:00+00:00,113.53,113.579,113.327,113.5215
2021-12-20T18:00:00+00:00,113.5215,113.732,113.5115,113.636
2021-12-20T22:00:00+00:00,113.636,113.708,113.554,113.6675
2021-12-21T02:00:00+00:00,113.667,113.7485,113.632,113.7295
2021-12-21T06:00:00+00:00,113.73,113.777,113.555,113.64
2021-12-21T10:00:00+00:00,113.6405,113.7805,113.6205,113.766
2021-12-21T14:00:00+00:00,113.766,114.221,113.766,114.211
2021-12-21T18:00:00+00:00,114.207,114.207,114.0755,114.0895
2021-12-21T22:00:00+00:00,114.0945,114.1795,113.9505,114.1095
2021-12-22T02:00:00+00:00,114.1085,114.1535,114.039,114.1245
2021-12-22T06:00:00+00:00,114.1265,114.319,114.1175,114.294
2021-12-22T10:00:00+00:00,114.295,114.3355,114.1645,114.181
2021-12-22T14:00:00+00:00,114.182,114.3705,114.1245,114.213
2021-12-22T18:00:00+00:00,114.208,114.251,114.0775,114.102
2021-12-22T22:00:00+00:00,114.109,114.213,114.079,114.1195
2021-12-23T02:00:00+00:00,114.1205,114.179,114.1065,114.178
2021-12-23T06:00:00+00:00,114.1775,114.3415,114.158,114.3075
2021-12-23T10:00:00+00:00,114.31,114.4135,114.249,114.304
2021-12-23T14:00:00+00:00,114.304,114.45,114.242,114.4155
2021-12-23T18:00:00+00:00,114.417,114.4675,114.3835,114.4055
2021-12-23T22:00:00+00:00,114.4095,114.5145,114.3495,114.3545
2021-12-24T02:00:00+00:00,114.351,114.4485,114.303,114.392
2021-12-24T06:00:00+00:00,114.3905,114.4175,114.342,114.4015
2021-12-24T10:00:00+00:00,114.401,114.403,114.3355,114.369
2021-12-24T14:00:00+00:00,114.3695,114.3955,114.343,114.348
2021-12-24T18:00:00+00:00,114.354,114.4845,114.318,114.385
2021-12-26T22:00:00+00:00,114.38,114.44,114.312,114.4035
2021-12-27T02:00:00+00:00,114.408,114.4725,114.3775,114.429
2021-12-27T06:00:00+00:00,114.4275,114.6975,114.4085,114.669
2021-12-27T10:00:00+00:00,114.6705,114.7515,114.6105,114.7435
2021-12-27T14:00:00+00:00,114.742,114.9135,114.682,114.899
2021-12-27T18:00:00+00:00,114.899,114.9155,114.8595,114.8795
2021-12-27T22:00:00+00:00,114.8815,114.9505,114.762,114.881
2021-12-28T02:00:00+00:00,114.8795,114.927,114.8065,114.876
2021-12-28T06:00:00+00:00,114.875,114.91,114.748,114.7865
2021-12-28T10:00:00+00:00,114.7875,114.8965,114.7125,114.7275
2021-12-28T14:00:00+00:00,114.723,114.8755,114.7065,114.7525
2021-12-28T18:00:00+00:00,114.753,114.8405,114.753,114.8215
2021-12-28T22:00:00+00:00,114.8225,114.859,114.7425,114.7975
2021-12-29T02:00:00+00:00,114.798,114.888,114.747,114.8725
2021-12-29T06:00:00+00:00,114.8725,115.009,114.8705,114.999
2021-12-29T10:00:00+00:00,114.999,115.0385,114.8305,114.9495
2021-12-29T14:00:00+00:00,114.95,114.986,114.6675,114.9615
2021-12-29T18:00:00+00:00,114.9595,115.0055,114.9285,114.967
2021-12-29T22:00:00+00:00,114.9675,115.0615,114.936,115.0325
2021-12-30T02:00:00+00:00,115.033,115.127,114.9825,115.116
2021-12-30T06:00:00+00:00,115.115,115.209,115.0915,115.168
2021-12-30T10:00:00+00:00,115.168,115.19,115.021,115.1785
2021-12-30T14:00:00+00:00,115.1785,115.2005,115.0565,115.1815
2021-12-30T18:00:00+00:00,115.1785,115.1785,115.036,115.059
2021-12-30T22:00:00+00:00,115.0585,115.0855,115.025,115.062
2021-12-31T02:00:00+00:00,115.061,115.1095,115.0515,115.097
2021-12-31T06:00:00+00:00,115.098,115.159,115.006,115.119
2021-12-31T10:00:00+00:00,115.116,115.157,115.0825,115.107
2021-12-31T14:00:00+00:00,115.1095,115.198,115.011,115.028
2021-12-31T18:00:00+00:00,115.0285,115.1245,115.0235,115.1085
2022-01-02T22:00:00+00:00,115.11,115.2925,115.059,115.2145
2022-01-03T02:00:00+00:00,115.211,115.3155,115.2085,115.309
2022-01-03T06:00:00+00:00,115.309,115.3635,115.149,115.1755
2022-01-03T10:00:00+00:00,115.176,115.177,114.948,115.1485
2022-01-03T14:00:00+00:00,115.1485,115.368,115.139,115.3185
2022-01-03T18:00:00+00:00,115.322,115.358,115.263,115.3345
2022-01-03T22:00:00+00:00,115.3365,115.486,115.292,115.4195
2022-01-04T02:00:00+00:00,115.4185,115.817,115.4055,115.7495
2022-01-04T06:00:00+00:00,115.748,115.89,115.6555,115.8295
2022-01-04T10:00:00+00:00,115.83,116.354,115.8105,116.2615
2022-01-04T14:00:00+00:00,116.261,116.338,115.9545,116.1725
2022-01-04T18:00:00+00:00,116.172,116.184,116.081,116.147
2022-01-04T22:00:00+00:00,116.1475,116.243,115.9075,116.012
2022-01-05T02:00:00+00:00,116.014,116.1025,115.901,116.002
2022-01-05T06:00:00+00:00,116.0055,116.045,115.7815,115.8585
2022-01-05T10:00:00+00:00,115.859,115.935,115.6205,115.803
2022-01-05T14:00:00+00:00,115.8025,116.002,115.674,115.971
2022-01-05T18:00:00+00:00,115.971,116.185,115.952,116.121
2022-01-05T22:00:00+00:00,116.114,116.1855,115.9095,115.927
2022-01-06T02:00:00+00:00,115.9275,115.975,115.821,115.866
2022-01-06T06:00:00+00:00,115.865,115.954,115.6575,115.7485
2022-01-06T10:00:00+00:00,115.75,115.892,115.6975,115.751
2022-01-06T14:00:00+00:00,115.751,115.8675,115.626,115.811
2022-01-06T18:00:00+00:00,115.8115,115.9535,115.7605,115.8435
2022-01-06T22:00:00+00:00,115.8435,116.049,115.835,115.8995
2022-01-07T02:00:00+00:00,115.898,115.9385,115.831,115.913
2022-01-07T06:00:00+00:00,115.9115,115.947,115.752,115.846
2022-01-07T10:00:00+00:00,115.845,115.9305,115.69,115.8515
2022-01-07T14:00:00+00:00,115.8515,115.884,115.582,115.6245
2022-01-07T18:00:00+00:00,115.624,115.64,115.5215,115.5685
2022-01-09T22:00:00+00:00,115.64,115.671,115.5465,115.642
2022-01-10T02:00:00+00:00,115.641,115.8515,115.6395,115.8115
2022-01-10T06:00:00+00:00,115.811,115.8255,115.6185,115.6685
2022-01-10T10:00:00+00:00,115.668,115.6805,115.179,115.3905
2022-01-10T14:00:00+00:00,115.3905,115.4615,115.0425,115.09
2022-01-10T18:00:00+00:00,115.092,115.268,115.088,115.2095
2022-01-10T22:00:00+00:00,115.212,115.364,115.173,115.339
2022-01-11T02:00:00+00:00,115.3395,115.388,115.227,115.2725
2022-01-11T06:00:00+00:00,115.2745,115.4185,115.1255,115.3765
2022-01-11T10:00:00+00:00,115.3765,115.646,115.351,115.611
2022-01-11T14:00:00+00:00,115.6105,115.681,115.355,115.457
2022-01-11T18:00:00+00:00,115.457,115.4595,115.27,115.2945
2022-01-11T22:00:00+00:00,115.296,115.3565,115.2315,115.2925
2022-01-12T02:00:00+00:00,115.294,115.404,115.253,115.3555
2022-01-12T06:00:00+00:00,115.355,115.449,115.285,115.3605
2022-01-12T10:00:00+00:00,115.3605,115.484,115.115,115.2085
2022-01-12T14:00:00+00:00,115.209,115.3125,114.5205,114.523
2022-01-12T18:00:00+00:00,114.5235,114.6445,114.381,114.636
2022-01-12T22:00:00+00:00,114.634,114.7045,114.497,114.567
2022-01-13T02:00:00+00:00,114.5675,114.659,114.4965,114.561
2022-01-13T06:00:00+00:00,114.56,114.6495,114.362,114.536
2022-01-13T10:00:00+00:00,114.535,114.576,114.2115,114.2795
2022-01-13T14:00:00+00:00,114.2805,114.3705,113.9995,114.0605
2022-01-13T18:00:00+00:00,114.0595,114.182,114.0515,114.177
2022-01-13T22:00:00+00:00,114.1745,114.229,113.8015,113.841
2022-01-14T02:00:00+00:00,113.842,113.898,113.639,113.7225
2022-01-14T06:00:00+00:00,113.723,113.931,113.6895,113.911
2022-01-14T10:00:00+00:00,113.911,113.9925,113.4825,113.5745
2022-01-14T14:00:00+00:00,113.5725,114.143,113.5015,114.127
2022-01-14T18:00:00+00:00,114.1275,114.267,114.0175,114.1975
2022-01-16T22:00:00+00:00,114.16,114.516,114.143,114.4735
2022-01-17T02:00:00+00:00,114.4795,114.498,114.3885,114.493
2022-01-17T06:00:00+00:00,114.4935,114.547,114.3115,114.5015
2022-01-17T10:00:00+00:00,114.498,114.598,114.449,114.538
2022-01-17T14:00:00+00:00,114.539,114.6515,114.5275,114.6255
2022-01-17T18:00:00+00:00,114.6235,114.6325,114.5765,114.624
2022-01-17T22:00:00+00:00,114.621,114.639,114.45,114.475
2022-01-18T02:00:00+00:00,114.4745,115.0585,114.4675,114.817
2022-01-18T06:00:00+00:00,114.8155,114.9895,114.5125,114.6655
2022-01-18T10:00:00+00:00,114.663,114.752,114.534,114.625
2022-01-18T14:00:00+00:00,114.6255,114.7035,114.455,114.592
2022-01-18T18:00:00+00:00,114.5915,114.6465,114.509,114.606
2022-01-18T22:00:00+00:00,114.6055,114.789,114.5405,114.655
2022-01-19T02:00:00+00:00,114.6565,114.724,114.207,114.254
2022-01-19T06:00:00+00:00,114.255,114.5405,114.229,114.522
2022-01-19T10:00:00+00:00,114.5225,114.553,114.413,114.5165
2022-01-19T14:00:00+00:00,114.519,114.5345,114.2125,114.3125
2022-01-19T18:00:00+00:00,114.3115,114.3325,114.2095,114.3295
2022-01-19T22:00:00+00:00,114.33,114.4175,114.024,114.2025
2022-01-20T02:00:00+00:00,114.2025,114.5485,114.186,114.4715
2022-01-20T06:00:00+00:00,114.4715,114.5175,114.186,114.29
2022-01-20T10:00:00+00:00,114.29,114.348,114.038,114.0555
2022-01-20T14:00:00+00:00,114.054,114.1905,113.963,114.132
2022-01-20T18:00:00+00:00,114.129,114.233,114.0765,114.1055
2022-01-20T22:00:00+00:00,114.1045,114.152,113.737,113.806
2022-01-21T02:00:00+00:00,113.804,113.9,113.6265,113.857
2022-01-21T06:00:00+00:00,113.858,114.034,113.796,113.9685
2022-01-21T10:00:00+00:00,113.968,113.979,113.664,113.68
2022-01-21T14:00:00+00:00,113.681,113.8175,113.6045,113.6435
2022-01-21T18:00:00+00:00,113.644,113.72,113.627,113.684
2022-01-23T22:00:00+00:00,113.6695,113.945,113.645,113.892
2022-01-24T02:00:00+00:00,113.8925,113.975,113.7585,113.799
2022-01-24T06:00:00+00:00,113.799,113.8625,113.5,113.608
2022-01-24T10:00:00+00:00,113.6055,113.832,113.4685,113.7435
2022-01-24T14:00:00+00:00,113.743,114,113.6515,113.746
2022-01-24T18:00:00+00:00,113.7455,114.0005,113.654,113.961
2022-01-24T22:00:00+00:00,113.9655,114.0975,113.8065,113.843
2022-01-25T02:00:00+00:00,113.8425,113.844,113.6695,113.8025
2022-01-25T06:00:00+00:00,113.8035,114.1085,113.747,114.0555
2022-01-25T10:00:00+00:00,114.0555,114.157,113.872,113.9
2022-01-25T14:00:00+00:00,113.8995,113.9935,113.78,113.8425
2022-01-25T18:00:00+00:00,113.8435,113.945,113.804,113.87
2022-01-25T22:00:00+00:00,113.8695,113.928,113.778,113.8675
2022-01-26T02:00:00+00:00,113.8675,113.9315,113.831,113.896
2022-01-26T06:00:00+00:00,113.8955,114.1825,113.872,114.127
2022-01-26T10:00:00+00:00,114.127,114.3155,114.1005,114.3055
2022-01-26T14:00:00+00:00,114.306,114.385,114.2185,114.35
2022-01-26T18:00:00+00:00,114.3495,114.695,114.21,114.657
2022-01-26T22:00:00+00:00,114.658,114.785,114.5465,114.606
2022-01-27T02:00:00+00:00,114.6045,114.689,114.4755,114.6675
2022-01-27T06:00:00+00:00,114.6675,115.0615,114.627,115.0075
2022-01-27T10:00:00+00:00,115.0115,115.439,114.997,115.3785
2022-01-27T14:00:00+00:00,115.3765,115.49,115.236,115.382
2022-01-27T18:00:00+00:00,115.38,115.38,115.161,115.3635
2022-01-27T22:00:00+00:00,115.365,115.4775,115.271,115.4455
2022-01-28T02:00:00+00:00,115.4485,115.519,115.3165,115.433
2022-01-28T06:00:00+00:00,115.432,115.6865,115.3395,115.616
2022-01-28T10:00:00+00:00,115.615,115.67,115.252,115.3285
2022-01-28T14:00:00+00:00,115.3275,115.4615,115.1225,115.2405
2022-01-28T18:00:00+00:00,115.241,115.332,115.19,115.2205
2022-01-30T22:00:00+00:00,115.2845,115.488,115.222,115.44
2022-01-31T02:00:00+00:00,115.4405,115.592,115.404,115.426
2022-01-31T06:00:00+00:00,115.4255,115.5305,115.3445,115.4285
2022-01-31T10:00:00+00:00,115.429,115.53,115.244,115.2695
2022-01-31T14:00:00+00:00,115.2695,115.442,115.1135,115.129
2022-01-31T18:00:00+00:00,115.1305,115.155,114.9245,115.1245
2022-01-31T22:00:00+00:00,115.129,115.1925,115.02,115.053
2022-02-01T02:00:00+00:00,115.0535,115.1385,114.889,114.996
2022-02-01T06:00:00+00:00,114.997,115.071,114.642,114.687
2022-02-01T10:00:00+00:00,114.6885,114.766,114.567,114.693
2022-02-01T14:00:00+00:00,114.694,114.893,114.646,114.687
2022-02-01T18:00:00+00:00,114.686,114.7825,114.6365,114.6865
2022-02-01T22:00:00+00:00,114.688,114.786,114.649,114.702
2022-02-02T02:00:00+00:00,114.701,114.8035,114.693,114.755
2022-02-02T06:00:00+00:00,114.7555,114.7645,114.4005,114.4035
2022-02-02T10:00:00+00:00,114.4025,114.4405,114.156,114.427
2022-02-02T14:00:00+00:00,114.424,114.444,114.197,114.327
2022-02-02T18:00:00+00:00,114.327,114.471,114.308,114.462
2022-02-02T22:00:00+00:00,114.4595,114.472,114.3395,114.3815
2022-02-03T02:00:00+00:00,114.38,114.534,114.327,114.5245
2022-02-03T06:00:00+00:00,114.525,114.781,114.4905,114.748
2022-02-03T10:00:00+00:00,114.747,114.9755,114.7395,114.8575
2022-02-03T14:00:00+00:00,114.856,114.95,114.735,114.8505
2022-02-03T18:00:00+00:00,114.8515,114.991,114.8435,114.9725
2022-02-03T22:00:00+00:00,114.972,115.052,114.8175,114.848
2022-02-04T02:00:00+00:00,114.849,114.9695,114.815,114.932
2022-02-04T06:00:00+00:00,114.9325,115.1525,114.9055,114.9455
2022-02-04T10:00:00+00:00,114.943,115.393,114.7745,115.3655
2022-02-04T14:00:00+00:00,115.366,115.43,115.1355,115.2485
2022-02-04T18:00:00+00:00,115.249,115.267,115.1665,115.1935
2022-02-06T22:00:00+00:00,115.263,115.339,115.138,115.2955
2022-02-07T02:00:00+00:00,115.296,115.378,115.254,115.347
2022-02-07T06:00:00+00:00,115.347,115.355,114.97,115.0215
2022-02-07T10:00:00+00:00,115.0215,115.1255,114.915,115.0935
2022-02-07T14:00:00+00:00,115.096,115.18,114.9775,115.165
2022-02-07T18:00:00+00:00,115.1645,115.166,115.055,115.098
2022-02-07T22:00:00+00:00,115.0955,115.346,115.056,115.297
2022-02-08T02:00:00+00:00,115.296,115.481,115.2915,115.4625
2022-02-08T06:00:00+00:00,115.461,115.547,115.311,115.38
2022-02-08T10:00:00+00:00,115.3815,115.478,115.232,115.4245
2022-02-08T14:00:00+00:00,115.424,115.6285,115.385,115.5915
2022-02-08T18:00:00+00:00,115.592,115.604,115.473,115.5405
2022-02-08T22:00:00+00:00,115.5405,115.6865,115.3995,115.442
2022-02-09T02:00:00+00:00,115.441,115.489,115.3225,115.478
2022-02-09T06:00:00+00:00,115.478,115.5415,115.337,115.362
2022-02-09T10:00:00+00:00,115.3605,115.5185,115.3585,115.463
2022-02-09T14:00:00+00:00,115.463,115.5115,115.3745,115.4395
2022-02-09T18:00:00+00:00,115.4405,115.564,115.383,115.536
2022-02-09T22:00:00+00:00,115.539,115.636,115.483,115.5035
2022-02-10T02:00:00+00:00,115.503,115.6535,115.4875,115.6155
2022-02-10T06:00:00+00:00,115.616,115.879,115.542,115.789
2022-02-10T10:00:00+00:00,115.7895,116.1945,115.745,116.17
2022-02-10T14:00:00+00:00,116.1695,116.339,115.73,116.016
2022-02-10T18:00:00+00:00,116.014,116.123,115.8265,116.0025
2022-02-10T22:00:00+00:00,116.003,116.1765,115.957,115.9855
2022-02-11T02:00:00+00:00,115.9855,116.1695,115.974,116.083
2022-02-11T06:00:00+00:00,116.0835,116.111,115.882,116.055
2022-02-11T10:00:00+00:00,116.0545,116.0695,115.8235,115.934
2022-02-11T14:00:00+00:00,115.9355,115.9915,115.771,115.886
2022-02-11T18:00:00+00:00,115.8865,115.9255,115.0115,115.4685
2022-02-13T22:00:00+00:00,115.3455,115.597,115.2845,115.336
2022-02-14T02:00:00+00:00,115.3365,115.551,115.336,115.434
2022-02-14T06:00:00+00:00,115.435,115.4525,115.035,115.047
2022-02-14T10:00:00+00:00,115.047,115.53,115.012,115.5045
2022-02-14T14:00:00+00:00,115.5035,115.7475,115.462,115.634
2022-02-14T18:00:00+00:00,115.6335,115.666,115.369,115.547
2022-02-14T22:00:00+00:00,115.5445,115.5865,115.308,115.3775
2022-02-15T02:00:00+00:00,115.3775,115.453,115.2815,115.3285
2022-02-15T06:00:00+00:00,115.33,115.648,115.2585,115.6045
2022-02-15T10:00:00+00:00,115.605,115.7195,115.481,115.653
2022-02-15T14:00:00+00:00,115.6535,115.8745,115.578,115.6705
2022-02-15T18:00:00+00:00,115.6705,115.673,115.587,115.609
2022-02-15T22:00:00+00:00,115.6075,115.743,115.5875,115.6725
2022-02-16T02:00:00+00:00,115.6725,115.727,115.657,115.6935
2022-02-16T06:00:00+00:00,115.6935,115.7905,115.6055,115.658
2022-02-16T10:00:00+00:00,115.6575,115.7835,115.455,115.4835
2022-02-16T14:00:00+00:00,115.4835,115.553,115.382,115.4515
2022-02-16T18:00:00+00:00,115.451,115.56,115.3555,115.483
2022-02-16T22:00:00+00:00,115.4795,115.538,115.331,115.4725
2022-02-17T02:00:00+00:00,115.469,115.5295,115.1165,115.2385
2022-02-17T06:00:00+00:00,115.2365,115.408,114.95,115.093
2022-02-17T10:00:00+00:00,115.0925,115.1875,114.846,114.885
2022-02-17T14:00:00+00:00,114.8865,115.15,114.8695,115.0525
2022-02-17T18:00:00+00:00,115.0565,115.0835,114.874,114.933
2022-02-17T22:00:00+00:00,114.934,115.277,114.79,115.139
2022-02-18T02:00:00+00:00,115.1415,115.231,115.125,115.2105
2022-02-18T06:00:00+00:00,115.2095,115.2985,115.056,115.154
2022-02-18T10:00:00+00:00,115.1545,115.242,115.013,115.078
2022-02-18T14:00:00+00:00,115.0785,115.1765,114.97,115.073
2022-02-18T18:00:00+00:00,115.073,115.122,114.9945,115.003
2022-02-20T22:00:00+00:00,115.0265,115.126,114.872,115.0145
2022-02-21T02:00:00+00:00,115.014,115.054,114.887,114.9755
2022-02-21T06:00:00+00:00,114.9745,115.016,114.807,114.8645
2022-02-21T10:00:00+00:00,114.864,114.95,114.803,114.8595
2022-02-21T14:00:00+00:00,114.859,114.9005,114.7835,114.8065
2022-02-21T18:00:00+00:00,114.807,114.847,114.7195,114.741
2022-02-21T22:00:00+00:00,114.742,114.7975,114.4995,114.7185
2022-02-22T02:00:00+00:00,114.717,114.7405,114.572,114.729
2022-02-22T06:00:00+00:00,114.7285,114.906,114.623,114.7745
2022-02-22T10:00:00+00:00,114.775,115.1625,114.775,115.1225
2022-02-22T14:00:00+00:00,115.1205,115.2435,114.9195,114.9255
2022-02-22T18:00:00+00:00,114.9265,115.1105,114.876,115.083
2022-02-22T22:00:00+00:00,115.079,115.1275,114.99,115.0405
2022-02-23T02:00:00+00:00,115.0405,115.097,114.9985,115.049
2022-02-23T06:00:00+00:00,115.05,115.169,114.9935,115.0715
2022-02-23T10:00:00+00:00,115.073,115.134,114.9625,115.014
2022-02-23T14:00:00+00:00,115.014,115.2005,114.9995,115.0775
2022-02-23T18:00:00+00:00,115.0785,115.0905,114.9265,115.01
2022-02-23T22:00:00+00:00,115.0065,115.1195,114.8295,115.0815
2022-02-24T02:00:00+00:00,115.081,115.1045,114.494,114.5635
2022-02-24T06:00:00+00:00,114.563,114.7855,114.408,114.7365
2022-02-24T10:00:00+00:00,114.736,115.001,114.574,114.903
2022-02-24T14:00:00+00:00,114.9035,115.6545,114.899,115.3425
2022-02-24T18:00:00+00:00,115.342,115.696,115.318,115.537
2022-02-24T22:00:00+00:00,115.535,115.626,115.3835,115.44
2022-02-25T02:00:00+00:00,115.44,115.444,115.147,115.181
2022-02-25T06:00:00+00:00,115.185,115.378,115.181,115.323
2022-02-25T10:00:00+00:00,115.3225,115.61,115.297,115.56
2022-02-25T14:00:00+00:00,115.56,115.7615,115.4665,115.7505
2022-02-25T18:00:00+00:00,115.7525,115.7525,115.5045,115.5595
2022-02-27T22:00:00+00:00,115.215,115.782,115.215,115.5185
2022-02-28T02:00:00+00:00,115.518,115.6925,115.4445,115.544
2022-02-28T06:00:00+00:00,115.5435,115.6235,115.458,115.549
2022-02-28T10:00:00+00:00,115.5525,115.643,115.319,115.326
2022-02-28T14:00:00+00:00,115.3245,115.4265,114.9795,115.113
2022-02-28T18:00:00+00:00,115.1115,115.1205,114.863,114.9895
2022-02-28T22:00:00+00:00,114.9855,115.2915,114.9615,115.1955
2022-03-01T02:00:00+00:00,115.196,115.2225,115.017,115.0575
2022-03-01T06:00:00+00:00,115.059,115.1235,114.7465,114.7795
2022-03-01T10:00:00+00:00,114.779,114.9515,114.714,114.9135
2022-03-01T14:00:00+00:00,114.9135,114.946,114.7525,114.8385
2022-03-01T18:00:00+00:00,114.8385,114.927,114.6995,114.91
2022-03-01T22:00:00+00:00,114.8985,115.0835,114.7935,115.0035
2022-03-02T02:00:00+00:00,115.005,115.1095,114.968,115.0615
2022-03-02T06:00:00+00:00,115.061,115.2665,115.0265,115.1995
2022-03-02T10:00:00+00:00,115.2015,115.432,115.1995,115.399
2022-03-02T14:00:00+00:00,115.4005,115.688,115.2475,115.5995
2022-03-02T18:00:00+00:00,115.599,115.617,115.498,115.5175
2022-03-02T22:00:00+00:00,115.5155,115.669,115.445,115.597
2022-03-03T02:00:00+00:00,115.5995,115.7185,115.577,115.6575
2022-03-03T06:00:00+00:00,115.656,115.808,115.648,115.786
2022-03-03T10:00:00+00:00,115.7855,115.7855,115.643,115.6625
2022-03-03T14:00:00+00:00,115.66,115.701,115.5125,115.562
2022-03-03T18:00:00+00:00,115.5625,115.5635,115.384,115.4615
2022-03-03T22:00:00+00:00,115.4605,115.5585,115.255,115.471
2022-03-04T02:00:00+00:00,115.4705,115.4975,115.3195,115.448
2022-03-04T06:00:00+00:00,115.444,115.5345,115.323,115.416
2022-03-04T10:00:00+00:00,115.4155,115.4725,115.303,115.4205
2022-03-04T14:00:00+00:00,115.4195,115.4215,114.6505,114.7715
2022-03-04T18:00:00+00:00,114.7705,114.8875,114.702,114.8225
2022-03-06T22:00:00+00:00,114.965,115.0635,114.8235,114.9025
2022-03-07T02:00:00+00:00,114.903,114.9675,114.8635,114.9295
2022-03-07T06:00:00+00:00,114.9285,115.128,114.908,115.0715
2022-03-07T10:00:00+00:00,115.0735,115.328,115.022,115.299
2022-03-07T14:00:00+00:00,115.297,115.4725,115.207,115.4005
2022-03-07T18:00:00+00:00,115.4,115.422,115.2435,115.3165
2022-03-07T22:00:00+00:00,115.316,115.5175,115.2635,115.4795
2022-03-08T02:00:00+00:00,115.4805,115.5065,115.3535,115.493
2022-03-08T06:00:00+00:00,115.496,115.637,115.3635,115.5955
2022-03-08T10:00:00+00:00,115.595,115.791,115.552,115.6965
2022-03-08T14:00:00+00:00,115.696,115.7205,115.419,115.6015
2022-03-08T18:00:00+00:00,115.602,115.7485,115.593,115.668
2022-03-08T22:00:00+00:00,115.668,115.924,115.6375,115.8895
2022-03-09T02:00:00+00:00,115.8895,115.901,115.7565,115.786
2022-03-09T06:00:00+00:00,115.788,115.8905,115.7085,115.857
2022-03-09T10:00:00+00:00,115.8605,115.943,115.7265,115.768
2022-03-09T14:00:00+00:00,115.77,115.8865,115.5565,115.793
2022-03-09T18:00:00+00:00,115.7915,115.8985,115.772,115.852
2022-03-09T22:00:00+00:00,115.853,116.114,115.828,116.051
2022-03-10T02:00:00+00:00,116.051,116.196,116.0415,116.0915
2022-03-10T06:00:00+00:00,116.0935,116.1015,115.814,115.9405
2022-03-10T10:00:00+00:00,115.941,116.0865,115.849,116.08
2022-03-10T14:00:00+00:00,116.08,116.195,115.9285,116.1195
2022-03-10T18:00:00+00:00,116.1175,116.1495,116.0475,116.1365
2022-03-10T22:00:00+00:00,116.1375,116.384,116.0845,116.2925
2022-03-11T02:00:00+00:00,116.2915,116.747,116.23,116.6925
2022-03-11T06:00:00+00:00,116.6915,117.061,116.58,116.9505
2022-03-11T10:00:00+00:00,116.949,116.998,116.7985,116.9175
2022-03-11T14:00:00+00:00,116.9185,117.2155,116.8595,117.1985
2022-03-11T18:00:00+00:00,117.1975,117.3575,117.154,117.29
2022-03-13T21:00:00+00:00,117.3625,117.612,117.3145,117.5325
2022-03-14T01:00:00+00:00,117.5325,117.8795,117.47,117.642
2022-03-14T05:00:00+00:00,117.644,117.836,117.644,117.7375
2022-03-14T09:00:00+00:00,117.7395,118.0625,117.739,117.907
2022-03-14T13:00:00+00:00,117.9075,118.0315,117.8515,117.974
2022-03-14T17:00:00+00:00,117.973,118.219,117.905,118.186
2022-03-14T21:00:00+00:00,118.1845,118.303,118.1095,118.2035
2022-03-15T01:00:00+00:00,118.204,118.4505,118.191,118.3675
2022-03-15T05:00:00+00:00,118.3675,118.394,117.6975,117.793
2022-03-15T09:00:00+00:00,117.7945,118.1015,117.79,117.979
2022-03-15T13:00:00+00:00,117.98,118.3395,117.857,118.3115
2022-03-15T17:00:00+00:00,118.31,118.3985,118.2365,118.295
2022-03-15T21:00:00+00:00,118.3005,118.43,118.275,118.4205
2022-03-16T01:00:00+00:00,118.4215,118.425,118.1755,118.229
2022-03-16T05:00:00+00:00,118.2305,118.3805,118.196,118.32
2022-03-16T09:00:00+00:00,118.3205,118.3565,118.1925,118.3155
2022-03-16T13:00:00+00:00,118.3145,118.59,118.2125,118.5795
2022-03-16T17:00:00+00:00,118.577,119.124,118.5425,118.7325
2022-03-16T21:00:00+00:00,118.737,119.026,118.711,118.8875
2022-03-17T01:00:00+00:00,118.8875,118.9165,118.598,118.75
2022-03-17T05:00:00+00:00,118.75,118.855,118.631,118.6815
2022-03-17T09:00:00+00:00,118.681,118.815,118.4935,118.7855
2022-03-17T13:00:00+00:00,118.7855,118.843,118.396,118.41
2022-03-17T17:00:00+00:00,118.411,118.6695,118.3675,118.5965
2022-03-17T21:00:00+00:00,118.597,118.7135,118.4715,118.698
2022-03-18T01:00:00+00:00,118.6955,118.803,118.657,118.7705
2022-03-18T05:00:00+00:00,118.771,119.0075,118.7145,118.8675
2022-03-18T09:00:00+00:00,118.868,119.254,118.856,119.1865
2022-03-18T13:00:00+00:00,119.1865,119.4005,119.1215,119.1505
2022-03-18T17:00:00+00:00,119.151,119.204,119.0845,119.1385
2022-03-20T21:00:00+00:00,119.16,119.309,119.0475,119.1825
2022-03-21T01:00:00+00:00,119.1835,119.2475,119.137,119.2475
2022-03-21T05:00:00+00:00,119.248,119.296,119.1675,119.2075
2022-03-21T09:00:00+00:00,119.2075,119.281,119.1045,119.223
2022-03-21T13:00:00+00:00,119.226,119.2935,119.1145,119.266
2022-03-21T17:00:00+00:00,119.2665,119.501,119.2655,119.4735
2022-03-21T21:00:00+00:00,119.4655,120.077,119.437,119.946
2022-03-22T01:00:00+00:00,119.9465,120.465,119.825,120.3775
2022-03-22T05:00:00+00:00,120.3785,120.494,120.28,120.461
2022-03-22T09:00:00+00:00,120.461,121.0325,120.3805,120.5495
2022-03-22T13:00:00+00:00,120.5495,120.8155,120.496,120.6775
2022-03-22T17:00:00+00:00,120.675,120.837,120.647,120.7955
2022-03-22T21:00:00+00:00,120.7955,121.4145,120.7665,121.1205
2022-03-23T01:00:00+00:00,121.119,121.191,120.792,121.072
2022-03-23T05:00:00+00:00,121.072,121.1655,120.852,120.901
2022-03-23T09:00:00+00:00,120.9015,121.0525,120.5935,120.718
2022-03-23T13:00:00+00:00,120.72,121.143,120.6365,121.0695
2022-03-23T17:00:00+00:00,121.068,121.161,121.015,121.1575
2022-03-23T21:00:00+00:00,121.1575,121.203,120.964,120.9815
2022-03-24T01:00:00+00:00,120.98,121.304,120.9535,121.224
2022-03-24T05:00:00+00:00,121.223,121.7485,121.221,121.6255
2022-03-24T09:00:00+00:00,121.626,121.734,121.5415,121.657
2022-03-24T13:00:00+00:00,121.657,122.4075,121.657,122.38
2022-03-24T17:00:00+00:00,122.379,122.4105,122.225,122.3625
2022-03-24T21:00:00+00:00,122.3635,122.4365,121.9655,122.0565
2022-03-25T01:00:00+00:00,122.0565,122.095,121.181,121.469
2022-03-25T05:00:00+00:00,121.4705,121.9545,121.421,121.511
2022-03-25T09:00:00+00:00,121.5125,121.795,121.4545,121.7515
2022-03-25T13:00:00+00:00,121.752,122.2405,121.7325,122.03
2022-03-25T17:00:00+00:00,122.0305,122.2105,121.9555,122.0475
2022-03-27T22:00:00+01:00,122.046,122.366,122.008,122.2315
2022-03-28T02:00:00+01:00,122.231,123.1655,122.173,123.052
2022-03-28T06:00:00+01:00,123.054,125.1025,123.027,124.6865
2022-03-28T10:00:00+01:00,124.686,124.7105,123.38,123.6545
2022-03-28T14:00:00+01:00,123.655,123.876,123.1465,123.403
2022-03-28T18:00:00+01:00,123.404,123.9375,123.2585,123.8945
2022-03-28T22:00:00+01:00,123.91,124.306,123.3105,124.1415
2022-03-29T02:00:00+01:00,124.1385,124.1815,123.1055,123.367
2022-03-29T06:00:00+01:00,123.3645,123.7835,123.297,123.7265
2022-03-29T10:00:00+01:00,123.725,123.81,122.4955,122.8585
2022-03-29T14:00:00+01:00,122.8555,123.028,121.9805,122.675
2022-03-29T18:00:00+01:00,122.662,122.9545,122.6535,122.8745
2022-03-29T22:00:00+01:00,122.877,123.207,122.4195,122.489
2022-03-30T02:00:00+01:00,122.49,122.533,121.313,121.9
2022-03-30T06:00:00+01:00,121.8995,122.0825,121.524,121.6135
2022-03-30T10:00:00+01:00,121.614,122.0455,121.5725,121.8515
2022-03-30T14:00:00+01:00,121.853,122.244,121.643,121.897
2022-03-30T18:00:00+01:00,121.897,121.927,121.7395,121.843
2022-03-30T22:00:00+01:00,121.831,122.457,121.806,122.291
2022-03-31T02:00:00+01:00,122.2895,122.457,121.965,122.2265
2022-03-31T06:00:00+01:00,122.2265,122.28,121.344,122.18
2022-03-31T10:00:00+01:00,122.18,122.181,121.5445,121.62
2022-03-31T14:00:00+01:00,121.621,121.8255,121.2825,121.5585
2022-03-31T18:00:00+01:00,121.5615,121.7795,121.5255,121.702
2022-03-31T22:00:00+01:00,121.704,122.199,121.64,122.119
2022-04-01T02:00:00+01:00,122.119,122.737,122.0755,122.604
2022-04-01T06:00:00+01:00,122.6035,122.766,122.2455,122.5725
2022-04-01T10:00:00+01:00,122.572,122.821,122.335,122.7995
2022-04-01T14:00:00+01:00,122.7985,123.0365,122.5165,122.5725
2022-04-01T18:00:00+01:00,122.5695,122.6555,122.452,122.518
2022-04-03T22:00:00+01:00,122.635,122.734,122.2655,122.4045
2022-04-04T02:00:00+01:00,122.406,122.7785,122.383,122.5945
2022-04-04T06:00:00+01:00,122.5945,122.7995,122.501,122.629
2022-04-04T10:00:00+01:00,122.629,122.837,122.56,122.6355
2022-04-04T14:00:00+01:00,122.6365,122.9595,122.624,122.7465
2022-04-04T18:00:00+01:00,122.746,122.837,122.679,122.793
2022-04-04T22:00:00+01:00,122.8,122.8635,122.3745,122.567
2022-04-05T02:00:00+01:00,122.564,122.6375,122.472,122.55
2022-04-05T06:00:00+01:00,122.55,122.9975,122.431,122.826
2022-04-05T10:00:00+01:00,122.8255,123.0035,122.697,122.835
2022-04-05T14:00:00+01:00,122.8335,123.598,122.7505,123.587
2022-04-05T18:00:00+01:00,123.587,123.67,123.552,123.6055
2022-04-05T22:00:00+01:00,123.6,123.8925,123.539,123.8325
2022-04-06T02:00:00+01:00,123.833,124.053,123.645,123.884
2022-04-06T06:00:00+01:00,123.8835,124.0285,123.7325,123.79
2022-04-06T10:00:00+01:00,123.79,123.9985,123.614,123.817
2022-04-06T14:00:00+01:00,123.818,123.947,123.686,123.748
2022-04-06T18:00:00+01:00,123.7485,123.9325,123.456,123.793
2022-04-06T22:00:00+01:00,123.791,123.9365,123.4715,123.603
2022-04-07T02:00:00+01:00,123.603,123.75,123.5865,123.6875
2022-04-07T06:00:00+01:00,123.687,123.8475,123.5925,123.74
2022-04-07T10:00:00+01:00,123.741,123.999,123.6675,123.986
2022-04-07T14:00:00+01:00,123.9865,124.0025,123.755,123.917
2022-04-07T18:00:00+01:00,123.9165,124.0025,123.868,123.96
2022-04-07T22:00:00+01:00,123.9645,124.232,123.721,123.802
2022-04-08T02:00:00+01:00,123.7995,123.9945,123.667,123.979
2022-04-08T06:00:00+01:00,123.979,124.149,123.927,124.1025
2022-04-08T10:00:00+01:00,124.103,124.405,124.041,124.399
2022-04-08T14:00:00+01:00,124.399,124.6785,124.27,124.3895
2022-04-08T18:00:00+01:00,124.3885,124.432,124.2755,124.295
2022-04-10T22:00:00+01:00,124.05,124.6415,124.0435,124.5955
2022-04-11T02:00:00+01:00,124.592,124.998,124.521,124.923
2022-04-11T06:00:00+01:00,124.9235,125.438,124.8935,125.3295
2022-04-11T10:00:00+01:00,125.329,125.7725,125.245,125.5585
2022-04-11T14:00:00+01:00,125.56,125.614,125.4075,125.513
2022-04-11T18:00:00+01:00,125.513,125.61,125.349,125.3685
2022-04-11T22:00:00+01:00,125.371,125.564,125.1075,125.4725
2022-04-12T02:00:00+01:00,125.471,125.5655,125.1995,125.3555
2022-04-12T06:00:00+01:00,125.3545,125.7595,125.341,125.632
2022-04-12T10:00:00+01:00,125.632,125.7155,124.7645,124.934
2022-04-12T14:00:00+01:00,124.934,125.342,124.9025,125.2365
2022-04-12T18:00:00+01:00,125.238,125.405,125.1575,125.3745
2022-04-12T22:00:00+01:00,125.376,125.6405,125.343,125.5935
2022-04-13T02:00:00+01:00,125.594,125.6525,125.464,125.608
2022-04-13T06:00:00+01:00,125.608,126.318,125.561,126.046
2022-04-13T10:00:00+01:00,126.046,126.213,125.6195,125.902
2022-04-13T14:00:00+01:00,125.9025,125.9635,125.3725,125.597
2022-04-13T18:00:00+01:00,125.594,125.7115,125.4905,125.6385
2022-04-13T22:00:00+01:00,125.652,125.7115,125.211,125.5095
2022-04-14T02:00:00+01:00,125.51,125.5445,125.1025,125.2745
2022-04-14T06:00:00+01:00,125.2755,125.4685,125.0835,125.3885
2022-04-14T10:00:00+01:00,125.3895,125.5925,125.198,125.534
2022-04-14T14:00:00+01:00,125.535,126.016,125.474,125.933
2022-04-14T18:00:00+01:00,125.9335,125.9925,125.867,125.875
2022-04-14T22:00:00+01:00,125.873,126.364,125.867,126.308
2022-04-15T02:00:00+01:00,126.308,126.5605,126.243,126.3835
2022-04-15T06:00:00+01:00,126.383,126.686,126.33,126.4895
2022-04-15T10:00:00+01:00,126.49,126.5365,126.427,126.4765
2022-04-15T14:00:00+01:00,126.4775,126.534,126.308,126.396
2022-04-15T18:00:00+01:00,126.3965,126.514,126.3295,126.452
2022-04-17T22:00:00+01:00,126.425,126.792,126.346,126.5665
2022-04-18T02:00:00+01:00,126.5645,126.6965,126.241,126.645
2022-04-18T06:00:00+01:00,126.6445,126.692,126.45,126.632
2022-04-18T10:00:00+01:00,126.6325,126.6685,126.437,126.5255
2022-04-18T14:00:00+01:00,126.5275,126.97,126.4675,126.969
2022-04-18T18:00:00+01:00,126.964,127.0005,126.863,126.99
2022-04-18T22:00:00+01:00,126.9915,127.361,126.972,127.3135
2022-04-19T02:00:00+01:00,127.3125,128.237,127.261,128.1475
2022-04-19T06:00:00+01:00,128.1445,128.462,127.7835,128.3085
2022-04-19T10:00:00+01:00,128.3095,128.498,128.071,128.4645
2022-04-19T14:00:00+01:00,128.4595,128.917,128.4545,128.755
2022-04-19T18:00:00+01:00,128.755,128.976,128.7035,128.908
2022-04-19T22:00:00+01:00,128.901,129.408,128.861,129.295
2022-04-20T02:00:00+01:00,129.294,129.3785,128.0605,128.5565
2022-04-20T06:00:00+01:00,128.557,128.746,128.3525,128.405
2022-04-20T10:00:00+01:00,128.406,128.462,127.6045,128.105
2022-04-20T14:00:00+01:00,128.105,128.1575,127.459,127.8875
2022-04-20T18:00:00+01:00,127.8885,127.9195,127.661,127.8885
2022-04-20T22:00:00+01:00,127.885,128.4795,127.827,128.1565
2022-04-21T02:00:00+01:00,128.156,128.64,128.1105,128.366
2022-04-21T06:00:00+01:00,128.367,128.3855,127.868,128.0645
2022-04-21T10:00:00+01:00,128.0645,128.383,127.803,128.1295
2022-04-21T14:00:00+01:00,128.1325,128.7065,128.0825,128.6
2022-04-21T18:00:00+01:00,128.599,128.599,128.0675,128.386
2022-04-21T22:00:00+01:00,128.39,128.6655,128.264,128.6255
2022-04-22T02:00:00+01:00,128.6245,128.692,128.057,128.193
2022-04-22T06:00:00+01:00,128.193,128.332,127.738,128.265
2022-04-22T10:00:00+01:00,128.265,128.5295,128.2075,128.443
2022-04-22T14:00:00+01:00,128.443,129.11,128.137,128.89
2022-04-22T18:00:00+01:00,128.887,128.887,128.4355,128.481
2022-04-24T22:00:00+01:00,128.584,128.8545,128.4395,128.7585
2022-04-25T02:00:00+01:00,128.759,128.869,128.241,128.5265
2022-04-25T06:00:00+01:00,128.526,128.596,127.8825,128.124
2022-04-25T10:00:00+01:00,128.124,128.5035,127.993,128.162
2022-04-25T14:00:00+01:00,128.161,128.282,127.5225,127.6965
2022-04-25T18:00:00+01:00,127.693,128.138,127.693,128.1315
2022-04-25T22:00:00+01:00,128.135,128.228,127.348,127.6
2022-04-26T02:00:00+01:00,127.6,128.183,127.386,128.107
2022-04-26T06:00:00+01:00,128.1055,128.204,127.715,127.872
2022-04-26T10:00:00+01:00,127.8725,127.9325,127.182,127.215
2022-04-26T14:00:00+01:00,127.216,127.5455,127.0255,127.5275
2022-04-26T18:00:00+01:00,127.5265,127.685,127.2025,127.2235
2022-04-26T22:00:00+01:00,127.2225,127.6265,126.9455,127.5475
2022-04-27T02:00:00+01:00,127.5475,127.8285,127.362,127.653
2022-04-27T06:00:00+01:00,127.6535,128.1045,127.4855,127.963
2022-04-27T10:00:00+01:00,127.9635,128.1985,127.7965,128.0705
2022-04-27T14:00:00+01:00,128.0705,128.5925,127.9125,128.2755
2022-04-27T18:00:00+01:00,128.2755,128.448,128.202,128.4265
2022-04-27T22:00:00+01:00,128.4255,128.8465,128.34,128.821
2022-04-28T02:00:00+01:00,128.8215,129.9055,128.6245,129.847
2022-04-28T06:00:00+01:00,129.852,130.958,129.784,130.9255
2022-04-28T10:00:00+01:00,130.925,131.015,130.179,130.811
2022-04-28T14:00:00+01:00,130.8085,131.2545,130.5805,130.9635
2022-04-28T18:00:00+01:00,130.965,131.134,130.784,130.802
2022-04-28T22:00:00+01:00,130.832,130.9545,130.54,130.5755
2022-04-29T02:00:00+01:00,130.575,130.8,130.3695,130.538
2022-04-29T06:00:00+01:00,130.538,130.5685,129.7705,130.107
2022-04-29T10:00:00+01:00,130.105,130.498,129.837,130.0875
2022-04-29T14:00:00+01:00,130.0875,130.382,129.3675,129.677
2022-04-29T18:00:00+01:00,129.676,129.923,129.317,129.869
2022-05-01T22:00:00+01:00,129.7625,130.3015,129.6135,130.0615
2022-05-02T02:00:00+01:00,130.0625,130.4015,129.9555,130.3865
2022-05-02T06:00:00+01:00,130.3875,130.48,129.92,130.048
2022-05-02T10:00:00+01:00,130.046,130.1585,129.6995,130.121
2022-05-02T14:00:00+01:00,130.1225,130.351,129.9565,130.1735
2022-05-02T18:00:00+01:00,130.176,130.256,130.0815,130.166
2022-05-02T22:00:00+01:00,130.165,130.224,129.856,129.9155
2022-05-03T02:00:00+01:00,129.914,130.168,129.9015,130.134
2022-05-03T06:00:00+01:00,130.1345,130.2915,130.046,130.116
2022-05-03T10:00:00+01:00,130.1215,130.1895,129.74,129.885
2022-05-03T14:00:00+01:00,129.8855,130.1975,129.6995,130.17
2022-05-03T18:00:00+01:00,130.1685,130.2055,130.059,130.1375
2022-05-03T22:00:00+01:00,130.14,130.204,130.0405,130.146
2022-05-04T02:00:00+01:00,130.145,130.1715,130.075,130.1505
2022-05-04T06:00:00+01:00,130.15,130.188,129.981,130.0505
2022-05-04T10:00:00+01:00,130.0505,130.0965,129.7895,129.874
2022-05-04T14:00:00+01:00,129.877,130.129,129.802,130.0075
2022-05-04T18:00:00+01:00,130.007,130.384,128.624,129.088
2022-05-04T22:00:00+01:00,129.09,129.553,129.058,129.1015
2022-05-05T02:00:00+01:00,129.101,129.2875,128.755,129.2575
2022-05-05T06:00:00+01:00,129.258,129.828,129.238,129.6995
2022-05-05T10:00:00+01:00,129.702,130.0085,129.539,129.903
2022-05-05T14:00:00+01:00,129.901,130.559,129.8605,130.4175
2022-05-05T18:00:00+01:00,130.418,130.5475,129.985,130.191
2022-05-05T22:00:00+01:00,130.21,130.538,130.095,130.4855
2022-05-06T02:00:00+01:00,130.4855,130.81,130.3665,130.565
2022-05-06T06:00:00+01:00,130.5655,130.6985,130.3295,130.445
2022-05-06T10:00:00+01:00,130.444,130.711,130.1495,130.662
2022-05-06T14:00:00+01:00,130.6605,130.667,130.196,130.43
2022-05-06T18:00:00+01:00,130.43,130.636,130.415,130.5575
2022-05-08T22:00:00+01:00,130.5475,130.959,130.4935,130.8495
2022-05-09T02:00:00+01:00,130.849,131.071,130.6755,130.9985
2022-05-09T06:00:00+01:00,130.9985,131.3475,130.9985,131.1955
2022-05-09T10:00:00+01:00,131.195,131.247,130.4885,130.723
2022-05-09T14:00:00+01:00,130.722,130.895,130.1135,130.2965
2022-05-09T18:00:00+01:00,130.297,130.439,130.178,130.3255
2022-05-09T22:00:00+01:00,130.3265,130.578,129.9475,130.0405
2022-05-10T02:00:00+01:00,130.0405,130.502,129.7955,130.467
2022-05-10T06:00:00+01:00,130.4625,130.5535,129.971,130.0775
2022-05-10T10:00:00+01:00,130.0765,130.2845,129.863,129.9775
2022-05-10T14:00:00+01:00,129.9775,130.4575,129.944,130.2485
2022-05-10T18:00:00+01:00,130.2495,130.464,130.208,130.4455
2022-05-10T22:00:00+01:00,130.4475,130.4695,130.229,130.345
2022-05-11T02:00:00+01:00,130.3455,130.493,130.314,130.3415
2022-05-11T06:00:00+01:00,130.3415,130.389,129.8085,129.8625
2022-05-11T10:00:00+01:00,129.8635,130.8045,129.5865,130.752
2022-05-11T14:00:00+01:00,130.754,130.8135,129.891,129.934
2022-05-11T18:00:00+01:00,129.932,130.0675,129.4465,129.974
2022-05-11T22:00:00+01:00,129.9685,130.055,129.5075,129.7415
2022-05-12T02:00:00+01:00,129.74,129.9095,129.673,129.784
2022-05-12T06:00:00+01:00,129.7845,129.7985,128.4045,128.5505
2022-05-12T10:00:00+01:00,128.551,128.8515,127.969,128.1175
2022-05-12T14:00:00+01:00,128.1175,128.412,127.5195,128.4055
2022-05-12T18:00:00+01:00,128.3995,128.456,128.077,128.31
2022-05-12T22:00:00+01:00,128.3115,128.9255,128.2605,128.8225
2022-05-13T02:00:00+01:00,128.8215,129.361,128.787,128.945
2022-05-13T06:00:00+01:00,128.9455,128.985,128.4925,128.8065
2022-05-13T10:00:00+01:00,128.806,129.114,128.7385,129.0145
2022-05-13T14:00:00+01:00,129.018,129.4545,128.9325,129.3715
2022-05-13T18:00:00+01:00,129.3735,129.431,129.2035,129.2125
2022-05-15T22:00:00+01:00,129.3035,129.642,129.2325,129.487
2022-05-16T02:00:00+01:00,129.4855,129.547,128.7005,129.0175
2022-05-16T06:00:00+01:00,129.017,129.471,128.797,129.38
2022-05-16T10:00:00+01:00,129.3805,129.6155,129.1685,129.2995
2022-05-16T14:00:00+01:00,129.298,129.3315,128.983,129.048
2022-05-16T18:00:00+01:00,129.0475,129.406,129.014,129.1355
2022-05-16T22:00:00+01:00,129.1185,129.2895,128.8295,129.204
2022-05-17T02:00:00+01:00,129.2035,129.45,129.1035,129.3945
2022-05-17T06:00:00+01:00,129.3945,129.5615,129.2035,129.3725
2022-05-17T10:00:00+01:00,129.3705,129.5965,129.1885,129.581
2022-05-17T14:00:00+01:00,129.58,129.7825,129.072,129.3585
2022-05-17T18:00:00+01:00,129.3575,129.472,129.183,129.3745
2022-05-17T22:00:00+01:00,129.3735,129.539,129.226,129.2485
2022-05-18T02:00:00+01:00,129.2495,129.345,128.9445,129.095
2022-05-18T06:00:00+01:00,129.095,129.348,129.023,129.223
2022-05-18T10:00:00+01:00,129.223,129.2465,128.867,128.902
2022-05-18T14:00:00+01:00,128.9025,128.924,128.1225,128.34
2022-05-18T18:00:00+01:00,128.3365,128.341,128.01,128.2265
2022-05-18T22:00:00+01:00,128.23,128.4815,127.8985,128.372
2022-05-19T02:00:00+01:00,128.372,128.945,128.372,128.8375
2022-05-19T06:00:00+01:00,128.8375,128.8905,127.8105,127.857
2022-05-19T10:00:00+01:00,127.8565,127.9735,127.0885,127.19
2022-05-19T14:00:00+01:00,127.1885,127.7385,127.0265,127.6005
2022-05-19T18:00:00+01:00,127.601,127.844,127.559,127.794
2022-05-19T22:00:00+01:00,127.7925,128.003,127.667,127.7735
2022-05-20T02:00:00+01:00,127.773,128.216,127.53,127.7685
2022-05-20T06:00:00+01:00,127.7665,128.1085,127.644,128.089
2022-05-20T10:00:00+01:00,128.089,128.299,127.7305,127.7875
2022-05-20T14:00:00+01:00,127.787,128.248,127.6115,127.7025
2022-05-20T18:00:00+01:00,127.7045,127.966,127.589,127.8365
2022-05-22T22:00:00+01:00,127.9365,128.0635,127.6365,127.7145
2022-05-23T02:00:00+01:00,127.7125,127.794,127.1545,127.432
2022-05-23T06:00:00+01:00,127.43,127.9325,127.413,127.5605
2022-05-23T10:00:00+01:00,127.5605,127.886,127.3625,127.827
2022-05-23T14:00:00+01:00,127.8235,127.9435,127.4785,127.848
2022-05-23T18:00:00+01:00,127.852,127.9445,127.7385,127.8955
2022-05-23T22:00:00+01:00,127.9,127.936,127.6295,127.808
2022-05-24T02:00:00+01:00,127.809,128.087,127.5575,127.658
2022-05-24T06:00:00+01:00,127.6555,127.746,127.1915,127.433
2022-05-24T10:00:00+01:00,127.4285,127.526,127.083,127.234
2022-05-24T14:00:00+01:00,127.2365,127.278,126.361,126.5675
2022-05-24T18:00:00+01:00,126.567,126.8985,126.52,126.839
2022-05-24T22:00:00+01:00,126.8435,126.986,126.654,126.9
2022-05-25T02:00:00+01:00,126.8995,127.222,126.794,126.95
2022-05-25T06:00:00+01:00,126.951,127.296,126.8395,127.06
2022-05-25T10:00:00+01:00,127.0615,127.186,126.8,127.0585
2022-05-25T14:00:00+01:00,127.0575,127.475,127.044,127.467
2022-05-25T18:00:00+01:00,127.4675,127.496,127.2325,127.297
2022-05-25T22:00:00+01:00,127.3155,127.515,127.121,127.455
2022-05-26T02:00:00+01:00,127.453,127.5825,127.2535,127.3595
2022-05-26T06:00:00+01:00,127.3585,127.444,126.553,126.686
2022-05-26T10:00:00+01:00,126.6845,127.2845,126.5665,127.1795
2022-05-26T14:00:00+01:00,127.1775,127.4245,127.007,127.3615
2022-05-26T18:00:00+01:00,127.3565,127.3735,127.034,127.1025
2022-05-26T22:00:00+01:00,127.099,127.1975,126.905,127.0055
2022-05-27T02:00:00+01:00,127.0025,127.174,126.6785,126.817
2022-05-27T06:00:00+01:00,126.817,127.2005,126.7275,127.044
2022-05-27T10:00:00+01:00,127.0445,127.143,126.828,127.0345
2022-05-27T14:00:00+01:00,127.037,127.257,126.8135,127.1385
2022-05-27T18:00:00+01:00,127.1425,127.169,127.0245,127.12
2022-05-29T22:00:00+01:00,127.066,127.3465,126.967,127.0565
2022-05-30T02:00:00+01:00,127.058,127.1345,126.8605,127.0015
2022-05-30T06:00:00+01:00,127.0025,127.3895,126.958,127.2925
2022-05-30T10:00:00+01:00,127.2925,127.8265,127.25,127.736
2022-05-30T14:00:00+01:00,127.732,127.771,127.4365,127.5455
2022-05-30T18:00:00+01:00,127.5465,127.634,127.514,127.5595
2022-05-30T22:00:00+01:00,127.565,128.2725,127.5295,128.1965
2022-05-31T02:00:00+01:00,128.196,128.343,127.943,128.0085
2022-05-31T06:00:00+01:00,128.0085,128.074,127.6365,127.9235
2022-05-31T10:00:00+01:00,127.923,128.6765,127.8405,128.664
2022-05-31T14:00:00+01:00,128.6635,128.891,128.4665,128.551
2022-05-31T18:00:00+01:00,128.5515,128.7785,128.4655,128.654
2022-05-31T22:00:00+01:00,128.652,128.9575,128.646,128.9185
2022-06-01T02:00:00+01:00,128.9185,129.2535,128.8715,129.2275
2022-06-01T06:00:00+01:00,129.2275,129.546,129.1585,129.482
2022-06-01T10:00:00+01:00,129.4805,129.6145,129.288,129.3295
2022-06-01T14:00:00+01:00,129.329,130.136,129.207,130.133
2022-06-01T18:00:00+01:00,130.133,130.19,130.059,130.1175
2022-06-01T22:00:00+01:00,130.1175,130.241,129.8875,130.041
2022-06-02T02:00:00+01:00,130.041,130.146,129.8955,130.0565
2022-06-02T06:00:00+01:00,130.06,130.0895,129.7655,129.894
2022-06-02T10:00:00+01:00,129.896,129.9095,129.5125,129.644
2022-06-02T14:00:00+01:00,129.6445,130.0415,129.637,129.782
2022-06-02T18:00:00+01:00,129.782,129.9075,129.7735,129.842
2022-06-02T22:00:00+01:00,129.8395,130.0425,129.6995,129.756
2022-06-03T02:00:00+01:00,129.756,129.8925,129.686,129.848
2022-06-03T06:00:00+01:00,129.85,130.0555,129.8025,129.972
2022-06-03T10:00:00+01:00,129.9725,130.6515,129.972,130.497
2022-06-03T14:00:00+01:00,130.4935,130.982,130.394,130.8115
2022-06-03T18:00:00+01:00,130.8115,130.9205,130.7935,130.845
2022-06-05T22:00:00+01:00,130.92,130.999,130.664,130.832
2022-06-06T02:00:00+01:00,130.831,130.8315,130.4325,130.6625
2022-06-06T06:00:00+01:00,130.663,130.8295,130.4685,130.753
2022-06-06T10:00:00+01:00,130.755,130.8675,130.6155,130.7925
2022-06-06T14:00:00+01:00,130.793,131.6865,130.7845,131.674
2022-06-06T18:00:00+01:00,131.6735,132.0125,131.6735,131.8775
2022-06-06T22:00:00+01:00,131.8765,132.34,131.859,132.224
2022-06-07T02:00:00+01:00,132.2265,132.947,132.2265,132.946
2022-06-07T06:00:00+01:00,132.9455,133.0005,132.547,132.748
2022-06-07T10:00:00+01:00,132.748,132.8975,132.557,132.7975
2022-06-07T14:00:00+01:00,132.799,132.8545,132.318,132.592
2022-06-07T18:00:00+01:00,132.592,132.674,132.4765,132.592
2022-06-07T22:00:00+01:00,132.5875,133.1195,132.567,133.071
2022-06-08T02:00:00+01:00,133.0735,133.3,132.887,133.2525
2022-06-08T06:00:00+01:00,133.2525,133.868,132.9415,133.8385
2022-06-08T10:00:00+01:00,133.8385,134.476,133.6775,134.2935
2022-06-08T14:00:00+01:00,134.2935,134.352,133.6045,134.0555
2022-06-08T18:00:00+01:00,134.0545,134.303,133.954,134.252
2022-06-08T22:00:00+01:00,134.251,134.5585,134.082,134.2765
2022-06-09T02:00:00+01:00,134.2765,134.467,133.8265,134.178
2022-06-09T06:00:00+01:00,134.1775,134.178,133.384,133.645
2022-06-09T10:00:00+01:00,133.645,134.023,133.1855,133.788
2022-06-09T14:00:00+01:00,133.788,134.314,133.602,134.158
2022-06-09T18:00:00+01:00,134.157,134.4475,134.0345,134.3625
2022-06-09T22:00:00+01:00,134.348,134.4785,133.966,134.0075
2022-06-10T02:00:00+01:00,134.0095,134.2845,133.917,134.207
2022-06-10T06:00:00+01:00,134.2085,134.213,133.3655,133.8605
2022-06-10T10:00:00+01:00,133.8605,134.3925,133.5225,133.9605
2022-06-10T14:00:00+01:00,133.959,134.3335,133.759,134.3135
2022-06-10T18:00:00+01:00,134.3125,134.484,134.2195,134.4245
2022-06-12T22:00:00+01:00,134.35,134.9985,134.334,134.963
2022-06-13T02:00:00+01:00,134.9635,135.1985,134.683,135.02
2022-06-13T06:00:00+01:00,135.023,135.1345,134.1385,134.3335
2022-06-13T10:00:00+01:00,134.336,134.7025,133.874,134.0455
2022-06-13T14:00:00+01:00,134.0455,134.2745,133.5935,134.1895
2022-06-13T18:00:00+01:00,134.19,134.669,133.944,134.4175
2022-06-13T22:00:00+01:00,134.4145,134.5275,133.8735,134.1545
2022-06-14T02:00:00+01:00,134.157,134.821,134.082,134.6035
2022-06-14T06:00:00+01:00,134.6035,134.785,134.0165,134.1855
2022-06-14T10:00:00+01:00,134.185,134.6075,134.103,134.581
2022-06-14T14:00:00+01:00,134.5825,135.0045,134.2475,134.982
2022-06-14T18:00:00+01:00,134.982,135.479,134.745,135.4715
2022-06-14T22:00:00+01:00,135.4735,135.5955,134.869,135.0205
2022-06-15T02:00:00+01:00,135.0245,135.299,134.987,135.073
2022-06-15T06:00:00+01:00,135.074,135.1105,134.492,134.5275
2022-06-15T10:00:00+01:00,134.5295,134.8165,134.296,134.703
2022-06-15T14:00:00+01:00,134.703,134.8325,134.397,134.476
2022-06-15T18:00:00+01:00,134.475,134.9585,133.5095,133.834
2022-06-15T22:00:00+01:00,133.836,134.2945,133.703,134.2465
2022-06-16T02:00:00+01:00,134.248,134.679,134.2235,134.411
2022-06-16T06:00:00+01:00,134.412,134.6455,133.119,133.226
2022-06-16T10:00:00+01:00,133.226,133.392,132.315,132.7935
2022-06-16T14:00:00+01:00,132.794,132.9035,131.494,131.817
2022-06-16T18:00:00+01:00,131.815,132.2835,131.7515,132.2065
2022-06-16T22:00:00+01:00,132.212,133.2945,132.1625,133.222
2022-06-17T02:00:00+01:00,133.2225,134.644,132.3515,133.8445
2022-06-17T06:00:00+01:00,133.8405,134.606,133.788,134.5215
2022-06-17T10:00:00+01:00,134.5255,134.918,134.2655,134.5805
2022-06-17T14:00:00+01:00,134.5815,135.424,134.4355,135.1415
2022-06-17T18:00:00+01:00,135.1415,135.1415,134.855,134.943
2022-06-19T22:00:00+01:00,134.9525,135.4445,134.94,135.1785
2022-06-20T02:00:00+01:00,135.1845,135.2725,134.666,134.955
2022-06-20T06:00:00+01:00,134.955,135.103,134.534,134.766
2022-06-20T10:00:00+01:00,134.765,134.9875,134.6645,134.9405
2022-06-20T14:00:00+01:00,134.9445,135.15,134.8715,135.061
2022-06-20T18:00:00+01:00,135.0615,135.1445,135.021,135.088
2022-06-20T22:00:00+01:00,135.0745,135.216,134.923,135.0995
2022-06-21T02:00:00+01:00,135.102,135.189,134.9715,135.1245
2022-06-21T06:00:00+01:00,135.124,135.514,135.014,135.31
2022-06-21T10:00:00+01:00,135.308,136.337,135.2525,136.2355
2022-06-21T14:00:00+01:00,136.235,136.3975,136.023,136.3865
2022-06-21T18:00:00+01:00,136.3865,136.71,136.3555,136.6515
2022-06-21T22:00:00+01:00,136.6245,136.7155,136.244,136.4205
2022-06-22T02:00:00+01:00,136.42,136.4225,136.05,136.218
2022-06-22T06:00:00+01:00,136.2195,136.628,136.1185,136.255
2022-06-22T10:00:00+01:00,136.2535,136.306,135.7485,135.801
2022-06-22T14:00:00+01:00,135.801,136.2415,135.6835,136.2375
2022-06-22T18:00:00+01:00,136.2375,136.3055,136.107,136.2625
2022-06-22T22:00:00+01:00,136.2565,136.2615,135.87,136.0755
2022-06-23T02:00:00+01:00,136.076,136.0765,135.126,135.4375
2022-06-23T06:00:00+01:00,135.4375,135.8775,135.305,135.438
2022-06-23T10:00:00+01:00,135.437,135.6465,134.8725,134.956
2022-06-23T14:00:00+01:00,134.956,134.9955,134.265,134.77
2022-06-23T18:00:00+01:00,134.769,134.993,134.6875,134.946
2022-06-23T22:00:00+01:00,134.9455,135.229,134.6545,135.117
2022-06-24T02:00:00+01:00,135.1155,135.1405,134.5515,134.7975
2022-06-24T06:00:00+01:00,134.7995,134.9895,134.3515,134.9165
2022-06-24T10:00:00+01:00,134.9165,135.301,134.815,135.132
2022-06-24T14:00:00+01:00,135.1285,135.276,134.7165,135.166
2022-06-24T18:00:00+01:00,135.1655,135.4005,135.1265,135.205
2022-06-26T22:00:00+01:00,135.1445,135.2405,134.5935,134.634
2022-06-27T02:00:00+01:00,134.634,134.9315,134.5215,134.7005
2022-06-27T06:00:00+01:00,134.7,135.1755,134.6655,134.976
2022-06-27T10:00:00+01:00,134.9765,135.553,134.9535,135.419
2022-06-27T14:00:00+01:00,135.4185,135.457,135.0125,135.3575
2022-06-27T18:00:00+01:00,135.3575,135.494,135.319,135.4705
2022-06-27T22:00:00+01:00,135.4755,135.593,135.292,135.4465
2022-06-28T02:00:00+01:00,135.4475,135.498,135.1115,135.343
2022-06-28T06:00:00+01:00,135.3435,135.8385,135.294,135.684
2022-06-28T10:00:00+01:00,135.6845,136.3235,135.6785,136.2725
2022-06-28T14:00:00+01:00,136.272,136.3145,136.0485,136.199
2022-06-28T18:00:00+01:00,136.1975,136.3855,136.1135,136.1355
2022-06-28T22:00:00+01:00,136.13,136.2215,135.9435,136.0025
2022-06-29T02:00:00+01:00,136.004,136.2765,135.8955,136.0455
2022-06-29T06:00:00+01:00,136.046,136.227,135.775,136.1805
2022-06-29T10:00:00+01:00,136.184,136.619,136.123,136.5745
2022-06-29T14:00:00+01:00,136.573,137.003,136.3425,136.595
2022-06-29T18:00:00+01:00,136.595,136.6755,136.4795,136.5955
2022-06-29T22:00:00+01:00,136.59,136.8105,136.479,136.589
2022-06-30T02:00:00+01:00,136.595,136.6915,136.4945,136.5135
2022-06-30T06:00:00+01:00,136.513,136.5395,135.964,136.2345
2022-06-30T10:00:00+01:00,136.2315,136.444,135.98,136.1435
2022-06-30T14:00:00+01:00,136.143,136.206,135.567,135.6715
2022-06-30T18:00:00+01:00,135.671,135.772,135.5525,135.733
2022-06-30T22:00:00+01:00,135.7325,135.988,135.679,135.96
2022-07-01T02:00:00+01:00,135.96,135.96,134.978,135.089
2022-07-01T06:00:00+01:00,135.0905,135.6875,134.7445,135.5075
2022-07-01T10:00:00+01:00,135.5095,135.6695,135.0365,135.2755
2022-07-01T14:00:00+01:00,135.2785,135.554,134.7915,135.278
2022-07-01T18:00:00+01:00,135.2815,135.398,135.173,135.2245
2022-07-03T22:00:00+01:00,135.332,135.337,134.873,134.9195
2022-07-04T02:00:00+01:00,134.919,135.18,134.7835,135.1225
2022-07-04T06:00:00+01:00,135.123,135.523,135.1135,135.333
2022-07-04T10:00:00+01:00,135.333,135.5485,135.2615,135.4065
2022-07-04T14:00:00+01:00,135.406,135.7755,135.3955,135.702
2022-07-04T18:00:00+01:00,135.702,135.729,135.6665,135.6725
2022-07-04T22:00:00+01:00,135.7,136.15,135.538,136.051
2022-07-05T02:00:00+01:00,136.0505,136.363,135.983,136.25
2022-07-05T06:00:00+01:00,136.25,136.3275,135.556,135.846
2022-07-05T10:00:00+01:00,135.8465,136.204,135.557,135.8485
2022-07-05T14:00:00+01:00,135.8485,136.1125,135.52,135.7445
2022-07-05T18:00:00+01:00,135.743,135.9205,135.626,135.878
2022-07-05T22:00:00+01:00,135.8835,135.905,135.4235,135.657
2022-07-06T02:00:00+01:00,135.656,135.6665,135.128,135.3385
2022-07-06T06:00:00+01:00,135.338,135.696,135.0265,135.2115
2022-07-06T10:00:00+01:00,135.2115,135.501,134.9515,135.154
2022-07-06T14:00:00+01:00,135.1585,136.01,134.9625,135.751
2022-07-06T18:00:00+01:00,135.75,136.005,135.558,135.952
2022-07-06T22:00:00+01:00,135.9535,136.133,135.753,135.767
2022-07-07T02:00:00+01:00,135.7675,135.8275,135.5505,135.6815
2022-07-07T06:00:00+01:00,135.6815,136.222,135.6735,136.127
2022-07-07T10:00:00+01:00,136.125,136.214,135.5615,135.91
2022-07-07T14:00:00+01:00,135.91,136.0465,135.674,136.0375
2022-07-07T18:00:00+01:00,136.0375,136.1075,135.98,136.0005
2022-07-07T22:00:00+01:00,136.0065,136.1525,135.892,135.957
2022-07-08T02:00:00+01:00,135.957,136.081,135.3305,135.472
2022-07-08T06:00:00+01:00,135.4735,135.906,135.4445,135.7355
2022-07-08T10:00:00+01:00,135.7355,136.5675,135.682,136.426
2022-07-08T14:00:00+01:00,136.4245,136.5175,135.867,136.17
2022-07-08T18:00:00+01:00,136.17,136.1995,136.0345,136.067
2022-07-10T22:00:00+01:00,136,136.483,135.9515,136.461
2022-07-11T02:00:00+01:00,136.46,137.2785,136.439,136.9905
2022-07-11T06:00:00+01:00,136.9915,137.157,136.7095,136.972
2022-07-11T10:00:00+01:00,136.9685,137.6915,136.9455,137.591
2022-07-11T14:00:00+01:00,137.5895,137.7535,137.2755,137.4
2022-07-11T18:00:00+01:00,137.401,137.46,137.258,137.4415
2022-07-11T22:00:00+01:00,137.4455,137.4585,137.1425,137.229
2022-07-12T02:00:00+01:00,137.228,137.345,137.031,137.294
2022-07-12T06:00:00+01:00,137.289,137.5345,137.131,137.212
2022-07-12T10:00:00+01:00,137.213,137.2355,136.6245,136.6665
2022-07-12T14:00:00+01:00,136.6675,136.756,136.473,136.6825
2022-07-12T18:00:00+01:00,136.6815,136.8835,136.6675,136.87
2022-07-12T22:00:00+01:00,136.875,137.047,136.694,136.9325
2022-07-13T02:00:00+01:00,136.932,137.2565,136.9285,137.048
2022-07-13T06:00:00+01:00,137.048,137.2525,136.936,137.1625
2022-07-13T10:00:00+01:00,137.1605,137.723,136.982,137.587
2022-07-13T14:00:00+01:00,137.585,137.8695,137.099,137.221
2022-07-13T18:00:00+01:00,137.2205,137.4475,137.118,137.402
2022-07-13T22:00:00+01:00,137.353,137.972,137.3285,137.919
2022-07-14T02:00:00+01:00,137.919,138.2895,137.7685,138.239
2022-07-14T06:00:00+01:00,138.239,139.3905,138.2355,139.075
2022-07-14T10:00:00+01:00,139.077,139.228,138.598,139.1365
2022-07-14T14:00:00+01:00,139.137,139.3815,138.7075,138.947
2022-07-14T18:00:00+01:00,138.947,138.993,138.7205,138.964
2022-07-14T22:00:00+01:00,138.959,139.129,138.8095,138.861
2022-07-15T02:00:00+01:00,138.861,139.09,138.7665,139.0285
2022-07-15T06:00:00+01:00,139.0285,139.0575,138.5585,138.8135
2022-07-15T10:00:00+01:00,138.813,138.932,138.511,138.5805
2022-07-15T14:00:00+01:00,138.5795,138.8535,138.3875,138.555
2022-07-15T18:00:00+01:00,138.555,138.586,138.4745,138.502
2022-07-17T22:00:00+01:00,138.5695,138.603,138.159,138.181
2022-07-18T02:00:00+01:00,138.18,138.4575,138.0285,138.3325
2022-07-18T06:00:00+01:00,138.333,138.3405,137.8915,138.1095
2022-07-18T10:00:00+01:00,138.1105,138.4185,138.1065,138.3015
2022-07-18T14:00:00+01:00,138.2995,138.44,137.9705,138.073
2022-07-18T18:00:00+01:00,138.0735,138.1545,137.996,138.1375
2022-07-18T22:00:00+01:00,138.1355,138.393,138.071,138.238
2022-07-19T02:00:00+01:00,138.2405,138.3095,137.9385,138.091
2022-07-19T06:00:00+01:00,138.091,138.1085,137.6245,137.723
2022-07-19T10:00:00+01:00,137.7235,137.763,137.383,137.6445
2022-07-19T14:00:00+01:00,137.6465,138.0485,137.446,138.0435
2022-07-19T18:00:00+01:00,138.043,138.2485,138.0285,138.1875
2022-07-19T22:00:00+01:00,138.188,138.3765,138.0875,138.1535
2022-07-20T02:00:00+01:00,138.153,138.227,137.919,137.9955
2022-07-20T06:00:00+01:00,137.995,138.335,137.9025,138.2555
2022-07-20T10:00:00+01:00,138.255,138.255,138.0415,138.066
2022-07-20T14:00:00+01:00,138.066,138.2805,137.9635,138.2565
2022-07-20T18:00:00+01:00,138.2565,138.305,138.18,138.274
2022-07-20T22:00:00+01:00,138.2875,138.556,138.1765,138.4655
2022-07-21T02:00:00+01:00,138.4655,138.522,137.985,138.1715
2022-07-21T06:00:00+01:00,138.1735,138.6905,138.1125,138.66
2022-07-21T10:00:00+01:00,138.66,138.878,138.312,138.401
2022-07-21T14:00:00+01:00,138.4015,138.5345,137.71,137.943
2022-07-21T18:00:00+01:00,137.9405,137.942,137.3,137.372
2022-07-21T22:00:00+01:00,137.3545,137.561,137.025,137.3615
2022-07-22T02:00:00+01:00,137.364,137.901,137.299,137.875
2022-07-22T06:00:00+01:00,137.8755,137.956,137.5115,137.6395
2022-07-22T10:00:00+01:00,137.6385,137.6395,136.6135,136.8565
2022-07-22T14:00:00+01:00,136.8565,136.8815,135.5685,136.0205
2022-07-22T18:00:00+01:00,136.0205,136.282,135.8865,136.0665
2022-07-24T22:00:00+01:00,136.1585,136.611,136.0515,136.5305
2022-07-25T02:00:00+01:00,136.5285,136.5555,135.891,136.2155
2022-07-25T06:00:00+01:00,136.215,136.481,136.213,136.4105
2022-07-25T10:00:00+01:00,136.4115,136.7465,136.223,136.5465
2022-07-25T14:00:00+01:00,136.5435,136.79,136.4125,136.7015
2022-07-25T18:00:00+01:00,136.704,136.7315,136.588,136.674
2022-07-25T22:00:00+01:00,136.659,136.7095,136.2775,136.422
2022-07-26T02:00:00+01:00,136.4225,136.58,136.3045,136.5505
2022-07-26T06:00:00+01:00,136.549,136.7385,136.468,136.5475
2022-07-26T10:00:00+01:00,136.5475,136.8455,136.404,136.5165
2022-07-26T14:00:00+01:00,136.5155,136.691,136.283,136.625
2022-07-26T18:00:00+01:00,136.6245,136.971,136.562,136.9435
2022-07-26T22:00:00+01:00,136.956,137.122,136.802,137.071
2022-07-27T02:00:00+01:00,137.0685,137.1445,136.885,137.008
2022-07-27T06:00:00+01:00,137.009,137.051,136.7545,136.806
2022-07-27T10:00:00+01:00,136.806,136.988,136.5305,136.9375
2022-07-27T14:00:00+01:00,136.9405,137.4305,136.7905,137.357
2022-07-27T18:00:00+01:00,137.357,137.4645,136.324,136.587
2022-07-27T22:00:00+01:00,136.59,136.6155,136.0445,136.1615
2022-07-28T02:00:00+01:00,136.1595,136.1595,135.104,135.464
2022-07-28T06:00:00+01:00,135.4615,135.799,135.2485,135.314
2022-07-28T10:00:00+01:00,135.315,135.7465,134.553,134.7135
2022-07-28T14:00:00+01:00,134.713,134.897,134.3385,134.5045
2022-07-28T18:00:00+01:00,134.505,134.566,134.201,134.2635
2022-07-28T22:00:00+01:00,134.2625,134.679,134.238,134.503
2022-07-29T02:00:00+01:00,134.504,134.5775,132.963,133.3855
2022-07-29T06:00:00+01:00,133.3845,133.391,132.5055,132.987
2022-07-29T10:00:00+01:00,132.988,134.246,132.978,134.0685
2022-07-29T14:00:00+01:00,134.0675,134.597,133.2165,133.312
2022-07-29T18:00:00+01:00,133.3135,133.437,133.2085,133.268
2022-07-31T22:00:00+01:00,133.28,133.5645,132.7645,132.8855
2022-08-01T02:00:00+01:00,132.8855,132.973,132.0645,132.601
2022-08-01T06:00:00+01:00,132.6015,132.667,132.0985,132.3465
2022-08-01T10:00:00+01:00,132.3465,132.5075,131.874,132.056
2022-08-01T14:00:00+01:00,132.0565,132.3945,131.602,131.764
2022-08-01T18:00:00+01:00,131.763,131.992,131.602,131.6075
2022-08-01T22:00:00+01:00,131.611,131.759,130.593,130.9435
2022-08-02T02:00:00+01:00,130.9405,130.973,130.396,130.722
2022-08-02T06:00:00+01:00,130.7215,131.1795,130.4255,130.8745
2022-08-02T10:00:00+01:00,130.8765,131.0805,130.6425,130.7535
2022-08-02T14:00:00+01:00,130.752,132.3965,130.701,132.257
2022-08-02T18:00:00+01:00,132.2595,133.1875,132.2165,133.17
2022-08-02T22:00:00+01:00,133.1675,133.9045,132.874,133.796
2022-08-03T02:00:00+01:00,133.797,133.8505,132.2855,132.7195
2022-08-03T06:00:00+01:00,132.7185,133.4165,132.7025,133.2045
2022-08-03T10:00:00+01:00,133.206,133.703,132.9575,133.579
2022-08-03T14:00:00+01:00,133.579,134.55,133.4625,134.1255
2022-08-03T18:00:00+01:00,134.1225,134.184,133.848,133.8555
2022-08-03T22:00:00+01:00,133.8575,134.1425,133.565,133.6245
2022-08-04T02:00:00+01:00,133.6245,133.9225,133.423,133.703
2022-08-04T06:00:00+01:00,133.703,134.426,133.6915,134.3025
2022-08-04T10:00:00+01:00,134.3025,134.387,133.159,133.5275
2022-08-04T14:00:00+01:00,133.528,133.796,132.945,133.088
2022-08-04T18:00:00+01:00,133.0885,133.208,132.764,132.9105
2022-08-04T22:00:00+01:00,132.8975,133.1475,132.522,132.9745
2022-08-05T02:00:00+01:00,132.973,133.3815,132.9505,133.333
2022-08-05T06:00:00+01:00,133.331,133.4755,133.053,133.084
2022-08-05T10:00:00+01:00,133.0835,134.8595,132.8405,134.678
2022-08-05T14:00:00+01:00,134.6775,135.5025,134.624,135.1395
2022-08-05T18:00:00+01:00,135.1425,135.1695,134.861,134.966
2022-08-07T22:00:00+01:00,135.083,135.584,134.948,135.347
2022-08-08T02:00:00+01:00,135.339,135.4195,135.062,135.2535
2022-08-08T06:00:00+01:00,135.2535,135.4655,134.9085,135.127
2022-08-08T10:00:00+01:00,135.127,135.206,134.6,134.849
2022-08-08T14:00:00+01:00,134.8485,134.908,134.3555,134.6265
2022-08-08T18:00:00+01:00,134.6265,135.1135,134.6205,135.013
2022-08-08T22:00:00+01:00,134.994,135.037,134.7625,134.8795
2022-08-09T02:00:00+01:00,134.88,135.0495,134.669,134.909
2022-08-09T06:00:00+01:00,134.909,135.1595,134.797,134.9005
2022-08-09T10:00:00+01:00,134.902,135.1915,134.716,134.9265
2022-08-09T14:00:00+01:00,134.925,135.0675,134.8555,135.035
2022-08-09T18:00:00+01:00,135.036,135.2035,134.9905,135.12
2022-08-09T22:00:00+01:00,135.09,135.3055,135.061,135.2175
2022-08-10T02:00:00+01:00,135.219,135.2455,134.8925,134.9895
2022-08-10T06:00:00+01:00,134.9905,135.1005,134.9065,134.969
2022-08-10T10:00:00+01:00,134.97,135.102,132.6845,133.146
2022-08-10T14:00:00+01:00,133.1465,133.319,132.0295,132.544
2022-08-10T18:00:00+01:00,132.543,133.0735,132.3505,132.9
2022-08-10T22:00:00+01:00,132.9005,132.9735,132.6075,132.774
2022-08-11T02:00:00+01:00,132.7735,133.313,132.772,133.1305
2022-08-11T06:00:00+01:00,133.1285,133.192,132.431,132.516
2022-08-11T10:00:00+01:00,132.515,132.7115,131.736,131.936
2022-08-11T14:00:00+01:00,131.9365,132.8895,131.8795,132.7815
2022-08-11T18:00:00+01:00,132.782,133.137,132.754,133.0145
2022-08-11T22:00:00+01:00,132.999,133.4455,132.8815,133.2755
2022-08-12T02:00:00+01:00,133.2755,133.4955,133.094,133.2475
2022-08-12T06:00:00+01:00,133.2485,133.441,133.073,133.235
2022-08-12T10:00:00+01:00,133.234,133.895,133.231,133.688
2022-08-12T14:00:00+01:00,133.686,133.877,133.436,133.591
2022-08-12T18:00:00+01:00,133.59,133.59,133.3975,133.3985
2022-08-14T22:00:00+01:00,133.4415,133.599,132.916,133.0365
2022-08-15T02:00:00+01:00,133.036,133.3665,132.994,133.2
2022-08-15T06:00:00+01:00,133.201,133.542,133.128,133.369
2022-08-15T10:00:00+01:00,133.3685,133.4955,132.555,132.69
2022-08-15T14:00:00+01:00,132.6885,133.2745,132.556,133.138
2022-08-15T18:00:00+01:00,133.139,133.3525,133.139,133.3095
2022-08-15T22:00:00+01:00,133.307,133.346,132.952,133.1955
2022-08-16T02:00:00+01:00,133.196,133.4965,133.169,133.4465
2022-08-16T06:00:00+01:00,133.447,133.955,133.2655,133.941
2022-08-16T10:00:00+01:00,133.9405,134.6855,133.8705,134.5955
2022-08-16T14:00:00+01:00,134.596,134.6725,134.206,134.402
2022-08-16T18:00:00+01:00,134.402,134.405,134.166,134.2285
2022-08-16T22:00:00+01:00,134.2275,134.4325,134.112,134.132
2022-08-17T02:00:00+01:00,134.1325,134.2155,133.906,134.1515
2022-08-17T06:00:00+01:00,134.152,134.91,134.086,134.813
2022-08-17T10:00:00+01:00,134.813,135.3965,134.6485,135.1065
2022-08-17T14:00:00+01:00,135.1075,135.4995,134.9425,135.4075
2022-08-17T18:00:00+01:00,135.406,135.481,134.7935,135.0615
2022-08-17T22:00:00+01:00,135.062,135.1865,134.732,134.813
2022-08-18T02:00:00+01:00,134.814,135.15,134.7625,135.0715
2022-08-18T06:00:00+01:00,135.071,135.432,134.99,135.2075
2022-08-18T10:00:00+01:00,135.209,135.349,134.648,134.932
2022-08-18T14:00:00+01:00,134.932,135.697,134.8495,135.642
2022-08-18T18:00:00+01:00,135.6425,135.9025,135.6405,135.8925
2022-08-18T22:00:00+01:00,135.8905,136.3745,135.7185,136.279
2022-08-19T02:00:00+01:00,136.278,136.347,136.073,136.2695
2022-08-19T06:00:00+01:00,136.2705,136.765,136.122,136.4795
2022-08-19T10:00:00+01:00,136.48,137.141,136.3915,136.8275
2022-08-19T14:00:00+01:00,136.83,137.2315,136.725,136.8755
2022-08-19T18:00:00+01:00,136.871,136.955,136.7395,136.927
2022-08-21T22:00:00+01:00,136.877,137.2805,136.827,137.2715
2022-08-22T02:00:00+01:00,137.2755,137.4375,137.109,137.2435
2022-08-22T06:00:00+01:00,137.242,137.306,136.7,136.9365
2022-08-22T10:00:00+01:00,136.933,137.2485,136.747,137.183
2022-08-22T14:00:00+01:00,137.183,137.6515,137.023,137.4545
2022-08-22T18:00:00+01:00,137.454,137.536,137.354,137.491
2022-08-22T22:00:00+01:00,137.493,137.7105,137.1995,137.249
2022-08-23T02:00:00+01:00,137.248,137.3685,137.081,137.287
2022-08-23T06:00:00+01:00,137.2865,137.4195,137.0405,137.214
2022-08-23T10:00:00+01:00,137.214,137.6455,137.2135,137.522
2022-08-23T14:00:00+01:00,137.521,137.62,135.808,136.438
2022-08-23T18:00:00+01:00,136.439,136.886,136.4185,136.766
2022-08-23T22:00:00+01:00,136.7685,136.9505,136.6135,136.902
2022-08-24T02:00:00+01:00,136.902,137.0435,136.361,136.488
2022-08-24T06:00:00+01:00,136.4875,136.8545,136.381,136.4655
2022-08-24T10:00:00+01:00,136.466,137.018,136.175,136.8655
2022-08-24T14:00:00+01:00,136.8635,137.2455,136.698,137.074
2022-08-24T18:00:00+01:00,137.0765,137.212,137.006,137.1285
2022-08-24T22:00:00+01:00,137.133,137.2015,136.7355,136.9395
2022-08-25T02:00:00+01:00,136.9405,136.989,136.585,136.66
2022-08-25T06:00:00+01:00,136.6595,136.7925,136.3995,136.478
2022-08-25T10:00:00+01:00,136.4765,136.8415,136.32,136.6805
2022-08-25T14:00:00+01:00,136.6825,136.9565,136.6085,136.6445
2022-08-25T18:00:00+01:00,136.6445,136.6595,136.3995,136.4805
2022-08-25T22:00:00+01:00,136.4935,136.7465,136.4225,136.6905
2022-08-26T02:00:00+01:00,136.6905,136.839,136.618,136.837
2022-08-26T06:00:00+01:00,136.8405,137.127,136.749,136.917
2022-08-26T10:00:00+01:00,136.916,137.044,136.503,136.681
2022-08-26T14:00:00+01:00,136.6815,137.456,136.1975,137.335
2022-08-26T18:00:00+01:00,137.3335,137.768,137.29,137.764
2022-08-28T22:00:00+01:00,137.671,138.398,137.5745,138.382
2022-08-29T02:00:00+01:00,138.381,138.895,138.252,138.8645
2022-08-29T06:00:00+01:00,138.8645,139.002,138.642,138.7025
2022-08-29T10:00:00+01:00,138.7005,138.7445,138.2685,138.502
2022-08-29T14:00:00+01:00,138.503,138.853,138.327,138.74
2022-08-29T18:00:00+01:00,138.736,138.879,138.6445,138.716
2022-08-29T22:00:00+01:00,138.7135,138.8275,138.4405,138.497
2022-08-30T02:00:00+01:00,138.5,138.6815,138.3385,138.489
2022-08-30T06:00:00+01:00,138.4895,138.661,138.136,138.283
2022-08-30T10:00:00+01:00,138.2845,138.5,138.0525,138.4945
2022-08-30T14:00:00+01:00,138.4945,139.079,138.174,138.692
2022-08-30T18:00:00+01:00,138.692,138.817,138.6105,138.7855
2022-08-30T22:00:00+01:00,138.7875,138.8475,138.4425,138.628
2022-08-31T02:00:00+01:00,138.6265,138.655,138.33,138.471
2022-08-31T06:00:00+01:00,138.471,138.781,138.272,138.586
2022-08-31T10:00:00+01:00,138.586,138.894,138.4565,138.596
2022-08-31T14:00:00+01:00,138.5975,138.8525,138.4485,138.7115
2022-08-31T18:00:00+01:00,138.7125,139.006,138.6365,138.9605
2022-08-31T22:00:00+01:00,138.9565,139.589,138.8975,139.477
2022-09-01T02:00:00+01:00,139.477,139.6855,139.3615,139.506
2022-09-01T06:00:00+01:00,139.5075,139.517,139.0855,139.221
2022-09-01T10:00:00+01:00,139.2215,139.7025,139.0615,139.5585
2022-09-01T14:00:00+01:00,139.559,140.2245,139.3855,140.045
2022-09-01T18:00:00+01:00,140.0455,140.2305,139.934,140.207
2022-09-01T22:00:00+01:00,140.208,140.273,139.8705,140.087
2022-09-02T02:00:00+01:00,140.0875,140.4005,139.9375,140.343
2022-09-02T06:00:00+01:00,140.3435,140.4345,140.1425,140.333
2022-09-02T10:00:00+01:00,140.333,140.8015,139.94,140.58
2022-09-02T14:00:00+01:00,140.5805,140.6895,139.917,140.233
2022-09-02T18:00:00+01:00,140.2325,140.3245,140.061,140.1955
2022-09-04T22:00:00+01:00,140.1535,140.5575,140.12,140.3135
2022-09-05T02:00:00+01:00,140.312,140.423,140.12,140.353
2022-09-05T06:00:00+01:00,140.3535,140.5985,140.2985,140.541
2022-09-05T10:00:00+01:00,140.5415,140.6515,140.3795,140.5875
2022-09-05T14:00:00+01:00,140.587,140.6635,140.486,140.53
2022-09-05T18:00:00+01:00,140.529,140.61,140.513,140.6015
2022-09-05T22:00:00+01:00,140.5935,140.6125,140.2505,140.2855
2022-09-06T02:00:00+01:00,140.284,140.967,140.2825,140.927
2022-09-06T06:00:00+01:00,140.9285,141.8635,140.8545,141.691
2022-09-06T10:00:00+01:00,141.6925,142.4005,141.5705,142.378
2022-09-06T14:00:00+01:00,142.378,143.076,142.309,142.9365
2022-09-06T18:00:00+01:00,142.9365,142.9705,142.7605,142.795
2022-09-06T22:00:00+01:00,142.795,143.5915,142.7275,143.102
2022-09-07T02:00:00+01:00,143.104,144.388,143.046,143.993
2022-09-07T06:00:00+01:00,143.9925,144.2575,143.76,144.0565
2022-09-07T10:00:00+01:00,144.057,144.9925,144.0295,144.822
2022-09-07T14:00:00+01:00,144.8225,144.9535,144.1515,144.302
2022-09-07T18:00:00+01:00,144.297,144.32,143.673,143.7485
2022-09-07T22:00:00+01:00,143.7325,144.561,143.7165,144.3355
2022-09-08T02:00:00+01:00,144.3325,144.3325,143.698,144.0075
2022-09-08T06:00:00+01:00,144.0085,144.1495,143.4305,144.042
2022-09-08T10:00:00+01:00,144.0435,144.1665,143.3195,144.132
2022-09-08T14:00:00+01:00,144.133,144.4455,143.7295,144.1275
2022-09-08T18:00:00+01:00,144.126,144.1775,143.8805,144.1075
2022-09-08T22:00:00+01:00,144.1095,144.132,143.626,143.797
2022-09-09T02:00:00+01:00,143.7965,143.837,142.451,142.827
2022-09-09T06:00:00+01:00,142.826,143.15,141.894,141.9605
2022-09-09T10:00:00+01:00,141.9605,142.824,141.5035,142.351
2022-09-09T14:00:00+01:00,142.351,142.7415,142.1555,142.553
2022-09-09T18:00:00+01:00,142.553,142.7715,142.5315,142.5935
2022-09-11T22:00:00+01:00,142.136,142.9605,142.1075,142.805
2022-09-12T02:00:00+01:00,142.8055,143.2475,142.3295,143.176
2022-09-12T06:00:00+01:00,143.1765,143.4965,142.6015,142.6895
2022-09-12T10:00:00+01:00,142.689,142.8715,142.236,142.527
2022-09-12T14:00:00+01:00,142.527,142.8765,142.1615,142.2145
2022-09-12T18:00:00+01:00,142.2135,142.854,142.208,142.84
2022-09-12T22:00:00+01:00,142.8405,142.8605,142.428,142.454
2022-09-13T02:00:00+01:00,142.4535,142.7265,142.319,142.577
2022-09-13T06:00:00+01:00,142.577,142.58,142.0445,142.2525
2022-09-13T10:00:00+01:00,142.253,144.449,141.6205,144.4115
2022-09-13T14:00:00+01:00,144.4115,144.687,143.7875,144.306
2022-09-13T18:00:00+01:00,144.307,144.607,144.116,144.5745
2022-09-13T22:00:00+01:00,144.567,144.962,144.073,144.4215
2022-09-14T02:00:00+01:00,144.42,144.8535,143.663,143.8675
2022-09-14T06:00:00+01:00,143.864,143.9145,142.899,143.341
2022-09-14T10:00:00+01:00,143.3415,143.727,142.822,143.026
2022-09-14T14:00:00+01:00,143.0255,143.0955,142.552,142.9335
2022-09-14T18:00:00+01:00,142.933,143.223,142.922,143.1485
2022-09-14T22:00:00+01:00,143.168,143.2755,142.797,143.138
2022-09-15T02:00:00+01:00,143.1435,143.575,142.9155,143.495
2022-09-15T06:00:00+01:00,143.494,143.8015,143.331,143.4305
2022-09-15T10:00:00+01:00,143.4305,143.725,143.154,143.3235
2022-09-15T14:00:00+01:00,143.3245,143.607,143.166,143.498
2022-09-15T18:00:00+01:00,143.4985,143.556,143.3355,143.512
2022-09-15T22:00:00+01:00,143.5075,143.534,142.8295,143.0025
2022-09-16T02:00:00+01:00,143.007,143.498,142.862,143.2825
2022-09-16T06:00:00+01:00,143.283,143.694,143.2275,143.361
2022-09-16T10:00:00+01:00,143.3595,143.385,142.9545,143.2985
2022-09-16T14:00:00+01:00,143.2995,143.357,142.8635,143.0325
2022-09-16T18:00:00+01:00,143.0325,143.054,142.8545,142.9155
2022-09-18T22:00:00+01:00,142.9225,143.126,142.6435,142.9355
2022-09-19T02:00:00+01:00,142.935,143.234,142.9085,143.2275
2022-09-19T06:00:00+01:00,143.229,143.545,143.2245,143.4675
2022-09-19T10:00:00+01:00,143.4695,143.6455,143.382,143.478
2022-09-19T14:00:00+01:00,143.4755,143.5855,143.1725,143.2335
2022-09-19T18:00:00+01:00,143.2335,143.3905,143.1525,143.2065
2022-09-19T22:00:00+01:00,143.2055,143.342,142.9335,143.186
2022-09-20T02:00:00+01:00,143.186,143.3845,142.951,143.304
2022-09-20T06:00:00+01:00,143.306,143.7515,143.2115,143.6595
2022-09-20T10:00:00+01:00,143.6605,143.8165,143.475,143.6815
2022-09-20T14:00:00+01:00,143.6815,143.924,143.599,143.602
2022-09-20T18:00:00+01:00,143.6025,143.7605,143.5265,143.734
2022-09-20T22:00:00+01:00,143.731,143.7585,143.4795,143.7205
2022-09-21T02:00:00+01:00,143.723,144.058,143.633,144.023
2022-09-21T06:00:00+01:00,144.0235,144.078,143.3435,143.7495
2022-09-21T10:00:00+01:00,143.7485,144.2065,143.747,143.9815
2022-09-21T14:00:00+01:00,143.9825,144.3975,143.872,144.396
2022-09-21T18:00:00+01:00,144.395,144.703,143.401,144.0915
2022-09-21T22:00:00+01:00,144.095,144.554,143.996,144.4215
2022-09-22T02:00:00+01:00,144.422,145.386,143.517,144.806
2022-09-22T06:00:00+01:00,144.8065,145.9025,140.6875,142.0855
2022-09-22T10:00:00+01:00,142.085,143.3975,140.352,140.7255
2022-09-22T14:00:00+01:00,140.7275,142.4445,140.7255,142.359
2022-09-22T18:00:00+01:00,142.359,142.505,142.096,142.4005
2022-09-22T22:00:00+01:00,142.386,142.595,142.06,142.113
2022-09-23T02:00:00+01:00,142.112,142.3295,141.765,142.297
2022-09-23T06:00:00+01:00,142.2975,142.8985,142.0895,142.8735
2022-09-23T10:00:00+01:00,142.8745,143.269,142.266,142.9525
2022-09-23T14:00:00+01:00,142.9525,143.3315,142.7325,143.1885
2022-09-23T18:00:00+01:00,143.189,143.462,143.1255,143.319
2022-09-25T22:00:00+01:00,143.71,144.0855,143.2335,143.8015
2022-09-26T02:00:00+01:00,143.801,144.2025,143.6725,144.1675
2022-09-26T06:00:00+01:00,144.167,144.266,143.515,143.8365
2022-09-26T10:00:00+01:00,143.836,144.3755,143.733,143.8865
2022-09-26T14:00:00+01:00,143.887,144.644,143.864,144.546
2022-09-26T18:00:00+01:00,144.547,144.7885,144.507,144.756
2022-09-26T22:00:00+01:00,144.7565,144.7565,144.27,144.441
2022-09-27T02:00:00+01:00,144.441,144.6355,144.3205,144.531
2022-09-27T06:00:00+01:00,144.5285,144.5575,144.0615,144.387
2022-09-27T10:00:00+01:00,144.3865,144.7215,144.2405,144.7055
2022-09-27T14:00:00+01:00,144.705,144.8645,144.5195,144.815
2022-09-27T18:00:00+01:00,144.8155,144.9055,144.7325,144.8015
2022-09-27T22:00:00+01:00,144.803,144.8735,144.6035,144.7415
2022-09-28T02:00:00+01:00,144.7405,144.853,144.3915,144.674
2022-09-28T06:00:00+01:00,144.6735,144.823,144.499,144.7145
2022-09-28T10:00:00+01:00,144.714,144.828,144.4865,144.5955
2022-09-28T14:00:00+01:00,144.599,144.662,144.039,144.219
2022-09-28T18:00:00+01:00,144.2195,144.2465,143.91,144.1435
2022-09-28T22:00:00+01:00,144.1275,144.467,144.066,144.271
2022-09-29T02:00:00+01:00,144.2715,144.5305,144.2055,144.4935
2022-09-29T06:00:00+01:00,144.493,144.815,144.444,144.7635
2022-09-29T10:00:00+01:00,144.764,144.7995,144.602,144.717
2022-09-29T14:00:00+01:00,144.717,144.7525,144.2585,144.5155
2022-09-29T18:00:00+01:00,144.516,144.6395,144.324,144.4425
2022-09-29T22:00:00+01:00,144.437,144.7465,144.309,144.6725
2022-09-30T02:00:00+01:00,144.6725,144.7745,144.488,144.5985
2022-09-30T06:00:00+01:00,144.595,144.619,144.2045,144.275
2022-09-30T10:00:00+01:00,144.271,144.769,144.244,144.535
2022-09-30T14:00:00+01:00,144.535,144.793,144.4405,144.716
2022-09-30T18:00:00+01:00,144.7155,144.8105,144.663,144.743
2022-10-02T22:00:00+01:00,144.7,144.8895,144.5,144.7835
2022-10-03T02:00:00+01:00,144.7835,145.322,144.6505,144.9435
2022-10-03T06:00:00+01:00,144.944,145.1365,144.7405,145.0445
2022-10-03T10:00:00+01:00,145.045,145.215,144.7755,144.93
2022-10-03T14:00:00+01:00,144.93,144.974,144.157,144.517
2022-10-03T18:00:00+01:00,144.518,144.7955,144.498,144.5425
2022-10-03T22:00:00+01:00,144.543,144.7585,144.411,144.6915
2022-10-04T02:00:00+01:00,144.689,144.917,144.669,144.8025
2022-10-04T06:00:00+01:00,144.8015,144.8725,144.5285,144.7475
2022-10-04T10:00:00+01:00,144.748,144.9345,144.6115,144.7105
2022-10-04T14:00:00+01:00,144.7065,144.856,143.9515,144.2295
2022-10-04T18:00:00+01:00,144.2295,144.2915,143.893,144.147
2022-10-04T22:00:00+01:00,144.1565,144.264,143.526,143.85
2022-10-05T02:00:00+01:00,143.851,144.3405,143.786,144.137
2022-10-05T06:00:00+01:00,144.1375,144.565,143.9995,144.369
2022-10-05T10:00:00+01:00,144.3685,144.5515,144.3165,144.474
2022-10-05T14:00:00+01:00,144.4735,144.847,144.431,144.745
2022-10-05T18:00:00+01:00,144.745,144.7915,144.396,144.664
2022-10-05T22:00:00+01:00,144.665,144.6885,144.3865,144.5965
2022-10-06T02:00:00+01:00,144.5965,144.703,144.5,144.519
2022-10-06T06:00:00+01:00,144.5175,144.7375,144.483,144.654
2022-10-06T10:00:00+01:00,144.65,144.775,144.575,144.74
2022-10-06T14:00:00+01:00,144.74,145.0795,144.6985,144.9425
2022-10-06T18:00:00+01:00,144.9425,145.1445,144.8885,145.135
2022-10-06T22:00:00+01:00,145.1345,145.1425,144.8505,144.9485
2022-10-07T02:00:00+01:00,144.9475,145.068,144.905,145.0265
2022-10-07T06:00:00+01:00,145.0255,145.084,144.72,144.828
2022-10-07T10:00:00+01:00,144.8275,145.351,144.61,145.0725
2022-10-07T14:00:00+01:00,145.073,145.3185,144.9475,145.2685
2022-10-07T18:00:00+01:00,145.268,145.4435,145.2315,145.2365
2022-10-09T22:00:00+01:00,145.3425,145.6695,145.326,145.497
2022-10-10T02:00:00+01:00,145.4975,145.5195,145.3385,145.4495
2022-10-10T06:00:00+01:00,145.448,145.5715,145.2355,145.5115
2022-10-10T10:00:00+01:00,145.5095,145.602,145.4225,145.512
2022-10-10T14:00:00+01:00,145.5125,145.8055,145.4445,145.7725
2022-10-10T18:00:00+01:00,145.7725,145.7925,145.61,145.7265
2022-10-10T22:00:00+01:00,145.726,145.762,145.5505,145.6685
2022-10-11T02:00:00+01:00,145.669,145.837,145.611,145.783
2022-10-11T06:00:00+01:00,145.7835,145.865,145.5005,145.6885
2022-10-11T10:00:00+01:00,145.6875,145.7665,145.5005,145.655
2022-10-11T14:00:00+01:00,145.656,145.7915,145.428,145.5665
2022-10-11T18:00:00+01:00,145.5645,145.899,145.552,145.852
2022-10-11T22:00:00+01:00,145.8595,146.2315,145.675,146.128
2022-10-12T02:00:00+01:00,146.129,146.391,146.0005,146.212
2022-10-12T06:00:00+01:00,146.212,146.3135,146.0545,146.2895
2022-10-12T10:00:00+01:00,146.291,146.8225,146.269,146.736
2022-10-12T14:00:00+01:00,146.7335,146.9705,146.692,146.954
2022-10-12T18:00:00+01:00,146.954,146.971,146.659,146.9105
2022-10-12T22:00:00+01:00,146.909,146.9205,146.6715,146.7825
2022-10-13T02:00:00+01:00,146.7835,146.8825,146.7535,146.835
2022-10-13T06:00:00+01:00,146.837,146.904,146.754,146.828
2022-10-13T10:00:00+01:00,146.828,147.507,146.6335,147.2885
2022-10-13T14:00:00+01:00,147.29,147.674,146.453,147.213
2022-10-13T18:00:00+01:00,147.2125,147.301,146.834,147.216
2022-10-13T22:00:00+01:00,147.1205,147.454,147.0865,147.3435
2022-10-14T02:00:00+01:00,147.3425,147.464,147.091,147.4335
2022-10-14T06:00:00+01:00,147.4335,147.744,147.358,147.688
2022-10-14T10:00:00+01:00,147.6875,147.88,147.5035,147.703
2022-10-14T14:00:00+01:00,147.704,148.864,147.6815,148.847
2022-10-14T18:00:00+01:00,148.848,148.8585,148.5575,148.7345
2022-10-16T22:00:00+01:00,148.5675,148.72,148.429,148.5545
2022-10-17T02:00:00+01:00,148.555,148.805,148.5415,148.7985
2022-10-17T06:00:00+01:00,148.799,148.8,148.5815,148.7125
2022-10-17T10:00:00+01:00,148.713,148.8955,148.598,148.691
2022-10-17T14:00:00+01:00,148.691,148.8435,148.572,148.83
2022-10-17T18:00:00+01:00,148.829,149.092,148.744,149.038
2022-10-17T22:00:00+01:00,149.0385,149.0495,148.7415,148.7685
2022-10-18T02:00:00+01:00,148.769,148.9495,148.674,148.789
2022-10-18T06:00:00+01:00,148.7895,149.29,148.7665,149.2785
2022-10-18T10:00:00+01:00,149.278,149.29,148.138,148.9895
2022-10-18T14:00:00+01:00,148.988,149.2905,148.944,149.185
2022-10-18T18:00:00+01:00,149.184,149.286,149.151,149.2555
2022-10-18T22:00:00+01:00,149.251,149.274,149.101,149.1805
2022-10-19T02:00:00+01:00,149.1825,149.3055,149.1235,149.297
2022-10-19T06:00:00+01:00,149.296,149.485,149.229,149.419
2022-10-19T10:00:00+01:00,149.42,149.778,149.3655,149.741
2022-10-19T14:00:00+01:00,149.7415,149.8435,149.6245,149.8365
2022-10-19T18:00:00+01:00,149.8365,149.909,149.8095,149.902
2022-10-19T22:00:00+01:00,149.902,149.9405,149.72,149.927
2022-10-20T02:00:00+01:00,149.928,149.961,149.8535,149.91
2022-10-20T06:00:00+01:00,149.9125,150.088,149.6465,149.949
2022-10-20T10:00:00+01:00,149.9475,149.9475,149.6825,149.909
2022-10-20T14:00:00+01:00,149.9085,149.9495,149.5535,149.918
2022-10-20T18:00:00+01:00,149.919,150.288,149.9095,150.138
2022-10-20T22:00:00+01:00,150.141,150.221,150.03,150.159
2022-10-21T02:00:00+01:00,150.159,150.4345,150.1525,150.3885
2022-10-21T06:00:00+01:00,150.389,150.9495,150.294,150.938
2022-10-21T10:00:00+01:00,150.937,151.9455,150.7835,151.4775
2022-10-21T14:00:00+01:00,151.4805,151.688,146.199,147.2515
2022-10-21T18:00:00+01:00,147.2525,148.456,146.6275,147.676
2022-10-23T22:00:00+01:00,147.7325,149.7115,145.479,148.714
2022-10-24T02:00:00+01:00,148.7185,149.044,148.5235,148.9005
2022-10-24T06:00:00+01:00,148.9,149.409,148.7805,149.327
2022-10-24T10:00:00+01:00,149.3275,149.46,148.276,149.068
2022-10-24T14:00:00+01:00,149.0675,149.225,148.6595,148.958
2022-10-24T18:00:00+01:00,148.957,149.099,148.78,148.9905
2022-10-24T22:00:00+01:00,148.893,149.102,148.491,148.9775
2022-10-25T02:00:00+01:00,148.976,149.063,148.786,148.8945
2022-10-25T06:00:00+01:00,148.8955,149.009,148.8495,148.872
2022-10-25T10:00:00+01:00,148.871,148.991,148.664,148.778
2022-10-25T14:00:00+01:00,148.783,148.8035,147.5155,148.036
2022-10-25T18:00:00+01:00,148.039,148.1275,147.829,147.931
2022-10-25T22:00:00+01:00,147.9305,148.365,147.883,148.1365
2022-10-26T02:00:00+01:00,148.1355,148.412,148.0845,148.26
2022-10-26T06:00:00+01:00,148.259,148.279,146.762,146.993
2022-10-26T10:00:00+01:00,146.995,147.3595,146.712,147.284
2022-10-26T14:00:00+01:00,147.285,147.3325,146.23,146.426
2022-10-26T18:00:00+01:00,146.4275,146.4985,146.226,146.3835
2022-10-26T22:00:00+01:00,146.344,146.4735,145.9955,146.062
2022-10-27T02:00:00+01:00,146.0625,146.3985,145.772,145.821
2022-10-27T06:00:00+01:00,145.8205,146.007,145.109,145.95
2022-10-27T10:00:00+01:00,145.9505,146.9405,145.9195,146.532
2022-10-27T14:00:00+01:00,146.533,146.6645,145.665,146.1265
2022-10-27T18:00:00+01:00,146.1245,146.324,145.952,146.2915
2022-10-27T22:00:00+01:00,146.289,146.634,146.086,146.6085
2022-10-28T02:00:00+01:00,146.609,146.859,145.9805,146.2775
2022-10-28T06:00:00+01:00,146.2775,147.5895,146.2085,147.4395
2022-10-28T10:00:00+01:00,147.4365,147.8635,147.136,147.7155
2022-10-28T14:00:00+01:00,147.7155,147.7575,147.2535,147.7175
2022-10-28T18:00:00+01:00,147.718,147.7435,147.3485,147.5035
2022-10-30T21:00:00+00:00,147.809,148.279,147.545,148.225
2022-10-31T01:00:00+00:00,148.2255,148.264,147.8115,147.969
2022-10-31T05:00:00+00:00,147.9685,148.337,147.735,148.26
2022-10-31T09:00:00+00:00,148.259,148.792,148.202,148.743
2022-10-31T13:00:00+00:00,148.745,148.851,148.4345,148.599
2022-10-31T17:00:00+00:00,148.5985,148.7705,148.52,148.721
2022-10-31T21:00:00+00:00,148.737,148.8265,148.5685,148.734
2022-11-01T01:00:00+00:00,148.734,148.737,148.128,148.4085
2022-11-01T05:00:00+00:00,148.408,148.4295,147.5035,147.5465
2022-11-01T09:00:00+00:00,147.546,147.779,146.9895,147.057
2022-11-01T13:00:00+00:00,147.056,148.2645,147.023,148.1755
2022-11-01T17:00:00+00:00,148.1755,148.3475,148.154,148.2675
2022-11-01T21:00:00+00:00,148.265,148.3845,147.1905,147.23
2022-11-02T01:00:00+00:00,147.2335,147.711,147.164,147.6235
2022-11-02T05:00:00+00:00,147.6235,147.627,147.0275,147.158
2022-11-02T09:00:00+00:00,147.152,147.403,146.834,147.096
2022-11-02T13:00:00+00:00,147.094,147.17,146.8595,147.063
2022-11-02T17:00:00+00:00,147.0615,147.9705,145.6725,147.902
2022-11-02T21:00:00+00:00,147.9,148.001,147.317,147.3475
2022-11-03T01:00:00+00:00,147.348,147.538,147.1125,147.262
2022-11-03T05:00:00+00:00,147.2595,148.193,147.243,148.1275
2022-11-03T09:00:00+00:00,148.1275,148.446,148.0625,148.438
2022-11-03T13:00:00+00:00,148.4385,148.4515,147.6115,148.233
2022-11-03T17:00:00+00:00,148.2355,148.312,148.168,148.2745
2022-11-03T21:00:00+00:00,148.254,148.4065,147.982,148.2035
2022-11-04T01:00:00+00:00,148.203,148.2355,147.8545,147.871
2022-11-04T05:00:00+00:00,147.8685,148.0455,147.5385,147.7175
2022-11-04T09:00:00+00:00,147.717,148.22,147.116,147.1945
2022-11-04T13:00:00+00:00,147.1955,147.39,146.562,147.1585
2022-11-04T17:00:00+00:00,147.158,147.1755,146.5565,146.6605
2022-11-06T22:00:00+00:00,147.226,147.2575,146.707,147.1065
2022-11-07T02:00:00+00:00,147.1065,147.348,147.0455,147.161
2022-11-07T06:00:00+00:00,147.161,147.571,146.583,146.707
2022-11-07T10:00:00+00:00,146.7065,146.7915,146.1435,146.326
2022-11-07T14:00:00+00:00,146.3235,146.735,146.0845,146.5185
2022-11-07T18:00:00+00:00,146.519,146.683,146.439,146.617
2022-11-07T22:00:00+00:00,146.617,146.7845,146.3135,146.6935
2022-11-08T02:00:00+00:00,146.694,146.812,146.514,146.755
2022-11-08T06:00:00+00:00,146.754,146.936,146.194,146.218
2022-11-08T10:00:00+00:00,146.2175,146.552,146.15,146.368
2022-11-08T14:00:00+00:00,146.367,146.3765,145.312,145.532
2022-11-08T18:00:00+00:00,145.533,145.725,145.373,145.6905
2022-11-08T22:00:00+00:00,145.673,145.8635,145.202,145.5915
2022-11-09T02:00:00+00:00,145.5905,145.7855,145.1715,145.7825
2022-11-09T06:00:00+00:00,145.7835,145.905,145.214,145.772
2022-11-09T10:00:00+00:00,145.7715,146.4645,145.591,146.42
2022-11-09T14:00:00+00:00,146.42,146.5775,145.8235,146.193
2022-11-09T18:00:00+00:00,146.189,146.7955,146.144,146.415
2022-11-09T22:00:00+00:00,146.413,146.4985,146.11,146.243
2022-11-10T02:00:00+00:00,146.243,146.3195,146.052,146.1385
2022-11-10T06:00:00+00:00,146.138,146.447,146.1,146.4225
2022-11-10T10:00:00+00:00,146.422,146.591,143.1715,143.715
2022-11-10T14:00:00+00:00,143.7145,143.878,141.4705,142.1075
2022-11-10T18:00:00+00:00,142.107,142.2,140.207,140.967
2022-11-10T22:00:00+00:00,140.97,142.4815,140.9275,142.3595
2022-11-11T02:00:00+00:00,142.359,142.4735,141.3305,141.6645
2022-11-11T06:00:00+00:00,141.665,141.7125,139.9805,140.0335
2022-11-11T10:00:00+00:00,140.036,140.097,138.7585,139.2635
2022-11-11T14:00:00+00:00,139.263,139.802,138.685,138.777
2022-11-11T18:00:00+00:00,138.7765,138.82,138.4655,138.798
2022-11-13T22:00:00+00:00,139.165,139.9385,138.8,139.0995
2022-11-14T02:00:00+00:00,139.0895,139.684,138.9035,139.584
2022-11-14T06:00:00+00:00,139.583,140.4175,139.106,140.386
2022-11-14T10:00:00+00:00,140.388,140.7985,140.0725,140.485
2022-11-14T14:00:00+00:00,140.483,140.7155,140.21,140.256
2022-11-14T18:00:00+00:00,140.255,140.2635,139.648,139.8775
2022-11-14T22:00:00+00:00,139.903,140.512,139.8815,140.28
2022-11-15T02:00:00+00:00,140.2795,140.627,140.1915,140.38
2022-11-15T06:00:00+00:00,140.381,140.45,139.1785,139.373
2022-11-15T10:00:00+00:00,139.373,139.4675,137.6745,138.6115
2022-11-15T14:00:00+00:00,138.617,139.6925,138.338,139.277
2022-11-15T18:00:00+00:00,139.2765,139.5225,138.9815,139.28
2022-11-15T22:00:00+00:00,139.2775,139.9195,138.732,139.7265
2022-11-16T02:00:00+00:00,139.726,140.293,139.601,139.719
2022-11-16T06:00:00+00:00,139.719,140.0065,139.2715,139.395
2022-11-16T10:00:00+00:00,139.395,140.053,139.187,139.781
2022-11-16T14:00:00+00:00,139.781,139.8045,139.0465,139.4155
2022-11-16T18:00:00+00:00,139.415,139.7105,139.247,139.5335
2022-11-16T22:00:00+00:00,139.5245,139.603,139.2215,139.527
2022-11-17T02:00:00+00:00,139.5285,139.8025,139.3645,139.438
2022-11-17T06:00:00+00:00,139.4385,139.711,138.8765,139.6265
2022-11-17T10:00:00+00:00,139.628,140.598,139.569,140.515
2022-11-17T14:00:00+00:00,140.512,140.741,140.1825,140.297
2022-11-17T18:00:00+00:00,140.297,140.3575,140.061,140.201
2022-11-17T22:00:00+00:00,140.2,140.502,140.026,140.0775
2022-11-18T02:00:00+00:00,140.0795,140.08,139.6505,139.785
2022-11-18T06:00:00+00:00,139.7845,140.2915,139.634,139.9505
2022-11-18T10:00:00+00:00,139.9495,140.0805,139.7115,139.933
2022-11-18T14:00:00+00:00,139.932,140.253,139.691,140.244
2022-11-18T18:00:00+00:00,140.245,140.427,140.1785,140.3605
2022-11-20T22:00:00+00:00,140.335,140.499,140.163,140.2975
2022-11-21T02:00:00+00:00,140.297,140.5755,140.2935,140.547
2022-11-21T06:00:00+00:00,140.5475,141.8725,140.4875,141.84
2022-11-21T10:00:00+00:00,141.84,142.0605,141.549,141.5975
2022-11-21T14:00:00+00:00,141.5965,142.2545,141.318,142.113
2022-11-21T18:00:00+00:00,142.1145,142.207,142.007,142.1195
2022-11-21T22:00:00+00:00,142.1275,142.244,141.7615,141.826
2022-11-22T02:00:00+00:00,141.827,141.969,141.637,141.84
2022-11-22T06:00:00+00:00,141.8425,142.035,141.17,141.2835
2022-11-22T10:00:00+00:00,141.283,141.472,141.085,141.4605
2022-11-22T14:00:00+00:00,141.455,141.5455,141.1495,141.235
2022-11-22T18:00:00+00:00,141.234,141.3005,141.149,141.221
2022-11-22T22:00:00+00:00,141.2225,141.4435,140.911,141.34
2022-11-23T02:00:00+00:00,141.34,141.511,141.2015,141.3485
2022-11-23T06:00:00+00:00,141.35,141.509,141.0685,141.3485
2022-11-23T10:00:00+00:00,141.347,141.6125,140.989,141.055
2022-11-23T14:00:00+00:00,141.0565,141.127,139.562,139.8445
2022-11-23T18:00:00+00:00,139.846,139.978,139.165,139.5915
2022-11-23T22:00:00+00:00,139.597,139.633,138.761,138.787
2022-11-24T02:00:00+00:00,138.784,138.971,138.611,138.926
2022-11-24T06:00:00+00:00,138.926,139.2225,138.549,138.574
2022-11-24T10:00:00+00:00,138.5745,138.5965,138.0505,138.312
2022-11-24T14:00:00+00:00,138.314,138.501,138.094,138.41
2022-11-24T18:00:00+00:00,138.41,138.6635,138.3965,138.6375
2022-11-24T22:00:00+00:00,138.641,139.0515,138.467,138.766
2022-11-25T02:00:00+00:00,138.7675,138.807,138.3735,138.67
2022-11-25T06:00:00+00:00,138.6745,139.5285,138.4205,139.394
2022-11-25T10:00:00+00:00,139.3895,139.597,139.181,139.354
2022-11-25T14:00:00+00:00,139.353,139.569,139.0205,139.148
2022-11-25T18:00:00+00:00,139.149,139.27,139.004,139.189
2022-11-27T22:00:00+00:00,139.25,139.4235,138.655,138.693
2022-11-28T02:00:00+00:00,138.7,138.779,138.3365,138.37
2022-11-28T06:00:00+00:00,138.3695,138.398,137.4995,137.7735
2022-11-28T10:00:00+00:00,137.7715,138.747,137.5335,138.5185
2022-11-28T14:00:00+00:00,138.518,138.921,138.3195,138.7995
2022-11-28T18:00:00+00:00,138.799,139.0125,138.775,138.933
2022-11-28T22:00:00+00:00,138.901,139.355,138.542,138.76
2022-11-29T02:00:00+00:00,138.7605,138.888,138.42,138.53
2022-11-29T06:00:00+00:00,138.5295,138.7,137.9265,138.1255
2022-11-29T10:00:00+00:00,138.123,138.628,137.8675,138.5965
2022-11-29T14:00:00+00:00,138.597,138.854,138.215,138.466
2022-11-29T18:00:00+00:00,138.469,138.7985,138.3805,138.6985
2022-11-29T22:00:00+00:00,138.702,138.9475,138.4435,138.525
2022-11-30T02:00:00+00:00,138.5225,138.849,138.3755,138.476
2022-11-30T06:00:00+00:00,138.476,138.8715,138.331,138.7635
2022-11-30T10:00:00+00:00,138.763,139.4325,138.474,139.389
2022-11-30T14:00:00+00:00,139.387,139.896,139.0495,139.3795
2022-11-30T18:00:00+00:00,139.3805,139.598,137.652,138.0645
2022-11-30T22:00:00+00:00,138.062,138.125,136.4965,136.778
2022-12-01T02:00:00+00:00,136.7795,136.996,136.207,136.404
2022-12-01T06:00:00+00:00,136.404,136.667,135.836,136.336
2022-12-01T10:00:00+00:00,136.336,136.495,135.753,136.196
2022-12-01T14:00:00+00:00,136.196,136.3315,135.31,135.433
2022-12-01T18:00:00+00:00,135.4335,135.5345,135.212,135.2925
2022-12-01T22:00:00+00:00,135.2955,135.598,135.012,135.1225
2022-12-02T02:00:00+00:00,135.125,135.335,135.038,135.1485
2022-12-02T06:00:00+00:00,135.149,135.2045,133.6235,133.991
2022-12-02T10:00:00+00:00,133.9905,135.986,133.872,135.4055
2022-12-02T14:00:00+00:00,135.4055,135.744,134.4445,134.658
2022-12-02T18:00:00+00:00,134.6565,134.792,134.239,134.3135
2022-12-04T22:00:00+00:00,134.525,134.77,134.133,134.2675
2022-12-05T02:00:00+00:00,134.2675,134.657,134.2025,134.5535
2022-12-05T06:00:00+00:00,134.553,135.4865,134.539,135.2375
2022-12-05T10:00:00+00:00,135.237,135.745,135.018,135.65
2022-12-05T14:00:00+00:00,135.649,136.6715,135.607,136.63
2022-12-05T18:00:00+00:00,136.631,136.8625,136.525,136.7645
2022-12-05T22:00:00+00:00,136.7635,136.847,136.2915,136.4995
2022-12-06T02:00:00+00:00,136.5,137.1755,136.48,136.977
2022-12-06T06:00:00+00:00,136.976,137.429,136.539,136.774
2022-12-06T10:00:00+00:00,136.775,136.7785,135.9635,136.4095
2022-12-06T14:00:00+00:00,136.409,136.878,136.312,136.836
2022-12-06T18:00:00+00:00,136.837,137.0875,136.8125,137.0535
2022-12-06T22:00:00+00:00,136.955,137.364,136.7915,136.944
2022-12-07T02:00:00+00:00,136.9445,137.497,136.8385,137.3915
2022-12-07T06:00:00+00:00,137.3905,137.8585,137.3055,137.62
2022-12-07T10:00:00+00:00,137.62,137.736,136.535,136.621
2022-12-07T14:00:00+00:00,136.6205,136.869,136.272,136.346
2022-12-07T18:00:00+00:00,136.346,136.6225,136.218,136.605
2022-12-07T22:00:00+00:00,136.5905,137.0405,136.2465,136.873
2022-12-08T02:00:00+00:00,136.8725,137.247,136.723,137.0955
2022-12-08T06:00:00+00:00,137.0945,137.1525,136.574,136.983
2022-12-08T10:00:00+00:00,136.984,136.9905,136.311,136.618
2022-12-08T14:00:00+00:00,136.62,136.7835,136.321,136.564
2022-12-08T18:00:00+00:00,136.5685,136.75,136.527,136.711
2022-12-08T22:00:00+00:00,136.6795,136.882,136.0385,136.1065
2022-12-09T02:00:00+00:00,136.1065,136.3565,135.766,136.162
2022-12-09T06:00:00+00:00,136.161,136.4615,135.946,136.2065
2022-12-09T10:00:00+00:00,136.206,136.6935,135.6045,136.0585
2022-12-09T14:00:00+00:00,136.0585,136.9125,136.009,136.473
2022-12-09T18:00:00+00:00,136.4715,136.715,136.341,136.5855
2022-12-11T22:00:00+00:00,136.53,137.0965,136.4835,136.859
2022-12-12T02:00:00+00:00,136.8605,137.1385,136.7895,137.0055
2022-12-12T06:00:00+00:00,137.005,137.1045,136.6415,136.6505
2022-12-12T10:00:00+00:00,136.65,137.259,136.6205,137.0155
2022-12-12T14:00:00+00:00,137.0165,137.6865,136.911,137.562
2022-12-12T18:00:00+00:00,137.5615,137.8505,137.521,137.673
2022-12-12T22:00:00+00:00,137.6735,137.899,137.3805,137.659
2022-12-13T02:00:00+00:00,137.66,137.974,137.5325,137.5645
2022-12-13T06:00:00+00:00,137.563,137.7735,137.321,137.6795
2022-12-13T10:00:00+00:00,137.678,137.8355,134.946,135.1595
2022-12-13T14:00:00+00:00,135.157,135.375,134.6565,135.3265
2022-12-13T18:00:00+00:00,135.3265,135.648,135.282,135.5765
2022-12-13T22:00:00+00:00,135.5835,135.7385,135.29,135.5895
2022-12-14T02:00:00+00:00,135.5895,135.6595,135.368,135.429
2022-12-14T06:00:00+00:00,135.4295,135.6055,135.081,135.2115
2022-12-14T10:00:00+00:00,135.2105,135.2195,134.511,134.965
2022-12-14T14:00:00+00:00,134.9645,135.137,134.75,135.0895
2022-12-14T18:00:00+00:00,135.09,135.9905,134.5745,135.472
2022-12-14T22:00:00+00:00,135.4695,135.5395,135.241,135.4435
2022-12-15T02:00:00+00:00,135.4425,135.885,135.4355,135.5945
2022-12-15T06:00:00+00:00,135.595,136.7875,135.552,136.5685
2022-12-15T10:00:00+00:00,136.569,136.9275,136.3845,136.41
2022-12-15T14:00:00+00:00,136.4115,138.1305,136.1795,138.1025
2022-12-15T18:00:00+00:00,138.0955,138.174,137.626,137.7865
2022-12-15T22:00:00+00:00,137.843,137.873,137.3015,137.3495
2022-12-16T02:00:00+00:00,137.3485,137.4105,136.953,137.3525
2022-12-16T06:00:00+00:00,137.3515,137.3885,136.825,137.186
2022-12-16T10:00:00+00:00,137.1855,137.237,136.9445,137.043
2022-12-16T14:00:00+00:00,137.0435,137.3545,136.4025,136.429
2022-12-16T18:00:00+00:00,136.431,136.778,136.295,136.722
2022-12-18T22:00:00+00:00,135.883,136.609,135.817,135.874
2022-12-19T02:00:00+00:00,135.8745,136.353,135.7725,136.193
2022-12-19T06:00:00+00:00,136.1925,136.197,135.754,136.124
2022-12-19T10:00:00+00:00,136.1235,136.711,135.9845,136.669
2022-12-19T14:00:00+00:00,136.669,137.1625,136.517,136.7655
2022-12-19T18:00:00+00:00,136.765,137.052,136.733,136.91
2022-12-19T22:00:00+00:00,136.9195,137.477,136.7215,137.2795
2022-12-20T02:00:00+00:00,137.2785,137.4185,132.932,132.932
2022-12-20T06:00:00+00:00,132.9225,133.7005,131.9985,132.0605
2022-12-20T10:00:00+00:00,132.061,132.906,132.06,132.196
2022-12-20T14:00:00+00:00,132.1975,132.539,130.569,131.16
2022-12-20T18:00:00+00:00,131.1615,131.833,131.13,131.726
2022-12-20T22:00:00+00:00,131.7105,132.318,131.4955,132.172
2022-12-21T02:00:00+00:00,132.1725,132.372,131.916,132.1885
2022-12-21T06:00:00+00:00,132.1865,132.248,131.5485,131.668
2022-12-21T10:00:00+00:00,131.6685,132.349,131.564,132.2905
2022-12-21T14:00:00+00:00,132.29,132.5315,131.7995,132.3395
2022-12-21T18:00:00+00:00,132.3415,132.4945,132.084,132.484
2022-12-21T22:00:00+00:00,132.4865,132.49,131.7965,131.897
2022-12-22T02:00:00+00:00,131.897,131.982,131.6455,131.9295
2022-12-22T06:00:00+00:00,131.9275,132.1105,131.7525,131.988
2022-12-22T10:00:00+00:00,131.989,132.504,131.908,132.375
2022-12-22T14:00:00+00:00,132.3745,132.7245,132.17,132.4065
2022-12-22T18:00:00+00:00,132.407,132.509,132.261,132.3435
2022-12-22T22:00:00+00:00,132.344,132.8155,132.156,132.654
2022-12-23T02:00:00+00:00,132.6545,132.759,132.5805,132.7065
2022-12-23T06:00:00+00:00,132.706,132.7555,132.44,132.594
2022-12-23T10:00:00+00:00,132.5945,133.0155,132.52,132.808
2022-12-23T14:00:00+00:00,132.809,133.1405,132.731,132.8785
2022-12-23T18:00:00+00:00,132.879,132.9425,132.779,132.8985
2022-12-25T22:00:00+00:00,132.783,132.895,132.314,132.4745
2022-12-26T02:00:00+00:00,132.4745,132.629,132.3775,132.58
2022-12-26T06:00:00+00:00,132.581,133.1415,132.5435,133.1015
2022-12-26T10:00:00+00:00,133.0875,133.2455,132.919,132.967
2022-12-26T14:00:00+00:00,132.966,132.9925,132.8855,132.9065
2022-12-26T18:00:00+00:00,132.9085,132.9585,132.818,132.8595
2022-12-26T22:00:00+00:00,132.884,133.1825,132.637,132.867
2022-12-27T02:00:00+00:00,132.8665,132.9895,132.7855,132.806
2022-12-27T06:00:00+00:00,132.8055,133.2195,132.74,133.1765
2022-12-27T10:00:00+00:00,133.177,133.5,133.136,133.464
2022-12-27T14:00:00+00:00,133.4625,133.5945,133.179,133.491
2022-12-27T18:00:00+00:00,133.4905,133.5695,133.3315,133.496
2022-12-27T22:00:00+00:00,133.4975,133.9445,133.3695,133.7025
2022-12-28T02:00:00+00:00,133.702,134.4055,133.702,134.0725
2022-12-28T06:00:00+00:00,134.073,134.2085,133.805,134.0355
2022-12-28T10:00:00+00:00,134.0345,134.068,133.4015,133.8185
2022-12-28T14:00:00+00:00,133.819,134.304,133.6265,134.175
2022-12-28T18:00:00+00:00,134.1755,134.5005,134.0665,134.4715
2022-12-28T22:00:00+00:00,134.472,134.474,133.6695,133.727
2022-12-29T02:00:00+00:00,133.735,133.8965,133.4905,133.6735
2022-12-29T06:00:00+00:00,133.673,133.901,133.4725,133.6155
2022-12-29T10:00:00+00:00,133.614,133.8265,133.097,133.169
2022-12-29T14:00:00+00:00,133.168,133.372,132.908,133.036
2022-12-29T18:00:00+00:00,133.0325,133.0635,132.88,133.0285
2022-12-29T22:00:00+00:00,133.0305,133.0955,132.3845,132.451
2022-12-30T02:00:00+00:00,132.451,132.775,132.4465,132.6255
2022-12-30T06:00:00+00:00,132.6255,132.655,131.5525,132.123
2022-12-30T10:00:00+00:00,132.123,132.123,131.605,131.9045
2022-12-30T14:00:00+00:00,131.906,132.336,131.0045,131.011
2022-12-30T18:00:00+00:00,131.008,131.2965,130.779,131.1095
