time,open,high,low,close
2023-08-25T18:00:00+01:00,0.56734,0.56739,0.56618,0.56628
2023-08-27T22:00:00+01:00,0.56671,0.56831,0.56584,0.56774
2023-08-28T02:00:00+01:00,0.56773,0.56906,0.56767,0.56784
2023-08-28T06:00:00+01:00,0.56785,0.5682,0.56561,0.56672
2023-08-28T10:00:00+01:00,0.56672,0.56801,0.56577,0.56759
2023-08-28T14:00:00+01:00,0.56757,0.56847,0.56727,0.56821
2023-08-28T18:00:00+01:00,0.56822,0.56834,0.56752,0.56828
2023-08-28T22:00:00+01:00,0.56825,0.56856,0.56732,0.56758
2023-08-29T02:00:00+01:00,0.56759,0.56973,0.56746,0.56926
2023-08-29T06:00:00+01:00,0.56925,0.57029,0.56876,0.56946
2023-08-29T10:00:00+01:00,0.56946,0.57076,0.56679,0.56682
2023-08-29T14:00:00+01:00,0.56682,0.56908,0.5667,0.56798
2023-08-29T18:00:00+01:00,0.56798,0.56955,0.56782,0.5692
2023-08-29T22:00:00+01:00,0.56927,0.57042,0.56812,0.56913
2023-08-30T02:00:00+01:00,0.56912,0.56939,0.56685,0.56939
2023-08-30T06:00:00+01:00,0.56937,0.57003,0.56786,0.5681
2023-08-30T10:00:00+01:00,0.5681,0.57117,0.56807,0.57066
2023-08-30T14:00:00+01:00,0.57066,0.57083,0.56883,0.56954
2023-08-30T18:00:00+01:00,0.56954,0.56973,0.56848,0.56885
2023-08-30T22:00:00+01:00,0.56886,0.56951,0.56806,0.56939
2023-08-31T02:00:00+01:00,0.56939,0.57088,0.56936,0.56957
2023-08-31T06:00:00+01:00,0.56956,0.57065,0.56924,0.5701
2023-08-31T10:00:00+01:00,0.5701,0.57235,0.56962,0.57211
2023-08-31T14:00:00+01:00,0.57211,0.57263,0.57066,0.5713
2023-08-31T18:00:00+01:00,0.57129,0.57292,0.57122,0.57279
2023-08-31T22:00:00+01:00,0.57271,0.57339,0.57155,0.57208
2023-09-01T02:00:00+01:00,0.57208,0.57354,0.57123,0.57171
2023-09-01T06:00:00+01:00,0.5717,0.57214,0.56947,0.57122
2023-09-01T10:00:00+01:00,0.57122,0.57398,0.571,0.57346
2023-09-01T14:00:00+01:00,0.57347,0.57357,0.57049,0.57123
2023-09-01T18:00:00+01:00,0.57122,0.57153,0.57075,0.57136
2023-09-03T22:00:00+01:00,0.57081,0.5721,0.57036,0.57195
2023-09-04T02:00:00+01:00,0.57194,0.57261,0.57125,0.57216
2023-09-04T06:00:00+01:00,0.57215,0.573,0.57111,0.57147
2023-09-04T10:00:00+01:00,0.57147,0.57221,0.57125,0.57144
2023-09-04T14:00:00+01:00,0.57146,0.5719,0.57108,0.57122
2023-09-04T18:00:00+01:00,0.57123,0.57173,0.57088,0.57139
2023-09-04T22:00:00+01:00,0.57106,0.572,0.57047,0.57068
2023-09-05T02:00:00+01:00,0.57068,0.57084,0.56801,0.56866
2023-09-05T06:00:00+01:00,0.56867,0.56892,0.56489,0.56621
2023-09-05T10:00:00+01:00,0.56621,0.56706,0.56553,0.5666
2023-09-05T14:00:00+01:00,0.56662,0.56756,0.5657,0.56741
2023-09-05T18:00:00+01:00,0.56742,0.56798,0.56722,0.56736
2023-09-05T22:00:00+01:00,0.56733,0.56795,0.56623,0.56642
2023-09-06T02:00:00+01:00,0.56643,0.56739,0.56593,0.56737
2023-09-06T06:00:00+01:00,0.56737,0.56905,0.56711,0.56859
2023-09-06T10:00:00+01:00,0.5686,0.56953,0.56808,0.56883
2023-09-06T14:00:00+01:00,0.56885,0.57065,0.56882,0.56912
2023-09-06T18:00:00+01:00,0.5691,0.56933,0.56832,0.56885
2023-09-06T22:00:00+01:00,0.56881,0.56983,0.56793,0.56855
2023-09-07T02:00:00+01:00,0.56855,0.56903,0.56729,0.5677
2023-09-07T06:00:00+01:00,0.5677,0.56989,0.56766,0.56954
2023-09-07T10:00:00+01:00,0.56954,0.57098,0.56909,0.5709
2023-09-07T14:00:00+01:00,0.57089,0.57102,0.56898,0.56937
2023-09-07T18:00:00+01:00,0.56937,0.56978,0.56898,0.56925
2023-09-07T22:00:00+01:00,0.56924,0.57,0.56836,0.56881
2023-09-08T02:00:00+01:00,0.56882,0.56968,0.56793,0.56914
2023-09-08T06:00:00+01:00,0.56916,0.57072,0.56913,0.56956
2023-09-08T10:00:00+01:00,0.56955,0.57092,0.56932,0.57034
2023-09-08T14:00:00+01:00,0.57032,0.57068,0.5694,0.56949
2023-09-08T18:00:00+01:00,0.56946,0.56975,0.5692,0.56956
2023-09-10T22:00:00+01:00,0.56981,0.57103,0.56875,0.57023
2023-09-11T02:00:00+01:00,0.57022,0.57315,0.57022,0.57313
2023-09-11T06:00:00+01:00,0.57314,0.57385,0.57289,0.57373
2023-09-11T10:00:00+01:00,0.57372,0.57414,0.57278,0.57367
2023-09-11T14:00:00+01:00,0.57368,0.57477,0.573,0.57302
2023-09-11T18:00:00+01:00,0.573,0.57315,0.57256,0.57286
2023-09-11T22:00:00+01:00,0.57285,0.57384,0.57238,0.57249
2023-09-12T02:00:00+01:00,0.57249,0.57376,0.57225,0.57288
2023-09-12T06:00:00+01:00,0.57286,0.57366,0.57226,0.5732
2023-09-12T10:00:00+01:00,0.57322,0.57334,0.57225,0.57289
2023-09-12T14:00:00+01:00,0.57288,0.57339,0.57226,0.57239
2023-09-12T18:00:00+01:00,0.57239,0.57295,0.57228,0.57282
2023-09-12T22:00:00+01:00,0.57279,0.57324,0.57149,0.57248
2023-09-13T02:00:00+01:00,0.57249,0.57276,0.57084,0.57115
2023-09-13T06:00:00+01:00,0.57116,0.57289,0.57073,0.57268
2023-09-13T10:00:00+01:00,0.57268,0.57274,0.57089,0.57213
2023-09-13T14:00:00+01:00,0.57213,0.57384,0.57186,0.5736
2023-09-13T18:00:00+01:00,0.57361,0.574,0.57295,0.5739
2023-09-13T22:00:00+01:00,0.57387,0.57536,0.57281,0.57523
2023-09-14T02:00:00+01:00,0.57525,0.57625,0.57333,0.57452
2023-09-14T06:00:00+01:00,0.57451,0.57513,0.57401,0.57486
2023-09-14T10:00:00+01:00,0.57485,0.57658,0.5741,0.57645
2023-09-14T14:00:00+01:00,0.57643,0.57785,0.57569,0.57779
2023-09-14T18:00:00+01:00,0.57777,0.57777,0.57651,0.57681
2023-09-14T22:00:00+01:00,0.57676,0.57773,0.57533,0.5769
2023-09-15T02:00:00+01:00,0.57688,0.57953,0.57669,0.57942
2023-09-15T06:00:00+01:00,0.57944,0.57947,0.57731,0.57769
2023-09-15T10:00:00+01:00,0.57767,0.5792,0.57737,0.57769
2023-09-15T14:00:00+01:00,0.57768,0.57823,0.57681,0.57708
2023-09-15T18:00:00+01:00,0.57706,0.5775,0.57665,0.57724
2023-09-17T22:00:00+01:00,0.57719,0.57818,0.57623,0.57754
2023-09-18T02:00:00+01:00,0.57754,0.57835,0.57676,0.57809
2023-09-18T06:00:00+01:00,0.57812,0.57823,0.57636,0.57705
2023-09-18T10:00:00+01:00,0.57705,0.57754,0.57642,0.57729
2023-09-18T14:00:00+01:00,0.5773,0.57781,0.57607,0.57742
2023-09-18T18:00:00+01:00,0.57744,0.57783,0.57724,0.57744
2023-09-18T22:00:00+01:00,0.57747,0.57838,0.57665,0.5774
2023-09-19T02:00:00+01:00,0.5774,0.57793,0.57703,0.5777
2023-09-19T06:00:00+01:00,0.57771,0.57855,0.57691,0.5782
2023-09-19T10:00:00+01:00,0.57819,0.58008,0.57808,0.58007
2023-09-19T14:00:00+01:00,0.58005,0.58072,0.57933,0.57974
2023-09-19T18:00:00+01:00,0.57974,0.5802,0.57927,0.57937
2023-09-19T22:00:00+01:00,0.57953,0.58026,0.57914,0.57953
2023-09-20T02:00:00+01:00,0.57955,0.57974,0.57905,0.57934
2023-09-20T06:00:00+01:00,0.57933,0.58022,0.57913,0.58018
2023-09-20T10:00:00+01:00,0.5802,0.58218,0.58,0.58161
2023-09-20T14:00:00+01:00,0.5816,0.5822,0.58085,0.58175
2023-09-20T18:00:00+01:00,0.58174,0.5819,0.5792,0.57939
2023-09-20T22:00:00+01:00,0.57886,0.58028,0.57817,0.57848
2023-09-21T02:00:00+01:00,0.57848,0.57861,0.57641,0.57651
2023-09-21T06:00:00+01:00,0.57651,0.58148,0.57607,0.58114
2023-09-21T10:00:00+01:00,0.58115,0.58147,0.57864,0.5789
2023-09-21T14:00:00+01:00,0.5789,0.58053,0.57888,0.58034
2023-09-21T18:00:00+01:00,0.58034,0.58102,0.57992,0.58032
2023-09-21T22:00:00+01:00,0.58028,0.58076,0.57885,0.58011
2023-09-22T02:00:00+01:00,0.58011,0.58139,0.57961,0.58122
2023-09-22T06:00:00+01:00,0.58123,0.58344,0.58092,0.58339
2023-09-22T10:00:00+01:00,0.58337,0.58551,0.5831,0.58464
2023-09-22T14:00:00+01:00,0.58462,0.58542,0.58388,0.58459
2023-09-22T18:00:00+01:00,0.58458,0.58497,0.58384,0.5843
2023-09-24T22:00:00+01:00,0.58435,0.58519,0.58327,0.58449
2023-09-25T02:00:00+01:00,0.58452,0.58479,0.58285,0.58363
2023-09-25T06:00:00+01:00,0.58361,0.58476,0.58263,0.58369
2023-09-25T10:00:00+01:00,0.58367,0.58547,0.58359,0.58488
2023-09-25T14:00:00+01:00,0.58488,0.58675,0.58478,0.58542
2023-09-25T18:00:00+01:00,0.58543,0.58608,0.58522,0.58583
2023-09-25T22:00:00+01:00,0.58582,0.58639,0.58487,0.58586
2023-09-26T02:00:00+01:00,0.58587,0.58673,0.58529,0.58545
2023-09-26T06:00:00+01:00,0.58544,0.58597,0.58408,0.58462
2023-09-26T10:00:00+01:00,0.58464,0.58553,0.58429,0.58539
2023-09-26T14:00:00+01:00,0.58539,0.58663,0.58508,0.58594
2023-09-26T18:00:00+01:00,0.58595,0.58605,0.58506,0.58588
2023-09-26T22:00:00+01:00,0.58587,0.58652,0.58412,0.58566
2023-09-27T02:00:00+01:00,0.58567,0.58709,0.58498,0.58541
2023-09-27T06:00:00+01:00,0.5854,0.58576,0.5843,0.58493
2023-09-27T10:00:00+01:00,0.58495,0.58554,0.58395,0.5852
2023-09-27T14:00:00+01:00,0.58519,0.58693,0.58478,0.585
2023-09-27T18:00:00+01:00,0.58501,0.58563,0.58393,0.58525
2023-09-27T22:00:00+01:00,0.58526,0.58618,0.58376,0.5854
2023-09-28T02:00:00+01:00,0.58542,0.5872,0.5854,0.58703
2023-09-28T06:00:00+01:00,0.58705,0.58754,0.58533,0.58576
2023-09-28T10:00:00+01:00,0.58576,0.58761,0.5848,0.58746
2023-09-28T14:00:00+01:00,0.58746,0.58876,0.58627,0.58849
2023-09-28T18:00:00+01:00,0.5885,0.58888,0.58764,0.58801
2023-09-28T22:00:00+01:00,0.58798,0.58906,0.58674,0.58776
2023-09-29T02:00:00+01:00,0.58778,0.59051,0.58774,0.5898
2023-09-29T06:00:00+01:00,0.58981,0.59062,0.58912,0.58964
2023-09-29T10:00:00+01:00,0.58963,0.59244,0.58923,0.59176
2023-09-29T14:00:00+01:00,0.59175,0.592,0.58875,0.58893
2023-09-29T18:00:00+01:00,0.58894,0.58943,0.5882,0.58878
2023-10-01T22:00:00+01:00,0.58794,0.59005,0.58785,0.58897
2023-10-02T02:00:00+01:00,0.58898,0.58946,0.58649,0.58657
2023-10-02T06:00:00+01:00,0.58654,0.58683,0.58383,0.58386
2023-10-02T10:00:00+01:00,0.58386,0.5856,0.5836,0.58525
2023-10-02T14:00:00+01:00,0.58525,0.58648,0.58452,0.58469
2023-10-02T18:00:00+01:00,0.58469,0.58472,0.58339,0.58428
2023-10-02T22:00:00+01:00,0.58429,0.58486,0.58325,0.58439
2023-10-03T02:00:00+01:00,0.58438,0.58447,0.58059,0.58082
2023-10-03T06:00:00+01:00,0.58081,0.58285,0.57985,0.58156
2023-10-03T10:00:00+01:00,0.58157,0.58225,0.5811,0.58127
2023-10-03T14:00:00+01:00,0.58128,0.58217,0.58,0.58049
2023-10-03T18:00:00+01:00,0.58048,0.58085,0.57928,0.58055
2023-10-03T22:00:00+01:00,0.58103,0.58174,0.5799,0.58125
2023-10-04T02:00:00+01:00,0.58123,0.58278,0.57956,0.58238
2023-10-04T06:00:00+01:00,0.58237,0.58298,0.58048,0.58088
2023-10-04T10:00:00+01:00,0.58088,0.58139,0.5796,0.57986
2023-10-04T14:00:00+01:00,0.57988,0.58083,0.57939,0.57989
2023-10-04T18:00:00+01:00,0.5799,0.58028,0.57928,0.58017
2023-10-04T22:00:00+01:00,0.58015,0.58072,0.57881,0.5805
2023-10-05T02:00:00+01:00,0.5805,0.58268,0.58035,0.58254
2023-10-05T06:00:00+01:00,0.58251,0.58255,0.5811,0.58122
2023-10-05T10:00:00+01:00,0.58124,0.58157,0.5799,0.58099
2023-10-05T14:00:00+01:00,0.58098,0.58166,0.57996,0.58095
2023-10-05T18:00:00+01:00,0.58096,0.58183,0.58069,0.58109
2023-10-05T22:00:00+01:00,0.5811,0.58341,0.58083,0.58156
2023-10-06T02:00:00+01:00,0.58157,0.58259,0.58133,0.5817
2023-10-06T06:00:00+01:00,0.58169,0.58182,0.58049,0.58102
2023-10-06T10:00:00+01:00,0.58101,0.58109,0.57886,0.57988
2023-10-06T14:00:00+01:00,0.57988,0.58113,0.57943,0.58061
2023-10-06T18:00:00+01:00,0.58062,0.58178,0.58047,0.58088
2023-10-08T22:00:00+01:00,0.57866,0.57963,0.57733,0.57937
2023-10-09T02:00:00+01:00,0.57936,0.57944,0.57783,0.57797
2023-10-09T06:00:00+01:00,0.57797,0.57976,0.57778,0.5791
2023-10-09T10:00:00+01:00,0.57909,0.57974,0.57823,0.57857
2023-10-09T14:00:00+01:00,0.57856,0.5794,0.57805,0.57918
2023-10-09T18:00:00+01:00,0.57916,0.5814,0.57886,0.58123
2023-10-09T22:00:00+01:00,0.58127,0.58146,0.58034,0.58106
2023-10-10T02:00:00+01:00,0.58107,0.58213,0.58031,0.58088
2023-10-10T06:00:00+01:00,0.58089,0.58159,0.57905,0.58049
2023-10-10T10:00:00+01:00,0.58049,0.58068,0.57956,0.58036
2023-10-10T14:00:00+01:00,0.58038,0.5814,0.58001,0.581
2023-10-10T18:00:00+01:00,0.581,0.5821,0.58034,0.58168
2023-10-10T22:00:00+01:00,0.58169,0.58262,0.58096,0.58218
2023-10-11T02:00:00+01:00,0.58218,0.58249,0.58055,0.581
2023-10-11T06:00:00+01:00,0.581,0.5816,0.5796,0.57983
2023-10-11T10:00:00+01:00,0.57984,0.58,0.57878,0.57926
2023-10-11T14:00:00+01:00,0.57925,0.57947,0.57791,0.57808
2023-10-11T18:00:00+01:00,0.57806,0.57866,0.5777,0.57852
2023-10-11T22:00:00+01:00,0.57857,0.57944,0.57729,0.57828
2023-10-12T02:00:00+01:00,0.5783,0.57878,0.57764,0.57842
2023-10-12T06:00:00+01:00,0.57842,0.57844,0.57695,0.57721
2023-10-12T10:00:00+01:00,0.5772,0.57744,0.57598,0.57627
2023-10-12T14:00:00+01:00,0.57627,0.57646,0.57364,0.57394
2023-10-12T18:00:00+01:00,0.57394,0.57405,0.57313,0.57357
2023-10-12T22:00:00+01:00,0.57357,0.57391,0.57282,0.57353
2023-10-13T02:00:00+01:00,0.57352,0.57453,0.57257,0.57262
2023-10-13T06:00:00+01:00,0.57261,0.5739,0.57254,0.57312
2023-10-13T10:00:00+01:00,0.57311,0.57341,0.57244,0.57267
2023-10-13T14:00:00+01:00,0.57266,0.57281,0.56684,0.56727
2023-10-13T18:00:00+01:00,0.56725,0.56846,0.56647,0.56826
2023-10-15T22:00:00+01:00,0.56827,0.56964,0.56748,0.56876
2023-10-16T02:00:00+01:00,0.56879,0.57056,0.56878,0.57003
2023-10-16T06:00:00+01:00,0.57003,0.5719,0.56962,0.57115
2023-10-16T10:00:00+01:00,0.57115,0.57141,0.56994,0.57045
2023-10-16T14:00:00+01:00,0.57046,0.57127,0.56999,0.57119
2023-10-16T18:00:00+01:00,0.5712,0.57126,0.57051,0.57093
2023-10-16T22:00:00+01:00,0.5711,0.57247,0.56987,0.572
2023-10-17T02:00:00+01:00,0.57198,0.57343,0.57157,0.57259
2023-10-17T06:00:00+01:00,0.57261,0.57361,0.57231,0.57268
2023-10-17T10:00:00+01:00,0.57267,0.57317,0.57192,0.57217
2023-10-17T14:00:00+01:00,0.57218,0.57414,0.57183,0.57385
2023-10-17T18:00:00+01:00,0.57385,0.5739,0.57254,0.57299
2023-10-17T22:00:00+01:00,0.57302,0.57432,0.57203,0.57218
2023-10-18T02:00:00+01:00,0.5722,0.57394,0.57179,0.57348
2023-10-18T06:00:00+01:00,0.57349,0.57444,0.57327,0.57379
2023-10-18T10:00:00+01:00,0.5738,0.57381,0.57127,0.57165
2023-10-18T14:00:00+01:00,0.57168,0.57208,0.56868,0.56919
2023-10-18T18:00:00+01:00,0.56919,0.57034,0.56912,0.56951
2023-10-18T22:00:00+01:00,0.56954,0.57,0.56758,0.56787
2023-10-19T02:00:00+01:00,0.56787,0.56813,0.56602,0.56657
2023-10-19T06:00:00+01:00,0.56656,0.5674,0.56607,0.56706
2023-10-19T10:00:00+01:00,0.56705,0.5671,0.56594,0.56654
2023-10-19T14:00:00+01:00,0.56654,0.56798,0.56604,0.56705
2023-10-19T18:00:00+01:00,0.56707,0.56751,0.56374,0.56411
2023-10-19T22:00:00+01:00,0.56399,0.56451,0.5633,0.56346
2023-10-20T02:00:00+01:00,0.56347,0.56402,0.56275,0.5639
2023-10-20T06:00:00+01:00,0.56389,0.56401,0.5614,0.56281
2023-10-20T10:00:00+01:00,0.56282,0.56344,0.56244,0.56332
2023-10-20T14:00:00+01:00,0.56329,0.5642,0.56273,0.56372
2023-10-20T18:00:00+01:00,0.56373,0.56387,0.56292,0.56328
2023-10-22T22:00:00+01:00,0.56347,0.56469,0.56256,0.56399
2023-10-23T02:00:00+01:00,0.56398,0.56502,0.56387,0.56456
2023-10-23T06:00:00+01:00,0.56456,0.56543,0.56272,0.56285
2023-10-23T10:00:00+01:00,0.56283,0.56407,0.56136,0.56388
2023-10-23T14:00:00+01:00,0.5639,0.56563,0.5639,0.56553
2023-10-23T18:00:00+01:00,0.56553,0.5656,0.56427,0.56468
2023-10-23T22:00:00+01:00,0.56466,0.56611,0.56381,0.56505
2023-10-24T02:00:00+01:00,0.56506,0.56649,0.56493,0.56634
2023-10-24T06:00:00+01:00,0.56634,0.56813,0.56592,0.56756
2023-10-24T10:00:00+01:00,0.56757,0.56883,0.5674,0.56868
2023-10-24T14:00:00+01:00,0.56871,0.56896,0.567,0.56726
2023-10-24T18:00:00+01:00,0.56724,0.56832,0.56722,0.56764
2023-10-24T22:00:00+01:00,0.56768,0.57089,0.56648,0.57081
2023-10-25T02:00:00+01:00,0.57079,0.57132,0.56953,0.57011
2023-10-25T06:00:00+01:00,0.5701,0.5702,0.56831,0.56867
2023-10-25T10:00:00+01:00,0.56868,0.5689,0.5671,0.56756
2023-10-25T14:00:00+01:00,0.56754,0.5678,0.56615,0.56646
2023-10-25T18:00:00+01:00,0.56646,0.56653,0.56539,0.56576
2023-10-25T22:00:00+01:00,0.56571,0.56632,0.56311,0.56337
2023-10-26T02:00:00+01:00,0.56338,0.56464,0.56307,0.5638
2023-10-26T06:00:00+01:00,0.56381,0.56794,0.56381,0.56761
2023-10-26T10:00:00+01:00,0.56761,0.56801,0.56567,0.56689
2023-10-26T14:00:00+01:00,0.56688,0.56842,0.56637,0.56736
2023-10-26T18:00:00+01:00,0.56735,0.56915,0.56728,0.56819
2023-10-26T22:00:00+01:00,0.56821,0.56986,0.56752,0.56966
2023-10-27T02:00:00+01:00,0.56964,0.57028,0.56885,0.57007
2023-10-27T06:00:00+01:00,0.57004,0.57225,0.56915,0.57189
2023-10-27T10:00:00+01:00,0.57188,0.57261,0.57127,0.57249
2023-10-27T14:00:00+01:00,0.5725,0.57386,0.57232,0.57259
2023-10-27T18:00:00+01:00,0.57256,0.5727,0.57095,0.57193
2023-10-29T21:00:00+00:00,0.57142,0.5733,0.57046,0.573
2023-10-30T01:00:00+00:00,0.57301,0.57454,0.57285,0.5738
2023-10-30T05:00:00+00:00,0.5738,0.57469,0.57338,0.57377
2023-10-30T09:00:00+00:00,0.57376,0.57669,0.57375,0.575
2023-10-30T13:00:00+00:00,0.575,0.57583,0.57413,0.57466
2023-10-30T17:00:00+00:00,0.57466,0.57532,0.57464,0.57496
2023-10-30T21:00:00+00:00,0.575,0.57573,0.57387,0.57437
2023-10-31T01:00:00+00:00,0.57436,0.575,0.57234,0.57251
2023-10-31T05:00:00+00:00,0.57249,0.57442,0.5723,0.57432
2023-10-31T09:00:00+00:00,0.57432,0.57515,0.57364,0.57415
2023-10-31T13:00:00+00:00,0.57416,0.57635,0.57367,0.57563
2023-10-31T17:00:00+00:00,0.57563,0.57712,0.57526,0.57692
2023-10-31T21:00:00+00:00,0.57694,0.57722,0.57456,0.57589
2023-11-01T01:00:00+00:00,0.57587,0.57686,0.57527,0.57607
2023-11-01T05:00:00+00:00,0.57608,0.57706,0.57561,0.57702
2023-11-01T09:00:00+00:00,0.57703,0.57794,0.57583,0.57753
2023-11-01T13:00:00+00:00,0.57752,0.58064,0.57719,0.57893
2023-11-01T17:00:00+00:00,0.57895,0.58111,0.57871,0.58042
2023-11-01T21:00:00+00:00,0.58042,0.58211,0.5797,0.5821
2023-11-02T01:00:00+00:00,0.5821,0.58265,0.58017,0.58025
2023-11-02T05:00:00+00:00,0.58025,0.58245,0.5801,0.58205
2023-11-02T09:00:00+00:00,0.58204,0.58264,0.58139,0.58247
2023-11-02T13:00:00+00:00,0.58247,0.58248,0.58037,0.58132
2023-11-02T17:00:00+00:00,0.58133,0.58303,0.58123,0.58292
2023-11-02T21:00:00+00:00,0.58291,0.58353,0.58169,0.58199
2023-11-03T01:00:00+00:00,0.58199,0.58298,0.5818,0.58235
2023-11-03T05:00:00+00:00,0.58236,0.58405,0.58217,0.58375
2023-11-03T09:00:00+00:00,0.58376,0.58486,0.58242,0.5839
2023-11-03T13:00:00+00:00,0.58387,0.58567,0.58367,0.58417
2023-11-03T17:00:00+00:00,0.58417,0.58593,0.58412,0.58572
2023-11-05T22:00:00+00:00,0.58488,0.5861,0.58398,0.58513
2023-11-06T02:00:00+00:00,0.58515,0.58532,0.58347,0.58438
2023-11-06T06:00:00+00:00,0.58439,0.58474,0.58295,0.58315
2023-11-06T10:00:00+00:00,0.58316,0.58413,0.58299,0.58385
2023-11-06T14:00:00+00:00,0.58386,0.58429,0.5828,0.5833
2023-11-06T18:00:00+00:00,0.58329,0.58371,0.583,0.58361
2023-11-06T22:00:00+00:00,0.58359,0.58446,0.582,0.58229
2023-11-07T02:00:00+00:00,0.58228,0.58483,0.57903,0.57961
2023-11-07T06:00:00+00:00,0.5796,0.57985,0.57766,0.57808
2023-11-07T10:00:00+00:00,0.5781,0.57886,0.57763,0.5779
2023-11-07T14:00:00+00:00,0.57789,0.57855,0.57723,0.57849
2023-11-07T18:00:00+00:00,0.57849,0.57947,0.57845,0.57936
2023-11-07T22:00:00+00:00,0.57936,0.58018,0.57795,0.57932
2023-11-08T02:00:00+00:00,0.57933,0.58047,0.57918,0.57946
2023-11-08T06:00:00+00:00,0.57945,0.58102,0.57916,0.57943
2023-11-08T10:00:00+00:00,0.57942,0.57974,0.57797,0.57854
2023-11-08T14:00:00+00:00,0.57855,0.57903,0.5759,0.57664
2023-11-08T18:00:00+00:00,0.57664,0.57688,0.57557,0.57571
2023-11-08T22:00:00+00:00,0.57571,0.57693,0.57478,0.57658
2023-11-09T02:00:00+00:00,0.57658,0.5771,0.5759,0.57662
2023-11-09T06:00:00+00:00,0.57663,0.57769,0.57587,0.57694
2023-11-09T10:00:00+00:00,0.57693,0.57778,0.57577,0.57723
2023-11-09T14:00:00+00:00,0.57723,0.57851,0.5771,0.57746
2023-11-09T18:00:00+00:00,0.57747,0.57754,0.57476,0.57483
2023-11-09T22:00:00+00:00,0.57486,0.57575,0.57393,0.57471
2023-11-10T02:00:00+00:00,0.57472,0.57487,0.57413,0.57447
2023-11-10T06:00:00+00:00,0.57448,0.57527,0.57357,0.57375
2023-11-10T10:00:00+00:00,0.57376,0.57398,0.5725,0.57366
2023-11-10T14:00:00+00:00,0.57364,0.57394,0.57264,0.57366
2023-11-10T18:00:00+00:00,0.57367,0.57485,0.57309,0.57441
2023-11-12T22:00:00+00:00,0.57353,0.57466,0.57326,0.5739
2023-11-13T02:00:00+00:00,0.57391,0.57439,0.57347,0.57422
2023-11-13T06:00:00+00:00,0.5742,0.57548,0.57378,0.57516
2023-11-13T10:00:00+00:00,0.57516,0.57696,0.57498,0.57571
2023-11-13T14:00:00+00:00,0.57571,0.57591,0.57485,0.57578
2023-11-13T18:00:00+00:00,0.5758,0.57593,0.57483,0.57499
2023-11-13T22:00:00+00:00,0.57497,0.57601,0.57394,0.57537
2023-11-14T02:00:00+00:00,0.57536,0.57556,0.57434,0.57456
2023-11-14T06:00:00+00:00,0.57456,0.57508,0.57334,0.57485
2023-11-14T10:00:00+00:00,0.57486,0.57746,0.57225,0.57735
2023-11-14T14:00:00+00:00,0.57735,0.57854,0.57668,0.57822
2023-11-14T18:00:00+00:00,0.57823,0.57874,0.57796,0.57852
2023-11-14T22:00:00+00:00,0.57853,0.5797,0.57688,0.57744
2023-11-15T02:00:00+00:00,0.57751,0.57824,0.57729,0.57786
2023-11-15T06:00:00+00:00,0.57787,0.57866,0.57722,0.57855
2023-11-15T10:00:00+00:00,0.57856,0.57984,0.57692,0.57769
2023-11-15T14:00:00+00:00,0.57769,0.57899,0.57666,0.57852
2023-11-15T18:00:00+00:00,0.57851,0.57869,0.57773,0.57798
2023-11-15T22:00:00+00:00,0.57797,0.57827,0.57525,0.57555
2023-11-16T02:00:00+00:00,0.57556,0.57561,0.57421,0.57535
2023-11-16T06:00:00+00:00,0.57536,0.57789,0.57517,0.57769
2023-11-16T10:00:00+00:00,0.5777,0.57786,0.57607,0.57742
2023-11-16T14:00:00+00:00,0.57741,0.57748,0.57356,0.57489
2023-11-16T18:00:00+00:00,0.57488,0.57564,0.57444,0.57498
2023-11-16T22:00:00+00:00,0.57498,0.57547,0.57421,0.57449
2023-11-17T02:00:00+00:00,0.57448,0.575,0.57404,0.575
2023-11-17T06:00:00+00:00,0.57499,0.57608,0.57376,0.57586
2023-11-17T10:00:00+00:00,0.57587,0.57754,0.57578,0.57647
2023-11-17T14:00:00+00:00,0.57647,0.57695,0.57566,0.57651
2023-11-17T18:00:00+00:00,0.57651,0.57732,0.57642,0.57702
2023-11-19T22:00:00+00:00,0.57683,0.57773,0.57617,0.57705
2023-11-20T02:00:00+00:00,0.57703,0.5797,0.57675,0.57851
2023-11-20T06:00:00+00:00,0.57852,0.58013,0.57849,0.57929
2023-11-20T10:00:00+00:00,0.5793,0.57997,0.57872,0.57947
2023-11-20T14:00:00+00:00,0.57947,0.58025,0.57773,0.57952
2023-11-20T18:00:00+00:00,0.57954,0.58071,0.57947,0.58022
2023-11-20T22:00:00+00:00,0.58021,0.58107,0.57959,0.58064
2023-11-21T02:00:00+00:00,0.58061,0.58164,0.5803,0.58037
2023-11-21T06:00:00+00:00,0.58039,0.58186,0.5798,0.57988
2023-11-21T10:00:00+00:00,0.57988,0.5817,0.5797,0.57993
2023-11-21T14:00:00+00:00,0.57994,0.58174,0.57896,0.57973
2023-11-21T18:00:00+00:00,0.57971,0.57971,0.57878,0.57932
2023-11-21T22:00:00+00:00,0.57932,0.5801,0.57893,0.57908
2023-11-22T02:00:00+00:00,0.57907,0.57934,0.57813,0.5782
2023-11-22T06:00:00+00:00,0.57821,0.57984,0.57735,0.57969
2023-11-22T10:00:00+00:00,0.57969,0.58063,0.57884,0.57939
2023-11-22T14:00:00+00:00,0.57943,0.57952,0.57818,0.57852
2023-11-22T18:00:00+00:00,0.57851,0.57872,0.578,0.57831
2023-11-22T22:00:00+00:00,0.5782,0.57972,0.57773,0.57878
2023-11-23T02:00:00+00:00,0.57878,0.57947,0.57804,0.5793
2023-11-23T06:00:00+00:00,0.57932,0.58034,0.57925,0.57937
2023-11-23T10:00:00+00:00,0.57935,0.58054,0.57905,0.57969
2023-11-23T14:00:00+00:00,0.57971,0.58005,0.57893,0.57982
2023-11-23T18:00:00+00:00,0.5798,0.58023,0.57953,0.57973
2023-11-23T22:00:00+00:00,0.57976,0.58062,0.57883,0.58035
2023-11-24T02:00:00+00:00,0.58034,0.58037,0.57949,0.58008
2023-11-24T06:00:00+00:00,0.58009,0.58058,0.57964,0.5804
2023-11-24T10:00:00+00:00,0.5804,0.5807,0.57968,0.57998
2023-11-24T14:00:00+00:00,0.57997,0.58125,0.57991,0.58088
2023-11-24T18:00:00+00:00,0.58088,0.582,0.58055,0.58147
2023-11-26T22:00:00+00:00,0.58069,0.58133,0.58028,0.58085
2023-11-27T02:00:00+00:00,0.58086,0.58088,0.57945,0.57989
2023-11-27T06:00:00+00:00,0.57991,0.58174,0.57986,0.58147
2023-11-27T10:00:00+00:00,0.58148,0.58204,0.5806,0.58095
2023-11-27T14:00:00+00:00,0.58093,0.58156,0.58048,0.58115
2023-11-27T18:00:00+00:00,0.58113,0.58211,0.58103,0.58164
2023-11-27T22:00:00+00:00,0.58166,0.58286,0.5812,0.58245
2023-11-28T02:00:00+00:00,0.58247,0.58338,0.58218,0.58231
2023-11-28T06:00:00+00:00,0.58232,0.58298,0.58116,0.58211
2023-11-28T10:00:00+00:00,0.58213,0.5834,0.58181,0.58204
2023-11-28T14:00:00+00:00,0.58204,0.58411,0.58187,0.58341
2023-11-28T18:00:00+00:00,0.58342,0.58404,0.58265,0.58381
2023-11-28T22:00:00+00:00,0.58381,0.58499,0.58209,0.58355
2023-11-29T02:00:00+00:00,0.58356,0.5838,0.58224,0.58237
2023-11-29T06:00:00+00:00,0.58237,0.58241,0.58051,0.58092
2023-11-29T10:00:00+00:00,0.58093,0.5815,0.57977,0.5798
2023-11-29T14:00:00+00:00,0.5798,0.5801,0.57848,0.57901
2023-11-29T18:00:00+00:00,0.579,0.57912,0.57769,0.57833
2023-11-29T22:00:00+00:00,0.57832,0.57973,0.57744,0.57804
2023-11-30T02:00:00+00:00,0.57803,0.58037,0.57789,0.57961
2023-11-30T06:00:00+00:00,0.57961,0.58035,0.57839,0.57853
2023-11-30T10:00:00+00:00,0.57852,0.57865,0.57654,0.5769
2023-11-30T14:00:00+00:00,0.57691,0.57824,0.57581,0.57785
2023-11-30T18:00:00+00:00,0.57784,0.57906,0.57774,0.57809
2023-11-30T22:00:00+00:00,0.57808,0.57938,0.57645,0.57925
2023-12-01T02:00:00+00:00,0.57926,0.57952,0.57754,0.57808
2023-12-01T06:00:00+00:00,0.57808,0.57954,0.57691,0.57946
2023-12-01T10:00:00+00:00,0.57947,0.57982,0.57842,0.5794
2023-12-01T14:00:00+00:00,0.57942,0.58078,0.57855,0.58071
2023-12-01T18:00:00+00:00,0.5807,0.58074,0.579,0.58018
2023-12-03T22:00:00+00:00,0.58023,0.58142,0.57902,0.58111
2023-12-04T02:00:00+00:00,0.5811,0.58133,0.57896,0.57967
2023-12-04T06:00:00+00:00,0.57966,0.58136,0.57872,0.58039
2023-12-04T10:00:00+00:00,0.58036,0.58096,0.57943,0.58004
2023-12-04T14:00:00+00:00,0.58004,0.58017,0.5775,0.57777
2023-12-04T18:00:00+00:00,0.57776,0.57798,0.5769,0.57776
2023-12-04T22:00:00+00:00,0.57777,0.57808,0.57655,0.57682
2023-12-05T02:00:00+00:00,0.57681,0.57696,0.57351,0.57398
2023-12-05T06:00:00+00:00,0.574,0.57553,0.57366,0.57454
2023-12-05T10:00:00+00:00,0.57453,0.57491,0.57267,0.57279
2023-12-05T14:00:00+00:00,0.5728,0.57461,0.57276,0.57369
2023-12-05T18:00:00+00:00,0.5737,0.57414,0.57312,0.57327
2023-12-05T22:00:00+00:00,0.57326,0.57642,0.57193,0.57638
2023-12-06T02:00:00+00:00,0.57641,0.57705,0.57549,0.57627
2023-12-06T06:00:00+00:00,0.57625,0.57672,0.57456,0.57469
2023-12-06T10:00:00+00:00,0.57471,0.5757,0.57422,0.5752
2023-12-06T14:00:00+00:00,0.5752,0.57566,0.57349,0.57387
2023-12-06T18:00:00+00:00,0.57387,0.57408,0.57274,0.57291
2023-12-06T22:00:00+00:00,0.57293,0.57393,0.57237,0.57309
2023-12-07T02:00:00+00:00,0.57309,0.57312,0.57121,0.57228
2023-12-07T06:00:00+00:00,0.57228,0.57396,0.5722,0.57394
2023-12-07T10:00:00+00:00,0.57395,0.5765,0.57317,0.57624
2023-12-07T14:00:00+00:00,0.57626,0.5783,0.57608,0.5775
2023-12-07T18:00:00+00:00,0.57753,0.57839,0.57689,0.57774
2023-12-07T22:00:00+00:00,0.57751,0.57818,0.57708,0.57808
2023-12-08T02:00:00+00:00,0.57809,0.57954,0.57773,0.57888
2023-12-08T06:00:00+00:00,0.57886,0.57926,0.5774,0.57822
2023-12-08T10:00:00+00:00,0.57823,0.57998,0.57729,0.57933
2023-12-08T14:00:00+00:00,0.57933,0.57947,0.57758,0.57911
2023-12-08T18:00:00+00:00,0.57909,0.57952,0.57862,0.57882
2023-12-10T22:00:00+00:00,0.57851,0.57952,0.57632,0.57652
2023-12-11T02:00:00+00:00,0.57653,0.57729,0.57637,0.57721
2023-12-11T06:00:00+00:00,0.5772,0.57788,0.57566,0.57639
2023-12-11T10:00:00+00:00,0.57639,0.57812,0.57637,0.5776
2023-12-11T14:00:00+00:00,0.57761,0.57856,0.57656,0.57704
2023-12-11T18:00:00+00:00,0.57705,0.57739,0.57668,0.57698
2023-12-11T22:00:00+00:00,0.57702,0.57794,0.57628,0.5773
2023-12-12T02:00:00+00:00,0.57729,0.5784,0.57718,0.57828
2023-12-12T06:00:00+00:00,0.5783,0.57894,0.57727,0.5786
2023-12-12T10:00:00+00:00,0.57858,0.5786,0.57495,0.57529
2023-12-12T14:00:00+00:00,0.57529,0.57533,0.57382,0.5739
2023-12-12T18:00:00+00:00,0.57391,0.57438,0.57389,0.57425
2023-12-12T22:00:00+00:00,0.57423,0.57487,0.57286,0.5747
2023-12-13T02:00:00+00:00,0.57472,0.57474,0.5735,0.57412
2023-12-13T06:00:00+00:00,0.57411,0.57466,0.57333,0.57422
2023-12-13T10:00:00+00:00,0.57423,0.57567,0.57377,0.57557
2023-12-13T14:00:00+00:00,0.57559,0.57745,0.57557,0.57682
2023-12-13T18:00:00+00:00,0.57682,0.58196,0.57614,0.58065
2023-12-13T22:00:00+00:00,0.58068,0.5832,0.57889,0.58266
2023-12-14T02:00:00+00:00,0.58268,0.58342,0.58213,0.58303
2023-12-14T06:00:00+00:00,0.58302,0.58654,0.58175,0.58449
2023-12-14T10:00:00+00:00,0.58448,0.58479,0.58138,0.5832
2023-12-14T14:00:00+00:00,0.5832,0.584,0.57939,0.5798
2023-12-14T18:00:00+00:00,0.57978,0.58144,0.57915,0.5812
2023-12-14T22:00:00+00:00,0.5812,0.58169,0.58011,0.58081
2023-12-15T02:00:00+00:00,0.58078,0.58226,0.58066,0.58068
2023-12-15T06:00:00+00:00,0.58069,0.58279,0.58052,0.58256
2023-12-15T10:00:00+00:00,0.58257,0.58298,0.57956,0.57995
2023-12-15T14:00:00+00:00,0.57994,0.58365,0.57981,0.58278
2023-12-15T18:00:00+00:00,0.58278,0.58423,0.58252,0.58324
2023-12-17T22:00:00+00:00,0.58264,0.58422,0.58191,0.58337
2023-12-18T02:00:00+00:00,0.58338,0.58424,0.58299,0.58354
2023-12-18T06:00:00+00:00,0.58354,0.58494,0.58349,0.58465
2023-12-18T10:00:00+00:00,0.58464,0.58483,0.58296,0.5836
2023-12-18T14:00:00+00:00,0.58361,0.58373,0.58069,0.58165
2023-12-18T18:00:00+00:00,0.58164,0.58205,0.58119,0.58144
2023-12-18T22:00:00+00:00,0.58146,0.58268,0.5811,0.58215
2023-12-19T02:00:00+00:00,0.58216,0.58332,0.58183,0.58194
2023-12-19T06:00:00+00:00,0.58195,0.58363,0.58102,0.58303
2023-12-19T10:00:00+00:00,0.58303,0.58337,0.58155,0.58239
2023-12-19T14:00:00+00:00,0.58238,0.58395,0.58129,0.58272
2023-12-19T18:00:00+00:00,0.58271,0.58285,0.58174,0.58231
2023-12-19T22:00:00+00:00,0.5823,0.58262,0.58091,0.58244
2023-12-20T02:00:00+00:00,0.58244,0.58354,0.58182,0.58308
2023-12-20T06:00:00+00:00,0.58307,0.58369,0.58218,0.58291
2023-12-20T10:00:00+00:00,0.58287,0.58515,0.58251,0.58363
2023-12-20T14:00:00+00:00,0.58364,0.58397,0.58224,0.58305
2023-12-20T18:00:00+00:00,0.58306,0.58326,0.58049,0.58055
2023-12-20T22:00:00+00:00,0.58055,0.58181,0.57952,0.58149
2023-12-21T02:00:00+00:00,0.58149,0.58213,0.58102,0.58164
2023-12-21T06:00:00+00:00,0.58166,0.5822,0.58122,0.58182
2023-12-21T10:00:00+00:00,0.58181,0.58204,0.58001,0.58158
2023-12-21T14:00:00+00:00,0.58159,0.583,0.58086,0.58186
2023-12-21T18:00:00+00:00,0.58185,0.58274,0.58169,0.5824
2023-12-21T22:00:00+00:00,0.58247,0.58296,0.58122,0.58159
2023-12-22T02:00:00+00:00,0.5816,0.58161,0.58052,0.58078
2023-12-22T06:00:00+00:00,0.58078,0.58148,0.58053,0.58118
2023-12-22T10:00:00+00:00,0.58119,0.58242,0.58042,0.58136
2023-12-22T14:00:00+00:00,0.58135,0.58282,0.58031,0.58246
2023-12-22T18:00:00+00:00,0.58245,0.58269,0.58161,0.58215
2023-12-24T22:00:00+00:00,0.58285,0.58292,0.58067,0.58067
2023-12-25T02:00:00+00:00,0.5819,0.58315,0.5812,0.58193
2023-12-25T06:00:00+00:00,0.58245,0.58362,0.58244,0.58339
2023-12-25T22:00:00+00:00,0.58203,0.5833,0.58081,0.58271
2023-12-26T02:00:00+00:00,0.58271,0.58303,0.5825,0.58264
2023-12-26T06:00:00+00:00,0.58264,0.58343,0.58206,0.58298
2023-12-26T10:00:00+00:00,0.58297,0.58398,0.5824,0.58303
2023-12-26T14:00:00+00:00,0.58303,0.58319,0.58174,0.58272
2023-12-26T18:00:00+00:00,0.58272,0.58283,0.58216,0.58272
2023-12-26T22:00:00+00:00,0.58278,0.58312,0.58215,0.58306
2023-12-27T02:00:00+00:00,0.58305,0.58383,0.58233,0.58295
2023-12-27T06:00:00+00:00,0.58296,0.58393,0.58196,0.58214
2023-12-27T10:00:00+00:00,0.58215,0.584,0.58193,0.58203
2023-12-27T14:00:00+00:00,0.58204,0.58248,0.57593,0.57747
2023-12-27T18:00:00+00:00,0.57747,0.57793,0.5763,0.57742
2023-12-27T22:00:00+00:00,0.57703,0.57842,0.57639,0.57756
2023-12-28T02:00:00+00:00,0.57757,0.57771,0.574,0.57541
2023-12-28T06:00:00+00:00,0.57543,0.5757,0.56947,0.57052
2023-12-28T10:00:00+00:00,0.57053,0.57326,0.57053,0.57311
2023-12-28T14:00:00+00:00,0.5731,0.57582,0.57133,0.57567
2023-12-28T18:00:00+00:00,0.57571,0.57733,0.57513,0.5771
2023-12-28T22:00:00+00:00,0.57696,0.5781,0.57551,0.57643
2023-12-29T02:00:00+00:00,0.57642,0.57715,0.57584,0.577
2023-12-29T06:00:00+00:00,0.57702,0.57709,0.5714,0.5718
2023-12-29T10:00:00+00:00,0.57179,0.57181,0.56824,0.56994
2023-12-29T14:00:00+00:00,0.56992,0.57502,0.56951,0.57364
2023-12-29T18:00:00+00:00,0.57364,0.57395,0.57265,0.57328
2024-01-01T22:00:00+00:00,0.57266,0.57453,0.57135,0.57401
2024-01-02T02:00:00+00:00,0.57403,0.57725,0.57394,0.57715
2024-01-02T06:00:00+00:00,0.57715,0.57817,0.57613,0.57727
2024-01-02T10:00:00+00:00,0.57726,0.57839,0.57544,0.5759
2024-01-02T14:00:00+00:00,0.57593,0.5762,0.57377,0.57586
2024-01-02T18:00:00+00:00,0.57584,0.57584,0.57403,0.57506
2024-01-02T22:00:00+00:00,0.57452,0.57603,0.57344,0.57401
2024-01-03T02:00:00+00:00,0.574,0.57503,0.57364,0.57496
2024-01-03T06:00:00+00:00,0.57495,0.57569,0.57368,0.57468
2024-01-03T10:00:00+00:00,0.57468,0.57604,0.57265,0.57266
2024-01-03T14:00:00+00:00,0.57266,0.57432,0.57166,0.57237
2024-01-03T18:00:00+00:00,0.57236,0.57304,0.57139,0.5716
2024-01-03T22:00:00+00:00,0.57158,0.57271,0.57072,0.57234
2024-01-04T02:00:00+00:00,0.57233,0.57295,0.57125,0.57276
2024-01-04T06:00:00+00:00,0.57275,0.57414,0.57237,0.57279
2024-01-04T10:00:00+00:00,0.57278,0.57305,0.57125,0.57152
2024-01-04T14:00:00+00:00,0.57151,0.57179,0.56966,0.57072
2024-01-04T18:00:00+00:00,0.5707,0.57129,0.56974,0.57027
2024-01-04T22:00:00+00:00,0.57025,0.57112,0.56917,0.56994
2024-01-05T02:00:00+00:00,0.56994,0.57075,0.5694,0.57015
2024-01-05T06:00:00+00:00,0.57014,0.57135,0.56959,0.57001
2024-01-05T10:00:00+00:00,0.57,0.57069,0.56845,0.57021
2024-01-05T14:00:00+00:00,0.57022,0.57102,0.56906,0.57069
2024-01-05T18:00:00+00:00,0.57067,0.57131,0.5702,0.57094
2024-01-07T22:00:00+00:00,0.57047,0.5724,0.56978,0.57192
2024-01-08T02:00:00+00:00,0.57191,0.57207,0.57036,0.57062
2024-01-08T06:00:00+00:00,0.57065,0.57119,0.56848,0.56987
2024-01-08T10:00:00+00:00,0.56986,0.56991,0.56771,0.56782
2024-01-08T14:00:00+00:00,0.56782,0.56901,0.56764,0.56858
2024-01-08T18:00:00+00:00,0.56859,0.5701,0.56844,0.56993
2024-01-08T22:00:00+00:00,0.56998,0.57048,0.56913,0.56964
2024-01-09T02:00:00+00:00,0.56963,0.57019,0.56855,0.56875
2024-01-09T06:00:00+00:00,0.56876,0.57012,0.56805,0.56965
2024-01-09T10:00:00+00:00,0.56964,0.57032,0.56929,0.56934
2024-01-09T14:00:00+00:00,0.56934,0.57006,0.56895,0.56946
2024-01-09T18:00:00+00:00,0.56946,0.57028,0.5692,0.57008
2024-01-09T22:00:00+00:00,0.57001,0.571,0.56943,0.57086
2024-01-10T02:00:00+00:00,0.57086,0.57168,0.57075,0.57137
2024-01-10T06:00:00+00:00,0.57136,0.57197,0.57062,0.57168
2024-01-10T10:00:00+00:00,0.57168,0.5723,0.57081,0.5711
2024-01-10T14:00:00+00:00,0.5711,0.57127,0.5695,0.56988
2024-01-10T18:00:00+00:00,0.56988,0.57075,0.56986,0.57
2024-01-10T22:00:00+00:00,0.56998,0.57102,0.56952,0.57062
2024-01-11T02:00:00+00:00,0.57065,0.57137,0.57048,0.57107
2024-01-11T06:00:00+00:00,0.57109,0.57176,0.57031,0.57103
2024-01-11T10:00:00+00:00,0.57103,0.57134,0.56907,0.56973
2024-01-11T14:00:00+00:00,0.56975,0.57059,0.56854,0.56939
2024-01-11T18:00:00+00:00,0.5694,0.57058,0.56932,0.56977
2024-01-11T22:00:00+00:00,0.5698,0.57166,0.56943,0.57157
2024-01-12T02:00:00+00:00,0.57158,0.57184,0.57061,0.57072
2024-01-12T06:00:00+00:00,0.5707,0.57217,0.5707,0.57198
2024-01-12T10:00:00+00:00,0.57197,0.57209,0.57038,0.5716
2024-01-12T14:00:00+00:00,0.5716,0.57175,0.56993,0.57066
2024-01-12T18:00:00+00:00,0.57067,0.57093,0.56951,0.57006
2024-01-14T22:00:00+00:00,0.56955,0.57121,0.56915,0.5711
2024-01-15T02:00:00+00:00,0.5711,0.57147,0.56999,0.57
2024-01-15T06:00:00+00:00,0.57,0.57022,0.56837,0.56851
2024-01-15T10:00:00+00:00,0.56849,0.56927,0.56792,0.56831
2024-01-15T14:00:00+00:00,0.56831,0.57014,0.56831,0.57009
2024-01-15T18:00:00+00:00,0.57008,0.57028,0.56974,0.56999
2024-01-15T22:00:00+00:00,0.56993,0.57054,0.56766,0.56842
2024-01-16T02:00:00+00:00,0.56842,0.56847,0.56713,0.56813
2024-01-16T06:00:00+00:00,0.56814,0.56952,0.56767,0.56835
2024-01-16T10:00:00+00:00,0.56835,0.5689,0.56771,0.56814
2024-01-16T14:00:00+00:00,0.56814,0.56869,0.56697,0.56731
2024-01-16T18:00:00+00:00,0.56731,0.56743,0.56641,0.56727
2024-01-16T22:00:00+00:00,0.56726,0.56808,0.56659,0.56783
2024-01-17T02:00:00+00:00,0.56781,0.56784,0.56553,0.56584
2024-01-17T06:00:00+00:00,0.56585,0.5661,0.56393,0.56485
2024-01-17T10:00:00+00:00,0.56486,0.5678,0.56421,0.56698
2024-01-17T14:00:00+00:00,0.56697,0.56721,0.56568,0.56598
2024-01-17T18:00:00+00:00,0.56598,0.56658,0.56581,0.56639
2024-01-17T22:00:00+00:00,0.56637,0.56699,0.56431,0.56672
2024-01-18T02:00:00+00:00,0.56672,0.56744,0.56624,0.56703
2024-01-18T06:00:00+00:00,0.56702,0.56801,0.56672,0.56727
2024-01-18T10:00:00+00:00,0.56726,0.56923,0.56717,0.56862
2024-01-18T14:00:00+00:00,0.56862,0.57017,0.56862,0.56966
2024-01-18T18:00:00+00:00,0.56967,0.57076,0.5695,0.57055
2024-01-18T22:00:00+00:00,0.57054,0.57193,0.57004,0.57153
2024-01-19T02:00:00+00:00,0.57153,0.57197,0.57062,0.57083
2024-01-19T06:00:00+00:00,0.57082,0.57313,0.57066,0.57312
2024-01-19T10:00:00+00:00,0.57312,0.57368,0.57265,0.57274
2024-01-19T14:00:00+00:00,0.57273,0.57322,0.57147,0.57286
2024-01-19T18:00:00+00:00,0.57286,0.57333,0.57248,0.57272
2024-01-21T22:00:00+00:00,0.57299,0.57415,0.57173,0.57322
2024-01-22T02:00:00+00:00,0.57321,0.57326,0.57191,0.57205
2024-01-22T06:00:00+00:00,0.57206,0.57275,0.57113,0.57164
2024-01-22T10:00:00+00:00,0.57163,0.57268,0.57157,0.57167
2024-01-22T14:00:00+00:00,0.57166,0.57307,0.57158,0.57188
2024-01-22T18:00:00+00:00,0.57186,0.57188,0.57072,0.571
2024-01-22T22:00:00+00:00,0.57099,0.57232,0.57061,0.57202
2024-01-23T02:00:00+00:00,0.57203,0.57251,0.57107,0.57199
2024-01-23T06:00:00+00:00,0.572,0.57242,0.57157,0.57194
2024-01-23T10:00:00+00:00,0.57193,0.57332,0.57157,0.57269
2024-01-23T14:00:00+00:00,0.57269,0.57349,0.5711,0.57158
2024-01-23T18:00:00+00:00,0.57157,0.57281,0.57136,0.57259
2024-01-23T22:00:00+00:00,0.57259,0.57354,0.57147,0.57154
2024-01-24T02:00:00+00:00,0.57155,0.57163,0.57072,0.57123
2024-01-24T06:00:00+00:00,0.57123,0.57202,0.57068,0.57089
2024-01-24T10:00:00+00:00,0.57095,0.57128,0.56933,0.56961
2024-01-24T14:00:00+00:00,0.56961,0.57024,0.56922,0.56949
2024-01-24T18:00:00+00:00,0.56948,0.56954,0.56721,0.56733
2024-01-24T22:00:00+00:00,0.56732,0.56828,0.56675,0.56814
2024-01-25T02:00:00+00:00,0.56814,0.56872,0.5678,0.56837
2024-01-25T06:00:00+00:00,0.56835,0.56893,0.56768,0.56866
2024-01-25T10:00:00+00:00,0.56865,0.57141,0.56843,0.57141
2024-01-25T14:00:00+00:00,0.57141,0.57198,0.57024,0.57056
2024-01-25T18:00:00+00:00,0.57057,0.57108,0.57014,0.5709
2024-01-25T22:00:00+00:00,0.57098,0.57157,0.57049,0.57097
2024-01-26T02:00:00+00:00,0.57096,0.57173,0.57091,0.57136
2024-01-26T06:00:00+00:00,0.57136,0.57161,0.56937,0.57015
2024-01-26T10:00:00+00:00,0.57012,0.57039,0.56873,0.57018
2024-01-26T14:00:00+00:00,0.57018,0.57021,0.56817,0.56845
2024-01-26T18:00:00+00:00,0.56845,0.56899,0.56776,0.56792
2024-01-28T22:00:00+00:00,0.56781,0.56942,0.56706,0.56917
2024-01-29T02:00:00+00:00,0.56915,0.56939,0.56869,0.56922
2024-01-29T06:00:00+00:00,0.5692,0.56961,0.56784,0.56893
2024-01-29T10:00:00+00:00,0.56893,0.56998,0.56841,0.56966
2024-01-29T14:00:00+00:00,0.56965,0.56985,0.56906,0.56945
2024-01-29T18:00:00+00:00,0.56944,0.56975,0.56909,0.56942
2024-01-29T22:00:00+00:00,0.56943,0.57052,0.56866,0.56984
2024-01-30T02:00:00+00:00,0.56981,0.57015,0.5693,0.5701
2024-01-30T06:00:00+00:00,0.57011,0.5702,0.56929,0.57007
2024-01-30T10:00:00+00:00,0.57006,0.57019,0.56794,0.56803
2024-01-30T14:00:00+00:00,0.56803,0.56912,0.56781,0.56863
2024-01-30T18:00:00+00:00,0.56862,0.5692,0.56861,0.56899
2024-01-30T22:00:00+00:00,0.56897,0.56938,0.56649,0.56689
2024-01-31T02:00:00+00:00,0.5669,0.56742,0.566,0.56661
2024-01-31T06:00:00+00:00,0.56662,0.56869,0.56634,0.56801
2024-01-31T10:00:00+00:00,0.568,0.56847,0.56743,0.56817
2024-01-31T14:00:00+00:00,0.56818,0.56874,0.56613,0.56698
2024-01-31T18:00:00+00:00,0.56697,0.56811,0.56534,0.56578
2024-01-31T22:00:00+00:00,0.56571,0.56724,0.56507,0.56662
2024-02-01T02:00:00+00:00,0.56661,0.56723,0.56452,0.56463
2024-02-01T06:00:00+00:00,0.56463,0.56503,0.56266,0.56319
2024-02-01T10:00:00+00:00,0.56317,0.56359,0.56184,0.56232
2024-02-01T14:00:00+00:00,0.56232,0.56401,0.56203,0.56385
2024-02-01T18:00:00+00:00,0.56383,0.56412,0.56354,0.56374
2024-02-01T22:00:00+00:00,0.56374,0.56505,0.56258,0.565
2024-02-02T02:00:00+00:00,0.565,0.5657,0.56492,0.56532
2024-02-02T06:00:00+00:00,0.56532,0.56584,0.56465,0.56542
2024-02-02T10:00:00+00:00,0.5654,0.56588,0.56443,0.56505
2024-02-02T14:00:00+00:00,0.56503,0.56503,0.5633,0.56458
2024-02-02T18:00:00+00:00,0.56458,0.56498,0.56425,0.5647
2024-02-04T22:00:00+00:00,0.56454,0.56535,0.56306,0.56448
2024-02-05T02:00:00+00:00,0.56448,0.56561,0.56391,0.5654
2024-02-05T06:00:00+00:00,0.56539,0.56593,0.56432,0.56567
2024-02-05T10:00:00+00:00,0.56568,0.5661,0.56397,0.56511
2024-02-05T14:00:00+00:00,0.56512,0.56524,0.56358,0.56437
2024-02-05T18:00:00+00:00,0.56438,0.56465,0.56404,0.56449
2024-02-05T22:00:00+00:00,0.56448,0.56543,0.56404,0.56543
2024-02-06T02:00:00+00:00,0.56543,0.56701,0.56469,0.56612
2024-02-06T06:00:00+00:00,0.56615,0.56683,0.56572,0.56681
2024-02-06T10:00:00+00:00,0.56681,0.56725,0.56603,0.56678
2024-02-06T14:00:00+00:00,0.56678,0.56781,0.56659,0.56753
2024-02-06T18:00:00+00:00,0.56753,0.56763,0.56705,0.56741
2024-02-06T22:00:00+00:00,0.5674,0.56848,0.5668,0.56839
2024-02-07T02:00:00+00:00,0.56838,0.56853,0.56744,0.56779
2024-02-07T06:00:00+00:00,0.5678,0.56919,0.56744,0.56891
2024-02-07T10:00:00+00:00,0.5689,0.57023,0.56852,0.5686
2024-02-07T14:00:00+00:00,0.56861,0.57013,0.56841,0.56972
2024-02-07T18:00:00+00:00,0.56973,0.57048,0.56962,0.57025
2024-02-07T22:00:00+00:00,0.57024,0.5707,0.56955,0.56997
2024-02-08T02:00:00+00:00,0.56997,0.57008,0.56916,0.56937
2024-02-08T06:00:00+00:00,0.56936,0.5697,0.56783,0.56819
2024-02-08T10:00:00+00:00,0.56821,0.56845,0.56732,0.56805
2024-02-08T14:00:00+00:00,0.56804,0.56814,0.56676,0.56741
2024-02-08T18:00:00+00:00,0.56743,0.56759,0.56706,0.56718
2024-02-08T22:00:00+00:00,0.56717,0.56797,0.56682,0.56732
2024-02-09T02:00:00+00:00,0.56734,0.56784,0.56716,0.56774
2024-02-09T06:00:00+00:00,0.56773,0.57025,0.56771,0.56992
2024-02-09T10:00:00+00:00,0.56991,0.57085,0.56954,0.57055
2024-02-09T14:00:00+00:00,0.57056,0.57089,0.56968,0.57034
2024-02-09T18:00:00+00:00,0.57034,0.57096,0.57021,0.57068
2024-02-11T22:00:00+00:00,0.57044,0.57089,0.56929,0.57053
2024-02-12T02:00:00+00:00,0.57052,0.57066,0.56986,0.57009
2024-02-12T06:00:00+00:00,0.57007,0.57054,0.56947,0.57053
2024-02-12T10:00:00+00:00,0.57055,0.5719,0.57051,0.57171
2024-02-12T14:00:00+00:00,0.5717,0.57276,0.57154,0.57259
2024-02-12T18:00:00+00:00,0.57258,0.57261,0.57171,0.57194
2024-02-12T22:00:00+00:00,0.57191,0.57225,0.57133,0.5719
2024-02-13T02:00:00+00:00,0.5719,0.57193,0.57081,0.57092
2024-02-13T06:00:00+00:00,0.5709,0.57449,0.5709,0.57324
2024-02-13T10:00:00+00:00,0.57324,0.57464,0.57218,0.57282
2024-02-13T14:00:00+00:00,0.57282,0.57343,0.57197,0.57273
2024-02-13T18:00:00+00:00,0.57273,0.57278,0.57199,0.57248
2024-02-13T22:00:00+00:00,0.57242,0.57291,0.57164,0.57258
2024-02-14T02:00:00+00:00,0.57259,0.57312,0.57218,0.57306
2024-02-14T06:00:00+00:00,0.57307,0.57537,0.57303,0.57468
2024-02-14T10:00:00+00:00,0.57469,0.57503,0.5739,0.57392
2024-02-14T14:00:00+00:00,0.57391,0.575,0.5738,0.57455
2024-02-14T18:00:00+00:00,0.57458,0.5753,0.57443,0.57507
2024-02-14T22:00:00+00:00,0.57507,0.57549,0.57373,0.57404
2024-02-15T02:00:00+00:00,0.57402,0.57455,0.57369,0.57423
2024-02-15T06:00:00+00:00,0.57421,0.57469,0.57318,0.5737
2024-02-15T10:00:00+00:00,0.57369,0.57479,0.5735,0.57441
2024-02-15T14:00:00+00:00,0.57441,0.57442,0.573,0.57322
2024-02-15T18:00:00+00:00,0.57322,0.57431,0.57313,0.57421
2024-02-15T22:00:00+00:00,0.5742,0.57462,0.57315,0.57363
2024-02-16T02:00:00+00:00,0.57363,0.57451,0.57339,0.57431
2024-02-16T06:00:00+00:00,0.57431,0.57525,0.57424,0.57478
2024-02-16T10:00:00+00:00,0.57476,0.57533,0.57388,0.57422
2024-02-16T14:00:00+00:00,0.57422,0.57614,0.57387,0.57598
2024-02-16T18:00:00+00:00,0.57598,0.57604,0.57532,0.57548
2024-02-18T22:00:00+00:00,0.57493,0.57647,0.57406,0.57602
2024-02-19T02:00:00+00:00,0.57601,0.57663,0.57573,0.57638
2024-02-19T06:00:00+00:00,0.57638,0.57692,0.5758,0.57632
2024-02-19T10:00:00+00:00,0.57631,0.57632,0.57531,0.57612
2024-02-19T14:00:00+00:00,0.57614,0.57711,0.57605,0.57711
2024-02-19T18:00:00+00:00,0.5771,0.57739,0.57672,0.5771
2024-02-19T22:00:00+00:00,0.57712,0.57736,0.57566,0.57656
2024-02-20T02:00:00+00:00,0.57656,0.57672,0.57601,0.57655
2024-02-20T06:00:00+00:00,0.57655,0.57794,0.57638,0.57789
2024-02-20T10:00:00+00:00,0.57788,0.57913,0.5774,0.57825
2024-02-20T14:00:00+00:00,0.57826,0.57865,0.57708,0.57767
2024-02-20T18:00:00+00:00,0.57766,0.57785,0.57727,0.57754
2024-02-20T22:00:00+00:00,0.57747,0.57816,0.57712,0.57791
2024-02-21T02:00:00+00:00,0.57791,0.57886,0.57788,0.57856
2024-02-21T06:00:00+00:00,0.57855,0.57891,0.57696,0.57713
2024-02-21T10:00:00+00:00,0.57712,0.57747,0.57646,0.57672
2024-02-21T14:00:00+00:00,0.57669,0.57698,0.57554,0.57595
2024-02-21T18:00:00+00:00,0.57596,0.57645,0.57549,0.57627
2024-02-21T22:00:00+00:00,0.57624,0.57656,0.57557,0.57583
2024-02-22T02:00:00+00:00,0.57584,0.57628,0.57528,0.57612
2024-02-22T06:00:00+00:00,0.57612,0.57765,0.57601,0.5774
2024-02-22T10:00:00+00:00,0.57739,0.57828,0.57661,0.57682
2024-02-22T14:00:00+00:00,0.57683,0.57781,0.57657,0.57755
2024-02-22T18:00:00+00:00,0.57755,0.57763,0.57688,0.57722
2024-02-22T22:00:00+00:00,0.57719,0.57865,0.57683,0.57852
2024-02-23T02:00:00+00:00,0.57851,0.57878,0.57803,0.57854
2024-02-23T06:00:00+00:00,0.57853,0.57932,0.57769,0.57781
2024-02-23T10:00:00+00:00,0.5778,0.57849,0.57763,0.57839
2024-02-23T14:00:00+00:00,0.5784,0.57872,0.57781,0.57802
2024-02-23T18:00:00+00:00,0.57801,0.57868,0.57798,0.57834
2024-02-25T22:00:00+00:00,0.5778,0.57915,0.57698,0.57793
2024-02-26T02:00:00+00:00,0.57795,0.57836,0.57736,0.57753
2024-02-26T06:00:00+00:00,0.57752,0.57776,0.57594,0.57597
2024-02-26T10:00:00+00:00,0.57599,0.57677,0.57564,0.57641
2024-02-26T14:00:00+00:00,0.57642,0.57644,0.57522,0.57567
2024-02-26T18:00:00+00:00,0.57565,0.57592,0.5754,0.57554
2024-02-26T22:00:00+00:00,0.57554,0.57604,0.57488,0.57529
2024-02-27T02:00:00+00:00,0.57527,0.57593,0.57438,0.57573
2024-02-27T06:00:00+00:00,0.57571,0.57668,0.57559,0.57645
2024-02-27T10:00:00+00:00,0.57647,0.57692,0.57586,0.57637
2024-02-27T14:00:00+00:00,0.57635,0.57641,0.57522,0.57569
2024-02-27T18:00:00+00:00,0.57571,0.57605,0.57475,0.57491
2024-02-27T22:00:00+00:00,0.57496,0.57622,0.57443,0.57476
2024-02-28T02:00:00+00:00,0.57476,0.57485,0.57334,0.57356
2024-02-28T06:00:00+00:00,0.57357,0.57372,0.57188,0.57209
2024-02-28T10:00:00+00:00,0.57209,0.57238,0.57127,0.57167
2024-02-28T14:00:00+00:00,0.57168,0.57195,0.57063,0.57109
2024-02-28T18:00:00+00:00,0.5711,0.57123,0.57061,0.57084
2024-02-28T22:00:00+00:00,0.57083,0.57165,0.57021,0.57133
2024-02-29T02:00:00+00:00,0.57132,0.57292,0.57123,0.57236
2024-02-29T06:00:00+00:00,0.57237,0.57286,0.57093,0.571
2024-02-29T10:00:00+00:00,0.57098,0.57273,0.57095,0.57245
2024-02-29T14:00:00+00:00,0.57243,0.57456,0.57224,0.57402
2024-02-29T18:00:00+00:00,0.57402,0.57496,0.57384,0.57472
2024-02-29T22:00:00+00:00,0.57473,0.57542,0.57436,0.57533
2024-03-01T02:00:00+00:00,0.57534,0.57603,0.57525,0.57598
2024-03-01T06:00:00+00:00,0.57598,0.57671,0.57519,0.57543
2024-03-01T10:00:00+00:00,0.57541,0.57695,0.57528,0.57695
2024-03-01T14:00:00+00:00,0.57694,0.57827,0.57665,0.57727
2024-03-01T18:00:00+00:00,0.57726,0.57747,0.57617,0.57646
2024-03-03T22:00:00+00:00,0.57689,0.57759,0.57588,0.57631
2024-03-04T02:00:00+00:00,0.57631,0.57631,0.57553,0.57553
2024-03-04T06:00:00+00:00,0.57554,0.5764,0.57448,0.57569
2024-03-04T10:00:00+00:00,0.57569,0.57739,0.57563,0.57639
2024-03-04T14:00:00+00:00,0.57639,0.57737,0.57607,0.57614
2024-03-04T18:00:00+00:00,0.57615,0.57634,0.57578,0.576
2024-03-04T22:00:00+00:00,0.57598,0.57675,0.57542,0.57637
2024-03-05T02:00:00+00:00,0.57637,0.57644,0.57475,0.57475
2024-03-05T06:00:00+00:00,0.57477,0.57501,0.57372,0.57461
2024-03-05T10:00:00+00:00,0.57462,0.57574,0.57454,0.57498
2024-03-05T14:00:00+00:00,0.575,0.57578,0.57456,0.57531
2024-03-05T18:00:00+00:00,0.5753,0.57551,0.57428,0.57448
2024-03-05T22:00:00+00:00,0.57449,0.57526,0.57397,0.57504
2024-03-06T02:00:00+00:00,0.57503,0.57655,0.57493,0.57639
2024-03-06T06:00:00+00:00,0.57638,0.57712,0.576,0.57707
2024-03-06T10:00:00+00:00,0.57709,0.57808,0.57685,0.57794
2024-03-06T14:00:00+00:00,0.57794,0.57987,0.57763,0.57963
2024-03-06T18:00:00+00:00,0.57961,0.57991,0.57878,0.57904
2024-03-06T22:00:00+00:00,0.57905,0.57985,0.57858,0.57926
2024-03-07T02:00:00+00:00,0.57925,0.58056,0.57878,0.57984
2024-03-07T06:00:00+00:00,0.57981,0.5812,0.57971,0.58106
2024-03-07T10:00:00+00:00,0.58107,0.58178,0.58036,0.58119
2024-03-07T14:00:00+00:00,0.5812,0.58176,0.58081,0.58144
2024-03-07T18:00:00+00:00,0.58146,0.58169,0.58082,0.58105
2024-03-07T22:00:00+00:00,0.58103,0.58132,0.58032,0.58076
2024-03-08T02:00:00+00:00,0.58077,0.58201,0.58035,0.58195
2024-03-08T06:00:00+00:00,0.58194,0.58248,0.58134,0.58236
2024-03-08T10:00:00+00:00,0.58235,0.58266,0.58119,0.5815
2024-03-08T14:00:00+00:00,0.58148,0.582,0.58057,0.58073
2024-03-08T18:00:00+00:00,0.58074,0.58168,0.58048,0.5815
2024-03-10T21:00:00+00:00,0.58086,0.58225,0.57969,0.58093
2024-03-11T01:00:00+00:00,0.58092,0.58111,0.57987,0.58024
2024-03-11T05:00:00+00:00,0.58024,0.58074,0.57895,0.57903
2024-03-11T09:00:00+00:00,0.57902,0.58059,0.579,0.57937
2024-03-11T13:00:00+00:00,0.57936,0.58063,0.57935,0.58059
2024-03-11T17:00:00+00:00,0.58061,0.58066,0.57998,0.58041
2024-03-11T21:00:00+00:00,0.58041,0.58086,0.57989,0.58042
2024-03-12T01:00:00+00:00,0.58042,0.58071,0.57988,0.58017
2024-03-12T05:00:00+00:00,0.58017,0.58048,0.57955,0.57986
2024-03-12T09:00:00+00:00,0.57984,0.58091,0.57861,0.58011
2024-03-12T13:00:00+00:00,0.58012,0.5802,0.57898,0.57934
2024-03-12T17:00:00+00:00,0.57934,0.57997,0.57906,0.57958
2024-03-12T21:00:00+00:00,0.57959,0.58008,0.57908,0.57949
2024-03-13T01:00:00+00:00,0.57948,0.58069,0.5792,0.58054
2024-03-13T05:00:00+00:00,0.58055,0.581,0.58017,0.58074
2024-03-13T09:00:00+00:00,0.58072,0.58086,0.57988,0.58006
2024-03-13T13:00:00+00:00,0.58005,0.58159,0.58003,0.58145
2024-03-13T17:00:00+00:00,0.58144,0.5821,0.58136,0.58195
2024-03-13T21:00:00+00:00,0.58194,0.58272,0.58156,0.58197
2024-03-14T01:00:00+00:00,0.58198,0.58237,0.58123,0.58171
2024-03-14T05:00:00+00:00,0.58169,0.58273,0.5815,0.58241
2024-03-14T09:00:00+00:00,0.5824,0.58292,0.58124,0.5818
2024-03-14T13:00:00+00:00,0.5818,0.58216,0.58054,0.58153
2024-03-14T17:00:00+00:00,0.58152,0.58181,0.5811,0.58161
2024-03-14T21:00:00+00:00,0.58161,0.58242,0.58022,0.58109
2024-03-15T01:00:00+00:00,0.58107,0.58123,0.5803,0.58095
2024-03-15T05:00:00+00:00,0.58095,0.58153,0.57938,0.57974
2024-03-15T09:00:00+00:00,0.57977,0.58036,0.57902,0.57942
2024-03-15T13:00:00+00:00,0.57942,0.58064,0.5793,0.57981
2024-03-15T17:00:00+00:00,0.57981,0.58015,0.5794,0.57991
2024-03-17T21:00:00+00:00,0.57983,0.5802,0.57892,0.57965
2024-03-18T01:00:00+00:00,0.57963,0.58027,0.57929,0.58012
2024-03-18T05:00:00+00:00,0.58013,0.58093,0.57981,0.58071
2024-03-18T09:00:00+00:00,0.58072,0.58095,0.57973,0.58047
2024-03-18T13:00:00+00:00,0.58047,0.58156,0.58045,0.58133
2024-03-18T17:00:00+00:00,0.58132,0.58256,0.5813,0.58239
2024-03-18T21:00:00+00:00,0.58241,0.58245,0.58088,0.58198
2024-03-19T01:00:00+00:00,0.58197,0.58288,0.57982,0.57996
2024-03-19T05:00:00+00:00,0.57995,0.58008,0.57789,0.57818
2024-03-19T09:00:00+00:00,0.57816,0.57925,0.57735,0.57821
2024-03-19T13:00:00+00:00,0.5782,0.58029,0.5781,0.58009
2024-03-19T17:00:00+00:00,0.5801,0.58027,0.57991,0.58017
2024-03-19T21:00:00+00:00,0.58008,0.58064,0.57952,0.58041
2024-03-20T01:00:00+00:00,0.58043,0.58132,0.58022,0.58028
2024-03-20T05:00:00+00:00,0.5803,0.58105,0.58021,0.58062
2024-03-20T09:00:00+00:00,0.58062,0.58122,0.5803,0.58061
2024-03-20T13:00:00+00:00,0.58062,0.5822,0.58052,0.58196
2024-03-20T17:00:00+00:00,0.58194,0.58426,0.58181,0.58414
2024-03-20T21:00:00+00:00,0.58415,0.58565,0.58306,0.5853
2024-03-21T01:00:00+00:00,0.58531,0.58652,0.58486,0.58642
2024-03-21T05:00:00+00:00,0.58642,0.59332,0.58616,0.59118
2024-03-21T09:00:00+00:00,0.59117,0.59241,0.5893,0.59047
2024-03-21T13:00:00+00:00,0.59047,0.59196,0.58954,0.59024
2024-03-21T17:00:00+00:00,0.59022,0.59044,0.58957,0.58962
2024-03-21T21:00:00+00:00,0.58964,0.59015,0.58932,0.59007
2024-03-22T01:00:00+00:00,0.59007,0.59035,0.58648,0.5866
2024-03-22T05:00:00+00:00,0.58659,0.58754,0.58565,0.58732
2024-03-22T09:00:00+00:00,0.58732,0.5874,0.58609,0.58613
2024-03-22T13:00:00+00:00,0.58613,0.58629,0.58522,0.58584
2024-03-22T17:00:00+00:00,0.58583,0.586,0.58391,0.5846
2024-03-24T21:00:00+00:00,0.58469,0.58548,0.5841,0.58548
2024-03-25T01:00:00+00:00,0.58549,0.58706,0.58512,0.58591
2024-03-25T05:00:00+00:00,0.58591,0.58648,0.5851,0.58644
2024-03-25T09:00:00+00:00,0.58644,0.58691,0.58591,0.58637
2024-03-25T13:00:00+00:00,0.58634,0.58783,0.58632,0.58777
2024-03-25T17:00:00+00:00,0.58778,0.58834,0.58747,0.5882
2024-03-25T21:00:00+00:00,0.58822,0.58859,0.58752,0.58851
2024-03-26T01:00:00+00:00,0.58852,0.58949,0.58817,0.58873
2024-03-26T05:00:00+00:00,0.58874,0.5897,0.5886,0.58948
2024-03-26T09:00:00+00:00,0.58949,0.59178,0.58949,0.59157
2024-03-26T13:00:00+00:00,0.59156,0.5922,0.58973,0.59073
2024-03-26T17:00:00+00:00,0.59074,0.59091,0.59027,0.59059
2024-03-26T21:00:00+00:00,0.59061,0.59096,0.58927,0.58967
2024-03-27T01:00:00+00:00,0.58966,0.59026,0.58876,0.59016
2024-03-27T05:00:00+00:00,0.59015,0.59126,0.58988,0.59003
2024-03-27T09:00:00+00:00,0.59003,0.59186,0.58966,0.59095
2024-03-27T13:00:00+00:00,0.59093,0.59197,0.59034,0.59052
2024-03-27T17:00:00+00:00,0.5905,0.59137,0.5904,0.59058
2024-03-27T21:00:00+00:00,0.59054,0.59182,0.58998,0.59103
2024-03-28T01:00:00+00:00,0.59103,0.59159,0.59069,0.59101
2024-03-28T05:00:00+00:00,0.59101,0.59118,0.5883,0.58837
2024-03-28T09:00:00+00:00,0.58837,0.58841,0.58739,0.58801
2024-03-28T13:00:00+00:00,0.58801,0.58823,0.58706,0.58755
2024-03-28T17:00:00+00:00,0.58755,0.58797,0.58726,0.58749
2024-03-28T21:00:00+00:00,0.58745,0.58857,0.58659,0.58791
2024-03-29T01:00:00+00:00,0.58789,0.58823,0.58711,0.58739
2024-03-29T05:00:00+00:00,0.5874,0.58787,0.58623,0.58706
2024-03-29T09:00:00+00:00,0.58707,0.58892,0.58672,0.58822
2024-03-29T13:00:00+00:00,0.58822,0.58896,0.58756,0.58839
2024-03-29T17:00:00+00:00,0.58838,0.5888,0.58699,0.58756
2024-03-31T22:00:00+01:00,0.58793,0.58963,0.58699,0.58919
2024-04-01T02:00:00+01:00,0.5892,0.58922,0.58795,0.58838
2024-04-01T06:00:00+01:00,0.58838,0.58838,0.58766,0.5879
2024-04-01T10:00:00+01:00,0.58792,0.58809,0.58717,0.58786
2024-04-01T14:00:00+01:00,0.58788,0.58847,0.58669,0.58677
2024-04-01T18:00:00+01:00,0.58676,0.58705,0.58624,0.58688
2024-04-01T22:00:00+01:00,0.58691,0.5878,0.58633,0.58766
2024-04-02T02:00:00+01:00,0.58766,0.58856,0.58733,0.58818
2024-04-02T06:00:00+01:00,0.58818,0.59149,0.58795,0.59105
2024-04-02T10:00:00+01:00,0.59106,0.59179,0.58987,0.59007
2024-04-02T14:00:00+01:00,0.59005,0.59086,0.58907,0.59062
2024-04-02T18:00:00+01:00,0.59064,0.59196,0.59061,0.59183
2024-04-02T22:00:00+01:00,0.59182,0.59208,0.59106,0.59107
2024-04-03T02:00:00+01:00,0.59105,0.59254,0.59071,0.59208
2024-04-03T06:00:00+01:00,0.5921,0.59243,0.59065,0.59111
2024-04-03T10:00:00+01:00,0.5911,0.59241,0.59101,0.59228
2024-04-03T14:00:00+01:00,0.59229,0.59347,0.59167,0.59333
2024-04-03T18:00:00+01:00,0.59333,0.59371,0.59255,0.59273
2024-04-03T22:00:00+01:00,0.59269,0.59387,0.59227,0.59383
2024-04-04T02:00:00+01:00,0.59384,0.59506,0.59374,0.59492
2024-04-04T06:00:00+01:00,0.59491,0.59834,0.59479,0.59763
2024-04-04T10:00:00+01:00,0.59761,0.59925,0.59757,0.59859
2024-04-04T14:00:00+01:00,0.59857,0.59893,0.59784,0.59827
2024-04-04T18:00:00+01:00,0.59827,0.59861,0.59301,0.59386
2024-04-04T22:00:00+01:00,0.59387,0.59592,0.59323,0.59401
2024-04-05T02:00:00+01:00,0.59401,0.59423,0.59214,0.5932
2024-04-05T06:00:00+01:00,0.59321,0.59532,0.59291,0.5948
2024-04-05T10:00:00+01:00,0.59477,0.59558,0.59383,0.59413
2024-04-05T14:00:00+01:00,0.59413,0.59447,0.59174,0.59352
2024-04-05T18:00:00+01:00,0.59349,0.5939,0.59326,0.59342
2024-04-07T22:00:00+01:00,0.59267,0.59396,0.59131,0.59311
2024-04-08T02:00:00+01:00,0.59312,0.59479,0.59302,0.59478
2024-04-08T06:00:00+01:00,0.59478,0.59631,0.59417,0.59597
2024-04-08T10:00:00+01:00,0.59597,0.59722,0.59569,0.59654
2024-04-08T14:00:00+01:00,0.59655,0.59835,0.59655,0.59776
2024-04-08T18:00:00+01:00,0.59777,0.59816,0.5974,0.598
2024-04-08T22:00:00+01:00,0.59801,0.59863,0.59732,0.5981
2024-04-09T02:00:00+01:00,0.59811,0.59849,0.59716,0.59801
2024-04-09T06:00:00+01:00,0.598,0.59815,0.59682,0.598
2024-04-09T10:00:00+01:00,0.59801,0.59874,0.59764,0.59817
2024-04-09T14:00:00+01:00,0.59817,0.59957,0.59776,0.59798
2024-04-09T18:00:00+01:00,0.59797,0.599,0.59783,0.59894
2024-04-09T22:00:00+01:00,0.59895,0.60026,0.59788,0.59867
2024-04-10T02:00:00+01:00,0.59865,0.59898,0.59817,0.59845
2024-04-10T06:00:00+01:00,0.59845,0.59899,0.59815,0.59882
2024-04-10T10:00:00+01:00,0.59882,0.59888,0.59497,0.59591
2024-04-10T14:00:00+01:00,0.5959,0.59596,0.59357,0.59488
2024-04-10T18:00:00+01:00,0.59487,0.59543,0.59337,0.59449
2024-04-10T22:00:00+01:00,0.59448,0.59519,0.59381,0.59434
2024-04-11T02:00:00+01:00,0.59433,0.59509,0.59423,0.59484
2024-04-11T06:00:00+01:00,0.59485,0.59655,0.59485,0.59598
2024-04-11T10:00:00+01:00,0.59596,0.59611,0.59232,0.59487
2024-04-11T14:00:00+01:00,0.59488,0.59593,0.59328,0.59404
2024-04-11T18:00:00+01:00,0.59402,0.59513,0.59384,0.59495
2024-04-11T22:00:00+01:00,0.59493,0.59579,0.59394,0.59484
2024-04-12T02:00:00+01:00,0.59488,0.59525,0.5944,0.59471
2024-04-12T06:00:00+01:00,0.59472,0.59543,0.59387,0.59452
2024-04-12T10:00:00+01:00,0.59451,0.59452,0.58998,0.59028
2024-04-12T14:00:00+01:00,0.59029,0.59101,0.58871,0.58973
2024-04-12T18:00:00+01:00,0.58974,0.59117,0.58929,0.59098
2024-04-14T22:00:00+01:00,0.59032,0.59211,0.58946,0.59161
2024-04-15T02:00:00+01:00,0.59161,0.59309,0.59079,0.59301
2024-04-15T06:00:00+01:00,0.59301,0.59323,0.59135,0.59175
2024-04-15T10:00:00+01:00,0.59174,0.5924,0.59113,0.59188
2024-04-15T14:00:00+01:00,0.59189,0.59234,0.58977,0.5899
2024-04-15T18:00:00+01:00,0.58989,0.58997,0.58713,0.58722
2024-04-15T22:00:00+01:00,0.5872,0.58889,0.58643,0.58645
2024-04-16T02:00:00+01:00,0.58644,0.58664,0.58508,0.58624
2024-04-16T06:00:00+01:00,0.58624,0.58695,0.58506,0.58582
2024-04-16T10:00:00+01:00,0.58583,0.58639,0.58512,0.58525
2024-04-16T14:00:00+01:00,0.58527,0.58557,0.5838,0.58474
2024-04-16T18:00:00+01:00,0.58474,0.58556,0.58398,0.58448
2024-04-16T22:00:00+01:00,0.58445,0.58561,0.58396,0.58512
2024-04-17T02:00:00+01:00,0.5851,0.58584,0.58477,0.58516
2024-04-17T06:00:00+01:00,0.58515,0.58583,0.58425,0.58482
2024-04-17T10:00:00+01:00,0.58482,0.58603,0.58434,0.58567
2024-04-17T14:00:00+01:00,0.58568,0.58657,0.58458,0.58469
2024-04-17T18:00:00+01:00,0.5847,0.58658,0.58464,0.58613
2024-04-17T22:00:00+01:00,0.58615,0.58677,0.58521,0.58631
2024-04-18T02:00:00+01:00,0.58633,0.58747,0.58553,0.58678
2024-04-18T06:00:00+01:00,0.58678,0.58695,0.58574,0.58583
2024-04-18T10:00:00+01:00,0.58584,0.58625,0.58522,0.58587
2024-04-18T14:00:00+01:00,0.58588,0.5872,0.58525,0.58618
2024-04-18T18:00:00+01:00,0.58617,0.58618,0.58496,0.58588
2024-04-18T22:00:00+01:00,0.58586,0.58632,0.5842,0.58428
2024-04-19T02:00:00+01:00,0.5843,0.58442,0.57416,0.58132
2024-04-19T06:00:00+01:00,0.58132,0.58371,0.58059,0.58285
2024-04-19T10:00:00+01:00,0.58283,0.5837,0.58212,0.58299
2024-04-19T14:00:00+01:00,0.583,0.58442,0.58251,0.58434
2024-04-19T18:00:00+01:00,0.58432,0.58461,0.58373,0.58444
2024-04-21T22:00:00+01:00,0.58383,0.58673,0.58333,0.58604
2024-04-22T02:00:00+01:00,0.58605,0.58778,0.58597,0.58663
2024-04-22T06:00:00+01:00,0.58665,0.58679,0.585,0.58622
2024-04-22T10:00:00+01:00,0.58622,0.58705,0.58611,0.58659
2024-04-22T14:00:00+01:00,0.5866,0.58781,0.58598,0.5873
2024-04-22T18:00:00+01:00,0.5873,0.58836,0.58729,0.58827
2024-04-22T22:00:00+01:00,0.5883,0.58871,0.58756,0.58869
2024-04-23T02:00:00+01:00,0.58871,0.58943,0.58819,0.58916
2024-04-23T06:00:00+01:00,0.58915,0.5893,0.58698,0.58757
2024-04-23T10:00:00+01:00,0.58757,0.58863,0.58713,0.58834
2024-04-23T14:00:00+01:00,0.58834,0.59159,0.58815,0.59114
2024-04-23T18:00:00+01:00,0.59113,0.59166,0.5907,0.59149
2024-04-23T22:00:00+01:00,0.59152,0.59197,0.59031,0.59181
2024-04-24T02:00:00+01:00,0.59182,0.59495,0.59169,0.59404
2024-04-24T06:00:00+01:00,0.59405,0.59503,0.5938,0.59456
2024-04-24T10:00:00+01:00,0.59455,0.59517,0.59332,0.5934
2024-04-24T14:00:00+01:00,0.5934,0.59367,0.59244,0.59317
2024-04-24T18:00:00+01:00,0.59318,0.59459,0.59291,0.59436
2024-04-24T22:00:00+01:00,0.59448,0.59482,0.59396,0.59441
2024-04-25T02:00:00+01:00,0.59442,0.59526,0.59384,0.59501
2024-04-25T06:00:00+01:00,0.59502,0.59636,0.59483,0.59584
2024-04-25T10:00:00+01:00,0.59585,0.59669,0.59432,0.59471
2024-04-25T14:00:00+01:00,0.59471,0.59484,0.59345,0.59459
2024-04-25T18:00:00+01:00,0.59459,0.59495,0.59397,0.59452
2024-04-25T22:00:00+01:00,0.59457,0.59584,0.59428,0.59564
2024-04-26T02:00:00+01:00,0.59563,0.5963,0.59527,0.5961
2024-04-26T06:00:00+01:00,0.5961,0.59773,0.5958,0.59695
2024-04-26T10:00:00+01:00,0.59695,0.59749,0.59575,0.59745
2024-04-26T14:00:00+01:00,0.59746,0.5981,0.59615,0.59689
2024-04-26T18:00:00+01:00,0.59689,0.59767,0.59675,0.59748
2024-04-28T22:00:00+01:00,0.597,0.59825,0.59596,0.59817
2024-04-29T02:00:00+01:00,0.59819,0.6,0.59786,0.59892
2024-04-29T06:00:00+01:00,0.59892,0.59926,0.59748,0.59776
2024-04-29T10:00:00+01:00,0.59777,0.59906,0.5976,0.59801
2024-04-29T14:00:00+01:00,0.59799,0.59868,0.59715,0.5977
2024-04-29T18:00:00+01:00,0.59769,0.59826,0.59712,0.5979
2024-04-29T22:00:00+01:00,0.59787,0.59869,0.59701,0.59771
2024-04-30T02:00:00+01:00,0.59771,0.59803,0.59526,0.59542
2024-04-30T06:00:00+01:00,0.59542,0.59634,0.59443,0.5956
2024-04-30T10:00:00+01:00,0.59557,0.5962,0.59451,0.59465
2024-04-30T14:00:00+01:00,0.59466,0.59603,0.59298,0.59534
2024-04-30T18:00:00+01:00,0.59533,0.59615,0.59508,0.59525
2024-04-30T22:00:00+01:00,0.59526,0.59618,0.59467,0.59485
2024-05-01T02:00:00+01:00,0.59488,0.59647,0.59484,0.5962
2024-05-01T06:00:00+01:00,0.59617,0.59732,0.5959,0.59684
2024-05-01T10:00:00+01:00,0.59686,0.59712,0.59621,0.59641
2024-05-01T14:00:00+01:00,0.59644,0.59753,0.59624,0.59709
2024-05-01T18:00:00+01:00,0.59708,0.59915,0.59665,0.59703
2024-05-01T22:00:00+01:00,0.59703,0.59892,0.59657,0.598
2024-05-02T02:00:00+01:00,0.598,0.59923,0.59763,0.59885
2024-05-02T06:00:00+01:00,0.59884,0.59945,0.59537,0.59663
2024-05-02T10:00:00+01:00,0.59664,0.59672,0.59471,0.59555
2024-05-02T14:00:00+01:00,0.59557,0.59773,0.59515,0.5977
2024-05-02T18:00:00+01:00,0.5977,0.59828,0.59729,0.59781
2024-05-02T22:00:00+01:00,0.59774,0.59851,0.59694,0.59838
2024-05-03T02:00:00+01:00,0.59838,0.59857,0.5977,0.59787
2024-05-03T06:00:00+01:00,0.59787,0.59821,0.59626,0.59755
2024-05-03T10:00:00+01:00,0.59755,0.59952,0.59594,0.59938
2024-05-03T14:00:00+01:00,0.59937,0.60051,0.59789,0.59878
2024-05-03T18:00:00+01:00,0.59879,0.59896,0.59789,0.5982
2024-05-05T22:00:00+01:00,0.59955,0.59973,0.59778,0.59923
2024-05-06T02:00:00+01:00,0.59922,0.59987,0.59894,0.59928
2024-05-06T06:00:00+01:00,0.59927,0.59994,0.59898,0.5996
2024-05-06T10:00:00+01:00,0.5996,0.60038,0.59947,0.5996
2024-05-06T14:00:00+01:00,0.5996,0.60055,0.59933,0.60044
2024-05-06T18:00:00+01:00,0.60042,0.60068,0.60004,0.6004
2024-05-06T22:00:00+01:00,0.60036,0.60213,0.59929,0.60158
2024-05-07T02:00:00+01:00,0.60159,0.60183,0.59863,0.59944
2024-05-07T06:00:00+01:00,0.59947,0.59986,0.59744,0.59915
2024-05-07T10:00:00+01:00,0.59915,0.60023,0.59882,0.6001
2024-05-07T14:00:00+01:00,0.60009,0.6004,0.59915,0.59923
2024-05-07T18:00:00+01:00,0.59924,0.59976,0.59895,0.59927
2024-05-07T22:00:00+01:00,0.59928,0.59976,0.59811,0.59818
2024-05-08T02:00:00+01:00,0.59819,0.59825,0.5973,0.59803
2024-05-08T06:00:00+01:00,0.59803,0.59826,0.59638,0.59641
2024-05-08T10:00:00+01:00,0.5964,0.59734,0.59611,0.59618
2024-05-08T14:00:00+01:00,0.59617,0.59764,0.59613,0.59729
2024-05-08T18:00:00+01:00,0.59731,0.5976,0.59699,0.59752
2024-05-08T22:00:00+01:00,0.59748,0.59769,0.59671,0.59693
2024-05-09T02:00:00+01:00,0.59695,0.5982,0.59686,0.59765
2024-05-09T06:00:00+01:00,0.59766,0.59814,0.5965,0.59807
2024-05-09T10:00:00+01:00,0.59808,0.59962,0.59779,0.59906
2024-05-09T14:00:00+01:00,0.59905,0.5994,0.59851,0.59928
2024-05-09T18:00:00+01:00,0.59928,0.59985,0.59909,0.59976
2024-05-09T22:00:00+01:00,0.59974,0.6009,0.59915,0.59925
2024-05-10T02:00:00+01:00,0.59925,0.59963,0.59851,0.59901
2024-05-10T06:00:00+01:00,0.59902,0.6,0.59881,0.59895
2024-05-10T10:00:00+01:00,0.59896,0.60001,0.59868,0.59982
2024-05-10T14:00:00+01:00,0.59983,0.60021,0.59844,0.59865
2024-05-10T18:00:00+01:00,0.59865,0.59887,0.59807,0.59848
2024-05-12T22:00:00+01:00,0.59851,0.5995,0.59743,0.59784
2024-05-13T02:00:00+01:00,0.59784,0.59841,0.59725,0.59806
2024-05-13T06:00:00+01:00,0.59806,0.59938,0.59773,0.59903
2024-05-13T10:00:00+01:00,0.59902,0.6001,0.59902,0.5997
2024-05-13T14:00:00+01:00,0.5997,0.60008,0.59919,0.59954
2024-05-13T18:00:00+01:00,0.59952,0.60037,0.59929,0.60018
2024-05-13T22:00:00+01:00,0.60011,0.60038,0.59979,0.59998
2024-05-14T02:00:00+01:00,0.59998,0.60029,0.59951,0.5997
2024-05-14T06:00:00+01:00,0.59971,0.60021,0.59913,0.59924
2024-05-14T10:00:00+01:00,0.59925,0.60076,0.59871,0.6005
2024-05-14T14:00:00+01:00,0.6005,0.60065,0.59971,0.6002
2024-05-14T18:00:00+01:00,0.6002,0.60089,0.59996,0.60068
2024-05-14T22:00:00+01:00,0.60062,0.60125,0.6,0.60072
2024-05-15T02:00:00+01:00,0.60074,0.60249,0.60021,0.60188
2024-05-15T06:00:00+01:00,0.60186,0.60223,0.60098,0.60147
2024-05-15T10:00:00+01:00,0.60146,0.60258,0.59922,0.60191
2024-05-15T14:00:00+01:00,0.60189,0.60418,0.60059,0.60376
2024-05-15T18:00:00+01:00,0.60377,0.60423,0.6036,0.60386
2024-05-15T22:00:00+01:00,0.60386,0.60485,0.60327,0.60341
2024-05-16T02:00:00+01:00,0.60341,0.60342,0.60132,0.60228
2024-05-16T06:00:00+01:00,0.60227,0.60276,0.60153,0.60264
2024-05-16T10:00:00+01:00,0.60264,0.60307,0.60221,0.60295
2024-05-16T14:00:00+01:00,0.60294,0.60447,0.6025,0.60418
2024-05-16T18:00:00+01:00,0.60419,0.60533,0.60406,0.60519
2024-05-16T22:00:00+01:00,0.60525,0.60568,0.60417,0.60513
2024-05-17T02:00:00+01:00,0.60513,0.60545,0.60408,0.60451
2024-05-17T06:00:00+01:00,0.60451,0.60607,0.60446,0.60489
2024-05-17T10:00:00+01:00,0.60489,0.60584,0.6045,0.60543
2024-05-17T14:00:00+01:00,0.60543,0.6072,0.60543,0.60709
2024-05-17T18:00:00+01:00,0.60707,0.6087,0.60706,0.60862
2024-05-19T22:00:00+01:00,0.60852,0.6094,0.6078,0.60922
2024-05-20T02:00:00+01:00,0.60921,0.60998,0.60886,0.6098
2024-05-20T06:00:00+01:00,0.60979,0.60996,0.60821,0.60832
2024-05-20T10:00:00+01:00,0.60832,0.60874,0.60662,0.60692
2024-05-20T14:00:00+01:00,0.60694,0.6075,0.6058,0.60698
2024-05-20T18:00:00+01:00,0.60696,0.6074,0.60672,0.60719
2024-05-20T22:00:00+01:00,0.60721,0.6077,0.60654,0.60755
2024-05-21T02:00:00+01:00,0.60756,0.608,0.60584,0.60633
2024-05-21T06:00:00+01:00,0.60634,0.60692,0.60535,0.60657
2024-05-21T10:00:00+01:00,0.60656,0.60746,0.60617,0.60705
2024-05-21T14:00:00+01:00,0.60706,0.60794,0.60631,0.60687
2024-05-21T18:00:00+01:00,0.6069,0.60742,0.60685,0.60721
2024-05-21T22:00:00+01:00,0.60719,0.60781,0.60681,0.60757
2024-05-22T02:00:00+01:00,0.60757,0.60888,0.60734,0.60779
2024-05-22T06:00:00+01:00,0.6078,0.60826,0.60733,0.60803
2024-05-22T10:00:00+01:00,0.60803,0.60942,0.60747,0.60764
2024-05-22T14:00:00+01:00,0.60763,0.6082,0.60618,0.60674
2024-05-22T18:00:00+01:00,0.60675,0.60708,0.60485,0.60616
2024-05-22T22:00:00+01:00,0.60614,0.60637,0.60408,0.60564
2024-05-23T02:00:00+01:00,0.60565,0.60654,0.60516,0.60618
2024-05-23T06:00:00+01:00,0.60618,0.6065,0.60531,0.60623
2024-05-23T10:00:00+01:00,0.60622,0.60681,0.60589,0.60667
2024-05-23T14:00:00+01:00,0.60666,0.60733,0.60532,0.60569
2024-05-23T18:00:00+01:00,0.60568,0.6057,0.60335,0.60407
2024-05-23T22:00:00+01:00,0.60408,0.6044,0.60335,0.60386
2024-05-24T02:00:00+01:00,0.60385,0.60428,0.60325,0.6042
2024-05-24T06:00:00+01:00,0.60419,0.60501,0.60359,0.60489
2024-05-24T10:00:00+01:00,0.60487,0.60569,0.60465,0.60519
2024-05-24T14:00:00+01:00,0.6052,0.60656,0.60489,0.60608
2024-05-24T18:00:00+01:00,0.60607,0.60675,0.60593,0.60628
2024-05-26T22:00:00+01:00,0.60582,0.60667,0.60526,0.60631
2024-05-27T02:00:00+01:00,0.60632,0.60693,0.60608,0.60679
2024-05-27T06:00:00+01:00,0.60678,0.60784,0.60637,0.60737
2024-05-27T10:00:00+01:00,0.60737,0.60837,0.60702,0.60828
2024-05-27T14:00:00+01:00,0.60829,0.60864,0.6079,0.60796
2024-05-27T18:00:00+01:00,0.60797,0.60834,0.6077,0.60792
2024-05-27T22:00:00+01:00,0.6079,0.60874,0.60748,0.60753
2024-05-28T02:00:00+01:00,0.60753,0.60858,0.60742,0.60825
2024-05-28T06:00:00+01:00,0.60825,0.60834,0.6065,0.60737
2024-05-28T10:00:00+01:00,0.60738,0.60747,0.60579,0.60695
2024-05-28T14:00:00+01:00,0.60695,0.60773,0.60619,0.60666
2024-05-28T18:00:00+01:00,0.60665,0.60687,0.60609,0.60685
2024-05-28T22:00:00+01:00,0.60679,0.60834,0.60562,0.60601
2024-05-29T02:00:00+01:00,0.60603,0.60806,0.60588,0.60681
2024-05-29T06:00:00+01:00,0.60682,0.60767,0.6062,0.60703
2024-05-29T10:00:00+01:00,0.60703,0.60713,0.6043,0.60449
2024-05-29T14:00:00+01:00,0.6045,0.60505,0.6037,0.60472
2024-05-29T18:00:00+01:00,0.60471,0.60502,0.60355,0.60367
2024-05-29T22:00:00+01:00,0.60363,0.60447,0.60327,0.6039
2024-05-30T02:00:00+01:00,0.60391,0.60462,0.60307,0.6032
2024-05-30T06:00:00+01:00,0.60318,0.6032,0.59987,0.59997
2024-05-30T10:00:00+01:00,0.59996,0.60122,0.59915,0.60029
2024-05-30T14:00:00+01:00,0.60031,0.60109,0.59986,0.60058
2024-05-30T18:00:00+01:00,0.60057,0.60064,0.59872,0.5992
2024-05-30T22:00:00+01:00,0.5992,0.59995,0.59818,0.5992
2024-05-31T02:00:00+01:00,0.5992,0.59994,0.5986,0.59967
2024-05-31T06:00:00+01:00,0.59967,0.60188,0.59959,0.60153
2024-05-31T10:00:00+01:00,0.60156,0.60299,0.6013,0.60203
2024-05-31T14:00:00+01:00,0.60203,0.60223,0.5989,0.59983
2024-05-31T18:00:00+01:00,0.59984,0.6007,0.59967,0.60026
2024-06-02T22:00:00+01:00,0.60086,0.60166,0.59964,0.60024
2024-06-03T02:00:00+01:00,0.60023,0.60034,0.59907,0.59927
2024-06-03T06:00:00+01:00,0.59926,0.60003,0.59845,0.59962
2024-06-03T10:00:00+01:00,0.59962,0.60072,0.5984,0.60047
2024-06-03T14:00:00+01:00,0.60048,0.60108,0.59747,0.59753
2024-06-03T18:00:00+01:00,0.59753,0.59929,0.59664,0.59915
2024-06-03T22:00:00+01:00,0.59915,0.59983,0.59747,0.59876
2024-06-04T02:00:00+01:00,0.59875,0.59887,0.59801,0.59847
2024-06-04T06:00:00+01:00,0.59847,0.59848,0.59465,0.59535
2024-06-04T10:00:00+01:00,0.59535,0.59538,0.59207,0.59357
2024-06-04T14:00:00+01:00,0.59356,0.5937,0.59051,0.59082
2024-06-04T18:00:00+01:00,0.59084,0.59202,0.59054,0.59188
2024-06-04T22:00:00+01:00,0.5919,0.59297,0.59091,0.59221
2024-06-05T02:00:00+01:00,0.5922,0.59364,0.59159,0.59346
2024-06-05T06:00:00+01:00,0.59347,0.59462,0.59296,0.59348
2024-06-05T10:00:00+01:00,0.59349,0.59367,0.59259,0.5931
2024-06-05T14:00:00+01:00,0.59312,0.59391,0.59159,0.59372
2024-06-05T18:00:00+01:00,0.59371,0.59441,0.59364,0.59391
2024-06-05T22:00:00+01:00,0.59393,0.59476,0.59354,0.59411
2024-06-06T02:00:00+01:00,0.5941,0.59527,0.59333,0.59357
2024-06-06T06:00:00+01:00,0.59357,0.59401,0.59292,0.59318
2024-06-06T10:00:00+01:00,0.5932,0.59322,0.59132,0.59194
2024-06-06T14:00:00+01:00,0.59196,0.59434,0.59179,0.59384
2024-06-06T18:00:00+01:00,0.59384,0.59459,0.59262,0.59271
2024-06-06T22:00:00+01:00,0.59271,0.59361,0.59254,0.59336
2024-06-07T02:00:00+01:00,0.5934,0.59414,0.59325,0.59393
2024-06-07T06:00:00+01:00,0.59391,0.59394,0.59264,0.59283
2024-06-07T10:00:00+01:00,0.59286,0.59427,0.59112,0.59151
2024-06-07T14:00:00+01:00,0.59152,0.59231,0.58974,0.59048
2024-06-07T18:00:00+01:00,0.59048,0.59051,0.5895,0.58988
2024-06-09T22:00:00+01:00,0.59031,0.59087,0.58957,0.58997
2024-06-10T02:00:00+01:00,0.58997,0.59163,0.58986,0.59146
2024-06-10T06:00:00+01:00,0.59147,0.59234,0.59059,0.5907
2024-06-10T10:00:00+01:00,0.59071,0.59153,0.59049,0.59111
2024-06-10T14:00:00+01:00,0.59113,0.59291,0.59058,0.59235
2024-06-10T18:00:00+01:00,0.59233,0.59274,0.59183,0.59259
2024-06-10T22:00:00+01:00,0.5926,0.59318,0.59141,0.5922
2024-06-11T02:00:00+01:00,0.59218,0.59225,0.59106,0.5916
2024-06-11T06:00:00+01:00,0.59157,0.59265,0.59154,0.59193
2024-06-11T10:00:00+01:00,0.59193,0.59254,0.59105,0.59252
2024-06-11T14:00:00+01:00,0.59253,0.59326,0.59164,0.59309
2024-06-11T18:00:00+01:00,0.5931,0.5933,0.59254,0.59305
2024-06-11T22:00:00+01:00,0.59308,0.5937,0.59257,0.59283
2024-06-12T02:00:00+01:00,0.59283,0.59407,0.59275,0.59376
2024-06-12T06:00:00+01:00,0.59376,0.59441,0.59288,0.5929
2024-06-12T10:00:00+01:00,0.59291,0.59563,0.59113,0.59557
2024-06-12T14:00:00+01:00,0.59557,0.59775,0.59532,0.59726
2024-06-12T18:00:00+01:00,0.59725,0.59764,0.59539,0.596
2024-06-12T22:00:00+01:00,0.59602,0.59644,0.595,0.59524
2024-06-13T02:00:00+01:00,0.59522,0.59633,0.59484,0.59526
2024-06-13T06:00:00+01:00,0.59527,0.5959,0.59446,0.59573
2024-06-13T10:00:00+01:00,0.59574,0.59647,0.59495,0.59574
2024-06-13T14:00:00+01:00,0.59575,0.59618,0.59236,0.59319
2024-06-13T18:00:00+01:00,0.5932,0.59366,0.59289,0.59313
2024-06-13T22:00:00+01:00,0.59292,0.59449,0.59183,0.59196
2024-06-14T02:00:00+01:00,0.59196,0.59336,0.59196,0.59253
2024-06-14T06:00:00+01:00,0.59254,0.59305,0.58938,0.58999
2024-06-14T10:00:00+01:00,0.58998,0.59136,0.58939,0.58974
2024-06-14T14:00:00+01:00,0.58973,0.5899,0.58749,0.58931
2024-06-14T18:00:00+01:00,0.58932,0.58937,0.58807,0.5888
2024-06-16T22:00:00+01:00,0.58838,0.58956,0.5877,0.58856
2024-06-17T02:00:00+01:00,0.58856,0.58857,0.58776,0.58804
2024-06-17T06:00:00+01:00,0.58801,0.5892,0.58681,0.58913
2024-06-17T10:00:00+01:00,0.58912,0.5896,0.58814,0.58854
2024-06-17T14:00:00+01:00,0.58856,0.58932,0.58781,0.58857
2024-06-17T18:00:00+01:00,0.58857,0.58902,0.58815,0.58826
2024-06-17T22:00:00+01:00,0.58822,0.58908,0.58752,0.58764
2024-06-18T02:00:00+01:00,0.58764,0.58848,0.58699,0.5879
2024-06-18T06:00:00+01:00,0.5879,0.5902,0.58721,0.58808
2024-06-18T10:00:00+01:00,0.58807,0.58807,0.58636,0.58657
2024-06-18T14:00:00+01:00,0.58657,0.58865,0.58615,0.58824
2024-06-18T18:00:00+01:00,0.58823,0.58861,0.58791,0.58853
2024-06-18T22:00:00+01:00,0.58852,0.58946,0.58805,0.58904
2024-06-19T02:00:00+01:00,0.58903,0.58966,0.58879,0.58918
2024-06-19T06:00:00+01:00,0.58918,0.59048,0.58901,0.58992
2024-06-19T10:00:00+01:00,0.58991,0.59101,0.58911,0.58974
2024-06-19T14:00:00+01:00,0.58975,0.59048,0.58932,0.58994
2024-06-19T18:00:00+01:00,0.58993,0.59034,0.5897,0.59001
2024-06-19T22:00:00+01:00,0.58981,0.59097,0.58935,0.58989
2024-06-20T02:00:00+01:00,0.5899,0.59018,0.58926,0.58963
2024-06-20T06:00:00+01:00,0.58963,0.59434,0.58865,0.59302
2024-06-20T10:00:00+01:00,0.59303,0.59467,0.59293,0.59425
2024-06-20T14:00:00+01:00,0.59424,0.59526,0.59213,0.59305
2024-06-20T18:00:00+01:00,0.59304,0.59361,0.5924,0.59323
2024-06-20T22:00:00+01:00,0.59316,0.59404,0.5924,0.59363
2024-06-21T02:00:00+01:00,0.59362,0.59437,0.59352,0.59413
2024-06-21T06:00:00+01:00,0.59415,0.59464,0.59208,0.59349
2024-06-21T10:00:00+01:00,0.59347,0.59508,0.59313,0.59455
2024-06-21T14:00:00+01:00,0.59455,0.59486,0.59279,0.59396
2024-06-21T18:00:00+01:00,0.59398,0.59428,0.59351,0.59386
2024-06-23T22:00:00+01:00,0.5934,0.59398,0.59278,0.59337
2024-06-24T02:00:00+01:00,0.59335,0.59336,0.59227,0.59317
2024-06-24T06:00:00+01:00,0.59318,0.59505,0.59305,0.59471
2024-06-24T10:00:00+01:00,0.59469,0.59496,0.59305,0.59315
2024-06-24T14:00:00+01:00,0.59317,0.59536,0.59309,0.59495
2024-06-24T18:00:00+01:00,0.59492,0.5951,0.59418,0.59438
2024-06-24T22:00:00+01:00,0.59414,0.59519,0.59329,0.59341
2024-06-25T02:00:00+01:00,0.59341,0.5944,0.5934,0.59413
2024-06-25T06:00:00+01:00,0.59412,0.59608,0.59396,0.59546
2024-06-25T10:00:00+01:00,0.59547,0.59554,0.59377,0.59434
2024-06-25T14:00:00+01:00,0.59433,0.59454,0.59352,0.59413
2024-06-25T18:00:00+01:00,0.59413,0.595,0.59388,0.59469
2024-06-25T22:00:00+01:00,0.59469,0.5955,0.5941,0.59478
2024-06-26T02:00:00+01:00,0.59476,0.59796,0.5947,0.59773
2024-06-26T06:00:00+01:00,0.59773,0.59959,0.59772,0.59892
2024-06-26T10:00:00+01:00,0.59891,0.59935,0.59645,0.59654
2024-06-26T14:00:00+01:00,0.59653,0.59735,0.59573,0.59685
2024-06-26T18:00:00+01:00,0.59685,0.59719,0.5963,0.59649
2024-06-26T22:00:00+01:00,0.59649,0.59709,0.59587,0.59617
2024-06-27T02:00:00+01:00,0.59618,0.59773,0.59617,0.59766
2024-06-27T06:00:00+01:00,0.59764,0.59859,0.59743,0.5984
2024-06-27T10:00:00+01:00,0.59836,0.59854,0.59688,0.59746
2024-06-27T14:00:00+01:00,0.59745,0.59781,0.59652,0.59716
2024-06-27T18:00:00+01:00,0.59713,0.59762,0.59671,0.59729
2024-06-27T22:00:00+01:00,0.5972,0.59776,0.59691,0.59729
2024-06-28T02:00:00+01:00,0.59729,0.5973,0.59561,0.59574
2024-06-28T06:00:00+01:00,0.59573,0.59796,0.59552,0.59745
2024-06-28T10:00:00+01:00,0.59745,0.59995,0.59734,0.59973
2024-06-28T14:00:00+01:00,0.59974,0.6009,0.5993,0.59966
2024-06-28T18:00:00+01:00,0.59964,0.60016,0.59884,0.59939
2024-06-30T22:00:00+01:00,0.60058,0.60127,0.59924,0.60004
2024-07-01T02:00:00+01:00,0.60004,0.60013,0.59949,0.59968
2024-07-01T06:00:00+01:00,0.59967,0.60205,0.59926,0.60179
2024-07-01T10:00:00+01:00,0.60181,0.60201,0.60061,0.60132
2024-07-01T14:00:00+01:00,0.60131,0.60266,0.60038,0.60116
2024-07-01T18:00:00+01:00,0.60117,0.60181,0.60074,0.60128
2024-07-01T22:00:00+01:00,0.60126,0.60194,0.60006,0.60065
2024-07-02T02:00:00+01:00,0.60068,0.60099,0.59948,0.60053
2024-07-02T06:00:00+01:00,0.60054,0.60139,0.60011,0.60139
2024-07-02T10:00:00+01:00,0.60139,0.60203,0.6007,0.60179
2024-07-02T14:00:00+01:00,0.60178,0.60316,0.60126,0.60215
2024-07-02T18:00:00+01:00,0.60214,0.60306,0.6021,0.60261
2024-07-02T22:00:00+01:00,0.60262,0.60319,0.6022,0.60281
2024-07-03T02:00:00+01:00,0.60279,0.60403,0.60257,0.60362
2024-07-03T06:00:00+01:00,0.60361,0.60468,0.60314,0.6032
2024-07-03T10:00:00+01:00,0.60322,0.60343,0.60207,0.60282
2024-07-03T14:00:00+01:00,0.60284,0.60589,0.60275,0.60476
2024-07-03T18:00:00+01:00,0.60475,0.60481,0.60412,0.60444
2024-07-03T22:00:00+01:00,0.60421,0.60512,0.60357,0.60495
2024-07-04T02:00:00+01:00,0.60496,0.60541,0.60458,0.60492
2024-07-04T06:00:00+01:00,0.60493,0.60705,0.60437,0.60585
2024-07-04T10:00:00+01:00,0.60586,0.60594,0.60509,0.6054
2024-07-04T14:00:00+01:00,0.60539,0.6058,0.6051,0.60548
2024-07-04T18:00:00+01:00,0.60549,0.60566,0.60524,0.60554
2024-07-04T22:00:00+01:00,0.60567,0.60604,0.60518,0.60577
2024-07-05T02:00:00+01:00,0.60578,0.60606,0.60498,0.60505
2024-07-05T06:00:00+01:00,0.60505,0.60529,0.6044,0.60505
2024-07-05T10:00:00+01:00,0.60506,0.60633,0.60373,0.60491
2024-07-05T14:00:00+01:00,0.60491,0.60557,0.604,0.60498
2024-07-05T18:00:00+01:00,0.60498,0.60499,0.6044,0.60452
2024-07-07T22:00:00+01:00,0.60387,0.6045,0.6034,0.60359
2024-07-08T02:00:00+01:00,0.60358,0.60522,0.60345,0.60444
2024-07-08T06:00:00+01:00,0.60445,0.60445,0.60288,0.60326
2024-07-08T10:00:00+01:00,0.60326,0.60494,0.60315,0.60489
2024-07-08T14:00:00+01:00,0.60489,0.60548,0.604,0.60481
2024-07-08T18:00:00+01:00,0.60481,0.60486,0.60411,0.60478
2024-07-08T22:00:00+01:00,0.60479,0.60576,0.6041,0.60516
2024-07-09T02:00:00+01:00,0.60517,0.60576,0.60478,0.60559
2024-07-09T06:00:00+01:00,0.60559,0.606,0.60526,0.60526
2024-07-09T10:00:00+01:00,0.60523,0.60553,0.60418,0.60463
2024-07-09T14:00:00+01:00,0.60462,0.60509,0.60389,0.60486
2024-07-09T18:00:00+01:00,0.60486,0.60535,0.60465,0.60525
2024-07-09T22:00:00+01:00,0.60527,0.60548,0.60468,0.60482
2024-07-10T02:00:00+01:00,0.60481,0.60536,0.60447,0.6053
2024-07-10T06:00:00+01:00,0.6053,0.60551,0.60424,0.6048
2024-07-10T10:00:00+01:00,0.60481,0.60599,0.60476,0.60578
2024-07-10T14:00:00+01:00,0.60579,0.60713,0.60579,0.60665
2024-07-10T18:00:00+01:00,0.60667,0.60713,0.60638,0.60702
2024-07-10T22:00:00+01:00,0.60701,0.60732,0.6065,0.60696
2024-07-11T02:00:00+01:00,0.60695,0.60805,0.60686,0.60767
2024-07-11T06:00:00+01:00,0.60767,0.60827,0.60709,0.60731
2024-07-11T10:00:00+01:00,0.6073,0.60806,0.60591,0.60655
2024-07-11T14:00:00+01:00,0.60655,0.60679,0.60444,0.60496
2024-07-11T18:00:00+01:00,0.60496,0.60605,0.60461,0.60597
2024-07-11T22:00:00+01:00,0.60591,0.60697,0.6048,0.60562
2024-07-12T02:00:00+01:00,0.6056,0.60695,0.60551,0.6067
2024-07-12T06:00:00+01:00,0.60671,0.60725,0.60567,0.60709
2024-07-12T10:00:00+01:00,0.60709,0.60742,0.60562,0.60615
2024-07-12T14:00:00+01:00,0.60617,0.60753,0.60583,0.60735
2024-07-12T18:00:00+01:00,0.60733,0.60744,0.60641,0.60684
2024-07-14T22:00:00+01:00,0.60576,0.60742,0.60556,0.60657
2024-07-15T02:00:00+01:00,0.60655,0.60718,0.60624,0.60679
2024-07-15T06:00:00+01:00,0.60677,0.60733,0.60579,0.60658
2024-07-15T10:00:00+01:00,0.60655,0.6068,0.60571,0.6059
2024-07-15T14:00:00+01:00,0.60591,0.60678,0.60552,0.60584
2024-07-15T18:00:00+01:00,0.60583,0.60586,0.60498,0.6056
2024-07-15T22:00:00+01:00,0.6056,0.60597,0.60465,0.60466
2024-07-16T02:00:00+01:00,0.60467,0.60484,0.60357,0.60361
2024-07-16T06:00:00+01:00,0.60363,0.60377,0.60274,0.60328
2024-07-16T10:00:00+01:00,0.60329,0.60451,0.60276,0.60325
2024-07-16T14:00:00+01:00,0.60326,0.60327,0.60181,0.60206
2024-07-16T18:00:00+01:00,0.60204,0.60243,0.60167,0.60173
2024-07-16T22:00:00+01:00,0.60173,0.60246,0.60115,0.60188
2024-07-17T02:00:00+01:00,0.60189,0.60265,0.60179,0.60214
2024-07-17T06:00:00+01:00,0.60212,0.60234,0.59819,0.59926
2024-07-17T10:00:00+01:00,0.59926,0.60001,0.59688,0.59713
2024-07-17T14:00:00+01:00,0.59712,0.59712,0.59451,0.59486
2024-07-17T18:00:00+01:00,0.59485,0.59538,0.59384,0.59451
2024-07-17T22:00:00+01:00,0.59449,0.59505,0.59337,0.59398
2024-07-18T02:00:00+01:00,0.594,0.59614,0.59346,0.59603
2024-07-18T06:00:00+01:00,0.59602,0.59626,0.59499,0.59569
2024-07-18T10:00:00+01:00,0.59576,0.59594,0.59496,0.59496
2024-07-18T14:00:00+01:00,0.59498,0.59618,0.59486,0.59593
2024-07-18T18:00:00+01:00,0.59591,0.59614,0.59437,0.59529
2024-07-18T22:00:00+01:00,0.5953,0.59557,0.59397,0.59496
2024-07-19T02:00:00+01:00,0.59498,0.59594,0.59467,0.59581
2024-07-19T06:00:00+01:00,0.5958,0.59618,0.59427,0.59439
2024-07-19T10:00:00+01:00,0.59439,0.59578,0.59418,0.5953
2024-07-19T14:00:00+01:00,0.59529,0.59556,0.59404,0.59424
2024-07-19T18:00:00+01:00,0.59424,0.59455,0.59393,0.59423
2024-07-21T22:00:00+01:00,0.59457,0.59506,0.59323,0.59423
2024-07-22T02:00:00+01:00,0.59425,0.59441,0.59218,0.59254
2024-07-22T06:00:00+01:00,0.59255,0.59257,0.59132,0.59176
2024-07-22T10:00:00+01:00,0.59176,0.59203,0.59069,0.59089
2024-07-22T14:00:00+01:00,0.5909,0.59111,0.58979,0.59065
2024-07-22T18:00:00+01:00,0.59068,0.5911,0.59062,0.59099
2024-07-22T22:00:00+01:00,0.59103,0.59181,0.58991,0.59007
2024-07-23T02:00:00+01:00,0.59005,0.59108,0.58955,0.58956
2024-07-23T06:00:00+01:00,0.58954,0.59016,0.58913,0.58943
2024-07-23T10:00:00+01:00,0.58942,0.59084,0.58939,0.59028
2024-07-23T14:00:00+01:00,0.59028,0.59056,0.58962,0.58986
2024-07-23T18:00:00+01:00,0.58985,0.59007,0.58923,0.5896
2024-07-23T22:00:00+01:00,0.58962,0.58988,0.58917,0.58966
2024-07-24T02:00:00+01:00,0.58964,0.58971,0.58682,0.58693
2024-07-24T06:00:00+01:00,0.58692,0.58796,0.58633,0.58644
2024-07-24T10:00:00+01:00,0.58646,0.58651,0.58426,0.58468
2024-07-24T14:00:00+01:00,0.58466,0.58475,0.58285,0.5833
2024-07-24T18:00:00+01:00,0.58329,0.58412,0.58241,0.58253
2024-07-24T22:00:00+01:00,0.58251,0.58296,0.58017,0.58056
2024-07-25T02:00:00+01:00,0.58057,0.58083,0.57753,0.57758
2024-07-25T06:00:00+01:00,0.5776,0.57828,0.57456,0.57564
2024-07-25T10:00:00+01:00,0.57564,0.57574,0.57223,0.57547
2024-07-25T14:00:00+01:00,0.57547,0.57764,0.57508,0.57708
2024-07-25T18:00:00+01:00,0.57709,0.5772,0.57573,0.57639
2024-07-25T22:00:00+01:00,0.57641,0.577,0.57458,0.57688
2024-07-26T02:00:00+01:00,0.57688,0.57742,0.57663,0.57727
2024-07-26T06:00:00+01:00,0.57728,0.58008,0.5772,0.58003
2024-07-26T10:00:00+01:00,0.58004,0.58014,0.57893,0.57919
2024-07-26T14:00:00+01:00,0.57922,0.57969,0.57798,0.57967
2024-07-26T18:00:00+01:00,0.5797,0.57972,0.57843,0.57858
2024-07-28T22:00:00+01:00,0.57892,0.58044,0.57827,0.5799
2024-07-29T02:00:00+01:00,0.57989,0.58007,0.57816,0.57842
2024-07-29T06:00:00+01:00,0.57844,0.57953,0.57844,0.57922
2024-07-29T10:00:00+01:00,0.5792,0.5799,0.57854,0.57854
2024-07-29T14:00:00+01:00,0.57852,0.57999,0.57835,0.57977
2024-07-29T18:00:00+01:00,0.57978,0.58048,0.57942,0.58025
2024-07-29T22:00:00+01:00,0.58022,0.58112,0.5799,0.58034
2024-07-30T02:00:00+01:00,0.58036,0.58135,0.57928,0.58133
2024-07-30T06:00:00+01:00,0.58135,0.58231,0.57987,0.58042
2024-07-30T10:00:00+01:00,0.58044,0.58053,0.57905,0.57915
2024-07-30T14:00:00+01:00,0.57915,0.57956,0.57727,0.57729
2024-07-30T18:00:00+01:00,0.5773,0.57847,0.57688,0.57699
2024-07-30T22:00:00+01:00,0.577,0.57808,0.57608,0.57631
2024-07-31T02:00:00+01:00,0.57634,0.57648,0.57139,0.57213
2024-07-31T06:00:00+01:00,0.57214,0.57411,0.57121,0.57214
2024-07-31T10:00:00+01:00,0.57214,0.57349,0.57161,0.57333
2024-07-31T14:00:00+01:00,0.57334,0.57551,0.57246,0.57508
2024-07-31T18:00:00+01:00,0.57507,0.57626,0.57334,0.57442
2024-07-31T22:00:00+01:00,0.57427,0.5753,0.57354,0.57361
2024-08-01T02:00:00+01:00,0.5736,0.5739,0.57221,0.57254
2024-08-01T06:00:00+01:00,0.57254,0.57333,0.57051,0.57071
2024-08-01T10:00:00+01:00,0.57074,0.57398,0.57051,0.57346
2024-08-01T14:00:00+01:00,0.57347,0.5739,0.56838,0.56902
2024-08-01T18:00:00+01:00,0.56901,0.56914,0.56628,0.56734
2024-08-01T22:00:00+01:00,0.56733,0.56818,0.56569,0.56614
2024-08-02T02:00:00+01:00,0.56614,0.56821,0.56596,0.56779
2024-08-02T06:00:00+01:00,0.56781,0.5694,0.56695,0.56773
2024-08-02T10:00:00+01:00,0.56773,0.56885,0.56258,0.56432
2024-08-02T14:00:00+01:00,0.56431,0.56693,0.55861,0.5602
2024-08-02T18:00:00+01:00,0.56022,0.56058,0.55799,0.55826
2024-08-04T22:00:00+01:00,0.55949,0.56072,0.55373,0.55467
2024-08-05T02:00:00+01:00,0.55466,0.55723,0.55045,0.55121
2024-08-05T06:00:00+01:00,0.5512,0.55266,0.53653,0.54834
2024-08-05T10:00:00+01:00,0.54834,0.54926,0.54309,0.54377
2024-08-05T14:00:00+01:00,0.54374,0.55613,0.5437,0.5531
2024-08-05T18:00:00+01:00,0.55307,0.55523,0.55109,0.55378
2024-08-05T22:00:00+01:00,0.55403,0.55913,0.5528,0.55854
2024-08-06T02:00:00+01:00,0.55854,0.55892,0.55525,0.55694
2024-08-06T06:00:00+01:00,0.55695,0.55955,0.55417,0.55541
2024-08-06T10:00:00+01:00,0.5554,0.55564,0.55205,0.55248
2024-08-06T14:00:00+01:00,0.55246,0.55807,0.55162,0.55783
2024-08-06T18:00:00+01:00,0.5578,0.55842,0.55485,0.55523
2024-08-06T22:00:00+01:00,0.55637,0.55823,0.55489,0.55817
2024-08-07T02:00:00+01:00,0.55817,0.56407,0.55716,0.56318
2024-08-07T06:00:00+01:00,0.56316,0.56376,0.55864,0.5633
2024-08-07T10:00:00+01:00,0.56329,0.5681,0.56318,0.56526
2024-08-07T14:00:00+01:00,0.56526,0.56845,0.56432,0.56479
2024-08-07T18:00:00+01:00,0.56478,0.56499,0.5613,0.56177
2024-08-07T22:00:00+01:00,0.56293,0.56371,0.55817,0.55957
2024-08-08T02:00:00+01:00,0.55959,0.56512,0.55951,0.56322
2024-08-08T06:00:00+01:00,0.56324,0.56473,0.56166,0.56282
2024-08-08T10:00:00+01:00,0.56283,0.56557,0.56078,0.56461
2024-08-08T14:00:00+01:00,0.56462,0.57068,0.56438,0.56975
2024-08-08T18:00:00+01:00,0.56976,0.57151,0.56903,0.57134
2024-08-08T22:00:00+01:00,0.57147,0.57203,0.5696,0.57041
2024-08-09T02:00:00+01:00,0.5704,0.57229,0.57001,0.57015
2024-08-09T06:00:00+01:00,0.57018,0.57248,0.56936,0.57039
2024-08-09T10:00:00+01:00,0.57039,0.57063,0.56726,0.56837
2024-08-09T14:00:00+01:00,0.56838,0.56956,0.56753,0.56835
2024-08-09T18:00:00+01:00,0.56835,0.56929,0.56796,0.56874
2024-08-11T22:00:00+01:00,0.56778,0.56963,0.56749,0.56902
2024-08-12T02:00:00+01:00,0.56902,0.57073,0.56872,0.57068
2024-08-12T06:00:00+01:00,0.57068,0.57337,0.5703,0.57295
2024-08-12T10:00:00+01:00,0.57293,0.57415,0.57243,0.57302
2024-08-12T14:00:00+01:00,0.57301,0.57498,0.57044,0.57082
2024-08-12T18:00:00+01:00,0.57081,0.57113,0.56923,0.56974
2024-08-12T22:00:00+01:00,0.56978,0.57062,0.56936,0.5704
2024-08-13T02:00:00+01:00,0.57042,0.57276,0.57015,0.572
2024-08-13T06:00:00+01:00,0.57198,0.57317,0.57081,0.57269
2024-08-13T10:00:00+01:00,0.57271,0.5732,0.57104,0.57261
2024-08-13T14:00:00+01:00,0.57262,0.57326,0.56988,0.57293
2024-08-13T18:00:00+01:00,0.57294,0.57412,0.57237,0.57374
2024-08-13T22:00:00+01:00,0.57271,0.5748,0.57224,0.57474
2024-08-14T02:00:00+01:00,0.57474,0.57505,0.57202,0.5728
2024-08-14T06:00:00+01:00,0.57281,0.57435,0.57142,0.57188
2024-08-14T10:00:00+01:00,0.5719,0.57383,0.57124,0.57298
2024-08-14T14:00:00+01:00,0.57298,0.5736,0.57005,0.5713
2024-08-14T18:00:00+01:00,0.5713,0.57151,0.57049,0.57084
2024-08-14T22:00:00+01:00,0.57154,0.57202,0.56992,0.57
2024-08-15T02:00:00+01:00,0.57001,0.57374,0.56866,0.57327
2024-08-15T06:00:00+01:00,0.57326,0.57373,0.57225,0.57312
2024-08-15T10:00:00+01:00,0.57309,0.57764,0.573,0.57688
2024-08-15T14:00:00+01:00,0.57686,0.57812,0.57589,0.57773
2024-08-15T18:00:00+01:00,0.57771,0.57776,0.57641,0.57727
2024-08-15T22:00:00+01:00,0.57685,0.57742,0.5764,0.57675
2024-08-16T02:00:00+01:00,0.57676,0.5775,0.57654,0.57724
2024-08-16T06:00:00+01:00,0.57723,0.57818,0.5755,0.57611
2024-08-16T10:00:00+01:00,0.57611,0.57708,0.57425,0.57444
2024-08-16T14:00:00+01:00,0.57444,0.57817,0.57414,0.57803
2024-08-16T18:00:00+01:00,0.57804,0.57849,0.57752,0.57772
2024-08-18T22:00:00+01:00,0.57766,0.57999,0.57581,0.57908
2024-08-19T02:00:00+01:00,0.57909,0.5797,0.57707,0.57772
2024-08-19T06:00:00+01:00,0.57776,0.57842,0.57554,0.57825
2024-08-19T10:00:00+01:00,0.57827,0.57954,0.57784,0.57954
2024-08-19T14:00:00+01:00,0.57953,0.58076,0.57923,0.57997
2024-08-19T18:00:00+01:00,0.57995,0.58106,0.57973,0.58069
2024-08-19T22:00:00+01:00,0.58062,0.58149,0.57954,0.57985
2024-08-20T02:00:00+01:00,0.57987,0.58046,0.57855,0.57913
2024-08-20T06:00:00+01:00,0.57914,0.5802,0.57769,0.57867
2024-08-20T10:00:00+01:00,0.57866,0.57939,0.57836,0.5792
2024-08-20T14:00:00+01:00,0.57922,0.57925,0.57657,0.57677
2024-08-20T18:00:00+01:00,0.57675,0.57766,0.57595,0.57601
2024-08-20T22:00:00+01:00,0.57601,0.57641,0.57486,0.57616
2024-08-21T02:00:00+01:00,0.57614,0.57657,0.57537,0.5761
2024-08-21T06:00:00+01:00,0.5761,0.57672,0.57542,0.57607
2024-08-21T10:00:00+01:00,0.57608,0.57691,0.57568,0.57587
2024-08-21T14:00:00+01:00,0.57588,0.57645,0.57356,0.57392
2024-08-21T18:00:00+01:00,0.57394,0.57466,0.57356,0.57428
2024-08-21T22:00:00+01:00,0.5746,0.57529,0.57336,0.57441
2024-08-22T02:00:00+01:00,0.57442,0.57467,0.57285,0.57345
2024-08-22T06:00:00+01:00,0.57346,0.57437,0.57313,0.57426
2024-08-22T10:00:00+01:00,0.57428,0.57438,0.57259,0.57329
2024-08-22T14:00:00+01:00,0.5733,0.57332,0.57078,0.57142
2024-08-22T18:00:00+01:00,0.5714,0.57176,0.5705,0.57142
2024-08-22T22:00:00+01:00,0.57147,0.57231,0.57044,0.57142
2024-08-23T02:00:00+01:00,0.57139,0.573,0.57108,0.57273
2024-08-23T06:00:00+01:00,0.57271,0.57296,0.57164,0.5729
2024-08-23T10:00:00+01:00,0.57289,0.57393,0.57282,0.57368
2024-08-23T14:00:00+01:00,0.57369,0.57656,0.57343,0.57635
2024-08-23T18:00:00+01:00,0.57637,0.57665,0.57534,0.57618
2024-08-25T22:00:00+01:00,0.57587,0.57625,0.57413,0.57475
2024-08-26T02:00:00+01:00,0.57475,0.57503,0.57393,0.574
2024-08-26T06:00:00+01:00,0.574,0.57446,0.573,0.57302
2024-08-26T10:00:00+01:00,0.57303,0.57455,0.57289,0.57419
2024-08-26T14:00:00+01:00,0.57418,0.57506,0.57368,0.57465
2024-08-26T18:00:00+01:00,0.57464,0.57489,0.57355,0.57378
2024-08-26T22:00:00+01:00,0.57381,0.57454,0.57295,0.57324
2024-08-27T02:00:00+01:00,0.57323,0.5751,0.57323,0.57464
2024-08-27T06:00:00+01:00,0.57464,0.57549,0.5739,0.57442
2024-08-27T10:00:00+01:00,0.57439,0.57452,0.57235,0.57255
2024-08-27T14:00:00+01:00,0.57256,0.57282,0.57072,0.57143
2024-08-27T18:00:00+01:00,0.57144,0.57191,0.57119,0.57177
2024-08-27T22:00:00+01:00,0.57187,0.57319,0.57099,0.57151
2024-08-28T02:00:00+01:00,0.57152,0.57369,0.57133,0.5731
2024-08-28T06:00:00+01:00,0.57312,0.57379,0.57247,0.57305
2024-08-28T10:00:00+01:00,0.57305,0.57315,0.57129,0.57217
2024-08-28T14:00:00+01:00,0.57216,0.57282,0.5701,0.57121
2024-08-28T18:00:00+01:00,0.5712,0.57166,0.56966,0.57154
2024-08-28T22:00:00+01:00,0.57159,0.57247,0.57054,0.57227
2024-08-29T02:00:00+01:00,0.57228,0.57267,0.57094,0.57191
2024-08-29T06:00:00+01:00,0.5719,0.5752,0.57142,0.57479
2024-08-29T10:00:00+01:00,0.57481,0.57683,0.57481,0.5761
2024-08-29T14:00:00+01:00,0.5761,0.57698,0.57474,0.57611
2024-08-29T18:00:00+01:00,0.57611,0.57666,0.57476,0.57614
2024-08-29T22:00:00+01:00,0.5761,0.57704,0.57479,0.57595
2024-08-30T02:00:00+01:00,0.57593,0.57713,0.57529,0.57646
2024-08-30T06:00:00+01:00,0.57648,0.57811,0.57634,0.57769
2024-08-30T10:00:00+01:00,0.5777,0.57791,0.57655,0.57675
2024-08-30T14:00:00+01:00,0.57676,0.57689,0.57415,0.57502
2024-08-30T18:00:00+01:00,0.575,0.57564,0.57466,0.57534
2024-09-01T22:00:00+01:00,0.57496,0.57637,0.57415,0.57589
2024-09-02T02:00:00+01:00,0.5759,0.57614,0.57428,0.57461
2024-09-02T06:00:00+01:00,0.57462,0.57664,0.57449,0.57645
2024-09-02T10:00:00+01:00,0.57644,0.57724,0.57619,0.57711
2024-09-02T14:00:00+01:00,0.5771,0.57851,0.57708,0.57822
2024-09-02T18:00:00+01:00,0.57822,0.57869,0.57806,0.57827
2024-09-02T22:00:00+01:00,0.57796,0.5791,0.57712,0.57836
2024-09-03T02:00:00+01:00,0.57837,0.57862,0.57409,0.57493
2024-09-03T06:00:00+01:00,0.57494,0.57627,0.57293,0.57524
2024-09-03T10:00:00+01:00,0.57522,0.5754,0.5732,0.57336
2024-09-03T14:00:00+01:00,0.57336,0.5734,0.57027,0.5714
2024-09-03T18:00:00+01:00,0.57139,0.57164,0.57059,0.57068
2024-09-03T22:00:00+01:00,0.57068,0.57111,0.56729,0.56743
2024-09-04T02:00:00+01:00,0.56744,0.56948,0.56743,0.56885
2024-09-04T06:00:00+01:00,0.56885,0.56971,0.56793,0.56892
2024-09-04T10:00:00+01:00,0.56893,0.5726,0.56892,0.57227
2024-09-04T14:00:00+01:00,0.57225,0.57311,0.56973,0.57026
2024-09-04T18:00:00+01:00,0.57025,0.57037,0.56878,0.56922
2024-09-04T22:00:00+01:00,0.56929,0.57025,0.56781,0.56932
2024-09-05T02:00:00+01:00,0.56932,0.57015,0.56885,0.56923
2024-09-05T06:00:00+01:00,0.56924,0.56975,0.56826,0.56957
2024-09-05T10:00:00+01:00,0.56958,0.5697,0.56776,0.56959
2024-09-05T14:00:00+01:00,0.56958,0.57137,0.56852,0.56917
2024-09-05T18:00:00+01:00,0.56915,0.56954,0.56825,0.56889
2024-09-05T22:00:00+01:00,0.5689,0.56966,0.56818,0.56845
2024-09-06T02:00:00+01:00,0.56842,0.56859,0.56693,0.56743
2024-09-06T06:00:00+01:00,0.56741,0.56756,0.56551,0.56639
2024-09-06T10:00:00+01:00,0.56638,0.57059,0.56612,0.56957
2024-09-06T14:00:00+01:00,0.56953,0.57025,0.5617,0.56246
2024-09-06T18:00:00+01:00,0.56245,0.56327,0.56211,0.56232
2024-09-08T22:00:00+01:00,0.56304,0.56394,0.56181,0.5631
2024-09-09T02:00:00+01:00,0.56311,0.56553,0.56311,0.56487
2024-09-09T06:00:00+01:00,0.56485,0.56485,0.56356,0.56454
2024-09-09T10:00:00+01:00,0.56452,0.56553,0.56422,0.56462
2024-09-09T14:00:00+01:00,0.56462,0.56587,0.56322,0.56579
2024-09-09T18:00:00+01:00,0.5658,0.56598,0.56467,0.56577
2024-09-09T22:00:00+01:00,0.56582,0.56638,0.56441,0.56509
2024-09-10T02:00:00+01:00,0.56509,0.56567,0.56458,0.56543
2024-09-10T06:00:00+01:00,0.56539,0.56646,0.56463,0.56465
2024-09-10T10:00:00+01:00,0.56463,0.56585,0.56381,0.56422
2024-09-10T14:00:00+01:00,0.56421,0.56466,0.56207,0.56329
2024-09-10T18:00:00+01:00,0.56327,0.56411,0.56313,0.56346
2024-09-10T22:00:00+01:00,0.56345,0.56448,0.56256,0.56278
2024-09-11T02:00:00+01:00,0.56277,0.56325,0.56071,0.56096
2024-09-11T06:00:00+01:00,0.56095,0.56385,0.56038,0.56313
2024-09-11T10:00:00+01:00,0.56312,0.5664,0.56305,0.56584
2024-09-11T14:00:00+01:00,0.56582,0.56675,0.56143,0.56596
2024-09-11T18:00:00+01:00,0.56595,0.56941,0.56593,0.56878
2024-09-11T22:00:00+01:00,0.56879,0.57011,0.56807,0.56906
2024-09-12T02:00:00+01:00,0.56905,0.57095,0.56845,0.57085
2024-09-12T06:00:00+01:00,0.57083,0.5713,0.56872,0.56998
2024-09-12T10:00:00+01:00,0.56998,0.571,0.5694,0.56959
2024-09-12T14:00:00+01:00,0.56959,0.57219,0.569,0.57212
2024-09-12T18:00:00+01:00,0.5721,0.57286,0.57174,0.57217
2024-09-12T22:00:00+01:00,0.57215,0.57354,0.57109,0.57177
2024-09-13T02:00:00+01:00,0.57178,0.57192,0.57043,0.57138
2024-09-13T06:00:00+01:00,0.57137,0.57166,0.56917,0.56963
2024-09-13T10:00:00+01:00,0.56964,0.57025,0.56668,0.56724
2024-09-13T14:00:00+01:00,0.56726,0.5699,0.56671,0.56887
2024-09-13T18:00:00+01:00,0.56885,0.56959,0.56825,0.56923
2024-09-15T22:00:00+01:00,0.56865,0.56959,0.56783,0.56863
2024-09-16T02:00:00+01:00,0.5686,0.56939,0.56797,0.56922
2024-09-16T06:00:00+01:00,0.5692,0.56944,0.56776,0.56899
2024-09-16T10:00:00+01:00,0.56898,0.56984,0.5688,0.56924
2024-09-16T14:00:00+01:00,0.5692,0.56984,0.56869,0.56966
2024-09-16T18:00:00+01:00,0.56966,0.57065,0.56946,0.57035
2024-09-16T22:00:00+01:00,0.57032,0.57106,0.56944,0.56961
2024-09-17T02:00:00+01:00,0.56962,0.57028,0.56909,0.56923
2024-09-17T06:00:00+01:00,0.56925,0.57116,0.56922,0.57042
2024-09-17T10:00:00+01:00,0.57041,0.57149,0.57029,0.5713
2024-09-17T14:00:00+01:00,0.57129,0.57284,0.57093,0.57137
2024-09-17T18:00:00+01:00,0.57139,0.57259,0.57104,0.57229
2024-09-17T22:00:00+01:00,0.57229,0.57296,0.57171,0.57236
2024-09-18T02:00:00+01:00,0.57237,0.57282,0.57039,0.57064
2024-09-18T06:00:00+01:00,0.57064,0.57266,0.57059,0.5721
2024-09-18T10:00:00+01:00,0.5721,0.573,0.57153,0.57235
2024-09-18T14:00:00+01:00,0.57234,0.57283,0.5715,0.57186
2024-09-18T18:00:00+01:00,0.57186,0.57371,0.57094,0.5725
2024-09-18T22:00:00+01:00,0.57249,0.57465,0.57123,0.57327
2024-09-19T02:00:00+01:00,0.57329,0.57665,0.57285,0.57639
2024-09-19T06:00:00+01:00,0.57642,0.57807,0.57574,0.57757
2024-09-19T10:00:00+01:00,0.57757,0.57912,0.57752,0.57897
2024-09-19T14:00:00+01:00,0.57898,0.57939,0.57628,0.57815
2024-09-19T18:00:00+01:00,0.57816,0.57853,0.57669,0.57776
2024-09-19T22:00:00+01:00,0.57778,0.57828,0.57632,0.57637
2024-09-20T02:00:00+01:00,0.57635,0.57797,0.57584,0.57694
2024-09-20T06:00:00+01:00,0.57695,0.57793,0.57649,0.577
2024-09-20T10:00:00+01:00,0.57698,0.57907,0.57697,0.57827
2024-09-20T14:00:00+01:00,0.57827,0.57901,0.57656,0.57896
2024-09-20T18:00:00+01:00,0.57894,0.57987,0.57864,0.57876
2024-09-22T22:00:00+01:00,0.57808,0.58005,0.57787,0.57988
2024-09-23T02:00:00+01:00,0.5799,0.58164,0.57978,0.58153
2024-09-23T06:00:00+01:00,0.58151,0.58166,0.57846,0.57973
2024-09-23T10:00:00+01:00,0.57974,0.58127,0.57937,0.58112
2024-09-23T14:00:00+01:00,0.58112,0.58185,0.5787,0.57895
2024-09-23T18:00:00+01:00,0.57894,0.57994,0.57869,0.57959
2024-09-23T22:00:00+01:00,0.57962,0.58014,0.57814,0.57838
2024-09-24T02:00:00+01:00,0.57838,0.58167,0.57838,0.58127
2024-09-24T06:00:00+01:00,0.58127,0.58203,0.57818,0.57961
2024-09-24T10:00:00+01:00,0.57959,0.58173,0.57932,0.58092
2024-09-24T14:00:00+01:00,0.58091,0.58294,0.58046,0.58154
2024-09-24T18:00:00+01:00,0.58153,0.58174,0.58083,0.58122
2024-09-24T22:00:00+01:00,0.58124,0.58266,0.58041,0.58058
2024-09-25T02:00:00+01:00,0.58056,0.58105,0.57939,0.58017
2024-09-25T06:00:00+01:00,0.58017,0.58299,0.57861,0.58288
2024-09-25T10:00:00+01:00,0.58286,0.58454,0.58179,0.58258
2024-09-25T14:00:00+01:00,0.58259,0.58353,0.58009,0.58027
2024-09-25T18:00:00+01:00,0.58025,0.58061,0.57952,0.58021
2024-09-25T22:00:00+01:00,0.58023,0.58093,0.57935,0.5808
2024-09-26T02:00:00+01:00,0.58081,0.58224,0.58065,0.58165
2024-09-26T06:00:00+01:00,0.58164,0.58471,0.58035,0.58298
2024-09-26T10:00:00+01:00,0.58297,0.58454,0.58194,0.58444
2024-09-26T14:00:00+01:00,0.58442,0.58491,0.58307,0.5833
2024-09-26T18:00:00+01:00,0.58331,0.58373,0.58254,0.58352
2024-09-26T22:00:00+01:00,0.58349,0.58412,0.5817,0.58366
2024-09-27T02:00:00+01:00,0.58367,0.58403,0.58203,0.58335
2024-09-27T06:00:00+01:00,0.58333,0.58397,0.58098,0.58205
2024-09-27T10:00:00+01:00,0.58203,0.58313,0.58079,0.58227
2024-09-27T14:00:00+01:00,0.58227,0.58441,0.58104,0.58191
2024-09-27T18:00:00+01:00,0.58192,0.58223,0.57983,0.5802
2024-09-29T22:00:00+01:00,0.58072,0.58281,0.57998,0.5823
2024-09-30T02:00:00+01:00,0.58231,0.58388,0.58135,0.5833
2024-09-30T06:00:00+01:00,0.58332,0.58475,0.58254,0.58415
2024-09-30T10:00:00+01:00,0.58415,0.58465,0.58298,0.58447
2024-09-30T14:00:00+01:00,0.58447,0.58648,0.58408,0.58596
2024-09-30T18:00:00+01:00,0.58594,0.58597,0.58444,0.58458
2024-09-30T22:00:00+01:00,0.58455,0.58543,0.58403,0.58448
2024-10-01T02:00:00+01:00,0.58448,0.58642,0.58444,0.58629
2024-10-01T06:00:00+01:00,0.5863,0.58703,0.58437,0.58495
2024-10-01T10:00:00+01:00,0.58488,0.58631,0.58401,0.58581
2024-10-01T14:00:00+01:00,0.58582,0.58583,0.57998,0.58184
2024-10-01T18:00:00+01:00,0.58186,0.58482,0.58029,0.58269
2024-10-01T22:00:00+01:00,0.58269,0.58379,0.58133,0.58235
2024-10-02T02:00:00+01:00,0.58235,0.58523,0.58207,0.58271
2024-10-02T06:00:00+01:00,0.58269,0.58385,0.58113,0.58357
2024-10-02T10:00:00+01:00,0.5836,0.58668,0.58337,0.5863
2024-10-02T14:00:00+01:00,0.58631,0.58636,0.58444,0.58493
2024-10-02T18:00:00+01:00,0.58491,0.58533,0.58427,0.58502
2024-10-02T22:00:00+01:00,0.58502,0.58542,0.58439,0.58526
2024-10-03T02:00:00+01:00,0.58525,0.58559,0.58272,0.58283
2024-10-03T06:00:00+01:00,0.58281,0.58669,0.58245,0.58274
2024-10-03T10:00:00+01:00,0.58274,0.58342,0.58103,0.58157
2024-10-03T14:00:00+01:00,0.58159,0.58478,0.58157,0.58388
2024-10-03T18:00:00+01:00,0.5839,0.58406,0.58296,0.58316
2024-10-03T22:00:00+01:00,0.5831,0.58416,0.58238,0.58344
2024-10-04T02:00:00+01:00,0.58344,0.58362,0.58217,0.58224
2024-10-04T06:00:00+01:00,0.58225,0.58341,0.58168,0.58253
2024-10-04T10:00:00+01:00,0.58258,0.58475,0.58201,0.58408
2024-10-04T14:00:00+01:00,0.5841,0.58489,0.58325,0.58397
2024-10-04T18:00:00+01:00,0.58394,0.58413,0.58283,0.58296
2024-10-06T22:00:00+01:00,0.58344,0.58496,0.58262,0.58373
2024-10-07T02:00:00+01:00,0.5837,0.58413,0.58307,0.58371
2024-10-07T06:00:00+01:00,0.58371,0.58418,0.58217,0.58225
2024-10-07T10:00:00+01:00,0.58224,0.58234,0.57963,0.5799
2024-10-07T14:00:00+01:00,0.57991,0.58016,0.57726,0.57737
2024-10-07T18:00:00+01:00,0.57739,0.57791,0.57595,0.5775
2024-10-07T22:00:00+01:00,0.57885,0.57922,0.57596,0.57801
2024-10-08T02:00:00+01:00,0.57798,0.57815,0.57312,0.57542
2024-10-08T06:00:00+01:00,0.57539,0.57586,0.57361,0.57512
2024-10-08T10:00:00+01:00,0.57512,0.57798,0.57476,0.57705
2024-10-08T14:00:00+01:00,0.57705,0.57817,0.57598,0.57775
2024-10-08T18:00:00+01:00,0.57774,0.57905,0.57716,0.57842
2024-10-08T22:00:00+01:00,0.57826,0.57908,0.57739,0.57806
2024-10-09T02:00:00+01:00,0.57808,0.57875,0.57686,0.57745
2024-10-09T06:00:00+01:00,0.57744,0.58012,0.57639,0.57715
2024-10-09T10:00:00+01:00,0.57717,0.5777,0.57665,0.57692
2024-10-09T14:00:00+01:00,0.57691,0.57837,0.57608,0.57762
2024-10-09T18:00:00+01:00,0.57762,0.57849,0.57726,0.57822
2024-10-09T22:00:00+01:00,0.57789,0.57862,0.57723,0.57798
2024-10-10T02:00:00+01:00,0.57798,0.58018,0.57788,0.58003
2024-10-10T06:00:00+01:00,0.58002,0.58042,0.57817,0.57852
2024-10-10T10:00:00+01:00,0.57854,0.57854,0.57571,0.57737
2024-10-10T14:00:00+01:00,0.57736,0.57769,0.57573,0.57635
2024-10-10T18:00:00+01:00,0.57634,0.57744,0.57542,0.57713
2024-10-10T22:00:00+01:00,0.57852,0.57895,0.57671,0.57734
2024-10-11T02:00:00+01:00,0.57733,0.57838,0.57726,0.57791
2024-10-11T06:00:00+01:00,0.57793,0.57801,0.57678,0.57689
2024-10-11T10:00:00+01:00,0.57686,0.57854,0.57674,0.57739
2024-10-11T14:00:00+01:00,0.5774,0.57931,0.57716,0.57871
2024-10-11T18:00:00+01:00,0.57873,0.57922,0.57854,0.57876
2024-10-13T22:00:00+01:00,0.57791,0.57885,0.57681,0.57801
2024-10-14T02:00:00+01:00,0.57797,0.57895,0.57715,0.57823
2024-10-14T06:00:00+01:00,0.57824,0.5791,0.5781,0.57849
2024-10-14T10:00:00+01:00,0.57851,0.57956,0.57786,0.57874
2024-10-14T14:00:00+01:00,0.57878,0.58144,0.57855,0.58055
2024-10-14T18:00:00+01:00,0.58056,0.58058,0.57981,0.58013
2024-10-14T22:00:00+01:00,0.58035,0.58101,0.57927,0.57973
2024-10-15T02:00:00+01:00,0.57971,0.58065,0.57942,0.57976
2024-10-15T06:00:00+01:00,0.57976,0.57976,0.57786,0.57854
2024-10-15T10:00:00+01:00,0.57854,0.57928,0.57774,0.57869
2024-10-15T14:00:00+01:00,0.57868,0.57936,0.57697,0.57885
2024-10-15T18:00:00+01:00,0.57885,0.57902,0.57753,0.57796
2024-10-15T22:00:00+01:00,0.578,0.57863,0.57513,0.57621
2024-10-16T02:00:00+01:00,0.57622,0.57749,0.57556,0.57704
2024-10-16T06:00:00+01:00,0.57703,0.57784,0.57628,0.57681
2024-10-16T10:00:00+01:00,0.57681,0.57693,0.576,0.57612
2024-10-16T14:00:00+01:00,0.57611,0.57727,0.57544,0.57647
2024-10-16T18:00:00+01:00,0.57647,0.57709,0.57621,0.57695
2024-10-16T22:00:00+01:00,0.57698,0.5796,0.57564,0.5794
2024-10-17T02:00:00+01:00,0.57939,0.58076,0.57871,0.57947
2024-10-17T06:00:00+01:00,0.57947,0.58004,0.57756,0.57778
2024-10-17T10:00:00+01:00,0.57778,0.579,0.57736,0.57843
2024-10-17T14:00:00+01:00,0.57842,0.58017,0.57805,0.5801
2024-10-17T18:00:00+01:00,0.5801,0.58041,0.57973,0.57993
2024-10-17T22:00:00+01:00,0.58003,0.58067,0.5796,0.58026
2024-10-18T02:00:00+01:00,0.58025,0.58169,0.58017,0.58027
2024-10-18T06:00:00+01:00,0.58028,0.58227,0.57984,0.58145
2024-10-18T10:00:00+01:00,0.58146,0.58183,0.58062,0.58089
2024-10-18T14:00:00+01:00,0.58089,0.58153,0.57999,0.58041
2024-10-18T18:00:00+01:00,0.58041,0.58069,0.5796,0.57992
2024-10-20T22:00:00+01:00,0.5795,0.58102,0.57876,0.58045
2024-10-21T02:00:00+01:00,0.58046,0.58147,0.5798,0.5799
2024-10-21T06:00:00+01:00,0.57988,0.57998,0.57841,0.57875
2024-10-21T10:00:00+01:00,0.57876,0.57881,0.57737,0.57802
2024-10-21T14:00:00+01:00,0.578,0.57834,0.57601,0.57639
2024-10-21T18:00:00+01:00,0.57637,0.57691,0.57628,0.57681
2024-10-21T22:00:00+01:00,0.57683,0.57732,0.57534,0.57587
2024-10-22T02:00:00+01:00,0.57586,0.57876,0.57556,0.57852
2024-10-22T06:00:00+01:00,0.57851,0.57901,0.57788,0.57798
2024-10-22T10:00:00+01:00,0.57798,0.57902,0.57783,0.57877
2024-10-22T14:00:00+01:00,0.57878,0.5793,0.57786,0.57843
2024-10-22T18:00:00+01:00,0.57843,0.5793,0.57805,0.57827
2024-10-22T22:00:00+01:00,0.57825,0.57945,0.57686,0.57817
2024-10-23T02:00:00+01:00,0.57817,0.57993,0.57757,0.57885
2024-10-23T06:00:00+01:00,0.57885,0.57933,0.57703,0.57705
2024-10-23T10:00:00+01:00,0.57703,0.57773,0.5753,0.57547
2024-10-23T14:00:00+01:00,0.57546,0.57624,0.57423,0.57457
2024-10-23T18:00:00+01:00,0.57456,0.57498,0.57337,0.57478
2024-10-23T22:00:00+01:00,0.57471,0.57593,0.57403,0.57534
2024-10-24T02:00:00+01:00,0.57533,0.57614,0.57512,0.57551
2024-10-24T06:00:00+01:00,0.57552,0.57711,0.57503,0.57617
2024-10-24T10:00:00+01:00,0.57615,0.57651,0.57563,0.57605
2024-10-24T14:00:00+01:00,0.57605,0.5762,0.57358,0.57433
2024-10-24T18:00:00+01:00,0.57432,0.57515,0.57422,0.57487
2024-10-24T22:00:00+01:00,0.57489,0.57602,0.57401,0.57467
2024-10-25T02:00:00+01:00,0.57467,0.57491,0.57286,0.57304
2024-10-25T06:00:00+01:00,0.57305,0.57451,0.57281,0.57448
2024-10-25T10:00:00+01:00,0.57449,0.57536,0.57439,0.57524
2024-10-25T14:00:00+01:00,0.57525,0.57603,0.57278,0.57281
2024-10-25T18:00:00+01:00,0.57279,0.57285,0.57151,0.5724
2024-10-27T21:00:00+00:00,0.57393,0.57437,0.57313,0.57353
2024-10-28T01:00:00+00:00,0.57351,0.57434,0.57226,0.57318
2024-10-28T05:00:00+00:00,0.57319,0.57343,0.5722,0.57282
2024-10-28T09:00:00+00:00,0.57282,0.57291,0.57139,0.57239
2024-10-28T13:00:00+00:00,0.57239,0.57249,0.56975,0.56984
2024-10-28T17:00:00+00:00,0.56985,0.57005,0.56926,0.56956
2024-10-28T21:00:00+00:00,0.56994,0.57032,0.56847,0.56886
2024-10-29T01:00:00+00:00,0.56885,0.56949,0.56759,0.56796
2024-10-29T05:00:00+00:00,0.56798,0.57031,0.56751,0.56964
2024-10-29T09:00:00+00:00,0.56964,0.57019,0.56905,0.57015
2024-10-29T13:00:00+00:00,0.57015,0.57058,0.56896,0.56958
2024-10-29T17:00:00+00:00,0.56957,0.56973,0.56861,0.56911
2024-10-29T21:00:00+00:00,0.56942,0.56964,0.56827,0.56908
2024-10-30T01:00:00+00:00,0.56909,0.56981,0.56724,0.56759
2024-10-30T05:00:00+00:00,0.56762,0.57055,0.56715,0.57019
2024-10-30T09:00:00+00:00,0.57017,0.57155,0.56984,0.57085
2024-10-30T13:00:00+00:00,0.57083,0.57145,0.56952,0.56976
2024-10-30T17:00:00+00:00,0.56974,0.57013,0.56929,0.56981
2024-10-30T21:00:00+00:00,0.56983,0.57017,0.56874,0.56879
2024-10-31T01:00:00+00:00,0.56878,0.56967,0.56838,0.56865
2024-10-31T05:00:00+00:00,0.56862,0.56984,0.5684,0.56891
2024-10-31T09:00:00+00:00,0.56887,0.56926,0.56801,0.56883
2024-10-31T13:00:00+00:00,0.56883,0.56895,0.56574,0.56785
2024-10-31T17:00:00+00:00,0.56784,0.56871,0.56767,0.56847
2024-10-31T21:00:00+00:00,0.56994,0.57012,0.56735,0.56756
2024-11-01T01:00:00+00:00,0.56754,0.56872,0.56738,0.56829
2024-11-01T05:00:00+00:00,0.56831,0.57054,0.56675,0.5699
2024-11-01T09:00:00+00:00,0.56988,0.57048,0.56876,0.56987
2024-11-01T13:00:00+00:00,0.56989,0.57317,0.56981,0.57165
2024-11-01T17:00:00+00:00,0.57166,0.57183,0.57035,0.57072
2024-11-03T22:00:00+00:00,0.5735,0.57358,0.57108,0.57149
2024-11-04T02:00:00+00:00,0.57148,0.57213,0.5708,0.57195
2024-11-04T06:00:00+00:00,0.57197,0.57201,0.56885,0.56946
2024-11-04T10:00:00+00:00,0.56946,0.57004,0.56876,0.56933
2024-11-04T14:00:00+00:00,0.56933,0.57015,0.56812,0.5689
2024-11-04T18:00:00+00:00,0.56892,0.56939,0.56849,0.56896
2024-11-04T22:00:00+00:00,0.56892,0.56993,0.56824,0.56952
2024-11-05T02:00:00+00:00,0.56951,0.57039,0.56903,0.57008
2024-11-05T06:00:00+00:00,0.57007,0.57149,0.57,0.57046
2024-11-05T10:00:00+00:00,0.57048,0.5722,0.57018,0.572
2024-11-05T14:00:00+00:00,0.57201,0.5737,0.57197,0.57244
2024-11-05T18:00:00+00:00,0.57244,0.57327,0.57223,0.57296
2024-11-05T22:00:00+00:00,0.57349,0.57405,0.57191,0.57299
2024-11-06T02:00:00+00:00,0.57298,0.57325,0.56873,0.57063
2024-11-06T06:00:00+00:00,0.57064,0.57617,0.5698,0.57578
2024-11-06T10:00:00+00:00,0.57578,0.57666,0.57425,0.57456
2024-11-06T14:00:00+00:00,0.57456,0.5762,0.57356,0.57568
2024-11-06T18:00:00+00:00,0.57567,0.57707,0.57527,0.57614
2024-11-06T22:00:00+00:00,0.57547,0.57707,0.57498,0.57691
2024-11-07T02:00:00+00:00,0.57692,0.58019,0.57692,0.5796
2024-11-07T06:00:00+00:00,0.57959,0.58169,0.57913,0.58092
2024-11-07T10:00:00+00:00,0.58092,0.58244,0.58051,0.58235
2024-11-07T14:00:00+00:00,0.58236,0.5833,0.5815,0.58243
2024-11-07T18:00:00+00:00,0.58244,0.58308,0.58186,0.58276
2024-11-07T22:00:00+00:00,0.58289,0.58356,0.58134,0.58144
2024-11-08T02:00:00+00:00,0.58146,0.58165,0.58003,0.58097
2024-11-08T06:00:00+00:00,0.58096,0.58105,0.5784,0.57899
2024-11-08T10:00:00+00:00,0.57899,0.5791,0.57699,0.57745
2024-11-08T14:00:00+00:00,0.57746,0.57803,0.57481,0.57625
2024-11-08T18:00:00+00:00,0.57624,0.57683,0.57569,0.57673
2024-11-10T22:00:00+00:00,0.57737,0.57797,0.57576,0.57748
2024-11-11T02:00:00+00:00,0.57747,0.57867,0.57693,0.57784
2024-11-11T06:00:00+00:00,0.57785,0.57869,0.57713,0.57824
2024-11-11T10:00:00+00:00,0.57822,0.57938,0.5779,0.57822
2024-11-11T14:00:00+00:00,0.57821,0.57875,0.5778,0.57815
2024-11-11T18:00:00+00:00,0.57815,0.57929,0.57761,0.5791
2024-11-11T22:00:00+00:00,0.57822,0.57973,0.57803,0.57895
2024-11-12T02:00:00+00:00,0.57894,0.57894,0.57707,0.57732
2024-11-12T06:00:00+00:00,0.57731,0.57823,0.57652,0.57747
2024-11-12T10:00:00+00:00,0.57748,0.5776,0.57603,0.57734
2024-11-12T14:00:00+00:00,0.57732,0.57754,0.57509,0.57513
2024-11-12T18:00:00+00:00,0.57515,0.57703,0.575,0.57622
2024-11-12T22:00:00+00:00,0.57619,0.57682,0.57509,0.57647
2024-11-13T02:00:00+00:00,0.57649,0.57697,0.5762,0.57674
2024-11-13T06:00:00+00:00,0.57673,0.57696,0.57558,0.57654
2024-11-13T10:00:00+00:00,0.57652,0.57663,0.57471,0.57563
2024-11-13T14:00:00+00:00,0.57564,0.57566,0.57323,0.57427
2024-11-13T18:00:00+00:00,0.57429,0.57508,0.57425,0.57466
2024-11-13T22:00:00+00:00,0.57388,0.57571,0.57316,0.57485
2024-11-14T02:00:00+00:00,0.57486,0.57493,0.57344,0.57367
2024-11-14T06:00:00+00:00,0.57366,0.57522,0.57329,0.57487
2024-11-14T10:00:00+00:00,0.57488,0.5759,0.5742,0.57537
2024-11-14T14:00:00+00:00,0.57537,0.5759,0.57429,0.57509
2024-11-14T18:00:00+00:00,0.5751,0.57533,0.5739,0.57459
2024-11-14T22:00:00+00:00,0.57379,0.57533,0.57306,0.57449
2024-11-15T02:00:00+00:00,0.57448,0.57527,0.57434,0.57471
2024-11-15T06:00:00+00:00,0.5747,0.57496,0.57308,0.57444
2024-11-15T10:00:00+00:00,0.57443,0.57514,0.57405,0.57424
2024-11-15T14:00:00+00:00,0.57425,0.57434,0.57254,0.57319
2024-11-15T18:00:00+00:00,0.57317,0.57419,0.57258,0.57405
2024-11-17T22:00:00+00:00,0.5738,0.57497,0.57282,0.57452
2024-11-18T02:00:00+00:00,0.57452,0.57506,0.57373,0.57397
2024-11-18T06:00:00+00:00,0.57397,0.57397,0.57211,0.5723
2024-11-18T10:00:00+00:00,0.57228,0.5731,0.57212,0.57265
2024-11-18T14:00:00+00:00,0.57264,0.57519,0.57258,0.57515
2024-11-18T18:00:00+00:00,0.57513,0.5753,0.57441,0.57461
2024-11-18T22:00:00+00:00,0.57576,0.57648,0.57391,0.5747
2024-11-19T02:00:00+00:00,0.57469,0.57604,0.57462,0.5751
2024-11-19T06:00:00+00:00,0.5751,0.57596,0.5729,0.57341
2024-11-19T10:00:00+00:00,0.57343,0.57405,0.57276,0.57276
2024-11-19T14:00:00+00:00,0.57275,0.57603,0.57249,0.57593
2024-11-19T18:00:00+00:00,0.57591,0.57693,0.57549,0.57627
2024-11-19T22:00:00+00:00,0.57598,0.57729,0.57508,0.57685
2024-11-20T02:00:00+00:00,0.57686,0.57719,0.57614,0.57637
2024-11-20T06:00:00+00:00,0.57636,0.57744,0.57601,0.57659
2024-11-20T10:00:00+00:00,0.57661,0.57678,0.57504,0.57515
2024-11-20T14:00:00+00:00,0.57515,0.57532,0.57326,0.57461
2024-11-20T18:00:00+00:00,0.57461,0.57574,0.57407,0.5754
2024-11-20T22:00:00+00:00,0.57542,0.57618,0.57479,0.57554
2024-11-21T02:00:00+00:00,0.57556,0.57586,0.57493,0.57508
2024-11-21T06:00:00+00:00,0.57509,0.57614,0.57456,0.57548
2024-11-21T10:00:00+00:00,0.57547,0.57672,0.57532,0.57649
2024-11-21T14:00:00+00:00,0.57651,0.57742,0.57565,0.57737
2024-11-21T18:00:00+00:00,0.57738,0.57795,0.57722,0.57752
2024-11-21T22:00:00+00:00,0.57754,0.57797,0.57703,0.57761
2024-11-22T02:00:00+00:00,0.57761,0.57787,0.57513,0.57551
2024-11-22T06:00:00+00:00,0.57551,0.57742,0.5755,0.57683
2024-11-22T10:00:00+00:00,0.57683,0.58153,0.57654,0.58079
2024-11-22T14:00:00+00:00,0.58083,0.58198,0.57987,0.58088
2024-11-22T18:00:00+00:00,0.58088,0.58163,0.58081,0.58128
2024-11-24T22:00:00+00:00,0.58193,0.58349,0.58103,0.58184
2024-11-25T02:00:00+00:00,0.58183,0.58196,0.58049,0.58079
2024-11-25T06:00:00+00:00,0.58078,0.581,0.57907,0.57915
2024-11-25T10:00:00+00:00,0.57915,0.57949,0.57844,0.57871
2024-11-25T14:00:00+00:00,0.57872,0.57875,0.57564,0.57593
2024-11-25T18:00:00+00:00,0.57594,0.57671,0.5756,0.57651
2024-11-25T22:00:00+00:00,0.57788,0.57819,0.572,0.57422
2024-11-26T02:00:00+00:00,0.57423,0.57654,0.57412,0.57561
2024-11-26T06:00:00+00:00,0.57563,0.57612,0.57408,0.57459
2024-11-26T10:00:00+00:00,0.57458,0.57576,0.57454,0.57479
2024-11-26T14:00:00+00:00,0.57479,0.57495,0.57268,0.57322
2024-11-26T18:00:00+00:00,0.57322,0.57417,0.57285,0.57404
2024-11-26T22:00:00+00:00,0.57395,0.57506,0.5721,0.57326
2024-11-27T02:00:00+00:00,0.57326,0.57427,0.57285,0.57337
2024-11-27T06:00:00+00:00,0.57339,0.57398,0.57239,0.57275
2024-11-27T10:00:00+00:00,0.57273,0.57304,0.57151,0.57268
2024-11-27T14:00:00+00:00,0.57268,0.57339,0.57125,0.57218
2024-11-27T18:00:00+00:00,0.57217,0.57333,0.57208,0.57276
2024-11-27T22:00:00+00:00,0.57166,0.57458,0.5712,0.57425
2024-11-28T02:00:00+00:00,0.57426,0.5745,0.57295,0.57328
2024-11-28T06:00:00+00:00,0.57329,0.57486,0.57245,0.57479
2024-11-28T10:00:00+00:00,0.57481,0.57495,0.57367,0.57432
2024-11-28T14:00:00+00:00,0.57433,0.57446,0.57342,0.57418
2024-11-28T18:00:00+00:00,0.57418,0.57418,0.57377,0.5739
2024-11-28T22:00:00+00:00,0.57275,0.57436,0.57263,0.57339
2024-11-29T02:00:00+00:00,0.57338,0.57483,0.5731,0.57437
2024-11-29T06:00:00+00:00,0.57436,0.57448,0.57295,0.5735
2024-11-29T10:00:00+00:00,0.57349,0.5737,0.57231,0.57275
2024-11-29T14:00:00+00:00,0.57273,0.57485,0.57238,0.57461
2024-11-29T18:00:00+00:00,0.57461,0.57495,0.57327,0.57374
2024-12-01T22:00:00+00:00,0.57362,0.57502,0.57307,0.57483
2024-12-02T02:00:00+00:00,0.57481,0.57546,0.57419,0.57506
2024-12-02T06:00:00+00:00,0.57503,0.57567,0.57429,0.57539
2024-12-02T10:00:00+00:00,0.57539,0.57571,0.57339,0.57356
2024-12-02T14:00:00+00:00,0.57356,0.57385,0.57212,0.57312
2024-12-02T18:00:00+00:00,0.57313,0.57436,0.57307,0.57414
2024-12-02T22:00:00+00:00,0.5741,0.57559,0.57323,0.57411
2024-12-03T02:00:00+00:00,0.57411,0.57507,0.57341,0.57453
2024-12-03T06:00:00+00:00,0.57452,0.57622,0.5744,0.57505
2024-12-03T10:00:00+00:00,0.57503,0.5751,0.57282,0.57303
2024-12-03T14:00:00+00:00,0.57301,0.57459,0.57212,0.57441
2024-12-03T18:00:00+00:00,0.57441,0.57508,0.57394,0.57486
2024-12-03T22:00:00+00:00,0.57424,0.57512,0.57232,0.57248
2024-12-04T02:00:00+00:00,0.57248,0.57266,0.56862,0.57089
2024-12-04T06:00:00+00:00,0.57091,0.57115,0.56931,0.56943
2024-12-04T10:00:00+00:00,0.56943,0.56956,0.56749,0.56846
2024-12-04T14:00:00+00:00,0.56846,0.5692,0.56803,0.56859
2024-12-04T18:00:00+00:00,0.56858,0.56954,0.56837,0.5685
2024-12-04T22:00:00+00:00,0.56831,0.56907,0.5677,0.56851
2024-12-05T02:00:00+00:00,0.56849,0.56903,0.56835,0.56871
2024-12-05T06:00:00+00:00,0.56871,0.57034,0.56844,0.56976
2024-12-05T10:00:00+00:00,0.56974,0.56996,0.56729,0.56805
2024-12-05T14:00:00+00:00,0.56806,0.56814,0.56588,0.56633
2024-12-05T18:00:00+00:00,0.56634,0.5671,0.56579,0.56662
2024-12-05T22:00:00+00:00,0.56832,0.56862,0.56456,0.56475
2024-12-06T02:00:00+00:00,0.56475,0.56588,0.56451,0.56552
2024-12-06T06:00:00+00:00,0.56551,0.56552,0.56444,0.56479
2024-12-06T10:00:00+00:00,0.56478,0.56479,0.56065,0.56311
2024-12-06T14:00:00+00:00,0.5631,0.56325,0.55967,0.56052
2024-12-06T18:00:00+00:00,0.56053,0.56179,0.56046,0.5615
2024-12-08T22:00:00+00:00,0.56173,0.56283,0.56136,0.56234
2024-12-09T02:00:00+00:00,0.56235,0.56297,0.56152,0.56202
2024-12-09T06:00:00+00:00,0.56203,0.56695,0.56153,0.56648
2024-12-09T10:00:00+00:00,0.5665,0.56814,0.56611,0.56791
2024-12-09T14:00:00+00:00,0.5679,0.56805,0.56632,0.56692
2024-12-09T18:00:00+00:00,0.56692,0.56696,0.5655,0.56615
2024-12-09T22:00:00+00:00,0.56615,0.56631,0.5641,0.56446
2024-12-10T02:00:00+00:00,0.56446,0.56488,0.56029,0.56111
2024-12-10T06:00:00+00:00,0.56112,0.5631,0.56093,0.56298
2024-12-10T10:00:00+00:00,0.56299,0.56344,0.56213,0.56264
2024-12-10T14:00:00+00:00,0.56263,0.56289,0.56167,0.56265
2024-12-10T18:00:00+00:00,0.56263,0.56351,0.56258,0.56289
2024-12-10T22:00:00+00:00,0.56304,0.56363,0.56224,0.56344
2024-12-11T02:00:00+00:00,0.56346,0.56421,0.56273,0.56296
2024-12-11T06:00:00+00:00,0.56295,0.56331,0.56058,0.56124
2024-12-11T10:00:00+00:00,0.56124,0.56244,0.56057,0.56162
2024-12-11T14:00:00+00:00,0.56162,0.56332,0.5615,0.56317
2024-12-11T18:00:00+00:00,0.56317,0.56382,0.56288,0.56298
2024-12-11T22:00:00+00:00,0.5632,0.56666,0.5621,0.56644
2024-12-12T02:00:00+00:00,0.56645,0.56749,0.56608,0.5672
2024-12-12T06:00:00+00:00,0.56722,0.57037,0.56574,0.56871
2024-12-12T10:00:00+00:00,0.56871,0.56917,0.56695,0.5686
2024-12-12T14:00:00+00:00,0.56861,0.56883,0.56655,0.56729
2024-12-12T18:00:00+00:00,0.5673,0.56849,0.56682,0.56808
2024-12-12T22:00:00+00:00,0.56788,0.56929,0.56675,0.56788
2024-12-13T02:00:00+00:00,0.56787,0.56856,0.5672,0.5678
2024-12-13T06:00:00+00:00,0.56781,0.5697,0.56733,0.56946
2024-12-13T10:00:00+00:00,0.56945,0.56986,0.56875,0.56926
2024-12-13T14:00:00+00:00,0.56925,0.56933,0.56707,0.56739
2024-12-13T18:00:00+00:00,0.56737,0.56815,0.56725,0.56804
2024-12-15T22:00:00+00:00,0.56663,0.56846,0.56628,0.56791
2024-12-16T02:00:00+00:00,0.56791,0.56871,0.56714,0.5677
2024-12-16T06:00:00+00:00,0.5677,0.56822,0.56664,0.56681
2024-12-16T10:00:00+00:00,0.56679,0.56825,0.56646,0.56805
2024-12-16T14:00:00+00:00,0.56805,0.56973,0.56739,0.56963
2024-12-16T18:00:00+00:00,0.56963,0.57007,0.56935,0.56986
2024-12-16T22:00:00+00:00,0.56887,0.57024,0.5687,0.56929
2024-12-17T02:00:00+00:00,0.56929,0.56963,0.56809,0.56811
2024-12-17T06:00:00+00:00,0.56812,0.56971,0.56801,0.56912
2024-12-17T10:00:00+00:00,0.56912,0.56932,0.56803,0.56871
2024-12-17T14:00:00+00:00,0.56872,0.56879,0.56547,0.56562
2024-12-17T18:00:00+00:00,0.56561,0.56596,0.56522,0.56564
2024-12-17T22:00:00+00:00,0.56578,0.56654,0.56432,0.56477
2024-12-18T02:00:00+00:00,0.56476,0.56511,0.56312,0.56339
2024-12-18T06:00:00+00:00,0.56339,0.56467,0.56316,0.56368
2024-12-18T10:00:00+00:00,0.5637,0.56532,0.56366,0.56492
2024-12-18T14:00:00+00:00,0.56492,0.56537,0.56269,0.56274
2024-12-18T18:00:00+00:00,0.56274,0.56316,0.55987,0.56029
2024-12-18T22:00:00+00:00,0.5603,0.56111,0.55868,0.56016
2024-12-19T02:00:00+00:00,0.56015,0.56168,0.55918,0.55929
2024-12-19T06:00:00+00:00,0.55928,0.56124,0.55906,0.55954
2024-12-19T10:00:00+00:00,0.55953,0.56124,0.5593,0.561
2024-12-19T14:00:00+00:00,0.56098,0.56263,0.56095,0.56192
2024-12-19T18:00:00+00:00,0.56192,0.56192,0.56038,0.56076
2024-12-19T22:00:00+00:00,0.55923,0.56137,0.55866,0.5595
2024-12-20T02:00:00+00:00,0.55949,0.5597,0.5582,0.5588
2024-12-20T06:00:00+00:00,0.55881,0.56062,0.55794,0.55806
2024-12-20T10:00:00+00:00,0.55804,0.55829,0.55655,0.55747
2024-12-20T14:00:00+00:00,0.55746,0.5598,0.5571,0.55903
2024-12-20T18:00:00+00:00,0.55902,0.55919,0.55809,0.55828
2024-12-22T22:00:00+00:00,0.55865,0.5591,0.5575,0.55865
2024-12-23T02:00:00+00:00,0.55864,0.55953,0.5581,0.55952
2024-12-23T06:00:00+00:00,0.55954,0.56066,0.55846,0.56047
2024-12-23T10:00:00+00:00,0.56047,0.56058,0.55892,0.55892
2024-12-23T14:00:00+00:00,0.55894,0.5619,0.55893,0.56154
2024-12-23T18:00:00+00:00,0.56154,0.56178,0.5612,0.56149
2024-12-23T22:00:00+00:00,0.56152,0.56251,0.56015,0.56049
2024-12-24T02:00:00+00:00,0.56049,0.56124,0.55993,0.56085
2024-12-24T06:00:00+00:00,0.56085,0.56207,0.56062,0.5617
2024-12-24T10:00:00+00:00,0.56168,0.56171,0.56039,0.56124
2024-12-24T14:00:00+00:00,0.56123,0.56208,0.56082,0.5612
2024-12-24T18:00:00+00:00,0.5612,0.56256,0.56048,0.56147
2024-12-24T22:00:00+00:00,0.56139,0.56208,0.56065,0.56111
2024-12-25T02:00:00+00:00,0.56084,0.56177,0.56069,0.56071
2024-12-25T06:00:00+00:00,0.56083,0.56204,0.56008,0.56194
2024-12-25T22:00:00+00:00,0.56147,0.56282,0.56058,0.56167
2024-12-26T02:00:00+00:00,0.56165,0.56258,0.56116,0.56125
2024-12-26T06:00:00+00:00,0.56124,0.56144,0.55991,0.56012
2024-12-26T10:00:00+00:00,0.56011,0.56119,0.56004,0.56073
2024-12-26T14:00:00+00:00,0.56073,0.56105,0.55947,0.55966
2024-12-26T18:00:00+00:00,0.55965,0.55986,0.55893,0.5591
2024-12-26T22:00:00+00:00,0.55903,0.56055,0.55858,0.55936
2024-12-27T02:00:00+00:00,0.55935,0.5595,0.55826,0.55829
2024-12-27T06:00:00+00:00,0.55829,0.56053,0.55827,0.55878
2024-12-27T10:00:00+00:00,0.5588,0.56051,0.55857,0.56027
2024-12-27T14:00:00+00:00,0.56027,0.56044,0.55897,0.56024
2024-12-27T18:00:00+00:00,0.56022,0.56124,0.56021,0.56046
2024-12-29T22:00:00+00:00,0.56045,0.5621,0.5598,0.56191
2024-12-30T02:00:00+00:00,0.56192,0.56333,0.56162,0.56295
2024-12-30T06:00:00+00:00,0.56293,0.5632,0.56132,0.56132
2024-12-30T10:00:00+00:00,0.56133,0.56363,0.56106,0.56319
2024-12-30T14:00:00+00:00,0.56316,0.56403,0.56224,0.56354
2024-12-30T18:00:00+00:00,0.56353,0.56369,0.56195,0.5624
2024-12-30T22:00:00+00:00,0.56351,0.56405,0.56122,0.56234
2024-12-31T02:00:00+00:00,0.56234,0.56237,0.56068,0.56134
2024-12-31T06:00:00+00:00,0.56134,0.56232,0.56072,0.56207
2024-12-31T10:00:00+00:00,0.56207,0.56231,0.56068,0.56129
2024-12-31T14:00:00+00:00,0.56129,0.5623,0.56024,0.56147
2024-12-31T18:00:00+00:00,0.56147,0.56216,0.56129,0.56158
2025-01-01T22:00:00+00:00,0.56068,0.56354,0.55968,0.56283
2025-01-02T02:00:00+00:00,0.56283,0.56327,0.56197,0.56261
2025-01-02T06:00:00+00:00,0.56261,0.56266,0.56122,0.56259
2025-01-02T10:00:00+00:00,0.56261,0.56483,0.56222,0.56482
2025-01-02T14:00:00+00:00,0.56482,0.56691,0.56451,0.56587
2025-01-02T18:00:00+00:00,0.56588,0.56645,0.56498,0.56604
2025-01-02T22:00:00+00:00,0.56611,0.56688,0.56499,0.56625
2025-01-03T02:00:00+00:00,0.56624,0.56708,0.56588,0.56659
2025-01-03T06:00:00+00:00,0.56658,0.56692,0.56472,0.56491
2025-01-03T10:00:00+00:00,0.5649,0.56584,0.56482,0.56533
2025-01-03T14:00:00+00:00,0.56534,0.56566,0.56401,0.56475
2025-01-03T18:00:00+00:00,0.56473,0.56532,0.56459,0.56484
2025-01-05T22:00:00+00:00,0.56462,0.56755,0.56398,0.56661
2025-01-06T02:00:00+00:00,0.56661,0.567,0.56562,0.56663
2025-01-06T06:00:00+00:00,0.56662,0.56696,0.56551,0.56584
2025-01-06T10:00:00+00:00,0.56585,0.56804,0.56527,0.56756
2025-01-06T14:00:00+00:00,0.56756,0.56793,0.5641,0.56424
2025-01-06T18:00:00+00:00,0.56425,0.56515,0.56412,0.56507
2025-01-06T22:00:00+00:00,0.56512,0.56627,0.56438,0.56588
2025-01-07T02:00:00+00:00,0.56587,0.5666,0.56558,0.56651
2025-01-07T06:00:00+00:00,0.56652,0.56828,0.56601,0.56813
2025-01-07T10:00:00+00:00,0.56815,0.56984,0.56814,0.56885
2025-01-07T14:00:00+00:00,0.56883,0.56917,0.56641,0.56678
2025-01-07T18:00:00+00:00,0.56679,0.5672,0.56608,0.56669
2025-01-07T22:00:00+00:00,0.56683,0.5673,0.56486,0.56571
2025-01-08T02:00:00+00:00,0.56572,0.56691,0.56555,0.56654
2025-01-08T06:00:00+00:00,0.56652,0.56798,0.56631,0.56728
2025-01-08T10:00:00+00:00,0.56728,0.56739,0.56442,0.56479
2025-01-08T14:00:00+00:00,0.56479,0.56635,0.56461,0.56576
2025-01-08T18:00:00+00:00,0.56578,0.56674,0.56573,0.56622
2025-01-08T22:00:00+00:00,0.56621,0.56663,0.56452,0.56479
2025-01-09T02:00:00+00:00,0.56479,0.56526,0.56412,0.56464
2025-01-09T06:00:00+00:00,0.56466,0.56525,0.56346,0.56441
2025-01-09T10:00:00+00:00,0.5644,0.56587,0.56424,0.56476
2025-01-09T14:00:00+00:00,0.56476,0.56571,0.56459,0.56544
2025-01-09T18:00:00+00:00,0.56543,0.56566,0.56484,0.5651
2025-01-09T22:00:00+00:00,0.56506,0.56577,0.56448,0.56528
2025-01-10T02:00:00+00:00,0.56527,0.56576,0.56471,0.56533
2025-01-10T06:00:00+00:00,0.56533,0.56563,0.56422,0.56479
2025-01-10T10:00:00+00:00,0.56479,0.56603,0.56339,0.56407
2025-01-10T14:00:00+00:00,0.5641,0.56506,0.56333,0.56408
2025-01-10T18:00:00+00:00,0.56408,0.56466,0.56289,0.56312
2025-01-12T22:00:00+00:00,0.56347,0.56488,0.56291,0.56445
2025-01-13T02:00:00+00:00,0.56446,0.56488,0.56271,0.563
2025-01-13T06:00:00+00:00,0.563,0.56423,0.56283,0.56285
2025-01-13T10:00:00+00:00,0.56285,0.56408,0.56282,0.56378
2025-01-13T14:00:00+00:00,0.56381,0.56605,0.56357,0.56569
2025-01-13T18:00:00+00:00,0.5657,0.56659,0.56536,0.56642
2025-01-13T22:00:00+00:00,0.56661,0.56795,0.56543,0.56715
2025-01-14T02:00:00+00:00,0.56717,0.56726,0.56633,0.56648
2025-01-14T06:00:00+00:00,0.56647,0.56751,0.56639,0.56699
2025-01-14T10:00:00+00:00,0.56702,0.56727,0.56542,0.56577
2025-01-14T14:00:00+00:00,0.56577,0.56715,0.56475,0.56522
2025-01-14T18:00:00+00:00,0.5652,0.56556,0.56429,0.5653
2025-01-14T22:00:00+00:00,0.56501,0.56659,0.56409,0.5645
2025-01-15T02:00:00+00:00,0.56449,0.56525,0.5642,0.56467
2025-01-15T06:00:00+00:00,0.56466,0.56611,0.56442,0.56591
2025-01-15T10:00:00+00:00,0.5659,0.56788,0.56455,0.56773
2025-01-15T14:00:00+00:00,0.56772,0.56831,0.56709,0.56798
2025-01-15T18:00:00+00:00,0.568,0.56869,0.5679,0.56833
2025-01-15T22:00:00+00:00,0.56818,0.56975,0.5674,0.56769
2025-01-16T02:00:00+00:00,0.56769,0.56789,0.56546,0.56583
2025-01-16T06:00:00+00:00,0.56582,0.56712,0.56581,0.56612
2025-01-16T10:00:00+00:00,0.56611,0.56661,0.56525,0.5661
2025-01-16T14:00:00+00:00,0.56611,0.56735,0.56595,0.56631
2025-01-16T18:00:00+00:00,0.5663,0.56655,0.56556,0.5659
2025-01-16T22:00:00+00:00,0.56579,0.56683,0.56481,0.56547
2025-01-17T02:00:00+00:00,0.56548,0.56621,0.56463,0.56537
2025-01-17T06:00:00+00:00,0.56536,0.56635,0.56487,0.5652
2025-01-17T10:00:00+00:00,0.5652,0.56564,0.56371,0.56411
2025-01-17T14:00:00+00:00,0.56409,0.56839,0.56361,0.56753
2025-01-17T18:00:00+00:00,0.56751,0.56767,0.56639,0.56656
2025-01-19T22:00:00+00:00,0.5662,0.56727,0.56559,0.56722
2025-01-20T02:00:00+00:00,0.56724,0.56764,0.56667,0.56671
2025-01-20T06:00:00+00:00,0.56671,0.56781,0.56611,0.56652
2025-01-20T10:00:00+00:00,0.56651,0.56978,0.56611,0.56946
2025-01-20T14:00:00+00:00,0.56945,0.57059,0.56709,0.56801
2025-01-20T18:00:00+00:00,0.56801,0.56917,0.56788,0.56898
2025-01-20T22:00:00+00:00,0.56878,0.56983,0.56464,0.56598
2025-01-21T02:00:00+00:00,0.56598,0.5675,0.56573,0.5659
2025-01-21T06:00:00+00:00,0.56588,0.56757,0.56576,0.56749
2025-01-21T10:00:00+00:00,0.5675,0.56774,0.56637,0.56727
2025-01-21T14:00:00+00:00,0.56727,0.56889,0.56711,0.56864
2025-01-21T18:00:00+00:00,0.56865,0.56888,0.5679,0.56826
2025-01-21T22:00:00+00:00,0.56842,0.56891,0.5674,0.56793
2025-01-22T02:00:00+00:00,0.56791,0.56838,0.56776,0.56811
2025-01-22T06:00:00+00:00,0.56811,0.56875,0.5671,0.56832
2025-01-22T10:00:00+00:00,0.56829,0.56946,0.568,0.56925
2025-01-22T14:00:00+00:00,0.56927,0.56951,0.56825,0.56912
2025-01-22T18:00:00+00:00,0.5691,0.56943,0.56855,0.56876
2025-01-22T22:00:00+00:00,0.56825,0.5694,0.56718,0.56858
2025-01-23T02:00:00+00:00,0.56856,0.56891,0.56821,0.56848
2025-01-23T06:00:00+00:00,0.56848,0.56862,0.56768,0.56823
2025-01-23T10:00:00+00:00,0.56825,0.56942,0.56801,0.56912
2025-01-23T14:00:00+00:00,0.56914,0.57086,0.56913,0.57063
2025-01-23T18:00:00+00:00,0.57064,0.57075,0.56981,0.57018
2025-01-23T22:00:00+00:00,0.57027,0.57135,0.56922,0.5699
2025-01-24T02:00:00+00:00,0.56991,0.57243,0.56985,0.57234
2025-01-24T06:00:00+00:00,0.57234,0.57268,0.57086,0.57167
2025-01-24T10:00:00+00:00,0.57168,0.57258,0.57122,0.57139
2025-01-24T14:00:00+00:00,0.5714,0.57238,0.57121,0.57186
2025-01-24T18:00:00+00:00,0.57186,0.57227,0.57164,0.57208
2025-01-26T22:00:00+00:00,0.57071,0.57154,0.56986,0.57
2025-01-27T02:00:00+00:00,0.56998,0.57103,0.56982,0.57042
2025-01-27T06:00:00+00:00,0.57043,0.5706,0.56719,0.56729
2025-01-27T10:00:00+00:00,0.56727,0.56733,0.56479,0.56551
2025-01-27T14:00:00+00:00,0.56549,0.56631,0.56507,0.56561
2025-01-27T18:00:00+00:00,0.56559,0.56794,0.56553,0.56747
2025-01-27T22:00:00+00:00,0.56723,0.56781,0.56585,0.56622
2025-01-28T02:00:00+00:00,0.56617,0.56698,0.56561,0.56604
2025-01-28T06:00:00+00:00,0.56605,0.56694,0.56571,0.56642
2025-01-28T10:00:00+00:00,0.56642,0.56674,0.56512,0.56529
2025-01-28T14:00:00+00:00,0.56529,0.56591,0.56468,0.56507
2025-01-28T18:00:00+00:00,0.56507,0.56575,0.56496,0.56544
2025-01-28T22:00:00+00:00,0.56506,0.56598,0.56288,0.56349
2025-01-29T02:00:00+00:00,0.5635,0.56428,0.56306,0.56425
2025-01-29T06:00:00+00:00,0.56427,0.56489,0.56407,0.56431
2025-01-29T10:00:00+00:00,0.56432,0.56463,0.56385,0.56427
2025-01-29T14:00:00+00:00,0.56428,0.56581,0.56395,0.56505
2025-01-29T18:00:00+00:00,0.56506,0.56603,0.56448,0.56512
2025-01-29T22:00:00+00:00,0.56505,0.56585,0.56447,0.56563
2025-01-30T02:00:00+00:00,0.56563,0.56584,0.56375,0.5638
2025-01-30T06:00:00+00:00,0.56379,0.56563,0.56361,0.56521
2025-01-30T10:00:00+00:00,0.5652,0.56594,0.56444,0.56527
2025-01-30T14:00:00+00:00,0.56527,0.56627,0.56449,0.56616
2025-01-30T18:00:00+00:00,0.56618,0.5668,0.56432,0.56489
2025-01-30T22:00:00+00:00,0.56415,0.56559,0.56363,0.56537
2025-01-31T02:00:00+00:00,0.56536,0.56686,0.56523,0.5664
2025-01-31T06:00:00+00:00,0.56639,0.56736,0.56636,0.56679
2025-01-31T10:00:00+00:00,0.56678,0.56688,0.56552,0.56604
2025-01-31T14:00:00+00:00,0.56603,0.56841,0.56534,0.568
2025-01-31T18:00:00+00:00,0.568,0.56808,0.56532,0.566
2025-02-02T22:00:00+00:00,0.56366,0.56466,0.56,0.56014
2025-02-03T02:00:00+00:00,0.56014,0.56123,0.55776,0.56076
2025-02-03T06:00:00+00:00,0.56076,0.56446,0.56064,0.5634
2025-02-03T10:00:00+00:00,0.5634,0.56408,0.56245,0.56363
2025-02-03T14:00:00+00:00,0.56364,0.56529,0.56104,0.56462
2025-02-03T18:00:00+00:00,0.56461,0.56742,0.56407,0.56684
2025-02-03T22:00:00+00:00,0.568,0.56851,0.56563,0.56608
2025-02-04T02:00:00+00:00,0.56608,0.56639,0.56315,0.56454
2025-02-04T06:00:00+00:00,0.56457,0.56615,0.56406,0.56465
2025-02-04T10:00:00+00:00,0.56466,0.56509,0.56394,0.56489
2025-02-04T14:00:00+00:00,0.56488,0.56685,0.56429,0.56611
2025-02-04T18:00:00+00:00,0.5661,0.5666,0.56591,0.5662
2025-02-04T22:00:00+00:00,0.56617,0.56678,0.56546,0.56557
2025-02-05T02:00:00+00:00,0.56555,0.5663,0.5651,0.56628
2025-02-05T06:00:00+00:00,0.56625,0.56781,0.5657,0.56669
2025-02-05T10:00:00+00:00,0.56671,0.56732,0.56629,0.56685
2025-02-05T14:00:00+00:00,0.56685,0.56729,0.56603,0.56671
2025-02-05T18:00:00+00:00,0.56669,0.56702,0.56614,0.56692
2025-02-05T22:00:00+00:00,0.56692,0.56693,0.56604,0.56625
2025-02-06T02:00:00+00:00,0.56624,0.56624,0.56505,0.56547
2025-02-06T06:00:00+00:00,0.56546,0.56686,0.56544,0.56686
2025-02-06T10:00:00+00:00,0.56688,0.56745,0.56655,0.56703
2025-02-06T14:00:00+00:00,0.56705,0.56882,0.56703,0.56873
2025-02-06T18:00:00+00:00,0.56873,0.5689,0.5681,0.56863
2025-02-06T22:00:00+00:00,0.56749,0.56978,0.56679,0.56963
2025-02-07T02:00:00+00:00,0.56963,0.57025,0.56905,0.56911
2025-02-07T06:00:00+00:00,0.5691,0.57048,0.56905,0.5702
2025-02-07T10:00:00+00:00,0.57022,0.57122,0.56942,0.57068
2025-02-07T14:00:00+00:00,0.57071,0.57164,0.56933,0.57065
2025-02-07T18:00:00+00:00,0.57062,0.57122,0.5701,0.57066
2025-02-09T22:00:00+00:00,0.56794,0.57112,0.56787,0.57029
2025-02-10T02:00:00+00:00,0.57029,0.57181,0.57017,0.5714
2025-02-10T06:00:00+00:00,0.57139,0.57208,0.57068,0.57151
2025-02-10T10:00:00+00:00,0.5715,0.57193,0.57096,0.5717
2025-02-10T14:00:00+00:00,0.57171,0.57237,0.57136,0.57195
2025-02-10T18:00:00+00:00,0.57194,0.57242,0.5719,0.57213
2025-02-10T22:00:00+00:00,0.57204,0.57298,0.57104,0.57159
2025-02-11T02:00:00+00:00,0.57161,0.57222,0.57079,0.57217
2025-02-11T06:00:00+00:00,0.57215,0.57323,0.57204,0.57233
2025-02-11T10:00:00+00:00,0.57232,0.57376,0.57187,0.57347
2025-02-11T14:00:00+00:00,0.57347,0.57483,0.57337,0.57449
2025-02-11T18:00:00+00:00,0.5745,0.5752,0.57444,0.57498
2025-02-11T22:00:00+00:00,0.57495,0.5753,0.57339,0.57525
2025-02-12T02:00:00+00:00,0.57526,0.57594,0.57432,0.57452
2025-02-12T06:00:00+00:00,0.57454,0.57466,0.57144,0.57162
2025-02-12T10:00:00+00:00,0.57162,0.57307,0.57007,0.57097
2025-02-12T14:00:00+00:00,0.57095,0.57479,0.57039,0.57466
2025-02-12T18:00:00+00:00,0.57466,0.57496,0.57347,0.57377
2025-02-12T22:00:00+00:00,0.57295,0.57408,0.57264,0.57368
2025-02-13T02:00:00+00:00,0.57367,0.57422,0.57284,0.57384
2025-02-13T06:00:00+00:00,0.57384,0.57387,0.56855,0.56902
2025-02-13T10:00:00+00:00,0.56902,0.56924,0.56777,0.56842
2025-02-13T14:00:00+00:00,0.56842,0.57024,0.56808,0.56871
2025-02-13T18:00:00+00:00,0.56871,0.57097,0.56818,0.57051
2025-02-13T22:00:00+00:00,0.57052,0.57282,0.5698,0.57092
2025-02-14T02:00:00+00:00,0.57092,0.57177,0.57076,0.5715
2025-02-14T06:00:00+00:00,0.57151,0.573,0.57131,0.57187
2025-02-14T10:00:00+00:00,0.57188,0.57221,0.5709,0.57116
2025-02-14T14:00:00+00:00,0.57114,0.57181,0.57071,0.57109
2025-02-14T18:00:00+00:00,0.57107,0.57204,0.57091,0.57164
2025-02-16T22:00:00+00:00,0.57034,0.57315,0.5701,0.57269
2025-02-17T02:00:00+00:00,0.57271,0.57363,0.57199,0.5733
2025-02-17T06:00:00+00:00,0.57332,0.57367,0.57215,0.57326
2025-02-17T10:00:00+00:00,0.57325,0.57386,0.57295,0.5735
2025-02-17T14:00:00+00:00,0.57349,0.57379,0.57303,0.57325
2025-02-17T18:00:00+00:00,0.57325,0.57349,0.57223,0.57233
2025-02-17T22:00:00+00:00,0.57229,0.57299,0.57151,0.5718
2025-02-18T02:00:00+00:00,0.57181,0.57433,0.57126,0.57413
2025-02-18T06:00:00+00:00,0.57412,0.57435,0.57204,0.57271
2025-02-18T10:00:00+00:00,0.57273,0.57351,0.57191,0.57205
2025-02-18T14:00:00+00:00,0.57204,0.57339,0.57197,0.57329
2025-02-18T18:00:00+00:00,0.5733,0.57418,0.57327,0.57397
2025-02-18T22:00:00+00:00,0.57414,0.57504,0.57241,0.57405
2025-02-19T02:00:00+00:00,0.57405,0.57506,0.57363,0.57491
2025-02-19T06:00:00+00:00,0.5749,0.57576,0.57456,0.57502
2025-02-19T10:00:00+00:00,0.57503,0.57527,0.57354,0.57376
2025-02-19T14:00:00+00:00,0.57376,0.57471,0.57261,0.57383
2025-02-19T18:00:00+00:00,0.57381,0.57428,0.57322,0.57395
2025-02-19T22:00:00+00:00,0.57395,0.57483,0.57201,0.57236
2025-02-20T02:00:00+00:00,0.57236,0.57479,0.57212,0.57431
2025-02-20T06:00:00+00:00,0.57432,0.57557,0.57411,0.57515
2025-02-20T10:00:00+00:00,0.57516,0.57556,0.57481,0.57509
2025-02-20T14:00:00+00:00,0.57509,0.57628,0.57462,0.57464
2025-02-20T18:00:00+00:00,0.57462,0.57501,0.57451,0.57469
2025-02-20T22:00:00+00:00,0.57468,0.57557,0.57403,0.57482
2025-02-21T02:00:00+00:00,0.57482,0.5757,0.57413,0.57422
2025-02-21T06:00:00+00:00,0.57421,0.57462,0.5729,0.57408
2025-02-21T10:00:00+00:00,0.57408,0.5748,0.57394,0.57431
2025-02-21T14:00:00+00:00,0.57432,0.57469,0.57184,0.57191
2025-02-21T18:00:00+00:00,0.5719,0.57191,0.56985,0.57066
2025-02-23T22:00:00+00:00,0.57115,0.57256,0.57048,0.57071
2025-02-24T02:00:00+00:00,0.57068,0.57246,0.57053,0.57147
2025-02-24T06:00:00+00:00,0.57146,0.57272,0.57056,0.57239
2025-02-24T10:00:00+00:00,0.57241,0.57306,0.57188,0.57229
2025-02-24T14:00:00+00:00,0.57231,0.57249,0.56876,0.57031
2025-02-24T18:00:00+00:00,0.57031,0.57052,0.5691,0.56961
2025-02-24T22:00:00+00:00,0.56962,0.57038,0.56869,0.56938
2025-02-25T02:00:00+00:00,0.56937,0.57023,0.56923,0.5701
2025-02-25T06:00:00+00:00,0.57008,0.57018,0.56748,0.56753
2025-02-25T10:00:00+00:00,0.56754,0.56817,0.56669,0.56713
2025-02-25T14:00:00+00:00,0.56712,0.56726,0.56391,0.56537
2025-02-25T18:00:00+00:00,0.56537,0.56669,0.56519,0.56657
2025-02-25T22:00:00+00:00,0.56661,0.56714,0.56492,0.56577
2025-02-26T02:00:00+00:00,0.56578,0.56599,0.56493,0.56574
2025-02-26T06:00:00+00:00,0.56575,0.56697,0.56559,0.56577
2025-02-26T10:00:00+00:00,0.56576,0.56603,0.56412,0.56427
2025-02-26T14:00:00+00:00,0.56426,0.56544,0.56311,0.56476
2025-02-26T18:00:00+00:00,0.56475,0.56492,0.56317,0.56418
2025-02-26T22:00:00+00:00,0.56395,0.56503,0.56377,0.56454
2025-02-27T02:00:00+00:00,0.56457,0.56508,0.56373,0.56441
2025-02-27T06:00:00+00:00,0.56442,0.56578,0.56376,0.56566
2025-02-27T10:00:00+00:00,0.56568,0.56621,0.56359,0.56404
2025-02-27T14:00:00+00:00,0.56405,0.56442,0.56151,0.56175
2025-02-27T18:00:00+00:00,0.56174,0.56259,0.56066,0.56098
2025-02-27T22:00:00+00:00,0.56099,0.56134,0.55922,0.55923
2025-02-28T02:00:00+00:00,0.55922,0.55953,0.55817,0.55883
2025-02-28T06:00:00+00:00,0.55884,0.56075,0.55868,0.56049
2025-02-28T10:00:00+00:00,0.56049,0.56145,0.56024,0.56045
2025-02-28T14:00:00+00:00,0.56044,0.56143,0.55943,0.55973
2025-02-28T18:00:00+00:00,0.55971,0.56083,0.5589,0.56063
2025-03-02T22:00:00+00:00,0.56107,0.56224,0.56037,0.56174
2025-03-03T02:00:00+00:00,0.56173,0.56194,0.56004,0.56085
2025-03-03T06:00:00+00:00,0.56082,0.56146,0.55992,0.56067
2025-03-03T10:00:00+00:00,0.56082,0.56159,0.56049,0.56088
2025-03-03T14:00:00+00:00,0.5609,0.56158,0.56005,0.56032
2025-03-03T18:00:00+00:00,0.56032,0.56038,0.55618,0.55825
2025-03-03T22:00:00+00:00,0.55829,0.55876,0.55581,0.55632
2025-03-04T02:00:00+00:00,0.55632,0.55665,0.55444,0.55565
2025-03-04T06:00:00+00:00,0.55567,0.55654,0.55334,0.55468
2025-03-04T10:00:00+00:00,0.55468,0.55516,0.55342,0.55349
2025-03-04T14:00:00+00:00,0.55346,0.55478,0.55149,0.55307
2025-03-04T18:00:00+00:00,0.55303,0.55808,0.55299,0.558
2025-03-04T22:00:00+00:00,0.55798,0.55892,0.55566,0.55683
2025-03-05T02:00:00+00:00,0.55685,0.55714,0.55547,0.55636
2025-03-05T06:00:00+00:00,0.55636,0.55829,0.55594,0.55661
2025-03-05T10:00:00+00:00,0.55662,0.55916,0.55618,0.55909
2025-03-05T14:00:00+00:00,0.55909,0.56351,0.55883,0.56327
2025-03-05T18:00:00+00:00,0.56329,0.565,0.56239,0.5643
2025-03-05T22:00:00+00:00,0.56428,0.56564,0.56305,0.5655
2025-03-06T02:00:00+00:00,0.56551,0.56617,0.56456,0.56457
2025-03-06T06:00:00+00:00,0.56456,0.56501,0.56085,0.56113
2025-03-06T10:00:00+00:00,0.56113,0.56239,0.56029,0.56032
2025-03-06T14:00:00+00:00,0.56032,0.56306,0.5594,0.56072
2025-03-06T18:00:00+00:00,0.56069,0.56079,0.55885,0.5598
2025-03-06T22:00:00+00:00,0.55989,0.56072,0.5575,0.55788
2025-03-07T02:00:00+00:00,0.55787,0.5579,0.55541,0.55541
2025-03-07T06:00:00+00:00,0.5554,0.55598,0.55387,0.55469
2025-03-07T10:00:00+00:00,0.55468,0.55544,0.55217,0.55265
2025-03-07T14:00:00+00:00,0.55268,0.55572,0.55148,0.55318
2025-03-07T18:00:00+00:00,0.55317,0.55554,0.55313,0.55498
2025-03-09T21:00:00+00:00,0.55527,0.55633,0.55234,0.55341
2025-03-10T01:00:00+00:00,0.55344,0.55502,0.55333,0.55424
2025-03-10T05:00:00+00:00,0.55422,0.55648,0.55414,0.55473
2025-03-10T09:00:00+00:00,0.55473,0.55557,0.55398,0.55483
2025-03-10T13:00:00+00:00,0.55483,0.55612,0.55336,0.55543
2025-03-10T17:00:00+00:00,0.55541,0.55546,0.55187,0.55295
2025-03-10T21:00:00+00:00,0.55234,0.5537,0.55066,0.55127
2025-03-11T01:00:00+00:00,0.55125,0.55261,0.54944,0.55177
2025-03-11T05:00:00+00:00,0.55176,0.55421,0.55095,0.5539
2025-03-11T09:00:00+00:00,0.55391,0.55499,0.55363,0.55392
2025-03-11T13:00:00+00:00,0.55394,0.55499,0.55092,0.55362
2025-03-11T17:00:00+00:00,0.55361,0.5568,0.55249,0.556
2025-03-11T21:00:00+00:00,0.55505,0.55656,0.55427,0.55611
2025-03-12T01:00:00+00:00,0.5561,0.55623,0.55527,0.55573
2025-03-12T05:00:00+00:00,0.55575,0.55607,0.55404,0.55533
2025-03-12T09:00:00+00:00,0.55533,0.55662,0.55423,0.55541
2025-03-12T13:00:00+00:00,0.5554,0.55758,0.55482,0.55696
2025-03-12T17:00:00+00:00,0.55696,0.55772,0.55639,0.55712
2025-03-12T21:00:00+00:00,0.55794,0.5585,0.55678,0.55754
2025-03-13T01:00:00+00:00,0.55754,0.55776,0.55602,0.55615
2025-03-13T05:00:00+00:00,0.55613,0.55631,0.55414,0.55458
2025-03-13T09:00:00+00:00,0.55459,0.55577,0.55396,0.55475
2025-03-13T13:00:00+00:00,0.55473,0.55726,0.55421,0.55639
2025-03-13T17:00:00+00:00,0.55639,0.55645,0.554,0.55421
2025-03-13T21:00:00+00:00,0.55469,0.55534,0.5536,0.55511
2025-03-14T01:00:00+00:00,0.55512,0.5565,0.55509,0.5564
2025-03-14T05:00:00+00:00,0.55638,0.55772,0.556,0.55759
2025-03-14T09:00:00+00:00,0.55761,0.56006,0.55693,0.55956
2025-03-14T13:00:00+00:00,0.55954,0.56029,0.5587,0.55946
2025-03-14T17:00:00+00:00,0.55942,0.56034,0.55932,0.55981
2025-03-16T21:00:00+00:00,0.5594,0.56045,0.55881,0.55985
2025-03-17T01:00:00+00:00,0.55987,0.56031,0.55923,0.55954
2025-03-17T05:00:00+00:00,0.55956,0.56048,0.55916,0.56012
2025-03-17T09:00:00+00:00,0.56014,0.56078,0.55944,0.5599
2025-03-17T13:00:00+00:00,0.55991,0.56193,0.55981,0.56168
2025-03-17T17:00:00+00:00,0.56168,0.56284,0.56147,0.56239
2025-03-17T21:00:00+00:00,0.56194,0.56282,0.5613,0.56239
2025-03-18T01:00:00+00:00,0.56241,0.56313,0.56099,0.56157
2025-03-18T05:00:00+00:00,0.56159,0.56292,0.56113,0.56188
2025-03-18T09:00:00+00:00,0.5619,0.56208,0.55994,0.56002
2025-03-18T13:00:00+00:00,0.56001,0.56035,0.55714,0.55766
2025-03-18T17:00:00+00:00,0.55766,0.55792,0.55692,0.55765
2025-03-18T21:00:00+00:00,0.5588,0.55903,0.55734,0.55822
2025-03-19T01:00:00+00:00,0.55824,0.55835,0.55758,0.55763
2025-03-19T05:00:00+00:00,0.55763,0.5581,0.55481,0.55495
2025-03-19T09:00:00+00:00,0.55494,0.55717,0.55442,0.55686
2025-03-19T13:00:00+00:00,0.55683,0.55785,0.55642,0.55702
2025-03-19T17:00:00+00:00,0.55703,0.55862,0.55645,0.558
2025-03-19T21:00:00+00:00,0.55856,0.55862,0.5549,0.55594
2025-03-20T01:00:00+00:00,0.55593,0.55665,0.55498,0.55627
2025-03-20T05:00:00+00:00,0.55627,0.55651,0.55354,0.55588
2025-03-20T09:00:00+00:00,0.5559,0.55656,0.55334,0.55495
2025-03-20T13:00:00+00:00,0.55495,0.55646,0.5538,0.55495
2025-03-20T17:00:00+00:00,0.55496,0.55624,0.55475,0.55585
2025-03-20T21:00:00+00:00,0.55612,0.55648,0.5551,0.5559
2025-03-21T01:00:00+00:00,0.55591,0.55622,0.55526,0.55567
2025-03-21T05:00:00+00:00,0.55565,0.55662,0.55549,0.556
2025-03-21T09:00:00+00:00,0.55599,0.55605,0.55367,0.55378
2025-03-21T13:00:00+00:00,0.55377,0.55434,0.5529,0.55429
2025-03-21T17:00:00+00:00,0.55429,0.55452,0.55357,0.55388
2025-03-23T21:00:00+00:00,0.55403,0.55581,0.55346,0.55571
2025-03-24T01:00:00+00:00,0.5557,0.55591,0.55441,0.55481
2025-03-24T05:00:00+00:00,0.55483,0.55568,0.55456,0.55542
2025-03-24T09:00:00+00:00,0.55543,0.55577,0.55385,0.55414
2025-03-24T13:00:00+00:00,0.55412,0.55593,0.55393,0.55405
2025-03-24T17:00:00+00:00,0.55405,0.55534,0.55389,0.555
2025-03-24T21:00:00+00:00,0.55514,0.55561,0.55458,0.55493
2025-03-25T01:00:00+00:00,0.55492,0.55576,0.55487,0.555
2025-03-25T05:00:00+00:00,0.55499,0.55607,0.55491,0.55553
2025-03-25T09:00:00+00:00,0.5555,0.5575,0.55541,0.55677
2025-03-25T13:00:00+00:00,0.55678,0.55714,0.55507,0.5558
2025-03-25T17:00:00+00:00,0.5558,0.55649,0.55549,0.55638
2025-03-25T21:00:00+00:00,0.55645,0.5572,0.55546,0.55547
2025-03-26T01:00:00+00:00,0.55549,0.55778,0.55465,0.55773
2025-03-26T05:00:00+00:00,0.5577,0.55888,0.55741,0.55854
2025-03-26T09:00:00+00:00,0.55855,0.55941,0.55787,0.55825
2025-03-26T13:00:00+00:00,0.55825,0.55849,0.55657,0.55699
2025-03-26T17:00:00+00:00,0.55698,0.55717,0.55587,0.5566
2025-03-26T21:00:00+00:00,0.55659,0.55726,0.55514,0.55588
2025-03-27T01:00:00+00:00,0.5559,0.55733,0.55558,0.55713
2025-03-27T05:00:00+00:00,0.55712,0.55824,0.55629,0.55795
2025-03-27T09:00:00+00:00,0.55797,0.55873,0.55695,0.55707
2025-03-27T13:00:00+00:00,0.55707,0.55713,0.55563,0.55581
2025-03-27T17:00:00+00:00,0.55582,0.55627,0.55561,0.55588
2025-03-27T21:00:00+00:00,0.55618,0.55716,0.55494,0.55536
2025-03-28T01:00:00+00:00,0.55536,0.55549,0.55426,0.55443
2025-03-28T05:00:00+00:00,0.55444,0.5558,0.55429,0.5556
2025-03-28T09:00:00+00:00,0.55561,0.55621,0.55532,0.55604
2025-03-28T13:00:00+00:00,0.55605,0.5569,0.55371,0.55446
2025-03-28T17:00:00+00:00,0.55449,0.55488,0.5537,0.55385
2025-03-30T22:00:00+01:00,0.55337,0.55432,0.55202,0.55258
2025-03-31T02:00:00+01:00,0.55259,0.55378,0.55151,0.55197
2025-03-31T06:00:00+01:00,0.55195,0.55297,0.55103,0.55113
2025-03-31T10:00:00+01:00,0.55112,0.55143,0.55002,0.55012
2025-03-31T14:00:00+01:00,0.55014,0.55246,0.54894,0.55197
2025-03-31T18:00:00+01:00,0.55197,0.55336,0.55197,0.55246
2025-03-31T22:00:00+01:00,0.55232,0.55285,0.55098,0.55143
2025-04-01T02:00:00+01:00,0.55141,0.5535,0.55048,0.55347
2025-04-01T06:00:00+01:00,0.55346,0.55363,0.55127,0.5522
2025-04-01T10:00:00+01:00,0.55221,0.55241,0.551,0.55228
2025-04-01T14:00:00+01:00,0.55228,0.55449,0.55178,0.55391
2025-04-01T18:00:00+01:00,0.55393,0.55498,0.55358,0.55478
2025-04-01T22:00:00+01:00,0.55397,0.55594,0.55375,0.55468
2025-04-02T02:00:00+01:00,0.55466,0.55678,0.55438,0.55666
2025-04-02T06:00:00+01:00,0.55667,0.55802,0.55614,0.5578
2025-04-02T10:00:00+01:00,0.55781,0.55837,0.55621,0.55678
2025-04-02T14:00:00+01:00,0.55676,0.55694,0.55545,0.55634
2025-04-02T18:00:00+01:00,0.55636,0.55903,0.55241,0.55571
2025-04-02T22:00:00+01:00,0.55424,0.55594,0.54868,0.55047
2025-04-03T02:00:00+01:00,0.55046,0.55137,0.5487,0.54889
2025-04-03T06:00:00+01:00,0.5489,0.5497,0.54727,0.54876
2025-04-03T10:00:00+01:00,0.54875,0.54892,0.54581,0.54666
2025-04-03T14:00:00+01:00,0.54662,0.54772,0.54487,0.54609
2025-04-03T18:00:00+01:00,0.54611,0.54669,0.54276,0.54385
2025-04-03T22:00:00+01:00,0.54334,0.54408,0.54233,0.54235
2025-04-04T02:00:00+01:00,0.54238,0.54268,0.53157,0.53177
2025-04-04T06:00:00+01:00,0.53178,0.5344,0.53036,0.53099
2025-04-04T10:00:00+01:00,0.53099,0.53102,0.51378,0.52158
2025-04-04T14:00:00+01:00,0.52157,0.5236,0.51398,0.51582
2025-04-04T18:00:00+01:00,0.51585,0.52238,0.51493,0.52003
2025-04-06T22:00:00+01:00,0.51301,0.51438,0.50695,0.5124
2025-04-07T02:00:00+01:00,0.51238,0.51682,0.51138,0.51296
2025-04-07T06:00:00+01:00,0.51295,0.51753,0.50744,0.51083
2025-04-07T10:00:00+01:00,0.51082,0.52162,0.50989,0.5207
2025-04-07T14:00:00+01:00,0.52072,0.52976,0.5105,0.51079
2025-04-07T18:00:00+01:00,0.51073,0.51534,0.51073,0.51478
2025-04-07T22:00:00+01:00,0.51514,0.51733,0.51389,0.51401
2025-04-08T02:00:00+01:00,0.51399,0.51927,0.5127,0.51921
2025-04-08T06:00:00+01:00,0.5192,0.52142,0.51735,0.52102
2025-04-08T10:00:00+01:00,0.521,0.52104,0.51592,0.51675
2025-04-08T14:00:00+01:00,0.51675,0.52109,0.51015,0.51017
2025-04-08T18:00:00+01:00,0.51016,0.51086,0.50367,0.50511
2025-04-08T22:00:00+01:00,0.50572,0.50639,0.49989,0.5027
2025-04-09T02:00:00+01:00,0.50269,0.50716,0.50019,0.50227
2025-04-09T06:00:00+01:00,0.50228,0.51032,0.50127,0.50653
2025-04-09T10:00:00+01:00,0.50653,0.50912,0.5023,0.50431
2025-04-09T14:00:00+01:00,0.50432,0.50889,0.50335,0.50717
2025-04-09T18:00:00+01:00,0.50719,0.52879,0.50592,0.52787
2025-04-09T22:00:00+01:00,0.52748,0.52832,0.52137,0.52224
2025-04-10T02:00:00+01:00,0.52225,0.52762,0.52155,0.52729
2025-04-10T06:00:00+01:00,0.5273,0.53107,0.51903,0.52068
2025-04-10T10:00:00+01:00,0.52067,0.52133,0.51711,0.5189
2025-04-10T14:00:00+01:00,0.51889,0.5207,0.50983,0.51231
2025-04-10T18:00:00+01:00,0.51228,0.51581,0.51142,0.51268
2025-04-10T22:00:00+01:00,0.5149,0.51517,0.50693,0.5086
2025-04-11T02:00:00+01:00,0.50862,0.51378,0.50669,0.50677
2025-04-11T06:00:00+01:00,0.50677,0.51204,0.50428,0.50561
2025-04-11T10:00:00+01:00,0.5056,0.51141,0.50554,0.50806
2025-04-11T14:00:00+01:00,0.50808,0.51206,0.5056,0.51109
2025-04-11T18:00:00+01:00,0.5111,0.51467,0.50967,0.51276
2025-04-13T22:00:00+01:00,0.51599,0.5166,0.5132,0.51369
2025-04-14T02:00:00+01:00,0.5137,0.51524,0.51255,0.5147
2025-04-14T06:00:00+01:00,0.51471,0.5183,0.51358,0.51775
2025-04-14T10:00:00+01:00,0.51775,0.51924,0.51641,0.51889
2025-04-14T14:00:00+01:00,0.51888,0.52007,0.51265,0.51462
2025-04-14T18:00:00+01:00,0.51463,0.51614,0.5143,0.51557
2025-04-14T22:00:00+01:00,0.5158,0.51784,0.51414,0.51751
2025-04-15T02:00:00+01:00,0.5175,0.52018,0.51723,0.51972
2025-04-15T06:00:00+01:00,0.5197,0.52124,0.51687,0.5174
2025-04-15T10:00:00+01:00,0.51738,0.52114,0.51672,0.5211
2025-04-15T14:00:00+01:00,0.52113,0.5227,0.51989,0.52154
2025-04-15T18:00:00+01:00,0.52154,0.52301,0.52121,0.52258
2025-04-15T22:00:00+01:00,0.52377,0.52413,0.51804,0.51841
2025-04-16T02:00:00+01:00,0.51842,0.51994,0.51741,0.5187
2025-04-16T06:00:00+01:00,0.5187,0.52265,0.51612,0.52035
2025-04-16T10:00:00+01:00,0.52036,0.52138,0.51868,0.51892
2025-04-16T14:00:00+01:00,0.51892,0.5219,0.51806,0.52067
2025-04-16T18:00:00+01:00,0.5207,0.5214,0.51706,0.51813
2025-04-16T22:00:00+01:00,0.51912,0.51963,0.51707,0.51919
2025-04-17T02:00:00+01:00,0.51921,0.52065,0.51758,0.51808
2025-04-17T06:00:00+01:00,0.51806,0.52046,0.51761,0.51897
2025-04-17T10:00:00+01:00,0.519,0.52211,0.51857,0.52197
2025-04-17T14:00:00+01:00,0.52196,0.52528,0.52025,0.52426
2025-04-17T18:00:00+01:00,0.52424,0.52502,0.52276,0.52393
2025-04-17T22:00:00+01:00,0.52289,0.52435,0.52212,0.52276
2025-04-18T02:00:00+01:00,0.52277,0.52306,0.5206,0.52236
2025-04-18T06:00:00+01:00,0.52236,0.52351,0.52098,0.5217
2025-04-18T10:00:00+01:00,0.52172,0.52235,0.52127,0.5214
2025-04-18T14:00:00+01:00,0.52141,0.52191,0.52055,0.52105
2025-04-18T18:00:00+01:00,0.52105,0.52131,0.51994,0.52038
2025-04-20T22:00:00+01:00,0.521,0.52174,0.51831,0.51852
2025-04-21T02:00:00+01:00,0.51854,0.51972,0.51642,0.5186
2025-04-21T06:00:00+01:00,0.51862,0.51991,0.51721,0.5177
2025-04-21T10:00:00+01:00,0.51771,0.51914,0.51699,0.51757
2025-04-21T14:00:00+01:00,0.51757,0.51872,0.51709,0.5176
2025-04-21T18:00:00+01:00,0.51759,0.5194,0.51661,0.5191
2025-04-21T22:00:00+01:00,0.51874,0.52026,0.51693,0.51985
2025-04-22T02:00:00+01:00,0.51985,0.52161,0.51924,0.51987
2025-04-22T06:00:00+01:00,0.51985,0.52167,0.5187,0.51948
2025-04-22T10:00:00+01:00,0.51947,0.52011,0.51844,0.51935
2025-04-22T14:00:00+01:00,0.51934,0.52347,0.51883,0.52313
2025-04-22T18:00:00+01:00,0.52314,0.52371,0.52053,0.52137
2025-04-22T22:00:00+01:00,0.52124,0.52699,0.52065,0.52603
2025-04-23T02:00:00+01:00,0.52602,0.52713,0.52476,0.52602
2025-04-23T06:00:00+01:00,0.526,0.52787,0.52552,0.52659
2025-04-23T10:00:00+01:00,0.5266,0.52826,0.52592,0.52772
2025-04-23T14:00:00+01:00,0.52774,0.531,0.5258,0.52817
2025-04-23T18:00:00+01:00,0.52816,0.52858,0.52704,0.52816
2025-04-23T22:00:00+01:00,0.52851,0.52955,0.5271,0.52754
2025-04-24T02:00:00+01:00,0.52757,0.52774,0.52591,0.52694
2025-04-24T06:00:00+01:00,0.52697,0.52797,0.52562,0.52705
2025-04-24T10:00:00+01:00,0.52704,0.5277,0.52604,0.52681
2025-04-24T14:00:00+01:00,0.52682,0.53007,0.52665,0.52989
2025-04-24T18:00:00+01:00,0.52987,0.53047,0.52957,0.53007
2025-04-24T22:00:00+01:00,0.52936,0.53197,0.52866,0.53194
2025-04-25T02:00:00+01:00,0.53196,0.53417,0.53078,0.53276
2025-04-25T06:00:00+01:00,0.53279,0.53362,0.53038,0.53075
2025-04-25T10:00:00+01:00,0.53076,0.53079,0.52838,0.53004
2025-04-25T14:00:00+01:00,0.53002,0.53148,0.52946,0.53028
2025-04-25T18:00:00+01:00,0.53026,0.5308,0.52843,0.52953
2025-04-27T22:00:00+01:00,0.5304,0.53126,0.52802,0.5286
2025-04-28T02:00:00+01:00,0.52859,0.52988,0.52792,0.52951
2025-04-28T06:00:00+01:00,0.52953,0.53059,0.5291,0.52994
2025-04-28T10:00:00+01:00,0.52992,0.53138,0.52982,0.53098
2025-04-28T14:00:00+01:00,0.53096,0.53164,0.5264,0.52699
2025-04-28T18:00:00+01:00,0.52699,0.52812,0.52633,0.52738
2025-04-28T22:00:00+01:00,0.52743,0.5284,0.52706,0.52835
2025-04-29T02:00:00+01:00,0.52835,0.53019,0.52802,0.52866
2025-04-29T06:00:00+01:00,0.52868,0.52974,0.52786,0.52951
2025-04-29T10:00:00+01:00,0.52949,0.53013,0.5275,0.52751
2025-04-29T14:00:00+01:00,0.52751,0.52764,0.52449,0.52574
2025-04-29T18:00:00+01:00,0.52574,0.52679,0.52563,0.52592
2025-04-29T22:00:00+01:00,0.52598,0.52741,0.52537,0.52576
2025-04-30T02:00:00+01:00,0.52575,0.52833,0.52546,0.52828
2025-04-30T06:00:00+01:00,0.5283,0.52909,0.52707,0.52758
2025-04-30T10:00:00+01:00,0.5276,0.52819,0.52411,0.52472
2025-04-30T14:00:00+01:00,0.52474,0.52718,0.52276,0.52585
2025-04-30T18:00:00+01:00,0.52585,0.52969,0.52558,0.52909
2025-04-30T22:00:00+01:00,0.5279,0.53006,0.52737,0.52987
2025-05-01T02:00:00+01:00,0.52985,0.53124,0.52904,0.52968
2025-05-01T06:00:00+01:00,0.5297,0.53015,0.52746,0.52804
2025-05-01T10:00:00+01:00,0.52805,0.52975,0.52738,0.52941
2025-05-01T14:00:00+01:00,0.52939,0.53185,0.52853,0.52961
2025-05-01T18:00:00+01:00,0.52962,0.53128,0.52906,0.52947
2025-05-01T22:00:00+01:00,0.52967,0.53303,0.52856,0.53257
2025-05-02T02:00:00+01:00,0.53258,0.53275,0.53071,0.53187
2025-05-02T06:00:00+01:00,0.53185,0.53189,0.53015,0.53043
2025-05-02T10:00:00+01:00,0.53044,0.53324,0.52862,0.5332
2025-05-02T14:00:00+01:00,0.5332,0.53428,0.53163,0.53364
2025-05-02T18:00:00+01:00,0.53363,0.53367,0.53262,0.53302
2025-05-04T22:00:00+01:00,0.53294,0.53414,0.53065,0.53123
2025-05-05T02:00:00+01:00,0.53123,0.53303,0.53117,0.53255
2025-05-05T06:00:00+01:00,0.53253,0.53552,0.53249,0.53442
2025-05-05T10:00:00+01:00,0.53441,0.53501,0.53348,0.53379
2025-05-05T14:00:00+01:00,0.53381,0.53421,0.53198,0.53272
2025-05-05T18:00:00+01:00,0.5327,0.53275,0.53154,0.53193
2025-05-05T22:00:00+01:00,0.53194,0.53329,0.53082,0.53168
2025-05-06T02:00:00+01:00,0.53169,0.53233,0.53085,0.53232
2025-05-06T06:00:00+01:00,0.53232,0.53282,0.53068,0.53173
2025-05-06T10:00:00+01:00,0.53172,0.53349,0.53077,0.53317
2025-05-06T14:00:00+01:00,0.53318,0.53548,0.53235,0.53429
2025-05-06T18:00:00+01:00,0.53433,0.5346,0.53315,0.53384
2025-05-06T22:00:00+01:00,0.53437,0.53848,0.53336,0.53717
2025-05-07T02:00:00+01:00,0.53717,0.53773,0.53461,0.53496
2025-05-07T06:00:00+01:00,0.53497,0.5353,0.53343,0.53433
2025-05-07T10:00:00+01:00,0.53435,0.53468,0.5316,0.53174
2025-05-07T14:00:00+01:00,0.53173,0.53187,0.52926,0.5301
2025-05-07T18:00:00+01:00,0.53012,0.53065,0.52817,0.52927
2025-05-07T22:00:00+01:00,0.52952,0.53109,0.52865,0.53077
2025-05-08T02:00:00+01:00,0.53078,0.5319,0.53065,0.53173
2025-05-08T06:00:00+01:00,0.53171,0.53192,0.52971,0.53036
2025-05-08T10:00:00+01:00,0.53038,0.53081,0.52875,0.52909
2025-05-08T14:00:00+01:00,0.52907,0.53302,0.529,0.53266
2025-05-08T18:00:00+01:00,0.53268,0.53346,0.53151,0.5325
2025-05-08T22:00:00+01:00,0.53206,0.5332,0.53096,0.53099
2025-05-09T02:00:00+01:00,0.53097,0.53283,0.5309,0.53283
2025-05-09T06:00:00+01:00,0.5328,0.53281,0.5313,0.53202
2025-05-09T10:00:00+01:00,0.532,0.53289,0.5314,0.53209
2025-05-09T14:00:00+01:00,0.53211,0.53346,0.53137,0.53325
2025-05-09T18:00:00+01:00,0.53327,0.53341,0.53269,0.53315
2025-05-11T22:00:00+01:00,0.53585,0.53676,0.53474,0.53547
2025-05-12T02:00:00+01:00,0.53546,0.53668,0.53471,0.53632
2025-05-12T06:00:00+01:00,0.53632,0.54235,0.53609,0.53943
2025-05-12T10:00:00+01:00,0.53946,0.54122,0.53766,0.53837
2025-05-12T14:00:00+01:00,0.53838,0.53903,0.53628,0.53786
2025-05-12T18:00:00+01:00,0.53785,0.53916,0.53756,0.53878
2025-05-12T22:00:00+01:00,0.53815,0.53963,0.53682,0.53703
2025-05-13T02:00:00+01:00,0.53704,0.54074,0.53685,0.54043
2025-05-13T06:00:00+01:00,0.54042,0.54097,0.53778,0.53798
2025-05-13T10:00:00+01:00,0.53797,0.5414,0.53788,0.5413
2025-05-13T14:00:00+01:00,0.54129,0.54522,0.54036,0.5447
2025-05-13T18:00:00+01:00,0.5447,0.54495,0.54285,0.54324
2025-05-13T22:00:00+01:00,0.54355,0.54448,0.5419,0.54313
2025-05-14T02:00:00+01:00,0.54312,0.54411,0.5425,0.54266
2025-05-14T06:00:00+01:00,0.54268,0.54398,0.54215,0.54239
2025-05-14T10:00:00+01:00,0.54241,0.54265,0.54012,0.54163
2025-05-14T14:00:00+01:00,0.54161,0.54221,0.54068,0.54111
2025-05-14T18:00:00+01:00,0.54112,0.54212,0.54103,0.54142
2025-05-14T22:00:00+01:00,0.54102,0.54241,0.53985,0.54044
2025-05-15T02:00:00+01:00,0.54043,0.54219,0.54021,0.54053
2025-05-15T06:00:00+01:00,0.54055,0.54086,0.53695,0.53722
2025-05-15T10:00:00+01:00,0.53723,0.53776,0.53584,0.53663
2025-05-15T14:00:00+01:00,0.53664,0.53707,0.53492,0.53573
2025-05-15T18:00:00+01:00,0.53572,0.5361,0.53487,0.53554
2025-05-15T22:00:00+01:00,0.53548,0.53626,0.53296,0.53309
2025-05-16T02:00:00+01:00,0.53309,0.53665,0.533,0.53627
2025-05-16T06:00:00+01:00,0.53625,0.53717,0.53535,0.53703
2025-05-16T10:00:00+01:00,0.53702,0.53778,0.5367,0.53704
2025-05-16T14:00:00+01:00,0.53706,0.53738,0.53645,0.53696
2025-05-16T18:00:00+01:00,0.53697,0.53758,0.5362,0.53654
2025-05-18T22:00:00+01:00,0.53602,0.53693,0.53472,0.53548
2025-05-19T02:00:00+01:00,0.53547,0.53645,0.53526,0.5358
2025-05-19T06:00:00+01:00,0.53582,0.53624,0.53471,0.53615
2025-05-19T10:00:00+01:00,0.53616,0.53775,0.53593,0.53726
2025-05-19T14:00:00+01:00,0.53728,0.53905,0.53663,0.53875
2025-05-19T18:00:00+01:00,0.53874,0.53914,0.53837,0.539
2025-05-19T22:00:00+01:00,0.53771,0.53951,0.53709,0.53851
2025-05-20T02:00:00+01:00,0.53848,0.53855,0.53573,0.53615
2025-05-20T06:00:00+01:00,0.53614,0.53675,0.53377,0.53394
2025-05-20T10:00:00+01:00,0.53395,0.53493,0.53316,0.53356
2025-05-20T14:00:00+01:00,0.53358,0.53429,0.53178,0.53403
2025-05-20T18:00:00+01:00,0.53402,0.53431,0.53198,0.53218
2025-05-20T22:00:00+01:00,0.53233,0.53251,0.53035,0.53198
2025-05-21T02:00:00+01:00,0.53198,0.53212,0.5297,0.53049
2025-05-21T06:00:00+01:00,0.53051,0.53197,0.52984,0.5316
2025-05-21T10:00:00+01:00,0.53158,0.53284,0.53029,0.5315
2025-05-21T14:00:00+01:00,0.53151,0.53378,0.53126,0.5334
2025-05-21T18:00:00+01:00,0.53341,0.5335,0.53056,0.53131
2025-05-21T22:00:00+01:00,0.53212,0.53268,0.53038,0.53125
2025-05-22T02:00:00+01:00,0.53126,0.53216,0.52987,0.53202
2025-05-22T06:00:00+01:00,0.53201,0.53272,0.53117,0.53189
2025-05-22T10:00:00+01:00,0.53188,0.53189,0.52998,0.53129
2025-05-22T14:00:00+01:00,0.53128,0.5322,0.5304,0.53155
2025-05-22T18:00:00+01:00,0.53156,0.53237,0.53076,0.53144
2025-05-22T22:00:00+01:00,0.53246,0.53285,0.53072,0.53138
2025-05-23T02:00:00+01:00,0.53138,0.53227,0.53119,0.53176
2025-05-23T06:00:00+01:00,0.53178,0.5334,0.53146,0.53326
2025-05-23T10:00:00+01:00,0.53326,0.53428,0.529,0.53173
2025-05-23T14:00:00+01:00,0.53174,0.5328,0.53078,0.53258
2025-05-23T18:00:00+01:00,0.53258,0.53365,0.53249,0.5334
2025-05-25T22:00:00+01:00,0.5327,0.53513,0.53233,0.53455
2025-05-26T02:00:00+01:00,0.53453,0.53575,0.53434,0.535
2025-05-26T06:00:00+01:00,0.53499,0.53568,0.53422,0.53505
2025-05-26T10:00:00+01:00,0.53507,0.53557,0.53392,0.53509
2025-05-26T14:00:00+01:00,0.53509,0.53531,0.53229,0.53233
2025-05-26T18:00:00+01:00,0.53231,0.53279,0.53206,0.53243
2025-05-26T22:00:00+01:00,0.53449,0.5346,0.53131,0.53219
2025-05-27T02:00:00+01:00,0.5322,0.53222,0.53067,0.53172
2025-05-27T06:00:00+01:00,0.53171,0.53272,0.53113,0.53205
2025-05-27T10:00:00+01:00,0.53205,0.5335,0.53199,0.53276
2025-05-27T14:00:00+01:00,0.53277,0.53326,0.53193,0.53282
2025-05-27T18:00:00+01:00,0.53281,0.5334,0.53264,0.53296
2025-05-27T22:00:00+01:00,0.53283,0.53422,0.53188,0.53347
2025-05-28T02:00:00+01:00,0.53346,0.53399,0.532,0.53233
2025-05-28T06:00:00+01:00,0.53231,0.53348,0.53169,0.53289
2025-05-28T10:00:00+01:00,0.5329,0.53338,0.5311,0.53133
2025-05-28T14:00:00+01:00,0.53133,0.53155,0.52955,0.53107
2025-05-28T18:00:00+01:00,0.53106,0.53192,0.53106,0.5316
2025-05-28T22:00:00+01:00,0.53146,0.53585,0.53083,0.53534
2025-05-29T02:00:00+01:00,0.53536,0.53559,0.53363,0.53514
2025-05-29T06:00:00+01:00,0.53512,0.53537,0.53382,0.5341
2025-05-29T10:00:00+01:00,0.53411,0.5346,0.53211,0.53224
2025-05-29T14:00:00+01:00,0.53223,0.53225,0.52985,0.53076
2025-05-29T18:00:00+01:00,0.53076,0.53104,0.53007,0.53042
2025-05-29T22:00:00+01:00,0.53049,0.5315,0.52896,0.52987
2025-05-30T02:00:00+01:00,0.5299,0.53017,0.52819,0.5292
2025-05-30T06:00:00+01:00,0.5292,0.53026,0.52828,0.52858
2025-05-30T10:00:00+01:00,0.52856,0.52964,0.52762,0.52831
2025-05-30T14:00:00+01:00,0.52831,0.52989,0.52778,0.52826
2025-05-30T18:00:00+01:00,0.52824,0.53054,0.52818,0.52904
2025-06-01T22:00:00+01:00,0.53003,0.53059,0.5288,0.53055
2025-06-02T02:00:00+01:00,0.53055,0.5316,0.53031,0.53091
2025-06-02T06:00:00+01:00,0.53092,0.53136,0.5297,0.52972
2025-06-02T10:00:00+01:00,0.5297,0.53085,0.5289,0.53079
2025-06-02T14:00:00+01:00,0.53077,0.53123,0.52879,0.5306
2025-06-02T18:00:00+01:00,0.53061,0.53115,0.53014,0.5309
2025-06-02T22:00:00+01:00,0.5313,0.53167,0.5298,0.53051
2025-06-03T02:00:00+01:00,0.53051,0.5308,0.52883,0.52887
2025-06-03T06:00:00+01:00,0.5289,0.52907,0.52748,0.52862
2025-06-03T10:00:00+01:00,0.52863,0.53125,0.52853,0.53111
2025-06-03T14:00:00+01:00,0.53112,0.53287,0.53073,0.53222
2025-06-03T18:00:00+01:00,0.53223,0.53293,0.5322,0.53238
2025-06-03T22:00:00+01:00,0.53183,0.53311,0.53136,0.53203
2025-06-04T02:00:00+01:00,0.53202,0.53323,0.53113,0.53225
2025-06-04T06:00:00+01:00,0.53223,0.53256,0.53165,0.53236
2025-06-04T10:00:00+01:00,0.53234,0.53428,0.53233,0.53317
2025-06-04T14:00:00+01:00,0.53317,0.53373,0.53104,0.53139
2025-06-04T18:00:00+01:00,0.5314,0.53198,0.53113,0.53134
2025-06-04T22:00:00+01:00,0.53187,0.53275,0.53035,0.53158
2025-06-05T02:00:00+01:00,0.5316,0.53229,0.53128,0.53184
2025-06-05T06:00:00+01:00,0.53186,0.53374,0.53147,0.53368
2025-06-05T10:00:00+01:00,0.5337,0.53552,0.53316,0.53467
2025-06-05T14:00:00+01:00,0.53465,0.53543,0.53299,0.5336
2025-06-05T18:00:00+01:00,0.5336,0.53484,0.53296,0.53316
2025-06-05T22:00:00+01:00,0.53472,0.53506,0.53259,0.53392
2025-06-06T02:00:00+01:00,0.53391,0.53426,0.53286,0.53352
2025-06-06T06:00:00+01:00,0.53351,0.53397,0.53295,0.53347
2025-06-06T10:00:00+01:00,0.53346,0.53505,0.53295,0.53483
2025-06-06T14:00:00+01:00,0.53482,0.53511,0.53346,0.53409
2025-06-06T18:00:00+01:00,0.53409,0.53443,0.53369,0.53386
2025-06-08T22:00:00+01:00,0.53424,0.5348,0.53337,0.53458
2025-06-09T02:00:00+01:00,0.53457,0.53499,0.53435,0.53478
2025-06-09T06:00:00+01:00,0.53477,0.53544,0.53423,0.53536
2025-06-09T10:00:00+01:00,0.53536,0.53574,0.53485,0.53536
2025-06-09T14:00:00+01:00,0.53537,0.5358,0.53468,0.5355
2025-06-09T18:00:00+01:00,0.53551,0.53594,0.53507,0.53547
2025-06-09T22:00:00+01:00,0.53531,0.53605,0.53496,0.5354
2025-06-10T02:00:00+01:00,0.53543,0.537,0.53541,0.53641
2025-06-10T06:00:00+01:00,0.53642,0.53652,0.53379,0.5349
2025-06-10T10:00:00+01:00,0.53492,0.53593,0.53458,0.53549
2025-06-10T14:00:00+01:00,0.5355,0.53689,0.53547,0.53622
2025-06-10T18:00:00+01:00,0.53621,0.53707,0.53601,0.53673
2025-06-10T22:00:00+01:00,0.53703,0.53729,0.53541,0.53558
2025-06-11T02:00:00+01:00,0.53559,0.53619,0.53464,0.53567
2025-06-11T06:00:00+01:00,0.53568,0.53629,0.53491,0.53514
2025-06-11T10:00:00+01:00,0.53515,0.53628,0.53425,0.53579
2025-06-11T14:00:00+01:00,0.53578,0.53586,0.53407,0.53512
2025-06-11T18:00:00+01:00,0.53512,0.53551,0.53292,0.53323
2025-06-11T22:00:00+01:00,0.53395,0.53483,0.5316,0.53172
2025-06-12T02:00:00+01:00,0.53171,0.53195,0.52946,0.53055
2025-06-12T06:00:00+01:00,0.53055,0.5314,0.52805,0.52961
2025-06-12T10:00:00+01:00,0.5296,0.53013,0.52848,0.52943
2025-06-12T14:00:00+01:00,0.52944,0.53148,0.52906,0.5302
2025-06-12T18:00:00+01:00,0.53021,0.53032,0.529,0.52936
2025-06-12T22:00:00+01:00,0.52934,0.5309,0.52219,0.5227
2025-06-13T02:00:00+01:00,0.52269,0.52463,0.52129,0.52382
2025-06-13T06:00:00+01:00,0.52385,0.52744,0.52346,0.52721
2025-06-13T10:00:00+01:00,0.5272,0.52743,0.52612,0.52672
2025-06-13T14:00:00+01:00,0.52671,0.5289,0.52622,0.52845
2025-06-13T18:00:00+01:00,0.52843,0.52851,0.52608,0.52628
2025-06-15T22:00:00+01:00,0.52616,0.5273,0.52577,0.52697
2025-06-16T02:00:00+01:00,0.52699,0.52703,0.52543,0.52669
2025-06-16T06:00:00+01:00,0.5267,0.52968,0.52658,0.52889
2025-06-16T10:00:00+01:00,0.52889,0.5297,0.52798,0.52944
2025-06-16T14:00:00+01:00,0.52944,0.53154,0.52902,0.53131
2025-06-16T18:00:00+01:00,0.53133,0.53163,0.53067,0.53097
2025-06-16T22:00:00+01:00,0.53087,0.53161,0.52941,0.53055
2025-06-17T02:00:00+01:00,0.53058,0.53177,0.5299,0.53167
2025-06-17T06:00:00+01:00,0.53168,0.53194,0.53078,0.53113
2025-06-17T10:00:00+01:00,0.53114,0.53186,0.53039,0.53108
2025-06-17T14:00:00+01:00,0.53106,0.53245,0.52928,0.52933
2025-06-17T18:00:00+01:00,0.52933,0.52955,0.52788,0.52869
2025-06-17T22:00:00+01:00,0.52872,0.52986,0.52718,0.52954
2025-06-18T02:00:00+01:00,0.52956,0.53107,0.5292,0.53103
2025-06-18T06:00:00+01:00,0.53104,0.53155,0.53043,0.53101
2025-06-18T10:00:00+01:00,0.53099,0.53173,0.53003,0.5308
2025-06-18T14:00:00+01:00,0.53082,0.5332,0.5308,0.53274
2025-06-18T18:00:00+01:00,0.53272,0.53346,0.53229,0.53289
2025-06-18T22:00:00+01:00,0.53329,0.53412,0.53136,0.53218
2025-06-19T02:00:00+01:00,0.53216,0.53258,0.53065,0.53188
2025-06-19T06:00:00+01:00,0.53187,0.53192,0.52829,0.52839
2025-06-19T10:00:00+01:00,0.52835,0.5294,0.52808,0.52833
2025-06-19T14:00:00+01:00,0.52831,0.5289,0.52773,0.52836
2025-06-19T18:00:00+01:00,0.5284,0.52958,0.52838,0.52934
2025-06-19T22:00:00+01:00,0.52931,0.53019,0.52777,0.52934
2025-06-20T02:00:00+01:00,0.52933,0.53036,0.52852,0.53019
2025-06-20T06:00:00+01:00,0.53022,0.53038,0.52809,0.52938
2025-06-20T10:00:00+01:00,0.52938,0.53079,0.52937,0.53031
2025-06-20T14:00:00+01:00,0.53032,0.53033,0.52741,0.52747
2025-06-20T18:00:00+01:00,0.52746,0.52802,0.5268,0.52778
2025-06-22T22:00:00+01:00,0.52544,0.52742,0.52485,0.52695
2025-06-23T02:00:00+01:00,0.52698,0.52737,0.5232,0.52404
2025-06-23T06:00:00+01:00,0.524,0.52526,0.52351,0.5237
2025-06-23T10:00:00+01:00,0.52368,0.52388,0.52147,0.52296
2025-06-23T14:00:00+01:00,0.52298,0.5245,0.5217,0.52213
2025-06-23T18:00:00+01:00,0.52215,0.5253,0.52195,0.52496
2025-06-23T22:00:00+01:00,0.52507,0.52689,0.52411,0.52633
2025-06-24T02:00:00+01:00,0.52631,0.52743,0.52591,0.52736
2025-06-24T06:00:00+01:00,0.52733,0.52859,0.52668,0.52763
2025-06-24T10:00:00+01:00,0.52764,0.52797,0.52541,0.52568
2025-06-24T14:00:00+01:00,0.52569,0.52581,0.52282,0.52316
2025-06-24T18:00:00+01:00,0.52317,0.52362,0.52232,0.52258
2025-06-24T22:00:00+01:00,0.52261,0.52311,0.52225,0.52283
2025-06-25T02:00:00+01:00,0.52279,0.52408,0.5225,0.52328
2025-06-25T06:00:00+01:00,0.52327,0.52351,0.52267,0.52332
2025-06-25T10:00:00+01:00,0.52331,0.52455,0.52317,0.52399
2025-06-25T14:00:00+01:00,0.52399,0.52426,0.52276,0.52357
2025-06-25T18:00:00+01:00,0.52357,0.52438,0.52333,0.52401
2025-06-25T22:00:00+01:00,0.52399,0.52445,0.52342,0.52393
2025-06-26T02:00:00+01:00,0.52389,0.52487,0.52327,0.52419
2025-06-26T06:00:00+01:00,0.52421,0.52459,0.5227,0.52325
2025-06-26T10:00:00+01:00,0.52323,0.52416,0.52273,0.52342
2025-06-26T14:00:00+01:00,0.52343,0.52452,0.52248,0.52376
2025-06-26T18:00:00+01:00,0.52378,0.52455,0.52367,0.52398
2025-06-26T22:00:00+01:00,0.52355,0.52519,0.52292,0.52513
2025-06-27T02:00:00+01:00,0.52511,0.52524,0.52411,0.52425
2025-06-27T06:00:00+01:00,0.52427,0.52486,0.52294,0.52304
2025-06-27T10:00:00+01:00,0.52305,0.52308,0.52108,0.52124
2025-06-27T14:00:00+01:00,0.52123,0.52247,0.52103,0.52228
2025-06-27T18:00:00+01:00,0.52227,0.52272,0.52093,0.5219
2025-06-29T22:00:00+01:00,0.52214,0.52266,0.52143,0.52179
2025-06-30T02:00:00+01:00,0.52178,0.52257,0.52149,0.52241
2025-06-30T06:00:00+01:00,0.5224,0.523,0.5212,0.52146
2025-06-30T10:00:00+01:00,0.52147,0.52161,0.52009,0.52126
2025-06-30T14:00:00+01:00,0.52127,0.52249,0.52086,0.52199
2025-06-30T18:00:00+01:00,0.522,0.52232,0.52131,0.52191
2025-06-30T22:00:00+01:00,0.52116,0.52255,0.52071,0.52077
2025-07-01T02:00:00+01:00,0.52076,0.52096,0.51971,0.52089
2025-07-01T06:00:00+01:00,0.52089,0.5214,0.51989,0.52021
2025-07-01T10:00:00+01:00,0.52022,0.52024,0.51872,0.51941
2025-07-01T14:00:00+01:00,0.51943,0.52158,0.5186,0.52118
2025-07-01T18:00:00+01:00,0.52117,0.52148,0.52055,0.52075
2025-07-01T22:00:00+01:00,0.51905,0.52093,0.51853,0.52022
2025-07-02T02:00:00+01:00,0.52023,0.52095,0.51963,0.5208
2025-07-02T06:00:00+01:00,0.52079,0.52116,0.51987,0.5202
2025-07-02T10:00:00+01:00,0.52021,0.5207,0.51865,0.51938
2025-07-02T14:00:00+01:00,0.51939,0.52126,0.51912,0.52058
2025-07-02T18:00:00+01:00,0.52056,0.52174,0.52056,0.52148
2025-07-02T22:00:00+01:00,0.52143,0.52194,0.52042,0.52069
2025-07-03T02:00:00+01:00,0.52069,0.52072,0.51972,0.52027
2025-07-03T06:00:00+01:00,0.52028,0.521,0.51954,0.5209
2025-07-03T10:00:00+01:00,0.52089,0.52264,0.52077,0.52205
2025-07-03T14:00:00+01:00,0.52206,0.52317,0.52157,0.52273
2025-07-03T18:00:00+01:00,0.52273,0.52307,0.52223,0.52241
2025-07-03T22:00:00+01:00,0.52217,0.52342,0.52145,0.52236
2025-07-04T02:00:00+01:00,0.52234,0.52263,0.52069,0.52119
2025-07-04T06:00:00+01:00,0.52119,0.52155,0.51991,0.52036
2025-07-04T10:00:00+01:00,0.52035,0.52077,0.51999,0.52035
2025-07-04T14:00:00+01:00,0.52033,0.52055,0.51932,0.51968
2025-07-04T18:00:00+01:00,0.5197,0.52146,0.51945,0.52055
2025-07-06T22:00:00+01:00,0.52145,0.52167,0.51899,0.5192
2025-07-07T02:00:00+01:00,0.51918,0.51918,0.51689,0.51703
2025-07-07T06:00:00+01:00,0.51706,0.51818,0.51674,0.51744
2025-07-07T10:00:00+01:00,0.51745,0.51919,0.51707,0.51889
2025-07-07T14:00:00+01:00,0.5189,0.5195,0.51814,0.51834
2025-07-07T18:00:00+01:00,0.51832,0.51932,0.51789,0.51818
2025-07-07T22:00:00+01:00,0.51852,0.51923,0.51757,0.51905
2025-07-08T02:00:00+01:00,0.51904,0.52192,0.51821,0.52086
2025-07-08T06:00:00+01:00,0.52087,0.52181,0.52014,0.52103
2025-07-08T10:00:00+01:00,0.52102,0.52235,0.52078,0.52218
2025-07-08T14:00:00+01:00,0.52217,0.52225,0.51938,0.52003
2025-07-08T18:00:00+01:00,0.52001,0.52049,0.51938,0.51994
2025-07-08T22:00:00+01:00,0.5199,0.52119,0.51914,0.5197
2025-07-09T02:00:00+01:00,0.51971,0.5215,0.5191,0.52104
2025-07-09T06:00:00+01:00,0.52103,0.5218,0.5198,0.52005
2025-07-09T10:00:00+01:00,0.52006,0.52028,0.51911,0.51989
2025-07-09T14:00:00+01:00,0.51991,0.52035,0.51906,0.51965
2025-07-09T18:00:00+01:00,0.51968,0.51999,0.51879,0.51886
2025-07-09T22:00:00+01:00,0.51911,0.52008,0.51785,0.51853
2025-07-10T02:00:00+01:00,0.51849,0.52019,0.51845,0.51972
2025-07-10T06:00:00+01:00,0.51971,0.5215,0.51961,0.52137
2025-07-10T10:00:00+01:00,0.52136,0.52201,0.52096,0.52174
2025-07-10T14:00:00+01:00,0.52175,0.52448,0.52156,0.52437
2025-07-10T18:00:00+01:00,0.52435,0.52538,0.52416,0.525
2025-07-10T22:00:00+01:00,0.52499,0.52548,0.5229,0.52377
2025-07-11T02:00:00+01:00,0.52375,0.52577,0.52333,0.52449
2025-07-11T06:00:00+01:00,0.5245,0.52534,0.52382,0.52402
2025-07-11T10:00:00+01:00,0.52402,0.52469,0.52313,0.52398
2025-07-11T14:00:00+01:00,0.52397,0.52482,0.52316,0.52384
2025-07-11T18:00:00+01:00,0.52385,0.52473,0.52366,0.52394
2025-07-13T22:00:00+01:00,0.52356,0.52463,0.52253,0.52388
2025-07-14T02:00:00+01:00,0.52389,0.52408,0.52225,0.5232
2025-07-14T06:00:00+01:00,0.5232,0.52429,0.52296,0.52339
2025-07-14T10:00:00+01:00,0.5234,0.52372,0.52199,0.52209
2025-07-14T14:00:00+01:00,0.52209,0.52299,0.52194,0.52243
2025-07-14T18:00:00+01:00,0.52242,0.5227,0.52201,0.52229
2025-07-14T22:00:00+01:00,0.52227,0.5232,0.52146,0.52203
2025-07-15T02:00:00+01:00,0.52199,0.52283,0.52126,0.52151
2025-07-15T06:00:00+01:00,0.52151,0.52299,0.5214,0.52252
2025-07-15T10:00:00+01:00,0.52255,0.52373,0.52241,0.52327
2025-07-15T14:00:00+01:00,0.52326,0.52382,0.52159,0.52196
2025-07-15T18:00:00+01:00,0.52198,0.52287,0.52192,0.52221
2025-07-15T22:00:00+01:00,0.52202,0.52365,0.52177,0.52324
2025-07-16T02:00:00+01:00,0.52326,0.52353,0.52256,0.52304
2025-07-16T06:00:00+01:00,0.52306,0.5233,0.52228,0.52253
2025-07-16T10:00:00+01:00,0.52256,0.52458,0.52224,0.52394
2025-07-16T14:00:00+01:00,0.52393,0.5245,0.52052,0.52238
2025-07-16T18:00:00+01:00,0.52239,0.52314,0.52214,0.52274
2025-07-16T22:00:00+01:00,0.52323,0.52405,0.52199,0.52254
2025-07-17T02:00:00+01:00,0.52255,0.52309,0.51934,0.5208
2025-07-17T06:00:00+01:00,0.52081,0.52113,0.51941,0.51999
2025-07-17T10:00:00+01:00,0.51995,0.52076,0.5194,0.52053
2025-07-17T14:00:00+01:00,0.5205,0.52224,0.5201,0.52219
2025-07-17T18:00:00+01:00,0.52217,0.5228,0.52164,0.52198
2025-07-17T22:00:00+01:00,0.52209,0.52279,0.5207,0.52242
2025-07-18T02:00:00+01:00,0.52242,0.5226,0.52167,0.52178
2025-07-18T06:00:00+01:00,0.5218,0.52299,0.52174,0.52297
2025-07-18T10:00:00+01:00,0.52297,0.52329,0.52216,0.52236
2025-07-18T14:00:00+01:00,0.52238,0.52283,0.52149,0.52152
2025-07-18T18:00:00+01:00,0.52154,0.52185,0.52127,0.52172
2025-07-20T22:00:00+01:00,0.52118,0.52199,0.52077,0.52164
2025-07-21T02:00:00+01:00,0.52165,0.52202,0.5211,0.52162
2025-07-21T06:00:00+01:00,0.52161,0.52202,0.52094,0.52153
2025-07-21T10:00:00+01:00,0.52154,0.52175,0.52087,0.52133
2025-07-21T14:00:00+01:00,0.52132,0.52144,0.52038,0.52095
2025-07-21T18:00:00+01:00,0.52093,0.52106,0.52041,0.52054
2025-07-21T22:00:00+01:00,0.52133,0.52186,0.51971,0.52031
2025-07-22T02:00:00+01:00,0.52032,0.5208,0.51986,0.51998
2025-07-22T06:00:00+01:00,0.51998,0.52047,0.51842,0.51894
2025-07-22T10:00:00+01:00,0.51893,0.52082,0.51892,0.52058
2025-07-22T14:00:00+01:00,0.52059,0.52156,0.5191,0.51914
2025-07-22T18:00:00+01:00,0.51911,0.5195,0.51905,0.51924
2025-07-22T22:00:00+01:00,0.51896,0.52029,0.51838,0.52005
2025-07-23T02:00:00+01:00,0.52004,0.52138,0.52001,0.52129
2025-07-23T06:00:00+01:00,0.5213,0.52188,0.52059,0.5218
2025-07-23T10:00:00+01:00,0.52182,0.52378,0.52149,0.52289
2025-07-23T14:00:00+01:00,0.5229,0.52347,0.52243,0.52294
2025-07-23T18:00:00+01:00,0.52296,0.52344,0.52269,0.52318
2025-07-23T22:00:00+01:00,0.52327,0.52383,0.52246,0.52327
2025-07-24T02:00:00+01:00,0.52326,0.52462,0.52309,0.52457
2025-07-24T06:00:00+01:00,0.52456,0.52577,0.52402,0.52562
2025-07-24T10:00:00+01:00,0.52561,0.52612,0.525,0.52545
2025-07-24T14:00:00+01:00,0.52544,0.52558,0.52401,0.52412
2025-07-24T18:00:00+01:00,0.52409,0.52442,0.52371,0.52424
2025-07-24T22:00:00+01:00,0.52456,0.52547,0.52309,0.52466
2025-07-25T02:00:00+01:00,0.52468,0.52471,0.52302,0.5231
2025-07-25T06:00:00+01:00,0.52311,0.52388,0.5225,0.52282
2025-07-25T10:00:00+01:00,0.52279,0.52356,0.52231,0.52293
2025-07-25T14:00:00+01:00,0.52292,0.52314,0.52178,0.52187
2025-07-25T18:00:00+01:00,0.52185,0.52222,0.5216,0.52186
2025-07-27T22:00:00+01:00,0.52335,0.52355,0.52245,0.52316
2025-07-28T02:00:00+01:00,0.52318,0.52336,0.52202,0.52242
2025-07-28T06:00:00+01:00,0.52244,0.52258,0.5203,0.52124
2025-07-28T10:00:00+01:00,0.52124,0.52324,0.521,0.52321
2025-07-28T14:00:00+01:00,0.52323,0.5238,0.52233,0.52323
2025-07-28T18:00:00+01:00,0.52324,0.52426,0.52283,0.52414
2025-07-28T22:00:00+01:00,0.523,0.52459,0.52263,0.5236
2025-07-29T02:00:00+01:00,0.52361,0.52446,0.52357,0.52426
2025-07-29T06:00:00+01:00,0.52427,0.52502,0.52385,0.52453
2025-07-29T10:00:00+01:00,0.52452,0.52496,0.52347,0.52475
2025-07-29T14:00:00+01:00,0.52472,0.52557,0.5238,0.525
2025-07-29T18:00:00+01:00,0.52501,0.52514,0.52438,0.52462
2025-07-29T22:00:00+01:00,0.5246,0.52548,0.52395,0.52476
2025-07-30T02:00:00+01:00,0.52473,0.52489,0.5231,0.52444
2025-07-30T06:00:00+01:00,0.52445,0.52474,0.52248,0.52292
2025-07-30T10:00:00+01:00,0.52293,0.5245,0.52272,0.52394
2025-07-30T14:00:00+01:00,0.52395,0.5246,0.52286,0.52324
2025-07-30T18:00:00+01:00,0.52326,0.5246,0.52249,0.52418
2025-07-30T22:00:00+01:00,0.52418,0.52489,0.52264,0.52387
2025-07-31T02:00:00+01:00,0.5239,0.52571,0.52343,0.52565
2025-07-31T06:00:00+01:00,0.52567,0.5258,0.5245,0.52486
2025-07-31T10:00:00+01:00,0.52487,0.52501,0.523,0.52364
2025-07-31T14:00:00+01:00,0.52364,0.52408,0.52195,0.52258
2025-07-31T18:00:00+01:00,0.52256,0.52262,0.52163,0.52213
2025-07-31T22:00:00+01:00,0.52215,0.5234,0.52152,0.52275
2025-08-01T02:00:00+01:00,0.52273,0.52405,0.52255,0.52385
2025-08-01T06:00:00+01:00,0.52384,0.52503,0.52282,0.52471
2025-08-01T10:00:00+01:00,0.52471,0.52478,0.52194,0.52202
2025-08-01T14:00:00+01:00,0.52199,0.52323,0.51944,0.52058
2025-08-01T18:00:00+01:00,0.52059,0.52067,0.5195,0.52015
2025-08-03T22:00:00+01:00,0.5205,0.52213,0.51897,0.52212
2025-08-04T02:00:00+01:00,0.52212,0.5226,0.52137,0.52195
2025-08-04T06:00:00+01:00,0.52194,0.52414,0.52126,0.52411
2025-08-04T10:00:00+01:00,0.52411,0.52455,0.52262,0.52289
2025-08-04T14:00:00+01:00,0.52289,0.52399,0.52225,0.52225
2025-08-04T18:00:00+01:00,0.52224,0.52302,0.52195,0.52261
2025-08-04T22:00:00+01:00,0.52265,0.52377,0.52153,0.5232
2025-08-05T02:00:00+01:00,0.52319,0.52348,0.52245,0.52326
2025-08-05T06:00:00+01:00,0.52327,0.52368,0.52253,0.52341
2025-08-05T10:00:00+01:00,0.5234,0.52384,0.5231,0.52353
2025-08-05T14:00:00+01:00,0.52354,0.52372,0.52141,0.52263
2025-08-05T18:00:00+01:00,0.52262,0.52309,0.52218,0.52278
2025-08-05T22:00:00+01:00,0.5218,0.52321,0.52142,0.52297
2025-08-06T02:00:00+01:00,0.52296,0.5239,0.5228,0.52388
2025-08-06T06:00:00+01:00,0.52391,0.52514,0.52336,0.52506
2025-08-06T10:00:00+01:00,0.52504,0.52521,0.52419,0.52443
2025-08-06T14:00:00+01:00,0.52444,0.5249,0.52332,0.52448
2025-08-06T18:00:00+01:00,0.52446,0.52503,0.52401,0.52449
2025-08-06T22:00:00+01:00,0.52485,0.52568,0.52351,0.52397
2025-08-07T02:00:00+01:00,0.52398,0.52479,0.52379,0.5246
2025-08-07T06:00:00+01:00,0.5246,0.52717,0.52449,0.52626
2025-08-07T10:00:00+01:00,0.52628,0.52756,0.5258,0.52727
2025-08-07T14:00:00+01:00,0.52727,0.52758,0.52446,0.52472
2025-08-07T18:00:00+01:00,0.52472,0.52636,0.52463,0.52624
2025-08-07T22:00:00+01:00,0.52621,0.52686,0.52439,0.52574
2025-08-08T02:00:00+01:00,0.52576,0.5263,0.52552,0.52616
2025-08-08T06:00:00+01:00,0.52617,0.52776,0.52601,0.52714
2025-08-08T10:00:00+01:00,0.52714,0.52738,0.52619,0.5264
2025-08-08T14:00:00+01:00,0.52639,0.52734,0.52627,0.52721
2025-08-08T18:00:00+01:00,0.52723,0.5275,0.5266,0.52733
2025-08-10T22:00:00+01:00,0.52749,0.52775,0.52614,0.52629
2025-08-11T02:00:00+01:00,0.52628,0.52662,0.52602,0.52616
2025-08-11T06:00:00+01:00,0.52617,0.52727,0.52597,0.52713
2025-08-11T10:00:00+01:00,0.52713,0.52821,0.52706,0.52798
2025-08-11T14:00:00+01:00,0.528,0.52957,0.52777,0.52921
2025-08-11T18:00:00+01:00,0.52919,0.52934,0.5287,0.52904
2025-08-11T22:00:00+01:00,0.52896,0.52951,0.52794,0.52919
2025-08-12T02:00:00+01:00,0.52918,0.52924,0.5275,0.52835
2025-08-12T06:00:00+01:00,0.52836,0.52849,0.52536,0.52589
2025-08-12T10:00:00+01:00,0.52589,0.52721,0.52563,0.5267
2025-08-12T14:00:00+01:00,0.52668,0.52799,0.5262,0.52733
2025-08-12T18:00:00+01:00,0.52733,0.52757,0.52638,0.52676
2025-08-12T22:00:00+01:00,0.52668,0.52714,0.52613,0.52628
2025-08-13T02:00:00+01:00,0.52625,0.52708,0.5256,0.52675
2025-08-13T06:00:00+01:00,0.52677,0.52752,0.52587,0.52629
2025-08-13T10:00:00+01:00,0.52626,0.52697,0.52583,0.5265
2025-08-13T14:00:00+01:00,0.52649,0.5272,0.52624,0.52675
2025-08-13T18:00:00+01:00,0.52674,0.52746,0.52646,0.52738
2025-08-13T22:00:00+01:00,0.52632,0.52772,0.52544,0.5275
2025-08-14T02:00:00+01:00,0.52749,0.52863,0.52733,0.52752
2025-08-14T06:00:00+01:00,0.52754,0.52795,0.52638,0.52641
2025-08-14T10:00:00+01:00,0.52639,0.52676,0.5247,0.52476
2025-08-14T14:00:00+01:00,0.52475,0.52543,0.52411,0.52474
2025-08-14T18:00:00+01:00,0.52475,0.52515,0.52421,0.52441
2025-08-14T22:00:00+01:00,0.52437,0.5257,0.52326,0.52483
2025-08-15T02:00:00+01:00,0.52486,0.5251,0.52379,0.52432
2025-08-15T06:00:00+01:00,0.52431,0.52505,0.52404,0.52411
2025-08-15T10:00:00+01:00,0.52412,0.52514,0.52392,0.52483
2025-08-15T14:00:00+01:00,0.52485,0.52546,0.52448,0.52498
2025-08-15T18:00:00+01:00,0.52496,0.52533,0.52443,0.52522
2025-08-17T22:00:00+01:00,0.52436,0.52568,0.52387,0.52539
2025-08-18T02:00:00+01:00,0.52537,0.52585,0.52526,0.52554
2025-08-18T06:00:00+01:00,0.52556,0.52614,0.52468,0.52591
2025-08-18T10:00:00+01:00,0.52592,0.52621,0.52524,0.52544
2025-08-18T14:00:00+01:00,0.52543,0.52556,0.52326,0.52385
2025-08-18T18:00:00+01:00,0.52384,0.52452,0.52378,0.52421
2025-08-18T22:00:00+01:00,0.52472,0.52526,0.52387,0.52435
2025-08-19T02:00:00+01:00,0.52435,0.5245,0.52373,0.52377
2025-08-19T06:00:00+01:00,0.52378,0.52391,0.52236,0.52266
2025-08-19T10:00:00+01:00,0.52268,0.52311,0.52229,0.52239
2025-08-19T14:00:00+01:00,0.52237,0.52241,0.52097,0.52121
2025-08-19T18:00:00+01:00,0.52119,0.5217,0.52095,0.52141
2025-08-19T22:00:00+01:00,0.52183,0.52258,0.52053,0.52161
2025-08-20T02:00:00+01:00,0.52165,0.52187,0.51999,0.52096
2025-08-20T06:00:00+01:00,0.52097,0.5213,0.51932,0.51983
2025-08-20T10:00:00+01:00,0.51982,0.5201,0.51916,0.51917
2025-08-20T14:00:00+01:00,0.51916,0.51943,0.51639,0.51734
2025-08-20T18:00:00+01:00,0.51733,0.51781,0.51686,0.5176
2025-08-20T22:00:00+01:00,0.51709,0.51792,0.5168,0.51706
2025-08-21T02:00:00+01:00,0.51706,0.5178,0.51676,0.51703
2025-08-21T06:00:00+01:00,0.51704,0.51812,0.51667,0.51731
2025-08-21T10:00:00+01:00,0.51733,0.51863,0.51723,0.51758
2025-08-21T14:00:00+01:00,0.5176,0.51941,0.51759,0.51902
2025-08-21T18:00:00+01:00,0.51901,0.51983,0.5189,0.5191
2025-08-21T22:00:00+01:00,0.51868,0.52011,0.5178,0.5197
2025-08-22T02:00:00+01:00,0.5197,0.52053,0.51962,0.52016
2025-08-22T06:00:00+01:00,0.52015,0.52066,0.51941,0.52043
2025-08-22T10:00:00+01:00,0.52043,0.52052,0.51894,0.51895
2025-08-22T14:00:00+01:00,0.51894,0.52106,0.51891,0.51994
2025-08-22T18:00:00+01:00,0.51994,0.52048,0.51964,0.52036
2025-08-24T22:00:00+01:00,0.52011,0.52146,0.5195,0.5206
2025-08-25T02:00:00+01:00,0.52062,0.52135,0.51995,0.52107
2025-08-25T06:00:00+01:00,0.52109,0.52209,0.52045,0.52091
2025-08-25T10:00:00+01:00,0.5209,0.52138,0.52042,0.52093
2025-08-25T14:00:00+01:00,0.52092,0.52269,0.5208,0.52242
2025-08-25T18:00:00+01:00,0.52241,0.52297,0.52209,0.52248
2025-08-25T22:00:00+01:00,0.52102,0.52298,0.52063,0.52149
2025-08-26T02:00:00+01:00,0.52147,0.52202,0.52071,0.52191
2025-08-26T06:00:00+01:00,0.52191,0.52286,0.52161,0.5225
2025-08-26T10:00:00+01:00,0.52251,0.52307,0.5216,0.52182
2025-08-26T14:00:00+01:00,0.52183,0.52222,0.52135,0.52185
2025-08-26T18:00:00+01:00,0.52187,0.52214,0.52138,0.52164
2025-08-26T22:00:00+01:00,0.52165,0.52275,0.52069,0.52209
2025-08-27T02:00:00+01:00,0.52211,0.52306,0.52182,0.52219
2025-08-27T06:00:00+01:00,0.52222,0.52269,0.52171,0.52184
2025-08-27T10:00:00+01:00,0.52185,0.52232,0.52087,0.5211
2025-08-27T14:00:00+01:00,0.52111,0.52221,0.52072,0.52199
2025-08-27T18:00:00+01:00,0.52198,0.52246,0.52174,0.52205
2025-08-27T22:00:00+01:00,0.52189,0.5227,0.52154,0.52211
2025-08-28T02:00:00+01:00,0.52211,0.52246,0.52181,0.52189
2025-08-28T06:00:00+01:00,0.52187,0.52245,0.52164,0.52233
2025-08-28T10:00:00+01:00,0.52234,0.52371,0.52185,0.5236
2025-08-28T14:00:00+01:00,0.52361,0.5241,0.52277,0.52309
2025-08-28T18:00:00+01:00,0.52307,0.52383,0.5228,0.52333
2025-08-28T22:00:00+01:00,0.52304,0.52457,0.52204,0.52419
2025-08-29T02:00:00+01:00,0.52421,0.52527,0.52398,0.52482
2025-08-29T06:00:00+01:00,0.52484,0.52487,0.52286,0.52332
2025-08-29T10:00:00+01:00,0.5233,0.52442,0.52296,0.52392
2025-08-29T14:00:00+01:00,0.52392,0.52404,0.52245,0.52324
2025-08-29T18:00:00+01:00,0.52325,0.52387,0.52309,0.52372
2025-08-31T22:00:00+01:00,0.52321,0.52445,0.52258,0.52426
2025-09-01T02:00:00+01:00,0.52424,0.52425,0.52314,0.52319
2025-09-01T06:00:00+01:00,0.52319,0.52379,0.52265,0.52377
2025-09-01T10:00:00+01:00,0.52376,0.52497,0.5237,0.5249
2025-09-01T14:00:00+01:00,0.52491,0.5254,0.52424,0.52509
2025-09-01T18:00:00+01:00,0.5251,0.5251,0.52433,0.52466
2025-09-01T22:00:00+01:00,0.52432,0.5252,0.52385,0.52503
2025-09-02T02:00:00+01:00,0.52504,0.52508,0.52377,0.52387
2025-09-02T06:00:00+01:00,0.52388,0.5245,0.52225,0.52387
2025-09-02T10:00:00+01:00,0.52387,0.52435,0.52228,0.52236
2025-09-02T14:00:00+01:00,0.52237,0.52439,0.52202,0.52422
2025-09-02T18:00:00+01:00,0.52422,0.52504,0.52404,0.52463
2025-09-02T22:00:00+01:00,0.5233,0.52503,0.52276,0.52485
2025-09-03T02:00:00+01:00,0.52487,0.52564,0.52472,0.52508
2025-09-03T06:00:00+01:00,0.52507,0.52539,0.52401,0.52471
2025-09-03T10:00:00+01:00,0.5247,0.52666,0.52459,0.52665
2025-09-03T14:00:00+01:00,0.52663,0.52676,0.52535,0.52621
2025-09-03T18:00:00+01:00,0.52622,0.52651,0.52577,0.52602
2025-09-03T22:00:00+01:00,0.52594,0.5267,0.5251,0.52646
2025-09-04T02:00:00+01:00,0.52645,0.52645,0.52516,0.52517
2025-09-04T06:00:00+01:00,0.52516,0.52555,0.52453,0.52504
2025-09-04T10:00:00+01:00,0.52502,0.52537,0.52436,0.52531
2025-09-04T14:00:00+01:00,0.52533,0.52548,0.52409,0.52519
2025-09-04T18:00:00+01:00,0.52519,0.52577,0.52472,0.52498
2025-09-04T22:00:00+01:00,0.5242,0.52571,0.52343,0.52541
2025-09-05T02:00:00+01:00,0.52543,0.52551,0.52509,0.52536
2025-09-05T06:00:00+01:00,0.52535,0.52617,0.52526,0.52572
2025-09-05T10:00:00+01:00,0.52573,0.52594,0.52441,0.52559
2025-09-05T14:00:00+01:00,0.52557,0.52612,0.52231,0.52316
2025-09-05T18:00:00+01:00,0.52315,0.5235,0.52278,0.5233
2025-09-07T22:00:00+01:00,0.52351,0.52406,0.52167,0.52342
2025-09-08T02:00:00+01:00,0.52344,0.52423,0.52309,0.52335
2025-09-08T06:00:00+01:00,0.52334,0.52435,0.52314,0.52408
2025-09-08T10:00:00+01:00,0.52409,0.52452,0.52379,0.52415
2025-09-08T14:00:00+01:00,0.52417,0.52418,0.52242,0.52307
2025-09-08T18:00:00+01:00,0.52306,0.52327,0.52255,0.52283
2025-09-08T22:00:00+01:00,0.5224,0.52333,0.52198,0.52275
2025-09-09T02:00:00+01:00,0.52275,0.52344,0.52233,0.52343
2025-09-09T06:00:00+01:00,0.52342,0.52487,0.52299,0.52443
2025-09-09T10:00:00+01:00,0.52443,0.52526,0.52424,0.52452
2025-09-09T14:00:00+01:00,0.5245,0.52526,0.52402,0.52519
2025-09-09T18:00:00+01:00,0.52519,0.52536,0.52473,0.52496
2025-09-09T22:00:00+01:00,0.52418,0.52565,0.52331,0.52564
2025-09-10T02:00:00+01:00,0.52565,0.5269,0.52536,0.52686
2025-09-10T06:00:00+01:00,0.52685,0.52708,0.52624,0.52643
2025-09-10T10:00:00+01:00,0.52643,0.52809,0.52639,0.52765
2025-09-10T14:00:00+01:00,0.52768,0.52896,0.52697,0.52875
2025-09-10T18:00:00+01:00,0.52876,0.52922,0.52814,0.52857
2025-09-10T22:00:00+01:00,0.5286,0.5292,0.5278,0.52832
2025-09-11T02:00:00+01:00,0.52833,0.52873,0.52794,0.52794
2025-09-11T06:00:00+01:00,0.52795,0.52875,0.52769,0.52823
2025-09-11T10:00:00+01:00,0.52822,0.52861,0.5271,0.52833
2025-09-11T14:00:00+01:00,0.52832,0.53029,0.52794,0.53005
2025-09-11T18:00:00+01:00,0.53004,0.53042,0.52962,0.52971
2025-09-11T22:00:00+01:00,0.52963,0.53083,0.52922,0.5308
2025-09-12T02:00:00+01:00,0.53081,0.53095,0.53007,0.53048
2025-09-12T06:00:00+01:00,0.53049,0.53066,0.52974,0.52988
2025-09-12T10:00:00+01:00,0.52989,0.5306,0.52916,0.52962
2025-09-12T14:00:00+01:00,0.52961,0.52975,0.52875,0.52916
2025-09-12T18:00:00+01:00,0.52916,0.52988,0.52906,0.5298
2025-09-14T22:00:00+01:00,0.52931,0.53039,0.52831,0.5298
2025-09-15T02:00:00+01:00,0.52981,0.53077,0.52974,0.53066
2025-09-15T06:00:00+01:00,0.53069,0.53082,0.53011,0.53019
2025-09-15T10:00:00+01:00,0.53019,0.53019,0.5291,0.52983
2025-09-15T14:00:00+01:00,0.52984,0.52995,0.52902,0.52967
2025-09-15T18:00:00+01:00,0.52968,0.53031,0.52957,0.52987
2025-09-15T22:00:00+01:00,0.52985,0.53048,0.52929,0.52974
2025-09-16T02:00:00+01:00,0.52975,0.53012,0.52868,0.52873
2025-09-16T06:00:00+01:00,0.52874,0.52904,0.52766,0.52783
2025-09-16T10:00:00+01:00,0.52781,0.52809,0.5273,0.52736
2025-09-16T14:00:00+01:00,0.52736,0.52743,0.52519,0.52549
2025-09-16T18:00:00+01:00,0.52547,0.52591,0.52517,0.52553
2025-09-16T22:00:00+01:00,0.52528,0.52625,0.52458,0.5257
2025-09-17T02:00:00+01:00,0.52572,0.52587,0.52503,0.5254
2025-09-17T06:00:00+01:00,0.5254,0.5256,0.5248,0.52499
2025-09-17T10:00:00+01:00,0.52497,0.52599,0.52471,0.52568
2025-09-17T14:00:00+01:00,0.52567,0.52571,0.52431,0.52443
2025-09-17T18:00:00+01:00,0.52441,0.52568,0.52391,0.52448
2025-09-17T22:00:00+01:00,0.52389,0.52536,0.52358,0.52448
2025-09-18T02:00:00+01:00,0.5245,0.52497,0.52368,0.52429
2025-09-18T06:00:00+01:00,0.52428,0.52431,0.52354,0.52386
2025-09-18T10:00:00+01:00,0.52385,0.52526,0.52354,0.52454
2025-09-18T14:00:00+01:00,0.52455,0.52512,0.52361,0.52439
2025-09-18T18:00:00+01:00,0.52441,0.52458,0.52385,0.52402
2025-09-18T22:00:00+01:00,0.5236,0.52508,0.52269,0.52398
2025-09-19T02:00:00+01:00,0.52397,0.52432,0.52352,0.52374
2025-09-19T06:00:00+01:00,0.52373,0.52553,0.52297,0.52543
2025-09-19T10:00:00+01:00,0.52545,0.52548,0.52431,0.52439
2025-09-19T14:00:00+01:00,0.52438,0.52472,0.52368,0.52418
2025-09-19T18:00:00+01:00,0.52418,0.52485,0.52415,0.52458
2025-09-21T22:00:00+01:00,0.52413,0.52557,0.52311,0.52452
2025-09-22T02:00:00+01:00,0.5245,0.52574,0.52421,0.52566
2025-09-22T06:00:00+01:00,0.52567,0.5257,0.52305,0.52372
2025-09-22T10:00:00+01:00,0.52374,0.52426,0.52309,0.5233
2025-09-22T14:00:00+01:00,0.52332,0.52343,0.52221,0.52277
2025-09-22T18:00:00+01:00,0.5228,0.52317,0.52273,0.523
2025-09-22T22:00:00+01:00,0.52391,0.52435,0.5223,0.52248
2025-09-23T02:00:00+01:00,0.52247,0.5225,0.52132,0.52173
2025-09-23T06:00:00+01:00,0.52171,0.5229,0.52169,0.52258
2025-09-23T10:00:00+01:00,0.5226,0.52387,0.52255,0.52347
2025-09-23T14:00:00+01:00,0.52347,0.52394,0.52259,0.52283
2025-09-23T18:00:00+01:00,0.52284,0.52303,0.52171,0.52239
2025-09-23T22:00:00+01:00,0.52223,0.52359,0.52141,0.5223
2025-09-24T02:00:00+01:00,0.52228,0.52469,0.52193,0.52438
2025-09-24T06:00:00+01:00,0.52436,0.52536,0.52415,0.52505
2025-09-24T10:00:00+01:00,0.52506,0.52529,0.52376,0.5239
2025-09-24T14:00:00+01:00,0.52391,0.52412,0.52311,0.52324
2025-09-24T18:00:00+01:00,0.52324,0.52378,0.52311,0.52337
2025-09-24T22:00:00+01:00,0.52307,0.52414,0.52221,0.52377
2025-09-25T02:00:00+01:00,0.52378,0.52466,0.52354,0.52436
2025-09-25T06:00:00+01:00,0.52435,0.52558,0.52399,0.52513
2025-09-25T10:00:00+01:00,0.52513,0.52553,0.52343,0.52423
2025-09-25T14:00:00+01:00,0.52422,0.52441,0.52276,0.52399
2025-09-25T18:00:00+01:00,0.52398,0.52401,0.5223,0.52314
2025-09-25T22:00:00+01:00,0.52306,0.52402,0.52225,0.52289
2025-09-26T02:00:00+01:00,0.52287,0.52323,0.52252,0.52282
2025-09-26T06:00:00+01:00,0.5228,0.52297,0.52187,0.52204
2025-09-26T10:00:00+01:00,0.52202,0.52256,0.5217,0.52234
2025-09-26T14:00:00+01:00,0.52235,0.5229,0.52172,0.52289
2025-09-26T18:00:00+01:00,0.52289,0.52291,0.52223,0.5224
2025-09-28T22:00:00+01:00,0.52271,0.52365,0.52144,0.52227
2025-09-29T02:00:00+01:00,0.52228,0.52315,0.52188,0.5231
2025-09-29T06:00:00+01:00,0.5231,0.52333,0.52246,0.52296
2025-09-29T10:00:00+01:00,0.52296,0.52426,0.52286,0.52297
2025-09-29T14:00:00+01:00,0.52297,0.52469,0.52293,0.52416
2025-09-29T18:00:00+01:00,0.52415,0.52482,0.52411,0.52443
2025-09-29T22:00:00+01:00,0.52453,0.52533,0.52365,0.52494
2025-09-30T02:00:00+01:00,0.52495,0.52694,0.52468,0.52653
2025-09-30T06:00:00+01:00,0.52651,0.52702,0.52364,0.52622
2025-09-30T10:00:00+01:00,0.52622,0.52743,0.52599,0.52709
2025-09-30T14:00:00+01:00,0.52709,0.52808,0.52598,0.52602
2025-09-30T18:00:00+01:00,0.52599,0.52686,0.52562,0.52672
2025-09-30T22:00:00+01:00,0.52582,0.52724,0.5253,0.52593
2025-10-01T02:00:00+01:00,0.52594,0.526,0.52438,0.52455
2025-10-01T06:00:00+01:00,0.52458,0.52645,0.52422,0.52639
2025-10-01T10:00:00+01:00,0.5264,0.52821,0.52598,0.52785
2025-10-01T14:00:00+01:00,0.52785,0.52803,0.52676,0.52754
2025-10-01T18:00:00+01:00,0.52753,0.52759,0.5268,0.52727
2025-10-01T22:00:00+01:00,0.52744,0.5277,0.52655,0.5266
2025-10-02T02:00:00+01:00,0.52663,0.52724,0.52631,0.52713
2025-10-02T06:00:00+01:00,0.52715,0.52771,0.52676,0.52713
2025-10-02T10:00:00+01:00,0.52714,0.52714,0.52541,0.52591
2025-10-02T14:00:00+01:00,0.52589,0.52649,0.52554,0.52619
2025-10-02T18:00:00+01:00,0.52619,0.52653,0.52587,0.52625
2025-10-02T22:00:00+01:00,0.52631,0.52682,0.52533,0.52628
2025-10-03T02:00:00+01:00,0.52626,0.52649,0.52571,0.52572
2025-10-03T06:00:00+01:00,0.52573,0.52689,0.5256,0.52597
2025-10-03T10:00:00+01:00,0.52598,0.52646,0.52549,0.52567
2025-10-03T14:00:00+01:00,0.52565,0.52608,0.52489,0.52555
2025-10-03T18:00:00+01:00,0.52557,0.52562,0.52487,0.525
2025-10-05T22:00:00+01:00,0.52455,0.52587,0.52429,0.52557
2025-10-06T02:00:00+01:00,0.52557,0.52615,0.52526,0.5256
2025-10-06T06:00:00+01:00,0.52561,0.5279,0.5253,0.52707
2025-10-06T10:00:00+01:00,0.52705,0.52717,0.52618,0.52696
2025-10-06T14:00:00+01:00,0.52696,0.52753,0.52608,0.52615
2025-10-06T18:00:00+01:00,0.52615,0.5265,0.52568,0.52599
2025-10-06T22:00:00+01:00,0.5266,0.52713,0.52538,0.52544
2025-10-07T02:00:00+01:00,0.52546,0.52694,0.52531,0.52602
2025-10-07T06:00:00+01:00,0.52601,0.52606,0.52496,0.52578
2025-10-07T10:00:00+01:00,0.52578,0.52637,0.5253,0.52535
2025-10-07T14:00:00+01:00,0.52534,0.52638,0.52472,0.52514
2025-10-07T18:00:00+01:00,0.52516,0.52575,0.52489,0.52526
2025-10-07T22:00:00+01:00,0.52523,0.52586,0.52463,0.52541
2025-10-08T02:00:00+01:00,0.5254,0.52585,0.52487,0.5257
2025-10-08T06:00:00+01:00,0.52568,0.52625,0.52548,0.52558
2025-10-08T10:00:00+01:00,0.5256,0.52659,0.52533,0.52657
2025-10-08T14:00:00+01:00,0.52658,0.52814,0.52658,0.52782
2025-10-08T18:00:00+01:00,0.52782,0.52853,0.52772,0.52817
2025-10-08T22:00:00+01:00,0.52765,0.5284,0.52738,0.52818
2025-10-09T02:00:00+01:00,0.52817,0.5292,0.52774,0.52887
2025-10-09T06:00:00+01:00,0.52887,0.52927,0.52733,0.52784
2025-10-09T10:00:00+01:00,0.52785,0.53009,0.52777,0.53002
2025-10-09T14:00:00+01:00,0.53004,0.53042,0.52768,0.52824
2025-10-09T18:00:00+01:00,0.52822,0.52875,0.52812,0.5287
2025-10-09T22:00:00+01:00,0.52873,0.52955,0.52798,0.52947
2025-10-10T02:00:00+01:00,0.52949,0.52988,0.52914,0.52923
2025-10-10T06:00:00+01:00,0.52921,0.52937,0.52755,0.52799
2025-10-10T10:00:00+01:00,0.52801,0.52848,0.52764,0.52804
2025-10-10T14:00:00+01:00,0.52805,0.52812,0.51896,0.51964
2025-10-10T18:00:00+01:00,0.51961,0.52048,0.51691,0.51742
2025-10-12T22:00:00+01:00,0.52093,0.52262,0.51985,0.52195
2025-10-13T02:00:00+01:00,0.52197,0.52344,0.52183,0.52258
2025-10-13T06:00:00+01:00,0.52258,0.52439,0.52187,0.52436
2025-10-13T10:00:00+01:00,0.52439,0.52447,0.52302,0.52377
2025-10-13T14:00:00+01:00,0.52376,0.525,0.5237,0.52456
2025-10-13T18:00:00+01:00,0.52455,0.52461,0.52366,0.52394
2025-10-13T22:00:00+01:00,0.52397,0.52506,0.52283,0.52446
2025-10-14T02:00:00+01:00,0.52448,0.52453,0.51968,0.52011
2025-10-14T06:00:00+01:00,0.52011,0.52025,0.51828,0.51877
2025-10-14T10:00:00+01:00,0.51875,0.51945,0.51767,0.5185
2025-10-14T14:00:00+01:00,0.51848,0.52059,0.51782,0.51987
2025-10-14T18:00:00+01:00,0.51985,0.52025,0.5188,0.51944
2025-10-14T22:00:00+01:00,0.51858,0.52049,0.51801,0.52041
2025-10-15T02:00:00+01:00,0.52039,0.52162,0.52,0.52119
2025-10-15T06:00:00+01:00,0.52126,0.52154,0.52089,0.52129
2025-10-15T10:00:00+01:00,0.5213,0.52228,0.521,0.52109
2025-10-15T14:00:00+01:00,0.5211,0.52143,0.51845,0.51892
2025-10-15T18:00:00+01:00,0.51894,0.51914,0.51702,0.51887
2025-10-15T22:00:00+01:00,0.51817,0.51984,0.51541,0.51612
2025-10-16T02:00:00+01:00,0.51614,0.51703,0.51514,0.51633
2025-10-16T06:00:00+01:00,0.51633,0.51899,0.51628,0.51828
2025-10-16T10:00:00+01:00,0.51829,0.51946,0.51792,0.51801
2025-10-16T14:00:00+01:00,0.51799,0.51868,0.51428,0.51555
2025-10-16T18:00:00+01:00,0.51555,0.51586,0.51331,0.51436
2025-10-16T22:00:00+01:00,0.51489,0.51526,0.51275,0.51311
2025-10-17T02:00:00+01:00,0.5131,0.51355,0.51066,0.51172
2025-10-17T06:00:00+01:00,0.51173,0.51175,0.50777,0.50989
2025-10-17T10:00:00+01:00,0.50989,0.51471,0.50963,0.51294
2025-10-17T14:00:00+01:00,0.51293,0.51433,0.51188,0.51371
2025-10-17T18:00:00+01:00,0.5137,0.51559,0.5135,0.51544
2025-10-19T22:00:00+01:00,0.51433,0.51661,0.51386,0.5158
2025-10-20T02:00:00+01:00,0.51579,0.51685,0.51541,0.51553
2025-10-20T06:00:00+01:00,0.51555,0.51615,0.51469,0.51489
2025-10-20T10:00:00+01:00,0.51488,0.51553,0.5141,0.51454
2025-10-20T14:00:00+01:00,0.51453,0.51647,0.51429,0.51595
2025-10-20T18:00:00+01:00,0.51598,0.51638,0.51561,0.51596
2025-10-20T22:00:00+01:00,0.5156,0.5166,0.51515,0.51658
2025-10-21T02:00:00+01:00,0.51657,0.51662,0.51539,0.51578
2025-10-21T06:00:00+01:00,0.51575,0.51584,0.5136,0.51472
2025-10-21T10:00:00+01:00,0.51473,0.51676,0.51452,0.51673
2025-10-21T14:00:00+01:00,0.51672,0.5173,0.51409,0.51664
2025-10-21T18:00:00+01:00,0.51663,0.51701,0.51611,0.51665
2025-10-21T22:00:00+01:00,0.51675,0.51753,0.51611,0.51626
2025-10-22T02:00:00+01:00,0.51624,0.51766,0.51608,0.51725
2025-10-22T06:00:00+01:00,0.51727,0.51794,0.51694,0.51709
2025-10-22T10:00:00+01:00,0.51707,0.51758,0.51622,0.51711
2025-10-22T14:00:00+01:00,0.51712,0.5178,0.51523,0.51648
2025-10-22T18:00:00+01:00,0.51649,0.51699,0.51519,0.51652
2025-10-22T22:00:00+01:00,0.51679,0.51747,0.51584,0.51701
2025-10-23T02:00:00+01:00,0.51702,0.51756,0.51665,0.51705
2025-10-23T06:00:00+01:00,0.51704,0.51927,0.51694,0.51906
2025-10-23T10:00:00+01:00,0.51907,0.51976,0.51824,0.51838
2025-10-23T14:00:00+01:00,0.51839,0.51899,0.51788,0.51812
2025-10-23T18:00:00+01:00,0.51811,0.51872,0.51753,0.51785
2025-10-23T22:00:00+01:00,0.51794,0.51868,0.51708,0.51793
2025-10-24T02:00:00+01:00,0.51794,0.51813,0.51713,0.51758
2025-10-24T06:00:00+01:00,0.51759,0.51778,0.51675,0.51694
2025-10-24T10:00:00+01:00,0.51694,0.51873,0.51673,0.5179
2025-10-24T14:00:00+01:00,0.51789,0.51821,0.51667,0.51803
2025-10-24T18:00:00+01:00,0.51804,0.5183,0.51776,0.51814
2025-10-26T21:00:00+00:00,0.52126,0.5213,0.51938,0.51944
2025-10-27T01:00:00+00:00,0.51946,0.52025,0.51931,0.52014
2025-10-27T05:00:00+00:00,0.52016,0.52246,0.52009,0.52236
2025-10-27T09:00:00+00:00,0.52237,0.5224,0.5211,0.5216
2025-10-27T13:00:00+00:00,0.52161,0.52206,0.52109,0.52161
2025-10-27T17:00:00+00:00,0.52164,0.52192,0.52121,0.52171
2025-10-27T21:00:00+00:00,0.52154,0.52211,0.52072,0.52082
2025-10-28T01:00:00+00:00,0.52082,0.5212,0.52048,0.52066
2025-10-28T05:00:00+00:00,0.52067,0.52085,0.51943,0.51978
2025-10-28T09:00:00+00:00,0.5198,0.52179,0.51971,0.52148
2025-10-28T13:00:00+00:00,0.52148,0.52282,0.52133,0.52238
2025-10-28T17:00:00+00:00,0.52236,0.52279,0.52213,0.52252
2025-10-28T21:00:00+00:00,0.52255,0.52404,0.52154,0.52317
2025-10-29T01:00:00+00:00,0.52317,0.52411,0.52289,0.52387
2025-10-29T05:00:00+00:00,0.52385,0.52676,0.52378,0.52543
2025-10-29T09:00:00+00:00,0.52544,0.52614,0.52506,0.52612
2025-10-29T13:00:00+00:00,0.52614,0.52731,0.52594,0.52666
2025-10-29T17:00:00+00:00,0.52665,0.52739,0.52555,0.52584
2025-10-29T21:00:00+00:00,0.52488,0.52677,0.52458,0.52675
2025-10-30T01:00:00+00:00,0.52673,0.527,0.52455,0.52607
2025-10-30T05:00:00+00:00,0.52609,0.52674,0.52524,0.5254
2025-10-30T09:00:00+00:00,0.52537,0.52561,0.52441,0.525
2025-10-30T13:00:00+00:00,0.52499,0.52601,0.52399,0.52534
2025-10-30T17:00:00+00:00,0.52533,0.52611,0.52512,0.52559
2025-10-30T21:00:00+00:00,0.52563,0.52603,0.52507,0.52532
2025-10-31T01:00:00+00:00,0.52531,0.52561,0.5248,0.52513
2025-10-31T05:00:00+00:00,0.52514,0.52522,0.52432,0.52504
2025-10-31T09:00:00+00:00,0.52503,0.52581,0.52423,0.52544
2025-10-31T13:00:00+00:00,0.52543,0.52677,0.52512,0.5256
2025-10-31T17:00:00+00:00,0.52558,0.52714,0.52516,0.52666
2025-11-02T22:00:00+00:00,0.52607,0.52717,0.52536,0.52674
2025-11-03T02:00:00+00:00,0.52676,0.52792,0.52656,0.52763
2025-11-03T06:00:00+00:00,0.52762,0.52893,0.52683,0.52846
2025-11-03T10:00:00+00:00,0.52848,0.52896,0.52811,0.5286
2025-11-03T14:00:00+00:00,0.52858,0.52892,0.52665,0.52789
2025-11-03T18:00:00+00:00,0.5279,0.52865,0.52776,0.52833
2025-11-03T22:00:00+00:00,0.52826,0.52919,0.52764,0.52889
2025-11-04T02:00:00+00:00,0.52889,0.52893,0.52663,0.52669
2025-11-04T06:00:00+00:00,0.52669,0.52696,0.52519,0.52526
2025-11-04T10:00:00+00:00,0.52524,0.52614,0.52465,0.5249
2025-11-04T14:00:00+00:00,0.5249,0.52676,0.52469,0.52557
2025-11-04T18:00:00+00:00,0.52556,0.5262,0.52518,0.52569
2025-11-04T22:00:00+00:00,0.52557,0.52647,0.52207,0.52302
2025-11-05T02:00:00+00:00,0.52303,0.52612,0.52289,0.52507
2025-11-05T06:00:00+00:00,0.5251,0.52592,0.52473,0.52538
2025-11-05T10:00:00+00:00,0.52538,0.5262,0.52443,0.52597
2025-11-05T14:00:00+00:00,0.52597,0.52815,0.52528,0.52768
2025-11-05T18:00:00+00:00,0.52767,0.52774,0.52665,0.52705
2025-11-05T22:00:00+00:00,0.52697,0.52761,0.52548,0.52671
2025-11-06T02:00:00+00:00,0.5267,0.52744,0.52636,0.52656
2025-11-06T06:00:00+00:00,0.52656,0.52724,0.52638,0.52686
2025-11-06T10:00:00+00:00,0.52686,0.52719,0.5256,0.52563
2025-11-06T14:00:00+00:00,0.52564,0.52572,0.52171,0.52286
2025-11-06T18:00:00+00:00,0.52286,0.52333,0.52212,0.52265
2025-11-06T22:00:00+00:00,0.52325,0.52348,0.52208,0.52275
2025-11-07T02:00:00+00:00,0.52276,0.52362,0.52222,0.52333
2025-11-07T06:00:00+00:00,0.52331,0.52421,0.52328,0.52392
2025-11-07T10:00:00+00:00,0.52392,0.52403,0.52172,0.5224
2025-11-07T14:00:00+00:00,0.52239,0.52255,0.52011,0.52124
2025-11-07T18:00:00+00:00,0.52125,0.52341,0.52103,0.523
2025-11-09T22:00:00+00:00,0.52311,0.52585,0.52245,0.52557
2025-11-10T02:00:00+00:00,0.52556,0.52633,0.5251,0.52606
2025-11-10T06:00:00+00:00,0.52607,0.52699,0.52565,0.52684
2025-11-10T10:00:00+00:00,0.52685,0.52685,0.52527,0.52545
2025-11-10T14:00:00+00:00,0.52544,0.52638,0.525,0.52618
2025-11-10T18:00:00+00:00,0.52619,0.52666,0.52594,0.52639
2025-11-10T22:00:00+00:00,0.52733,0.5279,0.52565,0.52591
2025-11-11T02:00:00+00:00,0.52591,0.52591,0.52408,0.52408
2025-11-11T06:00:00+00:00,0.52409,0.5248,0.52319,0.52365
2025-11-11T10:00:00+00:00,0.52365,0.52374,0.52211,0.52244
2025-11-11T14:00:00+00:00,0.52243,0.52272,0.52147,0.52239
2025-11-11T18:00:00+00:00,0.52241,0.52291,0.52215,0.52256
2025-11-11T22:00:00+00:00,0.52178,0.52326,0.52135,0.52246
2025-11-12T02:00:00+00:00,0.52245,0.5229,0.52182,0.52277
2025-11-12T06:00:00+00:00,0.52279,0.52337,0.52212,0.52216
2025-11-12T10:00:00+00:00,0.52216,0.5229,0.52191,0.52197
2025-11-12T14:00:00+00:00,0.52197,0.52223,0.52089,0.52145
2025-11-12T18:00:00+00:00,0.52147,0.52224,0.52147,0.52178
2025-11-12T22:00:00+00:00,0.52161,0.52408,0.52119,0.5234
2025-11-13T02:00:00+00:00,0.5234,0.52432,0.52315,0.52414
2025-11-13T06:00:00+00:00,0.52414,0.52493,0.52239,0.52289
2025-11-13T10:00:00+00:00,0.52289,0.52293,0.52117,0.52148
2025-11-13T14:00:00+00:00,0.52148,0.52153,0.51794,0.51818
2025-11-13T18:00:00+00:00,0.51819,0.5183,0.51644,0.5176
2025-11-13T22:00:00+00:00,0.51743,0.519,0.51683,0.51875
2025-11-14T02:00:00+00:00,0.51879,0.51958,0.51714,0.5178
2025-11-14T06:00:00+00:00,0.51779,0.51788,0.51531,0.51662
2025-11-14T10:00:00+00:00,0.51662,0.51711,0.51379,0.51509
2025-11-14T14:00:00+00:00,0.51509,0.52008,0.51475,0.51945
2025-11-14T18:00:00+00:00,0.51944,0.51951,0.51865,0.51922
2025-11-16T22:00:00+00:00,0.5185,0.51953,0.51767,0.51793
2025-11-17T02:00:00+00:00,0.51795,0.51869,0.5178,0.51852
2025-11-17T06:00:00+00:00,0.51853,0.51887,0.51782,0.51793
2025-11-17T10:00:00+00:00,0.51792,0.5189,0.51786,0.51814
2025-11-17T14:00:00+00:00,0.51813,0.51847,0.51696,0.51795
2025-11-17T18:00:00+00:00,0.51797,0.51808,0.51627,0.51693
2025-11-17T22:00:00+00:00,0.51689,0.5174,0.51609,0.51672
2025-11-18T02:00:00+00:00,0.51672,0.51727,0.51355,0.51503
2025-11-18T06:00:00+00:00,0.51501,0.51739,0.5141,0.51733
2025-11-18T10:00:00+00:00,0.51732,0.51863,0.51712,0.51818
2025-11-18T14:00:00+00:00,0.51816,0.52079,0.51687,0.52063
2025-11-18T18:00:00+00:00,0.52065,0.52097,0.52006,0.52027
2025-11-18T22:00:00+00:00,0.52015,0.52104,0.5195,0.51965
2025-11-19T02:00:00+00:00,0.51967,0.52031,0.5181,0.51871
2025-11-19T06:00:00+00:00,0.51873,0.51999,0.51808,0.51985
2025-11-19T10:00:00+00:00,0.51983,0.52087,0.5197,0.52038
2025-11-19T14:00:00+00:00,0.52037,0.52206,0.51954,0.5199
2025-11-19T18:00:00+00:00,0.51988,0.52232,0.51988,0.52177
2025-11-19T22:00:00+00:00,0.52144,0.52307,0.52123,0.52243
2025-11-20T02:00:00+00:00,0.52243,0.52361,0.52219,0.52272
2025-11-20T06:00:00+00:00,0.52274,0.52283,0.52177,0.52222
2025-11-20T10:00:00+00:00,0.52221,0.52408,0.52216,0.52348
2025-11-20T14:00:00+00:00,0.5235,0.52405,0.51848,0.51928
2025-11-20T18:00:00+00:00,0.51927,0.52079,0.51864,0.51893
2025-11-20T22:00:00+00:00,0.51821,0.52008,0.51775,0.51984
2025-11-21T02:00:00+00:00,0.51983,0.51994,0.51809,0.51873
2025-11-21T06:00:00+00:00,0.51874,0.51974,0.51731,0.51844
2025-11-21T10:00:00+00:00,0.51843,0.52066,0.51766,0.52036
2025-11-21T14:00:00+00:00,0.52035,0.52256,0.51862,0.52175
2025-11-21T18:00:00+00:00,0.52175,0.5226,0.52136,0.52196
2025-11-23T22:00:00+00:00,0.52174,0.52298,0.52143,0.52197
2025-11-24T02:00:00+00:00,0.52198,0.52268,0.52178,0.52235
2025-11-24T06:00:00+00:00,0.52235,0.52337,0.52009,0.52039
2025-11-24T10:00:00+00:00,0.52038,0.52159,0.51976,0.52117
2025-11-24T14:00:00+00:00,0.52116,0.5226,0.52036,0.52228
2025-11-24T18:00:00+00:00,0.52227,0.523,0.52189,0.52267
2025-11-24T22:00:00+00:00,0.52292,0.52335,0.52214,0.5224
2025-11-25T02:00:00+00:00,0.52239,0.52286,0.52182,0.52236
2025-11-25T06:00:00+00:00,0.52236,0.52287,0.5218,0.52282
2025-11-25T10:00:00+00:00,0.52283,0.52343,0.52208,0.52235
2025-11-25T14:00:00+00:00,0.52236,0.52277,0.51957,0.52198
2025-11-25T18:00:00+00:00,0.52201,0.52281,0.52171,0.52229
2025-11-25T22:00:00+00:00,0.52194,0.52401,0.52146,0.52379
2025-11-26T02:00:00+00:00,0.52377,0.52446,0.52324,0.52343
2025-11-26T06:00:00+00:00,0.52343,0.52429,0.52319,0.52423
2025-11-26T10:00:00+00:00,0.52424,0.52466,0.52309,0.5245
2025-11-26T14:00:00+00:00,0.52452,0.52493,0.5237,0.52391
2025-11-26T18:00:00+00:00,0.52392,0.52465,0.52373,0.52431
2025-11-26T22:00:00+00:00,0.52463,0.52499,0.52392,0.52443
2025-11-27T02:00:00+00:00,0.52442,0.52554,0.52425,0.52496
2025-11-27T06:00:00+00:00,0.52497,0.52585,0.52463,0.52558
2025-11-27T10:00:00+00:00,0.5256,0.52615,0.5254,0.52541
2025-11-27T14:00:00+00:00,0.52541,0.52635,0.52541,0.52574
2025-11-27T18:00:00+00:00,0.52573,0.52616,0.52551,0.52587
2025-11-27T22:00:00+00:00,0.52563,0.5266,0.52514,0.52639
2025-11-28T02:00:00+00:00,0.52638,0.52702,0.52519,0.52533
2025-11-28T06:00:00+00:00,0.52533,0.52642,0.52505,0.52612
2025-11-28T10:00:00+00:00,0.52611,0.5266,0.52557,0.52609
2025-11-28T14:00:00+00:00,0.52611,0.52721,0.52563,0.52615
2025-11-28T18:00:00+00:00,0.52617,0.5271,0.52548,0.52638
2025-11-30T22:00:00+00:00,0.52631,0.5269,0.52521,0.52646
2025-12-01T02:00:00+00:00,0.52645,0.5266,0.52564,0.52624
2025-12-01T06:00:00+00:00,0.52624,0.5265,0.52543,0.52587
2025-12-01T10:00:00+00:00,0.52586,0.52633,0.52486,0.5253
2025-12-01T14:00:00+00:00,0.52532,0.52675,0.52531,0.52666
2025-12-01T18:00:00+00:00,0.52665,0.52678,0.52608,0.5264
2025-12-01T22:00:00+00:00,0.5259,0.52678,0.52543,0.52653
2025-12-02T02:00:00+00:00,0.52649,0.52747,0.52641,0.52723
2025-12-02T06:00:00+00:00,0.52724,0.52758,0.52651,0.52663
2025-12-02T10:00:00+00:00,0.52663,0.52798,0.52653,0.52794
2025-12-02T14:00:00+00:00,0.52795,0.52853,0.52696,0.52706
2025-12-02T18:00:00+00:00,0.52704,0.52764,0.52692,0.52724
2025-12-02T22:00:00+00:00,0.52757,0.52808,0.52568,0.52729
2025-12-03T02:00:00+00:00,0.52729,0.52799,0.52704,0.52794
2025-12-03T06:00:00+00:00,0.52792,0.52805,0.52707,0.52775
2025-12-03T10:00:00+00:00,0.52776,0.5279,0.52702,0.52737
2025-12-03T14:00:00+00:00,0.52736,0.52845,0.52583,0.52737
2025-12-03T18:00:00+00:00,0.52735,0.5282,0.52721,0.52787
2025-12-03T22:00:00+00:00,0.52804,0.52896,0.52743,0.52858
2025-12-04T02:00:00+00:00,0.5286,0.52974,0.52858,0.52946
2025-12-04T06:00:00+00:00,0.52944,0.53018,0.52882,0.5291
2025-12-04T10:00:00+00:00,0.5291,0.52966,0.52838,0.52909
2025-12-04T14:00:00+00:00,0.5291,0.53107,0.52899,0.53096
2025-12-04T18:00:00+00:00,0.53097,0.53166,0.53075,0.53126
2025-12-04T22:00:00+00:00,0.53078,0.53141,0.53042,0.5312
2025-12-05T02:00:00+00:00,0.53123,0.53188,0.53113,0.53172
2025-12-05T06:00:00+00:00,0.53173,0.53272,0.53136,0.53226
2025-12-05T10:00:00+00:00,0.53228,0.53386,0.53206,0.53363
2025-12-05T14:00:00+00:00,0.53364,0.53442,0.53321,0.53436
2025-12-05T18:00:00+00:00,0.53437,0.53449,0.53378,0.53442
2025-12-07T22:00:00+00:00,0.53367,0.53446,0.533,0.53381
2025-12-08T02:00:00+00:00,0.5338,0.53421,0.53354,0.53391
2025-12-08T06:00:00+00:00,0.5339,0.53398,0.5329,0.53374
2025-12-08T10:00:00+00:00,0.53373,0.53517,0.53351,0.53485
2025-12-08T14:00:00+00:00,0.53485,0.5352,0.53431,0.5347
2025-12-08T18:00:00+00:00,0.5347,0.53489,0.53402,0.53438
2025-12-08T22:00:00+00:00,0.53456,0.53503,0.53387,0.53422
2025-12-09T02:00:00+00:00,0.53423,0.53621,0.53267,0.5351
2025-12-09T06:00:00+00:00,0.53513,0.5357,0.53439,0.53534
2025-12-09T10:00:00+00:00,0.53534,0.53574,0.53473,0.53513
2025-12-09T14:00:00+00:00,0.53513,0.5369,0.53504,0.53533
2025-12-09T18:00:00+00:00,0.53531,0.53579,0.53493,0.53565
2025-12-09T22:00:00+00:00,0.53544,0.53648,0.5344,0.53486
2025-12-10T02:00:00+00:00,0.53485,0.53544,0.53438,0.53542
2025-12-10T06:00:00+00:00,0.5354,0.5358,0.53475,0.5354
2025-12-10T10:00:00+00:00,0.5354,0.53575,0.53345,0.53354
2025-12-10T14:00:00+00:00,0.53353,0.53361,0.53239,0.53295
2025-12-10T18:00:00+00:00,0.53296,0.53468,0.53274,0.53392
2025-12-10T22:00:00+00:00,0.53377,0.53422,0.53231,0.5329
2025-12-11T02:00:00+00:00,0.53287,0.53307,0.52975,0.53066
2025-12-11T06:00:00+00:00,0.53062,0.53167,0.53007,0.53085
2025-12-11T10:00:00+00:00,0.53085,0.53099,0.52974,0.53018
2025-12-11T14:00:00+00:00,0.53019,0.53035,0.52848,0.52924
2025-12-11T18:00:00+00:00,0.52922,0.53025,0.52916,0.53005
2025-12-11T22:00:00+00:00,0.53005,0.53058,0.52872,0.52987
2025-12-12T02:00:00+00:00,0.52984,0.53003,0.52947,0.52987
2025-12-12T06:00:00+00:00,0.52984,0.53084,0.52933,0.53014
2025-12-12T10:00:00+00:00,0.53012,0.5306,0.5297,0.53038
2025-12-12T14:00:00+00:00,0.53038,0.53063,0.5279,0.52917
2025-12-12T18:00:00+00:00,0.52919,0.52973,0.52912,0.52952
2025-12-14T22:00:00+00:00,0.52826,0.52986,0.52743,0.5296
2025-12-15T02:00:00+00:00,0.5296,0.5296,0.5286,0.52896
2025-12-15T06:00:00+00:00,0.52893,0.53026,0.52886,0.52929
2025-12-15T10:00:00+00:00,0.52928,0.52965,0.52869,0.52947
2025-12-15T14:00:00+00:00,0.52948,0.52961,0.52774,0.52897
2025-12-15T18:00:00+00:00,0.52897,0.52915,0.52842,0.5288
2025-12-15T22:00:00+00:00,0.5288,0.52941,0.5268,0.52697
2025-12-16T02:00:00+00:00,0.52694,0.52877,0.52676,0.52818
2025-12-16T06:00:00+00:00,0.52816,0.52934,0.52798,0.52798
2025-12-16T10:00:00+00:00,0.52798,0.52852,0.52696,0.52823
2025-12-16T14:00:00+00:00,0.52824,0.52865,0.5266,0.52694
2025-12-16T18:00:00+00:00,0.52694,0.52786,0.52673,0.52749
2025-12-16T22:00:00+00:00,0.52699,0.52788,0.52628,0.52744
2025-12-17T02:00:00+00:00,0.52745,0.52747,0.52667,0.52709
2025-12-17T06:00:00+00:00,0.52711,0.52879,0.52706,0.52777
2025-12-17T10:00:00+00:00,0.52775,0.52802,0.52636,0.52705
2025-12-17T14:00:00+00:00,0.52706,0.52727,0.5248,0.52504
2025-12-17T18:00:00+00:00,0.52504,0.52585,0.52466,0.52537
2025-12-17T22:00:00+00:00,0.52513,0.52589,0.52453,0.52502
2025-12-18T02:00:00+00:00,0.52503,0.52534,0.52432,0.5251
2025-12-18T06:00:00+00:00,0.52509,0.52628,0.5249,0.5261
2025-12-18T10:00:00+00:00,0.52609,0.52633,0.52477,0.5257
2025-12-18T14:00:00+00:00,0.52571,0.52643,0.52484,0.52558
2025-12-18T18:00:00+00:00,0.52557,0.5259,0.5248,0.52524
2025-12-18T22:00:00+00:00,0.52578,0.52612,0.52475,0.52546
2025-12-19T02:00:00+00:00,0.52544,0.5258,0.52496,0.52497
2025-12-19T06:00:00+00:00,0.52499,0.52572,0.52487,0.52548
2025-12-19T10:00:00+00:00,0.52549,0.52578,0.52508,0.52558
2025-12-19T14:00:00+00:00,0.52558,0.52702,0.52524,0.52594
2025-12-19T18:00:00+00:00,0.52594,0.52621,0.52565,0.52586
2025-12-21T22:00:00+00:00,0.52555,0.52676,0.52461,0.52622
2025-12-22T02:00:00+00:00,0.52624,0.5267,0.52599,0.52655
2025-12-22T06:00:00+00:00,0.52656,0.52767,0.5265,0.52676
2025-12-22T10:00:00+00:00,0.52675,0.52739,0.52668,0.52704
2025-12-22T14:00:00+00:00,0.52703,0.52764,0.52661,0.52721
2025-12-22T18:00:00+00:00,0.5272,0.52737,0.52686,0.52716
2025-12-22T22:00:00+00:00,0.52757,0.52833,0.52646,0.52685
2025-12-23T02:00:00+00:00,0.52682,0.52706,0.5261,0.52648
2025-12-23T06:00:00+00:00,0.52649,0.52792,0.52645,0.52763
2025-12-23T10:00:00+00:00,0.52761,0.52842,0.52668,0.52769
2025-12-23T14:00:00+00:00,0.5277,0.52882,0.52757,0.52795
2025-12-23T18:00:00+00:00,0.52795,0.52818,0.52754,0.52785
2025-12-23T22:00:00+00:00,0.5296,0.52982,0.527,0.52775
2025-12-24T02:00:00+00:00,0.52775,0.52851,0.52766,0.52826
2025-12-24T06:00:00+00:00,0.52824,0.52903,0.52775,0.5278
2025-12-24T10:00:00+00:00,0.5278,0.52842,0.52767,0.52842
2025-12-24T14:00:00+00:00,0.52843,0.52984,0.52825,0.52883
2025-12-24T18:00:00+00:00,0.52883,0.52893,0.52813,0.52868
2025-12-24T22:00:00+00:00,0.5294,0.52941,0.52699,0.5285
2025-12-25T02:00:00+00:00,0.52852,0.52934,0.52787,0.52866
2025-12-25T06:00:00+00:00,0.52876,0.52941,0.52755,0.52858
2025-12-25T22:00:00+00:00,0.52719,0.52922,0.52719,0.52878
2025-12-26T02:00:00+00:00,0.52877,0.5294,0.52852,0.52878
2025-12-26T06:00:00+00:00,0.52879,0.5295,0.52867,0.52909
2025-12-26T10:00:00+00:00,0.52908,0.52955,0.52897,0.52948
2025-12-26T14:00:00+00:00,0.52947,0.53008,0.52944,0.52984
2025-12-26T18:00:00+00:00,0.52985,0.53038,0.52947,0.53034
2025-12-28T22:00:00+00:00,0.52882,0.53025,0.52801,0.52989
2025-12-29T02:00:00+00:00,0.52988,0.53118,0.52984,0.53051
2025-12-29T06:00:00+00:00,0.5305,0.53058,0.5278,0.52826
2025-12-29T10:00:00+00:00,0.52826,0.53011,0.52811,0.52882
2025-12-29T14:00:00+00:00,0.52882,0.52906,0.52744,0.52885
2025-12-29T18:00:00+00:00,0.52883,0.52907,0.52802,0.52819
2025-12-29T22:00:00+00:00,0.52814,0.52888,0.5276,0.52887
2025-12-30T02:00:00+00:00,0.52889,0.52956,0.52848,0.52951
2025-12-30T06:00:00+00:00,0.5295,0.52978,0.5287,0.52882
2025-12-30T10:00:00+00:00,0.52882,0.52985,0.52846,0.52877
2025-12-30T14:00:00+00:00,0.52877,0.53041,0.52877,0.53037
2025-12-30T18:00:00+00:00,0.53036,0.5305,0.52985,0.52997
2025-12-30T22:00:00+00:00,0.52992,0.53055,0.52967,0.53014
2025-12-31T02:00:00+00:00,0.53014,0.53082,0.53009,0.53034
2025-12-31T06:00:00+00:00,0.53033,0.5309,0.52996,0.53032
2025-12-31T10:00:00+00:00,0.53031,0.53044,0.52907,0.52965
2025-12-31T14:00:00+00:00,0.52965,0.5297,0.52805,0.52938
2025-12-31T18:00:00+00:00,0.52941,0.5295,0.52843,0.52882
2026-01-01T22:00:00+00:00,0.52921,0.53007,0.52785,0.52951
2026-01-02T02:00:00+00:00,0.52953,0.53073,0.52925,0.5306
2026-01-02T06:00:00+00:00,0.53059,0.53215,0.53051,0.53167
2026-01-02T10:00:00+00:00,0.53165,0.53187,0.53038,0.53043
2026-01-02T14:00:00+00:00,0.53043,0.53073,0.52835,0.52937
2026-01-02T18:00:00+00:00,0.52939,0.5307,0.52928,0.53044
2026-01-04T22:00:00+00:00,0.52915,0.53075,0.52887,0.52967
2026-01-05T02:00:00+00:00,0.52968,0.53068,0.52933,0.53013
2026-01-05T06:00:00+00:00,0.53014,0.53179,0.52997,0.53164
2026-01-05T10:00:00+00:00,0.53164,0.5321,0.53065,0.53117
2026-01-05T14:00:00+00:00,0.53116,0.5328,0.53102,0.53202
2026-01-05T18:00:00+00:00,0.53202,0.53209,0.53126,0.53155
2026-01-05T22:00:00+00:00,0.53168,0.53232,0.531,0.53143
2026-01-06T02:00:00+00:00,0.53144,0.5325,0.53136,0.53239
2026-01-06T06:00:00+00:00,0.53238,0.53324,0.53216,0.5324
2026-01-06T10:00:00+00:00,0.53239,0.53346,0.53222,0.53334
2026-01-06T14:00:00+00:00,0.53334,0.53581,0.53322,0.53544
2026-01-06T18:00:00+00:00,0.53543,0.53642,0.53535,0.5359
2026-01-06T22:00:00+00:00,0.53566,0.53658,0.5345,0.53643
2026-01-07T02:00:00+00:00,0.53641,0.53781,0.53607,0.53695
2026-01-07T06:00:00+00:00,0.53696,0.53714,0.53585,0.53624
2026-01-07T10:00:00+00:00,0.53626,0.53707,0.53567,0.53635
2026-01-07T14:00:00+00:00,0.53636,0.53692,0.53561,0.53624
2026-01-07T18:00:00+00:00,0.53622,0.53696,0.53568,0.53601
2026-01-07T22:00:00+00:00,0.53536,0.53656,0.53509,0.53649
2026-01-08T02:00:00+00:00,0.53649,0.53651,0.53417,0.53445
2026-01-08T06:00:00+00:00,0.53442,0.53517,0.53327,0.5338
2026-01-08T10:00:00+00:00,0.53381,0.53448,0.53344,0.53424
2026-01-08T14:00:00+00:00,0.53423,0.53529,0.53374,0.53527
2026-01-08T18:00:00+00:00,0.53526,0.53565,0.53494,0.53537
2026-01-08T22:00:00+00:00,0.53537,0.53572,0.53472,0.53534
2026-01-09T02:00:00+00:00,0.53536,0.53578,0.53492,0.53543
2026-01-09T06:00:00+00:00,0.53544,0.5355,0.53393,0.53455
2026-01-09T10:00:00+00:00,0.53455,0.53548,0.53356,0.53499
2026-01-09T14:00:00+00:00,0.53499,0.53578,0.53409,0.53549
2026-01-09T18:00:00+00:00,0.53547,0.53594,0.5354,0.5358
2026-01-11T22:00:00+00:00,0.53486,0.53611,0.53435,0.53485
2026-01-12T02:00:00+00:00,0.53485,0.53535,0.5343,0.53456
2026-01-12T06:00:00+00:00,0.53458,0.53479,0.53347,0.53455
2026-01-12T10:00:00+00:00,0.53453,0.53534,0.53426,0.53482
2026-01-12T14:00:00+00:00,0.53482,0.53551,0.53435,0.53517
2026-01-12T18:00:00+00:00,0.53519,0.53564,0.53478,0.53499
2026-01-12T22:00:00+00:00,0.53498,0.53567,0.53459,0.53549
2026-01-13T02:00:00+00:00,0.5355,0.53586,0.53458,0.53496
2026-01-13T06:00:00+00:00,0.53497,0.53523,0.53429,0.53493
2026-01-13T10:00:00+00:00,0.53494,0.53658,0.5346,0.5356
2026-01-13T14:00:00+00:00,0.53559,0.53585,0.53413,0.53502
2026-01-13T18:00:00+00:00,0.53503,0.53548,0.53478,0.53539
2026-01-13T22:00:00+00:00,0.53536,0.53579,0.535,0.53567
2026-01-14T02:00:00+00:00,0.53568,0.53681,0.53564,0.53652
2026-01-14T06:00:00+00:00,0.53654,0.53751,0.53583,0.53703
2026-01-14T10:00:00+00:00,0.53702,0.53727,0.53449,0.53511
2026-01-14T14:00:00+00:00,0.53512,0.53529,0.53326,0.53365
2026-01-14T18:00:00+00:00,0.53365,0.53504,0.53365,0.53444
2026-01-14T22:00:00+00:00,0.53431,0.53481,0.53375,0.53436
2026-01-15T02:00:00+00:00,0.53436,0.53497,0.53354,0.53482
2026-01-15T06:00:00+00:00,0.5348,0.53665,0.53473,0.53598
2026-01-15T10:00:00+00:00,0.53598,0.5367,0.53559,0.53585
2026-01-15T14:00:00+00:00,0.53586,0.53879,0.53568,0.53841
2026-01-15T18:00:00+00:00,0.53839,0.53872,0.53768,0.53785
2026-01-15T22:00:00+00:00,0.53779,0.5387,0.53729,0.53802
2026-01-16T02:00:00+00:00,0.53802,0.53828,0.53773,0.53787
2026-01-16T06:00:00+00:00,0.53789,0.53804,0.53736,0.53767
2026-01-16T10:00:00+00:00,0.53767,0.53788,0.53626,0.53659
2026-01-16T14:00:00+00:00,0.53659,0.53671,0.53564,0.53655
2026-01-16T18:00:00+00:00,0.53653,0.53702,0.53648,0.53676
2026-01-18T22:00:00+00:00,0.53533,0.5359,0.53361,0.53414
2026-01-19T02:00:00+00:00,0.53414,0.53509,0.53397,0.53492
2026-01-19T06:00:00+00:00,0.53492,0.53546,0.53414,0.53495
2026-01-19T10:00:00+00:00,0.53494,0.53558,0.53471,0.53501
2026-01-19T14:00:00+00:00,0.53502,0.53567,0.53442,0.53554
2026-01-19T18:00:00+00:00,0.53555,0.53572,0.53514,0.53553
2026-01-19T22:00:00+00:00,0.53548,0.53585,0.53495,0.53521
2026-01-20T02:00:00+00:00,0.5352,0.53682,0.53504,0.53642
2026-01-20T06:00:00+00:00,0.53641,0.53671,0.53112,0.53195
2026-01-20T10:00:00+00:00,0.53194,0.53276,0.53079,0.53182
2026-01-20T14:00:00+00:00,0.53181,0.53328,0.53177,0.53201
2026-01-20T18:00:00+00:00,0.53199,0.53248,0.53136,0.53202
2026-01-20T22:00:00+00:00,0.5314,0.5326,0.53101,0.53229
2026-01-21T02:00:00+00:00,0.5323,0.53313,0.53169,0.5328
2026-01-21T06:00:00+00:00,0.53282,0.53521,0.53272,0.53496
2026-01-21T10:00:00+00:00,0.53497,0.53521,0.5337,0.53504
2026-01-21T14:00:00+00:00,0.53504,0.53794,0.53475,0.53627
2026-01-21T18:00:00+00:00,0.53626,0.53861,0.53588,0.53804
2026-01-21T22:00:00+00:00,0.53808,0.54075,0.5374,0.5407
2026-01-22T02:00:00+00:00,0.5407,0.54111,0.54022,0.54073
2026-01-22T06:00:00+00:00,0.54072,0.54158,0.53921,0.53954
2026-01-22T10:00:00+00:00,0.53953,0.54011,0.53903,0.54002
2026-01-22T14:00:00+00:00,0.54002,0.54041,0.53917,0.54034
2026-01-22T18:00:00+00:00,0.54032,0.54075,0.53939,0.5395
2026-01-22T22:00:00+00:00,0.54012,0.54116,0.53931,0.54055
2026-01-23T02:00:00+00:00,0.54054,0.54127,0.54022,0.54109
2026-01-23T06:00:00+00:00,0.54107,0.54175,0.54031,0.541
2026-01-23T10:00:00+00:00,0.541,0.54256,0.54065,0.54167
2026-01-23T14:00:00+00:00,0.54168,0.54299,0.5407,0.54076
2026-01-23T18:00:00+00:00,0.54075,0.54127,0.53725,0.53788
2026-01-25T22:00:00+00:00,0.53722,0.53869,0.53571,0.53803
2026-01-26T02:00:00+00:00,0.53804,0.53812,0.53696,0.53725
2026-01-26T06:00:00+00:00,0.53724,0.53876,0.53663,0.53706
2026-01-26T10:00:00+00:00,0.53704,0.53871,0.53702,0.53798
2026-01-26T14:00:00+00:00,0.53798,0.5388,0.53642,0.53828
2026-01-26T18:00:00+00:00,0.53827,0.53852,0.53695,0.53749
2026-01-26T22:00:00+00:00,0.53715,0.53763,0.53661,0.53754
2026-01-27T02:00:00+00:00,0.53753,0.53778,0.53679,0.53743
2026-01-27T06:00:00+00:00,0.53744,0.53813,0.53705,0.53737
2026-01-27T10:00:00+00:00,0.53737,0.53805,0.53483,0.53534
2026-01-27T14:00:00+00:00,0.53532,0.53581,0.53378,0.53485
2026-01-27T18:00:00+00:00,0.53482,0.5352,0.5331,0.53365
2026-01-27T22:00:00+00:00,0.53364,0.53619,0.53297,0.535
2026-01-28T02:00:00+00:00,0.53502,0.53597,0.53476,0.5359
2026-01-28T06:00:00+00:00,0.53592,0.53799,0.53505,0.53716
2026-01-28T10:00:00+00:00,0.53717,0.53806,0.53683,0.53763
2026-01-28T14:00:00+00:00,0.53761,0.53917,0.53696,0.53869
2026-01-28T18:00:00+00:00,0.53867,0.54147,0.53856,0.5409
2026-01-28T22:00:00+00:00,0.54029,0.5415,0.53837,0.53927
2026-01-29T02:00:00+00:00,0.53929,0.54306,0.53919,0.54276
2026-01-29T06:00:00+00:00,0.54276,0.54282,0.54112,0.54181
2026-01-29T10:00:00+00:00,0.54178,0.54263,0.54,0.54228
2026-01-29T14:00:00+00:00,0.54229,0.543,0.5356,0.53802
2026-01-29T18:00:00+00:00,0.53804,0.53961,0.53775,0.53877
2026-01-29T22:00:00+00:00,0.53926,0.54039,0.53797,0.53832
2026-01-30T02:00:00+00:00,0.53836,0.53861,0.53663,0.53798
2026-01-30T06:00:00+00:00,0.53801,0.53853,0.53651,0.53699
2026-01-30T10:00:00+00:00,0.53696,0.53916,0.53694,0.53758
2026-01-30T14:00:00+00:00,0.53757,0.54055,0.53751,0.53817
2026-01-30T18:00:00+00:00,0.53815,0.53862,0.53609,0.53836
2026-02-01T22:00:00+00:00,0.53721,0.53852,0.53607,0.53775
2026-02-02T02:00:00+00:00,0.53776,0.53819,0.53483,0.53534
2026-02-02T06:00:00+00:00,0.53535,0.5397,0.53412,0.53965
2026-02-02T10:00:00+00:00,0.53964,0.54122,0.5391,0.54104
2026-02-02T14:00:00+00:00,0.54103,0.5436,0.5409,0.5421
2026-02-02T18:00:00+00:00,0.54209,0.54235,0.54139,0.54153
2026-02-02T22:00:00+00:00,0.54168,0.5431,0.54066,0.543
2026-02-03T02:00:00+00:00,0.54302,0.54741,0.54182,0.5453
2026-02-03T06:00:00+00:00,0.5453,0.5479,0.54486,0.54566
2026-02-03T10:00:00+00:00,0.54568,0.54611,0.54444,0.54477
2026-02-03T14:00:00+00:00,0.54479,0.54506,0.54275,0.5434
2026-02-03T18:00:00+00:00,0.54339,0.54485,0.54246,0.54446
2026-02-03T22:00:00+00:00,0.54436,0.54592,0.54334,0.54523
2026-02-04T02:00:00+00:00,0.54523,0.54553,0.54411,0.54479
2026-02-04T06:00:00+00:00,0.54482,0.54666,0.5446,0.54497
2026-02-04T10:00:00+00:00,0.54496,0.54558,0.54459,0.54541
2026-02-04T14:00:00+00:00,0.54541,0.54558,0.54144,0.54214
2026-02-04T18:00:00+00:00,0.54212,0.54441,0.54158,0.54415
2026-02-04T22:00:00+00:00,0.54359,0.54478,0.54275,0.54366
2026-02-05T02:00:00+00:00,0.54367,0.54375,0.54102,0.54253
2026-02-05T06:00:00+00:00,0.54255,0.54331,0.54134,0.54239
2026-02-05T10:00:00+00:00,0.54241,0.5431,0.53985,0.53994
2026-02-05T14:00:00+00:00,0.53997,0.54243,0.53868,0.54157
2026-02-05T18:00:00+00:00,0.54155,0.54184,0.53887,0.5392
2026-02-05T22:00:00+00:00,0.53922,0.53985,0.53653,0.53903
2026-02-06T02:00:00+00:00,0.53902,0.54014,0.53886,0.54011
2026-02-06T06:00:00+00:00,0.54009,0.54302,0.53993,0.543
2026-02-06T10:00:00+00:00,0.54303,0.54382,0.54218,0.54346
2026-02-06T14:00:00+00:00,0.54345,0.54489,0.54304,0.54441
2026-02-06T18:00:00+00:00,0.54441,0.54466,0.54396,0.54422
2026-02-08T22:00:00+00:00,0.5438,0.54609,0.54326,0.54434
2026-02-09T02:00:00+00:00,0.54432,0.54585,0.54431,0.54469
2026-02-09T06:00:00+00:00,0.5447,0.54473,0.54314,0.54331
2026-02-09T10:00:00+00:00,0.54333,0.5434,0.54187,0.54255
2026-02-09T14:00:00+00:00,0.54256,0.54436,0.54197,0.54397
2026-02-09T18:00:00+00:00,0.54398,0.54412,0.54314,0.54343
2026-02-09T22:00:00+00:00,0.54385,0.54471,0.5428,0.5436
2026-02-10T02:00:00+00:00,0.54361,0.54364,0.54202,0.54262
2026-02-10T06:00:00+00:00,0.54263,0.5428,0.54146,0.54163
2026-02-10T10:00:00+00:00,0.54164,0.5424,0.54129,0.54139
2026-02-10T14:00:00+00:00,0.54137,0.54329,0.53982,0.54303
2026-02-10T18:00:00+00:00,0.54301,0.54376,0.54265,0.54338
2026-02-10T22:00:00+00:00,0.54263,0.54519,0.54152,0.5449
2026-02-11T02:00:00+00:00,0.5449,0.54647,0.54444,0.54472
2026-02-11T06:00:00+00:00,0.5447,0.54544,0.54348,0.54473
2026-02-11T10:00:00+00:00,0.54473,0.5484,0.54425,0.5484
2026-02-11T14:00:00+00:00,0.54839,0.55043,0.54785,0.5498
2026-02-11T18:00:00+00:00,0.54978,0.55028,0.5489,0.54994
2026-02-11T22:00:00+00:00,0.54878,0.55068,0.54862,0.55031
2026-02-12T02:00:00+00:00,0.55034,0.55046,0.54873,0.54963
2026-02-12T06:00:00+00:00,0.54964,0.54964,0.54692,0.54712
2026-02-12T10:00:00+00:00,0.54711,0.54919,0.54668,0.54896
2026-02-12T14:00:00+00:00,0.54896,0.54938,0.54486,0.54548
2026-02-12T18:00:00+00:00,0.54547,0.54648,0.54483,0.54551
2026-02-12T22:00:00+00:00,0.54416,0.54624,0.54375,0.54533
2026-02-13T02:00:00+00:00,0.54534,0.54586,0.54419,0.54444
2026-02-13T06:00:00+00:00,0.54446,0.54486,0.54293,0.54431
2026-02-13T10:00:00+00:00,0.54431,0.54449,0.54163,0.54323
2026-02-13T14:00:00+00:00,0.54321,0.54441,0.54168,0.54337
2026-02-13T18:00:00+00:00,0.54339,0.54402,0.5427,0.54284
2026-02-15T22:00:00+00:00,0.54329,0.54466,0.54174,0.54432
2026-02-16T02:00:00+00:00,0.54434,0.54485,0.54397,0.54473
2026-02-16T06:00:00+00:00,0.54472,0.54572,0.54448,0.54514
2026-02-16T10:00:00+00:00,0.54517,0.54578,0.54487,0.54526
2026-02-16T14:00:00+00:00,0.54524,0.54536,0.54371,0.54435
2026-02-16T18:00:00+00:00,0.54436,0.54461,0.54392,0.54435
2026-02-16T22:00:00+00:00,0.54388,0.5447,0.54318,0.54331
2026-02-17T02:00:00+00:00,0.5433,0.54388,0.54235,0.54316
2026-02-17T06:00:00+00:00,0.54314,0.5446,0.54302,0.54402
2026-02-17T10:00:00+00:00,0.54404,0.54458,0.54285,0.54334
2026-02-17T14:00:00+00:00,0.54334,0.54566,0.54304,0.54487
2026-02-17T18:00:00+00:00,0.54489,0.54622,0.54472,0.54582
2026-02-17T22:00:00+00:00,0.54665,0.54721,0.54492,0.5451
2026-02-18T02:00:00+00:00,0.54509,0.54533,0.54458,0.54486
2026-02-18T06:00:00+00:00,0.54488,0.54617,0.54474,0.54605
2026-02-18T10:00:00+00:00,0.54604,0.54629,0.54449,0.5445
2026-02-18T14:00:00+00:00,0.54451,0.54604,0.54412,0.54585
2026-02-18T18:00:00+00:00,0.54583,0.54592,0.54357,0.54449
2026-02-18T22:00:00+00:00,0.54442,0.54575,0.54282,0.54568
2026-02-19T02:00:00+00:00,0.5457,0.54628,0.54472,0.54522
2026-02-19T06:00:00+00:00,0.5452,0.54682,0.54508,0.54587
2026-02-19T10:00:00+00:00,0.54585,0.54663,0.54519,0.54633
2026-02-19T14:00:00+00:00,0.54634,0.54749,0.54497,0.54673
2026-02-19T18:00:00+00:00,0.54672,0.54736,0.54639,0.54702
2026-02-19T22:00:00+00:00,0.54694,0.54757,0.54493,0.5455
2026-02-20T02:00:00+00:00,0.54552,0.54645,0.54451,0.54643
2026-02-20T06:00:00+00:00,0.54641,0.54787,0.5463,0.5473
2026-02-20T10:00:00+00:00,0.54731,0.54815,0.54648,0.54739
2026-02-20T14:00:00+00:00,0.54738,0.54974,0.5467,0.54863
2026-02-20T18:00:00+00:00,0.54862,0.54981,0.54783,0.54964
2026-02-22T22:00:00+00:00,0.54803,0.54951,0.54631,0.54643
2026-02-23T02:00:00+00:00,0.54642,0.54664,0.54546,0.54649
2026-02-23T06:00:00+00:00,0.54647,0.54866,0.54628,0.54852
2026-02-23T10:00:00+00:00,0.54851,0.54905,0.54769,0.54782
2026-02-23T14:00:00+00:00,0.54783,0.54878,0.54566,0.54625
2026-02-23T18:00:00+00:00,0.54625,0.54696,0.54614,0.54654
2026-02-23T22:00:00+00:00,0.54653,0.54754,0.54553,0.54738
2026-02-24T02:00:00+00:00,0.54737,0.54838,0.54719,0.54793
2026-02-24T06:00:00+00:00,0.54791,0.54853,0.54646,0.54665
2026-02-24T10:00:00+00:00,0.54666,0.54684,0.54486,0.54505
2026-02-24T14:00:00+00:00,0.54505,0.54695,0.54423,0.54639
2026-02-24T18:00:00+00:00,0.54638,0.54651,0.54596,0.54621
2026-02-24T22:00:00+00:00,0.54614,0.54794,0.54595,0.54753
2026-02-25T02:00:00+00:00,0.54753,0.54953,0.54744,0.5491
2026-02-25T06:00:00+00:00,0.54909,0.54984,0.54839,0.54854
2026-02-25T10:00:00+00:00,0.54855,0.54963,0.54834,0.54944
2026-02-25T14:00:00+00:00,0.54944,0.54999,0.54836,0.54994
2026-02-25T18:00:00+00:00,0.54995,0.55081,0.54974,0.55025
2026-02-25T22:00:00+00:00,0.54977,0.55089,0.54914,0.54996
2026-02-26T02:00:00+00:00,0.54995,0.55079,0.54922,0.55073
2026-02-26T06:00:00+00:00,0.55075,0.55131,0.54947,0.55094
2026-02-26T10:00:00+00:00,0.55093,0.55178,0.55049,0.55049
2026-02-26T14:00:00+00:00,0.55046,0.55049,0.5475,0.54853
2026-02-26T18:00:00+00:00,0.54852,0.55049,0.54833,0.54998
2026-02-26T22:00:00+00:00,0.55005,0.55097,0.54875,0.54978
2026-02-27T02:00:00+00:00,0.5498,0.55118,0.54965,0.5508
2026-02-27T06:00:00+00:00,0.55082,0.55116,0.5497,0.54985
2026-02-27T10:00:00+00:00,0.54987,0.54988,0.54624,0.54693
2026-02-27T14:00:00+00:00,0.54692,0.54817,0.54609,0.54706
2026-02-27T18:00:00+00:00,0.54707,0.54765,0.54614,0.5475
2026-03-01T22:00:00+00:00,0.54003,0.54669,0.54003,0.54611
2026-03-02T02:00:00+00:00,0.54612,0.54658,0.54407,0.54415
2026-03-02T06:00:00+00:00,0.54417,0.54712,0.54388,0.54658
2026-03-02T10:00:00+00:00,0.5466,0.55066,0.54655,0.54929
2026-03-02T14:00:00+00:00,0.54927,0.55212,0.54894,0.55133
2026-03-02T18:00:00+00:00,0.55131,0.55313,0.55122,0.55265
2026-03-02T22:00:00+00:00,0.5522,0.55474,0.55144,0.55324
2026-03-03T02:00:00+00:00,0.55327,0.55534,0.55262,0.55385
2026-03-03T06:00:00+00:00,0.55387,0.55505,0.5529,0.55326
2026-03-03T10:00:00+00:00,0.55327,0.55376,0.54961,0.55065
2026-03-03T14:00:00+00:00,0.55066,0.55078,0.54564,0.5497
2026-03-03T18:00:00+00:00,0.54971,0.55129,0.54964,0.55015
2026-03-03T22:00:00+00:00,0.55134,0.55192,0.54712,0.54797
2026-03-04T02:00:00+00:00,0.54798,0.54869,0.54597,0.54736
2026-03-04T06:00:00+00:00,0.54733,0.55161,0.547,0.55144
2026-03-04T10:00:00+00:00,0.55146,0.55276,0.5492,0.55073
2026-03-04T14:00:00+00:00,0.55075,0.55188,0.54934,0.55144
2026-03-04T18:00:00+00:00,0.55145,0.55199,0.55101,0.55128
2026-03-04T22:00:00+00:00,0.55137,0.55292,0.5504,0.5506
2026-03-05T02:00:00+00:00,0.55057,0.55146,0.54987,0.55014
2026-03-05T06:00:00+00:00,0.55014,0.55118,0.54795,0.54878
2026-03-05T10:00:00+00:00,0.54876,0.55044,0.54833,0.54932
2026-03-05T14:00:00+00:00,0.54931,0.5497,0.54619,0.54648
2026-03-05T18:00:00+00:00,0.54646,0.54783,0.54621,0.54746
2026-03-05T22:00:00+00:00,0.548,0.54896,0.54702,0.54886
2026-03-06T02:00:00+00:00,0.54885,0.54941,0.54858,0.54901
2026-03-06T06:00:00+00:00,0.54903,0.54988,0.54725,0.54741
2026-03-06T10:00:00+00:00,0.54739,0.54857,0.5458,0.54597
2026-03-06T14:00:00+00:00,0.54597,0.5471,0.5445,0.54508
2026-03-06T18:00:00+00:00,0.54506,0.54609,0.545,0.5456
2026-03-08T21:00:00+00:00,0.54457,0.54537,0.54386,0.54438
2026-03-09T01:00:00+00:00,0.54442,0.54686,0.54425,0.5459
2026-03-09T05:00:00+00:00,0.54588,0.54706,0.54414,0.54571
2026-03-09T09:00:00+00:00,0.54575,0.54747,0.5452,0.5466
2026-03-09T13:00:00+00:00,0.54661,0.54944,0.54659,0.54923
2026-03-09T17:00:00+00:00,0.54925,0.55072,0.5485,0.55018
2026-03-09T21:00:00+00:00,0.5502,0.55068,0.54927,0.54947
2026-03-10T01:00:00+00:00,0.54945,0.54998,0.54871,0.54939
2026-03-10T05:00:00+00:00,0.5494,0.55249,0.549,0.55077
2026-03-10T09:00:00+00:00,0.55076,0.55278,0.55073,0.55204
2026-03-10T13:00:00+00:00,0.55205,0.55495,0.55161,0.55461
2026-03-10T17:00:00+00:00,0.55459,0.55605,0.55396,0.55438
2026-03-10T21:00:00+00:00,0.55295,0.55536,0.55287,0.5551
2026-03-11T01:00:00+00:00,0.55512,0.55827,0.55507,0.55804
2026-03-11T05:00:00+00:00,0.55804,0.55821,0.55638,0.55695
2026-03-11T09:00:00+00:00,0.55695,0.55835,0.55583,0.55699
2026-03-11T13:00:00+00:00,0.55696,0.55957,0.55693,0.55773
2026-03-11T17:00:00+00:00,0.55772,0.55855,0.55673,0.55821
2026-03-11T21:00:00+00:00,0.55758,0.55873,0.55672,0.55822
2026-03-12T01:00:00+00:00,0.55824,0.55916,0.55715,0.55722
2026-03-12T05:00:00+00:00,0.5572,0.55865,0.55587,0.55796
2026-03-12T09:00:00+00:00,0.55797,0.55799,0.55652,0.55769
2026-03-12T13:00:00+00:00,0.5577,0.55789,0.55479,0.556
2026-03-12T17:00:00+00:00,0.55598,0.55661,0.55557,0.55621
2026-03-12T21:00:00+00:00,0.55624,0.55646,0.55521,0.5562
2026-03-13T01:00:00+00:00,0.55618,0.55697,0.55549,0.5557
2026-03-13T05:00:00+00:00,0.55571,0.55598,0.55355,0.55495
2026-03-13T09:00:00+00:00,0.55493,0.55543,0.55411,0.55536
2026-03-13T13:00:00+00:00,0.55534,0.55543,0.55272,0.5533
2026-03-13T17:00:00+00:00,0.55329,0.55376,0.55234,0.55242
2026-03-15T21:00:00+00:00,0.55236,0.55406,0.5519,0.55356
2026-03-16T01:00:00+00:00,0.55359,0.55386,0.55278,0.55359
2026-03-16T05:00:00+00:00,0.55358,0.5556,0.55344,0.5544
2026-03-16T09:00:00+00:00,0.55438,0.55588,0.55402,0.55543
2026-03-16T13:00:00+00:00,0.55544,0.55714,0.5554,0.55578
2026-03-16T17:00:00+00:00,0.5558,0.55736,0.55575,0.55707
2026-03-16T21:00:00+00:00,0.55661,0.55745,0.55627,0.55676
2026-03-17T01:00:00+00:00,0.55679,0.55916,0.55563,0.55749
2026-03-17T05:00:00+00:00,0.55749,0.55892,0.55631,0.55743
2026-03-17T09:00:00+00:00,0.55743,0.55858,0.557,0.55831
2026-03-17T13:00:00+00:00,0.55825,0.55955,0.55688,0.55755
2026-03-17T17:00:00+00:00,0.55753,0.55824,0.55733,0.55756
2026-03-17T21:00:00+00:00,0.55759,0.55859,0.5567,0.55807
2026-03-18T01:00:00+00:00,0.5581,0.559,0.55768,0.55871
2026-03-18T05:00:00+00:00,0.55872,0.55954,0.55846,0.55886
2026-03-18T09:00:00+00:00,0.55886,0.5594,0.55592,0.55627
2026-03-18T13:00:00+00:00,0.55628,0.55903,0.55608,0.55897
2026-03-18T17:00:00+00:00,0.55898,0.56005,0.55691,0.55716
2026-03-18T21:00:00+00:00,0.55715,0.558,0.55671,0.55794
2026-03-19T01:00:00+00:00,0.55795,0.55844,0.55715,0.55784
2026-03-19T05:00:00+00:00,0.55786,0.55844,0.55629,0.55771
2026-03-19T09:00:00+00:00,0.55772,0.56137,0.55686,0.55722
2026-03-19T13:00:00+00:00,0.55722,0.55886,0.55567,0.55805
2026-03-19T17:00:00+00:00,0.55804,0.55933,0.55699,0.55868
2026-03-19T21:00:00+00:00,0.55858,0.55922,0.55793,0.55856
2026-03-20T01:00:00+00:00,0.55859,0.55951,0.55844,0.55947
2026-03-20T05:00:00+00:00,0.55947,0.56009,0.55852,0.55896
2026-03-20T09:00:00+00:00,0.55895,0.55896,0.55613,0.55634
2026-03-20T13:00:00+00:00,0.55632,0.55665,0.55434,0.55472
2026-03-20T17:00:00+00:00,0.55475,0.55501,0.55261,0.55352
2026-03-22T21:00:00+00:00,0.5514,0.5529,0.5506,0.55186
2026-03-23T01:00:00+00:00,0.55185,0.55247,0.55059,0.55067
2026-03-23T05:00:00+00:00,0.55069,0.55118,0.54874,0.55118
2026-03-23T09:00:00+00:00,0.55117,0.55565,0.54833,0.55221
2026-03-23T13:00:00+00:00,0.55222,0.55394,0.55021,0.55153
2026-03-23T17:00:00+00:00,0.55154,0.55257,0.55099,0.55129
2026-03-23T21:00:00+00:00,0.55134,0.55244,0.54936,0.55075
2026-03-24T01:00:00+00:00,0.55075,0.55107,0.54899,0.54941
2026-03-24T05:00:00+00:00,0.54942,0.5519,0.54791,0.54811
2026-03-24T09:00:00+00:00,0.54812,0.54965,0.54746,0.54902
2026-03-24T13:00:00+00:00,0.54901,0.55185,0.54881,0.55106
2026-03-24T17:00:00+00:00,0.55106,0.55214,0.54945,0.55144
2026-03-24T21:00:00+00:00,0.55149,0.55175,0.55002,0.55085
2026-03-25T01:00:00+00:00,0.5508,0.55115,0.54989,0.55059
2026-03-25T05:00:00+00:00,0.55058,0.55134,0.55024,0.55093
2026-03-25T09:00:00+00:00,0.55092,0.55144,0.54896,0.54953
2026-03-25T13:00:00+00:00,0.54955,0.55126,0.5495,0.551
2026-03-25T17:00:00+00:00,0.55099,0.55119,0.54963,0.54993
2026-03-25T21:00:00+00:00,0.55007,0.55092,0.54934,0.54944
2026-03-26T01:00:00+00:00,0.54944,0.55071,0.54924,0.55049
2026-03-26T05:00:00+00:00,0.55051,0.55081,0.54921,0.54957
2026-03-26T09:00:00+00:00,0.54958,0.54978,0.54748,0.54758
2026-03-26T13:00:00+00:00,0.54758,0.5495,0.54756,0.54807
2026-03-26T17:00:00+00:00,0.54808,0.54892,0.54715,0.54788
2026-03-26T21:00:00+00:00,0.5481,0.54878,0.54651,0.54663
2026-03-27T01:00:00+00:00,0.54662,0.54969,0.54638,0.54958
2026-03-27T05:00:00+00:00,0.54961,0.54966,0.54835,0.54933
2026-03-27T09:00:00+00:00,0.54936,0.5501,0.5488,0.54888
2026-03-27T13:00:00+00:00,0.5489,0.54979,0.54763,0.54856
2026-03-27T17:00:00+00:00,0.54853,0.5498,0.54769,0.5496
2026-03-29T22:00:00+01:00,0.5475,0.54921,0.54635,0.54732
2026-03-30T02:00:00+01:00,0.54731,0.54876,0.54712,0.54842
2026-03-30T06:00:00+01:00,0.54843,0.54885,0.54768,0.54839
2026-03-30T10:00:00+01:00,0.54839,0.54933,0.54783,0.54887
2026-03-30T14:00:00+01:00,0.54888,0.54902,0.54709,0.54857
2026-03-30T18:00:00+01:00,0.54859,0.54897,0.54736,0.54782
2026-03-30T22:00:00+01:00,0.54575,0.54855,0.54546,0.54778
2026-03-31T02:00:00+01:00,0.54776,0.54862,0.54662,0.54664
2026-03-31T06:00:00+01:00,0.54666,0.54947,0.54631,0.54883
2026-03-31T10:00:00+01:00,0.54886,0.55085,0.54852,0.55021
2026-03-31T14:00:00+01:00,0.55023,0.55248,0.54907,0.5516
2026-03-31T18:00:00+01:00,0.55161,0.55221,0.55112,0.55161
2026-03-31T22:00:00+01:00,0.55248,0.55322,0.55072,0.55199
2026-04-01T02:00:00+01:00,0.55201,0.55256,0.55056,0.55059
2026-04-01T06:00:00+01:00,0.55061,0.5519,0.55006,0.55086
2026-04-01T10:00:00+01:00,0.55088,0.55136,0.54951,0.5497
2026-04-01T14:00:00+01:00,0.5497,0.55129,0.54947,0.55031
2026-04-01T18:00:00+01:00,0.55031,0.55066,0.54923,0.55022
2026-04-01T22:00:00+01:00,0.55038,0.55122,0.54937,0.54972
2026-04-02T02:00:00+01:00,0.54974,0.55037,0.54795,0.54927
2026-04-02T06:00:00+01:00,0.54928,0.55037,0.54873,0.5497
2026-04-02T10:00:00+01:00,0.54969,0.55044,0.54897,0.54991
2026-04-02T14:00:00+01:00,0.54995,0.55235,0.54967,0.55183
2026-04-02T18:00:00+01:00,0.55183,0.55232,0.55153,0.55208
2026-04-02T22:00:00+01:00,0.55131,0.55242,0.55058,0.55219
2026-04-03T02:00:00+01:00,0.55221,0.55224,0.55151,0.55167
2026-04-03T06:00:00+01:00,0.55168,0.55181,0.55107,0.55133
2026-04-03T10:00:00+01:00,0.55134,0.5535,0.551,0.55153
2026-04-03T14:00:00+01:00,0.55154,0.55192,0.55082,0.55184
2026-04-03T18:00:00+01:00,0.55183,0.55331,0.55007,0.55133
2026-04-05T22:00:00+01:00,0.55105,0.55252,0.54997,0.55252
2026-04-06T02:00:00+01:00,0.55251,0.55378,0.55234,0.55312
2026-04-06T06:00:00+01:00,0.55311,0.55324,0.55217,0.55266
2026-04-06T10:00:00+01:00,0.55266,0.55312,0.55227,0.55229
2026-04-06T14:00:00+01:00,0.55227,0.55266,0.55145,0.5519
2026-04-06T18:00:00+01:00,0.55192,0.55255,0.55154,0.55222
2026-04-06T22:00:00+01:00,0.5518,0.55283,0.55124,0.55218
2026-04-07T02:00:00+01:00,0.55218,0.5528,0.5517,0.55245
2026-04-07T06:00:00+01:00,0.55245,0.55448,0.55209,0.55431
2026-04-07T10:00:00+01:00,0.55431,0.5551,0.55377,0.55478
2026-04-07T14:00:00+01:00,0.5548,0.55576,0.55431,0.55523
2026-04-07T18:00:00+01:00,0.55522,0.55675,0.55512,0.55649
2026-04-07T22:00:00+01:00,0.55672,0.56049,0.55576,0.55814
2026-04-08T02:00:00+01:00,0.55813,0.55881,0.55668,0.55801
2026-04-08T06:00:00+01:00,0.558,0.55834,0.55485,0.5557
2026-04-08T10:00:00+01:00,0.55571,0.55696,0.55482,0.55682
2026-04-08T14:00:00+01:00,0.55679,0.55791,0.55574,0.55778
2026-04-08T18:00:00+01:00,0.55779,0.5581,0.55705,0.55745
2026-04-08T22:00:00+01:00,0.55773,0.55832,0.55629,0.55709
2026-04-09T02:00:00+01:00,0.55707,0.55719,0.55646,0.55699
2026-04-09T06:00:00+01:00,0.55697,0.55741,0.55566,0.55585
2026-04-09T10:00:00+01:00,0.55587,0.55702,0.55571,0.55663
2026-04-09T14:00:00+01:00,0.55662,0.5592,0.55632,0.55869
2026-04-09T18:00:00+01:00,0.55872,0.56027,0.55859,0.55982
2026-04-09T22:00:00+01:00,0.55872,0.56047,0.5582,0.55985
2026-04-10T02:00:00+01:00,0.55982,0.5599,0.55837,0.55856
2026-04-10T06:00:00+01:00,0.55855,0.55888,0.55751,0.55774
2026-04-10T10:00:00+01:00,0.55773,0.55841,0.55736,0.5578
2026-04-10T14:00:00+01:00,0.55779,0.55946,0.55652,0.55825
2026-04-10T18:00:00+01:00,0.55827,0.55863,0.55689,0.5575
2026-04-12T22:00:00+01:00,0.55305,0.55746,0.55289,0.55742
2026-04-13T02:00:00+01:00,0.55744,0.55783,0.55692,0.55735
2026-04-13T06:00:00+01:00,0.55737,0.55787,0.55707,0.5574
2026-04-13T10:00:00+01:00,0.55741,0.55749,0.55564,0.55618
2026-04-13T14:00:00+01:00,0.55617,0.55705,0.55577,0.55649
2026-04-13T18:00:00+01:00,0.55651,0.55675,0.55588,0.55603
2026-04-13T22:00:00+01:00,0.55555,0.55655,0.55503,0.55521
2026-04-14T02:00:00+01:00,0.5552,0.5554,0.55461,0.5551
2026-04-14T06:00:00+01:00,0.55513,0.55513,0.55376,0.55456
2026-04-14T10:00:00+01:00,0.55458,0.55661,0.55439,0.55657
2026-04-14T14:00:00+01:00,0.55658,0.55727,0.55654,0.55689
2026-04-14T18:00:00+01:00,0.5569,0.55712,0.5563,0.55655
2026-04-14T22:00:00+01:00,0.55611,0.55717,0.55541,0.55651
2026-04-15T02:00:00+01:00,0.55652,0.55741,0.55636,0.55728
2026-04-15T06:00:00+01:00,0.5573,0.55824,0.55728,0.55783
2026-04-15T10:00:00+01:00,0.55783,0.55895,0.55779,0.55855
2026-04-15T14:00:00+01:00,0.55856,0.56021,0.55831,0.56018
2026-04-15T18:00:00+01:00,0.5602,0.56098,0.56,0.56072
2026-04-15T22:00:00+01:00,0.56103,0.56182,0.55966,0.56051
2026-04-16T02:00:00+01:00,0.56049,0.56161,0.55986,0.56132
2026-04-16T06:00:00+01:00,0.56131,0.56203,0.56091,0.56135
2026-04-16T10:00:00+01:00,0.56134,0.56215,0.56129,0.56194
2026-04-16T14:00:00+01:00,0.56196,0.56215,0.56102,0.56126
2026-04-16T18:00:00+01:00,0.56126,0.56149,0.56062,0.56126
2026-04-16T22:00:00+01:00,0.56127,0.56224,0.56024,0.56087
2026-04-17T02:00:00+01:00,0.56088,0.56162,0.56085,0.56151
2026-04-17T06:00:00+01:00,0.56153,0.56191,0.56117,0.5616
2026-04-17T10:00:00+01:00,0.5616,0.56224,0.56088,0.56192
2026-04-17T14:00:00+01:00,0.56193,0.56231,0.55997,0.56029
2026-04-17T18:00:00+01:00,0.56031,0.56055,0.5598,0.56042
2026-04-19T22:00:00+01:00,0.55682,0.55966,0.5565,0.55958
2026-04-20T02:00:00+01:00,0.55957,0.56006,0.55925,0.55995
2026-04-20T06:00:00+01:00,0.55992,0.56003,0.55896,0.55911
2026-04-20T10:00:00+01:00,0.55909,0.55956,0.55865,0.55905
2026-04-20T14:00:00+01:00,0.55904,0.55922,0.55751,0.55821
2026-04-20T18:00:00+01:00,0.55822,0.55908,0.55814,0.55873
2026-04-20T22:00:00+01:00,0.55865,0.55981,0.55765,0.55857
2026-04-21T02:00:00+01:00,0.55861,0.55917,0.55841,0.55851
2026-04-21T06:00:00+01:00,0.55852,0.55863,0.55745,0.55838
2026-04-21T10:00:00+01:00,0.55837,0.55862,0.55764,0.55859
2026-04-21T14:00:00+01:00,0.55859,0.55954,0.55835,0.55835
2026-04-21T18:00:00+01:00,0.55834,0.55912,0.55778,0.55846
2026-04-21T22:00:00+01:00,0.55838,0.55934,0.55744,0.55899
2026-04-22T02:00:00+01:00,0.55898,0.55909,0.55857,0.55878
2026-04-22T06:00:00+01:00,0.55878,0.55951,0.55854,0.5589
2026-04-22T10:00:00+01:00,0.55888,0.55994,0.55878,0.55974
2026-04-22T14:00:00+01:00,0.55976,0.56122,0.55949,0.56112
2026-04-22T18:00:00+01:00,0.56113,0.5622,0.56107,0.56189
2026-04-22T22:00:00+01:00,0.56168,0.56198,0.56081,0.56171
2026-04-23T02:00:00+01:00,0.56168,0.56168,0.56075,0.56146
2026-04-23T06:00:00+01:00,0.56146,0.56168,0.56082,0.56089
2026-04-23T10:00:00+01:00,0.56091,0.56139,0.56019,0.56123
2026-04-23T14:00:00+01:00,0.56124,0.56195,0.56088,0.56136
2026-04-23T18:00:00+01:00,0.56137,0.5615,0.55981,0.56048
2026-04-23T22:00:00+01:00,0.5602,0.56163,0.55918,0.56076
2026-04-24T02:00:00+01:00,0.56078,0.56096,0.56005,0.56069
2026-04-24T06:00:00+01:00,0.56068,0.56134,0.5604,0.56062
2026-04-24T10:00:00+01:00,0.56062,0.5616,0.56049,0.5609
2026-04-24T14:00:00+01:00,0.56093,0.56156,0.56069,0.56127
2026-04-24T18:00:00+01:00,0.56128,0.56161,0.56085,0.56109
2026-04-26T22:00:00+01:00,0.56126,0.56239,0.56083,0.56238
2026-04-27T02:00:00+01:00,0.5624,0.56312,0.56235,0.56255
2026-04-27T06:00:00+01:00,0.56254,0.56347,0.56225,0.56323
2026-04-27T10:00:00+01:00,0.56323,0.56401,0.56314,0.56388
2026-04-27T14:00:00+01:00,0.56389,0.56469,0.56351,0.56466
2026-04-27T18:00:00+01:00,0.56468,0.56492,0.56422,0.56451
2026-04-27T22:00:00+01:00,0.56357,0.56529,0.5631,0.56513
2026-04-28T02:00:00+01:00,0.56511,0.56529,0.5644,0.5652
2026-04-28T06:00:00+01:00,0.56519,0.56686,0.56485,0.5663
2026-04-28T10:00:00+01:00,0.56629,0.56679,0.56524,0.56578
2026-04-28T14:00:00+01:00,0.56578,0.5672,0.56567,0.56671
2026-04-28T18:00:00+01:00,0.56672,0.56725,0.56652,0.56681
2026-04-28T22:00:00+01:00,0.56683,0.56783,0.56615,0.56696
2026-04-29T02:00:00+01:00,0.56695,0.56695,0.56478,0.56518
2026-04-29T06:00:00+01:00,0.56517,0.56554,0.56471,0.565
2026-04-29T10:00:00+01:00,0.56502,0.5656,0.56466,0.56534
2026-04-29T14:00:00+01:00,0.56534,0.56556,0.56286,0.56346
2026-04-29T18:00:00+01:00,0.56346,0.5639,0.56262,0.56326
2026-04-29T22:00:00+01:00,0.56265,0.56374,0.5618,0.56322
2026-04-30T02:00:00+01:00,0.5632,0.56428,0.56292,0.56356
2026-04-30T06:00:00+01:00,0.56357,0.56393,0.56283,0.56295
2026-04-30T10:00:00+01:00,0.56295,0.56308,0.56031,0.5605
2026-04-30T14:00:00+01:00,0.56051,0.56323,0.56035,0.56201
2026-04-30T18:00:00+01:00,0.56203,0.56298,0.56176,0.56264
2026-04-30T22:00:00+01:00,0.56262,0.56378,0.56171,0.56285
2026-05-01T02:00:00+01:00,0.56282,0.563,0.56215,0.56245
2026-05-01T06:00:00+01:00,0.56246,0.563,0.56126,0.56186
2026-05-01T10:00:00+01:00,0.56188,0.5622,0.56133,0.56194
2026-05-01T14:00:00+01:00,0.56194,0.56298,0.56188,0.56292
2026-05-01T18:00:00+01:00,0.56292,0.56337,0.56272,0.56302
2026-05-03T22:00:00+01:00,0.56271,0.56428,0.56242,0.56304
2026-05-04T02:00:00+01:00,0.56302,0.56329,0.56272,0.56292
2026-05-04T06:00:00+01:00,0.5629,0.56361,0.5621,0.56299
2026-05-04T10:00:00+01:00,0.56298,0.56367,0.56218,0.56296
2026-05-04T14:00:00+01:00,0.56296,0.56296,0.56096,0.56165
2026-05-04T18:00:00+01:00,0.56165,0.56231,0.5616,0.56198
2026-05-04T22:00:00+01:00,0.56184,0.56252,0.56146,0.56162
2026-05-05T02:00:00+01:00,0.56163,0.56234,0.56089,0.56121
2026-05-05T06:00:00+01:00,0.56118,0.56134,0.55952,0.56076
2026-05-05T10:00:00+01:00,0.56076,0.56263,0.56069,0.56231
2026-05-05T14:00:00+01:00,0.56231,0.5629,0.56177,0.56271
2026-05-05T18:00:00+01:00,0.56271,0.56282,0.56223,0.56241
2026-05-05T22:00:00+01:00,0.56237,0.56443,0.56168,0.56438
2026-05-06T02:00:00+01:00,0.5644,0.56592,0.56428,0.56477
2026-05-06T06:00:00+01:00,0.56476,0.56611,0.56451,0.56549
2026-05-06T10:00:00+01:00,0.56551,0.5661,0.56383,0.56407
2026-05-06T14:00:00+01:00,0.56405,0.56446,0.5634,0.5635
2026-05-06T18:00:00+01:00,0.56353,0.56389,0.56324,0.56356
2026-05-06T22:00:00+01:00,0.56363,0.56453,0.56256,0.56371
2026-05-07T02:00:00+01:00,0.56369,0.56465,0.56349,0.56461
2026-05-07T06:00:00+01:00,0.5646,0.56499,0.5641,0.56443
2026-05-07T10:00:00+01:00,0.56444,0.56483,0.56373,0.56377
2026-05-07T14:00:00+01:00,0.56375,0.56391,0.56285,0.56337
2026-05-07T18:00:00+01:00,0.56337,0.56372,0.56227,0.56238
2026-05-07T22:00:00+01:00,0.56211,0.56273,0.56149,0.56259
2026-05-08T02:00:00+01:00,0.56258,0.56354,0.56245,0.56312
2026-05-08T06:00:00+01:00,0.56313,0.56345,0.56268,0.56299
2026-05-08T10:00:00+01:00,0.56299,0.56367,0.56247,0.56287
2026-05-08T14:00:00+01:00,0.56288,0.56354,0.56239,0.56275
2026-05-08T18:00:00+01:00,0.56275,0.56307,0.56229,0.56266
2026-05-10T22:00:00+01:00,0.562,0.5631,0.56119,0.56302
2026-05-11T02:00:00+01:00,0.56301,0.56337,0.56274,0.56331
2026-05-11T06:00:00+01:00,0.56332,0.56387,0.56306,0.56348
2026-05-11T10:00:00+01:00,0.56347,0.56407,0.56341,0.56368
2026-05-11T14:00:00+01:00,0.56368,0.56425,0.56366,0.56398
2026-05-11T18:00:00+01:00,0.56398,0.56432,0.56377,0.56405
2026-05-11T22:00:00+01:00,0.56366,0.56452,0.56317,0.56359
2026-05-12T02:00:00+01:00,0.56357,0.56422,0.5631,0.56393
2026-05-12T06:00:00+01:00,0.56394,0.56402,0.56256,0.56342
2026-05-12T10:00:00+01:00,0.56343,0.56462,0.56329,0.56429
2026-05-12T14:00:00+01:00,0.5643,0.56515,0.56405,0.56425
2026-05-12T18:00:00+01:00,0.56429,0.56539,0.56424,0.5652
2026-05-12T22:00:00+01:00,0.5652,0.56581,0.56448,0.56455
2026-05-13T02:00:00+01:00,0.56456,0.56532,0.56442,0.5647
2026-05-13T06:00:00+01:00,0.56471,0.56641,0.56463,0.56639
2026-05-13T10:00:00+01:00,0.56637,0.56699,0.56603,0.56678
2026-05-13T14:00:00+01:00,0.56678,0.56868,0.56625,0.56805
2026-05-13T18:00:00+01:00,0.56804,0.56813,0.56686,0.56753
2026-05-13T22:00:00+01:00,0.56761,0.56842,0.56649,0.5667
2026-05-14T02:00:00+01:00,0.56669,0.56742,0.5662,0.56731
2026-05-14T06:00:00+01:00,0.56732,0.56777,0.56649,0.56712
2026-05-14T10:00:00+01:00,0.5671,0.56712,0.56577,0.5658
2026-05-14T14:00:00+01:00,0.56581,0.5661,0.56483,0.56557
2026-05-14T18:00:00+01:00,0.56559,0.56614,0.56554,0.56581
2026-05-14T22:00:00+01:00,0.5658,0.56632,0.56526,0.56551
2026-05-15T02:00:00+01:00,0.56549,0.56557,0.56422,0.56422
2026-05-15T06:00:00+01:00,0.56424,0.56425,0.56222,0.56232
2026-05-15T10:00:00+01:00,0.56232,0.56285,0.56144,0.56271
2026-05-15T14:00:00+01:00,0.56271,0.56307,0.56201,0.56293
2026-05-15T18:00:00+01:00,0.56293,0.56323,0.56207,0.56254
2026-05-17T22:00:00+01:00,0.56263,0.56319,0.56055,0.56098
2026-05-18T02:00:00+01:00,0.56099,0.56145,0.56066,0.56117
2026-05-18T06:00:00+01:00,0.56119,0.56221,0.56093,0.56183
2026-05-18T10:00:00+01:00,0.56183,0.56371,0.56173,0.56353
2026-05-18T14:00:00+01:00,0.56351,0.56363,0.56183,0.5621
2026-05-18T18:00:00+01:00,0.56208,0.5626,0.5617,0.56232
2026-05-18T22:00:00+01:00,0.56233,0.56337,0.56129,0.56154
2026-05-19T02:00:00+01:00,0.56151,0.56167,0.56021,0.56027
2026-05-19T06:00:00+01:00,0.56028,0.56082,0.55913,0.56005
2026-05-19T10:00:00+01:00,0.56004,0.56085,0.55973,0.56055
2026-05-19T14:00:00+01:00,0.56053,0.56119,0.55941,0.56103
2026-05-19T18:00:00+01:00,0.56105,0.56124,0.56048,0.56089
2026-05-19T22:00:00+01:00,0.56129,0.56139,0.55984,0.55985
2026-05-20T02:00:00+01:00,0.55984,0.5611,0.55975,0.56085
2026-05-20T06:00:00+01:00,0.56082,0.56244,0.56071,0.56201
2026-05-20T10:00:00+01:00,0.56201,0.5638,0.56195,0.56317
2026-05-20T14:00:00+01:00,0.56318,0.56404,0.56253,0.56323
2026-05-20T18:00:00+01:00,0.56324,0.56344,0.56271,0.56299
2026-05-20T22:00:00+01:00,0.56292,0.56363,0.5622,0.56259
2026-05-21T02:00:00+01:00,0.56259,0.56283,0.55919,0.56085
2026-05-21T06:00:00+01:00,0.56086,0.56161,0.5598,0.56129
2026-05-21T10:00:00+01:00,0.56131,0.56227,0.56064,0.56204
2026-05-21T14:00:00+01:00,0.56202,0.56342,0.5618,0.56302
2026-05-21T18:00:00+01:00,0.56304,0.56349,0.56222,0.56252
2026-05-21T22:00:00+01:00,0.56254,0.56415,0.56184,0.56195
2026-05-22T02:00:00+01:00,0.56191,0.56207,0.5614,0.56147
2026-05-22T06:00:00+01:00,0.56147,0.56201,0.56053,0.56082
2026-05-22T10:00:00+01:00,0.56079,0.56082,0.55989,0.56038
2026-05-22T14:00:00+01:00,0.5604,0.56056,0.55956,0.5596
2026-05-22T18:00:00+01:00,0.5596,0.56007,0.55939,0.55952
2026-05-24T22:00:00+01:00,0.56144,0.56179,0.55962,0.56011
2026-05-25T02:00:00+01:00,0.56012,0.56072,0.56006,0.56054
2026-05-25T06:00:00+01:00,0.56054,0.56065,0.55955,0.56024
2026-05-25T10:00:00+01:00,0.56024,0.56038,0.55991,0.56
2026-05-25T14:00:00+01:00,0.56001,0.56224,0.55997,0.56171
2026-05-25T18:00:00+01:00,0.56171,0.56185,0.56127,0.56149
2026-05-25T22:00:00+01:00,0.5615,0.56225,0.56068,0.56165
2026-05-26T02:00:00+01:00,0.56165,0.56174,0.56098,0.56106
2026-05-26T06:00:00+01:00,0.56104,0.56264,0.56071,0.56209
2026-05-26T10:00:00+01:00,0.56208,0.56286,0.56157,0.56277
2026-05-26T14:00:00+01:00,0.56278,0.56329,0.56248,0.56284
2026-05-26T18:00:00+01:00,0.56283,0.5636,0.5628,0.56323
2026-05-26T22:00:00+01:00,0.5637,0.564,0.56282,0.56345
2026-05-27T02:00:00+01:00,0.56343,0.5637,0.56193,0.56225
2026-05-27T06:00:00+01:00,0.56224,0.56228,0.56045,0.56143
2026-05-27T10:00:00+01:00,0.56144,0.56152,0.56001,0.56022
2026-05-27T14:00:00+01:00,0.56021,0.56187,0.55995,0.56153
2026-05-27T18:00:00+01:00,0.56154,0.56229,0.56146,0.56188
2026-05-27T22:00:00+01:00,0.56188,0.56261,0.56113,0.56185
2026-05-28T02:00:00+01:00,0.56185,0.56206,0.56066,0.56093
2026-05-28T06:00:00+01:00,0.56094,0.56174,0.56071,0.56147
2026-05-28T10:00:00+01:00,0.56151,0.56231,0.56099,0.56115
2026-05-28T14:00:00+01:00,0.56115,0.5619,0.56056,0.56168
2026-05-28T18:00:00+01:00,0.56171,0.56185,0.56122,0.56163
2026-05-28T22:00:00+01:00,0.56175,0.56241,0.56095,0.56127
2026-05-29T02:00:00+01:00,0.56127,0.56177,0.56097,0.5617
2026-05-29T06:00:00+01:00,0.5617,0.56188,0.56075,0.56103
2026-05-29T10:00:00+01:00,0.56102,0.56119,0.56017,0.56096
2026-05-29T14:00:00+01:00,0.56098,0.56288,0.56083,0.5617
2026-05-29T18:00:00+01:00,0.5617,0.56215,0.56059,0.561
2026-05-31T22:00:00+01:00,0.56038,0.56239,0.55969,0.56231
2026-06-01T02:00:00+01:00,0.56232,0.56296,0.5621,0.56265
2026-06-01T06:00:00+01:00,0.56265,0.56271,0.56151,0.56259
2026-06-01T10:00:00+01:00,0.56261,0.563,0.562,0.56291
2026-06-01T14:00:00+01:00,0.56293,0.56326,0.562,0.56309
2026-06-01T18:00:00+01:00,0.5631,0.5636,0.56295,0.56327
2026-06-01T22:00:00+01:00,0.56404,0.56429,0.56288,0.56338
2026-06-02T02:00:00+01:00,0.56339,0.56379,0.56278,0.5631
2026-06-02T06:00:00+01:00,0.56312,0.56449,0.56293,0.56434
2026-06-02T10:00:00+01:00,0.56434,0.56461,0.56366,0.56392
2026-06-02T14:00:00+01:00,0.56393,0.5652,0.56361,0.56513
2026-06-02T18:00:00+01:00,0.5651,0.56553,0.56496,0.56531
2026-06-02T22:00:00+01:00,0.56528,0.56599,0.56456,0.56567
2026-06-03T02:00:00+01:00,0.56566,0.56568,0.56485,0.56517
2026-06-03T06:00:00+01:00,0.56519,0.5657,0.56434,0.56534
2026-06-03T10:00:00+01:00,0.56537,0.56617,0.56505,0.56534
2026-06-03T14:00:00+01:00,0.56533,0.56546,0.56414,0.56507
2026-06-03T18:00:00+01:00,0.56506,0.56529,0.56439,0.56485
2026-06-03T22:00:00+01:00,0.56483,0.56544,0.56381,0.56416
2026-06-04T02:00:00+01:00,0.56414,0.56431,0.56319,0.56363
2026-06-04T06:00:00+01:00,0.56364,0.56473,0.56344,0.56395
2026-06-04T10:00:00+01:00,0.56392,0.56393,0.56214,0.56247
2026-06-04T14:00:00+01:00,0.56246,0.56328,0.56228,0.5632
2026-06-04T18:00:00+01:00,0.5632,0.56351,0.56293,0.56322
2026-06-04T22:00:00+01:00,0.56326,0.56413,0.56204,0.56207
2026-06-05T02:00:00+01:00,0.56207,0.56261,0.56091,0.56238
2026-06-05T06:00:00+01:00,0.56239,0.56246,0.56127,0.56195
2026-06-05T10:00:00+01:00,0.56196,0.56381,0.56194,0.5633
2026-06-05T14:00:00+01:00,0.56332,0.5634,0.56105,0.5615
2026-06-05T18:00:00+01:00,0.56149,0.56201,0.56034,0.56105
2026-06-07T22:00:00+01:00,0.55863,0.56194,0.55834,0.56172
2026-06-08T02:00:00+01:00,0.56171,0.5625,0.56101,0.56133
2026-06-08T06:00:00+01:00,0.56135,0.56283,0.56113,0.56253
2026-06-08T10:00:00+01:00,0.5625,0.56346,0.56212,0.56269
2026-06-08T14:00:00+01:00,0.56268,0.56278,0.56171,0.56229
2026-06-08T18:00:00+01:00,0.56227,0.56241,0.56184,0.56199
2026-06-08T22:00:00+01:00,0.56193,0.56236,0.56151,0.56212
2026-06-09T02:00:00+01:00,0.56213,0.56286,0.56164,0.5623
2026-06-09T06:00:00+01:00,0.56229,0.56285,0.56147,0.56166
2026-06-09T10:00:00+01:00,0.56168,0.56194,0.56127,0.56179
2026-06-09T14:00:00+01:00,0.5618,0.56188,0.55974,0.56011
2026-06-09T18:00:00+01:00,0.56012,0.56136,0.5601,0.56105
2026-06-09T22:00:00+01:00,0.56092,0.56187,0.55988,0.56151
2026-06-10T02:00:00+01:00,0.56153,0.56184,0.56066,0.56081
2026-06-10T06:00:00+01:00,0.56079,0.56079,0.55998,0.55998
2026-06-10T10:00:00+01:00,0.56,0.56072,0.55929,0.55971
2026-06-10T14:00:00+01:00,0.55973,0.56088,0.55959,0.56038
2026-06-10T18:00:00+01:00,0.56039,0.5607,0.55951,0.55983
2026-06-10T22:00:00+01:00,0.55919,0.56045,0.55815,0.55929
2026-06-11T02:00:00+01:00,0.55929,0.55965,0.55897,0.55956
2026-06-11T06:00:00+01:00,0.55955,0.55975,0.55917,0.55952
2026-06-11T10:00:00+01:00,0.55953,0.55988,0.55839,0.55841
2026-06-11T14:00:00+01:00,0.5584,0.56027,0.55822,0.55976
2026-06-11T18:00:00+01:00,0.55976,0.56082,0.55958,0.56028
2026-06-11T22:00:00+01:00,0.56031,0.5611,0.55951,0.56067
2026-06-12T02:00:00+01:00,0.56065,0.56069,0.55963,0.56037
2026-06-12T06:00:00+01:00,0.56037,0.56056,0.55951,0.56023
2026-06-12T10:00:00+01:00,0.56024,0.561,0.56012,0.56081
2026-06-12T14:00:00+01:00,0.56083,0.56187,0.56061,0.56149
2026-06-12T18:00:00+01:00,0.5615,0.56198,0.56125,0.56158
2026-06-14T22:00:00+01:00,0.56103,0.56331,0.56069,0.5616
2026-06-15T02:00:00+01:00,0.56159,0.56237,0.56143,0.56183
2026-06-15T06:00:00+01:00,0.56185,0.56198,0.56048,0.56099
2026-06-15T10:00:00+01:00,0.561,0.56113,0.56043,0.56065
2026-06-15T14:00:00+01:00,0.56064,0.56217,0.56042,0.56194
2026-06-15T18:00:00+01:00,0.56193,0.56231,0.5616,0.56202
2026-06-15T22:00:00+01:00,0.56144,0.56264,0.56093,0.56177
2026-06-16T02:00:00+01:00,0.56178,0.56186,0.5607,0.56099
2026-06-16T06:00:00+01:00,0.561,0.56173,0.56034,0.56161
2026-06-16T10:00:00+01:00,0.5616,0.56218,0.56153,0.56202
2026-06-16T14:00:00+01:00,0.56204,0.56241,0.56061,0.56072
2026-06-16T18:00:00+01:00,0.56071,0.56098,0.56032,0.56066
2026-06-16T22:00:00+01:00,0.56054,0.56099,0.55987,0.56022
2026-06-17T02:00:00+01:00,0.56025,0.56037,0.55925,0.55929
2026-06-17T06:00:00+01:00,0.55931,0.5594,0.55849,0.55918
2026-06-17T10:00:00+01:00,0.55916,0.56002,0.55883,0.5598
2026-06-17T14:00:00+01:00,0.55981,0.56105,0.55979,0.56099
2026-06-17T18:00:00+01:00,0.561,0.56177,0.56022,0.56105
2026-06-17T22:00:00+01:00,0.56116,0.56154,0.56039,0.561
2026-06-18T02:00:00+01:00,0.56101,0.56232,0.561,0.56166
2026-06-18T06:00:00+01:00,0.56167,0.56332,0.56159,0.56268
2026-06-18T10:00:00+01:00,0.56266,0.5642,0.56246,0.56401
2026-06-18T14:00:00+01:00,0.56401,0.56478,0.56381,0.56471
2026-06-18T18:00:00+01:00,0.56471,0.56509,0.56413,0.56453
2026-06-18T22:00:00+01:00,0.56509,0.56554,0.56395,0.56424
2026-06-19T02:00:00+01:00,0.56426,0.56529,0.56394,0.56526
2026-06-19T06:00:00+01:00,0.56528,0.56625,0.56521,0.5656
2026-06-19T10:00:00+01:00,0.5656,0.56627,0.56515,0.56625
2026-06-19T14:00:00+01:00,0.56627,0.56666,0.56584,0.56598
2026-06-19T18:00:00+01:00,0.56597,0.56635,0.56515,0.56573
2026-06-21T22:00:00+01:00,0.5661,0.56685,0.56553,0.56652
2026-06-22T02:00:00+01:00,0.56649,0.56682,0.56581,0.56632
2026-06-22T06:00:00+01:00,0.56634,0.56658,0.5652,0.5652
2026-06-22T10:00:00+01:00,0.56518,0.56661,0.56505,0.56648
2026-06-22T14:00:00+01:00,0.5665,0.5673,0.56591,0.56649
2026-06-22T18:00:00+01:00,0.56649,0.56665,0.5659,0.56632
2026-06-22T22:00:00+01:00,0.56623,0.56704,0.56494,0.56507
2026-06-23T02:00:00+01:00,0.56509,0.56522,0.56368,0.56378
2026-06-23T06:00:00+01:00,0.5638,0.56381,0.56189,0.56251
2026-06-23T10:00:00+01:00,0.56252,0.56362,0.56109,0.56137
2026-06-23T14:00:00+01:00,0.56135,0.56173,0.56027,0.56048
2026-06-23T18:00:00+01:00,0.56049,0.56061,0.55968,0.56014
2026-06-23T22:00:00+01:00,0.56031,0.56061,0.55952,0.56048
2026-06-24T02:00:00+01:00,0.56046,0.5609,0.55944,0.56024
2026-06-24T06:00:00+01:00,0.56025,0.56092,0.55959,0.55976
2026-06-24T10:00:00+01:00,0.55975,0.56079,0.5593,0.56061
2026-06-24T14:00:00+01:00,0.5606,0.56088,0.5598,0.56032
2026-06-24T18:00:00+01:00,0.56033,0.56087,0.55929,0.56056
2026-06-24T22:00:00+01:00,0.55974,0.56126,0.55915,0.56008
2026-06-25T02:00:00+01:00,0.5601,0.56061,0.55873,0.55977
2026-06-25T06:00:00+01:00,0.55977,0.55994,0.55917,0.55961
2026-06-25T10:00:00+01:00,0.55961,0.56089,0.55959,0.56083
2026-06-25T14:00:00+01:00,0.56081,0.56085,0.55879,0.56022
2026-06-25T18:00:00+01:00,0.56024,0.56043,0.55939,0.55984
2026-06-25T22:00:00+01:00,0.5596,0.56039,0.55876,0.55903
2026-06-26T02:00:00+01:00,0.55905,0.55928,0.55675,0.55682
2026-06-26T06:00:00+01:00,0.55683,0.55818,0.55679,0.55743
2026-06-26T10:00:00+01:00,0.5574,0.55832,0.55721,0.55725
2026-06-26T14:00:00+01:00,0.55726,0.55871,0.55713,0.55856
2026-06-26T18:00:00+01:00,0.55858,0.55878,0.55804,0.55844
2026-06-28T22:00:00+01:00,0.55827,0.55878,0.55746,0.5576
2026-06-29T02:00:00+01:00,0.55762,0.55825,0.55739,0.558
2026-06-29T06:00:00+01:00,0.558,0.55856,0.55751,0.55757
2026-06-29T10:00:00+01:00,0.55756,0.55804,0.55748,0.5578
2026-06-29T14:00:00+01:00,0.55781,0.55783,0.55607,0.55625
2026-06-29T18:00:00+01:00,0.55624,0.55656,0.55592,0.55632
2026-06-29T22:00:00+01:00,0.55703,0.55743,0.55504,0.55529
2026-06-30T02:00:00+01:00,0.55527,0.55628,0.55507,0.55615
2026-06-30T06:00:00+01:00,0.55616,0.55707,0.55588,0.55699
2026-06-30T10:00:00+01:00,0.55697,0.55769,0.55697,0.55712
2026-06-30T14:00:00+01:00,0.55712,0.55905,0.55712,0.55896
2026-06-30T18:00:00+01:00,0.55894,0.55961,0.55888,0.5593
2026-06-30T22:00:00+01:00,0.55921,0.55961,0.55825,0.55827
2026-07-01T02:00:00+01:00,0.55829,0.55839,0.55702,0.55766
2026-07-01T06:00:00+01:00,0.55766,0.55836,0.55752,0.55808
2026-07-01T10:00:00+01:00,0.55809,0.5595,0.55797,0.55932
2026-07-01T14:00:00+01:00,0.55931,0.55943,0.55774,0.55812
2026-07-01T18:00:00+01:00,0.55815,0.55828,0.55776,0.55812
2026-07-01T22:00:00+01:00,0.55754,0.55877,0.55702,0.5576
2026-07-02T02:00:00+01:00,0.55758,0.55807,0.55713,0.55757
2026-07-02T06:00:00+01:00,0.55758,0.5577,0.55537,0.55564
2026-07-02T10:00:00+01:00,0.55566,0.55683,0.55541,0.55615
2026-07-02T14:00:00+01:00,0.55616,0.55734,0.5556,0.55588
2026-07-02T18:00:00+01:00,0.5559,0.55652,0.55569,0.55636
2026-07-02T22:00:00+01:00,0.55621,0.5568,0.5549,0.55615
2026-07-03T02:00:00+01:00,0.55617,0.55707,0.55605,0.55678
2026-07-03T06:00:00+01:00,0.55676,0.55717,0.55644,0.55705
2026-07-03T10:00:00+01:00,0.55705,0.55746,0.55685,0.55716
2026-07-03T14:00:00+01:00,0.55719,0.55753,0.557,0.55751
2026-07-03T18:00:00+01:00,0.55753,0.55817,0.55672,0.55743
2026-07-05T22:00:00+01:00,0.55766,0.55842,0.55711,0.55727
2026-07-06T02:00:00+01:00,0.55726,0.5578,0.55686,0.55775
2026-07-06T06:00:00+01:00,0.55773,0.55859,0.55763,0.55834
2026-07-06T10:00:00+01:00,0.55834,0.55915,0.5582,0.55852
2026-07-06T14:00:00+01:00,0.55852,0.55995,0.55826,0.55993
2026-07-06T18:00:00+01:00,0.5599,0.56041,0.5597,0.55993
2026-07-06T22:00:00+01:00,0.55907,0.56062,0.55885,0.55991
2026-07-07T02:00:00+01:00,0.5599,0.56024,0.55928,0.55934
2026-07-07T06:00:00+01:00,0.55935,0.56012,0.55895,0.55974
2026-07-07T10:00:00+01:00,0.55973,0.56056,0.5597,0.56015
2026-07-07T14:00:00+01:00,0.56016,0.56022,0.55927,0.55991
2026-07-07T18:00:00+01:00,0.55991,0.56039,0.55974,0.5599
2026-07-07T22:00:00+01:00,0.55988,0.56101,0.55862,0.56099
2026-07-08T02:00:00+01:00,0.561,0.56155,0.56079,0.56102
2026-07-08T06:00:00+01:00,0.56103,0.56126,0.55842,0.55861
2026-07-08T10:00:00+01:00,0.55859,0.56019,0.55816,0.55981
2026-07-08T14:00:00+01:00,0.5598,0.56041,0.55958,0.56027
2026-07-08T18:00:00+01:00,0.56025,0.56058,0.5601,0.56033
2026-07-08T22:00:00+01:00,0.56059,0.5615,0.55917,0.55985
2026-07-09T02:00:00+01:00,0.55987,0.5601,0.55943,0.5599
2026-07-09T06:00:00+01:00,0.5599,0.55996,0.55909,0.55971
2026-07-09T10:00:00+01:00,0.5597,0.56014,0.55961,0.5598
2026-07-09T14:00:00+01:00,0.55981,0.56031,0.55964,0.55981
2026-07-09T18:00:00+01:00,0.5598,0.56044,0.5596,0.56025
2026-07-09T22:00:00+01:00,0.56002,0.56082,0.55922,0.55958
2026-07-10T02:00:00+01:00,0.5596,0.55983,0.55895,0.55961
2026-07-10T06:00:00+01:00,0.55962,0.55992,0.55912,0.55983
2026-07-10T10:00:00+01:00,0.55985,0.56105,0.55974,0.56089
2026-07-10T14:00:00+01:00,0.5609,0.56173,0.56085,0.56166
2026-07-10T18:00:00+01:00,0.56163,0.56251,0.56163,0.56218
2026-07-12T22:00:00+01:00,0.56151,0.56237,0.56099,0.56177
2026-07-13T02:00:00+01:00,0.56179,0.56204,0.56088,0.56113
2026-07-13T06:00:00+01:00,0.5611,0.56143,0.56065,0.56107
2026-07-13T10:00:00+01:00,0.56108,0.56258,0.56103,0.56237
2026-07-13T14:00:00+01:00,0.56238,0.56363,0.56207,0.56315
2026-07-13T18:00:00+01:00,0.56316,0.56383,0.56315,0.56351
2026-07-13T22:00:00+01:00,0.56357,0.56415,0.56322,0.5636
2026-07-14T02:00:00+01:00,0.56361,0.56428,0.56324,0.56425
2026-07-14T06:00:00+01:00,0.56426,0.56516,0.56391,0.56424
2026-07-14T10:00:00+01:00,0.56424,0.56469,0.56275,0.56318
2026-07-14T14:00:00+01:00,0.56317,0.56456,0.56305,0.56431
2026-07-14T18:00:00+01:00,0.56431,0.56466,0.56414,0.56442
2026-07-14T22:00:00+01:00,0.56405,0.56533,0.56297,0.56469
2026-07-15T02:00:00+01:00,0.56471,0.56551,0.56432,0.56515
2026-07-15T06:00:00+01:00,0.56514,0.56611,0.56499,0.56607
2026-07-15T10:00:00+01:00,0.56605,0.56667,0.56588,0.566
2026-07-15T14:00:00+01:00,0.566,0.5661,0.56407,0.56439
2026-07-15T18:00:00+01:00,0.56439,0.56465,0.56384,0.56432
2026-07-15T22:00:00+01:00,0.56332,0.56483,0.56249,0.56325
2026-07-16T02:00:00+01:00,0.56325,0.56459,0.56295,0.56418
2026-07-16T06:00:00+01:00,0.56417,0.56478,0.56383,0.56473
2026-07-16T10:00:00+01:00,0.56475,0.56563,0.5647,0.56554
2026-07-16T14:00:00+01:00,0.56554,0.5669,0.56549,0.5661
2026-07-16T18:00:00+01:00,0.56612,0.56627,0.5656,0.56614
2026-07-16T22:00:00+01:00,0.56592,0.56666,0.5643,0.56566
2026-07-17T02:00:00+01:00,0.56567,0.56595,0.56447,0.56475
2026-07-17T06:00:00+01:00,0.56473,0.56483,0.56235,0.56239
2026-07-17T10:00:00+01:00,0.56238,0.56327,0.56212,0.56273
2026-07-17T14:00:00+01:00,0.56273,0.56403,0.56262,0.56383
2026-07-17T18:00:00+01:00,0.56384,0.56404,0.56356,0.56368
2026-07-19T22:00:00+01:00,0.5632,0.56467,0.56269,0.5644
2026-07-20T02:00:00+01:00,0.56442,0.56488,0.56431,0.56467
2026-07-20T06:00:00+01:00,0.56468,0.56495,0.56387,0.56495
2026-07-20T10:00:00+01:00,0.56494,0.56682,0.5648,0.56658
2026-07-20T14:00:00+01:00,0.56657,0.56793,0.56656,0.56749
2026-07-20T18:00:00+01:00,0.56748,0.56751,0.56676,0.56696
2026-07-20T22:00:00+01:00,0.56705,0.56798,0.56601,0.56745
2026-07-21T02:00:00+01:00,0.56747,0.56807,0.56737,0.56777
2026-07-21T06:00:00+01:00,0.56779,0.56907,0.5677,0.56897
2026-07-21T10:00:00+01:00,0.56898,0.56909,0.56842,0.56886
2026-07-21T14:00:00+01:00,0.56888,0.56949,0.56844,0.56915
2026-07-21T18:00:00+01:00,0.56917,0.56956,0.56856,0.5688
2026-07-21T22:00:00+01:00,0.5688,0.56965,0.56846,0.56964
2026-07-22T02:00:00+01:00,0.56966,0.56976,0.56885,0.569
2026-07-22T06:00:00+01:00,0.56899,0.56904,0.5678,0.56806
2026-07-22T10:00:00+01:00,0.56805,0.56855,0.5675,0.5676
2026-07-22T14:00:00+01:00,0.5676,0.56969,0.5676,0.56968
2026-07-22T18:00:00+01:00,0.5697,0.57012,0.56954,0.56991
2026-07-22T22:00:00+01:00,0.56991,0.57,0.56899,0.56927
2026-07-23T02:00:00+01:00,0.56926,0.57134,0.56923,0.57051
2026-07-23T06:00:00+01:00,0.57049,0.57105,0.5702,0.57037
2026-07-23T10:00:00+01:00,0.57038,0.5708,0.56988,0.56995
2026-07-23T14:00:00+01:00,0.56996,0.57011,0.56916,0.5696
2026-07-23T18:00:00+01:00,0.56961,0.56968,0.56873,0.56918
2026-07-23T22:00:00+01:00,0.56919,0.56968,0.56808,0.56953
2026-07-24T02:00:00+01:00,0.56951,0.57022,0.56912,0.56999
2026-07-24T06:00:00+01:00,0.57001,0.57069,0.56977,0.57058
2026-07-24T10:00:00+01:00,0.57059,0.57148,0.57042,0.57069
2026-07-24T14:00:00+01:00,0.57071,0.57153,0.57051,0.57141
2026-07-24T18:00:00+01:00,0.5714,0.57173,0.57102,0.57122
2026-07-26T22:00:00+01:00,0.57156,0.57251,0.56998,0.57
2026-07-27T02:00:00+01:00,0.57001,0.57044,0.5698,0.57028
2026-07-27T06:00:00+01:00,0.57029,0.57098,0.57027,0.57071
2026-07-27T10:00:00+01:00,0.57072,0.57126,0.57027,0.57119
2026-07-27T14:00:00+01:00,0.5712,0.57271,0.5712,0.57218
2026-07-27T18:00:00+01:00,0.57222,0.57305,0.5721,0.57268
2026-07-27T22:00:00+01:00,0.57268,0.57293,0.57157,0.57225
2026-07-28T02:00:00+01:00,0.57228,0.57292,0.57092,0.5711
2026-07-28T06:00:00+01:00,0.57112,0.57158,0.57051,0.57135
2026-07-28T10:00:00+01:00,0.57136,0.57166,0.57071,0.57123
2026-07-28T14:00:00+01:00,0.57123,0.5714,0.5701,0.571
2026-07-28T18:00:00+01:00,0.57099,0.57163,0.57083,0.57135
2026-07-28T22:00:00+01:00,0.57137,0.57221,0.56991,0.57088
2026-07-29T02:00:00+01:00,0.57086,0.57109,0.56752,0.56824
2026-07-29T06:00:00+01:00,0.56825,0.5692,0.56812,0.56868
2026-07-29T10:00:00+01:00,0.56868,0.56943,0.56862,0.56908
2026-07-29T14:00:00+01:00,0.56909,0.56919,0.56782,0.5684
2026-07-29T18:00:00+01:00,0.56841,0.56929,0.56548,0.56593
2026-07-29T22:00:00+01:00,0.56692,0.56732,0.56515,0.56669
2026-07-30T02:00:00+01:00,0.5667,0.56754,0.56651,0.56679
2026-07-30T06:00:00+01:00,0.56677,0.56825,0.56654,0.56805
2026-07-30T10:00:00+01:00,0.56807,0.56831,0.56661,0.56699
2026-07-30T14:00:00+01:00,0.56696,0.56709,0.56446,0.5654
2026-07-30T18:00:00+01:00,0.56542,0.56615,0.56507,0.5656
2026-07-30T22:00:00+01:00,0.56564,0.56688,0.56468,0.56666
2026-07-31T02:00:00+01:00,0.56668,0.56737,0.56607,0.56713
2026-07-31T06:00:00+01:00,0.56712,0.56801,0.56702,0.56765
2026-07-31T10:00:00+01:00,0.56763,0.56905,0.56731,0.56835
2026-07-31T14:00:00+01:00,0.56834,0.56926,0.56752,0.56822
2026-07-31T18:00:00+01:00,0.56822,0.56909,0.56648,0.56705
