time,open,high,low,close
2023-08-25T14:00:00+01:00,0.64189,0.64207,0.64018,0.6405
2023-08-27T22:00:00+01:00,0.6405,0.644,0.64049,0.64292
2023-08-28T06:00:00+01:00,0.6429,0.64354,0.64019,0.64221
2023-08-28T14:00:00+01:00,0.64221,0.64307,0.64141,0.64294
2023-08-28T22:00:00+01:00,0.64294,0.64541,0.64214,0.64437
2023-08-29T06:00:00+01:00,0.64436,0.64548,0.64014,0.64043
2023-08-29T14:00:00+01:00,0.64043,0.64868,0.64013,0.64804
2023-08-29T22:00:00+01:00,0.64807,0.64844,0.64494,0.64727
2023-08-30T06:00:00+01:00,0.64725,0.65173,0.64541,0.65091
2023-08-30T14:00:00+01:00,0.6509,0.65223,0.64695,0.64748
2023-08-30T22:00:00+01:00,0.64748,0.6508,0.64708,0.64829
2023-08-31T06:00:00+01:00,0.64829,0.6495,0.6463,0.64929
2023-08-31T14:00:00+01:00,0.64929,0.64948,0.64611,0.64842
2023-08-31T22:00:00+01:00,0.64844,0.65,0.64644,0.64728
2023-09-01T06:00:00+01:00,0.64727,0.6522,0.64461,0.65098
2023-09-01T14:00:00+01:00,0.65099,0.65114,0.64385,0.64519
2023-09-03T22:00:00+01:00,0.64437,0.64749,0.64409,0.64663
2023-09-04T06:00:00+01:00,0.64661,0.64806,0.64585,0.64605
2023-09-04T14:00:00+01:00,0.64604,0.64665,0.64521,0.64609
2023-09-04T22:00:00+01:00,0.64606,0.64648,0.64166,0.64255
2023-09-05T06:00:00+01:00,0.64255,0.64285,0.63576,0.63807
2023-09-05T14:00:00+01:00,0.63809,0.63877,0.63647,0.63786
2023-09-05T22:00:00+01:00,0.63786,0.63838,0.63573,0.63835
2023-09-06T06:00:00+01:00,0.63836,0.64047,0.63787,0.63881
2023-09-06T14:00:00+01:00,0.63881,0.64024,0.63634,0.63823
2023-09-06T22:00:00+01:00,0.63826,0.63853,0.63623,0.63659
2023-09-07T06:00:00+01:00,0.63658,0.63931,0.63652,0.63901
2023-09-07T14:00:00+01:00,0.63902,0.6395,0.63666,0.63757
2023-09-07T22:00:00+01:00,0.63757,0.6396,0.63674,0.63867
2023-09-08T06:00:00+01:00,0.63869,0.64149,0.63867,0.63938
2023-09-08T14:00:00+01:00,0.63937,0.64074,0.63704,0.6377
2023-09-10T22:00:00+01:00,0.63853,0.64376,0.63784,0.6437
2023-09-11T06:00:00+01:00,0.64371,0.64438,0.64233,0.64355
2023-09-11T14:00:00+01:00,0.64352,0.64495,0.64258,0.6432
2023-09-11T22:00:00+01:00,0.64303,0.64395,0.64159,0.64275
2023-09-12T06:00:00+01:00,0.64274,0.644,0.64128,0.64156
2023-09-12T14:00:00+01:00,0.64156,0.64282,0.64085,0.64265
2023-09-12T22:00:00+01:00,0.64263,0.6433,0.63994,0.64098
2023-09-13T06:00:00+01:00,0.64098,0.6423,0.63803,0.64111
2023-09-13T14:00:00+01:00,0.6411,0.64342,0.64047,0.64216
2023-09-13T22:00:00+01:00,0.64214,0.64548,0.64172,0.64388
2023-09-14T06:00:00+01:00,0.64387,0.64511,0.6419,0.64409
2023-09-14T14:00:00+01:00,0.64409,0.64596,0.64275,0.64404
2023-09-14T22:00:00+01:00,0.644,0.64736,0.64297,0.64724
2023-09-15T06:00:00+01:00,0.64724,0.64731,0.64403,0.64405
2023-09-15T14:00:00+01:00,0.64406,0.64576,0.64248,0.64305
2023-09-17T22:00:00+01:00,0.6444,0.64475,0.64273,0.64444
2023-09-18T06:00:00+01:00,0.64448,0.64489,0.64287,0.64301
2023-09-18T14:00:00+01:00,0.643,0.64453,0.64166,0.64372
2023-09-18T22:00:00+01:00,0.64372,0.64479,0.6429,0.64379
2023-09-19T06:00:00+01:00,0.64377,0.64738,0.64278,0.64705
2023-09-19T14:00:00+01:00,0.64706,0.64717,0.64524,0.64538
2023-09-19T22:00:00+01:00,0.64535,0.64657,0.64482,0.64506
2023-09-20T06:00:00+01:00,0.64505,0.64885,0.64486,0.64857
2023-09-20T14:00:00+01:00,0.64856,0.65114,0.64399,0.64478
2023-09-20T22:00:00+01:00,0.64477,0.64526,0.64031,0.64061
2023-09-21T06:00:00+01:00,0.64061,0.64228,0.63855,0.64016
2023-09-21T14:00:00+01:00,0.64017,0.64323,0.63958,0.64158
2023-09-21T22:00:00+01:00,0.6416,0.64274,0.64038,0.64254
2023-09-22T06:00:00+01:00,0.64255,0.64613,0.64176,0.64573
2023-09-22T14:00:00+01:00,0.64574,0.64655,0.64365,0.64416
2023-09-24T22:00:00+01:00,0.64443,0.64467,0.64223,0.64275
2023-09-25T06:00:00+01:00,0.64272,0.6436,0.6413,0.64247
2023-09-25T14:00:00+01:00,0.64246,0.64302,0.64043,0.64236
2023-09-25T22:00:00+01:00,0.64234,0.64306,0.64156,0.64176
2023-09-26T06:00:00+01:00,0.64175,0.642,0.63874,0.64172
2023-09-26T14:00:00+01:00,0.64172,0.64216,0.63914,0.6397
2023-09-26T22:00:00+01:00,0.63972,0.64091,0.63766,0.6383
2023-09-27T06:00:00+01:00,0.63828,0.63857,0.63616,0.63761
2023-09-27T14:00:00+01:00,0.6376,0.63875,0.63315,0.63525
2023-09-27T22:00:00+01:00,0.63526,0.63775,0.63448,0.63759
2023-09-28T06:00:00+01:00,0.63759,0.64045,0.63638,0.63889
2023-09-28T14:00:00+01:00,0.6389,0.64324,0.63871,0.64272
2023-09-28T22:00:00+01:00,0.6427,0.64611,0.64162,0.64573
2023-09-29T06:00:00+01:00,0.64574,0.6501,0.6455,0.64934
2023-09-29T14:00:00+01:00,0.64933,0.64945,0.64223,0.64322
2023-10-01T22:00:00+01:00,0.6424,0.64451,0.64045,0.64047
2023-10-02T06:00:00+01:00,0.64048,0.64262,0.63896,0.63899
2023-10-02T14:00:00+01:00,0.63898,0.63922,0.63623,0.6363
2023-10-02T22:00:00+01:00,0.6363,0.63672,0.63145,0.63175
2023-10-03T06:00:00+01:00,0.63173,0.63319,0.62952,0.63023
2023-10-03T14:00:00+01:00,0.63026,0.63177,0.62855,0.6302
2023-10-03T22:00:00+01:00,0.6302,0.63244,0.62864,0.63203
2023-10-04T06:00:00+01:00,0.63203,0.63425,0.63015,0.63369
2023-10-04T14:00:00+01:00,0.63369,0.6341,0.63061,0.63252
2023-10-04T22:00:00+01:00,0.63253,0.63777,0.63217,0.63726
2023-10-05T06:00:00+01:00,0.63723,0.63726,0.63272,0.63431
2023-10-05T14:00:00+01:00,0.63431,0.63738,0.63365,0.637
2023-10-05T22:00:00+01:00,0.63701,0.6382,0.63638,0.63677
2023-10-06T06:00:00+01:00,0.63675,0.63707,0.63127,0.63257
2023-10-06T14:00:00+01:00,0.63257,0.64004,0.63199,0.63863
2023-10-08T22:00:00+01:00,0.63627,0.63811,0.63445,0.63484
2023-10-09T06:00:00+01:00,0.63482,0.63688,0.63428,0.63674
2023-10-09T14:00:00+01:00,0.63673,0.6415,0.63671,0.64108
2023-10-09T22:00:00+01:00,0.64121,0.64332,0.64079,0.64098
2023-10-10T06:00:00+01:00,0.64098,0.64265,0.63902,0.63997
2023-10-10T14:00:00+01:00,0.63997,0.64325,0.63936,0.64316
2023-10-10T22:00:00+01:00,0.64308,0.64454,0.6417,0.64201
2023-10-11T06:00:00+01:00,0.64204,0.64345,0.64007,0.6422
2023-10-11T14:00:00+01:00,0.6422,0.64277,0.63881,0.64139
2023-10-11T22:00:00+01:00,0.64152,0.64271,0.64092,0.64228
2023-10-12T06:00:00+01:00,0.64227,0.64311,0.63732,0.63835
2023-10-12T14:00:00+01:00,0.63837,0.63865,0.63072,0.63141
2023-10-12T22:00:00+01:00,0.63139,0.63345,0.63103,0.63165
2023-10-13T06:00:00+01:00,0.63166,0.63317,0.63055,0.63261
2023-10-13T14:00:00+01:00,0.6326,0.63282,0.62863,0.62955
2023-10-15T22:00:00+01:00,0.63045,0.6327,0.62999,0.63227
2023-10-16T06:00:00+01:00,0.63227,0.63336,0.63171,0.63306
2023-10-16T14:00:00+01:00,0.63306,0.6345,0.63118,0.63424
2023-10-16T22:00:00+01:00,0.63425,0.63672,0.63348,0.6354
2023-10-17T06:00:00+01:00,0.6354,0.63658,0.63366,0.63413
2023-10-17T14:00:00+01:00,0.63414,0.63799,0.63366,0.63648
2023-10-17T22:00:00+01:00,0.63648,0.63817,0.63511,0.63773
2023-10-18T06:00:00+01:00,0.63775,0.63933,0.63552,0.63609
2023-10-18T14:00:00+01:00,0.63612,0.63644,0.6328,0.63362
2023-10-18T22:00:00+01:00,0.63363,0.63392,0.6296,0.63023
2023-10-19T06:00:00+01:00,0.63022,0.63246,0.62971,0.63196
2023-10-19T14:00:00+01:00,0.63196,0.63567,0.63132,0.63291
2023-10-19T22:00:00+01:00,0.63289,0.6331,0.63054,0.63152
2023-10-20T06:00:00+01:00,0.6315,0.63201,0.62974,0.63095
2023-10-20T14:00:00+01:00,0.63098,0.63257,0.6309,0.63132
2023-10-22T22:00:00+01:00,0.6318,0.63221,0.63075,0.63108
2023-10-23T06:00:00+01:00,0.63111,0.63214,0.6289,0.63114
2023-10-23T14:00:00+01:00,0.63115,0.63488,0.63026,0.63362
2023-10-23T22:00:00+01:00,0.63362,0.63621,0.63308,0.63587
2023-10-24T06:00:00+01:00,0.63587,0.63792,0.63518,0.63621
2023-10-24T14:00:00+01:00,0.63623,0.63658,0.6344,0.63549
2023-10-24T22:00:00+01:00,0.6355,0.63997,0.63498,0.63865
2023-10-25T06:00:00+01:00,0.63864,0.63875,0.63282,0.63391
2023-10-25T14:00:00+01:00,0.63392,0.6344,0.63054,0.63087
2023-10-25T22:00:00+01:00,0.63087,0.63126,0.62702,0.62772
2023-10-26T06:00:00+01:00,0.62774,0.63227,0.62774,0.63216
2023-10-26T14:00:00+01:00,0.63217,0.63308,0.63018,0.63219
2023-10-26T22:00:00+01:00,0.63218,0.6345,0.63199,0.63439
2023-10-27T06:00:00+01:00,0.63436,0.63586,0.63311,0.63506
2023-10-27T14:00:00+01:00,0.63505,0.63681,0.63312,0.63353
2023-10-29T21:00:00+00:00,0.63404,0.636,0.63326,0.63531
2023-10-30T05:00:00+00:00,0.63531,0.63784,0.63488,0.63738
2023-10-30T13:00:00+00:00,0.63738,0.6384,0.63617,0.63742
2023-10-30T21:00:00+00:00,0.63744,0.6377,0.63414,0.63447
2023-10-31T05:00:00+00:00,0.63446,0.63743,0.63431,0.63458
2023-10-31T13:00:00+00:00,0.63458,0.63471,0.63145,0.63369
2023-10-31T21:00:00+00:00,0.63369,0.63438,0.63184,0.63312
2023-11-01T05:00:00+00:00,0.63313,0.63681,0.63284,0.63596
2023-11-01T13:00:00+00:00,0.63594,0.63995,0.63446,0.63936
2023-11-01T21:00:00+00:00,0.63936,0.6439,0.63892,0.64236
2023-11-02T05:00:00+00:00,0.64235,0.6456,0.64171,0.64553
2023-11-02T13:00:00+00:00,0.64552,0.64553,0.64129,0.64342
2023-11-02T21:00:00+00:00,0.64342,0.64389,0.64199,0.64316
2023-11-03T05:00:00+00:00,0.64318,0.65043,0.64303,0.64936
2023-11-03T13:00:00+00:00,0.64936,0.65184,0.6479,0.65145
2023-11-05T22:00:00+00:00,0.65067,0.652,0.65044,0.65143
2023-11-06T06:00:00+00:00,0.65142,0.6523,0.64956,0.65
2023-11-06T14:00:00+00:00,0.65002,0.65077,0.64851,0.64889
2023-11-06T22:00:00+00:00,0.64891,0.65023,0.64305,0.64377
2023-11-07T06:00:00+00:00,0.64379,0.64406,0.64092,0.6416
2023-11-07T14:00:00+00:00,0.64159,0.64379,0.64041,0.64365
2023-11-07T22:00:00+00:00,0.64355,0.64495,0.64224,0.64308
2023-11-08T06:00:00+00:00,0.64309,0.64441,0.64202,0.64267
2023-11-08T14:00:00+00:00,0.64267,0.64355,0.63973,0.64021
2023-11-08T22:00:00+00:00,0.6402,0.64175,0.63989,0.64091
2023-11-09T06:00:00+00:00,0.64092,0.64212,0.63919,0.64127
2023-11-09T14:00:00+00:00,0.64128,0.64284,0.63634,0.63662
2023-11-09T22:00:00+00:00,0.63662,0.63716,0.63519,0.63584
2023-11-10T06:00:00+00:00,0.63582,0.6367,0.63488,0.6363
2023-11-10T14:00:00+00:00,0.6363,0.63637,0.63387,0.63607
2023-11-12T22:00:00+00:00,0.63521,0.6369,0.63514,0.63637
2023-11-13T06:00:00+00:00,0.63636,0.63853,0.63623,0.63678
2023-11-13T14:00:00+00:00,0.63678,0.63914,0.63621,0.63769
2023-11-13T22:00:00+00:00,0.63769,0.6384,0.63635,0.63664
2023-11-14T06:00:00+00:00,0.63664,0.6446,0.63605,0.64419
2023-11-14T14:00:00+00:00,0.64417,0.65124,0.64413,0.65071
2023-11-14T22:00:00+00:00,0.65063,0.65091,0.64834,0.65017
2023-11-15T06:00:00+00:00,0.65017,0.65425,0.64929,0.65091
2023-11-15T14:00:00+00:00,0.65088,0.65318,0.64851,0.65087
2023-11-15T22:00:00+00:00,0.65085,0.65198,0.64612,0.64755
2023-11-16T06:00:00+00:00,0.64755,0.6509,0.64722,0.65075
2023-11-16T14:00:00+00:00,0.65075,0.65078,0.64607,0.64691
2023-11-16T22:00:00+00:00,0.64692,0.6476,0.64576,0.64691
2023-11-17T06:00:00+00:00,0.6469,0.65126,0.64525,0.6499
2023-11-17T14:00:00+00:00,0.6499,0.6517,0.64873,0.65158
2023-11-19T22:00:00+00:00,0.65048,0.65631,0.65009,0.65457
2023-11-20T06:00:00+00:00,0.6546,0.65631,0.65448,0.65488
2023-11-20T14:00:00+00:00,0.65487,0.6565,0.65346,0.65564
2023-11-20T22:00:00+00:00,0.6556,0.6587,0.6553,0.65695
2023-11-21T06:00:00+00:00,0.65695,0.65858,0.65571,0.65695
2023-11-21T14:00:00+00:00,0.65697,0.65897,0.65445,0.65556
2023-11-21T22:00:00+00:00,0.65558,0.65697,0.65399,0.65414
2023-11-22T06:00:00+00:00,0.65416,0.65694,0.65275,0.65526
2023-11-22T14:00:00+00:00,0.65526,0.65546,0.65214,0.65427
2023-11-22T22:00:00+00:00,0.65406,0.6564,0.65389,0.65634
2023-11-23T06:00:00+00:00,0.65637,0.65748,0.65508,0.65579
2023-11-23T14:00:00+00:00,0.6558,0.65655,0.65524,0.65574
2023-11-23T22:00:00+00:00,0.65576,0.65698,0.65498,0.65692
2023-11-24T06:00:00+00:00,0.65692,0.6578,0.65555,0.65698
2023-11-24T14:00:00+00:00,0.65699,0.65911,0.65668,0.65846
2023-11-26T22:00:00+00:00,0.65791,0.6595,0.65668,0.65756
2023-11-27T06:00:00+00:00,0.65756,0.66142,0.65755,0.6601
2023-11-27T14:00:00+00:00,0.66009,0.66121,0.65868,0.66066
2023-11-27T22:00:00+00:00,0.66067,0.66318,0.66024,0.66141
2023-11-28T06:00:00+00:00,0.66142,0.66229,0.65963,0.66211
2023-11-28T14:00:00+00:00,0.66212,0.66659,0.6618,0.66488
2023-11-28T22:00:00+00:00,0.66488,0.66766,0.6637,0.66445
2023-11-29T06:00:00+00:00,0.66446,0.66448,0.66126,0.66153
2023-11-29T14:00:00+00:00,0.66154,0.66361,0.66058,0.66173
2023-11-29T22:00:00+00:00,0.66175,0.66488,0.66137,0.66392
2023-11-30T06:00:00+00:00,0.6639,0.66504,0.6588,0.65911
2023-11-30T14:00:00+00:00,0.65912,0.66348,0.6571,0.66058
2023-11-30T22:00:00+00:00,0.66061,0.66297,0.66007,0.66129
2023-12-01T06:00:00+00:00,0.66128,0.66353,0.65995,0.6611
2023-12-01T14:00:00+00:00,0.66111,0.66764,0.66098,0.66744
2023-12-03T22:00:00+00:00,0.66667,0.66907,0.66527,0.6657
2023-12-04T06:00:00+00:00,0.6657,0.66638,0.66346,0.66455
2023-12-04T14:00:00+00:00,0.66457,0.66461,0.66048,0.66196
2023-12-04T22:00:00+00:00,0.6619,0.66226,0.65714,0.65833
2023-12-05T06:00:00+00:00,0.65833,0.65855,0.65568,0.65595
2023-12-05T14:00:00+00:00,0.65596,0.65795,0.65441,0.65518
2023-12-05T22:00:00+00:00,0.65514,0.65975,0.65494,0.65885
2023-12-06T06:00:00+00:00,0.65884,0.65963,0.65645,0.65862
2023-12-06T14:00:00+00:00,0.65863,0.65913,0.65475,0.65488
2023-12-06T22:00:00+00:00,0.65488,0.65586,0.65255,0.65347
2023-12-07T06:00:00+00:00,0.65348,0.65906,0.65329,0.65834
2023-12-07T14:00:00+00:00,0.65835,0.66204,0.65673,0.66022
2023-12-07T22:00:00+00:00,0.66021,0.66197,0.65925,0.66136
2023-12-08T06:00:00+00:00,0.66134,0.66166,0.65665,0.65868
2023-12-08T14:00:00+00:00,0.65869,0.66017,0.6558,0.65786
2023-12-10T22:00:00+00:00,0.65704,0.65833,0.65514,0.65595
2023-12-11T06:00:00+00:00,0.65594,0.65675,0.655,0.6562
2023-12-11T14:00:00+00:00,0.65622,0.65719,0.65553,0.6568
2023-12-11T22:00:00+00:00,0.65691,0.65978,0.6563,0.65964
2023-12-12T06:00:00+00:00,0.65965,0.66125,0.65571,0.65594
2023-12-12T14:00:00+00:00,0.65593,0.65746,0.65397,0.65599
2023-12-12T22:00:00+00:00,0.656,0.65677,0.65487,0.65577
2023-12-13T06:00:00+00:00,0.65575,0.65763,0.65414,0.65753
2023-12-13T14:00:00+00:00,0.65755,0.66734,0.65663,0.66616
2023-12-13T22:00:00+00:00,0.66612,0.67286,0.66556,0.67175
2023-12-14T06:00:00+00:00,0.67175,0.67263,0.66862,0.67058
2023-12-14T14:00:00+00:00,0.67058,0.67197,0.6682,0.66994
2023-12-14T22:00:00+00:00,0.66995,0.67244,0.66935,0.66973
2023-12-15T06:00:00+00:00,0.66973,0.6726,0.66631,0.66716
2023-12-15T14:00:00+00:00,0.66715,0.67285,0.66708,0.67029
2023-12-17T22:00:00+00:00,0.66996,0.67196,0.6693,0.6713
2023-12-18T06:00:00+00:00,0.6713,0.67355,0.67107,0.67266
2023-12-18T14:00:00+00:00,0.67266,0.67278,0.66904,0.67064
2023-12-18T22:00:00+00:00,0.67062,0.67275,0.67005,0.67175
2023-12-19T06:00:00+00:00,0.67175,0.67465,0.67066,0.67426
2023-12-19T14:00:00+00:00,0.67427,0.67746,0.67375,0.67628
2023-12-19T22:00:00+00:00,0.67624,0.67768,0.67484,0.67694
2023-12-20T06:00:00+00:00,0.67692,0.67773,0.67573,0.67705
2023-12-20T14:00:00+00:00,0.67706,0.67792,0.67243,0.67296
2023-12-20T22:00:00+00:00,0.67295,0.67534,0.67253,0.67519
2023-12-21T06:00:00+00:00,0.67518,0.67912,0.67386,0.67785
2023-12-21T14:00:00+00:00,0.67785,0.68037,0.67695,0.68025
2023-12-21T22:00:00+00:00,0.68027,0.68033,0.67737,0.67751
2023-12-22T06:00:00+00:00,0.67749,0.68158,0.67733,0.68149
2023-12-22T14:00:00+00:00,0.68148,0.6825,0.67914,0.68002
2023-12-24T22:00:00+00:00,0.6796,0.6807,0.67736,0.67849
2023-12-25T06:00:00+00:00,0.67843,0.6811,0.67841,0.68053
2023-12-25T22:00:00+00:00,0.68073,0.68168,0.67894,0.68151
2023-12-26T06:00:00+00:00,0.6815,0.68187,0.67976,0.68149
2023-12-26T14:00:00+00:00,0.68149,0.68268,0.68061,0.68248
2023-12-26T22:00:00+00:00,0.68251,0.68406,0.68175,0.68283
2023-12-27T06:00:00+00:00,0.68284,0.68434,0.68244,0.68341
2023-12-27T14:00:00+00:00,0.68342,0.68517,0.68322,0.68468
2023-12-27T22:00:00+00:00,0.68468,0.68711,0.68374,0.68464
2023-12-28T06:00:00+00:00,0.68464,0.68538,0.68241,0.68267
2023-12-28T14:00:00+00:00,0.68266,0.68651,0.68249,0.68294
2023-12-28T22:00:00+00:00,0.68291,0.68466,0.68229,0.6843
2023-12-29T06:00:00+00:00,0.68429,0.68461,0.67822,0.67836
2023-12-29T14:00:00+00:00,0.67834,0.68388,0.67812,0.68118
2024-01-01T22:00:00+00:00,0.68114,0.68392,0.68021,0.68387
2024-01-02T06:00:00+00:00,0.68389,0.68389,0.67775,0.67799
2024-01-02T14:00:00+00:00,0.67799,0.67911,0.67572,0.6761
2024-01-02T22:00:00+00:00,0.67608,0.67725,0.67508,0.67645
2024-01-03T06:00:00+00:00,0.67644,0.67701,0.67121,0.67149
2024-01-03T14:00:00+00:00,0.67151,0.67395,0.6702,0.67317
2024-01-03T22:00:00+00:00,0.67315,0.67468,0.67209,0.67398
2024-01-04T06:00:00+00:00,0.67397,0.676,0.6709,0.67129
2024-01-04T14:00:00+00:00,0.67128,0.67174,0.66966,0.67068
2024-01-04T22:00:00+00:00,0.67074,0.67188,0.66928,0.67035
2024-01-05T06:00:00+00:00,0.67034,0.67093,0.66406,0.66862
2024-01-05T14:00:00+00:00,0.66863,0.67481,0.66829,0.67145
2024-01-07T22:00:00+00:00,0.67165,0.67347,0.66941,0.67
2024-01-08T06:00:00+00:00,0.67002,0.67152,0.66776,0.66813
2024-01-08T14:00:00+00:00,0.66813,0.67231,0.66797,0.67203
2024-01-08T22:00:00+00:00,0.67203,0.67346,0.67075,0.67088
2024-01-09T06:00:00+00:00,0.67087,0.67136,0.66879,0.66986
2024-01-09T14:00:00+00:00,0.66987,0.67017,0.66772,0.66872
2024-01-09T22:00:00+00:00,0.66868,0.67085,0.668,0.6704
2024-01-10T06:00:00+00:00,0.67038,0.67129,0.66908,0.66983
2024-01-10T14:00:00+00:00,0.66984,0.67039,0.66861,0.67
2024-01-10T22:00:00+00:00,0.66998,0.67258,0.66942,0.67187
2024-01-11T06:00:00+00:00,0.67188,0.6727,0.66622,0.66651
2024-01-11T14:00:00+00:00,0.66651,0.66929,0.66471,0.66876
2024-01-11T22:00:00+00:00,0.66875,0.67141,0.66841,0.66962
2024-01-12T06:00:00+00:00,0.66963,0.67166,0.6678,0.67045
2024-01-12T14:00:00+00:00,0.67046,0.67288,0.66823,0.66863
2024-01-14T22:00:00+00:00,0.66859,0.67046,0.66807,0.66844
2024-01-15T06:00:00+00:00,0.66843,0.66883,0.66517,0.66565
2024-01-15T14:00:00+00:00,0.66566,0.66629,0.66502,0.6661
2024-01-15T22:00:00+00:00,0.66608,0.66637,0.661,0.66124
2024-01-16T06:00:00+00:00,0.66125,0.66332,0.65955,0.6599
2024-01-16T14:00:00+00:00,0.65988,0.66094,0.65762,0.6584
2024-01-16T22:00:00+00:00,0.65839,0.65948,0.65552,0.65603
2024-01-17T06:00:00+00:00,0.65602,0.65657,0.6535,0.65455
2024-01-17T14:00:00+00:00,0.65455,0.65531,0.6525,0.65527
2024-01-17T22:00:00+00:00,0.65528,0.65668,0.65259,0.6557
2024-01-18T06:00:00+00:00,0.65569,0.65747,0.65437,0.65448
2024-01-18T14:00:00+00:00,0.65447,0.65746,0.65447,0.65726
2024-01-18T22:00:00+00:00,0.65722,0.65891,0.65675,0.6571
2024-01-19T06:00:00+00:00,0.65709,0.66017,0.65652,0.65901
2024-01-19T14:00:00+00:00,0.65901,0.65995,0.65708,0.65969
2024-01-21T22:00:00+00:00,0.65952,0.66138,0.65857,0.65886
2024-01-22T06:00:00+00:00,0.65887,0.6598,0.6581,0.65904
2024-01-22T14:00:00+00:00,0.65904,0.65962,0.65663,0.65702
2024-01-22T22:00:00+00:00,0.65702,0.66087,0.65653,0.66074
2024-01-23T06:00:00+00:00,0.66075,0.66125,0.65758,0.65925
2024-01-23T14:00:00+00:00,0.65925,0.65925,0.65517,0.65796
2024-01-23T22:00:00+00:00,0.65798,0.6587,0.6566,0.65741
2024-01-24T06:00:00+00:00,0.6574,0.66191,0.65709,0.66169
2024-01-24T14:00:00+00:00,0.66168,0.6621,0.65743,0.65771
2024-01-24T22:00:00+00:00,0.65772,0.65811,0.65661,0.65738
2024-01-25T06:00:00+00:00,0.65737,0.66073,0.6571,0.6606
2024-01-25T14:00:00+00:00,0.6606,0.66098,0.65705,0.6585
2024-01-25T22:00:00+00:00,0.65846,0.65969,0.65763,0.65926
2024-01-26T06:00:00+00:00,0.65925,0.66098,0.65769,0.66042
2024-01-26T14:00:00+00:00,0.66041,0.66067,0.65729,0.65738
2024-01-28T22:00:00+00:00,0.65738,0.65951,0.65699,0.65887
2024-01-29T06:00:00+00:00,0.65888,0.6606,0.65875,0.65992
2024-01-29T14:00:00+00:00,0.65993,0.66159,0.65814,0.6611
2024-01-29T22:00:00+00:00,0.6611,0.66246,0.66012,0.66159
2024-01-30T06:00:00+00:00,0.6616,0.66171,0.65845,0.65875
2024-01-30T14:00:00+00:00,0.65874,0.6606,0.65752,0.66023
2024-01-30T22:00:00+00:00,0.66023,0.66042,0.65592,0.65664
2024-01-31T06:00:00+00:00,0.65663,0.65989,0.65609,0.65963
2024-01-31T14:00:00+00:00,0.65961,0.66227,0.65516,0.65673
2024-01-31T22:00:00+00:00,0.65669,0.6579,0.65372,0.6538
2024-02-01T06:00:00+00:00,0.65382,0.65436,0.65082,0.65194
2024-02-01T14:00:00+00:00,0.65197,0.65754,0.65166,0.65719
2024-02-01T22:00:00+00:00,0.65721,0.65995,0.65695,0.65936
2024-02-02T06:00:00+00:00,0.65936,0.66104,0.65407,0.65427
2024-02-02T14:00:00+00:00,0.65426,0.65438,0.65024,0.65128
2024-02-04T22:00:00+00:00,0.65132,0.65178,0.64861,0.65158
2024-02-05T06:00:00+00:00,0.65156,0.65203,0.64854,0.64881
2024-02-05T14:00:00+00:00,0.64882,0.64929,0.64687,0.64831
2024-02-05T22:00:00+00:00,0.64831,0.65213,0.64781,0.65104
2024-02-06T06:00:00+00:00,0.65104,0.65182,0.64871,0.64919
2024-02-06T14:00:00+00:00,0.64919,0.65251,0.64906,0.65235
2024-02-06T22:00:00+00:00,0.65234,0.65403,0.6521,0.65297
2024-02-07T06:00:00+00:00,0.65297,0.65377,0.6517,0.65254
2024-02-07T14:00:00+00:00,0.65256,0.65338,0.65155,0.65203
2024-02-07T22:00:00+00:00,0.65203,0.65321,0.65172,0.6521
2024-02-08T06:00:00+00:00,0.65211,0.65253,0.64817,0.64845
2024-02-08T14:00:00+00:00,0.64844,0.64977,0.64804,0.64918
2024-02-08T22:00:00+00:00,0.64921,0.64999,0.64874,0.64929
2024-02-09T06:00:00+00:00,0.64929,0.65343,0.64919,0.65223
2024-02-09T14:00:00+00:00,0.65221,0.65306,0.65132,0.65238
2024-02-11T22:00:00+00:00,0.6517,0.653,0.65142,0.65189
2024-02-12T06:00:00+00:00,0.65188,0.65312,0.65123,0.65196
2024-02-12T14:00:00+00:00,0.65195,0.6543,0.65192,0.65311
2024-02-12T22:00:00+00:00,0.6531,0.65325,0.65138,0.65164
2024-02-13T06:00:00+00:00,0.65165,0.65414,0.64641,0.64675
2024-02-13T14:00:00+00:00,0.64676,0.64761,0.64427,0.64536
2024-02-13T22:00:00+00:00,0.64535,0.64677,0.64464,0.64671
2024-02-14T06:00:00+00:00,0.64671,0.64879,0.6467,0.64739
2024-02-14T14:00:00+00:00,0.64738,0.64956,0.64725,0.64902
2024-02-14T22:00:00+00:00,0.6491,0.65014,0.64776,0.64878
2024-02-15T06:00:00+00:00,0.64878,0.65282,0.64863,0.65187
2024-02-15T14:00:00+00:00,0.65186,0.65295,0.65045,0.65249
2024-02-15T22:00:00+00:00,0.6525,0.65286,0.65072,0.65183
2024-02-16T06:00:00+00:00,0.65183,0.65298,0.64965,0.65065
2024-02-16T14:00:00+00:00,0.65066,0.65447,0.64981,0.65309
2024-02-18T22:00:00+00:00,0.65285,0.65519,0.65267,0.65429
2024-02-19T06:00:00+00:00,0.65427,0.65475,0.6536,0.65383
2024-02-19T14:00:00+00:00,0.65384,0.65417,0.65333,0.65402
2024-02-19T22:00:00+00:00,0.65409,0.65423,0.65214,0.65301
2024-02-20T06:00:00+00:00,0.65299,0.65749,0.65277,0.65728
2024-02-20T14:00:00+00:00,0.65729,0.65791,0.6548,0.65487
2024-02-20T22:00:00+00:00,0.65488,0.65734,0.65472,0.65692
2024-02-21T06:00:00+00:00,0.65692,0.65697,0.65491,0.65534
2024-02-21T14:00:00+00:00,0.65534,0.65579,0.65333,0.6551
2024-02-21T22:00:00+00:00,0.65509,0.65639,0.65424,0.65609
2024-02-22T06:00:00+00:00,0.65609,0.65951,0.65513,0.65529
2024-02-22T14:00:00+00:00,0.65528,0.65614,0.65404,0.65572
2024-02-22T22:00:00+00:00,0.65573,0.65743,0.65498,0.65677
2024-02-23T06:00:00+00:00,0.65677,0.65805,0.65512,0.6574
2024-02-23T14:00:00+00:00,0.65739,0.65753,0.65542,0.65638
2024-02-25T22:00:00+00:00,0.65669,0.65675,0.65492,0.65557
2024-02-26T06:00:00+00:00,0.65555,0.65588,0.65416,0.65556
2024-02-26T14:00:00+00:00,0.65555,0.65565,0.6531,0.65403
2024-02-26T22:00:00+00:00,0.65404,0.65475,0.6525,0.65434
2024-02-27T06:00:00+00:00,0.65436,0.65579,0.65421,0.65504
2024-02-27T14:00:00+00:00,0.65504,0.65518,0.65314,0.65435
2024-02-27T22:00:00+00:00,0.65436,0.65497,0.65121,0.65157
2024-02-28T06:00:00+00:00,0.65158,0.65175,0.64904,0.64952
2024-02-28T14:00:00+00:00,0.64951,0.64999,0.64887,0.64958
2024-02-28T22:00:00+00:00,0.64957,0.6522,0.64907,0.65164
2024-02-29T06:00:00+00:00,0.65165,0.65194,0.6487,0.65114
2024-02-29T14:00:00+00:00,0.65113,0.65311,0.64912,0.64976
2024-02-29T22:00:00+00:00,0.64973,0.65142,0.64936,0.65092
2024-03-01T06:00:00+00:00,0.65093,0.65143,0.64902,0.64981
2024-03-01T14:00:00+00:00,0.64982,0.65341,0.64894,0.65258
2024-03-03T22:00:00+00:00,0.65249,0.65355,0.65161,0.65169
2024-03-04T06:00:00+00:00,0.65169,0.65275,0.65092,0.6517
2024-03-04T14:00:00+00:00,0.6517,0.65233,0.65077,0.6509
2024-03-04T22:00:00+00:00,0.65095,0.65152,0.64899,0.64899
2024-03-05T06:00:00+00:00,0.64901,0.64981,0.64775,0.64944
2024-03-05T14:00:00+00:00,0.64945,0.6521,0.64916,0.65022
2024-03-05T22:00:00+00:00,0.65024,0.652,0.64926,0.6517
2024-03-06T06:00:00+00:00,0.65169,0.6542,0.65124,0.65405
2024-03-06T14:00:00+00:00,0.65406,0.65816,0.65406,0.65637
2024-03-06T22:00:00+00:00,0.65643,0.65886,0.65609,0.65759
2024-03-07T06:00:00+00:00,0.65755,0.66176,0.65738,0.66092
2024-03-07T14:00:00+00:00,0.66091,0.66246,0.66014,0.66201
2024-03-07T22:00:00+00:00,0.66202,0.66338,0.66131,0.66334
2024-03-08T06:00:00+00:00,0.66335,0.66677,0.66208,0.66446
2024-03-08T14:00:00+00:00,0.66444,0.66534,0.66159,0.66253
2024-03-10T21:00:00+00:00,0.66245,0.6629,0.6607,0.66108
2024-03-11T05:00:00+00:00,0.66107,0.6621,0.66,0.66005
2024-03-11T13:00:00+00:00,0.66006,0.66147,0.65967,0.66142
2024-03-11T21:00:00+00:00,0.66143,0.66213,0.66092,0.66146
2024-03-12T05:00:00+00:00,0.66146,0.66389,0.65863,0.66122
2024-03-12T13:00:00+00:00,0.66122,0.66123,0.65844,0.66058
2024-03-12T21:00:00+00:00,0.66056,0.66165,0.66003,0.66134
2024-03-13T05:00:00+00:00,0.66132,0.66182,0.66034,0.66108
2024-03-13T13:00:00+00:00,0.66107,0.66352,0.66104,0.66215
2024-03-13T21:00:00+00:00,0.66213,0.66319,0.66097,0.66154
2024-03-14T05:00:00+00:00,0.66152,0.66297,0.66085,0.66136
2024-03-14T13:00:00+00:00,0.66138,0.66163,0.65699,0.6581
2024-03-14T21:00:00+00:00,0.65809,0.65848,0.65574,0.65662
2024-03-15T05:00:00+00:00,0.65663,0.65731,0.65521,0.65643
2024-03-15T13:00:00+00:00,0.65641,0.65743,0.65555,0.65597
2024-03-17T21:00:00+00:00,0.65607,0.65694,0.6554,0.65658
2024-03-18T05:00:00+00:00,0.65659,0.65741,0.65605,0.65685
2024-03-18T13:00:00+00:00,0.65684,0.65715,0.65508,0.65596
2024-03-18T21:00:00+00:00,0.65589,0.6564,0.65263,0.65284
2024-03-19T05:00:00+00:00,0.65284,0.6529,0.65041,0.65182
2024-03-19T13:00:00+00:00,0.65182,0.65363,0.65158,0.6532
2024-03-19T21:00:00+00:00,0.65318,0.65413,0.65197,0.65256
2024-03-20T05:00:00+00:00,0.65255,0.65359,0.65116,0.652
2024-03-20T13:00:00+00:00,0.65199,0.65871,0.6515,0.65864
2024-03-20T21:00:00+00:00,0.65867,0.66282,0.65782,0.66236
2024-03-21T05:00:00+00:00,0.66236,0.66346,0.65955,0.65999
2024-03-21T13:00:00+00:00,0.66,0.66001,0.65612,0.65697
2024-03-21T21:00:00+00:00,0.65697,0.65768,0.65224,0.65242
2024-03-22T05:00:00+00:00,0.65243,0.65325,0.65102,0.65237
2024-03-22T13:00:00+00:00,0.65237,0.6531,0.65105,0.65146
2024-03-24T21:00:00+00:00,0.65168,0.6544,0.65102,0.65267
2024-03-25T05:00:00+00:00,0.65268,0.65365,0.65166,0.65325
2024-03-25T13:00:00+00:00,0.65324,0.6547,0.6531,0.654
2024-03-25T21:00:00+00:00,0.654,0.65548,0.65315,0.65382
2024-03-26T05:00:00+00:00,0.65382,0.65592,0.65355,0.65486
2024-03-26T13:00:00+00:00,0.65485,0.65525,0.65304,0.65332
2024-03-26T21:00:00+00:00,0.65331,0.65389,0.65114,0.65291
2024-03-27T05:00:00+00:00,0.6529,0.65326,0.65156,0.65169
2024-03-27T13:00:00+00:00,0.65169,0.6535,0.65134,0.65343
2024-03-27T21:00:00+00:00,0.65345,0.65412,0.65153,0.65311
2024-03-28T05:00:00+00:00,0.65312,0.65327,0.64854,0.65072
2024-03-28T13:00:00+00:00,0.65073,0.65283,0.65033,0.65157
2024-03-28T21:00:00+00:00,0.65157,0.65253,0.65097,0.65104
2024-03-29T05:00:00+00:00,0.65106,0.65333,0.65054,0.6527
2024-03-29T13:00:00+00:00,0.65271,0.65322,0.65082,0.65169
2024-03-31T22:00:00+01:00,0.65185,0.65389,0.65161,0.6524
2024-04-01T06:00:00+01:00,0.65239,0.6528,0.65075,0.65157
2024-04-01T14:00:00+01:00,0.65158,0.65193,0.64807,0.64895
2024-04-01T22:00:00+01:00,0.64897,0.64988,0.6483,0.64896
2024-04-02T06:00:00+01:00,0.64897,0.65111,0.64864,0.64986
2024-04-02T14:00:00+01:00,0.64985,0.65239,0.64956,0.6518
2024-04-02T22:00:00+01:00,0.65179,0.65255,0.6504,0.65192
2024-04-03T06:00:00+01:00,0.65192,0.6521,0.65033,0.65159
2024-04-03T14:00:00+01:00,0.65161,0.65698,0.65116,0.65644
2024-04-03T22:00:00+01:00,0.65643,0.65877,0.65604,0.6585
2024-04-04T06:00:00+01:00,0.65851,0.66165,0.6585,0.66152
2024-04-04T14:00:00+01:00,0.66152,0.6619,0.65793,0.6588
2024-04-04T22:00:00+01:00,0.65881,0.65941,0.6562,0.65718
2024-04-05T06:00:00+01:00,0.65719,0.65924,0.65507,0.65621
2024-04-05T14:00:00+01:00,0.65624,0.65867,0.65492,0.65787
2024-04-07T22:00:00+01:00,0.65773,0.6589,0.65594,0.65792
2024-04-08T06:00:00+01:00,0.65792,0.6593,0.65759,0.65924
2024-04-08T14:00:00+01:00,0.65925,0.661,0.65924,0.66042
2024-04-08T22:00:00+01:00,0.66045,0.66125,0.65988,0.66085
2024-04-09T06:00:00+01:00,0.66085,0.66356,0.65986,0.66318
2024-04-09T14:00:00+01:00,0.66318,0.66444,0.66157,0.66284
2024-04-09T22:00:00+01:00,0.6629,0.66314,0.66174,0.66212
2024-04-10T06:00:00+01:00,0.66212,0.66284,0.65478,0.65555
2024-04-10T14:00:00+01:00,0.65555,0.6556,0.64987,0.65126
2024-04-10T22:00:00+01:00,0.65125,0.65219,0.6502,0.65186
2024-04-11T06:00:00+01:00,0.65187,0.65475,0.65094,0.65453
2024-04-11T14:00:00+01:00,0.65453,0.65531,0.65097,0.65379
2024-04-11T22:00:00+01:00,0.65382,0.65433,0.6526,0.65265
2024-04-12T06:00:00+01:00,0.65264,0.65302,0.6475,0.64766
2024-04-12T14:00:00+01:00,0.64767,0.64798,0.6456,0.6464
2024-04-14T22:00:00+01:00,0.64674,0.64886,0.64593,0.64866
2024-04-15T06:00:00+01:00,0.64865,0.64933,0.64637,0.64794
2024-04-15T14:00:00+01:00,0.64796,0.64872,0.64378,0.64421
2024-04-15T22:00:00+01:00,0.64419,0.64474,0.64082,0.64223
2024-04-16T06:00:00+01:00,0.64223,0.64288,0.64094,0.64173
2024-04-16T14:00:00+01:00,0.64175,0.64197,0.63892,0.64018
2024-04-16T22:00:00+01:00,0.64015,0.64238,0.63997,0.64135
2024-04-17T06:00:00+01:00,0.64135,0.6432,0.64028,0.64241
2024-04-17T14:00:00+01:00,0.6424,0.64461,0.64087,0.64352
2024-04-17T22:00:00+01:00,0.64356,0.64565,0.64298,0.64473
2024-04-18T06:00:00+01:00,0.64472,0.64555,0.64335,0.6441
2024-04-18T14:00:00+01:00,0.64411,0.6446,0.64165,0.64215
2024-04-18T22:00:00+01:00,0.64211,0.64257,0.63622,0.64002
2024-04-19T06:00:00+01:00,0.64,0.64268,0.63939,0.6421
2024-04-19T14:00:00+01:00,0.64209,0.6433,0.64078,0.64186
2024-04-21T22:00:00+01:00,0.64145,0.64555,0.6413,0.64346
2024-04-22T06:00:00+01:00,0.64348,0.64441,0.64261,0.64376
2024-04-22T14:00:00+01:00,0.64374,0.64539,0.64247,0.64495
2024-04-22T22:00:00+01:00,0.64495,0.64655,0.64464,0.64588
2024-04-23T06:00:00+01:00,0.64587,0.6462,0.64411,0.64559
2024-04-23T14:00:00+01:00,0.6456,0.64902,0.64507,0.64872
2024-04-23T22:00:00+01:00,0.64872,0.65297,0.64788,0.65179
2024-04-24T06:00:00+01:00,0.65177,0.65207,0.64962,0.64993
2024-04-24T14:00:00+01:00,0.64994,0.65064,0.64833,0.6498
2024-04-24T22:00:00+01:00,0.6498,0.65104,0.64916,0.65065
2024-04-25T06:00:00+01:00,0.65067,0.65395,0.6492,0.64979
2024-04-25T14:00:00+01:00,0.6498,0.6522,0.64854,0.65185
2024-04-25T22:00:00+01:00,0.65185,0.65321,0.65171,0.65275
2024-04-26T06:00:00+01:00,0.65275,0.65543,0.65268,0.6544
2024-04-26T14:00:00+01:00,0.65441,0.65495,0.65172,0.65333
2024-04-28T22:00:00+01:00,0.65295,0.65867,0.65275,0.6576
2024-04-29T06:00:00+01:00,0.65759,0.65804,0.65496,0.65559
2024-04-29T14:00:00+01:00,0.65559,0.65739,0.65461,0.65663
2024-04-29T22:00:00+01:00,0.65664,0.65693,0.65302,0.65333
2024-04-30T06:00:00+01:00,0.65333,0.65366,0.64977,0.64998
2024-04-30T14:00:00+01:00,0.65001,0.65101,0.64718,0.64731
2024-04-30T22:00:00+01:00,0.64732,0.64862,0.64654,0.64714
2024-05-01T06:00:00+01:00,0.64712,0.64928,0.647,0.6485
2024-05-01T14:00:00+01:00,0.64849,0.65402,0.64829,0.65224
2024-05-01T22:00:00+01:00,0.65223,0.65388,0.65155,0.65348
2024-05-02T06:00:00+01:00,0.65346,0.6549,0.65199,0.65292
2024-05-02T14:00:00+01:00,0.65292,0.65732,0.6517,0.65653
2024-05-02T22:00:00+01:00,0.65653,0.65854,0.6562,0.65735
2024-05-03T06:00:00+01:00,0.65734,0.6647,0.65681,0.66373
2024-05-03T14:00:00+01:00,0.66373,0.66498,0.66003,0.66097
2024-05-05T22:00:00+01:00,0.6618,0.66243,0.66053,0.66145
2024-05-06T06:00:00+01:00,0.66144,0.66385,0.66099,0.66341
2024-05-06T14:00:00+01:00,0.66341,0.66366,0.66196,0.66253
2024-05-06T22:00:00+01:00,0.66256,0.66438,0.65973,0.6608
2024-05-07T06:00:00+01:00,0.66081,0.66195,0.65867,0.66187
2024-05-07T14:00:00+01:00,0.66189,0.6624,0.65882,0.65975
2024-05-07T22:00:00+01:00,0.65974,0.66004,0.65691,0.65772
2024-05-08T06:00:00+01:00,0.65771,0.65819,0.65579,0.65621
2024-05-08T14:00:00+01:00,0.65621,0.65856,0.6562,0.65792
2024-05-08T22:00:00+01:00,0.65796,0.65865,0.65695,0.6579
2024-05-09T06:00:00+01:00,0.65792,0.6608,0.65654,0.66028
2024-05-09T14:00:00+01:00,0.66027,0.66213,0.65901,0.662
2024-05-09T22:00:00+01:00,0.662,0.66231,0.65992,0.66068
2024-05-10T06:00:00+01:00,0.66068,0.6617,0.6604,0.66092
2024-05-10T14:00:00+01:00,0.66091,0.66223,0.6596,0.66023
2024-05-12T22:00:00+01:00,0.6602,0.66068,0.65857,0.65948
2024-05-13T06:00:00+01:00,0.65949,0.66247,0.65935,0.66226
2024-05-13T14:00:00+01:00,0.66225,0.66288,0.66016,0.66079
2024-05-13T22:00:00+01:00,0.66078,0.66121,0.65982,0.65997
2024-05-14T06:00:00+01:00,0.65998,0.66223,0.65793,0.66177
2024-05-14T14:00:00+01:00,0.66176,0.66278,0.66125,0.66265
2024-05-14T22:00:00+01:00,0.66264,0.66512,0.66219,0.66417
2024-05-15T06:00:00+01:00,0.66416,0.66792,0.66335,0.66615
2024-05-15T14:00:00+01:00,0.66614,0.6695,0.66284,0.66934
2024-05-15T22:00:00+01:00,0.66935,0.67142,0.66769,0.66867
2024-05-16T06:00:00+01:00,0.66868,0.66898,0.66648,0.66667
2024-05-16T14:00:00+01:00,0.66666,0.66831,0.66542,0.66785
2024-05-16T22:00:00+01:00,0.66776,0.66834,0.66585,0.66625
2024-05-17T06:00:00+01:00,0.66624,0.6677,0.66488,0.66623
2024-05-17T14:00:00+01:00,0.66624,0.67012,0.66624,0.66932
2024-05-19T22:00:00+01:00,0.66942,0.67093,0.66905,0.67065
2024-05-20T06:00:00+01:00,0.67066,0.67086,0.6662,0.66654
2024-05-20T14:00:00+01:00,0.66653,0.66819,0.66651,0.66678
2024-05-20T22:00:00+01:00,0.6668,0.66753,0.66465,0.66572
2024-05-21T06:00:00+01:00,0.66575,0.66791,0.66526,0.66712
2024-05-21T14:00:00+01:00,0.66714,0.66788,0.66573,0.66656
2024-05-21T22:00:00+01:00,0.66654,0.66854,0.66629,0.66678
2024-05-22T06:00:00+01:00,0.6668,0.66746,0.66441,0.66455
2024-05-22T14:00:00+01:00,0.66454,0.66564,0.66078,0.66195
2024-05-22T22:00:00+01:00,0.66193,0.66333,0.66136,0.66275
2024-05-23T06:00:00+01:00,0.66273,0.6646,0.66175,0.66414
2024-05-23T14:00:00+01:00,0.66415,0.66531,0.65976,0.66065
2024-05-23T22:00:00+01:00,0.66065,0.66075,0.65921,0.66015
2024-05-24T06:00:00+01:00,0.66014,0.66204,0.65943,0.66165
2024-05-24T14:00:00+01:00,0.66165,0.66365,0.66131,0.6628
2024-05-26T22:00:00+01:00,0.66255,0.66378,0.66223,0.66359
2024-05-27T06:00:00+01:00,0.66358,0.66505,0.66315,0.66497
2024-05-27T14:00:00+01:00,0.66498,0.666,0.66493,0.66532
2024-05-27T22:00:00+01:00,0.66524,0.66741,0.66522,0.66687
2024-05-28T06:00:00+01:00,0.66688,0.66721,0.66552,0.66698
2024-05-28T14:00:00+01:00,0.66696,0.66799,0.66426,0.66497
2024-05-28T22:00:00+01:00,0.66499,0.66663,0.66386,0.66499
2024-05-29T06:00:00+01:00,0.665,0.66619,0.66267,0.66305
2024-05-29T14:00:00+01:00,0.66306,0.66315,0.66095,0.66104
2024-05-29T22:00:00+01:00,0.66102,0.66204,0.66002,0.6607
2024-05-30T06:00:00+01:00,0.6607,0.66359,0.65908,0.66331
2024-05-30T14:00:00+01:00,0.66332,0.66477,0.66267,0.66332
2024-05-30T22:00:00+01:00,0.66328,0.66417,0.66268,0.66335
2024-05-31T06:00:00+01:00,0.66336,0.66678,0.66282,0.66655
2024-05-31T14:00:00+01:00,0.66654,0.66728,0.66331,0.66529
2024-06-02T22:00:00+01:00,0.665,0.6665,0.66446,0.6648
2024-06-03T06:00:00+01:00,0.66477,0.66668,0.66326,0.66636
2024-06-03T14:00:00+01:00,0.66637,0.66952,0.66603,0.66894
2024-06-03T22:00:00+01:00,0.66895,0.66988,0.66754,0.66817
2024-06-04T06:00:00+01:00,0.66816,0.6683,0.66309,0.66442
2024-06-04T14:00:00+01:00,0.66441,0.6654,0.66345,0.66495
2024-06-04T22:00:00+01:00,0.66492,0.66646,0.6642,0.66607
2024-06-05T06:00:00+01:00,0.66608,0.66626,0.66396,0.66494
2024-06-05T14:00:00+01:00,0.66493,0.66546,0.66261,0.66475
2024-06-05T22:00:00+01:00,0.66473,0.66836,0.6647,0.66617
2024-06-06T06:00:00+01:00,0.66619,0.66629,0.66357,0.66389
2024-06-06T14:00:00+01:00,0.6639,0.6673,0.66332,0.66661
2024-06-06T22:00:00+01:00,0.66661,0.6678,0.66626,0.66751
2024-06-07T06:00:00+01:00,0.66752,0.66813,0.6606,0.66073
2024-06-07T14:00:00+01:00,0.66074,0.66141,0.6579,0.65817
2024-06-09T22:00:00+01:00,0.65815,0.65929,0.65761,0.65904
2024-06-10T06:00:00+01:00,0.65905,0.66016,0.65836,0.65914
2024-06-10T14:00:00+01:00,0.65914,0.66113,0.65857,0.66098
2024-06-10T22:00:00+01:00,0.66099,0.66125,0.65912,0.65976
2024-06-11T06:00:00+01:00,0.65975,0.66087,0.65887,0.6604
2024-06-11T14:00:00+01:00,0.6604,0.66136,0.65895,0.66064
2024-06-11T22:00:00+01:00,0.66068,0.66178,0.65973,0.6613
2024-06-12T06:00:00+01:00,0.66126,0.66914,0.66077,0.66883
2024-06-12T14:00:00+01:00,0.66882,0.67044,0.66556,0.66637
2024-06-12T22:00:00+01:00,0.66634,0.6669,0.66466,0.66477
2024-06-13T06:00:00+01:00,0.66478,0.66754,0.66395,0.66585
2024-06-13T14:00:00+01:00,0.66586,0.66622,0.66261,0.66358
2024-06-13T22:00:00+01:00,0.66353,0.66417,0.66207,0.66261
2024-06-14T06:00:00+01:00,0.66262,0.66334,0.66014,0.66085
2024-06-14T14:00:00+01:00,0.66087,0.662,0.65915,0.66153
2024-06-16T22:00:00+01:00,0.66087,0.66189,0.6599,0.66036
2024-06-17T06:00:00+01:00,0.66034,0.6609,0.65853,0.6591
2024-06-17T14:00:00+01:00,0.65913,0.66165,0.65885,0.66134
2024-06-17T22:00:00+01:00,0.6613,0.66212,0.66,0.66081
2024-06-18T06:00:00+01:00,0.66081,0.66325,0.6607,0.6626
2024-06-18T14:00:00+01:00,0.6626,0.66578,0.66251,0.66562
2024-06-18T22:00:00+01:00,0.66562,0.66693,0.66536,0.66623
2024-06-19T06:00:00+01:00,0.66623,0.66758,0.66617,0.66705
2024-06-19T14:00:00+01:00,0.66706,0.66775,0.66674,0.66722
2024-06-19T22:00:00+01:00,0.66715,0.66775,0.6667,0.66712
2024-06-20T06:00:00+01:00,0.66712,0.66793,0.66613,0.66639
2024-06-20T14:00:00+01:00,0.66639,0.6674,0.66476,0.66555
2024-06-20T22:00:00+01:00,0.66556,0.66681,0.66521,0.66673
2024-06-21T06:00:00+01:00,0.66674,0.66698,0.66457,0.6661
2024-06-21T14:00:00+01:00,0.66609,0.6662,0.66317,0.66414
2024-06-23T22:00:00+01:00,0.66387,0.6642,0.66261,0.66379
2024-06-24T06:00:00+01:00,0.66379,0.66566,0.66379,0.66458
2024-06-24T14:00:00+01:00,0.6646,0.66677,0.66459,0.6657
2024-06-24T22:00:00+01:00,0.66573,0.66648,0.66495,0.66613
2024-06-25T06:00:00+01:00,0.66612,0.66728,0.66434,0.66468
2024-06-25T14:00:00+01:00,0.66467,0.66505,0.66352,0.66469
2024-06-25T22:00:00+01:00,0.66468,0.66811,0.6636,0.6678
2024-06-26T06:00:00+01:00,0.66782,0.66887,0.66521,0.66558
2024-06-26T14:00:00+01:00,0.66558,0.66602,0.66403,0.66478
2024-06-26T22:00:00+01:00,0.66478,0.66651,0.664,0.6665
2024-06-27T06:00:00+01:00,0.66653,0.66726,0.66485,0.66657
2024-06-27T14:00:00+01:00,0.66657,0.66675,0.66429,0.66468
2024-06-27T22:00:00+01:00,0.66468,0.66515,0.66199,0.66229
2024-06-28T06:00:00+01:00,0.66229,0.66722,0.66207,0.66681
2024-06-28T14:00:00+01:00,0.6668,0.66846,0.666,0.66695
2024-06-30T22:00:00+01:00,0.66819,0.66826,0.66646,0.6666
2024-07-01T06:00:00+01:00,0.66657,0.66868,0.66561,0.66636
2024-07-01T14:00:00+01:00,0.66636,0.66888,0.6644,0.66599
2024-07-01T22:00:00+01:00,0.666,0.66608,0.66341,0.6643
2024-07-02T06:00:00+01:00,0.6643,0.66605,0.66384,0.6655
2024-07-02T14:00:00+01:00,0.66549,0.66707,0.66501,0.66671
2024-07-02T22:00:00+01:00,0.6667,0.66809,0.66646,0.66754
2024-07-03T06:00:00+01:00,0.66753,0.66841,0.66688,0.66783
2024-07-03T14:00:00+01:00,0.66785,0.67336,0.66779,0.6704
2024-07-03T22:00:00+01:00,0.67053,0.67216,0.67025,0.67133
2024-07-04T06:00:00+01:00,0.67134,0.67317,0.67111,0.6727
2024-07-04T14:00:00+01:00,0.67269,0.67318,0.67241,0.67274
2024-07-04T22:00:00+01:00,0.67276,0.67389,0.67243,0.67339
2024-07-05T06:00:00+01:00,0.67339,0.67528,0.67104,0.6736
2024-07-05T14:00:00+01:00,0.67358,0.67528,0.67185,0.67495
2024-07-07T22:00:00+01:00,0.67389,0.67611,0.67369,0.67531
2024-07-08T06:00:00+01:00,0.6753,0.67532,0.67352,0.67489
2024-07-08T14:00:00+01:00,0.6749,0.67514,0.67319,0.6737
2024-07-08T22:00:00+01:00,0.67373,0.67476,0.6728,0.67418
2024-07-09T06:00:00+01:00,0.67419,0.67478,0.6729,0.67324
2024-07-09T14:00:00+01:00,0.67325,0.67458,0.6724,0.6741
2024-07-09T22:00:00+01:00,0.67412,0.67463,0.67319,0.67453
2024-07-10T06:00:00+01:00,0.67455,0.67506,0.67334,0.67447
2024-07-10T14:00:00+01:00,0.67449,0.67523,0.67385,0.67474
2024-07-10T22:00:00+01:00,0.67475,0.67636,0.67438,0.67576
2024-07-11T06:00:00+01:00,0.67576,0.67988,0.67507,0.67902
2024-07-11T14:00:00+01:00,0.67901,0.67983,0.67546,0.67592
2024-07-11T22:00:00+01:00,0.67592,0.67727,0.6754,0.67692
2024-07-12T06:00:00+01:00,0.67694,0.67795,0.67596,0.67746
2024-07-12T14:00:00+01:00,0.67748,0.67938,0.67722,0.6784
2024-07-14T22:00:00+01:00,0.67729,0.67805,0.67626,0.6775
2024-07-15T06:00:00+01:00,0.67749,0.67887,0.67663,0.67755
2024-07-15T14:00:00+01:00,0.67756,0.67826,0.67525,0.67595
2024-07-15T22:00:00+01:00,0.67595,0.67644,0.67416,0.6742
2024-07-16T06:00:00+01:00,0.67419,0.67481,0.67178,0.67239
2024-07-16T14:00:00+01:00,0.67238,0.67365,0.67148,0.6734
2024-07-16T22:00:00+01:00,0.67336,0.67416,0.67254,0.6737
2024-07-17T06:00:00+01:00,0.67371,0.67548,0.67291,0.67389
2024-07-17T14:00:00+01:00,0.67388,0.6744,0.67209,0.67291
2024-07-17T22:00:00+01:00,0.67292,0.67406,0.67151,0.67373
2024-07-18T06:00:00+01:00,0.67373,0.67436,0.67301,0.67346
2024-07-18T14:00:00+01:00,0.67349,0.67407,0.66976,0.67061
2024-07-18T22:00:00+01:00,0.6706,0.67091,0.66948,0.66995
2024-07-19T06:00:00+01:00,0.66995,0.67075,0.66875,0.66898
2024-07-19T14:00:00+01:00,0.66898,0.66959,0.66802,0.66852
2024-07-21T22:00:00+01:00,0.66918,0.67023,0.66626,0.66682
2024-07-22T06:00:00+01:00,0.66681,0.66684,0.66437,0.66473
2024-07-22T14:00:00+01:00,0.66471,0.66485,0.66314,0.66426
2024-07-22T22:00:00+01:00,0.66427,0.6646,0.66314,0.66314
2024-07-23T06:00:00+01:00,0.66314,0.66336,0.6619,0.6622
2024-07-23T14:00:00+01:00,0.66219,0.66239,0.66111,0.6615
2024-07-23T22:00:00+01:00,0.66147,0.66182,0.65838,0.65858
2024-07-24T06:00:00+01:00,0.65858,0.66091,0.6585,0.6608
2024-07-24T14:00:00+01:00,0.66081,0.66104,0.65776,0.65817
2024-07-24T22:00:00+01:00,0.65815,0.65829,0.65406,0.65414
2024-07-25T06:00:00+01:00,0.65414,0.65492,0.65138,0.65335
2024-07-25T14:00:00+01:00,0.65334,0.65606,0.65299,0.65383
2024-07-25T22:00:00+01:00,0.65387,0.65551,0.65355,0.65525
2024-07-26T06:00:00+01:00,0.65526,0.65664,0.65511,0.65617
2024-07-26T14:00:00+01:00,0.65617,0.65685,0.65451,0.65474
2024-07-28T22:00:00+01:00,0.65502,0.65684,0.65473,0.65494
2024-07-29T06:00:00+01:00,0.65495,0.65579,0.65377,0.65382
2024-07-29T14:00:00+01:00,0.65381,0.65511,0.65241,0.6549
2024-07-29T22:00:00+01:00,0.65485,0.65579,0.65334,0.65556
2024-07-30T06:00:00+01:00,0.65555,0.65624,0.65342,0.65346
2024-07-30T14:00:00+01:00,0.65346,0.6544,0.65291,0.65376
2024-07-30T22:00:00+01:00,0.65379,0.65444,0.64824,0.64941
2024-07-31T06:00:00+01:00,0.64941,0.6526,0.64796,0.65254
2024-07-31T14:00:00+01:00,0.65257,0.65559,0.65163,0.65413
2024-07-31T22:00:00+01:00,0.65412,0.65508,0.65239,0.65287
2024-08-01T06:00:00+01:00,0.65287,0.65534,0.65139,0.65459
2024-08-01T14:00:00+01:00,0.6546,0.65601,0.64888,0.65014
2024-08-01T22:00:00+01:00,0.65013,0.65179,0.64867,0.65133
2024-08-02T06:00:00+01:00,0.65133,0.65416,0.65013,0.65306
2024-08-02T14:00:00+01:00,0.65307,0.65477,0.65071,0.651
2024-08-04T22:00:00+01:00,0.65136,0.65259,0.64824,0.64908
2024-08-05T06:00:00+01:00,0.64908,0.6494,0.63487,0.64389
2024-08-05T14:00:00+01:00,0.64389,0.65121,0.64385,0.64981
2024-08-05T22:00:00+01:00,0.64969,0.65404,0.64913,0.65054
2024-08-06T06:00:00+01:00,0.65053,0.65281,0.64724,0.64766
2024-08-06T14:00:00+01:00,0.64765,0.65417,0.64753,0.65202
2024-08-06T22:00:00+01:00,0.65203,0.65651,0.65097,0.65569
2024-08-07T06:00:00+01:00,0.65573,0.65746,0.65352,0.65641
2024-08-07T14:00:00+01:00,0.65639,0.65652,0.65138,0.65186
2024-08-07T22:00:00+01:00,0.65186,0.65658,0.65073,0.65555
2024-08-08T06:00:00+01:00,0.65555,0.65656,0.6543,0.65494
2024-08-08T14:00:00+01:00,0.65495,0.6594,0.65454,0.65926
2024-08-08T22:00:00+01:00,0.65929,0.66047,0.65804,0.65888
2024-08-09T06:00:00+01:00,0.65887,0.66053,0.65667,0.65729
2024-08-09T14:00:00+01:00,0.65729,0.65869,0.65684,0.65726
2024-08-11T22:00:00+01:00,0.6568,0.65878,0.65651,0.6584
2024-08-12T06:00:00+01:00,0.65838,0.66028,0.65777,0.65931
2024-08-12T14:00:00+01:00,0.65931,0.66051,0.65819,0.65861
2024-08-12T22:00:00+01:00,0.65867,0.66004,0.6579,0.65951
2024-08-13T06:00:00+01:00,0.65951,0.66113,0.6586,0.66074
2024-08-13T14:00:00+01:00,0.66075,0.66379,0.65937,0.66339
2024-08-13T22:00:00+01:00,0.66341,0.6643,0.66183,0.66246
2024-08-14T06:00:00+01:00,0.66246,0.6643,0.66132,0.6623
2024-08-14T14:00:00+01:00,0.66229,0.66351,0.65956,0.65965
2024-08-14T22:00:00+01:00,0.65972,0.66273,0.65645,0.66247
2024-08-15T06:00:00+01:00,0.66246,0.66336,0.66047,0.66076
2024-08-15T14:00:00+01:00,0.66075,0.66346,0.65959,0.66121
2024-08-15T22:00:00+01:00,0.66133,0.66279,0.66077,0.6626
2024-08-16T06:00:00+01:00,0.66261,0.66409,0.66229,0.66267
2024-08-16T14:00:00+01:00,0.66266,0.66714,0.66236,0.6669
2024-08-18T22:00:00+01:00,0.66646,0.66948,0.66617,0.66873
2024-08-19T06:00:00+01:00,0.66871,0.6699,0.66773,0.66968
2024-08-19T14:00:00+01:00,0.66968,0.67338,0.66928,0.67304
2024-08-19T22:00:00+01:00,0.67309,0.67383,0.67132,0.67183
2024-08-20T06:00:00+01:00,0.67182,0.67419,0.67135,0.67416
2024-08-20T14:00:00+01:00,0.67416,0.67492,0.67335,0.67453
2024-08-20T22:00:00+01:00,0.67451,0.67525,0.67394,0.67444
2024-08-21T06:00:00+01:00,0.67444,0.67496,0.67318,0.6743
2024-08-21T14:00:00+01:00,0.67431,0.67611,0.67309,0.67439
2024-08-21T22:00:00+01:00,0.67472,0.67524,0.67274,0.67353
2024-08-22T06:00:00+01:00,0.67354,0.67528,0.6724,0.67341
2024-08-22T14:00:00+01:00,0.67342,0.67344,0.66972,0.67048
2024-08-22T22:00:00+01:00,0.67048,0.67242,0.67009,0.67239
2024-08-23T06:00:00+01:00,0.6724,0.67344,0.67175,0.67315
2024-08-23T14:00:00+01:00,0.67314,0.67985,0.67231,0.67968
2024-08-25T22:00:00+01:00,0.67893,0.67977,0.67751,0.67755
2024-08-26T06:00:00+01:00,0.67755,0.67809,0.67666,0.67753
2024-08-26T14:00:00+01:00,0.67752,0.67874,0.67701,0.67717
2024-08-26T22:00:00+01:00,0.67717,0.67858,0.67617,0.6784
2024-08-27T06:00:00+01:00,0.67841,0.67912,0.67714,0.67731
2024-08-27T14:00:00+01:00,0.67734,0.67955,0.67697,0.67928
2024-08-27T22:00:00+01:00,0.67931,0.68131,0.67835,0.67946
2024-08-28T06:00:00+01:00,0.67946,0.67993,0.67702,0.67753
2024-08-28T14:00:00+01:00,0.67752,0.67956,0.67644,0.67851
2024-08-28T22:00:00+01:00,0.67852,0.68067,0.67812,0.68037
2024-08-29T06:00:00+01:00,0.68036,0.68239,0.67975,0.68024
2024-08-29T14:00:00+01:00,0.68026,0.68107,0.67846,0.67982
2024-08-29T22:00:00+01:00,0.67983,0.68089,0.67895,0.68
2024-08-30T06:00:00+01:00,0.68002,0.68166,0.67776,0.67846
2024-08-30T14:00:00+01:00,0.67847,0.67924,0.67515,0.67649
2024-09-01T22:00:00+01:00,0.67663,0.67785,0.67569,0.67608
2024-09-02T06:00:00+01:00,0.67611,0.67857,0.67611,0.678
2024-09-02T14:00:00+01:00,0.67801,0.67949,0.67742,0.6791
2024-09-02T22:00:00+01:00,0.67912,0.67927,0.67321,0.67421
2024-09-03T06:00:00+01:00,0.6742,0.67529,0.67294,0.67386
2024-09-03T14:00:00+01:00,0.67386,0.67472,0.67078,0.67114
2024-09-03T22:00:00+01:00,0.67114,0.67156,0.66856,0.67039
2024-09-04T06:00:00+01:00,0.6704,0.67244,0.66966,0.6724
2024-09-04T14:00:00+01:00,0.67237,0.67495,0.67114,0.67248
2024-09-04T22:00:00+01:00,0.67246,0.67321,0.67136,0.67235
2024-09-05T06:00:00+01:00,0.67236,0.67367,0.67137,0.67317
2024-09-05T14:00:00+01:00,0.67317,0.67417,0.6719,0.67406
2024-09-05T22:00:00+01:00,0.67406,0.67437,0.67266,0.67324
2024-09-06T06:00:00+01:00,0.67322,0.67674,0.6719,0.67494
2024-09-06T14:00:00+01:00,0.67491,0.6752,0.66599,0.66698
2024-09-08T22:00:00+01:00,0.6666,0.6689,0.66655,0.66758
2024-09-09T06:00:00+01:00,0.66758,0.66758,0.66479,0.66515
2024-09-09T14:00:00+01:00,0.66516,0.66729,0.66484,0.66609
2024-09-09T22:00:00+01:00,0.66611,0.66661,0.66443,0.66646
2024-09-10T06:00:00+01:00,0.66643,0.66767,0.66531,0.66646
2024-09-10T14:00:00+01:00,0.66645,0.66666,0.66411,0.66527
2024-09-10T22:00:00+01:00,0.66528,0.666,0.66447,0.66534
2024-09-11T06:00:00+01:00,0.66533,0.66741,0.66365,0.66542
2024-09-11T14:00:00+01:00,0.6654,0.6676,0.66223,0.66741
2024-09-11T22:00:00+01:00,0.66741,0.66926,0.66712,0.66905
2024-09-12T06:00:00+01:00,0.66905,0.66946,0.66565,0.66782
2024-09-12T14:00:00+01:00,0.66781,0.67253,0.66719,0.67222
2024-09-12T22:00:00+01:00,0.67221,0.67327,0.67189,0.6725
2024-09-13T06:00:00+01:00,0.67248,0.67274,0.66924,0.67076
2024-09-13T14:00:00+01:00,0.67077,0.67234,0.67001,0.67032
2024-09-15T22:00:00+01:00,0.66985,0.67301,0.66985,0.67275
2024-09-16T06:00:00+01:00,0.67274,0.67489,0.67202,0.67403
2024-09-16T14:00:00+01:00,0.67404,0.67536,0.67317,0.67513
2024-09-16T22:00:00+01:00,0.67512,0.67539,0.67415,0.67426
2024-09-17T06:00:00+01:00,0.67427,0.67688,0.67419,0.675
2024-09-17T14:00:00+01:00,0.67501,0.67673,0.67442,0.67556
2024-09-17T22:00:00+01:00,0.67556,0.67735,0.67492,0.6751
2024-09-18T06:00:00+01:00,0.67509,0.67896,0.67504,0.67769
2024-09-18T14:00:00+01:00,0.6777,0.68203,0.67424,0.67644
2024-09-18T22:00:00+01:00,0.67642,0.67945,0.67378,0.67915
2024-09-19T06:00:00+01:00,0.67918,0.68393,0.67917,0.68068
2024-09-19T14:00:00+01:00,0.68066,0.6824,0.67863,0.68149
2024-09-19T22:00:00+01:00,0.68151,0.68275,0.68006,0.68163
2024-09-20T06:00:00+01:00,0.68166,0.68288,0.68024,0.68215
2024-09-20T14:00:00+01:00,0.68214,0.68214,0.6783,0.68068
2024-09-22T22:00:00+01:00,0.67975,0.68363,0.67975,0.68335
2024-09-23T06:00:00+01:00,0.68333,0.68397,0.68003,0.68378
2024-09-23T14:00:00+01:00,0.68378,0.68537,0.68318,0.68384
2024-09-23T22:00:00+01:00,0.68375,0.68653,0.68257,0.68618
2024-09-24T06:00:00+01:00,0.68619,0.68693,0.68141,0.68578
2024-09-24T14:00:00+01:00,0.6858,0.68933,0.68577,0.6892
2024-09-24T22:00:00+01:00,0.68921,0.69082,0.68809,0.68881
2024-09-25T06:00:00+01:00,0.68881,0.68964,0.68641,0.68709
2024-09-25T14:00:00+01:00,0.6871,0.68836,0.68181,0.6823
2024-09-25T22:00:00+01:00,0.68229,0.68483,0.6819,0.68443
2024-09-26T06:00:00+01:00,0.68441,0.68889,0.68419,0.68857
2024-09-26T14:00:00+01:00,0.68858,0.69049,0.68626,0.68959
2024-09-26T22:00:00+01:00,0.68955,0.68999,0.68721,0.68781
2024-09-27T06:00:00+01:00,0.68784,0.69298,0.68681,0.69248
2024-09-27T14:00:00+01:00,0.69249,0.69373,0.68991,0.69023
2024-09-29T22:00:00+01:00,0.69051,0.69368,0.68976,0.69319
2024-09-30T06:00:00+01:00,0.69322,0.69415,0.69149,0.69281
2024-09-30T14:00:00+01:00,0.69281,0.69425,0.68988,0.69132
2024-09-30T22:00:00+01:00,0.69132,0.69346,0.69078,0.69293
2024-10-01T06:00:00+01:00,0.69294,0.69334,0.68945,0.69088
2024-10-01T14:00:00+01:00,0.69087,0.69132,0.68566,0.68832
2024-10-01T22:00:00+01:00,0.68832,0.69157,0.68782,0.68902
2024-10-02T06:00:00+01:00,0.68902,0.69046,0.68755,0.68943
2024-10-02T14:00:00+01:00,0.68944,0.69008,0.68782,0.68849
2024-10-02T22:00:00+01:00,0.68848,0.68885,0.68596,0.68599
2024-10-03T06:00:00+01:00,0.68598,0.68763,0.68351,0.68383
2024-10-03T14:00:00+01:00,0.68383,0.6855,0.68301,0.68402
2024-10-03T22:00:00+01:00,0.68403,0.68522,0.68368,0.68407
2024-10-04T06:00:00+01:00,0.68407,0.68499,0.67924,0.67939
2024-10-04T14:00:00+01:00,0.67938,0.68109,0.67856,0.67941
2024-10-06T22:00:00+01:00,0.67918,0.68105,0.67912,0.68056
2024-10-07T06:00:00+01:00,0.68054,0.6807,0.67775,0.67867
2024-10-07T14:00:00+01:00,0.67866,0.67924,0.67433,0.67573
2024-10-07T22:00:00+01:00,0.67574,0.67695,0.67151,0.67372
2024-10-08T06:00:00+01:00,0.67369,0.67448,0.67188,0.6733
2024-10-08T14:00:00+01:00,0.67329,0.67502,0.67219,0.6745
2024-10-08T22:00:00+01:00,0.6746,0.67494,0.6723,0.67301
2024-10-09T06:00:00+01:00,0.67302,0.6762,0.67176,0.67214
2024-10-09T14:00:00+01:00,0.67213,0.67278,0.67078,0.67182
2024-10-09T22:00:00+01:00,0.67185,0.67403,0.67121,0.67388
2024-10-10T06:00:00+01:00,0.67386,0.67424,0.6701,0.67328
2024-10-10T14:00:00+01:00,0.67328,0.67427,0.67116,0.67407
2024-10-10T22:00:00+01:00,0.67402,0.67495,0.67365,0.67426
2024-10-11T06:00:00+01:00,0.6743,0.67516,0.67249,0.67329
2024-10-11T14:00:00+01:00,0.6733,0.67592,0.67278,0.67504
2024-10-13T22:00:00+01:00,0.6739,0.67475,0.67222,0.67372
2024-10-14T06:00:00+01:00,0.67371,0.67439,0.67045,0.67051
2024-10-14T14:00:00+01:00,0.6705,0.67375,0.67022,0.67261
2024-10-14T22:00:00+01:00,0.67261,0.67328,0.67117,0.67133
2024-10-15T06:00:00+01:00,0.67132,0.672,0.6702,0.67167
2024-10-15T14:00:00+01:00,0.67167,0.67261,0.66982,0.67035
2024-10-15T22:00:00+01:00,0.67033,0.67074,0.66681,0.66907
2024-10-16T06:00:00+01:00,0.66905,0.66992,0.66735,0.66743
2024-10-16T14:00:00+01:00,0.66741,0.66779,0.66584,0.66665
2024-10-16T22:00:00+01:00,0.66664,0.67104,0.66595,0.66894
2024-10-17T06:00:00+01:00,0.66895,0.67016,0.66722,0.66905
2024-10-17T14:00:00+01:00,0.66904,0.67094,0.66826,0.66961
2024-10-17T22:00:00+01:00,0.66966,0.67183,0.66939,0.67026
2024-10-18T06:00:00+01:00,0.67026,0.6718,0.66981,0.67129
2024-10-18T14:00:00+01:00,0.67131,0.67194,0.6698,0.67063
2024-10-20T22:00:00+01:00,0.67055,0.67234,0.67014,0.67043
2024-10-21T06:00:00+01:00,0.67044,0.67061,0.668,0.66922
2024-10-21T14:00:00+01:00,0.66921,0.66949,0.66529,0.66592
2024-10-21T22:00:00+01:00,0.66592,0.66887,0.66508,0.66864
2024-10-22T06:00:00+01:00,0.66863,0.66926,0.66778,0.66854
2024-10-22T14:00:00+01:00,0.66853,0.66952,0.6676,0.66822
2024-10-22T22:00:00+01:00,0.66821,0.66915,0.66627,0.66766
2024-10-23T06:00:00+01:00,0.66768,0.66796,0.66292,0.6635
2024-10-23T14:00:00+01:00,0.66349,0.6643,0.6614,0.66339
2024-10-23T22:00:00+01:00,0.66338,0.66507,0.66295,0.66472
2024-10-24T06:00:00+01:00,0.66471,0.66615,0.66416,0.66505
2024-10-24T14:00:00+01:00,0.66505,0.66532,0.6621,0.664
2024-10-24T22:00:00+01:00,0.66404,0.66467,0.66175,0.66202
2024-10-25T06:00:00+01:00,0.662,0.66468,0.662,0.66452
2024-10-25T14:00:00+01:00,0.66453,0.66463,0.66012,0.66041
2024-10-27T21:00:00+00:00,0.66153,0.66175,0.65796,0.65903
2024-10-28T05:00:00+00:00,0.65904,0.66104,0.65862,0.66075
2024-10-28T13:00:00+00:00,0.66076,0.66097,0.65802,0.65831
2024-10-28T21:00:00+00:00,0.6583,0.65869,0.65604,0.65647
2024-10-29T05:00:00+00:00,0.65648,0.6581,0.65538,0.65576
2024-10-29T13:00:00+00:00,0.65576,0.65736,0.65451,0.65608
2024-10-29T21:00:00+00:00,0.65613,0.65708,0.6537,0.65428
2024-10-30T05:00:00+00:00,0.65427,0.65853,0.65382,0.65732
2024-10-30T13:00:00+00:00,0.65732,0.65962,0.65661,0.65722
2024-10-30T21:00:00+00:00,0.65724,0.65769,0.65641,0.65688
2024-10-31T05:00:00+00:00,0.65687,0.65792,0.65613,0.65755
2024-10-31T13:00:00+00:00,0.65756,0.65844,0.65397,0.6582
2024-10-31T21:00:00+00:00,0.6582,0.65841,0.65688,0.65762
2024-11-01T05:00:00+00:00,0.65763,0.65914,0.6556,0.65846
2024-11-01T13:00:00+00:00,0.65845,0.65891,0.65539,0.65596
2024-11-03T22:00:00+00:00,0.66125,0.6619,0.65848,0.66114
2024-11-04T06:00:00+00:00,0.66114,0.66123,0.65841,0.65956
2024-11-04T14:00:00+00:00,0.65956,0.66112,0.65796,0.65851
2024-11-04T22:00:00+00:00,0.65851,0.6601,0.65789,0.65973
2024-11-05T06:00:00+00:00,0.6597,0.66308,0.65962,0.66264
2024-11-05T14:00:00+00:00,0.66263,0.66416,0.66233,0.66379
2024-11-05T22:00:00+00:00,0.66381,0.66451,0.65125,0.65483
2024-11-06T06:00:00+00:00,0.65484,0.65965,0.65207,0.65568
2024-11-06T14:00:00+00:00,0.65567,0.65934,0.65477,0.65703
2024-11-06T22:00:00+00:00,0.65712,0.6628,0.65642,0.66232
2024-11-07T06:00:00+00:00,0.6623,0.6664,0.66169,0.6663
2024-11-07T14:00:00+00:00,0.66631,0.66878,0.66531,0.66786
2024-11-07T22:00:00+00:00,0.66784,0.66816,0.66452,0.66545
2024-11-08T06:00:00+00:00,0.66545,0.66572,0.66051,0.66078
2024-11-08T14:00:00+00:00,0.66078,0.66151,0.65583,0.65835
2024-11-10T22:00:00+00:00,0.65872,0.65985,0.65775,0.65903
2024-11-11T06:00:00+00:00,0.65902,0.65954,0.65655,0.65722
2024-11-11T14:00:00+00:00,0.65722,0.65812,0.65626,0.65753
2024-11-11T22:00:00+00:00,0.65759,0.6582,0.65494,0.65505
2024-11-12T06:00:00+00:00,0.65505,0.6558,0.65345,0.65509
2024-11-12T14:00:00+00:00,0.65508,0.65508,0.65142,0.65329
2024-11-12T22:00:00+00:00,0.65335,0.65396,0.65161,0.65329
2024-11-13T06:00:00+00:00,0.65328,0.65462,0.6518,0.65312
2024-11-13T14:00:00+00:00,0.65313,0.65332,0.64804,0.64855
2024-11-13T22:00:00+00:00,0.64855,0.6498,0.64596,0.64641
2024-11-14T06:00:00+00:00,0.6464,0.64799,0.64529,0.64645
2024-11-14T14:00:00+00:00,0.64644,0.64884,0.64406,0.6454
2024-11-14T22:00:00+00:00,0.64539,0.64686,0.64454,0.64629
2024-11-15T06:00:00+00:00,0.64627,0.64816,0.64546,0.6463
2024-11-15T14:00:00+00:00,0.64629,0.64681,0.64428,0.64607
2024-11-17T22:00:00+00:00,0.64633,0.6479,0.64575,0.64661
2024-11-18T06:00:00+00:00,0.64661,0.6468,0.6448,0.64647
2024-11-18T14:00:00+00:00,0.64647,0.65113,0.64628,0.65079
2024-11-18T22:00:00+00:00,0.65078,0.6524,0.64961,0.65065
2024-11-19T06:00:00+00:00,0.65065,0.6518,0.64824,0.65027
2024-11-19T14:00:00+00:00,0.65026,0.6534,0.64975,0.65317
2024-11-19T22:00:00+00:00,0.65319,0.65444,0.6522,0.65228
2024-11-20T06:00:00+00:00,0.65227,0.65319,0.64974,0.65026
2024-11-20T14:00:00+00:00,0.65027,0.65067,0.64845,0.65055
2024-11-20T22:00:00+00:00,0.65057,0.65238,0.6503,0.65114
2024-11-21T06:00:00+00:00,0.65115,0.653,0.65063,0.6526
2024-11-21T14:00:00+00:00,0.6526,0.65325,0.64972,0.65114
2024-11-21T22:00:00+00:00,0.65114,0.65216,0.64871,0.64896
2024-11-22T06:00:00+00:00,0.64897,0.65188,0.64712,0.65033
2024-11-22T14:00:00+00:00,0.65034,0.65083,0.64818,0.65008
2024-11-24T22:00:00+00:00,0.654,0.65498,0.65164,0.65202
2024-11-25T06:00:00+00:00,0.65202,0.65276,0.64972,0.65251
2024-11-25T14:00:00+00:00,0.65251,0.65263,0.64873,0.65041
2024-11-25T22:00:00+00:00,0.65041,0.65071,0.6434,0.64891
2024-11-26T06:00:00+00:00,0.64891,0.65077,0.64742,0.64831
2024-11-26T14:00:00+00:00,0.64833,0.64841,0.64478,0.64743
2024-11-26T22:00:00+00:00,0.64746,0.6485,0.64602,0.64726
2024-11-27T06:00:00+00:00,0.64728,0.65008,0.64726,0.64962
2024-11-27T14:00:00+00:00,0.64963,0.64999,0.64794,0.64968
2024-11-27T22:00:00+00:00,0.64966,0.65094,0.6484,0.64889
2024-11-28T06:00:00+00:00,0.6489,0.65055,0.64773,0.65004
2024-11-28T14:00:00+00:00,0.65004,0.65043,0.64904,0.6499
2024-11-28T22:00:00+00:00,0.6499,0.65236,0.64882,0.65149
2024-11-29T06:00:00+00:00,0.65148,0.65281,0.64969,0.65041
2024-11-29T14:00:00+00:00,0.65041,0.65265,0.64959,0.65127
2024-12-01T22:00:00+00:00,0.65126,0.65152,0.64905,0.64984
2024-12-02T06:00:00+00:00,0.64983,0.65109,0.64674,0.64699
2024-12-02T14:00:00+00:00,0.64701,0.64841,0.64431,0.64749
2024-12-02T22:00:00+00:00,0.64752,0.64813,0.64553,0.64698
2024-12-03T06:00:00+00:00,0.64695,0.65047,0.64666,0.64867
2024-12-03T14:00:00+00:00,0.64868,0.64941,0.64609,0.64863
2024-12-03T22:00:00+00:00,0.64857,0.64884,0.64081,0.64424
2024-12-04T06:00:00+00:00,0.64424,0.64512,0.63993,0.64077
2024-12-04T14:00:00+00:00,0.64076,0.64434,0.64042,0.64302
2024-12-04T22:00:00+00:00,0.64302,0.64384,0.64215,0.64369
2024-12-05T06:00:00+00:00,0.64368,0.64529,0.64281,0.6443
2024-12-05T14:00:00+00:00,0.6443,0.64548,0.64233,0.64525
2024-12-05T22:00:00+00:00,0.64521,0.64561,0.64196,0.64322
2024-12-06T06:00:00+00:00,0.64323,0.6445,0.64091,0.64345
2024-12-06T14:00:00+00:00,0.64345,0.6436,0.63728,0.63908
2024-12-08T22:00:00+00:00,0.63921,0.64036,0.63801,0.63854
2024-12-09T06:00:00+00:00,0.63855,0.64667,0.6383,0.64644
2024-12-09T14:00:00+00:00,0.64644,0.64715,0.64339,0.64395
2024-12-09T22:00:00+00:00,0.64396,0.6443,0.63797,0.63963
2024-12-10T06:00:00+00:00,0.63963,0.64033,0.63809,0.63941
2024-12-10T14:00:00+00:00,0.63942,0.63997,0.63654,0.63775
2024-12-10T22:00:00+00:00,0.63774,0.63892,0.63677,0.63717
2024-12-11T06:00:00+00:00,0.63716,0.63769,0.63367,0.63682
2024-12-11T14:00:00+00:00,0.63681,0.63777,0.6355,0.6369
2024-12-11T22:00:00+00:00,0.63688,0.64204,0.63638,0.6417
2024-12-12T06:00:00+00:00,0.64171,0.64295,0.63884,0.63979
2024-12-12T14:00:00+00:00,0.63981,0.64031,0.63611,0.63687
2024-12-12T22:00:00+00:00,0.63688,0.63784,0.63544,0.63638
2024-12-13T06:00:00+00:00,0.63638,0.63837,0.63548,0.63807
2024-12-13T14:00:00+00:00,0.63807,0.63807,0.63518,0.63596
2024-12-15T22:00:00+00:00,0.63529,0.63827,0.63522,0.63749
2024-12-16T06:00:00+00:00,0.63748,0.63779,0.63499,0.63602
2024-12-16T14:00:00+00:00,0.63604,0.63771,0.63454,0.63711
2024-12-16T22:00:00+00:00,0.6371,0.6378,0.63501,0.63505
2024-12-17T06:00:00+00:00,0.63505,0.63572,0.63369,0.63511
2024-12-17T14:00:00+00:00,0.63511,0.6355,0.63316,0.63375
2024-12-17T22:00:00+00:00,0.63379,0.63439,0.63098,0.63132
2024-12-18T06:00:00+00:00,0.63131,0.63261,0.63053,0.63229
2024-12-18T14:00:00+00:00,0.6323,0.63272,0.62139,0.62176
2024-12-18T22:00:00+00:00,0.62177,0.62342,0.61991,0.6217
2024-12-19T06:00:00+00:00,0.62169,0.62586,0.6215,0.62526
2024-12-19T14:00:00+00:00,0.62525,0.62653,0.62369,0.62381
2024-12-19T22:00:00+00:00,0.62386,0.62409,0.6215,0.62245
2024-12-20T06:00:00+00:00,0.62244,0.62494,0.6222,0.62359
2024-12-20T14:00:00+00:00,0.62358,0.62745,0.62295,0.6251
2024-12-22T22:00:00+00:00,0.62586,0.62615,0.62441,0.62607
2024-12-23T06:00:00+00:00,0.62607,0.62651,0.62285,0.62291
2024-12-23T14:00:00+00:00,0.62294,0.62524,0.62191,0.62483
2024-12-23T22:00:00+00:00,0.62482,0.6253,0.62247,0.62417
2024-12-24T06:00:00+00:00,0.62417,0.62485,0.62268,0.62372
2024-12-24T14:00:00+00:00,0.62372,0.62467,0.62262,0.62389
2024-12-24T22:00:00+00:00,0.62323,0.62417,0.62296,0.62331
2024-12-25T06:00:00+00:00,0.62319,0.62467,0.62297,0.62458
2024-12-25T22:00:00+00:00,0.62379,0.62543,0.62316,0.62377
2024-12-26T06:00:00+00:00,0.62376,0.62396,0.62223,0.62251
2024-12-26T14:00:00+00:00,0.62251,0.62295,0.62159,0.62203
2024-12-26T22:00:00+00:00,0.62203,0.62321,0.6205,0.62053
2024-12-27T06:00:00+00:00,0.62054,0.62261,0.62051,0.62196
2024-12-27T14:00:00+00:00,0.62197,0.62213,0.62006,0.62186
2024-12-29T22:00:00+00:00,0.62165,0.62466,0.62133,0.62427
2024-12-30T06:00:00+00:00,0.62426,0.62469,0.62158,0.62168
2024-12-30T14:00:00+00:00,0.62167,0.62333,0.6202,0.62208
2024-12-30T22:00:00+00:00,0.62231,0.62332,0.62106,0.62163
2024-12-31T06:00:00+00:00,0.62164,0.62252,0.61915,0.62006
2024-12-31T14:00:00+00:00,0.62007,0.62065,0.61791,0.61886
2025-01-01T22:00:00+00:00,0.61857,0.62228,0.6183,0.62165
2025-01-02T06:00:00+00:00,0.62162,0.62204,0.6201,0.62154
2025-01-02T14:00:00+00:00,0.62155,0.6221,0.61922,0.6203
2025-01-02T22:00:00+00:00,0.62033,0.62211,0.61967,0.62163
2025-01-03T06:00:00+00:00,0.62162,0.62253,0.62023,0.62169
2025-01-03T14:00:00+00:00,0.62169,0.62212,0.6198,0.62178
2025-01-05T22:00:00+00:00,0.62146,0.62399,0.62068,0.62293
2025-01-06T06:00:00+00:00,0.62291,0.63023,0.62242,0.62901
2025-01-06T14:00:00+00:00,0.62901,0.62956,0.62346,0.62461
2025-01-06T22:00:00+00:00,0.62462,0.62692,0.62376,0.6268
2025-01-07T06:00:00+00:00,0.62679,0.62882,0.62637,0.62718
2025-01-07T14:00:00+00:00,0.62717,0.62717,0.62279,0.62306
2025-01-07T22:00:00+00:00,0.62304,0.62422,0.6212,0.62328
2025-01-08T06:00:00+00:00,0.62328,0.62361,0.61875,0.62043
2025-01-08T14:00:00+00:00,0.62044,0.62194,0.6197,0.62152
2025-01-08T22:00:00+00:00,0.6215,0.62174,0.61942,0.62
2025-01-09T06:00:00+00:00,0.61999,0.62044,0.61721,0.61976
2025-01-09T14:00:00+00:00,0.61974,0.62018,0.61895,0.61957
2025-01-09T22:00:00+00:00,0.6196,0.62061,0.61883,0.6192
2025-01-10T06:00:00+00:00,0.61919,0.61973,0.61394,0.61536
2025-01-10T14:00:00+00:00,0.61535,0.61719,0.61408,0.6146
2025-01-12T22:00:00+00:00,0.61479,0.61629,0.61311,0.61393
2025-01-13T06:00:00+00:00,0.61393,0.61584,0.61364,0.61499
2025-01-13T14:00:00+00:00,0.61499,0.61779,0.61447,0.61772
2025-01-13T22:00:00+00:00,0.61772,0.6203,0.61711,0.61835
2025-01-14T06:00:00+00:00,0.61835,0.62074,0.61661,0.61744
2025-01-14T14:00:00+00:00,0.61745,0.61989,0.61685,0.61946
2025-01-14T22:00:00+00:00,0.61948,0.61975,0.61812,0.61874
2025-01-15T06:00:00+00:00,0.61872,0.62466,0.6186,0.62431
2025-01-15T14:00:00+00:00,0.62433,0.62457,0.6209,0.62267
2025-01-15T22:00:00+00:00,0.62275,0.62467,0.61955,0.6199
2025-01-16T06:00:00+00:00,0.6199,0.622,0.61922,0.62069
2025-01-16T14:00:00+00:00,0.62071,0.6229,0.62005,0.62127
2025-01-16T22:00:00+00:00,0.62127,0.62194,0.61953,0.62025
2025-01-17T06:00:00+00:00,0.62024,0.62139,0.61745,0.61776
2025-01-17T14:00:00+00:00,0.61774,0.62274,0.61643,0.61927
2025-01-19T22:00:00+00:00,0.61996,0.62183,0.61899,0.62071
2025-01-20T06:00:00+00:00,0.62072,0.6269,0.61969,0.62654
2025-01-20T14:00:00+00:00,0.62652,0.62867,0.6232,0.62745
2025-01-20T22:00:00+00:00,0.62745,0.62891,0.62082,0.62324
2025-01-21T06:00:00+00:00,0.62325,0.6243,0.62144,0.62387
2025-01-21T14:00:00+00:00,0.62387,0.62761,0.62346,0.62742
2025-01-21T22:00:00+00:00,0.62745,0.62774,0.6255,0.6265
2025-01-22T06:00:00+00:00,0.62648,0.62956,0.6253,0.6283
2025-01-22T14:00:00+00:00,0.62829,0.6284,0.6264,0.62731
2025-01-22T22:00:00+00:00,0.62736,0.6282,0.62667,0.62715
2025-01-23T06:00:00+00:00,0.62712,0.62746,0.62554,0.62726
2025-01-23T14:00:00+00:00,0.62729,0.62997,0.62552,0.62854
2025-01-23T22:00:00+00:00,0.62853,0.6324,0.62786,0.6324
2025-01-24T06:00:00+00:00,0.6324,0.63308,0.63033,0.63054
2025-01-24T14:00:00+00:00,0.63053,0.63266,0.63018,0.63124
2025-01-26T22:00:00+00:00,0.63035,0.63065,0.62827,0.62909
2025-01-27T06:00:00+00:00,0.6291,0.63079,0.62771,0.62928
2025-01-27T14:00:00+00:00,0.62926,0.6296,0.62749,0.62924
2025-01-27T22:00:00+00:00,0.62925,0.62949,0.6246,0.62529
2025-01-28T06:00:00+00:00,0.62529,0.62583,0.62369,0.62393
2025-01-28T14:00:00+00:00,0.62393,0.62563,0.62393,0.6253
2025-01-28T22:00:00+00:00,0.62532,0.62559,0.62267,0.62461
2025-01-29T06:00:00+00:00,0.62462,0.62498,0.62102,0.62135
2025-01-29T14:00:00+00:00,0.62135,0.62391,0.62133,0.62306
2025-01-29T22:00:00+00:00,0.62288,0.62434,0.62192,0.62201
2025-01-30T06:00:00+00:00,0.62201,0.62367,0.62152,0.62347
2025-01-30T14:00:00+00:00,0.62346,0.624,0.6199,0.62091
2025-01-30T22:00:00+00:00,0.62094,0.62305,0.62025,0.62233
2025-01-31T06:00:00+00:00,0.62234,0.62371,0.621,0.62204
2025-01-31T14:00:00+00:00,0.62205,0.62627,0.62067,0.62104
2025-02-02T22:00:00+00:00,0.61613,0.61689,0.60878,0.61207
2025-02-03T06:00:00+00:00,0.61207,0.61743,0.61196,0.61604
2025-02-03T14:00:00+00:00,0.61604,0.62376,0.61403,0.62265
2025-02-03T22:00:00+00:00,0.62256,0.62336,0.61707,0.61851
2025-02-04T06:00:00+00:00,0.61854,0.62176,0.61846,0.62165
2025-02-04T14:00:00+00:00,0.62166,0.62621,0.62166,0.62549
2025-02-04T22:00:00+00:00,0.62549,0.62606,0.62402,0.62527
2025-02-05T06:00:00+00:00,0.62526,0.62902,0.62488,0.62778
2025-02-05T14:00:00+00:00,0.62779,0.6297,0.62749,0.62848
2025-02-05T22:00:00+00:00,0.62848,0.62882,0.62614,0.62625
2025-02-06T06:00:00+00:00,0.62626,0.62722,0.62552,0.62637
2025-02-06T14:00:00+00:00,0.62637,0.6288,0.62606,0.62823
2025-02-06T22:00:00+00:00,0.6282,0.62957,0.62692,0.62797
2025-02-07T06:00:00+00:00,0.62796,0.63012,0.62657,0.6277
2025-02-07T14:00:00+00:00,0.6277,0.62982,0.6253,0.62729
2025-02-09T22:00:00+00:00,0.62351,0.62773,0.62346,0.62718
2025-02-10T06:00:00+00:00,0.62722,0.62841,0.62672,0.62824
2025-02-10T14:00:00+00:00,0.62825,0.62874,0.62734,0.62775
2025-02-10T22:00:00+00:00,0.62772,0.62858,0.62605,0.62759
2025-02-11T06:00:00+00:00,0.62755,0.6287,0.62694,0.62787
2025-02-11T14:00:00+00:00,0.62787,0.6302,0.62783,0.62949
2025-02-11T22:00:00+00:00,0.62945,0.63095,0.62882,0.62919
2025-02-12T06:00:00+00:00,0.62919,0.62938,0.62382,0.62438
2025-02-12T14:00:00+00:00,0.62437,0.63058,0.62352,0.62799
2025-02-12T22:00:00+00:00,0.62799,0.62992,0.6274,0.62966
2025-02-13T06:00:00+00:00,0.62965,0.6297,0.6255,0.6263
2025-02-13T14:00:00+00:00,0.6263,0.63229,0.62549,0.63175
2025-02-13T22:00:00+00:00,0.63177,0.63278,0.63105,0.63192
2025-02-14T06:00:00+00:00,0.63191,0.63583,0.63181,0.63538
2025-02-14T14:00:00+00:00,0.63538,0.63677,0.63508,0.63512
2025-02-16T22:00:00+00:00,0.63472,0.63739,0.63461,0.63677
2025-02-17T06:00:00+00:00,0.63677,0.63726,0.63572,0.63654
2025-02-17T14:00:00+00:00,0.63654,0.63694,0.63544,0.6355
2025-02-17T22:00:00+00:00,0.63541,0.63678,0.63346,0.63567
2025-02-18T06:00:00+00:00,0.63564,0.6365,0.63413,0.63432
2025-02-18T14:00:00+00:00,0.63433,0.63562,0.63426,0.63528
2025-02-18T22:00:00+00:00,0.63524,0.6368,0.63421,0.63671
2025-02-19T06:00:00+00:00,0.63671,0.63701,0.63447,0.63504
2025-02-19T14:00:00+00:00,0.63501,0.6366,0.63367,0.63443
2025-02-19T22:00:00+00:00,0.63443,0.63667,0.63278,0.63627
2025-02-20T06:00:00+00:00,0.63627,0.63842,0.63615,0.63755
2025-02-20T14:00:00+00:00,0.63755,0.64043,0.63718,0.63989
2025-02-20T22:00:00+00:00,0.63989,0.64087,0.63871,0.63887
2025-02-21T06:00:00+00:00,0.63886,0.63931,0.63798,0.63841
2025-02-21T14:00:00+00:00,0.63841,0.63925,0.63518,0.63574
2025-02-23T22:00:00+00:00,0.63653,0.63921,0.63604,0.63766
2025-02-24T06:00:00+00:00,0.63765,0.6382,0.63606,0.63684
2025-02-24T14:00:00+00:00,0.63684,0.63712,0.63442,0.63498
2025-02-24T22:00:00+00:00,0.63499,0.63566,0.63366,0.63548
2025-02-25T06:00:00+00:00,0.63546,0.63564,0.6326,0.63458
2025-02-25T14:00:00+00:00,0.63458,0.63482,0.63221,0.63436
2025-02-25T22:00:00+00:00,0.63407,0.63537,0.63201,0.63235
2025-02-26T06:00:00+00:00,0.63234,0.63395,0.6305,0.63054
2025-02-26T14:00:00+00:00,0.63053,0.63353,0.62959,0.63054
2025-02-26T22:00:00+00:00,0.6305,0.63147,0.62855,0.62919
2025-02-27T06:00:00+00:00,0.62919,0.63045,0.62655,0.6267
2025-02-27T14:00:00+00:00,0.6267,0.62748,0.62321,0.6236
2025-02-27T22:00:00+00:00,0.62363,0.62384,0.62101,0.6214
2025-02-28T06:00:00+00:00,0.6214,0.62221,0.62088,0.6213
2025-02-28T14:00:00+00:00,0.62132,0.62204,0.61926,0.62062
2025-03-02T22:00:00+00:00,0.62162,0.62307,0.62089,0.62173
2025-03-03T06:00:00+00:00,0.62173,0.62336,0.62087,0.62331
2025-03-03T14:00:00+00:00,0.62332,0.62545,0.62039,0.62248
2025-03-03T22:00:00+00:00,0.62249,0.62275,0.61872,0.62016
2025-03-04T06:00:00+00:00,0.62016,0.62443,0.61983,0.62255
2025-03-04T14:00:00+00:00,0.62254,0.62729,0.61965,0.62719
2025-03-04T22:00:00+00:00,0.62718,0.62797,0.6234,0.62545
2025-03-05T06:00:00+00:00,0.62545,0.62949,0.62526,0.62946
2025-03-05T14:00:00+00:00,0.62948,0.63423,0.62924,0.63356
2025-03-05T22:00:00+00:00,0.63353,0.63568,0.63269,0.63377
2025-03-06T06:00:00+00:00,0.63379,0.63491,0.63226,0.63325
2025-03-06T14:00:00+00:00,0.63324,0.6364,0.63292,0.63326
2025-03-06T22:00:00+00:00,0.63328,0.63378,0.63004,0.63014
2025-03-07T06:00:00+00:00,0.63013,0.63217,0.6285,0.62857
2025-03-07T14:00:00+00:00,0.62856,0.6317,0.62821,0.63054
2025-03-09T21:00:00+00:00,0.63102,0.63201,0.62957,0.63065
2025-03-10T05:00:00+00:00,0.63064,0.63311,0.63044,0.63255
2025-03-10T13:00:00+00:00,0.63255,0.6329,0.62645,0.62784
2025-03-10T21:00:00+00:00,0.62785,0.62883,0.6259,0.62774
2025-03-11T05:00:00+00:00,0.62774,0.62977,0.62627,0.6291
2025-03-11T13:00:00+00:00,0.62912,0.63118,0.62658,0.62979
2025-03-11T21:00:00+00:00,0.62983,0.62996,0.62821,0.62889
2025-03-12T05:00:00+00:00,0.62891,0.63216,0.62765,0.6285
2025-03-12T13:00:00+00:00,0.6285,0.6323,0.62808,0.6321
2025-03-12T21:00:00+00:00,0.63207,0.63339,0.63078,0.63102
2025-03-13T05:00:00+00:00,0.63102,0.63102,0.62718,0.62761
2025-03-13T13:00:00+00:00,0.62762,0.62974,0.62692,0.62849
2025-03-13T21:00:00+00:00,0.62848,0.6295,0.62779,0.62938
2025-03-14T05:00:00+00:00,0.62938,0.63254,0.62899,0.63209
2025-03-14T13:00:00+00:00,0.63209,0.63315,0.63127,0.63234
2025-03-16T21:00:00+00:00,0.63226,0.63379,0.63188,0.63257
2025-03-17T05:00:00+00:00,0.63257,0.63538,0.63213,0.63467
2025-03-17T13:00:00+00:00,0.63468,0.63911,0.63467,0.63842
2025-03-17T21:00:00+00:00,0.63843,0.63884,0.63672,0.63743
2025-03-18T05:00:00+00:00,0.63743,0.6391,0.63622,0.63648
2025-03-18T13:00:00+00:00,0.63648,0.63696,0.6344,0.63617
2025-03-18T21:00:00+00:00,0.63616,0.63667,0.63554,0.63562
2025-03-19T05:00:00+00:00,0.63561,0.6361,0.63215,0.63336
2025-03-19T13:00:00+00:00,0.63335,0.63633,0.63205,0.63572
2025-03-19T21:00:00+00:00,0.6357,0.6364,0.63286,0.63437
2025-03-20T05:00:00+00:00,0.63437,0.63438,0.62828,0.6286
2025-03-20T13:00:00+00:00,0.62859,0.63061,0.62712,0.63027
2025-03-20T21:00:00+00:00,0.63029,0.63062,0.62861,0.62891
2025-03-21T05:00:00+00:00,0.6289,0.63006,0.6284,0.6285
2025-03-21T13:00:00+00:00,0.62851,0.62851,0.62579,0.62715
2025-03-23T21:00:00+00:00,0.62701,0.62952,0.6269,0.62789
2025-03-24T05:00:00+00:00,0.62787,0.63053,0.62749,0.6285
2025-03-24T13:00:00+00:00,0.62851,0.62979,0.62677,0.62858
2025-03-24T21:00:00+00:00,0.62856,0.62949,0.62801,0.62865
2025-03-25T05:00:00+00:00,0.62864,0.63239,0.62785,0.63199
2025-03-25T13:00:00+00:00,0.63199,0.63255,0.62961,0.63037
2025-03-25T21:00:00+00:00,0.63038,0.63111,0.62784,0.63106
2025-03-26T05:00:00+00:00,0.63105,0.63305,0.63057,0.6315
2025-03-26T13:00:00+00:00,0.6315,0.63188,0.62838,0.62986
2025-03-26T21:00:00+00:00,0.62988,0.6318,0.62792,0.63132
2025-03-27T05:00:00+00:00,0.63131,0.63184,0.62989,0.63096
2025-03-27T13:00:00+00:00,0.63096,0.63153,0.62945,0.63041
2025-03-27T21:00:00+00:00,0.63041,0.63089,0.62809,0.62827
2025-03-28T05:00:00+00:00,0.62828,0.63047,0.62821,0.63026
2025-03-28T13:00:00+00:00,0.63027,0.63122,0.62839,0.62864
2025-03-30T22:00:00+01:00,0.62883,0.63004,0.62692,0.6279
2025-03-31T06:00:00+01:00,0.62789,0.62904,0.6236,0.62362
2025-03-31T14:00:00+01:00,0.62362,0.62536,0.62189,0.62474
2025-03-31T22:00:00+01:00,0.62474,0.62689,0.62319,0.62686
2025-04-01T06:00:00+01:00,0.62687,0.62688,0.62428,0.62531
2025-04-01T14:00:00+01:00,0.62531,0.62833,0.62501,0.62787
2025-04-01T22:00:00+01:00,0.6276,0.6302,0.62734,0.62989
2025-04-02T06:00:00+01:00,0.6299,0.63141,0.62919,0.63063
2025-04-02T14:00:00+01:00,0.63062,0.6341,0.62575,0.62996
2025-04-02T22:00:00+01:00,0.62914,0.6295,0.62262,0.62655
2025-04-03T06:00:00+01:00,0.62654,0.63664,0.62654,0.63618
2025-04-03T14:00:00+01:00,0.63617,0.63892,0.63156,0.63285
2025-04-03T22:00:00+01:00,0.63338,0.63404,0.62298,0.62333
2025-04-04T06:00:00+01:00,0.62334,0.62532,0.60498,0.61159
2025-04-04T14:00:00+01:00,0.6116,0.6139,0.59867,0.60408
2025-04-06T22:00:00+01:00,0.59957,0.60296,0.59326,0.60146
2025-04-07T06:00:00+01:00,0.60147,0.60892,0.59888,0.60803
2025-04-07T14:00:00+01:00,0.60806,0.6128,0.59445,0.59862
2025-04-07T22:00:00+01:00,0.5986,0.60618,0.59776,0.60597
2025-04-08T06:00:00+01:00,0.60596,0.6075,0.60323,0.60586
2025-04-08T14:00:00+01:00,0.60586,0.60854,0.59468,0.59594
2025-04-08T22:00:00+01:00,0.59581,0.60034,0.5914,0.5976
2025-04-09T06:00:00+01:00,0.59759,0.60469,0.59522,0.60271
2025-04-09T14:00:00+01:00,0.6027,0.61759,0.59921,0.6155
2025-04-09T22:00:00+01:00,0.61545,0.61874,0.61157,0.61853
2025-04-10T06:00:00+01:00,0.61855,0.62106,0.61359,0.61817
2025-04-10T14:00:00+01:00,0.61817,0.62495,0.61701,0.62242
2025-04-10T22:00:00+01:00,0.62244,0.62589,0.61945,0.61956
2025-04-11T06:00:00+01:00,0.61956,0.62698,0.61811,0.62605
2025-04-11T14:00:00+01:00,0.62605,0.63009,0.62226,0.62904
2025-04-13T22:00:00+01:00,0.63065,0.63143,0.62784,0.62966
2025-04-14T06:00:00+01:00,0.62967,0.63428,0.62949,0.62962
2025-04-14T14:00:00+01:00,0.62963,0.63411,0.62753,0.63265
2025-04-14T22:00:00+01:00,0.63228,0.63779,0.63158,0.63695
2025-04-15T06:00:00+01:00,0.63692,0.6375,0.63444,0.63713
2025-04-15T14:00:00+01:00,0.63714,0.63831,0.63412,0.63455
2025-04-15T22:00:00+01:00,0.63457,0.63579,0.63224,0.63527
2025-04-16T06:00:00+01:00,0.63528,0.63787,0.63408,0.63621
2025-04-16T14:00:00+01:00,0.63621,0.63916,0.63575,0.6372
2025-04-16T22:00:00+01:00,0.63713,0.63768,0.63372,0.63387
2025-04-17T06:00:00+01:00,0.63387,0.63822,0.63333,0.63816
2025-04-17T14:00:00+01:00,0.63817,0.6394,0.63655,0.63886
2025-04-17T22:00:00+01:00,0.63773,0.63941,0.63672,0.63818
2025-04-18T06:00:00+01:00,0.63819,0.63828,0.63681,0.63739
2025-04-18T14:00:00+01:00,0.6374,0.63775,0.63701,0.63762
2025-04-20T22:00:00+01:00,0.63712,0.6427,0.63697,0.64174
2025-04-21T06:00:00+01:00,0.64173,0.6438,0.64145,0.64301
2025-04-21T14:00:00+01:00,0.64301,0.64341,0.64021,0.64152
2025-04-21T22:00:00+01:00,0.64156,0.64392,0.64014,0.64319
2025-04-22T06:00:00+01:00,0.64319,0.64393,0.63862,0.6391
2025-04-22T14:00:00+01:00,0.6391,0.64055,0.63613,0.6367
2025-04-22T22:00:00+01:00,0.63672,0.64054,0.63492,0.63953
2025-04-23T06:00:00+01:00,0.63953,0.64252,0.63908,0.64172
2025-04-23T14:00:00+01:00,0.64172,0.64359,0.63521,0.636
2025-04-23T22:00:00+01:00,0.63599,0.63722,0.63517,0.63593
2025-04-24T06:00:00+01:00,0.63593,0.63898,0.63438,0.63816
2025-04-24T14:00:00+01:00,0.63817,0.64134,0.63792,0.64099
2025-04-24T22:00:00+01:00,0.64014,0.64211,0.63929,0.6406
2025-04-25T06:00:00+01:00,0.6406,0.64149,0.63746,0.6381
2025-04-25T14:00:00+01:00,0.6381,0.64044,0.63759,0.63989
2025-04-27T22:00:00+01:00,0.63914,0.64075,0.63729,0.64027
2025-04-28T06:00:00+01:00,0.64028,0.64061,0.63679,0.63952
2025-04-28T14:00:00+01:00,0.63951,0.64352,0.63931,0.64312
2025-04-28T22:00:00+01:00,0.64309,0.64499,0.64098,0.64126
2025-04-29T06:00:00+01:00,0.64125,0.64323,0.63979,0.64112
2025-04-29T14:00:00+01:00,0.64113,0.64118,0.6376,0.63838
2025-04-29T22:00:00+01:00,0.63839,0.64141,0.63784,0.64141
2025-04-30T06:00:00+01:00,0.64141,0.64178,0.63661,0.63724
2025-04-30T14:00:00+01:00,0.63725,0.64136,0.6356,0.64022
2025-04-30T22:00:00+01:00,0.64021,0.64274,0.63973,0.64009
2025-05-01T06:00:00+01:00,0.6401,0.64034,0.63745,0.63862
2025-05-01T14:00:00+01:00,0.63861,0.63926,0.63656,0.63837
2025-05-01T22:00:00+01:00,0.63835,0.64202,0.63735,0.64129
2025-05-02T06:00:00+01:00,0.64131,0.64495,0.64048,0.64455
2025-05-02T14:00:00+01:00,0.64455,0.64699,0.64386,0.64441
2025-05-04T22:00:00+01:00,0.64538,0.6481,0.64343,0.64685
2025-05-05T06:00:00+01:00,0.64686,0.64939,0.64641,0.64873
2025-05-05T14:00:00+01:00,0.64872,0.64925,0.64618,0.64682
2025-05-05T22:00:00+01:00,0.64685,0.64712,0.6443,0.64694
2025-05-06T06:00:00+01:00,0.64693,0.64706,0.64379,0.64689
2025-05-06T14:00:00+01:00,0.64691,0.65015,0.64631,0.64946
2025-05-06T22:00:00+01:00,0.64943,0.65149,0.6477,0.64798
2025-05-07T06:00:00+01:00,0.64799,0.64917,0.6464,0.64692
2025-05-07T14:00:00+01:00,0.64691,0.64755,0.64214,0.64245
2025-05-07T22:00:00+01:00,0.64244,0.64646,0.64232,0.64518
2025-05-08T06:00:00+01:00,0.64519,0.64525,0.64024,0.64179
2025-05-08T14:00:00+01:00,0.64178,0.64333,0.63953,0.64002
2025-05-08T22:00:00+01:00,0.64003,0.64126,0.63709,0.64095
2025-05-09T06:00:00+01:00,0.64091,0.6415,0.63938,0.64088
2025-05-09T14:00:00+01:00,0.64088,0.64325,0.64071,0.6411
2025-05-11T22:00:00+01:00,0.64316,0.6435,0.64115,0.64302
2025-05-12T06:00:00+01:00,0.64307,0.6461,0.63824,0.63874
2025-05-12T14:00:00+01:00,0.63874,0.6401,0.63566,0.63728
2025-05-12T22:00:00+01:00,0.63725,0.64138,0.63613,0.64122
2025-05-13T06:00:00+01:00,0.64123,0.64302,0.64009,0.64301
2025-05-13T14:00:00+01:00,0.643,0.64787,0.64189,0.64711
2025-05-13T22:00:00+01:00,0.64711,0.64873,0.64627,0.64709
2025-05-14T06:00:00+01:00,0.6471,0.65012,0.64617,0.64669
2025-05-14T14:00:00+01:00,0.6467,0.6467,0.64225,0.64281
2025-05-14T22:00:00+01:00,0.6428,0.6458,0.64216,0.64315
2025-05-15T06:00:00+01:00,0.64315,0.6443,0.64016,0.64159
2025-05-15T14:00:00+01:00,0.6416,0.64225,0.63906,0.64062
2025-05-15T22:00:00+01:00,0.64061,0.64298,0.63946,0.64255
2025-05-16T06:00:00+01:00,0.64254,0.64362,0.64082,0.64142
2025-05-16T14:00:00+01:00,0.64143,0.6418,0.63878,0.64041
2025-05-18T22:00:00+01:00,0.64109,0.64216,0.63986,0.64064
2025-05-19T06:00:00+01:00,0.64064,0.64521,0.63983,0.64396
2025-05-19T14:00:00+01:00,0.64394,0.6465,0.64359,0.64568
2025-05-19T22:00:00+01:00,0.64573,0.6459,0.6423,0.64253
2025-05-20T06:00:00+01:00,0.6425,0.6438,0.63918,0.63972
2025-05-20T14:00:00+01:00,0.63973,0.64249,0.63946,0.64236
2025-05-20T22:00:00+01:00,0.64238,0.64537,0.64181,0.64514
2025-05-21T06:00:00+01:00,0.64514,0.6459,0.64354,0.64452
2025-05-21T14:00:00+01:00,0.64454,0.64694,0.64309,0.64355
2025-05-21T22:00:00+01:00,0.64358,0.64534,0.64269,0.64516
2025-05-22T06:00:00+01:00,0.64515,0.64587,0.64147,0.64217
2025-05-22T14:00:00+01:00,0.64217,0.64274,0.64072,0.64106
2025-05-22T22:00:00+01:00,0.64106,0.64386,0.64084,0.64346
2025-05-23T06:00:00+01:00,0.64346,0.64703,0.64279,0.64587
2025-05-23T14:00:00+01:00,0.64588,0.64996,0.64453,0.6496
2025-05-25T22:00:00+01:00,0.64892,0.65376,0.64851,0.65215
2025-05-26T06:00:00+01:00,0.65214,0.65308,0.65014,0.65027
2025-05-26T14:00:00+01:00,0.65028,0.65085,0.64824,0.6486
2025-05-26T22:00:00+01:00,0.64858,0.64969,0.64703,0.64715
2025-05-27T06:00:00+01:00,0.64716,0.64881,0.6442,0.64553
2025-05-27T14:00:00+01:00,0.64553,0.6461,0.64348,0.64436
2025-05-27T22:00:00+01:00,0.64433,0.64537,0.64257,0.64265
2025-05-28T06:00:00+01:00,0.64264,0.64493,0.64211,0.64216
2025-05-28T14:00:00+01:00,0.64216,0.64298,0.64099,0.64261
2025-05-28T22:00:00+01:00,0.64261,0.6436,0.64072,0.64303
2025-05-29T06:00:00+01:00,0.64302,0.6457,0.64169,0.64558
2025-05-29T14:00:00+01:00,0.64558,0.64602,0.64303,0.64418
2025-05-29T22:00:00+01:00,0.64418,0.6454,0.64216,0.64301
2025-05-30T06:00:00+01:00,0.64302,0.64403,0.64076,0.64225
2025-05-30T14:00:00+01:00,0.64226,0.64479,0.64084,0.64323
2025-06-01T22:00:00+01:00,0.64365,0.64729,0.64331,0.64554
2025-06-02T06:00:00+01:00,0.64555,0.64894,0.64531,0.64883
2025-06-02T14:00:00+01:00,0.64882,0.65004,0.64716,0.64956
2025-06-02T22:00:00+01:00,0.64949,0.65,0.64634,0.64665
2025-06-03T06:00:00+01:00,0.64666,0.64685,0.64485,0.64522
2025-06-03T14:00:00+01:00,0.64522,0.64721,0.6447,0.64624
2025-06-03T22:00:00+01:00,0.64621,0.64802,0.64536,0.64563
2025-06-04T06:00:00+01:00,0.64562,0.64941,0.64506,0.64925
2025-06-04T14:00:00+01:00,0.64925,0.65048,0.64877,0.64924
2025-06-04T22:00:00+01:00,0.64921,0.65094,0.6486,0.6493
2025-06-05T06:00:00+01:00,0.64931,0.6526,0.64877,0.65177
2025-06-05T14:00:00+01:00,0.65176,0.6538,0.65031,0.65054
2025-06-05T22:00:00+01:00,0.6506,0.65172,0.64927,0.65039
2025-06-06T06:00:00+01:00,0.65038,0.65068,0.64824,0.64925
2025-06-06T14:00:00+01:00,0.64925,0.65034,0.64796,0.64904
2025-06-08T22:00:00+01:00,0.64986,0.65183,0.64939,0.65145
2025-06-09T06:00:00+01:00,0.65146,0.65339,0.65094,0.65126
2025-06-09T14:00:00+01:00,0.65125,0.65271,0.6506,0.65163
2025-06-09T22:00:00+01:00,0.65165,0.653,0.65015,0.65213
2025-06-10T06:00:00+01:00,0.65213,0.65248,0.64899,0.65166
2025-06-10T14:00:00+01:00,0.65166,0.65331,0.65151,0.65221
2025-06-10T22:00:00+01:00,0.65222,0.65317,0.64972,0.65112
2025-06-11T06:00:00+01:00,0.65114,0.6546,0.65007,0.65288
2025-06-11T14:00:00+01:00,0.65288,0.65303,0.6496,0.65007
2025-06-11T22:00:00+01:00,0.65007,0.65112,0.64839,0.64946
2025-06-12T06:00:00+01:00,0.64945,0.65336,0.64772,0.65267
2025-06-12T14:00:00+01:00,0.65265,0.65331,0.65163,0.65328
2025-06-12T22:00:00+01:00,0.65336,0.65342,0.64563,0.64699
2025-06-13T06:00:00+01:00,0.647,0.64962,0.64624,0.64789
2025-06-13T14:00:00+01:00,0.64787,0.65196,0.64683,0.64874
2025-06-15T22:00:00+01:00,0.64835,0.64965,0.64665,0.64811
2025-06-16T06:00:00+01:00,0.64811,0.6529,0.64811,0.65273
2025-06-16T14:00:00+01:00,0.65274,0.65521,0.65216,0.65238
2025-06-16T22:00:00+01:00,0.6524,0.65374,0.65028,0.6535
2025-06-17T06:00:00+01:00,0.65352,0.65439,0.65199,0.6522
2025-06-17T14:00:00+01:00,0.65221,0.65381,0.64661,0.64748
2025-06-17T22:00:00+01:00,0.64748,0.65059,0.64685,0.65039
2025-06-18T06:00:00+01:00,0.65041,0.65137,0.6487,0.64996
2025-06-18T14:00:00+01:00,0.64995,0.65379,0.64942,0.65084
2025-06-18T22:00:00+01:00,0.65085,0.6516,0.64753,0.64889
2025-06-19T06:00:00+01:00,0.64889,0.64893,0.64576,0.64624
2025-06-19T14:00:00+01:00,0.64623,0.64823,0.64458,0.64818
2025-06-19T22:00:00+01:00,0.6482,0.64952,0.64665,0.64921
2025-06-20T06:00:00+01:00,0.64921,0.64956,0.64726,0.64897
2025-06-20T14:00:00+01:00,0.64898,0.64911,0.64467,0.64484
2025-06-22T22:00:00+01:00,0.6426,0.64487,0.63979,0.6405
2025-06-23T06:00:00+01:00,0.64045,0.64277,0.63726,0.63911
2025-06-23T14:00:00+01:00,0.63911,0.64633,0.63852,0.64596
2025-06-23T22:00:00+01:00,0.64596,0.64982,0.64565,0.64959
2025-06-24T06:00:00+01:00,0.64958,0.65158,0.64881,0.65037
2025-06-24T14:00:00+01:00,0.65037,0.65194,0.64868,0.64892
2025-06-24T22:00:00+01:00,0.64894,0.6508,0.64879,0.64993
2025-06-25T06:00:00+01:00,0.64993,0.65068,0.64887,0.64917
2025-06-25T14:00:00+01:00,0.64916,0.65151,0.64844,0.65131
2025-06-25T22:00:00+01:00,0.65132,0.65364,0.65033,0.65227
2025-06-26T06:00:00+01:00,0.65227,0.65501,0.65182,0.65409
2025-06-26T14:00:00+01:00,0.65412,0.65641,0.65356,0.65462
2025-06-26T22:00:00+01:00,0.65462,0.65613,0.6542,0.65421
2025-06-27T06:00:00+01:00,0.65424,0.65609,0.65291,0.65451
2025-06-27T14:00:00+01:00,0.65451,0.6548,0.65082,0.65309
2025-06-29T22:00:00+01:00,0.65358,0.65447,0.65272,0.65433
2025-06-30T06:00:00+01:00,0.65432,0.65528,0.6523,0.65316
2025-06-30T14:00:00+01:00,0.65315,0.65833,0.65305,0.65804
2025-06-30T22:00:00+01:00,0.65799,0.65841,0.65539,0.65727
2025-07-01T06:00:00+01:00,0.65728,0.65903,0.65708,0.65735
2025-07-01T14:00:00+01:00,0.65738,0.65837,0.65617,0.65828
2025-07-01T22:00:00+01:00,0.65826,0.65834,0.6565,0.65805
2025-07-02T06:00:00+01:00,0.65804,0.65809,0.65434,0.6551
2025-07-02T14:00:00+01:00,0.65509,0.65887,0.65457,0.65841
2025-07-02T22:00:00+01:00,0.65838,0.65878,0.65651,0.657
2025-07-03T06:00:00+01:00,0.657,0.65841,0.65372,0.65461
2025-07-03T14:00:00+01:00,0.65464,0.65801,0.65409,0.65715
2025-07-03T22:00:00+01:00,0.65717,0.6579,0.6563,0.65712
2025-07-04T06:00:00+01:00,0.65713,0.65786,0.6549,0.65509
2025-07-04T14:00:00+01:00,0.65508,0.65572,0.6546,0.65532
2025-07-06T22:00:00+01:00,0.65634,0.65643,0.65032,0.65043
2025-07-07T06:00:00+01:00,0.65044,0.65153,0.64861,0.65021
2025-07-07T14:00:00+01:00,0.65022,0.65189,0.64854,0.64907
2025-07-07T22:00:00+01:00,0.64907,0.65585,0.649,0.65402
2025-07-08T06:00:00+01:00,0.65403,0.65477,0.65264,0.65424
2025-07-08T14:00:00+01:00,0.65422,0.6543,0.6508,0.65305
2025-07-08T22:00:00+01:00,0.65305,0.65397,0.65098,0.65359
2025-07-09T06:00:00+01:00,0.65359,0.6545,0.65145,0.65336
2025-07-09T14:00:00+01:00,0.65338,0.65481,0.65268,0.65354
2025-07-09T22:00:00+01:00,0.65354,0.65516,0.65297,0.65449
2025-07-10T06:00:00+01:00,0.65448,0.65659,0.6543,0.65511
2025-07-10T14:00:00+01:00,0.65512,0.65914,0.6542,0.65877
2025-07-10T22:00:00+01:00,0.65873,0.65953,0.65564,0.65765
2025-07-11T06:00:00+01:00,0.65765,0.65911,0.657,0.65795
2025-07-11T14:00:00+01:00,0.65794,0.65904,0.657,0.65773
2025-07-13T22:00:00+01:00,0.65644,0.65875,0.65581,0.65618
2025-07-14T06:00:00+01:00,0.65616,0.65755,0.65542,0.6558
2025-07-14T14:00:00+01:00,0.6558,0.65665,0.65429,0.65451
2025-07-14T22:00:00+01:00,0.65452,0.65549,0.65392,0.6544
2025-07-15T06:00:00+01:00,0.6544,0.65758,0.65423,0.65714
2025-07-15T14:00:00+01:00,0.65714,0.65732,0.65078,0.65141
2025-07-15T22:00:00+01:00,0.65141,0.65344,0.65119,0.65263
2025-07-16T06:00:00+01:00,0.65264,0.65297,0.65148,0.65182
2025-07-16T14:00:00+01:00,0.6518,0.65545,0.64953,0.6528
2025-07-16T22:00:00+01:00,0.65285,0.65359,0.64729,0.64908
2025-07-17T06:00:00+01:00,0.64907,0.64956,0.64545,0.64691
2025-07-17T14:00:00+01:00,0.64691,0.64922,0.64624,0.64883
2025-07-17T22:00:00+01:00,0.64884,0.65107,0.64802,0.6499
2025-07-18T06:00:00+01:00,0.64987,0.65325,0.64979,0.65319
2025-07-18T14:00:00+01:00,0.65321,0.65409,0.65027,0.65087
2025-07-20T22:00:00+01:00,0.65199,0.65202,0.6498,0.65087
2025-07-21T06:00:00+01:00,0.65087,0.6528,0.65062,0.65224
2025-07-21T14:00:00+01:00,0.65224,0.65375,0.65153,0.65248
2025-07-21T22:00:00+01:00,0.65248,0.65311,0.65135,0.65172
2025-07-22T06:00:00+01:00,0.65172,0.65291,0.6504,0.65263
2025-07-22T14:00:00+01:00,0.65262,0.6558,0.65228,0.65553
2025-07-22T22:00:00+01:00,0.65556,0.65687,0.65455,0.65671
2025-07-23T06:00:00+01:00,0.6567,0.66008,0.65616,0.65882
2025-07-23T14:00:00+01:00,0.65882,0.66031,0.65795,0.66017
2025-07-23T22:00:00+01:00,0.66018,0.66196,0.65964,0.6619
2025-07-24T06:00:00+01:00,0.66192,0.66251,0.66043,0.66057
2025-07-24T14:00:00+01:00,0.66056,0.66161,0.65862,0.659
2025-07-24T22:00:00+01:00,0.6591,0.66028,0.65667,0.65714
2025-07-25T06:00:00+01:00,0.65714,0.65835,0.65562,0.65593
2025-07-25T14:00:00+01:00,0.65595,0.6567,0.65508,0.6566
2025-07-27T22:00:00+01:00,0.65749,0.6586,0.65626,0.65666
2025-07-28T06:00:00+01:00,0.65665,0.65677,0.65159,0.65338
2025-07-28T14:00:00+01:00,0.65339,0.6537,0.6513,0.65212
2025-07-28T22:00:00+01:00,0.65209,0.65302,0.65114,0.65236
2025-07-29T06:00:00+01:00,0.65235,0.65287,0.64961,0.64983
2025-07-29T14:00:00+01:00,0.64984,0.65188,0.64969,0.65097
2025-07-29T22:00:00+01:00,0.65099,0.65291,0.65026,0.65112
2025-07-30T06:00:00+01:00,0.65112,0.65172,0.64655,0.64668
2025-07-30T14:00:00+01:00,0.6467,0.64716,0.6426,0.64338
2025-07-30T22:00:00+01:00,0.64337,0.64685,0.64328,0.64681
2025-07-31T06:00:00+01:00,0.64678,0.64763,0.64356,0.64397
2025-07-31T14:00:00+01:00,0.64397,0.64434,0.64241,0.64258
2025-07-31T22:00:00+01:00,0.64255,0.64402,0.64217,0.6436
2025-08-01T06:00:00+01:00,0.6436,0.64868,0.6419,0.64812
2025-08-01T14:00:00+01:00,0.64811,0.64934,0.64374,0.64721
2025-08-03T22:00:00+01:00,0.64694,0.64864,0.64617,0.6482
2025-08-04T06:00:00+01:00,0.6482,0.64878,0.64694,0.6481
2025-08-04T14:00:00+01:00,0.64808,0.64897,0.64594,0.64667
2025-08-04T22:00:00+01:00,0.64664,0.64795,0.64536,0.64644
2025-08-05T06:00:00+01:00,0.64643,0.64718,0.64497,0.64654
2025-08-05T14:00:00+01:00,0.64655,0.64786,0.64549,0.64727
2025-08-05T22:00:00+01:00,0.64715,0.6495,0.64644,0.64933
2025-08-06T06:00:00+01:00,0.64933,0.6508,0.64844,0.65036
2025-08-06T14:00:00+01:00,0.65034,0.65088,0.64888,0.65029
2025-08-06T22:00:00+01:00,0.65028,0.65176,0.64959,0.65168
2025-08-07T06:00:00+01:00,0.65168,0.65413,0.65113,0.6525
2025-08-07T14:00:00+01:00,0.65251,0.65302,0.64895,0.65236
2025-08-07T22:00:00+01:00,0.65234,0.65281,0.65114,0.6522
2025-08-08T06:00:00+01:00,0.65221,0.65349,0.65143,0.65168
2025-08-08T14:00:00+01:00,0.65169,0.65324,0.65166,0.65241
2025-08-10T22:00:00+01:00,0.65236,0.65286,0.65136,0.65244
2025-08-11T06:00:00+01:00,0.65244,0.65287,0.65015,0.65067
2025-08-11T14:00:00+01:00,0.65068,0.65165,0.65012,0.65129
2025-08-11T22:00:00+01:00,0.65126,0.65258,0.64999,0.65151
2025-08-12T06:00:00+01:00,0.65152,0.6517,0.64819,0.65053
2025-08-12T14:00:00+01:00,0.65053,0.65405,0.64907,0.65293
2025-08-12T22:00:00+01:00,0.65295,0.65342,0.65163,0.65315
2025-08-13T06:00:00+01:00,0.65316,0.65627,0.65275,0.6545
2025-08-13T14:00:00+01:00,0.6545,0.65581,0.65387,0.65459
2025-08-13T22:00:00+01:00,0.65461,0.65688,0.65402,0.6551
2025-08-14T06:00:00+01:00,0.65509,0.65533,0.65027,0.65058
2025-08-14T14:00:00+01:00,0.65057,0.65071,0.64827,0.64948
2025-08-14T22:00:00+01:00,0.64945,0.65049,0.6488,0.6501
2025-08-15T06:00:00+01:00,0.65009,0.6519,0.64995,0.65159
2025-08-15T14:00:00+01:00,0.65163,0.65229,0.65029,0.65075
2025-08-17T22:00:00+01:00,0.65112,0.65223,0.65069,0.65207
2025-08-18T06:00:00+01:00,0.65206,0.65243,0.65057,0.65077
2025-08-18T14:00:00+01:00,0.65075,0.6508,0.64816,0.64915
2025-08-18T22:00:00+01:00,0.64913,0.64985,0.64847,0.64891
2025-08-19T06:00:00+01:00,0.64891,0.64963,0.64773,0.64847
2025-08-19T14:00:00+01:00,0.64846,0.64851,0.64497,0.64538
2025-08-19T22:00:00+01:00,0.64539,0.64674,0.64291,0.64437
2025-08-20T06:00:00+01:00,0.64438,0.64493,0.64255,0.64437
2025-08-20T14:00:00+01:00,0.64436,0.64444,0.64236,0.6434
2025-08-20T22:00:00+01:00,0.64342,0.6437,0.64188,0.642
2025-08-21T06:00:00+01:00,0.64202,0.64323,0.64146,0.64203
2025-08-21T14:00:00+01:00,0.64203,0.64318,0.64153,0.64202
2025-08-21T22:00:00+01:00,0.64193,0.64302,0.64137,0.64189
2025-08-22T06:00:00+01:00,0.6419,0.64319,0.64151,0.64216
2025-08-22T14:00:00+01:00,0.64216,0.6501,0.64212,0.64913
2025-08-24T22:00:00+01:00,0.64936,0.64955,0.64716,0.64897
2025-08-25T06:00:00+01:00,0.64897,0.65051,0.6486,0.64921
2025-08-25T14:00:00+01:00,0.64922,0.65045,0.64779,0.6482
2025-08-25T22:00:00+01:00,0.6482,0.64936,0.64711,0.64797
2025-08-26T06:00:00+01:00,0.64797,0.64936,0.647,0.64863
2025-08-26T14:00:00+01:00,0.64862,0.65007,0.64806,0.64943
2025-08-26T22:00:00+01:00,0.64943,0.65044,0.64837,0.64847
2025-08-27T06:00:00+01:00,0.6485,0.64905,0.64624,0.64716
2025-08-27T14:00:00+01:00,0.64717,0.6513,0.64694,0.65054
2025-08-27T22:00:00+01:00,0.65052,0.65221,0.65021,0.6511
2025-08-28T06:00:00+01:00,0.65109,0.65345,0.65057,0.65286
2025-08-28T14:00:00+01:00,0.65285,0.65377,0.65194,0.6532
2025-08-28T22:00:00+01:00,0.65322,0.65423,0.65256,0.65394
2025-08-29T06:00:00+01:00,0.65396,0.65406,0.65229,0.65291
2025-08-29T14:00:00+01:00,0.6529,0.65487,0.65247,0.65406
2025-08-31T22:00:00+01:00,0.65457,0.65492,0.65351,0.65431
2025-09-01T06:00:00+01:00,0.6543,0.656,0.6535,0.65524
2025-09-01T14:00:00+01:00,0.65524,0.65585,0.65493,0.65516
2025-09-01T22:00:00+01:00,0.65519,0.65585,0.65359,0.65375
2025-09-02T06:00:00+01:00,0.65376,0.65436,0.64831,0.64872
2025-09-02T14:00:00+01:00,0.64871,0.6525,0.6484,0.652
2025-09-02T22:00:00+01:00,0.65204,0.65255,0.6505,0.65211
2025-09-03T06:00:00+01:00,0.6521,0.65407,0.65023,0.65406
2025-09-03T14:00:00+01:00,0.65407,0.65545,0.65338,0.65433
2025-09-03T22:00:00+01:00,0.65435,0.65498,0.65281,0.65285
2025-09-04T06:00:00+01:00,0.65284,0.65284,0.65091,0.65207
2025-09-04T14:00:00+01:00,0.65209,0.6527,0.65014,0.65179
2025-09-04T22:00:00+01:00,0.6518,0.65314,0.65064,0.65277
2025-09-05T06:00:00+01:00,0.65277,0.65735,0.6527,0.6572
2025-09-05T14:00:00+01:00,0.65718,0.65888,0.65499,0.65559
2025-09-07T22:00:00+01:00,0.65533,0.65677,0.65462,0.65626
2025-09-08T06:00:00+01:00,0.65627,0.65966,0.65613,0.65958
2025-09-08T14:00:00+01:00,0.65959,0.65986,0.65809,0.65916
2025-09-08T22:00:00+01:00,0.65915,0.66068,0.6585,0.66067
2025-09-09T06:00:00+01:00,0.66065,0.66197,0.6596,0.65979
2025-09-09T14:00:00+01:00,0.65979,0.66128,0.65822,0.65852
2025-09-09T22:00:00+01:00,0.65849,0.66129,0.65802,0.66128
2025-09-10T06:00:00+01:00,0.66127,0.6625,0.65948,0.66118
2025-09-10T14:00:00+01:00,0.66119,0.66357,0.66057,0.66136
2025-09-10T22:00:00+01:00,0.66131,0.66214,0.66078,0.66101
2025-09-11T06:00:00+01:00,0.661,0.66244,0.65901,0.66228
2025-09-11T14:00:00+01:00,0.66229,0.66652,0.66198,0.66586
2025-09-11T22:00:00+01:00,0.66583,0.66688,0.66553,0.66579
2025-09-12T06:00:00+01:00,0.66578,0.66659,0.66308,0.6639
2025-09-12T14:00:00+01:00,0.66389,0.66533,0.66322,0.66505
2025-09-14T22:00:00+01:00,0.66368,0.66661,0.66362,0.66641
2025-09-15T06:00:00+01:00,0.66644,0.66688,0.66519,0.66661
2025-09-15T14:00:00+01:00,0.66661,0.66749,0.66534,0.66691
2025-09-15T22:00:00+01:00,0.66694,0.66765,0.66603,0.66617
2025-09-16T06:00:00+01:00,0.66619,0.66767,0.66599,0.6668
2025-09-16T14:00:00+01:00,0.66681,0.66883,0.66646,0.66854
2025-09-16T22:00:00+01:00,0.66854,0.669,0.66724,0.66756
2025-09-17T06:00:00+01:00,0.66756,0.66813,0.66661,0.66803
2025-09-17T14:00:00+01:00,0.66803,0.67071,0.66413,0.66531
2025-09-17T22:00:00+01:00,0.66529,0.66587,0.66288,0.66308
2025-09-18T06:00:00+01:00,0.66308,0.66599,0.66158,0.66312
2025-09-18T14:00:00+01:00,0.66311,0.66324,0.6607,0.66118
2025-09-18T22:00:00+01:00,0.66124,0.66197,0.65997,0.6604
2025-09-19T06:00:00+01:00,0.66041,0.66125,0.65859,0.65881
2025-09-19T14:00:00+01:00,0.6588,0.66003,0.6588,0.65932
2025-09-21T22:00:00+01:00,0.65952,0.66034,0.65807,0.65948
2025-09-22T06:00:00+01:00,0.65946,0.65998,0.65749,0.6598
2025-09-22T14:00:00+01:00,0.65979,0.66026,0.65778,0.65995
2025-09-22T22:00:00+01:00,0.65988,0.66017,0.65814,0.6583
2025-09-23T06:00:00+01:00,0.6583,0.66116,0.65813,0.66081
2025-09-23T14:00:00+01:00,0.66082,0.66156,0.65934,0.65986
2025-09-23T22:00:00+01:00,0.65986,0.66231,0.65888,0.662
2025-09-24T06:00:00+01:00,0.66199,0.66281,0.65911,0.65939
2025-09-24T14:00:00+01:00,0.65939,0.65968,0.65748,0.65826
2025-09-24T22:00:00+01:00,0.65825,0.66007,0.6578,0.65976
2025-09-25T06:00:00+01:00,0.65977,0.6604,0.65554,0.65607
2025-09-25T14:00:00+01:00,0.65607,0.65634,0.6526,0.65404
2025-09-25T22:00:00+01:00,0.65402,0.65459,0.65308,0.65417
2025-09-26T06:00:00+01:00,0.65418,0.65441,0.65206,0.65382
2025-09-26T14:00:00+01:00,0.65382,0.65516,0.65329,0.65457
2025-09-28T22:00:00+01:00,0.65495,0.65735,0.65468,0.6571
2025-09-29T06:00:00+01:00,0.65709,0.65733,0.65596,0.65681
2025-09-29T14:00:00+01:00,0.65682,0.65812,0.65626,0.6577
2025-09-29T22:00:00+01:00,0.6577,0.66087,0.65712,0.66065
2025-09-30T06:00:00+01:00,0.66064,0.66162,0.65754,0.66125
2025-09-30T14:00:00+01:00,0.66124,0.66286,0.66079,0.66132
2025-09-30T22:00:00+01:00,0.66135,0.66185,0.65893,0.66034
2025-10-01T06:00:00+01:00,0.66034,0.6629,0.65986,0.66197
2025-10-01T14:00:00+01:00,0.66198,0.66229,0.65992,0.66128
2025-10-01T22:00:00+01:00,0.66129,0.66214,0.66025,0.66174
2025-10-02T06:00:00+01:00,0.66173,0.66246,0.65992,0.66021
2025-10-02T14:00:00+01:00,0.66021,0.6607,0.65769,0.65959
2025-10-02T22:00:00+01:00,0.65959,0.66041,0.65908,0.65909
2025-10-03T06:00:00+01:00,0.65909,0.66091,0.6589,0.66064
2025-10-03T14:00:00+01:00,0.66065,0.66142,0.65949,0.66029
2025-10-05T22:00:00+01:00,0.65847,0.66136,0.65832,0.66029
2025-10-06T06:00:00+01:00,0.6603,0.6618,0.65902,0.66099
2025-10-06T14:00:00+01:00,0.661,0.66206,0.6607,0.66156
2025-10-06T22:00:00+01:00,0.66155,0.66244,0.66042,0.66115
2025-10-07T06:00:00+01:00,0.66113,0.66125,0.6581,0.65872
2025-10-07T14:00:00+01:00,0.65871,0.65971,0.65786,0.65807
2025-10-07T22:00:00+01:00,0.65816,0.65862,0.6558,0.65638
2025-10-08T06:00:00+01:00,0.65637,0.6581,0.65565,0.65796
2025-10-08T14:00:00+01:00,0.65797,0.65891,0.65753,0.65862
2025-10-08T22:00:00+01:00,0.65863,0.66093,0.65814,0.66065
2025-10-09T06:00:00+01:00,0.66065,0.66102,0.65697,0.6606
2025-10-09T14:00:00+01:00,0.66061,0.66124,0.654,0.65566
2025-10-09T22:00:00+01:00,0.65565,0.6573,0.65519,0.65668
2025-10-10T06:00:00+01:00,0.65667,0.65688,0.65454,0.65551
2025-10-10T14:00:00+01:00,0.6555,0.65555,0.64711,0.64725
2025-10-12T22:00:00+01:00,0.65136,0.65329,0.64912,0.65226
2025-10-13T06:00:00+01:00,0.65227,0.65283,0.6506,0.65088
2025-10-13T14:00:00+01:00,0.65087,0.65248,0.65049,0.65145
2025-10-13T22:00:00+01:00,0.65151,0.65216,0.64759,0.64804
2025-10-14T06:00:00+01:00,0.64802,0.64804,0.64403,0.6447
2025-10-14T14:00:00+01:00,0.64469,0.64972,0.64465,0.64863
2025-10-14T22:00:00+01:00,0.64864,0.65183,0.64804,0.65143
2025-10-15T06:00:00+01:00,0.65146,0.65234,0.65074,0.65085
2025-10-15T14:00:00+01:00,0.65086,0.6523,0.64886,0.65125
2025-10-15T22:00:00+01:00,0.65128,0.65181,0.64796,0.64907
2025-10-16T06:00:00+01:00,0.64905,0.65131,0.64889,0.65004
2025-10-16T14:00:00+01:00,0.65004,0.65075,0.64711,0.64843
2025-10-16T22:00:00+01:00,0.64843,0.64921,0.64624,0.64743
2025-10-17T06:00:00+01:00,0.64742,0.65026,0.64435,0.6475
2025-10-17T14:00:00+01:00,0.64749,0.65016,0.64713,0.64954
2025-10-19T22:00:00+01:00,0.64936,0.6515,0.64892,0.65026
2025-10-20T06:00:00+01:00,0.65026,0.65086,0.64844,0.64925
2025-10-20T14:00:00+01:00,0.64925,0.65212,0.64904,0.65128
2025-10-20T22:00:00+01:00,0.65128,0.65252,0.65002,0.65037
2025-10-21T06:00:00+01:00,0.65037,0.65042,0.64763,0.64952
2025-10-21T14:00:00+01:00,0.64952,0.65037,0.64728,0.6488
2025-10-21T22:00:00+01:00,0.6488,0.6502,0.64832,0.64998
2025-10-22T06:00:00+01:00,0.64999,0.65122,0.64818,0.64886
2025-10-22T14:00:00+01:00,0.64887,0.65024,0.64783,0.64878
2025-10-22T22:00:00+01:00,0.64879,0.64955,0.64789,0.64853
2025-10-23T06:00:00+01:00,0.6485,0.65125,0.64845,0.6505
2025-10-23T14:00:00+01:00,0.65048,0.65179,0.6504,0.65124
2025-10-23T22:00:00+01:00,0.65123,0.65173,0.64965,0.65017
2025-10-24T06:00:00+01:00,0.65016,0.6529,0.64929,0.65179
2025-10-24T14:00:00+01:00,0.65179,0.6522,0.64937,0.65129
2025-10-26T21:00:00+00:00,0.6543,0.65443,0.65284,0.65319
2025-10-27T05:00:00+00:00,0.65321,0.65593,0.65309,0.65556
2025-10-27T13:00:00+00:00,0.65557,0.65595,0.65436,0.65559
2025-10-27T21:00:00+00:00,0.6556,0.65643,0.65514,0.65636
2025-10-28T05:00:00+00:00,0.65636,0.65641,0.65445,0.65541
2025-10-28T13:00:00+00:00,0.65541,0.65907,0.65511,0.65851
2025-10-28T21:00:00+00:00,0.6585,0.66077,0.65785,0.65961
2025-10-29T05:00:00+00:00,0.6596,0.66176,0.65864,0.65972
2025-10-29T13:00:00+00:00,0.65973,0.6616,0.65571,0.65741
2025-10-29T21:00:00+00:00,0.65743,0.65976,0.65671,0.65942
2025-10-30T05:00:00+00:00,0.65942,0.6596,0.65381,0.65388
2025-10-30T13:00:00+00:00,0.65385,0.65585,0.65326,0.65549
2025-10-30T21:00:00+00:00,0.65551,0.65602,0.65458,0.65501
2025-10-31T05:00:00+00:00,0.65498,0.65498,0.65334,0.65368
2025-10-31T13:00:00+00:00,0.65366,0.65531,0.65332,0.65433
2025-11-02T22:00:00+00:00,0.6545,0.65626,0.65384,0.65586
2025-11-03T06:00:00+00:00,0.65585,0.65602,0.65375,0.65392
2025-11-03T14:00:00+00:00,0.6539,0.65431,0.65176,0.65373
2025-11-03T22:00:00+00:00,0.65373,0.65409,0.65111,0.65119
2025-11-04T06:00:00+00:00,0.65121,0.652,0.64911,0.64925
2025-11-04T14:00:00+00:00,0.64924,0.65042,0.6481,0.64897
2025-11-04T22:00:00+00:00,0.64897,0.64993,0.64587,0.64903
2025-11-05T06:00:00+00:00,0.64903,0.6496,0.64738,0.64855
2025-11-05T14:00:00+00:00,0.64855,0.65129,0.64827,0.65051
2025-11-05T22:00:00+00:00,0.65053,0.6518,0.64971,0.65078
2025-11-06T06:00:00+00:00,0.65074,0.65186,0.65041,0.65089
2025-11-06T14:00:00+00:00,0.65088,0.65096,0.64632,0.64793
2025-11-06T22:00:00+00:00,0.64795,0.64869,0.64676,0.64796
2025-11-07T06:00:00+00:00,0.64797,0.64933,0.6476,0.64872
2025-11-07T14:00:00+00:00,0.64873,0.64992,0.64683,0.64941
2025-11-09T22:00:00+00:00,0.64976,0.65296,0.64897,0.65271
2025-11-10T06:00:00+00:00,0.6527,0.65394,0.65235,0.65292
2025-11-10T14:00:00+00:00,0.65289,0.65402,0.65146,0.65361
2025-11-10T22:00:00+00:00,0.65359,0.65376,0.65179,0.65179
2025-11-11T06:00:00+00:00,0.65179,0.65382,0.65149,0.65353
2025-11-11T14:00:00+00:00,0.65354,0.6538,0.65206,0.65274
2025-11-11T22:00:00+00:00,0.65275,0.65319,0.6516,0.65292
2025-11-12T06:00:00+00:00,0.65292,0.65446,0.65286,0.65373
2025-11-12T14:00:00+00:00,0.65372,0.65504,0.65311,0.65409
2025-11-12T22:00:00+00:00,0.65411,0.65654,0.65329,0.65573
2025-11-13T06:00:00+00:00,0.65573,0.65802,0.65484,0.65533
2025-11-13T14:00:00+00:00,0.65534,0.65583,0.65238,0.65298
2025-11-13T22:00:00+00:00,0.65287,0.65497,0.6524,0.65387
2025-11-14T06:00:00+00:00,0.65386,0.65399,0.65037,0.65239
2025-11-14T14:00:00+00:00,0.65238,0.65514,0.65197,0.6538
2025-11-16T22:00:00+00:00,0.6534,0.6537,0.65119,0.65226
2025-11-17T06:00:00+00:00,0.65228,0.65375,0.65071,0.65104
2025-11-17T14:00:00+00:00,0.65101,0.65176,0.64821,0.64936
2025-11-17T22:00:00+00:00,0.64933,0.64989,0.6465,0.64816
2025-11-18T06:00:00+00:00,0.64816,0.65122,0.64745,0.6506
2025-11-18T14:00:00+00:00,0.6506,0.65185,0.64827,0.65074
2025-11-18T22:00:00+00:00,0.65068,0.6512,0.64765,0.64895
2025-11-19T06:00:00+00:00,0.64895,0.64976,0.6477,0.64843
2025-11-19T14:00:00+00:00,0.64842,0.64929,0.64511,0.64783
2025-11-19T22:00:00+00:00,0.64783,0.64915,0.64741,0.6479
2025-11-20T06:00:00+00:00,0.6479,0.65016,0.64687,0.64909
2025-11-20T14:00:00+00:00,0.64909,0.65026,0.64363,0.64404
2025-11-20T22:00:00+00:00,0.64409,0.64576,0.64375,0.64467
2025-11-21T06:00:00+00:00,0.64467,0.6454,0.64214,0.64495
2025-11-21T14:00:00+00:00,0.64494,0.64608,0.64231,0.64579
2025-11-23T22:00:00+00:00,0.64597,0.6466,0.64492,0.6463
2025-11-24T06:00:00+00:00,0.6463,0.64675,0.64422,0.64541
2025-11-24T14:00:00+00:00,0.6454,0.64684,0.6445,0.64628
2025-11-24T22:00:00+00:00,0.64628,0.64691,0.64515,0.64579
2025-11-25T06:00:00+00:00,0.64578,0.64699,0.6445,0.64614
2025-11-25T14:00:00+00:00,0.64612,0.64759,0.64362,0.64694
2025-11-25T22:00:00+00:00,0.64695,0.65081,0.64657,0.65059
2025-11-26T06:00:00+00:00,0.65058,0.65122,0.64839,0.64905
2025-11-26T14:00:00+00:00,0.64907,0.65213,0.6488,0.65176
2025-11-26T22:00:00+00:00,0.65177,0.65399,0.65165,0.65332
2025-11-27T06:00:00+00:00,0.65333,0.65342,0.65216,0.65268
2025-11-27T14:00:00+00:00,0.6527,0.65346,0.65233,0.65341
2025-11-27T22:00:00+00:00,0.65328,0.65411,0.65251,0.65296
2025-11-28T06:00:00+00:00,0.65297,0.65369,0.65203,0.65356
2025-11-28T14:00:00+00:00,0.65356,0.65593,0.65317,0.65525
2025-11-30T22:00:00+00:00,0.65406,0.65571,0.65369,0.65416
2025-12-01T06:00:00+00:00,0.65414,0.65665,0.65388,0.656
2025-12-01T14:00:00+00:00,0.65601,0.65644,0.65404,0.65438
2025-12-01T22:00:00+00:00,0.6544,0.6555,0.65369,0.65532
2025-12-02T06:00:00+00:00,0.65531,0.65629,0.65436,0.65628
2025-12-02T14:00:00+00:00,0.6563,0.65708,0.65533,0.65639
2025-12-02T22:00:00+00:00,0.65613,0.65841,0.65525,0.65831
2025-12-03T06:00:00+00:00,0.65829,0.65959,0.6574,0.65907
2025-12-03T14:00:00+00:00,0.65907,0.66021,0.65749,0.66008
2025-12-03T22:00:00+00:00,0.66006,0.6615,0.6597,0.66114
2025-12-04T06:00:00+00:00,0.66114,0.66193,0.66032,0.6608
2025-12-04T14:00:00+00:00,0.66081,0.66242,0.66063,0.66096
2025-12-04T22:00:00+00:00,0.66098,0.6623,0.66054,0.6622
2025-12-05T06:00:00+00:00,0.66221,0.66441,0.66203,0.66414
2025-12-05T14:00:00+00:00,0.66414,0.6649,0.66268,0.66409
2025-12-07T22:00:00+00:00,0.6636,0.66485,0.66302,0.66454
2025-12-08T06:00:00+00:00,0.66454,0.66492,0.66325,0.6637
2025-12-08T14:00:00+00:00,0.6637,0.66412,0.66143,0.66241
2025-12-08T22:00:00+00:00,0.66237,0.66487,0.66083,0.66432
2025-12-09T06:00:00+00:00,0.66432,0.66485,0.66312,0.66385
2025-12-09T14:00:00+00:00,0.66383,0.66544,0.66338,0.66418
2025-12-09T22:00:00+00:00,0.66421,0.6647,0.66288,0.66422
2025-12-10T06:00:00+00:00,0.6642,0.66539,0.66365,0.66421
2025-12-10T14:00:00+00:00,0.6642,0.66859,0.66295,0.66762
2025-12-10T22:00:00+00:00,0.66763,0.6679,0.66294,0.66349
2025-12-11T06:00:00+00:00,0.66348,0.66675,0.66265,0.66644
2025-12-11T14:00:00+00:00,0.66644,0.66759,0.66562,0.66645
2025-12-11T22:00:00+00:00,0.66645,0.66745,0.66591,0.66673
2025-12-12T06:00:00+00:00,0.66678,0.66771,0.66608,0.66634
2025-12-12T14:00:00+00:00,0.66634,0.66704,0.66325,0.66536
2025-12-14T22:00:00+00:00,0.66418,0.66551,0.66366,0.66455
2025-12-15T06:00:00+00:00,0.66453,0.66565,0.66416,0.66501
2025-12-15T14:00:00+00:00,0.665,0.66552,0.66321,0.66414
2025-12-15T22:00:00+00:00,0.66416,0.66483,0.66182,0.66325
2025-12-16T06:00:00+00:00,0.66324,0.66614,0.66286,0.66461
2025-12-16T14:00:00+00:00,0.66461,0.66596,0.66211,0.66317
2025-12-16T22:00:00+00:00,0.66313,0.66351,0.66135,0.66192
2025-12-17T06:00:00+00:00,0.66193,0.66245,0.66124,0.66231
2025-12-17T14:00:00+00:00,0.66232,0.66288,0.65992,0.66041
2025-12-17T22:00:00+00:00,0.66043,0.6608,0.65925,0.6605
2025-12-18T06:00:00+00:00,0.6605,0.6631,0.66029,0.66227
2025-12-18T14:00:00+00:00,0.66226,0.66309,0.66031,0.66131
2025-12-18T22:00:00+00:00,0.66129,0.66224,0.66038,0.6604
2025-12-19T06:00:00+00:00,0.6604,0.66108,0.66002,0.66105
2025-12-19T14:00:00+00:00,0.66107,0.66252,0.66066,0.66105
2025-12-21T22:00:00+00:00,0.66152,0.6629,0.66064,0.66256
2025-12-22T06:00:00+00:00,0.66254,0.665,0.66254,0.66462
2025-12-22T14:00:00+00:00,0.66463,0.66604,0.66437,0.66573
2025-12-22T22:00:00+00:00,0.66574,0.66708,0.66545,0.66658
2025-12-23T06:00:00+00:00,0.66658,0.67005,0.66648,0.66861
2025-12-23T14:00:00+00:00,0.66861,0.67027,0.66758,0.67019
2025-12-23T22:00:00+00:00,0.67017,0.67136,0.66979,0.67121
2025-12-24T06:00:00+00:00,0.67118,0.67176,0.67001,0.6706
2025-12-24T14:00:00+00:00,0.67059,0.67152,0.67025,0.67094
2025-12-24T22:00:00+00:00,0.67087,0.67156,0.66988,0.67078
2025-12-25T06:00:00+00:00,0.67088,0.67128,0.66964,0.67074
2025-12-25T22:00:00+00:00,0.67012,0.67179,0.66989,0.67095
2025-12-26T06:00:00+00:00,0.67094,0.67179,0.66972,0.67164
2025-12-26T14:00:00+00:00,0.67165,0.67247,0.67055,0.67175
2025-12-28T22:00:00+00:00,0.67041,0.67275,0.67007,0.67156
2025-12-29T06:00:00+00:00,0.67154,0.67217,0.6683,0.66936
2025-12-29T14:00:00+00:00,0.66935,0.67033,0.66852,0.66937
2025-12-29T22:00:00+00:00,0.66937,0.67151,0.66902,0.67138
2025-12-30T06:00:00+00:00,0.67136,0.67179,0.66925,0.66942
2025-12-30T14:00:00+00:00,0.66943,0.67039,0.6688,0.66955
2025-12-30T22:00:00+00:00,0.66953,0.67013,0.66881,0.669
2025-12-31T06:00:00+00:00,0.669,0.66906,0.66758,0.66834
2025-12-31T14:00:00+00:00,0.66833,0.66837,0.66598,0.66734
2026-01-01T22:00:00+00:00,0.66701,0.67022,0.66658,0.66956
2026-01-02T06:00:00+00:00,0.66955,0.67071,0.66869,0.6688
2026-01-02T14:00:00+00:00,0.66881,0.66981,0.66774,0.6695
2026-01-04T22:00:00+00:00,0.66815,0.66941,0.66651,0.66756
2026-01-05T06:00:00+00:00,0.66755,0.66886,0.66631,0.66775
2026-01-05T14:00:00+00:00,0.66776,0.6719,0.66771,0.67142
2026-01-05T22:00:00+00:00,0.67137,0.67319,0.67033,0.6727
2026-01-06T06:00:00+00:00,0.6727,0.67393,0.67119,0.67268
2026-01-06T14:00:00+00:00,0.67266,0.67419,0.672,0.67375
2026-01-06T22:00:00+00:00,0.67366,0.67666,0.6717,0.67525
2026-01-07T06:00:00+00:00,0.67527,0.67564,0.67275,0.67394
2026-01-07T14:00:00+00:00,0.67393,0.67463,0.67184,0.67213
2026-01-07T22:00:00+00:00,0.67213,0.67254,0.67008,0.67036
2026-01-08T06:00:00+00:00,0.67038,0.67043,0.66892,0.66926
2026-01-08T14:00:00+00:00,0.66926,0.67016,0.66817,0.66994
2026-01-08T22:00:00+00:00,0.66993,0.67044,0.66884,0.66949
2026-01-09T06:00:00+00:00,0.66948,0.67034,0.66689,0.66898
2026-01-09T14:00:00+00:00,0.669,0.66945,0.66635,0.66884
2026-01-11T22:00:00+00:00,0.66805,0.67067,0.66767,0.66988
2026-01-12T06:00:00+00:00,0.66987,0.6718,0.66958,0.67156
2026-01-12T14:00:00+00:00,0.67155,0.67224,0.67032,0.67103
2026-01-12T22:00:00+00:00,0.67101,0.67168,0.67067,0.67097
2026-01-13T06:00:00+00:00,0.67096,0.67274,0.66973,0.67091
2026-01-13T14:00:00+00:00,0.67091,0.67146,0.6673,0.66824
2026-01-13T22:00:00+00:00,0.66824,0.67005,0.66772,0.66946
2026-01-14T06:00:00+00:00,0.66948,0.67024,0.66756,0.66793
2026-01-14T14:00:00+00:00,0.66795,0.66899,0.66731,0.66824
2026-01-14T22:00:00+00:00,0.66826,0.66864,0.66672,0.66768
2026-01-15T06:00:00+00:00,0.66766,0.67009,0.6676,0.66779
2026-01-15T14:00:00+00:00,0.6678,0.67098,0.66745,0.66987
2026-01-15T22:00:00+00:00,0.6697,0.67071,0.66951,0.67014
2026-01-16T06:00:00+00:00,0.67014,0.67097,0.66911,0.66943
2026-01-16T14:00:00+00:00,0.66943,0.66953,0.66711,0.66828
2026-01-18T22:00:00+00:00,0.66734,0.6701,0.66684,0.66958
2026-01-19T06:00:00+00:00,0.66958,0.67081,0.66884,0.67056
2026-01-19T14:00:00+00:00,0.67056,0.67174,0.67021,0.6714
2026-01-19T22:00:00+00:00,0.67139,0.6741,0.67067,0.6736
2026-01-20T06:00:00+00:00,0.67358,0.67473,0.67237,0.67302
2026-01-20T14:00:00+00:00,0.67303,0.67457,0.67267,0.67366
2026-01-20T22:00:00+00:00,0.67366,0.67439,0.67276,0.67362
2026-01-21T06:00:00+00:00,0.67363,0.67735,0.67352,0.67711
2026-01-21T14:00:00+00:00,0.67711,0.67779,0.67531,0.67614
2026-01-21T22:00:00+00:00,0.67613,0.68106,0.67538,0.6805
2026-01-22T06:00:00+00:00,0.68051,0.68155,0.67958,0.68149
2026-01-22T14:00:00+00:00,0.68148,0.68445,0.68105,0.68396
2026-01-22T22:00:00+00:00,0.6839,0.68532,0.68363,0.6849
2026-01-23T06:00:00+00:00,0.68488,0.68672,0.68344,0.685
2026-01-23T14:00:00+00:00,0.685,0.6899,0.68486,0.68956
2026-01-25T22:00:00+00:00,0.69246,0.69331,0.69061,0.69145
2026-01-26T06:00:00+00:00,0.69145,0.69276,0.69073,0.69174
2026-01-26T14:00:00+00:00,0.69175,0.69409,0.69149,0.69171
2026-01-26T22:00:00+00:00,0.69171,0.69286,0.69066,0.69131
2026-01-27T06:00:00+00:00,0.69129,0.69527,0.69015,0.69449
2026-01-27T14:00:00+00:00,0.6945,0.70162,0.69436,0.70112
2026-01-27T22:00:00+00:00,0.70107,0.70226,0.69802,0.7003
2026-01-28T06:00:00+00:00,0.70032,0.70199,0.699,0.69963
2026-01-28T14:00:00+00:00,0.69962,0.70433,0.69768,0.70409
2026-01-28T22:00:00+00:00,0.7041,0.70942,0.70209,0.70881
2026-01-29T06:00:00+00:00,0.70879,0.70887,0.70271,0.70654
2026-01-29T14:00:00+00:00,0.70657,0.70826,0.69689,0.70493
2026-01-29T22:00:00+00:00,0.70491,0.70554,0.69774,0.69995
2026-01-30T06:00:00+00:00,0.69995,0.70321,0.69683,0.69912
2026-01-30T14:00:00+00:00,0.69911,0.70264,0.69401,0.69636
2026-02-01T22:00:00+00:00,0.69505,0.69708,0.69141,0.69252
2026-02-02T06:00:00+00:00,0.69254,0.69705,0.69086,0.69477
2026-02-02T14:00:00+00:00,0.69477,0.6968,0.69355,0.69476
2026-02-02T22:00:00+00:00,0.69476,0.70334,0.69449,0.70061
2026-02-03T06:00:00+00:00,0.70062,0.70504,0.69974,0.70083
2026-02-03T14:00:00+00:00,0.70084,0.70266,0.69809,0.7021
2026-02-03T22:00:00+00:00,0.70211,0.70366,0.70137,0.7029
2026-02-04T06:00:00+00:00,0.70291,0.7043,0.70105,0.7033
2026-02-04T14:00:00+00:00,0.70327,0.70334,0.69715,0.69979
2026-02-04T22:00:00+00:00,0.69974,0.70073,0.69582,0.69718
2026-02-05T06:00:00+00:00,0.69719,0.69908,0.69628,0.69695
2026-02-05T14:00:00+00:00,0.69693,0.69823,0.69261,0.69274
2026-02-05T22:00:00+00:00,0.69276,0.69558,0.68971,0.69555
2026-02-06T06:00:00+00:00,0.69555,0.69942,0.69521,0.69941
2026-02-06T14:00:00+00:00,0.69938,0.70249,0.69904,0.70134
2026-02-08T22:00:00+00:00,0.701,0.70378,0.70082,0.70291
2026-02-09T06:00:00+00:00,0.70293,0.7062,0.70138,0.70565
2026-02-09T14:00:00+00:00,0.70565,0.70988,0.70561,0.70932
2026-02-09T22:00:00+00:00,0.70923,0.70946,0.70694,0.70727
2026-02-10T06:00:00+00:00,0.70725,0.7081,0.70644,0.70749
2026-02-10T14:00:00+00:00,0.70749,0.70907,0.70664,0.70755
2026-02-10T22:00:00+00:00,0.70758,0.71281,0.70659,0.71157
2026-02-11T06:00:00+00:00,0.71157,0.7124,0.70718,0.71149
2026-02-11T14:00:00+00:00,0.71148,0.71432,0.70924,0.71274
2026-02-11T22:00:00+00:00,0.71275,0.71472,0.71118,0.71249
2026-02-12T06:00:00+00:00,0.7125,0.71413,0.7105,0.71409
2026-02-12T14:00:00+00:00,0.7141,0.71447,0.70756,0.70903
2026-02-12T22:00:00+00:00,0.70899,0.70974,0.7067,0.70698
2026-02-13T06:00:00+00:00,0.70697,0.70795,0.70436,0.70705
2026-02-13T14:00:00+00:00,0.70703,0.7086,0.70472,0.70731
2026-02-15T22:00:00+00:00,0.70653,0.70897,0.70581,0.70874
2026-02-16T06:00:00+00:00,0.70874,0.70967,0.70771,0.70835
2026-02-16T14:00:00+00:00,0.70833,0.70874,0.70673,0.7072
2026-02-16T22:00:00+00:00,0.7072,0.70766,0.70463,0.70613
2026-02-17T06:00:00+00:00,0.70615,0.70769,0.70425,0.7045
2026-02-17T14:00:00+00:00,0.70449,0.70902,0.70281,0.70861
2026-02-17T22:00:00+00:00,0.70861,0.70881,0.70651,0.70687
2026-02-18T06:00:00+00:00,0.70686,0.70811,0.70562,0.70563
2026-02-18T14:00:00+00:00,0.70564,0.70775,0.70349,0.70423
2026-02-18T22:00:00+00:00,0.70425,0.70714,0.70392,0.70538
2026-02-19T06:00:00+00:00,0.70537,0.70802,0.70369,0.70527
2026-02-19T14:00:00+00:00,0.70527,0.70676,0.70241,0.70561
2026-02-19T22:00:00+00:00,0.70563,0.70622,0.70154,0.70436
2026-02-20T06:00:00+00:00,0.70434,0.7067,0.70389,0.70521
2026-02-20T14:00:00+00:00,0.7052,0.70947,0.704,0.70849
2026-02-22T22:00:00+00:00,0.70792,0.71121,0.70663,0.70735
2026-02-23T06:00:00+00:00,0.70734,0.70908,0.70558,0.70683
2026-02-23T14:00:00+00:00,0.70683,0.70825,0.70484,0.70555
2026-02-23T22:00:00+00:00,0.70556,0.70735,0.70483,0.70654
2026-02-24T06:00:00+00:00,0.70654,0.70737,0.70322,0.70347
2026-02-24T14:00:00+00:00,0.70349,0.70703,0.70267,0.70581
2026-02-24T22:00:00+00:00,0.70579,0.71114,0.70571,0.71107
2026-02-25T06:00:00+00:00,0.71105,0.71168,0.7073,0.70897
2026-02-25T14:00:00+00:00,0.70896,0.71261,0.70883,0.71233
2026-02-25T22:00:00+00:00,0.7123,0.71366,0.71141,0.71337
2026-02-26T06:00:00+00:00,0.71338,0.71358,0.71091,0.7111
2026-02-26T14:00:00+00:00,0.71108,0.71124,0.7067,0.71049
2026-02-26T22:00:00+00:00,0.71047,0.71322,0.70961,0.7126
2026-02-27T06:00:00+00:00,0.7126,0.71286,0.70864,0.70979
2026-02-27T14:00:00+00:00,0.70981,0.71321,0.70955,0.71169
2026-03-01T22:00:00+00:00,0.70389,0.71169,0.70364,0.70775
2026-03-02T06:00:00+00:00,0.70776,0.70978,0.7045,0.70576
2026-03-02T14:00:00+00:00,0.70575,0.7106,0.70518,0.70927
2026-03-02T22:00:00+00:00,0.70928,0.71229,0.7085,0.70883
2026-03-03T06:00:00+00:00,0.70883,0.70975,0.70008,0.70116
2026-03-03T14:00:00+00:00,0.70115,0.70576,0.69443,0.70356
2026-03-03T22:00:00+00:00,0.70356,0.70457,0.69847,0.70005
2026-03-04T06:00:00+00:00,0.70003,0.70735,0.69919,0.70546
2026-03-04T14:00:00+00:00,0.70544,0.70834,0.70331,0.70752
2026-03-04T22:00:00+00:00,0.70751,0.70894,0.7039,0.70395
2026-03-05T06:00:00+00:00,0.70395,0.7071,0.70112,0.70295
2026-03-05T14:00:00+00:00,0.70295,0.70449,0.69737,0.70081
2026-03-05T22:00:00+00:00,0.70087,0.70409,0.70056,0.70288
2026-03-06T06:00:00+00:00,0.70288,0.70476,0.69815,0.69839
2026-03-06T14:00:00+00:00,0.69841,0.70311,0.69768,0.70304
2026-03-08T21:00:00+00:00,0.69832,0.69999,0.69564,0.69925
2026-03-09T05:00:00+00:00,0.69925,0.70337,0.69816,0.7011
2026-03-09T13:00:00+00:00,0.70111,0.7079,0.70111,0.70758
2026-03-09T21:00:00+00:00,0.70759,0.70825,0.70534,0.70614
2026-03-10T05:00:00+00:00,0.70613,0.7125,0.70592,0.71152
2026-03-10T13:00:00+00:00,0.71152,0.71684,0.71081,0.71198
2026-03-10T21:00:00+00:00,0.71198,0.71856,0.71127,0.71819
2026-03-11T05:00:00+00:00,0.7182,0.71832,0.71432,0.71465
2026-03-11T13:00:00+00:00,0.71464,0.71875,0.71368,0.7152
2026-03-11T21:00:00+00:00,0.7152,0.71609,0.71232,0.71238
2026-03-12T05:00:00+00:00,0.71239,0.71483,0.71113,0.71308
2026-03-12T13:00:00+00:00,0.71308,0.71354,0.70723,0.70769
2026-03-12T21:00:00+00:00,0.70775,0.70924,0.70592,0.70627
2026-03-13T05:00:00+00:00,0.70629,0.70671,0.70159,0.70562
2026-03-13T13:00:00+00:00,0.70562,0.70579,0.69795,0.6981
2026-03-15T21:00:00+00:00,0.69951,0.70191,0.6986,0.70042
2026-03-16T05:00:00+00:00,0.70043,0.70586,0.70043,0.70504
2026-03-16T13:00:00+00:00,0.70505,0.70826,0.70447,0.70715
2026-03-16T21:00:00+00:00,0.70715,0.70948,0.70492,0.70729
2026-03-17T05:00:00+00:00,0.70728,0.70978,0.70555,0.70976
2026-03-17T13:00:00+00:00,0.70976,0.71185,0.70849,0.7105
2026-03-17T21:00:00+00:00,0.71049,0.71185,0.70983,0.71147
2026-03-18T05:00:00+00:00,0.71147,0.71234,0.70577,0.70578
2026-03-18T13:00:00+00:00,0.70579,0.7091,0.70182,0.70246
2026-03-18T21:00:00+00:00,0.70239,0.70558,0.70212,0.70377
2026-03-19T05:00:00+00:00,0.70378,0.70635,0.70108,0.7019
2026-03-19T13:00:00+00:00,0.7019,0.7109,0.69997,0.70871
2026-03-19T21:00:00+00:00,0.70872,0.70925,0.70734,0.70877
2026-03-20T05:00:00+00:00,0.70878,0.70971,0.70525,0.70744
2026-03-20T13:00:00+00:00,0.70744,0.70757,0.70053,0.70219
2026-03-22T21:00:00+00:00,0.69993,0.70155,0.6976,0.69794
2026-03-23T05:00:00+00:00,0.69793,0.70437,0.69107,0.70303
2026-03-23T13:00:00+00:00,0.70307,0.70626,0.69828,0.7011
2026-03-23T21:00:00+00:00,0.70113,0.7025,0.69598,0.69662
2026-03-24T05:00:00+00:00,0.69661,0.7015,0.69516,0.69564
2026-03-24T13:00:00+00:00,0.69562,0.70138,0.69384,0.69967
2026-03-24T21:00:00+00:00,0.69972,0.70039,0.69697,0.69742
2026-03-25T05:00:00+00:00,0.69745,0.69895,0.69507,0.69591
2026-03-25T13:00:00+00:00,0.69592,0.69714,0.69429,0.69476
2026-03-25T21:00:00+00:00,0.69476,0.69569,0.69321,0.69542
2026-03-26T05:00:00+00:00,0.69541,0.69561,0.69015,0.69044
2026-03-26T13:00:00+00:00,0.69044,0.6929,0.68756,0.68865
2026-03-26T21:00:00+00:00,0.6887,0.6912,0.6872,0.69104
2026-03-27T05:00:00+00:00,0.69102,0.69122,0.68811,0.68868
2026-03-27T13:00:00+00:00,0.68869,0.6902,0.68644,0.68746
2026-03-29T22:00:00+01:00,0.6868,0.68738,0.68429,0.68668
2026-03-30T06:00:00+01:00,0.68669,0.68742,0.68474,0.68622
2026-03-30T14:00:00+01:00,0.68625,0.68657,0.68334,0.68524
2026-03-30T22:00:00+01:00,0.68524,0.68749,0.68341,0.68441
2026-03-31T06:00:00+01:00,0.6844,0.68904,0.68388,0.68762
2026-03-31T14:00:00+01:00,0.68763,0.69039,0.68352,0.69001
2026-03-31T22:00:00+01:00,0.69,0.69304,0.68934,0.69027
2026-04-01T06:00:00+01:00,0.69032,0.69636,0.69013,0.69409
2026-04-01T14:00:00+01:00,0.69409,0.69556,0.69128,0.69283
2026-04-01T22:00:00+01:00,0.69274,0.6941,0.68739,0.68788
2026-04-02T06:00:00+01:00,0.68789,0.6887,0.68598,0.68815
2026-04-02T14:00:00+01:00,0.68816,0.69183,0.68759,0.69101
2026-04-02T22:00:00+01:00,0.69104,0.69159,0.6899,0.69065
2026-04-03T06:00:00+01:00,0.69066,0.69151,0.68963,0.68998
2026-04-03T14:00:00+01:00,0.69,0.69063,0.68829,0.68945
2026-04-05T22:00:00+01:00,0.68872,0.69166,0.68765,0.69093
2026-04-06T06:00:00+01:00,0.69093,0.69363,0.69054,0.69283
2026-04-06T14:00:00+01:00,0.69282,0.69382,0.69057,0.69179
2026-04-06T22:00:00+01:00,0.69178,0.69232,0.68985,0.69174
2026-04-07T06:00:00+01:00,0.69176,0.69488,0.6909,0.69376
2026-04-07T14:00:00+01:00,0.69378,0.69788,0.69246,0.6974
2026-04-07T22:00:00+01:00,0.69688,0.70847,0.69659,0.70674
2026-04-08T06:00:00+01:00,0.70674,0.70833,0.70327,0.70709
2026-04-08T14:00:00+01:00,0.70708,0.70782,0.70287,0.7044
2026-04-08T22:00:00+01:00,0.70444,0.70503,0.7025,0.70403
2026-04-09T06:00:00+01:00,0.70402,0.7046,0.70222,0.70414
2026-04-09T14:00:00+01:00,0.70415,0.70948,0.70396,0.70818
2026-04-09T22:00:00+01:00,0.70815,0.70872,0.70652,0.7067
2026-04-10T06:00:00+01:00,0.70671,0.70837,0.70535,0.70764
2026-04-10T14:00:00+01:00,0.70764,0.70938,0.70559,0.70656
2026-04-12T22:00:00+01:00,0.69934,0.70426,0.69896,0.70367
2026-04-13T06:00:00+01:00,0.70368,0.70588,0.70293,0.70437
2026-04-13T14:00:00+01:00,0.70438,0.71006,0.70421,0.70944
2026-04-13T22:00:00+01:00,0.70938,0.71025,0.70787,0.70882
2026-04-14T06:00:00+01:00,0.70883,0.71367,0.70772,0.71362
2026-04-14T14:00:00+01:00,0.71363,0.7148,0.71243,0.71259
2026-04-14T22:00:00+01:00,0.71254,0.71341,0.71117,0.7133
2026-04-15T06:00:00+01:00,0.71329,0.71481,0.71297,0.71388
2026-04-15T14:00:00+01:00,0.71389,0.71778,0.71389,0.71698
2026-04-15T22:00:00+01:00,0.71695,0.71975,0.71629,0.71888
2026-04-16T06:00:00+01:00,0.71887,0.71913,0.71642,0.71721
2026-04-16T14:00:00+01:00,0.71721,0.71782,0.71522,0.71611
2026-04-16T22:00:00+01:00,0.7161,0.71701,0.71526,0.71686
2026-04-17T06:00:00+01:00,0.71685,0.72118,0.7161,0.72113
2026-04-17T14:00:00+01:00,0.72114,0.72219,0.71657,0.71701
2026-04-19T22:00:00+01:00,0.71246,0.71586,0.7116,0.71559
2026-04-20T06:00:00+01:00,0.71557,0.71655,0.71422,0.71585
2026-04-20T14:00:00+01:00,0.71585,0.71802,0.7154,0.71781
2026-04-20T22:00:00+01:00,0.7178,0.71828,0.7165,0.71665
2026-04-21T06:00:00+01:00,0.71666,0.7173,0.71436,0.71602
2026-04-21T14:00:00+01:00,0.71602,0.71859,0.71301,0.71514
2026-04-21T22:00:00+01:00,0.71511,0.71638,0.71467,0.71569
2026-04-22T06:00:00+01:00,0.71569,0.71763,0.71463,0.71482
2026-04-22T14:00:00+01:00,0.71483,0.71698,0.71466,0.71603
2026-04-22T22:00:00+01:00,0.71595,0.71668,0.71368,0.71483
2026-04-23T06:00:00+01:00,0.71483,0.71583,0.71328,0.7146
2026-04-23T14:00:00+01:00,0.71461,0.71633,0.7111,0.71285
2026-04-23T22:00:00+01:00,0.71266,0.714,0.71148,0.71249
2026-04-24T06:00:00+01:00,0.71249,0.7152,0.712,0.71355
2026-04-24T14:00:00+01:00,0.71355,0.71555,0.71259,0.71516
2026-04-26T22:00:00+01:00,0.7132,0.71775,0.71308,0.71682
2026-04-27T06:00:00+01:00,0.71683,0.71958,0.71574,0.7188
2026-04-27T14:00:00+01:00,0.7188,0.72001,0.71827,0.71864
2026-04-27T22:00:00+01:00,0.71871,0.71948,0.7174,0.71826
2026-04-28T06:00:00+01:00,0.71827,0.71839,0.7151,0.71652
2026-04-28T14:00:00+01:00,0.71652,0.7187,0.71603,0.71813
2026-04-28T22:00:00+01:00,0.71801,0.71897,0.71598,0.71633
2026-04-29T06:00:00+01:00,0.71632,0.71669,0.7149,0.71553
2026-04-29T14:00:00+01:00,0.71554,0.71599,0.71016,0.71162
2026-04-29T22:00:00+01:00,0.71166,0.71329,0.71105,0.71158
2026-04-30T06:00:00+01:00,0.71158,0.71672,0.711,0.71499
2026-04-30T14:00:00+01:00,0.715,0.72035,0.71496,0.72013
2026-04-30T22:00:00+01:00,0.72012,0.72052,0.71898,0.7191
2026-05-01T06:00:00+01:00,0.71909,0.72086,0.71835,0.72025
2026-05-01T14:00:00+01:00,0.72023,0.7228,0.71969,0.72006
2026-05-03T22:00:00+01:00,0.72174,0.72252,0.72007,0.72079
2026-05-04T06:00:00+01:00,0.72076,0.721,0.7168,0.71876
2026-05-04T14:00:00+01:00,0.71877,0.71957,0.71534,0.71671
2026-05-04T22:00:00+01:00,0.71673,0.7173,0.71515,0.71515
2026-05-05T06:00:00+01:00,0.71513,0.71828,0.71357,0.71754
2026-05-05T14:00:00+01:00,0.71754,0.71979,0.71752,0.71826
2026-05-05T22:00:00+01:00,0.71827,0.7251,0.71788,0.72444
2026-05-06T06:00:00+01:00,0.72442,0.72777,0.72316,0.72379
2026-05-06T14:00:00+01:00,0.72376,0.72477,0.72242,0.72371
2026-05-06T22:00:00+01:00,0.72383,0.72507,0.72318,0.72475
2026-05-07T06:00:00+01:00,0.72476,0.72643,0.72404,0.72527
2026-05-07T14:00:00+01:00,0.72526,0.72584,0.72049,0.72091
2026-05-07T22:00:00+01:00,0.72092,0.72223,0.72002,0.72206
2026-05-08T06:00:00+01:00,0.72206,0.7249,0.72178,0.72384
2026-05-08T14:00:00+01:00,0.72382,0.72493,0.72289,0.72467
2026-05-10T22:00:00+01:00,0.72237,0.72403,0.72186,0.72274
2026-05-11T06:00:00+01:00,0.72273,0.72486,0.72266,0.72435
2026-05-11T14:00:00+01:00,0.72435,0.72595,0.7243,0.72493
2026-05-11T22:00:00+01:00,0.72491,0.72522,0.72224,0.72321
2026-05-12T06:00:00+01:00,0.7232,0.72351,0.72089,0.72309
2026-05-12T14:00:00+01:00,0.72308,0.7242,0.72144,0.72403
2026-05-12T22:00:00+01:00,0.72402,0.72476,0.72307,0.72348
2026-05-13T06:00:00+01:00,0.72347,0.72535,0.72327,0.72418
2026-05-13T14:00:00+01:00,0.72419,0.72718,0.72398,0.72581
2026-05-13T22:00:00+01:00,0.72581,0.7264,0.72439,0.72564
2026-05-14T06:00:00+01:00,0.72567,0.72643,0.72348,0.72348
2026-05-14T14:00:00+01:00,0.72348,0.72364,0.72159,0.7221
2026-05-14T22:00:00+01:00,0.72206,0.72245,0.71811,0.71815
2026-05-15T06:00:00+01:00,0.71815,0.71816,0.71399,0.71531
2026-05-15T14:00:00+01:00,0.71531,0.71663,0.71436,0.71496
2026-05-17T22:00:00+01:00,0.71524,0.71584,0.71186,0.71315
2026-05-18T06:00:00+01:00,0.71317,0.71845,0.71266,0.71785
2026-05-18T14:00:00+01:00,0.71785,0.7181,0.71478,0.71685
2026-05-18T22:00:00+01:00,0.71684,0.71768,0.71277,0.71293
2026-05-19T06:00:00+01:00,0.71293,0.71368,0.71087,0.71147
2026-05-19T14:00:00+01:00,0.71145,0.71164,0.70794,0.71074
2026-05-19T22:00:00+01:00,0.71071,0.71129,0.7087,0.70998
2026-05-20T06:00:00+01:00,0.70996,0.71349,0.70975,0.71244
2026-05-20T14:00:00+01:00,0.71243,0.71744,0.71152,0.71511
2026-05-20T22:00:00+01:00,0.7151,0.7158,0.70999,0.71271
2026-05-21T06:00:00+01:00,0.71273,0.71424,0.71082,0.71253
2026-05-21T14:00:00+01:00,0.7125,0.71686,0.71164,0.71498
2026-05-21T22:00:00+01:00,0.71503,0.71605,0.71345,0.71407
2026-05-22T06:00:00+01:00,0.71406,0.71463,0.71198,0.71318
2026-05-22T14:00:00+01:00,0.71318,0.71429,0.71165,0.7128
2026-05-24T22:00:00+01:00,0.71574,0.71728,0.71538,0.71691
2026-05-25T06:00:00+01:00,0.71688,0.71752,0.71522,0.71697
2026-05-25T14:00:00+01:00,0.71697,0.71821,0.71671,0.71739
2026-05-25T22:00:00+01:00,0.7174,0.71758,0.71609,0.7161
2026-05-26T06:00:00+01:00,0.71609,0.71693,0.71553,0.71681
2026-05-26T14:00:00+01:00,0.71679,0.71765,0.71584,0.71689
2026-05-26T22:00:00+01:00,0.71683,0.71796,0.71527,0.71609
2026-05-27T06:00:00+01:00,0.71609,0.71626,0.71239,0.7134
2026-05-27T14:00:00+01:00,0.71337,0.71427,0.71247,0.71403
2026-05-27T22:00:00+01:00,0.7141,0.71475,0.70978,0.71044
2026-05-28T06:00:00+01:00,0.71043,0.71331,0.71018,0.71319
2026-05-28T14:00:00+01:00,0.7132,0.71699,0.71253,0.71631
2026-05-28T22:00:00+01:00,0.71628,0.71684,0.71534,0.71634
2026-05-29T06:00:00+01:00,0.71635,0.71792,0.71491,0.71791
2026-05-29T14:00:00+01:00,0.71792,0.72006,0.71758,0.71844
2026-05-31T22:00:00+01:00,0.71715,0.71876,0.71708,0.71855
2026-06-01T06:00:00+01:00,0.71856,0.71904,0.71678,0.71697
2026-06-01T14:00:00+01:00,0.71697,0.71721,0.71347,0.71595
2026-06-01T22:00:00+01:00,0.71585,0.7172,0.71529,0.71623
2026-06-02T06:00:00+01:00,0.71624,0.71866,0.71613,0.71772
2026-06-02T14:00:00+01:00,0.71773,0.7188,0.71698,0.71805
2026-06-02T22:00:00+01:00,0.71799,0.71818,0.71673,0.7169
2026-06-03T06:00:00+01:00,0.71691,0.71771,0.715,0.71529
2026-06-03T14:00:00+01:00,0.71528,0.71549,0.71268,0.71291
2026-06-03T22:00:00+01:00,0.7129,0.71397,0.71226,0.71294
2026-06-04T06:00:00+01:00,0.71293,0.71491,0.71235,0.71412
2026-06-04T14:00:00+01:00,0.7141,0.71459,0.71327,0.71338
2026-06-04T22:00:00+01:00,0.71349,0.71436,0.71056,0.71277
2026-06-05T06:00:00+01:00,0.71278,0.71439,0.71026,0.7103
2026-06-05T14:00:00+01:00,0.7103,0.71111,0.70375,0.70478
2026-06-07T22:00:00+01:00,0.70266,0.70622,0.70233,0.70449
2026-06-08T06:00:00+01:00,0.70452,0.70782,0.70346,0.70704
2026-06-08T14:00:00+01:00,0.70705,0.70747,0.70423,0.70449
2026-06-08T22:00:00+01:00,0.7045,0.70592,0.70344,0.70556
2026-06-09T06:00:00+01:00,0.70556,0.70707,0.70464,0.70602
2026-06-09T14:00:00+01:00,0.70605,0.70627,0.70051,0.70293
2026-06-09T22:00:00+01:00,0.70284,0.70337,0.70155,0.70178
2026-06-10T06:00:00+01:00,0.70176,0.70269,0.6998,0.70118
2026-06-10T14:00:00+01:00,0.70117,0.70375,0.69948,0.69993
2026-06-10T22:00:00+01:00,0.69993,0.70103,0.69876,0.70087
2026-06-11T06:00:00+01:00,0.70087,0.70121,0.69789,0.69884
2026-06-11T14:00:00+01:00,0.69884,0.70553,0.69796,0.70491
2026-06-11T22:00:00+01:00,0.70488,0.70538,0.70286,0.7041
2026-06-12T06:00:00+01:00,0.7041,0.70534,0.70212,0.70352
2026-06-12T14:00:00+01:00,0.70352,0.70599,0.70315,0.70467
2026-06-14T22:00:00+01:00,0.70437,0.70883,0.7043,0.70816
2026-06-15T06:00:00+01:00,0.70817,0.70874,0.70643,0.70722
2026-06-15T14:00:00+01:00,0.70721,0.70885,0.70691,0.70727
2026-06-15T22:00:00+01:00,0.70725,0.70764,0.70456,0.70508
2026-06-16T06:00:00+01:00,0.70508,0.70787,0.7042,0.70693
2026-06-16T14:00:00+01:00,0.70694,0.70798,0.7065,0.7067
2026-06-16T22:00:00+01:00,0.70671,0.70723,0.70599,0.7061
2026-06-17T06:00:00+01:00,0.70613,0.70653,0.70542,0.70649
2026-06-17T14:00:00+01:00,0.70647,0.70754,0.69951,0.7014
2026-06-17T22:00:00+01:00,0.70142,0.70416,0.70114,0.70341
2026-06-18T06:00:00+01:00,0.70343,0.70405,0.70009,0.7018
2026-06-18T14:00:00+01:00,0.70179,0.70376,0.70076,0.70135
2026-06-18T22:00:00+01:00,0.70137,0.70227,0.69908,0.69927
2026-06-19T06:00:00+01:00,0.69928,0.70243,0.69894,0.70216
2026-06-19T14:00:00+01:00,0.70217,0.70222,0.70073,0.70117
2026-06-21T22:00:00+01:00,0.70109,0.70192,0.69992,0.70045
2026-06-22T06:00:00+01:00,0.70049,0.70121,0.69938,0.7007
2026-06-22T14:00:00+01:00,0.70072,0.70138,0.69951,0.70016
2026-06-22T22:00:00+01:00,0.70017,0.70077,0.69654,0.69671
2026-06-23T06:00:00+01:00,0.69672,0.69686,0.69315,0.69366
2026-06-23T14:00:00+01:00,0.69367,0.69419,0.6907,0.69168
2026-06-23T22:00:00+01:00,0.69171,0.69237,0.69015,0.69098
2026-06-24T06:00:00+01:00,0.691,0.69186,0.68843,0.68905
2026-06-24T14:00:00+01:00,0.68905,0.69063,0.68826,0.69005
2026-06-24T22:00:00+01:00,0.69003,0.6908,0.68878,0.69019
2026-06-25T06:00:00+01:00,0.69019,0.69146,0.68868,0.69054
2026-06-25T14:00:00+01:00,0.69054,0.69274,0.68912,0.69093
2026-06-25T22:00:00+01:00,0.69093,0.69185,0.68754,0.6886
2026-06-26T06:00:00+01:00,0.68861,0.69068,0.68849,0.69031
2026-06-26T14:00:00+01:00,0.69032,0.69172,0.68912,0.68962
2026-06-28T22:00:00+01:00,0.68922,0.68977,0.6881,0.6889
2026-06-29T06:00:00+01:00,0.68888,0.69044,0.68877,0.68968
2026-06-29T14:00:00+01:00,0.68968,0.68976,0.68775,0.68867
2026-06-29T22:00:00+01:00,0.68872,0.6891,0.68653,0.68688
2026-06-30T06:00:00+01:00,0.68687,0.68904,0.6868,0.68847
2026-06-30T14:00:00+01:00,0.68849,0.693,0.68849,0.69189
2026-06-30T22:00:00+01:00,0.69196,0.69208,0.68829,0.68922
2026-07-01T06:00:00+01:00,0.68921,0.68996,0.68858,0.6892
2026-07-01T14:00:00+01:00,0.68921,0.6916,0.68849,0.68933
2026-07-01T22:00:00+01:00,0.68933,0.69017,0.68843,0.68946
2026-07-02T06:00:00+01:00,0.68947,0.6942,0.68867,0.69246
2026-07-02T14:00:00+01:00,0.69246,0.69434,0.69144,0.69221
2026-07-02T22:00:00+01:00,0.69217,0.6941,0.69108,0.69386
2026-07-03T06:00:00+01:00,0.69385,0.69498,0.69366,0.6937
2026-07-03T14:00:00+01:00,0.69372,0.69433,0.69337,0.69406
2026-07-05T22:00:00+01:00,0.694,0.69457,0.69218,0.69334
2026-07-06T06:00:00+01:00,0.69334,0.69385,0.69239,0.69263
2026-07-06T14:00:00+01:00,0.69264,0.6959,0.69251,0.69551
2026-07-06T22:00:00+01:00,0.69555,0.69602,0.69419,0.69419
2026-07-07T06:00:00+01:00,0.6942,0.6955,0.69351,0.69506
2026-07-07T14:00:00+01:00,0.69507,0.6951,0.69212,0.6928
2026-07-07T22:00:00+01:00,0.69276,0.69467,0.69187,0.69403
2026-07-08T06:00:00+01:00,0.69402,0.69454,0.69066,0.6921
2026-07-08T14:00:00+01:00,0.69208,0.694,0.69068,0.69296
2026-07-08T22:00:00+01:00,0.69301,0.69403,0.6925,0.69373
2026-07-09T06:00:00+01:00,0.69372,0.69459,0.69294,0.69321
2026-07-09T14:00:00+01:00,0.69321,0.69471,0.69321,0.69409
2026-07-09T22:00:00+01:00,0.69417,0.69698,0.69338,0.69545
2026-07-10T06:00:00+01:00,0.69545,0.6958,0.69415,0.695
2026-07-10T14:00:00+01:00,0.695,0.69651,0.69358,0.69537
2026-07-12T22:00:00+01:00,0.69489,0.695,0.69241,0.69326
2026-07-13T06:00:00+01:00,0.69327,0.69497,0.69238,0.69461
2026-07-13T14:00:00+01:00,0.69464,0.69483,0.69132,0.69185
2026-07-13T22:00:00+01:00,0.69184,0.69335,0.69129,0.69331
2026-07-14T06:00:00+01:00,0.69332,0.69835,0.69277,0.69693
2026-07-14T14:00:00+01:00,0.69693,0.69927,0.69683,0.69752
2026-07-14T22:00:00+01:00,0.69751,0.69928,0.69693,0.69837
2026-07-15T06:00:00+01:00,0.69839,0.69973,0.69776,0.69961
2026-07-15T14:00:00+01:00,0.69963,0.70213,0.69891,0.70054
2026-07-15T22:00:00+01:00,0.7005,0.70147,0.69863,0.69992
2026-07-16T06:00:00+01:00,0.69993,0.70104,0.6994,0.69976
2026-07-16T14:00:00+01:00,0.69978,0.70125,0.699,0.69968
2026-07-16T22:00:00+01:00,0.69969,0.70012,0.69764,0.69791
2026-07-17T06:00:00+01:00,0.69792,0.69905,0.6966,0.69693
2026-07-17T14:00:00+01:00,0.69694,0.69873,0.69664,0.69825
2026-07-19T22:00:00+01:00,0.69666,0.69993,0.69639,0.69969
2026-07-20T06:00:00+01:00,0.69969,0.70148,0.69858,0.70049
2026-07-20T14:00:00+01:00,0.7005,0.70144,0.69962,0.69981
2026-07-20T22:00:00+01:00,0.69989,0.70097,0.69934,0.70077
2026-07-21T06:00:00+01:00,0.70078,0.70268,0.70061,0.70162
2026-07-21T14:00:00+01:00,0.70164,0.70168,0.69975,0.69992
2026-07-21T22:00:00+01:00,0.69993,0.70125,0.69965,0.69992
2026-07-22T06:00:00+01:00,0.69993,0.7005,0.69802,0.69847
2026-07-22T14:00:00+01:00,0.69847,0.70007,0.69846,0.69971
2026-07-22T22:00:00+01:00,0.69968,0.70212,0.69869,0.70152
2026-07-23T06:00:00+01:00,0.70152,0.70172,0.69748,0.69789
2026-07-23T14:00:00+01:00,0.6979,0.69825,0.69623,0.6969
2026-07-23T22:00:00+01:00,0.69691,0.69809,0.69636,0.69734
2026-07-24T06:00:00+01:00,0.69735,0.69955,0.69728,0.69764
2026-07-24T14:00:00+01:00,0.69764,0.70012,0.69727,0.69805
2026-07-26T22:00:00+01:00,0.70012,0.70066,0.69907,0.69966
2026-07-27T06:00:00+01:00,0.69967,0.70114,0.69928,0.69965
2026-07-27T14:00:00+01:00,0.69966,0.70013,0.69855,0.69903
2026-07-27T22:00:00+01:00,0.69902,0.69966,0.697,0.69712
2026-07-28T06:00:00+01:00,0.69714,0.69764,0.69626,0.69694
2026-07-28T14:00:00+01:00,0.69696,0.69865,0.69634,0.69747
2026-07-28T22:00:00+01:00,0.69737,0.69822,0.69376,0.69523
2026-07-29T06:00:00+01:00,0.69525,0.69595,0.69351,0.69423
2026-07-29T14:00:00+01:00,0.69425,0.69888,0.69223,0.69556
2026-07-29T22:00:00+01:00,0.69556,0.69657,0.69474,0.69505
2026-07-30T06:00:00+01:00,0.69504,0.69849,0.69463,0.69751
2026-07-30T14:00:00+01:00,0.69753,0.70333,0.69734,0.70276
2026-07-30T22:00:00+01:00,0.70278,0.70331,0.70178,0.70272
2026-07-31T06:00:00+01:00,0.70273,0.70447,0.70091,0.7012
2026-07-31T14:00:00+01:00,0.7012,0.70422,0.69914,0.70224
