time,open,high,low,close
2023-08-30T06:00:00+01:00,107.903,107.915,107.674,107.745
2023-08-30T14:00:00+01:00,107.743,108.1075,107.5705,108.0735
2023-08-30T22:00:00+01:00,108.075,108.128,107.6905,107.7695
2023-08-31T06:00:00+01:00,107.769,107.9775,107.6005,107.837
2023-08-31T14:00:00+01:00,107.836,108.127,107.3,107.739
2023-08-31T22:00:00+01:00,107.74,107.829,107.582,107.702
2023-09-01T06:00:00+01:00,107.7015,107.787,106.682,106.8655
2023-09-01T14:00:00+01:00,106.8655,107.696,106.8455,107.596
2023-09-03T22:00:00+01:00,107.5645,107.6205,107.4035,107.5965
2023-09-04T06:00:00+01:00,107.5975,107.7805,107.5745,107.689
2023-09-04T14:00:00+01:00,107.6905,107.8005,107.6315,107.7845
2023-09-04T22:00:00+01:00,107.785,107.806,107.7045,107.7325
2023-09-05T06:00:00+01:00,107.7335,108.049,107.4535,107.947
2023-09-05T14:00:00+01:00,107.9475,108.5485,107.937,108.292
2023-09-05T22:00:00+01:00,108.293,108.399,108.04,108.06
2023-09-06T06:00:00+01:00,108.061,108.0755,107.7965,107.882
2023-09-06T14:00:00+01:00,107.8825,108.3345,107.837,108.2845
2023-09-06T22:00:00+01:00,108.281,108.3745,108.037,108.0975
2023-09-07T06:00:00+01:00,108.0955,108.205,107.7905,107.8835
2023-09-07T14:00:00+01:00,107.883,107.8965,107.4195,107.6405
2023-09-07T22:00:00+01:00,107.6345,107.7605,107.1635,107.714
2023-09-08T06:00:00+01:00,107.7125,108.341,107.686,108.3095
2023-09-08T14:00:00+01:00,108.31,108.462,108.169,108.382
2023-09-10T22:00:00+01:00,107.827,108.034,107.4155,107.4875
2023-09-11T06:00:00+01:00,107.486,108.117,107.2705,107.9365
2023-09-11T14:00:00+01:00,107.938,108.0195,107.5485,107.995
2023-09-11T22:00:00+01:00,107.9975,108.09,107.8235,108.0285
2023-09-12T06:00:00+01:00,108.0275,108.4365,108.002,108.352
2023-09-12T14:00:00+01:00,108.3535,108.6715,108.2855,108.523
2023-09-12T22:00:00+01:00,108.5235,108.784,108.4415,108.743
2023-09-13T06:00:00+01:00,108.744,108.8185,108.4765,108.782
2023-09-13T14:00:00+01:00,108.783,109.096,108.65,108.8395
2023-09-13T22:00:00+01:00,108.8405,108.881,108.596,108.7255
2023-09-14T06:00:00+01:00,108.724,109.0755,108.6495,109.005
2023-09-14T14:00:00+01:00,109.0065,109.2115,108.7435,109.178
2023-09-14T22:00:00+01:00,109.1775,109.2475,109.0315,109.226
2023-09-15T06:00:00+01:00,109.2285,109.4815,109.145,109.267
2023-09-15T14:00:00+01:00,109.268,109.489,109.079,109.308
2023-09-17T22:00:00+01:00,109.2505,109.3665,109.2055,109.2995
2023-09-18T06:00:00+01:00,109.296,109.434,109.1945,109.4265
2023-09-18T14:00:00+01:00,109.427,109.6465,109.2925,109.453
2023-09-18T22:00:00+01:00,109.4545,109.6535,109.351,109.629
2023-09-19T06:00:00+01:00,109.6305,110.394,109.5955,110.288
2023-09-19T14:00:00+01:00,110.288,110.445,109.9215,109.9415
2023-09-19T22:00:00+01:00,109.9385,109.9945,109.764,109.8425
2023-09-20T06:00:00+01:00,109.8405,110.2015,109.8235,110.034
2023-09-20T14:00:00+01:00,110.0365,110.245,109.933,110.1875
2023-09-20T22:00:00+01:00,110.1955,110.277,109.803,109.972
2023-09-21T06:00:00+01:00,109.973,110.0295,109.358,109.558
2023-09-21T14:00:00+01:00,109.561,109.6395,109.2215,109.468
2023-09-21T22:00:00+01:00,109.469,110.126,109.395,109.9435
2023-09-22T06:00:00+01:00,109.946,110.4205,109.878,110.2585
2023-09-22T14:00:00+01:00,110.258,110.3615,109.936,110.0385
2023-09-24T22:00:00+01:00,110.0645,110.1645,109.941,110.0435
2023-09-25T06:00:00+01:00,110.043,110.5035,109.975,110.4555
2023-09-25T14:00:00+01:00,110.4545,110.685,110.2965,110.6745
2023-09-25T22:00:00+01:00,110.6755,110.7125,110.427,110.486
2023-09-26T06:00:00+01:00,110.4855,110.616,110.181,110.2185
2023-09-26T14:00:00+01:00,110.2175,110.4455,110.103,110.284
2023-09-26T22:00:00+01:00,110.276,110.3335,110.1675,110.234
2023-09-27T06:00:00+01:00,110.2355,110.423,110.179,110.404
2023-09-27T14:00:00+01:00,110.404,110.8845,110.388,110.8505
2023-09-27T22:00:00+01:00,110.8505,110.8795,110.649,110.688
2023-09-28T06:00:00+01:00,110.686,110.7765,110.4975,110.7315
2023-09-28T14:00:00+01:00,110.7305,110.75,110.4385,110.699
2023-09-28T22:00:00+01:00,110.7055,110.8765,110.6005,110.8005
2023-09-29T06:00:00+01:00,110.8,111.171,110.432,111.096
2023-09-29T14:00:00+01:00,111.0965,111.0995,109.9675,109.9955
2023-10-01T22:00:00+01:00,110.211,110.349,110.091,110.1885
2023-10-02T06:00:00+01:00,110.1855,110.363,109.9195,109.944
2023-10-02T14:00:00+01:00,109.944,109.971,109.4695,109.58
2023-10-02T22:00:00+01:00,109.582,109.7035,109.3065,109.3225
2023-10-03T06:00:00+01:00,109.3215,109.4755,109.173,109.3755
2023-10-03T14:00:00+01:00,109.3765,109.5815,107.529,108.7
2023-10-03T22:00:00+01:00,108.6935,108.9515,108.662,108.8985
2023-10-04T06:00:00+01:00,108.9005,108.941,108.473,108.5205
2023-10-04T14:00:00+01:00,108.5185,108.603,108.1375,108.4995
2023-10-04T22:00:00+01:00,108.5,108.5415,107.983,108.3095
2023-10-05T06:00:00+01:00,108.311,108.407,108.032,108.2725
2023-10-05T14:00:00+01:00,108.272,108.382,108.0065,108.3725
2023-10-05T22:00:00+01:00,108.376,108.505,108.241,108.47
2023-10-06T06:00:00+01:00,108.4695,109.039,108.4265,108.951
2023-10-06T14:00:00+01:00,108.9505,109.4275,108.73,109.268
2023-10-08T22:00:00+01:00,109.043,109.3405,108.9655,109.2125
2023-10-09T06:00:00+01:00,109.212,109.317,109.0525,109.228
2023-10-09T14:00:00+01:00,109.228,109.371,108.953,109.2825
2023-10-09T22:00:00+01:00,109.2835,109.506,109.134,109.49
2023-10-10T06:00:00+01:00,109.4885,109.6725,109.198,109.5395
2023-10-10T14:00:00+01:00,109.54,109.6605,109.3005,109.479
2023-10-10T22:00:00+01:00,109.482,109.5635,109.3505,109.541
2023-10-11T06:00:00+01:00,109.539,109.613,109.276,109.568
2023-10-11T14:00:00+01:00,109.5675,109.7755,109.404,109.7395
2023-10-11T22:00:00+01:00,109.739,109.808,109.613,109.7675
2023-10-12T06:00:00+01:00,109.7665,109.9465,109.6185,109.886
2023-10-12T14:00:00+01:00,109.8835,109.9075,109.3125,109.429
2023-10-12T22:00:00+01:00,109.427,109.5105,109.324,109.3375
2023-10-13T06:00:00+01:00,109.3365,109.5815,109.293,109.46
2023-10-13T14:00:00+01:00,109.4595,109.7475,109.327,109.512
2023-10-15T22:00:00+01:00,109.3995,109.6715,109.2995,109.5385
2023-10-16T06:00:00+01:00,109.5375,109.786,109.467,109.7735
2023-10-16T14:00:00+01:00,109.774,109.986,109.692,109.8475
2023-10-16T22:00:00+01:00,109.847,109.958,109.695,109.707
2023-10-17T06:00:00+01:00,109.706,109.8645,109.1205,109.4445
2023-10-17T14:00:00+01:00,109.445,109.917,109.401,109.788
2023-10-17T22:00:00+01:00,109.78,109.817,109.6475,109.7585
2023-10-18T06:00:00+01:00,109.757,109.959,109.5085,109.5945
2023-10-18T14:00:00+01:00,109.5935,109.736,109.2735,109.315
2023-10-18T22:00:00+01:00,109.321,109.341,109.0595,109.1205
2023-10-19T06:00:00+01:00,109.1205,109.2465,109.0265,109.114
2023-10-19T14:00:00+01:00,109.113,109.451,109.0805,109.1925
2023-10-19T22:00:00+01:00,109.193,109.3465,109.089,109.286
2023-10-20T06:00:00+01:00,109.2865,109.583,109.1645,109.5775
2023-10-20T14:00:00+01:00,109.5765,109.676,109.253,109.262
2023-10-22T22:00:00+01:00,109.3105,109.4695,109.2235,109.3135
2023-10-23T06:00:00+01:00,109.315,109.4285,109.129,109.371
2023-10-23T14:00:00+01:00,109.3715,109.55,109.1715,109.3505
2023-10-23T22:00:00+01:00,109.343,109.482,109.2575,109.4495
2023-10-24T06:00:00+01:00,109.45,109.4805,109.0135,109.3075
2023-10-24T14:00:00+01:00,109.3075,109.3345,108.9135,109.1045
2023-10-24T22:00:00+01:00,109.1035,109.1595,109.0055,109.046
2023-10-25T06:00:00+01:00,109.0465,109.0585,108.7745,108.868
2023-10-25T14:00:00+01:00,108.868,108.943,108.5635,108.8875
2023-10-25T22:00:00+01:00,108.879,108.942,108.698,108.886
2023-10-26T06:00:00+01:00,108.885,109.1525,108.506,108.7295
2023-10-26T14:00:00+01:00,108.729,108.878,108.613,108.7395
2023-10-26T22:00:00+01:00,108.7405,108.8445,108.6905,108.7785
2023-10-27T06:00:00+01:00,108.778,108.799,108.3215,108.4255
2023-10-27T14:00:00+01:00,108.427,108.4625,107.714,107.87
2023-10-29T21:00:00+00:00,107.879,108.1195,107.815,107.8825
2023-10-30T05:00:00+00:00,107.8835,108.319,107.738,108.245
2023-10-30T13:00:00+00:00,108.2445,108.4025,107.4885,107.82
2023-10-30T21:00:00+00:00,107.8335,108.4335,107.7245,108.421
2023-10-31T05:00:00+00:00,108.418,109.115,108.3825,108.983
2023-10-31T13:00:00+00:00,108.9835,109.376,108.781,109.338
2023-10-31T21:00:00+00:00,109.3705,109.4235,108.895,109.0265
2023-11-01T05:00:00+00:00,109.0255,109.123,108.8375,108.9935
2023-11-01T13:00:00+00:00,108.993,109.097,108.6945,108.949
2023-11-01T21:00:00+00:00,108.8945,108.979,108.567,108.7385
2023-11-02T05:00:00+00:00,108.738,108.954,108.5005,108.77
2023-11-02T13:00:00+00:00,108.7695,109.559,108.6335,109.5045
2023-11-02T21:00:00+00:00,109.532,109.569,109.2535,109.38
2023-11-03T05:00:00+00:00,109.3815,109.511,109.0075,109.098
2023-11-03T13:00:00+00:00,109.0985,109.4255,109.022,109.377
2023-11-05T22:00:00+00:00,109.368,109.6525,109.2785,109.5605
2023-11-06T06:00:00+00:00,109.5605,109.768,109.484,109.6525
2023-11-06T14:00:00+00:00,109.653,109.683,109.453,109.5405
2023-11-06T22:00:00+00:00,109.5425,109.6195,109.4665,109.5355
2023-11-07T06:00:00+00:00,109.534,109.6185,109.306,109.4855
2023-11-07T14:00:00+00:00,109.4865,109.5475,109.21,109.2205
2023-11-07T22:00:00+00:00,109.236,109.379,109.179,109.331
2023-11-08T06:00:00+00:00,109.3305,109.4735,109.2975,109.405
2023-11-08T14:00:00+00:00,109.4045,109.5005,109.191,109.461
2023-11-08T22:00:00+00:00,109.4575,109.485,109.336,109.475
2023-11-09T06:00:00+00:00,109.474,109.6685,109.349,109.5325
2023-11-09T14:00:00+00:00,109.533,109.778,109.4825,109.608
2023-11-09T22:00:00+00:00,109.6065,109.717,109.5365,109.7135
2023-11-10T06:00:00+00:00,109.713,109.7605,109.4935,109.5075
2023-11-10T14:00:00+00:00,109.5075,109.841,109.3545,109.768
2023-11-12T22:00:00+00:00,109.7755,109.893,109.7135,109.8795
2023-11-13T06:00:00+00:00,109.878,110.0165,109.735,109.8165
2023-11-13T14:00:00+00:00,109.816,109.9895,109.477,109.8935
2023-11-13T22:00:00+00:00,109.894,109.985,109.763,109.7855
2023-11-14T06:00:00+00:00,109.7845,109.8225,109.572,109.7225
2023-11-14T14:00:00+00:00,109.7225,109.9735,109.6905,109.823
2023-11-14T22:00:00+00:00,109.822,110.118,109.742,110.0645
2023-11-15T06:00:00+00:00,110.0645,110.2335,109.7315,110.205
2023-11-15T14:00:00+00:00,110.2055,110.676,110.177,110.6145
2023-11-15T22:00:00+00:00,110.615,110.6675,110.3135,110.453
2023-11-16T06:00:00+00:00,110.456,110.5625,109.8645,109.871
2023-11-16T14:00:00+00:00,109.8705,109.9055,109.2845,109.584
2023-11-16T22:00:00+00:00,109.593,109.636,109.3805,109.5445
2023-11-17T06:00:00+00:00,109.5445,109.5545,108.7245,109.05
2023-11-17T14:00:00+00:00,109.0495,109.1965,108.9095,109.0655
2023-11-19T22:00:00+00:00,109.1375,109.3115,108.6075,108.775
2023-11-20T06:00:00+00:00,108.7725,108.8795,107.9915,108.2955
2023-11-20T14:00:00+00:00,108.295,108.314,107.9465,108.12
2023-11-20T22:00:00+00:00,108.121,108.1525,107.425,107.6845
2023-11-21T06:00:00+00:00,107.684,107.8195,107.2345,107.694
2023-11-21T14:00:00+00:00,107.6965,108.438,107.5945,108.3075
2023-11-21T22:00:00+00:00,108.3115,108.538,108.055,108.5
2023-11-22T06:00:00+00:00,108.501,108.828,108.2885,108.685
2023-11-22T14:00:00+00:00,108.686,109.3115,108.5735,109.259
2023-11-22T22:00:00+00:00,109.257,109.2825,108.9215,109.0285
2023-11-23T06:00:00+00:00,109.032,109.255,108.9555,109.074
2023-11-23T14:00:00+00:00,109.073,109.2495,109.054,109.206
2023-11-23T22:00:00+00:00,109.204,109.3135,108.9035,108.9665
2023-11-24T06:00:00+00:00,108.9675,109.5515,108.9115,109.5185
2023-11-24T14:00:00+00:00,109.5175,109.9875,109.493,109.6045
2023-11-26T22:00:00+00:00,109.5705,109.7775,109.007,109.24
2023-11-27T06:00:00+00:00,109.241,109.4035,109.054,109.08
2023-11-27T14:00:00+00:00,109.0815,109.3165,108.9485,109.2055
2023-11-27T22:00:00+00:00,109.204,109.2515,108.799,108.9815
2023-11-28T06:00:00+00:00,108.981,109.487,108.96,109.126
2023-11-28T14:00:00+00:00,109.127,109.265,108.599,108.6425
2023-11-28T22:00:00+00:00,108.6505,108.752,108.263,108.6055
2023-11-29T06:00:00+00:00,108.6055,108.8525,108.483,108.673
2023-11-29T14:00:00+00:00,108.673,108.77,108.2115,108.3625
2023-11-29T22:00:00+00:00,108.3635,108.3835,108.07,108.2825
2023-11-30T06:00:00+00:00,108.281,108.5855,108.0675,108.578
2023-11-30T14:00:00+00:00,108.5775,109.4615,108.5775,109.2825
2023-11-30T22:00:00+00:00,109.284,109.3835,109.024,109.37
2023-12-01T06:00:00+00:00,109.368,109.599,109.223,109.541
2023-12-01T14:00:00+00:00,109.541,109.657,108.5635,108.7845
2023-12-03T22:00:00+00:00,108.6525,108.758,108.394,108.5775
2023-12-04T06:00:00+00:00,108.5785,108.6575,108.1485,108.315
2023-12-04T14:00:00+00:00,108.3155,108.841,108.2255,108.748
2023-12-04T22:00:00+00:00,108.7515,108.852,108.449,108.4635
2023-12-05T06:00:00+00:00,108.465,108.582,108.03,108.046
2023-12-05T14:00:00+00:00,108.0465,108.552,107.9875,108.267
2023-12-05T22:00:00+00:00,108.273,108.5855,108.2125,108.425
2023-12-06T06:00:00+00:00,108.424,108.6345,108.3155,108.4465
2023-12-06T14:00:00+00:00,108.4465,108.6975,108.2635,108.371
2023-12-06T22:00:00+00:00,108.373,108.3965,107.6865,107.7015
2023-12-07T06:00:00+00:00,107.7005,107.788,106.3645,106.572
2023-12-07T14:00:00+00:00,106.5725,106.594,104.2125,105.99
2023-12-07T22:00:00+00:00,105.9855,106.192,104.896,105.994
2023-12-08T06:00:00+00:00,105.9935,106.82,105.8045,106.1295
2023-12-08T14:00:00+00:00,106.1295,106.7645,105.9945,106.713
2023-12-10T22:00:00+00:00,106.6985,107.118,106.621,107.0625
2023-12-11T06:00:00+00:00,107.062,107.924,106.968,107.764
2023-12-11T14:00:00+00:00,107.7635,108.035,107.643,107.6785
2023-12-11T22:00:00+00:00,107.68,107.744,107.2315,107.257
2023-12-12T06:00:00+00:00,107.258,107.4005,106.834,107.1925
2023-12-12T14:00:00+00:00,107.1915,107.1915,106.8215,107.0335
2023-12-12T22:00:00+00:00,107.0295,107.1795,106.8695,107.102
2023-12-13T06:00:00+00:00,107.1035,107.3485,107.075,107.115
2023-12-13T14:00:00+00:00,107.1155,107.1335,105.689,105.695
2023-12-13T22:00:00+00:00,105.694,105.8035,104.734,104.995
2023-12-14T06:00:00+00:00,104.9915,105.834,104.933,105.6365
2023-12-14T14:00:00+00:00,105.637,105.897,105.4145,105.839
2023-12-14T22:00:00+00:00,105.84,106.238,105.7165,105.92
2023-12-15T06:00:00+00:00,105.9185,106.3025,105.7285,106.19
2023-12-15T14:00:00+00:00,106.19,106.414,105.718,106.2285
2023-12-17T22:00:00+00:00,106.243,106.4955,106.1985,106.3265
2023-12-18T06:00:00+00:00,106.3285,106.9785,106.3105,106.8675
2023-12-18T14:00:00+00:00,106.8695,106.959,106.5365,106.5465
2023-12-18T22:00:00+00:00,106.547,107.356,106.222,107.122
2023-12-19T06:00:00+00:00,107.123,108.2835,106.3675,108.101
2023-12-19T14:00:00+00:00,108.1005,108.1995,107.618,107.881
2023-12-19T22:00:00+00:00,107.8795,108.0275,107.4015,107.5675
2023-12-20T06:00:00+00:00,107.569,107.7125,107.374,107.4515
2023-12-20T14:00:00+00:00,107.4525,108.04,107.377,107.3875
2023-12-20T22:00:00+00:00,107.389,107.47,106.936,107.07
2023-12-21T06:00:00+00:00,107.0715,107.4515,106.573,106.6745
2023-12-21T14:00:00+00:00,106.675,107.1275,106.663,106.988
2023-12-21T22:00:00+00:00,106.997,107.301,106.8175,107.115
2023-12-22T06:00:00+00:00,107.116,107.2645,106.8645,107.0645
2023-12-22T14:00:00+00:00,107.0645,107.5715,106.978,107.3585
2023-12-24T22:00:00+00:00,107.378,107.4225,107.008,107.383
2023-12-25T06:00:00+00:00,107.3945,107.5005,107.3065,107.3965
2023-12-25T22:00:00+00:00,107.3815,107.429,107.169,107.365
2023-12-26T06:00:00+00:00,107.366,107.7565,107.3295,107.7415
2023-12-26T14:00:00+00:00,107.742,108.0055,107.7385,107.926
2023-12-26T22:00:00+00:00,107.9285,108.171,107.7835,108.0935
2023-12-27T06:00:00+00:00,108.095,108.277,107.862,108.0335
2023-12-27T14:00:00+00:00,108.032,108.191,107.1225,107.389
2023-12-27T22:00:00+00:00,107.3845,107.4105,106.9025,106.943
2023-12-28T06:00:00+00:00,106.9435,107.021,106.407,106.8255
2023-12-28T14:00:00+00:00,106.826,107.158,106.3355,106.912
2023-12-28T22:00:00+00:00,106.8615,107.1195,106.778,106.861
2023-12-29T06:00:00+00:00,106.8655,107.105,106.649,106.9985
2023-12-29T14:00:00+00:00,106.998,107.2245,106.375,106.428
2024-01-01T22:00:00+00:00,106.4135,106.9275,106.269,106.792
2024-01-02T06:00:00+00:00,106.791,107.08,106.6655,106.888
2024-01-02T14:00:00+00:00,106.8885,106.9035,106.228,106.595
2024-01-02T22:00:00+00:00,106.5855,106.7265,106.4565,106.644
2024-01-03T06:00:00+00:00,106.643,107.1835,106.5775,107.0335
2024-01-03T14:00:00+00:00,107.0345,107.6115,106.9825,107.315
2024-01-03T22:00:00+00:00,107.3175,107.851,107.0055,107.7835
2024-01-04T06:00:00+00:00,107.783,108.3265,107.5035,108.217
2024-01-04T14:00:00+00:00,108.216,108.4525,108.153,108.3315
2024-01-04T22:00:00+00:00,108.3325,108.527,108.199,108.317
2024-01-05T06:00:00+00:00,108.3165,109.0335,108.297,108.892
2024-01-05T14:00:00+00:00,108.8915,108.9105,108.0375,108.2665
2024-01-07T22:00:00+00:00,108.231,108.439,107.944,107.9475
2024-01-08T06:00:00+00:00,107.9485,108.1095,107.7525,107.8375
2024-01-08T14:00:00+00:00,107.838,108.069,107.4485,108.062
2024-01-08T22:00:00+00:00,108.0635,108.1115,107.4645,107.6045
2024-01-09T06:00:00+00:00,107.6045,107.985,107.482,107.5225
2024-01-09T14:00:00+00:00,107.5225,107.972,107.2305,107.896
2024-01-09T22:00:00+00:00,107.8885,108.301,107.768,108.1915
2024-01-10T06:00:00+00:00,108.1955,108.615,108.1475,108.559
2024-01-10T14:00:00+00:00,108.5585,108.9845,108.54,108.934
2024-01-10T22:00:00+00:00,108.933,108.9885,108.7255,108.911
2024-01-11T06:00:00+00:00,108.913,109.1365,108.5535,109.124
2024-01-11T14:00:00+00:00,109.1205,109.238,108.4545,108.472
2024-01-11T22:00:00+00:00,108.474,108.644,108.248,108.568
2024-01-12T06:00:00+00:00,108.5685,108.7925,108.34,108.414
2024-01-12T14:00:00+00:00,108.413,108.481,108.0005,108.0775
2024-01-14T22:00:00+00:00,108.081,108.475,108.0165,108.421
2024-01-15T06:00:00+00:00,108.42,108.7755,108.366,108.553
2024-01-15T14:00:00+00:00,108.5525,108.6265,108.378,108.5305
2024-01-15T22:00:00+00:00,108.5285,108.6125,108.342,108.4545
2024-01-16T06:00:00+00:00,108.455,108.992,108.27,108.91
2024-01-16T14:00:00+00:00,108.9105,109.2315,108.6965,109.0675
2024-01-16T22:00:00+00:00,109.0665,109.312,108.9845,109.2495
2024-01-17T06:00:00+00:00,109.249,109.5105,109.1485,109.4215
2024-01-17T14:00:00+00:00,109.421,109.9015,109.2655,109.699
2024-01-17T22:00:00+00:00,109.7,109.8035,109.59,109.6005
2024-01-18T06:00:00+00:00,109.5985,109.701,109.4315,109.6495
2024-01-18T14:00:00+00:00,109.652,109.87,109.515,109.8565
2024-01-18T22:00:00+00:00,109.8645,110.1725,109.713,110.139
2024-01-19T06:00:00+00:00,110.138,110.2445,109.79,109.9235
2024-01-19T14:00:00+00:00,109.923,110.3495,109.866,110.2835
2024-01-21T22:00:00+00:00,110.3435,110.424,110.0145,110.1715
2024-01-22T06:00:00+00:00,110.17,110.401,109.865,109.911
2024-01-22T14:00:00+00:00,109.911,110.1405,109.8115,109.8815
2024-01-22T22:00:00+00:00,109.8805,110.23,109.747,109.9015
2024-01-23T06:00:00+00:00,109.9,110.065,109.235,109.8645
2024-01-23T14:00:00+00:00,109.8625,110.244,109.8595,110.19
2024-01-23T22:00:00+00:00,110.1875,110.268,109.667,109.7925
2024-01-24T06:00:00+00:00,109.799,109.88,109.2405,109.2665
2024-01-24T14:00:00+00:00,109.266,109.52,108.887,109.0805
2024-01-24T22:00:00+00:00,109.0405,109.3345,108.9715,109.2995
2024-01-25T06:00:00+00:00,109.3025,109.4755,109.123,109.246
2024-01-25T14:00:00+00:00,109.247,109.6895,108.9325,109.5835
2024-01-25T22:00:00+00:00,109.584,109.7435,109.4455,109.718
2024-01-26T06:00:00+00:00,109.717,110.13,109.6435,109.9605
2024-01-26T14:00:00+00:00,109.9625,110.219,109.875,110.1265
2024-01-28T22:00:00+00:00,109.9965,110.231,109.9705,110.078
2024-01-29T06:00:00+00:00,110.0795,110.2045,109.9345,110.1175
2024-01-29T14:00:00+00:00,110.117,110.164,109.7115,109.9655
2024-01-29T22:00:00+00:00,109.964,110.0225,109.8095,109.9245
2024-01-30T06:00:00+00:00,109.926,110.0375,109.747,109.7825
2024-01-30T14:00:00+00:00,109.7815,110.2605,109.678,110.174
2024-01-30T22:00:00+00:00,110.1705,110.1845,109.85,110.0915
2024-01-31T06:00:00+00:00,110.0895,110.2165,109.853,110.106
2024-01-31T14:00:00+00:00,110.105,110.143,109.1235,109.3505
2024-01-31T22:00:00+00:00,109.3545,109.5175,109.1455,109.214
2024-02-01T06:00:00+00:00,109.218,109.4105,108.9485,109.1165
2024-02-01T14:00:00+00:00,109.117,109.4775,108.823,109.4115
2024-02-01T22:00:00+00:00,109.413,109.543,109.2905,109.477
2024-02-02T06:00:00+00:00,109.474,110.1865,109.4375,110.1355
2024-02-02T14:00:00+00:00,110.137,110.379,109.7475,110.208
2024-02-04T22:00:00+00:00,110.253,110.398,110.061,110.119
2024-02-05T06:00:00+00:00,110.121,110.2535,109.902,109.9545
2024-02-05T14:00:00+00:00,109.9525,110.0225,109.7535,109.809
2024-02-05T22:00:00+00:00,109.808,109.954,109.7075,109.85
2024-02-06T06:00:00+00:00,109.851,109.95,109.7475,109.8105
2024-02-06T14:00:00+00:00,109.8105,109.859,109.4505,109.6525
2024-02-06T22:00:00+00:00,109.655,109.789,109.544,109.7195
2024-02-07T06:00:00+00:00,109.7185,110.144,109.602,110.042
2024-02-07T14:00:00+00:00,110.0425,110.085,109.6045,110.0735
2024-02-07T22:00:00+00:00,110.0505,110.477,109.9235,110.4375
2024-02-08T06:00:00+00:00,110.4345,110.8265,110.408,110.7735
2024-02-08T14:00:00+00:00,110.772,111.0435,110.725,110.955
2024-02-08T22:00:00+00:00,110.9185,111.0325,110.821,110.9565
2024-02-09T06:00:00+00:00,110.9585,111.368,110.884,111.1715
2024-02-09T14:00:00+00:00,111.1725,111.2075,110.797,110.9155
2024-02-11T22:00:00+00:00,110.8575,110.9435,110.7405,110.846
2024-02-12T06:00:00+00:00,110.844,110.87,110.5745,110.7465
2024-02-12T14:00:00+00:00,110.746,111.201,110.7395,111.037
2024-02-12T22:00:00+00:00,111.0365,111.1395,110.9505,111.13
2024-02-13T06:00:00+00:00,111.1305,111.4155,110.9865,111.2395
2024-02-13T14:00:00+00:00,111.24,111.296,110.8725,111.1875
2024-02-13T22:00:00+00:00,111.2015,111.2265,110.939,111.021
2024-02-14T06:00:00+00:00,111.02,111.3415,110.9225,111.222
2024-02-14T14:00:00+00:00,111.2225,111.2415,110.966,111.178
2024-02-14T22:00:00+00:00,111.181,111.214,110.824,110.885
2024-02-15T06:00:00+00:00,110.8865,110.9435,110.6485,110.8465
2024-02-15T14:00:00+00:00,110.849,111.3875,110.8435,111.354
2024-02-15T22:00:00+00:00,111.353,111.508,111.282,111.385
2024-02-16T06:00:00+00:00,111.3845,111.6185,111.3825,111.5315
2024-02-16T14:00:00+00:00,111.5305,111.6145,111.317,111.369
2024-02-18T22:00:00+00:00,111.406,111.4695,111.211,111.3035
2024-02-19T06:00:00+00:00,111.304,111.3275,111.236,111.2535
2024-02-19T14:00:00+00:00,111.253,111.335,111.2225,111.2915
2024-02-19T22:00:00+00:00,111.296,111.371,111.233,111.359
2024-02-20T06:00:00+00:00,111.359,111.4465,110.882,110.983
2024-02-20T14:00:00+00:00,110.9835,111.0725,110.6765,110.93
2024-02-20T22:00:00+00:00,110.933,111.048,110.852,111.0305
2024-02-21T06:00:00+00:00,111.0315,111.0985,110.854,110.982
2024-02-21T14:00:00+00:00,110.983,111.336,110.9395,111.297
2024-02-21T22:00:00+00:00,111.306,111.576,111.2505,111.505
2024-02-22T06:00:00+00:00,111.505,111.74,111.4395,111.492
2024-02-22T14:00:00+00:00,111.4935,111.6825,111.421,111.662
2024-02-22T22:00:00+00:00,111.66,111.7235,111.477,111.722
2024-02-23T06:00:00+00:00,111.7205,111.803,111.6365,111.7635
2024-02-23T14:00:00+00:00,111.7645,111.7675,111.244,111.456
2024-02-25T22:00:00+00:00,111.5295,111.546,111.196,111.353
2024-02-26T06:00:00+00:00,111.352,111.585,111.213,111.574
2024-02-26T14:00:00+00:00,111.573,111.6255,111.453,111.5885
2024-02-26T22:00:00+00:00,111.5855,111.607,111.3525,111.4805
2024-02-27T06:00:00+00:00,111.4815,111.5045,111.1945,111.322
2024-02-27T14:00:00+00:00,111.323,111.391,111.1765,111.2645
2024-02-27T22:00:00+00:00,111.262,111.294,111.0895,111.1605
2024-02-28T06:00:00+00:00,111.16,111.2345,110.7785,110.9885
2024-02-28T14:00:00+00:00,110.9875,111.1865,110.9415,110.996
2024-02-28T22:00:00+00:00,110.9945,111.008,110.2985,110.4395
2024-02-29T06:00:00+00:00,110.438,110.4855,110.191,110.4185
2024-02-29T14:00:00+00:00,110.418,110.561,110.137,110.4575
2024-02-29T22:00:00+00:00,110.4565,110.8955,110.414,110.8645
2024-03-01T06:00:00+00:00,110.8665,110.9635,110.6865,110.886
2024-03-01T14:00:00+00:00,110.8865,110.8935,110.5805,110.7005
2024-03-03T22:00:00+00:00,110.6985,110.8145,110.6135,110.8095
2024-03-04T06:00:00+00:00,110.8085,110.9465,110.689,110.9035
2024-03-04T14:00:00+00:00,110.904,110.996,110.764,110.9005
2024-03-04T22:00:00+00:00,110.898,110.935,110.757,110.7815
2024-03-05T06:00:00+00:00,110.781,110.808,110.4335,110.451
2024-03-05T14:00:00+00:00,110.453,110.6455,110.182,110.3905
2024-03-05T22:00:00+00:00,110.3895,110.4375,110.215,110.3695
2024-03-06T06:00:00+00:00,110.3705,110.3935,109.942,110.1045
2024-03-06T14:00:00+00:00,110.1055,110.6275,110.059,110.5435
2024-03-06T22:00:00+00:00,110.556,110.589,109.887,110.013
2024-03-07T06:00:00+00:00,110.0125,110.0265,109.387,109.5765
2024-03-07T14:00:00+00:00,109.5745,110.0685,109.549,110.005
2024-03-07T22:00:00+00:00,110.006,110.0845,109.704,109.928
2024-03-08T06:00:00+00:00,109.9285,110.09,109.093,109.286
2024-03-08T14:00:00+00:00,109.288,109.3565,108.944,109.054
2024-03-10T21:00:00+00:00,109.03,109.158,108.734,108.929
2024-03-11T05:00:00+00:00,108.9285,109.096,108.681,108.6935
2024-03-11T13:00:00+00:00,108.693,109.033,108.6885,108.9905
2024-03-11T21:00:00+00:00,108.9645,109.414,108.7945,109.377
2024-03-12T05:00:00+00:00,109.3795,109.7325,109.18,109.4205
2024-03-12T13:00:00+00:00,109.422,109.6055,109.3115,109.469
2024-03-12T21:00:00+00:00,109.481,109.4975,109.132,109.3565
2024-03-13T05:00:00+00:00,109.3565,109.744,109.32,109.6585
2024-03-13T13:00:00+00:00,109.658,109.85,109.513,109.695
2024-03-13T21:00:00+00:00,109.6965,109.8045,109.55,109.7685
2024-03-14T05:00:00+00:00,109.7695,109.826,109.6375,109.7
2024-03-14T13:00:00+00:00,109.6995,109.832,109.4295,109.61
2024-03-14T21:00:00+00:00,109.6065,109.781,109.504,109.555
2024-03-15T05:00:00+00:00,109.5555,110.0205,109.363,109.9815
2024-03-15T13:00:00+00:00,109.981,110.3025,109.976,110.068
2024-03-17T21:00:00+00:00,110.037,110.2425,109.943,110.157
2024-03-18T05:00:00+00:00,110.1565,110.3815,110.0375,110.2335
2024-03-18T13:00:00+00:00,110.233,110.2685,109.9705,110.2115
2024-03-18T21:00:00+00:00,110.2125,110.7625,110.0615,110.6795
2024-03-19T05:00:00+00:00,110.6785,111.004,110.536,110.6065
2024-03-19T13:00:00+00:00,110.606,111.331,110.55,111.205
2024-03-19T21:00:00+00:00,111.206,111.619,111.138,111.5675
2024-03-20T05:00:00+00:00,111.5655,111.7195,111.3855,111.7155
2024-03-20T13:00:00+00:00,111.717,112.2645,111.6165,112.108
2024-03-20T21:00:00+00:00,112.1105,112.176,111.609,111.9645
2024-03-21T05:00:00+00:00,111.965,112.295,111.801,111.9135
2024-03-21T13:00:00+00:00,111.914,112.2,111.8995,112.0645
2024-03-21T21:00:00+00:00,112.0625,112.18,111.686,111.7835
2024-03-22T05:00:00+00:00,111.784,111.8245,111.299,111.4705
2024-03-22T13:00:00+00:00,111.47,111.4995,111.1635,111.335
2024-03-24T21:00:00+00:00,111.2835,111.356,111.0395,111.3065
2024-03-25T05:00:00+00:00,111.3025,111.4125,111.1395,111.2685
2024-03-25T13:00:00+00:00,111.269,111.595,111.23,111.4535
2024-03-25T21:00:00+00:00,111.454,111.5005,111.385,111.435
2024-03-26T05:00:00+00:00,111.4355,111.7385,111.319,111.7295
2024-03-26T13:00:00+00:00,111.7285,111.732,111.495,111.576
2024-03-26T21:00:00+00:00,111.5785,111.7015,111.41,111.566
2024-03-27T05:00:00+00:00,111.5635,111.623,111.0645,111.138
2024-03-27T13:00:00+00:00,111.1365,111.526,111.1345,111.489
2024-03-27T21:00:00+00:00,111.516,111.547,111.3245,111.489
2024-03-28T05:00:00+00:00,111.489,111.505,111.2355,111.4265
2024-03-28T13:00:00+00:00,111.426,111.8695,111.4205,111.8015
2024-03-28T21:00:00+00:00,111.8025,111.9155,111.6235,111.635
2024-03-29T05:00:00+00:00,111.6355,111.7625,111.6115,111.672
2024-03-29T13:00:00+00:00,111.672,111.818,111.6095,111.759
2024-03-31T22:00:00+01:00,111.718,111.986,111.6205,111.8865
2024-04-01T06:00:00+01:00,111.887,111.93,111.6025,111.702
2024-04-01T14:00:00+01:00,111.701,111.8625,111.5885,111.7515
2024-04-01T22:00:00+01:00,111.748,111.847,111.5855,111.76
2024-04-02T06:00:00+01:00,111.758,111.886,111.685,111.774
2024-04-02T14:00:00+01:00,111.7735,111.7775,111.5965,111.7165
2024-04-02T22:00:00+01:00,111.7175,111.7725,111.6275,111.7295
2024-04-03T06:00:00+01:00,111.7315,111.976,111.6405,111.923
2024-04-03T14:00:00+01:00,111.924,112.32,111.899,112.1485
2024-04-03T22:00:00+01:00,112.1515,112.265,112.054,112.2455
2024-04-04T06:00:00+01:00,112.247,112.4785,112.206,112.436
2024-04-04T14:00:00+01:00,112.4385,112.484,111.49,111.7585
2024-04-04T22:00:00+01:00,111.7545,111.787,111.2825,111.4235
2024-04-05T06:00:00+01:00,111.4215,111.7465,111.274,111.281
2024-04-05T14:00:00+01:00,111.281,111.6585,111.1175,111.562
2024-04-07T22:00:00+01:00,111.5385,111.7125,111.4135,111.6
2024-04-08T06:00:00+01:00,111.601,111.831,111.572,111.8185
2024-04-08T14:00:00+01:00,111.8195,111.9055,111.6235,111.858
2024-04-08T22:00:00+01:00,111.8385,111.941,111.7235,111.868
2024-04-09T06:00:00+01:00,111.8675,111.9595,111.7925,111.8825
2024-04-09T14:00:00+01:00,111.883,111.993,111.48,111.8275
2024-04-09T22:00:00+01:00,111.8165,111.8855,111.7185,111.8555
2024-04-10T06:00:00+01:00,111.854,112.0315,111.385,111.6515
2024-04-10T14:00:00+01:00,111.6555,112.0035,111.531,111.9465
2024-04-10T22:00:00+01:00,111.948,112.027,111.6275,111.791
2024-04-11T06:00:00+01:00,111.788,112.045,111.7595,111.8125
2024-04-11T14:00:00+01:00,111.814,112.019,111.6845,111.9695
2024-04-11T22:00:00+01:00,111.9665,111.9815,111.7695,111.7865
2024-04-12T06:00:00+01:00,111.7875,111.803,110.9945,111.055
2024-04-12T14:00:00+01:00,111.056,111.3705,110.869,111.2925
2024-04-14T22:00:00+01:00,111.092,111.827,111.061,111.81
2024-04-15T06:00:00+01:00,111.8095,112.291,111.805,112.245
2024-04-15T14:00:00+01:00,112.2475,112.4165,111.783,111.8945
2024-04-15T22:00:00+01:00,111.8965,111.915,111.7275,111.81
2024-04-16T06:00:00+01:00,111.8105,112.26,111.8015,111.9195
2024-04-16T14:00:00+01:00,111.9185,112.0275,111.3,111.887
2024-04-16T22:00:00+01:00,111.8655,111.9895,111.827,111.9005
2024-04-17T06:00:00+01:00,111.901,112.037,111.6795,111.9815
2024-04-17T14:00:00+01:00,111.983,112.2165,111.707,112.098
2024-04-17T22:00:00+01:00,112.0975,112.2245,111.9005,112.19
2024-04-18T06:00:00+01:00,112.191,112.3295,112.0955,112.2335
2024-04-18T14:00:00+01:00,112.233,112.461,112.1735,112.334
2024-04-18T22:00:00+01:00,112.3335,112.353,111.2685,112.0035
2024-04-19T06:00:00+01:00,112.0055,112.4395,111.8335,112.33
2024-04-19T14:00:00+01:00,112.3305,112.6285,112.287,112.4715
2024-04-21T22:00:00+01:00,112.4655,112.7685,112.318,112.7045
2024-04-22T06:00:00+01:00,112.7025,112.8395,112.539,112.7315
2024-04-22T14:00:00+01:00,112.732,113.109,112.5495,113.0245
2024-04-22T22:00:00+01:00,113.031,113.086,112.8935,112.9625
2024-04-23T06:00:00+01:00,112.964,113.122,112.8835,113.054
2024-04-23T14:00:00+01:00,113.0535,113.3405,112.953,113.326
2024-04-23T22:00:00+01:00,113.3375,113.3705,113.2455,113.3115
2024-04-24T06:00:00+01:00,113.3115,113.379,112.9885,113.006
2024-04-24T14:00:00+01:00,113.005,113.3875,112.855,113.365
2024-04-24T22:00:00+01:00,113.364,113.6825,113.206,113.6495
2024-04-25T06:00:00+01:00,113.649,113.8815,113.4095,113.576
2024-04-25T14:00:00+01:00,113.575,114.0055,113.203,113.975
2024-04-25T22:00:00+01:00,113.9745,114.413,113.819,114.4085
2024-04-26T06:00:00+01:00,114.4075,115.0125,113.615,114.8875
2024-04-26T14:00:00+01:00,114.889,115.9345,114.6965,115.8185
2024-04-28T22:00:00+01:00,115.503,117.345,113.84,114.609
2024-04-29T06:00:00+01:00,114.607,115.1955,113.1565,114.51
2024-04-29T14:00:00+01:00,114.511,114.826,113.654,114.45
2024-04-29T22:00:00+01:00,114.447,114.862,114.244,114.58
2024-04-30T06:00:00+01:00,114.583,114.8565,114.289,114.6595
2024-04-30T14:00:00+01:00,114.6615,114.774,114.424,114.5385
2024-04-30T22:00:00+01:00,114.5325,114.627,114.4265,114.5725
2024-05-01T06:00:00+01:00,114.5715,114.74,114.5385,114.659
2024-05-01T14:00:00+01:00,114.6585,114.7085,111.418,112.5015
2024-05-01T22:00:00+01:00,112.5005,113.8145,112.2765,113.5645
2024-05-02T06:00:00+01:00,113.5655,113.603,112.6175,112.635
2024-05-02T14:00:00+01:00,112.6345,112.8925,111.9205,112.366
2024-05-02T22:00:00+01:00,112.3855,112.526,111.828,111.8975
2024-05-03T06:00:00+01:00,111.899,112.201,111.562,111.6885
2024-05-03T14:00:00+01:00,111.688,111.9305,111.575,111.8485
2024-05-05T22:00:00+01:00,111.8635,112.52,111.6715,112.471
2024-05-06T06:00:00+01:00,112.4725,112.5365,112.295,112.38
2024-05-06T14:00:00+01:00,112.3795,112.788,112.3685,112.627
2024-05-06T22:00:00+01:00,112.6375,113.068,112.56,112.936
2024-05-07T06:00:00+01:00,112.9365,113.034,112.51,112.9265
2024-05-07T14:00:00+01:00,112.9285,112.9425,112.5865,112.698
2024-05-07T22:00:00+01:00,112.699,112.9265,112.593,112.8295
2024-05-08T06:00:00+01:00,112.8285,113.196,112.783,113.163
2024-05-08T14:00:00+01:00,113.1635,113.426,113.1345,113.345
2024-05-08T22:00:00+01:00,113.333,113.404,113.028,113.342
2024-05-09T06:00:00+01:00,113.3365,113.633,113.328,113.598
2024-05-09T14:00:00+01:00,113.597,113.7575,113.5055,113.683
2024-05-09T22:00:00+01:00,113.6835,113.8125,113.534,113.7385
2024-05-10T06:00:00+01:00,113.7395,114.236,113.647,114.1675
2024-05-10T14:00:00+01:00,114.169,114.1745,113.8965,113.936
2024-05-12T22:00:00+01:00,113.908,113.997,113.6685,113.8675
2024-05-13T06:00:00+01:00,113.869,114.0355,113.8525,113.918
2024-05-13T14:00:00+01:00,113.9165,114.3335,113.8795,114.31
2024-05-13T22:00:00+01:00,114.295,114.4195,114.1695,114.3435
2024-05-14T06:00:00+01:00,114.3445,114.75,114.3195,114.738
2024-05-14T14:00:00+01:00,114.737,114.801,114.511,114.5905
2024-05-14T22:00:00+01:00,114.5895,114.708,114.4995,114.5985
2024-05-15T06:00:00+01:00,114.599,114.648,113.828,113.881
2024-05-15T14:00:00+01:00,113.882,114.1265,113.752,113.862
2024-05-15T22:00:00+01:00,113.8625,113.889,112.9595,113.1095
2024-05-16T06:00:00+01:00,113.1115,113.9555,113.057,113.93
2024-05-16T14:00:00+01:00,113.931,114.145,113.905,114.0955
2024-05-16T22:00:00+01:00,114.104,114.418,114.076,114.352
2024-05-17T06:00:00+01:00,114.351,114.3995,114.2255,114.3245
2024-05-17T14:00:00+01:00,114.323,114.45,114.131,114.35
2024-05-19T22:00:00+01:00,114.289,114.6045,114.2285,114.5155
2024-05-20T06:00:00+01:00,114.514,114.6065,114.1935,114.5465
2024-05-20T14:00:00+01:00,114.547,114.8335,114.524,114.6875
2024-05-20T22:00:00+01:00,114.692,114.8335,114.5945,114.7365
2024-05-21T06:00:00+01:00,114.7355,114.8255,114.3585,114.393
2024-05-21T14:00:00+01:00,114.3935,114.484,114.155,114.374
2024-05-21T22:00:00+01:00,114.3745,114.6795,114.3355,114.5995
2024-05-22T06:00:00+01:00,114.5985,114.654,114.426,114.472
2024-05-22T14:00:00+01:00,114.471,114.5965,114.327,114.501
2024-05-22T22:00:00+01:00,114.5085,114.6245,114.422,114.549
2024-05-23T06:00:00+01:00,114.55,114.7065,114.4025,114.701
2024-05-23T14:00:00+01:00,114.7005,114.893,114.153,114.309
2024-05-23T22:00:00+01:00,114.304,114.4365,114.247,114.37
2024-05-24T06:00:00+01:00,114.3685,114.5725,114.3185,114.5425
2024-05-24T14:00:00+01:00,114.545,114.9975,114.532,114.878
2024-05-26T22:00:00+01:00,114.832,114.9255,114.646,114.7205
2024-05-27T06:00:00+01:00,114.722,114.914,114.6935,114.8725
2024-05-27T14:00:00+01:00,114.875,115.124,114.875,115.0635
2024-05-27T22:00:00+01:00,115.02,115.1585,114.9805,115.036
2024-05-28T06:00:00+01:00,115.0345,115.216,114.965,115.038
2024-05-28T14:00:00+01:00,115.0365,115.219,114.945,115.181
2024-05-28T22:00:00+01:00,115.1785,115.2895,115.081,115.101
2024-05-29T06:00:00+01:00,115.0995,115.115,114.812,114.9145
2024-05-29T14:00:00+01:00,114.913,115.059,114.8455,114.917
2024-05-29T22:00:00+01:00,114.918,114.975,114.49,114.5355
2024-05-30T06:00:00+01:00,114.537,114.557,114.0805,114.3715
2024-05-30T14:00:00+01:00,114.3725,114.7215,114.187,114.6365
2024-05-30T22:00:00+01:00,114.638,114.761,114.4295,114.6275
2024-05-31T06:00:00+01:00,114.6265,115.3585,114.624,115.0395
2024-05-31T14:00:00+01:00,115.0405,115.4925,114.821,115.4365
2024-06-02T22:00:00+01:00,115.3195,115.542,115.278,115.5105
2024-06-03T06:00:00+01:00,115.508,115.5465,114.7525,115.08
2024-06-03T14:00:00+01:00,115.079,115.119,114.2995,114.5405
2024-06-03T22:00:00+01:00,114.5425,114.799,114.4325,114.5985
2024-06-04T06:00:00+01:00,114.5995,114.6045,112.9635,113.411
2024-06-04T14:00:00+01:00,113.4085,113.476,113.014,113.255
2024-06-04T22:00:00+01:00,113.2545,113.821,113.1225,113.7905
2024-06-05T06:00:00+01:00,113.791,114.2915,113.745,114.1965
2024-06-05T14:00:00+01:00,114.1945,114.24,113.619,113.9895
2024-06-05T22:00:00+01:00,113.99,114.011,113.651,113.859
2024-06-06T06:00:00+01:00,113.8605,114.24,113.8415,114.074
2024-06-06T14:00:00+01:00,114.0735,114.152,113.738,113.838
2024-06-06T22:00:00+01:00,113.859,114.0825,113.796,113.852
2024-06-07T06:00:00+01:00,113.851,114.3455,113.4455,114.2625
2024-06-07T14:00:00+01:00,114.263,114.392,113.7475,113.8635
2024-06-09T22:00:00+01:00,113.905,114.1865,113.799,114.1385
2024-06-10T06:00:00+01:00,114.1365,114.2025,113.777,114.0075
2024-06-10T14:00:00+01:00,114.009,114.183,113.811,114.141
2024-06-10T22:00:00+01:00,114.137,114.272,114.081,114.2475
2024-06-11T06:00:00+01:00,114.246,114.363,113.868,113.915
2024-06-11T14:00:00+01:00,113.9145,114.3755,113.8825,114.2135
2024-06-11T22:00:00+01:00,114.214,114.355,114.1585,114.3375
2024-06-12T06:00:00+01:00,114.3355,114.5155,114.01,114.065
2024-06-12T14:00:00+01:00,114.066,114.3595,113.6955,114.2065
2024-06-12T22:00:00+01:00,114.2115,114.317,114.119,114.284
2024-06-13T06:00:00+01:00,114.285,114.5425,114.143,114.343
2024-06-13T14:00:00+01:00,114.344,114.5295,113.903,114.232
2024-06-13T22:00:00+01:00,114.253,114.9565,114.1705,114.9305
2024-06-14T06:00:00+01:00,114.9305,115.113,114.0035,114.239
2024-06-14T14:00:00+01:00,114.2385,114.6855,114.055,114.5755
2024-06-16T22:00:00+01:00,114.589,114.7815,114.4875,114.5315
2024-06-17T06:00:00+01:00,114.5325,114.88,114.282,114.8495
2024-06-17T14:00:00+01:00,114.8485,114.968,114.675,114.9395
2024-06-17T22:00:00+01:00,114.9385,115.0065,114.685,114.784
2024-06-18T06:00:00+01:00,114.7855,115.0945,114.7515,114.9245
2024-06-18T14:00:00+01:00,114.9265,115.1885,114.8195,115.0835
2024-06-18T22:00:00+01:00,115.086,115.132,114.999,115.0335
2024-06-19T06:00:00+01:00,115.0325,115.2285,114.8425,115.197
2024-06-19T14:00:00+01:00,115.1985,115.3865,115.1425,115.3465
2024-06-19T22:00:00+01:00,115.334,115.356,115.2255,115.331
2024-06-20T06:00:00+01:00,115.3325,115.7405,115.2725,115.731
2024-06-20T14:00:00+01:00,115.7295,116.1655,115.679,116.11
2024-06-20T22:00:00+01:00,116.112,116.245,116.0475,116.161
2024-06-21T06:00:00+01:00,116.16,116.2745,115.84,116.012
2024-06-21T14:00:00+01:00,116.017,116.756,115.934,116.7055
2024-06-23T22:00:00+01:00,116.691,116.742,116.4895,116.659
2024-06-24T06:00:00+01:00,116.6645,116.8515,116.069,116.481
2024-06-24T14:00:00+01:00,116.482,117.0015,116.4645,116.8855
2024-06-24T22:00:00+01:00,116.8285,116.9375,116.5695,116.8425
2024-06-25T06:00:00+01:00,116.8435,117.089,116.542,116.9355
2024-06-25T14:00:00+01:00,116.9345,117.0595,116.773,116.9275
2024-06-25T22:00:00+01:00,116.954,117.104,116.8475,116.974
2024-06-26T06:00:00+01:00,116.9755,117.212,116.9495,117.1575
2024-06-26T14:00:00+01:00,117.1585,117.4175,116.9265,117.3725
2024-06-26T22:00:00+01:00,117.343,117.4075,117.02,117.0905
2024-06-27T06:00:00+01:00,117.094,117.34,117.0615,117.2065
2024-06-27T14:00:00+01:00,117.207,117.4505,117.138,117.3215
2024-06-27T22:00:00+01:00,117.3205,117.455,117.209,117.286
2024-06-28T06:00:00+01:00,117.2865,117.428,117.087,117.1595
2024-06-28T14:00:00+01:00,117.1585,117.7425,117.017,117.6165
2024-06-30T22:00:00+01:00,117.6455,117.868,117.517,117.8075
2024-07-01T06:00:00+01:00,117.81,117.8445,117.6555,117.748
2024-07-01T14:00:00+01:00,117.748,117.8835,117.4715,117.556
2024-07-01T22:00:00+01:00,117.558,117.6725,117.478,117.573
2024-07-02T06:00:00+01:00,117.5755,117.7585,117.517,117.7175
2024-07-02T14:00:00+01:00,117.7195,118.137,117.6255,118.032
2024-07-02T22:00:00+01:00,118.0325,118.252,117.9695,118.212
2024-07-03T06:00:00+01:00,118.2115,118.5465,118.1785,118.4825
2024-07-03T14:00:00+01:00,118.483,118.634,117.999,118.5465
2024-07-03T22:00:00+01:00,118.566,118.6335,118.2615,118.446
2024-07-04T06:00:00+01:00,118.446,118.5085,118.1665,118.38
2024-07-04T14:00:00+01:00,118.382,118.526,118.2325,118.4755
2024-07-04T22:00:00+01:00,118.4875,118.5515,117.946,118.0645
2024-07-05T06:00:00+01:00,118.064,118.2565,117.7335,118.153
2024-07-05T14:00:00+01:00,118.152,118.252,117.8235,117.828
2024-07-07T22:00:00+01:00,117.822,117.898,117.5055,117.721
2024-07-08T06:00:00+01:00,117.72,118.1505,117.672,117.9345
2024-07-08T14:00:00+01:00,117.9375,117.999,117.688,117.949
2024-07-08T22:00:00+01:00,117.9555,118.1435,117.87,118.0765
2024-07-09T06:00:00+01:00,118.0755,118.1625,117.906,118.143
2024-07-09T14:00:00+01:00,118.1425,118.4,117.9995,118.3165
2024-07-09T22:00:00+01:00,118.3155,118.5235,118.2495,118.433
2024-07-10T06:00:00+01:00,118.432,118.5575,118.3335,118.5205
2024-07-10T14:00:00+01:00,118.5205,118.8645,118.4985,118.7275
2024-07-10T22:00:00+01:00,118.734,118.749,118.576,118.7085
2024-07-11T06:00:00+01:00,118.709,118.7765,116.51,116.607
2024-07-11T14:00:00+01:00,116.612,116.804,115.724,116.5255
2024-07-11T22:00:00+01:00,116.5185,116.9645,115.75,116.8235
2024-07-12T06:00:00+01:00,116.826,116.959,116.3245,116.496
2024-07-12T14:00:00+01:00,116.4945,116.4945,115.47,115.7485
2024-07-14T22:00:00+01:00,115.9,116.066,115.6795,115.6935
2024-07-15T06:00:00+01:00,115.6925,115.9735,115.583,115.758
2024-07-15T14:00:00+01:00,115.7575,115.828,115.06,115.55
2024-07-15T22:00:00+01:00,115.5495,116.006,115.4665,115.9305
2024-07-16T06:00:00+01:00,115.932,116.0125,115.6485,115.885
2024-07-16T14:00:00+01:00,115.8865,115.981,115.7345,115.8115
2024-07-16T22:00:00+01:00,115.811,115.9395,115.705,115.705
2024-07-17T06:00:00+01:00,115.704,115.726,114.25,114.52
2024-07-17T14:00:00+01:00,114.5175,114.5595,114.0165,114.175
2024-07-17T22:00:00+01:00,114.126,114.447,113.58,114.2885
2024-07-18T06:00:00+01:00,114.2895,114.502,113.911,114.348
2024-07-18T14:00:00+01:00,114.3475,114.86,114.256,114.832
2024-07-18T22:00:00+01:00,114.833,114.936,114.554,114.894
2024-07-19T06:00:00+01:00,114.893,115.1785,114.515,114.895
2024-07-19T14:00:00+01:00,114.8935,114.8955,114.5255,114.756
2024-07-21T22:00:00+01:00,114.7695,114.8515,114.629,114.654
2024-07-22T06:00:00+01:00,114.6535,114.6535,113.754,114.026
2024-07-22T14:00:00+01:00,114.0315,114.311,113.805,114.1475
2024-07-22T22:00:00+01:00,114.148,114.212,113.492,113.56
2024-07-23T06:00:00+01:00,113.5595,113.775,113.2015,113.406
2024-07-23T14:00:00+01:00,113.4075,113.4735,112.8385,112.8745
2024-07-23T22:00:00+01:00,112.8725,113.173,112.024,112.0655
2024-07-24T06:00:00+01:00,112.067,112.328,111.5405,111.609
2024-07-24T14:00:00+01:00,111.6025,111.7215,110.95,111.4555
2024-07-24T22:00:00+01:00,111.45,111.494,110.1725,110.449
2024-07-25T06:00:00+01:00,110.447,111.1345,109.8965,110.97
2024-07-25T14:00:00+01:00,110.969,111.7645,110.8305,111.342
2024-07-25T22:00:00+01:00,111.346,111.5515,110.987,111.2595
2024-07-26T06:00:00+01:00,111.26,111.987,111.1355,111.577
2024-07-26T14:00:00+01:00,111.5755,111.5785,110.744,111.15
2024-07-28T22:00:00+01:00,111.128,111.6175,110.723,110.9645
2024-07-29T06:00:00+01:00,110.9655,111.303,110.783,111.1845
2024-07-29T14:00:00+01:00,111.186,111.3865,111.0245,111.19
2024-07-29T22:00:00+01:00,111.1935,111.5715,110.8635,111.5595
2024-07-30T06:00:00+01:00,111.5665,112.1,111.551,111.7685
2024-07-30T14:00:00+01:00,111.769,111.772,110.2195,110.286
2024-07-30T22:00:00+01:00,110.3365,111.163,109.519,110.197
2024-07-31T06:00:00+01:00,110.1915,110.629,108.3565,108.8565
2024-07-31T14:00:00+01:00,108.8545,109.46,108.347,108.6085
2024-07-31T22:00:00+01:00,108.618,108.892,107.558,108.4015
2024-08-01T06:00:00+01:00,108.401,109.2105,108.037,109.206
2024-08-01T14:00:00+01:00,109.207,109.228,107.594,107.6635
2024-08-01T22:00:00+01:00,107.6645,107.9815,107.265,107.694
2024-08-02T06:00:00+01:00,107.6915,107.771,105.9545,106.406
2024-08-02T14:00:00+01:00,106.404,107.029,105.603,105.677
2024-08-04T22:00:00+01:00,105.661,105.785,102.4725,103.181
2024-08-05T06:00:00+01:00,103.173,103.7885,101.661,102.824
2024-08-05T14:00:00+01:00,102.8265,104.814,102.672,104.3015
2024-08-05T22:00:00+01:00,104.303,106.0015,103.9675,105.2915
2024-08-06T06:00:00+01:00,105.305,105.8425,104.238,104.4775
2024-08-06T14:00:00+01:00,104.468,105.6365,104.1905,104.717
2024-08-06T22:00:00+01:00,104.6995,107.4295,104.6605,107.184
2024-08-07T06:00:00+01:00,107.184,107.374,106.0475,106.975
2024-08-07T14:00:00+01:00,106.974,107.6005,106.578,106.6015
2024-08-07T22:00:00+01:00,106.6025,106.9705,105.8005,106.423
2024-08-08T06:00:00+01:00,106.423,107.0985,105.969,106.932
2024-08-08T14:00:00+01:00,106.928,107.3565,106.821,107.2525
2024-08-08T22:00:00+01:00,107.217,107.6215,106.8745,106.9265
2024-08-09T06:00:00+01:00,106.925,107.3085,106.5835,106.858
2024-08-09T14:00:00+01:00,106.857,106.915,106.5585,106.824
2024-08-11T22:00:00+01:00,106.797,107.18,106.752,107.1445
2024-08-12T06:00:00+01:00,107.144,107.611,107.1155,107.5355
2024-08-12T14:00:00+01:00,107.5355,107.984,106.9995,107.1135
2024-08-12T22:00:00+01:00,107.111,107.6035,106.906,107.5275
2024-08-13T06:00:00+01:00,107.529,107.765,107.112,107.3765
2024-08-13T14:00:00+01:00,107.3775,107.427,106.9225,107.142
2024-08-13T22:00:00+01:00,107.1415,107.3605,106.4925,107.068
2024-08-14T06:00:00+01:00,107.0675,107.599,106.9095,107.3845
2024-08-14T14:00:00+01:00,107.385,107.536,107.047,107.423
2024-08-14T22:00:00+01:00,107.4225,107.62,107.2965,107.4235
2024-08-15T06:00:00+01:00,107.422,108.6725,107.2555,108.5305
2024-08-15T14:00:00+01:00,108.529,108.814,108.467,108.7475
2024-08-15T22:00:00+01:00,108.7455,108.8095,108.377,108.464
2024-08-16T06:00:00+01:00,108.462,108.6635,107.5065,107.596
2024-08-16T14:00:00+01:00,107.598,108.1795,107.5515,107.9815
2024-08-18T22:00:00+01:00,107.8545,108.2545,106.7465,106.9815
2024-08-19T06:00:00+01:00,106.981,107.084,106.2125,106.947
2024-08-19T14:00:00+01:00,106.946,107.598,106.946,107.5425
2024-08-19T22:00:00+01:00,107.5125,107.8955,107.0065,107.7495
2024-08-20T06:00:00+01:00,107.7485,108.066,107.2675,107.3175
2024-08-20T14:00:00+01:00,107.321,107.3335,106.612,106.648
2024-08-20T22:00:00+01:00,106.646,107.0565,106.458,107.0005
2024-08-21T06:00:00+01:00,107,107.5125,106.89,107.2045
2024-08-21T14:00:00+01:00,107.2035,107.974,106.3735,106.866
2024-08-21T22:00:00+01:00,106.7425,107.183,106.642,106.8235
2024-08-22T06:00:00+01:00,106.8225,107.683,106.7405,107.575
2024-08-22T14:00:00+01:00,107.574,107.7275,107.2,107.4335
2024-08-22T22:00:00+01:00,107.4345,107.565,106.8655,107.236
2024-08-23T06:00:00+01:00,107.235,107.617,106.9285,107.4965
2024-08-23T14:00:00+01:00,107.4995,107.8815,106.597,106.8485
2024-08-25T22:00:00+01:00,106.775,106.851,106.228,106.6065
2024-08-26T06:00:00+01:00,106.6045,106.965,106.2935,106.686
2024-08-26T14:00:00+01:00,106.6845,107.3335,106.623,107.1595
2024-08-26T22:00:00+01:00,107.1575,107.5415,107.001,107.2975
2024-08-27T06:00:00+01:00,107.2985,107.753,107.0845,107.1615
2024-08-27T14:00:00+01:00,107.161,107.366,106.9795,107.0945
2024-08-27T22:00:00+01:00,107.0915,107.4545,106.872,107.2965
2024-08-28T06:00:00+01:00,107.296,107.475,107.0365,107.429
2024-08-28T14:00:00+01:00,107.428,107.683,107.1505,107.273
2024-08-28T22:00:00+01:00,107.274,107.516,107.021,107.486
2024-08-29T06:00:00+01:00,107.4855,107.9575,107.2595,107.9285
2024-08-29T14:00:00+01:00,107.9255,108.0055,107.3615,107.532
2024-08-29T22:00:00+01:00,107.537,107.577,107.28,107.3805
2024-08-30T06:00:00+01:00,107.3785,108.092,107.347,108.0125
2024-08-30T14:00:00+01:00,108.011,108.5385,107.6965,108.3295
2024-09-01T22:00:00+01:00,108.314,108.6895,107.9785,108.1145
2024-09-02T06:00:00+01:00,108.1135,108.9675,108.111,108.9525
2024-09-02T14:00:00+01:00,108.953,109.0565,108.7945,108.874
2024-09-02T22:00:00+01:00,108.8365,109.0335,108.2175,108.3345
2024-09-03T06:00:00+01:00,108.3335,108.392,107.705,107.7105
2024-09-03T14:00:00+01:00,107.708,107.7555,107.128,107.357
2024-09-03T22:00:00+01:00,107.3565,107.5355,106.932,107.3195
2024-09-04T06:00:00+01:00,107.316,107.3245,106.868,107.0495
2024-09-04T14:00:00+01:00,107.0505,107.1425,106.3805,106.432
2024-09-04T22:00:00+01:00,106.4275,106.551,106.012,106.2845
2024-09-05T06:00:00+01:00,106.2855,106.417,105.6755,105.893
2024-09-05T14:00:00+01:00,105.892,106.745,105.854,106.2425
2024-09-05T22:00:00+01:00,106.242,106.2955,105.86,105.977
2024-09-06T06:00:00+01:00,105.9765,106.817,105.2445,105.9105
2024-09-06T14:00:00+01:00,105.91,106.4815,104.665,104.8425
2024-09-08T22:00:00+01:00,104.955,105.534,104.6205,105.43
2024-09-09T06:00:00+01:00,105.4285,106.045,105.2405,105.5675
2024-09-09T14:00:00+01:00,105.566,105.631,105.1335,105.597
2024-09-09T22:00:00+01:00,105.5965,105.8115,105.374,105.483
2024-09-10T06:00:00+01:00,105.484,105.904,105.183,105.2655
2024-09-10T14:00:00+01:00,105.2665,105.4225,104.4895,104.6595
2024-09-10T22:00:00+01:00,104.6575,104.6855,103.566,103.7435
2024-09-11T06:00:00+01:00,103.741,104.808,103.5005,104.66
2024-09-11T14:00:00+01:00,104.659,105.008,103.7045,104.871
2024-09-11T22:00:00+01:00,104.8705,105.3065,104.732,105.2265
2024-09-12T06:00:00+01:00,105.2255,105.434,104.555,104.607
2024-09-12T14:00:00+01:00,104.606,104.935,104.3815,104.4455
2024-09-12T22:00:00+01:00,104.44,104.5065,103.626,103.8345
2024-09-13T06:00:00+01:00,103.834,104.1355,103.3965,103.6605
2024-09-13T14:00:00+01:00,103.6615,103.7365,103.354,103.6785
2024-09-15T22:00:00+01:00,103.5945,103.751,103.15,103.3255
2024-09-16T06:00:00+01:00,103.323,103.3785,102.815,103.218
2024-09-16T14:00:00+01:00,103.214,103.6455,103.1975,103.4965
2024-09-16T22:00:00+01:00,103.4985,103.9435,103.263,103.4775
2024-09-17T06:00:00+01:00,103.479,103.695,103.3055,103.617
2024-09-17T14:00:00+01:00,103.6165,104.769,103.6045,104.734
2024-09-17T22:00:00+01:00,104.732,104.7885,103.8885,103.965
2024-09-18T06:00:00+01:00,103.9645,104.5445,103.943,104.4395
2024-09-18T14:00:00+01:00,104.4385,104.7755,103.666,104.59
2024-09-18T22:00:00+01:00,104.591,105.517,104.3155,105.2995
2024-09-19T06:00:00+01:00,105.3005,105.957,104.6925,105.9535
2024-09-19T14:00:00+01:00,105.954,105.9585,105.1065,105.2015
2024-09-19T22:00:00+01:00,105.2055,105.384,104.6875,104.858
2024-09-20T06:00:00+01:00,104.8595,106.4095,104.5655,106.0695
2024-09-20T14:00:00+01:00,106.0685,106.4245,105.809,106.012
2024-09-22T22:00:00+01:00,106.1065,106.5,105.9325,106.398
2024-09-23T06:00:00+01:00,106.3975,106.442,105.6635,106.2025
2024-09-23T14:00:00+01:00,106.203,106.776,106.021,106.0635
2024-09-23T22:00:00+01:00,106.021,106.516,105.9915,106.4395
2024-09-24T06:00:00+01:00,106.4405,107.058,106.431,106.644
2024-09-24T14:00:00+01:00,106.648,106.859,106.344,106.6335
2024-09-24T22:00:00+01:00,106.6345,106.8645,106.4235,106.678
2024-09-25T06:00:00+01:00,106.679,107.5345,106.5855,107.2205
2024-09-25T14:00:00+01:00,107.22,107.4325,107.0815,107.3505
2024-09-25T22:00:00+01:00,107.364,107.647,107.1885,107.3975
2024-09-26T06:00:00+01:00,107.396,107.738,106.9795,107.366
2024-09-26T14:00:00+01:00,107.369,107.6685,107.131,107.54
2024-09-26T22:00:00+01:00,107.498,108.082,107.419,108.0745
2024-09-27T06:00:00+01:00,108.067,108.567,105.772,105.7825
2024-09-27T14:00:00+01:00,105.7845,106.1485,105.051,105.223
2024-09-29T22:00:00+01:00,105.324,105.8175,105.183,105.219
2024-09-30T06:00:00+01:00,105.2175,105.8355,104.8575,105.8305
2024-09-30T14:00:00+01:00,105.8315,106.359,105.711,106.1935
2024-09-30T22:00:00+01:00,106.198,106.765,106.017,106.69
2024-10-01T06:00:00+01:00,106.691,106.8995,106.1265,106.513
2024-10-01T14:00:00+01:00,106.5125,106.648,105.844,106.417
2024-10-01T22:00:00+01:00,106.431,106.9655,106.2905,106.6005
2024-10-02T06:00:00+01:00,106.599,107.8005,106.406,107.747
2024-10-02T14:00:00+01:00,107.748,108.5505,107.705,108.4835
2024-10-02T22:00:00+01:00,108.4855,108.965,108.3505,108.4935
2024-10-03T06:00:00+01:00,108.493,108.7185,108.1975,108.453
2024-10-03T14:00:00+01:00,108.4545,108.677,108.1625,108.4145
2024-10-03T22:00:00+01:00,108.4125,108.4695,107.8105,107.8825
2024-10-04T06:00:00+01:00,107.882,109.4905,107.674,109.449
2024-10-04T14:00:00+01:00,109.4575,109.741,109.215,109.5475
2024-10-06T22:00:00+01:00,109.606,109.8275,109.165,109.363
2024-10-07T06:00:00+01:00,109.3645,109.412,108.934,109.007
2024-10-07T14:00:00+01:00,109.0055,109.0525,108.566,108.8015
2024-10-07T22:00:00+01:00,108.7855,108.8455,108.2235,108.7205
2024-10-08T06:00:00+01:00,108.7195,108.8015,108.0275,108.491
2024-10-08T14:00:00+01:00,108.4895,108.6785,108.3775,108.613
2024-10-08T22:00:00+01:00,108.6085,108.7065,108.4015,108.5855
2024-10-09T06:00:00+01:00,108.5865,108.8695,108.4815,108.827
2024-10-09T14:00:00+01:00,108.827,109.0905,108.7395,108.9015
2024-10-09T22:00:00+01:00,108.8905,109.0955,108.727,109.014
2024-10-10T06:00:00+01:00,109.0135,109.07,107.9745,108.158
2024-10-10T14:00:00+01:00,108.1575,108.2525,107.8305,108.134
2024-10-10T22:00:00+01:00,108.133,108.2305,107.955,108.129
2024-10-11T06:00:00+01:00,108.1275,108.6115,107.995,108.417
2024-10-11T14:00:00+01:00,108.4195,108.5635,108.2525,108.3585
2024-10-13T22:00:00+01:00,108.3535,108.4405,108.2085,108.365
2024-10-14T06:00:00+01:00,108.3655,108.609,108.264,108.5405
2024-10-14T14:00:00+01:00,108.5395,108.733,108.522,108.5625
2024-10-14T22:00:00+01:00,108.563,108.6915,108.314,108.4245
2024-10-15T06:00:00+01:00,108.425,108.432,107.707,107.8375
2024-10-15T14:00:00+01:00,107.837,108.3525,107.8155,108.3155
2024-10-15T22:00:00+01:00,108.3165,108.4465,108.0185,108.3445
2024-10-16T06:00:00+01:00,108.347,108.474,108.2035,108.4555
2024-10-16T14:00:00+01:00,108.456,108.91,108.358,108.8155
2024-10-16T22:00:00+01:00,108.802,108.82,108.467,108.6495
2024-10-17T06:00:00+01:00,108.6485,108.868,108.461,108.732
2024-10-17T14:00:00+01:00,108.7305,108.9765,108.571,108.9025
2024-10-17T22:00:00+01:00,108.954,108.987,108.6275,108.666
2024-10-18T06:00:00+01:00,108.666,108.8745,108.4345,108.6345
2024-10-18T14:00:00+01:00,108.635,108.677,108.2205,108.338
2024-10-20T22:00:00+01:00,108.3015,108.424,107.991,108.1275
2024-10-21T06:00:00+01:00,108.1265,108.596,108.03,108.486
2024-10-21T14:00:00+01:00,108.485,109.0945,108.4525,109.0555
2024-10-21T22:00:00+01:00,109.0395,109.2755,108.7905,109.1005
2024-10-22T06:00:00+01:00,109.0995,109.2605,108.9625,109.1355
2024-10-22T14:00:00+01:00,109.137,109.3905,108.9815,109.331
2024-10-22T22:00:00+01:00,109.3395,110.084,109.261,110.0415
2024-10-23T06:00:00+01:00,110.0405,110.653,110.0055,110.5595
2024-10-23T14:00:00+01:00,110.557,110.6495,110.129,110.405
2024-10-23T22:00:00+01:00,110.4115,110.5005,110.0475,110.126
2024-10-24T06:00:00+01:00,110.127,110.2605,109.8605,109.9945
2024-10-24T14:00:00+01:00,109.995,110.1635,109.401,109.6035
2024-10-24T22:00:00+01:00,109.599,109.8105,109.4105,109.5055
2024-10-25T06:00:00+01:00,109.5035,109.8535,109.346,109.767
2024-10-25T14:00:00+01:00,109.7675,109.936,109.4835,109.642
2024-10-27T21:00:00+00:00,110.31,110.7295,109.8765,110.5515
2024-10-28T05:00:00+00:00,110.5515,110.6175,109.691,109.859
2024-10-28T13:00:00+00:00,109.8575,110.3975,109.8015,110.3545
2024-10-28T21:00:00+00:00,110.3555,110.429,109.997,110.0345
2024-10-29T05:00:00+00:00,110.034,110.698,109.9195,110.608
2024-10-29T13:00:00+00:00,110.607,110.6275,110.172,110.225
2024-10-29T21:00:00+00:00,110.222,110.328,110.036,110.1705
2024-10-30T05:00:00+00:00,110.1715,110.2535,109.7385,110.062
2024-10-30T13:00:00+00:00,110.063,110.3915,109.898,110.336
2024-10-30T21:00:00+00:00,110.2825,110.3945,109.8045,109.8715
2024-10-31T05:00:00+00:00,109.869,109.988,109.1975,109.8255
2024-10-31T13:00:00+00:00,109.8265,110.0595,109.0815,109.123
2024-10-31T21:00:00+00:00,109.126,109.5405,108.956,109.4895
2024-11-01T05:00:00+00:00,109.4885,109.7725,109.1425,109.2985
2024-11-01T13:00:00+00:00,109.2945,109.9795,109.254,109.656
2024-11-03T22:00:00+00:00,109.3985,109.5845,109.068,109.2435
2024-11-04T06:00:00+00:00,109.243,109.474,109.0075,109.1995
2024-11-04T14:00:00+00:00,109.1985,109.5635,109.1155,109.439
2024-11-04T22:00:00+00:00,109.421,109.758,109.3825,109.688
2024-11-05T06:00:00+00:00,109.69,109.7425,109.4975,109.535
2024-11-05T14:00:00+00:00,109.535,109.7795,109.341,109.682
2024-11-05T22:00:00+00:00,109.68,110.819,109.378,110.478
2024-11-06T06:00:00+00:00,110.4765,111.0245,110.412,110.7085
2024-11-06T14:00:00+00:00,110.7085,111.0245,110.541,110.941
2024-11-06T22:00:00+00:00,110.93,111.19,110.625,110.8855
2024-11-07T06:00:00+00:00,110.8835,111.0475,110.5455,110.6005
2024-11-07T14:00:00+00:00,110.6005,110.68,110.24,110.3525
2024-11-07T22:00:00+00:00,110.354,110.536,109.909,110.0825
2024-11-08T06:00:00+00:00,110.0815,110.144,109.496,109.763
2024-11-08T14:00:00+00:00,109.7625,109.927,109.5835,109.733
2024-11-10T22:00:00+00:00,109.7425,110.386,109.7,110.313
2024-11-11T06:00:00+00:00,110.314,110.513,110.169,110.2705
2024-11-11T14:00:00+00:00,110.269,110.5525,110.169,110.393
2024-11-11T22:00:00+00:00,110.4045,110.5595,110.003,110.1365
2024-11-12T06:00:00+00:00,110.1365,110.8695,110.1185,110.8625
2024-11-12T14:00:00+00:00,110.864,111.0755,110.674,110.885
2024-11-12T22:00:00+00:00,110.888,111.1105,110.7535,111.0065
2024-11-13T06:00:00+00:00,111.006,111.2035,110.7305,110.7845
2024-11-13T14:00:00+00:00,110.783,111.2855,110.5835,111.07
2024-11-13T22:00:00+00:00,111.0725,111.4295,110.97,111.343
2024-11-14T06:00:00+00:00,111.3435,111.5225,111.2055,111.3405
2024-11-14T14:00:00+00:00,111.34,111.353,110.962,111.162
2024-11-14T22:00:00+00:00,111.189,111.4425,111.112,111.2545
2024-11-15T06:00:00+00:00,111.2545,111.2945,110.4365,110.4615
2024-11-15T14:00:00+00:00,110.4595,110.635,109.257,109.558
2024-11-17T22:00:00+00:00,109.592,110.234,109.2675,109.753
2024-11-18T06:00:00+00:00,109.754,110.2215,109.561,109.9955
2024-11-18T14:00:00+00:00,109.995,110.4765,109.847,110.3615
2024-11-18T22:00:00+00:00,110.396,110.4115,109.834,110.1355
2024-11-19T06:00:00+00:00,110.135,110.326,109.254,109.58
2024-11-19T14:00:00+00:00,109.581,110.842,109.5525,110.819
2024-11-19T22:00:00+00:00,110.8205,111.174,110.7115,111.174
2024-11-20T06:00:00+00:00,111.175,111.5625,111.1465,111.338
2024-11-20T14:00:00+00:00,111.339,111.4135,110.6685,111.2275
2024-11-20T22:00:00+00:00,111.227,111.265,110.8625,111.0905
2024-11-21T06:00:00+00:00,111.0865,111.0905,110.2805,110.481
2024-11-21T14:00:00+00:00,110.482,110.846,110.246,110.603
2024-11-21T22:00:00+00:00,110.6185,110.6625,110.1495,110.6305
2024-11-22T06:00:00+00:00,110.6315,110.89,110.141,110.4125
2024-11-22T14:00:00+00:00,110.414,110.91,110.4025,110.665
2024-11-24T22:00:00+00:00,110.4875,110.735,110.2005,110.6215
2024-11-25T06:00:00+00:00,110.6205,110.8165,110.172,110.297
2024-11-25T14:00:00+00:00,110.296,110.407,109.924,110.2875
2024-11-25T22:00:00+00:00,110.282,110.38,108.6095,108.9625
2024-11-26T06:00:00+00:00,108.962,109.2705,108.5675,108.695
2024-11-26T14:00:00+00:00,108.6945,109.268,108.6325,108.9265
2024-11-26T22:00:00+00:00,108.926,109.0315,108.163,108.3015
2024-11-27T06:00:00+00:00,108.3005,108.321,107.6455,107.7615
2024-11-27T14:00:00+00:00,107.7615,108.0495,107.3215,107.71
2024-11-27T22:00:00+00:00,107.7505,108.2825,107.595,108.0875
2024-11-28T06:00:00+00:00,108.0875,108.524,107.918,108.1975
2024-11-28T14:00:00+00:00,108.1975,108.254,108.0355,108.138
2024-11-28T22:00:00+00:00,108.1205,108.223,107.0395,107.2605
2024-11-29T06:00:00+00:00,107.26,107.3965,106.842,106.9105
2024-11-29T14:00:00+00:00,106.9105,107.449,106.7745,106.912
2024-12-01T22:00:00+00:00,106.9135,107.453,106.8055,107.422
2024-12-02T06:00:00+00:00,107.422,107.4245,106.773,106.936
2024-12-02T14:00:00+00:00,106.9355,106.959,105.9605,106.485
2024-12-02T22:00:00+00:00,106.4865,106.9185,106.3945,106.823
2024-12-03T06:00:00+00:00,106.8225,107.122,106,106.0305
2024-12-03T14:00:00+00:00,106.0315,106.375,105.769,106.3545
2024-12-03T22:00:00+00:00,106.3615,106.74,106.27,106.734
2024-12-04T06:00:00+00:00,106.735,107.517,106.5805,107.4045
2024-12-04T14:00:00+00:00,107.4035,107.4255,106.6185,107.0305
2024-12-04T22:00:00+00:00,107.01,107.1405,106.4835,106.583
2024-12-05T06:00:00+00:00,106.582,107.346,106.3865,107.315
2024-12-05T14:00:00+00:00,107.3145,107.4515,106.7525,107.0445
2024-12-05T22:00:00+00:00,107.012,107.1545,106.7425,106.8465
2024-12-06T06:00:00+00:00,106.845,107.3165,106.2075,106.2145
2024-12-06T14:00:00+00:00,106.2135,106.29,105.825,105.9925
2024-12-08T22:00:00+00:00,105.948,106.04,105.757,105.841
2024-12-09T06:00:00+00:00,105.841,107.0665,105.826,106.996
2024-12-09T14:00:00+00:00,106.9945,107.1675,106.6725,106.7115
2024-12-09T22:00:00+00:00,106.727,106.9135,106.4455,106.4735
2024-12-10T06:00:00+00:00,106.4735,107.2315,106.4545,107.1005
2024-12-10T14:00:00+00:00,107.1025,107.4425,106.9305,107.152
2024-12-10T22:00:00+00:00,107.1515,107.241,106.912,107.125
2024-12-11T06:00:00+00:00,107.125,107.86,106.4905,107.4875
2024-12-11T14:00:00+00:00,107.487,107.9105,107.1215,107.6705
2024-12-11T22:00:00+00:00,107.6775,107.8685,107.4065,107.8165
2024-12-12T06:00:00+00:00,107.8165,108.0055,107.16,107.3105
2024-12-12T14:00:00+00:00,107.3095,107.5555,107.1495,107.341
2024-12-12T22:00:00+00:00,107.339,107.555,107.2225,107.4055
2024-12-13T06:00:00+00:00,107.4035,108.075,107.2915,107.873
2024-12-13T14:00:00+00:00,107.874,108.0775,107.7885,107.964
2024-12-15T22:00:00+00:00,107.961,108.2915,107.8165,108.02
2024-12-16T06:00:00+00:00,108.021,108.2035,107.885,108.0925
2024-12-16T14:00:00+00:00,108.0945,108.5285,108.073,108.2235
2024-12-16T22:00:00+00:00,108.2255,108.429,107.984,108.0655
2024-12-17T06:00:00+00:00,108.0665,108.094,107.5785,107.7285
2024-12-17T14:00:00+00:00,107.729,107.729,107.041,107.2765
2024-12-17T22:00:00+00:00,107.234,107.4615,107.0405,107.053
2024-12-18T06:00:00+00:00,107.052,107.58,107.027,107.4955
2024-12-18T14:00:00+00:00,107.497,107.5795,106.98,107.1775
2024-12-18T22:00:00+00:00,107.1655,107.728,106.7995,107.5145
2024-12-19T06:00:00+00:00,107.514,109.2605,107.3755,109.15
2024-12-19T14:00:00+00:00,109.149,109.9075,109.1255,109.356
2024-12-19T22:00:00+00:00,109.3585,109.631,108.6925,108.9395
2024-12-20T06:00:00+00:00,108.94,109.172,108.695,108.7485
2024-12-20T14:00:00+00:00,108.7475,109.163,108.6135,108.832
2024-12-22T22:00:00+00:00,108.8535,109.128,108.794,109.0825
2024-12-23T06:00:00+00:00,109.083,109.139,108.7775,108.939
2024-12-23T14:00:00+00:00,108.9385,109.3905,108.8805,109.3255
2024-12-23T22:00:00+00:00,109.2925,109.419,109.0625,109.14
2024-12-24T06:00:00+00:00,109.141,109.2825,108.942,109.24
2024-12-24T14:00:00+00:00,109.241,109.5855,109.2405,109.4795
2024-12-24T22:00:00+00:00,109.49,109.6155,109.293,109.5945
2024-12-25T06:00:00+00:00,109.6015,109.6105,109.2965,109.383
2024-12-25T22:00:00+00:00,109.513,109.714,109.421,109.527
2024-12-26T06:00:00+00:00,109.527,109.6805,109.236,109.659
2024-12-26T14:00:00+00:00,109.6585,109.7215,109.5385,109.6495
2024-12-26T22:00:00+00:00,109.6545,109.6715,109.3015,109.522
2024-12-27T06:00:00+00:00,109.5225,109.8105,109.462,109.661
2024-12-27T14:00:00+00:00,109.66,109.705,109.1865,109.5345
2024-12-29T22:00:00+00:00,109.441,109.7815,109.386,109.709
2024-12-30T06:00:00+00:00,109.713,109.8755,109.3115,109.3165
2024-12-30T14:00:00+00:00,109.315,109.5825,108.682,109.31
2024-12-30T22:00:00+00:00,109.285,109.4555,108.833,108.907
2024-12-31T06:00:00+00:00,108.9085,109.233,108.5375,109.038
2024-12-31T14:00:00+00:00,109.0325,109.5015,108.955,109.3245
2025-01-01T22:00:00+00:00,109.325,109.7745,109.205,109.407
2025-01-02T06:00:00+00:00,109.407,109.4085,108.56,108.7645
2025-01-02T14:00:00+00:00,108.7615,109.656,108.609,109.3945
2025-01-02T22:00:00+00:00,109.3445,109.4775,109.1935,109.297
2025-01-03T06:00:00+00:00,109.297,109.3725,108.9805,109.0555
2025-01-03T14:00:00+00:00,109.056,109.158,108.5915,108.862
2025-01-05T22:00:00+00:00,108.8155,109.655,108.7455,109.6525
2025-01-06T06:00:00+00:00,109.6525,110.025,109.179,109.4835
2025-01-06T14:00:00+00:00,109.4845,110.0205,109.4555,110.001
2025-01-06T22:00:00+00:00,109.8945,110.4655,109.8385,110.283
2025-01-07T06:00:00+00:00,110.2835,110.327,109.987,110.1025
2025-01-07T14:00:00+00:00,110.102,110.3255,109.847,110.0015
2025-01-07T22:00:00+00:00,110.041,110.289,109.951,110.286
2025-01-08T06:00:00+00:00,110.2845,110.289,109.889,109.914
2025-01-08T14:00:00+00:00,109.915,110.228,109.8775,110.165
2025-01-08T22:00:00+00:00,110.0755,110.1995,109.722,109.976
2025-01-09T06:00:00+00:00,109.976,110.0765,109.493,109.536
2025-01-09T14:00:00+00:00,109.5355,109.913,109.5335,109.8815
2025-01-09T22:00:00+00:00,109.8375,109.952,109.6835,109.889
2025-01-10T06:00:00+00:00,109.89,110.217,109.345,110.087
2025-01-10T14:00:00+00:00,110.0895,110.1765,109.1495,109.362
2025-01-12T22:00:00+00:00,109.359,109.5585,108.9365,109.0525
2025-01-13T06:00:00+00:00,109.0535,109.3155,108.7565,109.109
2025-01-13T14:00:00+00:00,109.1065,109.59,108.9135,109.531
2025-01-13T22:00:00+00:00,109.589,109.8765,109.222,109.5635
2025-01-14T06:00:00+00:00,109.565,109.9525,109.4175,109.5985
2025-01-14T14:00:00+00:00,109.6005,110.1605,109.5445,110.0775
2025-01-14T22:00:00+00:00,110.077,110.186,109.4615,109.538
2025-01-15T06:00:00+00:00,109.538,109.664,109.151,109.31
2025-01-15T14:00:00+00:00,109.308,109.345,108.9095,109.0765
2025-01-15T22:00:00+00:00,109.066,109.22,108.236,108.6775
2025-01-16T06:00:00+00:00,108.6785,108.8535,108.2715,108.434
2025-01-16T14:00:00+00:00,108.4375,108.6025,107.772,107.8375
2025-01-16T22:00:00+00:00,107.8525,108.0835,107.6515,108.0105
2025-01-17T06:00:00+00:00,108.011,108.127,107.773,107.8435
2025-01-17T14:00:00+00:00,107.844,108.5235,107.6945,107.9375
2025-01-19T22:00:00+00:00,108.0495,108.104,107.7625,108.004
2025-01-20T06:00:00+00:00,108.003,108.8455,107.905,108.8075
2025-01-20T14:00:00+00:00,108.805,109.0205,108.493,108.752
2025-01-20T22:00:00+00:00,108.7665,108.865,107.306,107.615
2025-01-21T06:00:00+00:00,107.616,108.1255,107.5995,107.624
2025-01-21T14:00:00+00:00,107.6235,108.665,107.587,108.578
2025-01-21T22:00:00+00:00,108.5235,108.786,108.441,108.695
2025-01-22T06:00:00+00:00,108.6965,108.9515,108.517,108.613
2025-01-22T14:00:00+00:00,108.612,109.085,108.464,108.8905
2025-01-22T22:00:00+00:00,108.866,108.9295,108.611,108.887
2025-01-23T06:00:00+00:00,108.888,108.9055,108.361,108.4575
2025-01-23T14:00:00+00:00,108.4565,108.8435,108.394,108.5165
2025-01-23T22:00:00+00:00,108.515,109.0515,108.084,108.409
2025-01-24T06:00:00+00:00,108.408,109.2255,108.057,109.1345
2025-01-24T14:00:00+00:00,109.136,109.253,108.5115,108.732
2025-01-26T22:00:00+00:00,108.4135,108.5095,108.0035,108.498
2025-01-27T06:00:00+00:00,108.4985,108.6165,107.0775,107.403
2025-01-27T14:00:00+00:00,107.4065,107.639,107.072,107.5105
2025-01-27T22:00:00+00:00,107.506,108.2885,107.398,108.1425
2025-01-28T06:00:00+00:00,108.1405,108.2805,107.6975,107.9665
2025-01-28T14:00:00+00:00,107.966,108.272,107.7885,108.035
2025-01-28T22:00:00+00:00,108.0275,108.1715,107.66,107.67
2025-01-29T06:00:00+00:00,107.6725,107.8995,107.38,107.454
2025-01-29T14:00:00+00:00,107.4535,107.7925,107.271,107.665
2025-01-29T22:00:00+00:00,107.6755,107.8065,107.0385,107.1135
2025-01-30T06:00:00+00:00,107.1135,107.31,106.7655,106.8215
2025-01-30T14:00:00+00:00,106.8205,107.275,105.7555,106.5045
2025-01-30T22:00:00+00:00,106.4275,106.961,106.239,106.8695
2025-01-31T06:00:00+00:00,106.8705,107.1895,106.6565,106.848
2025-01-31T14:00:00+00:00,106.847,107.7195,106.4515,106.764
2025-02-02T22:00:00+00:00,105.039,106.004,105.0255,105.633
2025-02-03T06:00:00+00:00,105.6335,105.9685,105.18,105.441
2025-02-03T14:00:00+00:00,105.4405,107.523,104.911,107.235
2025-02-03T22:00:00+00:00,107.2365,107.79,106.7805,107.17
2025-02-04T06:00:00+00:00,107.1715,107.998,107.129,107.953
2025-02-04T14:00:00+00:00,107.9535,108.0255,107.4805,107.7945
2025-02-04T22:00:00+00:00,107.732,107.8345,106.849,107.0075
2025-02-05T06:00:00+00:00,107.011,107.353,106.837,107.083
2025-02-05T14:00:00+00:00,107.0835,107.3015,106.4195,106.672
2025-02-05T22:00:00+00:00,106.6385,106.6985,106.052,106.2425
2025-02-06T06:00:00+00:00,106.2425,106.471,105.986,106.052
2025-02-06T14:00:00+00:00,106.0515,106.25,105.6465,105.8575
2025-02-06T22:00:00+00:00,105.8105,106.1065,105.4985,105.9205
2025-02-07T06:00:00+00:00,105.9215,106.474,105.8,106.231
2025-02-07T14:00:00+00:00,106.2315,106.2955,105.3835,105.9415
2025-02-09T22:00:00+00:00,105.3495,106.1195,105.188,105.937
2025-02-10T06:00:00+00:00,105.938,106.4515,105.8135,105.933
2025-02-10T14:00:00+00:00,105.9325,106.28,105.7185,106.1935
2025-02-10T22:00:00+00:00,106.185,106.238,105.804,106.0195
2025-02-11T06:00:00+00:00,106.0225,106.507,105.8175,106.4345
2025-02-11T14:00:00+00:00,106.4335,106.841,106.31,106.7335
2025-02-11T22:00:00+00:00,106.687,107.594,106.628,107.4025
2025-02-12T06:00:00+00:00,107.4015,107.793,107.2095,107.769
2025-02-12T14:00:00+00:00,107.77,108.2895,107.581,107.967
2025-02-12T22:00:00+00:00,107.9655,108.3175,107.81,108.1375
2025-02-13T06:00:00+00:00,108.14,108.1895,107.41,107.481
2025-02-13T14:00:00+00:00,107.4845,108.0085,107.3555,107.675
2025-02-13T22:00:00+00:00,107.6795,107.861,107.439,107.5705
2025-02-14T06:00:00+00:00,107.5675,107.883,107.3845,107.434
2025-02-14T14:00:00+00:00,107.432,107.609,107.2505,107.3895
2025-02-16T22:00:00+00:00,107.4285,107.4715,106.8765,106.9085
2025-02-17T06:00:00+00:00,106.9085,107.117,106.7245,106.759
2025-02-17T14:00:00+00:00,106.7595,106.878,106.67,106.8445
2025-02-17T22:00:00+00:00,106.8595,107.157,106.5985,107.018
2025-02-18T06:00:00+00:00,107.016,107.191,106.722,106.794
2025-02-18T14:00:00+00:00,106.796,107.236,106.748,107.1185
2025-02-18T22:00:00+00:00,107.0965,107.352,106.8875,107.0255
2025-02-19T06:00:00+00:00,107.0255,107.043,106.7535,106.8395
2025-02-19T14:00:00+00:00,106.839,106.8695,106.366,106.4345
2025-02-19T22:00:00+00:00,106.4365,106.4515,105.614,105.737
2025-02-20T06:00:00+00:00,105.737,105.8555,105.4155,105.6635
2025-02-20T14:00:00+00:00,105.662,105.76,105.32,105.5845
2025-02-20T22:00:00+00:00,105.506,106.334,105.36,106.0535
2025-02-21T06:00:00+00:00,106.053,106.2105,105.8435,106.122
2025-02-21T14:00:00+00:00,106.12,106.129,104.6695,104.952
2025-02-23T22:00:00+00:00,104.895,105.325,104.8255,105.261
2025-02-24T06:00:00+00:00,105.261,105.4585,105.043,105.3495
2025-02-24T14:00:00+00:00,105.349,105.4295,104.7835,105.002
2025-02-24T22:00:00+00:00,104.9995,105.3425,104.8985,105.104
2025-02-25T06:00:00+00:00,105.102,105.2015,104.5545,104.7805
2025-02-25T14:00:00+00:00,104.78,104.8485,103.949,104.143
2025-02-25T22:00:00+00:00,104.1425,104.434,103.9495,104.28
2025-02-26T06:00:00+00:00,104.28,104.436,104.071,104.1985
2025-02-26T14:00:00+00:00,104.201,104.5395,103.7745,104.0065
2025-02-26T22:00:00+00:00,104.0045,104.1315,103.7385,104.0555
2025-02-27T06:00:00+00:00,104.0555,104.6815,103.6725,103.8015
2025-02-27T14:00:00+00:00,103.803,104.1235,103.572,103.784
2025-02-27T22:00:00+00:00,103.755,103.9475,103.2045,103.762
2025-02-28T06:00:00+00:00,103.763,104.7645,103.7345,104.511
2025-02-28T14:00:00+00:00,104.5105,104.7385,103.9525,104.11
2025-03-02T22:00:00+00:00,104.321,104.573,103.971,104.137
2025-03-03T06:00:00+00:00,104.1325,104.973,103.856,104.7595
2025-03-03T14:00:00+00:00,104.76,104.8015,102.549,103.2445
2025-03-03T22:00:00+00:00,103.2325,103.3675,102.556,103.0825
2025-03-04T06:00:00+00:00,103.0835,103.4255,102.5765,102.584
2025-03-04T14:00:00+00:00,102.583,104.218,102.198,104.0815
2025-03-04T22:00:00+00:00,104.0095,104.288,103.626,103.813
2025-03-05T06:00:00+00:00,103.8105,104.0425,103.487,103.6265
2025-03-05T14:00:00+00:00,103.627,103.9605,103.0245,103.837
2025-03-05T22:00:00+00:00,103.8355,104.239,103.7605,103.8915
2025-03-06T06:00:00+00:00,103.8915,103.924,102.6015,102.6455
2025-03-06T14:00:00+00:00,102.647,104.174,102.5855,103.517
2025-03-06T22:00:00+00:00,103.5195,103.6615,103.026,103.029
2025-03-07T06:00:00+00:00,103.0295,103.3835,102.4155,102.451
2025-03-07T14:00:00+00:00,102.451,103.1415,101.919,103.014
2025-03-09T21:00:00+00:00,102.9915,103.0235,102.42,102.767
2025-03-10T05:00:00+00:00,102.7655,102.8975,101.8005,101.9715
2025-03-10T13:00:00+00:00,101.9685,102.1835,101.6355,101.9905
2025-03-10T21:00:00+00:00,102.006,102.099,101.4985,101.8755
2025-03-11T05:00:00+00:00,101.8755,102.653,101.7825,102.5285
2025-03-11T13:00:00+00:00,102.5285,102.7995,101.3785,102.3775
2025-03-11T21:00:00+00:00,102.377,102.683,102.298,102.532
2025-03-12T05:00:00+00:00,102.531,103.642,102.386,103.59
2025-03-12T13:00:00+00:00,103.5895,103.607,102.8635,103.1675
2025-03-12T21:00:00+00:00,103.1695,103.3015,102.7135,102.7715
2025-03-13T05:00:00+00:00,102.7705,103.164,102.4915,102.949
2025-03-13T13:00:00+00:00,102.948,103.096,102.044,102.377
2025-03-13T21:00:00+00:00,102.383,102.9375,102.267,102.916
2025-03-14T05:00:00+00:00,102.917,103.365,102.868,103.1755
2025-03-14T13:00:00+00:00,103.174,103.56,103.016,103.444
2025-03-16T21:00:00+00:00,103.4975,103.694,103.2875,103.6925
2025-03-17T05:00:00+00:00,103.693,103.8615,103.3575,103.787
2025-03-17T13:00:00+00:00,103.7855,104.526,103.7005,104.416
2025-03-17T21:00:00+00:00,104.444,104.6935,104.3525,104.577
2025-03-18T05:00:00+00:00,104.576,105.045,104.5395,104.8645
2025-03-18T13:00:00+00:00,104.8655,105.031,104.175,104.416
2025-03-18T21:00:00+00:00,104.4405,104.6785,104.322,104.512
2025-03-19T05:00:00+00:00,104.5155,104.821,104.099,104.601
2025-03-19T13:00:00+00:00,104.5975,104.9295,103.7345,103.8075
2025-03-19T21:00:00+00:00,103.808,103.967,103.425,103.571
2025-03-20T05:00:00+00:00,103.5705,103.677,103.1715,103.286
2025-03-20T13:00:00+00:00,103.2865,104.0465,103.1545,103.874
2025-03-20T21:00:00+00:00,103.881,104.3145,103.7365,104.2545
2025-03-21T05:00:00+00:00,104.255,104.502,103.5525,103.5535
2025-03-21T13:00:00+00:00,103.552,104.176,103.481,104.054
2025-03-23T21:00:00+00:00,104.06,104.5725,104.03,104.413
2025-03-24T05:00:00+00:00,104.414,104.614,104.285,104.517
2025-03-24T13:00:00+00:00,104.516,105.5,104.419,105.276
2025-03-24T21:00:00+00:00,105.28,105.4135,105.1045,105.1125
2025-03-25T05:00:00+00:00,105.112,105.274,104.898,105.0175
2025-03-25T13:00:00+00:00,105.0185,105.0375,104.5345,105.0115
2025-03-25T21:00:00+00:00,105.012,105.4675,104.931,105.466
2025-03-26T05:00:00+00:00,105.466,105.653,105.2415,105.413
2025-03-26T13:00:00+00:00,105.4125,105.8645,105.1535,105.553
2025-03-26T21:00:00+00:00,105.5635,105.6235,105.0275,105.302
2025-03-27T05:00:00+00:00,105.303,105.8225,105.1775,105.4425
2025-03-27T13:00:00+00:00,105.442,105.712,105.12,105.6055
2025-03-27T21:00:00+00:00,105.606,105.6505,105.288,105.4125
2025-03-28T05:00:00+00:00,105.4135,105.4485,104.9395,105.266
2025-03-28T13:00:00+00:00,105.2675,105.452,104.53,104.678
2025-03-30T22:00:00+01:00,104.7135,104.774,103.887,104.1435
2025-03-31T06:00:00+01:00,104.1445,104.2775,103.7415,104.0495
2025-03-31T14:00:00+01:00,104.046,104.52,103.848,104.235
2025-03-31T22:00:00+01:00,104.2315,104.3155,103.9295,104.0535
2025-04-01T06:00:00+01:00,104.057,104.2765,103.545,103.78
2025-04-01T14:00:00+01:00,103.7805,104.641,103.4955,104.612
2025-04-01T22:00:00+01:00,104.612,104.8765,104.5665,104.7875
2025-04-02T06:00:00+01:00,104.7875,104.9145,104.051,104.1705
2025-04-02T14:00:00+01:00,104.17,105.458,104.029,104.932
2025-04-02T22:00:00+01:00,104.8435,104.956,103.3005,103.522
2025-04-03T06:00:00+01:00,103.5215,104.1665,103.347,103.616
2025-04-03T14:00:00+01:00,103.6155,104.2455,103.404,103.6325
2025-04-03T22:00:00+01:00,103.636,104.109,103.0825,103.133
2025-04-04T06:00:00+01:00,103.1335,103.6245,101.878,102.48
2025-04-04T14:00:00+01:00,102.4845,103.732,101.972,103.32
2025-04-06T22:00:00+01:00,102.043,103.0795,101.629,102.622
2025-04-07T06:00:00+01:00,102.6225,103.205,101.8675,103.1725
2025-04-07T14:00:00+01:00,103.1735,104.374,102.714,103.7685
2025-04-07T22:00:00+01:00,103.775,104.327,103.643,104.327
2025-04-08T06:00:00+01:00,104.324,104.3465,103.3965,103.667
2025-04-08T14:00:00+01:00,103.664,104.334,102.369,102.5495
2025-04-08T22:00:00+01:00,102.534,102.6795,101.6315,101.928
2025-04-09T06:00:00+01:00,101.93,102.6525,101.678,101.83
2025-04-09T14:00:00+01:00,101.8295,105.085,101.63,104.952
2025-04-09T22:00:00+01:00,104.846,104.9425,103.9695,104.2045
2025-04-10T06:00:00+01:00,104.2075,104.621,103.1185,103.373
2025-04-10T14:00:00+01:00,103.372,103.823,102.8515,103.32
2025-04-10T22:00:00+01:00,103.3205,103.507,102.321,102.3525
2025-04-11T06:00:00+01:00,102.352,103.193,102.2485,102.8605
2025-04-11T14:00:00+01:00,102.8605,103.7595,102.608,103.502
2025-04-13T22:00:00+01:00,103.8665,103.977,102.661,103.173
2025-04-14T06:00:00+01:00,103.1735,103.5285,102.766,103.499
2025-04-14T14:00:00+01:00,103.4965,103.6705,102.7295,103.085
2025-04-14T22:00:00+01:00,103.131,103.387,102.909,103.245
2025-04-15T06:00:00+01:00,103.246,103.5125,102.488,102.7885
2025-04-15T14:00:00+01:00,102.792,103.1675,102.391,102.628
2025-04-15T22:00:00+01:00,102.642,102.698,102.194,102.328
2025-04-16T06:00:00+01:00,102.329,102.746,102.03,102.482
2025-04-16T14:00:00+01:00,102.4815,102.916,102.0975,102.362
2025-04-16T22:00:00+01:00,102.323,102.94,102.179,102.7085
2025-04-17T06:00:00+01:00,102.708,103.1235,102.5025,102.589
2025-04-17T14:00:00+01:00,102.5865,103.1625,102.3835,102.9625
2025-04-17T22:00:00+01:00,102.8565,103.0155,102.636,102.682
2025-04-18T06:00:00+01:00,102.6825,102.843,102.605,102.703
2025-04-18T14:00:00+01:00,102.7095,102.8065,102.5895,102.651
2025-04-20T22:00:00+01:00,102.5715,102.789,101.8715,102.0285
2025-04-21T06:00:00+01:00,102.03,102.175,101.8495,102.072
2025-04-21T14:00:00+01:00,102.07,102.15,101.5395,101.79
2025-04-21T22:00:00+01:00,101.723,102.0635,101.4335,101.5625
2025-04-22T06:00:00+01:00,101.563,101.7775,101.2585,101.496
2025-04-22T14:00:00+01:00,101.4935,102.549,101.4735,102.53
2025-04-22T22:00:00+01:00,102.4215,103.396,102.363,102.6245
2025-04-23T06:00:00+01:00,102.6225,102.8415,102.377,102.535
2025-04-23T14:00:00+01:00,102.536,103.421,102.4395,103.3435
2025-04-23T22:00:00+01:00,103.343,103.38,102.822,102.9565
2025-04-24T06:00:00+01:00,102.9575,103.097,102.6565,102.755
2025-04-24T14:00:00+01:00,102.7545,103.052,102.5625,102.984
2025-04-24T22:00:00+01:00,102.937,103.6605,102.9,103.5125
2025-04-25T06:00:00+01:00,103.5155,103.6725,103.1605,103.391
2025-04-25T14:00:00+01:00,103.393,103.9575,103.364,103.734
2025-04-27T22:00:00+01:00,103.5675,103.813,103.345,103.375
2025-04-28T06:00:00+01:00,103.3765,103.6835,103.3,103.364
2025-04-28T14:00:00+01:00,103.3655,103.4615,102.603,102.6935
2025-04-28T22:00:00+01:00,102.7055,103.014,102.655,102.817
2025-04-29T06:00:00+01:00,102.816,103.145,102.6595,102.882
2025-04-29T14:00:00+01:00,102.88,103.015,102.5035,102.9175
2025-04-29T22:00:00+01:00,102.8595,103.0435,102.7405,103.0255
2025-04-30T06:00:00+01:00,103.0265,103.478,103.0045,103.125
2025-04-30T14:00:00+01:00,103.1255,103.8405,103.0385,103.6845
2025-04-30T22:00:00+01:00,103.6925,104.3445,103.624,104.3275
2025-05-01T06:00:00+01:00,104.3275,104.8595,104.3225,104.738
2025-05-01T14:00:00+01:00,104.737,105.2815,104.6465,104.9685
2025-05-01T22:00:00+01:00,105.046,105.4125,104.8705,105.2035
2025-05-02T06:00:00+01:00,105.204,105.231,104.416,104.643
2025-05-02T14:00:00+01:00,104.642,105.0665,104.2655,104.924
2025-05-04T22:00:00+01:00,104.836,105.012,104.41,104.482
2025-05-05T06:00:00+01:00,104.481,104.558,103.9815,104.0035
2025-05-05T14:00:00+01:00,104.004,104.4165,103.926,103.947
2025-05-05T22:00:00+01:00,103.954,104.219,103.876,104.0295
2025-05-06T06:00:00+01:00,104.029,104.108,103.253,103.2675
2025-05-06T14:00:00+01:00,103.266,103.8285,103.261,103.389
2025-05-06T22:00:00+01:00,103.4065,104.049,103.3205,103.864
2025-05-07T06:00:00+01:00,103.8645,104.068,103.598,103.872
2025-05-07T14:00:00+01:00,103.873,104.206,103.579,103.9265
2025-05-07T22:00:00+01:00,103.9375,104.0925,103.83,103.979
2025-05-08T06:00:00+01:00,103.9805,104.476,103.9065,104.189
2025-05-08T14:00:00+01:00,104.1865,104.965,104.0775,104.8325
2025-05-08T22:00:00+01:00,104.7645,104.952,104.5095,104.5545
2025-05-09T06:00:00+01:00,104.552,104.6045,104.174,104.3845
2025-05-09T14:00:00+01:00,104.3855,104.4575,103.9885,104.3165
2025-05-11T22:00:00+01:00,105.234,105.234,104.565,104.794
2025-05-12T06:00:00+01:00,104.7945,106.2555,104.768,105.776
2025-05-12T14:00:00+01:00,105.7755,106.2615,105.6755,106.244
2025-05-12T22:00:00+01:00,106.248,106.2565,105.695,105.807
2025-05-13T06:00:00+01:00,105.806,105.9755,105.6645,105.868
2025-05-13T14:00:00+01:00,105.8665,105.914,105.468,105.838
2025-05-13T22:00:00+01:00,105.8365,105.956,105.502,105.5165
2025-05-14T06:00:00+01:00,105.516,105.688,104.7085,104.841
2025-05-14T14:00:00+01:00,104.8395,105.2205,104.49,104.9535
2025-05-14T22:00:00+01:00,105.0055,105.061,104.526,104.5825
2025-05-15T06:00:00+01:00,104.581,104.602,104.1435,104.2835
2025-05-15T14:00:00+01:00,104.282,104.3955,103.951,104.3675
2025-05-15T22:00:00+01:00,104.3625,104.442,103.8975,104.2125
2025-05-16T06:00:00+01:00,104.2125,104.322,103.8855,104.2435
2025-05-16T14:00:00+01:00,104.245,104.5055,104.1925,104.2795
2025-05-18T22:00:00+01:00,104.0155,104.231,103.7435,104.014
2025-05-19T06:00:00+01:00,104.015,104.025,103.69,104.018
2025-05-19T14:00:00+01:00,104.0185,104.1345,103.7625,103.838
2025-05-19T22:00:00+01:00,103.837,104.212,103.6535,103.6745
2025-05-20T06:00:00+01:00,103.6755,104.023,103.394,103.9875
2025-05-20T14:00:00+01:00,103.9885,104.0985,103.62,103.8415
2025-05-20T22:00:00+01:00,103.8435,103.951,103.4355,103.4915
2025-05-21T06:00:00+01:00,103.4925,103.804,103.356,103.5945
2025-05-21T14:00:00+01:00,103.5965,104.0055,103.5405,103.6805
2025-05-21T22:00:00+01:00,103.6725,104.125,103.3785,103.505
2025-05-22T06:00:00+01:00,103.5055,103.645,103.133,103.4575
2025-05-22T14:00:00+01:00,103.458,104.078,103.402,103.9515
2025-05-22T22:00:00+01:00,103.9525,104.0905,103.6735,103.7545
2025-05-23T06:00:00+01:00,103.7535,103.8565,103.008,103.3585
2025-05-23T14:00:00+01:00,103.3575,103.9495,103.296,103.824
2025-05-25T22:00:00+01:00,103.8115,104.234,103.715,104.0275
2025-05-26T06:00:00+01:00,104.0255,104.302,103.991,104.171
2025-05-26T14:00:00+01:00,104.1725,104.188,103.906,103.998
2025-05-26T22:00:00+01:00,104.0005,104.082,103.5335,103.9435
2025-05-27T06:00:00+01:00,103.943,104.777,103.943,104.6485
2025-05-27T14:00:00+01:00,104.6475,104.9815,104.3135,104.5135
2025-05-27T22:00:00+01:00,104.5175,104.757,104.2185,104.4015
2025-05-28T06:00:00+01:00,104.4025,104.621,104.2115,104.435
2025-05-28T14:00:00+01:00,104.434,104.9845,104.4325,104.666
2025-05-28T22:00:00+01:00,104.688,105.5765,104.6465,105.299
2025-05-29T06:00:00+01:00,105.2975,105.4665,104.676,104.7055
2025-05-29T14:00:00+01:00,104.7065,104.7725,104.318,104.467
2025-05-29T22:00:00+01:00,104.4635,104.5145,103.9025,104.0335
2025-05-30T06:00:00+01:00,104.0355,104.3755,103.8735,104.1995
2025-05-30T14:00:00+01:00,104.198,105.0455,104.1875,104.856
2025-06-01T22:00:00+01:00,104.704,104.8825,104.53,104.6055
2025-06-02T06:00:00+01:00,104.6045,104.647,104.055,104.2905
2025-06-02T14:00:00+01:00,104.291,104.425,104.017,104.069
2025-06-02T22:00:00+01:00,104.068,104.3715,103.837,104.095
2025-06-03T06:00:00+01:00,104.0955,104.4875,103.871,104.4635
2025-06-03T14:00:00+01:00,104.4625,105.0365,104.418,104.9495
2025-06-03T22:00:00+01:00,104.939,105.1705,104.8135,105.127
2025-06-04T06:00:00+01:00,105.1265,105.304,104.71,104.79
2025-06-04T14:00:00+01:00,104.7895,104.9925,104.337,104.3805
2025-06-04T22:00:00+01:00,104.392,104.609,104.263,104.581
2025-06-05T06:00:00+01:00,104.581,105.237,104.5655,105.0085
2025-06-05T14:00:00+01:00,105.006,105.3515,104.7595,104.9845
2025-06-05T22:00:00+01:00,105.033,105.3195,104.877,105.293
2025-06-06T06:00:00+01:00,105.2915,105.7455,105.2385,105.713
2025-06-06T14:00:00+01:00,105.712,106.015,105.667,105.752
2025-06-08T22:00:00+01:00,105.7775,105.8625,105.4885,105.514
2025-06-09T06:00:00+01:00,105.5145,105.7155,105.282,105.6675
2025-06-09T14:00:00+01:00,105.666,105.76,105.46,105.536
2025-06-09T22:00:00+01:00,105.5725,105.9545,105.4375,105.746
2025-06-10T06:00:00+01:00,105.747,105.75,105.33,105.6515
2025-06-10T14:00:00+01:00,105.6535,106.0335,105.545,105.9855
2025-06-10T22:00:00+01:00,105.981,106.1885,105.838,106.016
2025-06-11T06:00:00+01:00,106.017,106.3125,105.733,105.932
2025-06-11T14:00:00+01:00,105.931,106.1915,105.5845,105.74
2025-06-11T22:00:00+01:00,105.7365,105.7655,105.202,105.422
2025-06-12T06:00:00+01:00,105.423,105.4825,105.1325,105.2315
2025-06-12T14:00:00+01:00,105.231,105.7345,105.1825,105.483
2025-06-12T22:00:00+01:00,105.4825,105.634,104.8,105.2515
2025-06-13T06:00:00+01:00,105.2525,106.001,105.1445,105.9795
2025-06-13T14:00:00+01:00,105.9805,106.1535,105.7645,106.116
2025-06-15T22:00:00+01:00,105.981,106.4985,105.8735,106.097
2025-06-16T06:00:00+01:00,106.098,106.377,106.006,106.275
2025-06-16T14:00:00+01:00,106.274,106.7405,106.0265,106.6575
2025-06-16T22:00:00+01:00,106.6775,106.891,106.4045,106.54
2025-06-17T06:00:00+01:00,106.5395,106.8515,106.445,106.6585
2025-06-17T14:00:00+01:00,106.6545,106.875,106.089,106.2255
2025-06-17T22:00:00+01:00,106.26,106.3985,106.0625,106.176
2025-06-18T06:00:00+01:00,106.177,106.2485,105.9435,106.167
2025-06-18T14:00:00+01:00,106.1685,106.19,105.63,105.974
2025-06-18T22:00:00+01:00,106.0045,106.077,105.6135,105.826
2025-06-19T06:00:00+01:00,105.8265,106.3355,105.7705,106.111
2025-06-19T14:00:00+01:00,106.109,106.1985,105.889,106.1865
2025-06-19T22:00:00+01:00,106.1145,106.255,105.994,106.175
2025-06-20T06:00:00+01:00,106.1745,106.258,106.0215,106.131
2025-06-20T14:00:00+01:00,106.131,106.4265,106.104,106.391
2025-06-22T22:00:00+01:00,106.628,106.853,106.348,106.833
2025-06-23T06:00:00+01:00,106.8335,107.3485,106.8225,106.965
2025-06-23T14:00:00+01:00,106.9655,107.1275,106.2315,106.4085
2025-06-23T22:00:00+01:00,106.437,106.496,105.9095,106.007
2025-06-24T06:00:00+01:00,106.008,106.0695,105.6485,105.786
2025-06-24T14:00:00+01:00,105.785,105.932,105.4095,105.6005
2025-06-24T22:00:00+01:00,105.603,105.7295,105.3675,105.5465
2025-06-25T06:00:00+01:00,105.549,106.181,105.549,106.1665
2025-06-25T14:00:00+01:00,106.168,106.234,105.726,105.797
2025-06-25T22:00:00+01:00,105.827,105.9055,105.4955,105.553
2025-06-26T06:00:00+01:00,105.555,105.63,105.0345,105.5685
2025-06-26T14:00:00+01:00,105.574,106.0085,105.543,105.874
2025-06-26T22:00:00+01:00,105.7955,106.1385,105.737,105.894
2025-06-27T06:00:00+01:00,105.8925,106.006,105.7435,105.877
2025-06-27T14:00:00+01:00,105.8775,106.1595,105.239,105.738
2025-06-29T22:00:00+01:00,105.453,105.689,105.254,105.2815
2025-06-30T06:00:00+01:00,105.2815,105.7725,105.2355,105.7085
2025-06-30T14:00:00+01:00,105.7075,105.949,105.536,105.8475
2025-06-30T22:00:00+01:00,105.8685,105.9225,105.419,105.65
2025-07-01T06:00:00+01:00,105.6535,105.659,104.8515,104.997
2025-07-01T14:00:00+01:00,104.9975,105.365,104.877,105.1165
2025-07-01T22:00:00+01:00,105.127,105.317,105.068,105.201
2025-07-02T06:00:00+01:00,105.201,105.688,105.1905,105.421
2025-07-02T14:00:00+01:00,105.42,105.7825,105.3635,105.7115
2025-07-02T22:00:00+01:00,105.745,105.8375,105.597,105.784
2025-07-03T06:00:00+01:00,105.7855,106.659,105.707,106.4935
2025-07-03T14:00:00+01:00,106.489,107.03,106.4485,106.6935
2025-07-03T22:00:00+01:00,106.716,106.758,106.314,106.3625
2025-07-04T06:00:00+01:00,106.362,106.4075,106.157,106.1645
2025-07-04T14:00:00+01:00,106.1655,106.317,106.1085,106.2195
2025-07-06T22:00:00+01:00,106.29,106.3555,105.95,106.341
2025-07-07T06:00:00+01:00,106.3405,106.6885,106.131,106.682
2025-07-07T14:00:00+01:00,106.6835,107.0365,106.662,106.7445
2025-07-07T22:00:00+01:00,106.747,107.1875,106.647,106.9405
2025-07-08T06:00:00+01:00,106.941,107.4255,106.894,107.385
2025-07-08T14:00:00+01:00,107.3855,107.438,107.148,107.3165
2025-07-08T22:00:00+01:00,107.316,107.5425,107.2015,107.495
2025-07-09T06:00:00+01:00,107.4945,107.5445,106.999,107.0145
2025-07-09T14:00:00+01:00,107.015,107.088,106.8235,106.9445
2025-07-09T22:00:00+01:00,106.9455,107.033,106.584,106.885
2025-07-10T06:00:00+01:00,106.8845,107.1725,106.8335,106.968
2025-07-10T14:00:00+01:00,106.969,107.175,106.9085,107.1295
2025-07-10T22:00:00+01:00,107.117,107.4445,106.5775,107.3935
2025-07-11T06:00:00+01:00,107.3935,107.593,107.1345,107.4505
2025-07-11T14:00:00+01:00,107.45,107.854,107.4015,107.6865
2025-07-13T22:00:00+01:00,107.432,107.7445,107.3365,107.5905
2025-07-14T06:00:00+01:00,107.5885,107.8475,107.5025,107.668
2025-07-14T14:00:00+01:00,107.669,107.9165,107.581,107.785
2025-07-14T22:00:00+01:00,107.7875,107.914,107.7145,107.7955
2025-07-15T06:00:00+01:00,107.7945,108.2845,107.758,108.156
2025-07-15T14:00:00+01:00,108.1575,108.6115,108.1545,108.4885
2025-07-15T22:00:00+01:00,108.4885,108.7415,108.413,108.5875
2025-07-16T06:00:00+01:00,108.5915,108.6115,108.219,108.3495
2025-07-16T14:00:00+01:00,108.349,108.4065,107.246,108.0875
2025-07-16T22:00:00+01:00,107.897,108.393,107.8695,108.243
2025-07-17T06:00:00+01:00,108.244,108.405,107.948,108.105
2025-07-17T14:00:00+01:00,108.1045,108.205,107.942,108.0775
2025-07-17T22:00:00+01:00,108.066,108.241,107.9335,108.2065
2025-07-18T06:00:00+01:00,108.2085,108.3925,108.178,108.2715
2025-07-18T14:00:00+01:00,108.2705,108.459,108.136,108.436
2025-07-20T22:00:00+01:00,107.8925,108.323,107.8595,108.172
2025-07-21T06:00:00+01:00,108.1715,108.177,107.5485,107.67
2025-07-21T14:00:00+01:00,107.6715,107.779,107.429,107.7145
2025-07-21T22:00:00+01:00,107.7045,107.97,107.5565,107.8605
2025-07-22T06:00:00+01:00,107.8535,108.067,107.3,107.32
2025-07-22T14:00:00+01:00,107.319,107.835,107.1885,107.791
2025-07-22T22:00:00+01:00,107.74,108.2325,107.536,108.0545
2025-07-23T06:00:00+01:00,108.0535,108.1815,107.628,107.6375
2025-07-23T14:00:00+01:00,107.639,107.823,107.3935,107.753
2025-07-23T22:00:00+01:00,107.7265,107.8015,107.239,107.358
2025-07-24T06:00:00+01:00,107.355,107.8235,107.326,107.81
2025-07-24T14:00:00+01:00,107.811,107.8615,107.494,107.8155
2025-07-24T22:00:00+01:00,107.815,108.034,107.6905,107.726
2025-07-25T06:00:00+01:00,107.7265,108.1625,107.5525,108.045
2025-07-25T14:00:00+01:00,108.0445,108.058,107.622,107.77
2025-07-27T22:00:00+01:00,107.7715,108.0145,107.7125,107.877
2025-07-28T06:00:00+01:00,107.8805,108.17,107.813,107.932
2025-07-28T14:00:00+01:00,107.9315,108.2535,107.86,108.121
2025-07-28T22:00:00+01:00,108.1015,108.2185,107.9625,108.036
2025-07-29T06:00:00+01:00,108.034,108.1295,107.8645,107.931
2025-07-29T14:00:00+01:00,107.93,108.0935,107.69,107.8205
2025-07-29T22:00:00+01:00,107.827,107.897,107.4315,107.606
2025-07-30T06:00:00+01:00,107.6065,107.8555,107.3455,107.831
2025-07-30T14:00:00+01:00,107.8335,108.14,107.6215,108.126
2025-07-30T22:00:00+01:00,108.1265,108.1395,107.4775,107.7715
2025-07-31T06:00:00+01:00,107.7705,108.607,107.6225,108.578
2025-07-31T14:00:00+01:00,108.579,108.9345,108.561,108.809
2025-07-31T22:00:00+01:00,108.8095,108.9585,108.6575,108.7095
2025-08-01T06:00:00+01:00,108.711,108.738,107.699,107.7325
2025-08-01T14:00:00+01:00,107.731,107.808,106.812,106.926
2025-08-03T22:00:00+01:00,106.8785,107.3215,106.7075,107.2245
2025-08-04T06:00:00+01:00,107.224,107.434,106.7915,106.8735
2025-08-04T14:00:00+01:00,106.8725,107.0095,106.5915,106.7495
2025-08-04T22:00:00+01:00,106.758,106.868,106.5255,106.692
2025-08-05T06:00:00+01:00,106.693,107.089,106.6565,107.026
2025-08-05T14:00:00+01:00,107.025,107.217,106.886,107.182
2025-08-05T22:00:00+01:00,107.184,107.27,106.9935,107.0025
2025-08-06T06:00:00+01:00,107.0035,107.4065,106.998,107.256
2025-08-06T14:00:00+01:00,107.2565,107.424,106.9905,107.2495
2025-08-06T22:00:00+01:00,107.2535,107.5155,107.122,107.299
2025-08-07T06:00:00+01:00,107.301,107.393,106.9005,107.233
2025-08-07T14:00:00+01:00,107.2335,107.2665,106.907,107.0595
2025-08-07T22:00:00+01:00,107.062,107.2125,106.8555,107.1045
2025-08-08T06:00:00+01:00,107.1085,107.694,107.0935,107.4685
2025-08-08T14:00:00+01:00,107.469,107.573,107.365,107.406
2025-08-10T22:00:00+01:00,107.294,107.465,107.241,107.2565
2025-08-11T06:00:00+01:00,107.256,107.367,107.0085,107.197
2025-08-11T14:00:00+01:00,107.194,107.5665,107.182,107.5145
2025-08-11T22:00:00+01:00,107.5115,107.758,107.385,107.705
2025-08-12T06:00:00+01:00,107.7055,107.7265,107.3555,107.433
2025-08-12T14:00:00+01:00,107.434,107.729,107.199,107.3505
2025-08-12T22:00:00+01:00,107.358,107.531,107.214,107.387
2025-08-13T06:00:00+01:00,107.388,107.429,106.9505,107.0495
2025-08-13T14:00:00+01:00,107.0515,107.1505,106.858,107.1205
2025-08-13T22:00:00+01:00,107.1125,107.164,106.3815,106.4095
2025-08-14T06:00:00+01:00,106.4095,106.6095,106.246,106.5315
2025-08-14T14:00:00+01:00,106.5305,107.122,106.513,106.9565
2025-08-14T22:00:00+01:00,106.9605,107.0755,106.5715,106.6085
2025-08-15T06:00:00+01:00,106.6135,106.7235,106.4025,106.4985
2025-08-15T14:00:00+01:00,106.496,106.654,106.352,106.5125
2025-08-17T22:00:00+01:00,106.5575,106.8955,106.4805,106.7935
2025-08-18T06:00:00+01:00,106.7925,107.1795,106.6295,107.121
2025-08-18T14:00:00+01:00,107.1195,107.195,106.8905,107.147
2025-08-18T22:00:00+01:00,107.1465,107.2095,106.8735,107.0045
2025-08-19T06:00:00+01:00,107.004,107.0455,106.7855,106.8335
2025-08-19T14:00:00+01:00,106.8345,106.877,106.3495,106.4835
2025-08-19T22:00:00+01:00,106.4845,106.577,106.251,106.4065
2025-08-20T06:00:00+01:00,106.4075,106.4535,106.0765,106.2805
2025-08-20T14:00:00+01:00,106.279,106.3485,105.9445,106.207
2025-08-20T22:00:00+01:00,106.206,106.293,106.134,106.2035
2025-08-21T06:00:00+01:00,106.204,106.56,106.1935,106.3525
2025-08-21T14:00:00+01:00,106.3535,106.7785,106.231,106.6815
2025-08-21T22:00:00+01:00,106.6785,106.913,106.58,106.901
2025-08-22T06:00:00+01:00,106.902,106.922,106.6705,106.8575
2025-08-22T14:00:00+01:00,106.8605,106.8645,105.976,106.269
2025-08-24T22:00:00+01:00,106.307,106.6175,106.1565,106.426
2025-08-25T06:00:00+01:00,106.4265,106.686,106.3975,106.6275
2025-08-25T14:00:00+01:00,106.628,106.76,106.5415,106.65
2025-08-25T22:00:00+01:00,106.6525,106.7445,106.194,106.664
2025-08-26T06:00:00+01:00,106.665,106.7445,106.419,106.568
2025-08-26T14:00:00+01:00,106.567,106.7085,106.388,106.4955
2025-08-26T22:00:00+01:00,106.5015,106.8855,106.4065,106.876
2025-08-27T06:00:00+01:00,106.8775,106.995,106.7055,106.9085
2025-08-27T14:00:00+01:00,106.9095,107.0075,106.7665,106.8885
2025-08-27T22:00:00+01:00,106.89,107.036,106.7715,106.8025
2025-08-28T06:00:00+01:00,106.802,106.9455,106.687,106.9215
2025-08-28T14:00:00+01:00,106.9225,106.959,106.7175,106.8945
2025-08-28T22:00:00+01:00,106.895,106.9575,106.722,106.8175
2025-08-29T06:00:00+01:00,106.817,107.1235,106.8145,106.9845
2025-08-29T14:00:00+01:00,106.984,107.105,106.844,107.0095
2025-08-31T22:00:00+01:00,107.045,107.2415,106.923,107.0375
2025-09-01T06:00:00+01:00,107.041,107.124,106.814,107.0425
2025-09-01T14:00:00+01:00,107.043,107.149,107.008,107.0365
2025-09-01T22:00:00+01:00,107.0355,107.472,106.9565,107.38
2025-09-02T06:00:00+01:00,107.381,107.962,107.3695,107.781
2025-09-02T14:00:00+01:00,107.7805,107.7935,107.2885,107.655
2025-09-02T22:00:00+01:00,107.6665,107.993,107.5795,107.739
2025-09-03T06:00:00+01:00,107.743,108.035,107.594,107.785
2025-09-03T14:00:00+01:00,107.784,107.8315,107.2245,107.3805
2025-09-03T22:00:00+01:00,107.37,107.426,107.1515,107.377
2025-09-04T06:00:00+01:00,107.378,107.472,107.207,107.448
2025-09-04T14:00:00+01:00,107.4495,107.562,107.311,107.483
2025-09-04T22:00:00+01:00,107.489,107.5585,107.259,107.3305
2025-09-05T06:00:00+01:00,107.3305,107.4685,106.63,106.707
2025-09-05T14:00:00+01:00,106.705,106.7865,106.1715,106.592
2025-09-07T22:00:00+01:00,107.119,107.343,106.9245,107.111
2025-09-08T06:00:00+01:00,107.1095,107.1475,106.7545,107.0845
2025-09-08T14:00:00+01:00,107.086,107.1155,106.702,106.8805
2025-09-08T22:00:00+01:00,106.881,106.982,106.567,106.584
2025-09-09T06:00:00+01:00,106.5845,106.7085,106.0085,106.2955
2025-09-09T14:00:00+01:00,106.295,106.535,106.1305,106.494
2025-09-09T22:00:00+01:00,106.494,106.534,106.3005,106.4435
2025-09-10T06:00:00+01:00,106.443,106.5395,106.2365,106.498
2025-09-10T14:00:00+01:00,106.4995,106.553,106.2445,106.369
2025-09-10T22:00:00+01:00,106.376,106.412,106.2575,106.303
2025-09-11T06:00:00+01:00,106.3035,106.7225,106.278,106.48
2025-09-11T14:00:00+01:00,106.475,106.498,106.202,106.4405
2025-09-11T22:00:00+01:00,106.44,106.5935,106.309,106.568
2025-09-12T06:00:00+01:00,106.569,106.9265,106.4385,106.813
2025-09-12T14:00:00+01:00,106.814,106.82,106.535,106.668
2025-09-14T22:00:00+01:00,106.6365,106.7905,106.5035,106.547
2025-09-15T06:00:00+01:00,106.5485,106.689,106.506,106.5245
2025-09-15T14:00:00+01:00,106.5265,107.0645,106.4645,106.989
2025-09-15T22:00:00+01:00,106.993,107.1115,106.7315,106.754
2025-09-16T06:00:00+01:00,106.7555,107.05,106.576,106.926
2025-09-16T14:00:00+01:00,106.927,106.9585,106.438,106.631
2025-09-16T22:00:00+01:00,106.6265,106.6955,106.4325,106.5105
2025-09-17T06:00:00+01:00,106.5105,106.605,106.3105,106.436
2025-09-17T14:00:00+01:00,106.4375,106.763,105.9815,106.722
2025-09-17T22:00:00+01:00,106.718,106.8095,106.5955,106.797
2025-09-18T06:00:00+01:00,106.7975,107.235,106.7335,107.2165
2025-09-18T14:00:00+01:00,107.215,107.415,107.123,107.298
2025-09-18T22:00:00+01:00,107.299,107.3605,106.7385,106.9305
2025-09-19T06:00:00+01:00,106.931,107.276,106.812,107.227
2025-09-19T14:00:00+01:00,107.2265,107.45,107.0215,107.384
2025-09-21T22:00:00+01:00,107.3505,107.573,107.278,107.475
2025-09-22T06:00:00+01:00,107.478,107.5005,107.015,107.1575
2025-09-22T14:00:00+01:00,107.16,107.2275,106.833,106.918
2025-09-22T22:00:00+01:00,106.9015,107.0405,106.76,106.8725
2025-09-23T06:00:00+01:00,106.8735,107.0015,106.6555,106.9505
2025-09-23T14:00:00+01:00,106.95,106.9755,106.5265,106.718
2025-09-23T22:00:00+01:00,106.72,106.8815,106.5715,106.8345
2025-09-24T06:00:00+01:00,106.835,107.1625,106.77,107.144
2025-09-24T14:00:00+01:00,107.1435,107.208,106.965,107.1535
2025-09-24T22:00:00+01:00,107.1545,107.1665,106.948,107.0255
2025-09-25T06:00:00+01:00,107.024,107.382,106.9675,107.335
2025-09-25T14:00:00+01:00,107.3345,107.6285,107.2,107.4715
2025-09-25T22:00:00+01:00,107.4845,107.6145,107.353,107.382
2025-09-26T06:00:00+01:00,107.3835,107.4625,107.307,107.3645
2025-09-26T14:00:00+01:00,107.365,107.464,107.1605,107.2315
2025-09-28T22:00:00+01:00,107.275,107.356,106.9395,106.992
2025-09-29T06:00:00+01:00,106.993,107.0115,106.6415,106.691
2025-09-29T14:00:00+01:00,106.6915,106.859,106.594,106.8005
2025-09-29T22:00:00+01:00,106.799,106.909,106.6355,106.663
2025-09-30T06:00:00+01:00,106.662,106.681,106.2725,106.3045
2025-09-30T14:00:00+01:00,106.305,106.422,106.074,106.2325
2025-09-30T22:00:00+01:00,106.234,106.434,106.0395,106.05
2025-10-01T06:00:00+01:00,106.05,106.0905,105.324,105.394
2025-10-01T14:00:00+01:00,105.3925,105.5715,105.2625,105.543
2025-10-01T22:00:00+01:00,105.543,105.67,105.455,105.5525
2025-10-02T06:00:00+01:00,105.552,105.74,105.199,105.5365
2025-10-02T14:00:00+01:00,105.5355,105.5525,105.3625,105.4395
2025-10-02T22:00:00+01:00,105.4335,105.8005,105.3545,105.7635
2025-10-03T06:00:00+01:00,105.763,105.8385,105.428,105.5645
2025-10-03T14:00:00+01:00,105.564,105.7815,105.4375,105.714
2025-10-05T22:00:00+01:00,107.053,107.7705,106.746,107.7365
2025-10-06T06:00:00+01:00,107.735,107.8165,107.2805,107.287
2025-10-06T14:00:00+01:00,107.286,107.8745,107.2475,107.83
2025-10-06T22:00:00+01:00,107.829,107.9975,107.743,107.8425
2025-10-07T06:00:00+01:00,107.843,108.178,107.822,108.1
2025-10-07T14:00:00+01:00,108.0995,108.9545,108.031,108.887
2025-10-07T22:00:00+01:00,108.894,109.3035,108.788,109.118
2025-10-08T06:00:00+01:00,109.115,109.661,109.0135,109.423
2025-10-08T14:00:00+01:00,109.422,109.558,109.2945,109.453
2025-10-08T22:00:00+01:00,109.444,109.5435,109.292,109.4305
2025-10-09T06:00:00+01:00,109.4315,109.7545,109.3315,109.5545
2025-10-09T14:00:00+01:00,109.5535,109.635,109.0785,109.2135
2025-10-09T22:00:00+01:00,109.2125,109.295,108.898,108.993
2025-10-10T06:00:00+01:00,108.9945,109.173,108.67,109.1
2025-10-10T14:00:00+01:00,109.101,109.159,107.907,107.93
2025-10-12T22:00:00+01:00,108.544,108.7705,108.395,108.5685
2025-10-13T06:00:00+01:00,108.564,108.8405,108.427,108.629
2025-10-13T14:00:00+01:00,108.628,108.719,108.467,108.503
2025-10-13T22:00:00+01:00,108.512,108.722,108.074,108.144
2025-10-14T06:00:00+01:00,108.1455,108.223,107.917,108.06
2025-10-14T14:00:00+01:00,108.0555,108.3695,107.9665,108.1175
2025-10-14T22:00:00+01:00,108.12,108.1905,107.581,107.7565
2025-10-15T06:00:00+01:00,107.768,108.0155,107.5615,107.925
2025-10-15T14:00:00+01:00,107.9255,108.008,107.495,107.567
2025-10-15T22:00:00+01:00,107.5705,107.753,107.206,107.6385
2025-10-16T06:00:00+01:00,107.639,107.8615,107.478,107.547
2025-10-16T14:00:00+01:00,107.548,107.6825,106.891,107.058
2025-10-16T22:00:00+01:00,107.064,107.1015,106.725,106.816
2025-10-17T06:00:00+01:00,106.8165,107.209,106.2365,107.121
2025-10-17T14:00:00+01:00,107.1195,107.4915,106.9155,107.4345
2025-10-19T22:00:00+01:00,107.3425,107.9295,107.2315,107.4875
2025-10-20T06:00:00+01:00,107.4865,107.567,107.0885,107.2825
2025-10-20T14:00:00+01:00,107.283,107.458,107.141,107.4035
2025-10-20T22:00:00+01:00,107.405,107.6315,107.2495,107.54
2025-10-21T06:00:00+01:00,107.5405,108.5625,107.3885,108.383
2025-10-21T14:00:00+01:00,108.382,108.4525,107.8825,108.3515
2025-10-21T22:00:00+01:00,108.3575,108.4665,108.1385,108.391
2025-10-22T06:00:00+01:00,108.3915,108.567,108.143,108.3465
2025-10-22T14:00:00+01:00,108.3475,108.708,108.2905,108.6015
2025-10-22T22:00:00+01:00,108.6045,108.977,108.5235,108.8935
2025-10-23T06:00:00+01:00,108.8945,109.173,108.8305,109.018
2025-10-23T14:00:00+01:00,109.017,109.223,109.001,109.0535
2025-10-23T22:00:00+01:00,109.0515,109.289,108.9455,109.122
2025-10-24T06:00:00+01:00,109.123,109.2,108.71,108.9045
2025-10-24T14:00:00+01:00,108.903,109.27,108.8045,109.2295
2025-10-26T21:00:00+00:00,109.135,109.495,109.0815,109.467
2025-10-27T05:00:00+00:00,109.4675,109.558,109.1635,109.317
2025-10-27T13:00:00+00:00,109.3195,109.4695,109.193,109.287
2025-10-27T21:00:00+00:00,109.288,109.3095,108.6075,108.623
2025-10-28T05:00:00+00:00,108.6225,108.8095,108.4625,108.6685
2025-10-28T13:00:00+00:00,108.6675,109.2845,108.6645,109.078
2025-10-28T21:00:00+00:00,109.079,109.1395,108.729,109.079
2025-10-29T05:00:00+00:00,109.08,109.421,109.075,109.2875
2025-10-29T13:00:00+00:00,109.289,109.7915,109.031,109.5515
2025-10-29T21:00:00+00:00,109.5495,109.8645,109.2225,109.704
2025-10-30T05:00:00+00:00,109.7045,110.3535,109.629,110.222
2025-10-30T13:00:00+00:00,110.2215,110.392,110.1115,110.224
2025-10-30T21:00:00+00:00,110.225,110.237,109.899,110.071
2025-10-31T05:00:00+00:00,110.07,110.312,109.714,109.886
2025-10-31T13:00:00+00:00,109.8835,110.0185,109.8245,109.914
2025-11-02T22:00:00+00:00,109.9125,110.077,109.84,110.0135
2025-11-03T06:00:00+00:00,110.0115,110.1115,109.6995,109.7015
2025-11-03T14:00:00+00:00,109.7005,109.766,109.427,109.723
2025-11-03T22:00:00+00:00,109.7225,109.8075,109.2595,109.283
2025-11-04T06:00:00+00:00,109.282,109.3255,108.886,108.9425
2025-11-04T14:00:00+00:00,108.942,109.0625,108.8715,108.96
2025-11-04T22:00:00+00:00,108.9585,109.0235,108.373,108.8055
2025-11-05T06:00:00+00:00,108.805,108.954,108.626,108.95
2025-11-05T14:00:00+00:00,108.9485,109.3005,108.8955,109.2405
2025-11-05T22:00:00+00:00,109.2405,109.296,109.059,109.133
2025-11-06T06:00:00+00:00,109.1335,109.227,108.874,108.902
2025-11-06T14:00:00+00:00,108.9025,108.912,108.202,108.4395
2025-11-06T22:00:00+00:00,108.4455,108.5985,108.3055,108.5885
2025-11-07T06:00:00+00:00,108.5915,109.083,108.4265,109.045
2025-11-07T14:00:00+00:00,109.046,109.417,108.7175,109.2765
2025-11-09T22:00:00+00:00,109.386,109.841,109.243,109.758
2025-11-10T06:00:00+00:00,109.7565,110.08,109.7325,109.9505
2025-11-10T14:00:00+00:00,109.9495,109.9665,109.685,109.945
2025-11-10T22:00:00+00:00,109.943,110.1,109.8145,109.8245
2025-11-11T06:00:00+00:00,109.824,110.064,109.6905,109.796
2025-11-11T14:00:00+00:00,109.7955,110.0705,109.759,109.9845
2025-11-11T22:00:00+00:00,109.9835,110.437,109.884,110.3825
2025-11-12T06:00:00+00:00,110.3815,110.5955,110.323,110.5515
2025-11-12T14:00:00+00:00,110.5505,110.5955,110.371,110.5215
2025-11-12T22:00:00+00:00,110.5205,110.643,110.4125,110.6085
2025-11-13T06:00:00+00:00,110.61,110.6405,110.355,110.4185
2025-11-13T14:00:00+00:00,110.4175,110.4645,109.9595,110.1275
2025-11-13T22:00:00+00:00,110.1265,110.254,110.0425,110.1535
2025-11-14T06:00:00+00:00,110.152,110.2555,109.565,109.866
2025-11-14T14:00:00+00:00,109.865,110.3495,109.823,110.1935
2025-11-16T22:00:00+00:00,110.2405,110.3155,110.087,110.262
2025-11-17T06:00:00+00:00,110.261,110.453,110.2605,110.3435
2025-11-17T14:00:00+00:00,110.342,110.7345,110.3395,110.4655
2025-11-17T22:00:00+00:00,110.464,110.573,110.1425,110.3885
2025-11-18T06:00:00+00:00,110.3905,110.801,110.216,110.755
2025-11-18T14:00:00+00:00,110.7535,111.455,110.6105,111.1755
2025-11-18T22:00:00+00:00,111.179,111.259,110.917,111.024
2025-11-19T06:00:00+00:00,111.024,111.6105,111.006,111.5015
2025-11-19T14:00:00+00:00,111.503,111.912,111.428,111.855
2025-11-19T22:00:00+00:00,111.8545,112.109,111.6985,112.085
2025-11-20T06:00:00+00:00,112.086,112.27,111.776,112.1745
2025-11-20T14:00:00+00:00,112.173,112.291,111.55,111.743
2025-11-20T22:00:00+00:00,111.746,111.828,111.5045,111.585
2025-11-21T06:00:00+00:00,111.5835,111.6125,111.02,111.313
2025-11-21T14:00:00+00:00,111.314,111.3265,110.6015,110.9055
2025-11-23T22:00:00+00:00,110.93,111.215,110.896,111.1005
2025-11-24T06:00:00+00:00,111.1035,111.333,111.017,111.2745
2025-11-24T14:00:00+00:00,111.275,111.445,111.0715,111.2215
2025-11-24T22:00:00+00:00,111.2115,111.2655,110.9805,111.033
2025-11-25T06:00:00+00:00,111.034,111.0695,110.6105,110.701
2025-11-25T14:00:00+00:00,110.699,110.7755,110.441,110.7105
2025-11-25T22:00:00+00:00,110.712,110.996,110.568,110.925
2025-11-26T06:00:00+00:00,110.9265,111.1885,110.921,111.1385
2025-11-26T14:00:00+00:00,111.14,111.496,111.076,111.4195
2025-11-26T22:00:00+00:00,111.4285,111.4885,110.962,111.179
2025-11-27T06:00:00+00:00,111.181,111.4235,111.139,111.284
2025-11-27T14:00:00+00:00,111.2855,111.4795,111.2685,111.4165
2025-11-27T22:00:00+00:00,111.367,111.5925,111.2735,111.404
2025-11-28T06:00:00+00:00,111.4055,111.598,111.212,111.4725
2025-11-28T14:00:00+00:00,111.4715,112.009,111.453,111.724
2025-11-30T22:00:00+00:00,111.687,111.781,111.107,111.251
2025-12-01T06:00:00+00:00,111.252,111.321,110.822,110.8995
2025-12-01T14:00:00+00:00,110.901,111.155,110.8975,111.055
2025-12-01T22:00:00+00:00,111.0515,111.2455,111.0225,111.204
2025-12-02T06:00:00+00:00,111.202,111.479,111.193,111.437
2025-12-02T14:00:00+00:00,111.437,111.7195,111.3135,111.587
2025-12-02T22:00:00+00:00,111.5565,111.626,111.3945,111.438
2025-12-03T06:00:00+00:00,111.437,111.5945,111.3255,111.501
2025-12-03T14:00:00+00:00,111.5025,111.5145,111.153,111.292
2025-12-03T22:00:00+00:00,111.2895,111.4005,111.0995,111.2005
2025-12-04T06:00:00+00:00,111.1985,111.2975,110.6045,110.8475
2025-12-04T14:00:00+00:00,110.8465,111.1735,110.7675,111.1325
2025-12-04T22:00:00+00:00,111.1285,111.2155,110.7925,110.836
2025-12-05T06:00:00+00:00,110.8345,111.7685,110.7195,111.758
2025-12-05T14:00:00+00:00,111.7585,112.4795,111.672,112.468
2025-12-07T22:00:00+00:00,112.2355,112.35,112.0615,112.3065
2025-12-08T06:00:00+00:00,112.308,112.7625,112.279,112.6985
2025-12-08T14:00:00+00:00,112.6975,112.8155,112.3835,112.524
2025-12-08T22:00:00+00:00,112.5225,112.728,112.4655,112.6485
2025-12-09T06:00:00+00:00,112.6495,113.0615,112.5755,112.969
2025-12-09T14:00:00+00:00,112.9685,113.4615,112.9665,113.3035
2025-12-09T22:00:00+00:00,113.3005,113.35,112.9995,113.123
2025-12-10T06:00:00+00:00,113.1245,113.2435,113.0185,113.086
2025-12-10T14:00:00+00:00,113.084,113.246,112.8275,113.127
2025-12-10T22:00:00+00:00,113.1285,113.1845,112.666,113.002
2025-12-11T06:00:00+00:00,113.0005,113.029,112.6415,112.6475
2025-12-11T14:00:00+00:00,112.656,113.043,112.507,112.9965
2025-12-11T22:00:00+00:00,112.989,113.1085,112.846,113.089
2025-12-12T06:00:00+00:00,113.09,113.4195,112.971,113.4015
2025-12-12T14:00:00+00:00,113.3995,113.448,112.8785,113.1605
2025-12-14T22:00:00+00:00,113.208,113.2945,112.636,112.6365
2025-12-15T06:00:00+00:00,112.6355,112.8525,112.5005,112.6955
2025-12-15T14:00:00+00:00,112.6935,112.848,112.4855,112.76
2025-12-15T22:00:00+00:00,112.753,112.8025,112.3575,112.455
2025-12-16T06:00:00+00:00,112.4545,112.5985,112.323,112.4975
2025-12-16T14:00:00+00:00,112.4965,112.7515,112.293,112.4895
2025-12-16T22:00:00+00:00,112.4905,112.6485,112.2855,112.639
2025-12-17T06:00:00+00:00,112.64,112.9465,112.6285,112.824
2025-12-17T14:00:00+00:00,112.826,113.0475,112.752,112.9435
2025-12-17T22:00:00+00:00,112.94,113.1615,112.772,113.1075
2025-12-18T06:00:00+00:00,113.108,113.269,112.833,112.9575
2025-12-18T14:00:00+00:00,112.9565,113.089,112.733,112.9355
2025-12-18T22:00:00+00:00,112.9325,113.287,112.8205,113.1365
2025-12-19T06:00:00+00:00,113.137,114.17,113.0145,114.1565
2025-12-19T14:00:00+00:00,114.1545,114.456,113.9415,114.3295
2025-12-21T22:00:00+00:00,114.315,114.337,113.9615,114.0985
2025-12-22T06:00:00+00:00,114.1,114.368,113.9705,114.279
2025-12-22T14:00:00+00:00,114.2785,114.3125,114.0605,114.2295
2025-12-22T22:00:00+00:00,114.2305,114.294,113.4895,113.548
2025-12-23T06:00:00+00:00,113.547,114.1615,113.5155,114.126
2025-12-23T14:00:00+00:00,114.1255,114.217,113.8775,114.137
2025-12-23T22:00:00+00:00,114.1225,114.1465,113.722,113.856
2025-12-24T06:00:00+00:00,113.855,114.064,113.775,114.049
2025-12-24T14:00:00+00:00,114.054,114.102,113.8335,113.9875
2025-12-24T22:00:00+00:00,113.99,114.097,113.8275,113.954
2025-12-25T06:00:00+00:00,113.9595,114.1105,113.83,114.109
2025-12-25T22:00:00+00:00,114.0195,114.462,113.9265,114.2265
2025-12-26T06:00:00+00:00,114.2275,114.521,114.139,114.4935
2025-12-26T14:00:00+00:00,114.495,114.643,114.4475,114.524
2025-12-28T22:00:00+00:00,114.5715,114.646,114.1745,114.348
2025-12-29T06:00:00+00:00,114.348,114.365,114.044,114.182
2025-12-29T14:00:00+00:00,114.183,114.2835,113.966,114.031
2025-12-29T22:00:00+00:00,114.0325,114.249,113.9475,114.0495
2025-12-30T06:00:00+00:00,114.0505,114.119,113.8195,114.014
2025-12-30T14:00:00+00:00,114.015,114.3555,113.991,114.2245
2025-12-30T22:00:00+00:00,114.2195,114.3725,114.1595,114.31
2025-12-31T06:00:00+00:00,114.311,114.551,114.194,114.499
2025-12-31T14:00:00+00:00,114.499,114.6145,114.119,114.176
2026-01-01T22:00:00+00:00,114.224,114.4195,114.1605,114.403
2026-01-02T06:00:00+00:00,114.4025,114.563,114.1895,114.2045
2026-01-02T14:00:00+00:00,114.206,114.2665,114.0075,114.209
2026-01-04T22:00:00+00:00,114.108,114.39,114.0365,114.166
2026-01-05T06:00:00+00:00,114.1675,114.192,113.5925,113.6555
2026-01-05T14:00:00+00:00,113.657,113.987,113.4525,113.5735
2026-01-05T22:00:00+00:00,113.5605,113.843,113.5065,113.656
2026-01-06T06:00:00+00:00,113.657,113.708,113.4915,113.5515
2026-01-06T14:00:00+00:00,113.5505,113.7005,113.3805,113.3955
2026-01-06T22:00:00+00:00,113.3985,113.48,113.213,113.2195
2026-01-07T06:00:00+00:00,113.2205,113.4255,113.1295,113.3825
2026-01-07T14:00:00+00:00,113.3845,113.481,113.0865,113.1075
2026-01-07T22:00:00+00:00,113.107,113.2345,112.97,113.001
2026-01-08T06:00:00+00:00,112.999,113.239,112.7515,113.2385
2026-01-08T14:00:00+00:00,113.2425,113.3915,113.0265,113.1825
2026-01-08T22:00:00+00:00,113.1835,113.4735,113.0535,113.472
2026-01-09T06:00:00+00:00,113.469,113.7115,113.451,113.4915
2026-01-09T14:00:00+00:00,113.4905,113.8515,113.4255,113.495
2026-01-11T22:00:00+00:00,113.6365,113.8375,113.424,113.755
2026-01-12T06:00:00+00:00,113.755,113.8425,113.6775,113.8015
2026-01-12T14:00:00+00:00,113.8,114.033,113.696,113.9465
2026-01-12T22:00:00+00:00,113.946,114.561,113.7985,114.471
2026-01-13T06:00:00+00:00,114.4715,114.59,114.351,114.5465
2026-01-13T14:00:00+00:00,114.549,114.6565,114.4005,114.5595
2026-01-13T22:00:00+00:00,114.519,114.7575,114.517,114.7425
2026-01-14T06:00:00+00:00,114.7415,114.755,113.9585,114.278
2026-01-14T14:00:00+00:00,114.279,114.343,113.9185,114.1515
2026-01-14T22:00:00+00:00,114.1355,114.198,113.9445,113.9975
2026-01-15T06:00:00+00:00,113.995,114.2035,113.861,114.1915
2026-01-15T14:00:00+00:00,114.1905,114.2795,114.0045,114.2245
2026-01-15T22:00:00+00:00,114.2,114.2485,113.742,114.0085
2026-01-16T06:00:00+00:00,114.0105,114.0465,113.6525,113.687
2026-01-16T14:00:00+00:00,113.684,113.744,113.478,113.6335
2026-01-18T22:00:00+00:00,113.521,113.692,113.2965,113.6615
2026-01-19T06:00:00+00:00,113.661,113.872,113.583,113.7505
2026-01-19T14:00:00+00:00,113.7525,114.086,113.74,114.0175
2026-01-19T22:00:00+00:00,114.0185,114.172,113.775,114.138
2026-01-20T06:00:00+00:00,114.1345,114.482,113.945,114.1495
2026-01-20T14:00:00+00:00,114.15,114.4295,114.0605,114.301
2026-01-20T22:00:00+00:00,114.343,114.3945,114.1635,114.343
2026-01-21T06:00:00+00:00,114.342,114.495,114.0825,114.465
2026-01-21T14:00:00+00:00,114.4655,114.6925,114.3695,114.419
2026-01-21T22:00:00+00:00,114.417,114.8495,114.3595,114.8495
2026-01-22T06:00:00+00:00,114.8505,115.0055,114.6875,114.945
2026-01-22T14:00:00+00:00,114.9465,115.0055,114.663,114.9225
2026-01-22T22:00:00+00:00,114.9215,115.1015,114.8285,115.041
2026-01-23T06:00:00+00:00,115.043,115.4345,114.0905,114.9745
2026-01-23T14:00:00+00:00,114.9735,115.154,113.5985,113.624
2026-01-25T22:00:00+00:00,112.91,113.3865,112.439,112.649
2026-01-26T06:00:00+00:00,112.6495,112.84,112.06,112.4305
2026-01-26T14:00:00+00:00,112.4295,112.5295,112.18,112.489
2026-01-26T22:00:00+00:00,112.4895,112.6185,112.355,112.4915
2026-01-27T06:00:00+00:00,112.491,112.756,111.7375,112.1
2026-01-27T14:00:00+00:00,112.099,112.663,111.9445,112.1385
2026-01-27T22:00:00+00:00,112.1145,112.4445,112.0445,112.357
2026-01-28T06:00:00+00:00,112.358,112.7885,112.2125,112.7435
2026-01-28T14:00:00+00:00,112.742,113.292,112.665,113.181
2026-01-28T22:00:00+00:00,113.168,113.2995,112.91,113.143
2026-01-29T06:00:00+00:00,113.145,113.4745,113.1315,113.4275
2026-01-29T14:00:00+00:00,113.431,113.583,112.6125,113.516
2026-01-29T22:00:00+00:00,113.518,113.9875,113.1875,113.875
2026-01-30T06:00:00+00:00,113.874,114.045,113.652,113.9645
2026-01-30T14:00:00+00:00,113.9655,114.455,113.533,113.659
2026-02-01T22:00:00+00:00,113.8045,114.1955,113.3165,113.378
2026-02-02T06:00:00+00:00,113.379,113.717,113.113,113.6145
2026-02-02T14:00:00+00:00,113.6135,113.98,113.5705,113.756
2026-02-02T22:00:00+00:00,113.7545,113.889,113.6385,113.748
2026-02-03T06:00:00+00:00,113.747,114.1755,113.717,114.072
2026-02-03T14:00:00+00:00,114.0735,114.2465,113.9705,114.192
2026-02-03T22:00:00+00:00,114.219,114.6615,114.143,114.6365
2026-02-04T06:00:00+00:00,114.636,114.8405,114.6045,114.6465
2026-02-04T14:00:00+00:00,114.6485,114.899,114.409,114.811
2026-02-04T22:00:00+00:00,114.8195,114.8905,114.484,114.726
2026-02-05T06:00:00+00:00,114.727,114.919,114.5405,114.5855
2026-02-05T14:00:00+00:00,114.5835,114.904,114.478,114.5505
2026-02-05T22:00:00+00:00,114.5505,114.659,114.1295,114.5045
2026-02-06T06:00:00+00:00,114.5035,115.091,114.426,114.918
2026-02-06T14:00:00+00:00,114.9175,115.1925,114.8795,114.95
2026-02-08T22:00:00+00:00,115.2555,115.35,114.428,114.701
2026-02-09T06:00:00+00:00,114.693,115.0125,114.555,114.636
2026-02-09T14:00:00+00:00,114.6355,115.0565,114.495,114.9815
2026-02-09T22:00:00+00:00,114.988,115.2205,114.4195,114.569
2026-02-10T06:00:00+00:00,114.568,114.757,114.1485,114.2325
2026-02-10T14:00:00+00:00,114.233,114.263,113.8285,113.945
2026-02-10T22:00:00+00:00,113.93,114.036,113.175,113.191
2026-02-11T06:00:00+00:00,113.1935,113.7345,112.535,113.2555
2026-02-11T14:00:00+00:00,113.253,113.372,112.5315,112.894
2026-02-11T22:00:00+00:00,112.899,113.009,112.241,112.7595
2026-02-12T06:00:00+00:00,112.7605,113.269,112.562,112.9885
2026-02-12T14:00:00+00:00,112.989,113.039,111.7795,112.241
2026-02-12T22:00:00+00:00,112.2375,112.631,112.082,112.504
2026-02-13T06:00:00+00:00,112.506,112.971,112.308,112.531
2026-02-13T14:00:00+00:00,112.5315,112.5605,112.0605,112.119
2026-02-15T22:00:00+00:00,112.2285,112.5485,112.058,112.511
2026-02-16T06:00:00+00:00,112.512,112.879,112.4895,112.5305
2026-02-16T14:00:00+00:00,112.533,112.648,112.4495,112.552
2026-02-16T22:00:00+00:00,112.56,112.75,112.0605,112.135
2026-02-17T06:00:00+00:00,112.133,112.277,111.906,112.122
2026-02-17T14:00:00+00:00,112.119,112.5645,112.1075,112.439
2026-02-17T22:00:00+00:00,112.443,112.6045,112.2265,112.407
2026-02-18T06:00:00+00:00,112.4065,112.7435,112.373,112.6335
2026-02-18T14:00:00+00:00,112.6335,113.074,112.6205,113.0395
2026-02-18T22:00:00+00:00,113.04,113.371,112.9035,113.363
2026-02-19T06:00:00+00:00,113.365,113.416,112.891,113.214
2026-02-19T14:00:00+00:00,113.2155,113.354,113.087,113.329
2026-02-19T22:00:00+00:00,113.285,113.495,113.165,113.479
2026-02-20T06:00:00+00:00,113.478,113.695,113.221,113.5445
2026-02-20T14:00:00+00:00,113.544,113.6295,113.0855,113.3415
2026-02-22T22:00:00+00:00,113.2785,113.362,112.7365,112.989
2026-02-23T06:00:00+00:00,112.986,113.2865,112.8855,113.0475
2026-02-23T14:00:00+00:00,113.0485,113.219,112.6935,112.915
2026-02-23T22:00:00+00:00,112.9185,113.3435,112.824,113.274
2026-02-24T06:00:00+00:00,113.273,114.048,113.112,113.797
2026-02-24T14:00:00+00:00,113.798,113.831,113.51,113.7645
2026-02-24T22:00:00+00:00,113.7675,113.989,113.5235,113.767
2026-02-25T06:00:00+00:00,113.766,114.5055,113.709,114.376
2026-02-25T14:00:00+00:00,114.3765,114.458,114.187,114.3275
2026-02-25T22:00:00+00:00,114.32,114.437,113.965,114.127
2026-02-26T06:00:00+00:00,114.1225,114.2675,114.008,114.1065
2026-02-26T14:00:00+00:00,114.104,114.286,113.7585,114.1355
2026-02-26T22:00:00+00:00,114.1335,114.2255,113.82,114.051
2026-02-27T06:00:00+00:00,114.0525,114.2475,113.995,114.2125
2026-02-27T14:00:00+00:00,114.213,114.545,114.131,114.393
2026-03-01T22:00:00+00:00,114.274,114.864,114.274,114.8235
2026-03-02T06:00:00+00:00,114.8255,115.25,114.796,115.117
2026-03-02T14:00:00+00:00,115.1185,115.28,114.784,115.072
2026-03-02T22:00:00+00:00,115.1085,115.302,114.955,115.0925
2026-03-03T06:00:00+00:00,115.0905,115.2825,114.934,115.1225
2026-03-03T14:00:00+00:00,115.1205,115.502,114.727,115.3025
2026-03-03T22:00:00+00:00,115.301,115.402,114.8665,115.109
2026-03-04T06:00:00+00:00,115.1115,115.323,114.893,115.0615
2026-03-04T14:00:00+00:00,115.063,115.2455,114.7865,115.118
2026-03-04T22:00:00+00:00,115.1175,115.203,114.779,115.058
2026-03-05T06:00:00+00:00,115.059,115.7185,114.9525,115.609
2026-03-05T14:00:00+00:00,115.608,115.619,115.027,115.2415
2026-03-05T22:00:00+00:00,115.2355,115.559,115.1005,115.523
2026-03-06T06:00:00+00:00,115.522,115.707,115.384,115.674
2026-03-06T14:00:00+00:00,115.6745,116.3815,115.4095,116.3215
2026-03-08T21:00:00+00:00,116.2075,117.2025,116.1745,117.1205
2026-03-09T05:00:00+00:00,117.1185,117.154,116.7135,116.874
2026-03-09T13:00:00+00:00,116.8745,116.8845,115.9895,116.042
2026-03-09T21:00:00+00:00,116.046,116.2895,115.884,116.109
2026-03-10T05:00:00+00:00,116.11,116.6125,115.839,116.474
2026-03-10T13:00:00+00:00,116.473,116.473,115.961,116.3865
2026-03-10T21:00:00+00:00,116.3825,116.7665,116.302,116.6095
2026-03-11T05:00:00+00:00,116.6105,116.8755,116.4,116.6975
2026-03-11T13:00:00+00:00,116.6965,117.0675,116.58,116.943
2026-03-11T21:00:00+00:00,116.9425,117.1155,116.847,117.086
2026-03-12T05:00:00+00:00,117.085,117.114,116.679,116.8425
2026-03-12T13:00:00+00:00,116.8405,117.048,116.793,116.835
2026-03-12T21:00:00+00:00,116.8315,117.0225,116.715,116.9015
2026-03-13T05:00:00+00:00,116.902,116.903,116.252,116.289
2026-03-13T13:00:00+00:00,116.287,116.484,116.099,116.452
2026-03-15T21:00:00+00:00,116.2635,116.459,116.1675,116.333
2026-03-16T05:00:00+00:00,116.331,116.392,116.0435,116.228
2026-03-16T13:00:00+00:00,116.2235,116.505,116.1995,116.2365
2026-03-16T21:00:00+00:00,116.232,116.5155,116.1525,116.3645
2026-03-17T05:00:00+00:00,116.365,116.4395,115.9785,116.065
2026-03-17T13:00:00+00:00,116.063,116.175,115.839,116.146
2026-03-17T21:00:00+00:00,116.143,116.2475,115.901,115.941
2026-03-18T05:00:00+00:00,115.942,116.3675,115.7215,116.334
2026-03-18T13:00:00+00:00,116.3335,116.5045,116.236,116.433
2026-03-18T21:00:00+00:00,116.436,116.508,116.2715,116.321
2026-03-19T05:00:00+00:00,116.32,116.442,115.7285,115.789
2026-03-19T13:00:00+00:00,115.7895,115.802,114.7225,114.828
2026-03-19T21:00:00+00:00,114.833,115.3745,114.734,115.3415
2026-03-20T05:00:00+00:00,115.341,115.8055,115.276,115.723
2026-03-20T13:00:00+00:00,115.7205,116.21,115.6725,116.0285
2026-03-22T21:00:00+00:00,116.143,116.404,115.9375,116.2155
2026-03-23T05:00:00+00:00,116.216,116.278,115.5345,115.7285
2026-03-23T13:00:00+00:00,115.7295,115.808,115.192,115.4325
2026-03-23T21:00:00+00:00,115.4315,115.5015,115.2995,115.409
2026-03-24T05:00:00+00:00,115.41,115.6015,115.271,115.56
2026-03-24T13:00:00+00:00,115.5595,115.652,115.2525,115.314
2026-03-24T21:00:00+00:00,115.3135,115.4565,115.2325,115.3635
2026-03-25T05:00:00+00:00,115.3615,115.4905,115.115,115.3585
2026-03-25T13:00:00+00:00,115.3595,115.5135,115.243,115.477
2026-03-25T21:00:00+00:00,115.4735,115.5535,115.332,115.3765
2026-03-26T05:00:00+00:00,115.3765,115.4515,115.243,115.396
2026-03-26T13:00:00+00:00,115.398,115.4525,115.148,115.3185
2026-03-26T21:00:00+00:00,115.3195,115.3345,115.08,115.2415
2026-03-27T05:00:00+00:00,115.24,115.507,115.193,115.285
2026-03-27T13:00:00+00:00,115.2845,115.5135,115.173,115.3755
2026-03-29T22:00:00+01:00,115.4345,115.532,114.952,115.0185
2026-03-30T06:00:00+01:00,115.02,115.067,114.4405,114.4495
2026-03-30T14:00:00+01:00,114.4485,114.734,114.4015,114.698
2026-03-30T22:00:00+01:00,114.705,114.8765,114.5795,114.583
2026-03-31T06:00:00+01:00,114.5835,114.663,114.317,114.331
2026-03-31T14:00:00+01:00,114.33,114.389,113.8415,114.062
2026-03-31T22:00:00+01:00,114.0765,114.3335,113.997,114.149
2026-04-01T06:00:00+01:00,114.15,114.3105,113.858,114.081
2026-04-01T14:00:00+01:00,114.079,114.493,114.056,114.453
2026-04-01T22:00:00+01:00,114.452,114.724,114.2695,114.541
2026-04-02T06:00:00+01:00,114.5415,114.8345,114.4885,114.6895
2026-04-02T14:00:00+01:00,114.6875,114.7495,114.383,114.656
2026-04-02T22:00:00+01:00,114.6685,114.7215,114.5425,114.6365
2026-04-03T06:00:00+01:00,114.636,114.702,114.4975,114.5095
2026-04-03T14:00:00+01:00,114.509,114.586,114.387,114.4915
2026-04-05T22:00:00+01:00,114.47,114.644,114.37,114.4915
2026-04-06T06:00:00+01:00,114.491,114.651,114.442,114.5915
2026-04-06T14:00:00+01:00,114.593,114.8305,114.577,114.7915
2026-04-06T22:00:00+01:00,114.788,114.8495,114.7345,114.776
2026-04-07T06:00:00+01:00,114.7765,114.9325,114.587,114.8355
2026-04-07T14:00:00+01:00,114.835,115.087,114.7605,114.9585
2026-04-07T22:00:00+01:00,114.9205,115.001,114.4,114.468
2026-04-08T06:00:00+01:00,114.4685,114.523,114.0295,114.1675
2026-04-08T14:00:00+01:00,114.1685,114.608,114.0515,114.53
2026-04-08T22:00:00+01:00,114.541,114.72,114.4305,114.632
2026-04-09T06:00:00+01:00,114.6305,115.032,114.6105,114.945
2026-04-09T14:00:00+01:00,114.9445,115.2385,114.8635,115.076
2026-04-09T22:00:00+01:00,115.077,115.1925,115.052,115.1465
2026-04-10T06:00:00+01:00,115.1475,115.242,115.0365,115.1675
2026-04-10T14:00:00+01:00,115.166,115.3195,114.9775,115.0925
2026-04-12T22:00:00+01:00,115.1625,115.291,115.059,115.251
2026-04-13T06:00:00+01:00,115.2515,115.4605,115.163,115.4085
2026-04-13T14:00:00+01:00,115.4065,115.6875,115.3425,115.6175
2026-04-13T22:00:00+01:00,115.6175,115.6365,115.377,115.386
2026-04-14T06:00:00+01:00,115.3855,115.606,115.327,115.5395
2026-04-14T14:00:00+01:00,115.5375,115.6185,115.2515,115.341
2026-04-14T22:00:00+01:00,115.339,115.458,115.308,115.419
2026-04-15T06:00:00+01:00,115.4195,115.5535,115.2835,115.514
2026-04-15T14:00:00+01:00,115.517,115.8765,115.4725,115.7275
2026-04-15T22:00:00+01:00,115.727,115.8325,115.409,115.7075
2026-04-16T06:00:00+01:00,115.708,115.9675,115.6795,115.96
2026-04-16T14:00:00+01:00,115.9595,116.24,115.8745,116.16
2026-04-16T22:00:00+01:00,116.161,116.51,116.0485,116.509
2026-04-17T06:00:00+01:00,116.5095,116.596,115.9355,115.963
2026-04-17T14:00:00+01:00,115.958,116.023,115.3165,115.852
2026-04-19T22:00:00+01:00,116.058,116.185,115.943,116.035
2026-04-20T06:00:00+01:00,116.0345,116.1755,115.9405,116.0395
2026-04-20T14:00:00+01:00,116.0415,116.485,115.903,116.394
2026-04-20T22:00:00+01:00,116.356,116.536,116.2485,116.4725
2026-04-21T06:00:00+01:00,116.474,116.6185,116.3595,116.6085
2026-04-21T14:00:00+01:00,116.608,116.8565,116.5685,116.6245
2026-04-21T22:00:00+01:00,116.6235,116.7275,116.565,116.6835
2026-04-22T06:00:00+01:00,116.6825,116.7905,116.4945,116.601
2026-04-22T14:00:00+01:00,116.6015,116.804,116.485,116.656
2026-04-22T22:00:00+01:00,116.661,116.76,116.58,116.717
2026-04-23T06:00:00+01:00,116.716,116.907,116.6005,116.6105
2026-04-23T14:00:00+01:00,116.609,116.7455,116.4495,116.5905
2026-04-23T22:00:00+01:00,116.5875,116.665,116.455,116.548
2026-04-24T06:00:00+01:00,116.5485,116.7275,116.412,116.625
2026-04-24T14:00:00+01:00,116.6235,116.6855,116.459,116.6105
2026-04-26T22:00:00+01:00,116.661,116.783,116.484,116.5455
2026-04-27T06:00:00+01:00,116.546,117.07,116.5385,117.067
2026-04-27T14:00:00+01:00,117.066,117.089,116.8705,117
2026-04-27T22:00:00+01:00,117,117.08,116.617,116.697
2026-04-28T06:00:00+01:00,116.6975,117.0805,116.5995,116.622
2026-04-28T14:00:00+01:00,116.623,116.824,116.6,116.645
2026-04-28T22:00:00+01:00,116.652,116.745,116.5675,116.649
2026-04-29T06:00:00+01:00,116.6485,116.9805,116.612,116.9705
2026-04-29T14:00:00+01:00,116.969,117.3005,116.813,117.228
2026-04-29T22:00:00+01:00,117.243,117.359,117.1365,117.329
2026-04-30T06:00:00+01:00,117.33,117.5195,113.917,114.74
2026-04-30T14:00:00+01:00,114.7425,115.3645,114.3615,115.3175
2026-04-30T22:00:00+01:00,115.3355,115.8995,115.1915,115.7555
2026-05-01T06:00:00+01:00,115.755,115.8095,114.593,115.469
2026-05-01T14:00:00+01:00,115.4675,115.631,115.257,115.5865
2026-05-03T22:00:00+01:00,115.3835,115.699,114.6325,115.3415
2026-05-04T06:00:00+01:00,115.342,115.536,115.2115,115.4145
2026-05-04T14:00:00+01:00,115.413,115.6015,115.092,115.419
2026-05-04T22:00:00+01:00,115.428,115.48,115.3545,115.4215
2026-05-05T06:00:00+01:00,115.4205,115.944,115.3805,115.826
2026-05-05T14:00:00+01:00,115.829,115.971,115.762,115.94
2026-05-05T22:00:00+01:00,115.9405,116.099,114.126,114.7735
2026-05-06T06:00:00+01:00,114.77,115.18,114.5495,114.8255
2026-05-06T14:00:00+01:00,114.828,114.8525,114.6015,114.7115
2026-05-06T22:00:00+01:00,114.733,114.7955,114.492,114.687
2026-05-07T06:00:00+01:00,114.685,114.821,114.4945,114.6405
2026-05-07T14:00:00+01:00,114.6395,115.033,114.5545,114.8495
2026-05-07T22:00:00+01:00,114.8585,114.9405,114.705,114.8615
2026-05-08T06:00:00+01:00,114.86,114.911,114.3725,114.4215
2026-05-08T14:00:00+01:00,114.42,114.6295,114.1735,114.5625
2026-05-10T22:00:00+01:00,114.4045,114.844,114.373,114.7455
2026-05-11T06:00:00+01:00,114.746,115.0325,114.725,114.9635
2026-05-11T14:00:00+01:00,114.9625,115.075,114.8715,114.915
2026-05-11T22:00:00+01:00,114.9145,115.1505,114.7935,115.0925
2026-05-12T06:00:00+01:00,115.093,115.2155,114.517,114.994
2026-05-12T14:00:00+01:00,114.995,115.123,114.863,115.097
2026-05-12T22:00:00+01:00,115.097,115.248,115.013,115.1725
2026-05-13T06:00:00+01:00,115.173,115.289,115.037,115.2535
2026-05-13T14:00:00+01:00,115.254,115.2835,115.0765,115.1675
2026-05-13T22:00:00+01:00,115.1705,115.2615,114.936,115.2015
2026-05-14T06:00:00+01:00,115.2025,115.2445,115.0415,115.11
2026-05-14T14:00:00+01:00,115.109,115.492,114.6785,115.431
2026-05-14T22:00:00+01:00,115.428,115.48,115.296,115.318
2026-05-15T06:00:00+01:00,115.3185,115.442,115.1845,115.2975
2026-05-15T14:00:00+01:00,115.295,115.5605,115.227,115.468
2026-05-17T22:00:00+01:00,115.398,115.674,115.292,115.5985
2026-05-18T06:00:00+01:00,115.599,115.6645,115.4755,115.507
2026-05-18T14:00:00+01:00,115.5075,115.709,115.4355,115.6
2026-05-18T22:00:00+01:00,115.5975,115.6795,115.5045,115.618
2026-05-19T06:00:00+01:00,115.619,115.776,115.233,115.562
2026-05-19T14:00:00+01:00,115.559,115.7695,115.4185,115.738
2026-05-19T22:00:00+01:00,115.738,115.767,115.4875,115.5475
2026-05-20T06:00:00+01:00,115.5485,115.646,115.4435,115.5535
2026-05-20T14:00:00+01:00,115.554,115.656,115.4345,115.614
2026-05-20T22:00:00+01:00,115.626,115.711,115.4745,115.545
2026-05-21T06:00:00+01:00,115.546,115.637,115.419,115.561
2026-05-21T14:00:00+01:00,115.561,115.5865,115.306,115.4125
2026-05-21T22:00:00+01:00,115.4145,115.4455,115.293,115.359
2026-05-22T06:00:00+01:00,115.3595,115.4235,115.236,115.242
2026-05-22T14:00:00+01:00,115.2405,115.3225,115.127,115.1795
2026-05-24T22:00:00+01:00,115.0205,115.171,114.937,115.071
2026-05-25T06:00:00+01:00,115.072,115.1105,115.0305,115.095
2026-05-25T14:00:00+01:00,115.0955,115.1965,115.073,115.1235
2026-05-25T22:00:00+01:00,115.133,115.188,115.0435,115.131
2026-05-26T06:00:00+01:00,115.1325,115.3945,115.102,115.2395
2026-05-26T14:00:00+01:00,115.238,115.455,115.235,115.335
2026-05-26T22:00:00+01:00,115.3495,115.3995,115.2645,115.322
2026-05-27T06:00:00+01:00,115.3205,115.372,115.165,115.289
2026-05-27T14:00:00+01:00,115.2895,115.396,115.1485,115.2655
2026-05-27T22:00:00+01:00,115.2695,115.316,115.06,115.1355
2026-05-28T06:00:00+01:00,115.137,115.201,114.947,115.1345
2026-05-28T14:00:00+01:00,115.1375,115.608,115.0835,115.5465
2026-05-28T22:00:00+01:00,115.5345,115.603,115.4585,115.53
2026-05-29T06:00:00+01:00,115.531,115.576,115.179,115.2585
2026-05-29T14:00:00+01:00,115.258,115.6065,115.2375,115.448
2026-05-31T22:00:00+01:00,115.4925,115.588,115.4455,115.4845
2026-06-01T06:00:00+01:00,115.485,115.5535,115.2435,115.3565
2026-06-01T14:00:00+01:00,115.3545,115.475,115.3025,115.358
2026-06-01T22:00:00+01:00,115.362,115.4185,115.268,115.376
2026-06-02T06:00:00+01:00,115.3755,115.4835,115.2925,115.4795
2026-06-02T14:00:00+01:00,115.479,115.674,115.4755,115.547
2026-06-02T22:00:00+01:00,115.555,115.6165,115.4385,115.4585
2026-06-03T06:00:00+01:00,115.459,115.504,115.046,115.325
2026-06-03T14:00:00+01:00,115.3235,115.3735,115.13,115.1815
2026-06-03T22:00:00+01:00,115.1785,115.2235,114.8455,114.997
2026-06-04T06:00:00+01:00,114.998,115.1115,114.833,115.1
2026-06-04T14:00:00+01:00,115.1025,115.193,115.025,115.076
2026-06-04T22:00:00+01:00,115.074,115.178,114.9645,115.054
2026-06-05T06:00:00+01:00,115.0535,115.364,115.0105,115.3125
2026-06-05T14:00:00+01:00,115.315,115.346,114.7935,115.02
2026-06-07T22:00:00+01:00,114.9715,115.033,114.889,114.9995
2026-06-08T06:00:00+01:00,115.0015,115.034,114.58,114.823
2026-06-08T14:00:00+01:00,114.8245,114.878,114.7395,114.7795
2026-06-08T22:00:00+01:00,114.7815,114.909,114.722,114.8855
2026-06-09T06:00:00+01:00,114.886,115.08,114.8455,115.07
2026-06-09T14:00:00+01:00,115.0705,115.0785,114.7495,114.98
2026-06-09T22:00:00+01:00,114.9765,115.0135,114.8655,114.983
2026-06-10T06:00:00+01:00,114.9825,115.261,114.965,115.126
2026-06-10T14:00:00+01:00,115.1255,115.3665,115.0905,115.1515
2026-06-10T22:00:00+01:00,115.14,115.206,115.0715,115.1685
2026-06-11T06:00:00+01:00,115.17,115.1925,114.7875,114.8005
2026-06-11T14:00:00+01:00,114.8025,114.8145,114.3595,114.514
2026-06-11T22:00:00+01:00,114.512,114.7015,114.47,114.6895
2026-06-12T06:00:00+01:00,114.6905,114.735,114.4205,114.612
2026-06-12T14:00:00+01:00,114.6105,114.758,114.5045,114.541
2026-06-14T22:00:00+01:00,114.4815,114.6755,114.241,114.646
2026-06-15T06:00:00+01:00,114.6475,114.7095,114.5205,114.609
2026-06-15T14:00:00+01:00,114.61,114.6585,114.416,114.617
2026-06-15T22:00:00+01:00,114.627,114.68,114.3445,114.3785
2026-06-16T06:00:00+01:00,114.379,114.5665,114.2955,114.4185
2026-06-16T14:00:00+01:00,114.419,114.718,114.4055,114.643
2026-06-16T22:00:00+01:00,114.6495,114.7145,114.5025,114.5165
2026-06-17T06:00:00+01:00,114.516,114.554,114.3625,114.3845
2026-06-17T14:00:00+01:00,114.3825,114.4555,113.842,113.958
2026-06-17T22:00:00+01:00,113.959,114.036,113.815,113.884
2026-06-18T06:00:00+01:00,113.883,114.0115,113.659,113.955
2026-06-18T14:00:00+01:00,113.954,114.4165,113.8065,114.1535
2026-06-18T22:00:00+01:00,114.1525,114.277,113.8665,113.992
2026-06-19T06:00:00+01:00,113.991,114.153,113.878,113.879
2026-06-19T14:00:00+01:00,113.88,113.987,113.659,113.9685
2026-06-21T22:00:00+01:00,113.815,113.993,113.785,113.949
2026-06-22T06:00:00+01:00,113.95,114.356,113.9195,114.285
2026-06-22T14:00:00+01:00,114.284,114.3025,113.8045,114.1145
2026-06-22T22:00:00+01:00,114.113,114.1755,114.0155,114.022
2026-06-23T06:00:00+01:00,114.0225,114.0855,113.7695,113.88
2026-06-23T14:00:00+01:00,113.8815,113.988,113.6405,113.661
2026-06-23T22:00:00+01:00,113.6955,113.7725,113.5935,113.658
2026-06-24T06:00:00+01:00,113.6585,113.7225,113.542,113.595
2026-06-24T14:00:00+01:00,113.596,113.786,113.524,113.668
2026-06-24T22:00:00+01:00,113.6665,113.7705,113.5635,113.6895
2026-06-25T06:00:00+01:00,113.6915,113.7815,113.589,113.694
2026-06-25T14:00:00+01:00,113.692,114.0555,113.6835,113.933
2026-06-25T22:00:00+01:00,113.9285,114.0285,113.8385,113.895
2026-06-26T06:00:00+01:00,113.8945,114.0495,113.82,114.0275
2026-06-26T14:00:00+01:00,114.0285,114.1005,113.872,113.9485
2026-06-28T22:00:00+01:00,113.956,114.074,113.9175,114.015
2026-06-29T06:00:00+01:00,114.014,114.1365,113.9085,113.973
2026-06-29T14:00:00+01:00,113.9735,114.0675,113.8745,113.9555
2026-06-29T22:00:00+01:00,113.955,114.194,113.865,113.934
2026-06-30T06:00:00+01:00,113.9345,114.1735,113.8525,114.146
2026-06-30T14:00:00+01:00,114.145,114.6775,114.134,114.5
2026-06-30T22:00:00+01:00,114.4865,114.588,114.3555,114.4865
2026-07-01T06:00:00+01:00,114.4855,114.5245,114.32,114.325
2026-07-01T14:00:00+01:00,114.3245,114.414,114.271,114.3685
2026-07-01T22:00:00+01:00,114.368,114.4535,114.24,114.2885
2026-07-02T06:00:00+01:00,114.2875,114.288,113.335,113.6115
2026-07-02T14:00:00+01:00,113.612,113.688,113.4,113.6155
2026-07-02T22:00:00+01:00,113.618,113.801,113.5195,113.752
2026-07-03T06:00:00+01:00,113.751,113.81,113.3165,113.4865
2026-07-03T14:00:00+01:00,113.486,113.699,113.4855,113.656
2026-07-05T22:00:00+01:00,113.6085,113.9865,113.5565,113.984
2026-07-06T06:00:00+01:00,113.9845,114.226,113.9435,114.0875
2026-07-06T14:00:00+01:00,114.088,114.216,114.0335,114.114
2026-07-06T22:00:00+01:00,114.1135,114.1535,113.7425,113.803
2026-07-07T06:00:00+01:00,113.8035,114.028,113.7445,113.82
2026-07-07T14:00:00+01:00,113.821,114.19,113.8005,114.154
2026-07-07T22:00:00+01:00,114.155,114.4205,114.0985,114.407
2026-07-08T06:00:00+01:00,114.408,114.7615,114.3385,114.56
2026-07-08T14:00:00+01:00,114.5605,114.7815,114.5555,114.7265
2026-07-08T22:00:00+01:00,114.728,114.8275,114.648,114.6935
2026-07-09T06:00:00+01:00,114.6945,114.7005,114.433,114.6
2026-07-09T14:00:00+01:00,114.5995,114.6515,114.4765,114.629
2026-07-09T22:00:00+01:00,114.6295,114.703,114.0565,114.1855
2026-07-10T06:00:00+01:00,114.186,114.4245,113.993,114.3905
2026-07-10T14:00:00+01:00,114.391,114.3945,114.094,114.2345
2026-07-12T22:00:00+01:00,114.2345,114.4645,114.1645,114.4565
2026-07-13T06:00:00+01:00,114.457,114.754,114.319,114.698
2026-07-13T14:00:00+01:00,114.6985,114.8565,114.631,114.755
2026-07-13T22:00:00+01:00,114.713,114.886,114.6715,114.8645
2026-07-14T06:00:00+01:00,114.864,115.197,114.814,115.0525
2026-07-14T14:00:00+01:00,115.052,115.451,115.051,115.4115
2026-07-14T22:00:00+01:00,115.4105,115.494,115.246,115.465
2026-07-15T06:00:00+01:00,115.4655,115.546,115.3395,115.395
2026-07-15T14:00:00+01:00,115.396,115.576,115.311,115.5075
2026-07-15T22:00:00+01:00,115.523,115.627,115.373,115.416
2026-07-16T06:00:00+01:00,115.4155,115.7555,115.3755,115.708
2026-07-16T14:00:00+01:00,115.7075,115.854,115.559,115.666
2026-07-16T22:00:00+01:00,115.647,115.7935,115.5885,115.714
2026-07-17T06:00:00+01:00,115.713,115.815,115.572,115.807
2026-07-17T14:00:00+01:00,115.806,116.024,115.7985,115.853
2026-07-19T22:00:00+01:00,115.9185,115.965,115.8285,115.9185
2026-07-20T06:00:00+01:00,115.9175,115.992,115.5665,115.6375
2026-07-20T14:00:00+01:00,115.637,115.7865,115.4905,115.5015
2026-07-20T22:00:00+01:00,115.502,115.5305,115.366,115.4775
2026-07-21T06:00:00+01:00,115.478,115.7545,115.4465,115.612
2026-07-21T14:00:00+01:00,115.614,115.7335,115.543,115.662
2026-07-21T22:00:00+01:00,115.6705,115.7165,115.614,115.6905
2026-07-22T06:00:00+01:00,115.69,115.824,115.518,115.7525
2026-07-22T14:00:00+01:00,115.752,115.8745,115.7065,115.819
2026-07-22T22:00:00+01:00,115.813,115.9755,115.755,115.9575
2026-07-23T06:00:00+01:00,115.9575,116.2415,115.9305,116.237
2026-07-23T14:00:00+01:00,116.238,116.4835,116.237,116.35
2026-07-23T22:00:00+01:00,116.351,116.4655,116.2795,116.342
2026-07-24T06:00:00+01:00,116.343,116.3855,116.1525,116.16
2026-07-24T14:00:00+01:00,116.1595,116.3195,116.1055,116.2345
2026-07-26T22:00:00+01:00,116.207,116.2705,116.106,116.1525
2026-07-27T06:00:00+01:00,116.153,116.1775,115.8825,116.0265
2026-07-27T14:00:00+01:00,116.028,116.136,115.9135,115.931
2026-07-27T22:00:00+01:00,115.9325,116.0345,115.8695,115.984
2026-07-28T06:00:00+01:00,115.9845,116.2325,115.9125,116.1195
2026-07-28T14:00:00+01:00,116.12,116.243,116.0975,116.131
2026-07-28T22:00:00+01:00,116.158,116.206,115.896,115.9875
2026-07-29T06:00:00+01:00,115.9885,116.253,115.941,116.235
2026-07-29T14:00:00+01:00,116.234,116.4645,116.0415,116.328
2026-07-29T22:00:00+01:00,116.326,116.437,116.29,116.33
2026-07-30T06:00:00+01:00,116.3305,116.4555,115.631,115.9455
2026-07-30T14:00:00+01:00,115.9475,115.987,112.7465,113.8705
2026-07-30T22:00:00+01:00,113.8695,114.739,113.789,114.6135
2026-07-31T06:00:00+01:00,114.613,114.652,113.1815,114.2555
2026-07-31T14:00:00+01:00,114.255,114.351,112.155,112.272
