time,open,high,low,close
2023-08-30T10:00:00+01:00,107.903,107.915,107.674,107.745
2023-08-30T14:00:00+01:00,107.743,108.019,107.5705,107.9615
2023-08-30T18:00:00+01:00,107.9575,108.1075,107.905,108.0735
2023-08-30T22:00:00+01:00,108.075,108.128,107.8445,107.933
2023-08-31T02:00:00+01:00,107.9335,107.951,107.6905,107.7695
2023-08-31T06:00:00+01:00,107.769,107.894,107.6135,107.781
2023-08-31T10:00:00+01:00,107.782,107.9775,107.6005,107.837
2023-08-31T14:00:00+01:00,107.836,108.127,107.3,107.4245
2023-08-31T18:00:00+01:00,107.4265,107.7595,107.4235,107.739
2023-08-31T22:00:00+01:00,107.74,107.829,107.5915,107.7425
2023-09-01T02:00:00+01:00,107.7375,107.7925,107.582,107.702
2023-09-01T06:00:00+01:00,107.7015,107.7775,107.598,107.6745
2023-09-01T10:00:00+01:00,107.673,107.787,106.682,106.8655
2023-09-01T14:00:00+01:00,106.8655,107.696,106.8455,107.4385
2023-09-01T18:00:00+01:00,107.436,107.6285,107.4015,107.596
2023-09-03T22:00:00+01:00,107.5645,107.6205,107.4035,107.5265
2023-09-04T02:00:00+01:00,107.527,107.612,107.461,107.5965
2023-09-04T06:00:00+01:00,107.5975,107.7805,107.5745,107.701
2023-09-04T10:00:00+01:00,107.7015,107.7015,107.611,107.689
2023-09-04T14:00:00+01:00,107.6905,107.7775,107.6315,107.7505
2023-09-04T18:00:00+01:00,107.7495,107.8005,107.744,107.7845
2023-09-04T22:00:00+01:00,107.785,107.806,107.709,107.726
2023-09-05T02:00:00+01:00,107.724,107.795,107.7045,107.7325
2023-09-05T06:00:00+01:00,107.7335,107.826,107.4535,107.6095
2023-09-05T10:00:00+01:00,107.607,108.049,107.6025,107.947
2023-09-05T14:00:00+01:00,107.9475,108.5485,107.937,108.4565
2023-09-05T18:00:00+01:00,108.4555,108.4635,108.2545,108.292
2023-09-05T22:00:00+01:00,108.293,108.399,108.0545,108.2875
2023-09-06T02:00:00+01:00,108.285,108.313,108.04,108.06
2023-09-06T06:00:00+01:00,108.061,108.0755,107.8165,107.9585
2023-09-06T10:00:00+01:00,107.958,108.0635,107.7965,107.882
2023-09-06T14:00:00+01:00,107.8825,108.28,107.837,108.0365
2023-09-06T18:00:00+01:00,108.0335,108.3345,107.96,108.2845
2023-09-06T22:00:00+01:00,108.281,108.3745,108.1405,108.2985
2023-09-07T02:00:00+01:00,108.299,108.366,108.037,108.0975
2023-09-07T06:00:00+01:00,108.0955,108.205,107.9925,108.068
2023-09-07T10:00:00+01:00,108.07,108.136,107.7905,107.8835
2023-09-07T14:00:00+01:00,107.883,107.8965,107.4195,107.4495
2023-09-07T18:00:00+01:00,107.4515,107.671,107.4515,107.6405
2023-09-07T22:00:00+01:00,107.6345,107.713,107.1635,107.3975
2023-09-08T02:00:00+01:00,107.3995,107.7605,107.398,107.714
2023-09-08T06:00:00+01:00,107.7125,107.918,107.686,107.8455
2023-09-08T10:00:00+01:00,107.847,108.341,107.7205,108.3095
2023-09-08T14:00:00+01:00,108.31,108.462,108.169,108.4235
2023-09-08T18:00:00+01:00,108.422,108.425,108.307,108.382
2023-09-10T22:00:00+01:00,107.827,108.034,107.571,107.8195
2023-09-11T02:00:00+01:00,107.8205,107.9165,107.4155,107.4875
2023-09-11T06:00:00+01:00,107.486,107.6745,107.2705,107.592
2023-09-11T10:00:00+01:00,107.598,108.117,107.554,107.9365
2023-09-11T14:00:00+01:00,107.938,108.0195,107.5485,107.9165
2023-09-11T18:00:00+01:00,107.9145,108.011,107.844,107.995
2023-09-11T22:00:00+01:00,107.9975,108.088,107.891,107.984
2023-09-12T02:00:00+01:00,107.98,108.09,107.8235,108.0285
2023-09-12T06:00:00+01:00,108.0275,108.2195,108.002,108.0745
2023-09-12T10:00:00+01:00,108.075,108.4365,108.0575,108.352
2023-09-12T14:00:00+01:00,108.3535,108.6715,108.2855,108.556
2023-09-12T18:00:00+01:00,108.557,108.6285,108.4515,108.523
2023-09-12T22:00:00+01:00,108.5235,108.704,108.4415,108.691
2023-09-13T02:00:00+01:00,108.692,108.784,108.6165,108.743
2023-09-13T06:00:00+01:00,108.744,108.761,108.4765,108.5995
2023-09-13T10:00:00+01:00,108.6,108.8185,108.5585,108.782
2023-09-13T14:00:00+01:00,108.783,109.096,108.706,108.7735
2023-09-13T18:00:00+01:00,108.7735,108.8545,108.65,108.8395
2023-09-13T22:00:00+01:00,108.8405,108.881,108.635,108.6925
2023-09-14T02:00:00+01:00,108.693,108.738,108.596,108.7255
2023-09-14T06:00:00+01:00,108.724,108.882,108.6495,108.865
2023-09-14T10:00:00+01:00,108.866,109.0755,108.8625,109.005
2023-09-14T14:00:00+01:00,109.0065,109.1125,108.7435,109.106
2023-09-14T18:00:00+01:00,109.1065,109.2115,109.047,109.178
2023-09-14T22:00:00+01:00,109.1775,109.2245,109.058,109.1215
2023-09-15T02:00:00+01:00,109.123,109.2475,109.0315,109.226
2023-09-15T06:00:00+01:00,109.2285,109.4315,109.145,109.4015
2023-09-15T10:00:00+01:00,109.4015,109.4815,109.19,109.267
2023-09-15T14:00:00+01:00,109.268,109.489,109.079,109.3815
2023-09-15T18:00:00+01:00,109.3805,109.4,109.201,109.308
2023-09-17T22:00:00+01:00,109.2505,109.3665,109.2055,109.2665
2023-09-18T02:00:00+01:00,109.2675,109.3355,109.2125,109.2995
2023-09-18T06:00:00+01:00,109.296,109.4115,109.241,109.269
2023-09-18T10:00:00+01:00,109.27,109.434,109.1945,109.4265
2023-09-18T14:00:00+01:00,109.427,109.6465,109.2925,109.518
2023-09-18T18:00:00+01:00,109.5185,109.5715,109.393,109.453
2023-09-18T22:00:00+01:00,109.4545,109.58,109.351,109.509
2023-09-19T02:00:00+01:00,109.5085,109.6535,109.4985,109.629
2023-09-19T06:00:00+01:00,109.6305,109.861,109.5955,109.808
2023-09-19T10:00:00+01:00,109.8085,110.394,109.735,110.288
2023-09-19T14:00:00+01:00,110.288,110.445,109.933,109.9525
2023-09-19T18:00:00+01:00,109.953,110.0425,109.9215,109.9415
2023-09-19T22:00:00+01:00,109.9385,109.9945,109.826,109.877
2023-09-20T02:00:00+01:00,109.879,109.9535,109.764,109.8425
2023-09-20T06:00:00+01:00,109.8405,110.2015,109.8235,110.1335
2023-09-20T10:00:00+01:00,110.134,110.1825,110.027,110.034
2023-09-20T14:00:00+01:00,110.0365,110.2285,110.012,110.0725
2023-09-20T18:00:00+01:00,110.0735,110.245,109.933,110.1875
2023-09-20T22:00:00+01:00,110.1955,110.277,110.0075,110.0695
2023-09-21T02:00:00+01:00,110.0715,110.0965,109.803,109.972
2023-09-21T06:00:00+01:00,109.973,110.0295,109.7725,109.814
2023-09-21T10:00:00+01:00,109.813,109.867,109.358,109.558
2023-09-21T14:00:00+01:00,109.561,109.6395,109.2215,109.46
2023-09-21T18:00:00+01:00,109.4605,109.584,109.3775,109.468
2023-09-21T22:00:00+01:00,109.469,109.598,109.395,109.536
2023-09-22T02:00:00+01:00,109.5355,110.126,109.51,109.9435
2023-09-22T06:00:00+01:00,109.946,110.2075,109.878,110.1495
2023-09-22T10:00:00+01:00,110.149,110.4205,110.086,110.2585
2023-09-22T14:00:00+01:00,110.258,110.3615,109.9395,110.082
2023-09-22T18:00:00+01:00,110.086,110.183,109.936,110.0385
2023-09-24T22:00:00+01:00,110.0645,110.1645,109.941,110.0845
2023-09-25T02:00:00+01:00,110.086,110.1385,109.991,110.0435
2023-09-25T06:00:00+01:00,110.043,110.254,109.975,110.177
2023-09-25T10:00:00+01:00,110.178,110.5035,110.165,110.4555
2023-09-25T14:00:00+01:00,110.4545,110.5685,110.2965,110.52
2023-09-25T18:00:00+01:00,110.519,110.685,110.4255,110.6745
2023-09-25T22:00:00+01:00,110.6755,110.7125,110.503,110.615
2023-09-26T02:00:00+01:00,110.6175,110.693,110.427,110.486
2023-09-26T06:00:00+01:00,110.4855,110.616,110.2425,110.3845
2023-09-26T10:00:00+01:00,110.3855,110.474,110.181,110.2185
2023-09-26T14:00:00+01:00,110.2175,110.4455,110.1425,110.23
2023-09-26T18:00:00+01:00,110.229,110.3155,110.103,110.284
2023-09-26T22:00:00+01:00,110.276,110.3295,110.1695,110.221
2023-09-27T02:00:00+01:00,110.222,110.3335,110.1675,110.234
2023-09-27T06:00:00+01:00,110.2355,110.3255,110.179,110.2585
2023-09-27T10:00:00+01:00,110.2585,110.423,110.1835,110.404
2023-09-27T14:00:00+01:00,110.404,110.7585,110.388,110.6875
2023-09-27T18:00:00+01:00,110.685,110.8845,110.501,110.8505
2023-09-27T22:00:00+01:00,110.8505,110.8525,110.6505,110.772
2023-09-28T02:00:00+01:00,110.7715,110.8795,110.649,110.688
2023-09-28T06:00:00+01:00,110.686,110.7375,110.4975,110.662
2023-09-28T10:00:00+01:00,110.6635,110.7765,110.5605,110.7315
2023-09-28T14:00:00+01:00,110.7305,110.75,110.474,110.698
2023-09-28T18:00:00+01:00,110.6985,110.71,110.4385,110.699
2023-09-28T22:00:00+01:00,110.7055,110.746,110.617,110.626
2023-09-29T02:00:00+01:00,110.622,110.8765,110.6005,110.8005
2023-09-29T06:00:00+01:00,110.8,110.844,110.432,110.831
2023-09-29T10:00:00+01:00,110.824,111.171,110.799,111.096
2023-09-29T14:00:00+01:00,111.0965,111.0995,110.2725,110.309
2023-09-29T18:00:00+01:00,110.3085,110.31,109.9675,109.9955
2023-10-01T22:00:00+01:00,110.211,110.306,110.091,110.2605
2023-10-02T02:00:00+01:00,110.26,110.349,110.1835,110.1885
2023-10-02T06:00:00+01:00,110.1855,110.363,110.023,110.137
2023-10-02T10:00:00+01:00,110.1365,110.142,109.9195,109.944
2023-10-02T14:00:00+01:00,109.944,109.971,109.5145,109.537
2023-10-02T18:00:00+01:00,109.5365,109.6515,109.4695,109.58
2023-10-02T22:00:00+01:00,109.582,109.7035,109.46,109.5575
2023-10-03T02:00:00+01:00,109.557,109.566,109.3065,109.3225
2023-10-03T06:00:00+01:00,109.3215,109.4605,109.2035,109.377
2023-10-03T10:00:00+01:00,109.3785,109.4755,109.173,109.3755
2023-10-03T14:00:00+01:00,109.3765,109.5815,107.529,108.708
2023-10-03T18:00:00+01:00,108.709,108.7805,108.481,108.7
2023-10-03T22:00:00+01:00,108.6935,108.909,108.662,108.877
2023-10-04T02:00:00+01:00,108.879,108.9515,108.7285,108.8985
2023-10-04T06:00:00+01:00,108.9005,108.928,108.509,108.786
2023-10-04T10:00:00+01:00,108.7865,108.941,108.473,108.5205
2023-10-04T14:00:00+01:00,108.5185,108.603,108.1375,108.3875
2023-10-04T18:00:00+01:00,108.39,108.525,108.3315,108.4995
2023-10-04T22:00:00+01:00,108.5,108.5415,108.0745,108.12
2023-10-05T02:00:00+01:00,108.1195,108.343,107.983,108.3095
2023-10-05T06:00:00+01:00,108.311,108.407,108.102,108.11
2023-10-05T10:00:00+01:00,108.112,108.382,108.032,108.2725
2023-10-05T14:00:00+01:00,108.272,108.3575,108.0065,108.132
2023-10-05T18:00:00+01:00,108.1335,108.382,108.0725,108.3725
2023-10-05T22:00:00+01:00,108.376,108.447,108.241,108.4275
2023-10-06T02:00:00+01:00,108.4285,108.505,108.2945,108.47
2023-10-06T06:00:00+01:00,108.4695,108.7215,108.4265,108.6115
2023-10-06T10:00:00+01:00,108.612,109.039,108.502,108.951
2023-10-06T14:00:00+01:00,108.9505,109.222,108.73,109.206
2023-10-06T18:00:00+01:00,109.2055,109.4275,109.182,109.268
2023-10-08T22:00:00+01:00,109.043,109.3405,108.9655,109.306
2023-10-09T02:00:00+01:00,109.307,109.3165,109.173,109.2125
2023-10-09T06:00:00+01:00,109.212,109.317,109.0525,109.1725
2023-10-09T10:00:00+01:00,109.174,109.2845,109.104,109.228
2023-10-09T14:00:00+01:00,109.228,109.3075,108.953,109.1845
2023-10-09T18:00:00+01:00,109.185,109.371,109.1155,109.2825
2023-10-09T22:00:00+01:00,109.2835,109.4635,109.134,109.38
2023-10-10T02:00:00+01:00,109.381,109.506,109.2555,109.49
2023-10-10T06:00:00+01:00,109.4885,109.629,109.198,109.5525
2023-10-10T10:00:00+01:00,109.551,109.6725,109.479,109.5395
2023-10-10T14:00:00+01:00,109.54,109.6605,109.3265,109.391
2023-10-10T18:00:00+01:00,109.3895,109.5215,109.3005,109.479
2023-10-10T22:00:00+01:00,109.482,109.5,109.358,109.4015
2023-10-11T02:00:00+01:00,109.4025,109.5635,109.3505,109.541
2023-10-11T06:00:00+01:00,109.539,109.613,109.317,109.3525
2023-10-11T10:00:00+01:00,109.353,109.6095,109.276,109.568
2023-10-11T14:00:00+01:00,109.5675,109.76,109.404,109.6195
2023-10-11T18:00:00+01:00,109.6205,109.7755,109.4965,109.7395
2023-10-11T22:00:00+01:00,109.739,109.783,109.613,109.7625
2023-10-12T02:00:00+01:00,109.7635,109.808,109.683,109.7675
2023-10-12T06:00:00+01:00,109.7665,109.804,109.6795,109.6825
2023-10-12T10:00:00+01:00,109.681,109.9465,109.6185,109.886
2023-10-12T14:00:00+01:00,109.8835,109.9075,109.4885,109.551
2023-10-12T18:00:00+01:00,109.551,109.5575,109.3125,109.429
2023-10-12T22:00:00+01:00,109.427,109.505,109.3595,109.456
2023-10-13T02:00:00+01:00,109.4575,109.5105,109.324,109.3375
2023-10-13T06:00:00+01:00,109.3365,109.5815,109.3075,109.521
2023-10-13T10:00:00+01:00,109.5205,109.5435,109.293,109.46
2023-10-13T14:00:00+01:00,109.4595,109.7475,109.327,109.542
2023-10-13T18:00:00+01:00,109.541,109.5735,109.3855,109.512
2023-10-15T22:00:00+01:00,109.3995,109.6715,109.2995,109.51
2023-10-16T02:00:00+01:00,109.51,109.59,109.485,109.5385
2023-10-16T06:00:00+01:00,109.5375,109.699,109.467,109.5565
2023-10-16T10:00:00+01:00,109.556,109.786,109.523,109.7735
2023-10-16T14:00:00+01:00,109.774,109.986,109.692,109.923
2023-10-16T18:00:00+01:00,109.9225,109.939,109.8005,109.8475
2023-10-16T22:00:00+01:00,109.847,109.958,109.7955,109.8135
2023-10-17T02:00:00+01:00,109.8135,109.829,109.695,109.707
2023-10-17T06:00:00+01:00,109.706,109.8645,109.6895,109.7065
2023-10-17T10:00:00+01:00,109.707,109.845,109.1205,109.4445
2023-10-17T14:00:00+01:00,109.445,109.917,109.401,109.7905
2023-10-17T18:00:00+01:00,109.789,109.832,109.7065,109.788
2023-10-17T22:00:00+01:00,109.78,109.817,109.652,109.661
2023-10-18T02:00:00+01:00,109.663,109.814,109.6475,109.7585
2023-10-18T06:00:00+01:00,109.757,109.88,109.744,109.8655
2023-10-18T10:00:00+01:00,109.8645,109.959,109.5085,109.5945
2023-10-18T14:00:00+01:00,109.5935,109.736,109.2735,109.3475
2023-10-18T18:00:00+01:00,109.3465,109.49,109.2755,109.315
2023-10-18T22:00:00+01:00,109.321,109.341,109.1265,109.1785
2023-10-19T02:00:00+01:00,109.18,109.24,109.0595,109.1205
2023-10-19T06:00:00+01:00,109.1205,109.2,109.0265,109.079
2023-10-19T10:00:00+01:00,109.08,109.2465,109.067,109.114
2023-10-19T14:00:00+01:00,109.113,109.413,109.0805,109.3695
2023-10-19T18:00:00+01:00,109.369,109.451,109.1695,109.1925
2023-10-19T22:00:00+01:00,109.193,109.2465,109.089,109.187
2023-10-20T02:00:00+01:00,109.1865,109.3465,109.1455,109.286
2023-10-20T06:00:00+01:00,109.2865,109.5475,109.1645,109.5095
2023-10-20T10:00:00+01:00,109.51,109.583,109.4015,109.5775
2023-10-20T14:00:00+01:00,109.5765,109.676,109.35,109.436
2023-10-20T18:00:00+01:00,109.4355,109.48,109.253,109.262
2023-10-22T22:00:00+01:00,109.3105,109.4695,109.2235,109.304
2023-10-23T02:00:00+01:00,109.303,109.349,109.2645,109.3135
2023-10-23T06:00:00+01:00,109.315,109.372,109.129,109.355
2023-10-23T10:00:00+01:00,109.3555,109.4285,109.177,109.371
2023-10-23T14:00:00+01:00,109.3715,109.55,109.1715,109.474
2023-10-23T18:00:00+01:00,109.4775,109.5385,109.2125,109.3505
2023-10-23T22:00:00+01:00,109.343,109.4555,109.2575,109.3665
2023-10-24T02:00:00+01:00,109.3665,109.482,109.286,109.4495
2023-10-24T06:00:00+01:00,109.45,109.4805,109.0135,109.222
2023-10-24T10:00:00+01:00,109.218,109.411,109.209,109.3075
2023-10-24T14:00:00+01:00,109.3075,109.3345,108.9135,108.934
2023-10-24T18:00:00+01:00,108.9365,109.214,108.929,109.1045
2023-10-24T22:00:00+01:00,109.1035,109.1595,109.028,109.1055
2023-10-25T02:00:00+01:00,109.1065,109.1375,109.0055,109.046
2023-10-25T06:00:00+01:00,109.0465,109.0585,108.8915,108.941
2023-10-25T10:00:00+01:00,108.9405,109.021,108.7745,108.868
2023-10-25T14:00:00+01:00,108.868,108.943,108.5635,108.785
2023-10-25T18:00:00+01:00,108.7855,108.941,108.668,108.8875
2023-10-25T22:00:00+01:00,108.879,108.9045,108.698,108.77
2023-10-26T02:00:00+01:00,108.7715,108.942,108.7195,108.886
2023-10-26T06:00:00+01:00,108.885,109.1525,108.506,109.0235
2023-10-26T10:00:00+01:00,109.0245,109.043,108.6865,108.7295
2023-10-26T14:00:00+01:00,108.729,108.8695,108.6165,108.684
2023-10-26T18:00:00+01:00,108.685,108.878,108.613,108.7395
2023-10-26T22:00:00+01:00,108.7405,108.8445,108.698,108.774
2023-10-27T02:00:00+01:00,108.7745,108.8195,108.6905,108.7785
2023-10-27T06:00:00+01:00,108.778,108.799,108.602,108.74
2023-10-27T10:00:00+01:00,108.7405,108.7605,108.3215,108.4255
2023-10-27T14:00:00+01:00,108.427,108.4625,107.856,107.9205
2023-10-27T18:00:00+01:00,107.918,107.9285,107.714,107.87
2023-10-29T21:00:00+00:00,107.879,108.1025,107.815,108.093
2023-10-30T01:00:00+00:00,108.094,108.1195,107.8655,107.8825
2023-10-30T05:00:00+00:00,107.8835,108.0035,107.738,107.9085
2023-10-30T09:00:00+00:00,107.9105,108.319,107.894,108.245
2023-10-30T13:00:00+00:00,108.2445,108.4025,107.4885,107.646
2023-10-30T17:00:00+00:00,107.646,107.9,107.5985,107.82
2023-10-30T21:00:00+00:00,107.8335,108.0435,107.7245,107.9985
2023-10-31T01:00:00+00:00,108,108.4335,107.8455,108.421
2023-10-31T05:00:00+00:00,108.418,108.8405,108.3825,108.8285
2023-10-31T09:00:00+00:00,108.829,109.115,108.563,108.983
2023-10-31T13:00:00+00:00,108.9835,109.275,108.781,109.2295
2023-10-31T17:00:00+00:00,109.23,109.376,108.79,109.338
2023-10-31T21:00:00+00:00,109.3705,109.4235,108.9855,109.0425
2023-11-01T01:00:00+00:00,109.0425,109.0825,108.895,109.0265
2023-11-01T05:00:00+00:00,109.0255,109.123,108.885,108.9115
2023-11-01T09:00:00+00:00,108.911,109.038,108.8375,108.9935
2023-11-01T13:00:00+00:00,108.993,109.097,108.743,108.7885
2023-11-01T17:00:00+00:00,108.788,108.974,108.6945,108.949
2023-11-01T21:00:00+00:00,108.8945,108.979,108.7005,108.718
2023-11-02T01:00:00+00:00,108.7195,108.778,108.567,108.7385
2023-11-02T05:00:00+00:00,108.738,108.7755,108.5005,108.7335
2023-11-02T09:00:00+00:00,108.7345,108.954,108.5885,108.77
2023-11-02T13:00:00+00:00,108.7695,109.2435,108.6335,109.2295
2023-11-02T17:00:00+00:00,109.229,109.559,109.209,109.5045
2023-11-02T21:00:00+00:00,109.532,109.569,109.2535,109.3205
2023-11-03T01:00:00+00:00,109.321,109.448,109.316,109.38
2023-11-03T05:00:00+00:00,109.3815,109.511,109.3635,109.4285
2023-11-03T09:00:00+00:00,109.4275,109.4305,109.0075,109.098
2023-11-03T13:00:00+00:00,109.0985,109.371,109.022,109.3535
2023-11-03T17:00:00+00:00,109.3535,109.4255,109.164,109.377
2023-11-05T22:00:00+00:00,109.368,109.5375,109.2785,109.498
2023-11-06T02:00:00+00:00,109.499,109.6525,109.4965,109.5605
2023-11-06T06:00:00+00:00,109.5605,109.768,109.484,109.715
2023-11-06T10:00:00+00:00,109.7155,109.7565,109.607,109.6525
2023-11-06T14:00:00+00:00,109.653,109.683,109.453,109.5995
2023-11-06T18:00:00+00:00,109.6,109.6475,109.4725,109.5405
2023-11-06T22:00:00+00:00,109.5425,109.6195,109.4665,109.514
2023-11-07T02:00:00+00:00,109.521,109.5825,109.477,109.5355
2023-11-07T06:00:00+00:00,109.534,109.6185,109.3685,109.4105
2023-11-07T10:00:00+00:00,109.4115,109.5745,109.306,109.4855
2023-11-07T14:00:00+00:00,109.4865,109.5475,109.2375,109.2725
2023-11-07T18:00:00+00:00,109.2735,109.383,109.21,109.2205
2023-11-07T22:00:00+00:00,109.236,109.3705,109.179,109.343
2023-11-08T02:00:00+00:00,109.342,109.379,109.256,109.331
2023-11-08T06:00:00+00:00,109.3305,109.4515,109.312,109.339
2023-11-08T10:00:00+00:00,109.3395,109.4735,109.2975,109.405
2023-11-08T14:00:00+00:00,109.4045,109.5005,109.191,109.31
2023-11-08T18:00:00+00:00,109.311,109.493,109.267,109.461
2023-11-08T22:00:00+00:00,109.4575,109.485,109.336,109.421
2023-11-09T02:00:00+00:00,109.4225,109.476,109.4,109.475
2023-11-09T06:00:00+00:00,109.474,109.5345,109.349,109.516
2023-11-09T10:00:00+00:00,109.517,109.6685,109.495,109.5325
2023-11-09T14:00:00+00:00,109.533,109.778,109.4825,109.703
2023-11-09T18:00:00+00:00,109.6995,109.72,109.5265,109.608
2023-11-09T22:00:00+00:00,109.6065,109.662,109.5375,109.57
2023-11-10T02:00:00+00:00,109.5765,109.717,109.5365,109.7135
2023-11-10T06:00:00+00:00,109.713,109.7605,109.621,109.688
2023-11-10T10:00:00+00:00,109.6885,109.694,109.4935,109.5075
2023-11-10T14:00:00+00:00,109.5075,109.756,109.3545,109.7445
2023-11-10T18:00:00+00:00,109.7475,109.841,109.7065,109.768
2023-11-12T22:00:00+00:00,109.7755,109.8745,109.7135,109.7625
2023-11-13T02:00:00+00:00,109.7645,109.893,109.735,109.8795
2023-11-13T06:00:00+00:00,109.878,110.0165,109.869,109.9175
2023-11-13T10:00:00+00:00,109.916,109.934,109.735,109.8165
2023-11-13T14:00:00+00:00,109.816,109.9895,109.477,109.953
2023-11-13T18:00:00+00:00,109.951,109.9705,109.8455,109.8935
2023-11-13T22:00:00+00:00,109.894,109.985,109.798,109.926
2023-11-14T02:00:00+00:00,109.9255,109.9385,109.763,109.7855
2023-11-14T06:00:00+00:00,109.7845,109.8225,109.6835,109.774
2023-11-14T10:00:00+00:00,109.774,109.79,109.572,109.7225
2023-11-14T14:00:00+00:00,109.7225,109.9735,109.6905,109.82
2023-11-14T18:00:00+00:00,109.8195,109.8655,109.703,109.823
2023-11-14T22:00:00+00:00,109.822,110.017,109.742,109.883
2023-11-15T02:00:00+00:00,109.884,110.118,109.881,110.0645
2023-11-15T06:00:00+00:00,110.0645,110.1605,109.7315,109.8035
2023-11-15T10:00:00+00:00,109.803,110.2335,109.769,110.205
2023-11-15T14:00:00+00:00,110.2055,110.6565,110.177,110.6095
2023-11-15T18:00:00+00:00,110.6075,110.676,110.566,110.6145
2023-11-15T22:00:00+00:00,110.615,110.6675,110.3475,110.3775
2023-11-16T02:00:00+00:00,110.378,110.4665,110.3135,110.453
2023-11-16T06:00:00+00:00,110.456,110.5625,110.3955,110.447
2023-11-16T10:00:00+00:00,110.4465,110.474,109.8645,109.871
2023-11-16T14:00:00+00:00,109.8705,109.9055,109.3025,109.3845
2023-11-16T18:00:00+00:00,109.3855,109.6195,109.2845,109.584
2023-11-16T22:00:00+00:00,109.593,109.636,109.414,109.537
2023-11-17T02:00:00+00:00,109.5365,109.5495,109.3805,109.5445
2023-11-17T06:00:00+00:00,109.5445,109.5545,108.7965,108.8685
2023-11-17T10:00:00+00:00,108.868,109.0955,108.7245,109.05
2023-11-17T14:00:00+00:00,109.0495,109.1965,108.9095,109.069
2023-11-17T18:00:00+00:00,109.0695,109.18,109.0445,109.0655
2023-11-19T22:00:00+00:00,109.1375,109.3115,108.931,108.993
2023-11-20T02:00:00+00:00,108.9935,109.033,108.6075,108.775
2023-11-20T06:00:00+00:00,108.7725,108.8795,108.128,108.1775
2023-11-20T10:00:00+00:00,108.178,108.2965,107.9915,108.2955
2023-11-20T14:00:00+00:00,108.295,108.314,107.9465,108.081
2023-11-20T18:00:00+00:00,108.0795,108.148,108.0005,108.12
2023-11-20T22:00:00+00:00,108.121,108.1525,107.837,107.922
2023-11-21T02:00:00+00:00,107.925,107.971,107.425,107.6845
2023-11-21T06:00:00+00:00,107.684,107.718,107.2345,107.642
2023-11-21T10:00:00+00:00,107.6395,107.8195,107.4455,107.694
2023-11-21T14:00:00+00:00,107.6965,108.089,107.5945,108.0545
2023-11-21T18:00:00+00:00,108.0555,108.438,108.045,108.3075
2023-11-21T22:00:00+00:00,108.3115,108.3545,108.055,108.226
2023-11-22T02:00:00+00:00,108.226,108.538,108.1025,108.5
2023-11-22T06:00:00+00:00,108.501,108.828,108.477,108.7465
2023-11-22T10:00:00+00:00,108.746,108.806,108.2885,108.685
2023-11-22T14:00:00+00:00,108.686,109.15,108.5735,109.144
2023-11-22T18:00:00+00:00,109.146,109.3115,109.13,109.259
2023-11-22T22:00:00+00:00,109.257,109.2825,108.968,108.998
2023-11-23T02:00:00+00:00,108.998,109.0625,108.9215,109.0285
2023-11-23T06:00:00+00:00,109.032,109.255,108.9965,109.0615
2023-11-23T10:00:00+00:00,109.063,109.1325,108.9555,109.074
2023-11-23T14:00:00+00:00,109.073,109.2495,109.054,109.236
2023-11-23T18:00:00+00:00,109.2355,109.2485,109.1645,109.206
2023-11-23T22:00:00+00:00,109.204,109.3135,109.117,109.167
2023-11-24T02:00:00+00:00,109.161,109.1815,108.9035,108.9665
2023-11-24T06:00:00+00:00,108.9675,109.332,108.9115,109.28
2023-11-24T10:00:00+00:00,109.2815,109.5515,109.2385,109.5185
2023-11-24T14:00:00+00:00,109.5175,109.9875,109.4945,109.8685
2023-11-24T18:00:00+00:00,109.8685,109.896,109.493,109.6045
2023-11-26T22:00:00+00:00,109.5705,109.7775,109.376,109.3945
2023-11-27T02:00:00+00:00,109.394,109.415,109.007,109.24
2023-11-27T06:00:00+00:00,109.241,109.4035,109.127,109.3635
2023-11-27T10:00:00+00:00,109.365,109.3715,109.054,109.08
2023-11-27T14:00:00+00:00,109.0815,109.3165,108.9485,109.2025
2023-11-27T18:00:00+00:00,109.203,109.2205,109.042,109.2055
2023-11-27T22:00:00+00:00,109.204,109.2515,108.81,108.914
2023-11-28T02:00:00+00:00,108.9115,109.051,108.799,108.9815
2023-11-28T06:00:00+00:00,108.981,109.396,108.96,109.333
2023-11-28T10:00:00+00:00,109.332,109.487,109.095,109.126
2023-11-28T14:00:00+00:00,109.127,109.265,108.612,108.685
2023-11-28T18:00:00+00:00,108.6825,108.7465,108.599,108.6425
2023-11-28T22:00:00+00:00,108.6505,108.752,108.263,108.448
2023-11-29T02:00:00+00:00,108.4475,108.7445,108.396,108.6055
2023-11-29T06:00:00+00:00,108.6055,108.7515,108.483,108.691
2023-11-29T10:00:00+00:00,108.691,108.8525,108.5,108.673
2023-11-29T14:00:00+00:00,108.673,108.77,108.2115,108.408
2023-11-29T18:00:00+00:00,108.4095,108.4315,108.317,108.3625
2023-11-29T22:00:00+00:00,108.3635,108.3835,108.07,108.1775
2023-11-30T02:00:00+00:00,108.178,108.3785,108.175,108.2825
2023-11-30T06:00:00+00:00,108.281,108.387,108.0675,108.3505
2023-11-30T10:00:00+00:00,108.352,108.5855,108.2805,108.578
2023-11-30T14:00:00+00:00,108.5775,109.4615,108.5775,109.1045
2023-11-30T18:00:00+00:00,109.105,109.3265,109.055,109.2825
2023-11-30T22:00:00+00:00,109.284,109.3235,109.024,109.118
2023-12-01T02:00:00+00:00,109.1185,109.3835,109.093,109.37
2023-12-01T06:00:00+00:00,109.368,109.569,109.2335,109.376
2023-12-01T10:00:00+00:00,109.375,109.599,109.223,109.541
2023-12-01T14:00:00+00:00,109.541,109.657,108.8065,108.8165
2023-12-01T18:00:00+00:00,108.8175,108.8725,108.5635,108.7845
2023-12-03T22:00:00+00:00,108.6525,108.758,108.394,108.5525
2023-12-04T02:00:00+00:00,108.5515,108.62,108.4145,108.5775
2023-12-04T06:00:00+00:00,108.5785,108.6575,108.2485,108.2915
2023-12-04T10:00:00+00:00,108.293,108.4325,108.1485,108.315
2023-12-04T14:00:00+00:00,108.3155,108.8285,108.2255,108.823
2023-12-04T18:00:00+00:00,108.8255,108.841,108.6955,108.748
2023-12-04T22:00:00+00:00,108.7515,108.852,108.54,108.6165
2023-12-05T02:00:00+00:00,108.6145,108.621,108.449,108.4635
2023-12-05T06:00:00+00:00,108.465,108.582,108.1935,108.505
2023-12-05T10:00:00+00:00,108.5055,108.544,108.03,108.046
2023-12-05T14:00:00+00:00,108.0465,108.551,107.9875,108.413
2023-12-05T18:00:00+00:00,108.412,108.552,108.2465,108.267
2023-12-05T22:00:00+00:00,108.273,108.5315,108.2125,108.5015
2023-12-06T02:00:00+00:00,108.5,108.5855,108.4065,108.425
2023-12-06T06:00:00+00:00,108.424,108.49,108.3155,108.452
2023-12-06T10:00:00+00:00,108.4495,108.6345,108.3975,108.4465
2023-12-06T14:00:00+00:00,108.4465,108.6975,108.2635,108.3885
2023-12-06T18:00:00+00:00,108.3895,108.5565,108.3465,108.371
2023-12-06T22:00:00+00:00,108.373,108.3965,107.9965,108.069
2023-12-07T02:00:00+00:00,108.067,108.0905,107.6865,107.7015
2023-12-07T06:00:00+00:00,107.7005,107.788,106.5875,106.619
2023-12-07T10:00:00+00:00,106.6175,106.839,106.3645,106.572
2023-12-07T14:00:00+00:00,106.5725,106.594,104.2125,105.422
2023-12-07T18:00:00+00:00,105.4285,106.0255,105.2515,105.99
2023-12-07T22:00:00+00:00,105.9855,106.1355,104.896,105.571
2023-12-08T02:00:00+00:00,105.573,106.192,105.372,105.994
2023-12-08T06:00:00+00:00,105.9935,106.32,105.8045,106.254
2023-12-08T10:00:00+00:00,106.2495,106.82,105.963,106.1295
2023-12-08T14:00:00+00:00,106.1295,106.5715,105.9945,106.488
2023-12-08T18:00:00+00:00,106.4875,106.7645,106.462,106.713
2023-12-10T22:00:00+00:00,106.6985,107.118,106.621,106.9715
2023-12-11T02:00:00+00:00,106.973,107.0935,106.844,107.0625
2023-12-11T06:00:00+00:00,107.062,107.812,106.968,107.548
2023-12-11T10:00:00+00:00,107.5465,107.924,107.4775,107.764
2023-12-11T14:00:00+00:00,107.7635,108.035,107.643,107.882
2023-12-11T18:00:00+00:00,107.8825,107.8865,107.6465,107.6785
2023-12-11T22:00:00+00:00,107.68,107.744,107.28,107.42
2023-12-12T02:00:00+00:00,107.421,107.5005,107.2315,107.257
2023-12-12T06:00:00+00:00,107.258,107.4005,107.0745,107.185
2023-12-12T10:00:00+00:00,107.184,107.3445,106.834,107.1925
2023-12-12T14:00:00+00:00,107.1915,107.1915,106.8215,107.033
2023-12-12T18:00:00+00:00,107.032,107.1225,106.9335,107.0335
2023-12-12T22:00:00+00:00,107.0295,107.158,106.8695,106.984
2023-12-13T02:00:00+00:00,106.984,107.1795,106.923,107.102
2023-12-13T06:00:00+00:00,107.1035,107.3435,107.075,107.2885
2023-12-13T10:00:00+00:00,107.288,107.3485,107.084,107.115
2023-12-13T14:00:00+00:00,107.1155,107.1335,106.821,106.8765
2023-12-13T18:00:00+00:00,106.877,106.9265,105.689,105.695
2023-12-13T22:00:00+00:00,105.694,105.8035,105.1435,105.5495
2023-12-14T02:00:00+00:00,105.5505,105.6165,104.734,104.995
2023-12-14T06:00:00+00:00,104.9915,105.492,104.933,105.174
2023-12-14T10:00:00+00:00,105.173,105.834,104.9955,105.6365
2023-12-14T14:00:00+00:00,105.637,105.8785,105.4145,105.6025
2023-12-14T18:00:00+00:00,105.6045,105.897,105.573,105.839
2023-12-14T22:00:00+00:00,105.84,106.2215,105.7475,106.197
2023-12-15T02:00:00+00:00,106.1985,106.238,105.7165,105.92
2023-12-15T06:00:00+00:00,105.9185,106.153,105.851,105.999
2023-12-15T10:00:00+00:00,106.0005,106.3025,105.7285,106.19
2023-12-15T14:00:00+00:00,106.19,106.2725,105.718,106.2645
2023-12-15T18:00:00+00:00,106.265,106.414,106.153,106.2285
2023-12-17T22:00:00+00:00,106.243,106.4955,106.1985,106.2705
2023-12-18T02:00:00+00:00,106.271,106.388,106.2205,106.3265
2023-12-18T06:00:00+00:00,106.3285,106.5495,106.3105,106.539
2023-12-18T10:00:00+00:00,106.541,106.9785,106.4745,106.8675
2023-12-18T14:00:00+00:00,106.8695,106.959,106.6385,106.7265
2023-12-18T18:00:00+00:00,106.7285,106.767,106.5365,106.5465
2023-12-18T22:00:00+00:00,106.547,106.6285,106.222,106.439
2023-12-19T02:00:00+00:00,106.44,107.356,106.371,107.122
2023-12-19T06:00:00+00:00,107.123,108.095,106.3675,107.9725
2023-12-19T10:00:00+00:00,107.97,108.2835,107.7,108.101
2023-12-19T14:00:00+00:00,108.1005,108.1995,107.618,107.8125
2023-12-19T18:00:00+00:00,107.8135,107.9245,107.749,107.881
2023-12-19T22:00:00+00:00,107.8795,108.0275,107.701,107.7895
2023-12-20T02:00:00+00:00,107.7895,107.913,107.4015,107.5675
2023-12-20T06:00:00+00:00,107.569,107.7125,107.374,107.5895
2023-12-20T10:00:00+00:00,107.5905,107.669,107.4145,107.4515
2023-12-20T14:00:00+00:00,107.4525,108.0375,107.4305,108.0325
2023-12-20T18:00:00+00:00,108.033,108.04,107.377,107.3875
2023-12-20T22:00:00+00:00,107.389,107.47,107.046,107.11
2023-12-21T02:00:00+00:00,107.1095,107.153,106.936,107.07
2023-12-21T06:00:00+00:00,107.0715,107.4515,107.011,107.1775
2023-12-21T10:00:00+00:00,107.178,107.213,106.573,106.6745
2023-12-21T14:00:00+00:00,106.675,107.032,106.663,106.868
2023-12-21T18:00:00+00:00,106.866,107.1275,106.8635,106.988
2023-12-21T22:00:00+00:00,106.997,107.1975,106.8175,107.15
2023-12-22T02:00:00+00:00,107.151,107.301,107.095,107.115
2023-12-22T06:00:00+00:00,107.116,107.2645,106.9705,107.042
2023-12-22T10:00:00+00:00,107.042,107.215,106.8645,107.0645
2023-12-22T14:00:00+00:00,107.0645,107.5715,106.978,107.4475
2023-12-22T18:00:00+00:00,107.4455,107.475,107.2715,107.3585
2023-12-24T22:00:00+00:00,107.378,107.383,107.008,107.172
2023-12-25T02:00:00+00:00,107.171,107.4225,107.124,107.383
2023-12-25T06:00:00+00:00,107.3945,107.5005,107.3065,107.3965
2023-12-25T22:00:00+00:00,107.3815,107.429,107.169,107.328
2023-12-26T02:00:00+00:00,107.326,107.387,107.263,107.365
2023-12-26T06:00:00+00:00,107.366,107.53,107.3295,107.5225
2023-12-26T10:00:00+00:00,107.5215,107.7565,107.4085,107.7415
2023-12-26T14:00:00+00:00,107.742,108.0055,107.7385,107.84
2023-12-26T18:00:00+00:00,107.843,107.936,107.802,107.926
2023-12-26T22:00:00+00:00,107.9285,108.166,107.7835,108.0505
2023-12-27T02:00:00+00:00,108.0525,108.171,107.956,108.0935
2023-12-27T06:00:00+00:00,108.095,108.277,107.862,107.996
2023-12-27T10:00:00+00:00,107.996,108.0955,107.938,108.0335
2023-12-27T14:00:00+00:00,108.032,108.191,107.4285,107.5705
2023-12-27T18:00:00+00:00,107.57,107.6085,107.1225,107.389
2023-12-27T22:00:00+00:00,107.3845,107.4105,106.9325,107.1775
2023-12-28T02:00:00+00:00,107.174,107.194,106.9025,106.943
2023-12-28T06:00:00+00:00,106.9435,107.021,106.49,106.526
2023-12-28T10:00:00+00:00,106.525,106.848,106.407,106.8255
2023-12-28T14:00:00+00:00,106.826,107.158,106.3355,106.87
2023-12-28T18:00:00+00:00,106.871,107.104,106.8335,106.912
2023-12-28T22:00:00+00:00,106.8615,107.1195,106.778,106.9815
2023-12-29T02:00:00+00:00,106.9825,107.0185,106.8215,106.861
2023-12-29T06:00:00+00:00,106.8655,107.105,106.654,107.09
2023-12-29T10:00:00+00:00,107.093,107.099,106.649,106.9985
2023-12-29T14:00:00+00:00,106.998,107.2245,106.585,106.648
2023-12-29T18:00:00+00:00,106.649,106.793,106.375,106.428
2024-01-01T22:00:00+00:00,106.4135,106.8645,106.269,106.817
2024-01-02T02:00:00+00:00,106.8175,106.9275,106.708,106.792
2024-01-02T06:00:00+00:00,106.791,106.9645,106.712,106.811
2024-01-02T10:00:00+00:00,106.812,107.08,106.6655,106.888
2024-01-02T14:00:00+00:00,106.8885,106.9035,106.228,106.71
2024-01-02T18:00:00+00:00,106.708,106.7135,106.3685,106.595
2024-01-02T22:00:00+00:00,106.5855,106.7265,106.458,106.568
2024-01-03T02:00:00+00:00,106.566,106.653,106.4565,106.644
2024-01-03T06:00:00+00:00,106.643,107.049,106.5775,107.0425
2024-01-03T10:00:00+00:00,107.041,107.1835,106.9295,107.0335
2024-01-03T14:00:00+00:00,107.0345,107.6115,106.9825,107.484
2024-01-03T18:00:00+00:00,107.4845,107.6105,107.177,107.315
2024-01-03T22:00:00+00:00,107.3175,107.4845,107.0055,107.4715
2024-01-04T02:00:00+00:00,107.4725,107.851,107.362,107.7835
2024-01-04T06:00:00+00:00,107.783,108.008,107.5035,107.983
2024-01-04T10:00:00+00:00,107.985,108.3265,107.982,108.217
2024-01-04T14:00:00+00:00,108.216,108.4525,108.153,108.2785
2024-01-04T18:00:00+00:00,108.2765,108.4045,108.2115,108.3315
2024-01-04T22:00:00+00:00,108.3325,108.527,108.199,108.421
2024-01-05T02:00:00+00:00,108.4205,108.494,108.251,108.317
2024-01-05T06:00:00+00:00,108.3165,108.723,108.297,108.5715
2024-01-05T10:00:00+00:00,108.573,109.0335,108.4745,108.892
2024-01-05T14:00:00+00:00,108.8915,108.9105,108.0375,108.495
2024-01-05T18:00:00+00:00,108.494,108.56,108.216,108.2665
2024-01-07T22:00:00+00:00,108.231,108.439,108.086,108.109
2024-01-08T02:00:00+00:00,108.11,108.2045,107.944,107.9475
2024-01-08T06:00:00+00:00,107.9485,108.038,107.7525,107.8085
2024-01-08T10:00:00+00:00,107.8075,108.1095,107.766,107.8375
2024-01-08T14:00:00+00:00,107.838,107.876,107.4485,107.7065
2024-01-08T18:00:00+00:00,107.7075,108.069,107.7015,108.062
2024-01-08T22:00:00+00:00,108.0635,108.1115,107.474,107.4895
2024-01-09T02:00:00+00:00,107.482,107.67,107.4645,107.6045
2024-01-09T06:00:00+00:00,107.6045,107.985,107.6045,107.798
2024-01-09T10:00:00+00:00,107.8,107.9345,107.482,107.5225
2024-01-09T14:00:00+00:00,107.5225,107.899,107.2305,107.838
2024-01-09T18:00:00+00:00,107.837,107.972,107.765,107.896
2024-01-09T22:00:00+00:00,107.8885,108.193,107.768,108.1615
2024-01-10T02:00:00+00:00,108.159,108.301,108.111,108.1915
2024-01-10T06:00:00+00:00,108.1955,108.436,108.1475,108.3855
2024-01-10T10:00:00+00:00,108.386,108.615,108.3075,108.559
2024-01-10T14:00:00+00:00,108.5585,108.9725,108.54,108.832
2024-01-10T18:00:00+00:00,108.83,108.9845,108.754,108.934
2024-01-10T22:00:00+00:00,108.933,108.9885,108.743,108.7685
2024-01-11T02:00:00+00:00,108.7695,108.9485,108.7255,108.911
2024-01-11T06:00:00+00:00,108.913,108.9485,108.7485,108.856
2024-01-11T10:00:00+00:00,108.8575,109.1365,108.5535,109.124
2024-01-11T14:00:00+00:00,109.1205,109.238,108.5985,108.7165
2024-01-11T18:00:00+00:00,108.719,108.858,108.4545,108.472
2024-01-11T22:00:00+00:00,108.474,108.644,108.248,108.5225
2024-01-12T02:00:00+00:00,108.5235,108.6135,108.296,108.568
2024-01-12T06:00:00+00:00,108.5685,108.668,108.425,108.663
2024-01-12T10:00:00+00:00,108.6625,108.7925,108.34,108.414
2024-01-12T14:00:00+00:00,108.413,108.481,108.0005,108.1525
2024-01-12T18:00:00+00:00,108.153,108.205,108.008,108.0775
2024-01-14T22:00:00+00:00,108.081,108.348,108.0165,108.3095
2024-01-15T02:00:00+00:00,108.3105,108.475,108.2555,108.421
2024-01-15T06:00:00+00:00,108.42,108.677,108.366,108.5855
2024-01-15T10:00:00+00:00,108.5835,108.7755,108.495,108.553
2024-01-15T14:00:00+00:00,108.5525,108.6265,108.378,108.48
2024-01-15T18:00:00+00:00,108.4815,108.5925,108.479,108.5305
2024-01-15T22:00:00+00:00,108.5285,108.6105,108.342,108.44
2024-01-16T02:00:00+00:00,108.4425,108.6125,108.352,108.4545
2024-01-16T06:00:00+00:00,108.455,108.669,108.27,108.573
2024-01-16T10:00:00+00:00,108.5735,108.992,108.546,108.91
2024-01-16T14:00:00+00:00,108.9105,109.2315,108.6965,109.163
2024-01-16T18:00:00+00:00,109.164,109.169,109.0415,109.0675
2024-01-16T22:00:00+00:00,109.0665,109.304,108.9845,109.1275
2024-01-17T02:00:00+00:00,109.127,109.312,109.107,109.2495
2024-01-17T06:00:00+00:00,109.249,109.5105,109.182,109.2785
2024-01-17T10:00:00+00:00,109.2795,109.4505,109.1485,109.4215
2024-01-17T14:00:00+00:00,109.421,109.9015,109.2655,109.5795
2024-01-17T18:00:00+00:00,109.579,109.72,109.573,109.699
2024-01-17T22:00:00+00:00,109.7,109.8035,109.59,109.74
2024-01-18T02:00:00+00:00,109.7405,109.7815,109.592,109.6005
2024-01-18T06:00:00+00:00,109.5985,109.692,109.4315,109.575
2024-01-18T10:00:00+00:00,109.573,109.701,109.4345,109.6495
2024-01-18T14:00:00+00:00,109.652,109.8195,109.515,109.734
2024-01-18T18:00:00+00:00,109.735,109.87,109.6205,109.8565
2024-01-18T22:00:00+00:00,109.8645,110.008,109.713,110.0075
2024-01-19T02:00:00+00:00,110.0085,110.1725,109.854,110.139
2024-01-19T06:00:00+00:00,110.138,110.2445,109.7905,109.8915
2024-01-19T10:00:00+00:00,109.8925,110.0575,109.79,109.9235
2024-01-19T14:00:00+00:00,109.923,110.206,109.866,110.038
2024-01-19T18:00:00+00:00,110.038,110.3495,110.038,110.2835
2024-01-21T22:00:00+00:00,110.3435,110.424,110.0585,110.1095
2024-01-22T02:00:00+00:00,110.113,110.216,110.0145,110.1715
2024-01-22T06:00:00+00:00,110.17,110.401,110.0885,110.318
2024-01-22T10:00:00+00:00,110.319,110.3385,109.865,109.911
2024-01-22T14:00:00+00:00,109.911,110.1405,109.8765,110.014
2024-01-22T18:00:00+00:00,110.0155,110.0625,109.8115,109.8815
2024-01-22T22:00:00+00:00,109.8805,109.975,109.747,109.866
2024-01-23T02:00:00+00:00,109.866,110.23,109.795,109.9015
2024-01-23T06:00:00+00:00,109.9,110.065,109.235,109.611
2024-01-23T10:00:00+00:00,109.61,109.916,109.61,109.8645
2024-01-23T14:00:00+00:00,109.8625,110.2395,109.8595,110.21
2024-01-23T18:00:00+00:00,110.2125,110.244,110.1025,110.19
2024-01-23T22:00:00+00:00,110.1875,110.268,109.917,109.9245
2024-01-24T02:00:00+00:00,109.9245,110.021,109.667,109.7925
2024-01-24T06:00:00+00:00,109.799,109.88,109.627,109.751
2024-01-24T10:00:00+00:00,109.752,109.7775,109.2405,109.2665
2024-01-24T14:00:00+00:00,109.266,109.52,108.887,109.19
2024-01-24T18:00:00+00:00,109.1945,109.266,109.0525,109.0805
2024-01-24T22:00:00+00:00,109.0405,109.2645,108.9715,109.1865
2024-01-25T02:00:00+00:00,109.1855,109.3345,109.168,109.2995
2024-01-25T06:00:00+00:00,109.3025,109.35,109.123,109.3145
2024-01-25T10:00:00+00:00,109.3135,109.4755,109.168,109.246
2024-01-25T14:00:00+00:00,109.247,109.5525,108.9325,109.534
2024-01-25T18:00:00+00:00,109.5355,109.6895,109.429,109.5835
2024-01-25T22:00:00+00:00,109.584,109.692,109.4455,109.5225
2024-01-26T02:00:00+00:00,109.524,109.7435,109.5005,109.718
2024-01-26T06:00:00+00:00,109.717,109.956,109.6435,109.866
2024-01-26T10:00:00+00:00,109.8635,110.13,109.7535,109.9605
2024-01-26T14:00:00+00:00,109.9625,110.219,109.875,109.9255
2024-01-26T18:00:00+00:00,109.9265,110.165,109.891,110.1265
2024-01-28T22:00:00+00:00,109.9965,110.2265,109.9705,110.1555
2024-01-29T02:00:00+00:00,110.1565,110.231,110.0605,110.078
2024-01-29T06:00:00+00:00,110.0795,110.117,109.9375,109.967
2024-01-29T10:00:00+00:00,109.966,110.2045,109.9345,110.1175
2024-01-29T14:00:00+00:00,110.117,110.164,109.7115,109.8105
2024-01-29T18:00:00+00:00,109.8125,110.0085,109.757,109.9655
2024-01-29T22:00:00+00:00,109.964,110.0095,109.8095,109.8755
2024-01-30T02:00:00+00:00,109.879,110.0225,109.863,109.9245
2024-01-30T06:00:00+00:00,109.926,110.0375,109.747,109.957
2024-01-30T10:00:00+00:00,109.9565,109.9665,109.7585,109.7825
2024-01-30T14:00:00+00:00,109.7815,110.203,109.678,110.1945
2024-01-30T18:00:00+00:00,110.1935,110.2605,110.115,110.174
2024-01-30T22:00:00+00:00,110.1705,110.1845,109.85,110.018
2024-01-31T02:00:00+00:00,110.0175,110.15,109.978,110.0915
2024-01-31T06:00:00+00:00,110.0895,110.2165,109.853,110.091
2024-01-31T10:00:00+00:00,110.0915,110.17,109.9375,110.106
2024-01-31T14:00:00+00:00,110.105,110.143,109.1705,109.28
2024-01-31T18:00:00+00:00,109.281,109.6865,109.1235,109.3505
2024-01-31T22:00:00+00:00,109.3545,109.5175,109.214,109.267
2024-02-01T02:00:00+00:00,109.2665,109.282,109.1455,109.214
2024-02-01T06:00:00+00:00,109.218,109.2595,108.9485,109.176
2024-02-01T10:00:00+00:00,109.177,109.4105,108.98,109.1165
2024-02-01T14:00:00+00:00,109.117,109.4685,108.823,109.3735
2024-02-01T18:00:00+00:00,109.374,109.4775,109.241,109.4115
2024-02-01T22:00:00+00:00,109.413,109.479,109.2905,109.4305
2024-02-02T02:00:00+00:00,109.431,109.543,109.4045,109.477
2024-02-02T06:00:00+00:00,109.474,109.78,109.4375,109.7275
2024-02-02T10:00:00+00:00,109.728,110.1865,109.5095,110.1355
2024-02-02T14:00:00+00:00,110.137,110.379,109.7475,110.29
2024-02-02T18:00:00+00:00,110.292,110.3335,110.082,110.208
2024-02-04T22:00:00+00:00,110.253,110.398,110.1215,110.1295
2024-02-05T02:00:00+00:00,110.1305,110.2165,110.061,110.119
2024-02-05T06:00:00+00:00,110.121,110.2535,110.052,110.1115
2024-02-05T10:00:00+00:00,110.113,110.1415,109.902,109.9545
2024-02-05T14:00:00+00:00,109.9525,110.0225,109.763,109.866
2024-02-05T18:00:00+00:00,109.8535,109.9175,109.7535,109.809
2024-02-05T22:00:00+00:00,109.808,109.884,109.7075,109.8365
2024-02-06T02:00:00+00:00,109.836,109.954,109.82,109.85
2024-02-06T06:00:00+00:00,109.851,109.95,109.787,109.8585
2024-02-06T10:00:00+00:00,109.8605,109.9405,109.7475,109.8105
2024-02-06T14:00:00+00:00,109.8105,109.859,109.4505,109.6745
2024-02-06T18:00:00+00:00,109.6745,109.7615,109.608,109.6525
2024-02-06T22:00:00+00:00,109.655,109.711,109.544,109.6635
2024-02-07T02:00:00+00:00,109.6655,109.789,109.6585,109.7195
2024-02-07T06:00:00+00:00,109.7185,109.8915,109.602,109.803
2024-02-07T10:00:00+00:00,109.804,110.144,109.7665,110.042
2024-02-07T14:00:00+00:00,110.0425,110.0785,109.6045,109.948
2024-02-07T18:00:00+00:00,109.9485,110.085,109.873,110.0735
2024-02-07T22:00:00+00:00,110.0505,110.2665,109.9235,110.221
2024-02-08T02:00:00+00:00,110.222,110.477,110.222,110.4375
2024-02-08T06:00:00+00:00,110.4345,110.611,110.408,110.497
2024-02-08T10:00:00+00:00,110.4955,110.8265,110.4915,110.7735
2024-02-08T14:00:00+00:00,110.772,111.0035,110.725,110.9355
2024-02-08T18:00:00+00:00,110.9355,111.0435,110.8265,110.955
2024-02-08T22:00:00+00:00,110.9185,111.0095,110.821,110.8945
2024-02-09T02:00:00+00:00,110.8935,111.0325,110.877,110.9565
2024-02-09T06:00:00+00:00,110.9585,111.127,110.884,111.0365
2024-02-09T10:00:00+00:00,111.0365,111.368,110.9725,111.1715
2024-02-09T14:00:00+00:00,111.1725,111.2075,110.797,110.88
2024-02-09T18:00:00+00:00,110.8805,111.0085,110.8545,110.9155
2024-02-11T22:00:00+00:00,110.8575,110.9435,110.7405,110.845
2024-02-12T02:00:00+00:00,110.8465,110.884,110.7975,110.846
2024-02-12T06:00:00+00:00,110.844,110.87,110.689,110.7495
2024-02-12T10:00:00+00:00,110.751,110.779,110.5745,110.7465
2024-02-12T14:00:00+00:00,110.746,111.201,110.7395,111.087
2024-02-12T18:00:00+00:00,111.088,111.188,110.9815,111.037
2024-02-12T22:00:00+00:00,111.0365,111.079,110.9505,111.0325
2024-02-13T02:00:00+00:00,111.0295,111.1395,111.0005,111.13
2024-02-13T06:00:00+00:00,111.1305,111.264,111.063,111.203
2024-02-13T10:00:00+00:00,111.2015,111.4155,110.9865,111.2395
2024-02-13T14:00:00+00:00,111.24,111.296,110.8725,111.123
2024-02-13T18:00:00+00:00,111.1225,111.213,110.9945,111.1875
2024-02-13T22:00:00+00:00,111.2015,111.2265,110.9445,110.984
2024-02-14T02:00:00+00:00,110.983,111.043,110.939,111.021
2024-02-14T06:00:00+00:00,111.02,111.238,110.9225,111.2315
2024-02-14T10:00:00+00:00,111.232,111.3415,111.118,111.222
2024-02-14T14:00:00+00:00,111.2225,111.2415,110.966,111.04
2024-02-14T18:00:00+00:00,111.041,111.2275,111.0025,111.178
2024-02-14T22:00:00+00:00,111.181,111.214,110.853,110.8935
2024-02-15T02:00:00+00:00,110.8955,110.9865,110.824,110.885
2024-02-15T06:00:00+00:00,110.8865,110.923,110.7655,110.833
2024-02-15T10:00:00+00:00,110.832,110.9435,110.6485,110.8465
2024-02-15T14:00:00+00:00,110.849,111.335,110.8435,111.2805
2024-02-15T18:00:00+00:00,111.2775,111.3875,111.1905,111.354
2024-02-15T22:00:00+00:00,111.353,111.428,111.282,111.3355
2024-02-16T02:00:00+00:00,111.3365,111.508,111.3335,111.385
2024-02-16T06:00:00+00:00,111.3845,111.511,111.3825,111.4835
2024-02-16T10:00:00+00:00,111.486,111.6185,111.392,111.5315
2024-02-16T14:00:00+00:00,111.5305,111.6145,111.377,111.4835
2024-02-16T18:00:00+00:00,111.483,111.4935,111.317,111.369
2024-02-18T22:00:00+00:00,111.406,111.4695,111.2425,111.2745
2024-02-19T02:00:00+00:00,111.273,111.3155,111.211,111.3035
2024-02-19T06:00:00+00:00,111.304,111.3275,111.236,111.2795
2024-02-19T10:00:00+00:00,111.2795,111.327,111.238,111.2535
2024-02-19T14:00:00+00:00,111.253,111.335,111.2225,111.33
2024-02-19T18:00:00+00:00,111.329,111.3305,111.2585,111.2915
2024-02-19T22:00:00+00:00,111.296,111.371,111.233,111.273
2024-02-20T02:00:00+00:00,111.2705,111.3605,111.252,111.359
2024-02-20T06:00:00+00:00,111.359,111.4325,111.263,111.377
2024-02-20T10:00:00+00:00,111.3755,111.4465,110.882,110.983
2024-02-20T14:00:00+00:00,110.9835,111.0725,110.6765,110.8715
2024-02-20T18:00:00+00:00,110.8725,110.971,110.8295,110.93
2024-02-20T22:00:00+00:00,110.933,110.9965,110.852,110.9595
2024-02-21T02:00:00+00:00,110.9595,111.048,110.939,111.0305
2024-02-21T06:00:00+00:00,111.0315,111.0985,110.8865,110.966
2024-02-21T10:00:00+00:00,110.965,111.0065,110.854,110.982
2024-02-21T14:00:00+00:00,110.983,111.3105,110.9395,111.274
2024-02-21T18:00:00+00:00,111.275,111.336,111.1555,111.297
2024-02-21T22:00:00+00:00,111.306,111.576,111.2505,111.4505
2024-02-22T02:00:00+00:00,111.452,111.555,111.411,111.505
2024-02-22T06:00:00+00:00,111.505,111.74,111.4665,111.6465
2024-02-22T10:00:00+00:00,111.648,111.6865,111.4395,111.492
2024-02-22T14:00:00+00:00,111.4935,111.6525,111.421,111.633
2024-02-22T18:00:00+00:00,111.632,111.6825,111.5485,111.662
2024-02-22T22:00:00+00:00,111.66,111.68,111.477,111.5975
2024-02-23T02:00:00+00:00,111.598,111.7235,111.58,111.722
2024-02-23T06:00:00+00:00,111.7205,111.766,111.6365,111.6915
2024-02-23T10:00:00+00:00,111.687,111.803,111.659,111.7635
2024-02-23T14:00:00+00:00,111.7645,111.7675,111.244,111.4435
2024-02-23T18:00:00+00:00,111.442,111.476,111.3715,111.456
2024-02-25T22:00:00+00:00,111.5295,111.546,111.196,111.3145
2024-02-26T02:00:00+00:00,111.316,111.422,111.303,111.353
2024-02-26T06:00:00+00:00,111.352,111.4025,111.213,111.3985
2024-02-26T10:00:00+00:00,111.3995,111.585,111.3295,111.574
2024-02-26T14:00:00+00:00,111.573,111.61,111.453,111.539
2024-02-26T18:00:00+00:00,111.537,111.6255,111.52,111.5885
2024-02-26T22:00:00+00:00,111.5855,111.607,111.4065,111.4285
2024-02-27T02:00:00+00:00,111.4305,111.4855,111.3525,111.4805
2024-02-27T06:00:00+00:00,111.4815,111.5045,111.2445,111.3695
2024-02-27T10:00:00+00:00,111.3685,111.449,111.1945,111.322
2024-02-27T14:00:00+00:00,111.323,111.391,111.1765,111.236
2024-02-27T18:00:00+00:00,111.2365,111.293,111.18,111.2645
2024-02-27T22:00:00+00:00,111.262,111.294,111.1185,111.127
2024-02-28T02:00:00+00:00,111.1255,111.218,111.0895,111.1605
2024-02-28T06:00:00+00:00,111.16,111.2345,110.9355,110.944
2024-02-28T10:00:00+00:00,110.9435,111.0325,110.7785,110.9885
2024-02-28T14:00:00+00:00,110.9875,111.1865,110.978,111.0515
2024-02-28T18:00:00+00:00,111.0505,111.0765,110.9415,110.996
2024-02-28T22:00:00+00:00,110.9945,111.008,110.582,110.614
2024-02-29T02:00:00+00:00,110.616,110.6275,110.2985,110.4395
2024-02-29T06:00:00+00:00,110.438,110.4685,110.191,110.275
2024-02-29T10:00:00+00:00,110.2755,110.4855,110.2595,110.4185
2024-02-29T14:00:00+00:00,110.418,110.561,110.137,110.47
2024-02-29T18:00:00+00:00,110.471,110.506,110.402,110.4575
2024-02-29T22:00:00+00:00,110.4565,110.8555,110.414,110.832
2024-03-01T02:00:00+00:00,110.8295,110.8955,110.793,110.8645
2024-03-01T06:00:00+00:00,110.8665,110.9575,110.7815,110.943
2024-03-01T10:00:00+00:00,110.9485,110.9635,110.6865,110.886
2024-03-01T14:00:00+00:00,110.8865,110.8935,110.5805,110.785
2024-03-01T18:00:00+00:00,110.784,110.805,110.669,110.7005
2024-03-03T22:00:00+00:00,110.6985,110.798,110.6135,110.702
2024-03-04T02:00:00+00:00,110.701,110.8145,110.667,110.8095
2024-03-04T06:00:00+00:00,110.8085,110.8955,110.689,110.7825
2024-03-04T10:00:00+00:00,110.7825,110.9465,110.782,110.9035
2024-03-04T14:00:00+00:00,110.904,110.996,110.764,110.914
2024-03-04T18:00:00+00:00,110.913,110.9305,110.8185,110.9005
2024-03-04T22:00:00+00:00,110.898,110.935,110.757,110.858
2024-03-05T02:00:00+00:00,110.8575,110.894,110.771,110.7815
2024-03-05T06:00:00+00:00,110.781,110.808,110.523,110.695
2024-03-05T10:00:00+00:00,110.6935,110.7655,110.4335,110.451
2024-03-05T14:00:00+00:00,110.453,110.6455,110.41,110.5555
2024-03-05T18:00:00+00:00,110.5545,110.5625,110.182,110.3905
2024-03-05T22:00:00+00:00,110.3895,110.4375,110.215,110.426
2024-03-06T02:00:00+00:00,110.4215,110.4215,110.3075,110.3695
2024-03-06T06:00:00+00:00,110.3705,110.3935,109.942,110.1875
2024-03-06T10:00:00+00:00,110.191,110.305,110.052,110.1045
2024-03-06T14:00:00+00:00,110.1055,110.6275,110.059,110.57
2024-03-06T18:00:00+00:00,110.5695,110.5885,110.397,110.5435
2024-03-06T22:00:00+00:00,110.556,110.589,109.887,109.9625
2024-03-07T02:00:00+00:00,109.9575,110.0725,109.895,110.013
2024-03-07T06:00:00+00:00,110.0125,110.0265,109.4035,109.566
2024-03-07T10:00:00+00:00,109.5675,109.6245,109.387,109.5765
2024-03-07T14:00:00+00:00,109.5745,110.047,109.549,109.9515
2024-03-07T18:00:00+00:00,109.955,110.0685,109.93,110.005
2024-03-07T22:00:00+00:00,110.006,110.079,109.704,110.012
2024-03-08T02:00:00+00:00,110.0125,110.0845,109.9025,109.928
2024-03-08T06:00:00+00:00,109.9285,110.09,109.328,109.499
2024-03-08T10:00:00+00:00,109.5,109.5545,109.093,109.286
2024-03-08T14:00:00+00:00,109.288,109.3565,109.053,109.055
2024-03-08T18:00:00+00:00,109.054,109.117,108.944,109.054
2024-03-10T21:00:00+00:00,109.03,109.158,108.7905,108.882
2024-03-11T01:00:00+00:00,108.883,109.075,108.734,108.929
2024-03-11T05:00:00+00:00,108.9285,109.096,108.7725,108.84
2024-03-11T09:00:00+00:00,108.8405,108.9135,108.681,108.6935
2024-03-11T13:00:00+00:00,108.693,109.0135,108.6885,108.9525
2024-03-11T17:00:00+00:00,108.952,109.033,108.832,108.9905
2024-03-11T21:00:00+00:00,108.9645,109.031,108.7945,108.951
2024-03-12T01:00:00+00:00,108.954,109.414,108.949,109.377
2024-03-12T05:00:00+00:00,109.3795,109.5405,109.248,109.3435
2024-03-12T09:00:00+00:00,109.343,109.7325,109.18,109.4205
2024-03-12T13:00:00+00:00,109.422,109.6055,109.3115,109.4
2024-03-12T17:00:00+00:00,109.3995,109.49,109.365,109.469
2024-03-12T21:00:00+00:00,109.481,109.4975,109.22,109.221
2024-03-13T01:00:00+00:00,109.2265,109.363,109.132,109.3565
2024-03-13T05:00:00+00:00,109.3565,109.651,109.32,109.636
2024-03-13T09:00:00+00:00,109.637,109.744,109.4995,109.6585
2024-03-13T13:00:00+00:00,109.658,109.85,109.58,109.673
2024-03-13T17:00:00+00:00,109.6725,109.777,109.513,109.695
2024-03-13T21:00:00+00:00,109.6965,109.73,109.55,109.593
2024-03-14T01:00:00+00:00,109.5895,109.8045,109.564,109.7685
2024-03-14T05:00:00+00:00,109.7695,109.799,109.691,109.764
2024-03-14T09:00:00+00:00,109.765,109.826,109.6375,109.7
2024-03-14T13:00:00+00:00,109.6995,109.832,109.4295,109.5835
2024-03-14T17:00:00+00:00,109.583,109.669,109.4965,109.61
2024-03-14T21:00:00+00:00,109.6065,109.7005,109.504,109.6315
2024-03-15T01:00:00+00:00,109.6305,109.781,109.5075,109.555
2024-03-15T05:00:00+00:00,109.5555,109.867,109.363,109.7635
2024-03-15T09:00:00+00:00,109.7625,110.0205,109.746,109.9815
2024-03-15T13:00:00+00:00,109.981,110.3025,109.976,110.076
2024-03-15T17:00:00+00:00,110.0755,110.1285,109.976,110.068
2024-03-17T21:00:00+00:00,110.037,110.2245,109.943,110.215
2024-03-18T01:00:00+00:00,110.216,110.2425,110.022,110.157
2024-03-18T05:00:00+00:00,110.1565,110.3815,110.138,110.2365
2024-03-18T09:00:00+00:00,110.2385,110.312,110.0375,110.2335
2024-03-18T13:00:00+00:00,110.233,110.2685,110.075,110.1075
2024-03-18T17:00:00+00:00,110.1065,110.2355,109.9705,110.2115
2024-03-18T21:00:00+00:00,110.2125,110.244,110.104,110.175
2024-03-19T01:00:00+00:00,110.177,110.7625,110.0615,110.6795
2024-03-19T05:00:00+00:00,110.6785,110.957,110.607,110.7805
2024-03-19T09:00:00+00:00,110.781,111.004,110.536,110.6065
2024-03-19T13:00:00+00:00,110.606,111.306,110.55,111.302
2024-03-19T17:00:00+00:00,111.3025,111.331,111.194,111.205
2024-03-19T21:00:00+00:00,111.206,111.438,111.138,111.3485
2024-03-20T01:00:00+00:00,111.351,111.619,111.3465,111.5675
2024-03-20T05:00:00+00:00,111.5655,111.634,111.3855,111.426
2024-03-20T09:00:00+00:00,111.426,111.7195,111.4035,111.7155
2024-03-20T13:00:00+00:00,111.717,111.888,111.62,111.8875
2024-03-20T17:00:00+00:00,111.887,112.2645,111.6165,112.108
2024-03-20T21:00:00+00:00,112.1105,112.176,111.734,111.8085
2024-03-21T01:00:00+00:00,111.8105,111.985,111.609,111.9645
2024-03-21T05:00:00+00:00,111.965,112.295,111.956,112.009
2024-03-21T09:00:00+00:00,112.0095,112.063,111.801,111.9135
2024-03-21T13:00:00+00:00,111.914,112.2,111.8995,112.1265
2024-03-21T17:00:00+00:00,112.127,112.1605,112.048,112.0645
2024-03-21T21:00:00+00:00,112.0625,112.1315,111.989,112.0555
2024-03-22T01:00:00+00:00,112.055,112.18,111.686,111.7835
2024-03-22T05:00:00+00:00,111.784,111.8245,111.486,111.6365
2024-03-22T09:00:00+00:00,111.6375,111.725,111.299,111.4705
2024-03-22T13:00:00+00:00,111.47,111.4995,111.1635,111.298
2024-03-22T17:00:00+00:00,111.298,111.356,111.204,111.335
2024-03-24T21:00:00+00:00,111.2835,111.356,111.0395,111.157
2024-03-25T01:00:00+00:00,111.155,111.3125,111.068,111.3065
2024-03-25T05:00:00+00:00,111.3025,111.363,111.1395,111.361
2024-03-25T09:00:00+00:00,111.3605,111.4125,111.225,111.2685
2024-03-25T13:00:00+00:00,111.269,111.595,111.23,111.5415
2024-03-25T17:00:00+00:00,111.542,111.563,111.427,111.4535
2024-03-25T21:00:00+00:00,111.454,111.5005,111.3865,111.411
2024-03-26T01:00:00+00:00,111.411,111.4945,111.385,111.435
2024-03-26T05:00:00+00:00,111.4355,111.499,111.319,111.396
2024-03-26T09:00:00+00:00,111.396,111.7385,111.378,111.7295
2024-03-26T13:00:00+00:00,111.7285,111.732,111.495,111.604
2024-03-26T17:00:00+00:00,111.6035,111.654,111.5405,111.576
2024-03-26T21:00:00+00:00,111.5785,111.602,111.41,111.454
2024-03-27T01:00:00+00:00,111.4545,111.7015,111.443,111.566
2024-03-27T05:00:00+00:00,111.5635,111.623,111.478,111.512
2024-03-27T09:00:00+00:00,111.5125,111.526,111.0645,111.138
2024-03-27T13:00:00+00:00,111.1365,111.45,111.1345,111.3465
2024-03-27T17:00:00+00:00,111.3455,111.526,111.323,111.489
2024-03-27T21:00:00+00:00,111.516,111.547,111.3245,111.4695
2024-03-28T01:00:00+00:00,111.4675,111.5415,111.3895,111.489
2024-03-28T05:00:00+00:00,111.489,111.505,111.248,111.3125
2024-03-28T09:00:00+00:00,111.312,111.464,111.2355,111.4265
2024-03-28T13:00:00+00:00,111.426,111.8545,111.4205,111.796
2024-03-28T17:00:00+00:00,111.794,111.8695,111.721,111.8015
2024-03-28T21:00:00+00:00,111.8025,111.9155,111.6705,111.775
2024-03-29T01:00:00+00:00,111.7755,111.8565,111.6235,111.635
2024-03-29T05:00:00+00:00,111.6355,111.74,111.6295,111.691
2024-03-29T09:00:00+00:00,111.691,111.7625,111.6115,111.672
2024-03-29T13:00:00+00:00,111.672,111.7565,111.6095,111.717
2024-03-29T17:00:00+00:00,111.7215,111.818,111.689,111.759
2024-03-31T22:00:00+01:00,111.718,111.986,111.6205,111.9385
2024-04-01T02:00:00+01:00,111.938,111.952,111.7855,111.8865
2024-04-01T06:00:00+01:00,111.887,111.93,111.8375,111.8645
2024-04-01T10:00:00+01:00,111.8655,111.9145,111.6025,111.702
2024-04-01T14:00:00+01:00,111.701,111.8625,111.6785,111.738
2024-04-01T18:00:00+01:00,111.737,111.7605,111.5885,111.7515
2024-04-01T22:00:00+01:00,111.748,111.816,111.5855,111.7435
2024-04-02T02:00:00+01:00,111.744,111.847,111.6805,111.76
2024-04-02T06:00:00+01:00,111.758,111.8335,111.685,111.7965
2024-04-02T10:00:00+01:00,111.7935,111.886,111.772,111.774
2024-04-02T14:00:00+01:00,111.7735,111.7775,111.5965,111.704
2024-04-02T18:00:00+01:00,111.7005,111.755,111.649,111.7165
2024-04-02T22:00:00+01:00,111.7175,111.7685,111.6275,111.6795
2024-04-03T02:00:00+01:00,111.6795,111.7725,111.656,111.7295
2024-04-03T06:00:00+01:00,111.7315,111.783,111.6405,111.7315
2024-04-03T10:00:00+01:00,111.7305,111.976,111.73,111.923
2024-04-03T14:00:00+01:00,111.924,112.32,111.899,112.08
2024-04-03T18:00:00+01:00,112.0815,112.161,112.0345,112.1485
2024-04-03T22:00:00+01:00,112.1515,112.1745,112.054,112.133
2024-04-04T02:00:00+01:00,112.1315,112.265,112.1305,112.2455
2024-04-04T06:00:00+01:00,112.247,112.371,112.206,112.348
2024-04-04T10:00:00+01:00,112.35,112.4785,112.321,112.436
2024-04-04T14:00:00+01:00,112.4385,112.484,112.318,112.327
2024-04-04T18:00:00+01:00,112.3275,112.343,111.49,111.7585
2024-04-04T22:00:00+01:00,111.7545,111.787,111.332,111.394
2024-04-05T02:00:00+01:00,111.3945,111.4935,111.2825,111.4235
2024-04-05T06:00:00+01:00,111.4215,111.6875,111.385,111.647
2024-04-05T10:00:00+01:00,111.646,111.7465,111.274,111.281
2024-04-05T14:00:00+01:00,111.281,111.6585,111.1175,111.5785
2024-04-05T18:00:00+01:00,111.58,111.611,111.501,111.562
2024-04-07T22:00:00+01:00,111.5385,111.5905,111.4135,111.4585
2024-04-08T02:00:00+01:00,111.458,111.7125,111.441,111.6
2024-04-08T06:00:00+01:00,111.601,111.765,111.572,111.712
2024-04-08T10:00:00+01:00,111.7125,111.831,111.6555,111.8185
2024-04-08T14:00:00+01:00,111.8195,111.874,111.6235,111.783
2024-04-08T18:00:00+01:00,111.7825,111.9055,111.7435,111.858
2024-04-08T22:00:00+01:00,111.8385,111.941,111.7235,111.9235
2024-04-09T02:00:00+01:00,111.925,111.9285,111.786,111.868
2024-04-09T06:00:00+01:00,111.8675,111.9215,111.8255,111.904
2024-04-09T10:00:00+01:00,111.899,111.9595,111.7925,111.8825
2024-04-09T14:00:00+01:00,111.883,111.993,111.48,111.647
2024-04-09T18:00:00+01:00,111.6445,111.8605,111.6285,111.8275
2024-04-09T22:00:00+01:00,111.8165,111.872,111.7185,111.8345
2024-04-10T02:00:00+01:00,111.8345,111.8855,111.8205,111.8555
2024-04-10T06:00:00+01:00,111.854,111.972,111.849,111.956
2024-04-10T10:00:00+01:00,111.9565,112.0315,111.385,111.6515
2024-04-10T14:00:00+01:00,111.6555,111.9185,111.531,111.7195
2024-04-10T18:00:00+01:00,111.719,112.0035,111.537,111.9465
2024-04-10T22:00:00+01:00,111.948,112.027,111.6295,111.6605
2024-04-11T02:00:00+01:00,111.6605,111.822,111.6275,111.791
2024-04-11T06:00:00+01:00,111.788,112.045,111.7875,111.975
2024-04-11T10:00:00+01:00,111.9765,112.008,111.7595,111.8125
2024-04-11T14:00:00+01:00,111.814,111.931,111.6845,111.828
2024-04-11T18:00:00+01:00,111.8285,112.019,111.799,111.9695
2024-04-11T22:00:00+01:00,111.9665,111.9815,111.7695,111.773
2024-04-12T02:00:00+01:00,111.7725,111.9005,111.7725,111.7865
2024-04-12T06:00:00+01:00,111.7875,111.803,111.595,111.608
2024-04-12T10:00:00+01:00,111.6075,111.64,110.9945,111.055
2024-04-12T14:00:00+01:00,111.056,111.3705,110.869,111.1605
2024-04-12T18:00:00+01:00,111.161,111.3455,111.0775,111.2925
2024-04-14T22:00:00+01:00,111.092,111.4865,111.061,111.4705
2024-04-15T02:00:00+01:00,111.471,111.827,111.447,111.81
2024-04-15T06:00:00+01:00,111.8095,112.0555,111.805,112.002
2024-04-15T10:00:00+01:00,112.0015,112.291,111.8975,112.245
2024-04-15T14:00:00+01:00,112.2475,112.4165,111.8565,112.127
2024-04-15T18:00:00+01:00,112.126,112.126,111.783,111.8945
2024-04-15T22:00:00+01:00,111.8965,111.915,111.7905,111.8455
2024-04-16T02:00:00+01:00,111.8465,111.8815,111.7275,111.81
2024-04-16T06:00:00+01:00,111.8105,112.029,111.8015,111.981
2024-04-16T10:00:00+01:00,111.98,112.26,111.845,111.9195
2024-04-16T14:00:00+01:00,111.9185,111.956,111.3,111.834
2024-04-16T18:00:00+01:00,111.8345,112.0275,111.7835,111.887
2024-04-16T22:00:00+01:00,111.8655,111.959,111.827,111.9155
2024-04-17T02:00:00+01:00,111.915,111.9895,111.8675,111.9005
2024-04-17T06:00:00+01:00,111.901,111.982,111.6795,111.9485
2024-04-17T10:00:00+01:00,111.948,112.037,111.8835,111.9815
2024-04-17T14:00:00+01:00,111.983,112.2165,111.718,111.7515
2024-04-17T18:00:00+01:00,111.7525,112.162,111.707,112.098
2024-04-17T22:00:00+01:00,112.0975,112.1375,111.9705,112.0505
2024-04-18T02:00:00+01:00,112.0515,112.2245,111.9005,112.19
2024-04-18T06:00:00+01:00,112.191,112.262,112.0955,112.229
2024-04-18T10:00:00+01:00,112.231,112.3295,112.183,112.2335
2024-04-18T14:00:00+01:00,112.233,112.461,112.1735,112.3355
2024-04-18T18:00:00+01:00,112.3365,112.3495,112.2035,112.334
2024-04-18T22:00:00+01:00,112.3335,112.353,112.168,112.2185
2024-04-19T02:00:00+01:00,112.218,112.273,111.2685,112.0035
2024-04-19T06:00:00+01:00,112.0055,112.393,111.8335,112.2035
2024-04-19T10:00:00+01:00,112.204,112.4395,112.181,112.33
2024-04-19T14:00:00+01:00,112.3305,112.6285,112.287,112.4925
2024-04-19T18:00:00+01:00,112.491,112.5535,112.366,112.4715
2024-04-21T22:00:00+01:00,112.4655,112.6725,112.318,112.5635
2024-04-22T02:00:00+01:00,112.565,112.7685,112.5495,112.7045
2024-04-22T06:00:00+01:00,112.7025,112.792,112.539,112.6965
2024-04-22T10:00:00+01:00,112.6975,112.8395,112.6955,112.7315
2024-04-22T14:00:00+01:00,112.732,112.9115,112.5495,112.907
2024-04-22T18:00:00+01:00,112.908,113.109,112.905,113.0245
2024-04-22T22:00:00+01:00,113.031,113.086,112.96,113.042
2024-04-23T02:00:00+01:00,113.04,113.0575,112.8935,112.9625
2024-04-23T06:00:00+01:00,112.964,113.122,112.897,112.957
2024-04-23T10:00:00+01:00,112.9565,113.0595,112.8835,113.054
2024-04-23T14:00:00+01:00,113.0535,113.315,112.953,113.276
2024-04-23T18:00:00+01:00,113.275,113.3405,113.1225,113.326
2024-04-23T22:00:00+01:00,113.3375,113.3635,113.2455,113.3355
2024-04-24T02:00:00+01:00,113.336,113.3705,113.2965,113.3115
2024-04-24T06:00:00+01:00,113.3115,113.379,113.1735,113.2295
2024-04-24T10:00:00+01:00,113.2325,113.323,112.9885,113.006
2024-04-24T14:00:00+01:00,113.005,113.1385,112.855,113.0835
2024-04-24T18:00:00+01:00,113.0825,113.3875,113.068,113.365
2024-04-24T22:00:00+01:00,113.364,113.469,113.206,113.4375
2024-04-25T02:00:00+01:00,113.4385,113.6825,113.4005,113.6495
2024-04-25T06:00:00+01:00,113.649,113.8815,113.6475,113.8645
2024-04-25T10:00:00+01:00,113.8645,113.865,113.4095,113.576
2024-04-25T14:00:00+01:00,113.575,113.7125,113.203,113.686
2024-04-25T18:00:00+01:00,113.6865,114.0055,113.6565,113.975
2024-04-25T22:00:00+01:00,113.9745,114.0065,113.8735,113.95
2024-04-26T02:00:00+01:00,113.9515,114.413,113.819,114.4085
2024-04-26T06:00:00+01:00,114.4075,114.8985,113.615,114.7385
2024-04-26T10:00:00+01:00,114.738,115.0125,114.462,114.8875
2024-04-26T14:00:00+01:00,114.889,115.3505,114.6965,115.305
2024-04-26T18:00:00+01:00,115.3055,115.9345,115.2575,115.8185
2024-04-28T22:00:00+01:00,115.503,115.954,115.453,115.869
2024-04-29T02:00:00+01:00,115.869,117.345,113.84,114.609
2024-04-29T06:00:00+01:00,114.607,115.1955,113.1565,114.134
2024-04-29T10:00:00+01:00,114.1365,114.587,113.808,114.51
2024-04-29T14:00:00+01:00,114.511,114.826,113.654,114.1685
2024-04-29T18:00:00+01:00,114.1615,114.4785,113.9395,114.45
2024-04-29T22:00:00+01:00,114.447,114.751,114.244,114.731
2024-04-30T02:00:00+01:00,114.732,114.862,114.5535,114.58
2024-04-30T06:00:00+01:00,114.583,114.6335,114.289,114.583
2024-04-30T10:00:00+01:00,114.587,114.8565,114.56,114.6595
2024-04-30T14:00:00+01:00,114.6615,114.774,114.424,114.4765
2024-04-30T18:00:00+01:00,114.477,114.6435,114.4595,114.5385
2024-04-30T22:00:00+01:00,114.5325,114.5925,114.4265,114.4845
2024-05-01T02:00:00+01:00,114.485,114.627,114.4725,114.5725
2024-05-01T06:00:00+01:00,114.5715,114.722,114.5385,114.699
2024-05-01T10:00:00+01:00,114.7,114.74,114.623,114.659
2024-05-01T14:00:00+01:00,114.6585,114.687,114.416,114.4975
2024-05-01T18:00:00+01:00,114.498,114.7085,111.418,112.5015
2024-05-01T22:00:00+01:00,112.5005,113.683,112.2765,113.6225
2024-05-02T02:00:00+01:00,113.6215,113.8145,113.4795,113.5645
2024-05-02T06:00:00+01:00,113.5655,113.603,113.0845,113.112
2024-05-02T10:00:00+01:00,113.1105,113.22,112.6175,112.635
2024-05-02T14:00:00+01:00,112.6345,112.8925,112.0585,112.3285
2024-05-02T18:00:00+01:00,112.3305,112.498,111.9205,112.366
2024-05-02T22:00:00+01:00,112.3855,112.526,111.863,112.091
2024-05-03T02:00:00+01:00,112.0925,112.1545,111.828,111.8975
2024-05-03T06:00:00+01:00,111.899,112.1925,111.8855,112.125
2024-05-03T10:00:00+01:00,112.1295,112.201,111.562,111.6885
2024-05-03T14:00:00+01:00,111.688,111.9305,111.575,111.71
2024-05-03T18:00:00+01:00,111.709,111.862,111.6925,111.8485
2024-05-05T22:00:00+01:00,111.8635,112.292,111.6715,112.0875
2024-05-06T02:00:00+01:00,112.0885,112.52,112.0855,112.471
2024-05-06T06:00:00+01:00,112.4725,112.5365,112.357,112.388
2024-05-06T10:00:00+01:00,112.3845,112.4975,112.295,112.38
2024-05-06T14:00:00+01:00,112.3795,112.788,112.3685,112.6425
2024-05-06T18:00:00+01:00,112.6435,112.717,112.5795,112.627
2024-05-06T22:00:00+01:00,112.6375,112.8735,112.56,112.668
2024-05-07T02:00:00+01:00,112.67,113.068,112.6275,112.936
2024-05-07T06:00:00+01:00,112.9365,112.9795,112.51,112.8815
2024-05-07T10:00:00+01:00,112.8805,113.034,112.856,112.9265
2024-05-07T14:00:00+01:00,112.9285,112.9425,112.638,112.6735
2024-05-07T18:00:00+01:00,112.6725,112.722,112.5865,112.698
2024-05-07T22:00:00+01:00,112.699,112.7755,112.593,112.7515
2024-05-08T02:00:00+01:00,112.754,112.9265,112.7,112.8295
2024-05-08T06:00:00+01:00,112.8285,113.012,112.783,112.993
2024-05-08T10:00:00+01:00,112.9945,113.196,112.9275,113.163
2024-05-08T14:00:00+01:00,113.1635,113.426,113.1345,113.3165
2024-05-08T18:00:00+01:00,113.317,113.3905,113.2705,113.345
2024-05-08T22:00:00+01:00,113.333,113.398,113.028,113.3365
2024-05-09T02:00:00+01:00,113.337,113.404,113.226,113.342
2024-05-09T06:00:00+01:00,113.3365,113.5245,113.328,113.4995
2024-05-09T10:00:00+01:00,113.5,113.633,113.473,113.598
2024-05-09T14:00:00+01:00,113.597,113.7575,113.5055,113.7155
2024-05-09T18:00:00+01:00,113.717,113.7265,113.6205,113.683
2024-05-09T22:00:00+01:00,113.6835,113.7455,113.534,113.6905
2024-05-10T02:00:00+01:00,113.6895,113.8125,113.66,113.7385
2024-05-10T06:00:00+01:00,113.7395,113.857,113.647,113.806
2024-05-10T10:00:00+01:00,113.807,114.236,113.7455,114.1675
2024-05-10T14:00:00+01:00,114.169,114.1745,113.958,113.9975
2024-05-10T18:00:00+01:00,113.997,114.014,113.8965,113.936
2024-05-12T22:00:00+01:00,113.908,113.997,113.8655,113.9825
2024-05-13T02:00:00+01:00,113.982,113.9895,113.6685,113.8675
2024-05-13T06:00:00+01:00,113.869,114.015,113.8525,114.0085
2024-05-13T10:00:00+01:00,114.0095,114.0355,113.8915,113.918
2024-05-13T14:00:00+01:00,113.9165,114.257,113.8795,114.2515
2024-05-13T18:00:00+01:00,114.25,114.3335,114.1985,114.31
2024-05-13T22:00:00+01:00,114.295,114.387,114.1695,114.3215
2024-05-14T02:00:00+01:00,114.323,114.4195,114.311,114.3435
2024-05-14T06:00:00+01:00,114.3445,114.457,114.329,114.391
2024-05-14T10:00:00+01:00,114.39,114.75,114.3195,114.738
2024-05-14T14:00:00+01:00,114.737,114.801,114.5175,114.555
2024-05-14T18:00:00+01:00,114.55,114.662,114.511,114.5905
2024-05-14T22:00:00+01:00,114.5895,114.708,114.52,114.571
2024-05-15T02:00:00+01:00,114.5675,114.6995,114.4995,114.5985
2024-05-15T06:00:00+01:00,114.599,114.648,114.18,114.233
2024-05-15T10:00:00+01:00,114.232,114.3735,113.828,113.881
2024-05-15T14:00:00+01:00,113.882,114.1265,113.7855,113.955
2024-05-15T18:00:00+01:00,113.956,113.9685,113.752,113.862
2024-05-15T22:00:00+01:00,113.8625,113.889,113.002,113.055
2024-05-16T02:00:00+01:00,113.0535,113.374,112.9595,113.1095
2024-05-16T06:00:00+01:00,113.1115,113.6235,113.057,113.5565
2024-05-16T10:00:00+01:00,113.5575,113.9555,113.4515,113.93
2024-05-16T14:00:00+01:00,113.931,114.1325,113.905,114.018
2024-05-16T18:00:00+01:00,114.0165,114.145,113.9575,114.0955
2024-05-16T22:00:00+01:00,114.104,114.2175,114.076,114.1185
2024-05-17T02:00:00+01:00,114.1165,114.418,114.102,114.352
2024-05-17T06:00:00+01:00,114.351,114.3995,114.2255,114.297
2024-05-17T10:00:00+01:00,114.2965,114.3325,114.227,114.3245
2024-05-17T14:00:00+01:00,114.323,114.45,114.131,114.3115
2024-05-17T18:00:00+01:00,114.3085,114.415,114.264,114.35
2024-05-19T22:00:00+01:00,114.289,114.5485,114.2285,114.5435
2024-05-20T02:00:00+01:00,114.542,114.6045,114.3945,114.5155
2024-05-20T06:00:00+01:00,114.514,114.538,114.1935,114.379
2024-05-20T10:00:00+01:00,114.378,114.6065,114.3235,114.5465
2024-05-20T14:00:00+01:00,114.547,114.8335,114.524,114.6445
2024-05-20T18:00:00+01:00,114.6455,114.741,114.583,114.6875
2024-05-20T22:00:00+01:00,114.692,114.809,114.5945,114.785
2024-05-21T02:00:00+01:00,114.7875,114.8335,114.676,114.7365
2024-05-21T06:00:00+01:00,114.7355,114.7565,114.4885,114.6405
2024-05-21T10:00:00+01:00,114.6425,114.8255,114.3585,114.393
2024-05-21T14:00:00+01:00,114.3935,114.464,114.155,114.3905
2024-05-21T18:00:00+01:00,114.389,114.484,114.351,114.374
2024-05-21T22:00:00+01:00,114.3745,114.5945,114.3355,114.588
2024-05-22T02:00:00+01:00,114.589,114.6795,114.5685,114.5995
2024-05-22T06:00:00+01:00,114.5985,114.654,114.4735,114.5515
2024-05-22T10:00:00+01:00,114.552,114.6165,114.426,114.472
2024-05-22T14:00:00+01:00,114.471,114.5965,114.405,114.543
2024-05-22T18:00:00+01:00,114.544,114.5885,114.327,114.501
2024-05-22T22:00:00+01:00,114.5085,114.5885,114.422,114.549
2024-05-23T02:00:00+01:00,114.5475,114.6245,114.451,114.549
2024-05-23T06:00:00+01:00,114.55,114.6485,114.4025,114.618
2024-05-23T10:00:00+01:00,114.619,114.7065,114.5095,114.701
2024-05-23T14:00:00+01:00,114.7005,114.893,114.47,114.564
2024-05-23T18:00:00+01:00,114.5635,114.5695,114.153,114.309
2024-05-23T22:00:00+01:00,114.304,114.4205,114.247,114.348
2024-05-24T02:00:00+01:00,114.3465,114.4365,114.298,114.37
2024-05-24T06:00:00+01:00,114.3685,114.4575,114.3185,114.4335
2024-05-24T10:00:00+01:00,114.434,114.5725,114.3665,114.5425
2024-05-24T14:00:00+01:00,114.545,114.9115,114.532,114.901
2024-05-24T18:00:00+01:00,114.902,114.9975,114.81,114.878
2024-05-26T22:00:00+01:00,114.832,114.9255,114.6905,114.754
2024-05-27T02:00:00+01:00,114.7555,114.779,114.646,114.7205
2024-05-27T06:00:00+01:00,114.722,114.8995,114.6935,114.8945
2024-05-27T10:00:00+01:00,114.8955,114.914,114.8,114.8725
2024-05-27T14:00:00+01:00,114.875,115.124,114.875,115.0925
2024-05-27T18:00:00+01:00,115.093,115.1215,115.021,115.0635
2024-05-27T22:00:00+01:00,115.02,115.1485,114.9805,115.1325
2024-05-28T02:00:00+01:00,115.1355,115.1585,115.009,115.036
2024-05-28T06:00:00+01:00,115.0345,115.186,115.015,115.1145
2024-05-28T10:00:00+01:00,115.1125,115.216,114.965,115.038
2024-05-28T14:00:00+01:00,115.0365,115.154,114.945,115.1265
2024-05-28T18:00:00+01:00,115.126,115.219,115.065,115.181
2024-05-28T22:00:00+01:00,115.1785,115.2895,115.1415,115.245
2024-05-29T02:00:00+01:00,115.2445,115.27,115.081,115.101
2024-05-29T06:00:00+01:00,115.0995,115.115,114.812,115.0095
2024-05-29T10:00:00+01:00,115.0105,115.0915,114.903,114.9145
2024-05-29T14:00:00+01:00,114.913,115.053,114.8455,115.0485
2024-05-29T18:00:00+01:00,115.0495,115.059,114.91,114.917
2024-05-29T22:00:00+01:00,114.918,114.975,114.6565,114.7
2024-05-30T02:00:00+01:00,114.7,114.8125,114.49,114.5355
2024-05-30T06:00:00+01:00,114.537,114.557,114.0805,114.4375
2024-05-30T10:00:00+01:00,114.4355,114.486,114.2965,114.3715
2024-05-30T14:00:00+01:00,114.3725,114.711,114.187,114.6795
2024-05-30T18:00:00+01:00,114.681,114.7215,114.55,114.6365
2024-05-30T22:00:00+01:00,114.638,114.761,114.471,114.5625
2024-05-31T02:00:00+01:00,114.5625,114.713,114.4295,114.6275
2024-05-31T06:00:00+01:00,114.6265,115.1885,114.624,115.1645
2024-05-31T10:00:00+01:00,115.165,115.3585,114.96,115.0395
2024-05-31T14:00:00+01:00,115.0405,115.3235,114.821,115.216
2024-05-31T18:00:00+01:00,115.2155,115.4925,115.2145,115.4365
2024-06-02T22:00:00+01:00,115.3195,115.5325,115.278,115.4365
2024-06-03T02:00:00+01:00,115.436,115.542,115.3265,115.5105
2024-06-03T06:00:00+01:00,115.508,115.5465,114.983,115.02
2024-06-03T10:00:00+01:00,115.021,115.148,114.7525,115.08
2024-06-03T14:00:00+01:00,115.079,115.119,114.383,114.397
2024-06-03T18:00:00+01:00,114.396,114.594,114.2995,114.5405
2024-06-03T22:00:00+01:00,114.5425,114.799,114.4325,114.7715
2024-06-04T02:00:00+01:00,114.7725,114.7865,114.571,114.5985
2024-06-04T06:00:00+01:00,114.5995,114.6045,113.4575,113.5295
2024-06-04T10:00:00+01:00,113.529,113.581,112.9635,113.411
2024-06-04T14:00:00+01:00,113.4085,113.476,113.031,113.114
2024-06-04T18:00:00+01:00,113.1125,113.281,113.014,113.255
2024-06-04T22:00:00+01:00,113.2545,113.6425,113.1225,113.5085
2024-06-05T02:00:00+01:00,113.508,113.821,113.4855,113.7905
2024-06-05T06:00:00+01:00,113.791,114.2915,113.745,114.221
2024-06-05T10:00:00+01:00,114.2225,114.23,113.952,114.1965
2024-06-05T14:00:00+01:00,114.1945,114.24,113.619,113.963
2024-06-05T18:00:00+01:00,113.9615,114.0705,113.9225,113.9895
2024-06-05T22:00:00+01:00,113.99,114.005,113.7445,113.783
2024-06-06T02:00:00+01:00,113.783,114.011,113.651,113.859
2024-06-06T06:00:00+01:00,113.8605,114.24,113.8415,114.048
2024-06-06T10:00:00+01:00,114.049,114.0965,113.882,114.074
2024-06-06T14:00:00+01:00,114.0735,114.152,113.8085,113.8655
2024-06-06T18:00:00+01:00,113.8665,113.9745,113.738,113.838
2024-06-06T22:00:00+01:00,113.859,114.014,113.796,113.974
2024-06-07T02:00:00+01:00,113.9745,114.0825,113.8005,113.852
2024-06-07T06:00:00+01:00,113.851,113.9225,113.4455,113.5385
2024-06-07T10:00:00+01:00,113.5395,114.3455,113.5205,114.2625
2024-06-07T14:00:00+01:00,114.263,114.392,113.7475,113.9815
2024-06-07T18:00:00+01:00,113.9805,113.989,113.8215,113.8635
2024-06-09T22:00:00+01:00,113.905,114.033,113.799,113.9535
2024-06-10T02:00:00+01:00,113.952,114.1865,113.9095,114.1385
2024-06-10T06:00:00+01:00,114.1365,114.2025,113.878,113.925
2024-06-10T10:00:00+01:00,113.926,114.105,113.777,114.0075
2024-06-10T14:00:00+01:00,114.009,114.109,113.811,114.0635
2024-06-10T18:00:00+01:00,114.0605,114.183,114.027,114.141
2024-06-10T22:00:00+01:00,114.137,114.266,114.081,114.2295
2024-06-11T02:00:00+01:00,114.23,114.272,114.155,114.2475
2024-06-11T06:00:00+01:00,114.246,114.363,114.1775,114.196
2024-06-11T10:00:00+01:00,114.1975,114.236,113.868,113.915
2024-06-11T14:00:00+01:00,113.9145,114.3755,113.8825,114.37
2024-06-11T18:00:00+01:00,114.371,114.374,114.127,114.2135
2024-06-11T22:00:00+01:00,114.214,114.3055,114.1585,114.238
2024-06-12T02:00:00+01:00,114.237,114.355,114.186,114.3375
2024-06-12T06:00:00+01:00,114.3355,114.4725,114.3225,114.4035
2024-06-12T10:00:00+01:00,114.404,114.5155,114.01,114.065
2024-06-12T14:00:00+01:00,114.066,114.07,113.7305,113.854
2024-06-12T18:00:00+01:00,113.8545,114.3595,113.6955,114.2065
2024-06-12T22:00:00+01:00,114.2115,114.311,114.119,114.217
2024-06-13T02:00:00+01:00,114.218,114.317,114.1205,114.284
2024-06-13T06:00:00+01:00,114.285,114.512,114.2745,114.497
2024-06-13T10:00:00+01:00,114.498,114.5425,114.143,114.343
2024-06-13T14:00:00+01:00,114.344,114.5295,113.903,114.0685
2024-06-13T18:00:00+01:00,114.068,114.3755,114.0075,114.232
2024-06-13T22:00:00+01:00,114.253,114.375,114.1765,114.3405
2024-06-14T02:00:00+01:00,114.343,114.9565,114.1705,114.9305
2024-06-14T06:00:00+01:00,114.9305,115.113,114.397,114.4765
2024-06-14T10:00:00+01:00,114.479,114.502,114.0035,114.239
2024-06-14T14:00:00+01:00,114.2385,114.6085,114.055,114.5725
2024-06-14T18:00:00+01:00,114.5745,114.6855,114.431,114.5755
2024-06-16T22:00:00+01:00,114.589,114.7815,114.489,114.635
2024-06-17T02:00:00+01:00,114.6335,114.6725,114.4875,114.5315
2024-06-17T06:00:00+01:00,114.5325,114.7715,114.282,114.728
2024-06-17T10:00:00+01:00,114.7285,114.88,114.6245,114.8495
2024-06-17T14:00:00+01:00,114.8485,114.9085,114.675,114.8375
2024-06-17T18:00:00+01:00,114.836,114.968,114.8165,114.9395
2024-06-17T22:00:00+01:00,114.9385,115.0065,114.8635,114.938
2024-06-18T02:00:00+01:00,114.9365,114.9545,114.685,114.784
2024-06-18T06:00:00+01:00,114.7855,115.0945,114.7515,115.003
2024-06-18T10:00:00+01:00,115.004,115.054,114.8055,114.9245
2024-06-18T14:00:00+01:00,114.9265,115.1885,114.8195,114.9525
2024-06-18T18:00:00+01:00,114.955,115.11,114.9305,115.0835
2024-06-18T22:00:00+01:00,115.086,115.132,115.035,115.077
2024-06-19T02:00:00+01:00,115.076,115.0985,114.999,115.0335
2024-06-19T06:00:00+01:00,115.0325,115.0725,114.8425,115.0445
2024-06-19T10:00:00+01:00,115.043,115.2285,115.0335,115.197
2024-06-19T14:00:00+01:00,115.1985,115.272,115.1425,115.1725
2024-06-19T18:00:00+01:00,115.174,115.3865,115.1625,115.3465
2024-06-19T22:00:00+01:00,115.334,115.356,115.2255,115.2445
2024-06-20T02:00:00+01:00,115.2455,115.3495,115.2295,115.331
2024-06-20T06:00:00+01:00,115.3325,115.537,115.2725,115.4885
2024-06-20T10:00:00+01:00,115.4895,115.7405,115.4535,115.731
2024-06-20T14:00:00+01:00,115.7295,116.021,115.679,115.9675
2024-06-20T18:00:00+01:00,115.9665,116.1655,115.8785,116.11
2024-06-20T22:00:00+01:00,116.112,116.245,116.0475,116.2355
2024-06-21T02:00:00+01:00,116.2345,116.242,116.089,116.161
2024-06-21T06:00:00+01:00,116.16,116.2745,115.84,116.023
2024-06-21T10:00:00+01:00,116.025,116.1575,115.9615,116.012
2024-06-21T14:00:00+01:00,116.017,116.5135,115.934,116.3625
2024-06-21T18:00:00+01:00,116.364,116.756,116.3415,116.7055
2024-06-23T22:00:00+01:00,116.691,116.742,116.555,116.662
2024-06-24T02:00:00+01:00,116.662,116.6665,116.4895,116.659
2024-06-24T06:00:00+01:00,116.6645,116.843,116.631,116.8305
2024-06-24T10:00:00+01:00,116.8325,116.8515,116.069,116.481
2024-06-24T14:00:00+01:00,116.482,117.0015,116.4645,116.9755
2024-06-24T18:00:00+01:00,116.975,117.001,116.8155,116.8855
2024-06-24T22:00:00+01:00,116.8285,116.9375,116.6815,116.7295
2024-06-25T02:00:00+01:00,116.732,116.932,116.5695,116.8425
2024-06-25T06:00:00+01:00,116.8435,116.9065,116.753,116.838
2024-06-25T10:00:00+01:00,116.8385,117.089,116.542,116.9355
2024-06-25T14:00:00+01:00,116.9345,117.0595,116.773,116.9075
2024-06-25T18:00:00+01:00,116.9065,116.9915,116.812,116.9275
2024-06-25T22:00:00+01:00,116.954,116.981,116.8475,116.894
2024-06-26T02:00:00+01:00,116.893,117.104,116.886,116.974
2024-06-26T06:00:00+01:00,116.9755,117.0555,116.9495,116.9905
2024-06-26T10:00:00+01:00,116.99,117.212,116.9695,117.1575
2024-06-26T14:00:00+01:00,117.1585,117.4175,116.9265,117.255
2024-06-26T18:00:00+01:00,117.2525,117.416,117.2205,117.3725
2024-06-26T22:00:00+01:00,117.343,117.4075,117.0755,117.2095
2024-06-27T02:00:00+01:00,117.212,117.232,117.02,117.0905
2024-06-27T06:00:00+01:00,117.094,117.3335,117.0615,117.322
2024-06-27T10:00:00+01:00,117.323,117.34,117.119,117.2065
2024-06-27T14:00:00+01:00,117.207,117.4135,117.138,117.3945
2024-06-27T18:00:00+01:00,117.3935,117.4505,117.3055,117.3215
2024-06-27T22:00:00+01:00,117.3205,117.455,117.247,117.4435
2024-06-28T02:00:00+01:00,117.443,117.448,117.209,117.286
2024-06-28T06:00:00+01:00,117.2865,117.428,117.196,117.386
2024-06-28T10:00:00+01:00,117.3875,117.391,117.087,117.1595
2024-06-28T14:00:00+01:00,117.1585,117.6805,117.017,117.6225
2024-06-28T18:00:00+01:00,117.622,117.7425,117.435,117.6165
2024-06-30T22:00:00+01:00,117.6455,117.868,117.517,117.739
2024-07-01T02:00:00+01:00,117.7375,117.8175,117.64,117.8075
2024-07-01T06:00:00+01:00,117.81,117.8445,117.6875,117.7635
2024-07-01T10:00:00+01:00,117.7655,117.7665,117.6555,117.748
2024-07-01T14:00:00+01:00,117.748,117.8835,117.513,117.5825
2024-07-01T18:00:00+01:00,117.5825,117.586,117.4715,117.556
2024-07-01T22:00:00+01:00,117.558,117.6725,117.478,117.5575
2024-07-02T02:00:00+01:00,117.558,117.67,117.5055,117.573
2024-07-02T06:00:00+01:00,117.5755,117.7295,117.517,117.689
2024-07-02T10:00:00+01:00,117.6885,117.7585,117.645,117.7175
2024-07-02T14:00:00+01:00,117.7195,118.0035,117.6255,117.9875
2024-07-02T18:00:00+01:00,117.987,118.137,117.985,118.032
2024-07-02T22:00:00+01:00,118.0325,118.1595,117.9695,118.13
2024-07-03T02:00:00+01:00,118.13,118.252,118.092,118.212
2024-07-03T06:00:00+01:00,118.2115,118.439,118.1785,118.3345
2024-07-03T10:00:00+01:00,118.3335,118.5465,118.276,118.4825
2024-07-03T14:00:00+01:00,118.483,118.5425,117.999,118.5075
2024-07-03T18:00:00+01:00,118.509,118.634,118.4225,118.5465
2024-07-03T22:00:00+01:00,118.566,118.6335,118.4015,118.4545
2024-07-04T02:00:00+01:00,118.4555,118.495,118.2615,118.446
2024-07-04T06:00:00+01:00,118.446,118.5085,118.3505,118.368
2024-07-04T10:00:00+01:00,118.3685,118.407,118.1665,118.38
2024-07-04T14:00:00+01:00,118.382,118.4335,118.2325,118.414
2024-07-04T18:00:00+01:00,118.416,118.526,118.3735,118.4755
2024-07-04T22:00:00+01:00,118.4875,118.5515,118.1945,118.3635
2024-07-05T02:00:00+01:00,118.362,118.4065,117.946,118.0645
2024-07-05T06:00:00+01:00,118.064,118.229,118.031,118.153
2024-07-05T10:00:00+01:00,118.1545,118.2565,117.7335,118.153
2024-07-05T14:00:00+01:00,118.152,118.252,117.838,117.981
2024-07-05T18:00:00+01:00,117.9795,117.993,117.8235,117.828
2024-07-07T22:00:00+01:00,117.822,117.898,117.706,117.7185
2024-07-08T02:00:00+01:00,117.7175,117.7995,117.5055,117.721
2024-07-08T06:00:00+01:00,117.72,118.1505,117.672,118.1355
2024-07-08T10:00:00+01:00,118.134,118.1465,117.916,117.9345
2024-07-08T14:00:00+01:00,117.9375,117.999,117.688,117.9325
2024-07-08T18:00:00+01:00,117.933,117.9795,117.833,117.949
2024-07-08T22:00:00+01:00,117.9555,118.0305,117.87,117.9815
2024-07-09T02:00:00+01:00,117.9825,118.1435,117.9815,118.0765
2024-07-09T06:00:00+01:00,118.0755,118.103,117.906,118.073
2024-07-09T10:00:00+01:00,118.0735,118.1625,118.008,118.143
2024-07-09T14:00:00+01:00,118.1425,118.4,117.9995,118.3165
2024-07-09T18:00:00+01:00,118.3155,118.3595,118.27,118.3165
2024-07-09T22:00:00+01:00,118.3155,118.4615,118.2495,118.4245
2024-07-10T02:00:00+01:00,118.425,118.5235,118.4105,118.433
2024-07-10T06:00:00+01:00,118.432,118.505,118.3335,118.436
2024-07-10T10:00:00+01:00,118.4365,118.5575,118.3875,118.5205
2024-07-10T14:00:00+01:00,118.5205,118.8645,118.4985,118.762
2024-07-10T18:00:00+01:00,118.763,118.7865,118.699,118.7275
2024-07-10T22:00:00+01:00,118.734,118.749,118.576,118.625
2024-07-11T02:00:00+01:00,118.6245,118.7455,118.623,118.7085
2024-07-11T06:00:00+01:00,118.709,118.7765,118.4855,118.5135
2024-07-11T10:00:00+01:00,118.5175,118.629,116.51,116.607
2024-07-11T14:00:00+01:00,116.612,116.804,115.724,116.335
2024-07-11T18:00:00+01:00,116.3365,116.5945,116.304,116.5255
2024-07-11T22:00:00+01:00,116.5185,116.9645,115.75,116.7005
2024-07-12T02:00:00+01:00,116.699,116.9575,116.488,116.8235
2024-07-12T06:00:00+01:00,116.826,116.9455,116.6485,116.8765
2024-07-12T10:00:00+01:00,116.8765,116.959,116.3245,116.496
2024-07-12T14:00:00+01:00,116.4945,116.4945,115.47,115.897
2024-07-12T18:00:00+01:00,115.898,115.96,115.6925,115.7485
2024-07-14T22:00:00+01:00,115.9,116.066,115.714,115.789
2024-07-15T02:00:00+01:00,115.7875,115.869,115.6795,115.6935
2024-07-15T06:00:00+01:00,115.6925,115.8525,115.583,115.7585
2024-07-15T10:00:00+01:00,115.758,115.9735,115.7105,115.758
2024-07-15T14:00:00+01:00,115.7575,115.828,115.06,115.401
2024-07-15T18:00:00+01:00,115.4005,115.626,115.3735,115.55
2024-07-15T22:00:00+01:00,115.5495,115.779,115.4665,115.762
2024-07-16T02:00:00+01:00,115.7605,116.006,115.7595,115.9305
2024-07-16T06:00:00+01:00,115.932,116.0125,115.6485,115.8035
2024-07-16T10:00:00+01:00,115.802,115.9495,115.666,115.885
2024-07-16T14:00:00+01:00,115.8865,115.981,115.7345,115.8735
2024-07-16T18:00:00+01:00,115.8735,115.8985,115.757,115.8115
2024-07-16T22:00:00+01:00,115.811,115.9095,115.766,115.8675
2024-07-17T02:00:00+01:00,115.8655,115.9395,115.705,115.705
2024-07-17T06:00:00+01:00,115.704,115.726,114.25,114.3485
2024-07-17T10:00:00+01:00,114.3435,114.709,114.263,114.52
2024-07-17T14:00:00+01:00,114.5175,114.5595,114.0165,114.1465
2024-07-17T18:00:00+01:00,114.1455,114.277,114.023,114.175
2024-07-17T22:00:00+01:00,114.126,114.217,113.58,113.832
2024-07-18T02:00:00+01:00,113.833,114.447,113.799,114.2885
2024-07-18T06:00:00+01:00,114.2895,114.502,113.911,114.426
2024-07-18T10:00:00+01:00,114.425,114.453,114.184,114.348
2024-07-18T14:00:00+01:00,114.3475,114.776,114.256,114.7675
2024-07-18T18:00:00+01:00,114.768,114.86,114.635,114.832
2024-07-18T22:00:00+01:00,114.833,114.86,114.554,114.6935
2024-07-19T02:00:00+01:00,114.6955,114.936,114.6935,114.894
2024-07-19T06:00:00+01:00,114.893,115.1785,114.515,114.653
2024-07-19T10:00:00+01:00,114.654,114.9665,114.569,114.895
2024-07-19T14:00:00+01:00,114.8935,114.8955,114.5255,114.6395
2024-07-19T18:00:00+01:00,114.64,114.758,114.5905,114.756
2024-07-21T22:00:00+01:00,114.7695,114.8515,114.6545,114.8
2024-07-22T02:00:00+01:00,114.7995,114.8285,114.629,114.654
2024-07-22T06:00:00+01:00,114.6535,114.6535,113.754,114.105
2024-07-22T10:00:00+01:00,114.106,114.2175,113.918,114.026
2024-07-22T14:00:00+01:00,114.0315,114.264,113.805,114.249
2024-07-22T18:00:00+01:00,114.2505,114.311,114.1365,114.1475
2024-07-22T22:00:00+01:00,114.148,114.212,113.789,113.8095
2024-07-23T02:00:00+01:00,113.8095,114.0045,113.492,113.56
2024-07-23T06:00:00+01:00,113.5595,113.775,113.2175,113.327
2024-07-23T10:00:00+01:00,113.328,113.544,113.2015,113.406
2024-07-23T14:00:00+01:00,113.4075,113.4735,113.11,113.16
2024-07-23T18:00:00+01:00,113.159,113.175,112.8385,112.8745
2024-07-23T22:00:00+01:00,112.8725,113.173,112.836,113.063
2024-07-24T02:00:00+01:00,113.063,113.098,112.024,112.0655
2024-07-24T06:00:00+01:00,112.067,112.328,111.9025,112.276
2024-07-24T10:00:00+01:00,112.277,112.3215,111.5405,111.609
2024-07-24T14:00:00+01:00,111.6025,111.7215,110.95,111.278
2024-07-24T18:00:00+01:00,111.2805,111.5695,111.2655,111.4555
2024-07-24T22:00:00+01:00,111.45,111.494,110.639,110.948
2024-07-25T02:00:00+01:00,110.947,111.0205,110.1725,110.449
2024-07-25T06:00:00+01:00,110.447,110.704,109.905,110.4485
2024-07-25T10:00:00+01:00,110.4495,111.1345,109.8965,110.97
2024-07-25T14:00:00+01:00,110.969,111.7645,110.8305,111.5915
2024-07-25T18:00:00+01:00,111.5945,111.6,111.2425,111.342
2024-07-25T22:00:00+01:00,111.346,111.5515,110.987,111.393
2024-07-26T02:00:00+01:00,111.3955,111.514,111.1015,111.2595
2024-07-26T06:00:00+01:00,111.26,111.799,111.1355,111.742
2024-07-26T10:00:00+01:00,111.74,111.987,111.46,111.577
2024-07-26T14:00:00+01:00,111.5755,111.5785,110.744,111.2655
2024-07-26T18:00:00+01:00,111.2645,111.3005,111.0545,111.15
2024-07-28T22:00:00+01:00,111.128,111.6175,111.0425,111.1955
2024-07-29T02:00:00+01:00,111.1945,111.2895,110.723,110.9645
2024-07-29T06:00:00+01:00,110.9655,111.226,110.783,111.031
2024-07-29T10:00:00+01:00,111.0295,111.303,110.976,111.1845
2024-07-29T14:00:00+01:00,111.186,111.3865,111.0245,111.083
2024-07-29T18:00:00+01:00,111.084,111.222,111.064,111.19
2024-07-29T22:00:00+01:00,111.1935,111.261,110.8635,111.1365
2024-07-30T02:00:00+01:00,111.1345,111.5715,111.0125,111.5595
2024-07-30T06:00:00+01:00,111.5665,112.1,111.551,111.73
2024-07-30T10:00:00+01:00,111.7325,111.9345,111.7125,111.7685
2024-07-30T14:00:00+01:00,111.769,111.772,110.639,110.684
2024-07-30T18:00:00+01:00,110.6825,110.793,110.2195,110.286
2024-07-30T22:00:00+01:00,110.3365,110.572,109.855,110.0095
2024-07-31T02:00:00+01:00,110.0065,111.163,109.519,110.197
2024-07-31T06:00:00+01:00,110.1915,110.629,108.398,109.014
2024-07-31T10:00:00+01:00,109.0125,109.0295,108.3565,108.8565
2024-07-31T14:00:00+01:00,108.8545,109.128,108.347,109.04
2024-07-31T18:00:00+01:00,109.0385,109.46,108.4135,108.6085
2024-07-31T22:00:00+01:00,108.618,108.892,108.144,108.206
2024-08-01T02:00:00+01:00,108.2045,108.5255,107.558,108.4015
2024-08-01T06:00:00+01:00,108.401,108.813,108.037,108.214
2024-08-01T10:00:00+01:00,108.2175,109.2105,108.1535,109.206
2024-08-01T14:00:00+01:00,109.207,109.228,108.0645,108.19
2024-08-01T18:00:00+01:00,108.191,108.2205,107.594,107.6635
2024-08-01T22:00:00+01:00,107.6645,107.77,107.265,107.621
2024-08-02T02:00:00+01:00,107.623,107.9815,107.525,107.694
2024-08-02T06:00:00+01:00,107.6915,107.771,107.186,107.438
2024-08-02T10:00:00+01:00,107.4355,107.4805,105.9545,106.406
2024-08-02T14:00:00+01:00,106.404,107.029,105.647,105.937
2024-08-02T18:00:00+01:00,105.939,106.036,105.603,105.677
2024-08-04T22:00:00+01:00,105.661,105.785,104.571,104.855
2024-08-05T02:00:00+01:00,104.8545,104.9815,102.4725,103.181
2024-08-05T06:00:00+01:00,103.173,103.7885,101.661,102.598
2024-08-05T10:00:00+01:00,102.602,103.14,102.124,102.824
2024-08-05T14:00:00+01:00,102.8265,104.814,102.672,104.169
2024-08-05T18:00:00+01:00,104.168,104.5005,103.6685,104.3015
2024-08-05T22:00:00+01:00,104.303,106.0015,103.9675,105.147
2024-08-06T02:00:00+01:00,105.1475,105.6615,104.451,105.2915
2024-08-06T06:00:00+01:00,105.305,105.8425,104.4245,104.758
2024-08-06T10:00:00+01:00,104.758,105.1425,104.238,104.4775
2024-08-06T14:00:00+01:00,104.468,105.558,104.1905,105.509
2024-08-06T18:00:00+01:00,105.5095,105.6365,104.5875,104.717
2024-08-06T22:00:00+01:00,104.6995,105.451,104.6605,105.0515
2024-08-07T02:00:00+01:00,105.049,107.4295,104.9175,107.184
2024-08-07T06:00:00+01:00,107.184,107.349,106.0475,107.0325
2024-08-07T10:00:00+01:00,107.0335,107.374,106.8855,106.975
2024-08-07T14:00:00+01:00,106.974,107.6005,106.734,107.1815
2024-08-07T18:00:00+01:00,107.1825,107.3315,106.578,106.6015
2024-08-07T22:00:00+01:00,106.6025,106.6935,105.8005,106.2395
2024-08-08T02:00:00+01:00,106.2385,106.9705,106.2005,106.423
2024-08-08T06:00:00+01:00,106.423,106.626,105.969,106.4725
2024-08-08T10:00:00+01:00,106.4715,107.0985,106.157,106.932
2024-08-08T14:00:00+01:00,106.928,107.302,106.821,107.1705
2024-08-08T18:00:00+01:00,107.169,107.3565,107.044,107.2525
2024-08-08T22:00:00+01:00,107.217,107.6215,107.1195,107.335
2024-08-09T02:00:00+01:00,107.335,107.4905,106.8745,106.9265
2024-08-09T06:00:00+01:00,106.925,107.3085,106.7835,107.2025
2024-08-09T10:00:00+01:00,107.203,107.25,106.5835,106.858
2024-08-09T14:00:00+01:00,106.857,106.8955,106.5585,106.815
2024-08-09T18:00:00+01:00,106.813,106.915,106.734,106.824
2024-08-11T22:00:00+01:00,106.797,107.1025,106.752,106.9165
2024-08-12T02:00:00+01:00,106.915,107.18,106.799,107.1445
2024-08-12T06:00:00+01:00,107.144,107.434,107.1155,107.384
2024-08-12T10:00:00+01:00,107.383,107.611,107.224,107.5355
2024-08-12T14:00:00+01:00,107.5355,107.984,107.153,107.216
2024-08-12T18:00:00+01:00,107.2155,107.261,106.9995,107.1135
2024-08-12T22:00:00+01:00,107.111,107.177,106.906,107.14
2024-08-13T02:00:00+01:00,107.141,107.6035,107.1315,107.5275
2024-08-13T06:00:00+01:00,107.529,107.765,107.3885,107.652
2024-08-13T10:00:00+01:00,107.653,107.7285,107.112,107.3765
2024-08-13T14:00:00+01:00,107.3775,107.427,106.9225,106.956
2024-08-13T18:00:00+01:00,106.9575,107.1685,106.924,107.142
2024-08-13T22:00:00+01:00,107.1415,107.3605,107.0275,107.3025
2024-08-14T02:00:00+01:00,107.301,107.3595,106.4925,107.068
2024-08-14T06:00:00+01:00,107.0675,107.599,107.0125,107.318
2024-08-14T10:00:00+01:00,107.3195,107.5835,106.9095,107.3845
2024-08-14T14:00:00+01:00,107.385,107.536,107.047,107.167
2024-08-14T18:00:00+01:00,107.1655,107.5115,107.1455,107.423
2024-08-14T22:00:00+01:00,107.4225,107.4825,107.2965,107.342
2024-08-15T02:00:00+01:00,107.34,107.62,107.3125,107.4235
2024-08-15T06:00:00+01:00,107.422,107.5225,107.2555,107.4805
2024-08-15T10:00:00+01:00,107.4795,108.6725,107.373,108.5305
2024-08-15T14:00:00+01:00,108.529,108.814,108.467,108.7155
2024-08-15T18:00:00+01:00,108.717,108.813,108.4965,108.7475
2024-08-15T22:00:00+01:00,108.7455,108.8095,108.438,108.6345
2024-08-16T02:00:00+01:00,108.636,108.674,108.377,108.464
2024-08-16T06:00:00+01:00,108.462,108.6635,108.311,108.377
2024-08-16T10:00:00+01:00,108.385,108.416,107.5065,107.596
2024-08-16T14:00:00+01:00,107.598,108.1795,107.5515,108.0685
2024-08-16T18:00:00+01:00,108.069,108.075,107.8345,107.9815
2024-08-18T22:00:00+01:00,107.8545,108.2545,107.819,108.1195
2024-08-19T02:00:00+01:00,108.121,108.1735,106.7465,106.9815
2024-08-19T06:00:00+01:00,106.981,107.0695,106.2125,106.8305
2024-08-19T10:00:00+01:00,106.8355,107.084,106.7105,106.947
2024-08-19T14:00:00+01:00,106.946,107.5275,106.946,107.334
2024-08-19T18:00:00+01:00,107.3345,107.598,107.308,107.5425
2024-08-19T22:00:00+01:00,107.5125,107.736,107.2165,107.324
2024-08-20T02:00:00+01:00,107.323,107.8955,107.0065,107.7495
2024-08-20T06:00:00+01:00,107.7485,108.066,107.3795,107.607
2024-08-20T10:00:00+01:00,107.608,107.684,107.2675,107.3175
2024-08-20T14:00:00+01:00,107.321,107.3335,106.668,106.6705
2024-08-20T18:00:00+01:00,106.6685,106.809,106.612,106.648
2024-08-20T22:00:00+01:00,106.646,106.886,106.458,106.8195
2024-08-21T02:00:00+01:00,106.82,107.0565,106.685,107.0005
2024-08-21T06:00:00+01:00,107,107.368,106.89,107.287
2024-08-21T10:00:00+01:00,107.288,107.5125,107.175,107.2045
2024-08-21T14:00:00+01:00,107.2035,107.974,106.7615,106.84
2024-08-21T18:00:00+01:00,106.8405,106.8805,106.3735,106.866
2024-08-21T22:00:00+01:00,106.7425,107.07,106.642,106.9755
2024-08-22T02:00:00+01:00,106.9745,107.183,106.7045,106.8235
2024-08-22T06:00:00+01:00,106.8225,107.3155,106.7405,107.2685
2024-08-22T10:00:00+01:00,107.2685,107.683,107.209,107.575
2024-08-22T14:00:00+01:00,107.574,107.7275,107.2,107.5855
2024-08-22T18:00:00+01:00,107.585,107.705,107.422,107.4335
2024-08-22T22:00:00+01:00,107.4345,107.565,107.2735,107.394
2024-08-23T02:00:00+01:00,107.3935,107.4485,106.8655,107.236
2024-08-23T06:00:00+01:00,107.235,107.449,106.9285,107.397
2024-08-23T10:00:00+01:00,107.396,107.617,107.393,107.4965
2024-08-23T14:00:00+01:00,107.4995,107.8815,107.083,107.2015
2024-08-23T18:00:00+01:00,107.1995,107.2275,106.597,106.8485
2024-08-25T22:00:00+01:00,106.775,106.851,106.228,106.4145
2024-08-26T02:00:00+01:00,106.413,106.6435,106.2495,106.6065
2024-08-26T06:00:00+01:00,106.6045,106.755,106.2935,106.5355
2024-08-26T10:00:00+01:00,106.533,106.965,106.4985,106.686
2024-08-26T14:00:00+01:00,106.6845,107.3105,106.623,107.245
2024-08-26T18:00:00+01:00,107.246,107.3335,107.103,107.1595
2024-08-26T22:00:00+01:00,107.1575,107.41,107.001,107.4025
2024-08-27T02:00:00+01:00,107.4035,107.5415,107.2705,107.2975
2024-08-27T06:00:00+01:00,107.2985,107.753,107.276,107.672
2024-08-27T10:00:00+01:00,107.667,107.679,107.0845,107.1615
2024-08-27T14:00:00+01:00,107.161,107.366,107.037,107.0615
2024-08-27T18:00:00+01:00,107.0595,107.1605,106.9795,107.0945
2024-08-27T22:00:00+01:00,107.0915,107.312,106.872,107.1835
2024-08-28T02:00:00+01:00,107.183,107.4545,107.17,107.2965
2024-08-28T06:00:00+01:00,107.296,107.475,107.22,107.246
2024-08-28T10:00:00+01:00,107.247,107.4625,107.0365,107.429
2024-08-28T14:00:00+01:00,107.428,107.683,107.247,107.46
2024-08-28T18:00:00+01:00,107.463,107.5055,107.1505,107.273
2024-08-28T22:00:00+01:00,107.274,107.3845,107.021,107.2475
2024-08-29T02:00:00+01:00,107.2475,107.516,107.2215,107.486
2024-08-29T06:00:00+01:00,107.4855,107.6525,107.2595,107.4525
2024-08-29T10:00:00+01:00,107.453,107.9575,107.3575,107.9285
2024-08-29T14:00:00+01:00,107.9255,108.0055,107.6205,107.661
2024-08-29T18:00:00+01:00,107.6585,107.668,107.3615,107.532
2024-08-29T22:00:00+01:00,107.537,107.577,107.28,107.33
2024-08-30T02:00:00+01:00,107.3285,107.44,107.2945,107.3805
2024-08-30T06:00:00+01:00,107.3785,107.69,107.347,107.681
2024-08-30T10:00:00+01:00,107.6815,108.092,107.621,108.0125
2024-08-30T14:00:00+01:00,108.011,108.305,107.6965,108.296
2024-08-30T18:00:00+01:00,108.2975,108.5385,108.179,108.3295
2024-09-01T22:00:00+01:00,108.314,108.6895,108.245,108.3805
2024-09-02T02:00:00+01:00,108.3815,108.4575,107.9785,108.1145
2024-09-02T06:00:00+01:00,108.1135,108.8765,108.111,108.7605
2024-09-02T10:00:00+01:00,108.7595,108.9675,108.6565,108.9525
2024-09-02T14:00:00+01:00,108.953,109.0565,108.7945,108.802
2024-09-02T18:00:00+01:00,108.812,108.9175,108.8055,108.874
2024-09-02T22:00:00+01:00,108.8365,109.0335,108.683,108.9965
2024-09-03T02:00:00+01:00,108.995,109.008,108.2175,108.3345
2024-09-03T06:00:00+01:00,108.3335,108.392,107.732,107.919
2024-09-03T10:00:00+01:00,107.913,108.0475,107.705,107.7105
2024-09-03T14:00:00+01:00,107.708,107.7555,107.128,107.5815
2024-09-03T18:00:00+01:00,107.581,107.6795,107.335,107.357
2024-09-03T22:00:00+01:00,107.3565,107.4905,106.932,107.1085
2024-09-04T02:00:00+01:00,107.104,107.5355,107.0985,107.3195
2024-09-04T06:00:00+01:00,107.316,107.3245,106.868,107.068
2024-09-04T10:00:00+01:00,107.07,107.173,106.892,107.0495
2024-09-04T14:00:00+01:00,107.0505,107.1425,106.5845,106.616
2024-09-04T18:00:00+01:00,106.6125,106.654,106.3805,106.432
2024-09-04T22:00:00+01:00,106.4275,106.457,106.012,106.4045
2024-09-05T02:00:00+01:00,106.404,106.551,106.2195,106.2845
2024-09-05T06:00:00+01:00,106.2855,106.417,105.9085,106.3215
2024-09-05T10:00:00+01:00,106.3195,106.368,105.6755,105.893
2024-09-05T14:00:00+01:00,105.892,106.745,105.854,106.1375
2024-09-05T18:00:00+01:00,106.1365,106.259,105.9595,106.2425
2024-09-05T22:00:00+01:00,106.242,106.2955,106.055,106.0695
2024-09-06T02:00:00+01:00,106.0685,106.1935,105.86,105.977
2024-09-06T06:00:00+01:00,105.9765,105.9795,105.2445,105.6235
2024-09-06T10:00:00+01:00,105.6205,106.817,105.429,105.9105
2024-09-06T14:00:00+01:00,105.91,106.4815,104.665,104.981
2024-09-06T18:00:00+01:00,104.9815,105.11,104.807,104.8425
2024-09-08T22:00:00+01:00,104.955,105.2565,104.6205,105.1975
2024-09-09T02:00:00+01:00,105.197,105.534,105.1665,105.43
2024-09-09T06:00:00+01:00,105.4285,105.719,105.2405,105.665
2024-09-09T10:00:00+01:00,105.662,106.045,105.4995,105.5675
2024-09-09T14:00:00+01:00,105.566,105.567,105.1335,105.4595
2024-09-09T18:00:00+01:00,105.4595,105.631,105.291,105.597
2024-09-09T22:00:00+01:00,105.5965,105.7455,105.374,105.735
2024-09-10T02:00:00+01:00,105.736,105.8115,105.4615,105.483
2024-09-10T06:00:00+01:00,105.484,105.904,105.4275,105.734
2024-09-10T10:00:00+01:00,105.737,105.739,105.183,105.2655
2024-09-10T14:00:00+01:00,105.2665,105.4225,104.4895,104.6995
2024-09-10T18:00:00+01:00,104.698,104.7885,104.4955,104.6595
2024-09-10T22:00:00+01:00,104.6575,104.6855,104.3235,104.5195
2024-09-11T02:00:00+01:00,104.5215,104.6055,103.566,103.7435
2024-09-11T06:00:00+01:00,103.741,104.268,103.5005,104.184
2024-09-11T10:00:00+01:00,104.186,104.808,103.977,104.66
2024-09-11T14:00:00+01:00,104.659,104.85,103.7045,104.4985
2024-09-11T18:00:00+01:00,104.501,105.008,104.4755,104.871
2024-09-11T22:00:00+01:00,104.8705,105.3065,104.7805,105.0865
2024-09-12T02:00:00+01:00,105.0875,105.265,104.732,105.2265
2024-09-12T06:00:00+01:00,105.2255,105.434,104.9915,105.028
2024-09-12T10:00:00+01:00,105.031,105.221,104.555,104.607
2024-09-12T14:00:00+01:00,104.606,104.935,104.3815,104.872
2024-09-12T18:00:00+01:00,104.8715,104.9135,104.394,104.4455
2024-09-12T22:00:00+01:00,104.44,104.5065,104.035,104.0835
2024-09-13T02:00:00+01:00,104.0825,104.113,103.626,103.8345
2024-09-13T06:00:00+01:00,103.834,104.1355,103.443,103.647
2024-09-13T10:00:00+01:00,103.64,103.7505,103.3965,103.6605
2024-09-13T14:00:00+01:00,103.6615,103.7125,103.354,103.602
2024-09-13T18:00:00+01:00,103.603,103.7365,103.574,103.6785
2024-09-15T22:00:00+01:00,103.5945,103.751,103.3645,103.5135
2024-09-16T02:00:00+01:00,103.5115,103.543,103.15,103.3255
2024-09-16T06:00:00+01:00,103.323,103.3595,102.815,103.025
2024-09-16T10:00:00+01:00,103.024,103.3785,102.894,103.218
2024-09-16T14:00:00+01:00,103.214,103.594,103.1975,103.4455
2024-09-16T18:00:00+01:00,103.4445,103.6455,103.419,103.4965
2024-09-16T22:00:00+01:00,103.4985,103.9435,103.3765,103.484
2024-09-17T02:00:00+01:00,103.484,103.5315,103.263,103.4775
2024-09-17T06:00:00+01:00,103.479,103.59,103.3055,103.489
2024-09-17T10:00:00+01:00,103.4875,103.695,103.321,103.617
2024-09-17T14:00:00+01:00,103.6165,104.4375,103.6045,104.236
2024-09-17T18:00:00+01:00,104.2355,104.769,104.2255,104.734
2024-09-17T22:00:00+01:00,104.732,104.7885,104.1815,104.2555
2024-09-18T02:00:00+01:00,104.255,104.3245,103.8885,103.965
2024-09-18T06:00:00+01:00,103.9645,104.4805,103.943,104.2895
2024-09-18T10:00:00+01:00,104.29,104.5445,104.1855,104.4395
2024-09-18T14:00:00+01:00,104.4385,104.509,104.275,104.363
2024-09-18T18:00:00+01:00,104.3635,104.7755,103.666,104.59
2024-09-18T22:00:00+01:00,104.591,105.319,104.3155,105.243
2024-09-19T02:00:00+01:00,105.2445,105.517,105.1215,105.2995
2024-09-19T06:00:00+01:00,105.3005,105.437,104.6925,105.426
2024-09-19T10:00:00+01:00,105.425,105.957,105.2945,105.9535
2024-09-19T14:00:00+01:00,105.954,105.9585,105.1065,105.553
2024-09-19T18:00:00+01:00,105.5545,105.5835,105.1125,105.2015
2024-09-19T22:00:00+01:00,105.2055,105.384,104.995,104.9965
2024-09-20T02:00:00+01:00,104.9945,105.269,104.6875,104.858
2024-09-20T06:00:00+01:00,104.8595,106.062,104.5655,105.9915
2024-09-20T10:00:00+01:00,105.99,106.4095,105.877,106.0695
2024-09-20T14:00:00+01:00,106.0685,106.4245,105.809,106.0625
2024-09-20T18:00:00+01:00,106.0635,106.3195,106.0015,106.012
2024-09-22T22:00:00+01:00,106.1065,106.341,105.9325,106.261
2024-09-23T02:00:00+01:00,106.262,106.5,106.262,106.398
2024-09-23T06:00:00+01:00,106.3975,106.442,105.6685,105.804
2024-09-23T10:00:00+01:00,105.8035,106.2445,105.6635,106.2025
2024-09-23T14:00:00+01:00,106.203,106.776,106.0945,106.17
2024-09-23T18:00:00+01:00,106.1675,106.3105,106.021,106.0635
2024-09-23T22:00:00+01:00,106.021,106.255,105.9915,106.101
2024-09-24T02:00:00+01:00,106.0985,106.516,105.999,106.4395
2024-09-24T06:00:00+01:00,106.4405,107.058,106.4405,106.789
2024-09-24T10:00:00+01:00,106.787,106.946,106.431,106.644
2024-09-24T14:00:00+01:00,106.648,106.8555,106.344,106.6105
2024-09-24T18:00:00+01:00,106.61,106.859,106.5395,106.6335
2024-09-24T22:00:00+01:00,106.6345,106.735,106.4235,106.6665
2024-09-25T02:00:00+01:00,106.657,106.8645,106.6185,106.678
2024-09-25T06:00:00+01:00,106.679,107.3045,106.5855,107.1895
2024-09-25T10:00:00+01:00,107.187,107.5345,107.148,107.2205
2024-09-25T14:00:00+01:00,107.22,107.4045,107.0815,107.2635
2024-09-25T18:00:00+01:00,107.2625,107.4325,107.194,107.3505
2024-09-25T22:00:00+01:00,107.364,107.387,107.1885,107.2335
2024-09-26T02:00:00+01:00,107.2305,107.647,107.224,107.3975
2024-09-26T06:00:00+01:00,107.396,107.738,107.347,107.531
2024-09-26T10:00:00+01:00,107.532,107.645,106.9795,107.366
2024-09-26T14:00:00+01:00,107.369,107.6685,107.131,107.4425
2024-09-26T18:00:00+01:00,107.4415,107.5785,107.2325,107.54
2024-09-26T22:00:00+01:00,107.498,107.881,107.419,107.8715
2024-09-27T02:00:00+01:00,107.87,108.082,107.486,108.0745
2024-09-27T06:00:00+01:00,108.067,108.567,105.8605,106.17
2024-09-27T10:00:00+01:00,106.1655,106.4415,105.772,105.7825
2024-09-27T14:00:00+01:00,105.7845,106.1485,105.3915,105.4765
2024-09-27T18:00:00+01:00,105.4755,105.5485,105.051,105.223
2024-09-29T22:00:00+01:00,105.324,105.8175,105.191,105.581
2024-09-30T02:00:00+01:00,105.5785,105.7375,105.183,105.219
2024-09-30T06:00:00+01:00,105.2175,105.4795,104.8575,105.455
2024-09-30T10:00:00+01:00,105.4565,105.8355,105.324,105.8305
2024-09-30T14:00:00+01:00,105.8315,106.097,105.711,105.9575
2024-09-30T18:00:00+01:00,105.9565,106.359,105.83,106.1935
2024-09-30T22:00:00+01:00,106.198,106.524,106.017,106.4085
2024-10-01T02:00:00+01:00,106.405,106.765,106.2315,106.69
2024-10-01T06:00:00+01:00,106.691,106.8995,106.16,106.243
2024-10-01T10:00:00+01:00,106.242,106.5345,106.1265,106.513
2024-10-01T14:00:00+01:00,106.5125,106.648,105.844,106.3795
2024-10-01T18:00:00+01:00,106.3805,106.6145,106.078,106.417
2024-10-01T22:00:00+01:00,106.431,106.687,106.2905,106.6275
2024-10-02T02:00:00+01:00,106.6295,106.9655,106.464,106.6005
2024-10-02T06:00:00+01:00,106.599,107.0135,106.406,107.007
2024-10-02T10:00:00+01:00,107.008,107.8005,106.8195,107.747
2024-10-02T14:00:00+01:00,107.748,108.477,107.705,108.25
2024-10-02T18:00:00+01:00,108.2475,108.5505,108.1925,108.4835
2024-10-02T22:00:00+01:00,108.4855,108.859,108.3505,108.807
2024-10-03T02:00:00+01:00,108.81,108.965,108.462,108.4935
2024-10-03T06:00:00+01:00,108.493,108.702,108.1975,108.506
2024-10-03T10:00:00+01:00,108.506,108.7185,108.258,108.453
2024-10-03T14:00:00+01:00,108.4545,108.677,108.1625,108.431
2024-10-03T18:00:00+01:00,108.432,108.432,108.246,108.4145
2024-10-03T22:00:00+01:00,108.4125,108.4695,108.227,108.2585
2024-10-04T02:00:00+01:00,108.2575,108.268,107.8105,107.8825
2024-10-04T06:00:00+01:00,107.882,107.9835,107.674,107.93
2024-10-04T10:00:00+01:00,107.9315,109.4905,107.911,109.449
2024-10-04T14:00:00+01:00,109.4575,109.7335,109.215,109.6935
2024-10-04T18:00:00+01:00,109.693,109.741,109.476,109.5475
2024-10-06T22:00:00+01:00,109.606,109.8275,109.2465,109.29
2024-10-07T02:00:00+01:00,109.287,109.466,109.165,109.363
2024-10-07T06:00:00+01:00,109.3645,109.412,108.979,109.12
2024-10-07T10:00:00+01:00,109.118,109.409,108.934,109.007
2024-10-07T14:00:00+01:00,109.0055,109.0525,108.6995,108.772
2024-10-07T18:00:00+01:00,108.773,108.845,108.566,108.8015
2024-10-07T22:00:00+01:00,108.7855,108.8455,108.3285,108.582
2024-10-08T02:00:00+01:00,108.5825,108.7395,108.2235,108.7205
2024-10-08T06:00:00+01:00,108.7195,108.8015,108.0275,108.381
2024-10-08T10:00:00+01:00,108.3805,108.576,108.303,108.491
2024-10-08T14:00:00+01:00,108.4895,108.655,108.3775,108.43
2024-10-08T18:00:00+01:00,108.4295,108.6785,108.416,108.613
2024-10-08T22:00:00+01:00,108.6085,108.7065,108.4015,108.565
2024-10-09T02:00:00+01:00,108.567,108.6995,108.4135,108.5855
2024-10-09T06:00:00+01:00,108.5865,108.85,108.4815,108.793
2024-10-09T10:00:00+01:00,108.791,108.8695,108.599,108.827
2024-10-09T14:00:00+01:00,108.827,109.0905,108.7395,108.9905
2024-10-09T18:00:00+01:00,108.9915,109.0185,108.849,108.9015
2024-10-09T22:00:00+01:00,108.8905,109.0415,108.745,108.768
2024-10-10T02:00:00+01:00,108.834,109.0955,108.727,109.014
2024-10-10T06:00:00+01:00,109.0135,109.07,108.485,108.5485
2024-10-10T10:00:00+01:00,108.5475,108.789,107.9745,108.158
2024-10-10T14:00:00+01:00,108.1575,108.226,107.8305,108.201
2024-10-10T18:00:00+01:00,108.202,108.2525,108.032,108.134
2024-10-10T22:00:00+01:00,108.133,108.2305,107.956,107.99
2024-10-11T02:00:00+01:00,107.9875,108.1865,107.955,108.129
2024-10-11T06:00:00+01:00,108.1275,108.2025,107.995,108.0625
2024-10-11T10:00:00+01:00,108.0615,108.6115,108.0605,108.417
2024-10-11T14:00:00+01:00,108.4195,108.5635,108.2525,108.301
2024-10-11T18:00:00+01:00,108.3025,108.4105,108.264,108.3585
2024-10-13T22:00:00+01:00,108.3535,108.432,108.2325,108.291
2024-10-14T02:00:00+01:00,108.2875,108.4405,108.2085,108.365
2024-10-14T06:00:00+01:00,108.3655,108.438,108.264,108.3855
2024-10-14T10:00:00+01:00,108.3865,108.609,108.3005,108.5405
2024-10-14T14:00:00+01:00,108.5395,108.733,108.5325,108.6885
2024-10-14T18:00:00+01:00,108.692,108.692,108.522,108.5625
2024-10-14T22:00:00+01:00,108.563,108.6915,108.3765,108.421
2024-10-15T02:00:00+01:00,108.4195,108.5025,108.314,108.4245
2024-10-15T06:00:00+01:00,108.425,108.432,107.932,108.035
2024-10-15T10:00:00+01:00,108.037,108.152,107.707,107.8375
2024-10-15T14:00:00+01:00,107.837,108.339,107.8155,108.302
2024-10-15T18:00:00+01:00,108.3035,108.3525,108.148,108.3155
2024-10-15T22:00:00+01:00,108.3165,108.4465,108.1125,108.273
2024-10-16T02:00:00+01:00,108.272,108.3555,108.0185,108.3445
2024-10-16T06:00:00+01:00,108.347,108.472,108.2275,108.387
2024-10-16T10:00:00+01:00,108.388,108.474,108.2035,108.4555
2024-10-16T14:00:00+01:00,108.456,108.7855,108.358,108.782
2024-10-16T18:00:00+01:00,108.783,108.91,108.767,108.8155
2024-10-16T22:00:00+01:00,108.802,108.82,108.6495,108.734
2024-10-17T02:00:00+01:00,108.735,108.7495,108.467,108.6495
2024-10-17T06:00:00+01:00,108.6485,108.7375,108.5755,108.7295
2024-10-17T10:00:00+01:00,108.7305,108.868,108.461,108.732
2024-10-17T14:00:00+01:00,108.7305,108.9765,108.571,108.942
2024-10-17T18:00:00+01:00,108.943,108.964,108.8535,108.9025
2024-10-17T22:00:00+01:00,108.954,108.987,108.6495,108.7525
2024-10-18T02:00:00+01:00,108.755,108.822,108.6275,108.666
2024-10-18T06:00:00+01:00,108.666,108.8745,108.571,108.684
2024-10-18T10:00:00+01:00,108.685,108.844,108.4345,108.6345
2024-10-18T14:00:00+01:00,108.635,108.677,108.254,108.3055
2024-10-18T18:00:00+01:00,108.306,108.397,108.2205,108.338
2024-10-20T22:00:00+01:00,108.3015,108.424,108.1165,108.195
2024-10-21T02:00:00+01:00,108.196,108.229,107.991,108.1275
2024-10-21T06:00:00+01:00,108.1265,108.552,108.03,108.546
2024-10-21T10:00:00+01:00,108.5465,108.596,108.3995,108.486
2024-10-21T14:00:00+01:00,108.485,108.7575,108.4525,108.729
2024-10-21T18:00:00+01:00,108.73,109.0945,108.723,109.0555
2024-10-21T22:00:00+01:00,109.0395,109.0985,108.842,108.8795
2024-10-22T02:00:00+01:00,108.88,109.2755,108.7905,109.1005
2024-10-22T06:00:00+01:00,109.0995,109.2605,108.9625,109.1425
2024-10-22T10:00:00+01:00,109.139,109.1705,108.9915,109.1355
2024-10-22T14:00:00+01:00,109.137,109.357,108.9815,109.2345
2024-10-22T18:00:00+01:00,109.236,109.3905,109.188,109.331
2024-10-22T22:00:00+01:00,109.3395,109.5765,109.261,109.5595
2024-10-23T02:00:00+01:00,109.5605,110.084,109.5385,110.0415
2024-10-23T06:00:00+01:00,110.0405,110.3775,110.0055,110.248
2024-10-23T10:00:00+01:00,110.246,110.653,110.242,110.5595
2024-10-23T14:00:00+01:00,110.557,110.6495,110.335,110.4475
2024-10-23T18:00:00+01:00,110.4465,110.4885,110.129,110.405
2024-10-23T22:00:00+01:00,110.4115,110.4585,110.293,110.4265
2024-10-24T02:00:00+01:00,110.424,110.5005,110.0475,110.126
2024-10-24T06:00:00+01:00,110.127,110.2605,109.973,110.0395
2024-10-24T10:00:00+01:00,110.0375,110.182,109.8605,109.9945
2024-10-24T14:00:00+01:00,109.995,110.1635,109.401,109.4325
2024-10-24T18:00:00+01:00,109.434,109.66,109.4095,109.6035
2024-10-24T22:00:00+01:00,109.599,109.8105,109.4105,109.7495
2024-10-25T02:00:00+01:00,109.7485,109.788,109.431,109.5055
2024-10-25T06:00:00+01:00,109.5035,109.823,109.346,109.7325
2024-10-25T10:00:00+01:00,109.7345,109.8535,109.567,109.767
2024-10-25T14:00:00+01:00,109.7675,109.936,109.5155,109.6475
2024-10-25T18:00:00+01:00,109.6455,109.7425,109.4835,109.642
2024-10-27T21:00:00+00:00,110.31,110.462,109.8765,110.4375
2024-10-28T01:00:00+00:00,110.437,110.7295,110.3185,110.5515
2024-10-28T05:00:00+00:00,110.5515,110.6175,110.2915,110.302
2024-10-28T09:00:00+00:00,110.303,110.311,109.691,109.859
2024-10-28T13:00:00+00:00,109.8575,110.295,109.8015,110.2685
2024-10-28T17:00:00+00:00,110.2675,110.3975,110.2525,110.3545
2024-10-28T21:00:00+00:00,110.3555,110.429,110.07,110.1635
2024-10-29T01:00:00+00:00,110.1645,110.242,109.997,110.0345
2024-10-29T05:00:00+00:00,110.034,110.566,109.9195,110.516
2024-10-29T09:00:00+00:00,110.517,110.698,110.4415,110.608
2024-10-29T13:00:00+00:00,110.607,110.6275,110.189,110.2945
2024-10-29T17:00:00+00:00,110.2955,110.334,110.172,110.225
2024-10-29T21:00:00+00:00,110.222,110.328,110.036,110.157
2024-10-30T01:00:00+00:00,110.155,110.254,110.057,110.1705
2024-10-30T05:00:00+00:00,110.1715,110.2535,109.876,109.9145
2024-10-30T09:00:00+00:00,109.915,110.186,109.7385,110.062
2024-10-30T13:00:00+00:00,110.063,110.237,109.898,110.0015
2024-10-30T17:00:00+00:00,109.999,110.3915,109.9945,110.336
2024-10-30T21:00:00+00:00,110.2825,110.373,110.119,110.346
2024-10-31T01:00:00+00:00,110.3455,110.3945,109.8045,109.8715
2024-10-31T05:00:00+00:00,109.869,109.988,109.1975,109.5
2024-10-31T09:00:00+00:00,109.503,109.979,109.406,109.8255
2024-10-31T13:00:00+00:00,109.8265,110.0595,109.1005,109.452
2024-10-31T17:00:00+00:00,109.453,109.5095,109.0815,109.123
2024-10-31T21:00:00+00:00,109.126,109.241,108.956,109.1395
2024-11-01T01:00:00+00:00,109.1425,109.5405,109.082,109.4895
2024-11-01T05:00:00+00:00,109.4885,109.613,109.2165,109.5755
2024-11-01T09:00:00+00:00,109.5735,109.7725,109.1425,109.2985
2024-11-01T13:00:00+00:00,109.2945,109.9795,109.254,109.662
2024-11-01T17:00:00+00:00,109.663,109.748,109.576,109.656
2024-11-03T22:00:00+00:00,109.3985,109.5845,109.101,109.1595
2024-11-04T02:00:00+00:00,109.1585,109.293,109.068,109.2435
2024-11-04T06:00:00+00:00,109.243,109.474,109.0935,109.1755
2024-11-04T10:00:00+00:00,109.1745,109.351,109.0075,109.1995
2024-11-04T14:00:00+00:00,109.1985,109.5635,109.1155,109.437
2024-11-04T18:00:00+00:00,109.4365,109.53,109.3905,109.439
2024-11-04T22:00:00+00:00,109.421,109.6475,109.3825,109.5485
2024-11-05T02:00:00+00:00,109.5475,109.758,109.4715,109.688
2024-11-05T06:00:00+00:00,109.69,109.738,109.55,109.6165
2024-11-05T10:00:00+00:00,109.616,109.7425,109.4975,109.535
2024-11-05T14:00:00+00:00,109.535,109.7795,109.4875,109.551
2024-11-05T18:00:00+00:00,109.551,109.711,109.341,109.682
2024-11-05T22:00:00+00:00,109.68,110.205,109.378,110.136
2024-11-06T02:00:00+00:00,110.1365,110.819,110.0815,110.478
2024-11-06T06:00:00+00:00,110.4765,110.8635,110.412,110.769
2024-11-06T10:00:00+00:00,110.769,111.0245,110.5945,110.7085
2024-11-06T14:00:00+00:00,110.7085,111.0245,110.541,110.9475
2024-11-06T18:00:00+00:00,110.9465,110.982,110.783,110.941
2024-11-06T22:00:00+00:00,110.93,110.985,110.625,110.9185
2024-11-07T02:00:00+00:00,110.9185,111.19,110.8235,110.8855
2024-11-07T06:00:00+00:00,110.8835,111.0475,110.7285,110.833
2024-11-07T10:00:00+00:00,110.833,110.9645,110.5455,110.6005
2024-11-07T14:00:00+00:00,110.6005,110.68,110.2515,110.491
2024-11-07T18:00:00+00:00,110.4915,110.6385,110.24,110.3525
2024-11-07T22:00:00+00:00,110.354,110.536,110.2565,110.3475
2024-11-08T02:00:00+00:00,110.3455,110.374,109.909,110.0825
2024-11-08T06:00:00+00:00,110.0815,110.144,109.6455,109.657
2024-11-08T10:00:00+00:00,109.6545,109.856,109.496,109.763
2024-11-08T14:00:00+00:00,109.7625,109.927,109.5835,109.6825
2024-11-08T18:00:00+00:00,109.6815,109.781,109.588,109.733
2024-11-10T22:00:00+00:00,109.7425,110.1245,109.7,110.1235
2024-11-11T02:00:00+00:00,110.124,110.386,110.064,110.313
2024-11-11T06:00:00+00:00,110.314,110.513,110.169,110.311
2024-11-11T10:00:00+00:00,110.3115,110.44,110.2645,110.2705
2024-11-11T14:00:00+00:00,110.269,110.5525,110.169,110.515
2024-11-11T18:00:00+00:00,110.5125,110.513,110.3135,110.393
2024-11-11T22:00:00+00:00,110.4045,110.5595,110.241,110.5115
2024-11-12T02:00:00+00:00,110.508,110.5205,110.003,110.1365
2024-11-12T06:00:00+00:00,110.1365,110.4745,110.1185,110.389
2024-11-12T10:00:00+00:00,110.3895,110.8695,110.2745,110.8625
2024-11-12T14:00:00+00:00,110.864,111.0755,110.674,110.9345
2024-11-12T18:00:00+00:00,110.934,111.006,110.846,110.885
2024-11-12T22:00:00+00:00,110.888,111.1105,110.7535,110.869
2024-11-13T02:00:00+00:00,110.869,111.0235,110.8075,111.0065
2024-11-13T06:00:00+00:00,111.006,111.2035,110.9685,111.057
2024-11-13T10:00:00+00:00,111.056,111.1425,110.7305,110.7845
2024-11-13T14:00:00+00:00,110.783,111.183,110.5835,111.147
2024-11-13T18:00:00+00:00,111.148,111.2855,111.007,111.07
2024-11-13T22:00:00+00:00,111.0725,111.405,110.97,111.3285
2024-11-14T02:00:00+00:00,111.3295,111.4295,111.239,111.343
2024-11-14T06:00:00+00:00,111.3435,111.5225,111.2055,111.487
2024-11-14T10:00:00+00:00,111.487,111.493,111.242,111.3405
2024-11-14T14:00:00+00:00,111.34,111.353,110.962,111.031
2024-11-14T18:00:00+00:00,111.029,111.3395,111.0025,111.162
2024-11-14T22:00:00+00:00,111.189,111.4425,111.112,111.301
2024-11-15T02:00:00+00:00,111.3005,111.353,111.1685,111.2545
2024-11-15T06:00:00+00:00,111.2545,111.2945,110.534,110.5895
2024-11-15T10:00:00+00:00,110.589,110.8285,110.4365,110.4615
2024-11-15T14:00:00+00:00,110.4595,110.635,109.494,109.57
2024-11-15T18:00:00+00:00,109.5705,109.609,109.257,109.558
2024-11-17T22:00:00+00:00,109.592,110.234,109.2675,109.846
2024-11-18T02:00:00+00:00,109.8445,110.067,109.6405,109.753
2024-11-18T06:00:00+00:00,109.754,109.9095,109.561,109.87
2024-11-18T10:00:00+00:00,109.8695,110.2215,109.8655,109.9955
2024-11-18T14:00:00+00:00,109.995,110.4765,109.847,110.397
2024-11-18T18:00:00+00:00,110.3955,110.4545,110.282,110.3615
2024-11-18T22:00:00+00:00,110.396,110.4115,109.851,109.928
2024-11-19T02:00:00+00:00,109.9285,110.2065,109.834,110.1355
2024-11-19T06:00:00+00:00,110.135,110.326,109.254,109.6135
2024-11-19T10:00:00+00:00,109.6145,110.06,109.411,109.58
2024-11-19T14:00:00+00:00,109.581,110.716,109.5525,110.6885
2024-11-19T18:00:00+00:00,110.689,110.842,110.592,110.819
2024-11-19T22:00:00+00:00,110.8205,111.03,110.7115,110.8745
2024-11-20T02:00:00+00:00,110.8745,111.174,110.84,111.174
2024-11-20T06:00:00+00:00,111.175,111.5625,111.1465,111.428
2024-11-20T10:00:00+00:00,111.4295,111.4685,111.2705,111.338
2024-11-20T14:00:00+00:00,111.339,111.4135,110.6685,110.958
2024-11-20T18:00:00+00:00,110.957,111.2885,110.9435,111.2275
2024-11-20T22:00:00+00:00,111.227,111.265,110.885,110.978
2024-11-21T02:00:00+00:00,110.977,111.165,110.8625,111.0905
2024-11-21T06:00:00+00:00,111.0865,111.0905,110.2805,110.484
2024-11-21T10:00:00+00:00,110.483,110.8115,110.363,110.481
2024-11-21T14:00:00+00:00,110.482,110.797,110.246,110.6685
2024-11-21T18:00:00+00:00,110.669,110.846,110.5645,110.603
2024-11-21T22:00:00+00:00,110.6185,110.6625,110.1495,110.5515
2024-11-22T02:00:00+00:00,110.5495,110.6465,110.3785,110.6305
2024-11-22T06:00:00+00:00,110.6315,110.89,110.141,110.3285
2024-11-22T10:00:00+00:00,110.3275,110.5345,110.174,110.4125
2024-11-22T14:00:00+00:00,110.414,110.91,110.4025,110.728
2024-11-22T18:00:00+00:00,110.727,110.7965,110.63,110.665
2024-11-24T22:00:00+00:00,110.4875,110.735,110.255,110.3265
2024-11-25T02:00:00+00:00,110.3265,110.707,110.2005,110.6215
2024-11-25T06:00:00+00:00,110.6205,110.8165,110.445,110.652
2024-11-25T10:00:00+00:00,110.6515,110.688,110.172,110.297
2024-11-25T14:00:00+00:00,110.296,110.407,109.924,110.2765
2024-11-25T18:00:00+00:00,110.278,110.3235,110.206,110.2875
2024-11-25T22:00:00+00:00,110.282,110.38,108.6095,108.9765
2024-11-26T02:00:00+00:00,108.9765,109.2275,108.8255,108.9625
2024-11-26T06:00:00+00:00,108.962,109.2705,108.7405,109.205
2024-11-26T10:00:00+00:00,109.2045,109.2345,108.5675,108.695
2024-11-26T14:00:00+00:00,108.6945,109.268,108.6325,108.8955
2024-11-26T18:00:00+00:00,108.898,109.035,108.774,108.9265
2024-11-26T22:00:00+00:00,108.926,109.0315,108.4685,108.493
2024-11-27T02:00:00+00:00,108.495,108.628,108.163,108.3015
2024-11-27T06:00:00+00:00,108.3005,108.321,107.733,107.815
2024-11-27T10:00:00+00:00,107.8155,107.9165,107.6455,107.7615
2024-11-27T14:00:00+00:00,107.7615,108.0495,107.3215,107.473
2024-11-27T18:00:00+00:00,107.472,107.787,107.4245,107.71
2024-11-27T22:00:00+00:00,107.7505,108.2825,107.595,108.0785
2024-11-28T02:00:00+00:00,108.078,108.212,108.018,108.0875
2024-11-28T06:00:00+00:00,108.0875,108.4555,107.918,108.4425
2024-11-28T10:00:00+00:00,108.4425,108.524,108.1865,108.1975
2024-11-28T14:00:00+00:00,108.1975,108.254,108.0355,108.1555
2024-11-28T18:00:00+00:00,108.156,108.1915,108.0605,108.138
2024-11-28T22:00:00+00:00,108.1205,108.223,107.0395,107.1025
2024-11-29T02:00:00+00:00,107.105,107.47,107.1035,107.2605
2024-11-29T06:00:00+00:00,107.26,107.359,106.898,107.2655
2024-11-29T10:00:00+00:00,107.264,107.3965,106.842,106.9105
2024-11-29T14:00:00+00:00,106.9105,107.449,106.779,106.8675
2024-11-29T18:00:00+00:00,106.8695,107.0205,106.7745,106.912
2024-12-01T22:00:00+00:00,106.9135,107.294,106.8055,107.2715
2024-12-02T02:00:00+00:00,107.271,107.453,107.1955,107.422
2024-12-02T06:00:00+00:00,107.422,107.4245,106.886,107.1645
2024-12-02T10:00:00+00:00,107.164,107.2395,106.773,106.936
2024-12-02T14:00:00+00:00,106.9355,106.959,105.9605,106.433
2024-12-02T18:00:00+00:00,106.433,106.574,106.2915,106.485
2024-12-02T22:00:00+00:00,106.4865,106.7365,106.3945,106.647
2024-12-03T02:00:00+00:00,106.6455,106.9185,106.569,106.823
2024-12-03T06:00:00+00:00,106.8225,107.122,106.776,106.86
2024-12-03T10:00:00+00:00,106.857,106.9685,106,106.0305
2024-12-03T14:00:00+00:00,106.0315,106.3085,105.769,106.181
2024-12-03T18:00:00+00:00,106.1785,106.375,105.9955,106.3545
2024-12-03T22:00:00+00:00,106.3615,106.603,106.315,106.551
2024-12-04T02:00:00+00:00,106.5505,106.74,106.27,106.734
2024-12-04T06:00:00+00:00,106.735,107.127,106.5805,107.0685
2024-12-04T10:00:00+00:00,107.0665,107.517,107.0645,107.4045
2024-12-04T14:00:00+00:00,107.4035,107.4255,106.6185,106.7635
2024-12-04T18:00:00+00:00,106.7635,107.1465,106.6925,107.0305
2024-12-04T22:00:00+00:00,107.01,107.1405,106.72,106.989
2024-12-05T02:00:00+00:00,106.9875,107.0015,106.4835,106.583
2024-12-05T06:00:00+00:00,106.582,106.9185,106.3865,106.912
2024-12-05T10:00:00+00:00,106.9105,107.346,106.747,107.315
2024-12-05T14:00:00+00:00,107.3145,107.4515,106.7525,106.843
2024-12-05T18:00:00+00:00,106.8445,107.0885,106.794,107.0445
2024-12-05T22:00:00+00:00,107.012,107.1545,106.8315,106.863
2024-12-06T02:00:00+00:00,106.862,106.9315,106.7425,106.8465
2024-12-06T06:00:00+00:00,106.845,107.278,106.73,107.26
2024-12-06T10:00:00+00:00,107.2625,107.3165,106.2075,106.2145
2024-12-06T14:00:00+00:00,106.2135,106.29,105.825,105.9505
2024-12-06T18:00:00+00:00,105.949,106.0545,105.906,105.9925
2024-12-08T22:00:00+00:00,105.948,106.04,105.757,105.9275
2024-12-09T02:00:00+00:00,105.9285,106.014,105.7755,105.841
2024-12-09T06:00:00+00:00,105.841,106.4145,105.826,106.3615
2024-12-09T10:00:00+00:00,106.3565,107.0665,106.349,106.996
2024-12-09T14:00:00+00:00,106.9945,107.1675,106.775,107.056
2024-12-09T18:00:00+00:00,107.0585,107.0585,106.6725,106.7115
2024-12-09T22:00:00+00:00,106.727,106.9135,106.653,106.751
2024-12-10T02:00:00+00:00,106.751,106.7515,106.4455,106.4735
2024-12-10T06:00:00+00:00,106.4735,106.9605,106.4545,106.939
2024-12-10T10:00:00+00:00,106.94,107.2315,106.8945,107.1005
2024-12-10T14:00:00+00:00,107.1025,107.4425,106.9305,107.373
2024-12-10T18:00:00+00:00,107.3725,107.3745,107.141,107.152
2024-12-10T22:00:00+00:00,107.1515,107.241,107.041,107.101
2024-12-11T02:00:00+00:00,107.1015,107.136,106.912,107.125
2024-12-11T06:00:00+00:00,107.125,107.685,106.4905,107.642
2024-12-11T10:00:00+00:00,107.643,107.86,107.308,107.4875
2024-12-11T14:00:00+00:00,107.487,107.9105,107.1215,107.7025
2024-12-11T18:00:00+00:00,107.703,107.8255,107.6305,107.6705
2024-12-11T22:00:00+00:00,107.6775,107.758,107.4195,107.432
2024-12-12T02:00:00+00:00,107.432,107.8685,107.4065,107.8165
2024-12-12T06:00:00+00:00,107.8165,108.0055,107.73,107.919
2024-12-12T10:00:00+00:00,107.906,107.9255,107.16,107.3105
2024-12-12T14:00:00+00:00,107.3095,107.5555,107.1495,107.3065
2024-12-12T18:00:00+00:00,107.306,107.4805,107.277,107.341
2024-12-12T22:00:00+00:00,107.339,107.555,107.2225,107.33
2024-12-13T02:00:00+00:00,107.325,107.5,107.2235,107.4055
2024-12-13T06:00:00+00:00,107.4035,107.9065,107.2915,107.867
2024-12-13T10:00:00+00:00,107.868,108.075,107.81,107.873
2024-12-13T14:00:00+00:00,107.874,108.0385,107.7885,107.9995
2024-12-13T18:00:00+00:00,107.999,108.0775,107.8885,107.964
2024-12-15T22:00:00+00:00,107.961,108.2625,107.8165,108.2425
2024-12-16T02:00:00+00:00,108.2445,108.2915,108.011,108.02
2024-12-16T06:00:00+00:00,108.021,108.0985,107.885,108.079
2024-12-16T10:00:00+00:00,108.0805,108.2035,107.941,108.0925
2024-12-16T14:00:00+00:00,108.0945,108.5285,108.073,108.346
2024-12-16T18:00:00+00:00,108.3445,108.3655,108.156,108.2235
2024-12-16T22:00:00+00:00,108.2255,108.429,108.1255,108.2105
2024-12-17T02:00:00+00:00,108.2115,108.22,107.984,108.0655
2024-12-17T06:00:00+00:00,108.0665,108.094,107.6475,107.717
2024-12-17T10:00:00+00:00,107.7185,107.878,107.5785,107.7285
2024-12-17T14:00:00+00:00,107.729,107.729,107.085,107.1025
2024-12-17T18:00:00+00:00,107.1035,107.3295,107.041,107.2765
2024-12-17T22:00:00+00:00,107.234,107.4615,107.174,107.306
2024-12-18T02:00:00+00:00,107.3015,107.388,107.0405,107.053
2024-12-18T06:00:00+00:00,107.052,107.3465,107.027,107.219
2024-12-18T10:00:00+00:00,107.217,107.58,107.1955,107.4955
2024-12-18T14:00:00+00:00,107.497,107.5795,107.305,107.3265
2024-12-18T18:00:00+00:00,107.3265,107.5785,106.98,107.1775
2024-12-18T22:00:00+00:00,107.1655,107.2295,106.7995,107.177
2024-12-19T02:00:00+00:00,107.169,107.728,106.9815,107.5145
2024-12-19T06:00:00+00:00,107.514,109.1635,107.3755,109.1165
2024-12-19T10:00:00+00:00,109.116,109.2605,108.9165,109.15
2024-12-19T14:00:00+00:00,109.149,109.9075,109.1255,109.6805
2024-12-19T18:00:00+00:00,109.6815,109.74,109.319,109.356
2024-12-19T22:00:00+00:00,109.3585,109.631,109.0095,109.075
2024-12-20T02:00:00+00:00,109.0755,109.1015,108.6925,108.9395
2024-12-20T06:00:00+00:00,108.94,109.172,108.8375,108.939
2024-12-20T10:00:00+00:00,108.938,109.071,108.695,108.7485
2024-12-20T14:00:00+00:00,108.7475,109.163,108.663,108.7695
2024-12-20T18:00:00+00:00,108.769,108.8865,108.6135,108.832
2024-12-22T22:00:00+00:00,108.8535,109.0955,108.794,108.9945
2024-12-23T02:00:00+00:00,108.988,109.128,108.918,109.0825
2024-12-23T06:00:00+00:00,109.083,109.0895,108.7775,108.946
2024-12-23T10:00:00+00:00,108.9445,109.139,108.8625,108.939
2024-12-23T14:00:00+00:00,108.9385,109.3505,108.8805,109.3075
2024-12-23T18:00:00+00:00,109.3085,109.3905,109.255,109.3255
2024-12-23T22:00:00+00:00,109.2925,109.419,109.2115,109.2625
2024-12-24T02:00:00+00:00,109.2625,109.3145,109.0625,109.14
2024-12-24T06:00:00+00:00,109.141,109.2825,109.056,109.1075
2024-12-24T10:00:00+00:00,109.1075,109.2425,108.942,109.24
2024-12-24T14:00:00+00:00,109.241,109.4705,109.2405,109.414
2024-12-24T18:00:00+00:00,109.413,109.5855,109.3825,109.4795
2024-12-24T22:00:00+00:00,109.49,109.5585,109.293,109.381
2024-12-25T02:00:00+00:00,109.3815,109.6155,109.298,109.5945
2024-12-25T06:00:00+00:00,109.6015,109.6105,109.2965,109.383
2024-12-25T22:00:00+00:00,109.513,109.7035,109.421,109.659
2024-12-26T02:00:00+00:00,109.6555,109.714,109.505,109.527
2024-12-26T06:00:00+00:00,109.527,109.586,109.236,109.383
2024-12-26T10:00:00+00:00,109.3795,109.6805,109.375,109.659
2024-12-26T14:00:00+00:00,109.6585,109.7215,109.57,109.63
2024-12-26T18:00:00+00:00,109.629,109.713,109.5385,109.6495
2024-12-26T22:00:00+00:00,109.6545,109.6715,109.4325,109.48
2024-12-27T02:00:00+00:00,109.4845,109.5355,109.3015,109.522
2024-12-27T06:00:00+00:00,109.5225,109.7035,109.462,109.6465
2024-12-27T10:00:00+00:00,109.647,109.8105,109.499,109.661
2024-12-27T14:00:00+00:00,109.66,109.705,109.1865,109.3515
2024-12-27T18:00:00+00:00,109.3505,109.637,109.335,109.5345
2024-12-29T22:00:00+00:00,109.441,109.7195,109.386,109.616
2024-12-30T02:00:00+00:00,109.6035,109.7815,109.542,109.709
2024-12-30T06:00:00+00:00,109.713,109.8755,109.588,109.734
2024-12-30T10:00:00+00:00,109.734,109.8035,109.3115,109.3165
2024-12-30T14:00:00+00:00,109.315,109.5825,108.682,109.4745
2024-12-30T18:00:00+00:00,109.4735,109.509,109.2315,109.31
2024-12-30T22:00:00+00:00,109.285,109.4555,108.9915,109.0915
2024-12-31T02:00:00+00:00,109.0915,109.128,108.833,108.907
2024-12-31T06:00:00+00:00,108.9085,109.056,108.5375,109.032
2024-12-31T10:00:00+00:00,109.032,109.233,108.8695,109.038
2024-12-31T14:00:00+00:00,109.0325,109.4455,108.955,109.3815
2024-12-31T18:00:00+00:00,109.3785,109.5015,109.311,109.3245
2025-01-01T22:00:00+00:00,109.325,109.7745,109.2375,109.6035
2025-01-02T02:00:00+00:00,109.6035,109.6045,109.205,109.407
2025-01-02T06:00:00+00:00,109.407,109.4085,108.56,108.789
2025-01-02T10:00:00+00:00,108.792,109.0975,108.684,108.7645
2025-01-02T14:00:00+00:00,108.7615,109.656,108.609,109.413
2025-01-02T18:00:00+00:00,109.4135,109.492,109.264,109.3945
2025-01-02T22:00:00+00:00,109.3445,109.426,109.1935,109.297
2025-01-03T02:00:00+00:00,109.2955,109.4775,109.277,109.297
2025-01-03T06:00:00+00:00,109.297,109.3725,109.1015,109.282
2025-01-03T10:00:00+00:00,109.282,109.297,108.9805,109.0555
2025-01-03T14:00:00+00:00,109.056,109.158,108.5915,108.7175
2025-01-03T18:00:00+00:00,108.717,108.9675,108.6605,108.862
2025-01-05T22:00:00+00:00,108.8155,109.467,108.7455,109.4585
2025-01-06T02:00:00+00:00,109.4585,109.655,109.3925,109.6525
2025-01-06T06:00:00+00:00,109.6525,109.8085,109.44,109.739
2025-01-06T10:00:00+00:00,109.74,110.025,109.179,109.4835
2025-01-06T14:00:00+00:00,109.4845,109.927,109.4555,109.6595
2025-01-06T18:00:00+00:00,109.661,110.0205,109.572,110.001
2025-01-06T22:00:00+00:00,109.8945,110.441,109.8385,110.436
2025-01-07T02:00:00+00:00,110.4365,110.4655,110.2495,110.283
2025-01-07T06:00:00+00:00,110.2835,110.2835,109.987,110.198
2025-01-07T10:00:00+00:00,110.199,110.327,110.0935,110.1025
2025-01-07T14:00:00+00:00,110.102,110.3255,109.9075,109.937
2025-01-07T18:00:00+00:00,109.938,110.0605,109.847,110.0015
2025-01-07T22:00:00+00:00,110.041,110.2205,109.951,110.092
2025-01-08T02:00:00+00:00,110.0935,110.289,110.0725,110.286
2025-01-08T06:00:00+00:00,110.2845,110.289,110.022,110.1125
2025-01-08T10:00:00+00:00,110.112,110.199,109.889,109.914
2025-01-08T14:00:00+00:00,109.915,110.1805,109.8775,110.068
2025-01-08T18:00:00+00:00,110.067,110.228,110.0375,110.165
2025-01-08T22:00:00+00:00,110.0755,110.1995,109.9575,109.984
2025-01-09T02:00:00+00:00,109.9775,110.051,109.722,109.976
2025-01-09T06:00:00+00:00,109.976,110.0765,109.8145,109.912
2025-01-09T10:00:00+00:00,109.912,109.915,109.493,109.536
2025-01-09T14:00:00+00:00,109.5355,109.877,109.5335,109.843
2025-01-09T18:00:00+00:00,109.842,109.913,109.8275,109.8815
2025-01-09T22:00:00+00:00,109.8375,109.9085,109.6835,109.811
2025-01-10T02:00:00+00:00,109.811,109.952,109.7755,109.889
2025-01-10T06:00:00+00:00,109.89,110.039,109.345,109.601
2025-01-10T10:00:00+00:00,109.602,110.217,109.5285,110.087
2025-01-10T14:00:00+00:00,110.0895,110.1765,109.1495,109.3855
2025-01-10T18:00:00+00:00,109.386,109.517,109.297,109.362
2025-01-12T22:00:00+00:00,109.359,109.5585,109.043,109.1685
2025-01-13T02:00:00+00:00,109.1675,109.291,108.9365,109.0525
2025-01-13T06:00:00+00:00,109.0535,109.3155,108.7785,108.836
2025-01-13T10:00:00+00:00,108.8355,109.1455,108.7565,109.109
2025-01-13T14:00:00+00:00,109.1065,109.43,108.9135,109.195
2025-01-13T18:00:00+00:00,109.1945,109.59,109.167,109.531
2025-01-13T22:00:00+00:00,109.589,109.8765,109.222,109.5175
2025-01-14T02:00:00+00:00,109.519,109.7495,109.434,109.5635
2025-01-14T06:00:00+00:00,109.565,109.9525,109.4175,109.867
2025-01-14T10:00:00+00:00,109.8675,109.922,109.5355,109.5985
2025-01-14T14:00:00+00:00,109.6005,110.1605,109.5445,110.067
2025-01-14T18:00:00+00:00,110.0665,110.1135,109.885,110.0775
2025-01-14T22:00:00+00:00,110.077,110.186,109.958,109.999
2025-01-15T02:00:00+00:00,109.9985,110.0405,109.4615,109.538
2025-01-15T06:00:00+00:00,109.538,109.664,109.243,109.342
2025-01-15T10:00:00+00:00,109.343,109.504,109.151,109.31
2025-01-15T14:00:00+00:00,109.308,109.345,108.9095,109.194
2025-01-15T18:00:00+00:00,109.195,109.252,109.069,109.0765
2025-01-15T22:00:00+00:00,109.066,109.22,108.4315,108.475
2025-01-16T02:00:00+00:00,108.4755,108.715,108.236,108.6775
2025-01-16T06:00:00+00:00,108.6785,108.8535,108.2825,108.341
2025-01-16T10:00:00+00:00,108.3415,108.7065,108.2715,108.434
2025-01-16T14:00:00+00:00,108.4375,108.6025,107.8145,107.9435
2025-01-16T18:00:00+00:00,107.943,108.0215,107.772,107.8375
2025-01-16T22:00:00+00:00,107.8525,108.008,107.6515,107.7885
2025-01-17T02:00:00+00:00,107.7875,108.0835,107.76,108.0105
2025-01-17T06:00:00+00:00,108.011,108.127,107.867,108.051
2025-01-17T10:00:00+00:00,108.0515,108.1195,107.773,107.8435
2025-01-17T14:00:00+00:00,107.844,108.5235,107.6945,108.2245
2025-01-17T18:00:00+00:00,108.224,108.2455,107.8755,107.9375
2025-01-19T22:00:00+00:00,108.0495,108.104,107.77,107.868
2025-01-20T02:00:00+00:00,107.868,108.0055,107.7625,108.004
2025-01-20T06:00:00+00:00,108.003,108.1815,107.905,107.9545
2025-01-20T10:00:00+00:00,107.954,108.8455,107.953,108.8075
2025-01-20T14:00:00+00:00,108.805,109.0205,108.493,108.6955
2025-01-20T18:00:00+00:00,108.698,108.879,108.6255,108.752
2025-01-20T22:00:00+00:00,108.7665,108.865,107.306,107.711
2025-01-21T02:00:00+00:00,107.7115,107.7405,107.484,107.615
2025-01-21T06:00:00+00:00,107.616,108.1145,107.5995,108.0855
2025-01-21T10:00:00+00:00,108.087,108.1255,107.618,107.624
2025-01-21T14:00:00+00:00,107.6235,108.594,107.587,108.5325
2025-01-21T18:00:00+00:00,108.532,108.665,108.4375,108.578
2025-01-21T22:00:00+00:00,108.5235,108.684,108.441,108.595
2025-01-22T02:00:00+00:00,108.597,108.786,108.571,108.695
2025-01-22T06:00:00+00:00,108.6965,108.9515,108.574,108.6565
2025-01-22T10:00:00+00:00,108.656,108.932,108.517,108.613
2025-01-22T14:00:00+00:00,108.612,109.085,108.464,109.023
2025-01-22T18:00:00+00:00,109.0235,109.0535,108.788,108.8905
2025-01-22T22:00:00+00:00,108.866,108.9295,108.611,108.767
2025-01-23T02:00:00+00:00,108.7675,108.9145,108.6665,108.887
2025-01-23T06:00:00+00:00,108.888,108.9055,108.6645,108.684
2025-01-23T10:00:00+00:00,108.6865,108.781,108.361,108.4575
2025-01-23T14:00:00+00:00,108.4565,108.8435,108.443,108.746
2025-01-23T18:00:00+00:00,108.7455,108.7495,108.394,108.5165
2025-01-23T22:00:00+00:00,108.515,108.745,108.448,108.7375
2025-01-24T02:00:00+00:00,108.738,109.0515,108.084,108.409
2025-01-24T06:00:00+00:00,108.408,108.7055,108.057,108.612
2025-01-24T10:00:00+00:00,108.613,109.2255,108.598,109.1345
2025-01-24T14:00:00+00:00,109.136,109.253,108.5115,108.6335
2025-01-24T18:00:00+00:00,108.634,108.8035,108.618,108.732
2025-01-26T22:00:00+00:00,108.4135,108.457,108.035,108.102
2025-01-27T02:00:00+00:00,108.1045,108.5095,108.0035,108.498
2025-01-27T06:00:00+00:00,108.4985,108.6165,107.5105,107.6005
2025-01-27T10:00:00+00:00,107.5945,107.5945,107.0775,107.403
2025-01-27T14:00:00+00:00,107.4065,107.498,107.072,107.166
2025-01-27T18:00:00+00:00,107.1655,107.639,107.115,107.5105
2025-01-27T22:00:00+00:00,107.506,108.0905,107.398,108.0075
2025-01-28T02:00:00+00:00,108.007,108.2885,107.9655,108.1425
2025-01-28T06:00:00+00:00,108.1405,108.2805,107.8935,107.972
2025-01-28T10:00:00+00:00,107.971,108.018,107.6975,107.9665
2025-01-28T14:00:00+00:00,107.966,108.272,107.7885,108.083
2025-01-28T18:00:00+00:00,108.0845,108.169,107.9665,108.035
2025-01-28T22:00:00+00:00,108.0275,108.162,107.939,108.115
2025-01-29T02:00:00+00:00,108.1155,108.1715,107.66,107.67
2025-01-29T06:00:00+00:00,107.6725,107.8995,107.5465,107.659
2025-01-29T10:00:00+00:00,107.658,107.826,107.38,107.454
2025-01-29T14:00:00+00:00,107.4535,107.7525,107.271,107.52
2025-01-29T18:00:00+00:00,107.522,107.7925,107.44,107.665
2025-01-29T22:00:00+00:00,107.6755,107.8065,107.183,107.301
2025-01-30T02:00:00+00:00,107.302,107.3155,107.0385,107.1135
2025-01-30T06:00:00+00:00,107.1135,107.31,106.9715,107.197
2025-01-30T10:00:00+00:00,107.195,107.299,106.7655,106.8215
2025-01-30T14:00:00+00:00,106.8205,107.1955,106.733,107.052
2025-01-30T18:00:00+00:00,107.0505,107.275,105.7555,106.5045
2025-01-30T22:00:00+00:00,106.4275,106.5885,106.239,106.3955
2025-01-31T02:00:00+00:00,106.3965,106.961,106.2825,106.8695
2025-01-31T06:00:00+00:00,106.8705,107.1895,106.6565,106.8635
2025-01-31T10:00:00+00:00,106.862,107.101,106.661,106.848
2025-01-31T14:00:00+00:00,106.847,107.7195,106.4515,107.4715
2025-01-31T18:00:00+00:00,107.4735,107.5945,106.597,106.764
2025-02-02T22:00:00+00:00,105.039,106.004,105.0255,105.58
2025-02-03T02:00:00+00:00,105.5795,105.69,105.1775,105.633
2025-02-03T06:00:00+00:00,105.6335,105.9685,105.4075,105.497
2025-02-03T10:00:00+00:00,105.498,105.8465,105.18,105.441
2025-02-03T14:00:00+00:00,105.4405,106.445,104.911,106.085
2025-02-03T18:00:00+00:00,106.0835,107.523,105.956,107.235
2025-02-03T22:00:00+00:00,107.2365,107.79,107.2215,107.356
2025-02-04T02:00:00+00:00,107.356,107.395,106.7805,107.17
2025-02-04T06:00:00+00:00,107.1715,107.7045,107.129,107.6905
2025-02-04T10:00:00+00:00,107.6895,107.998,107.562,107.953
2025-02-04T14:00:00+00:00,107.9535,108.0255,107.5185,107.582
2025-02-04T18:00:00+00:00,107.5775,107.88,107.4805,107.7945
2025-02-04T22:00:00+00:00,107.732,107.8345,107.1205,107.1615
2025-02-05T02:00:00+00:00,107.164,107.177,106.849,107.0075
2025-02-05T06:00:00+00:00,107.011,107.353,106.843,106.994
2025-02-05T10:00:00+00:00,106.9915,107.244,106.837,107.083
2025-02-05T14:00:00+00:00,107.0835,107.3015,106.472,106.5585
2025-02-05T18:00:00+00:00,106.558,106.7445,106.4195,106.672
2025-02-05T22:00:00+00:00,106.6385,106.6985,106.052,106.214
2025-02-06T02:00:00+00:00,106.2125,106.3675,106.1055,106.2425
2025-02-06T06:00:00+00:00,106.2425,106.471,106.1905,106.3245
2025-02-06T10:00:00+00:00,106.3265,106.37,105.986,106.052
2025-02-06T14:00:00+00:00,106.0515,106.25,105.8595,106.135
2025-02-06T18:00:00+00:00,106.134,106.1955,105.6465,105.8575
2025-02-06T22:00:00+00:00,105.8105,106.0045,105.4985,105.963
2025-02-07T02:00:00+00:00,105.964,106.1065,105.8265,105.9205
2025-02-07T06:00:00+00:00,105.9215,106.1595,105.831,106.09
2025-02-07T10:00:00+00:00,106.088,106.474,105.8,106.231
2025-02-07T14:00:00+00:00,106.2315,106.2955,105.3835,106.123
2025-02-07T18:00:00+00:00,106.1215,106.2265,105.8455,105.9415
2025-02-09T22:00:00+00:00,105.3495,106.1195,105.188,105.9455
2025-02-10T02:00:00+00:00,105.9445,106.0525,105.833,105.937
2025-02-10T06:00:00+00:00,105.938,106.4515,105.8135,106.2445
2025-02-10T10:00:00+00:00,106.243,106.273,105.863,105.933
2025-02-10T14:00:00+00:00,105.9325,106.1035,105.7185,106.0615
2025-02-10T18:00:00+00:00,106.06,106.28,106.0515,106.1935
2025-02-10T22:00:00+00:00,106.185,106.238,105.804,106.052
2025-02-11T02:00:00+00:00,106.052,106.0855,105.9465,106.0195
2025-02-11T06:00:00+00:00,106.0225,106.1485,105.8175,106.009
2025-02-11T10:00:00+00:00,106.007,106.507,106.007,106.4345
2025-02-11T14:00:00+00:00,106.4335,106.6385,106.31,106.5035
2025-02-11T18:00:00+00:00,106.503,106.841,106.4545,106.7335
2025-02-11T22:00:00+00:00,106.687,107.421,106.628,107.415
2025-02-12T02:00:00+00:00,107.4155,107.594,107.35,107.4025
2025-02-12T06:00:00+00:00,107.4015,107.6775,107.231,107.298
2025-02-12T10:00:00+00:00,107.297,107.793,107.2095,107.769
2025-02-12T14:00:00+00:00,107.77,108.283,107.581,108.231
2025-02-12T18:00:00+00:00,108.2315,108.2895,107.9,107.967
2025-02-12T22:00:00+00:00,107.9655,108.177,107.81,107.9755
2025-02-13T02:00:00+00:00,107.9745,108.3175,107.9435,108.1375
2025-02-13T06:00:00+00:00,108.14,108.1895,107.6685,107.7595
2025-02-13T10:00:00+00:00,107.759,107.8515,107.41,107.481
2025-02-13T14:00:00+00:00,107.4845,108.0085,107.422,107.55
2025-02-13T18:00:00+00:00,107.547,107.7155,107.3555,107.675
2025-02-13T22:00:00+00:00,107.6795,107.861,107.439,107.524
2025-02-14T02:00:00+00:00,107.526,107.8425,107.501,107.5705
2025-02-14T06:00:00+00:00,107.5675,107.883,107.506,107.651
2025-02-14T10:00:00+00:00,107.649,107.856,107.3845,107.434
2025-02-14T14:00:00+00:00,107.432,107.609,107.2505,107.516
2025-02-14T18:00:00+00:00,107.5145,107.568,107.3165,107.3895
2025-02-16T22:00:00+00:00,107.4285,107.4715,107.073,107.2705
2025-02-17T02:00:00+00:00,107.2705,107.285,106.8765,106.9085
2025-02-17T06:00:00+00:00,106.9085,107.117,106.8905,106.981
2025-02-17T10:00:00+00:00,106.979,107.019,106.7245,106.759
2025-02-17T14:00:00+00:00,106.7595,106.804,106.67,106.741
2025-02-17T18:00:00+00:00,106.7355,106.878,106.7055,106.8445
2025-02-17T22:00:00+00:00,106.8595,106.9275,106.5985,106.8575
2025-02-18T02:00:00+00:00,106.858,107.157,106.8295,107.018
2025-02-18T06:00:00+00:00,107.016,107.191,106.9415,107
2025-02-18T10:00:00+00:00,106.9995,107.0365,106.722,106.794
2025-02-18T14:00:00+00:00,106.796,107.078,106.748,107.05
2025-02-18T18:00:00+00:00,107.0505,107.236,107.032,107.1185
2025-02-18T22:00:00+00:00,107.0965,107.2695,106.8875,107.259
2025-02-19T02:00:00+00:00,107.258,107.352,106.993,107.0255
2025-02-19T06:00:00+00:00,107.0255,107.043,106.768,106.807
2025-02-19T10:00:00+00:00,106.808,106.9695,106.7535,106.8395
2025-02-19T14:00:00+00:00,106.839,106.8695,106.4505,106.5645
2025-02-19T18:00:00+00:00,106.565,106.5995,106.366,106.4345
2025-02-19T22:00:00+00:00,106.4365,106.4515,105.775,105.7885
2025-02-20T02:00:00+00:00,105.793,106.01,105.614,105.737
2025-02-20T06:00:00+00:00,105.737,105.8555,105.4155,105.7835
2025-02-20T10:00:00+00:00,105.7825,105.7825,105.448,105.6635
2025-02-20T14:00:00+00:00,105.662,105.76,105.32,105.3825
2025-02-20T18:00:00+00:00,105.3815,105.711,105.3775,105.5845
2025-02-20T22:00:00+00:00,105.506,106.069,105.36,105.9885
2025-02-21T02:00:00+00:00,105.9895,106.334,105.921,106.0535
2025-02-21T06:00:00+00:00,106.053,106.2105,105.8615,105.9985
2025-02-21T10:00:00+00:00,105.998,106.1685,105.8435,106.122
2025-02-21T14:00:00+00:00,106.12,106.129,104.934,104.9565
2025-02-21T18:00:00+00:00,104.957,104.968,104.6695,104.952
2025-02-23T22:00:00+00:00,104.895,105.15,104.8255,105.1295
2025-02-24T02:00:00+00:00,105.1305,105.325,105.122,105.261
2025-02-24T06:00:00+00:00,105.261,105.411,105.043,105.243
2025-02-24T10:00:00+00:00,105.2415,105.4585,105.216,105.3495
2025-02-24T14:00:00+00:00,105.349,105.4295,104.7835,105.1605
2025-02-24T18:00:00+00:00,105.16,105.346,104.8905,105.002
2025-02-24T22:00:00+00:00,104.9995,105.3425,104.9245,105.2075
2025-02-25T02:00:00+00:00,105.2075,105.2485,104.8985,105.104
2025-02-25T06:00:00+00:00,105.102,105.139,104.5545,104.8565
2025-02-25T10:00:00+00:00,104.858,105.2015,104.726,104.7805
2025-02-25T14:00:00+00:00,104.78,104.8485,103.949,104.3025
2025-02-25T18:00:00+00:00,104.3045,104.4935,104.0555,104.143
2025-02-25T22:00:00+00:00,104.1425,104.3395,103.9495,104.3265
2025-02-26T02:00:00+00:00,104.3285,104.434,104.221,104.28
2025-02-26T06:00:00+00:00,104.28,104.436,104.1695,104.219
2025-02-26T10:00:00+00:00,104.219,104.3525,104.071,104.1985
2025-02-26T14:00:00+00:00,104.201,104.5395,103.856,104.175
2025-02-26T18:00:00+00:00,104.174,104.2625,103.7745,104.0065
2025-02-26T22:00:00+00:00,104.0045,104.1315,103.7385,104.1095
2025-02-27T02:00:00+00:00,104.114,104.1315,103.8245,104.0555
2025-02-27T06:00:00+00:00,104.0555,104.6815,103.971,104.5975
2025-02-27T10:00:00+00:00,104.598,104.6595,103.6725,103.8015
2025-02-27T14:00:00+00:00,103.803,104.1085,103.6545,103.947
2025-02-27T18:00:00+00:00,103.9465,104.1235,103.572,103.784
2025-02-27T22:00:00+00:00,103.755,103.9475,103.3525,103.369
2025-02-28T02:00:00+00:00,103.3675,103.818,103.2045,103.762
2025-02-28T06:00:00+00:00,103.763,104.379,103.7345,104.076
2025-02-28T10:00:00+00:00,104.076,104.7645,104.064,104.511
2025-02-28T14:00:00+00:00,104.5105,104.7385,104.1205,104.139
2025-02-28T18:00:00+00:00,104.136,104.276,103.9525,104.11
2025-03-02T22:00:00+00:00,104.321,104.573,104.1275,104.2065
2025-03-03T02:00:00+00:00,104.206,104.2475,103.971,104.137
2025-03-03T06:00:00+00:00,104.1325,104.239,103.856,104.2165
2025-03-03T10:00:00+00:00,104.3645,104.973,104.3295,104.7595
2025-03-03T14:00:00+00:00,104.76,104.8015,104.1355,104.2
2025-03-03T18:00:00+00:00,104.1985,104.226,102.549,103.2445
2025-03-03T22:00:00+00:00,103.2325,103.3675,102.556,102.766
2025-03-04T02:00:00+00:00,102.765,103.1075,102.6665,103.0825
2025-03-04T06:00:00+00:00,103.0835,103.4255,102.7615,103.33
2025-03-04T10:00:00+00:00,103.3295,103.3295,102.5765,102.584
2025-03-04T14:00:00+00:00,102.583,102.952,102.198,102.3875
2025-03-04T18:00:00+00:00,102.3895,104.218,102.357,104.0815
2025-03-04T22:00:00+00:00,104.0095,104.288,103.744,103.9485
2025-03-05T02:00:00+00:00,103.9445,104.0255,103.626,103.813
2025-03-05T06:00:00+00:00,103.8105,104.0425,103.6205,103.8635
2025-03-05T10:00:00+00:00,103.867,104.0315,103.487,103.6265
2025-03-05T14:00:00+00:00,103.627,103.951,103.0245,103.692
2025-03-05T18:00:00+00:00,103.6925,103.9605,103.4875,103.837
2025-03-05T22:00:00+00:00,103.8355,104.1505,103.7605,104.098
2025-03-06T02:00:00+00:00,104.099,104.239,103.885,103.8915
2025-03-06T06:00:00+00:00,103.8915,103.924,102.9675,103.0935
2025-03-06T10:00:00+00:00,103.094,103.1895,102.6015,102.6455
2025-03-06T14:00:00+00:00,102.647,104.174,102.5855,103.423
2025-03-06T18:00:00+00:00,103.4215,103.5705,103.0935,103.517
2025-03-06T22:00:00+00:00,103.5195,103.6615,103.2875,103.4245
2025-03-07T02:00:00+00:00,103.4255,103.4795,103.026,103.029
2025-03-07T06:00:00+00:00,103.0295,103.3835,102.976,103.111
2025-03-07T10:00:00+00:00,103.112,103.24,102.4155,102.451
2025-03-07T14:00:00+00:00,102.451,103.0195,101.919,102.487
2025-03-07T18:00:00+00:00,102.4915,103.1415,102.477,103.014
2025-03-09T21:00:00+00:00,102.9915,103.0235,102.5035,102.552
2025-03-10T01:00:00+00:00,102.5495,102.8625,102.42,102.767
2025-03-10T05:00:00+00:00,102.7655,102.8975,102.3255,102.358
2025-03-10T09:00:00+00:00,102.357,102.6495,101.8005,101.9715
2025-03-10T13:00:00+00:00,101.9685,102.1835,101.6825,102.03
2025-03-10T17:00:00+00:00,102.0325,102.108,101.6355,101.9905
2025-03-10T21:00:00+00:00,102.006,102.0795,101.4985,101.703
2025-03-11T01:00:00+00:00,101.7015,102.099,101.525,101.8755
2025-03-11T05:00:00+00:00,101.8755,102.216,101.7825,102.176
2025-03-11T09:00:00+00:00,102.174,102.653,102.0935,102.5285
2025-03-11T13:00:00+00:00,102.5285,102.785,101.4495,101.703
2025-03-11T17:00:00+00:00,101.7015,102.7995,101.3785,102.3775
2025-03-11T21:00:00+00:00,102.377,102.679,102.298,102.666
2025-03-12T01:00:00+00:00,102.667,102.683,102.4045,102.532
2025-03-12T05:00:00+00:00,102.531,102.874,102.386,102.7715
2025-03-12T09:00:00+00:00,102.773,103.642,102.7485,103.59
2025-03-12T13:00:00+00:00,103.5895,103.607,102.8635,103.06
2025-03-12T17:00:00+00:00,103.059,103.4055,102.9615,103.1675
2025-03-12T21:00:00+00:00,103.1695,103.3015,103.1125,103.136
2025-03-13T01:00:00+00:00,103.135,103.223,102.7135,102.7715
2025-03-13T05:00:00+00:00,102.7705,102.828,102.4915,102.821
2025-03-13T09:00:00+00:00,102.8185,103.164,102.7235,102.949
2025-03-13T13:00:00+00:00,102.948,103.096,102.298,102.353
2025-03-13T17:00:00+00:00,102.3555,102.495,102.044,102.377
2025-03-13T21:00:00+00:00,102.383,102.807,102.267,102.7605
2025-03-14T01:00:00+00:00,102.761,102.9375,102.638,102.916
2025-03-14T05:00:00+00:00,102.917,103.312,102.868,103.295
2025-03-14T09:00:00+00:00,103.296,103.365,102.996,103.1755
2025-03-14T13:00:00+00:00,103.174,103.56,103.016,103.218
2025-03-14T17:00:00+00:00,103.212,103.536,103.184,103.444
2025-03-16T21:00:00+00:00,103.4975,103.6095,103.2875,103.5485
2025-03-17T01:00:00+00:00,103.548,103.694,103.324,103.6925
2025-03-17T05:00:00+00:00,103.693,103.7465,103.505,103.6925
2025-03-17T09:00:00+00:00,103.6925,103.8615,103.3575,103.787
2025-03-17T13:00:00+00:00,103.7855,104.2095,103.7005,104.06
2025-03-17T17:00:00+00:00,104.061,104.526,104.049,104.416
2025-03-17T21:00:00+00:00,104.444,104.58,104.3525,104.5685
2025-03-18T01:00:00+00:00,104.5705,104.6935,104.4945,104.577
2025-03-18T05:00:00+00:00,104.576,104.9895,104.5395,104.893
2025-03-18T09:00:00+00:00,104.894,105.045,104.652,104.8645
2025-03-18T13:00:00+00:00,104.8655,105.031,104.261,104.429
2025-03-18T17:00:00+00:00,104.428,104.5035,104.175,104.416
2025-03-18T21:00:00+00:00,104.4405,104.6785,104.3305,104.6535
2025-03-19T01:00:00+00:00,104.6565,104.6615,104.322,104.512
2025-03-19T05:00:00+00:00,104.5155,104.821,104.099,104.4935
2025-03-19T09:00:00+00:00,104.493,104.694,104.4195,104.601
2025-03-19T13:00:00+00:00,104.5975,104.9295,104.564,104.6435
2025-03-19T17:00:00+00:00,104.643,104.659,103.7345,103.8075
2025-03-19T21:00:00+00:00,103.808,103.967,103.53,103.5565
2025-03-20T01:00:00+00:00,103.556,103.6475,103.425,103.571
2025-03-20T05:00:00+00:00,103.5705,103.677,103.3765,103.498
2025-03-20T09:00:00+00:00,103.4975,103.575,103.1715,103.286
2025-03-20T13:00:00+00:00,103.2865,104.0465,103.1545,103.797
2025-03-20T17:00:00+00:00,103.7965,103.991,103.7955,103.874
2025-03-20T21:00:00+00:00,103.881,104.0725,103.7365,104.0425
2025-03-21T01:00:00+00:00,104.0435,104.3145,103.983,104.2545
2025-03-21T05:00:00+00:00,104.255,104.502,104.1325,104.321
2025-03-21T09:00:00+00:00,104.323,104.329,103.5525,103.5535
2025-03-21T13:00:00+00:00,103.552,104.0915,103.481,104.072
2025-03-21T17:00:00+00:00,104.073,104.176,103.964,104.054
2025-03-23T21:00:00+00:00,104.06,104.5105,104.03,104.4865
2025-03-24T01:00:00+00:00,104.485,104.5725,104.354,104.413
2025-03-24T05:00:00+00:00,104.414,104.5855,104.285,104.386
2025-03-24T09:00:00+00:00,104.386,104.614,104.3145,104.517
2025-03-24T13:00:00+00:00,104.516,105.5,104.419,105.176
2025-03-24T17:00:00+00:00,105.177,105.325,105.059,105.276
2025-03-24T21:00:00+00:00,105.28,105.4035,105.1915,105.399
2025-03-25T01:00:00+00:00,105.399,105.4135,105.1045,105.1125
2025-03-25T05:00:00+00:00,105.112,105.274,105.015,105.1545
2025-03-25T09:00:00+00:00,105.152,105.2095,104.898,105.0175
2025-03-25T13:00:00+00:00,105.0185,105.0225,104.5345,104.741
2025-03-25T17:00:00+00:00,104.7425,105.0375,104.6705,105.0115
2025-03-25T21:00:00+00:00,105.012,105.151,104.931,105.119
2025-03-26T01:00:00+00:00,105.1185,105.4675,105.005,105.466
2025-03-26T05:00:00+00:00,105.466,105.653,105.283,105.342
2025-03-26T09:00:00+00:00,105.3435,105.4795,105.2415,105.413
2025-03-26T13:00:00+00:00,105.4125,105.8645,105.3755,105.553
2025-03-26T17:00:00+00:00,105.551,105.6435,105.1535,105.553
2025-03-26T21:00:00+00:00,105.5635,105.6235,105.0275,105.3415
2025-03-27T01:00:00+00:00,105.3425,105.3505,105.1135,105.302
2025-03-27T05:00:00+00:00,105.303,105.4725,105.1775,105.4695
2025-03-27T09:00:00+00:00,105.47,105.8225,105.433,105.4425
2025-03-27T13:00:00+00:00,105.442,105.625,105.12,105.502
2025-03-27T17:00:00+00:00,105.504,105.712,105.4655,105.6055
2025-03-27T21:00:00+00:00,105.606,105.6505,105.368,105.4965
2025-03-28T01:00:00+00:00,105.4955,105.5065,105.288,105.4125
2025-03-28T05:00:00+00:00,105.4135,105.4485,104.9395,105.117
2025-03-28T09:00:00+00:00,105.118,105.4285,105.088,105.266
2025-03-28T13:00:00+00:00,105.2675,105.452,104.6915,105.009
2025-03-28T17:00:00+00:00,105.008,105.027,104.53,104.678
2025-03-30T22:00:00+01:00,104.7135,104.774,104.152,104.347
2025-03-31T02:00:00+01:00,104.351,104.442,103.887,104.1435
2025-03-31T06:00:00+01:00,104.1445,104.2775,103.7415,103.8915
2025-03-31T10:00:00+01:00,103.8895,104.121,103.8335,104.0495
2025-03-31T14:00:00+01:00,104.046,104.4115,103.848,104.2755
2025-03-31T18:00:00+01:00,104.2745,104.52,104.1825,104.235
2025-03-31T22:00:00+01:00,104.2315,104.3155,104.0005,104.0515
2025-04-01T02:00:00+01:00,104.0505,104.2365,103.9295,104.0535
2025-04-01T06:00:00+01:00,104.057,104.2765,103.8405,104.0715
2025-04-01T10:00:00+01:00,104.0735,104.195,103.545,103.78
2025-04-01T14:00:00+01:00,103.7805,104.602,103.4955,104.41
2025-04-01T18:00:00+01:00,104.411,104.641,104.0825,104.612
2025-04-01T22:00:00+01:00,104.612,104.8765,104.5665,104.7235
2025-04-02T02:00:00+01:00,104.722,104.851,104.688,104.7875
2025-04-02T06:00:00+01:00,104.7875,104.9145,104.5155,104.6365
2025-04-02T10:00:00+01:00,104.635,104.6585,104.051,104.1705
2025-04-02T14:00:00+01:00,104.17,104.9325,104.129,104.884
2025-04-02T18:00:00+01:00,104.8825,105.458,104.029,104.932
2025-04-02T22:00:00+01:00,104.8435,104.956,103.569,103.7645
2025-04-03T02:00:00+01:00,103.7655,103.94,103.3005,103.522
2025-04-03T06:00:00+01:00,103.5215,104.1665,103.347,103.9085
2025-04-03T10:00:00+01:00,103.909,103.9455,103.372,103.616
2025-04-03T14:00:00+01:00,103.6155,104.2455,103.404,103.9565
2025-04-03T18:00:00+01:00,103.958,104.08,103.5475,103.6325
2025-04-03T22:00:00+01:00,103.636,104.0195,103.3095,103.789
2025-04-04T02:00:00+01:00,103.789,104.109,103.0825,103.133
2025-04-04T06:00:00+01:00,103.1335,103.6245,103.0605,103.6065
2025-04-04T10:00:00+01:00,103.607,103.624,101.878,102.48
2025-04-04T14:00:00+01:00,102.4845,103.3195,101.972,103.2465
2025-04-04T18:00:00+01:00,103.2485,103.732,102.958,103.32
2025-04-06T22:00:00+01:00,102.043,102.488,101.629,102.4725
2025-04-07T02:00:00+01:00,102.475,103.0795,102.4485,102.622
2025-04-07T06:00:00+01:00,102.6225,103.0105,101.8675,102.6165
2025-04-07T10:00:00+01:00,102.616,103.205,102.23,103.1725
2025-04-07T14:00:00+01:00,103.1735,104.3175,102.714,103.978
2025-04-07T18:00:00+01:00,103.9785,104.374,103.722,103.7685
2025-04-07T22:00:00+01:00,103.775,104.0355,103.643,103.8375
2025-04-08T02:00:00+01:00,103.8385,104.327,103.713,104.327
2025-04-08T06:00:00+01:00,104.324,104.3465,103.6275,103.985
2025-04-08T10:00:00+01:00,103.9835,103.999,103.3965,103.667
2025-04-08T14:00:00+01:00,103.664,104.334,103.163,103.1775
2025-04-08T18:00:00+01:00,103.176,103.3205,102.369,102.5495
2025-04-08T22:00:00+01:00,102.534,102.6795,101.8315,102.097
2025-04-09T02:00:00+01:00,102.099,102.6275,101.6315,101.928
2025-04-09T06:00:00+01:00,101.93,102.6525,101.8405,102.2995
2025-04-09T10:00:00+01:00,102.3015,102.554,101.678,101.83
2025-04-09T14:00:00+01:00,101.8295,102.67,101.63,102.23
2025-04-09T18:00:00+01:00,102.2285,105.085,101.975,104.952
2025-04-09T22:00:00+01:00,104.846,104.9425,104.0415,104.0725
2025-04-10T02:00:00+01:00,104.072,104.3325,103.9695,104.2045
2025-04-10T06:00:00+01:00,104.2075,104.621,103.7425,103.956
2025-04-10T10:00:00+01:00,103.954,104.021,103.1185,103.373
2025-04-10T14:00:00+01:00,103.372,103.4495,102.8515,103.258
2025-04-10T18:00:00+01:00,103.253,103.823,103.1995,103.32
2025-04-10T22:00:00+01:00,103.3205,103.507,102.645,102.7765
2025-04-11T02:00:00+01:00,102.777,103.1715,102.321,102.3525
2025-04-11T06:00:00+01:00,102.352,103.151,102.2485,102.4305
2025-04-11T10:00:00+01:00,102.43,103.193,102.3655,102.8605
2025-04-11T14:00:00+01:00,102.8605,103.5345,102.608,103.4185
2025-04-11T18:00:00+01:00,103.4215,103.7595,103.3285,103.502
2025-04-13T22:00:00+01:00,103.8665,103.977,103.0105,103.0165
2025-04-14T02:00:00+01:00,103.0165,103.3385,102.661,103.173
2025-04-14T06:00:00+01:00,103.1735,103.462,102.766,103.2705
2025-04-14T10:00:00+01:00,103.27,103.5285,103.162,103.499
2025-04-14T14:00:00+01:00,103.4965,103.6705,102.7295,103.0105
2025-04-14T18:00:00+01:00,103.0115,103.2065,102.811,103.085
2025-04-14T22:00:00+01:00,103.131,103.358,102.909,103.29
2025-04-15T02:00:00+01:00,103.2865,103.387,103.0555,103.245
2025-04-15T06:00:00+01:00,103.246,103.5125,102.952,103.1415
2025-04-15T10:00:00+01:00,103.143,103.217,102.488,102.7885
2025-04-15T14:00:00+01:00,102.792,103.1675,102.428,102.437
2025-04-15T18:00:00+01:00,102.4345,102.6475,102.391,102.628
2025-04-15T22:00:00+01:00,102.642,102.698,102.325,102.41
2025-04-16T02:00:00+01:00,102.411,102.5015,102.194,102.328
2025-04-16T06:00:00+01:00,102.329,102.746,102.03,102.496
2025-04-16T10:00:00+01:00,102.498,102.725,102.27,102.482
2025-04-16T14:00:00+01:00,102.4815,102.916,102.29,102.71
2025-04-16T18:00:00+01:00,102.7115,102.833,102.0975,102.362
2025-04-16T22:00:00+01:00,102.323,102.854,102.179,102.8145
2025-04-17T02:00:00+01:00,102.8145,102.94,102.652,102.7085
2025-04-17T06:00:00+01:00,102.708,103.1235,102.6075,102.816
2025-04-17T10:00:00+01:00,102.8155,102.906,102.5025,102.589
2025-04-17T14:00:00+01:00,102.5865,102.9855,102.3835,102.9
2025-04-17T18:00:00+01:00,102.895,103.1625,102.8155,102.9625
2025-04-17T22:00:00+01:00,102.8565,103.0155,102.6795,102.8555
2025-04-18T02:00:00+01:00,102.8485,102.8815,102.636,102.682
2025-04-18T06:00:00+01:00,102.6825,102.843,102.648,102.7145
2025-04-18T10:00:00+01:00,102.714,102.8315,102.605,102.703
2025-04-18T14:00:00+01:00,102.7095,102.8065,102.5895,102.675
2025-04-18T18:00:00+01:00,102.676,102.7895,102.599,102.651
2025-04-20T22:00:00+01:00,102.5715,102.789,102.1485,102.1735
2025-04-21T02:00:00+01:00,102.174,102.1825,101.8715,102.0285
2025-04-21T06:00:00+01:00,102.03,102.117,101.8495,101.9225
2025-04-21T10:00:00+01:00,101.9235,102.175,101.8895,102.072
2025-04-21T14:00:00+01:00,102.07,102.15,101.7475,101.776
2025-04-21T18:00:00+01:00,101.7755,101.9085,101.5395,101.79
2025-04-21T22:00:00+01:00,101.723,102.0635,101.663,101.79
2025-04-22T02:00:00+01:00,101.7915,101.9285,101.4335,101.5625
2025-04-22T06:00:00+01:00,101.563,101.7775,101.366,101.6965
2025-04-22T10:00:00+01:00,101.6985,101.7435,101.2585,101.496
2025-04-22T14:00:00+01:00,101.4935,102.393,101.4735,102.345
2025-04-22T18:00:00+01:00,102.346,102.549,102.077,102.53
2025-04-22T22:00:00+01:00,102.4215,103.396,102.363,102.7545
2025-04-23T02:00:00+01:00,102.743,102.865,102.4775,102.6245
2025-04-23T06:00:00+01:00,102.6225,102.7475,102.421,102.63
2025-04-23T10:00:00+01:00,102.6305,102.8415,102.377,102.535
2025-04-23T14:00:00+01:00,102.536,103.115,102.4395,102.943
2025-04-23T18:00:00+01:00,102.943,103.421,102.871,103.3435
2025-04-23T22:00:00+01:00,103.343,103.38,103.014,103.0775
2025-04-24T02:00:00+01:00,103.0825,103.1515,102.822,102.9565
2025-04-24T06:00:00+01:00,102.9575,103.097,102.9065,103.0015
2025-04-24T10:00:00+01:00,103.0005,103.0625,102.6565,102.755
2025-04-24T14:00:00+01:00,102.7545,102.8475,102.5625,102.7935
2025-04-24T18:00:00+01:00,102.794,103.052,102.772,102.984
2025-04-24T22:00:00+01:00,102.937,103.265,102.9,103.201
2025-04-25T02:00:00+01:00,103.2,103.6605,103.0285,103.5125
2025-04-25T06:00:00+01:00,103.5155,103.6725,103.192,103.283
2025-04-25T10:00:00+01:00,103.2855,103.505,103.1605,103.391
2025-04-25T14:00:00+01:00,103.393,103.9575,103.364,103.769
2025-04-25T18:00:00+01:00,103.7685,103.823,103.4005,103.734
2025-04-27T22:00:00+01:00,103.5675,103.813,103.42,103.4315
2025-04-28T02:00:00+01:00,103.4335,103.627,103.345,103.375
2025-04-28T06:00:00+01:00,103.3765,103.6835,103.357,103.3945
2025-04-28T10:00:00+01:00,103.3895,103.476,103.3,103.364
2025-04-28T14:00:00+01:00,103.3655,103.4615,102.757,102.8
2025-04-28T18:00:00+01:00,102.7995,102.8425,102.603,102.6935
2025-04-28T22:00:00+01:00,102.7055,102.9105,102.655,102.8055
2025-04-29T02:00:00+01:00,102.808,103.014,102.704,102.817
2025-04-29T06:00:00+01:00,102.816,103.1235,102.6595,103.1105
2025-04-29T10:00:00+01:00,103.111,103.145,102.867,102.882
2025-04-29T14:00:00+01:00,102.88,102.8805,102.51,102.535
2025-04-29T18:00:00+01:00,102.533,103.015,102.5035,102.9175
2025-04-29T22:00:00+01:00,102.8595,103.019,102.7405,102.9865
2025-04-30T02:00:00+01:00,102.9835,103.0435,102.8305,103.0255
2025-04-30T06:00:00+01:00,103.0265,103.288,103.0045,103.238
2025-04-30T10:00:00+01:00,103.2375,103.478,103.0735,103.125
2025-04-30T14:00:00+01:00,103.1255,103.5045,103.0385,103.3175
2025-04-30T18:00:00+01:00,103.3165,103.8405,103.2615,103.6845
2025-04-30T22:00:00+01:00,103.6925,103.7795,103.624,103.741
2025-05-01T02:00:00+01:00,103.741,104.3445,103.7325,104.3275
2025-05-01T06:00:00+01:00,104.3275,104.8595,104.3225,104.415
2025-05-01T10:00:00+01:00,104.4155,104.814,104.357,104.738
2025-05-01T14:00:00+01:00,104.737,105.197,104.6465,104.977
2025-05-01T18:00:00+01:00,104.9775,105.2815,104.9445,104.9685
2025-05-01T22:00:00+01:00,105.046,105.412,104.8705,105.407
2025-05-02T02:00:00+01:00,105.4075,105.4125,105.055,105.2035
2025-05-02T06:00:00+01:00,105.204,105.231,104.723,104.735
2025-05-02T10:00:00+01:00,104.7365,104.8195,104.416,104.643
2025-05-02T14:00:00+01:00,104.642,105.0195,104.2655,104.9155
2025-05-02T18:00:00+01:00,104.915,105.0665,104.794,104.924
2025-05-04T22:00:00+01:00,104.836,105.012,104.598,104.672
2025-05-05T02:00:00+01:00,104.671,104.6725,104.41,104.482
2025-05-05T06:00:00+01:00,104.481,104.558,104.256,104.3195
2025-05-05T10:00:00+01:00,104.318,104.369,103.9815,104.0035
2025-05-05T14:00:00+01:00,104.004,104.4165,103.926,104.386
2025-05-05T18:00:00+01:00,104.385,104.3915,103.9345,103.947
2025-05-05T22:00:00+01:00,103.954,104.0755,103.876,104.062
2025-05-06T02:00:00+01:00,104.0625,104.219,103.8795,104.0295
2025-05-06T06:00:00+01:00,104.029,104.108,103.4465,103.5745
2025-05-06T10:00:00+01:00,103.575,103.6555,103.253,103.2675
2025-05-06T14:00:00+01:00,103.266,103.8285,103.261,103.6435
2025-05-06T18:00:00+01:00,103.644,103.674,103.338,103.389
2025-05-06T22:00:00+01:00,103.4065,104.049,103.3205,103.8015
2025-05-07T02:00:00+01:00,103.803,103.8985,103.646,103.864
2025-05-07T06:00:00+01:00,103.8645,104.068,103.598,103.909
2025-05-07T10:00:00+01:00,103.9085,104.0035,103.778,103.872
2025-05-07T14:00:00+01:00,103.873,104.206,103.78,104.036
2025-05-07T18:00:00+01:00,104.035,104.1425,103.579,103.9265
2025-05-07T22:00:00+01:00,103.9375,104.0795,103.8445,104.0625
2025-05-08T02:00:00+01:00,104.067,104.0925,103.83,103.979
2025-05-08T06:00:00+01:00,103.9805,104.476,103.9065,104.4505
2025-05-08T10:00:00+01:00,104.4515,104.4745,104.084,104.189
2025-05-08T14:00:00+01:00,104.1865,104.726,104.0775,104.6975
2025-05-08T18:00:00+01:00,104.6965,104.965,104.6145,104.8325
2025-05-08T22:00:00+01:00,104.7645,104.952,104.6015,104.6255
2025-05-09T02:00:00+01:00,104.632,104.7305,104.5095,104.5545
2025-05-09T06:00:00+01:00,104.552,104.6045,104.255,104.3655
2025-05-09T10:00:00+01:00,104.3665,104.4815,104.174,104.3845
2025-05-09T14:00:00+01:00,104.3855,104.4575,103.9885,104.2625
2025-05-09T18:00:00+01:00,104.262,104.3625,104.236,104.3165
2025-05-11T22:00:00+01:00,105.234,105.234,104.6455,104.698
2025-05-12T02:00:00+01:00,104.6985,104.9555,104.565,104.794
2025-05-12T06:00:00+01:00,104.7945,106.0575,104.768,105.867
2025-05-12T10:00:00+01:00,105.8665,106.2555,105.6925,105.776
2025-05-12T14:00:00+01:00,105.7755,106.074,105.6755,106.0505
2025-05-12T18:00:00+01:00,106.05,106.2615,105.9745,106.244
2025-05-12T22:00:00+01:00,106.248,106.2565,105.704,105.7185
2025-05-13T02:00:00+01:00,105.718,105.94,105.695,105.807
2025-05-13T06:00:00+01:00,105.806,105.9755,105.6645,105.746
2025-05-13T10:00:00+01:00,105.747,105.957,105.7065,105.868
2025-05-13T14:00:00+01:00,105.8665,105.8815,105.468,105.777
2025-05-13T18:00:00+01:00,105.7765,105.914,105.761,105.838
2025-05-13T22:00:00+01:00,105.8365,105.956,105.7045,105.7745
2025-05-14T02:00:00+01:00,105.7755,105.7835,105.502,105.5165
2025-05-14T06:00:00+01:00,105.516,105.688,105.0585,105.1235
2025-05-14T10:00:00+01:00,105.121,105.1795,104.7085,104.841
2025-05-14T14:00:00+01:00,104.8395,105.2205,104.49,104.99
2025-05-14T18:00:00+01:00,104.992,105.119,104.845,104.9535
2025-05-14T22:00:00+01:00,105.0055,105.061,104.637,104.6665
2025-05-15T02:00:00+01:00,104.6635,104.797,104.526,104.5825
2025-05-15T06:00:00+01:00,104.581,104.602,104.1435,104.2485
2025-05-15T10:00:00+01:00,104.248,104.5225,104.174,104.2835
2025-05-15T14:00:00+01:00,104.282,104.3175,103.951,104.118
2025-05-15T18:00:00+01:00,104.1185,104.3955,104.1015,104.3675
2025-05-15T22:00:00+01:00,104.3625,104.442,103.9135,103.9845
2025-05-16T02:00:00+01:00,103.985,104.2965,103.8975,104.2125
2025-05-16T06:00:00+01:00,104.2125,104.284,103.8855,104.131
2025-05-16T10:00:00+01:00,104.1305,104.322,104.1005,104.2435
2025-05-16T14:00:00+01:00,104.245,104.5055,104.1925,104.347
2025-05-16T18:00:00+01:00,104.348,104.501,104.2225,104.2795
2025-05-18T22:00:00+01:00,104.0155,104.231,103.7975,103.818
2025-05-19T02:00:00+01:00,103.819,104.0385,103.7435,104.014
2025-05-19T06:00:00+01:00,104.015,104.02,103.69,103.841
2025-05-19T10:00:00+01:00,103.841,104.025,103.75,104.018
2025-05-19T14:00:00+01:00,104.0185,104.1345,103.8915,103.936
2025-05-19T18:00:00+01:00,103.9355,103.973,103.7625,103.838
2025-05-19T22:00:00+01:00,103.837,104.212,103.7855,104.0515
2025-05-20T02:00:00+01:00,104.0475,104.049,103.6535,103.6745
2025-05-20T06:00:00+01:00,103.6755,103.7025,103.394,103.638
2025-05-20T10:00:00+01:00,103.6385,104.023,103.59,103.9875
2025-05-20T14:00:00+01:00,103.9885,104.0985,103.62,103.964
2025-05-20T18:00:00+01:00,103.964,104.0505,103.716,103.8415
2025-05-20T22:00:00+01:00,103.8435,103.951,103.6375,103.706
2025-05-21T02:00:00+01:00,103.706,103.785,103.4355,103.4915
2025-05-21T06:00:00+01:00,103.4925,103.792,103.356,103.7315
2025-05-21T10:00:00+01:00,103.7275,103.804,103.4175,103.5945
2025-05-21T14:00:00+01:00,103.5965,104.0055,103.5405,103.9625
2025-05-21T18:00:00+01:00,103.9615,103.986,103.5685,103.6805
2025-05-21T22:00:00+01:00,103.6725,104.125,103.4145,103.544
2025-05-22T02:00:00+01:00,103.5465,103.6485,103.3785,103.505
2025-05-22T06:00:00+01:00,103.5055,103.5605,103.133,103.2805
2025-05-22T10:00:00+01:00,103.2815,103.645,103.2575,103.4575
2025-05-22T14:00:00+01:00,103.458,104.012,103.402,103.8795
2025-05-22T18:00:00+01:00,103.8785,104.078,103.8275,103.9515
2025-05-22T22:00:00+01:00,103.9525,104.0905,103.7495,103.8675
2025-05-23T02:00:00+01:00,103.8645,103.936,103.6735,103.7545
2025-05-23T06:00:00+01:00,103.7535,103.817,103.67,103.7225
2025-05-23T10:00:00+01:00,103.725,103.8565,103.008,103.3585
2025-05-23T14:00:00+01:00,103.3575,103.8855,103.296,103.8555
2025-05-23T18:00:00+01:00,103.8575,103.9495,103.789,103.824
2025-05-25T22:00:00+01:00,103.8115,104.234,103.715,103.924
2025-05-26T02:00:00+01:00,103.9215,104.107,103.8655,104.0275
2025-05-26T06:00:00+01:00,104.0255,104.302,103.991,104.1995
2025-05-26T10:00:00+01:00,104.199,104.2685,104.108,104.171
2025-05-26T14:00:00+01:00,104.1725,104.188,103.9245,103.927
2025-05-26T18:00:00+01:00,103.9295,104.012,103.906,103.998
2025-05-26T22:00:00+01:00,104.0005,104.082,103.653,103.6785
2025-05-27T02:00:00+01:00,103.6775,103.9485,103.5335,103.9435
2025-05-27T06:00:00+01:00,103.943,104.539,103.943,104.5385
2025-05-27T10:00:00+01:00,104.5405,104.777,104.4835,104.6485
2025-05-27T14:00:00+01:00,104.6475,104.9815,104.551,104.8
2025-05-27T18:00:00+01:00,104.798,104.798,104.3135,104.5135
2025-05-27T22:00:00+01:00,104.5175,104.5755,104.2185,104.4035
2025-05-28T02:00:00+01:00,104.4035,104.757,104.339,104.4015
2025-05-28T06:00:00+01:00,104.4025,104.621,104.215,104.2485
2025-05-28T10:00:00+01:00,104.249,104.5075,104.2115,104.435
2025-05-28T14:00:00+01:00,104.434,104.9845,104.4325,104.847
2025-05-28T18:00:00+01:00,104.8465,104.8815,104.643,104.666
2025-05-28T22:00:00+01:00,104.688,105.4675,104.6465,105.466
2025-05-29T02:00:00+01:00,105.467,105.5765,105.182,105.299
2025-05-29T06:00:00+01:00,105.2975,105.4665,105.0155,105.034
2025-05-29T10:00:00+01:00,105.0345,105.111,104.676,104.7055
2025-05-29T14:00:00+01:00,104.7065,104.7725,104.318,104.434
2025-05-29T18:00:00+01:00,104.4305,104.497,104.32,104.467
2025-05-29T22:00:00+01:00,104.4635,104.5145,104.0185,104.1095
2025-05-30T02:00:00+01:00,104.109,104.1905,103.9025,104.0335
2025-05-30T06:00:00+01:00,104.0355,104.327,104.0345,104.254
2025-05-30T10:00:00+01:00,104.2555,104.3755,103.8735,104.1995
2025-05-30T14:00:00+01:00,104.198,105.0455,104.1875,104.607
2025-05-30T18:00:00+01:00,104.606,104.9565,104.563,104.856
2025-06-01T22:00:00+01:00,104.704,104.8825,104.6005,104.6415
2025-06-02T02:00:00+01:00,104.641,104.7225,104.53,104.6055
2025-06-02T06:00:00+01:00,104.6045,104.647,104.3265,104.3715
2025-06-02T10:00:00+01:00,104.3705,104.416,104.055,104.2905
2025-06-02T14:00:00+01:00,104.291,104.425,104.04,104.251
2025-06-02T18:00:00+01:00,104.2515,104.2695,104.017,104.069
2025-06-02T22:00:00+01:00,104.068,104.1265,103.837,104.0185
2025-06-03T02:00:00+01:00,104.017,104.3715,104.014,104.095
2025-06-03T06:00:00+01:00,104.0955,104.195,103.871,104.008
2025-06-03T10:00:00+01:00,104.01,104.4875,103.9825,104.4635
2025-06-03T14:00:00+01:00,104.4625,104.9925,104.418,104.9065
2025-06-03T18:00:00+01:00,104.9045,105.0365,104.81,104.9495
2025-06-03T22:00:00+01:00,104.939,105.025,104.817,105.0055
2025-06-04T02:00:00+01:00,105.005,105.1705,104.8135,105.127
2025-06-04T06:00:00+01:00,105.1265,105.1945,104.836,104.9685
2025-06-04T10:00:00+01:00,104.967,105.304,104.71,104.79
2025-06-04T14:00:00+01:00,104.7895,104.9925,104.417,104.4615
2025-06-04T18:00:00+01:00,104.4625,104.5565,104.337,104.3805
2025-06-04T22:00:00+01:00,104.392,104.4855,104.263,104.3615
2025-06-05T02:00:00+01:00,104.3655,104.609,104.2955,104.581
2025-06-05T06:00:00+01:00,104.581,104.9255,104.5655,104.871
2025-06-05T10:00:00+01:00,104.871,105.237,104.601,105.0085
2025-06-05T14:00:00+01:00,105.006,105.3515,104.7595,105.037
2025-06-05T18:00:00+01:00,105.0355,105.317,104.973,104.9845
2025-06-05T22:00:00+01:00,105.033,105.198,104.877,105.1785
2025-06-06T02:00:00+01:00,105.1815,105.3195,105.1215,105.293
2025-06-06T06:00:00+01:00,105.2915,105.4515,105.2385,105.304
2025-06-06T10:00:00+01:00,105.3035,105.7455,105.278,105.713
2025-06-06T14:00:00+01:00,105.712,106.015,105.667,105.8245
2025-06-06T18:00:00+01:00,105.8235,105.84,105.6765,105.752
2025-06-08T22:00:00+01:00,105.7775,105.8625,105.6,105.858
2025-06-09T02:00:00+01:00,105.8535,105.861,105.4885,105.514
2025-06-09T06:00:00+01:00,105.5145,105.6005,105.3,105.398
2025-06-09T10:00:00+01:00,105.399,105.7155,105.282,105.6675
2025-06-09T14:00:00+01:00,105.666,105.76,105.46,105.6025
2025-06-09T18:00:00+01:00,105.604,105.7105,105.506,105.536
2025-06-09T22:00:00+01:00,105.5725,105.616,105.4375,105.505
2025-06-10T02:00:00+01:00,105.503,105.9545,105.4655,105.746
2025-06-10T06:00:00+01:00,105.747,105.75,105.33,105.533
2025-06-10T10:00:00+01:00,105.534,105.6685,105.5125,105.6515
2025-06-10T14:00:00+01:00,105.6535,106.0325,105.545,105.952
2025-06-10T18:00:00+01:00,105.95,106.0335,105.8085,105.9855
2025-06-10T22:00:00+01:00,105.981,106.1885,105.838,106.002
2025-06-11T02:00:00+01:00,106.004,106.115,105.881,106.016
2025-06-11T06:00:00+01:00,106.017,106.1855,105.991,106.031
2025-06-11T10:00:00+01:00,106.0325,106.3125,105.733,105.932
2025-06-11T14:00:00+01:00,105.931,106.1915,105.691,105.9035
2025-06-11T18:00:00+01:00,105.9035,105.94,105.5845,105.74
2025-06-11T22:00:00+01:00,105.7365,105.7655,105.3745,105.431
2025-06-12T02:00:00+01:00,105.4305,105.48,105.202,105.422
2025-06-12T06:00:00+01:00,105.423,105.4825,105.2135,105.31
2025-06-12T10:00:00+01:00,105.311,105.47,105.1325,105.2315
2025-06-12T14:00:00+01:00,105.231,105.7345,105.1825,105.555
2025-06-12T18:00:00+01:00,105.55,105.6135,105.4325,105.483
2025-06-12T22:00:00+01:00,105.4825,105.634,104.8,104.9735
2025-06-13T02:00:00+01:00,104.9755,105.4295,104.8235,105.2515
2025-06-13T06:00:00+01:00,105.2525,105.6745,105.1445,105.612
2025-06-13T10:00:00+01:00,105.6125,106.001,105.574,105.9795
2025-06-13T14:00:00+01:00,105.9805,106.15,105.7645,106.0235
2025-06-13T18:00:00+01:00,106.0225,106.1535,105.8065,106.116
2025-06-15T22:00:00+01:00,105.981,106.4985,105.8735,106.2335
2025-06-16T02:00:00+01:00,106.2395,106.266,106.079,106.097
2025-06-16T06:00:00+01:00,106.098,106.348,106.006,106.2985
2025-06-16T10:00:00+01:00,106.2965,106.377,106.096,106.275
2025-06-16T14:00:00+01:00,106.274,106.437,106.0265,106.3665
2025-06-16T18:00:00+01:00,106.3655,106.7405,106.35,106.6575
2025-06-16T22:00:00+01:00,106.6775,106.891,106.5415,106.8635
2025-06-17T02:00:00+01:00,106.862,106.862,106.4045,106.54
2025-06-17T06:00:00+01:00,106.5395,106.8075,106.445,106.7955
2025-06-17T10:00:00+01:00,106.7965,106.8515,106.4965,106.6585
2025-06-17T14:00:00+01:00,106.6545,106.875,106.5555,106.6855
2025-06-17T18:00:00+01:00,106.6845,106.7285,106.089,106.2255
2025-06-17T22:00:00+01:00,106.26,106.3985,106.106,106.257
2025-06-18T02:00:00+01:00,106.26,106.2885,106.0625,106.176
2025-06-18T06:00:00+01:00,106.177,106.2105,106.0595,106.077
2025-06-18T10:00:00+01:00,106.0775,106.2485,105.9435,106.167
2025-06-18T14:00:00+01:00,106.1685,106.19,105.63,105.79
2025-06-18T18:00:00+01:00,105.789,106.0405,105.687,105.974
2025-06-18T22:00:00+01:00,106.0045,106.077,105.751,105.7655
2025-06-19T02:00:00+01:00,105.765,105.9115,105.6135,105.826
2025-06-19T06:00:00+01:00,105.8265,106.038,105.7705,105.9955
2025-06-19T10:00:00+01:00,105.997,106.3355,105.9845,106.111
2025-06-19T14:00:00+01:00,106.109,106.148,105.889,106.1315
2025-06-19T18:00:00+01:00,106.132,106.1985,106.051,106.1865
2025-06-19T22:00:00+01:00,106.1145,106.255,105.994,106.096
2025-06-20T02:00:00+01:00,106.097,106.206,106.03,106.175
2025-06-20T06:00:00+01:00,106.1745,106.228,106.0215,106.1065
2025-06-20T10:00:00+01:00,106.107,106.258,106.0495,106.131
2025-06-20T14:00:00+01:00,106.131,106.31,106.104,106.225
2025-06-20T18:00:00+01:00,106.2265,106.4265,106.171,106.391
2025-06-22T22:00:00+01:00,106.628,106.707,106.348,106.5
2025-06-23T02:00:00+01:00,106.499,106.853,106.407,106.833
2025-06-23T06:00:00+01:00,106.8335,107.1645,106.8225,107.1285
2025-06-23T10:00:00+01:00,107.1295,107.3485,106.9135,106.965
2025-06-23T14:00:00+01:00,106.9655,107.1275,106.2315,106.2895
2025-06-23T18:00:00+01:00,106.291,106.4835,106.264,106.4085
2025-06-23T22:00:00+01:00,106.437,106.496,106.0495,106.0665
2025-06-24T02:00:00+01:00,106.065,106.1655,105.9095,106.007
2025-06-24T06:00:00+01:00,106.008,106.0695,105.676,105.784
2025-06-24T10:00:00+01:00,105.7825,105.8615,105.6485,105.786
2025-06-24T14:00:00+01:00,105.785,105.932,105.52,105.5655
2025-06-24T18:00:00+01:00,105.564,105.624,105.4095,105.6005
2025-06-24T22:00:00+01:00,105.603,105.7295,105.4915,105.58
2025-06-25T02:00:00+01:00,105.579,105.6045,105.3675,105.5465
2025-06-25T06:00:00+01:00,105.549,106.025,105.549,106.0145
2025-06-25T10:00:00+01:00,106.015,106.181,105.9875,106.1665
2025-06-25T14:00:00+01:00,106.168,106.234,105.8515,105.8785
2025-06-25T18:00:00+01:00,105.8795,105.918,105.726,105.797
2025-06-25T22:00:00+01:00,105.827,105.9055,105.512,105.519
2025-06-26T02:00:00+01:00,105.5175,105.667,105.4955,105.553
2025-06-26T06:00:00+01:00,105.555,105.63,105.0345,105.1815
2025-06-26T10:00:00+01:00,105.1805,105.6295,105.1275,105.5685
2025-06-26T14:00:00+01:00,105.574,106.0085,105.543,105.8655
2025-06-26T18:00:00+01:00,105.8645,105.9245,105.804,105.874
2025-06-26T22:00:00+01:00,105.7955,106.1385,105.744,106.044
2025-06-27T02:00:00+01:00,106.045,106.0905,105.737,105.894
2025-06-27T06:00:00+01:00,105.8925,106.006,105.764,105.8675
2025-06-27T10:00:00+01:00,105.868,105.9585,105.7435,105.877
2025-06-27T14:00:00+01:00,105.8775,106.1595,105.7295,105.787
2025-06-27T18:00:00+01:00,105.786,105.8735,105.239,105.738
2025-06-29T22:00:00+01:00,105.453,105.689,105.428,105.6055
2025-06-30T02:00:00+01:00,105.6055,105.629,105.254,105.2815
2025-06-30T06:00:00+01:00,105.2815,105.4555,105.2355,105.38
2025-06-30T10:00:00+01:00,105.379,105.7725,105.374,105.7085
2025-06-30T14:00:00+01:00,105.7075,105.949,105.536,105.842
2025-06-30T18:00:00+01:00,105.8425,105.891,105.678,105.8475
2025-06-30T22:00:00+01:00,105.8685,105.9225,105.5245,105.5425
2025-07-01T02:00:00+01:00,105.542,105.7665,105.419,105.65
2025-07-01T06:00:00+01:00,105.6535,105.659,105.114,105.193
2025-07-01T10:00:00+01:00,105.1925,105.2475,104.8515,104.997
2025-07-01T14:00:00+01:00,104.9975,105.2565,104.877,105.194
2025-07-01T18:00:00+01:00,105.1955,105.365,105.076,105.1165
2025-07-01T22:00:00+01:00,105.127,105.317,105.068,105.205
2025-07-02T02:00:00+01:00,105.204,105.313,105.1385,105.201
2025-07-02T06:00:00+01:00,105.201,105.556,105.1905,105.4895
2025-07-02T10:00:00+01:00,105.492,105.688,105.2415,105.421
2025-07-02T14:00:00+01:00,105.42,105.6935,105.3635,105.659
2025-07-02T18:00:00+01:00,105.6605,105.7825,105.6245,105.7115
2025-07-02T22:00:00+01:00,105.745,105.811,105.597,105.7185
2025-07-03T02:00:00+01:00,105.7205,105.8375,105.6295,105.784
2025-07-03T06:00:00+01:00,105.7855,105.8855,105.707,105.8855
2025-07-03T10:00:00+01:00,105.8865,106.659,105.777,106.4935
2025-07-03T14:00:00+01:00,106.489,107.03,106.4485,106.959
2025-07-03T18:00:00+01:00,106.961,106.991,106.673,106.6935
2025-07-03T22:00:00+01:00,106.716,106.758,106.5095,106.544
2025-07-04T02:00:00+01:00,106.5445,106.637,106.314,106.3625
2025-07-04T06:00:00+01:00,106.362,106.4075,106.161,106.206
2025-07-04T10:00:00+01:00,106.2065,106.2805,106.157,106.1645
2025-07-04T14:00:00+01:00,106.1655,106.248,106.1545,106.195
2025-07-04T18:00:00+01:00,106.1935,106.317,106.1085,106.2195
2025-07-06T22:00:00+01:00,106.29,106.3215,106.04,106.0815
2025-07-07T02:00:00+01:00,106.082,106.3555,105.95,106.341
2025-07-07T06:00:00+01:00,106.3405,106.4345,106.131,106.224
2025-07-07T10:00:00+01:00,106.2235,106.6885,106.183,106.682
2025-07-07T14:00:00+01:00,106.6835,106.997,106.662,106.8835
2025-07-07T18:00:00+01:00,106.8815,107.0365,106.7255,106.7445
2025-07-07T22:00:00+01:00,106.747,107.0675,106.647,107.0345
2025-07-08T02:00:00+01:00,107.0355,107.1875,106.884,106.9405
2025-07-08T06:00:00+01:00,106.941,107.175,106.894,107.137
2025-07-08T10:00:00+01:00,107.1365,107.4255,107.034,107.385
2025-07-08T14:00:00+01:00,107.3855,107.438,107.2025,107.268
2025-07-08T18:00:00+01:00,107.2685,107.334,107.148,107.3165
2025-07-08T22:00:00+01:00,107.316,107.4695,107.2015,107.3545
2025-07-09T02:00:00+01:00,107.355,107.5425,107.312,107.495
2025-07-09T06:00:00+01:00,107.4945,107.5445,107.149,107.1865
2025-07-09T10:00:00+01:00,107.1855,107.197,106.999,107.0145
2025-07-09T14:00:00+01:00,107.015,107.088,106.853,106.9115
2025-07-09T18:00:00+01:00,106.9125,107.0025,106.8235,106.9445
2025-07-09T22:00:00+01:00,106.9455,107.033,106.588,106.6245
2025-07-10T02:00:00+01:00,106.6255,106.9905,106.584,106.885
2025-07-10T06:00:00+01:00,106.8845,107.1725,106.8595,107.023
2025-07-10T10:00:00+01:00,107.0235,107.057,106.8335,106.968
2025-07-10T14:00:00+01:00,106.969,107.175,106.9085,107.052
2025-07-10T18:00:00+01:00,107.053,107.14,106.941,107.1295
2025-07-10T22:00:00+01:00,107.117,107.221,106.5775,107.0455
2025-07-11T02:00:00+01:00,107.044,107.4445,107.011,107.3935
2025-07-11T06:00:00+01:00,107.3935,107.4125,107.1345,107.2835
2025-07-11T10:00:00+01:00,107.2815,107.593,107.214,107.4505
2025-07-11T14:00:00+01:00,107.45,107.766,107.4015,107.7255
2025-07-11T18:00:00+01:00,107.7265,107.854,107.6265,107.6865
2025-07-13T22:00:00+01:00,107.432,107.7445,107.373,107.3965
2025-07-14T02:00:00+01:00,107.3985,107.658,107.3365,107.5905
2025-07-14T06:00:00+01:00,107.5885,107.747,107.5025,107.6695
2025-07-14T10:00:00+01:00,107.672,107.8475,107.584,107.668
2025-07-14T14:00:00+01:00,107.669,107.9165,107.581,107.878
2025-07-14T18:00:00+01:00,107.879,107.8965,107.7475,107.785
2025-07-14T22:00:00+01:00,107.7875,107.8935,107.723,107.73
2025-07-15T02:00:00+01:00,107.7285,107.914,107.7145,107.7955
2025-07-15T06:00:00+01:00,107.7945,107.961,107.758,107.914
2025-07-15T10:00:00+01:00,107.913,108.2845,107.8295,108.156
2025-07-15T14:00:00+01:00,108.1575,108.6065,108.1545,108.4935
2025-07-15T18:00:00+01:00,108.491,108.6115,108.4345,108.4885
2025-07-15T22:00:00+01:00,108.4885,108.6855,108.413,108.6485
2025-07-16T02:00:00+01:00,108.6485,108.7415,108.484,108.5875
2025-07-16T06:00:00+01:00,108.5915,108.6115,108.395,108.488
2025-07-16T10:00:00+01:00,108.489,108.521,108.219,108.3495
2025-07-16T14:00:00+01:00,108.349,108.4065,107.246,108.1485
2025-07-16T18:00:00+01:00,108.149,108.1515,107.7495,108.0875
2025-07-16T22:00:00+01:00,107.897,108.331,107.8695,108.3235
2025-07-17T02:00:00+01:00,108.323,108.393,108.1945,108.243
2025-07-17T06:00:00+01:00,108.244,108.405,108.1355,108.1375
2025-07-17T10:00:00+01:00,108.137,108.298,107.948,108.105
2025-07-17T14:00:00+01:00,108.1045,108.16,107.942,108.092
2025-07-17T18:00:00+01:00,108.092,108.205,108.0455,108.0775
2025-07-17T22:00:00+01:00,108.066,108.2075,107.9335,108.186
2025-07-18T02:00:00+01:00,108.1865,108.241,108.0315,108.2065
2025-07-18T06:00:00+01:00,108.2085,108.3925,108.203,108.262
2025-07-18T10:00:00+01:00,108.2635,108.363,108.178,108.2715
2025-07-18T14:00:00+01:00,108.2705,108.3845,108.136,108.3385
2025-07-18T18:00:00+01:00,108.339,108.459,108.285,108.436
2025-07-20T22:00:00+01:00,107.8925,108.323,107.8595,108.0795
2025-07-21T02:00:00+01:00,108.082,108.2225,108.075,108.172
2025-07-21T06:00:00+01:00,108.1715,108.177,107.668,107.789
2025-07-21T10:00:00+01:00,107.79,107.8195,107.5485,107.67
2025-07-21T14:00:00+01:00,107.6715,107.7515,107.429,107.532
2025-07-21T18:00:00+01:00,107.531,107.779,107.502,107.7145
2025-07-21T22:00:00+01:00,107.7045,107.97,107.5565,107.761
2025-07-22T02:00:00+01:00,107.762,107.883,107.7295,107.8605
2025-07-22T06:00:00+01:00,107.8535,108.067,107.8285,107.897
2025-07-22T10:00:00+01:00,107.895,107.8955,107.3,107.32
2025-07-22T14:00:00+01:00,107.319,107.6175,107.1885,107.5615
2025-07-22T18:00:00+01:00,107.563,107.835,107.556,107.791
2025-07-22T22:00:00+01:00,107.74,108.004,107.536,107.722
2025-07-23T02:00:00+01:00,107.7225,108.2325,107.6815,108.0545
2025-07-23T06:00:00+01:00,108.0535,108.1815,107.8215,108.071
2025-07-23T10:00:00+01:00,108.072,108.076,107.628,107.6375
2025-07-23T14:00:00+01:00,107.639,107.823,107.3935,107.647
2025-07-23T18:00:00+01:00,107.648,107.803,107.567,107.753
2025-07-23T22:00:00+01:00,107.7265,107.8015,107.5375,107.6375
2025-07-24T02:00:00+01:00,107.6365,107.6415,107.239,107.358
2025-07-24T06:00:00+01:00,107.355,107.738,107.326,107.7255
2025-07-24T10:00:00+01:00,107.727,107.8235,107.5775,107.81
2025-07-24T14:00:00+01:00,107.811,107.8615,107.494,107.738
2025-07-24T18:00:00+01:00,107.7375,107.857,107.635,107.8155
2025-07-24T22:00:00+01:00,107.815,107.989,107.6905,107.917
2025-07-25T02:00:00+01:00,107.9175,108.034,107.7025,107.726
2025-07-25T06:00:00+01:00,107.7265,108.084,107.5525,108.043
2025-07-25T10:00:00+01:00,108.0425,108.1625,107.934,108.045
2025-07-25T14:00:00+01:00,108.0445,108.058,107.6695,107.729
2025-07-25T18:00:00+01:00,107.73,107.82,107.622,107.77
2025-07-27T22:00:00+01:00,107.7715,107.9495,107.7125,107.805
2025-07-28T02:00:00+01:00,107.806,108.0145,107.764,107.877
2025-07-28T06:00:00+01:00,107.8805,108.06,107.813,108.0015
2025-07-28T10:00:00+01:00,108.0005,108.17,107.906,107.932
2025-07-28T14:00:00+01:00,107.9315,108.2515,107.86,108.24
2025-07-28T18:00:00+01:00,108.242,108.2535,108.0945,108.121
2025-07-28T22:00:00+01:00,108.1015,108.2165,108.062,108.204
2025-07-29T02:00:00+01:00,108.2025,108.2185,107.9625,108.036
2025-07-29T06:00:00+01:00,108.034,108.118,107.8645,108.089
2025-07-29T10:00:00+01:00,108.09,108.1295,107.875,107.931
2025-07-29T14:00:00+01:00,107.93,108.0935,107.69,107.8325
2025-07-29T18:00:00+01:00,107.834,107.929,107.733,107.8205
2025-07-29T22:00:00+01:00,107.827,107.897,107.564,107.5825
2025-07-30T02:00:00+01:00,107.5815,107.6325,107.4315,107.606
2025-07-30T06:00:00+01:00,107.6065,107.611,107.387,107.432
2025-07-30T10:00:00+01:00,107.43,107.8555,107.3455,107.831
2025-07-30T14:00:00+01:00,107.8335,108.006,107.7535,107.858
2025-07-30T18:00:00+01:00,107.857,108.14,107.6215,108.126
2025-07-30T22:00:00+01:00,108.1265,108.1395,107.894,107.9635
2025-07-31T02:00:00+01:00,107.964,107.9645,107.4775,107.7715
2025-07-31T06:00:00+01:00,107.7705,108.2315,107.6225,108.128
2025-07-31T10:00:00+01:00,108.129,108.607,108.1055,108.578
2025-07-31T14:00:00+01:00,108.579,108.919,108.561,108.8215
2025-07-31T18:00:00+01:00,108.8205,108.9345,108.688,108.809
2025-07-31T22:00:00+01:00,108.8095,108.936,108.6575,108.8575
2025-08-01T02:00:00+01:00,108.858,108.9585,108.6785,108.7095
2025-08-01T06:00:00+01:00,108.711,108.738,108.474,108.542
2025-08-01T10:00:00+01:00,108.5415,108.5635,107.699,107.7325
2025-08-01T14:00:00+01:00,107.731,107.808,107.137,107.1555
2025-08-01T18:00:00+01:00,107.1575,107.1915,106.812,106.926
2025-08-03T22:00:00+01:00,106.8785,107.098,106.7075,107.07
2025-08-04T02:00:00+01:00,107.0685,107.3215,107.0685,107.2245
2025-08-04T06:00:00+01:00,107.224,107.434,107.1435,107.3015
2025-08-04T10:00:00+01:00,107.3005,107.325,106.7915,106.8735
2025-08-04T14:00:00+01:00,106.8725,107.0095,106.718,106.745
2025-08-04T18:00:00+01:00,106.7455,106.779,106.5915,106.7495
2025-08-04T22:00:00+01:00,106.758,106.868,106.5255,106.717
2025-08-05T02:00:00+01:00,106.719,106.8365,106.6395,106.692
2025-08-05T06:00:00+01:00,106.693,106.965,106.6565,106.8985
2025-08-05T10:00:00+01:00,106.898,107.089,106.8495,107.026
2025-08-05T14:00:00+01:00,107.025,107.217,106.886,107.0925
2025-08-05T18:00:00+01:00,107.0915,107.1985,107.061,107.182
2025-08-05T22:00:00+01:00,107.184,107.2165,107.079,107.1495
2025-08-06T02:00:00+01:00,107.1485,107.27,106.9935,107.0025
2025-08-06T06:00:00+01:00,107.0035,107.374,106.998,107.3545
2025-08-06T10:00:00+01:00,107.3565,107.4065,107.199,107.256
2025-08-06T14:00:00+01:00,107.2565,107.3585,107.0815,107.2135
2025-08-06T18:00:00+01:00,107.214,107.424,106.9905,107.2495
2025-08-06T22:00:00+01:00,107.2535,107.4145,107.122,107.4
2025-08-07T02:00:00+01:00,107.402,107.5155,107.275,107.299
2025-08-07T06:00:00+01:00,107.301,107.313,106.9005,107.1595
2025-08-07T10:00:00+01:00,107.1615,107.393,107.07,107.233
2025-08-07T14:00:00+01:00,107.2335,107.262,107.031,107.173
2025-08-07T18:00:00+01:00,107.172,107.2665,106.907,107.0595
2025-08-07T22:00:00+01:00,107.062,107.136,106.8555,107.1175
2025-08-08T02:00:00+01:00,107.1165,107.2125,107.0885,107.1045
2025-08-08T06:00:00+01:00,107.1085,107.5235,107.0935,107.4975
2025-08-08T10:00:00+01:00,107.4975,107.694,107.3245,107.4685
2025-08-08T14:00:00+01:00,107.469,107.573,107.365,107.439
2025-08-08T18:00:00+01:00,107.44,107.4815,107.3685,107.406
2025-08-10T22:00:00+01:00,107.294,107.465,107.247,107.328
2025-08-11T02:00:00+01:00,107.332,107.3655,107.241,107.2565
2025-08-11T06:00:00+01:00,107.256,107.299,107.0085,107.169
2025-08-11T10:00:00+01:00,107.1685,107.367,107.158,107.197
2025-08-11T14:00:00+01:00,107.194,107.3985,107.182,107.371
2025-08-11T18:00:00+01:00,107.37,107.5665,107.361,107.5145
2025-08-11T22:00:00+01:00,107.5115,107.7245,107.385,107.7065
2025-08-12T02:00:00+01:00,107.705,107.758,107.6025,107.705
2025-08-12T06:00:00+01:00,107.7055,107.7265,107.4995,107.6455
2025-08-12T10:00:00+01:00,107.6445,107.701,107.3555,107.433
2025-08-12T14:00:00+01:00,107.434,107.729,107.291,107.337
2025-08-12T18:00:00+01:00,107.336,107.3745,107.199,107.3505
2025-08-12T22:00:00+01:00,107.358,107.379,107.214,107.27
2025-08-13T02:00:00+01:00,107.273,107.531,107.238,107.387
2025-08-13T06:00:00+01:00,107.388,107.429,106.9505,107.004
2025-08-13T10:00:00+01:00,107.003,107.24,106.966,107.0495
2025-08-13T14:00:00+01:00,107.0515,107.087,106.858,107.0075
2025-08-13T18:00:00+01:00,107.007,107.1505,107.007,107.1205
2025-08-13T22:00:00+01:00,107.1125,107.164,106.635,106.687
2025-08-14T02:00:00+01:00,106.688,106.6935,106.3815,106.4095
2025-08-14T06:00:00+01:00,106.4095,106.505,106.2715,106.353
2025-08-14T10:00:00+01:00,106.3515,106.6095,106.246,106.5315
2025-08-14T14:00:00+01:00,106.5305,107.122,106.513,107.037
2025-08-14T18:00:00+01:00,107.038,107.109,106.926,106.9565
2025-08-14T22:00:00+01:00,106.9605,107.0755,106.7775,106.786
2025-08-15T02:00:00+01:00,106.7815,106.8095,106.5715,106.6085
2025-08-15T06:00:00+01:00,106.6135,106.7235,106.4365,106.443
2025-08-15T10:00:00+01:00,106.445,106.714,106.4025,106.4985
2025-08-15T14:00:00+01:00,106.496,106.6135,106.352,106.595
2025-08-15T18:00:00+01:00,106.5925,106.654,106.4845,106.5125
2025-08-17T22:00:00+01:00,106.5575,106.7905,106.4805,106.775
2025-08-18T02:00:00+01:00,106.778,106.8955,106.7165,106.7935
2025-08-18T06:00:00+01:00,106.7925,106.88,106.6295,106.822
2025-08-18T10:00:00+01:00,106.821,107.1795,106.7815,107.121
2025-08-18T14:00:00+01:00,107.1195,107.195,106.8905,107.0035
2025-08-18T18:00:00+01:00,107.001,107.174,106.9425,107.147
2025-08-18T22:00:00+01:00,107.1465,107.2095,106.9985,107.0175
2025-08-19T02:00:00+01:00,107.016,107.2085,106.8735,107.0045
2025-08-19T06:00:00+01:00,107.004,107.026,106.8325,106.86
2025-08-19T10:00:00+01:00,106.8595,107.0455,106.7855,106.8335
2025-08-19T14:00:00+01:00,106.8345,106.877,106.4885,106.497
2025-08-19T18:00:00+01:00,106.4965,106.525,106.3495,106.4835
2025-08-19T22:00:00+01:00,106.4845,106.577,106.347,106.404
2025-08-20T02:00:00+01:00,106.4055,106.4595,106.251,106.4065
2025-08-20T06:00:00+01:00,106.4075,106.4535,106.0765,106.3375
2025-08-20T10:00:00+01:00,106.338,106.404,106.2365,106.2805
2025-08-20T14:00:00+01:00,106.279,106.3485,105.9445,106.0815
2025-08-20T18:00:00+01:00,106.079,106.286,106.016,106.207
2025-08-20T22:00:00+01:00,106.206,106.293,106.151,106.2125
2025-08-21T02:00:00+01:00,106.2125,106.2895,106.134,106.2035
2025-08-21T06:00:00+01:00,106.204,106.3905,106.1935,106.358
2025-08-21T10:00:00+01:00,106.359,106.56,106.3025,106.3525
2025-08-21T14:00:00+01:00,106.3535,106.758,106.231,106.7185
2025-08-21T18:00:00+01:00,106.719,106.7785,106.6315,106.6815
2025-08-21T22:00:00+01:00,106.6785,106.82,106.58,106.763
2025-08-22T02:00:00+01:00,106.7645,106.913,106.709,106.901
2025-08-22T06:00:00+01:00,106.902,106.922,106.6705,106.8755
2025-08-22T10:00:00+01:00,106.8765,106.918,106.784,106.8575
2025-08-22T14:00:00+01:00,106.8605,106.8645,105.976,106.066
2025-08-22T18:00:00+01:00,106.067,106.3205,106.0525,106.269
2025-08-24T22:00:00+01:00,106.307,106.6175,106.1565,106.533
2025-08-25T02:00:00+01:00,106.534,106.586,106.417,106.426
2025-08-25T06:00:00+01:00,106.4265,106.5575,106.3975,106.5215
2025-08-25T10:00:00+01:00,106.523,106.686,106.4765,106.6275
2025-08-25T14:00:00+01:00,106.628,106.76,106.5415,106.652
2025-08-25T18:00:00+01:00,106.653,106.7465,106.569,106.65
2025-08-25T22:00:00+01:00,106.6525,106.7445,106.194,106.2605
2025-08-26T02:00:00+01:00,106.2625,106.671,106.2555,106.664
2025-08-26T06:00:00+01:00,106.665,106.7445,106.421,106.4955
2025-08-26T10:00:00+01:00,106.495,106.616,106.419,106.568
2025-08-26T14:00:00+01:00,106.567,106.7085,106.388,106.5205
2025-08-26T18:00:00+01:00,106.5195,106.6335,106.4635,106.4955
2025-08-26T22:00:00+01:00,106.5015,106.6965,106.4065,106.693
2025-08-27T02:00:00+01:00,106.6935,106.8855,106.656,106.876
2025-08-27T06:00:00+01:00,106.8775,106.891,106.7055,106.814
2025-08-27T10:00:00+01:00,106.8155,106.995,106.7535,106.9085
2025-08-27T14:00:00+01:00,106.9095,106.967,106.7665,106.8025
2025-08-27T18:00:00+01:00,106.802,107.0075,106.776,106.8885
2025-08-27T22:00:00+01:00,106.89,107.036,106.806,106.895
2025-08-28T02:00:00+01:00,106.893,107.001,106.7715,106.8025
2025-08-28T06:00:00+01:00,106.802,106.9435,106.6965,106.8625
2025-08-28T10:00:00+01:00,106.861,106.9455,106.687,106.9215
2025-08-28T14:00:00+01:00,106.9225,106.959,106.727,106.837
2025-08-28T18:00:00+01:00,106.836,106.9345,106.7175,106.8945
2025-08-28T22:00:00+01:00,106.895,106.9495,106.722,106.8115
2025-08-29T02:00:00+01:00,106.8095,106.9575,106.7745,106.8175
2025-08-29T06:00:00+01:00,106.817,107.0295,106.8145,106.9465
2025-08-29T10:00:00+01:00,106.946,107.1235,106.849,106.9845
2025-08-29T14:00:00+01:00,106.984,107.044,106.844,106.989
2025-08-29T18:00:00+01:00,106.989,107.105,106.9375,107.0095
2025-08-31T22:00:00+01:00,107.045,107.21,106.9515,107.193
2025-09-01T02:00:00+01:00,107.194,107.2415,106.923,107.0375
2025-09-01T06:00:00+01:00,107.041,107.063,106.814,106.9855
2025-09-01T10:00:00+01:00,106.9865,107.124,106.9565,107.0425
2025-09-01T14:00:00+01:00,107.043,107.149,107.008,107.0495
2025-09-01T18:00:00+01:00,107.0505,107.0575,107.0165,107.0365
2025-09-01T22:00:00+01:00,107.0355,107.194,106.9565,107.1515
2025-09-02T02:00:00+01:00,107.153,107.472,107.083,107.38
2025-09-02T06:00:00+01:00,107.381,107.962,107.3695,107.806
2025-09-02T10:00:00+01:00,107.811,107.945,107.7345,107.781
2025-09-02T14:00:00+01:00,107.7805,107.7935,107.2885,107.673
2025-09-02T18:00:00+01:00,107.6755,107.728,107.5995,107.655
2025-09-02T22:00:00+01:00,107.6665,107.8815,107.5795,107.8755
2025-09-03T02:00:00+01:00,107.8745,107.993,107.7075,107.739
2025-09-03T06:00:00+01:00,107.743,108.035,107.6495,107.668
2025-09-03T10:00:00+01:00,107.6695,107.7995,107.594,107.785
2025-09-03T14:00:00+01:00,107.784,107.8315,107.275,107.311
2025-09-03T18:00:00+01:00,107.312,107.4295,107.2245,107.3805
2025-09-03T22:00:00+01:00,107.37,107.419,107.228,107.297
2025-09-04T02:00:00+01:00,107.2935,107.426,107.1515,107.377
2025-09-04T06:00:00+01:00,107.378,107.467,107.2425,107.34
2025-09-04T10:00:00+01:00,107.3385,107.472,107.207,107.448
2025-09-04T14:00:00+01:00,107.4495,107.562,107.311,107.461
2025-09-04T18:00:00+01:00,107.4605,107.505,107.3885,107.483
2025-09-04T22:00:00+01:00,107.489,107.5585,107.2645,107.2975
2025-09-05T02:00:00+01:00,107.2985,107.3595,107.259,107.3305
2025-09-05T06:00:00+01:00,107.3305,107.4685,107.302,107.429
2025-09-05T10:00:00+01:00,107.4285,107.464,106.63,106.707
2025-09-05T14:00:00+01:00,106.705,106.7865,106.1715,106.3645
2025-09-05T18:00:00+01:00,106.365,106.645,106.2905,106.592
2025-09-07T22:00:00+01:00,107.119,107.343,106.9245,107.1995
2025-09-08T02:00:00+01:00,107.2,107.2215,106.997,107.111
2025-09-08T06:00:00+01:00,107.1095,107.1475,106.7545,106.8965
2025-09-08T10:00:00+01:00,106.898,107.125,106.8435,107.0845
2025-09-08T14:00:00+01:00,107.086,107.1155,106.7245,106.8235
2025-09-08T18:00:00+01:00,106.8255,106.9045,106.702,106.8805
2025-09-08T22:00:00+01:00,106.881,106.982,106.625,106.741
2025-09-09T02:00:00+01:00,106.7415,106.7645,106.567,106.584
2025-09-09T06:00:00+01:00,106.5845,106.7085,106.171,106.271
2025-09-09T10:00:00+01:00,106.2695,106.341,106.0085,106.2955
2025-09-09T14:00:00+01:00,106.295,106.535,106.1305,106.473
2025-09-09T18:00:00+01:00,106.4715,106.521,106.389,106.494
2025-09-09T22:00:00+01:00,106.494,106.534,106.3435,106.404
2025-09-10T02:00:00+01:00,106.4035,106.479,106.3005,106.4435
2025-09-10T06:00:00+01:00,106.443,106.5395,106.3875,106.4975
2025-09-10T10:00:00+01:00,106.4995,106.525,106.2365,106.498
2025-09-10T14:00:00+01:00,106.4995,106.553,106.2975,106.3575
2025-09-10T18:00:00+01:00,106.3585,106.3945,106.2445,106.369
2025-09-10T22:00:00+01:00,106.376,106.412,106.2855,106.3385
2025-09-11T02:00:00+01:00,106.3395,106.3565,106.2575,106.303
2025-09-11T06:00:00+01:00,106.3035,106.5395,106.278,106.531
2025-09-11T10:00:00+01:00,106.5315,106.7225,106.309,106.48
2025-09-11T14:00:00+01:00,106.475,106.475,106.202,106.3285
2025-09-11T18:00:00+01:00,106.3275,106.498,106.3055,106.4405
2025-09-11T22:00:00+01:00,106.44,106.4915,106.309,106.4025
2025-09-12T02:00:00+01:00,106.4045,106.5935,106.3925,106.568
2025-09-12T06:00:00+01:00,106.569,106.8315,106.4385,106.8105
2025-09-12T10:00:00+01:00,106.8115,106.9265,106.7395,106.813
2025-09-12T14:00:00+01:00,106.814,106.82,106.603,106.643
2025-09-12T18:00:00+01:00,106.6425,106.7085,106.535,106.668
2025-09-14T22:00:00+01:00,106.6365,106.7905,106.594,106.6005
2025-09-15T02:00:00+01:00,106.5995,106.632,106.5035,106.547
2025-09-15T06:00:00+01:00,106.5485,106.683,106.529,106.556
2025-09-15T10:00:00+01:00,106.554,106.689,106.506,106.5245
2025-09-15T14:00:00+01:00,106.5265,106.813,106.4645,106.771
2025-09-15T18:00:00+01:00,106.7705,107.0645,106.7595,106.989
2025-09-15T22:00:00+01:00,106.993,107.067,106.913,107.047
2025-09-16T02:00:00+01:00,107.048,107.1115,106.7315,106.754
2025-09-16T06:00:00+01:00,106.7555,106.812,106.576,106.713
2025-09-16T10:00:00+01:00,106.714,107.05,106.6845,106.926
2025-09-16T14:00:00+01:00,106.927,106.9585,106.508,106.512
2025-09-16T18:00:00+01:00,106.5115,106.659,106.438,106.631
2025-09-16T22:00:00+01:00,106.6265,106.6955,106.4325,106.6285
2025-09-17T02:00:00+01:00,106.63,106.6415,106.5,106.5105
2025-09-17T06:00:00+01:00,106.5105,106.605,106.42,106.4695
2025-09-17T10:00:00+01:00,106.4685,106.501,106.3105,106.436
2025-09-17T14:00:00+01:00,106.4375,106.454,106.2235,106.3155
2025-09-17T18:00:00+01:00,106.317,106.763,105.9815,106.722
2025-09-17T22:00:00+01:00,106.718,106.744,106.5955,106.7235
2025-09-18T02:00:00+01:00,106.722,106.8095,106.635,106.797
2025-09-18T06:00:00+01:00,106.7975,107.062,106.7335,106.9965
2025-09-18T10:00:00+01:00,106.9955,107.235,106.879,107.2165
2025-09-18T14:00:00+01:00,107.215,107.415,107.1335,107.146
2025-09-18T18:00:00+01:00,107.1445,107.3235,107.123,107.298
2025-09-18T22:00:00+01:00,107.299,107.3605,107.177,107.294
2025-09-19T02:00:00+01:00,107.2955,107.3375,106.7385,106.9305
2025-09-19T06:00:00+01:00,106.931,107.165,106.812,107.085
2025-09-19T10:00:00+01:00,107.082,107.276,107.0065,107.227
2025-09-19T14:00:00+01:00,107.2265,107.4135,107.0215,107.3265
2025-09-19T18:00:00+01:00,107.3275,107.45,107.279,107.384
2025-09-21T22:00:00+01:00,107.3505,107.5045,107.278,107.4675
2025-09-22T02:00:00+01:00,107.468,107.573,107.393,107.475
2025-09-22T06:00:00+01:00,107.478,107.5005,107.0805,107.1075
2025-09-22T10:00:00+01:00,107.108,107.164,107.015,107.1575
2025-09-22T14:00:00+01:00,107.16,107.2275,106.85,106.8535
2025-09-22T18:00:00+01:00,106.855,106.9355,106.833,106.918
2025-09-22T22:00:00+01:00,106.9015,107.0405,106.7685,106.7955
2025-09-23T02:00:00+01:00,106.795,106.9125,106.76,106.8725
2025-09-23T06:00:00+01:00,106.8735,106.9125,106.6555,106.687
2025-09-23T10:00:00+01:00,106.6885,107.0015,106.665,106.9505
2025-09-23T14:00:00+01:00,106.95,106.9755,106.77,106.861
2025-09-23T18:00:00+01:00,106.862,106.8625,106.5265,106.718
2025-09-23T22:00:00+01:00,106.72,106.781,106.5715,106.7545
2025-09-24T02:00:00+01:00,106.753,106.8815,106.6915,106.8345
2025-09-24T06:00:00+01:00,106.835,106.986,106.77,106.973
2025-09-24T10:00:00+01:00,106.9735,107.1625,106.866,107.144
2025-09-24T14:00:00+01:00,107.1435,107.208,106.9685,106.9815
2025-09-24T18:00:00+01:00,106.981,107.177,106.965,107.1535
2025-09-24T22:00:00+01:00,107.1545,107.1665,106.954,106.96
2025-09-25T02:00:00+01:00,106.961,107.149,106.948,107.0255
2025-09-25T06:00:00+01:00,107.024,107.141,106.9675,107.073
2025-09-25T10:00:00+01:00,107.0755,107.382,107.0405,107.335
2025-09-25T14:00:00+01:00,107.3345,107.6285,107.2,107.5215
2025-09-25T18:00:00+01:00,107.5225,107.548,107.3875,107.4715
2025-09-25T22:00:00+01:00,107.4845,107.6145,107.3535,107.382
2025-09-26T02:00:00+01:00,107.385,107.4705,107.353,107.382
2025-09-26T06:00:00+01:00,107.3835,107.4625,107.342,107.3685
2025-09-26T10:00:00+01:00,107.3695,107.4415,107.307,107.3645
2025-09-26T14:00:00+01:00,107.365,107.464,107.1605,107.303
2025-09-26T18:00:00+01:00,107.302,107.31,107.1875,107.2315
2025-09-28T22:00:00+01:00,107.275,107.356,107.0775,107.11
2025-09-29T02:00:00+01:00,107.1125,107.137,106.9395,106.992
2025-09-29T06:00:00+01:00,106.993,107.0115,106.6715,106.723
2025-09-29T10:00:00+01:00,106.7215,106.8085,106.6415,106.691
2025-09-29T14:00:00+01:00,106.6915,106.857,106.594,106.7945
2025-09-29T18:00:00+01:00,106.793,106.859,106.728,106.8005
2025-09-29T22:00:00+01:00,106.799,106.909,106.707,106.887
2025-09-30T02:00:00+01:00,106.8865,106.903,106.6355,106.663
2025-09-30T06:00:00+01:00,106.662,106.681,106.2895,106.294
2025-09-30T10:00:00+01:00,106.2925,106.371,106.2725,106.3045
2025-09-30T14:00:00+01:00,106.305,106.422,106.1,106.1315
2025-09-30T18:00:00+01:00,106.131,106.301,106.074,106.2325
2025-09-30T22:00:00+01:00,106.234,106.434,106.1425,106.3515
2025-10-01T02:00:00+01:00,106.35,106.378,106.0395,106.05
2025-10-01T06:00:00+01:00,106.05,106.0905,105.575,105.729
2025-10-01T10:00:00+01:00,105.732,105.732,105.324,105.394
2025-10-01T14:00:00+01:00,105.3925,105.551,105.2625,105.512
2025-10-01T18:00:00+01:00,105.5105,105.5715,105.4755,105.543
2025-10-01T22:00:00+01:00,105.543,105.67,105.4875,105.574
2025-10-02T02:00:00+01:00,105.5755,105.615,105.455,105.5525
2025-10-02T06:00:00+01:00,105.552,105.74,105.3135,105.344
2025-10-02T10:00:00+01:00,105.3455,105.5565,105.199,105.5365
2025-10-02T14:00:00+01:00,105.5355,105.5525,105.37,105.381
2025-10-02T18:00:00+01:00,105.3815,105.4945,105.3625,105.4395
2025-10-02T22:00:00+01:00,105.4335,105.546,105.3545,105.5245
2025-10-03T02:00:00+01:00,105.5275,105.8005,105.421,105.7635
2025-10-03T06:00:00+01:00,105.763,105.8385,105.4975,105.533
2025-10-03T10:00:00+01:00,105.5335,105.5905,105.428,105.5645
2025-10-03T14:00:00+01:00,105.564,105.7815,105.4375,105.7625
2025-10-03T18:00:00+01:00,105.7615,105.765,105.6205,105.714
2025-10-05T22:00:00+01:00,107.053,107.3405,106.746,107.27
2025-10-06T02:00:00+01:00,107.2735,107.7705,107.1675,107.7365
2025-10-06T06:00:00+01:00,107.735,107.811,107.5,107.791
2025-10-06T10:00:00+01:00,107.794,107.8165,107.2805,107.287
2025-10-06T14:00:00+01:00,107.286,107.656,107.2475,107.654
2025-10-06T18:00:00+01:00,107.653,107.8745,107.5875,107.83
2025-10-06T22:00:00+01:00,107.829,107.9975,107.743,107.891
2025-10-07T02:00:00+01:00,107.892,107.9575,107.749,107.8425
2025-10-07T06:00:00+01:00,107.843,108.081,107.822,108.0505
2025-10-07T10:00:00+01:00,108.0495,108.178,108.008,108.1
2025-10-07T14:00:00+01:00,108.0995,108.498,108.031,108.4675
2025-10-07T18:00:00+01:00,108.466,108.9545,108.418,108.887
2025-10-07T22:00:00+01:00,108.894,109.1895,108.788,109.137
2025-10-08T02:00:00+01:00,109.1385,109.3035,109.073,109.118
2025-10-08T06:00:00+01:00,109.115,109.492,109.0135,109.468
2025-10-08T10:00:00+01:00,109.4705,109.661,109.358,109.423
2025-10-08T14:00:00+01:00,109.422,109.4835,109.2945,109.441
2025-10-08T18:00:00+01:00,109.4405,109.558,109.3895,109.453
2025-10-08T22:00:00+01:00,109.444,109.494,109.292,109.494
2025-10-09T02:00:00+01:00,109.495,109.5435,109.335,109.4305
2025-10-09T06:00:00+01:00,109.4315,109.7545,109.427,109.5275
2025-10-09T10:00:00+01:00,109.529,109.612,109.3315,109.5545
2025-10-09T14:00:00+01:00,109.5535,109.635,109.124,109.132
2025-10-09T18:00:00+01:00,109.1335,109.246,109.0785,109.2135
2025-10-09T22:00:00+01:00,109.2125,109.295,109.108,109.1255
2025-10-10T02:00:00+01:00,109.1265,109.1965,108.898,108.993
2025-10-10T06:00:00+01:00,108.9945,109.0905,108.67,108.905
2025-10-10T10:00:00+01:00,108.9055,109.173,108.793,109.1
2025-10-10T14:00:00+01:00,109.101,109.159,108.183,108.427
2025-10-10T18:00:00+01:00,108.426,108.4995,107.907,107.93
2025-10-12T22:00:00+01:00,108.544,108.7705,108.395,108.52
2025-10-13T02:00:00+01:00,108.518,108.661,108.508,108.5685
2025-10-13T06:00:00+01:00,108.564,108.8405,108.427,108.811
2025-10-13T10:00:00+01:00,108.81,108.8305,108.538,108.629
2025-10-13T14:00:00+01:00,108.628,108.719,108.4955,108.538
2025-10-13T18:00:00+01:00,108.5385,108.5655,108.467,108.503
2025-10-13T22:00:00+01:00,108.512,108.722,108.429,108.6195
2025-10-14T02:00:00+01:00,108.619,108.667,108.074,108.144
2025-10-14T06:00:00+01:00,108.1455,108.223,107.917,108.106
2025-10-14T10:00:00+01:00,108.1075,108.19,107.9215,108.06
2025-10-14T14:00:00+01:00,108.0555,108.3695,107.969,108.0575
2025-10-14T18:00:00+01:00,108.058,108.1595,107.9665,108.1175
2025-10-14T22:00:00+01:00,108.12,108.1905,107.867,107.922
2025-10-15T02:00:00+01:00,107.9145,107.9515,107.581,107.7565
2025-10-15T06:00:00+01:00,107.768,107.808,107.5615,107.6855
2025-10-15T10:00:00+01:00,107.684,108.0155,107.683,107.925
2025-10-15T14:00:00+01:00,107.9255,108.008,107.6615,107.7385
2025-10-15T18:00:00+01:00,107.7395,107.745,107.495,107.567
2025-10-15T22:00:00+01:00,107.5705,107.753,107.206,107.363
2025-10-16T02:00:00+01:00,107.365,107.683,107.327,107.6385
2025-10-16T06:00:00+01:00,107.639,107.8615,107.5675,107.7515
2025-10-16T10:00:00+01:00,107.754,107.841,107.478,107.547
2025-10-16T14:00:00+01:00,107.548,107.6825,106.9425,107.102
2025-10-16T18:00:00+01:00,107.1025,107.188,106.891,107.058
2025-10-16T22:00:00+01:00,107.064,107.1015,106.822,107.0055
2025-10-17T02:00:00+01:00,107.0065,107.069,106.725,106.816
2025-10-17T06:00:00+01:00,106.8165,106.8395,106.2365,106.606
2025-10-17T10:00:00+01:00,106.6065,107.209,106.555,107.121
2025-10-17T14:00:00+01:00,107.1195,107.2495,106.9155,107.1385
2025-10-17T18:00:00+01:00,107.1375,107.4915,107.098,107.4345
2025-10-19T22:00:00+01:00,107.3425,107.7425,107.2315,107.697
2025-10-20T02:00:00+01:00,107.698,107.9295,107.4155,107.4875
2025-10-20T06:00:00+01:00,107.4865,107.567,107.312,107.3185
2025-10-20T10:00:00+01:00,107.316,107.4825,107.0885,107.2825
2025-10-20T14:00:00+01:00,107.283,107.4455,107.141,107.4065
2025-10-20T18:00:00+01:00,107.4105,107.458,107.3305,107.4035
2025-10-20T22:00:00+01:00,107.405,107.4905,107.2495,107.374
2025-10-21T02:00:00+01:00,107.378,107.6315,107.2665,107.54
2025-10-21T06:00:00+01:00,107.5405,107.866,107.3885,107.8265
2025-10-21T10:00:00+01:00,107.8265,108.5625,107.8265,108.383
2025-10-21T14:00:00+01:00,108.382,108.4525,107.8825,108.3435
2025-10-21T18:00:00+01:00,108.343,108.4285,108.29,108.3515
2025-10-21T22:00:00+01:00,108.3575,108.3915,108.1895,108.202
2025-10-22T02:00:00+01:00,108.1985,108.4665,108.1385,108.391
2025-10-22T06:00:00+01:00,108.3915,108.567,108.262,108.293
2025-10-22T10:00:00+01:00,108.2945,108.368,108.143,108.3465
2025-10-22T14:00:00+01:00,108.3475,108.6505,108.2905,108.57
2025-10-22T18:00:00+01:00,108.5735,108.708,108.348,108.6015
2025-10-22T22:00:00+01:00,108.6045,108.834,108.5235,108.7745
2025-10-23T02:00:00+01:00,108.7745,108.977,108.7525,108.8935
2025-10-23T06:00:00+01:00,108.8945,109.116,108.8305,109.064
2025-10-23T10:00:00+01:00,109.065,109.173,108.9775,109.018
2025-10-23T14:00:00+01:00,109.017,109.223,109.001,109.114
2025-10-23T18:00:00+01:00,109.113,109.1705,109.0185,109.0535
2025-10-23T22:00:00+01:00,109.0515,109.1745,109.025,109.1325
2025-10-24T02:00:00+01:00,109.1335,109.289,108.9455,109.122
2025-10-24T06:00:00+01:00,109.123,109.2,109.008,109.098
2025-10-24T10:00:00+01:00,109.0995,109.1325,108.71,108.9045
2025-10-24T14:00:00+01:00,108.903,109.131,108.8045,109.118
2025-10-24T18:00:00+01:00,109.1165,109.27,109.063,109.2295
2025-10-26T21:00:00+00:00,109.135,109.495,109.0815,109.324
2025-10-27T01:00:00+00:00,109.323,109.4775,109.2,109.467
2025-10-27T05:00:00+00:00,109.4675,109.558,109.3115,109.336
2025-10-27T09:00:00+00:00,109.3355,109.362,109.1635,109.317
2025-10-27T13:00:00+00:00,109.3195,109.4695,109.2555,109.315
2025-10-27T17:00:00+00:00,109.316,109.3725,109.193,109.287
2025-10-27T21:00:00+00:00,109.288,109.3095,108.9835,109.0455
2025-10-28T01:00:00+00:00,109.044,109.053,108.6075,108.623
2025-10-28T05:00:00+00:00,108.6225,108.8095,108.4625,108.512
2025-10-28T09:00:00+00:00,108.513,108.7505,108.487,108.6685
2025-10-28T13:00:00+00:00,108.6675,109.2845,108.6645,109.1115
2025-10-28T17:00:00+00:00,109.11,109.176,109.0185,109.078
2025-10-28T21:00:00+00:00,109.079,109.1395,108.7295,108.7895
2025-10-29T01:00:00+00:00,108.791,109.134,108.729,109.079
2025-10-29T05:00:00+00:00,109.08,109.421,109.075,109.2345
2025-10-29T09:00:00+00:00,109.237,109.3275,109.129,109.2875
2025-10-29T13:00:00+00:00,109.289,109.532,109.031,109.4825
2025-10-29T17:00:00+00:00,109.4815,109.7915,109.4435,109.5515
2025-10-29T21:00:00+00:00,109.5495,109.706,109.4485,109.544
2025-10-30T01:00:00+00:00,109.5465,109.8645,109.2225,109.704
2025-10-30T05:00:00+00:00,109.7045,110.3535,109.629,110.273
2025-10-30T09:00:00+00:00,110.2735,110.352,110.15,110.222
2025-10-30T13:00:00+00:00,110.2215,110.392,110.1115,110.23
2025-10-30T17:00:00+00:00,110.2285,110.284,110.131,110.224
2025-10-30T21:00:00+00:00,110.225,110.237,110.031,110.084
2025-10-31T01:00:00+00:00,110.08,110.145,109.899,110.071
2025-10-31T05:00:00+00:00,110.07,110.312,109.9695,110.172
2025-10-31T09:00:00+00:00,110.171,110.1925,109.714,109.886
2025-10-31T13:00:00+00:00,109.8835,110.0185,109.8245,109.948
2025-10-31T17:00:00+00:00,109.947,110.0115,109.859,109.914
2025-11-02T22:00:00+00:00,109.9125,110.077,109.84,109.925
2025-11-03T02:00:00+00:00,109.9245,110.0205,109.895,110.0135
2025-11-03T06:00:00+00:00,110.0115,110.1115,109.7875,109.813
2025-11-03T10:00:00+00:00,109.815,109.8545,109.6995,109.7015
2025-11-03T14:00:00+00:00,109.7005,109.7345,109.427,109.7105
2025-11-03T18:00:00+00:00,109.709,109.766,109.6565,109.723
2025-11-03T22:00:00+00:00,109.7225,109.8075,109.6635,109.7235
2025-11-04T02:00:00+00:00,109.7225,109.735,109.2595,109.283
2025-11-04T06:00:00+00:00,109.282,109.3255,109.047,109.083
2025-11-04T10:00:00+00:00,109.0815,109.164,108.886,108.9425
2025-11-04T14:00:00+00:00,108.942,109.0625,108.8715,108.993
2025-11-04T18:00:00+00:00,108.9925,109.0355,108.9045,108.96
2025-11-04T22:00:00+00:00,108.9585,109.0235,108.373,108.5265
2025-11-05T02:00:00+00:00,108.525,108.8535,108.47,108.8055
2025-11-05T06:00:00+00:00,108.805,108.9425,108.6875,108.8
2025-11-05T10:00:00+00:00,108.802,108.954,108.626,108.95
2025-11-05T14:00:00+00:00,108.9485,109.3005,108.8955,109.1485
2025-11-05T18:00:00+00:00,109.1475,109.2695,109.117,109.2405
2025-11-05T22:00:00+00:00,109.2405,109.296,109.059,109.113
2025-11-06T02:00:00+00:00,109.109,109.2305,109.083,109.133
2025-11-06T06:00:00+00:00,109.1335,109.227,108.9375,109.045
2025-11-06T10:00:00+00:00,109.0455,109.0945,108.874,108.902
2025-11-06T14:00:00+00:00,108.9025,108.912,108.202,108.404
2025-11-06T18:00:00+00:00,108.403,108.574,108.294,108.4395
2025-11-06T22:00:00+00:00,108.4455,108.569,108.3055,108.43
2025-11-07T02:00:00+00:00,108.43,108.5985,108.3215,108.5885
2025-11-07T06:00:00+00:00,108.5915,108.7765,108.5915,108.743
2025-11-07T10:00:00+00:00,108.7425,109.083,108.4265,109.045
2025-11-07T14:00:00+00:00,109.046,109.19,108.7175,108.9375
2025-11-07T18:00:00+00:00,108.938,109.417,108.905,109.2765
2025-11-09T22:00:00+00:00,109.386,109.6825,109.243,109.6445
2025-11-10T02:00:00+00:00,109.645,109.841,109.6085,109.758
2025-11-10T06:00:00+00:00,109.7565,110.08,109.7325,110.0215
2025-11-10T10:00:00+00:00,110.0235,110.0465,109.9005,109.9505
2025-11-10T14:00:00+00:00,109.9495,109.9585,109.685,109.8345
2025-11-10T18:00:00+00:00,109.834,109.9665,109.8035,109.945
2025-11-10T22:00:00+00:00,109.943,110.1,109.826,109.994
2025-11-11T02:00:00+00:00,109.9935,110.045,109.8145,109.8245
2025-11-11T06:00:00+00:00,109.824,110.064,109.8015,109.978
2025-11-11T10:00:00+00:00,109.978,109.9925,109.6905,109.796
2025-11-11T14:00:00+00:00,109.7955,110.057,109.759,110.0405
2025-11-11T18:00:00+00:00,110.041,110.0705,109.9445,109.9845
2025-11-11T22:00:00+00:00,109.9835,110.127,109.884,110.093
2025-11-12T02:00:00+00:00,110.0955,110.437,110.0535,110.3825
2025-11-12T06:00:00+00:00,110.3815,110.5595,110.323,110.4625
2025-11-12T10:00:00+00:00,110.462,110.5955,110.4205,110.5515
2025-11-12T14:00:00+00:00,110.5505,110.5955,110.371,110.4535
2025-11-12T18:00:00+00:00,110.455,110.593,110.437,110.5215
2025-11-12T22:00:00+00:00,110.5205,110.632,110.426,110.4695
2025-11-13T02:00:00+00:00,110.4635,110.643,110.4125,110.6085
2025-11-13T06:00:00+00:00,110.61,110.6405,110.355,110.462
2025-11-13T10:00:00+00:00,110.46,110.602,110.3755,110.4185
2025-11-13T14:00:00+00:00,110.4175,110.4645,110.0165,110.06
2025-11-13T18:00:00+00:00,110.0595,110.2,109.9595,110.1275
2025-11-13T22:00:00+00:00,110.1265,110.2355,110.055,110.189
2025-11-14T02:00:00+00:00,110.1875,110.254,110.0425,110.1535
2025-11-14T06:00:00+00:00,110.152,110.239,110.0565,110.2215
2025-11-14T10:00:00+00:00,110.2235,110.2555,109.565,109.866
2025-11-14T14:00:00+00:00,109.865,110.3495,109.823,110.261
2025-11-14T18:00:00+00:00,110.26,110.3055,110.148,110.1935
2025-11-16T22:00:00+00:00,110.2405,110.3155,110.087,110.168
2025-11-17T02:00:00+00:00,110.1665,110.301,110.1585,110.262
2025-11-17T06:00:00+00:00,110.261,110.4185,110.2605,110.323
2025-11-17T10:00:00+00:00,110.325,110.453,110.2955,110.3435
2025-11-17T14:00:00+00:00,110.342,110.7345,110.3395,110.625
2025-11-17T18:00:00+00:00,110.6245,110.6345,110.392,110.4655
2025-11-17T22:00:00+00:00,110.464,110.573,110.3895,110.4675
2025-11-18T02:00:00+00:00,110.467,110.536,110.1425,110.3885
2025-11-18T06:00:00+00:00,110.3905,110.624,110.216,110.601
2025-11-18T10:00:00+00:00,110.599,110.801,110.576,110.755
2025-11-18T14:00:00+00:00,110.7535,111.3925,110.6105,111.3815
2025-11-18T18:00:00+00:00,111.3825,111.455,111.1535,111.1755
2025-11-18T22:00:00+00:00,111.179,111.259,111.0685,111.093
2025-11-19T02:00:00+00:00,111.094,111.151,110.917,111.024
2025-11-19T06:00:00+00:00,111.024,111.413,111.006,111.404
2025-11-19T10:00:00+00:00,111.403,111.6105,111.383,111.5015
2025-11-19T14:00:00+00:00,111.503,111.8215,111.428,111.5245
2025-11-19T18:00:00+00:00,111.522,111.912,111.512,111.855
2025-11-19T22:00:00+00:00,111.8545,112.039,111.6985,112.03
2025-11-20T02:00:00+00:00,112.0295,112.109,111.912,112.085
2025-11-20T06:00:00+00:00,112.086,112.25,111.776,111.889
2025-11-20T10:00:00+00:00,111.89,112.27,111.8675,112.1745
2025-11-20T14:00:00+00:00,112.173,112.291,111.55,111.723
2025-11-20T18:00:00+00:00,111.72,111.903,111.6415,111.743
2025-11-20T22:00:00+00:00,111.746,111.828,111.559,111.79
2025-11-21T02:00:00+00:00,111.7925,111.8025,111.5045,111.585
2025-11-21T06:00:00+00:00,111.5835,111.6125,111.0425,111.246
2025-11-21T10:00:00+00:00,111.244,111.3855,111.02,111.313
2025-11-21T14:00:00+00:00,111.314,111.3265,110.6015,111.086
2025-11-21T18:00:00+00:00,111.0875,111.162,110.8655,110.9055
2025-11-23T22:00:00+00:00,110.93,111.215,110.896,111.158
2025-11-24T02:00:00+00:00,111.1545,111.2035,111.0475,111.1005
2025-11-24T06:00:00+00:00,111.1035,111.284,111.017,111.0655
2025-11-24T10:00:00+00:00,111.065,111.333,111.039,111.2745
2025-11-24T14:00:00+00:00,111.275,111.445,111.0715,111.173
2025-11-24T18:00:00+00:00,111.1695,111.2595,111.085,111.2215
2025-11-24T22:00:00+00:00,111.2115,111.2655,110.9805,111.046
2025-11-25T02:00:00+00:00,111.0455,111.1055,110.996,111.033
2025-11-25T06:00:00+00:00,111.034,111.0695,110.634,110.739
2025-11-25T10:00:00+00:00,110.74,110.8905,110.6105,110.701
2025-11-25T14:00:00+00:00,110.699,110.7755,110.441,110.6215
2025-11-25T18:00:00+00:00,110.6205,110.7605,110.565,110.7105
2025-11-25T22:00:00+00:00,110.712,110.996,110.568,110.716
2025-11-26T02:00:00+00:00,110.7135,110.9565,110.5785,110.925
2025-11-26T06:00:00+00:00,110.9265,111.1885,110.921,111.101
2025-11-26T10:00:00+00:00,111.1,111.1665,111.0095,111.1385
2025-11-26T14:00:00+00:00,111.14,111.3995,111.076,111.3625
2025-11-26T18:00:00+00:00,111.364,111.496,111.31,111.4195
2025-11-26T22:00:00+00:00,111.4285,111.4885,110.962,111.215
2025-11-27T02:00:00+00:00,111.2105,111.3435,111.078,111.179
2025-11-27T06:00:00+00:00,111.181,111.4235,111.139,111.323
2025-11-27T10:00:00+00:00,111.3225,111.397,111.2695,111.284
2025-11-27T14:00:00+00:00,111.2855,111.461,111.2685,111.447
2025-11-27T18:00:00+00:00,111.445,111.4795,111.384,111.4165
2025-11-27T22:00:00+00:00,111.367,111.5925,111.338,111.4355
2025-11-28T02:00:00+00:00,111.4345,111.4595,111.2735,111.404
2025-11-28T06:00:00+00:00,111.4055,111.4605,111.3,111.351
2025-11-28T10:00:00+00:00,111.3515,111.598,111.212,111.4725
2025-11-28T14:00:00+00:00,111.4715,112.009,111.453,111.786
2025-11-28T18:00:00+00:00,111.7895,111.859,111.663,111.724
2025-11-30T22:00:00+00:00,111.687,111.781,111.3005,111.4025
2025-12-01T02:00:00+00:00,111.404,111.4125,111.107,111.251
2025-12-01T06:00:00+00:00,111.252,111.321,111.0265,111.042
2025-12-01T10:00:00+00:00,111.0405,111.0975,110.822,110.8995
2025-12-01T14:00:00+00:00,110.901,111.155,110.8975,111.112
2025-12-01T18:00:00+00:00,111.111,111.1545,111.02,111.055
2025-12-01T22:00:00+00:00,111.0515,111.245,111.0225,111.163
2025-12-02T02:00:00+00:00,111.164,111.2455,111.12,111.204
2025-12-02T06:00:00+00:00,111.202,111.4635,111.193,111.3445
2025-12-02T10:00:00+00:00,111.345,111.479,111.272,111.437
2025-12-02T14:00:00+00:00,111.437,111.7195,111.3135,111.5075
2025-12-02T18:00:00+00:00,111.507,111.6285,111.4715,111.587
2025-12-02T22:00:00+00:00,111.5565,111.626,111.4115,111.4615
2025-12-03T02:00:00+00:00,111.4605,111.546,111.3945,111.438
2025-12-03T06:00:00+00:00,111.437,111.554,111.3255,111.521
2025-12-03T10:00:00+00:00,111.5195,111.5945,111.3465,111.501
2025-12-03T14:00:00+00:00,111.5025,111.5145,111.153,111.253
2025-12-03T18:00:00+00:00,111.254,111.319,111.197,111.292
2025-12-03T22:00:00+00:00,111.2895,111.3665,111.0995,111.2225
2025-12-04T02:00:00+00:00,111.2195,111.4005,111.1685,111.2005
2025-12-04T06:00:00+00:00,111.1985,111.2975,110.87,110.9185
2025-12-04T10:00:00+00:00,110.916,110.9965,110.6045,110.8475
2025-12-04T14:00:00+00:00,110.8465,111.153,110.7675,111.117
2025-12-04T18:00:00+00:00,111.1185,111.1735,111.0385,111.1325
2025-12-04T22:00:00+00:00,111.1285,111.2155,111.0425,111.1205
2025-12-05T02:00:00+00:00,111.1215,111.1775,110.7925,110.836
2025-12-05T06:00:00+00:00,110.8345,111.124,110.7195,111.1045
2025-12-05T10:00:00+00:00,111.1045,111.7685,111.093,111.758
2025-12-05T14:00:00+00:00,111.7585,112.2685,111.672,112.247
2025-12-05T18:00:00+00:00,112.248,112.4795,112.1555,112.468
2025-12-07T22:00:00+00:00,112.2355,112.3335,112.0685,112.0705
2025-12-08T02:00:00+00:00,112.065,112.35,112.0615,112.3065
2025-12-08T06:00:00+00:00,112.308,112.5335,112.279,112.4725
2025-12-08T10:00:00+00:00,112.4735,112.7625,112.444,112.6985
2025-12-08T14:00:00+00:00,112.6975,112.8155,112.484,112.529
2025-12-08T18:00:00+00:00,112.528,112.597,112.3835,112.524
2025-12-08T22:00:00+00:00,112.5225,112.6395,112.48,112.5015
2025-12-09T02:00:00+00:00,112.505,112.728,112.4655,112.6485
2025-12-09T06:00:00+00:00,112.6495,112.901,112.5755,112.7875
2025-12-09T10:00:00+00:00,112.7885,113.0615,112.7235,112.969
2025-12-09T14:00:00+00:00,112.9685,113.4615,112.9665,113.26
2025-12-09T18:00:00+00:00,113.261,113.34,113.196,113.3035
2025-12-09T22:00:00+00:00,113.3005,113.35,113.092,113.1175
2025-12-10T02:00:00+00:00,113.118,113.1315,112.9995,113.123
2025-12-10T06:00:00+00:00,113.1245,113.238,113.0185,113.187
2025-12-10T10:00:00+00:00,113.188,113.2435,113.0775,113.086
2025-12-10T14:00:00+00:00,113.084,113.147,112.8275,113.019
2025-12-10T18:00:00+00:00,113.0195,113.246,112.949,113.127
2025-12-10T22:00:00+00:00,113.1285,113.1845,112.784,112.897
2025-12-11T02:00:00+00:00,112.8975,113.007,112.666,113.002
2025-12-11T06:00:00+00:00,113.0005,113.029,112.801,112.9035
2025-12-11T10:00:00+00:00,112.902,112.9705,112.6415,112.6475
2025-12-11T14:00:00+00:00,112.656,112.806,112.507,112.732
2025-12-11T18:00:00+00:00,112.733,113.043,112.728,112.9965
2025-12-11T22:00:00+00:00,112.989,113.1085,112.846,113.0255
2025-12-12T02:00:00+00:00,113.0245,113.0935,113.0055,113.089
2025-12-12T06:00:00+00:00,113.09,113.2995,112.971,113.2875
2025-12-12T10:00:00+00:00,113.288,113.4195,113.2505,113.4015
2025-12-12T14:00:00+00:00,113.3995,113.448,112.8785,113.1665
2025-12-12T18:00:00+00:00,113.167,113.2595,113.12,113.1605
2025-12-14T22:00:00+00:00,113.208,113.2945,113.083,113.089
2025-12-15T02:00:00+00:00,113.092,113.1135,112.636,112.6365
2025-12-15T06:00:00+00:00,112.6355,112.8525,112.5715,112.5835
2025-12-15T10:00:00+00:00,112.5815,112.8015,112.5005,112.6955
2025-12-15T14:00:00+00:00,112.6935,112.848,112.4855,112.753
2025-12-15T18:00:00+00:00,112.752,112.796,112.6885,112.76
2025-12-15T22:00:00+00:00,112.753,112.8025,112.3845,112.404
2025-12-16T02:00:00+00:00,112.4025,112.5205,112.3575,112.455
2025-12-16T06:00:00+00:00,112.4545,112.5735,112.375,112.407
2025-12-16T10:00:00+00:00,112.406,112.5985,112.323,112.4975
2025-12-16T14:00:00+00:00,112.4965,112.7515,112.293,112.5335
2025-12-16T18:00:00+00:00,112.5325,112.631,112.4545,112.4895
2025-12-16T22:00:00+00:00,112.4905,112.572,112.2855,112.418
2025-12-17T02:00:00+00:00,112.419,112.6485,112.419,112.639
2025-12-17T06:00:00+00:00,112.64,112.9465,112.6285,112.897
2025-12-17T10:00:00+00:00,112.896,112.9115,112.76,112.824
2025-12-17T14:00:00+00:00,112.826,112.9765,112.752,112.8485
2025-12-17T18:00:00+00:00,112.8495,113.0475,112.8115,112.9435
2025-12-17T22:00:00+00:00,112.94,113.0115,112.772,113.003
2025-12-18T02:00:00+00:00,113.004,113.1615,112.96,113.1075
2025-12-18T06:00:00+00:00,113.108,113.269,113.0745,113.1585
2025-12-18T10:00:00+00:00,113.1565,113.2125,112.833,112.9575
2025-12-18T14:00:00+00:00,112.9565,113.054,112.733,113.026
2025-12-18T18:00:00+00:00,113.0225,113.089,112.8515,112.9355
2025-12-18T22:00:00+00:00,112.9325,113.117,112.8205,113.036
2025-12-19T02:00:00+00:00,113.0335,113.287,112.898,113.1365
2025-12-19T06:00:00+00:00,113.137,113.975,113.0145,113.9655
2025-12-19T10:00:00+00:00,113.9665,114.17,113.8955,114.1565
2025-12-19T14:00:00+00:00,114.1545,114.456,113.9415,114.261
2025-12-19T18:00:00+00:00,114.2605,114.395,114.2165,114.3295
2025-12-21T22:00:00+00:00,114.315,114.337,113.9615,113.9975
2025-12-22T02:00:00+00:00,113.999,114.1455,113.9655,114.0985
2025-12-22T06:00:00+00:00,114.1,114.368,114.03,114.3405
2025-12-22T10:00:00+00:00,114.3415,114.358,113.9705,114.279
2025-12-22T14:00:00+00:00,114.2785,114.3045,114.0605,114.174
2025-12-22T18:00:00+00:00,114.173,114.3125,114.133,114.2295
2025-12-22T22:00:00+00:00,114.2305,114.294,113.842,113.864
2025-12-23T02:00:00+00:00,113.866,113.9035,113.4895,113.548
2025-12-23T06:00:00+00:00,113.547,113.828,113.5155,113.803
2025-12-23T10:00:00+00:00,113.801,114.1615,113.731,114.126
2025-12-23T14:00:00+00:00,114.1255,114.217,113.8775,114.0065
2025-12-23T18:00:00+00:00,114.008,114.1805,113.9855,114.137
2025-12-23T22:00:00+00:00,114.1225,114.1465,113.729,113.7745
2025-12-24T02:00:00+00:00,113.7705,114.035,113.722,113.856
2025-12-24T06:00:00+00:00,113.855,113.9575,113.775,113.928
2025-12-24T10:00:00+00:00,113.931,114.064,113.919,114.049
2025-12-24T14:00:00+00:00,114.054,114.102,113.8335,114.053
2025-12-24T18:00:00+00:00,114.055,114.0815,113.9155,113.9875
2025-12-24T22:00:00+00:00,113.99,114.097,113.9265,113.9565
2025-12-25T02:00:00+00:00,113.9645,113.992,113.8275,113.954
2025-12-25T06:00:00+00:00,113.9595,114.1105,113.83,114.109
2025-12-25T22:00:00+00:00,114.0195,114.462,113.9265,114.286
2025-12-26T02:00:00+00:00,114.284,114.3175,114.0445,114.2265
2025-12-26T06:00:00+00:00,114.2275,114.409,114.139,114.36
2025-12-26T10:00:00+00:00,114.358,114.521,114.277,114.4935
2025-12-26T14:00:00+00:00,114.495,114.643,114.476,114.5545
2025-12-26T18:00:00+00:00,114.5535,114.575,114.4475,114.524
2025-12-28T22:00:00+00:00,114.5715,114.646,114.1745,114.449
2025-12-29T02:00:00+00:00,114.4565,114.5655,114.33,114.348
2025-12-29T06:00:00+00:00,114.348,114.365,114.044,114.248
2025-12-29T10:00:00+00:00,114.249,114.2895,114.135,114.182
2025-12-29T14:00:00+00:00,114.183,114.2835,114.0205,114.1185
2025-12-29T18:00:00+00:00,114.12,114.1865,113.966,114.031
2025-12-29T22:00:00+00:00,114.0325,114.2295,113.9475,114.1975
2025-12-30T02:00:00+00:00,114.196,114.249,114.0305,114.0495
2025-12-30T06:00:00+00:00,114.0505,114.119,113.877,113.9795
2025-12-30T10:00:00+00:00,113.9825,114.0635,113.8195,114.014
2025-12-30T14:00:00+00:00,114.015,114.3555,113.991,114.2655
2025-12-30T18:00:00+00:00,114.2665,114.3215,114.2015,114.2245
2025-12-30T22:00:00+00:00,114.2195,114.263,114.1595,114.238
2025-12-31T02:00:00+00:00,114.243,114.3725,114.2025,114.31
2025-12-31T06:00:00+00:00,114.311,114.366,114.194,114.3255
2025-12-31T10:00:00+00:00,114.318,114.551,114.248,114.499
2025-12-31T14:00:00+00:00,114.499,114.6145,114.2525,114.323
2025-12-31T18:00:00+00:00,114.324,114.353,114.119,114.176
2026-01-01T22:00:00+00:00,114.224,114.383,114.1605,114.267
2026-01-02T02:00:00+00:00,114.27,114.4195,114.236,114.403
2026-01-02T06:00:00+00:00,114.4025,114.563,114.292,114.365
2026-01-02T10:00:00+00:00,114.366,114.372,114.1895,114.2045
2026-01-02T14:00:00+00:00,114.206,114.2195,114.0075,114.102
2026-01-02T18:00:00+00:00,114.1035,114.2665,114.0965,114.209
2026-01-04T22:00:00+00:00,114.108,114.39,114.0365,114.226
2026-01-05T02:00:00+00:00,114.225,114.325,114.1215,114.166
2026-01-05T06:00:00+00:00,114.1675,114.192,113.7455,113.9025
2026-01-05T10:00:00+00:00,113.9005,113.936,113.5925,113.6555
2026-01-05T14:00:00+00:00,113.657,113.987,113.5725,113.6035
2026-01-05T18:00:00+00:00,113.6045,113.646,113.4525,113.5735
2026-01-05T22:00:00+00:00,113.5605,113.843,113.5065,113.6705
2026-01-06T02:00:00+00:00,113.6715,113.684,113.5095,113.656
2026-01-06T06:00:00+00:00,113.657,113.708,113.4915,113.5825
2026-01-06T10:00:00+00:00,113.5805,113.6895,113.5005,113.5515
2026-01-06T14:00:00+00:00,113.5505,113.7005,113.5075,113.6315
2026-01-06T18:00:00+00:00,113.6305,113.64,113.3805,113.3955
2026-01-06T22:00:00+00:00,113.3985,113.48,113.276,113.404
2026-01-07T02:00:00+00:00,113.404,113.4745,113.213,113.2195
2026-01-07T06:00:00+00:00,113.2205,113.3335,113.1295,113.2705
2026-01-07T10:00:00+00:00,113.2715,113.4255,113.2665,113.3825
2026-01-07T14:00:00+00:00,113.3845,113.481,113.238,113.24
2026-01-07T18:00:00+00:00,113.24,113.268,113.0865,113.1075
2026-01-07T22:00:00+00:00,113.107,113.219,113.045,113.205
2026-01-08T02:00:00+00:00,113.204,113.2345,112.97,113.001
2026-01-08T06:00:00+00:00,112.999,112.999,112.7515,112.9575
2026-01-08T10:00:00+00:00,112.9585,113.239,112.9245,113.2385
2026-01-08T14:00:00+00:00,113.2425,113.3915,113.0265,113.0845
2026-01-08T18:00:00+00:00,113.0835,113.269,113.047,113.1825
2026-01-08T22:00:00+00:00,113.1835,113.313,113.0535,113.3025
2026-01-09T02:00:00+00:00,113.3015,113.4735,113.265,113.472
2026-01-09T06:00:00+00:00,113.469,113.694,113.461,113.6775
2026-01-09T10:00:00+00:00,113.6785,113.7115,113.451,113.4915
2026-01-09T14:00:00+00:00,113.4905,113.8515,113.4255,113.7035
2026-01-09T18:00:00+00:00,113.7045,113.7065,113.4455,113.495
2026-01-11T22:00:00+00:00,113.6365,113.7125,113.424,113.542
2026-01-12T02:00:00+00:00,113.5415,113.8375,113.528,113.755
2026-01-12T06:00:00+00:00,113.755,113.79,113.6775,113.7575
2026-01-12T10:00:00+00:00,113.758,113.8425,113.686,113.8015
2026-01-12T14:00:00+00:00,113.8,114.017,113.696,113.9605
2026-01-12T18:00:00+00:00,113.9615,114.033,113.907,113.9465
2026-01-12T22:00:00+00:00,113.946,114.1985,113.7985,114.181
2026-01-13T02:00:00+00:00,114.1875,114.561,114.123,114.471
2026-01-13T06:00:00+00:00,114.4715,114.59,114.407,114.5135
2026-01-13T10:00:00+00:00,114.5145,114.5565,114.351,114.5465
2026-01-13T14:00:00+00:00,114.549,114.6145,114.4005,114.4545
2026-01-13T18:00:00+00:00,114.454,114.6565,114.437,114.5595
2026-01-13T22:00:00+00:00,114.519,114.7575,114.517,114.674
2026-01-14T02:00:00+00:00,114.675,114.7445,114.5605,114.7425
2026-01-14T06:00:00+00:00,114.7415,114.755,114.244,114.2885
2026-01-14T10:00:00+00:00,114.2875,114.412,113.9585,114.278
2026-01-14T14:00:00+00:00,114.279,114.343,113.9185,114.067
2026-01-14T18:00:00+00:00,114.0655,114.2755,114.042,114.1515
2026-01-14T22:00:00+00:00,114.1355,114.198,113.9445,114.029
2026-01-15T02:00:00+00:00,114.03,114.1815,113.979,113.9975
2026-01-15T06:00:00+00:00,113.995,114.1905,113.861,113.9325
2026-01-15T10:00:00+00:00,113.9335,114.2035,113.894,114.1915
2026-01-15T14:00:00+00:00,114.1905,114.209,114.0045,114.0785
2026-01-15T18:00:00+00:00,114.0775,114.2795,114.055,114.2245
2026-01-15T22:00:00+00:00,114.2,114.2485,114.0485,114.136
2026-01-16T02:00:00+00:00,114.138,114.15,113.742,114.0085
2026-01-16T06:00:00+00:00,114.0105,114.0465,113.717,113.85
2026-01-16T10:00:00+00:00,113.8505,113.915,113.6525,113.687
2026-01-16T14:00:00+00:00,113.684,113.744,113.478,113.5695
2026-01-16T18:00:00+00:00,113.5685,113.671,113.548,113.6335
2026-01-18T22:00:00+00:00,113.521,113.5515,113.2965,113.472
2026-01-19T02:00:00+00:00,113.4735,113.692,113.469,113.6615
2026-01-19T06:00:00+00:00,113.661,113.872,113.583,113.731
2026-01-19T10:00:00+00:00,113.7315,113.8255,113.6565,113.7505
2026-01-19T14:00:00+00:00,113.7525,114.086,113.74,113.9715
2026-01-19T18:00:00+00:00,113.97,114.059,113.9615,114.0175
2026-01-19T22:00:00+00:00,114.0185,114.082,113.775,113.8945
2026-01-20T02:00:00+00:00,113.893,114.172,113.8635,114.138
2026-01-20T06:00:00+00:00,114.1345,114.482,113.9495,114.073
2026-01-20T10:00:00+00:00,114.0755,114.234,113.945,114.1495
2026-01-20T14:00:00+00:00,114.15,114.3345,114.0605,114.206
2026-01-20T18:00:00+00:00,114.2075,114.4295,114.201,114.301
2026-01-20T22:00:00+00:00,114.343,114.3945,114.184,114.248
2026-01-21T02:00:00+00:00,114.249,114.3685,114.1635,114.343
2026-01-21T06:00:00+00:00,114.342,114.3835,114.0825,114.161
2026-01-21T10:00:00+00:00,114.1615,114.495,114.155,114.465
2026-01-21T14:00:00+00:00,114.4655,114.6925,114.3695,114.4665
2026-01-21T18:00:00+00:00,114.466,114.6455,114.3995,114.419
2026-01-21T22:00:00+00:00,114.417,114.5515,114.3595,114.537
2026-01-22T02:00:00+00:00,114.539,114.8495,114.532,114.8495
2026-01-22T06:00:00+00:00,114.8505,114.9695,114.7415,114.7965
2026-01-22T10:00:00+00:00,114.799,115.0055,114.6875,114.945
2026-01-22T14:00:00+00:00,114.9465,115.0055,114.663,114.851
2026-01-22T18:00:00+00:00,114.85,114.954,114.7885,114.9225
2026-01-22T22:00:00+00:00,114.9215,115.073,114.8285,115.0635
2026-01-23T02:00:00+00:00,115.063,115.1015,114.929,115.041
2026-01-23T06:00:00+00:00,115.043,115.4345,114.0905,114.5655
2026-01-23T10:00:00+00:00,114.564,114.9855,114.5535,114.9745
2026-01-23T14:00:00+00:00,114.9735,115.154,113.9305,114.026
2026-01-23T18:00:00+00:00,114.027,114.133,113.5985,113.624
2026-01-25T22:00:00+00:00,112.91,113.3865,112.5625,112.853
2026-01-26T02:00:00+00:00,112.854,112.889,112.439,112.649
2026-01-26T06:00:00+00:00,112.6495,112.84,112.104,112.3645
2026-01-26T10:00:00+00:00,112.3655,112.593,112.06,112.4305
2026-01-26T14:00:00+00:00,112.4295,112.5295,112.18,112.366
2026-01-26T18:00:00+00:00,112.365,112.528,112.188,112.489
2026-01-26T22:00:00+00:00,112.4895,112.6185,112.355,112.517
2026-01-27T02:00:00+00:00,112.516,112.612,112.3865,112.4915
2026-01-27T06:00:00+00:00,112.491,112.756,111.7375,112.1615
2026-01-27T10:00:00+00:00,112.163,112.441,111.953,112.1
2026-01-27T14:00:00+00:00,112.099,112.663,112.077,112.35
2026-01-27T18:00:00+00:00,112.3495,112.3645,111.9445,112.1385
2026-01-27T22:00:00+00:00,112.1145,112.4125,112.0445,112.396
2026-01-28T02:00:00+00:00,112.4,112.4445,112.1765,112.357
2026-01-28T06:00:00+00:00,112.358,112.591,112.2125,112.588
2026-01-28T10:00:00+00:00,112.589,112.7885,112.386,112.7435
2026-01-28T14:00:00+00:00,112.742,113.292,112.665,113.1125
2026-01-28T18:00:00+00:00,113.112,113.2705,113.0595,113.181
2026-01-28T22:00:00+00:00,113.168,113.2325,112.91,113.109
2026-01-29T02:00:00+00:00,113.113,113.2995,113.009,113.143
2026-01-29T06:00:00+00:00,113.145,113.45,113.1315,113.2855
2026-01-29T10:00:00+00:00,113.2865,113.4745,113.139,113.4275
2026-01-29T14:00:00+00:00,113.431,113.5435,112.6125,113.15
2026-01-29T18:00:00+00:00,113.151,113.583,113.1275,113.516
2026-01-29T22:00:00+00:00,113.518,113.734,113.1875,113.656
2026-01-30T02:00:00+00:00,113.659,113.9875,113.538,113.875
2026-01-30T06:00:00+00:00,113.874,113.9525,113.652,113.906
2026-01-30T10:00:00+00:00,113.9015,114.045,113.8115,113.9645
2026-01-30T14:00:00+00:00,113.9655,114.455,113.698,113.708
2026-01-30T18:00:00+00:00,113.7105,113.819,113.533,113.659
2026-02-01T22:00:00+00:00,113.8045,114.1955,113.6515,113.7875
2026-02-02T02:00:00+00:00,113.788,113.8305,113.3165,113.378
2026-02-02T06:00:00+00:00,113.379,113.717,113.113,113.546
2026-02-02T10:00:00+00:00,113.5465,113.6775,113.492,113.6145
2026-02-02T14:00:00+00:00,113.6135,113.98,113.5705,113.6365
2026-02-02T18:00:00+00:00,113.6375,113.8405,113.625,113.756
2026-02-02T22:00:00+00:00,113.7545,113.889,113.6595,113.81
2026-02-03T02:00:00+00:00,113.811,113.8645,113.6385,113.748
2026-02-03T06:00:00+00:00,113.747,113.946,113.717,113.9125
2026-02-03T10:00:00+00:00,113.914,114.1755,113.882,114.072
2026-02-03T14:00:00+00:00,114.0735,114.202,113.9705,114.0925
2026-02-03T18:00:00+00:00,114.0935,114.2465,113.979,114.192
2026-02-03T22:00:00+00:00,114.219,114.525,114.143,114.4945
2026-02-04T02:00:00+00:00,114.4935,114.6615,114.468,114.6365
2026-02-04T06:00:00+00:00,114.636,114.812,114.6045,114.788
2026-02-04T10:00:00+00:00,114.7885,114.8405,114.6385,114.6465
2026-02-04T14:00:00+00:00,114.6485,114.6675,114.409,114.595
2026-02-04T18:00:00+00:00,114.597,114.899,114.5415,114.811
2026-02-04T22:00:00+00:00,114.8195,114.8905,114.6895,114.7835
2026-02-05T02:00:00+00:00,114.7825,114.818,114.484,114.726
2026-02-05T06:00:00+00:00,114.727,114.877,114.623,114.859
2026-02-05T10:00:00+00:00,114.8495,114.919,114.5405,114.5855
2026-02-05T14:00:00+00:00,114.5835,114.904,114.478,114.69
2026-02-05T18:00:00+00:00,114.689,114.776,114.5265,114.5505
2026-02-05T22:00:00+00:00,114.5505,114.659,114.1295,114.319
2026-02-06T02:00:00+00:00,114.32,114.512,114.3145,114.5045
2026-02-06T06:00:00+00:00,114.5035,114.809,114.426,114.781
2026-02-06T10:00:00+00:00,114.783,115.091,114.63,114.918
2026-02-06T14:00:00+00:00,114.9175,115.1925,114.8795,115.107
2026-02-06T18:00:00+00:00,115.109,115.1765,114.9475,114.95
2026-02-08T22:00:00+00:00,115.2555,115.35,114.428,114.6725
2026-02-09T02:00:00+00:00,114.6725,114.906,114.632,114.701
2026-02-09T06:00:00+00:00,114.693,114.915,114.555,114.815
2026-02-09T10:00:00+00:00,114.8155,115.0125,114.6255,114.636
2026-02-09T14:00:00+00:00,114.6355,115.0565,114.495,114.9385
2026-02-09T18:00:00+00:00,114.9395,115.0505,114.811,114.9815
2026-02-09T22:00:00+00:00,114.988,115.2205,114.835,114.8675
2026-02-10T02:00:00+00:00,114.868,114.986,114.4195,114.569
2026-02-10T06:00:00+00:00,114.568,114.757,114.4595,114.49
2026-02-10T10:00:00+00:00,114.489,114.512,114.1485,114.2325
2026-02-10T14:00:00+00:00,114.233,114.263,113.8845,114.0045
2026-02-10T18:00:00+00:00,114.0035,114.062,113.8285,113.945
2026-02-10T22:00:00+00:00,113.93,114.036,113.6005,113.7295
2026-02-11T02:00:00+00:00,113.729,113.7315,113.175,113.191
2026-02-11T06:00:00+00:00,113.1935,113.5,113.047,113.396
2026-02-11T10:00:00+00:00,113.395,113.7345,112.535,113.2555
2026-02-11T14:00:00+00:00,113.253,113.372,112.5315,112.7495
2026-02-11T18:00:00+00:00,112.7485,112.9385,112.553,112.894
2026-02-11T22:00:00+00:00,112.899,113.009,112.6085,112.6675
2026-02-12T02:00:00+00:00,112.6685,112.79,112.241,112.7595
2026-02-12T06:00:00+00:00,112.7605,112.967,112.562,112.751
2026-02-12T10:00:00+00:00,112.753,113.269,112.688,112.9885
2026-02-12T14:00:00+00:00,112.989,113.039,111.7795,112.1985
2026-02-12T18:00:00+00:00,112.1965,112.4075,112.0905,112.241
2026-02-12T22:00:00+00:00,112.2375,112.631,112.082,112.578
2026-02-13T02:00:00+00:00,112.5735,112.607,112.242,112.504
2026-02-13T06:00:00+00:00,112.506,112.971,112.3995,112.834
2026-02-13T10:00:00+00:00,112.8345,112.877,112.308,112.531
2026-02-13T14:00:00+00:00,112.5315,112.5605,112.1425,112.3215
2026-02-13T18:00:00+00:00,112.324,112.3925,112.0605,112.119
2026-02-15T22:00:00+00:00,112.2285,112.483,112.058,112.3995
2026-02-16T02:00:00+00:00,112.3985,112.5485,112.3765,112.511
2026-02-16T06:00:00+00:00,112.512,112.7975,112.4895,112.77
2026-02-16T10:00:00+00:00,112.769,112.879,112.4965,112.5305
2026-02-16T14:00:00+00:00,112.533,112.648,112.4495,112.5335
2026-02-16T18:00:00+00:00,112.5345,112.609,112.5285,112.552
2026-02-16T22:00:00+00:00,112.56,112.75,112.2455,112.26
2026-02-17T02:00:00+00:00,112.257,112.348,112.0605,112.135
2026-02-17T06:00:00+00:00,112.133,112.274,111.906,112.071
2026-02-17T10:00:00+00:00,112.072,112.277,112.0215,112.122
2026-02-17T14:00:00+00:00,112.119,112.5645,112.1075,112.45
2026-02-17T18:00:00+00:00,112.451,112.4705,112.3365,112.439
2026-02-17T22:00:00+00:00,112.443,112.4655,112.2265,112.4535
2026-02-18T02:00:00+00:00,112.4555,112.6045,112.4035,112.407
2026-02-18T06:00:00+00:00,112.4065,112.613,112.373,112.579
2026-02-18T10:00:00+00:00,112.578,112.7435,112.5375,112.6335
2026-02-18T14:00:00+00:00,112.6335,113.008,112.6205,112.9675
2026-02-18T18:00:00+00:00,112.9695,113.074,112.775,113.0395
2026-02-18T22:00:00+00:00,113.04,113.2235,112.9035,113.2095
2026-02-19T02:00:00+00:00,113.211,113.371,113.062,113.363
2026-02-19T06:00:00+00:00,113.365,113.416,113.1085,113.236
2026-02-19T10:00:00+00:00,113.235,113.2515,112.891,113.214
2026-02-19T14:00:00+00:00,113.2155,113.354,113.1065,113.204
2026-02-19T18:00:00+00:00,113.2035,113.3425,113.087,113.329
2026-02-19T22:00:00+00:00,113.285,113.417,113.165,113.272
2026-02-20T02:00:00+00:00,113.271,113.495,113.184,113.479
2026-02-20T06:00:00+00:00,113.478,113.695,113.221,113.5225
2026-02-20T10:00:00+00:00,113.525,113.5935,113.299,113.5445
2026-02-20T14:00:00+00:00,113.544,113.6295,113.0855,113.2585
2026-02-20T18:00:00+00:00,113.259,113.414,113.164,113.3415
2026-02-22T22:00:00+00:00,113.2785,113.362,112.7365,112.866
2026-02-23T02:00:00+00:00,112.864,112.9965,112.778,112.989
2026-02-23T06:00:00+00:00,112.986,113.2865,112.8855,113.249
2026-02-23T10:00:00+00:00,113.247,113.281,112.908,113.0475
2026-02-23T14:00:00+00:00,113.0485,113.219,112.6935,112.782
2026-02-23T18:00:00+00:00,112.78,112.962,112.775,112.915
2026-02-23T22:00:00+00:00,112.9185,113.111,112.824,113.0705
2026-02-24T02:00:00+00:00,113.073,113.3435,113.0035,113.274
2026-02-24T06:00:00+00:00,113.273,114.048,113.112,113.784
2026-02-24T10:00:00+00:00,113.785,113.851,113.5845,113.797
2026-02-24T14:00:00+00:00,113.798,113.831,113.51,113.654
2026-02-24T18:00:00+00:00,113.6535,113.8295,113.625,113.7645
2026-02-24T22:00:00+00:00,113.7675,113.8525,113.6535,113.719
2026-02-25T02:00:00+00:00,113.7185,113.989,113.5235,113.767
2026-02-25T06:00:00+00:00,113.766,114.409,113.709,114.347
2026-02-25T10:00:00+00:00,114.348,114.5055,114.33,114.376
2026-02-25T14:00:00+00:00,114.3765,114.458,114.187,114.246
2026-02-25T18:00:00+00:00,114.2465,114.445,114.241,114.3275
2026-02-25T22:00:00+00:00,114.32,114.437,114.053,114.075
2026-02-26T02:00:00+00:00,114.074,114.181,113.965,114.127
2026-02-26T06:00:00+00:00,114.1225,114.2675,114.0285,114.1205
2026-02-26T10:00:00+00:00,114.119,114.1735,114.008,114.1065
2026-02-26T14:00:00+00:00,114.104,114.2245,113.7585,114.175
2026-02-26T18:00:00+00:00,114.1755,114.286,114.0525,114.1355
2026-02-26T22:00:00+00:00,114.1335,114.2255,113.8245,114.0255
2026-02-27T02:00:00+00:00,114.0275,114.0535,113.82,114.051
2026-02-27T06:00:00+00:00,114.0525,114.2475,114.0175,114.1805
2026-02-27T10:00:00+00:00,114.1825,114.23,113.995,114.2125
2026-02-27T14:00:00+00:00,114.213,114.545,114.131,114.496
2026-02-27T18:00:00+00:00,114.495,114.528,114.3295,114.393
2026-03-01T22:00:00+00:00,114.274,114.707,114.274,114.4785
2026-03-02T02:00:00+00:00,114.4795,114.864,114.439,114.8235
2026-03-02T06:00:00+00:00,114.8255,115.0355,114.796,115.006
2026-03-02T10:00:00+00:00,115.0075,115.25,114.8785,115.117
2026-03-02T14:00:00+00:00,115.1185,115.28,114.784,114.8475
2026-03-02T18:00:00+00:00,114.849,115.158,114.8005,115.072
2026-03-02T22:00:00+00:00,115.1085,115.302,114.955,115.075
2026-03-03T02:00:00+00:00,115.074,115.179,115.0225,115.0925
2026-03-03T06:00:00+00:00,115.0905,115.153,114.934,115.091
2026-03-03T10:00:00+00:00,115.093,115.2825,115.0455,115.1225
2026-03-03T14:00:00+00:00,115.1205,115.4845,114.727,115.4115
2026-03-03T18:00:00+00:00,115.4135,115.502,115.236,115.3025
2026-03-03T22:00:00+00:00,115.301,115.402,115.0845,115.1205
2026-03-04T02:00:00+00:00,115.119,115.1855,114.8665,115.109
2026-03-04T06:00:00+00:00,115.1115,115.323,114.893,114.955
2026-03-04T10:00:00+00:00,114.9545,115.121,114.9075,115.0615
2026-03-04T14:00:00+00:00,115.063,115.1545,114.7865,114.8905
2026-03-04T18:00:00+00:00,114.8915,115.2455,114.8725,115.118
2026-03-04T22:00:00+00:00,115.1175,115.203,114.779,114.899
2026-03-05T02:00:00+00:00,114.8985,115.167,114.882,115.058
2026-03-05T06:00:00+00:00,115.059,115.269,114.9525,115.18
2026-03-05T10:00:00+00:00,115.181,115.7185,115.151,115.609
2026-03-05T14:00:00+00:00,115.608,115.619,115.027,115.1065
2026-03-05T18:00:00+00:00,115.106,115.3095,115.07,115.2415
2026-03-05T22:00:00+00:00,115.2355,115.355,115.1005,115.312
2026-03-06T02:00:00+00:00,115.3125,115.559,115.273,115.523
2026-03-06T06:00:00+00:00,115.522,115.5735,115.384,115.49
2026-03-06T10:00:00+00:00,115.4885,115.707,115.389,115.674
2026-03-06T14:00:00+00:00,115.6745,116.0505,115.4095,116.047
2026-03-06T18:00:00+00:00,116.0475,116.3815,115.982,116.3215
2026-03-08T21:00:00+00:00,116.2075,116.917,116.1745,116.6665
2026-03-09T01:00:00+00:00,116.6705,117.2025,116.6415,117.1205
2026-03-09T05:00:00+00:00,117.1185,117.151,116.8035,116.8665
2026-03-09T09:00:00+00:00,116.8675,117.154,116.7135,116.874
2026-03-09T13:00:00+00:00,116.8745,116.8845,116.377,116.536
2026-03-09T17:00:00+00:00,116.5375,116.6725,115.9895,116.042
2026-03-09T21:00:00+00:00,116.046,116.2895,115.9335,115.9545
2026-03-10T01:00:00+00:00,115.9595,116.1365,115.884,116.109
2026-03-10T05:00:00+00:00,116.11,116.1145,115.839,116.099
2026-03-10T09:00:00+00:00,116.098,116.6125,116.0665,116.474
2026-03-10T13:00:00+00:00,116.473,116.473,116.094,116.116
2026-03-10T17:00:00+00:00,116.115,116.455,115.961,116.3865
2026-03-10T21:00:00+00:00,116.3825,116.532,116.302,116.5035
2026-03-11T01:00:00+00:00,116.5055,116.7665,116.498,116.6095
2026-03-11T05:00:00+00:00,116.6105,116.7995,116.4,116.787
2026-03-11T09:00:00+00:00,116.7875,116.8755,116.6025,116.6975
2026-03-11T13:00:00+00:00,116.6965,116.949,116.58,116.9345
2026-03-11T17:00:00+00:00,116.9355,117.0675,116.8995,116.943
2026-03-11T21:00:00+00:00,116.9425,117.087,116.847,117.019
2026-03-12T01:00:00+00:00,117.0205,117.1155,116.9305,117.086
2026-03-12T05:00:00+00:00,117.085,117.114,116.859,116.95
2026-03-12T09:00:00+00:00,116.949,116.9915,116.679,116.8425
2026-03-12T13:00:00+00:00,116.8405,117.0095,116.793,116.8375
2026-03-12T17:00:00+00:00,116.841,117.048,116.8105,116.835
2026-03-12T21:00:00+00:00,116.8315,116.928,116.715,116.761
2026-03-13T01:00:00+00:00,116.7635,117.0225,116.7485,116.9015
2026-03-13T05:00:00+00:00,116.902,116.903,116.5975,116.618
2026-03-13T09:00:00+00:00,116.615,116.736,116.252,116.289
2026-03-13T13:00:00+00:00,116.287,116.308,116.099,116.2275
2026-03-13T17:00:00+00:00,116.2265,116.484,116.168,116.452
2026-03-15T21:00:00+00:00,116.2635,116.459,116.1675,116.2215
2026-03-16T01:00:00+00:00,116.225,116.4285,116.206,116.333
2026-03-16T05:00:00+00:00,116.331,116.355,116.0435,116.332
2026-03-16T09:00:00+00:00,116.331,116.392,116.109,116.228
2026-03-16T13:00:00+00:00,116.2235,116.505,116.2155,116.438
2026-03-16T17:00:00+00:00,116.439,116.445,116.1995,116.2365
2026-03-16T21:00:00+00:00,116.232,116.4085,116.1525,116.4085
2026-03-17T01:00:00+00:00,116.4095,116.5155,116.364,116.3645
2026-03-17T05:00:00+00:00,116.365,116.4395,116.1905,116.2335
2026-03-17T09:00:00+00:00,116.2345,116.257,115.9785,116.065
2026-03-17T13:00:00+00:00,116.063,116.165,115.839,116.0165
2026-03-17T17:00:00+00:00,116.0155,116.175,116.0115,116.146
2026-03-17T21:00:00+00:00,116.143,116.2475,116.025,116.189
2026-03-18T01:00:00+00:00,116.188,116.219,115.901,115.941
2026-03-18T05:00:00+00:00,115.942,116.079,115.7215,116.07
2026-03-18T09:00:00+00:00,116.071,116.3675,116.062,116.334
2026-03-18T13:00:00+00:00,116.3335,116.5025,116.236,116.4395
2026-03-18T17:00:00+00:00,116.438,116.5045,116.288,116.433
2026-03-18T21:00:00+00:00,116.436,116.489,116.333,116.4775
2026-03-19T01:00:00+00:00,116.478,116.508,116.2715,116.321
2026-03-19T05:00:00+00:00,116.32,116.442,115.7685,115.8355
2026-03-19T09:00:00+00:00,115.835,115.9715,115.7285,115.789
2026-03-19T13:00:00+00:00,115.7895,115.802,115.1355,115.1435
2026-03-19T17:00:00+00:00,115.1445,115.156,114.7225,114.828
2026-03-19T21:00:00+00:00,114.833,115.033,114.734,114.916
2026-03-20T01:00:00+00:00,114.9125,115.3745,114.8775,115.3415
2026-03-20T05:00:00+00:00,115.341,115.572,115.276,115.553
2026-03-20T09:00:00+00:00,115.552,115.8055,115.5295,115.723
2026-03-20T13:00:00+00:00,115.7205,116.1455,115.6725,116.1395
2026-03-20T17:00:00+00:00,116.139,116.21,115.9945,116.0285
2026-03-22T21:00:00+00:00,116.143,116.2555,115.9375,116.2545
2026-03-23T01:00:00+00:00,116.255,116.404,116.177,116.2155
2026-03-23T05:00:00+00:00,116.216,116.278,116.0575,116.093
2026-03-23T09:00:00+00:00,116.0925,116.0995,115.5345,115.7285
2026-03-23T13:00:00+00:00,115.7295,115.808,115.48,115.6305
2026-03-23T17:00:00+00:00,115.631,115.6345,115.192,115.4325
2026-03-23T21:00:00+00:00,115.4315,115.5015,115.3065,115.3965
2026-03-24T01:00:00+00:00,115.3945,115.436,115.2995,115.409
2026-03-24T05:00:00+00:00,115.41,115.435,115.271,115.4095
2026-03-24T09:00:00+00:00,115.408,115.6015,115.374,115.56
2026-03-24T13:00:00+00:00,115.5595,115.652,115.3405,115.3935
2026-03-24T17:00:00+00:00,115.3915,115.587,115.2525,115.314
2026-03-24T21:00:00+00:00,115.3135,115.4565,115.2325,115.334
2026-03-25T01:00:00+00:00,115.333,115.412,115.258,115.3635
2026-03-25T05:00:00+00:00,115.3615,115.4905,115.14,115.1685
2026-03-25T09:00:00+00:00,115.168,115.362,115.115,115.3585
2026-03-25T13:00:00+00:00,115.3595,115.497,115.243,115.3265
2026-03-25T17:00:00+00:00,115.3245,115.5135,115.3035,115.477
2026-03-25T21:00:00+00:00,115.4735,115.5535,115.332,115.383
2026-03-26T01:00:00+00:00,115.384,115.4405,115.3325,115.3765
2026-03-26T05:00:00+00:00,115.3765,115.4055,115.2575,115.305
2026-03-26T09:00:00+00:00,115.302,115.4515,115.243,115.396
2026-03-26T13:00:00+00:00,115.398,115.4525,115.1825,115.352
2026-03-26T17:00:00+00:00,115.3505,115.4155,115.148,115.3185
2026-03-26T21:00:00+00:00,115.3195,115.3345,115.08,115.1395
2026-03-27T01:00:00+00:00,115.138,115.246,115.0935,115.2415
2026-03-27T05:00:00+00:00,115.24,115.507,115.193,115.3985
2026-03-27T09:00:00+00:00,115.3975,115.478,115.233,115.285
2026-03-27T13:00:00+00:00,115.2845,115.466,115.173,115.3805
2026-03-27T17:00:00+00:00,115.381,115.5135,115.3145,115.3755
2026-03-29T22:00:00+01:00,115.4345,115.532,115.109,115.136
2026-03-30T02:00:00+01:00,115.1385,115.2045,114.952,115.0185
2026-03-30T06:00:00+01:00,115.02,115.067,114.6975,114.7375
2026-03-30T10:00:00+01:00,114.737,114.7825,114.4405,114.4495
2026-03-30T14:00:00+01:00,114.4485,114.668,114.4015,114.5155
2026-03-30T18:00:00+01:00,114.518,114.734,114.51,114.698
2026-03-30T22:00:00+01:00,114.705,114.852,114.6445,114.8465
2026-03-31T02:00:00+01:00,114.8475,114.8765,114.5795,114.583
2026-03-31T06:00:00+01:00,114.5835,114.663,114.461,114.479
2026-03-31T10:00:00+01:00,114.4775,114.5945,114.317,114.331
2026-03-31T14:00:00+01:00,114.33,114.389,113.8415,114.078
2026-03-31T18:00:00+01:00,114.076,114.1395,113.943,114.062
2026-03-31T22:00:00+01:00,114.0765,114.2735,113.997,114.238
2026-04-01T02:00:00+01:00,114.239,114.3335,114.053,114.149
2026-04-01T06:00:00+01:00,114.15,114.245,113.858,114.1595
2026-04-01T10:00:00+01:00,114.159,114.3105,113.944,114.081
2026-04-01T14:00:00+01:00,114.079,114.339,114.056,114.2655
2026-04-01T18:00:00+01:00,114.265,114.493,114.1965,114.453
2026-04-01T22:00:00+01:00,114.452,114.53,114.2695,114.377
2026-04-02T02:00:00+01:00,114.376,114.724,114.3505,114.541
2026-04-02T06:00:00+01:00,114.5415,114.8345,114.4885,114.7045
2026-04-02T10:00:00+01:00,114.7055,114.8015,114.605,114.6895
2026-04-02T14:00:00+01:00,114.6875,114.718,114.383,114.6415
2026-04-02T18:00:00+01:00,114.644,114.7495,114.6045,114.656
2026-04-02T22:00:00+01:00,114.6685,114.7215,114.5425,114.6495
2026-04-03T02:00:00+01:00,114.6515,114.7045,114.577,114.6365
2026-04-03T06:00:00+01:00,114.636,114.702,114.615,114.6665
2026-04-03T10:00:00+01:00,114.6675,114.678,114.4975,114.5095
2026-04-03T14:00:00+01:00,114.509,114.54,114.389,114.501
2026-04-03T18:00:00+01:00,114.504,114.586,114.387,114.4915
2026-04-05T22:00:00+01:00,114.47,114.644,114.37,114.566
2026-04-06T02:00:00+01:00,114.5655,114.5655,114.439,114.4915
2026-04-06T06:00:00+01:00,114.491,114.643,114.442,114.4895
2026-04-06T10:00:00+01:00,114.49,114.651,114.47,114.5915
2026-04-06T14:00:00+01:00,114.593,114.802,114.577,114.7405
2026-04-06T18:00:00+01:00,114.7415,114.8305,114.7045,114.7915
2026-04-06T22:00:00+01:00,114.788,114.844,114.7345,114.8335
2026-04-07T02:00:00+01:00,114.834,114.8495,114.7705,114.776
2026-04-07T06:00:00+01:00,114.7765,114.852,114.61,114.66
2026-04-07T10:00:00+01:00,114.6595,114.9325,114.587,114.8355
2026-04-07T14:00:00+01:00,114.835,115.065,114.7605,115.032
2026-04-07T18:00:00+01:00,115.0305,115.087,114.8315,114.9585
2026-04-07T22:00:00+01:00,114.9205,115.001,114.4815,114.5915
2026-04-08T02:00:00+01:00,114.592,114.6495,114.4,114.468
2026-04-08T06:00:00+01:00,114.4685,114.523,114.166,114.222
2026-04-08T10:00:00+01:00,114.2205,114.2885,114.0295,114.1675
2026-04-08T14:00:00+01:00,114.1685,114.4955,114.0515,114.453
2026-04-08T18:00:00+01:00,114.4535,114.608,114.4135,114.53
2026-04-08T22:00:00+01:00,114.541,114.703,114.4305,114.6855
2026-04-09T02:00:00+01:00,114.6845,114.72,114.591,114.632
2026-04-09T06:00:00+01:00,114.6305,114.844,114.6105,114.8225
2026-04-09T10:00:00+01:00,114.8245,115.032,114.738,114.945
2026-04-09T14:00:00+01:00,114.9445,115.2385,114.8655,114.9175
2026-04-09T18:00:00+01:00,114.916,115.2005,114.8635,115.076
2026-04-09T22:00:00+01:00,115.077,115.1925,115.052,115.1515
2026-04-10T02:00:00+01:00,115.152,115.1825,115.071,115.1465
2026-04-10T06:00:00+01:00,115.1475,115.242,115.0715,115.1445
2026-04-10T10:00:00+01:00,115.144,115.1955,115.0365,115.1675
2026-04-10T14:00:00+01:00,115.166,115.3195,114.9775,115.134
2026-04-10T18:00:00+01:00,115.132,115.237,115.0465,115.0925
2026-04-12T22:00:00+01:00,115.1625,115.291,115.059,115.211
2026-04-13T02:00:00+01:00,115.2105,115.2765,115.174,115.251
2026-04-13T06:00:00+01:00,115.2515,115.386,115.163,115.3825
2026-04-13T10:00:00+01:00,115.383,115.4605,115.333,115.4085
2026-04-13T14:00:00+01:00,115.4065,115.6875,115.3425,115.625
2026-04-13T18:00:00+01:00,115.6265,115.6565,115.4775,115.6175
2026-04-13T22:00:00+01:00,115.6175,115.6365,115.4435,115.4585
2026-04-14T02:00:00+01:00,115.457,115.5145,115.377,115.386
2026-04-14T06:00:00+01:00,115.3855,115.6035,115.327,115.58
2026-04-14T10:00:00+01:00,115.577,115.606,115.41,115.5395
2026-04-14T14:00:00+01:00,115.5375,115.6185,115.3905,115.425
2026-04-14T18:00:00+01:00,115.424,115.447,115.2515,115.341
2026-04-14T22:00:00+01:00,115.339,115.4225,115.308,115.3585
2026-04-15T02:00:00+01:00,115.359,115.458,115.359,115.419
2026-04-15T06:00:00+01:00,115.4195,115.4885,115.2835,115.342
2026-04-15T10:00:00+01:00,115.341,115.5535,115.295,115.514
2026-04-15T14:00:00+01:00,115.517,115.762,115.4725,115.6875
2026-04-15T18:00:00+01:00,115.686,115.8765,115.673,115.7275
2026-04-15T22:00:00+01:00,115.727,115.8325,115.6135,115.636
2026-04-16T02:00:00+01:00,115.635,115.7405,115.409,115.7075
2026-04-16T06:00:00+01:00,115.708,115.885,115.6795,115.823
2026-04-16T10:00:00+01:00,115.8235,115.9675,115.7275,115.96
2026-04-16T14:00:00+01:00,115.9595,116.193,115.8745,116.1785
2026-04-16T18:00:00+01:00,116.1805,116.24,116.118,116.16
2026-04-16T22:00:00+01:00,116.161,116.3185,116.0485,116.2965
2026-04-17T02:00:00+01:00,116.3,116.51,116.259,116.509
2026-04-17T06:00:00+01:00,116.5095,116.596,116.3855,116.4
2026-04-17T10:00:00+01:00,116.3985,116.449,115.9355,115.963
2026-04-17T14:00:00+01:00,115.958,116.023,115.3165,115.633
2026-04-17T18:00:00+01:00,115.6325,115.934,115.6315,115.852
2026-04-19T22:00:00+01:00,116.058,116.185,115.951,116.1105
2026-04-20T02:00:00+01:00,116.112,116.1135,115.943,116.035
2026-04-20T06:00:00+01:00,116.0345,116.1755,115.9405,116.1085
2026-04-20T10:00:00+01:00,116.1065,116.149,115.987,116.0395
2026-04-20T14:00:00+01:00,116.0415,116.31,115.903,116.2765
2026-04-20T18:00:00+01:00,116.276,116.485,116.2635,116.394
2026-04-20T22:00:00+01:00,116.356,116.536,116.2485,116.5115
2026-04-21T02:00:00+01:00,116.5125,116.5355,116.46,116.4725
2026-04-21T06:00:00+01:00,116.474,116.5865,116.3595,116.55
2026-04-21T10:00:00+01:00,116.5535,116.6185,116.449,116.6085
2026-04-21T14:00:00+01:00,116.608,116.8565,116.5685,116.7545
2026-04-21T18:00:00+01:00,116.7565,116.794,116.603,116.6245
2026-04-21T22:00:00+01:00,116.6235,116.7275,116.565,116.648
2026-04-22T02:00:00+01:00,116.649,116.705,116.5725,116.6835
2026-04-22T06:00:00+01:00,116.6825,116.7835,116.531,116.7775
2026-04-22T10:00:00+01:00,116.7785,116.7905,116.4945,116.601
2026-04-22T14:00:00+01:00,116.6015,116.804,116.485,116.7955
2026-04-22T18:00:00+01:00,116.7945,116.803,116.627,116.656
2026-04-22T22:00:00+01:00,116.661,116.76,116.584,116.606
2026-04-23T02:00:00+01:00,116.604,116.7295,116.58,116.717
2026-04-23T06:00:00+01:00,116.716,116.907,116.7095,116.8875
2026-04-23T10:00:00+01:00,116.89,116.899,116.6005,116.6105
2026-04-23T14:00:00+01:00,116.609,116.7455,116.4495,116.4585
2026-04-23T18:00:00+01:00,116.459,116.6515,116.458,116.5905
2026-04-23T22:00:00+01:00,116.5875,116.664,116.455,116.6555
2026-04-24T02:00:00+01:00,116.6545,116.665,116.4975,116.548
2026-04-24T06:00:00+01:00,116.5485,116.6985,116.4285,116.6805
2026-04-24T10:00:00+01:00,116.679,116.7275,116.412,116.625
2026-04-24T14:00:00+01:00,116.6235,116.6475,116.459,116.544
2026-04-24T18:00:00+01:00,116.5435,116.6855,116.5295,116.6105
2026-04-26T22:00:00+01:00,116.661,116.783,116.5835,116.672
2026-04-27T02:00:00+01:00,116.6715,116.679,116.484,116.5455
2026-04-27T06:00:00+01:00,116.546,116.929,116.5385,116.887
2026-04-27T10:00:00+01:00,116.8795,117.07,116.869,117.067
2026-04-27T14:00:00+01:00,117.066,117.089,116.8705,117.055
2026-04-27T18:00:00+01:00,117.0535,117.0875,116.911,117
2026-04-27T22:00:00+01:00,117,117.077,116.9395,117.0505
2026-04-28T02:00:00+01:00,117.051,117.08,116.617,116.697
2026-04-28T06:00:00+01:00,116.6975,117.0805,116.632,116.865
2026-04-28T10:00:00+01:00,116.866,116.9065,116.5995,116.622
2026-04-28T14:00:00+01:00,116.623,116.824,116.6,116.6355
2026-04-28T18:00:00+01:00,116.635,116.708,116.622,116.645
2026-04-28T22:00:00+01:00,116.652,116.745,116.5675,116.6265
2026-04-29T02:00:00+01:00,116.6245,116.6775,116.6095,116.649
2026-04-29T06:00:00+01:00,116.6485,116.7885,116.612,116.768
2026-04-29T10:00:00+01:00,116.7665,116.9805,116.7165,116.9705
2026-04-29T14:00:00+01:00,116.969,117.2555,116.813,117.2265
2026-04-29T18:00:00+01:00,117.226,117.3005,117.0975,117.228
2026-04-29T22:00:00+01:00,117.243,117.299,117.1365,117.2405
2026-04-30T02:00:00+01:00,117.2395,117.359,117.176,117.329
2026-04-30T06:00:00+01:00,117.33,117.5195,116.6635,116.764
2026-04-30T10:00:00+01:00,116.763,116.7715,113.917,114.74
2026-04-30T14:00:00+01:00,114.7425,115.25,114.3615,115.0555
2026-04-30T18:00:00+01:00,115.0575,115.3645,114.952,115.3175
2026-04-30T22:00:00+01:00,115.3355,115.868,115.1915,115.694
2026-05-01T02:00:00+01:00,115.693,115.8995,115.653,115.7555
2026-05-01T06:00:00+01:00,115.755,115.8095,114.593,115.3035
2026-05-01T10:00:00+01:00,115.304,115.519,115.263,115.469
2026-05-01T14:00:00+01:00,115.4675,115.588,115.257,115.52
2026-05-01T18:00:00+01:00,115.5185,115.631,115.4835,115.5865
2026-05-03T22:00:00+01:00,115.3835,115.5535,115.2965,115.4865
2026-05-04T02:00:00+01:00,115.4865,115.699,114.6325,115.3415
2026-05-04T06:00:00+01:00,115.342,115.469,115.2115,115.407
2026-05-04T10:00:00+01:00,115.406,115.536,115.352,115.4145
2026-05-04T14:00:00+01:00,115.413,115.555,115.3025,115.521
2026-05-04T18:00:00+01:00,115.5215,115.6015,115.092,115.419
2026-05-04T22:00:00+01:00,115.428,115.48,115.3545,115.385
2026-05-05T02:00:00+01:00,115.384,115.468,115.3785,115.4215
2026-05-05T06:00:00+01:00,115.4205,115.5385,115.3805,115.5115
2026-05-05T10:00:00+01:00,115.5095,115.944,115.3985,115.826
2026-05-05T14:00:00+01:00,115.829,115.9525,115.762,115.8605
2026-05-05T18:00:00+01:00,115.861,115.971,115.8405,115.94
2026-05-05T22:00:00+01:00,115.9405,115.9935,115.792,115.905
2026-05-06T02:00:00+01:00,115.9055,116.099,114.126,114.7735
2026-05-06T06:00:00+01:00,114.77,115.18,114.567,114.8205
2026-05-06T10:00:00+01:00,114.8205,114.902,114.5495,114.8255
2026-05-06T14:00:00+01:00,114.828,114.8525,114.6015,114.7345
2026-05-06T18:00:00+01:00,114.738,114.7765,114.6405,114.7115
2026-05-06T22:00:00+01:00,114.733,114.7955,114.5815,114.6355
2026-05-07T02:00:00+01:00,114.634,114.7155,114.492,114.687
2026-05-07T06:00:00+01:00,114.685,114.7585,114.4945,114.7445
2026-05-07T10:00:00+01:00,114.744,114.821,114.6095,114.6405
2026-05-07T14:00:00+01:00,114.6395,114.931,114.5545,114.922
2026-05-07T18:00:00+01:00,114.921,115.033,114.8225,114.8495
2026-05-07T22:00:00+01:00,114.8585,114.9405,114.705,114.9205
2026-05-08T02:00:00+01:00,114.92,114.9345,114.8035,114.8615
2026-05-08T06:00:00+01:00,114.86,114.898,114.7285,114.7965
2026-05-08T10:00:00+01:00,114.7945,114.911,114.3725,114.4215
2026-05-08T14:00:00+01:00,114.42,114.532,114.1735,114.471
2026-05-08T18:00:00+01:00,114.472,114.6295,114.4475,114.5625
2026-05-10T22:00:00+01:00,114.4045,114.7595,114.373,114.697
2026-05-11T02:00:00+01:00,114.6965,114.844,114.6835,114.7455
2026-05-11T06:00:00+01:00,114.746,114.96,114.725,114.925
2026-05-11T10:00:00+01:00,114.927,115.0325,114.803,114.9635
2026-05-11T14:00:00+01:00,114.9625,115.075,114.8715,115.0215
2026-05-11T18:00:00+01:00,115.0195,115.0395,114.9,114.915
2026-05-11T22:00:00+01:00,114.9145,115.018,114.7935,115.009
2026-05-12T02:00:00+01:00,115.0085,115.1505,114.9875,115.0925
2026-05-12T06:00:00+01:00,115.093,115.2155,114.517,115.015
2026-05-12T10:00:00+01:00,115.018,115.0525,114.8905,114.994
2026-05-12T14:00:00+01:00,114.995,115.043,114.863,115.04
2026-05-12T18:00:00+01:00,115.0405,115.123,114.96,115.097
2026-05-12T22:00:00+01:00,115.097,115.18,115.013,115.1665
2026-05-13T02:00:00+01:00,115.1665,115.248,115.082,115.1725
2026-05-13T06:00:00+01:00,115.173,115.2085,115.037,115.1965
2026-05-13T10:00:00+01:00,115.196,115.289,115.168,115.2535
2026-05-13T14:00:00+01:00,115.254,115.2835,115.0765,115.1835
2026-05-13T18:00:00+01:00,115.1825,115.221,115.1065,115.1675
2026-05-13T22:00:00+01:00,115.1705,115.2165,115.0535,115.184
2026-05-14T02:00:00+01:00,115.1835,115.2615,114.936,115.2015
2026-05-14T06:00:00+01:00,115.2025,115.2445,115.132,115.22
2026-05-14T10:00:00+01:00,115.2195,115.2395,115.0415,115.11
2026-05-14T14:00:00+01:00,115.109,115.2755,114.6785,115.275
2026-05-14T18:00:00+01:00,115.2745,115.492,115.2195,115.431
2026-05-14T22:00:00+01:00,115.428,115.48,115.328,115.3735
2026-05-15T02:00:00+01:00,115.3745,115.403,115.296,115.318
2026-05-15T06:00:00+01:00,115.3185,115.442,115.1845,115.3375
2026-05-15T10:00:00+01:00,115.335,115.347,115.1845,115.2975
2026-05-15T14:00:00+01:00,115.295,115.5515,115.227,115.5475
2026-05-15T18:00:00+01:00,115.5495,115.5605,115.378,115.468
2026-05-17T22:00:00+01:00,115.398,115.5335,115.292,115.5045
2026-05-18T02:00:00+01:00,115.503,115.674,115.484,115.5985
2026-05-18T06:00:00+01:00,115.599,115.6645,115.5355,115.624
2026-05-18T10:00:00+01:00,115.6235,115.664,115.4755,115.507
2026-05-18T14:00:00+01:00,115.5075,115.6805,115.4355,115.6665
2026-05-18T18:00:00+01:00,115.665,115.709,115.5595,115.6
2026-05-18T22:00:00+01:00,115.5975,115.6795,115.5045,115.6675
2026-05-19T02:00:00+01:00,115.668,115.676,115.5975,115.618
2026-05-19T06:00:00+01:00,115.619,115.776,115.6,115.658
2026-05-19T10:00:00+01:00,115.6575,115.7745,115.233,115.562
2026-05-19T14:00:00+01:00,115.559,115.7,115.4185,115.52
2026-05-19T18:00:00+01:00,115.5195,115.7695,115.4725,115.738
2026-05-19T22:00:00+01:00,115.738,115.767,115.5675,115.5735
2026-05-20T02:00:00+01:00,115.571,115.6355,115.4875,115.5475
2026-05-20T06:00:00+01:00,115.5485,115.5755,115.461,115.4835
2026-05-20T10:00:00+01:00,115.483,115.646,115.4435,115.5535
2026-05-20T14:00:00+01:00,115.554,115.635,115.4345,115.541
2026-05-20T18:00:00+01:00,115.5415,115.656,115.4975,115.614
2026-05-20T22:00:00+01:00,115.626,115.711,115.5485,115.5615
2026-05-21T02:00:00+01:00,115.562,115.5725,115.4745,115.545
2026-05-21T06:00:00+01:00,115.546,115.601,115.419,115.49
2026-05-21T10:00:00+01:00,115.491,115.637,115.4595,115.561
2026-05-21T14:00:00+01:00,115.561,115.5865,115.369,115.4565
2026-05-21T18:00:00+01:00,115.458,115.467,115.306,115.4125
2026-05-21T22:00:00+01:00,115.4145,115.4455,115.293,115.4215
2026-05-22T02:00:00+01:00,115.4235,115.4295,115.299,115.359
2026-05-22T06:00:00+01:00,115.3595,115.422,115.3165,115.4095
2026-05-22T10:00:00+01:00,115.4115,115.4235,115.236,115.242
2026-05-22T14:00:00+01:00,115.2405,115.3225,115.127,115.2745
2026-05-22T18:00:00+01:00,115.2735,115.2895,115.1405,115.1795
2026-05-24T22:00:00+01:00,115.0205,115.171,114.937,115.1185
2026-05-25T02:00:00+01:00,115.118,115.1525,115.0535,115.071
2026-05-25T06:00:00+01:00,115.072,115.1105,115.0305,115.0565
2026-05-25T10:00:00+01:00,115.0555,115.106,115.033,115.095
2026-05-25T14:00:00+01:00,115.0955,115.1965,115.073,115.122
2026-05-25T18:00:00+01:00,115.1215,115.1745,115.106,115.1235
2026-05-25T22:00:00+01:00,115.133,115.179,115.0435,115.1695
2026-05-26T02:00:00+01:00,115.169,115.188,115.09,115.131
2026-05-26T06:00:00+01:00,115.1325,115.3945,115.102,115.3505
2026-05-26T10:00:00+01:00,115.351,115.3605,115.19,115.2395
2026-05-26T14:00:00+01:00,115.238,115.455,115.235,115.343
2026-05-26T18:00:00+01:00,115.343,115.3735,115.312,115.335
2026-05-26T22:00:00+01:00,115.3495,115.3995,115.2905,115.3635
2026-05-27T02:00:00+01:00,115.3625,115.3795,115.2645,115.322
2026-05-27T06:00:00+01:00,115.3205,115.372,115.221,115.271
2026-05-27T10:00:00+01:00,115.2715,115.3035,115.165,115.289
2026-05-27T14:00:00+01:00,115.2895,115.3815,115.1485,115.3625
2026-05-27T18:00:00+01:00,115.362,115.396,115.25,115.2655
2026-05-27T22:00:00+01:00,115.2695,115.316,115.189,115.2375
2026-05-28T02:00:00+01:00,115.24,115.247,115.06,115.1355
2026-05-28T06:00:00+01:00,115.137,115.201,115.06,115.063
2026-05-28T10:00:00+01:00,115.0625,115.1625,114.947,115.1345
2026-05-28T14:00:00+01:00,115.1375,115.4865,115.0835,115.422
2026-05-28T18:00:00+01:00,115.421,115.608,115.41,115.5465
2026-05-28T22:00:00+01:00,115.5345,115.603,115.4585,115.5655
2026-05-29T02:00:00+01:00,115.5645,115.602,115.527,115.53
2026-05-29T06:00:00+01:00,115.531,115.576,115.324,115.387
2026-05-29T10:00:00+01:00,115.3875,115.4215,115.179,115.2585
2026-05-29T14:00:00+01:00,115.258,115.6065,115.2375,115.373
2026-05-29T18:00:00+01:00,115.374,115.542,115.3685,115.448
2026-05-31T22:00:00+01:00,115.4925,115.588,115.4455,115.5115
2026-06-01T02:00:00+01:00,115.511,115.5295,115.4545,115.4845
2026-06-01T06:00:00+01:00,115.485,115.5535,115.3905,115.4235
2026-06-01T10:00:00+01:00,115.424,115.447,115.2435,115.3565
2026-06-01T14:00:00+01:00,115.3545,115.4595,115.3025,115.423
2026-06-01T18:00:00+01:00,115.4215,115.475,115.3475,115.358
2026-06-01T22:00:00+01:00,115.362,115.4185,115.268,115.329
2026-06-02T02:00:00+01:00,115.3275,115.3775,115.321,115.376
2026-06-02T06:00:00+01:00,115.3755,115.4495,115.343,115.363
2026-06-02T10:00:00+01:00,115.3625,115.4835,115.2925,115.4795
2026-06-02T14:00:00+01:00,115.479,115.674,115.4755,115.602
2026-06-02T18:00:00+01:00,115.6025,115.635,115.5355,115.547
2026-06-02T22:00:00+01:00,115.555,115.6165,115.4755,115.562
2026-06-03T02:00:00+01:00,115.5625,115.563,115.4385,115.4585
2026-06-03T06:00:00+01:00,115.459,115.504,115.046,115.29
2026-06-03T10:00:00+01:00,115.292,115.4225,115.2895,115.325
2026-06-03T14:00:00+01:00,115.3235,115.3735,115.13,115.1495
2026-06-03T18:00:00+01:00,115.151,115.223,115.138,115.1815
2026-06-03T22:00:00+01:00,115.1785,115.2235,115.087,115.106
2026-06-04T02:00:00+01:00,115.105,115.1125,114.8455,114.997
2026-06-04T06:00:00+01:00,114.998,115.016,114.833,114.895
2026-06-04T10:00:00+01:00,114.894,115.1115,114.8855,115.1
2026-06-04T14:00:00+01:00,115.1025,115.193,115.069,115.128
2026-06-04T18:00:00+01:00,115.127,115.1725,115.025,115.076
2026-06-04T22:00:00+01:00,115.074,115.178,115.007,115.029
2026-06-05T02:00:00+01:00,115.0295,115.0965,114.9645,115.054
2026-06-05T06:00:00+01:00,115.0535,115.2065,115.0105,115.169
2026-06-05T10:00:00+01:00,115.1685,115.364,115.0725,115.3125
2026-06-05T14:00:00+01:00,115.315,115.346,114.972,115.0125
2026-06-05T18:00:00+01:00,115.0115,115.0545,114.7935,115.02
2026-06-07T22:00:00+01:00,114.9715,115.0305,114.889,115.0255
2026-06-08T02:00:00+01:00,115.026,115.033,114.922,114.9995
2026-06-08T06:00:00+01:00,115.0015,115.034,114.58,114.708
2026-06-08T10:00:00+01:00,114.707,114.849,114.6775,114.823
2026-06-08T14:00:00+01:00,114.8245,114.878,114.7485,114.7835
2026-06-08T18:00:00+01:00,114.783,114.8535,114.7395,114.7795
2026-06-08T22:00:00+01:00,114.7815,114.909,114.722,114.847
2026-06-09T02:00:00+01:00,114.849,114.9005,114.8025,114.8855
2026-06-09T06:00:00+01:00,114.886,114.9535,114.8455,114.9245
2026-06-09T10:00:00+01:00,114.9265,115.08,114.9005,115.07
2026-06-09T14:00:00+01:00,115.0705,115.0785,114.7495,114.8965
2026-06-09T18:00:00+01:00,114.8985,115.0365,114.854,114.98
2026-06-09T22:00:00+01:00,114.9765,115.0135,114.9105,114.988
2026-06-10T02:00:00+01:00,114.9875,114.995,114.8655,114.983
2026-06-10T06:00:00+01:00,114.9825,115.155,114.965,115.1515
2026-06-10T10:00:00+01:00,115.151,115.261,115.113,115.126
2026-06-10T14:00:00+01:00,115.1255,115.3665,115.107,115.204
2026-06-10T18:00:00+01:00,115.2045,115.247,115.0905,115.1515
2026-06-10T22:00:00+01:00,115.14,115.1695,115.0715,115.159
2026-06-11T02:00:00+01:00,115.1585,115.206,115.1535,115.1685
2026-06-11T06:00:00+01:00,115.17,115.1925,114.871,114.874
2026-06-11T10:00:00+01:00,114.8745,114.903,114.7875,114.8005
2026-06-11T14:00:00+01:00,114.8025,114.8145,114.4685,114.629
2026-06-11T18:00:00+01:00,114.6255,114.645,114.3595,114.514
2026-06-11T22:00:00+01:00,114.512,114.6525,114.47,114.599
2026-06-12T02:00:00+01:00,114.5995,114.7015,114.5685,114.6895
2026-06-12T06:00:00+01:00,114.6905,114.735,114.4475,114.4905
2026-06-12T10:00:00+01:00,114.4895,114.6485,114.4205,114.612
2026-06-12T14:00:00+01:00,114.6105,114.758,114.5995,114.681
2026-06-12T18:00:00+01:00,114.6815,114.689,114.5045,114.541
2026-06-14T22:00:00+01:00,114.4815,114.6445,114.241,114.611
2026-06-15T02:00:00+01:00,114.611,114.6755,114.577,114.646
2026-06-15T06:00:00+01:00,114.6475,114.7095,114.5205,114.597
2026-06-15T10:00:00+01:00,114.598,114.642,114.5465,114.609
2026-06-15T14:00:00+01:00,114.61,114.624,114.416,114.598
2026-06-15T18:00:00+01:00,114.5975,114.6585,114.5825,114.617
2026-06-15T22:00:00+01:00,114.627,114.68,114.455,114.502
2026-06-16T02:00:00+01:00,114.5015,114.509,114.3445,114.3785
2026-06-16T06:00:00+01:00,114.379,114.503,114.2955,114.4935
2026-06-16T10:00:00+01:00,114.495,114.5665,114.404,114.4185
2026-06-16T14:00:00+01:00,114.419,114.7175,114.4055,114.6915
2026-06-16T18:00:00+01:00,114.691,114.718,114.605,114.643
2026-06-16T22:00:00+01:00,114.6495,114.7145,114.575,114.614
2026-06-17T02:00:00+01:00,114.614,114.623,114.5025,114.5165
2026-06-17T06:00:00+01:00,114.516,114.554,114.3925,114.458
2026-06-17T10:00:00+01:00,114.4585,114.4745,114.3625,114.3845
2026-06-17T14:00:00+01:00,114.3825,114.4555,114.1605,114.194
2026-06-17T18:00:00+01:00,114.1965,114.2365,113.842,113.958
2026-06-17T22:00:00+01:00,113.959,114.036,113.815,113.993
2026-06-18T02:00:00+01:00,113.9945,114,113.851,113.884
2026-06-18T06:00:00+01:00,113.883,113.9305,113.808,113.852
2026-06-18T10:00:00+01:00,113.855,114.0115,113.659,113.955
2026-06-18T14:00:00+01:00,113.954,114.1895,113.815,114.1875
2026-06-18T18:00:00+01:00,114.19,114.4165,113.8065,114.1535
2026-06-18T22:00:00+01:00,114.1525,114.277,113.891,113.9535
2026-06-19T02:00:00+01:00,113.9525,114.0525,113.8665,113.992
2026-06-19T06:00:00+01:00,113.991,114.153,113.965,114.1105
2026-06-19T10:00:00+01:00,114.1125,114.1275,113.878,113.879
2026-06-19T14:00:00+01:00,113.88,113.887,113.659,113.8065
2026-06-19T18:00:00+01:00,113.8075,113.987,113.754,113.9685
2026-06-21T22:00:00+01:00,113.815,113.993,113.785,113.9575
2026-06-22T02:00:00+01:00,113.9595,113.981,113.886,113.949
2026-06-22T06:00:00+01:00,113.95,114.14,113.9195,114.0935
2026-06-22T10:00:00+01:00,114.0945,114.356,114.068,114.285
2026-06-22T14:00:00+01:00,114.284,114.3025,113.8045,114.0625
2026-06-22T18:00:00+01:00,114.064,114.1645,113.995,114.1145
2026-06-22T22:00:00+01:00,114.113,114.1755,114.0355,114.1205
2026-06-23T02:00:00+01:00,114.1215,114.132,114.0155,114.022
2026-06-23T06:00:00+01:00,114.0225,114.0855,113.7895,113.839
2026-06-23T10:00:00+01:00,113.838,113.9265,113.7695,113.88
2026-06-23T14:00:00+01:00,113.8815,113.988,113.73,113.743
2026-06-23T18:00:00+01:00,113.7425,113.762,113.6405,113.661
2026-06-23T22:00:00+01:00,113.6955,113.7725,113.6205,113.74
2026-06-24T02:00:00+01:00,113.739,113.742,113.5935,113.658
2026-06-24T06:00:00+01:00,113.6585,113.7225,113.593,113.689
2026-06-24T10:00:00+01:00,113.6875,113.695,113.542,113.595
2026-06-24T14:00:00+01:00,113.596,113.786,113.524,113.768
2026-06-24T18:00:00+01:00,113.765,113.775,113.61,113.668
2026-06-24T22:00:00+01:00,113.6665,113.7705,113.5715,113.6025
2026-06-25T02:00:00+01:00,113.603,113.699,113.5635,113.6895
2026-06-25T06:00:00+01:00,113.6915,113.7705,113.623,113.731
2026-06-25T10:00:00+01:00,113.7305,113.7815,113.589,113.694
2026-06-25T14:00:00+01:00,113.692,114.0555,113.6835,114.013
2026-06-25T18:00:00+01:00,114.014,114.0185,113.9285,113.933
2026-06-25T22:00:00+01:00,113.9285,114.025,113.9065,113.9895
2026-06-26T02:00:00+01:00,113.988,114.0285,113.8385,113.895
2026-06-26T06:00:00+01:00,113.8945,113.9735,113.82,113.9085
2026-06-26T10:00:00+01:00,113.9065,114.0495,113.8765,114.0275
2026-06-26T14:00:00+01:00,114.0285,114.1005,113.872,113.9785
2026-06-26T18:00:00+01:00,113.978,114.093,113.9235,113.9485
2026-06-28T22:00:00+01:00,113.956,114.074,113.9175,113.9815
2026-06-29T02:00:00+01:00,113.981,114.0605,113.9445,114.015
2026-06-29T06:00:00+01:00,114.014,114.1365,113.979,114.0055
2026-06-29T10:00:00+01:00,114.005,114.102,113.9085,113.973
2026-06-29T14:00:00+01:00,113.9735,114.0675,113.8745,114.0275
2026-06-29T18:00:00+01:00,114.0285,114.0665,113.935,113.9555
2026-06-29T22:00:00+01:00,113.955,114.194,113.907,114.0455
2026-06-30T02:00:00+01:00,114.0445,114.114,113.865,113.934
2026-06-30T06:00:00+01:00,113.9345,114.1075,113.914,114.042
2026-06-30T10:00:00+01:00,114.0425,114.1735,113.8525,114.146
2026-06-30T14:00:00+01:00,114.145,114.5825,114.134,114.4765
2026-06-30T18:00:00+01:00,114.477,114.6775,114.416,114.5
2026-06-30T22:00:00+01:00,114.4865,114.588,114.4405,114.4665
2026-07-01T02:00:00+01:00,114.4655,114.531,114.3555,114.4865
2026-07-01T06:00:00+01:00,114.4855,114.5245,114.3465,114.3805
2026-07-01T10:00:00+01:00,114.38,114.4705,114.32,114.325
2026-07-01T14:00:00+01:00,114.3245,114.414,114.271,114.3395
2026-07-01T18:00:00+01:00,114.34,114.3995,114.318,114.3685
2026-07-01T22:00:00+01:00,114.368,114.4535,114.264,114.3455
2026-07-02T02:00:00+01:00,114.3465,114.4025,114.24,114.2885
2026-07-02T06:00:00+01:00,114.2875,114.288,113.434,113.491
2026-07-02T10:00:00+01:00,113.49,113.737,113.335,113.6115
2026-07-02T14:00:00+01:00,113.612,113.688,113.4,113.5475
2026-07-02T18:00:00+01:00,113.549,113.644,113.522,113.6155
2026-07-02T22:00:00+01:00,113.618,113.796,113.54,113.634
2026-07-03T02:00:00+01:00,113.6355,113.801,113.5195,113.752
2026-07-03T06:00:00+01:00,113.751,113.81,113.3165,113.5695
2026-07-03T10:00:00+01:00,113.569,113.637,113.439,113.4865
2026-07-03T14:00:00+01:00,113.486,113.6245,113.4855,113.614
2026-07-03T18:00:00+01:00,113.615,113.699,113.554,113.656
2026-07-05T22:00:00+01:00,113.6085,113.7725,113.5565,113.715
2026-07-06T02:00:00+01:00,113.7145,113.9865,113.709,113.984
2026-07-06T06:00:00+01:00,113.9845,114.1785,113.9435,114.038
2026-07-06T10:00:00+01:00,114.0375,114.226,114.025,114.0875
2026-07-06T14:00:00+01:00,114.088,114.216,114.043,114.1405
2026-07-06T18:00:00+01:00,114.139,114.171,114.0335,114.114
2026-07-06T22:00:00+01:00,114.1135,114.1535,114.0455,114.0745
2026-07-07T02:00:00+01:00,114.074,114.077,113.7425,113.803
2026-07-07T06:00:00+01:00,113.8035,114.028,113.7445,113.911
2026-07-07T10:00:00+01:00,113.912,113.9865,113.7845,113.82
2026-07-07T14:00:00+01:00,113.821,114.1245,113.8005,114.106
2026-07-07T18:00:00+01:00,114.1055,114.19,114.056,114.154
2026-07-07T22:00:00+01:00,114.155,114.374,114.0985,114.32
2026-07-08T02:00:00+01:00,114.3185,114.4205,114.285,114.407
2026-07-08T06:00:00+01:00,114.408,114.739,114.3385,114.7255
2026-07-08T10:00:00+01:00,114.725,114.7615,114.529,114.56
2026-07-08T14:00:00+01:00,114.5605,114.7815,114.5555,114.678
2026-07-08T18:00:00+01:00,114.6765,114.767,114.627,114.7265
2026-07-08T22:00:00+01:00,114.728,114.8275,114.648,114.707
2026-07-09T02:00:00+01:00,114.7065,114.7805,114.6535,114.6935
2026-07-09T06:00:00+01:00,114.6945,114.7005,114.433,114.472
2026-07-09T10:00:00+01:00,114.4715,114.6795,114.4665,114.6
2026-07-09T14:00:00+01:00,114.5995,114.6515,114.4765,114.6055
2026-07-09T18:00:00+01:00,114.606,114.649,114.57,114.629
2026-07-09T22:00:00+01:00,114.6295,114.703,114.3155,114.4375
2026-07-10T02:00:00+01:00,114.4385,114.464,114.0565,114.1855
2026-07-10T06:00:00+01:00,114.186,114.239,113.993,114.1195
2026-07-10T10:00:00+01:00,114.12,114.4245,114.102,114.3905
2026-07-10T14:00:00+01:00,114.391,114.3945,114.094,114.3545
2026-07-10T18:00:00+01:00,114.355,114.368,114.2225,114.2345
2026-07-12T22:00:00+01:00,114.2345,114.405,114.1645,114.403
2026-07-13T02:00:00+01:00,114.405,114.4645,114.336,114.4565
2026-07-13T06:00:00+01:00,114.457,114.7,114.319,114.6665
2026-07-13T10:00:00+01:00,114.6665,114.754,114.546,114.698
2026-07-13T14:00:00+01:00,114.6985,114.8565,114.631,114.8225
2026-07-13T18:00:00+01:00,114.8205,114.848,114.7205,114.755
2026-07-13T22:00:00+01:00,114.713,114.822,114.6715,114.78
2026-07-14T02:00:00+01:00,114.7795,114.886,114.7495,114.8645
2026-07-14T06:00:00+01:00,114.864,115.171,114.814,115.153
2026-07-14T10:00:00+01:00,115.1565,115.197,114.8525,115.0525
2026-07-14T14:00:00+01:00,115.052,115.332,115.051,115.3065
2026-07-14T18:00:00+01:00,115.307,115.451,115.2595,115.4115
2026-07-14T22:00:00+01:00,115.4105,115.442,115.246,115.4005
2026-07-15T02:00:00+01:00,115.401,115.494,115.314,115.465
2026-07-15T06:00:00+01:00,115.4655,115.546,115.3395,115.4775
2026-07-15T10:00:00+01:00,115.478,115.497,115.362,115.395
2026-07-15T14:00:00+01:00,115.396,115.4535,115.311,115.4335
2026-07-15T18:00:00+01:00,115.4345,115.576,115.3835,115.5075
2026-07-15T22:00:00+01:00,115.523,115.627,115.4185,115.4815
2026-07-16T02:00:00+01:00,115.482,115.489,115.373,115.416
2026-07-16T06:00:00+01:00,115.4155,115.4985,115.3755,115.4915
2026-07-16T10:00:00+01:00,115.4915,115.7555,115.4485,115.708
2026-07-16T14:00:00+01:00,115.7075,115.854,115.645,115.6565
2026-07-16T18:00:00+01:00,115.657,115.6685,115.559,115.666
2026-07-16T22:00:00+01:00,115.647,115.7495,115.5885,115.739
2026-07-17T02:00:00+01:00,115.7395,115.7935,115.6345,115.714
2026-07-17T06:00:00+01:00,115.713,115.7665,115.572,115.745
2026-07-17T10:00:00+01:00,115.744,115.815,115.626,115.807
2026-07-17T14:00:00+01:00,115.806,116.024,115.7985,115.951
2026-07-17T18:00:00+01:00,115.9505,115.9755,115.834,115.853
2026-07-19T22:00:00+01:00,115.9185,115.965,115.8285,115.8565
2026-07-20T02:00:00+01:00,115.8555,115.945,115.8395,115.9185
2026-07-20T06:00:00+01:00,115.9175,115.992,115.762,115.7965
2026-07-20T10:00:00+01:00,115.7975,115.8455,115.5665,115.6375
2026-07-20T14:00:00+01:00,115.637,115.7865,115.575,115.621
2026-07-20T18:00:00+01:00,115.6215,115.622,115.4905,115.5015
2026-07-20T22:00:00+01:00,115.502,115.5305,115.366,115.4865
2026-07-21T02:00:00+01:00,115.4875,115.4935,115.3955,115.4775
2026-07-21T06:00:00+01:00,115.478,115.672,115.4465,115.662
2026-07-21T10:00:00+01:00,115.661,115.7545,115.58,115.612
2026-07-21T14:00:00+01:00,115.614,115.7335,115.543,115.629
2026-07-21T18:00:00+01:00,115.6285,115.7305,115.575,115.662
2026-07-21T22:00:00+01:00,115.6705,115.7045,115.614,115.6635
2026-07-22T02:00:00+01:00,115.6625,115.7165,115.6195,115.6905
2026-07-22T06:00:00+01:00,115.69,115.824,115.518,115.6265
2026-07-22T10:00:00+01:00,115.627,115.8065,115.5835,115.7525
2026-07-22T14:00:00+01:00,115.752,115.831,115.7065,115.741
2026-07-22T18:00:00+01:00,115.7415,115.8745,115.7405,115.819
2026-07-22T22:00:00+01:00,115.813,115.874,115.755,115.8235
2026-07-23T02:00:00+01:00,115.822,115.9755,115.82,115.9575
2026-07-23T06:00:00+01:00,115.9575,116.142,115.9305,116.054
2026-07-23T10:00:00+01:00,116.0535,116.2415,115.981,116.237
2026-07-23T14:00:00+01:00,116.238,116.4835,116.237,116.352
2026-07-23T18:00:00+01:00,116.3515,116.3865,116.2835,116.35
2026-07-23T22:00:00+01:00,116.351,116.4655,116.2795,116.4255
2026-07-24T02:00:00+01:00,116.424,116.462,116.3255,116.342
2026-07-24T06:00:00+01:00,116.343,116.3855,116.2915,116.2985
2026-07-24T10:00:00+01:00,116.2995,116.3595,116.1525,116.16
2026-07-24T14:00:00+01:00,116.1595,116.3195,116.1055,116.2835
2026-07-24T18:00:00+01:00,116.2845,116.2885,116.1775,116.2345
2026-07-26T22:00:00+01:00,116.207,116.2705,116.106,116.2085
2026-07-27T02:00:00+01:00,116.209,116.2285,116.1275,116.1525
2026-07-27T06:00:00+01:00,116.153,116.1775,115.8825,115.9865
2026-07-27T10:00:00+01:00,115.985,116.0625,115.925,116.0265
2026-07-27T14:00:00+01:00,116.028,116.136,115.946,115.969
2026-07-27T18:00:00+01:00,115.9695,115.976,115.9135,115.931
2026-07-27T22:00:00+01:00,115.9325,116.014,115.8695,115.9945
2026-07-28T02:00:00+01:00,115.9955,116.0345,115.947,115.984
2026-07-28T06:00:00+01:00,115.9845,116.0995,115.9125,116.0995
2026-07-28T10:00:00+01:00,116.1,116.2325,116.0885,116.1195
2026-07-28T14:00:00+01:00,116.12,116.243,116.12,116.2315
2026-07-28T18:00:00+01:00,116.232,116.2345,116.0975,116.131
2026-07-28T22:00:00+01:00,116.158,116.206,116.063,116.099
2026-07-29T02:00:00+01:00,116.098,116.1655,115.896,115.9875
2026-07-29T06:00:00+01:00,115.9885,116.15,115.941,116.036
2026-07-29T10:00:00+01:00,116.0365,116.253,115.986,116.235
2026-07-29T14:00:00+01:00,116.234,116.335,116.161,116.2825
2026-07-29T18:00:00+01:00,116.282,116.4645,116.0415,116.328
2026-07-29T22:00:00+01:00,116.326,116.437,116.29,116.4265
2026-07-30T02:00:00+01:00,116.426,116.434,116.315,116.33
2026-07-30T06:00:00+01:00,116.3305,116.4555,116.33,116.4235
2026-07-30T10:00:00+01:00,116.423,116.4305,115.631,115.9455
2026-07-30T14:00:00+01:00,115.9475,115.987,112.7465,114.0305
2026-07-30T18:00:00+01:00,114.0315,114.1655,113.2585,113.8705
2026-07-30T22:00:00+01:00,113.8695,114.678,113.789,114.549
2026-07-31T02:00:00+01:00,114.5485,114.739,114.427,114.6135
2026-07-31T06:00:00+01:00,114.613,114.652,113.1815,113.4395
2026-07-31T10:00:00+01:00,113.443,114.2645,113.212,114.2555
2026-07-31T14:00:00+01:00,114.255,114.351,113.166,113.592
2026-07-31T18:00:00+01:00,113.592,113.726,112.155,112.272
