time,open,high,low,close
2023-08-25T18:00:00+01:00,1.08074,1.08108,1.07911,1.0794
2023-08-27T22:00:00+01:00,1.07975,1.08047,1.07935,1.08024
2023-08-28T02:00:00+01:00,1.08024,1.08113,1.08014,1.08078
2023-08-28T06:00:00+01:00,1.08076,1.08209,1.07994,1.08006
2023-08-28T10:00:00+01:00,1.08005,1.08222,1.08001,1.08103
2023-08-28T14:00:00+01:00,1.08103,1.08142,1.0799,1.08076
2023-08-28T18:00:00+01:00,1.08075,1.08199,1.08039,1.08189
2023-08-28T22:00:00+01:00,1.0819,1.08317,1.08153,1.08238
2023-08-29T02:00:00+01:00,1.08239,1.08384,1.08235,1.08243
2023-08-29T06:00:00+01:00,1.08243,1.08297,1.08083,1.08103
2023-08-29T10:00:00+01:00,1.08102,1.08163,1.07862,1.07923
2023-08-29T14:00:00+01:00,1.07923,1.08642,1.07823,1.08629
2023-08-29T18:00:00+01:00,1.08629,1.0892,1.08605,1.088
2023-08-29T22:00:00+01:00,1.08796,1.08851,1.08672,1.08698
2023-08-30T02:00:00+01:00,1.08699,1.08723,1.08605,1.08607
2023-08-30T06:00:00+01:00,1.08606,1.08767,1.08552,1.08674
2023-08-30T10:00:00+01:00,1.08674,1.09259,1.08663,1.09212
2023-08-30T14:00:00+01:00,1.09212,1.09457,1.09132,1.09258
2023-08-30T18:00:00+01:00,1.0926,1.09329,1.09169,1.09232
2023-08-30T22:00:00+01:00,1.09234,1.09341,1.09202,1.09331
2023-08-31T02:00:00+01:00,1.09332,1.09396,1.09184,1.09187
2023-08-31T06:00:00+01:00,1.09186,1.09246,1.08772,1.08782
2023-08-31T10:00:00+01:00,1.08781,1.08851,1.08576,1.08744
2023-08-31T14:00:00+01:00,1.08744,1.08747,1.08352,1.08387
2023-08-31T18:00:00+01:00,1.08389,1.08542,1.08366,1.08433
2023-08-31T22:00:00+01:00,1.08435,1.08452,1.08365,1.08378
2023-09-01T02:00:00+01:00,1.08378,1.08542,1.08378,1.08466
2023-09-01T06:00:00+01:00,1.08466,1.08596,1.08285,1.08485
2023-09-01T10:00:00+01:00,1.08485,1.0882,1.08325,1.08641
2023-09-01T14:00:00+01:00,1.08642,1.08813,1.07801,1.07839
2023-09-01T18:00:00+01:00,1.07839,1.07891,1.07721,1.07754
2023-09-03T22:00:00+01:00,1.07789,1.07823,1.07717,1.07788
2023-09-04T02:00:00+01:00,1.07788,1.07873,1.07748,1.0787
2023-09-04T06:00:00+01:00,1.0787,1.08069,1.07836,1.07978
2023-09-04T10:00:00+01:00,1.07979,1.08088,1.07925,1.07975
2023-09-04T14:00:00+01:00,1.07974,1.08054,1.07834,1.07938
2023-09-04T18:00:00+01:00,1.07939,1.07972,1.07931,1.07958
2023-09-04T22:00:00+01:00,1.07956,1.07979,1.07888,1.07932
2023-09-05T02:00:00+01:00,1.07932,1.07984,1.07808,1.07922
2023-09-05T06:00:00+01:00,1.07923,1.07937,1.07421,1.07483
2023-09-05T10:00:00+01:00,1.07482,1.07571,1.07167,1.07441
2023-09-05T14:00:00+01:00,1.07442,1.07488,1.07062,1.07296
2023-09-05T18:00:00+01:00,1.07296,1.07314,1.07192,1.07222
2023-09-05T22:00:00+01:00,1.07221,1.07282,1.07152,1.07194
2023-09-06T02:00:00+01:00,1.07195,1.07361,1.07132,1.07359
2023-09-06T06:00:00+01:00,1.0736,1.07482,1.07235,1.0734
2023-09-06T10:00:00+01:00,1.07341,1.0749,1.07248,1.0737
2023-09-06T14:00:00+01:00,1.07369,1.07403,1.07027,1.07209
2023-09-06T18:00:00+01:00,1.07208,1.07295,1.07201,1.07274
2023-09-06T22:00:00+01:00,1.07275,1.0728,1.07192,1.07223
2023-09-07T02:00:00+01:00,1.07222,1.07319,1.0718,1.07192
2023-09-07T06:00:00+01:00,1.07192,1.07257,1.07078,1.07105
2023-09-07T10:00:00+01:00,1.07106,1.07178,1.06861,1.06934
2023-09-07T14:00:00+01:00,1.06934,1.07099,1.06865,1.07041
2023-09-07T18:00:00+01:00,1.07041,1.07095,1.06939,1.06965
2023-09-07T22:00:00+01:00,1.06966,1.07151,1.06943,1.07142
2023-09-08T02:00:00+01:00,1.0714,1.07233,1.07049,1.07135
2023-09-08T06:00:00+01:00,1.07137,1.07281,1.07077,1.07118
2023-09-08T10:00:00+01:00,1.07117,1.07136,1.06942,1.07024
2023-09-08T14:00:00+01:00,1.07024,1.07439,1.06995,1.07044
2023-09-08T18:00:00+01:00,1.07044,1.07108,1.0697,1.06995
2023-09-10T22:00:00+01:00,1.07147,1.07212,1.07083,1.07134
2023-09-11T02:00:00+01:00,1.07133,1.07377,1.07103,1.07355
2023-09-11T06:00:00+01:00,1.07354,1.07414,1.07224,1.07286
2023-09-11T10:00:00+01:00,1.07286,1.07344,1.07156,1.07276
2023-09-11T14:00:00+01:00,1.07275,1.07594,1.07224,1.07511
2023-09-11T18:00:00+01:00,1.07512,1.07523,1.07443,1.07503
2023-09-11T22:00:00+01:00,1.07505,1.07544,1.07423,1.0744
2023-09-12T02:00:00+01:00,1.07441,1.07694,1.07376,1.07391
2023-09-12T06:00:00+01:00,1.0739,1.07409,1.07123,1.07145
2023-09-12T10:00:00+01:00,1.07145,1.0726,1.07058,1.07075
2023-09-12T14:00:00+01:00,1.07073,1.07376,1.07056,1.07233
2023-09-12T18:00:00+01:00,1.07234,1.0765,1.07234,1.07541
2023-09-12T22:00:00+01:00,1.07542,1.07642,1.07513,1.07594
2023-09-13T02:00:00+01:00,1.07593,1.07649,1.07447,1.07523
2023-09-13T06:00:00+01:00,1.07524,1.07546,1.07312,1.07351
2023-09-13T10:00:00+01:00,1.07353,1.07615,1.07111,1.07479
2023-09-13T14:00:00+01:00,1.07478,1.07559,1.07272,1.07407
2023-09-13T18:00:00+01:00,1.07408,1.07492,1.0728,1.07298
2023-09-13T22:00:00+01:00,1.07295,1.07425,1.07285,1.07401
2023-09-14T02:00:00+01:00,1.07403,1.0749,1.07317,1.07471
2023-09-14T06:00:00+01:00,1.07472,1.07522,1.07322,1.0734
2023-09-14T10:00:00+01:00,1.07336,1.07481,1.06556,1.06768
2023-09-14T14:00:00+01:00,1.06768,1.06974,1.06452,1.06486
2023-09-14T18:00:00+01:00,1.06485,1.06508,1.06319,1.06431
2023-09-14T22:00:00+01:00,1.06431,1.06445,1.06344,1.06424
2023-09-15T02:00:00+01:00,1.06422,1.06536,1.06333,1.06534
2023-09-15T06:00:00+01:00,1.06535,1.06689,1.06488,1.06657
2023-09-15T10:00:00+01:00,1.06657,1.06693,1.06453,1.06505
2023-09-15T14:00:00+01:00,1.06505,1.06879,1.06498,1.06722
2023-09-15T18:00:00+01:00,1.06723,1.06765,1.06567,1.06597
2023-09-17T22:00:00+01:00,1.06628,1.06719,1.06601,1.06717
2023-09-18T02:00:00+01:00,1.06717,1.06738,1.0661,1.06688
2023-09-18T06:00:00+01:00,1.0669,1.06779,1.06563,1.06641
2023-09-18T10:00:00+01:00,1.0664,1.06749,1.06562,1.0657
2023-09-18T14:00:00+01:00,1.06569,1.06987,1.06547,1.06922
2023-09-18T18:00:00+01:00,1.06923,1.06982,1.06779,1.0692
2023-09-18T22:00:00+01:00,1.06921,1.06967,1.06866,1.06886
2023-09-19T02:00:00+01:00,1.06886,1.06895,1.06789,1.06802
2023-09-19T06:00:00+01:00,1.06798,1.06954,1.06751,1.06867
2023-09-19T10:00:00+01:00,1.06865,1.0718,1.06821,1.06997
2023-09-19T14:00:00+01:00,1.06997,1.07015,1.06785,1.06848
2023-09-19T18:00:00+01:00,1.06848,1.06918,1.06762,1.06792
2023-09-19T22:00:00+01:00,1.06791,1.06859,1.06771,1.06848
2023-09-20T02:00:00+01:00,1.06849,1.06898,1.06783,1.06786
2023-09-20T06:00:00+01:00,1.06785,1.06969,1.0673,1.06962
2023-09-20T10:00:00+01:00,1.06963,1.0705,1.06922,1.0698
2023-09-20T14:00:00+01:00,1.06982,1.07369,1.06972,1.07352
2023-09-20T18:00:00+01:00,1.07353,1.07354,1.06502,1.06608
2023-09-20T22:00:00+01:00,1.06607,1.06648,1.063,1.06313
2023-09-21T02:00:00+01:00,1.06315,1.06414,1.06169,1.06371
2023-09-21T06:00:00+01:00,1.06372,1.06638,1.06327,1.06556
2023-09-21T10:00:00+01:00,1.06556,1.06646,1.06249,1.06421
2023-09-21T14:00:00+01:00,1.06422,1.06736,1.06379,1.06558
2023-09-21T18:00:00+01:00,1.06559,1.0671,1.06557,1.06621
2023-09-21T22:00:00+01:00,1.06622,1.06638,1.06534,1.06576
2023-09-22T02:00:00+01:00,1.06576,1.06577,1.0641,1.06548
2023-09-22T06:00:00+01:00,1.06548,1.06679,1.0615,1.06464
2023-09-22T10:00:00+01:00,1.06463,1.06608,1.06341,1.06557
2023-09-22T14:00:00+01:00,1.06556,1.06718,1.06422,1.06555
2023-09-22T18:00:00+01:00,1.06556,1.06615,1.06393,1.06458
2023-09-24T22:00:00+01:00,1.06557,1.06559,1.06448,1.06546
2023-09-25T02:00:00+01:00,1.06547,1.0655,1.06431,1.06489
2023-09-25T06:00:00+01:00,1.06489,1.06533,1.06243,1.06256
2023-09-25T10:00:00+01:00,1.06258,1.06436,1.06193,1.06222
2023-09-25T14:00:00+01:00,1.06223,1.06244,1.05754,1.05892
2023-09-25T18:00:00+01:00,1.05891,1.05987,1.05856,1.05932
2023-09-25T22:00:00+01:00,1.05933,1.05967,1.05808,1.05844
2023-09-26T02:00:00+01:00,1.05844,1.0593,1.05784,1.05926
2023-09-26T06:00:00+01:00,1.05926,1.06,1.057,1.05961
2023-09-26T10:00:00+01:00,1.0596,1.0609,1.05896,1.06059
2023-09-26T14:00:00+01:00,1.06059,1.06067,1.05678,1.05692
2023-09-26T18:00:00+01:00,1.05692,1.05762,1.05621,1.05725
2023-09-26T22:00:00+01:00,1.05723,1.05743,1.0556,1.05599
2023-09-27T02:00:00+01:00,1.056,1.05701,1.05573,1.05602
2023-09-27T06:00:00+01:00,1.05601,1.05741,1.0555,1.05599
2023-09-27T10:00:00+01:00,1.05598,1.05638,1.05344,1.05467
2023-09-27T14:00:00+01:00,1.05466,1.0549,1.05009,1.0503
2023-09-27T18:00:00+01:00,1.0503,1.05188,1.04881,1.05025
2023-09-27T22:00:00+01:00,1.05025,1.05154,1.05017,1.05152
2023-09-28T02:00:00+01:00,1.05153,1.05162,1.0497,1.05043
2023-09-28T06:00:00+01:00,1.05045,1.05244,1.0491,1.05168
2023-09-28T10:00:00+01:00,1.0517,1.05573,1.05153,1.05182
2023-09-28T14:00:00+01:00,1.0518,1.05789,1.05178,1.05579
2023-09-28T18:00:00+01:00,1.05579,1.05674,1.05499,1.05654
2023-09-28T22:00:00+01:00,1.05655,1.05676,1.0558,1.05642
2023-09-29T02:00:00+01:00,1.05642,1.05829,1.05621,1.05802
2023-09-29T06:00:00+01:00,1.05802,1.06166,1.05745,1.06096
2023-09-29T10:00:00+01:00,1.06098,1.0617,1.05883,1.05998
2023-09-29T14:00:00+01:00,1.05998,1.06074,1.057,1.05777
2023-09-29T18:00:00+01:00,1.05776,1.05798,1.0564,1.05715
2023-10-01T22:00:00+01:00,1.057,1.05745,1.05579,1.05642
2023-10-02T02:00:00+01:00,1.05641,1.05713,1.05641,1.05688
2023-10-02T06:00:00+01:00,1.05688,1.05919,1.056,1.05623
2023-10-02T10:00:00+01:00,1.05621,1.05628,1.05249,1.05295
2023-10-02T14:00:00+01:00,1.05294,1.05326,1.04883,1.04893
2023-10-02T18:00:00+01:00,1.04893,1.05052,1.04771,1.04775
2023-10-02T22:00:00+01:00,1.04775,1.04828,1.04648,1.04725
2023-10-03T02:00:00+01:00,1.04725,1.04748,1.04598,1.04634
2023-10-03T06:00:00+01:00,1.04634,1.04935,1.04609,1.04854
2023-10-03T10:00:00+01:00,1.04854,1.04913,1.04621,1.04662
2023-10-03T14:00:00+01:00,1.04662,1.04859,1.04483,1.04624
2023-10-03T18:00:00+01:00,1.04623,1.04796,1.04596,1.04665
2023-10-03T22:00:00+01:00,1.04666,1.04757,1.04632,1.04714
2023-10-04T02:00:00+01:00,1.04714,1.04719,1.04572,1.047
2023-10-04T06:00:00+01:00,1.04702,1.04888,1.04514,1.04861
2023-10-04T10:00:00+01:00,1.04863,1.05322,1.04848,1.05253
2023-10-04T14:00:00+01:00,1.05252,1.05259,1.0483,1.05124
2023-10-04T18:00:00+01:00,1.05122,1.05195,1.04979,1.05041
2023-10-04T22:00:00+01:00,1.05042,1.05221,1.05023,1.05203
2023-10-05T02:00:00+01:00,1.05202,1.05289,1.05201,1.05206
2023-10-05T06:00:00+01:00,1.05208,1.05261,1.05016,1.05043
2023-10-05T10:00:00+01:00,1.05043,1.05299,1.05001,1.05148
2023-10-05T14:00:00+01:00,1.05149,1.05401,1.0508,1.05361
2023-10-05T18:00:00+01:00,1.0536,1.05519,1.05291,1.05499
2023-10-05T22:00:00+01:00,1.0549,1.05509,1.05413,1.05417
2023-10-06T02:00:00+01:00,1.05417,1.05475,1.05383,1.05405
2023-10-06T06:00:00+01:00,1.05404,1.05533,1.05315,1.05484
2023-10-06T10:00:00+01:00,1.05483,1.05685,1.04826,1.04963
2023-10-06T14:00:00+01:00,1.04966,1.06,1.04884,1.05792
2023-10-06T18:00:00+01:00,1.05791,1.05997,1.05773,1.05866
2023-10-08T22:00:00+01:00,1.0553,1.05744,1.05503,1.05736
2023-10-09T02:00:00+01:00,1.05735,1.05742,1.05479,1.05502
2023-10-09T06:00:00+01:00,1.05505,1.05587,1.05195,1.05417
2023-10-09T10:00:00+01:00,1.05417,1.05451,1.05226,1.05332
2023-10-09T14:00:00+01:00,1.0533,1.05578,1.05326,1.05355
2023-10-09T18:00:00+01:00,1.05356,1.05723,1.05353,1.05667
2023-10-09T22:00:00+01:00,1.05669,1.05837,1.05628,1.05728
2023-10-10T02:00:00+01:00,1.05728,1.05807,1.05607,1.05615
2023-10-10T06:00:00+01:00,1.05613,1.06096,1.05544,1.06044
2023-10-10T10:00:00+01:00,1.06044,1.06112,1.05719,1.05935
2023-10-10T14:00:00+01:00,1.05933,1.06198,1.05848,1.06172
2023-10-10T18:00:00+01:00,1.06171,1.06185,1.05925,1.06056
2023-10-10T22:00:00+01:00,1.06056,1.06143,1.06028,1.06107
2023-10-11T02:00:00+01:00,1.06107,1.06124,1.06013,1.06028
2023-10-11T06:00:00+01:00,1.06028,1.06284,1.05934,1.06086
2023-10-11T10:00:00+01:00,1.06083,1.06148,1.0581,1.06144
2023-10-11T14:00:00+01:00,1.06145,1.06347,1.05997,1.06073
2023-10-11T18:00:00+01:00,1.06072,1.06205,1.0585,1.06201
2023-10-11T22:00:00+01:00,1.06198,1.0628,1.06154,1.06225
2023-10-12T02:00:00+01:00,1.06225,1.06318,1.06202,1.06311
2023-10-12T06:00:00+01:00,1.0631,1.06399,1.06194,1.06264
2023-10-12T10:00:00+01:00,1.06265,1.06278,1.0572,1.05818
2023-10-12T14:00:00+01:00,1.05817,1.05863,1.05445,1.05486
2023-10-12T18:00:00+01:00,1.05485,1.05492,1.05259,1.05283
2023-10-12T22:00:00+01:00,1.05281,1.05396,1.05275,1.0539
2023-10-13T02:00:00+01:00,1.0539,1.055,1.05376,1.05498
2023-10-13T06:00:00+01:00,1.05499,1.05585,1.05315,1.05539
2023-10-13T10:00:00+01:00,1.05538,1.05549,1.0514,1.05376
2023-10-13T14:00:00+01:00,1.05376,1.05414,1.04955,1.05091
2023-10-13T18:00:00+01:00,1.05092,1.05159,1.05009,1.05094
2023-10-15T22:00:00+01:00,1.05146,1.05256,1.05074,1.05176
2023-10-16T02:00:00+01:00,1.05178,1.05269,1.05178,1.05261
2023-10-16T06:00:00+01:00,1.05263,1.0543,1.05229,1.05408
2023-10-16T10:00:00+01:00,1.05407,1.05461,1.05261,1.05417
2023-10-16T14:00:00+01:00,1.05417,1.05556,1.05257,1.05474
2023-10-16T18:00:00+01:00,1.05475,1.05628,1.05437,1.05604
2023-10-16T22:00:00+01:00,1.05603,1.05621,1.05531,1.05557
2023-10-17T02:00:00+01:00,1.05557,1.05559,1.05455,1.05475
2023-10-17T06:00:00+01:00,1.05475,1.05548,1.05329,1.0536
2023-10-17T10:00:00+01:00,1.05363,1.05794,1.05362,1.05472
2023-10-17T14:00:00+01:00,1.05471,1.05949,1.05398,1.05796
2023-10-17T18:00:00+01:00,1.05795,1.05812,1.05641,1.05774
2023-10-17T22:00:00+01:00,1.05773,1.05797,1.05606,1.05645
2023-10-18T02:00:00+01:00,1.05645,1.05791,1.05613,1.05757
2023-10-18T06:00:00+01:00,1.05756,1.05943,1.05705,1.05833
2023-10-18T10:00:00+01:00,1.0583,1.05868,1.05492,1.0557
2023-10-18T14:00:00+01:00,1.05572,1.05642,1.05232,1.0537
2023-10-18T18:00:00+01:00,1.0537,1.05537,1.05316,1.05367
2023-10-18T22:00:00+01:00,1.05366,1.05399,1.05328,1.05389
2023-10-19T02:00:00+01:00,1.0539,1.0542,1.05307,1.05336
2023-10-19T06:00:00+01:00,1.05336,1.05483,1.05282,1.05358
2023-10-19T10:00:00+01:00,1.05359,1.05797,1.05352,1.05763
2023-10-19T14:00:00+01:00,1.05764,1.06164,1.05563,1.05965
2023-10-19T18:00:00+01:00,1.05964,1.06066,1.05782,1.05827
2023-10-19T22:00:00+01:00,1.05826,1.05866,1.05738,1.05762
2023-10-20T02:00:00+01:00,1.05761,1.05801,1.05685,1.05755
2023-10-20T06:00:00+01:00,1.05755,1.05954,1.05651,1.05879
2023-10-20T10:00:00+01:00,1.05878,1.05991,1.05654,1.05837
2023-10-20T14:00:00+01:00,1.05837,1.06008,1.05722,1.05896
2023-10-20T18:00:00+01:00,1.05896,1.06037,1.05863,1.05948
2023-10-22T22:00:00+01:00,1.05973,1.05985,1.05841,1.05872
2023-10-23T02:00:00+01:00,1.05872,1.05872,1.05735,1.05764
2023-10-23T06:00:00+01:00,1.05762,1.06106,1.05715,1.06027
2023-10-23T10:00:00+01:00,1.06026,1.06189,1.05905,1.06099
2023-10-23T14:00:00+01:00,1.061,1.06648,1.05911,1.06646
2023-10-23T18:00:00+01:00,1.06646,1.0678,1.06596,1.06696
2023-10-23T22:00:00+01:00,1.06698,1.06735,1.06651,1.06724
2023-10-24T02:00:00+01:00,1.06724,1.06872,1.06679,1.06791
2023-10-24T06:00:00+01:00,1.06791,1.06944,1.06442,1.06503
2023-10-24T10:00:00+01:00,1.06504,1.06512,1.06123,1.0616
2023-10-24T14:00:00+01:00,1.06159,1.06243,1.05831,1.05869
2023-10-24T18:00:00+01:00,1.05867,1.05944,1.05844,1.05902
2023-10-24T22:00:00+01:00,1.059,1.05988,1.05896,1.05927
2023-10-25T02:00:00+01:00,1.05929,1.06064,1.05919,1.06063
2023-10-25T06:00:00+01:00,1.06062,1.06068,1.05784,1.05851
2023-10-25T10:00:00+01:00,1.05852,1.05852,1.0566,1.05749
2023-10-25T14:00:00+01:00,1.05749,1.05958,1.05669,1.05746
2023-10-25T18:00:00+01:00,1.05746,1.05767,1.05656,1.05661
2023-10-25T22:00:00+01:00,1.05663,1.05708,1.05578,1.05598
2023-10-26T02:00:00+01:00,1.05598,1.05614,1.05415,1.05457
2023-10-26T06:00:00+01:00,1.05456,1.05526,1.0533,1.05454
2023-10-26T10:00:00+01:00,1.05454,1.05591,1.05222,1.05591
2023-10-26T14:00:00+01:00,1.05592,1.05604,1.0525,1.05285
2023-10-26T18:00:00+01:00,1.05286,1.05646,1.05283,1.05625
2023-10-26T22:00:00+01:00,1.05625,1.05659,1.05559,1.05579
2023-10-27T02:00:00+01:00,1.05578,1.05679,1.05526,1.05673
2023-10-27T06:00:00+01:00,1.05673,1.057,1.05522,1.0562
2023-10-27T10:00:00+01:00,1.05619,1.05694,1.05354,1.0556
2023-10-27T14:00:00+01:00,1.05561,1.05971,1.05555,1.0583
2023-10-27T18:00:00+01:00,1.0583,1.05831,1.05574,1.05626
2023-10-29T21:00:00+00:00,1.05704,1.05758,1.05552,1.05626
2023-10-30T01:00:00+00:00,1.05626,1.05659,1.05585,1.05611
2023-10-30T05:00:00+00:00,1.0561,1.05675,1.05472,1.05599
2023-10-30T09:00:00+00:00,1.05599,1.06085,1.05599,1.0607
2023-10-30T13:00:00+00:00,1.06069,1.06251,1.0591,1.06072
2023-10-30T17:00:00+00:00,1.06074,1.06216,1.06002,1.06151
2023-10-30T21:00:00+00:00,1.06151,1.06195,1.06095,1.06115
2023-10-31T01:00:00+00:00,1.06115,1.06127,1.05907,1.05939
2023-10-31T05:00:00+00:00,1.05939,1.06459,1.05927,1.06454
2023-10-31T09:00:00+00:00,1.06454,1.06749,1.06214,1.06242
2023-10-31T13:00:00+00:00,1.06242,1.06258,1.05575,1.05676
2023-10-31T17:00:00+00:00,1.05675,1.05857,1.05659,1.05748
2023-10-31T21:00:00+00:00,1.05746,1.05807,1.05688,1.05735
2023-11-01T01:00:00+00:00,1.05734,1.05766,1.0566,1.05673
2023-11-01T05:00:00+00:00,1.05673,1.05776,1.05573,1.05583
2023-11-01T09:00:00+00:00,1.05583,1.05627,1.0537,1.05387
2023-11-01T13:00:00+00:00,1.05386,1.05709,1.05217,1.05338
2023-11-01T17:00:00+00:00,1.05339,1.05758,1.05169,1.05703
2023-11-01T21:00:00+00:00,1.05702,1.06021,1.05676,1.06019
2023-11-02T01:00:00+00:00,1.06019,1.06022,1.05933,1.0596
2023-11-02T05:00:00+00:00,1.0596,1.06101,1.05912,1.06005
2023-11-02T09:00:00+00:00,1.06006,1.06677,1.05991,1.06642
2023-11-02T13:00:00+00:00,1.06641,1.06669,1.06106,1.06155
2023-11-02T17:00:00+00:00,1.06155,1.06324,1.0614,1.06218
2023-11-02T21:00:00+00:00,1.0622,1.06256,1.06149,1.06182
2023-11-03T01:00:00+00:00,1.06181,1.06289,1.06148,1.06265
2023-11-03T05:00:00+00:00,1.06265,1.06339,1.06198,1.06271
2023-11-03T09:00:00+00:00,1.06271,1.07195,1.06242,1.07096
2023-11-03T13:00:00+00:00,1.07096,1.07394,1.06936,1.07393
2023-11-03T17:00:00+00:00,1.07393,1.07468,1.07225,1.07316
2023-11-05T22:00:00+00:00,1.07258,1.07336,1.07224,1.07285
2023-11-06T02:00:00+00:00,1.07286,1.07389,1.07265,1.07356
2023-11-06T06:00:00+00:00,1.07357,1.07563,1.07316,1.07472
2023-11-06T10:00:00+00:00,1.07472,1.07558,1.07352,1.07375
2023-11-06T14:00:00+00:00,1.07375,1.07493,1.07262,1.07356
2023-11-06T18:00:00+00:00,1.07355,1.07369,1.07163,1.07176
2023-11-06T22:00:00+00:00,1.07175,1.07225,1.0708,1.07104
2023-11-07T02:00:00+00:00,1.07106,1.0714,1.07052,1.07105
2023-11-07T06:00:00+00:00,1.07106,1.07117,1.06832,1.06838
2023-11-07T10:00:00+00:00,1.06837,1.06976,1.06656,1.06761
2023-11-07T14:00:00+00:00,1.06763,1.06928,1.06642,1.06774
2023-11-07T18:00:00+00:00,1.06774,1.07049,1.06761,1.06999
2023-11-07T22:00:00+00:00,1.07,1.07028,1.06865,1.06919
2023-11-08T02:00:00+00:00,1.06921,1.06993,1.06853,1.06861
2023-11-08T06:00:00+00:00,1.06861,1.06881,1.06603,1.06652
2023-11-08T10:00:00+00:00,1.06652,1.06779,1.06594,1.06693
2023-11-08T14:00:00+00:00,1.06694,1.07161,1.0669,1.07078
2023-11-08T18:00:00+00:00,1.07079,1.07143,1.07,1.07088
2023-11-08T22:00:00+00:00,1.07087,1.07147,1.07025,1.07121
2023-11-09T02:00:00+00:00,1.07119,1.07157,1.07024,1.07026
2023-11-09T06:00:00+00:00,1.07027,1.07099,1.06937,1.06979
2023-11-09T10:00:00+00:00,1.0698,1.07089,1.06805,1.07075
2023-11-09T14:00:00+00:00,1.07076,1.07255,1.07,1.07048
2023-11-09T18:00:00+00:00,1.07047,1.07056,1.06602,1.06678
2023-11-09T22:00:00+00:00,1.06677,1.06751,1.0663,1.06719
2023-11-10T02:00:00+00:00,1.06719,1.06745,1.06659,1.06692
2023-11-10T06:00:00+00:00,1.06691,1.06801,1.06562,1.06773
2023-11-10T10:00:00+00:00,1.06772,1.06928,1.06693,1.06887
2023-11-10T14:00:00+00:00,1.06889,1.06897,1.06625,1.06793
2023-11-10T18:00:00+00:00,1.06794,1.06879,1.0673,1.06868
2023-11-12T22:00:00+00:00,1.06852,1.06907,1.06812,1.06867
2023-11-13T02:00:00+00:00,1.06869,1.06891,1.06815,1.06859
2023-11-13T06:00:00+00:00,1.06859,1.07014,1.06837,1.06897
2023-11-13T10:00:00+00:00,1.06896,1.06996,1.06651,1.06726
2023-11-13T14:00:00+00:00,1.06727,1.07062,1.06681,1.06959
2023-11-13T18:00:00+00:00,1.06959,1.07057,1.06901,1.06981
2023-11-13T22:00:00+00:00,1.06982,1.07024,1.06947,1.06988
2023-11-14T02:00:00+00:00,1.06988,1.07022,1.06929,1.06957
2023-11-14T06:00:00+00:00,1.06956,1.07178,1.06942,1.0716
2023-11-14T10:00:00+00:00,1.0716,1.08003,1.0706,1.07893
2023-11-14T14:00:00+00:00,1.07891,1.08737,1.07888,1.0873
2023-11-14T18:00:00+00:00,1.08729,1.08876,1.08678,1.08791
2023-11-14T22:00:00+00:00,1.08791,1.0883,1.08657,1.0872
2023-11-15T02:00:00+00:00,1.08722,1.08837,1.08708,1.08727
2023-11-15T06:00:00+00:00,1.08728,1.08795,1.08439,1.08522
2023-11-15T10:00:00+00:00,1.08521,1.08859,1.084,1.08591
2023-11-15T14:00:00+00:00,1.0859,1.08688,1.08316,1.08542
2023-11-15T18:00:00+00:00,1.0854,1.08547,1.08412,1.08473
2023-11-15T22:00:00+00:00,1.08478,1.08559,1.0842,1.08438
2023-11-16T02:00:00+00:00,1.08439,1.08441,1.08301,1.0838
2023-11-16T06:00:00+00:00,1.08381,1.08609,1.0834,1.0851
2023-11-16T10:00:00+00:00,1.0851,1.08815,1.08392,1.08812
2023-11-16T14:00:00+00:00,1.08811,1.08956,1.08465,1.08599
2023-11-16T18:00:00+00:00,1.08601,1.08657,1.0845,1.08522
2023-11-16T22:00:00+00:00,1.08524,1.08571,1.08459,1.0853
2023-11-17T02:00:00+00:00,1.08529,1.08571,1.0848,1.08533
2023-11-17T06:00:00+00:00,1.08535,1.08584,1.08248,1.08529
2023-11-17T10:00:00+00:00,1.0853,1.08776,1.08516,1.08712
2023-11-17T14:00:00+00:00,1.0871,1.08934,1.08586,1.08904
2023-11-17T18:00:00+00:00,1.08903,1.09164,1.08885,1.09159
2023-11-19T22:00:00+00:00,1.09129,1.09136,1.08975,1.09083
2023-11-20T02:00:00+00:00,1.09085,1.09359,1.09082,1.09187
2023-11-20T06:00:00+00:00,1.0919,1.09402,1.09131,1.09367
2023-11-20T10:00:00+00:00,1.09368,1.09368,1.09207,1.09266
2023-11-20T14:00:00+00:00,1.09266,1.09517,1.09188,1.09377
2023-11-20T18:00:00+00:00,1.09376,1.09518,1.0937,1.094
2023-11-20T22:00:00+00:00,1.094,1.09575,1.09384,1.09524
2023-11-21T02:00:00+00:00,1.09515,1.09652,1.09483,1.0956
2023-11-21T06:00:00+00:00,1.09561,1.0964,1.09426,1.09437
2023-11-21T10:00:00+00:00,1.09438,1.09613,1.09391,1.0945
2023-11-21T14:00:00+00:00,1.09451,1.09594,1.09189,1.0921
2023-11-21T18:00:00+00:00,1.09209,1.09217,1.09002,1.09107
2023-11-21T22:00:00+00:00,1.09109,1.0923,1.0909,1.09135
2023-11-22T02:00:00+00:00,1.09136,1.09204,1.09051,1.09074
2023-11-22T06:00:00+00:00,1.09073,1.09198,1.08827,1.09026
2023-11-22T10:00:00+00:00,1.09025,1.09178,1.08914,1.08961
2023-11-22T14:00:00+00:00,1.08963,1.08986,1.08523,1.08787
2023-11-22T18:00:00+00:00,1.08784,1.08894,1.08777,1.08887
2023-11-22T22:00:00+00:00,1.08884,1.0896,1.08835,1.08949
2023-11-23T02:00:00+00:00,1.0895,1.09118,1.08948,1.09106
2023-11-23T06:00:00+00:00,1.09107,1.09307,1.08956,1.09232
2023-11-23T10:00:00+00:00,1.09231,1.09241,1.08968,1.09018
2023-11-23T14:00:00+00:00,1.09017,1.09105,1.08872,1.09059
2023-11-23T18:00:00+00:00,1.09059,1.09075,1.09028,1.09055
2023-11-23T22:00:00+00:00,1.09057,1.09104,1.09013,1.0902
2023-11-24T02:00:00+00:00,1.0902,1.09121,1.0895,1.09118
2023-11-24T06:00:00+00:00,1.09118,1.09208,1.09016,1.09029
2023-11-24T10:00:00+00:00,1.09029,1.09283,1.09018,1.0922
2023-11-24T14:00:00+00:00,1.0922,1.09454,1.09173,1.09405
2023-11-24T18:00:00+00:00,1.09405,1.09488,1.09367,1.09406
2023-11-26T22:00:00+00:00,1.09451,1.09497,1.09268,1.09468
2023-11-27T02:00:00+00:00,1.09469,1.09506,1.0938,1.09495
2023-11-27T06:00:00+00:00,1.09496,1.09593,1.09393,1.09485
2023-11-27T10:00:00+00:00,1.09484,1.09565,1.09436,1.09439
2023-11-27T14:00:00+00:00,1.09438,1.0945,1.09252,1.09344
2023-11-27T18:00:00+00:00,1.09342,1.09575,1.09322,1.09537
2023-11-27T22:00:00+00:00,1.09536,1.09619,1.09509,1.09579
2023-11-28T02:00:00+00:00,1.09578,1.09629,1.09499,1.09511
2023-11-28T06:00:00+00:00,1.0951,1.09551,1.09345,1.09537
2023-11-28T10:00:00+00:00,1.09537,1.0974,1.09455,1.09725
2023-11-28T14:00:00+00:00,1.09723,1.10089,1.09642,1.0987
2023-11-28T18:00:00+00:00,1.0987,1.09955,1.09733,1.09925
2023-11-28T22:00:00+00:00,1.0993,1.10173,1.09915,1.10061
2023-11-29T02:00:00+00:00,1.10062,1.10086,1.09969,1.10021
2023-11-29T06:00:00+00:00,1.10019,1.10046,1.09718,1.09746
2023-11-29T10:00:00+00:00,1.09745,1.0995,1.09692,1.09728
2023-11-29T14:00:00+00:00,1.09726,1.0991,1.09602,1.0976
2023-11-29T18:00:00+00:00,1.0976,1.09948,1.09685,1.09692
2023-11-29T22:00:00+00:00,1.09693,1.0984,1.09685,1.09696
2023-11-30T02:00:00+00:00,1.09695,1.0978,1.09652,1.09723
2023-11-30T06:00:00+00:00,1.09723,1.09819,1.09201,1.09251
2023-11-30T10:00:00+00:00,1.09249,1.09498,1.09091,1.09158
2023-11-30T14:00:00+00:00,1.0916,1.09226,1.08882,1.08902
2023-11-30T18:00:00+00:00,1.08901,1.09,1.08795,1.08878
2023-11-30T22:00:00+00:00,1.08872,1.09101,1.08838,1.0907
2023-12-01T02:00:00+00:00,1.0907,1.09129,1.08983,1.0911
2023-12-01T06:00:00+00:00,1.09109,1.09119,1.08861,1.08979
2023-12-01T10:00:00+00:00,1.08978,1.09037,1.08664,1.08676
2023-12-01T14:00:00+00:00,1.08676,1.08855,1.08289,1.08818
2023-12-01T18:00:00+00:00,1.08817,1.08929,1.08702,1.08824
2023-12-03T22:00:00+00:00,1.08798,1.08949,1.08666,1.08732
2023-12-04T02:00:00+00:00,1.08731,1.0886,1.08684,1.08694
2023-12-04T06:00:00+00:00,1.08693,1.08808,1.08499,1.08747
2023-12-04T10:00:00+00:00,1.08746,1.08788,1.08534,1.08546
2023-12-04T14:00:00+00:00,1.08545,1.08552,1.08041,1.08256
2023-12-04T18:00:00+00:00,1.08257,1.0837,1.08152,1.08362
2023-12-04T22:00:00+00:00,1.08356,1.08463,1.0832,1.08392
2023-12-05T02:00:00+00:00,1.08393,1.08475,1.08348,1.08474
2023-12-05T06:00:00+00:00,1.08474,1.08475,1.08041,1.0832
2023-12-05T10:00:00+00:00,1.08319,1.08397,1.08124,1.08286
2023-12-05T14:00:00+00:00,1.08285,1.08389,1.07821,1.07919
2023-12-05T18:00:00+00:00,1.0792,1.07989,1.07782,1.07966
2023-12-05T22:00:00+00:00,1.07964,1.07986,1.0788,1.07922
2023-12-06T02:00:00+00:00,1.0792,1.08019,1.07882,1.08012
2023-12-06T06:00:00+00:00,1.08013,1.08013,1.07751,1.07912
2023-12-06T10:00:00+00:00,1.07912,1.07997,1.07726,1.07981
2023-12-06T14:00:00+00:00,1.0798,1.08048,1.07809,1.07816
2023-12-06T18:00:00+00:00,1.07815,1.07843,1.07587,1.07641
2023-12-06T22:00:00+00:00,1.07639,1.07722,1.07638,1.07672
2023-12-07T02:00:00+00:00,1.07672,1.07709,1.07571,1.07618
2023-12-07T06:00:00+00:00,1.07617,1.07846,1.07553,1.07798
2023-12-07T10:00:00+00:00,1.07799,1.0798,1.07594,1.07903
2023-12-07T14:00:00+00:00,1.07903,1.08176,1.07672,1.08138
2023-12-07T18:00:00+00:00,1.08137,1.08138,1.07906,1.07939
2023-12-07T22:00:00+00:00,1.07941,1.08007,1.07853,1.07882
2023-12-08T02:00:00+00:00,1.07881,1.07957,1.07824,1.07839
2023-12-08T06:00:00+00:00,1.07837,1.07913,1.07724,1.07769
2023-12-08T10:00:00+00:00,1.07769,1.07899,1.07238,1.07469
2023-12-08T14:00:00+00:00,1.0747,1.07858,1.07306,1.07561
2023-12-08T18:00:00+00:00,1.07561,1.07665,1.07529,1.07635
2023-12-10T22:00:00+00:00,1.07611,1.0774,1.07576,1.07675
2023-12-11T02:00:00+00:00,1.07675,1.07683,1.0761,1.07681
2023-12-11T06:00:00+00:00,1.0768,1.07709,1.07514,1.0767
2023-12-11T10:00:00+00:00,1.07669,1.0779,1.07524,1.07636
2023-12-11T14:00:00+00:00,1.07637,1.07637,1.07416,1.07442
2023-12-11T18:00:00+00:00,1.07441,1.07698,1.07426,1.07647
2023-12-11T22:00:00+00:00,1.07647,1.07697,1.07591,1.07649
2023-12-12T02:00:00+00:00,1.07648,1.07709,1.07613,1.07691
2023-12-12T06:00:00+00:00,1.07693,1.07977,1.07686,1.07934
2023-12-12T10:00:00+00:00,1.07934,1.08282,1.07736,1.07767
2023-12-12T14:00:00+00:00,1.07765,1.08003,1.07672,1.07882
2023-12-12T18:00:00+00:00,1.07881,1.07992,1.07869,1.07943
2023-12-12T22:00:00+00:00,1.07946,1.07999,1.07913,1.07935
2023-12-13T02:00:00+00:00,1.07934,1.07939,1.07842,1.07902
2023-12-13T06:00:00+00:00,1.07901,1.07929,1.07803,1.07874
2023-12-13T10:00:00+00:00,1.07873,1.08037,1.07732,1.08005
2023-12-13T14:00:00+00:00,1.08005,1.08094,1.07827,1.07842
2023-12-13T18:00:00+00:00,1.07841,1.08966,1.07801,1.0874
2023-12-13T22:00:00+00:00,1.08741,1.08983,1.08723,1.08965
2023-12-14T02:00:00+00:00,1.08967,1.09154,1.08931,1.0894
2023-12-14T06:00:00+00:00,1.0894,1.0913,1.088,1.09041
2023-12-14T10:00:00+00:00,1.09041,1.09514,1.08983,1.0944
2023-12-14T14:00:00+00:00,1.09439,1.10092,1.09361,1.1005
2023-12-14T18:00:00+00:00,1.10051,1.1006,1.09796,1.09931
2023-12-14T22:00:00+00:00,1.09934,1.09965,1.09769,1.09847
2023-12-15T02:00:00+00:00,1.09847,1.10038,1.09837,1.09844
2023-12-15T06:00:00+00:00,1.09844,1.09993,1.09462,1.09605
2023-12-15T10:00:00+00:00,1.09604,1.09695,1.09042,1.09165
2023-12-15T14:00:00+00:00,1.09165,1.09284,1.09016,1.09104
2023-12-15T18:00:00+00:00,1.09103,1.09109,1.08886,1.08942
2023-12-17T22:00:00+00:00,1.08995,1.09014,1.08921,1.08975
2023-12-18T02:00:00+00:00,1.08975,1.09158,1.08975,1.09154
2023-12-18T06:00:00+00:00,1.09155,1.093,1.09118,1.09198
2023-12-18T10:00:00+00:00,1.09197,1.09293,1.09072,1.09213
2023-12-18T14:00:00+00:00,1.09214,1.09313,1.0911,1.09276
2023-12-18T18:00:00+00:00,1.09276,1.0928,1.09132,1.09235
2023-12-18T22:00:00+00:00,1.09235,1.0926,1.09177,1.09187
2023-12-19T02:00:00+00:00,1.09187,1.09291,1.09149,1.0928
2023-12-19T06:00:00+00:00,1.09278,1.09494,1.09231,1.09414
2023-12-19T10:00:00+00:00,1.09414,1.09739,1.09306,1.09621
2023-12-19T14:00:00+00:00,1.09621,1.09875,1.09592,1.09749
2023-12-19T18:00:00+00:00,1.09748,1.09813,1.09694,1.09811
2023-12-19T22:00:00+00:00,1.09813,1.09846,1.09679,1.09699
2023-12-20T02:00:00+00:00,1.09699,1.09728,1.09645,1.09649
2023-12-20T06:00:00+00:00,1.0965,1.09714,1.09508,1.09645
2023-12-20T10:00:00+00:00,1.09644,1.09653,1.09341,1.09606
2023-12-20T14:00:00+00:00,1.09608,1.09757,1.09497,1.09579
2023-12-20T18:00:00+00:00,1.09579,1.09637,1.09299,1.0942
2023-12-20T22:00:00+00:00,1.09414,1.09536,1.09379,1.09524
2023-12-21T02:00:00+00:00,1.09522,1.09559,1.09453,1.09546
2023-12-21T06:00:00+00:00,1.09546,1.09549,1.09353,1.09439
2023-12-21T10:00:00+00:00,1.0944,1.10024,1.094,1.09911
2023-12-21T14:00:00+00:00,1.09911,1.10013,1.09755,1.09861
2023-12-21T18:00:00+00:00,1.09861,1.10127,1.09785,1.10112
2023-12-21T22:00:00+00:00,1.10114,1.10127,1.09972,1.0998
2023-12-22T02:00:00+00:00,1.0998,1.10051,1.09956,1.09968
2023-12-22T06:00:00+00:00,1.09969,1.10135,1.09939,1.10045
2023-12-22T10:00:00+00:00,1.10044,1.1038,1.10018,1.10289
2023-12-22T14:00:00+00:00,1.1029,1.10402,1.10001,1.10159
2023-12-22T18:00:00+00:00,1.10159,1.10193,1.10022,1.10141
2023-12-24T22:00:00+00:00,1.10159,1.10184,1.09939,1.10068
2023-12-25T02:00:00+00:00,1.10064,1.10135,1.10019,1.10096
2023-12-25T06:00:00+00:00,1.10101,1.1023,1.10042,1.10177
2023-12-25T22:00:00+00:00,1.10095,1.10231,1.10075,1.10222
2023-12-26T02:00:00+00:00,1.10221,1.10288,1.10197,1.10268
2023-12-26T06:00:00+00:00,1.10268,1.10268,1.10098,1.10143
2023-12-26T10:00:00+00:00,1.10144,1.10247,1.10087,1.10176
2023-12-26T14:00:00+00:00,1.10178,1.10377,1.1014,1.10352
2023-12-26T18:00:00+00:00,1.1035,1.10451,1.10341,1.10422
2023-12-26T22:00:00+00:00,1.10426,1.10442,1.10321,1.10362
2023-12-27T02:00:00+00:00,1.10364,1.1044,1.10286,1.10434
2023-12-27T06:00:00+00:00,1.10435,1.10548,1.10365,1.10544
2023-12-27T10:00:00+00:00,1.10545,1.10739,1.10486,1.10704
2023-12-27T14:00:00+00:00,1.10708,1.11227,1.10689,1.11055
2023-12-27T18:00:00+00:00,1.11055,1.1114,1.10989,1.11051
2023-12-27T22:00:00+00:00,1.11055,1.11221,1.10998,1.11219
2023-12-28T02:00:00+00:00,1.11219,1.11225,1.11085,1.11092
2023-12-28T06:00:00+00:00,1.11093,1.11395,1.11043,1.11294
2023-12-28T10:00:00+00:00,1.11294,1.11325,1.10725,1.10732
2023-12-28T14:00:00+00:00,1.10733,1.11134,1.10661,1.10738
2023-12-28T18:00:00+00:00,1.10738,1.10739,1.10553,1.1061
2023-12-28T22:00:00+00:00,1.10608,1.10844,1.10605,1.1079
2023-12-29T02:00:00+00:00,1.1079,1.10794,1.10609,1.10663
2023-12-29T06:00:00+00:00,1.10662,1.10776,1.10442,1.10492
2023-12-29T10:00:00+00:00,1.1049,1.10807,1.10467,1.10487
2023-12-29T14:00:00+00:00,1.10486,1.10785,1.10425,1.10641
2023-12-29T18:00:00+00:00,1.10641,1.10641,1.1034,1.10384
2024-01-01T22:00:00+00:00,1.10454,1.10469,1.10343,1.10349
2024-01-02T02:00:00+00:00,1.10349,1.10359,1.10167,1.10335
2024-01-02T06:00:00+00:00,1.10336,1.10389,1.10108,1.10151
2024-01-02T10:00:00+00:00,1.10149,1.10171,1.09495,1.09527
2024-01-02T14:00:00+00:00,1.09527,1.09683,1.09409,1.09505
2024-01-02T18:00:00+00:00,1.09505,1.0956,1.09384,1.09413
2024-01-02T22:00:00+00:00,1.0942,1.09549,1.09388,1.09515
2024-01-03T02:00:00+00:00,1.09515,1.09628,1.09487,1.09513
2024-01-03T06:00:00+00:00,1.09513,1.09654,1.09349,1.09363
2024-01-03T10:00:00+00:00,1.09363,1.09391,1.09103,1.09217
2024-01-03T14:00:00+00:00,1.09217,1.09387,1.08981,1.09067
2024-01-03T18:00:00+00:00,1.09066,1.09259,1.0893,1.09212
2024-01-03T22:00:00+00:00,1.09213,1.09277,1.09164,1.09179
2024-01-04T02:00:00+00:00,1.09179,1.09308,1.09161,1.09267
2024-01-04T06:00:00+00:00,1.09266,1.09692,1.0921,1.09676
2024-01-04T10:00:00+00:00,1.09677,1.09722,1.09328,1.09471
2024-01-04T14:00:00+00:00,1.09471,1.09653,1.09382,1.09505
2024-01-04T18:00:00+00:00,1.09505,1.09544,1.09432,1.09444
2024-01-04T22:00:00+00:00,1.09451,1.09559,1.09433,1.09517
2024-01-05T02:00:00+00:00,1.09517,1.09543,1.09342,1.09375
2024-01-05T06:00:00+00:00,1.09375,1.09375,1.09028,1.09129
2024-01-05T10:00:00+00:00,1.09129,1.09279,1.08769,1.09212
2024-01-05T14:00:00+00:00,1.09213,1.09985,1.09213,1.09463
2024-01-05T18:00:00+00:00,1.09463,1.09599,1.09353,1.09422
2024-01-07T22:00:00+00:00,1.09462,1.09531,1.09349,1.09481
2024-01-08T02:00:00+00:00,1.09479,1.09479,1.09307,1.09375
2024-01-08T06:00:00+00:00,1.09374,1.09524,1.09227,1.09371
2024-01-08T10:00:00+00:00,1.0937,1.09563,1.09343,1.09509
2024-01-08T14:00:00+00:00,1.09508,1.09789,1.09495,1.09647
2024-01-08T18:00:00+00:00,1.09647,1.09657,1.0949,1.09502
2024-01-08T22:00:00+00:00,1.09504,1.09619,1.09494,1.09616
2024-01-09T02:00:00+00:00,1.09616,1.09664,1.09482,1.09497
2024-01-09T06:00:00+00:00,1.09497,1.09631,1.0938,1.09442
2024-01-09T10:00:00+00:00,1.09442,1.09482,1.09288,1.09461
2024-01-09T14:00:00+00:00,1.09461,1.09513,1.09104,1.09341
2024-01-09T18:00:00+00:00,1.09341,1.09402,1.09201,1.09315
2024-01-09T22:00:00+00:00,1.09315,1.09365,1.09262,1.09323
2024-01-10T02:00:00+00:00,1.09324,1.09361,1.09279,1.09325
2024-01-10T06:00:00+00:00,1.09325,1.09519,1.09229,1.09472
2024-01-10T10:00:00+00:00,1.09471,1.09554,1.09405,1.09406
2024-01-10T14:00:00+00:00,1.09405,1.09691,1.09321,1.09673
2024-01-10T18:00:00+00:00,1.09672,1.09732,1.09594,1.09728
2024-01-10T22:00:00+00:00,1.09729,1.09803,1.09696,1.09789
2024-01-11T02:00:00+00:00,1.09789,1.09849,1.09758,1.09784
2024-01-11T06:00:00+00:00,1.09785,1.09886,1.09589,1.09639
2024-01-11T10:00:00+00:00,1.09639,1.10001,1.09356,1.09395
2024-01-11T14:00:00+00:00,1.09397,1.09739,1.09303,1.09509
2024-01-11T18:00:00+00:00,1.09509,1.0983,1.09499,1.09721
2024-01-11T22:00:00+00:00,1.09722,1.09848,1.09668,1.09828
2024-01-12T02:00:00+00:00,1.09828,1.09855,1.09733,1.09756
2024-01-12T06:00:00+00:00,1.09757,1.09829,1.0961,1.09626
2024-01-12T10:00:00+00:00,1.09626,1.09696,1.0936,1.09553
2024-01-12T14:00:00+00:00,1.09553,1.0987,1.09471,1.09496
2024-01-12T18:00:00+00:00,1.09497,1.09634,1.09484,1.09508
2024-01-14T22:00:00+00:00,1.09515,1.09562,1.09409,1.09549
2024-01-15T02:00:00+00:00,1.0955,1.09676,1.0955,1.09641
2024-01-15T06:00:00+00:00,1.09642,1.09667,1.0943,1.09468
2024-01-15T10:00:00+00:00,1.09467,1.0959,1.09336,1.09506
2024-01-15T14:00:00+00:00,1.09507,1.09525,1.09382,1.09482
2024-01-15T18:00:00+00:00,1.09482,1.09536,1.09478,1.09509
2024-01-15T22:00:00+00:00,1.0951,1.09517,1.09154,1.09276
2024-01-16T02:00:00+00:00,1.09277,1.09277,1.09127,1.09154
2024-01-16T06:00:00+00:00,1.09153,1.09267,1.0884,1.08862
2024-01-16T10:00:00+00:00,1.08865,1.0898,1.08718,1.08742
2024-01-16T14:00:00+00:00,1.08741,1.08947,1.08622,1.0863
2024-01-16T18:00:00+00:00,1.0863,1.08776,1.0863,1.08752
2024-01-16T22:00:00+00:00,1.08752,1.08824,1.08724,1.08774
2024-01-17T02:00:00+00:00,1.08776,1.08846,1.08609,1.08649
2024-01-17T06:00:00+00:00,1.0865,1.08815,1.08555,1.08767
2024-01-17T10:00:00+00:00,1.08765,1.0884,1.08514,1.0864
2024-01-17T14:00:00+00:00,1.08641,1.08709,1.08447,1.0867
2024-01-17T18:00:00+00:00,1.08671,1.0883,1.08566,1.08825
2024-01-17T22:00:00+00:00,1.08825,1.09008,1.08799,1.08962
2024-01-18T02:00:00+00:00,1.08962,1.0903,1.08906,1.08949
2024-01-18T06:00:00+00:00,1.0895,1.09069,1.08767,1.08846
2024-01-18T10:00:00+00:00,1.08846,1.08961,1.08506,1.08526
2024-01-18T14:00:00+00:00,1.08525,1.08702,1.08467,1.08597
2024-01-18T18:00:00+00:00,1.08592,1.08774,1.08543,1.08763
2024-01-18T22:00:00+00:00,1.08764,1.08874,1.08715,1.08857
2024-01-19T02:00:00+00:00,1.08856,1.08897,1.08796,1.0881
2024-01-19T06:00:00+00:00,1.0881,1.08864,1.08682,1.0883
2024-01-19T10:00:00+00:00,1.08828,1.08932,1.08731,1.08806
2024-01-19T14:00:00+00:00,1.08807,1.08934,1.08657,1.08897
2024-01-19T18:00:00+00:00,1.08897,1.08987,1.0886,1.08971
2024-01-21T22:00:00+00:00,1.08917,1.09051,1.08887,1.0902
2024-01-22T02:00:00+00:00,1.0902,1.09092,1.08986,1.09016
2024-01-22T06:00:00+00:00,1.09016,1.09096,1.08872,1.0897
2024-01-22T10:00:00+00:00,1.0897,1.08996,1.088,1.08917
2024-01-22T14:00:00+00:00,1.08918,1.09001,1.0882,1.08965
2024-01-22T18:00:00+00:00,1.08964,1.08964,1.08804,1.08826
2024-01-22T22:00:00+00:00,1.08827,1.08887,1.08758,1.08885
2024-01-23T02:00:00+00:00,1.08885,1.0908,1.0885,1.09069
2024-01-23T06:00:00+00:00,1.0907,1.09163,1.08838,1.08875
2024-01-23T10:00:00+00:00,1.08874,1.08883,1.08601,1.08741
2024-01-23T14:00:00+00:00,1.0874,1.08741,1.08216,1.08315
2024-01-23T18:00:00+00:00,1.08316,1.08561,1.08304,1.08542
2024-01-23T22:00:00+00:00,1.08542,1.08601,1.08481,1.08581
2024-01-24T02:00:00+00:00,1.08581,1.08662,1.08534,1.08622
2024-01-24T06:00:00+00:00,1.08621,1.09078,1.08603,1.09029
2024-01-24T10:00:00+00:00,1.09028,1.09273,1.08875,1.09251
2024-01-24T14:00:00+00:00,1.09249,1.09324,1.08906,1.09054
2024-01-24T18:00:00+00:00,1.09053,1.09061,1.08778,1.08849
2024-01-24T22:00:00+00:00,1.08849,1.08872,1.08703,1.08776
2024-01-25T02:00:00+00:00,1.08779,1.08819,1.08745,1.08783
2024-01-25T06:00:00+00:00,1.08784,1.08998,1.08758,1.0896
2024-01-25T10:00:00+00:00,1.08959,1.0902,1.08669,1.08794
2024-01-25T14:00:00+00:00,1.08793,1.08793,1.08242,1.08377
2024-01-25T18:00:00+00:00,1.08377,1.08482,1.08217,1.08464
2024-01-25T22:00:00+00:00,1.08459,1.08484,1.08375,1.08445
2024-01-26T02:00:00+00:00,1.08445,1.0849,1.0838,1.08426
2024-01-26T06:00:00+00:00,1.08425,1.08507,1.08129,1.08442
2024-01-26T10:00:00+00:00,1.08444,1.08859,1.08443,1.0872
2024-01-26T14:00:00+00:00,1.08719,1.08803,1.08551,1.08637
2024-01-26T18:00:00+00:00,1.08637,1.08659,1.08514,1.08535
2024-01-28T22:00:00+00:00,1.08468,1.08496,1.08414,1.0844
2024-01-29T02:00:00+00:00,1.0844,1.08478,1.08394,1.084
2024-01-29T06:00:00+00:00,1.08401,1.08501,1.08231,1.08252
2024-01-29T10:00:00+00:00,1.0825,1.08369,1.08139,1.08204
2024-01-29T14:00:00+00:00,1.08202,1.08227,1.07959,1.08117
2024-01-29T18:00:00+00:00,1.08117,1.08406,1.08094,1.0833
2024-01-29T22:00:00+00:00,1.08332,1.08423,1.08303,1.0835
2024-01-30T02:00:00+00:00,1.08349,1.08361,1.08219,1.08225
2024-01-30T06:00:00+00:00,1.08226,1.08322,1.0812,1.08271
2024-01-30T10:00:00+00:00,1.0827,1.085,1.08231,1.08346
2024-01-30T14:00:00+00:00,1.08347,1.08574,1.08282,1.0839
2024-01-30T18:00:00+00:00,1.08388,1.08487,1.08317,1.08455
2024-01-30T22:00:00+00:00,1.08455,1.08482,1.08314,1.08314
2024-01-31T02:00:00+00:00,1.08313,1.08313,1.0816,1.08205
2024-01-31T06:00:00+00:00,1.08205,1.08368,1.08061,1.08223
2024-01-31T10:00:00+00:00,1.08224,1.0863,1.08215,1.08576
2024-01-31T14:00:00+00:00,1.08576,1.08875,1.08419,1.08496
2024-01-31T18:00:00+00:00,1.08495,1.08643,1.0795,1.08186
2024-01-31T22:00:00+00:00,1.08189,1.08204,1.08018,1.08091
2024-02-01T02:00:00+00:00,1.08089,1.08218,1.08027,1.08028
2024-02-01T06:00:00+00:00,1.08027,1.08051,1.078,1.07987
2024-02-01T10:00:00+00:00,1.07991,1.08274,1.07915,1.0814
2024-02-01T14:00:00+00:00,1.08139,1.08748,1.08063,1.08729
2024-02-01T18:00:00+00:00,1.08729,1.08749,1.0863,1.08719
2024-02-01T22:00:00+00:00,1.0872,1.08798,1.08672,1.08717
2024-02-02T02:00:00+00:00,1.08718,1.08826,1.08714,1.08776
2024-02-02T06:00:00+00:00,1.08775,1.08976,1.08737,1.08909
2024-02-02T10:00:00+00:00,1.08908,1.08951,1.08038,1.08073
2024-02-02T14:00:00+00:00,1.08073,1.0817,1.07808,1.07836
2024-02-02T18:00:00+00:00,1.07837,1.07974,1.07805,1.07866
2024-02-04T22:00:00+00:00,1.07868,1.0787,1.07673,1.07784
2024-02-05T02:00:00+00:00,1.07783,1.07822,1.07733,1.07821
2024-02-05T06:00:00+00:00,1.0782,1.07862,1.0752,1.07538
2024-02-05T10:00:00+00:00,1.07538,1.07587,1.07363,1.07375
2024-02-05T14:00:00+00:00,1.07375,1.07451,1.07233,1.07393
2024-02-05T18:00:00+00:00,1.07393,1.07466,1.07369,1.07424
2024-02-05T22:00:00+00:00,1.07425,1.07472,1.07391,1.07454
2024-02-06T02:00:00+00:00,1.07455,1.07542,1.07436,1.07536
2024-02-06T06:00:00+00:00,1.07535,1.07625,1.07255,1.07293
2024-02-06T10:00:00+00:00,1.07292,1.07441,1.07226,1.07306
2024-02-06T14:00:00+00:00,1.07305,1.07553,1.0729,1.0751
2024-02-06T18:00:00+00:00,1.0751,1.07575,1.07436,1.07544
2024-02-06T22:00:00+00:00,1.07547,1.07651,1.07513,1.07636
2024-02-07T02:00:00+00:00,1.07635,1.07666,1.07567,1.07627
2024-02-07T06:00:00+00:00,1.07627,1.07735,1.07569,1.07694
2024-02-07T10:00:00+00:00,1.07693,1.07839,1.07624,1.07702
2024-02-07T14:00:00+00:00,1.07703,1.07799,1.07558,1.07649
2024-02-07T18:00:00+00:00,1.07648,1.07755,1.07645,1.07713
2024-02-07T22:00:00+00:00,1.07712,1.07798,1.07696,1.07788
2024-02-08T02:00:00+00:00,1.07788,1.07884,1.07784,1.07828
2024-02-08T06:00:00+00:00,1.07829,1.07889,1.07686,1.0783
2024-02-08T10:00:00+00:00,1.0783,1.07856,1.07417,1.07442
2024-02-08T14:00:00+00:00,1.07441,1.07766,1.07436,1.07735
2024-02-08T18:00:00+00:00,1.07735,1.07829,1.07727,1.07776
2024-02-08T22:00:00+00:00,1.07774,1.07795,1.07723,1.07744
2024-02-09T02:00:00+00:00,1.07743,1.07783,1.07694,1.07712
2024-02-09T06:00:00+00:00,1.07712,1.07849,1.07661,1.07672
2024-02-09T10:00:00+00:00,1.07671,1.0795,1.07622,1.07832
2024-02-09T14:00:00+00:00,1.07831,1.07952,1.0775,1.07856
2024-02-09T18:00:00+00:00,1.07857,1.07909,1.07798,1.07835
2024-02-11T22:00:00+00:00,1.07808,1.07999,1.07793,1.07957
2024-02-12T02:00:00+00:00,1.07958,1.07979,1.07895,1.07916
2024-02-12T06:00:00+00:00,1.07916,1.08056,1.07668,1.07692
2024-02-12T10:00:00+00:00,1.07693,1.07788,1.07611,1.07639
2024-02-12T14:00:00+00:00,1.07639,1.07824,1.07559,1.07824
2024-02-12T18:00:00+00:00,1.07824,1.07862,1.07681,1.07713
2024-02-12T22:00:00+00:00,1.07711,1.07759,1.07658,1.07669
2024-02-13T02:00:00+00:00,1.07669,1.0768,1.07607,1.0767
2024-02-13T06:00:00+00:00,1.07669,1.07778,1.07569,1.07668
2024-02-13T10:00:00+00:00,1.07668,1.07991,1.07031,1.07085
2024-02-13T14:00:00+00:00,1.07085,1.07268,1.07007,1.07152
2024-02-13T18:00:00+00:00,1.07153,1.07203,1.07005,1.07085
2024-02-13T22:00:00+00:00,1.07086,1.07145,1.07034,1.07117
2024-02-14T02:00:00+00:00,1.07117,1.07151,1.07083,1.07141
2024-02-14T06:00:00+00:00,1.0714,1.07188,1.0695,1.07002
2024-02-14T10:00:00+00:00,1.07003,1.07168,1.06964,1.07088
2024-02-14T14:00:00+00:00,1.07088,1.07345,1.07066,1.07307
2024-02-14T18:00:00+00:00,1.07308,1.07339,1.07253,1.07264
2024-02-14T22:00:00+00:00,1.07272,1.07355,1.07256,1.07284
2024-02-15T02:00:00+00:00,1.07284,1.07322,1.07247,1.07292
2024-02-15T06:00:00+00:00,1.07291,1.07414,1.07273,1.07332
2024-02-15T10:00:00+00:00,1.0733,1.07729,1.07308,1.07665
2024-02-15T14:00:00+00:00,1.07659,1.07849,1.07553,1.07625
2024-02-15T18:00:00+00:00,1.07625,1.07739,1.07606,1.07722
2024-02-15T22:00:00+00:00,1.07723,1.07769,1.07613,1.0765
2024-02-16T02:00:00+00:00,1.07649,1.07651,1.07574,1.07603
2024-02-16T06:00:00+00:00,1.07603,1.07718,1.07587,1.07662
2024-02-16T10:00:00+00:00,1.07663,1.07801,1.07321,1.07465
2024-02-16T14:00:00+00:00,1.07465,1.0778,1.0741,1.07778
2024-02-16T18:00:00+00:00,1.0778,1.07875,1.0773,1.07759
2024-02-18T22:00:00+00:00,1.0775,1.0789,1.0773,1.07804
2024-02-19T02:00:00+00:00,1.07803,1.07834,1.07749,1.07818
2024-02-19T06:00:00+00:00,1.07818,1.07895,1.07724,1.07748
2024-02-19T10:00:00+00:00,1.07748,1.07818,1.07676,1.07701
2024-02-19T14:00:00+00:00,1.07701,1.07765,1.07621,1.07762
2024-02-19T18:00:00+00:00,1.07761,1.07837,1.07761,1.07791
2024-02-19T22:00:00+00:00,1.07793,1.07808,1.07651,1.0766
2024-02-20T02:00:00+00:00,1.07659,1.0771,1.07617,1.07681
2024-02-20T06:00:00+00:00,1.07681,1.0799,1.07674,1.07979
2024-02-20T10:00:00+00:00,1.07978,1.08249,1.07937,1.08231
2024-02-20T14:00:00+00:00,1.08233,1.08389,1.08092,1.08119
2024-02-20T18:00:00+00:00,1.08117,1.08131,1.08045,1.08079
2024-02-20T22:00:00+00:00,1.08078,1.08127,1.08056,1.08121
2024-02-21T02:00:00+00:00,1.08121,1.08192,1.08121,1.08152
2024-02-21T06:00:00+00:00,1.08152,1.08153,1.079,1.08
2024-02-21T10:00:00+00:00,1.07999,1.08115,1.07944,1.08101
2024-02-21T14:00:00+00:00,1.08102,1.082,1.08009,1.08076
2024-02-21T18:00:00+00:00,1.08075,1.08244,1.08,1.08188
2024-02-21T22:00:00+00:00,1.08188,1.08322,1.08165,1.08268
2024-02-22T02:00:00+00:00,1.08266,1.08379,1.08191,1.08335
2024-02-22T06:00:00+00:00,1.08333,1.08883,1.08331,1.08531
2024-02-22T10:00:00+00:00,1.0853,1.08589,1.08211,1.08231
2024-02-22T14:00:00+00:00,1.08231,1.08247,1.08028,1.08203
2024-02-22T18:00:00+00:00,1.08202,1.08262,1.08145,1.0823
2024-02-22T22:00:00+00:00,1.08229,1.0832,1.0815,1.0827
2024-02-23T02:00:00+00:00,1.08272,1.08306,1.08214,1.08228
2024-02-23T06:00:00+00:00,1.08229,1.08325,1.08141,1.08175
2024-02-23T10:00:00+00:00,1.08175,1.08396,1.08172,1.0832
2024-02-23T14:00:00+00:00,1.08316,1.0837,1.08119,1.08248
2024-02-23T18:00:00+00:00,1.08249,1.08296,1.08177,1.0821
2024-02-25T22:00:00+00:00,1.08329,1.08331,1.08127,1.08164
2024-02-26T02:00:00+00:00,1.08164,1.08242,1.08144,1.08231
2024-02-26T06:00:00+00:00,1.08231,1.08404,1.08221,1.084
2024-02-26T10:00:00+00:00,1.08401,1.08598,1.08386,1.0858
2024-02-26T14:00:00+00:00,1.0858,1.08588,1.08387,1.08454
2024-02-26T18:00:00+00:00,1.08453,1.08527,1.08398,1.08508
2024-02-26T22:00:00+00:00,1.08508,1.08518,1.08455,1.085
2024-02-27T02:00:00+00:00,1.085,1.08555,1.08482,1.0852
2024-02-27T06:00:00+00:00,1.08521,1.0866,1.08472,1.0853
2024-02-27T10:00:00+00:00,1.08529,1.08631,1.08419,1.08481
2024-02-27T14:00:00+00:00,1.0848,1.08578,1.0833,1.08508
2024-02-27T18:00:00+00:00,1.08508,1.08567,1.08409,1.08442
2024-02-27T22:00:00+00:00,1.08444,1.08475,1.08379,1.08395
2024-02-28T02:00:00+00:00,1.08396,1.08403,1.08255,1.08268
2024-02-28T06:00:00+00:00,1.08267,1.08294,1.07966,1.08
2024-02-28T10:00:00+00:00,1.08,1.0831,1.07994,1.08278
2024-02-28T14:00:00+00:00,1.08277,1.08459,1.08214,1.08384
2024-02-28T18:00:00+00:00,1.08384,1.08405,1.08325,1.08381
2024-02-28T22:00:00+00:00,1.08383,1.08405,1.08281,1.08291
2024-02-29T02:00:00+00:00,1.08291,1.08378,1.08288,1.08354
2024-02-29T06:00:00+00:00,1.08353,1.0852,1.0826,1.08506
2024-02-29T10:00:00+00:00,1.08507,1.08543,1.08219,1.08378
2024-02-29T14:00:00+00:00,1.08377,1.08559,1.07959,1.07999
2024-02-29T18:00:00+00:00,1.08,1.08113,1.07984,1.08053
2024-02-29T22:00:00+00:00,1.08052,1.08214,1.08015,1.08214
2024-03-01T02:00:00+00:00,1.08215,1.08218,1.08112,1.08123
2024-03-01T06:00:00+00:00,1.08122,1.082,1.08083,1.08155
2024-03-01T10:00:00+00:00,1.08157,1.08248,1.07984,1.08128
2024-03-01T14:00:00+00:00,1.08128,1.08417,1.07981,1.08377
2024-03-01T18:00:00+00:00,1.08377,1.08433,1.08316,1.08387
2024-03-03T22:00:00+00:00,1.08387,1.08481,1.0837,1.08401
2024-03-04T02:00:00+00:00,1.08402,1.08468,1.08386,1.08444
2024-03-04T06:00:00+00:00,1.08444,1.08579,1.08378,1.08491
2024-03-04T10:00:00+00:00,1.0849,1.08576,1.08402,1.08488
2024-03-04T14:00:00+00:00,1.08487,1.08668,1.08451,1.0858
2024-03-04T18:00:00+00:00,1.08579,1.08607,1.0855,1.08554
2024-03-04T22:00:00+00:00,1.08555,1.08581,1.08476,1.08495
2024-03-05T02:00:00+00:00,1.08497,1.08548,1.08485,1.08529
2024-03-05T06:00:00+00:00,1.0853,1.08559,1.08415,1.08515
2024-03-05T10:00:00+00:00,1.08513,1.0855,1.0842,1.08462
2024-03-05T14:00:00+00:00,1.08465,1.08761,1.08404,1.086
2024-03-05T18:00:00+00:00,1.08599,1.086,1.08491,1.08566
2024-03-05T22:00:00+00:00,1.08567,1.08589,1.08422,1.08439
2024-03-06T02:00:00+00:00,1.08439,1.08569,1.08439,1.08552
2024-03-06T06:00:00+00:00,1.08552,1.08778,1.08548,1.08766
2024-03-06T10:00:00+00:00,1.08765,1.08849,1.08676,1.08848
2024-03-06T14:00:00+00:00,1.08847,1.09153,1.08814,1.09024
2024-03-06T18:00:00+00:00,1.09024,1.09078,1.0893,1.08984
2024-03-06T22:00:00+00:00,1.08987,1.09074,1.08949,1.0898
2024-03-07T02:00:00+00:00,1.0898,1.09056,1.08937,1.09004
2024-03-07T06:00:00+00:00,1.09004,1.09044,1.08878,1.09017
2024-03-07T10:00:00+00:00,1.09018,1.0902,1.08679,1.08724
2024-03-07T14:00:00+00:00,1.08723,1.09421,1.08693,1.0937
2024-03-07T18:00:00+00:00,1.09369,1.09491,1.09367,1.09482
2024-03-07T22:00:00+00:00,1.09479,1.09557,1.09442,1.09481
2024-03-08T02:00:00+00:00,1.09481,1.09509,1.09443,1.09465
2024-03-08T06:00:00+00:00,1.09465,1.09511,1.09262,1.09354
2024-03-08T10:00:00+00:00,1.09352,1.09814,1.09184,1.09583
2024-03-08T14:00:00+00:00,1.09583,1.09667,1.0937,1.09394
2024-03-08T18:00:00+00:00,1.09394,1.09439,1.09335,1.09383
2024-03-10T21:00:00+00:00,1.09451,1.09466,1.0936,1.09423
2024-03-11T01:00:00+00:00,1.09424,1.09458,1.0937,1.09387
2024-03-11T05:00:00+00:00,1.09388,1.09481,1.09354,1.09446
2024-03-11T09:00:00+00:00,1.09447,1.09449,1.09294,1.09295
2024-03-11T13:00:00+00:00,1.09296,1.09317,1.09146,1.09272
2024-03-11T17:00:00+00:00,1.09272,1.09303,1.09184,1.09257
2024-03-11T21:00:00+00:00,1.09258,1.09323,1.09205,1.09286
2024-03-12T01:00:00+00:00,1.09287,1.09382,1.09268,1.09369
2024-03-12T05:00:00+00:00,1.0937,1.09395,1.09214,1.09249
2024-03-12T09:00:00+00:00,1.09248,1.09439,1.09029,1.09201
2024-03-12T13:00:00+00:00,1.09201,1.09232,1.09024,1.09178
2024-03-12T17:00:00+00:00,1.09177,1.09274,1.09128,1.09264
2024-03-12T21:00:00+00:00,1.09265,1.09297,1.09257,1.09269
2024-03-13T01:00:00+00:00,1.0927,1.09307,1.09221,1.09235
2024-03-13T05:00:00+00:00,1.09234,1.09328,1.09208,1.09276
2024-03-13T09:00:00+00:00,1.09275,1.09474,1.09201,1.09367
2024-03-13T13:00:00+00:00,1.09367,1.09495,1.09314,1.09491
2024-03-13T17:00:00+00:00,1.09491,1.09639,1.09457,1.09476
2024-03-13T21:00:00+00:00,1.09479,1.09549,1.09461,1.09489
2024-03-14T01:00:00+00:00,1.09489,1.09529,1.0939,1.09425
2024-03-14T05:00:00+00:00,1.09424,1.09441,1.09318,1.09379
2024-03-14T09:00:00+00:00,1.09378,1.09455,1.09244,1.093
2024-03-14T13:00:00+00:00,1.09299,1.09313,1.0883,1.08872
2024-03-14T17:00:00+00:00,1.08871,1.08919,1.08807,1.08831
2024-03-14T21:00:00+00:00,1.08831,1.08865,1.08761,1.0878
2024-03-15T01:00:00+00:00,1.08779,1.08802,1.08731,1.08764
2024-03-15T05:00:00+00:00,1.08765,1.0887,1.08733,1.0883
2024-03-15T09:00:00+00:00,1.08829,1.08997,1.08826,1.08874
2024-03-15T13:00:00+00:00,1.08873,1.08949,1.08815,1.08859
2024-03-15T17:00:00+00:00,1.08859,1.08914,1.08835,1.08887
2024-03-17T21:00:00+00:00,1.08926,1.08926,1.08806,1.08853
2024-03-18T01:00:00+00:00,1.08853,1.08919,1.0883,1.08876
2024-03-18T05:00:00+00:00,1.08875,1.08979,1.08853,1.08939
2024-03-18T09:00:00+00:00,1.08937,1.09062,1.08899,1.08922
2024-03-18T13:00:00+00:00,1.08923,1.08936,1.08695,1.08724
2024-03-18T17:00:00+00:00,1.08728,1.08752,1.08662,1.08722
2024-03-18T21:00:00+00:00,1.08725,1.08746,1.08693,1.08695
2024-03-19T01:00:00+00:00,1.08695,1.08766,1.08668,1.08708
2024-03-19T05:00:00+00:00,1.08707,1.08722,1.08424,1.08476
2024-03-19T09:00:00+00:00,1.08477,1.08561,1.08347,1.08517
2024-03-19T13:00:00+00:00,1.08516,1.08656,1.08494,1.08634
2024-03-19T17:00:00+00:00,1.08635,1.08677,1.08598,1.08658
2024-03-19T21:00:00+00:00,1.08658,1.08675,1.08584,1.08645
2024-03-20T01:00:00+00:00,1.08644,1.08712,1.08623,1.08666
2024-03-20T05:00:00+00:00,1.08667,1.08721,1.08501,1.08523
2024-03-20T09:00:00+00:00,1.08522,1.08524,1.08365,1.08423
2024-03-20T13:00:00+00:00,1.08424,1.08613,1.08373,1.08607
2024-03-20T17:00:00+00:00,1.08608,1.0923,1.08587,1.0922
2024-03-20T21:00:00+00:00,1.09221,1.09375,1.09189,1.09335
2024-03-21T01:00:00+00:00,1.09335,1.0939,1.09327,1.09333
2024-03-21T05:00:00+00:00,1.09333,1.09427,1.08873,1.08918
2024-03-21T09:00:00+00:00,1.08921,1.09238,1.08891,1.09116
2024-03-21T13:00:00+00:00,1.09117,1.09118,1.08557,1.08609
2024-03-21T17:00:00+00:00,1.0861,1.08662,1.08555,1.08601
2024-03-21T21:00:00+00:00,1.086,1.08681,1.08593,1.08652
2024-03-22T01:00:00+00:00,1.08652,1.08659,1.08312,1.08333
2024-03-22T05:00:00+00:00,1.08334,1.0842,1.08082,1.08117
2024-03-22T09:00:00+00:00,1.08119,1.08312,1.08116,1.08265
2024-03-22T13:00:00+00:00,1.08265,1.08318,1.08058,1.08059
2024-03-22T17:00:00+00:00,1.08059,1.08106,1.08018,1.0808
2024-03-24T21:00:00+00:00,1.08085,1.08108,1.08026,1.08036
2024-03-25T01:00:00+00:00,1.08037,1.08222,1.08022,1.08132
2024-03-25T05:00:00+00:00,1.08133,1.08238,1.08073,1.08138
2024-03-25T09:00:00+00:00,1.08139,1.0834,1.08117,1.08307
2024-03-25T13:00:00+00:00,1.08306,1.08425,1.08292,1.08367
2024-03-25T17:00:00+00:00,1.08366,1.0841,1.08333,1.08374
2024-03-25T21:00:00+00:00,1.08376,1.08428,1.08352,1.08427
2024-03-26T01:00:00+00:00,1.08428,1.08455,1.08359,1.08403
2024-03-26T05:00:00+00:00,1.08401,1.08529,1.08387,1.08496
2024-03-26T09:00:00+00:00,1.08496,1.08644,1.08457,1.08521
2024-03-26T13:00:00+00:00,1.08521,1.08585,1.08243,1.08283
2024-03-26T17:00:00+00:00,1.08282,1.08358,1.08268,1.08315
2024-03-26T21:00:00+00:00,1.08312,1.08336,1.08275,1.08296
2024-03-27T01:00:00+00:00,1.08296,1.08309,1.08206,1.08299
2024-03-27T05:00:00+00:00,1.08299,1.08338,1.08214,1.08287
2024-03-27T09:00:00+00:00,1.08288,1.08391,1.08151,1.0819
2024-03-27T13:00:00+00:00,1.08189,1.08258,1.08109,1.08232
2024-03-27T17:00:00+00:00,1.08231,1.08291,1.08175,1.08275
2024-03-27T21:00:00+00:00,1.08274,1.08279,1.08081,1.08176
2024-03-28T01:00:00+00:00,1.08174,1.08261,1.0815,1.08236
2024-03-28T05:00:00+00:00,1.08236,1.08266,1.07898,1.07919
2024-03-28T09:00:00+00:00,1.07919,1.08089,1.07752,1.08083
2024-03-28T13:00:00+00:00,1.08082,1.08188,1.07929,1.07994
2024-03-28T17:00:00+00:00,1.07993,1.0802,1.07847,1.07886
2024-03-28T21:00:00+00:00,1.07899,1.07953,1.07837,1.07842
2024-03-29T01:00:00+00:00,1.07843,1.07851,1.07737,1.07768
2024-03-29T05:00:00+00:00,1.07767,1.07828,1.07682,1.07787
2024-03-29T09:00:00+00:00,1.07787,1.08061,1.0773,1.07985
2024-03-29T13:00:00+00:00,1.07984,1.08036,1.07871,1.07882
2024-03-29T17:00:00+00:00,1.07882,1.07976,1.07877,1.0793
2024-03-31T22:00:00+01:00,1.07893,1.07988,1.07856,1.07913
2024-04-01T02:00:00+01:00,1.07913,1.07946,1.07842,1.07868
2024-04-01T06:00:00+01:00,1.07868,1.07923,1.07828,1.07898
2024-04-01T10:00:00+01:00,1.07898,1.0791,1.07772,1.07818
2024-04-01T14:00:00+01:00,1.07818,1.0783,1.0731,1.07366
2024-04-01T18:00:00+01:00,1.07367,1.07441,1.07367,1.07434
2024-04-01T22:00:00+01:00,1.07435,1.07449,1.0731,1.07372
2024-04-02T02:00:00+01:00,1.07373,1.07383,1.07294,1.07333
2024-04-02T06:00:00+01:00,1.07331,1.07429,1.07247,1.07314
2024-04-02T10:00:00+01:00,1.07314,1.07561,1.07311,1.07489
2024-04-02T14:00:00+01:00,1.0749,1.07791,1.07481,1.07682
2024-04-02T18:00:00+01:00,1.07682,1.07699,1.07602,1.07696
2024-04-02T22:00:00+01:00,1.07697,1.07745,1.0766,1.07688
2024-04-03T02:00:00+01:00,1.07689,1.07795,1.07659,1.07747
2024-04-03T06:00:00+01:00,1.07747,1.07774,1.07641,1.07718
2024-04-03T10:00:00+01:00,1.07717,1.07865,1.07652,1.07781
2024-04-03T14:00:00+01:00,1.07782,1.08363,1.07778,1.08306
2024-04-03T18:00:00+01:00,1.08307,1.08369,1.08256,1.08361
2024-04-03T22:00:00+01:00,1.08364,1.08434,1.08326,1.08432
2024-04-04T02:00:00+01:00,1.08431,1.08448,1.08382,1.08427
2024-04-04T06:00:00+01:00,1.08427,1.08627,1.0839,1.0862
2024-04-04T10:00:00+01:00,1.08618,1.08704,1.08508,1.08697
2024-04-04T14:00:00+01:00,1.08697,1.08766,1.08581,1.08588
2024-04-04T18:00:00+01:00,1.08589,1.08619,1.08318,1.08372
2024-04-04T22:00:00+01:00,1.08369,1.0844,1.08345,1.08417
2024-04-05T02:00:00+01:00,1.08418,1.08432,1.08234,1.08263
2024-04-05T06:00:00+01:00,1.08261,1.08465,1.08225,1.08377
2024-04-05T10:00:00+01:00,1.08376,1.0848,1.08002,1.08093
2024-04-05T14:00:00+01:00,1.08094,1.08445,1.07913,1.08358
2024-04-05T18:00:00+01:00,1.0836,1.08389,1.08307,1.08364
2024-04-07T22:00:00+01:00,1.08368,1.08391,1.08231,1.0827
2024-04-08T02:00:00+01:00,1.0827,1.08433,1.0827,1.08322
2024-04-08T06:00:00+01:00,1.08323,1.08378,1.08222,1.08236
2024-04-08T10:00:00+01:00,1.08235,1.08356,1.08209,1.08343
2024-04-08T14:00:00+01:00,1.08343,1.0859,1.08343,1.08502
2024-04-08T18:00:00+01:00,1.08504,1.08622,1.08495,1.0859
2024-04-08T22:00:00+01:00,1.08594,1.08636,1.08552,1.08587
2024-04-09T02:00:00+01:00,1.08587,1.08623,1.08541,1.08566
2024-04-09T06:00:00+01:00,1.08566,1.08627,1.08492,1.08576
2024-04-09T10:00:00+01:00,1.08576,1.0884,1.08564,1.08807
2024-04-09T14:00:00+01:00,1.08807,1.08851,1.08523,1.08546
2024-04-09T18:00:00+01:00,1.08546,1.08592,1.08478,1.08574
2024-04-09T22:00:00+01:00,1.0857,1.08598,1.08552,1.08573
2024-04-10T02:00:00+01:00,1.08575,1.08589,1.08505,1.08526
2024-04-10T06:00:00+01:00,1.08524,1.08606,1.08478,1.08604
2024-04-10T10:00:00+01:00,1.08605,1.08665,1.07784,1.07808
2024-04-10T14:00:00+01:00,1.07809,1.07812,1.07288,1.07361
2024-04-10T18:00:00+01:00,1.07362,1.07544,1.07291,1.07424
2024-04-10T22:00:00+01:00,1.07427,1.07459,1.07384,1.07427
2024-04-11T02:00:00+01:00,1.07427,1.0749,1.07412,1.07462
2024-04-11T06:00:00+01:00,1.07462,1.07499,1.07267,1.07406
2024-04-11T10:00:00+01:00,1.07405,1.07469,1.07152,1.07415
2024-04-11T14:00:00+01:00,1.07415,1.07565,1.06993,1.07177
2024-04-11T18:00:00+01:00,1.07176,1.07346,1.07153,1.07261
2024-04-11T22:00:00+01:00,1.07261,1.07294,1.07225,1.0726
2024-04-12T02:00:00+01:00,1.07262,1.07282,1.07108,1.07113
2024-04-12T06:00:00+01:00,1.07113,1.07141,1.06708,1.0671
2024-04-12T10:00:00+01:00,1.06712,1.06749,1.06314,1.06385
2024-04-12T14:00:00+01:00,1.06385,1.0651,1.06227,1.06418
2024-04-12T18:00:00+01:00,1.06419,1.06506,1.06372,1.06413
2024-04-14T22:00:00+01:00,1.06376,1.06516,1.06333,1.06457
2024-04-15T02:00:00+01:00,1.06456,1.06549,1.06392,1.06525
2024-04-15T06:00:00+01:00,1.06525,1.0665,1.065,1.06563
2024-04-15T10:00:00+01:00,1.06564,1.06652,1.06311,1.06472
2024-04-15T14:00:00+01:00,1.06473,1.06608,1.06219,1.06361
2024-04-15T18:00:00+01:00,1.0636,1.06395,1.06203,1.06244
2024-04-15T22:00:00+01:00,1.06239,1.06285,1.06181,1.06184
2024-04-16T02:00:00+01:00,1.06184,1.06193,1.06062,1.0614
2024-04-16T06:00:00+01:00,1.0614,1.06248,1.06024,1.06163
2024-04-16T10:00:00+01:00,1.06163,1.06536,1.06163,1.0639
2024-04-16T14:00:00+01:00,1.0639,1.06449,1.06188,1.0625
2024-04-16T18:00:00+01:00,1.06251,1.06351,1.06012,1.0619
2024-04-16T22:00:00+01:00,1.06193,1.06279,1.06127,1.06224
2024-04-17T02:00:00+01:00,1.06222,1.06357,1.06203,1.06249
2024-04-17T06:00:00+01:00,1.06249,1.06489,1.06061,1.06406
2024-04-17T10:00:00+01:00,1.06406,1.06492,1.06316,1.06349
2024-04-17T14:00:00+01:00,1.06348,1.06564,1.063,1.06498
2024-04-17T18:00:00+01:00,1.06498,1.06797,1.0648,1.06726
2024-04-17T22:00:00+01:00,1.06729,1.06754,1.06644,1.06699
2024-04-18T02:00:00+01:00,1.067,1.06803,1.06645,1.06784
2024-04-18T06:00:00+01:00,1.06784,1.069,1.06749,1.06785
2024-04-18T10:00:00+01:00,1.06785,1.06814,1.06598,1.06629
2024-04-18T14:00:00+01:00,1.06629,1.06686,1.06465,1.06534
2024-04-18T18:00:00+01:00,1.06532,1.06549,1.06414,1.06435
2024-04-18T22:00:00+01:00,1.06432,1.06455,1.06361,1.06387
2024-04-19T02:00:00+01:00,1.06385,1.06433,1.06106,1.06348
2024-04-19T06:00:00+01:00,1.06347,1.06594,1.06271,1.06457
2024-04-19T10:00:00+01:00,1.06456,1.06738,1.06432,1.06655
2024-04-19T14:00:00+01:00,1.06655,1.06776,1.06402,1.06534
2024-04-19T18:00:00+01:00,1.06535,1.06585,1.06466,1.06552
2024-04-21T22:00:00+01:00,1.06536,1.0665,1.06489,1.06534
2024-04-22T02:00:00+01:00,1.06534,1.06707,1.06534,1.06653
2024-04-22T06:00:00+01:00,1.06655,1.06693,1.06474,1.06569
2024-04-22T10:00:00+01:00,1.06567,1.0662,1.06309,1.06398
2024-04-22T14:00:00+01:00,1.06397,1.06509,1.0624,1.06488
2024-04-22T18:00:00+01:00,1.06488,1.06608,1.06482,1.06542
2024-04-22T22:00:00+01:00,1.0655,1.06594,1.06515,1.06587
2024-04-23T02:00:00+01:00,1.06588,1.06607,1.06534,1.06551
2024-04-23T06:00:00+01:00,1.06549,1.06951,1.06385,1.06707
2024-04-23T10:00:00+01:00,1.06707,1.0678,1.06533,1.0672
2024-04-23T14:00:00+01:00,1.06721,1.07113,1.06601,1.07
2024-04-23T18:00:00+01:00,1.07001,1.07077,1.06994,1.07008
2024-04-23T22:00:00+01:00,1.07009,1.07106,1.06996,1.07096
2024-04-24T02:00:00+01:00,1.07096,1.07144,1.07044,1.07053
2024-04-24T06:00:00+01:00,1.07052,1.07056,1.06808,1.06834
2024-04-24T10:00:00+01:00,1.06835,1.0693,1.0678,1.06868
2024-04-24T14:00:00+01:00,1.06866,1.07025,1.0681,1.06905
2024-04-24T18:00:00+01:00,1.06905,1.07066,1.0687,1.06988
2024-04-24T22:00:00+01:00,1.06991,1.07046,1.06944,1.07034
2024-04-25T02:00:00+01:00,1.07035,1.07099,1.0697,1.07091
2024-04-25T06:00:00+01:00,1.07092,1.07289,1.07078,1.07257
2024-04-25T10:00:00+01:00,1.07256,1.07404,1.06856,1.06921
2024-04-25T14:00:00+01:00,1.06922,1.07351,1.06785,1.07313
2024-04-25T18:00:00+01:00,1.07313,1.07388,1.07229,1.07298
2024-04-25T22:00:00+01:00,1.07299,1.07305,1.07228,1.07274
2024-04-26T02:00:00+01:00,1.07271,1.07293,1.07186,1.07225
2024-04-26T06:00:00+01:00,1.07225,1.07529,1.07215,1.07409
2024-04-26T10:00:00+01:00,1.07409,1.07434,1.07103,1.07164
2024-04-26T14:00:00+01:00,1.07165,1.07239,1.06739,1.06946
2024-04-26T18:00:00+01:00,1.06946,1.07072,1.0691,1.06934
2024-04-28T22:00:00+01:00,1.06946,1.0711,1.06924,1.07098
2024-04-29T02:00:00+01:00,1.07099,1.07336,1.07076,1.0729
2024-04-29T06:00:00+01:00,1.0729,1.07338,1.07012,1.07046
2024-04-29T10:00:00+01:00,1.07046,1.07273,1.06974,1.07035
2024-04-29T14:00:00+01:00,1.07035,1.07291,1.06902,1.07259
2024-04-29T18:00:00+01:00,1.0726,1.07296,1.07151,1.07208
2024-04-29T22:00:00+01:00,1.07208,1.07231,1.07102,1.07151
2024-04-30T02:00:00+01:00,1.07151,1.0718,1.07023,1.07057
2024-04-30T06:00:00+01:00,1.07057,1.07124,1.069,1.07112
2024-04-30T10:00:00+01:00,1.07115,1.07354,1.06896,1.07004
2024-04-30T14:00:00+01:00,1.07005,1.07195,1.0676,1.0679
2024-04-30T18:00:00+01:00,1.06791,1.06831,1.06649,1.06657
2024-04-30T22:00:00+01:00,1.06655,1.06741,1.06581,1.06617
2024-05-01T02:00:00+01:00,1.06618,1.06632,1.06549,1.06559
2024-05-01T06:00:00+01:00,1.06557,1.06706,1.06495,1.06694
2024-05-01T10:00:00+01:00,1.06696,1.06848,1.06667,1.06844
2024-05-01T14:00:00+01:00,1.06842,1.06919,1.06708,1.06716
2024-05-01T18:00:00+01:00,1.06717,1.07328,1.06708,1.07125
2024-05-01T22:00:00+01:00,1.07122,1.07214,1.07079,1.07118
2024-05-02T02:00:00+01:00,1.07117,1.07208,1.0707,1.07177
2024-05-02T06:00:00+01:00,1.07177,1.07282,1.07,1.07042
2024-05-02T10:00:00+01:00,1.07042,1.07123,1.06935,1.07012
2024-05-02T14:00:00+01:00,1.07012,1.07217,1.06743,1.07166
2024-05-02T18:00:00+01:00,1.07168,1.07303,1.0714,1.07251
2024-05-02T22:00:00+01:00,1.07251,1.07316,1.07235,1.07314
2024-05-03T02:00:00+01:00,1.07313,1.07395,1.07309,1.07323
2024-05-03T06:00:00+01:00,1.07322,1.07442,1.07246,1.07427
2024-05-03T10:00:00+01:00,1.07427,1.08126,1.07388,1.07938
2024-05-03T14:00:00+01:00,1.07937,1.07983,1.07516,1.07635
2024-05-03T18:00:00+01:00,1.07635,1.07694,1.07593,1.07616
2024-05-05T22:00:00+01:00,1.07627,1.07689,1.07553,1.07675
2024-05-06T02:00:00+01:00,1.07674,1.07716,1.07622,1.0763
2024-05-06T06:00:00+01:00,1.07629,1.07762,1.07577,1.07686
2024-05-06T10:00:00+01:00,1.07686,1.07908,1.07662,1.07874
2024-05-06T14:00:00+01:00,1.07876,1.07889,1.07713,1.07743
2024-05-06T18:00:00+01:00,1.07743,1.07766,1.07662,1.07691
2024-05-06T22:00:00+01:00,1.07689,1.07762,1.07661,1.07751
2024-05-07T02:00:00+01:00,1.07752,1.07769,1.07607,1.07658
2024-05-07T06:00:00+01:00,1.07658,1.07696,1.07543,1.07638
2024-05-07T10:00:00+01:00,1.07637,1.07793,1.07553,1.07756
2024-05-07T14:00:00+01:00,1.07756,1.07874,1.07661,1.07704
2024-05-07T18:00:00+01:00,1.07703,1.07706,1.07479,1.0755
2024-05-07T22:00:00+01:00,1.07546,1.0757,1.0747,1.07481
2024-05-08T02:00:00+01:00,1.07481,1.07489,1.07381,1.07414
2024-05-08T06:00:00+01:00,1.07412,1.07491,1.07351,1.07442
2024-05-08T10:00:00+01:00,1.07442,1.0754,1.07398,1.0749
2024-05-08T14:00:00+01:00,1.0749,1.07575,1.07443,1.07458
2024-05-08T18:00:00+01:00,1.07459,1.07486,1.0741,1.07484
2024-05-08T22:00:00+01:00,1.07484,1.07515,1.07424,1.07433
2024-05-09T02:00:00+01:00,1.07432,1.07516,1.07424,1.07454
2024-05-09T06:00:00+01:00,1.07454,1.07465,1.07261,1.07281
2024-05-09T10:00:00+01:00,1.07282,1.07624,1.0724,1.07594
2024-05-09T14:00:00+01:00,1.07593,1.07818,1.07506,1.07759
2024-05-09T18:00:00+01:00,1.07758,1.07845,1.07736,1.07822
2024-05-09T22:00:00+01:00,1.07825,1.07859,1.07766,1.07792
2024-05-10T02:00:00+01:00,1.07793,1.07826,1.07733,1.07741
2024-05-10T06:00:00+01:00,1.0774,1.07867,1.07716,1.07806
2024-05-10T10:00:00+01:00,1.07808,1.07862,1.07663,1.07701
2024-05-10T14:00:00+01:00,1.07702,1.07901,1.07604,1.0776
2024-05-10T18:00:00+01:00,1.07762,1.07775,1.07686,1.07713
2024-05-12T22:00:00+01:00,1.07739,1.07753,1.07678,1.07693
2024-05-13T02:00:00+01:00,1.07693,1.07732,1.07659,1.07697
2024-05-13T06:00:00+01:00,1.07696,1.07845,1.07688,1.07838
2024-05-13T10:00:00+01:00,1.07838,1.07998,1.07773,1.07982
2024-05-13T14:00:00+01:00,1.07983,1.08068,1.07894,1.07935
2024-05-13T18:00:00+01:00,1.07936,1.0794,1.07868,1.07896
2024-05-13T22:00:00+01:00,1.07901,1.07937,1.07854,1.07877
2024-05-14T02:00:00+01:00,1.07876,1.07897,1.07844,1.07856
2024-05-14T06:00:00+01:00,1.07855,1.07894,1.07754,1.07837
2024-05-14T10:00:00+01:00,1.07838,1.08106,1.07671,1.08031
2024-05-14T14:00:00+01:00,1.08031,1.08256,1.08007,1.08169
2024-05-14T18:00:00+01:00,1.08169,1.08231,1.08156,1.08189
2024-05-14T22:00:00+01:00,1.0819,1.08214,1.08132,1.0817
2024-05-15T02:00:00+01:00,1.0817,1.08278,1.08166,1.08215
2024-05-15T06:00:00+01:00,1.08215,1.08346,1.08213,1.08298
2024-05-15T10:00:00+01:00,1.08298,1.08696,1.0822,1.08613
2024-05-15T14:00:00+01:00,1.08613,1.08744,1.08316,1.08721
2024-05-15T18:00:00+01:00,1.0872,1.08861,1.08717,1.08848
2024-05-15T22:00:00+01:00,1.08848,1.08949,1.08792,1.08937
2024-05-16T02:00:00+01:00,1.08937,1.08939,1.08815,1.08848
2024-05-16T06:00:00+01:00,1.0885,1.08852,1.08662,1.08733
2024-05-16T10:00:00+01:00,1.08733,1.08749,1.08607,1.08632
2024-05-16T14:00:00+01:00,1.08631,1.08758,1.08545,1.08735
2024-05-16T18:00:00+01:00,1.08734,1.08756,1.08647,1.08667
2024-05-16T22:00:00+01:00,1.08672,1.08692,1.08599,1.08629
2024-05-17T02:00:00+01:00,1.08631,1.08637,1.08544,1.08561
2024-05-17T06:00:00+01:00,1.08561,1.08683,1.08417,1.08442
2024-05-17T10:00:00+01:00,1.08444,1.08468,1.08357,1.08429
2024-05-17T14:00:00+01:00,1.08431,1.08785,1.08431,1.08687
2024-05-17T18:00:00+01:00,1.08686,1.08769,1.08679,1.08693
2024-05-19T22:00:00+01:00,1.08685,1.08772,1.08649,1.08752
2024-05-20T02:00:00+01:00,1.08751,1.08824,1.08716,1.08807
2024-05-20T06:00:00+01:00,1.08808,1.08845,1.08695,1.08746
2024-05-20T10:00:00+01:00,1.08746,1.08751,1.0854,1.08575
2024-05-20T14:00:00+01:00,1.08576,1.08698,1.08576,1.08659
2024-05-20T18:00:00+01:00,1.08658,1.08707,1.08566,1.08568
2024-05-20T22:00:00+01:00,1.08569,1.08619,1.08557,1.08614
2024-05-21T02:00:00+01:00,1.08615,1.08615,1.08509,1.08589
2024-05-21T06:00:00+01:00,1.08588,1.08696,1.08566,1.08668
2024-05-21T10:00:00+01:00,1.08669,1.08748,1.08548,1.08571
2024-05-21T14:00:00+01:00,1.08573,1.08618,1.08426,1.0854
2024-05-21T18:00:00+01:00,1.08537,1.08565,1.08464,1.08539
2024-05-21T22:00:00+01:00,1.08537,1.08598,1.08536,1.08576
2024-05-22T02:00:00+01:00,1.08573,1.08635,1.08528,1.08535
2024-05-22T06:00:00+01:00,1.08535,1.08635,1.08463,1.08486
2024-05-22T10:00:00+01:00,1.08485,1.085,1.0822,1.08319
2024-05-22T14:00:00+01:00,1.08319,1.08443,1.08317,1.08425
2024-05-22T18:00:00+01:00,1.08425,1.08469,1.08175,1.08227
2024-05-22T22:00:00+01:00,1.08228,1.08288,1.08217,1.08255
2024-05-23T02:00:00+01:00,1.08255,1.08324,1.0822,1.08268
2024-05-23T06:00:00+01:00,1.08267,1.08449,1.08125,1.08386
2024-05-23T10:00:00+01:00,1.08387,1.08544,1.08336,1.08528
2024-05-23T14:00:00+01:00,1.08529,1.0861,1.0818,1.08183
2024-05-23T18:00:00+01:00,1.08183,1.08202,1.08048,1.08152
2024-05-23T22:00:00+01:00,1.08152,1.08161,1.08075,1.08102
2024-05-24T02:00:00+01:00,1.08103,1.08138,1.08055,1.08092
2024-05-24T06:00:00+01:00,1.08092,1.08283,1.08076,1.08248
2024-05-24T10:00:00+01:00,1.08247,1.08537,1.08237,1.08514
2024-05-24T14:00:00+01:00,1.08513,1.08579,1.0842,1.08472
2024-05-24T18:00:00+01:00,1.08471,1.08534,1.08452,1.08468
2024-05-26T22:00:00+01:00,1.08495,1.08514,1.08438,1.08486
2024-05-27T02:00:00+01:00,1.08488,1.08521,1.08473,1.08487
2024-05-27T06:00:00+01:00,1.08486,1.08534,1.08442,1.08494
2024-05-27T10:00:00+01:00,1.08495,1.08675,1.08406,1.08491
2024-05-27T14:00:00+01:00,1.08492,1.0862,1.08444,1.08599
2024-05-27T18:00:00+01:00,1.086,1.08608,1.08573,1.08584
2024-05-27T22:00:00+01:00,1.08585,1.08684,1.0854,1.08651
2024-05-28T02:00:00+01:00,1.08649,1.08801,1.08643,1.08761
2024-05-28T06:00:00+01:00,1.08761,1.088,1.08671,1.087
2024-05-28T10:00:00+01:00,1.087,1.08891,1.08673,1.08765
2024-05-28T14:00:00+01:00,1.08765,1.08802,1.0858,1.08748
2024-05-28T18:00:00+01:00,1.08747,1.08758,1.08552,1.08567
2024-05-28T22:00:00+01:00,1.08569,1.08607,1.08478,1.08513
2024-05-29T02:00:00+01:00,1.08512,1.0857,1.0844,1.08477
2024-05-29T06:00:00+01:00,1.08476,1.08588,1.08292,1.08373
2024-05-29T10:00:00+01:00,1.08371,1.08586,1.08356,1.08462
2024-05-29T14:00:00+01:00,1.08462,1.08469,1.08074,1.08155
2024-05-29T18:00:00+01:00,1.08155,1.08161,1.08,1.08015
2024-05-29T22:00:00+01:00,1.08013,1.08057,1.07953,1.07964
2024-05-30T02:00:00+01:00,1.07966,1.08045,1.07921,1.07959
2024-05-30T06:00:00+01:00,1.07959,1.08187,1.07884,1.0815
2024-05-30T10:00:00+01:00,1.0815,1.08329,1.08085,1.08291
2024-05-30T14:00:00+01:00,1.08293,1.08452,1.08255,1.084
2024-05-30T18:00:00+01:00,1.084,1.08434,1.08269,1.08319
2024-05-30T22:00:00+01:00,1.08323,1.0835,1.08291,1.08322
2024-05-31T02:00:00+01:00,1.08322,1.08337,1.08113,1.08184
2024-05-31T06:00:00+01:00,1.08184,1.08386,1.08146,1.08344
2024-05-31T10:00:00+01:00,1.08344,1.08824,1.08342,1.08802
2024-05-31T14:00:00+01:00,1.08803,1.08808,1.08398,1.08474
2024-05-31T18:00:00+01:00,1.08471,1.08527,1.08406,1.08478
2024-06-02T22:00:00+01:00,1.08501,1.08575,1.08459,1.08564
2024-06-03T02:00:00+01:00,1.08566,1.08587,1.08493,1.08519
2024-06-03T06:00:00+01:00,1.0852,1.08587,1.08335,1.084
2024-06-03T10:00:00+01:00,1.08401,1.08499,1.08279,1.08444
2024-06-03T14:00:00+01:00,1.08444,1.08905,1.08444,1.08852
2024-06-03T18:00:00+01:00,1.0885,1.09047,1.08814,1.09044
2024-06-03T22:00:00+01:00,1.09044,1.0916,1.0901,1.0913
2024-06-04T02:00:00+01:00,1.09128,1.09138,1.09051,1.09094
2024-06-04T06:00:00+01:00,1.09093,1.09109,1.0874,1.08808
2024-06-04T10:00:00+01:00,1.08808,1.0882,1.0859,1.08646
2024-06-04T14:00:00+01:00,1.08647,1.08835,1.08621,1.08804
2024-06-04T18:00:00+01:00,1.08803,1.08878,1.08782,1.08792
2024-06-04T22:00:00+01:00,1.08791,1.08861,1.08783,1.08842
2024-06-05T02:00:00+01:00,1.08842,1.08861,1.08766,1.08806
2024-06-05T06:00:00+01:00,1.08807,1.08823,1.08701,1.08759
2024-06-05T10:00:00+01:00,1.08757,1.08843,1.086,1.0884
2024-06-05T14:00:00+01:00,1.08841,1.08917,1.08545,1.08642
2024-06-05T18:00:00+01:00,1.08643,1.08773,1.08606,1.08689
2024-06-05T22:00:00+01:00,1.08688,1.08825,1.08687,1.0882
2024-06-06T02:00:00+01:00,1.08821,1.08958,1.08821,1.08872
2024-06-06T06:00:00+01:00,1.08872,1.08883,1.08712,1.08773
2024-06-06T10:00:00+01:00,1.08771,1.09021,1.0862,1.08817
2024-06-06T14:00:00+01:00,1.08815,1.08914,1.08719,1.08819
2024-06-06T18:00:00+01:00,1.08818,1.08943,1.08811,1.08896
2024-06-06T22:00:00+01:00,1.08899,1.08934,1.08868,1.08895
2024-06-07T02:00:00+01:00,1.08896,1.08979,1.08873,1.08953
2024-06-07T06:00:00+01:00,1.08954,1.08984,1.08832,1.08891
2024-06-07T10:00:00+01:00,1.0889,1.09023,1.0824,1.08332
2024-06-07T14:00:00+01:00,1.08332,1.08358,1.08033,1.08052
2024-06-07T18:00:00+01:00,1.08052,1.08072,1.07995,1.08028
2024-06-09T22:00:00+01:00,1.07783,1.07816,1.07653,1.0778
2024-06-10T02:00:00+01:00,1.07781,1.078,1.07481,1.07543
2024-06-10T06:00:00+01:00,1.07543,1.07682,1.07479,1.07567
2024-06-10T10:00:00+01:00,1.07567,1.07604,1.07328,1.07413
2024-06-10T14:00:00+01:00,1.07412,1.07588,1.07333,1.07542
2024-06-10T18:00:00+01:00,1.07541,1.07666,1.07505,1.07651
2024-06-10T22:00:00+01:00,1.07647,1.07682,1.07597,1.07637
2024-06-11T02:00:00+01:00,1.07638,1.07706,1.07624,1.07684
2024-06-11T06:00:00+01:00,1.07683,1.07735,1.07436,1.07453
2024-06-11T10:00:00+01:00,1.07452,1.07564,1.07238,1.07324
2024-06-11T14:00:00+01:00,1.07323,1.07389,1.07195,1.07374
2024-06-11T18:00:00+01:00,1.07374,1.07495,1.07368,1.07407
2024-06-11T22:00:00+01:00,1.07408,1.07432,1.07349,1.07361
2024-06-12T02:00:00+01:00,1.07361,1.07432,1.07347,1.07368
2024-06-12T06:00:00+01:00,1.07364,1.07539,1.07356,1.07467
2024-06-12T10:00:00+01:00,1.07468,1.08301,1.07442,1.08266
2024-06-12T14:00:00+01:00,1.08265,1.08523,1.08177,1.08441
2024-06-12T18:00:00+01:00,1.08441,1.08459,1.08038,1.08091
2024-06-12T22:00:00+01:00,1.08086,1.08159,1.08064,1.08129
2024-06-13T02:00:00+01:00,1.08129,1.08158,1.08032,1.08039
2024-06-13T06:00:00+01:00,1.0804,1.08164,1.08005,1.08062
2024-06-13T10:00:00+01:00,1.08062,1.08164,1.07807,1.07937
2024-06-13T14:00:00+01:00,1.07939,1.08078,1.07329,1.07352
2024-06-13T18:00:00+01:00,1.07353,1.07441,1.07352,1.07376
2024-06-13T22:00:00+01:00,1.07373,1.07409,1.07352,1.07364
2024-06-14T02:00:00+01:00,1.07364,1.0745,1.07351,1.07363
2024-06-14T06:00:00+01:00,1.07364,1.07373,1.06897,1.06918
2024-06-14T10:00:00+01:00,1.06917,1.07059,1.06718,1.06893
2024-06-14T14:00:00+01:00,1.06895,1.07019,1.06676,1.07005
2024-06-14T18:00:00+01:00,1.07005,1.07078,1.06947,1.07052
2024-06-16T22:00:00+01:00,1.07053,1.07093,1.07005,1.0704
2024-06-17T02:00:00+01:00,1.07039,1.07055,1.0699,1.07041
2024-06-17T06:00:00+01:00,1.07042,1.07123,1.06864,1.07071
2024-06-17T10:00:00+01:00,1.07072,1.07178,1.07021,1.07137
2024-06-17T14:00:00+01:00,1.07138,1.07278,1.07117,1.07252
2024-06-17T18:00:00+01:00,1.07252,1.07378,1.07234,1.07343
2024-06-17T22:00:00+01:00,1.07342,1.0741,1.07311,1.0736
2024-06-18T02:00:00+01:00,1.07361,1.07369,1.07203,1.07215
2024-06-18T06:00:00+01:00,1.07214,1.07351,1.0715,1.07195
2024-06-18T10:00:00+01:00,1.07195,1.07341,1.071,1.07312
2024-06-18T14:00:00+01:00,1.07313,1.07616,1.07301,1.07393
2024-06-18T18:00:00+01:00,1.07394,1.07435,1.07322,1.074
2024-06-18T22:00:00+01:00,1.07402,1.07415,1.07367,1.07375
2024-06-19T02:00:00+01:00,1.07374,1.07424,1.07353,1.07359
2024-06-19T06:00:00+01:00,1.07359,1.07418,1.07249,1.07404
2024-06-19T10:00:00+01:00,1.07404,1.07534,1.07326,1.07459
2024-06-19T14:00:00+01:00,1.07462,1.07509,1.07409,1.07471
2024-06-19T18:00:00+01:00,1.07471,1.07473,1.07425,1.07437
2024-06-19T22:00:00+01:00,1.07444,1.07488,1.07427,1.07462
2024-06-20T02:00:00+01:00,1.07462,1.07481,1.07388,1.07427
2024-06-20T06:00:00+01:00,1.07426,1.07435,1.07126,1.07168
2024-06-20T10:00:00+01:00,1.07169,1.07322,1.07129,1.07191
2024-06-20T14:00:00+01:00,1.07192,1.07308,1.07034,1.07071
2024-06-20T18:00:00+01:00,1.07072,1.07178,1.07018,1.07022
2024-06-20T22:00:00+01:00,1.07022,1.07077,1.07013,1.07067
2024-06-21T02:00:00+01:00,1.07066,1.07186,1.07051,1.07185
2024-06-21T06:00:00+01:00,1.07186,1.07206,1.0671,1.0691
2024-06-21T10:00:00+01:00,1.0691,1.06982,1.06766,1.06948
2024-06-21T14:00:00+01:00,1.06948,1.06977,1.0678,1.06922
2024-06-21T18:00:00+01:00,1.06922,1.06968,1.06907,1.06929
2024-06-23T22:00:00+01:00,1.06885,1.06956,1.06848,1.06918
2024-06-24T02:00:00+01:00,1.06917,1.06947,1.06838,1.06946
2024-06-24T06:00:00+01:00,1.06946,1.07179,1.06946,1.07136
2024-06-24T10:00:00+01:00,1.07134,1.07359,1.07132,1.07346
2024-06-24T14:00:00+01:00,1.07347,1.07464,1.07234,1.07277
2024-06-24T18:00:00+01:00,1.07278,1.07383,1.07221,1.07334
2024-06-24T22:00:00+01:00,1.07333,1.07357,1.07309,1.07342
2024-06-25T02:00:00+01:00,1.07342,1.07401,1.07323,1.07396
2024-06-25T06:00:00+01:00,1.07397,1.07442,1.07209,1.07343
2024-06-25T10:00:00+01:00,1.0734,1.07353,1.07022,1.0705
2024-06-25T14:00:00+01:00,1.0705,1.07131,1.06906,1.07046
2024-06-25T18:00:00+01:00,1.07046,1.07176,1.07045,1.07141
2024-06-25T22:00:00+01:00,1.0714,1.07153,1.07063,1.07115
2024-06-26T02:00:00+01:00,1.07114,1.0718,1.07075,1.07104
2024-06-26T06:00:00+01:00,1.07105,1.07113,1.06853,1.06948
2024-06-26T10:00:00+01:00,1.06948,1.06996,1.06771,1.06771
2024-06-26T14:00:00+01:00,1.06771,1.06959,1.06661,1.06821
2024-06-26T18:00:00+01:00,1.06821,1.06909,1.0675,1.06807
2024-06-26T22:00:00+01:00,1.06806,1.0683,1.06771,1.06783
2024-06-27T02:00:00+01:00,1.06783,1.06948,1.06778,1.06943
2024-06-27T06:00:00+01:00,1.06944,1.0699,1.06806,1.06881
2024-06-27T10:00:00+01:00,1.0688,1.07222,1.06874,1.07195
2024-06-27T14:00:00+01:00,1.07195,1.07265,1.07004,1.07068
2024-06-27T18:00:00+01:00,1.07067,1.07084,1.07013,1.07038
2024-06-27T22:00:00+01:00,1.07039,1.07109,1.06976,1.06977
2024-06-28T02:00:00+01:00,1.06976,1.0699,1.06854,1.06867
2024-06-28T06:00:00+01:00,1.06867,1.07041,1.06862,1.06979
2024-06-28T10:00:00+01:00,1.0698,1.07198,1.06921,1.07047
2024-06-28T14:00:00+01:00,1.07049,1.07222,1.06925,1.0716
2024-06-28T18:00:00+01:00,1.07159,1.07247,1.07062,1.07143
2024-06-30T22:00:00+01:00,1.07438,1.07498,1.07321,1.07457
2024-07-01T02:00:00+01:00,1.07456,1.07616,1.0743,1.07549
2024-07-01T06:00:00+01:00,1.07546,1.07764,1.07497,1.07683
2024-07-01T10:00:00+01:00,1.07682,1.07687,1.07398,1.07482
2024-07-01T14:00:00+01:00,1.07482,1.07699,1.07198,1.07315
2024-07-01T18:00:00+01:00,1.07316,1.07427,1.07243,1.07405
2024-07-01T22:00:00+01:00,1.07403,1.07414,1.07332,1.07348
2024-07-02T02:00:00+01:00,1.07348,1.07364,1.07283,1.07295
2024-07-02T06:00:00+01:00,1.07296,1.07359,1.07121,1.07207
2024-07-02T10:00:00+01:00,1.07205,1.07336,1.07101,1.07318
2024-07-02T14:00:00+01:00,1.07317,1.07469,1.07241,1.07321
2024-07-02T18:00:00+01:00,1.07321,1.07471,1.07317,1.0745
2024-07-02T22:00:00+01:00,1.07449,1.07544,1.07427,1.0748
2024-07-03T02:00:00+01:00,1.07478,1.07478,1.07405,1.07424
2024-07-03T06:00:00+01:00,1.07424,1.07636,1.07363,1.07583
2024-07-03T10:00:00+01:00,1.07582,1.07784,1.07526,1.07746
2024-07-03T14:00:00+01:00,1.07746,1.08169,1.07721,1.07958
2024-07-03T18:00:00+01:00,1.07959,1.07959,1.07781,1.07873
2024-07-03T22:00:00+01:00,1.07873,1.07938,1.07842,1.07926
2024-07-04T02:00:00+01:00,1.07926,1.07951,1.07837,1.07866
2024-07-04T06:00:00+01:00,1.07866,1.08031,1.0785,1.08019
2024-07-04T10:00:00+01:00,1.08018,1.08031,1.0794,1.07971
2024-07-04T14:00:00+01:00,1.0797,1.08139,1.07949,1.08122
2024-07-04T18:00:00+01:00,1.08122,1.08142,1.08108,1.08116
2024-07-04T22:00:00+01:00,1.08125,1.0818,1.08094,1.08149
2024-07-05T02:00:00+01:00,1.08149,1.08245,1.08138,1.08221
2024-07-05T06:00:00+01:00,1.0822,1.08306,1.08165,1.08281
2024-07-05T10:00:00+01:00,1.08279,1.08425,1.08003,1.08297
2024-07-05T14:00:00+01:00,1.08296,1.08342,1.08107,1.08256
2024-07-05T18:00:00+01:00,1.08256,1.08427,1.08249,1.08385
2024-07-07T22:00:00+01:00,1.08031,1.08331,1.08017,1.08217
2024-07-08T02:00:00+01:00,1.08216,1.08364,1.08202,1.08287
2024-07-08T06:00:00+01:00,1.08286,1.08431,1.08147,1.08385
2024-07-08T10:00:00+01:00,1.08383,1.08446,1.08236,1.08438
2024-07-08T14:00:00+01:00,1.08438,1.08451,1.08286,1.08324
2024-07-08T18:00:00+01:00,1.08323,1.08337,1.08224,1.08237
2024-07-08T22:00:00+01:00,1.08245,1.08334,1.08242,1.0827
2024-07-09T02:00:00+01:00,1.08271,1.08312,1.08193,1.08297
2024-07-09T06:00:00+01:00,1.08296,1.08307,1.08153,1.08224
2024-07-09T10:00:00+01:00,1.08225,1.08284,1.08122,1.08158
2024-07-09T14:00:00+01:00,1.0816,1.08283,1.08055,1.081
2024-07-09T18:00:00+01:00,1.08099,1.08166,1.08066,1.08133
2024-07-09T22:00:00+01:00,1.08132,1.08168,1.08112,1.08121
2024-07-10T02:00:00+01:00,1.0812,1.08211,1.08109,1.08186
2024-07-10T06:00:00+01:00,1.08186,1.0825,1.08119,1.08155
2024-07-10T10:00:00+01:00,1.08154,1.08282,1.08135,1.08271
2024-07-10T14:00:00+01:00,1.08269,1.08289,1.082,1.0827
2024-07-10T18:00:00+01:00,1.08271,1.08306,1.08174,1.08299
2024-07-10T22:00:00+01:00,1.08298,1.08368,1.08269,1.08352
2024-07-11T02:00:00+01:00,1.08352,1.08401,1.08326,1.08365
2024-07-11T06:00:00+01:00,1.08365,1.08479,1.08323,1.08474
2024-07-11T10:00:00+01:00,1.08473,1.09,1.08434,1.08869
2024-07-11T14:00:00+01:00,1.08869,1.08992,1.08641,1.08669
2024-07-11T18:00:00+01:00,1.08671,1.08699,1.08598,1.08682
2024-07-11T22:00:00+01:00,1.08682,1.08746,1.08642,1.08698
2024-07-12T02:00:00+01:00,1.08699,1.08721,1.08635,1.08698
2024-07-12T06:00:00+01:00,1.08699,1.08872,1.08618,1.08868
2024-07-12T10:00:00+01:00,1.08868,1.0893,1.08737,1.08905
2024-07-12T14:00:00+01:00,1.08906,1.0911,1.08869,1.09045
2024-07-12T18:00:00+01:00,1.09047,1.09114,1.0901,1.09074
2024-07-14T22:00:00+01:00,1.08871,1.08961,1.08833,1.08884
2024-07-15T02:00:00+01:00,1.08883,1.08957,1.08861,1.08936
2024-07-15T06:00:00+01:00,1.08936,1.09093,1.08838,1.09084
2024-07-15T10:00:00+01:00,1.09084,1.09204,1.09022,1.09074
2024-07-15T14:00:00+01:00,1.09076,1.09224,1.09001,1.09063
2024-07-15T18:00:00+01:00,1.09063,1.09064,1.08934,1.08943
2024-07-15T22:00:00+01:00,1.08946,1.08986,1.0891,1.08914
2024-07-16T02:00:00+01:00,1.08915,1.08946,1.08888,1.08925
2024-07-16T06:00:00+01:00,1.08924,1.09029,1.08837,1.09003
2024-07-16T10:00:00+01:00,1.09004,1.09055,1.08757,1.08807
2024-07-16T14:00:00+01:00,1.08807,1.08892,1.08716,1.08891
2024-07-16T18:00:00+01:00,1.08889,1.0903,1.08878,1.08994
2024-07-16T22:00:00+01:00,1.08991,1.0903,1.08959,1.08976
2024-07-17T02:00:00+01:00,1.08976,1.0907,1.08956,1.0903
2024-07-17T06:00:00+01:00,1.09031,1.09438,1.08952,1.09418
2024-07-17T10:00:00+01:00,1.09418,1.09451,1.0929,1.09425
2024-07-17T14:00:00+01:00,1.09425,1.09481,1.09238,1.09298
2024-07-17T18:00:00+01:00,1.09297,1.09401,1.09284,1.09391
2024-07-17T22:00:00+01:00,1.0939,1.0941,1.09367,1.09371
2024-07-18T02:00:00+01:00,1.0937,1.09391,1.09317,1.09336
2024-07-18T06:00:00+01:00,1.09336,1.09388,1.09262,1.09307
2024-07-18T10:00:00+01:00,1.09306,1.0937,1.09239,1.09286
2024-07-18T14:00:00+01:00,1.09286,1.09291,1.09051,1.09161
2024-07-18T18:00:00+01:00,1.0916,1.09165,1.08936,1.08967
2024-07-18T22:00:00+01:00,1.08963,1.09018,1.08909,1.08921
2024-07-19T02:00:00+01:00,1.08921,1.08948,1.08862,1.08871
2024-07-19T06:00:00+01:00,1.08872,1.08906,1.08763,1.08791
2024-07-19T10:00:00+01:00,1.08791,1.08942,1.08776,1.0889
2024-07-19T14:00:00+01:00,1.08891,1.08912,1.08793,1.08849
2024-07-19T18:00:00+01:00,1.0885,1.08854,1.08757,1.0882
2024-07-21T22:00:00+01:00,1.08883,1.09028,1.08821,1.0894
2024-07-22T02:00:00+01:00,1.08939,1.08954,1.08847,1.08875
2024-07-22T06:00:00+01:00,1.08874,1.08926,1.08789,1.08881
2024-07-22T10:00:00+01:00,1.08882,1.08954,1.08753,1.08782
2024-07-22T14:00:00+01:00,1.0878,1.08868,1.08731,1.08863
2024-07-22T18:00:00+01:00,1.08865,1.0892,1.08859,1.08913
2024-07-22T22:00:00+01:00,1.08915,1.08944,1.08872,1.08898
2024-07-23T02:00:00+01:00,1.08898,1.08968,1.08875,1.08909
2024-07-23T06:00:00+01:00,1.08908,1.08914,1.08681,1.08779
2024-07-23T10:00:00+01:00,1.08779,1.08784,1.08548,1.0856
2024-07-23T14:00:00+01:00,1.0856,1.08579,1.08439,1.08534
2024-07-23T18:00:00+01:00,1.08535,1.08565,1.08493,1.08537
2024-07-23T22:00:00+01:00,1.08535,1.08552,1.08458,1.08467
2024-07-24T02:00:00+01:00,1.08468,1.08503,1.08418,1.08469
2024-07-24T06:00:00+01:00,1.0847,1.08539,1.08257,1.08351
2024-07-24T10:00:00+01:00,1.08351,1.08593,1.08324,1.08583
2024-07-24T14:00:00+01:00,1.08583,1.08665,1.08475,1.0851
2024-07-24T18:00:00+01:00,1.0851,1.0855,1.0836,1.08399
2024-07-24T22:00:00+01:00,1.08403,1.08421,1.0835,1.08395
2024-07-25T02:00:00+01:00,1.08396,1.0844,1.08364,1.084
2024-07-25T06:00:00+01:00,1.08402,1.08578,1.08283,1.08461
2024-07-25T10:00:00+01:00,1.0846,1.08589,1.08364,1.08499
2024-07-25T14:00:00+01:00,1.08498,1.08648,1.08303,1.08621
2024-07-25T18:00:00+01:00,1.08622,1.087,1.08435,1.08452
2024-07-25T22:00:00+01:00,1.08457,1.08555,1.08438,1.0854
2024-07-26T02:00:00+01:00,1.08539,1.08605,1.0852,1.08583
2024-07-26T06:00:00+01:00,1.08584,1.08608,1.08421,1.08515
2024-07-26T10:00:00+01:00,1.08515,1.08655,1.0849,1.08607
2024-07-26T14:00:00+01:00,1.08607,1.08683,1.08515,1.08654
2024-07-26T18:00:00+01:00,1.08654,1.08655,1.08549,1.0856
2024-07-28T22:00:00+01:00,1.08568,1.08665,1.08509,1.08634
2024-07-29T02:00:00+01:00,1.08636,1.087,1.08583,1.08591
2024-07-29T06:00:00+01:00,1.0859,1.0863,1.08317,1.08322
2024-07-29T10:00:00+01:00,1.08323,1.08421,1.08151,1.08161
2024-07-29T14:00:00+01:00,1.08161,1.08239,1.08029,1.08215
2024-07-29T18:00:00+01:00,1.08216,1.08259,1.08195,1.08215
2024-07-29T22:00:00+01:00,1.0821,1.08242,1.08155,1.08171
2024-07-30T02:00:00+01:00,1.0817,1.08252,1.08143,1.08241
2024-07-30T06:00:00+01:00,1.08238,1.08347,1.08161,1.08287
2024-07-30T10:00:00+01:00,1.08287,1.08358,1.08017,1.0802
2024-07-30T14:00:00+01:00,1.0802,1.08167,1.07983,1.08139
2024-07-30T18:00:00+01:00,1.0814,1.08176,1.08086,1.08154
2024-07-30T22:00:00+01:00,1.08153,1.08201,1.08125,1.08201
2024-07-31T02:00:00+01:00,1.08201,1.08303,1.08167,1.08255
2024-07-31T06:00:00+01:00,1.08256,1.08276,1.08066,1.08229
2024-07-31T10:00:00+01:00,1.08228,1.0848,1.08221,1.08409
2024-07-31T14:00:00+01:00,1.0841,1.08494,1.08043,1.08094
2024-07-31T18:00:00+01:00,1.08093,1.0833,1.0802,1.08259
2024-07-31T22:00:00+01:00,1.0826,1.0831,1.08218,1.08277
2024-08-01T02:00:00+01:00,1.08277,1.08354,1.08243,1.08268
2024-08-01T06:00:00+01:00,1.08269,1.08297,1.07814,1.07844
2024-08-01T10:00:00+01:00,1.07843,1.08085,1.07774,1.07965
2024-08-01T14:00:00+01:00,1.07964,1.08183,1.07803,1.07863
2024-08-01T18:00:00+01:00,1.07864,1.07955,1.07826,1.07914
2024-08-01T22:00:00+01:00,1.07918,1.07935,1.0782,1.0791
2024-08-02T02:00:00+01:00,1.0791,1.07987,1.07847,1.07977
2024-08-02T06:00:00+01:00,1.07977,1.08153,1.07862,1.08147
2024-08-02T10:00:00+01:00,1.08146,1.0897,1.08146,1.08912
2024-08-02T14:00:00+01:00,1.08912,1.09266,1.08846,1.0912
2024-08-02T18:00:00+01:00,1.09121,1.09167,1.09072,1.09105
2024-08-04T22:00:00+01:00,1.09238,1.09242,1.09029,1.09167
2024-08-05T02:00:00+01:00,1.09166,1.09398,1.0912,1.09326
2024-08-05T06:00:00+01:00,1.09327,1.09749,1.08926,1.09509
2024-08-05T10:00:00+01:00,1.09512,1.10088,1.09331,1.09912
2024-08-05T14:00:00+01:00,1.09911,1.10033,1.09476,1.09599
2024-08-05T18:00:00+01:00,1.09599,1.09645,1.09473,1.09521
2024-08-05T22:00:00+01:00,1.09517,1.09631,1.09438,1.09628
2024-08-06T02:00:00+01:00,1.09627,1.09631,1.09497,1.0952
2024-08-06T06:00:00+01:00,1.0952,1.0955,1.09186,1.09278
2024-08-06T10:00:00+01:00,1.09278,1.09278,1.09038,1.09052
2024-08-06T14:00:00+01:00,1.09051,1.09349,1.09051,1.09278
2024-08-06T18:00:00+01:00,1.09278,1.09336,1.09227,1.0932
2024-08-06T22:00:00+01:00,1.09322,1.09334,1.09232,1.09298
2024-08-07T02:00:00+01:00,1.09297,1.09304,1.0911,1.09116
2024-08-07T06:00:00+01:00,1.09115,1.0928,1.09055,1.09187
2024-08-07T10:00:00+01:00,1.09188,1.09267,1.09086,1.0922
2024-08-07T14:00:00+01:00,1.0922,1.09367,1.09125,1.09222
2024-08-07T18:00:00+01:00,1.09221,1.09272,1.09176,1.09228
2024-08-07T22:00:00+01:00,1.09224,1.0934,1.09193,1.0928
2024-08-08T02:00:00+01:00,1.09281,1.09377,1.09235,1.09316
2024-08-08T06:00:00+01:00,1.09318,1.09452,1.093,1.0937
2024-08-08T10:00:00+01:00,1.0937,1.09396,1.08916,1.08976
2024-08-08T14:00:00+01:00,1.08976,1.09146,1.08814,1.09087
2024-08-08T18:00:00+01:00,1.09088,1.09191,1.09076,1.09184
2024-08-08T22:00:00+01:00,1.09181,1.09197,1.09116,1.09131
2024-08-09T02:00:00+01:00,1.09132,1.09245,1.0912,1.09202
2024-08-09T06:00:00+01:00,1.09201,1.09291,1.0913,1.09177
2024-08-09T10:00:00+01:00,1.09177,1.09259,1.09091,1.09118
2024-08-09T14:00:00+01:00,1.09118,1.09314,1.09098,1.09187
2024-08-09T18:00:00+01:00,1.09187,1.09235,1.09149,1.09176
2024-08-11T22:00:00+01:00,1.09176,1.09203,1.09102,1.09183
2024-08-12T02:00:00+01:00,1.09184,1.09231,1.09127,1.09191
2024-08-12T06:00:00+01:00,1.09192,1.09286,1.09158,1.09208
2024-08-12T10:00:00+01:00,1.09207,1.09299,1.09177,1.092
2024-08-12T14:00:00+01:00,1.092,1.09394,1.09152,1.09229
2024-08-12T18:00:00+01:00,1.09227,1.0935,1.09221,1.09315
2024-08-12T22:00:00+01:00,1.09312,1.09364,1.09277,1.09301
2024-08-13T02:00:00+01:00,1.093,1.09393,1.09293,1.09393
2024-08-13T06:00:00+01:00,1.09393,1.09411,1.09207,1.09234
2024-08-13T10:00:00+01:00,1.09234,1.09466,1.09138,1.0941
2024-08-13T14:00:00+01:00,1.09411,1.0974,1.09381,1.09724
2024-08-13T18:00:00+01:00,1.09726,1.09997,1.09699,1.09926
2024-08-13T22:00:00+01:00,1.09926,1.09985,1.09803,1.0992
2024-08-14T02:00:00+01:00,1.09919,1.09966,1.09888,1.09929
2024-08-14T06:00:00+01:00,1.0993,1.102,1.09864,1.10193
2024-08-14T10:00:00+01:00,1.10194,1.10358,1.1004,1.1017
2024-08-14T14:00:00+01:00,1.10169,1.10474,1.10156,1.10184
2024-08-14T18:00:00+01:00,1.10183,1.10185,1.10109,1.10127
2024-08-14T22:00:00+01:00,1.10129,1.10156,1.10093,1.10097
2024-08-15T02:00:00+01:00,1.10096,1.10121,1.10032,1.10118
2024-08-15T06:00:00+01:00,1.10117,1.10155,1.10053,1.10062
2024-08-15T10:00:00+01:00,1.10061,1.10143,1.09519,1.09565
2024-08-15T14:00:00+01:00,1.09565,1.09896,1.09497,1.0978
2024-08-15T18:00:00+01:00,1.0978,1.098,1.09706,1.09728
2024-08-15T22:00:00+01:00,1.09723,1.0977,1.09708,1.09757
2024-08-16T02:00:00+01:00,1.09759,1.09825,1.09745,1.09821
2024-08-16T06:00:00+01:00,1.09821,1.09898,1.09768,1.09809
2024-08-16T10:00:00+01:00,1.09809,1.0995,1.09789,1.09939
2024-08-16T14:00:00+01:00,1.0994,1.10045,1.09827,1.10038
2024-08-16T18:00:00+01:00,1.10038,1.10297,1.10038,1.1025
2024-08-18T22:00:00+01:00,1.10282,1.10361,1.10229,1.10303
2024-08-19T02:00:00+01:00,1.10303,1.10419,1.10276,1.10397
2024-08-19T06:00:00+01:00,1.104,1.10506,1.10357,1.10373
2024-08-19T10:00:00+01:00,1.10372,1.10444,1.10309,1.1039
2024-08-19T14:00:00+01:00,1.10389,1.1074,1.10302,1.10736
2024-08-19T18:00:00+01:00,1.10736,1.10864,1.10704,1.10851
2024-08-19T22:00:00+01:00,1.1085,1.10876,1.108,1.10819
2024-08-20T02:00:00+01:00,1.1082,1.10873,1.1075,1.1077
2024-08-20T06:00:00+01:00,1.1077,1.10889,1.10719,1.10798
2024-08-20T10:00:00+01:00,1.10798,1.10987,1.1075,1.10983
2024-08-20T14:00:00+01:00,1.10983,1.11191,1.10927,1.11149
2024-08-20T18:00:00+01:00,1.1115,1.11305,1.11089,1.11297
2024-08-20T22:00:00+01:00,1.11295,1.11326,1.11252,1.11279
2024-08-21T02:00:00+01:00,1.11278,1.11281,1.11166,1.11191
2024-08-21T06:00:00+01:00,1.11192,1.11288,1.11104,1.11185
2024-08-21T10:00:00+01:00,1.11185,1.113,1.11101,1.11248
2024-08-21T14:00:00+01:00,1.11249,1.11482,1.10993,1.11463
2024-08-21T18:00:00+01:00,1.11465,1.11741,1.11456,1.11498
2024-08-21T22:00:00+01:00,1.11498,1.11582,1.11454,1.11476
2024-08-22T02:00:00+01:00,1.11476,1.11491,1.11405,1.11434
2024-08-22T06:00:00+01:00,1.11434,1.1165,1.11273,1.11425
2024-08-22T10:00:00+01:00,1.11426,1.11461,1.11254,1.11401
2024-08-22T14:00:00+01:00,1.11404,1.11415,1.10981,1.11104
2024-08-22T18:00:00+01:00,1.11104,1.11134,1.10987,1.11121
2024-08-22T22:00:00+01:00,1.11121,1.11224,1.11086,1.11198
2024-08-23T02:00:00+01:00,1.11198,1.11287,1.11182,1.11278
2024-08-23T06:00:00+01:00,1.11277,1.11319,1.11125,1.11227
2024-08-23T10:00:00+01:00,1.11228,1.11273,1.11109,1.11142
2024-08-23T14:00:00+01:00,1.11141,1.11961,1.11055,1.11739
2024-08-23T18:00:00+01:00,1.1174,1.12009,1.11731,1.11925
2024-08-25T22:00:00+01:00,1.11898,1.12017,1.11865,1.11938
2024-08-26T02:00:00+01:00,1.11938,1.12003,1.11817,1.11834
2024-08-26T06:00:00+01:00,1.11834,1.11894,1.11759,1.11806
2024-08-26T10:00:00+01:00,1.11803,1.11828,1.11585,1.11613
2024-08-26T14:00:00+01:00,1.11611,1.11789,1.11501,1.11712
2024-08-26T18:00:00+01:00,1.11711,1.11755,1.11586,1.11611
2024-08-26T22:00:00+01:00,1.11609,1.11669,1.11591,1.11611
2024-08-27T02:00:00+01:00,1.11611,1.11707,1.11599,1.11684
2024-08-27T06:00:00+01:00,1.11685,1.1174,1.11613,1.11667
2024-08-27T10:00:00+01:00,1.11667,1.11787,1.11502,1.11586
2024-08-27T14:00:00+01:00,1.11586,1.11719,1.11526,1.11658
2024-08-27T18:00:00+01:00,1.11657,1.11906,1.11644,1.1184
2024-08-27T22:00:00+01:00,1.11841,1.11858,1.11746,1.11799
2024-08-28T02:00:00+01:00,1.11799,1.11799,1.11583,1.11597
2024-08-28T06:00:00+01:00,1.11597,1.11608,1.11352,1.11414
2024-08-28T10:00:00+01:00,1.11414,1.11456,1.11051,1.11119
2024-08-28T14:00:00+01:00,1.11119,1.11377,1.11102,1.11148
2024-08-28T18:00:00+01:00,1.11147,1.11201,1.11054,1.11199
2024-08-28T22:00:00+01:00,1.112,1.11325,1.11187,1.11314
2024-08-29T02:00:00+01:00,1.11315,1.11371,1.11273,1.11355
2024-08-29T06:00:00+01:00,1.11354,1.114,1.1072,1.10849
2024-08-29T10:00:00+01:00,1.10851,1.11,1.10729,1.10842
2024-08-29T14:00:00+01:00,1.10843,1.10896,1.10556,1.10817
2024-08-29T18:00:00+01:00,1.10817,1.10855,1.10748,1.10774
2024-08-29T22:00:00+01:00,1.10773,1.10832,1.10752,1.10806
2024-08-30T02:00:00+01:00,1.10805,1.10821,1.10698,1.10741
2024-08-30T06:00:00+01:00,1.1074,1.1095,1.10736,1.10752
2024-08-30T10:00:00+01:00,1.1075,1.10882,1.10578,1.10681
2024-08-30T14:00:00+01:00,1.10681,1.10801,1.10439,1.10495
2024-08-30T18:00:00+01:00,1.10495,1.10568,1.10462,1.10475
2024-09-01T22:00:00+01:00,1.10504,1.10558,1.1042,1.10535
2024-09-02T02:00:00+01:00,1.10535,1.10557,1.1044,1.10485
2024-09-02T06:00:00+01:00,1.10485,1.10774,1.10455,1.10676
2024-09-02T10:00:00+01:00,1.10675,1.10729,1.10586,1.1068
2024-09-02T14:00:00+01:00,1.10681,1.10719,1.10601,1.10659
2024-09-02T18:00:00+01:00,1.10659,1.10729,1.10659,1.10708
2024-09-02T22:00:00+01:00,1.10715,1.10732,1.1059,1.10606
2024-09-03T02:00:00+01:00,1.10607,1.10703,1.1054,1.10542
2024-09-03T06:00:00+01:00,1.10542,1.10677,1.1048,1.10486
2024-09-03T10:00:00+01:00,1.10487,1.10526,1.10331,1.10479
2024-09-03T14:00:00+01:00,1.10481,1.10694,1.10361,1.10393
2024-09-03T18:00:00+01:00,1.10392,1.10444,1.10264,1.10434
2024-09-03T22:00:00+01:00,1.10437,1.10514,1.10384,1.10482
2024-09-04T02:00:00+01:00,1.10482,1.10572,1.10475,1.10563
2024-09-04T06:00:00+01:00,1.10563,1.10629,1.10469,1.10518
2024-09-04T10:00:00+01:00,1.10519,1.10586,1.10401,1.10526
2024-09-04T14:00:00+01:00,1.10525,1.10952,1.105,1.10846
2024-09-04T18:00:00+01:00,1.10845,1.10862,1.10654,1.10822
2024-09-04T22:00:00+01:00,1.10825,1.10864,1.10758,1.10792
2024-09-05T02:00:00+01:00,1.10792,1.10856,1.10747,1.1077
2024-09-05T06:00:00+01:00,1.10768,1.11003,1.10767,1.1099
2024-09-05T10:00:00+01:00,1.10991,1.11198,1.10872,1.10923
2024-09-05T14:00:00+01:00,1.10925,1.11088,1.10763,1.1101
2024-09-05T18:00:00+01:00,1.1101,1.11132,1.10995,1.11105
2024-09-05T22:00:00+01:00,1.11106,1.11147,1.11079,1.11134
2024-09-06T02:00:00+01:00,1.11133,1.11177,1.11094,1.11159
2024-09-06T06:00:00+01:00,1.11159,1.1121,1.1111,1.11174
2024-09-06T10:00:00+01:00,1.11173,1.11557,1.10798,1.1121
2024-09-06T14:00:00+01:00,1.11211,1.11351,1.10657,1.10769
2024-09-06T18:00:00+01:00,1.10769,1.10896,1.10697,1.10838
2024-09-08T22:00:00+01:00,1.10814,1.10911,1.10803,1.10833
2024-09-09T02:00:00+01:00,1.10833,1.10911,1.10746,1.10757
2024-09-09T06:00:00+01:00,1.10758,1.10758,1.10457,1.10477
2024-09-09T10:00:00+01:00,1.10477,1.10591,1.10358,1.10397
2024-09-09T14:00:00+01:00,1.10396,1.10521,1.10342,1.10488
2024-09-09T18:00:00+01:00,1.10489,1.10537,1.10337,1.10346
2024-09-09T22:00:00+01:00,1.10342,1.10398,1.10284,1.10309
2024-09-10T02:00:00+01:00,1.10309,1.10406,1.10306,1.10401
2024-09-10T06:00:00+01:00,1.104,1.10497,1.10337,1.10378
2024-09-10T10:00:00+01:00,1.10378,1.10439,1.10266,1.10298
2024-09-10T14:00:00+01:00,1.10299,1.1035,1.10152,1.10267
2024-09-10T18:00:00+01:00,1.10267,1.10279,1.10183,1.10196
2024-09-10T22:00:00+01:00,1.10196,1.10238,1.10168,1.10201
2024-09-11T02:00:00+01:00,1.10201,1.10472,1.10183,1.10467
2024-09-11T06:00:00+01:00,1.10467,1.1052,1.10366,1.10439
2024-09-11T10:00:00+01:00,1.10438,1.10549,1.10034,1.10163
2024-09-11T14:00:00+01:00,1.10163,1.10263,1.1002,1.1016
2024-09-11T18:00:00+01:00,1.1016,1.10265,1.10111,1.1012
2024-09-11T22:00:00+01:00,1.10117,1.10154,1.1006,1.10068
2024-09-12T02:00:00+01:00,1.10067,1.10169,1.10065,1.10163
2024-09-12T06:00:00+01:00,1.10162,1.10239,1.10055,1.10155
2024-09-12T10:00:00+01:00,1.10159,1.10325,1.10099,1.10251
2024-09-12T14:00:00+01:00,1.10252,1.1048,1.10248,1.10461
2024-09-12T18:00:00+01:00,1.10462,1.10751,1.10426,1.10745
2024-09-12T22:00:00+01:00,1.10746,1.10874,1.10704,1.10871
2024-09-13T02:00:00+01:00,1.10872,1.10902,1.10795,1.10845
2024-09-13T06:00:00+01:00,1.10844,1.10941,1.10731,1.10928
2024-09-13T10:00:00+01:00,1.10929,1.11007,1.10792,1.1093
2024-09-13T14:00:00+01:00,1.1093,1.11018,1.1077,1.10839
2024-09-13T18:00:00+01:00,1.1084,1.10859,1.10726,1.10745
2024-09-15T22:00:00+01:00,1.10801,1.10925,1.10753,1.10896
2024-09-16T02:00:00+01:00,1.10895,1.1105,1.10868,1.10973
2024-09-16T06:00:00+01:00,1.10972,1.11261,1.10957,1.11229
2024-09-16T10:00:00+01:00,1.11228,1.11328,1.1116,1.11251
2024-09-16T14:00:00+01:00,1.1125,1.11375,1.11166,1.11291
2024-09-16T18:00:00+01:00,1.11289,1.11334,1.11162,1.11328
2024-09-16T22:00:00+01:00,1.11326,1.11335,1.1122,1.11231
2024-09-17T02:00:00+01:00,1.1123,1.11297,1.11219,1.11245
2024-09-17T06:00:00+01:00,1.11245,1.11463,1.11158,1.11448
2024-09-17T10:00:00+01:00,1.11448,1.11448,1.11179,1.11247
2024-09-17T14:00:00+01:00,1.11248,1.11282,1.11118,1.11194
2024-09-17T18:00:00+01:00,1.11193,1.11236,1.11109,1.11137
2024-09-17T22:00:00+01:00,1.11135,1.11286,1.11132,1.11271
2024-09-18T02:00:00+01:00,1.11272,1.11304,1.112,1.11201
2024-09-18T06:00:00+01:00,1.11201,1.11333,1.11152,1.11296
2024-09-18T10:00:00+01:00,1.11296,1.11399,1.1118,1.11223
2024-09-18T14:00:00+01:00,1.11223,1.11399,1.11082,1.11243
2024-09-18T18:00:00+01:00,1.11244,1.11891,1.10968,1.11187
2024-09-18T22:00:00+01:00,1.1119,1.11241,1.1079,1.10817
2024-09-19T02:00:00+01:00,1.10816,1.11213,1.10684,1.11202
2024-09-19T06:00:00+01:00,1.11203,1.11692,1.11203,1.11628
2024-09-19T10:00:00+01:00,1.11627,1.11788,1.11258,1.1126
2024-09-19T14:00:00+01:00,1.1126,1.11584,1.11165,1.11556
2024-09-19T18:00:00+01:00,1.11555,1.11679,1.11525,1.11614
2024-09-19T22:00:00+01:00,1.11619,1.11637,1.11572,1.11605
2024-09-20T02:00:00+01:00,1.11605,1.11692,1.11573,1.1165
2024-09-20T06:00:00+01:00,1.11651,1.11819,1.11524,1.11644
2024-09-20T10:00:00+01:00,1.11645,1.11769,1.11541,1.11745
2024-09-20T14:00:00+01:00,1.11743,1.11762,1.11361,1.1174
2024-09-20T18:00:00+01:00,1.11738,1.11743,1.11562,1.11633
2024-09-22T22:00:00+01:00,1.1162,1.11665,1.11562,1.11591
2024-09-23T02:00:00+01:00,1.11589,1.11651,1.11559,1.11636
2024-09-23T06:00:00+01:00,1.11635,1.11673,1.10833,1.10925
2024-09-23T10:00:00+01:00,1.10925,1.11258,1.10922,1.11224
2024-09-23T14:00:00+01:00,1.11224,1.11435,1.11153,1.11252
2024-09-23T18:00:00+01:00,1.11253,1.11286,1.11098,1.11112
2024-09-23T22:00:00+01:00,1.11115,1.1116,1.11044,1.11058
2024-09-24T02:00:00+01:00,1.11058,1.11178,1.11034,1.11169
2024-09-24T06:00:00+01:00,1.11169,1.1145,1.11043,1.11402
2024-09-24T10:00:00+01:00,1.11401,1.11478,1.11222,1.11409
2024-09-24T14:00:00+01:00,1.11409,1.11636,1.11326,1.11585
2024-09-24T18:00:00+01:00,1.11585,1.1181,1.11547,1.11797
2024-09-24T22:00:00+01:00,1.11798,1.11939,1.11771,1.11932
2024-09-25T02:00:00+01:00,1.11934,1.11989,1.11854,1.11958
2024-09-25T06:00:00+01:00,1.11957,1.11965,1.11822,1.11849
2024-09-25T10:00:00+01:00,1.11848,1.12079,1.11783,1.11977
2024-09-25T14:00:00+01:00,1.11978,1.12141,1.1133,1.11345
2024-09-25T18:00:00+01:00,1.11345,1.11388,1.11216,1.11329
2024-09-25T22:00:00+01:00,1.11328,1.11369,1.11292,1.11367
2024-09-26T02:00:00+01:00,1.11367,1.11452,1.11317,1.11417
2024-09-26T06:00:00+01:00,1.11417,1.1158,1.11259,1.11415
2024-09-26T10:00:00+01:00,1.11416,1.11655,1.11375,1.11511
2024-09-26T14:00:00+01:00,1.11512,1.11894,1.11258,1.11693
2024-09-26T18:00:00+01:00,1.11692,1.11842,1.11684,1.11768
2024-09-26T22:00:00+01:00,1.11769,1.11787,1.11681,1.11693
2024-09-27T02:00:00+01:00,1.11692,1.11733,1.11625,1.11647
2024-09-27T06:00:00+01:00,1.11648,1.11761,1.11248,1.11445
2024-09-27T10:00:00+01:00,1.11447,1.12017,1.11372,1.11998
2024-09-27T14:00:00+01:00,1.11997,1.12031,1.11464,1.11517
2024-09-27T18:00:00+01:00,1.11518,1.11679,1.11504,1.1164
2024-09-29T22:00:00+01:00,1.11619,1.1174,1.11565,1.11708
2024-09-30T02:00:00+01:00,1.11709,1.11726,1.11563,1.11617
2024-09-30T06:00:00+01:00,1.11617,1.1209,1.11561,1.12057
2024-09-30T10:00:00+01:00,1.12057,1.12059,1.11833,1.11898
2024-09-30T14:00:00+01:00,1.11899,1.11913,1.11351,1.11485
2024-09-30T18:00:00+01:00,1.11484,1.1163,1.11137,1.11348
2024-09-30T22:00:00+01:00,1.11351,1.11428,1.11273,1.11323
2024-10-01T02:00:00+01:00,1.11323,1.11435,1.11314,1.11406
2024-10-01T06:00:00+01:00,1.11407,1.11441,1.10982,1.1103
2024-10-01T10:00:00+01:00,1.1103,1.11145,1.10702,1.10712
2024-10-01T14:00:00+01:00,1.10711,1.10868,1.10482,1.10545
2024-10-01T18:00:00+01:00,1.10544,1.10774,1.10459,1.10678
2024-10-01T22:00:00+01:00,1.10676,1.1072,1.10635,1.10656
2024-10-02T02:00:00+01:00,1.10657,1.1074,1.10604,1.1063
2024-10-02T06:00:00+01:00,1.1063,1.10829,1.10542,1.10724
2024-10-02T10:00:00+01:00,1.10724,1.10774,1.10511,1.10535
2024-10-02T14:00:00+01:00,1.10537,1.10657,1.10326,1.10467
2024-10-02T18:00:00+01:00,1.10467,1.10534,1.10368,1.10447
2024-10-02T22:00:00+01:00,1.10447,1.10493,1.10373,1.10392
2024-10-03T02:00:00+01:00,1.10392,1.10407,1.10321,1.10329
2024-10-03T06:00:00+01:00,1.1033,1.10462,1.10248,1.10376
2024-10-03T10:00:00+01:00,1.10377,1.10472,1.10283,1.10323
2024-10-03T14:00:00+01:00,1.10322,1.10438,1.10084,1.10303
2024-10-03T18:00:00+01:00,1.10303,1.10362,1.1025,1.10303
2024-10-03T22:00:00+01:00,1.10303,1.10396,1.10298,1.10346
2024-10-04T02:00:00+01:00,1.10347,1.10361,1.10252,1.10277
2024-10-04T06:00:00+01:00,1.10278,1.10357,1.10213,1.10255
2024-10-04T10:00:00+01:00,1.10255,1.10369,1.09591,1.0961
2024-10-04T14:00:00+01:00,1.0961,1.09818,1.09513,1.09597
2024-10-04T18:00:00+01:00,1.09598,1.09779,1.09579,1.0975
2024-10-06T22:00:00+01:00,1.09656,1.09755,1.09634,1.097
2024-10-07T02:00:00+01:00,1.09701,1.09776,1.09684,1.09686
2024-10-07T06:00:00+01:00,1.09685,1.09789,1.09582,1.09701
2024-10-07T10:00:00+01:00,1.09701,1.09837,1.09543,1.09772
2024-10-07T14:00:00+01:00,1.09773,1.09849,1.09696,1.0984
2024-10-07T18:00:00+01:00,1.0984,1.0987,1.09658,1.09749
2024-10-07T22:00:00+01:00,1.09748,1.0984,1.09717,1.09818
2024-10-08T02:00:00+01:00,1.09818,1.09869,1.09728,1.09856
2024-10-08T06:00:00+01:00,1.09856,1.09971,1.09786,1.09939
2024-10-08T10:00:00+01:00,1.09939,1.09949,1.09715,1.09761
2024-10-08T14:00:00+01:00,1.09759,1.0984,1.0961,1.09758
2024-10-08T18:00:00+01:00,1.09757,1.0981,1.09658,1.09806
2024-10-08T22:00:00+01:00,1.098,1.09818,1.09737,1.09756
2024-10-09T02:00:00+01:00,1.09756,1.09774,1.09621,1.09632
2024-10-09T06:00:00+01:00,1.09635,1.09761,1.0951,1.09578
2024-10-09T10:00:00+01:00,1.09578,1.09708,1.09528,1.09567
2024-10-09T14:00:00+01:00,1.09567,1.09599,1.09397,1.09415
2024-10-09T18:00:00+01:00,1.09416,1.09427,1.09363,1.09388
2024-10-09T22:00:00+01:00,1.09385,1.09435,1.09378,1.09407
2024-10-10T02:00:00+01:00,1.09406,1.09461,1.09384,1.0941
2024-10-10T06:00:00+01:00,1.09409,1.09431,1.09282,1.0933
2024-10-10T10:00:00+01:00,1.09331,1.0955,1.09089,1.0944
2024-10-10T14:00:00+01:00,1.09441,1.09498,1.0903,1.09061
2024-10-10T18:00:00+01:00,1.09061,1.09377,1.09001,1.09319
2024-10-10T22:00:00+01:00,1.09342,1.09379,1.09231,1.09374
2024-10-11T02:00:00+01:00,1.09376,1.09408,1.09295,1.09357
2024-10-11T06:00:00+01:00,1.09357,1.09538,1.09322,1.09496
2024-10-11T10:00:00+01:00,1.09494,1.09512,1.09261,1.09332
2024-10-11T14:00:00+01:00,1.0933,1.09525,1.09281,1.0945
2024-10-11T18:00:00+01:00,1.09449,1.09476,1.09325,1.09369
2024-10-13T22:00:00+01:00,1.09323,1.0934,1.09154,1.09215
2024-10-14T02:00:00+01:00,1.09214,1.09293,1.0918,1.09238
2024-10-14T06:00:00+01:00,1.09239,1.09317,1.09224,1.09269
2024-10-14T10:00:00+01:00,1.09269,1.09367,1.09074,1.09096
2024-10-14T14:00:00+01:00,1.09096,1.09274,1.09008,1.09015
2024-10-14T18:00:00+01:00,1.09015,1.09096,1.08882,1.09089
2024-10-14T22:00:00+01:00,1.09086,1.09104,1.09042,1.09075
2024-10-15T02:00:00+01:00,1.09071,1.09089,1.08916,1.0893
2024-10-15T06:00:00+01:00,1.08929,1.09162,1.08849,1.09104
2024-10-15T10:00:00+01:00,1.09105,1.0915,1.08974,1.09102
2024-10-15T14:00:00+01:00,1.09102,1.09167,1.08895,1.08895
2024-10-15T18:00:00+01:00,1.08895,1.08933,1.0882,1.08921
2024-10-15T22:00:00+01:00,1.08913,1.08939,1.08821,1.08854
2024-10-16T02:00:00+01:00,1.08854,1.08957,1.08844,1.08894
2024-10-16T06:00:00+01:00,1.08895,1.08903,1.08753,1.08833
2024-10-16T10:00:00+01:00,1.08833,1.09015,1.08826,1.08888
2024-10-16T14:00:00+01:00,1.08888,1.08975,1.08663,1.08683
2024-10-16T18:00:00+01:00,1.08684,1.08685,1.08534,1.08621
2024-10-16T22:00:00+01:00,1.08618,1.08709,1.08564,1.08632
2024-10-17T02:00:00+01:00,1.08632,1.08651,1.08513,1.08534
2024-10-17T06:00:00+01:00,1.08533,1.08584,1.08491,1.08519
2024-10-17T10:00:00+01:00,1.08518,1.08738,1.08335,1.08428
2024-10-17T14:00:00+01:00,1.08429,1.08447,1.08111,1.08249
2024-10-17T18:00:00+01:00,1.08249,1.0832,1.0821,1.08313
2024-10-17T22:00:00+01:00,1.08315,1.08334,1.08253,1.0829
2024-10-18T02:00:00+01:00,1.08289,1.08406,1.08275,1.08405
2024-10-18T06:00:00+01:00,1.08406,1.08487,1.08346,1.08379
2024-10-18T10:00:00+01:00,1.08378,1.08601,1.08343,1.08592
2024-10-18T14:00:00+01:00,1.08595,1.08683,1.08513,1.08667
2024-10-18T18:00:00+01:00,1.08666,1.08696,1.08592,1.08662
2024-10-20T22:00:00+01:00,1.08616,1.08718,1.08611,1.08649
2024-10-21T02:00:00+01:00,1.08649,1.08683,1.08584,1.08588
2024-10-21T06:00:00+01:00,1.08587,1.08635,1.08463,1.08553
2024-10-21T10:00:00+01:00,1.08553,1.08591,1.08448,1.08575
2024-10-21T14:00:00+01:00,1.08574,1.0858,1.08171,1.08187
2024-10-21T18:00:00+01:00,1.08187,1.08231,1.08112,1.08154
2024-10-21T22:00:00+01:00,1.08157,1.08187,1.08137,1.08163
2024-10-22T02:00:00+01:00,1.08163,1.08214,1.0815,1.08203
2024-10-22T06:00:00+01:00,1.08203,1.08381,1.08182,1.08271
2024-10-22T10:00:00+01:00,1.08271,1.08307,1.08112,1.08118
2024-10-22T14:00:00+01:00,1.08116,1.08186,1.0801,1.08077
2024-10-22T18:00:00+01:00,1.08079,1.08088,1.07927,1.07993
2024-10-22T22:00:00+01:00,1.07993,1.0801,1.07923,1.07953
2024-10-23T02:00:00+01:00,1.07953,1.08054,1.07938,1.08021
2024-10-23T06:00:00+01:00,1.08022,1.08067,1.07794,1.07882
2024-10-23T10:00:00+01:00,1.07882,1.07894,1.07613,1.07743
2024-10-23T14:00:00+01:00,1.07744,1.07864,1.07696,1.07732
2024-10-23T18:00:00+01:00,1.07732,1.07865,1.07673,1.07822
2024-10-23T22:00:00+01:00,1.07824,1.07899,1.07794,1.07888
2024-10-24T02:00:00+01:00,1.07889,1.07936,1.07812,1.07932
2024-10-24T06:00:00+01:00,1.07932,1.08081,1.07706,1.08032
2024-10-24T10:00:00+01:00,1.08031,1.08053,1.07885,1.07966
2024-10-24T14:00:00+01:00,1.07966,1.08113,1.07952,1.08108
2024-10-24T18:00:00+01:00,1.08109,1.08298,1.08107,1.08277
2024-10-24T22:00:00+01:00,1.08276,1.0829,1.08201,1.08218
2024-10-25T02:00:00+01:00,1.08218,1.08276,1.08201,1.0822
2024-10-25T06:00:00+01:00,1.08218,1.08373,1.08137,1.08238
2024-10-25T10:00:00+01:00,1.08239,1.08393,1.0821,1.08385
2024-10-25T14:00:00+01:00,1.08385,1.08387,1.08025,1.0805
2024-10-25T18:00:00+01:00,1.08051,1.08067,1.07931,1.07952
2024-10-27T21:00:00+00:00,1.07947,1.08016,1.0787,1.07942
2024-10-28T01:00:00+00:00,1.07942,1.0796,1.07822,1.07878
2024-10-28T05:00:00+00:00,1.07877,1.08214,1.0782,1.08193
2024-10-28T09:00:00+00:00,1.08192,1.08262,1.08086,1.08156
2024-10-28T13:00:00+00:00,1.08155,1.08277,1.08138,1.08155
2024-10-28T17:00:00+00:00,1.08155,1.08191,1.081,1.08123
2024-10-28T21:00:00+00:00,1.08122,1.08194,1.08108,1.08159
2024-10-29T01:00:00+00:00,1.08159,1.08181,1.08062,1.08087
2024-10-29T05:00:00+00:00,1.08088,1.08204,1.08055,1.08186
2024-10-29T09:00:00+00:00,1.08184,1.08264,1.07722,1.07775
2024-10-29T13:00:00+00:00,1.07776,1.08122,1.07689,1.07991
2024-10-29T17:00:00+00:00,1.0799,1.08185,1.0798,1.08183
2024-10-29T21:00:00+00:00,1.08185,1.08261,1.08135,1.0822
2024-10-30T01:00:00+00:00,1.08219,1.08258,1.08132,1.08167
2024-10-30T05:00:00+00:00,1.08168,1.08448,1.08141,1.08347
2024-10-30T09:00:00+00:00,1.08347,1.08594,1.0808,1.0814
2024-10-30T13:00:00+00:00,1.08141,1.08669,1.08114,1.08613
2024-10-30T17:00:00+00:00,1.0861,1.08713,1.08538,1.08561
2024-10-30T21:00:00+00:00,1.08559,1.08602,1.0853,1.08535
2024-10-31T01:00:00+00:00,1.08534,1.08582,1.08442,1.08479
2024-10-31T05:00:00+00:00,1.08478,1.08637,1.08466,1.08563
2024-10-31T09:00:00+00:00,1.08564,1.08867,1.08543,1.08799
2024-10-31T13:00:00+00:00,1.08798,1.08882,1.08462,1.08582
2024-10-31T17:00:00+00:00,1.08582,1.08852,1.08555,1.08836
2024-10-31T21:00:00+00:00,1.08837,1.08875,1.08805,1.08867
2024-11-01T01:00:00+00:00,1.08867,1.08887,1.08752,1.08771
2024-11-01T05:00:00+00:00,1.08772,1.08781,1.08574,1.08623
2024-11-01T09:00:00+00:00,1.08623,1.09058,1.08525,1.08863
2024-11-01T13:00:00+00:00,1.08864,1.08897,1.08464,1.08526
2024-11-01T17:00:00+00:00,1.08525,1.0853,1.08318,1.08337
2024-11-03T22:00:00+00:00,1.08779,1.08914,1.087,1.08883
2024-11-04T02:00:00+00:00,1.08883,1.09049,1.08848,1.08989
2024-11-04T06:00:00+00:00,1.0899,1.09022,1.08872,1.08963
2024-11-04T10:00:00+00:00,1.08962,1.09147,1.08934,1.09053
2024-11-04T14:00:00+00:00,1.09051,1.09097,1.08799,1.08888
2024-11-04T18:00:00+00:00,1.08888,1.08893,1.08739,1.08781
2024-11-04T22:00:00+00:00,1.08777,1.08797,1.08725,1.08777
2024-11-05T02:00:00+00:00,1.08777,1.088,1.08744,1.08787
2024-11-05T06:00:00+00:00,1.08786,1.08977,1.0877,1.08919
2024-11-05T10:00:00+00:00,1.0892,1.09018,1.08896,1.08928
2024-11-05T14:00:00+00:00,1.08927,1.09304,1.089,1.09303
2024-11-05T18:00:00+00:00,1.09302,1.09366,1.09242,1.09297
2024-11-05T22:00:00+00:00,1.09279,1.09373,1.08216,1.08366
2024-11-06T02:00:00+00:00,1.08366,1.08394,1.07191,1.07603
2024-11-06T06:00:00+00:00,1.07603,1.07815,1.07029,1.07552
2024-11-06T10:00:00+00:00,1.07552,1.07619,1.06826,1.071
2024-11-06T14:00:00+00:00,1.07098,1.07453,1.06985,1.07273
2024-11-06T18:00:00+00:00,1.07274,1.07582,1.07261,1.07284
2024-11-06T22:00:00+00:00,1.07296,1.07373,1.0713,1.07177
2024-11-07T02:00:00+00:00,1.07178,1.07478,1.07176,1.07463
2024-11-07T06:00:00+00:00,1.07462,1.07717,1.07411,1.07464
2024-11-07T10:00:00+00:00,1.07464,1.07947,1.07464,1.07925
2024-11-07T14:00:00+00:00,1.07925,1.08248,1.07813,1.08048
2024-11-07T18:00:00+00:00,1.08048,1.08095,1.07671,1.08042
2024-11-07T22:00:00+00:00,1.08044,1.08066,1.07791,1.07869
2024-11-08T02:00:00+00:00,1.0787,1.07899,1.07766,1.07818
2024-11-08T06:00:00+00:00,1.0782,1.07892,1.07611,1.0779
2024-11-08T10:00:00+00:00,1.07791,1.07974,1.07445,1.07529
2024-11-08T14:00:00+00:00,1.0753,1.07657,1.06869,1.07091
2024-11-08T18:00:00+00:00,1.07092,1.07216,1.07,1.07196
2024-11-10T22:00:00+00:00,1.07119,1.07279,1.07083,1.07204
2024-11-11T02:00:00+00:00,1.07203,1.07272,1.07079,1.07176
2024-11-11T06:00:00+00:00,1.07175,1.07221,1.06681,1.06816
2024-11-11T10:00:00+00:00,1.06815,1.06886,1.06366,1.06481
2024-11-11T14:00:00+00:00,1.06482,1.06576,1.06286,1.06491
2024-11-11T18:00:00+00:00,1.0649,1.06578,1.0646,1.06547
2024-11-11T22:00:00+00:00,1.06547,1.06632,1.06479,1.06482
2024-11-12T02:00:00+00:00,1.06482,1.0652,1.0638,1.06399
2024-11-12T06:00:00+00:00,1.06398,1.06398,1.06166,1.06263
2024-11-12T10:00:00+00:00,1.06261,1.06298,1.06065,1.06231
2024-11-12T14:00:00+00:00,1.0623,1.06261,1.05952,1.06068
2024-11-12T18:00:00+00:00,1.06069,1.06268,1.06066,1.06228
2024-11-12T22:00:00+00:00,1.0623,1.06292,1.0611,1.06279
2024-11-13T02:00:00+00:00,1.0628,1.06295,1.06095,1.06131
2024-11-13T06:00:00+00:00,1.06132,1.06299,1.05934,1.0627
2024-11-13T10:00:00+00:00,1.06269,1.0654,1.06101,1.06366
2024-11-13T14:00:00+00:00,1.06366,1.0638,1.05558,1.05689
2024-11-13T18:00:00+00:00,1.05691,1.05759,1.05564,1.05633
2024-11-13T22:00:00+00:00,1.05631,1.05687,1.05511,1.05562
2024-11-14T02:00:00+00:00,1.05561,1.05578,1.0534,1.05472
2024-11-14T06:00:00+00:00,1.05472,1.05581,1.05178,1.05205
2024-11-14T10:00:00+00:00,1.05204,1.05451,1.04963,1.05305
2024-11-14T14:00:00+00:00,1.05304,1.05825,1.05296,1.05593
2024-11-14T18:00:00+00:00,1.05594,1.05606,1.0512,1.05303
2024-11-14T22:00:00+00:00,1.05303,1.05416,1.05237,1.0532
2024-11-15T02:00:00+00:00,1.05319,1.05461,1.05319,1.05403
2024-11-15T06:00:00+00:00,1.05402,1.058,1.05337,1.05622
2024-11-15T10:00:00+00:00,1.05622,1.05931,1.05541,1.05585
2024-11-15T14:00:00+00:00,1.05584,1.05633,1.05233,1.05488
2024-11-15T18:00:00+00:00,1.05489,1.05547,1.05165,1.05416
2024-11-17T22:00:00+00:00,1.05306,1.05506,1.05297,1.05422
2024-11-18T02:00:00+00:00,1.05423,1.05465,1.05303,1.05382
2024-11-18T06:00:00+00:00,1.05381,1.05713,1.05362,1.05662
2024-11-18T10:00:00+00:00,1.05661,1.05687,1.05326,1.05678
2024-11-18T14:00:00+00:00,1.05679,1.05925,1.05606,1.05911
2024-11-18T18:00:00+00:00,1.0591,1.06072,1.05873,1.05985
2024-11-18T22:00:00+00:00,1.05986,1.06015,1.05872,1.05932
2024-11-19T02:00:00+00:00,1.05932,1.06008,1.05827,1.05836
2024-11-19T06:00:00+00:00,1.05837,1.05964,1.05234,1.05496
2024-11-19T10:00:00+00:00,1.05496,1.05976,1.05436,1.05768
2024-11-19T14:00:00+00:00,1.05769,1.06011,1.05656,1.05804
2024-11-19T18:00:00+00:00,1.05802,1.05979,1.05711,1.05945
2024-11-19T22:00:00+00:00,1.05952,1.06098,1.05896,1.06001
2024-11-20T02:00:00+00:00,1.06002,1.06035,1.05867,1.05871
2024-11-20T06:00:00+00:00,1.05871,1.05956,1.05532,1.05556
2024-11-20T10:00:00+00:00,1.05555,1.05679,1.05422,1.05566
2024-11-20T14:00:00+00:00,1.05566,1.05569,1.05069,1.05321
2024-11-20T18:00:00+00:00,1.05321,1.05444,1.05256,1.05438
2024-11-20T22:00:00+00:00,1.05436,1.05498,1.05407,1.05458
2024-11-21T02:00:00+00:00,1.05458,1.05549,1.05458,1.05467
2024-11-21T06:00:00+00:00,1.05468,1.05545,1.0514,1.0517
2024-11-21T10:00:00+00:00,1.0517,1.05393,1.05139,1.0533
2024-11-21T14:00:00+00:00,1.05331,1.05448,1.04622,1.04874
2024-11-21T18:00:00+00:00,1.04874,1.04894,1.04718,1.04743
2024-11-21T22:00:00+00:00,1.04742,1.04787,1.04664,1.04717
2024-11-22T02:00:00+00:00,1.04717,1.04784,1.04616,1.04648
2024-11-22T06:00:00+00:00,1.04647,1.04981,1.03326,1.0402
2024-11-22T10:00:00+00:00,1.0402,1.04375,1.0385,1.04296
2024-11-22T14:00:00+00:00,1.04297,1.04347,1.03921,1.0419
2024-11-22T18:00:00+00:00,1.04189,1.04255,1.04081,1.04214
2024-11-24T22:00:00+00:00,1.04807,1.05014,1.0463,1.04779
2024-11-25T02:00:00+00:00,1.04778,1.04895,1.04746,1.04792
2024-11-25T06:00:00+00:00,1.04793,1.04972,1.0449,1.04896
2024-11-25T10:00:00+00:00,1.04895,1.05302,1.04741,1.05286
2024-11-25T14:00:00+00:00,1.05286,1.05304,1.04668,1.04862
2024-11-25T18:00:00+00:00,1.04861,1.05107,1.04858,1.0495
2024-11-25T22:00:00+00:00,1.04942,1.05009,1.04251,1.04542
2024-11-26T02:00:00+00:00,1.04542,1.04906,1.04513,1.04753
2024-11-26T06:00:00+00:00,1.04753,1.05191,1.04701,1.05073
2024-11-26T10:00:00+00:00,1.05073,1.05448,1.05001,1.05036
2024-11-26T14:00:00+00:00,1.05036,1.05102,1.04637,1.04705
2024-11-26T18:00:00+00:00,1.04705,1.04905,1.04572,1.0489
2024-11-26T22:00:00+00:00,1.04888,1.04966,1.04846,1.04869
2024-11-27T02:00:00+00:00,1.04869,1.04882,1.04744,1.04769
2024-11-27T06:00:00+00:00,1.04768,1.05404,1.04753,1.05166
2024-11-27T10:00:00+00:00,1.05165,1.05738,1.05105,1.05728
2024-11-27T14:00:00+00:00,1.05728,1.05877,1.05332,1.05765
2024-11-27T18:00:00+00:00,1.05764,1.05788,1.05594,1.05661
2024-11-27T22:00:00+00:00,1.05661,1.05698,1.05475,1.05573
2024-11-28T02:00:00+00:00,1.05573,1.05612,1.05489,1.05501
2024-11-28T06:00:00+00:00,1.055,1.05565,1.05276,1.05321
2024-11-28T10:00:00+00:00,1.0532,1.05564,1.05301,1.0534
2024-11-28T14:00:00+00:00,1.0534,1.05571,1.05316,1.0553
2024-11-28T18:00:00+00:00,1.05532,1.05572,1.05523,1.05542
2024-11-28T22:00:00+00:00,1.05541,1.05749,1.05514,1.05598
2024-11-29T02:00:00+00:00,1.05598,1.05769,1.05591,1.0568
2024-11-29T06:00:00+00:00,1.05678,1.05971,1.05519,1.05577
2024-11-29T10:00:00+00:00,1.05576,1.05734,1.05482,1.05629
2024-11-29T14:00:00+00:00,1.05631,1.05679,1.05415,1.05674
2024-11-29T18:00:00+00:00,1.05675,1.05844,1.05675,1.05774
2024-12-01T22:00:00+00:00,1.05745,1.05762,1.0528,1.05306
2024-12-02T02:00:00+00:00,1.05306,1.05321,1.05152,1.0522
2024-12-02T06:00:00+00:00,1.05219,1.05372,1.04961,1.05137
2024-12-02T10:00:00+00:00,1.05135,1.05383,1.04951,1.05057
2024-12-02T14:00:00+00:00,1.05058,1.05148,1.04608,1.04875
2024-12-02T18:00:00+00:00,1.04876,1.05159,1.04847,1.04978
2024-12-02T22:00:00+00:00,1.04975,1.05018,1.04844,1.0488
2024-12-03T02:00:00+00:00,1.04879,1.04946,1.04807,1.04915
2024-12-03T06:00:00+00:00,1.04916,1.05308,1.04835,1.05205
2024-12-03T10:00:00+00:00,1.05204,1.05299,1.05064,1.0524
2024-12-03T14:00:00+00:00,1.05241,1.05303,1.04922,1.05285
2024-12-03T18:00:00+00:00,1.05282,1.05351,1.05029,1.05086
2024-12-03T22:00:00+00:00,1.05088,1.05126,1.04973,1.05063
2024-12-04T02:00:00+00:00,1.05062,1.05202,1.0488,1.05151
2024-12-04T06:00:00+00:00,1.05152,1.05291,1.04826,1.0503
2024-12-04T10:00:00+00:00,1.0503,1.05124,1.04793,1.04835
2024-12-04T14:00:00+00:00,1.04834,1.05441,1.04724,1.05374
2024-12-04T18:00:00+00:00,1.05373,1.0539,1.0505,1.05117
2024-12-04T22:00:00+00:00,1.05117,1.05159,1.05079,1.05123
2024-12-05T02:00:00+00:00,1.0512,1.05289,1.05106,1.05266
2024-12-05T06:00:00+00:00,1.05266,1.05464,1.05214,1.05287
2024-12-05T10:00:00+00:00,1.05285,1.05683,1.05234,1.05672
2024-12-05T14:00:00+00:00,1.05672,1.05897,1.05509,1.05676
2024-12-05T18:00:00+00:00,1.05675,1.05887,1.05571,1.05863
2024-12-05T22:00:00+00:00,1.05863,1.05891,1.0566,1.05687
2024-12-06T02:00:00+00:00,1.05688,1.05804,1.05684,1.05724
2024-12-06T06:00:00+00:00,1.05723,1.05941,1.05675,1.05774
2024-12-06T10:00:00+00:00,1.05775,1.06299,1.05716,1.06044
2024-12-06T14:00:00+00:00,1.06044,1.06073,1.05442,1.05512
2024-12-06T18:00:00+00:00,1.05511,1.05702,1.05424,1.05692
2024-12-08T22:00:00+00:00,1.05589,1.05695,1.05512,1.05519
2024-12-09T02:00:00+00:00,1.05519,1.05565,1.05321,1.05372
2024-12-09T06:00:00+00:00,1.05373,1.05751,1.05366,1.05662
2024-12-09T10:00:00+00:00,1.05663,1.05854,1.05579,1.05762
2024-12-09T14:00:00+00:00,1.05763,1.05944,1.05666,1.05669
2024-12-09T18:00:00+00:00,1.05669,1.05676,1.05472,1.05535
2024-12-09T22:00:00+00:00,1.05536,1.05572,1.05453,1.0553
2024-12-10T02:00:00+00:00,1.0553,1.05626,1.05491,1.0562
2024-12-10T06:00:00+00:00,1.05621,1.05682,1.05232,1.05313
2024-12-10T10:00:00+00:00,1.05312,1.05379,1.05159,1.05231
2024-12-10T14:00:00+00:00,1.05232,1.05313,1.04985,1.05097
2024-12-10T18:00:00+00:00,1.05097,1.05313,1.05087,1.05273
2024-12-10T22:00:00+00:00,1.05269,1.05356,1.05268,1.05347
2024-12-11T02:00:00+00:00,1.05347,1.05394,1.05206,1.0524
2024-12-11T06:00:00+00:00,1.0524,1.05285,1.04881,1.05006
2024-12-11T10:00:00+00:00,1.05005,1.05374,1.04872,1.05242
2024-12-11T14:00:00+00:00,1.05239,1.05292,1.04803,1.04878
2024-12-11T18:00:00+00:00,1.04877,1.05,1.04817,1.04959
2024-12-11T22:00:00+00:00,1.0496,1.05089,1.04913,1.05062
2024-12-12T02:00:00+00:00,1.05063,1.05097,1.0501,1.05065
2024-12-12T06:00:00+00:00,1.05065,1.05309,1.05045,1.05102
2024-12-12T10:00:00+00:00,1.05101,1.05143,1.04696,1.04848
2024-12-12T14:00:00+00:00,1.04851,1.05211,1.04638,1.05007
2024-12-12T18:00:00+00:00,1.05008,1.05025,1.04643,1.04682
2024-12-12T22:00:00+00:00,1.04676,1.04809,1.04634,1.04653
2024-12-13T02:00:00+00:00,1.04653,1.04669,1.04563,1.04653
2024-12-13T06:00:00+00:00,1.04654,1.04942,1.04533,1.04873
2024-12-13T10:00:00+00:00,1.04873,1.05242,1.04835,1.05104
2024-12-13T14:00:00+00:00,1.05104,1.05105,1.04823,1.04964
2024-12-13T18:00:00+00:00,1.04966,1.05046,1.04892,1.05028
2024-12-15T22:00:00+00:00,1.04895,1.05214,1.04859,1.0519
2024-12-16T02:00:00+00:00,1.0519,1.05229,1.05098,1.05198
2024-12-16T06:00:00+00:00,1.05197,1.05249,1.05003,1.05052
2024-12-16T10:00:00+00:00,1.05052,1.05083,1.04834,1.05076
2024-12-16T14:00:00+00:00,1.05076,1.05206,1.04746,1.05112
2024-12-16T18:00:00+00:00,1.05113,1.05227,1.05058,1.05112
2024-12-16T22:00:00+00:00,1.05118,1.05344,1.05082,1.05215
2024-12-17T02:00:00+00:00,1.05214,1.05268,1.05028,1.05048
2024-12-17T06:00:00+00:00,1.05048,1.05092,1.04805,1.04855
2024-12-17T10:00:00+00:00,1.04856,1.05067,1.04792,1.05049
2024-12-17T14:00:00+00:00,1.05048,1.0516,1.04946,1.04997
2024-12-17T18:00:00+00:00,1.04997,1.05043,1.04852,1.0491
2024-12-17T22:00:00+00:00,1.04911,1.05029,1.04908,1.05023
2024-12-18T02:00:00+00:00,1.05025,1.05057,1.04961,1.05023
2024-12-18T06:00:00+00:00,1.05023,1.05129,1.04875,1.04943
2024-12-18T10:00:00+00:00,1.04944,1.05035,1.04825,1.04921
2024-12-18T14:00:00+00:00,1.04921,1.05032,1.04672,1.04753
2024-12-18T18:00:00+00:00,1.04754,1.04925,1.03439,1.0353
2024-12-18T22:00:00+00:00,1.03527,1.038,1.03475,1.03782
2024-12-19T02:00:00+00:00,1.03784,1.0391,1.03726,1.03821
2024-12-19T06:00:00+00:00,1.03819,1.04223,1.03774,1.04125
2024-12-19T10:00:00+00:00,1.04124,1.04159,1.03859,1.0399
2024-12-19T14:00:00+00:00,1.03988,1.04073,1.03546,1.03616
2024-12-19T18:00:00+00:00,1.03617,1.03773,1.03553,1.03627
2024-12-19T22:00:00+00:00,1.03629,1.03693,1.03588,1.03634
2024-12-20T02:00:00+00:00,1.03634,1.03667,1.03567,1.03663
2024-12-20T06:00:00+00:00,1.03663,1.03985,1.03431,1.03829
2024-12-20T10:00:00+00:00,1.03829,1.04191,1.03797,1.04075
2024-12-20T14:00:00+00:00,1.04073,1.04449,1.03861,1.04286
2024-12-20T18:00:00+00:00,1.04286,1.04475,1.04221,1.04295
2024-12-22T22:00:00+00:00,1.04328,1.04463,1.0427,1.0436
2024-12-23T02:00:00+00:00,1.0436,1.04453,1.04359,1.04402
2024-12-23T06:00:00+00:00,1.04402,1.04421,1.04074,1.04078
2024-12-23T10:00:00+00:00,1.04079,1.04098,1.03857,1.03995
2024-12-23T14:00:00+00:00,1.03997,1.0418,1.03843,1.03977
2024-12-23T18:00:00+00:00,1.03978,1.04141,1.03978,1.04053
2024-12-23T22:00:00+00:00,1.04052,1.04087,1.0398,1.04028
2024-12-24T02:00:00+00:00,1.04028,1.04087,1.03888,1.0397
2024-12-24T06:00:00+00:00,1.0397,1.04055,1.03902,1.03921
2024-12-24T10:00:00+00:00,1.0392,1.04038,1.03891,1.04025
2024-12-24T14:00:00+00:00,1.04026,1.041,1.03837,1.03885
2024-12-24T18:00:00+00:00,1.03885,1.04064,1.03869,1.03994
2024-12-24T22:00:00+00:00,1.0397,1.04121,1.03956,1.04061
2024-12-25T02:00:00+00:00,1.04065,1.04089,1.04031,1.04042
2024-12-25T06:00:00+00:00,1.04041,1.04112,1.04011,1.04043
2024-12-25T22:00:00+00:00,1.0406,1.04089,1.0393,1.03973
2024-12-26T02:00:00+00:00,1.03972,1.04043,1.03967,1.03978
2024-12-26T06:00:00+00:00,1.03977,1.04004,1.03906,1.03992
2024-12-26T10:00:00+00:00,1.03992,1.04059,1.03927,1.04027
2024-12-26T14:00:00+00:00,1.04028,1.04229,1.03952,1.0412
2024-12-26T18:00:00+00:00,1.04118,1.04302,1.04118,1.04223
2024-12-26T22:00:00+00:00,1.04214,1.04248,1.04122,1.04133
2024-12-27T02:00:00+00:00,1.04133,1.04141,1.04067,1.04094
2024-12-27T06:00:00+00:00,1.04094,1.04258,1.04051,1.04169
2024-12-27T10:00:00+00:00,1.04169,1.04441,1.04118,1.04385
2024-12-27T14:00:00+00:00,1.04387,1.04398,1.04146,1.04214
2024-12-27T18:00:00+00:00,1.04211,1.04305,1.04209,1.0427
2024-12-29T22:00:00+00:00,1.0429,1.04347,1.04252,1.04255
2024-12-30T02:00:00+00:00,1.04255,1.04276,1.0421,1.04253
2024-12-30T06:00:00+00:00,1.04252,1.04394,1.04094,1.04339
2024-12-30T10:00:00+00:00,1.04339,1.04584,1.03852,1.0388
2024-12-30T14:00:00+00:00,1.03881,1.04089,1.03718,1.03943
2024-12-30T18:00:00+00:00,1.03943,1.04072,1.03939,1.04072
2024-12-30T22:00:00+00:00,1.04075,1.04133,1.03971,1.04121
2024-12-31T02:00:00+00:00,1.0412,1.04149,1.04026,1.0404
2024-12-31T06:00:00+00:00,1.0404,1.04244,1.03997,1.04186
2024-12-31T10:00:00+00:00,1.04185,1.04201,1.03836,1.0393
2024-12-31T14:00:00+00:00,1.03931,1.03944,1.03441,1.03486
2024-12-31T18:00:00+00:00,1.03486,1.03647,1.03456,1.03534
2025-01-01T22:00:00+00:00,1.03547,1.03608,1.03443,1.03579
2025-01-02T02:00:00+00:00,1.03579,1.03757,1.03579,1.0364
2025-01-02T06:00:00+00:00,1.03639,1.03724,1.03463,1.03517
2025-01-02T10:00:00+00:00,1.03516,1.0357,1.03115,1.03135
2025-01-02T14:00:00+00:00,1.03135,1.03239,1.02241,1.0265
2025-01-02T18:00:00+00:00,1.02652,1.02687,1.02479,1.02656
2025-01-02T22:00:00+00:00,1.02658,1.02736,1.02627,1.02676
2025-01-03T02:00:00+00:00,1.02675,1.02747,1.02648,1.02718
2025-01-03T06:00:00+00:00,1.02718,1.02999,1.02687,1.02902
2025-01-03T10:00:00+00:00,1.02903,1.03029,1.02793,1.02932
2025-01-03T14:00:00+00:00,1.02933,1.03058,1.0273,1.0298
2025-01-03T18:00:00+00:00,1.02981,1.03102,1.02926,1.03083
2025-01-05T22:00:00+00:00,1.03048,1.03137,1.02956,1.03124
2025-01-06T02:00:00+00:00,1.03124,1.03183,1.03085,1.0309
2025-01-06T06:00:00+00:00,1.03089,1.0369,1.03077,1.03556
2025-01-06T10:00:00+00:00,1.03557,1.04368,1.03288,1.04168
2025-01-06T14:00:00+00:00,1.04168,1.04238,1.03529,1.03875
2025-01-06T18:00:00+00:00,1.03875,1.03923,1.03771,1.039
2025-01-06T22:00:00+00:00,1.03899,1.03926,1.03762,1.03812
2025-01-07T02:00:00+00:00,1.03811,1.04032,1.03801,1.03968
2025-01-07T06:00:00+00:00,1.03967,1.04344,1.03964,1.0428
2025-01-07T10:00:00+00:00,1.04279,1.04344,1.03866,1.03966
2025-01-07T14:00:00+00:00,1.03966,1.03977,1.0354,1.0367
2025-01-07T18:00:00+00:00,1.03669,1.03695,1.03397,1.034
2025-01-07T22:00:00+00:00,1.03401,1.03531,1.03392,1.03529
2025-01-08T02:00:00+00:00,1.0353,1.03559,1.03464,1.0355
2025-01-08T06:00:00+00:00,1.03551,1.03576,1.03155,1.03196
2025-01-08T10:00:00+00:00,1.03194,1.03213,1.02732,1.03035
2025-01-08T14:00:00+00:00,1.03034,1.03145,1.02891,1.03055
2025-01-08T18:00:00+00:00,1.03054,1.03243,1.03054,1.03184
2025-01-08T22:00:00+00:00,1.03185,1.03197,1.0305,1.03144
2025-01-09T02:00:00+00:00,1.03144,1.03215,1.03055,1.03068
2025-01-09T06:00:00+00:00,1.03066,1.03176,1.02837,1.03058
2025-01-09T10:00:00+00:00,1.03059,1.03191,1.0296,1.03079
2025-01-09T14:00:00+00:00,1.03079,1.03147,1.02912,1.02975
2025-01-09T18:00:00+00:00,1.02973,1.03037,1.02941,1.02994
2025-01-09T22:00:00+00:00,1.02997,1.03045,1.02922,1.03019
2025-01-10T02:00:00+00:00,1.03018,1.03038,1.02848,1.02859
2025-01-10T06:00:00+00:00,1.02859,1.03119,1.02813,1.02999
2025-01-10T10:00:00+00:00,1.03,1.03119,1.02129,1.02564
2025-01-10T14:00:00+00:00,1.02564,1.02787,1.02276,1.02446
2025-01-10T18:00:00+00:00,1.02445,1.0249,1.02349,1.02442
2025-01-12T22:00:00+00:00,1.024,1.025,1.02366,1.02418
2025-01-13T02:00:00+00:00,1.02419,1.02453,1.02077,1.02196
2025-01-13T06:00:00+00:00,1.02195,1.02314,1.01774,1.01933
2025-01-13T10:00:00+00:00,1.01932,1.02209,1.01862,1.02085
2025-01-13T14:00:00+00:00,1.02083,1.02196,1.01918,1.0218
2025-01-13T18:00:00+00:00,1.02181,1.02468,1.0207,1.02449
2025-01-13T22:00:00+00:00,1.02453,1.02776,1.02404,1.02492
2025-01-14T02:00:00+00:00,1.02491,1.02554,1.02386,1.02449
2025-01-14T06:00:00+00:00,1.02453,1.0275,1.02452,1.02596
2025-01-14T10:00:00+00:00,1.02596,1.02732,1.02395,1.02532
2025-01-14T14:00:00+00:00,1.02533,1.03043,1.02436,1.02882
2025-01-14T18:00:00+00:00,1.02882,1.03086,1.02868,1.03081
2025-01-14T22:00:00+00:00,1.03081,1.03085,1.0298,1.03002
2025-01-15T02:00:00+00:00,1.03002,1.03053,1.02926,1.02933
2025-01-15T06:00:00+00:00,1.02931,1.03171,1.02867,1.03099
2025-01-15T10:00:00+00:00,1.03099,1.03545,1.02935,1.03445
2025-01-15T14:00:00+00:00,1.03445,1.03457,1.02591,1.02856
2025-01-15T18:00:00+00:00,1.0286,1.02989,1.02845,1.02886
2025-01-15T22:00:00+00:00,1.02893,1.02999,1.02848,1.02896
2025-01-16T02:00:00+00:00,1.02896,1.02938,1.02811,1.02825
2025-01-16T06:00:00+00:00,1.02824,1.03015,1.02817,1.02861
2025-01-16T10:00:00+00:00,1.02862,1.02962,1.02607,1.02815
2025-01-16T14:00:00+00:00,1.02814,1.0315,1.02679,1.02965
2025-01-16T18:00:00+00:00,1.02963,1.03077,1.02935,1.02999
2025-01-16T22:00:00+00:00,1.03022,1.03094,1.02982,1.03051
2025-01-17T02:00:00+00:00,1.03051,1.03092,1.02875,1.02933
2025-01-17T06:00:00+00:00,1.02934,1.03041,1.02777,1.02967
2025-01-17T10:00:00+00:00,1.02969,1.031,1.02855,1.02902
2025-01-17T14:00:00+00:00,1.02903,1.03307,1.02653,1.02808
2025-01-17T18:00:00+00:00,1.02807,1.02921,1.02687,1.02712
2025-01-19T22:00:00+00:00,1.02818,1.0293,1.02664,1.02907
2025-01-20T02:00:00+00:00,1.02906,1.03072,1.0287,1.03025
2025-01-20T06:00:00+00:00,1.03025,1.0319,1.02996,1.03063
2025-01-20T10:00:00+00:00,1.03063,1.04,1.03063,1.03981
2025-01-20T14:00:00+00:00,1.03981,1.043,1.03537,1.03856
2025-01-20T18:00:00+00:00,1.03855,1.04344,1.03834,1.04164
2025-01-20T22:00:00+00:00,1.04167,1.04345,1.03529,1.03703
2025-01-21T02:00:00+00:00,1.03702,1.0401,1.03692,1.03789
2025-01-21T06:00:00+00:00,1.0379,1.03863,1.03421,1.03537
2025-01-21T10:00:00+00:00,1.03536,1.03779,1.0343,1.03778
2025-01-21T14:00:00+00:00,1.03781,1.043,1.03729,1.04213
2025-01-21T18:00:00+00:00,1.04212,1.04354,1.04158,1.04269
2025-01-21T22:00:00+00:00,1.04272,1.04339,1.03924,1.04097
2025-01-22T02:00:00+00:00,1.04096,1.04214,1.04062,1.04157
2025-01-22T06:00:00+00:00,1.04157,1.04474,1.04,1.04465
2025-01-22T10:00:00+00:00,1.04466,1.04575,1.04223,1.04317
2025-01-22T14:00:00+00:00,1.04314,1.0432,1.04121,1.04171
2025-01-22T18:00:00+00:00,1.04171,1.0423,1.0408,1.04087
2025-01-22T22:00:00+00:00,1.04087,1.0416,1.0402,1.04037
2025-01-23T02:00:00+00:00,1.04036,1.04128,1.0397,1.04053
2025-01-23T06:00:00+00:00,1.04052,1.04149,1.03902,1.04116
2025-01-23T10:00:00+00:00,1.04117,1.04204,1.03942,1.04108
2025-01-23T14:00:00+00:00,1.04108,1.0438,1.0372,1.04353
2025-01-23T18:00:00+00:00,1.04354,1.04371,1.04128,1.04158
2025-01-23T22:00:00+00:00,1.04154,1.04232,1.04117,1.04159
2025-01-24T02:00:00+00:00,1.0416,1.0454,1.0416,1.04514
2025-01-24T06:00:00+00:00,1.04514,1.05152,1.04473,1.04944
2025-01-24T10:00:00+00:00,1.04946,1.0498,1.04638,1.04687
2025-01-24T14:00:00+00:00,1.04685,1.05215,1.04672,1.05112
2025-01-24T18:00:00+00:00,1.05111,1.0512,1.04883,1.04936
2025-01-26T22:00:00+00:00,1.04802,1.04861,1.04613,1.0463
2025-01-27T02:00:00+00:00,1.04629,1.04776,1.0456,1.0463
2025-01-27T06:00:00+00:00,1.04631,1.04938,1.04541,1.04888
2025-01-27T10:00:00+00:00,1.04888,1.05333,1.04888,1.05199
2025-01-27T14:00:00+00:00,1.05199,1.05245,1.04848,1.04888
2025-01-27T18:00:00+00:00,1.04886,1.04943,1.04793,1.04916
2025-01-27T22:00:00+00:00,1.04917,1.04943,1.04283,1.0438
2025-01-28T02:00:00+00:00,1.04374,1.04417,1.04246,1.04365
2025-01-28T06:00:00+00:00,1.04364,1.04444,1.04195,1.04352
2025-01-28T10:00:00+00:00,1.04353,1.04375,1.04139,1.04248
2025-01-28T14:00:00+00:00,1.04246,1.04409,1.0421,1.0428
2025-01-28T18:00:00+00:00,1.04282,1.04383,1.04226,1.04304
2025-01-28T22:00:00+00:00,1.04308,1.04344,1.04262,1.04273
2025-01-29T02:00:00+00:00,1.04272,1.04426,1.04258,1.04405
2025-01-29T06:00:00+00:00,1.04405,1.04436,1.04022,1.04038
2025-01-29T10:00:00+00:00,1.04039,1.04084,1.03823,1.03878
2025-01-29T14:00:00+00:00,1.03878,1.04285,1.03865,1.04214
2025-01-29T18:00:00+00:00,1.04215,1.0429,1.03884,1.04212
2025-01-29T22:00:00+00:00,1.04211,1.0429,1.04167,1.04201
2025-01-30T02:00:00+00:00,1.04203,1.04278,1.04177,1.04219
2025-01-30T06:00:00+00:00,1.0422,1.0429,1.04021,1.04076
2025-01-30T10:00:00+00:00,1.04074,1.046,1.03903,1.04564
2025-01-30T14:00:00+00:00,1.04563,1.04678,1.04095,1.0417
2025-01-30T18:00:00+00:00,1.04173,1.04323,1.03863,1.03895
2025-01-30T22:00:00+00:00,1.03901,1.04025,1.0377,1.03886
2025-01-31T02:00:00+00:00,1.03887,1.03951,1.03828,1.03889
2025-01-31T06:00:00+00:00,1.03889,1.04128,1.03655,1.03836
2025-01-31T10:00:00+00:00,1.03836,1.03954,1.0372,1.03822
2025-01-31T14:00:00+00:00,1.03824,1.04343,1.03604,1.042
2025-01-31T18:00:00+00:00,1.04201,1.04219,1.03499,1.03624
2025-02-02T22:00:00+00:00,1.02347,1.02702,1.02107,1.02379
2025-02-03T02:00:00+00:00,1.0238,1.02434,1.02123,1.02405
2025-02-03T06:00:00+00:00,1.02404,1.02544,1.02128,1.02309
2025-02-03T10:00:00+00:00,1.0231,1.0288,1.023,1.0264
2025-02-03T14:00:00+00:00,1.02639,1.03354,1.02438,1.02797
2025-02-03T18:00:00+00:00,1.02794,1.035,1.02704,1.03441
2025-02-03T22:00:00+00:00,1.0344,1.03506,1.03086,1.0322
2025-02-04T02:00:00+00:00,1.03219,1.03241,1.02723,1.02932
2025-02-04T06:00:00+00:00,1.02933,1.03496,1.02923,1.03387
2025-02-04T10:00:00+00:00,1.03385,1.03435,1.03203,1.03404
2025-02-04T14:00:00+00:00,1.03404,1.03875,1.03402,1.03768
2025-02-04T18:00:00+00:00,1.03768,1.03877,1.03743,1.03792
2025-02-04T22:00:00+00:00,1.03794,1.03868,1.03698,1.03734
2025-02-05T02:00:00+00:00,1.03735,1.03862,1.0373,1.03778
2025-02-05T06:00:00+00:00,1.03778,1.04176,1.03742,1.0404
2025-02-05T10:00:00+00:00,1.04041,1.04305,1.04016,1.04079
2025-02-05T14:00:00+00:00,1.04081,1.04427,1.04062,1.042
2025-02-05T18:00:00+00:00,1.04198,1.04217,1.0397,1.04028
2025-02-05T22:00:00+00:00,1.04028,1.04061,1.03951,1.04025
2025-02-06T02:00:00+00:00,1.04024,1.04055,1.03853,1.03865
2025-02-06T06:00:00+00:00,1.03867,1.03926,1.03562,1.03595
2025-02-06T10:00:00+00:00,1.03597,1.03678,1.03526,1.03604
2025-02-06T14:00:00+00:00,1.03605,1.03804,1.03598,1.03792
2025-02-06T18:00:00+00:00,1.03792,1.03967,1.03739,1.03835
2025-02-06T22:00:00+00:00,1.03835,1.03911,1.03744,1.03839
2025-02-07T02:00:00+00:00,1.03838,1.03862,1.0374,1.03751
2025-02-07T06:00:00+00:00,1.03751,1.04,1.03727,1.03912
2025-02-07T10:00:00+00:00,1.03911,1.04127,1.03492,1.03637
2025-02-07T14:00:00+00:00,1.03635,1.03888,1.03053,1.03218
2025-02-07T18:00:00+00:00,1.03217,1.03383,1.03209,1.03279
2025-02-09T22:00:00+00:00,1.02919,1.03185,1.02859,1.03031
2025-02-10T02:00:00+00:00,1.03031,1.03216,1.02987,1.03162
2025-02-10T06:00:00+00:00,1.03163,1.03349,1.03068,1.03269
2025-02-10T10:00:00+00:00,1.03269,1.03366,1.03086,1.03215
2025-02-10T14:00:00+00:00,1.03215,1.03235,1.03043,1.03125
2025-02-10T18:00:00+00:00,1.03124,1.03161,1.03051,1.03067
2025-02-10T22:00:00+00:00,1.0307,1.03101,1.02984,1.0302
2025-02-11T02:00:00+00:00,1.03021,1.0306,1.02921,1.03049
2025-02-11T06:00:00+00:00,1.03046,1.03221,1.02999,1.0318
2025-02-11T10:00:00+00:00,1.0318,1.03287,1.03145,1.03225
2025-02-11T14:00:00+00:00,1.03224,1.03513,1.03217,1.03455
2025-02-11T18:00:00+00:00,1.03453,1.03815,1.0342,1.03612
2025-02-11T22:00:00+00:00,1.03612,1.03678,1.03539,1.03605
2025-02-12T02:00:00+00:00,1.03605,1.03679,1.03549,1.03585
2025-02-12T06:00:00+00:00,1.03586,1.038,1.03571,1.03737
2025-02-12T10:00:00+00:00,1.03738,1.03858,1.03171,1.03332
2025-02-12T14:00:00+00:00,1.03331,1.04276,1.03255,1.04263
2025-02-12T18:00:00+00:00,1.04262,1.04299,1.03808,1.03828
2025-02-12T22:00:00+00:00,1.03826,1.04019,1.03823,1.03999
2025-02-13T02:00:00+00:00,1.04,1.04385,1.03966,1.0435
2025-02-13T06:00:00+00:00,1.0435,1.044,1.04102,1.04231
2025-02-13T10:00:00+00:00,1.04231,1.04291,1.03758,1.03925
2025-02-13T14:00:00+00:00,1.03925,1.04454,1.03818,1.04257
2025-02-13T18:00:00+00:00,1.04255,1.04671,1.03731,1.04636
2025-02-13T22:00:00+00:00,1.04636,1.04693,1.04562,1.04593
2025-02-14T02:00:00+00:00,1.04591,1.04639,1.04473,1.04528
2025-02-14T06:00:00+00:00,1.04527,1.04878,1.04519,1.04813
2025-02-14T10:00:00+00:00,1.04814,1.0498,1.04569,1.04882
2025-02-14T14:00:00+00:00,1.04883,1.05141,1.04873,1.05073
2025-02-14T18:00:00+00:00,1.05072,1.0508,1.04887,1.04929
2025-02-16T22:00:00+00:00,1.04879,1.05065,1.0485,1.05055
2025-02-17T02:00:00+00:00,1.05054,1.05055,1.04848,1.04899
2025-02-17T06:00:00+00:00,1.04898,1.04955,1.04711,1.04743
2025-02-17T10:00:00+00:00,1.04741,1.04894,1.0467,1.04743
2025-02-17T14:00:00+00:00,1.04744,1.04848,1.04713,1.04825
2025-02-17T18:00:00+00:00,1.04827,1.04852,1.04793,1.04845
2025-02-17T22:00:00+00:00,1.04843,1.04864,1.04625,1.04662
2025-02-18T02:00:00+00:00,1.04663,1.04726,1.04522,1.04553
2025-02-18T06:00:00+00:00,1.0455,1.04693,1.04548,1.04639
2025-02-18T10:00:00+00:00,1.04638,1.04672,1.04418,1.04447
2025-02-18T14:00:00+00:00,1.04447,1.04695,1.04392,1.0446
2025-02-18T18:00:00+00:00,1.0446,1.04498,1.04352,1.04465
2025-02-18T22:00:00+00:00,1.04462,1.04523,1.04412,1.04466
2025-02-19T02:00:00+00:00,1.04466,1.04563,1.04447,1.04562
2025-02-19T06:00:00+00:00,1.04561,1.04615,1.04283,1.04291
2025-02-19T10:00:00+00:00,1.0429,1.04353,1.0419,1.04339
2025-02-19T14:00:00+00:00,1.0434,1.04414,1.04011,1.04099
2025-02-19T18:00:00+00:00,1.04099,1.04326,1.04086,1.04224
2025-02-19T22:00:00+00:00,1.04228,1.04327,1.04188,1.04214
2025-02-20T02:00:00+00:00,1.04214,1.04377,1.04202,1.04278
2025-02-20T06:00:00+00:00,1.04278,1.04421,1.04236,1.04371
2025-02-20T10:00:00+00:00,1.04371,1.04549,1.0431,1.04482
2025-02-20T14:00:00+00:00,1.04481,1.04948,1.04419,1.04893
2025-02-20T18:00:00+00:00,1.04892,1.05036,1.04854,1.05012
2025-02-20T22:00:00+00:00,1.05012,1.05057,1.04845,1.04868
2025-02-21T02:00:00+00:00,1.04868,1.05049,1.04864,1.04931
2025-02-21T06:00:00+00:00,1.04929,1.04997,1.04668,1.04692
2025-02-21T10:00:00+00:00,1.04693,1.0478,1.04595,1.04753
2025-02-21T14:00:00+00:00,1.04752,1.04928,1.04494,1.04631
2025-02-21T18:00:00+00:00,1.04631,1.0468,1.04509,1.04602
2025-02-23T22:00:00+00:00,1.04706,1.0521,1.04619,1.05181
2025-02-24T02:00:00+00:00,1.0518,1.05285,1.05102,1.05165
2025-02-24T06:00:00+00:00,1.05164,1.05164,1.04689,1.0472
2025-02-24T10:00:00+00:00,1.0472,1.04814,1.04602,1.0467
2025-02-24T14:00:00+00:00,1.0467,1.04838,1.04529,1.04724
2025-02-24T18:00:00+00:00,1.04723,1.04859,1.04619,1.04677
2025-02-24T22:00:00+00:00,1.04678,1.04706,1.04598,1.04652
2025-02-25T02:00:00+00:00,1.04652,1.04783,1.04652,1.0477
2025-02-25T06:00:00+00:00,1.0477,1.04802,1.04563,1.04732
2025-02-25T10:00:00+00:00,1.04733,1.05097,1.04653,1.05002
2025-02-25T14:00:00+00:00,1.05003,1.05193,1.04839,1.05022
2025-02-25T18:00:00+00:00,1.05023,1.05191,1.05022,1.0513
2025-02-25T22:00:00+00:00,1.05129,1.05251,1.0512,1.05153
2025-02-26T02:00:00+00:00,1.05153,1.05171,1.04906,1.04916
2025-02-26T06:00:00+00:00,1.04915,1.05116,1.04872,1.04971
2025-02-26T10:00:00+00:00,1.0497,1.05022,1.0475,1.04842
2025-02-26T14:00:00+00:00,1.04841,1.05289,1.04793,1.04924
2025-02-26T18:00:00+00:00,1.04924,1.05005,1.04787,1.04846
2025-02-26T22:00:00+00:00,1.04848,1.04926,1.0473,1.04783
2025-02-27T02:00:00+00:00,1.04784,1.04807,1.04591,1.0465
2025-02-27T06:00:00+00:00,1.04651,1.04853,1.04641,1.04842
2025-02-27T10:00:00+00:00,1.04842,1.04898,1.04193,1.04235
2025-02-27T14:00:00+00:00,1.04235,1.04417,1.04004,1.04073
2025-02-27T18:00:00+00:00,1.04075,1.04178,1.0397,1.03982
2025-02-27T22:00:00+00:00,1.03981,1.04044,1.03846,1.03851
2025-02-28T02:00:00+00:00,1.0385,1.03917,1.03804,1.03889
2025-02-28T06:00:00+00:00,1.03887,1.0408,1.03828,1.03954
2025-02-28T10:00:00+00:00,1.03953,1.04163,1.03924,1.04069
2025-02-28T14:00:00+00:00,1.04073,1.04201,1.039,1.03965
2025-02-28T18:00:00+00:00,1.03964,1.03982,1.03599,1.03765
2025-03-02T22:00:00+00:00,1.04032,1.04231,1.03997,1.04198
2025-03-03T02:00:00+00:00,1.04198,1.04234,1.04101,1.04144
2025-03-03T06:00:00+00:00,1.04144,1.0429,1.03885,1.04271
2025-03-03T10:00:00+00:00,1.04427,1.04765,1.04344,1.04719
2025-03-03T14:00:00+00:00,1.0472,1.05038,1.04689,1.04905
2025-03-03T18:00:00+00:00,1.04906,1.05035,1.04666,1.04874
2025-03-03T22:00:00+00:00,1.04872,1.04961,1.04766,1.04884
2025-03-04T02:00:00+00:00,1.04885,1.04902,1.04712,1.04835
2025-03-04T06:00:00+00:00,1.04836,1.05273,1.04791,1.0512
2025-03-04T10:00:00+00:00,1.0512,1.05598,1.05027,1.05391
2025-03-04T14:00:00+00:00,1.0539,1.05484,1.04964,1.05418
2025-03-04T18:00:00+00:00,1.05417,1.06276,1.05378,1.0626
2025-03-04T22:00:00+00:00,1.06263,1.06371,1.06087,1.06128
2025-03-05T02:00:00+00:00,1.06129,1.06325,1.0602,1.06315
2025-03-05T06:00:00+00:00,1.06316,1.07222,1.06244,1.07118
2025-03-05T10:00:00+00:00,1.07119,1.07227,1.06765,1.07159
2025-03-05T14:00:00+00:00,1.07158,1.07879,1.07139,1.07852
2025-03-05T18:00:00+00:00,1.07853,1.07967,1.07639,1.07884
2025-03-05T22:00:00+00:00,1.07888,1.08202,1.07873,1.08154
2025-03-06T02:00:00+00:00,1.08153,1.08194,1.07843,1.08104
2025-03-06T06:00:00+00:00,1.08105,1.08223,1.07805,1.07999
2025-03-06T10:00:00+00:00,1.07998,1.08453,1.07829,1.08261
2025-03-06T14:00:00+00:00,1.08262,1.08537,1.07916,1.07971
2025-03-06T18:00:00+00:00,1.07969,1.08115,1.07658,1.07846
2025-03-06T22:00:00+00:00,1.07847,1.07964,1.07803,1.07902
2025-03-07T02:00:00+00:00,1.07903,1.08176,1.07848,1.08134
2025-03-07T06:00:00+00:00,1.08134,1.08716,1.08081,1.08614
2025-03-07T10:00:00+00:00,1.08615,1.08888,1.08412,1.08451
2025-03-07T14:00:00+00:00,1.08446,1.08867,1.08319,1.08433
2025-03-07T18:00:00+00:00,1.08431,1.08515,1.08258,1.08324
2025-03-09T21:00:00+00:00,1.08354,1.08674,1.08303,1.08643
2025-03-10T01:00:00+00:00,1.08642,1.08714,1.08303,1.08308
2025-03-10T05:00:00+00:00,1.08304,1.08449,1.08053,1.08101
2025-03-10T09:00:00+00:00,1.081,1.08747,1.08088,1.08441
2025-03-10T13:00:00+00:00,1.08441,1.08509,1.08208,1.08304
2025-03-10T17:00:00+00:00,1.08303,1.08459,1.08177,1.08345
2025-03-10T21:00:00+00:00,1.08345,1.08535,1.08311,1.08516
2025-03-11T01:00:00+00:00,1.08517,1.08616,1.08438,1.08544
2025-03-11T05:00:00+00:00,1.08544,1.09192,1.08357,1.09172
2025-03-11T09:00:00+00:00,1.0917,1.0921,1.08813,1.09181
2025-03-11T13:00:00+00:00,1.0918,1.09308,1.08952,1.09252
2025-03-11T17:00:00+00:00,1.09252,1.09474,1.09101,1.09187
2025-03-11T21:00:00+00:00,1.09186,1.0923,1.09057,1.0909
2025-03-12T01:00:00+00:00,1.09091,1.09154,1.0896,1.08989
2025-03-12T05:00:00+00:00,1.0899,1.09218,1.08874,1.09214
2025-03-12T09:00:00+00:00,1.09215,1.0932,1.08763,1.08781
2025-03-12T13:00:00+00:00,1.08782,1.09279,1.08757,1.09058
2025-03-12T17:00:00+00:00,1.09057,1.09143,1.08798,1.0888
2025-03-12T21:00:00+00:00,1.08879,1.08919,1.08826,1.08917
2025-03-13T01:00:00+00:00,1.08916,1.08973,1.08818,1.08935
2025-03-13T05:00:00+00:00,1.08935,1.08935,1.08593,1.08733
2025-03-13T09:00:00+00:00,1.08732,1.08854,1.08262,1.08347
2025-03-13T13:00:00+00:00,1.08349,1.08784,1.08225,1.08726
2025-03-13T17:00:00+00:00,1.08727,1.08736,1.08465,1.08522
2025-03-13T21:00:00+00:00,1.08529,1.08586,1.08475,1.08492
2025-03-14T01:00:00+00:00,1.08492,1.08494,1.08343,1.08411
2025-03-14T05:00:00+00:00,1.08411,1.08569,1.08307,1.08539
2025-03-14T09:00:00+00:00,1.08539,1.09127,1.08471,1.08947
2025-03-14T13:00:00+00:00,1.08949,1.08981,1.08655,1.08832
2025-03-14T17:00:00+00:00,1.08831,1.08881,1.08735,1.08787
2025-03-16T21:00:00+00:00,1.08803,1.08854,1.08748,1.08796
2025-03-17T01:00:00+00:00,1.08797,1.0894,1.08743,1.08821
2025-03-17T05:00:00+00:00,1.08822,1.0887,1.08687,1.08837
2025-03-17T09:00:00+00:00,1.0884,1.0912,1.08771,1.09018
2025-03-17T13:00:00+00:00,1.09019,1.09299,1.08971,1.09213
2025-03-17T17:00:00+00:00,1.09213,1.09279,1.09117,1.09225
2025-03-17T21:00:00+00:00,1.09224,1.09239,1.0915,1.09161
2025-03-18T01:00:00+00:00,1.0916,1.09191,1.09064,1.0911
2025-03-18T05:00:00+00:00,1.09109,1.09547,1.09035,1.09515
2025-03-18T09:00:00+00:00,1.09517,1.09533,1.08927,1.09116
2025-03-18T13:00:00+00:00,1.09117,1.094,1.08967,1.09387
2025-03-18T17:00:00+00:00,1.09388,1.09519,1.09387,1.09455
2025-03-18T21:00:00+00:00,1.09448,1.09476,1.09319,1.09348
2025-03-19T01:00:00+00:00,1.09348,1.09451,1.09281,1.093
2025-03-19T05:00:00+00:00,1.09299,1.09362,1.08733,1.09074
2025-03-19T09:00:00+00:00,1.09072,1.09177,1.08915,1.09012
2025-03-19T13:00:00+00:00,1.09015,1.09038,1.08754,1.08852
2025-03-19T17:00:00+00:00,1.08851,1.09133,1.08605,1.09028
2025-03-19T21:00:00+00:00,1.09028,1.09166,1.09018,1.09124
2025-03-20T01:00:00+00:00,1.09123,1.09174,1.09005,1.09033
2025-03-20T05:00:00+00:00,1.09034,1.09034,1.08631,1.08655
2025-03-20T09:00:00+00:00,1.08654,1.08686,1.0831,1.08339
2025-03-20T13:00:00+00:00,1.08337,1.08523,1.08147,1.08488
2025-03-20T17:00:00+00:00,1.08486,1.08592,1.08391,1.08525
2025-03-20T21:00:00+00:00,1.08519,1.0863,1.08472,1.08532
2025-03-21T01:00:00+00:00,1.08532,1.08557,1.08276,1.08303
2025-03-21T05:00:00+00:00,1.08301,1.08456,1.082,1.08361
2025-03-21T09:00:00+00:00,1.0836,1.08613,1.08248,1.08323
2025-03-21T13:00:00+00:00,1.08322,1.0836,1.07971,1.08183
2025-03-21T17:00:00+00:00,1.08182,1.08269,1.08052,1.0815
2025-03-23T21:00:00+00:00,1.08149,1.084,1.08123,1.08373
2025-03-24T01:00:00+00:00,1.08373,1.08376,1.08171,1.08229
2025-03-24T05:00:00+00:00,1.08228,1.08582,1.08183,1.08431
2025-03-24T09:00:00+00:00,1.08435,1.08549,1.08217,1.08298
2025-03-24T13:00:00+00:00,1.08298,1.08306,1.07815,1.07919
2025-03-24T17:00:00+00:00,1.0792,1.08133,1.07841,1.08009
2025-03-24T21:00:00+00:00,1.08012,1.08037,1.07951,1.08004
2025-03-25T01:00:00+00:00,1.08002,1.0809,1.07943,1.08035
2025-03-25T05:00:00+00:00,1.08034,1.08072,1.07769,1.07905
2025-03-25T09:00:00+00:00,1.07905,1.08302,1.07876,1.08252
2025-03-25T13:00:00+00:00,1.08251,1.08278,1.07973,1.08066
2025-03-25T17:00:00+00:00,1.08067,1.08169,1.07899,1.07914
2025-03-25T21:00:00+00:00,1.07915,1.07945,1.07837,1.07844
2025-03-26T01:00:00+00:00,1.07843,1.07972,1.0778,1.07843
2025-03-26T05:00:00+00:00,1.07842,1.07998,1.07779,1.07994
2025-03-26T09:00:00+00:00,1.07992,1.08027,1.07819,1.07844
2025-03-26T13:00:00+00:00,1.07844,1.07954,1.07675,1.07877
2025-03-26T17:00:00+00:00,1.07878,1.07894,1.0744,1.0754
2025-03-26T21:00:00+00:00,1.07539,1.07577,1.07333,1.07556
2025-03-27T01:00:00+00:00,1.07557,1.07871,1.07552,1.07805
2025-03-27T05:00:00+00:00,1.07804,1.07827,1.07543,1.0776
2025-03-27T09:00:00+00:00,1.07759,1.07997,1.07612,1.07871
2025-03-27T13:00:00+00:00,1.07871,1.08212,1.07764,1.0799
2025-03-27T17:00:00+00:00,1.07991,1.08088,1.07883,1.08012
2025-03-27T21:00:00+00:00,1.08012,1.08027,1.07882,1.07951
2025-03-28T01:00:00+00:00,1.0795,1.07989,1.07845,1.07886
2025-03-28T05:00:00+00:00,1.07886,1.08,1.07753,1.07783
2025-03-28T09:00:00+00:00,1.07784,1.0792,1.07646,1.0789
2025-03-28T13:00:00+00:00,1.07888,1.08449,1.07848,1.08217
2025-03-28T17:00:00+00:00,1.08218,1.08362,1.08121,1.08264
2025-03-30T22:00:00+01:00,1.08265,1.08417,1.08054,1.08417
2025-03-31T02:00:00+01:00,1.08416,1.0846,1.08291,1.08343
2025-03-31T06:00:00+01:00,1.08343,1.08494,1.08117,1.08275
2025-03-31T10:00:00+01:00,1.08275,1.08305,1.0801,1.08038
2025-03-31T14:00:00+01:00,1.08038,1.08214,1.0784,1.08119
2025-03-31T18:00:00+01:00,1.08119,1.082,1.08072,1.08167
2025-03-31T22:00:00+01:00,1.0816,1.08267,1.08141,1.08255
2025-04-01T02:00:00+01:00,1.08254,1.083,1.0817,1.08251
2025-04-01T06:00:00+01:00,1.08251,1.08252,1.07989,1.0818
2025-04-01T10:00:00+01:00,1.08179,1.08293,1.07784,1.07872
2025-04-01T14:00:00+01:00,1.07872,1.08126,1.07794,1.07997
2025-04-01T18:00:00+01:00,1.07999,1.08047,1.07853,1.07935
2025-04-01T22:00:00+01:00,1.07929,1.08083,1.07879,1.07905
2025-04-02T02:00:00+01:00,1.07905,1.0802,1.07872,1.07928
2025-04-02T06:00:00+01:00,1.07927,1.08019,1.07802,1.07977
2025-04-02T10:00:00+01:00,1.07976,1.08197,1.07859,1.08191
2025-04-02T14:00:00+01:00,1.08192,1.08731,1.08149,1.08522
2025-04-02T18:00:00+01:00,1.0852,1.09247,1.08108,1.08535
2025-04-02T22:00:00+01:00,1.08417,1.0911,1.0805,1.08908
2025-04-03T02:00:00+01:00,1.08909,1.09247,1.08866,1.09069
2025-04-03T06:00:00+01:00,1.09068,1.10204,1.09065,1.10093
2025-04-03T10:00:00+01:00,1.10096,1.11464,1.10038,1.1082
2025-04-03T14:00:00+01:00,1.1082,1.11353,1.10329,1.10387
2025-04-03T18:00:00+01:00,1.10386,1.1053,1.10159,1.1052
2025-04-03T22:00:00+01:00,1.1052,1.10717,1.10366,1.10607
2025-04-04T02:00:00+01:00,1.10603,1.10987,1.10573,1.10874
2025-04-04T06:00:00+01:00,1.10874,1.11078,1.09754,1.09963
2025-04-04T10:00:00+01:00,1.09964,1.10901,1.09645,1.10197
2025-04-04T14:00:00+01:00,1.10198,1.10481,1.09601,1.09714
2025-04-04T18:00:00+01:00,1.09716,1.09769,1.09244,1.09596
2025-04-06T22:00:00+01:00,1.08938,1.10009,1.08806,1.09669
2025-04-07T02:00:00+01:00,1.09669,1.09876,1.092,1.09849
2025-04-07T06:00:00+01:00,1.09849,1.10501,1.09678,1.09922
2025-04-07T10:00:00+01:00,1.09921,1.09966,1.09352,1.09737
2025-04-07T14:00:00+01:00,1.0974,1.09829,1.09011,1.09322
2025-04-07T18:00:00+01:00,1.09323,1.09527,1.09018,1.09061
2025-04-07T22:00:00+01:00,1.09062,1.09503,1.09047,1.094
2025-04-08T02:00:00+01:00,1.09399,1.09804,1.09379,1.09761
2025-04-08T06:00:00+01:00,1.09759,1.0992,1.09214,1.09367
2025-04-08T10:00:00+01:00,1.09366,1.09686,1.09112,1.09485
2025-04-08T14:00:00+01:00,1.09484,1.09559,1.08886,1.09298
2025-04-08T18:00:00+01:00,1.09296,1.09781,1.09262,1.09574
2025-04-08T22:00:00+01:00,1.09545,1.10169,1.09503,1.10149
2025-04-09T02:00:00+01:00,1.10149,1.10691,1.10096,1.10685
2025-04-09T06:00:00+01:00,1.10685,1.10899,1.0998,1.10275
2025-04-09T10:00:00+01:00,1.10276,1.1095,1.10093,1.10756
2025-04-09T14:00:00+01:00,1.10757,1.10819,1.10136,1.10203
2025-04-09T18:00:00+01:00,1.10203,1.10637,1.09135,1.09486
2025-04-09T22:00:00+01:00,1.09496,1.09867,1.09431,1.09864
2025-04-10T02:00:00+01:00,1.09864,1.09893,1.09614,1.09828
2025-04-10T06:00:00+01:00,1.09828,1.1048,1.09627,1.10376
2025-04-10T10:00:00+01:00,1.10377,1.11316,1.10337,1.10973
2025-04-10T14:00:00+01:00,1.10973,1.1229,1.1091,1.11969
2025-04-10T18:00:00+01:00,1.11969,1.12416,1.11588,1.1201
2025-04-10T22:00:00+01:00,1.12013,1.13854,1.11905,1.13104
2025-04-11T02:00:00+01:00,1.13104,1.13545,1.12763,1.13226
2025-04-11T06:00:00+01:00,1.13224,1.14739,1.12468,1.14274
2025-04-11T10:00:00+01:00,1.14274,1.14274,1.13203,1.13956
2025-04-11T14:00:00+01:00,1.13955,1.14123,1.12767,1.13061
2025-04-11T18:00:00+01:00,1.1306,1.13644,1.12823,1.13595
2025-04-13T22:00:00+01:00,1.13164,1.13708,1.13153,1.13655
2025-04-14T02:00:00+01:00,1.13657,1.1409,1.13578,1.13678
2025-04-14T06:00:00+01:00,1.13681,1.14247,1.1353,1.13877
2025-04-14T10:00:00+01:00,1.13877,1.1408,1.13346,1.1339
2025-04-14T14:00:00+01:00,1.1339,1.13819,1.12959,1.13307
2025-04-14T18:00:00+01:00,1.13308,1.13698,1.13285,1.13502
2025-04-14T22:00:00+01:00,1.13504,1.13615,1.13173,1.13288
2025-04-15T02:00:00+01:00,1.13288,1.13633,1.13159,1.13569
2025-04-15T06:00:00+01:00,1.13568,1.13792,1.13207,1.1347
2025-04-15T10:00:00+01:00,1.13466,1.1356,1.13089,1.1313
2025-04-15T14:00:00+01:00,1.13127,1.13296,1.12642,1.12745
2025-04-15T18:00:00+01:00,1.12744,1.12898,1.12664,1.12822
2025-04-15T22:00:00+01:00,1.12822,1.13218,1.1281,1.13171
2025-04-16T02:00:00+01:00,1.13172,1.1348,1.13165,1.13462
2025-04-16T06:00:00+01:00,1.13461,1.13923,1.13383,1.13697
2025-04-16T10:00:00+01:00,1.13698,1.13778,1.13406,1.13516
2025-04-16T14:00:00+01:00,1.13517,1.1387,1.13498,1.13752
2025-04-16T18:00:00+01:00,1.13748,1.1413,1.13593,1.13991
2025-04-16T22:00:00+01:00,1.13988,1.14094,1.13651,1.13682
2025-04-17T02:00:00+01:00,1.13679,1.13819,1.13555,1.13623
2025-04-17T06:00:00+01:00,1.13623,1.13886,1.13435,1.13787
2025-04-17T10:00:00+01:00,1.13786,1.13809,1.13354,1.13565
2025-04-17T14:00:00+01:00,1.13567,1.13857,1.13386,1.13508
2025-04-17T18:00:00+01:00,1.13508,1.13767,1.1341,1.13645
2025-04-17T22:00:00+01:00,1.13667,1.13862,1.13614,1.13749
2025-04-18T02:00:00+01:00,1.13748,1.13787,1.13681,1.13695
2025-04-18T06:00:00+01:00,1.13695,1.1377,1.13589,1.13711
2025-04-18T10:00:00+01:00,1.13712,1.13868,1.13679,1.13828
2025-04-18T14:00:00+01:00,1.13828,1.13977,1.13776,1.13945
2025-04-18T18:00:00+01:00,1.13945,1.13971,1.13906,1.13935
2025-04-20T22:00:00+01:00,1.13974,1.14863,1.13941,1.14663
2025-04-21T02:00:00+01:00,1.14664,1.1532,1.14651,1.15176
2025-04-21T06:00:00+01:00,1.15171,1.15673,1.15047,1.15583
2025-04-21T10:00:00+01:00,1.15582,1.15733,1.15132,1.15427
2025-04-21T14:00:00+01:00,1.15423,1.1543,1.14818,1.15095
2025-04-21T18:00:00+01:00,1.15095,1.15271,1.14936,1.15149
2025-04-21T22:00:00+01:00,1.1515,1.15253,1.14821,1.14906
2025-04-22T02:00:00+01:00,1.14907,1.15409,1.14858,1.15303
2025-04-22T06:00:00+01:00,1.15302,1.15474,1.14833,1.14999
2025-04-22T10:00:00+01:00,1.15,1.15078,1.14616,1.14704
2025-04-22T14:00:00+01:00,1.14704,1.14922,1.14332,1.14341
2025-04-22T18:00:00+01:00,1.14341,1.14542,1.14176,1.14212
2025-04-22T22:00:00+01:00,1.1422,1.14291,1.13079,1.13975
2025-04-23T02:00:00+01:00,1.13977,1.14155,1.13708,1.13902
2025-04-23T06:00:00+01:00,1.13902,1.14154,1.13712,1.14131
2025-04-23T10:00:00+01:00,1.14129,1.144,1.13862,1.14055
2025-04-23T14:00:00+01:00,1.14054,1.14125,1.13281,1.134
2025-04-23T18:00:00+01:00,1.13399,1.13441,1.13105,1.13155
2025-04-23T22:00:00+01:00,1.13154,1.13473,1.13143,1.13438
2025-04-24T02:00:00+01:00,1.13436,1.13577,1.13324,1.13393
2025-04-24T06:00:00+01:00,1.13394,1.13931,1.13308,1.13807
2025-04-24T10:00:00+01:00,1.13804,1.13948,1.13579,1.13766
2025-04-24T14:00:00+01:00,1.13768,1.13876,1.13477,1.138
2025-04-24T18:00:00+01:00,1.138,1.13979,1.1364,1.13887
2025-04-24T22:00:00+01:00,1.1389,1.13951,1.13469,1.13473
2025-04-25T02:00:00+01:00,1.13474,1.13597,1.13157,1.13351
2025-04-25T06:00:00+01:00,1.1335,1.13683,1.13217,1.13505
2025-04-25T10:00:00+01:00,1.13505,1.13667,1.13343,1.13523
2025-04-25T14:00:00+01:00,1.13526,1.13888,1.1333,1.13688
2025-04-25T18:00:00+01:00,1.13687,1.13827,1.13572,1.13651
2025-04-27T22:00:00+01:00,1.13669,1.13678,1.134,1.13639
2025-04-28T02:00:00+01:00,1.13638,1.13728,1.13434,1.13723
2025-04-28T06:00:00+01:00,1.13724,1.13809,1.13295,1.13439
2025-04-28T10:00:00+01:00,1.13437,1.13729,1.1341,1.13511
2025-04-28T14:00:00+01:00,1.13514,1.14223,1.13396,1.14116
2025-04-28T18:00:00+01:00,1.14118,1.1425,1.14004,1.14203
2025-04-28T22:00:00+01:00,1.14213,1.14237,1.13994,1.13999
2025-04-29T02:00:00+01:00,1.13999,1.14203,1.1374,1.13782
2025-04-29T06:00:00+01:00,1.13783,1.14123,1.1376,1.13855
2025-04-29T10:00:00+01:00,1.13853,1.14146,1.13701,1.14107
2025-04-29T14:00:00+01:00,1.14105,1.14189,1.13789,1.14033
2025-04-29T18:00:00+01:00,1.14034,1.14047,1.1376,1.13858
2025-04-29T22:00:00+01:00,1.13857,1.13959,1.13769,1.13826
2025-04-30T02:00:00+01:00,1.13827,1.13865,1.1355,1.13733
2025-04-30T06:00:00+01:00,1.13731,1.13996,1.13625,1.13713
2025-04-30T10:00:00+01:00,1.13714,1.13887,1.13561,1.13735
2025-04-30T14:00:00+01:00,1.13736,1.13794,1.13234,1.13555
2025-04-30T18:00:00+01:00,1.13556,1.13648,1.13172,1.13285
2025-04-30T22:00:00+01:00,1.13285,1.13333,1.1319,1.13219
2025-05-01T02:00:00+01:00,1.13218,1.13224,1.12999,1.13028
2025-05-01T06:00:00+01:00,1.13028,1.13311,1.12877,1.13198
2025-05-01T10:00:00+01:00,1.13197,1.13411,1.13081,1.13152
2025-05-01T14:00:00+01:00,1.13152,1.13278,1.12659,1.12907
2025-05-01T18:00:00+01:00,1.12908,1.1294,1.12751,1.12902
2025-05-01T22:00:00+01:00,1.12908,1.12994,1.12743,1.12823
2025-05-02T02:00:00+01:00,1.12823,1.13156,1.12786,1.13043
2025-05-02T06:00:00+01:00,1.13043,1.1338,1.13024,1.13325
2025-05-02T10:00:00+01:00,1.13325,1.13552,1.13047,1.13188
2025-05-02T14:00:00+01:00,1.13187,1.1381,1.13148,1.132
2025-05-02T18:00:00+01:00,1.13199,1.13203,1.12925,1.1298
2025-05-04T22:00:00+01:00,1.13046,1.13279,1.12945,1.13225
2025-05-05T02:00:00+01:00,1.13224,1.13469,1.13224,1.13374
2025-05-05T06:00:00+01:00,1.13375,1.13475,1.13115,1.1326
2025-05-05T10:00:00+01:00,1.13264,1.13633,1.13263,1.13599
2025-05-05T14:00:00+01:00,1.136,1.13649,1.12993,1.13023
2025-05-05T18:00:00+01:00,1.13022,1.13211,1.12972,1.13139
2025-05-05T22:00:00+01:00,1.13144,1.13199,1.1281,1.12862
2025-05-06T02:00:00+01:00,1.12862,1.13275,1.12799,1.13245
2025-05-06T06:00:00+01:00,1.13242,1.13497,1.13136,1.13274
2025-05-06T10:00:00+01:00,1.13273,1.13438,1.13054,1.13406
2025-05-06T14:00:00+01:00,1.13405,1.13697,1.13264,1.13489
2025-05-06T18:00:00+01:00,1.1349,1.13811,1.1349,1.13693
2025-05-06T22:00:00+01:00,1.13695,1.13758,1.13252,1.13411
2025-05-07T02:00:00+01:00,1.13409,1.13518,1.13265,1.13438
2025-05-07T06:00:00+01:00,1.13437,1.13781,1.1343,1.13583
2025-05-07T10:00:00+01:00,1.13582,1.13729,1.13472,1.13592
2025-05-07T14:00:00+01:00,1.13592,1.1371,1.13371,1.13489
2025-05-07T18:00:00+01:00,1.13491,1.13653,1.12919,1.13016
2025-05-07T22:00:00+01:00,1.13016,1.13226,1.13001,1.13102
2025-05-08T02:00:00+01:00,1.13103,1.13365,1.13081,1.13182
2025-05-08T06:00:00+01:00,1.1318,1.13185,1.12704,1.12879
2025-05-08T10:00:00+01:00,1.12879,1.13204,1.12753,1.12997
2025-05-08T14:00:00+01:00,1.12999,1.13165,1.12206,1.12262
2025-05-08T18:00:00+01:00,1.12261,1.12308,1.12121,1.12271
2025-05-08T22:00:00+01:00,1.12271,1.12335,1.12132,1.12269
2025-05-09T02:00:00+01:00,1.12269,1.12299,1.11967,1.12279
2025-05-09T06:00:00+01:00,1.12278,1.12593,1.12183,1.12566
2025-05-09T10:00:00+01:00,1.12565,1.12608,1.12424,1.1254
2025-05-09T14:00:00+01:00,1.1254,1.1293,1.12533,1.12587
2025-05-09T18:00:00+01:00,1.12584,1.12664,1.12466,1.12491
2025-05-11T22:00:00+01:00,1.11932,1.12392,1.11927,1.12387
2025-05-12T02:00:00+01:00,1.12386,1.1243,1.12226,1.12274
2025-05-12T06:00:00+01:00,1.12276,1.12359,1.10825,1.11377
2025-05-12T10:00:00+01:00,1.11376,1.1142,1.1072,1.11135
2025-05-12T14:00:00+01:00,1.11136,1.11347,1.10837,1.10847
2025-05-12T18:00:00+01:00,1.10848,1.10968,1.10655,1.10872
2025-05-12T22:00:00+01:00,1.10872,1.11067,1.10859,1.11045
2025-05-13T02:00:00+01:00,1.11045,1.11173,1.10991,1.11169
2025-05-13T06:00:00+01:00,1.11169,1.11245,1.11016,1.1112
2025-05-13T10:00:00+01:00,1.1112,1.11312,1.10972,1.11306
2025-05-13T14:00:00+01:00,1.11308,1.11829,1.11275,1.1176
2025-05-13T18:00:00+01:00,1.11761,1.11949,1.11677,1.11855
2025-05-13T22:00:00+01:00,1.11859,1.11974,1.11824,1.11924
2025-05-14T02:00:00+01:00,1.11923,1.12008,1.11831,1.11889
2025-05-14T06:00:00+01:00,1.11888,1.12522,1.11802,1.12387
2025-05-14T10:00:00+01:00,1.12391,1.12658,1.12096,1.12252
2025-05-14T14:00:00+01:00,1.12254,1.1235,1.11759,1.11892
2025-05-14T18:00:00+01:00,1.1189,1.1197,1.11646,1.1174
2025-05-14T22:00:00+01:00,1.11739,1.11945,1.11707,1.11915
2025-05-15T02:00:00+01:00,1.11916,1.12014,1.11888,1.1193
2025-05-15T06:00:00+01:00,1.11929,1.12282,1.11855,1.12101
2025-05-15T10:00:00+01:00,1.12101,1.1214,1.11794,1.12099
2025-05-15T14:00:00+01:00,1.12102,1.12239,1.11726,1.11808
2025-05-15T18:00:00+01:00,1.11808,1.11891,1.11703,1.11872
2025-05-15T22:00:00+01:00,1.11877,1.12084,1.11817,1.12049
2025-05-16T02:00:00+01:00,1.12051,1.12087,1.11963,1.12034
2025-05-16T06:00:00+01:00,1.12033,1.12197,1.11972,1.1199
2025-05-16T10:00:00+01:00,1.1199,1.1209,1.11881,1.11973
2025-05-16T14:00:00+01:00,1.11972,1.1206,1.11311,1.1145
2025-05-16T18:00:00+01:00,1.1145,1.11669,1.11396,1.11647
2025-05-18T22:00:00+01:00,1.11793,1.11988,1.11728,1.11974
2025-05-19T02:00:00+01:00,1.11973,1.1199,1.11725,1.11839
2025-05-19T06:00:00+01:00,1.1184,1.12594,1.11763,1.12574
2025-05-19T10:00:00+01:00,1.12574,1.12882,1.12551,1.1257
2025-05-19T14:00:00+01:00,1.12569,1.12651,1.12295,1.12352
2025-05-19T18:00:00+01:00,1.12352,1.12448,1.12242,1.12415
2025-05-19T22:00:00+01:00,1.12398,1.12447,1.12181,1.12279
2025-05-20T02:00:00+01:00,1.12279,1.12514,1.12262,1.12424
2025-05-20T06:00:00+01:00,1.12421,1.12779,1.12419,1.12584
2025-05-20T10:00:00+01:00,1.12584,1.12672,1.12237,1.12344
2025-05-20T14:00:00+01:00,1.12343,1.12699,1.12248,1.12567
2025-05-20T18:00:00+01:00,1.12567,1.1286,1.12549,1.1283
2025-05-20T22:00:00+01:00,1.12833,1.13014,1.12804,1.12954
2025-05-21T02:00:00+01:00,1.12956,1.13401,1.12868,1.1329
2025-05-21T06:00:00+01:00,1.13291,1.13532,1.13123,1.13227
2025-05-21T10:00:00+01:00,1.13228,1.13621,1.13148,1.13346
2025-05-21T14:00:00+01:00,1.13347,1.13545,1.13236,1.13405
2025-05-21T18:00:00+01:00,1.13404,1.1363,1.13157,1.13307
2025-05-21T22:00:00+01:00,1.13299,1.13436,1.13111,1.13274
2025-05-22T02:00:00+01:00,1.13272,1.13449,1.13174,1.13333
2025-05-22T06:00:00+01:00,1.13333,1.1342,1.12957,1.13021
2025-05-22T10:00:00+01:00,1.1302,1.1315,1.12849,1.12951
2025-05-22T14:00:00+01:00,1.12954,1.13091,1.12658,1.12694
2025-05-22T18:00:00+01:00,1.12696,1.12858,1.1256,1.12806
2025-05-22T22:00:00+01:00,1.12805,1.13003,1.12788,1.1297
2025-05-23T02:00:00+01:00,1.12972,1.1321,1.12953,1.1318
2025-05-23T06:00:00+01:00,1.13179,1.13448,1.13082,1.1342
2025-05-23T10:00:00+01:00,1.1342,1.13756,1.12975,1.13335
2025-05-23T14:00:00+01:00,1.13336,1.13598,1.13109,1.13584
2025-05-23T18:00:00+01:00,1.13583,1.13694,1.13518,1.13636
2025-05-25T22:00:00+01:00,1.13655,1.13979,1.13614,1.1397
2025-05-26T02:00:00+01:00,1.1397,1.14188,1.13881,1.14094
2025-05-26T06:00:00+01:00,1.14095,1.14185,1.13829,1.13846
2025-05-26T10:00:00+01:00,1.13847,1.1387,1.13689,1.13753
2025-05-26T14:00:00+01:00,1.13752,1.13856,1.13733,1.13834
2025-05-26T18:00:00+01:00,1.13834,1.13887,1.13786,1.13865
2025-05-26T22:00:00+01:00,1.13874,1.14032,1.13817,1.14002
2025-05-27T02:00:00+01:00,1.14002,1.14073,1.13778,1.13786
2025-05-27T06:00:00+01:00,1.13786,1.13929,1.13371,1.13487
2025-05-27T10:00:00+01:00,1.13486,1.13679,1.13407,1.13668
2025-05-27T14:00:00+01:00,1.13667,1.13755,1.13232,1.13318
2025-05-27T18:00:00+01:00,1.13317,1.13389,1.13265,1.13304
2025-05-27T22:00:00+01:00,1.13279,1.13455,1.13262,1.13346
2025-05-28T02:00:00+01:00,1.13345,1.1339,1.13006,1.13062
2025-05-28T06:00:00+01:00,1.1306,1.13345,1.12956,1.13322
2025-05-28T10:00:00+01:00,1.13322,1.13408,1.13075,1.1311
2025-05-28T14:00:00+01:00,1.13111,1.13247,1.1284,1.12941
2025-05-28T18:00:00+01:00,1.12942,1.13009,1.12844,1.12931
2025-05-28T22:00:00+01:00,1.12933,1.12974,1.12106,1.12348
2025-05-29T02:00:00+01:00,1.12348,1.12572,1.12237,1.12478
2025-05-29T06:00:00+01:00,1.12479,1.12828,1.1231,1.1272
2025-05-29T10:00:00+01:00,1.12721,1.135,1.12681,1.13496
2025-05-29T14:00:00+01:00,1.13497,1.13799,1.13393,1.13714
2025-05-29T18:00:00+01:00,1.13715,1.13845,1.13609,1.13675
2025-05-29T22:00:00+01:00,1.13674,1.13849,1.13646,1.13725
2025-05-30T02:00:00+01:00,1.13726,1.13899,1.13456,1.1346
2025-05-30T06:00:00+01:00,1.13461,1.13547,1.13234,1.13241
2025-05-30T10:00:00+01:00,1.1324,1.13586,1.13233,1.13462
2025-05-30T14:00:00+01:00,1.13464,1.13586,1.13125,1.13505
2025-05-30T18:00:00+01:00,1.13506,1.13672,1.13451,1.13478
2025-06-01T22:00:00+01:00,1.13483,1.13748,1.13462,1.13687
2025-06-02T02:00:00+01:00,1.13686,1.13823,1.13544,1.13655
2025-06-02T06:00:00+01:00,1.13657,1.14369,1.13638,1.14202
2025-06-02T10:00:00+01:00,1.14203,1.1437,1.14093,1.14184
2025-06-02T14:00:00+01:00,1.14184,1.145,1.14044,1.14187
2025-06-02T18:00:00+01:00,1.14186,1.14465,1.14161,1.14438
2025-06-02T22:00:00+01:00,1.1442,1.14548,1.14372,1.14435
2025-06-03T02:00:00+01:00,1.14432,1.14435,1.14161,1.14253
2025-06-03T06:00:00+01:00,1.14254,1.14324,1.14055,1.14118
2025-06-03T10:00:00+01:00,1.14117,1.14181,1.13773,1.1382
2025-06-03T14:00:00+01:00,1.1382,1.13951,1.13641,1.13735
2025-06-03T18:00:00+01:00,1.13736,1.13819,1.13678,1.13718
2025-06-03T22:00:00+01:00,1.13715,1.13892,1.13708,1.13828
2025-06-04T02:00:00+01:00,1.13828,1.13933,1.13648,1.13667
2025-06-04T06:00:00+01:00,1.13669,1.1404,1.13572,1.13997
2025-06-04T10:00:00+01:00,1.13996,1.14112,1.13749,1.14093
2025-06-04T14:00:00+01:00,1.14094,1.14346,1.1393,1.1433
2025-06-04T18:00:00+01:00,1.14332,1.14336,1.14102,1.1416
2025-06-04T22:00:00+01:00,1.14178,1.14295,1.14146,1.14291
2025-06-05T02:00:00+01:00,1.14292,1.1435,1.14079,1.14105
2025-06-05T06:00:00+01:00,1.14106,1.14253,1.14047,1.14129
2025-06-05T10:00:00+01:00,1.14129,1.14487,1.14096,1.14296
2025-06-05T14:00:00+01:00,1.14295,1.1495,1.14184,1.1448
2025-06-05T18:00:00+01:00,1.14479,1.14484,1.14313,1.1445
2025-06-05T22:00:00+01:00,1.14446,1.14574,1.14431,1.14504
2025-06-06T02:00:00+01:00,1.14502,1.14525,1.14331,1.14398
2025-06-06T06:00:00+01:00,1.14399,1.14425,1.14117,1.14148
2025-06-06T10:00:00+01:00,1.14146,1.14316,1.13859,1.13969
2025-06-06T14:00:00+01:00,1.13968,1.14165,1.13717,1.13872
2025-06-06T18:00:00+01:00,1.13873,1.1402,1.13847,1.13956
2025-06-08T22:00:00+01:00,1.13986,1.14115,1.13913,1.1394
2025-06-09T02:00:00+01:00,1.13942,1.14255,1.13941,1.14184
2025-06-09T06:00:00+01:00,1.14184,1.1436,1.14121,1.14284
2025-06-09T10:00:00+01:00,1.14285,1.14393,1.13945,1.14004
2025-06-09T14:00:00+01:00,1.14004,1.14256,1.13867,1.14245
2025-06-09T18:00:00+01:00,1.14248,1.1431,1.14186,1.14207
2025-06-09T22:00:00+01:00,1.14207,1.14357,1.14192,1.14244
2025-06-10T02:00:00+01:00,1.14245,1.14282,1.13862,1.13997
2025-06-10T06:00:00+01:00,1.13997,1.14147,1.1373,1.14082
2025-06-10T10:00:00+01:00,1.14082,1.14406,1.14036,1.14322
2025-06-10T14:00:00+01:00,1.1432,1.14478,1.14157,1.14236
2025-06-10T18:00:00+01:00,1.14236,1.14366,1.14166,1.14245
2025-06-10T22:00:00+01:00,1.14234,1.14394,1.14204,1.1421
2025-06-11T02:00:00+01:00,1.14211,1.1427,1.14063,1.14158
2025-06-11T06:00:00+01:00,1.14156,1.14386,1.14054,1.14309
2025-06-11T10:00:00+01:00,1.14309,1.14895,1.14267,1.14607
2025-06-11T14:00:00+01:00,1.14608,1.14962,1.14529,1.14898
2025-06-11T18:00:00+01:00,1.14898,1.14996,1.14793,1.1488
2025-06-11T22:00:00+01:00,1.14871,1.15267,1.14846,1.15214
2025-06-12T02:00:00+01:00,1.15213,1.15293,1.15067,1.15155
2025-06-12T06:00:00+01:00,1.15152,1.15473,1.15058,1.15444
2025-06-12T10:00:00+01:00,1.15443,1.16315,1.15402,1.16099
2025-06-12T14:00:00+01:00,1.16098,1.16173,1.1567,1.15761
2025-06-12T18:00:00+01:00,1.1576,1.15878,1.15638,1.15842
2025-06-12T22:00:00+01:00,1.15834,1.16146,1.15396,1.15587
2025-06-13T02:00:00+01:00,1.15587,1.15604,1.15143,1.15252
2025-06-13T06:00:00+01:00,1.15253,1.15604,1.1512,1.15287
2025-06-13T10:00:00+01:00,1.15285,1.1536,1.14891,1.15164
2025-06-13T14:00:00+01:00,1.15163,1.15697,1.15014,1.15545
2025-06-13T18:00:00+01:00,1.15544,1.15555,1.15335,1.15501
2025-06-15T22:00:00+01:00,1.15309,1.15475,1.15264,1.15347
2025-06-16T02:00:00+01:00,1.15346,1.15442,1.15239,1.15359
2025-06-16T06:00:00+01:00,1.15363,1.15868,1.15362,1.15787
2025-06-16T10:00:00+01:00,1.15787,1.1586,1.15698,1.15841
2025-06-16T14:00:00+01:00,1.15841,1.16148,1.15785,1.1584
2025-06-16T18:00:00+01:00,1.15841,1.15851,1.15546,1.15613
2025-06-16T22:00:00+01:00,1.15615,1.15662,1.15426,1.15499
2025-06-17T02:00:00+01:00,1.15501,1.15673,1.15458,1.15611
2025-06-17T06:00:00+01:00,1.15612,1.15725,1.15455,1.1552
2025-06-17T10:00:00+01:00,1.15519,1.15803,1.15478,1.15504
2025-06-17T14:00:00+01:00,1.15506,1.15696,1.14988,1.15029
2025-06-17T18:00:00+01:00,1.15029,1.15087,1.14748,1.14802
2025-06-17T22:00:00+01:00,1.14804,1.1497,1.14747,1.14924
2025-06-18T02:00:00+01:00,1.14923,1.15081,1.14895,1.15057
2025-06-18T06:00:00+01:00,1.15056,1.15236,1.14985,1.15022
2025-06-18T10:00:00+01:00,1.15022,1.1517,1.14919,1.15061
2025-06-18T14:00:00+01:00,1.15058,1.15304,1.14843,1.15031
2025-06-18T18:00:00+01:00,1.15031,1.15295,1.1461,1.14803
2025-06-18T22:00:00+01:00,1.14804,1.14889,1.14711,1.1481
2025-06-19T02:00:00+01:00,1.1481,1.14821,1.14505,1.14691
2025-06-19T06:00:00+01:00,1.14692,1.14793,1.14464,1.14768
2025-06-19T10:00:00+01:00,1.14769,1.14875,1.14677,1.14777
2025-06-19T14:00:00+01:00,1.14776,1.14846,1.14547,1.14566
2025-06-19T18:00:00+01:00,1.14566,1.15001,1.14555,1.14963
2025-06-19T22:00:00+01:00,1.14951,1.1524,1.14918,1.15227
2025-06-20T02:00:00+01:00,1.15228,1.15326,1.15111,1.15271
2025-06-20T06:00:00+01:00,1.1527,1.15298,1.15101,1.15227
2025-06-20T10:00:00+01:00,1.15225,1.15351,1.15056,1.15128
2025-06-20T14:00:00+01:00,1.15129,1.15372,1.14952,1.1536
2025-06-20T18:00:00+01:00,1.15361,1.15441,1.15139,1.15212
2025-06-22T22:00:00+01:00,1.14603,1.15076,1.14562,1.14893
2025-06-23T02:00:00+01:00,1.14894,1.15068,1.14723,1.14907
2025-06-23T06:00:00+01:00,1.14907,1.15213,1.14804,1.14818
2025-06-23T10:00:00+01:00,1.14817,1.14831,1.14536,1.14677
2025-06-23T14:00:00+01:00,1.14675,1.15574,1.14648,1.15449
2025-06-23T18:00:00+01:00,1.1545,1.15815,1.15407,1.15767
2025-06-23T22:00:00+01:00,1.15768,1.1609,1.15745,1.15993
2025-06-24T02:00:00+01:00,1.15992,1.16143,1.15868,1.16064
2025-06-24T06:00:00+01:00,1.16063,1.16223,1.15801,1.15926
2025-06-24T10:00:00+01:00,1.15925,1.16181,1.15919,1.16007
2025-06-24T14:00:00+01:00,1.16007,1.16418,1.15822,1.16241
2025-06-24T18:00:00+01:00,1.1624,1.16326,1.16084,1.16093
2025-06-24T22:00:00+01:00,1.16092,1.16269,1.16045,1.16253
2025-06-25T02:00:00+01:00,1.16254,1.16316,1.16112,1.16139
2025-06-25T06:00:00+01:00,1.16138,1.16227,1.15899,1.161
2025-06-25T10:00:00+01:00,1.16099,1.16134,1.15902,1.15929
2025-06-25T14:00:00+01:00,1.15928,1.16359,1.15903,1.1631
2025-06-25T18:00:00+01:00,1.1631,1.16651,1.16271,1.16591
2025-06-25T22:00:00+01:00,1.16588,1.16891,1.16543,1.16822
2025-06-26T02:00:00+01:00,1.16823,1.17177,1.16675,1.16799
2025-06-26T06:00:00+01:00,1.16799,1.1745,1.16718,1.17278
2025-06-26T10:00:00+01:00,1.17277,1.17311,1.169,1.17068
2025-06-26T14:00:00+01:00,1.17069,1.17403,1.16905,1.17294
2025-06-26T18:00:00+01:00,1.17293,1.17322,1.16942,1.17005
2025-06-26T22:00:00+01:00,1.17012,1.17076,1.16809,1.16919
2025-06-27T02:00:00+01:00,1.16918,1.17095,1.1685,1.16851
2025-06-27T06:00:00+01:00,1.16852,1.1727,1.16837,1.17096
2025-06-27T10:00:00+01:00,1.17097,1.17497,1.17014,1.1747
2025-06-27T14:00:00+01:00,1.17471,1.17541,1.17056,1.17223
2025-06-27T18:00:00+01:00,1.17224,1.1724,1.1688,1.1719
2025-06-29T22:00:00+01:00,1.17287,1.17388,1.17159,1.1718
2025-06-30T02:00:00+01:00,1.17181,1.17348,1.17117,1.17305
2025-06-30T06:00:00+01:00,1.17302,1.17508,1.17136,1.17297
2025-06-30T10:00:00+01:00,1.17293,1.17329,1.17078,1.17134
2025-06-30T14:00:00+01:00,1.17134,1.17718,1.17109,1.17627
2025-06-30T18:00:00+01:00,1.17626,1.17884,1.17605,1.17873
2025-06-30T22:00:00+01:00,1.17874,1.1798,1.17786,1.17976
2025-07-01T02:00:00+01:00,1.17977,1.18077,1.17779,1.17863
2025-07-01T06:00:00+01:00,1.17864,1.18175,1.17675,1.18047
2025-07-01T10:00:00+01:00,1.18046,1.183,1.17969,1.18037
2025-07-01T14:00:00+01:00,1.18038,1.1812,1.17613,1.17654
2025-07-01T18:00:00+01:00,1.17655,1.1807,1.17655,1.18063
2025-07-01T22:00:00+01:00,1.18061,1.18082,1.17992,1.18077
2025-07-02T02:00:00+01:00,1.18078,1.181,1.17884,1.17964
2025-07-02T06:00:00+01:00,1.17963,1.17983,1.177,1.17756
2025-07-02T10:00:00+01:00,1.17757,1.17884,1.17469,1.17565
2025-07-02T14:00:00+01:00,1.17565,1.1794,1.1751,1.17885
2025-07-02T18:00:00+01:00,1.17885,1.18034,1.17885,1.17988
2025-07-02T22:00:00+01:00,1.1799,1.18089,1.1788,1.18066
2025-07-03T02:00:00+01:00,1.18068,1.18102,1.17878,1.17894
2025-07-03T06:00:00+01:00,1.17895,1.181,1.17869,1.1798
2025-07-03T10:00:00+01:00,1.17982,1.18002,1.17174,1.17384
2025-07-03T14:00:00+01:00,1.17383,1.179,1.1734,1.17523
2025-07-03T18:00:00+01:00,1.17521,1.17598,1.17444,1.17568
2025-07-03T22:00:00+01:00,1.17569,1.17716,1.17532,1.17671
2025-07-04T02:00:00+01:00,1.17673,1.17801,1.17562,1.17801
2025-07-04T06:00:00+01:00,1.17802,1.17854,1.17677,1.17746
2025-07-04T10:00:00+01:00,1.17745,1.17822,1.17639,1.17667
2025-07-04T14:00:00+01:00,1.17664,1.17875,1.17664,1.17745
2025-07-04T18:00:00+01:00,1.17744,1.1784,1.17721,1.17781
2025-07-06T22:00:00+01:00,1.17837,1.17902,1.17736,1.17801
2025-07-07T02:00:00+01:00,1.178,1.17807,1.1764,1.17661
2025-07-07T06:00:00+01:00,1.17662,1.17739,1.17234,1.17244
2025-07-07T10:00:00+01:00,1.17243,1.17361,1.1718,1.17226
2025-07-07T14:00:00+01:00,1.17225,1.17456,1.16875,1.16942
2025-07-07T18:00:00+01:00,1.16945,1.17239,1.16869,1.17084
2025-07-07T22:00:00+01:00,1.17083,1.1748,1.17075,1.17435
2025-07-08T02:00:00+01:00,1.17436,1.17502,1.17308,1.17415
2025-07-08T06:00:00+01:00,1.17415,1.17653,1.17318,1.17489
2025-07-08T10:00:00+01:00,1.17488,1.17506,1.17139,1.1721
2025-07-08T14:00:00+01:00,1.17209,1.17222,1.16826,1.17088
2025-07-08T18:00:00+01:00,1.17087,1.17299,1.17076,1.17253
2025-07-08T22:00:00+01:00,1.17252,1.17294,1.17176,1.17246
2025-07-09T02:00:00+01:00,1.17247,1.17258,1.17016,1.17125
2025-07-09T06:00:00+01:00,1.17125,1.17285,1.17024,1.17134
2025-07-09T10:00:00+01:00,1.17135,1.17199,1.16897,1.17155
2025-07-09T14:00:00+01:00,1.17156,1.17247,1.17006,1.1705
2025-07-09T18:00:00+01:00,1.17049,1.17239,1.17039,1.17208
2025-07-09T22:00:00+01:00,1.17212,1.17497,1.17153,1.17439
2025-07-10T02:00:00+01:00,1.17437,1.17448,1.17304,1.17351
2025-07-10T06:00:00+01:00,1.17349,1.17435,1.1726,1.17278
2025-07-10T10:00:00+01:00,1.17278,1.17345,1.17017,1.17064
2025-07-10T14:00:00+01:00,1.17066,1.17147,1.16625,1.16856
2025-07-10T18:00:00+01:00,1.16855,1.17009,1.16817,1.17007
2025-07-10T22:00:00+01:00,1.17006,1.17074,1.16648,1.16749
2025-07-11T02:00:00+01:00,1.16749,1.1686,1.16687,1.16763
2025-07-11T06:00:00+01:00,1.16764,1.16959,1.16704,1.16822
2025-07-11T10:00:00+01:00,1.16822,1.17012,1.16813,1.16886
2025-07-11T14:00:00+01:00,1.16887,1.17141,1.16743,1.16915
2025-07-11T18:00:00+01:00,1.16916,1.1696,1.16789,1.16891
2025-07-13T22:00:00+01:00,1.1669,1.16941,1.1662,1.16934
2025-07-14T02:00:00+01:00,1.16934,1.16979,1.16728,1.16749
2025-07-14T06:00:00+01:00,1.16748,1.1689,1.16543,1.16825
2025-07-14T10:00:00+01:00,1.16825,1.16972,1.16796,1.16857
2025-07-14T14:00:00+01:00,1.16856,1.1696,1.16603,1.16625
2025-07-14T18:00:00+01:00,1.16623,1.1673,1.16592,1.16644
2025-07-14T22:00:00+01:00,1.16643,1.16774,1.16606,1.16723
2025-07-15T02:00:00+01:00,1.16724,1.16801,1.16653,1.1676
2025-07-15T06:00:00+01:00,1.16762,1.16928,1.16718,1.1687
2025-07-15T10:00:00+01:00,1.16872,1.16912,1.16623,1.16781
2025-07-15T14:00:00+01:00,1.1678,1.16793,1.15938,1.15962
2025-07-15T18:00:00+01:00,1.15962,1.16053,1.15929,1.16011
2025-07-15T22:00:00+01:00,1.16012,1.16135,1.15981,1.16081
2025-07-16T02:00:00+01:00,1.16081,1.16199,1.16061,1.16197
2025-07-16T06:00:00+01:00,1.16196,1.16285,1.16128,1.16255
2025-07-16T10:00:00+01:00,1.16254,1.16265,1.15931,1.15987
2025-07-16T14:00:00+01:00,1.15986,1.17217,1.15625,1.16391
2025-07-16T18:00:00+01:00,1.16392,1.16586,1.16205,1.16404
2025-07-16T22:00:00+01:00,1.1641,1.16427,1.16174,1.1624
2025-07-17T02:00:00+01:00,1.16241,1.1629,1.16138,1.16244
2025-07-17T06:00:00+01:00,1.16244,1.16274,1.15734,1.16016
2025-07-17T10:00:00+01:00,1.16017,1.16047,1.15568,1.15872
2025-07-17T14:00:00+01:00,1.15873,1.16026,1.1578,1.15862
2025-07-17T18:00:00+01:00,1.15861,1.16003,1.158,1.15969
2025-07-17T22:00:00+01:00,1.15969,1.16277,1.15935,1.16246
2025-07-18T02:00:00+01:00,1.16247,1.16343,1.16183,1.16193
2025-07-18T06:00:00+01:00,1.16192,1.16458,1.1612,1.16357
2025-07-18T10:00:00+01:00,1.16356,1.16586,1.16321,1.16562
2025-07-18T14:00:00+01:00,1.16563,1.16719,1.16264,1.16286
2025-07-18T18:00:00+01:00,1.16284,1.16298,1.16172,1.16248
2025-07-20T22:00:00+01:00,1.16314,1.16366,1.16189,1.16192
2025-07-21T02:00:00+01:00,1.16189,1.16302,1.16147,1.16292
2025-07-21T06:00:00+01:00,1.16291,1.16523,1.16278,1.16424
2025-07-21T10:00:00+01:00,1.16426,1.16735,1.16337,1.16651
2025-07-21T14:00:00+01:00,1.16649,1.17167,1.16579,1.17001
2025-07-21T18:00:00+01:00,1.17,1.17016,1.16859,1.16931
2025-07-21T22:00:00+01:00,1.16939,1.16961,1.16836,1.16885
2025-07-22T02:00:00+01:00,1.16886,1.16958,1.16826,1.16884
2025-07-22T06:00:00+01:00,1.16885,1.17035,1.16818,1.16985
2025-07-22T10:00:00+01:00,1.16986,1.17094,1.16831,1.16905
2025-07-22T14:00:00+01:00,1.16907,1.17609,1.16789,1.17552
2025-07-22T18:00:00+01:00,1.17552,1.17556,1.1742,1.17542
2025-07-22T22:00:00+01:00,1.17545,1.17562,1.17336,1.17472
2025-07-23T02:00:00+01:00,1.17473,1.1749,1.17305,1.17349
2025-07-23T06:00:00+01:00,1.17352,1.17529,1.17273,1.17328
2025-07-23T10:00:00+01:00,1.17327,1.17395,1.17202,1.17251
2025-07-23T14:00:00+01:00,1.1725,1.1761,1.1711,1.17511
2025-07-23T18:00:00+01:00,1.17513,1.17752,1.17455,1.17701
2025-07-23T22:00:00+01:00,1.17714,1.17791,1.17623,1.17672
2025-07-24T02:00:00+01:00,1.17671,1.17801,1.1767,1.17742
2025-07-24T06:00:00+01:00,1.17741,1.17782,1.17551,1.1758
2025-07-24T10:00:00+01:00,1.17579,1.17594,1.17321,1.17362
2025-07-24T14:00:00+01:00,1.17363,1.17889,1.17306,1.17626
2025-07-24T18:00:00+01:00,1.17627,1.17781,1.17453,1.17486
2025-07-24T22:00:00+01:00,1.17485,1.17589,1.17355,1.17545
2025-07-25T02:00:00+01:00,1.17545,1.17584,1.1734,1.174
2025-07-25T06:00:00+01:00,1.174,1.17611,1.17373,1.17433
2025-07-25T10:00:00+01:00,1.17433,1.17436,1.17114,1.17182
2025-07-25T14:00:00+01:00,1.17183,1.17388,1.17031,1.1729
2025-07-25T18:00:00+01:00,1.17289,1.1747,1.17288,1.17415
2025-07-27T22:00:00+01:00,1.17571,1.17705,1.17511,1.17638
2025-07-28T02:00:00+01:00,1.1764,1.177,1.17457,1.17474
2025-07-28T06:00:00+01:00,1.17473,1.17477,1.16704,1.1679
2025-07-28T10:00:00+01:00,1.1679,1.16845,1.16438,1.16579
2025-07-28T14:00:00+01:00,1.1658,1.16622,1.15985,1.15992
2025-07-28T18:00:00+01:00,1.15991,1.16016,1.15853,1.1589
2025-07-28T22:00:00+01:00,1.15893,1.15978,1.15845,1.15851
2025-07-29T02:00:00+01:00,1.15851,1.15993,1.15748,1.15887
2025-07-29T06:00:00+01:00,1.15882,1.15904,1.15266,1.15691
2025-07-29T10:00:00+01:00,1.15693,1.15884,1.15249,1.1525
2025-07-29T14:00:00+01:00,1.1525,1.15517,1.1519,1.15415
2025-07-29T18:00:00+01:00,1.15414,1.15606,1.15376,1.15465
2025-07-29T22:00:00+01:00,1.15468,1.15679,1.1546,1.15673
2025-07-30T02:00:00+01:00,1.15673,1.15726,1.15505,1.15513
2025-07-30T06:00:00+01:00,1.15511,1.15686,1.15402,1.15569
2025-07-30T10:00:00+01:00,1.15569,1.15607,1.1469,1.14731
2025-07-30T14:00:00+01:00,1.1473,1.14851,1.14581,1.14738
2025-07-30T18:00:00+01:00,1.14741,1.15034,1.14011,1.14055
2025-07-30T22:00:00+01:00,1.14059,1.14377,1.14032,1.14343
2025-07-31T02:00:00+01:00,1.14342,1.14382,1.14077,1.14357
2025-07-31T06:00:00+01:00,1.14355,1.14608,1.1431,1.14501
2025-07-31T10:00:00+01:00,1.14503,1.14511,1.14208,1.14287
2025-07-31T14:00:00+01:00,1.14289,1.14499,1.14059,1.14226
2025-07-31T18:00:00+01:00,1.14225,1.14331,1.14095,1.14153
2025-07-31T22:00:00+01:00,1.14149,1.14289,1.14116,1.14244
2025-08-01T02:00:00+01:00,1.14243,1.14288,1.14049,1.14192
2025-08-01T06:00:00+01:00,1.14189,1.14382,1.14055,1.14066
2025-08-01T10:00:00+01:00,1.14067,1.15588,1.13917,1.15453
2025-08-01T14:00:00+01:00,1.15454,1.15883,1.15362,1.15394
2025-08-01T18:00:00+01:00,1.15394,1.15972,1.15165,1.15857
2025-08-03T22:00:00+01:00,1.15927,1.15966,1.15559,1.1558
2025-08-04T02:00:00+01:00,1.1558,1.1586,1.15504,1.15745
2025-08-04T06:00:00+01:00,1.15748,1.15833,1.15498,1.15581
2025-08-04T10:00:00+01:00,1.1558,1.15882,1.15551,1.15753
2025-08-04T14:00:00+01:00,1.15754,1.15886,1.1557,1.15721
2025-08-04T18:00:00+01:00,1.15723,1.15777,1.1563,1.15711
2025-08-04T22:00:00+01:00,1.15711,1.15878,1.15685,1.15719
2025-08-05T02:00:00+01:00,1.1572,1.15741,1.15542,1.15585
2025-08-05T06:00:00+01:00,1.15583,1.15624,1.15313,1.15367
2025-08-05T10:00:00+01:00,1.15368,1.15484,1.15279,1.15374
2025-08-05T14:00:00+01:00,1.15374,1.15862,1.15322,1.15829
2025-08-05T18:00:00+01:00,1.15829,1.15832,1.15664,1.15753
2025-08-05T22:00:00+01:00,1.1575,1.15853,1.15711,1.15739
2025-08-06T02:00:00+01:00,1.15738,1.15863,1.15644,1.1583
2025-08-06T06:00:00+01:00,1.15828,1.15884,1.15706,1.15751
2025-08-06T10:00:00+01:00,1.15749,1.16286,1.15743,1.16237
2025-08-06T14:00:00+01:00,1.16237,1.16484,1.16174,1.16346
2025-08-06T18:00:00+01:00,1.16345,1.16685,1.16329,1.16598
2025-08-06T22:00:00+01:00,1.16595,1.16661,1.16511,1.16526
2025-08-07T02:00:00+01:00,1.16526,1.16764,1.16496,1.16714
2025-08-07T06:00:00+01:00,1.16714,1.16989,1.16681,1.16827
2025-08-07T10:00:00+01:00,1.16829,1.16847,1.16342,1.16512
2025-08-07T14:00:00+01:00,1.16512,1.16587,1.1611,1.16383
2025-08-07T18:00:00+01:00,1.16384,1.16715,1.16192,1.1665
2025-08-07T22:00:00+01:00,1.1665,1.16792,1.16612,1.16728
2025-08-08T02:00:00+01:00,1.16731,1.16739,1.16549,1.16583
2025-08-08T06:00:00+01:00,1.16582,1.16646,1.16346,1.16371
2025-08-08T10:00:00+01:00,1.1637,1.1654,1.16289,1.16418
2025-08-08T14:00:00+01:00,1.16418,1.16678,1.16414,1.16563
2025-08-08T18:00:00+01:00,1.16562,1.16669,1.16364,1.16406
2025-08-10T22:00:00+01:00,1.16464,1.16526,1.16419,1.16475
2025-08-11T02:00:00+01:00,1.16474,1.16756,1.16455,1.16719
2025-08-11T06:00:00+01:00,1.16718,1.16739,1.1644,1.16552
2025-08-11T10:00:00+01:00,1.16549,1.16582,1.16141,1.16202
2025-08-11T14:00:00+01:00,1.16203,1.16277,1.15902,1.16075
2025-08-11T18:00:00+01:00,1.16076,1.16197,1.15987,1.16153
2025-08-11T22:00:00+01:00,1.16155,1.16199,1.16105,1.16153
2025-08-12T02:00:00+01:00,1.16153,1.1628,1.16145,1.16276
2025-08-12T06:00:00+01:00,1.16276,1.16291,1.1608,1.16148
2025-08-12T10:00:00+01:00,1.1615,1.16559,1.15987,1.16424
2025-08-12T14:00:00+01:00,1.16422,1.16973,1.16176,1.16799
2025-08-12T18:00:00+01:00,1.16798,1.16805,1.16646,1.16746
2025-08-12T22:00:00+01:00,1.16748,1.16809,1.16696,1.16799
2025-08-13T02:00:00+01:00,1.168,1.16877,1.16707,1.16841
2025-08-13T06:00:00+01:00,1.16842,1.17207,1.16767,1.17142
2025-08-13T10:00:00+01:00,1.17142,1.17303,1.16974,1.16988
2025-08-13T14:00:00+01:00,1.16988,1.17237,1.1693,1.17068
2025-08-13T18:00:00+01:00,1.17068,1.17109,1.16959,1.17056
2025-08-13T22:00:00+01:00,1.17056,1.1715,1.17015,1.17112
2025-08-14T02:00:00+01:00,1.17113,1.17151,1.16991,1.17039
2025-08-14T06:00:00+01:00,1.17039,1.17066,1.1668,1.16685
2025-08-14T10:00:00+01:00,1.16685,1.16974,1.16495,1.16638
2025-08-14T14:00:00+01:00,1.16639,1.16715,1.1631,1.16342
2025-08-14T18:00:00+01:00,1.16344,1.16504,1.16314,1.16478
2025-08-14T22:00:00+01:00,1.16475,1.16534,1.16462,1.16521
2025-08-15T02:00:00+01:00,1.16524,1.16646,1.16483,1.16631
2025-08-15T06:00:00+01:00,1.1663,1.16851,1.16613,1.16823
2025-08-15T10:00:00+01:00,1.16822,1.17,1.16735,1.1694
2025-08-15T14:00:00+01:00,1.16941,1.17153,1.16819,1.17039
2025-08-15T18:00:00+01:00,1.1704,1.17082,1.16987,1.17056
2025-08-17T22:00:00+01:00,1.17102,1.17163,1.17003,1.17016
2025-08-18T02:00:00+01:00,1.17016,1.17104,1.16936,1.17084
2025-08-18T06:00:00+01:00,1.17083,1.1709,1.16711,1.16819
2025-08-18T10:00:00+01:00,1.16823,1.16884,1.16663,1.16764
2025-08-18T14:00:00+01:00,1.16765,1.16846,1.16562,1.16579
2025-08-18T18:00:00+01:00,1.1658,1.16705,1.16568,1.16606
2025-08-18T22:00:00+01:00,1.16607,1.16749,1.16559,1.16584
2025-08-19T02:00:00+01:00,1.16587,1.16624,1.16392,1.16607
2025-08-19T06:00:00+01:00,1.16609,1.16844,1.16513,1.1675
2025-08-19T10:00:00+01:00,1.16752,1.1693,1.16726,1.16756
2025-08-19T14:00:00+01:00,1.16753,1.16783,1.16545,1.16564
2025-08-19T18:00:00+01:00,1.16566,1.16608,1.16424,1.1647
2025-08-19T22:00:00+01:00,1.16468,1.16511,1.16314,1.16388
2025-08-20T02:00:00+01:00,1.16387,1.16424,1.16222,1.16344
2025-08-20T06:00:00+01:00,1.16345,1.16469,1.16233,1.16379
2025-08-20T10:00:00+01:00,1.16378,1.16738,1.16351,1.16711
2025-08-20T14:00:00+01:00,1.1671,1.16719,1.16463,1.16599
2025-08-20T18:00:00+01:00,1.16598,1.16725,1.16471,1.16517
2025-08-20T22:00:00+01:00,1.16524,1.16561,1.16412,1.1647
2025-08-21T02:00:00+01:00,1.1647,1.16506,1.16413,1.16454
2025-08-21T06:00:00+01:00,1.16457,1.16614,1.1625,1.16548
2025-08-21T10:00:00+01:00,1.16549,1.16628,1.16369,1.16467
2025-08-21T14:00:00+01:00,1.16466,1.16499,1.16012,1.16111
2025-08-21T18:00:00+01:00,1.16112,1.16187,1.16034,1.16058
2025-08-21T22:00:00+01:00,1.16057,1.16166,1.16046,1.16149
2025-08-22T02:00:00+01:00,1.16149,1.16158,1.15829,1.15846
2025-08-22T06:00:00+01:00,1.15844,1.15997,1.15834,1.15995
2025-08-22T10:00:00+01:00,1.15994,1.16137,1.15935,1.16087
2025-08-22T14:00:00+01:00,1.16085,1.17322,1.15976,1.1722
2025-08-22T18:00:00+01:00,1.17222,1.17427,1.17151,1.17165
2025-08-24T22:00:00+01:00,1.1723,1.17278,1.16955,1.1698
2025-08-25T02:00:00+01:00,1.16979,1.1708,1.16936,1.17059
2025-08-25T06:00:00+01:00,1.17058,1.17206,1.16947,1.17042
2025-08-25T10:00:00+01:00,1.17041,1.17046,1.16852,1.16999
2025-08-25T14:00:00+01:00,1.16998,1.17091,1.16514,1.16548
2025-08-25T18:00:00+01:00,1.16551,1.1656,1.1603,1.16182
2025-08-25T22:00:00+01:00,1.16188,1.16601,1.16102,1.16481
2025-08-26T02:00:00+01:00,1.16479,1.16503,1.16237,1.16318
2025-08-26T06:00:00+01:00,1.16319,1.16446,1.16023,1.1618
2025-08-26T10:00:00+01:00,1.1618,1.16607,1.16178,1.16461
2025-08-26T14:00:00+01:00,1.1646,1.16654,1.16371,1.16489
2025-08-26T18:00:00+01:00,1.16491,1.16528,1.16335,1.16424
2025-08-26T22:00:00+01:00,1.16426,1.1648,1.16338,1.16368
2025-08-27T02:00:00+01:00,1.16368,1.16408,1.16121,1.16141
2025-08-27T06:00:00+01:00,1.1614,1.1624,1.15772,1.15888
2025-08-27T10:00:00+01:00,1.15889,1.15984,1.15741,1.15864
2025-08-27T14:00:00+01:00,1.15863,1.16409,1.15823,1.16382
2025-08-27T18:00:00+01:00,1.16383,1.16429,1.1628,1.16385
2025-08-27T22:00:00+01:00,1.16386,1.16494,1.16344,1.16457
2025-08-28T02:00:00+01:00,1.16458,1.16548,1.16389,1.16398
2025-08-28T06:00:00+01:00,1.16398,1.16497,1.16291,1.16424
2025-08-28T10:00:00+01:00,1.16426,1.16871,1.16425,1.16696
2025-08-28T14:00:00+01:00,1.16696,1.16901,1.16587,1.16894
2025-08-28T18:00:00+01:00,1.16895,1.16974,1.16779,1.16837
2025-08-28T22:00:00+01:00,1.16837,1.16843,1.16726,1.16748
2025-08-29T02:00:00+01:00,1.16749,1.16764,1.16562,1.16648
2025-08-29T06:00:00+01:00,1.16648,1.16904,1.16613,1.16758
2025-08-29T10:00:00+01:00,1.16759,1.16828,1.16509,1.16587
2025-08-29T14:00:00+01:00,1.16586,1.1709,1.16536,1.17017
2025-08-29T18:00:00+01:00,1.17015,1.1703,1.16811,1.16853
2025-08-31T22:00:00+01:00,1.16964,1.16981,1.16858,1.16971
2025-09-01T02:00:00+01:00,1.16973,1.17145,1.1688,1.17084
2025-09-01T06:00:00+01:00,1.17083,1.17364,1.17082,1.17354
2025-09-01T10:00:00+01:00,1.17353,1.17363,1.17065,1.17077
2025-09-01T14:00:00+01:00,1.17075,1.17163,1.16966,1.17048
2025-09-01T18:00:00+01:00,1.17049,1.17138,1.17014,1.17111
2025-09-01T22:00:00+01:00,1.17112,1.17183,1.17032,1.17046
2025-09-02T02:00:00+01:00,1.17046,1.1707,1.169,1.16933
2025-09-02T06:00:00+01:00,1.16934,1.17067,1.16338,1.16451
2025-09-02T10:00:00+01:00,1.1645,1.16533,1.16129,1.16173
2025-09-02T14:00:00+01:00,1.16175,1.16826,1.16151,1.16441
2025-09-02T18:00:00+01:00,1.16443,1.16484,1.16296,1.16426
2025-09-02T22:00:00+01:00,1.16428,1.16444,1.1629,1.16332
2025-09-03T02:00:00+01:00,1.16331,1.16355,1.1622,1.16318
2025-09-03T06:00:00+01:00,1.16318,1.16575,1.16082,1.16564
2025-09-03T10:00:00+01:00,1.16565,1.16648,1.16397,1.16484
2025-09-03T14:00:00+01:00,1.16484,1.16823,1.16386,1.16753
2025-09-03T18:00:00+01:00,1.16755,1.16771,1.16558,1.16618
2025-09-03T22:00:00+01:00,1.1662,1.16641,1.16548,1.16589
2025-09-04T02:00:00+01:00,1.16589,1.16695,1.16504,1.16516
2025-09-04T06:00:00+01:00,1.16517,1.16613,1.1644,1.16576
2025-09-04T10:00:00+01:00,1.16575,1.16597,1.163,1.16459
2025-09-04T14:00:00+01:00,1.16459,1.16558,1.16314,1.16395
2025-09-04T18:00:00+01:00,1.16396,1.16525,1.16345,1.16497
2025-09-04T22:00:00+01:00,1.16494,1.16608,1.16475,1.16596
2025-09-05T02:00:00+01:00,1.16597,1.16746,1.16597,1.1667
2025-09-05T06:00:00+01:00,1.16671,1.16845,1.16651,1.16832
2025-09-05T10:00:00+01:00,1.16833,1.17502,1.16778,1.17345
2025-09-05T14:00:00+01:00,1.17344,1.17595,1.17138,1.1739
2025-09-05T18:00:00+01:00,1.17389,1.17392,1.17131,1.17167
2025-09-07T22:00:00+01:00,1.17127,1.17207,1.17039,1.1713
2025-09-08T02:00:00+01:00,1.17131,1.17176,1.17061,1.17131
2025-09-08T06:00:00+01:00,1.17129,1.17428,1.1712,1.17312
2025-09-08T10:00:00+01:00,1.17313,1.17416,1.172,1.17379
2025-09-08T14:00:00+01:00,1.17378,1.17562,1.17351,1.17406
2025-09-08T18:00:00+01:00,1.17406,1.17655,1.1735,1.17633
2025-09-08T22:00:00+01:00,1.1763,1.17745,1.1759,1.17716
2025-09-09T02:00:00+01:00,1.17715,1.1778,1.17635,1.1773
2025-09-09T06:00:00+01:00,1.17729,1.17801,1.17443,1.17595
2025-09-09T10:00:00+01:00,1.17596,1.17724,1.17275,1.17373
2025-09-09T14:00:00+01:00,1.17374,1.17629,1.17157,1.1719
2025-09-09T18:00:00+01:00,1.17191,1.17237,1.17038,1.17084
2025-09-09T22:00:00+01:00,1.17082,1.17138,1.16961,1.16971
2025-09-10T02:00:00+01:00,1.16972,1.17157,1.16894,1.17151
2025-09-10T06:00:00+01:00,1.17151,1.17186,1.16826,1.16999
2025-09-10T10:00:00+01:00,1.16998,1.17275,1.16912,1.17004
2025-09-10T14:00:00+01:00,1.17003,1.17307,1.16959,1.17056
2025-09-10T18:00:00+01:00,1.17056,1.17123,1.16934,1.16951
2025-09-10T22:00:00+01:00,1.16951,1.17068,1.16937,1.1694
2025-09-11T02:00:00+01:00,1.16939,1.17028,1.16929,1.16995
2025-09-11T06:00:00+01:00,1.16996,1.16996,1.16838,1.16921
2025-09-11T10:00:00+01:00,1.16919,1.1721,1.16602,1.1715
2025-09-11T14:00:00+01:00,1.17149,1.17462,1.1714,1.17366
2025-09-11T18:00:00+01:00,1.17366,1.17398,1.17279,1.17342
2025-09-11T22:00:00+01:00,1.17337,1.17409,1.17272,1.17332
2025-09-12T02:00:00+01:00,1.17332,1.17346,1.17209,1.17257
2025-09-12T06:00:00+01:00,1.17258,1.17478,1.17157,1.17175
2025-09-12T10:00:00+01:00,1.17174,1.17355,1.17013,1.17125
2025-09-12T14:00:00+01:00,1.17124,1.17318,1.17034,1.17271
2025-09-12T18:00:00+01:00,1.17271,1.17418,1.1727,1.17338
2025-09-14T22:00:00+01:00,1.1734,1.17372,1.1722,1.17269
2025-09-15T02:00:00+01:00,1.17268,1.17354,1.17228,1.17341
2025-09-15T06:00:00+01:00,1.17341,1.17442,1.17162,1.17372
2025-09-15T10:00:00+01:00,1.17372,1.17709,1.17362,1.17696
2025-09-15T14:00:00+01:00,1.17695,1.17746,1.1751,1.17583
2025-09-15T18:00:00+01:00,1.17583,1.17731,1.1758,1.17613
2025-09-15T22:00:00+01:00,1.17612,1.17669,1.17574,1.17621
2025-09-16T02:00:00+01:00,1.1762,1.1787,1.17581,1.1777
2025-09-16T06:00:00+01:00,1.17769,1.18039,1.17738,1.1795
2025-09-16T10:00:00+01:00,1.17952,1.18214,1.17904,1.18046
2025-09-16T14:00:00+01:00,1.18046,1.18719,1.18042,1.18645
2025-09-16T18:00:00+01:00,1.18644,1.18784,1.1858,1.18673
2025-09-16T22:00:00+01:00,1.18669,1.18731,1.18579,1.18584
2025-09-17T02:00:00+01:00,1.18583,1.18594,1.18513,1.18539
2025-09-17T06:00:00+01:00,1.1854,1.18601,1.1838,1.18483
2025-09-17T10:00:00+01:00,1.18484,1.18498,1.18328,1.18435
2025-09-17T14:00:00+01:00,1.18436,1.18593,1.18424,1.18533
2025-09-17T18:00:00+01:00,1.18532,1.19187,1.1808,1.18129
2025-09-17T22:00:00+01:00,1.18133,1.1829,1.18121,1.18255
2025-09-18T02:00:00+01:00,1.18254,1.18288,1.17938,1.17951
2025-09-18T06:00:00+01:00,1.17952,1.18388,1.17805,1.18278
2025-09-18T10:00:00+01:00,1.18279,1.18484,1.17954,1.17957
2025-09-18T14:00:00+01:00,1.17958,1.17962,1.17502,1.1787
2025-09-18T18:00:00+01:00,1.17869,1.17939,1.17813,1.17871
2025-09-18T22:00:00+01:00,1.17863,1.17907,1.17755,1.17866
2025-09-19T02:00:00+01:00,1.17865,1.17928,1.17705,1.17739
2025-09-19T06:00:00+01:00,1.17738,1.17782,1.1751,1.1761
2025-09-19T10:00:00+01:00,1.1761,1.17688,1.17288,1.17361
2025-09-19T14:00:00+01:00,1.17361,1.1768,1.17353,1.17531
2025-09-19T18:00:00+01:00,1.17531,1.17552,1.17407,1.1745
2025-09-21T22:00:00+01:00,1.17491,1.17494,1.17263,1.17346
2025-09-22T02:00:00+01:00,1.17347,1.1741,1.17265,1.17307
2025-09-22T06:00:00+01:00,1.17308,1.17692,1.17299,1.17624
2025-09-22T10:00:00+01:00,1.17627,1.17874,1.17617,1.17833
2025-09-22T14:00:00+01:00,1.17833,1.17902,1.17627,1.17882
2025-09-22T18:00:00+01:00,1.17883,1.18039,1.17856,1.18032
2025-09-22T22:00:00+01:00,1.18033,1.18075,1.1796,1.18064
2025-09-23T02:00:00+01:00,1.18064,1.18201,1.17966,1.17978
2025-09-23T06:00:00+01:00,1.17976,1.18055,1.17792,1.18028
2025-09-23T10:00:00+01:00,1.18028,1.18125,1.17845,1.17969
2025-09-23T14:00:00+01:00,1.17969,1.18094,1.17842,1.1805
2025-09-23T18:00:00+01:00,1.18049,1.18185,1.18031,1.18154
2025-09-23T22:00:00+01:00,1.18149,1.18195,1.18034,1.1804
2025-09-24T02:00:00+01:00,1.18041,1.18053,1.17949,1.18031
2025-09-24T06:00:00+01:00,1.1803,1.18051,1.17664,1.1772
2025-09-24T10:00:00+01:00,1.17721,1.17749,1.17395,1.17428
2025-09-24T14:00:00+01:00,1.17428,1.17463,1.17283,1.17327
2025-09-24T18:00:00+01:00,1.17326,1.17408,1.17318,1.17379
2025-09-24T22:00:00+01:00,1.17377,1.17483,1.17375,1.17474
2025-09-25T02:00:00+01:00,1.17475,1.17537,1.17407,1.17522
2025-09-25T06:00:00+01:00,1.17523,1.17524,1.17306,1.17428
2025-09-25T10:00:00+01:00,1.17429,1.17541,1.16878,1.16981
2025-09-25T14:00:00+01:00,1.16982,1.17103,1.16667,1.16708
2025-09-25T18:00:00+01:00,1.16707,1.16721,1.16456,1.1666
2025-09-25T22:00:00+01:00,1.16664,1.16716,1.16581,1.16714
2025-09-26T02:00:00+01:00,1.16713,1.1682,1.16656,1.16799
2025-09-26T06:00:00+01:00,1.168,1.1688,1.16685,1.16807
2025-09-26T10:00:00+01:00,1.16804,1.16862,1.16616,1.16832
2025-09-26T14:00:00+01:00,1.1683,1.17047,1.16782,1.16928
2025-09-26T18:00:00+01:00,1.16928,1.17074,1.16909,1.17029
2025-09-28T22:00:00+01:00,1.17029,1.17232,1.17005,1.17217
2025-09-29T02:00:00+01:00,1.17216,1.17331,1.17144,1.17271
2025-09-29T06:00:00+01:00,1.1727,1.17334,1.17078,1.17237
2025-09-29T10:00:00+01:00,1.17237,1.17513,1.17092,1.17499
2025-09-29T14:00:00+01:00,1.17501,1.17546,1.17227,1.17294
2025-09-29T18:00:00+01:00,1.17297,1.17329,1.17202,1.17267
2025-09-29T22:00:00+01:00,1.17264,1.17325,1.17127,1.17209
2025-09-30T02:00:00+01:00,1.1721,1.17287,1.17122,1.17287
2025-09-30T06:00:00+01:00,1.17285,1.17616,1.17282,1.17557
2025-09-30T10:00:00+01:00,1.17556,1.17584,1.17331,1.17371
2025-09-30T14:00:00+01:00,1.17372,1.17592,1.17166,1.17566
2025-09-30T18:00:00+01:00,1.17567,1.17615,1.1733,1.17333
2025-09-30T22:00:00+01:00,1.17336,1.17427,1.17298,1.17359
2025-10-01T02:00:00+01:00,1.17361,1.17588,1.17305,1.17582
2025-10-01T06:00:00+01:00,1.17582,1.17787,1.17421,1.17497
2025-10-01T10:00:00+01:00,1.17497,1.1769,1.17159,1.17491
2025-10-01T14:00:00+01:00,1.17492,1.17636,1.17156,1.17228
2025-10-01T18:00:00+01:00,1.1723,1.1742,1.17217,1.17305
2025-10-01T22:00:00+01:00,1.17304,1.17376,1.17247,1.17299
2025-10-02T02:00:00+01:00,1.17295,1.1742,1.17239,1.17342
2025-10-02T06:00:00+01:00,1.17344,1.17568,1.17296,1.17536
2025-10-02T10:00:00+01:00,1.17537,1.17584,1.17345,1.17376
2025-10-02T14:00:00+01:00,1.1738,1.17439,1.16832,1.17149
2025-10-02T18:00:00+01:00,1.17148,1.17268,1.17123,1.17158
2025-10-02T22:00:00+01:00,1.17158,1.17259,1.17143,1.17243
2025-10-03T02:00:00+01:00,1.17244,1.17293,1.17163,1.17181
2025-10-03T06:00:00+01:00,1.1718,1.17446,1.1715,1.17403
2025-10-03T10:00:00+01:00,1.17402,1.17429,1.17271,1.17395
2025-10-03T14:00:00+01:00,1.17396,1.17592,1.17327,1.17399
2025-10-03T18:00:00+01:00,1.17397,1.17451,1.17268,1.1742
2025-10-05T22:00:00+01:00,1.17225,1.17293,1.17063,1.17162
2025-10-06T02:00:00+01:00,1.17164,1.17309,1.17103,1.17203
2025-10-06T06:00:00+01:00,1.17202,1.17253,1.16518,1.16678
2025-10-06T10:00:00+01:00,1.16677,1.16897,1.16526,1.16891
2025-10-06T14:00:00+01:00,1.16892,1.17212,1.16837,1.1712
2025-10-06T18:00:00+01:00,1.17121,1.1717,1.17084,1.17108
2025-10-06T22:00:00+01:00,1.17111,1.17155,1.17043,1.17087
2025-10-07T02:00:00+01:00,1.17088,1.17088,1.16945,1.16984
2025-10-07T06:00:00+01:00,1.16985,1.16997,1.1665,1.1666
2025-10-07T10:00:00+01:00,1.1666,1.16759,1.1654,1.16669
2025-10-07T14:00:00+01:00,1.16669,1.16812,1.16548,1.167
2025-10-07T18:00:00+01:00,1.16701,1.16794,1.16477,1.16569
2025-10-07T22:00:00+01:00,1.1657,1.16612,1.16457,1.16474
2025-10-08T02:00:00+01:00,1.16473,1.16473,1.1616,1.16192
2025-10-08T06:00:00+01:00,1.1619,1.16356,1.1607,1.16145
2025-10-08T10:00:00+01:00,1.16148,1.1638,1.1606,1.16325
2025-10-08T14:00:00+01:00,1.16324,1.16448,1.15984,1.16053
2025-10-08T18:00:00+01:00,1.16054,1.16325,1.15997,1.16296
2025-10-08T22:00:00+01:00,1.16302,1.16412,1.16244,1.1637
2025-10-09T02:00:00+01:00,1.16368,1.16478,1.16365,1.16456
2025-10-09T06:00:00+01:00,1.16456,1.16483,1.16031,1.16125
2025-10-09T10:00:00+01:00,1.16125,1.16274,1.1605,1.16151
2025-10-09T14:00:00+01:00,1.16152,1.16232,1.15471,1.1558
2025-10-09T18:00:00+01:00,1.1558,1.1567,1.15421,1.15642
2025-10-09T22:00:00+01:00,1.15645,1.15707,1.1557,1.15677
2025-10-10T02:00:00+01:00,1.15677,1.15742,1.15626,1.15736
2025-10-10T06:00:00+01:00,1.15735,1.15896,1.15611,1.15789
2025-10-10T10:00:00+01:00,1.15788,1.15835,1.15591,1.15719
2025-10-10T14:00:00+01:00,1.15719,1.16308,1.15619,1.1606
2025-10-10T18:00:00+01:00,1.16058,1.16291,1.15971,1.16174
2025-10-12T22:00:00+01:00,1.16182,1.16192,1.1592,1.16159
2025-10-13T02:00:00+01:00,1.1616,1.16277,1.16099,1.16202
2025-10-13T06:00:00+01:00,1.16203,1.163,1.15816,1.15855
2025-10-13T10:00:00+01:00,1.15854,1.15982,1.15617,1.15686
2025-10-13T14:00:00+01:00,1.15687,1.15794,1.15575,1.15755
2025-10-13T18:00:00+01:00,1.15755,1.15777,1.15652,1.15698
2025-10-13T22:00:00+01:00,1.15702,1.15741,1.15552,1.15612
2025-10-14T02:00:00+01:00,1.15613,1.15927,1.15607,1.15918
2025-10-14T06:00:00+01:00,1.15919,1.15937,1.15424,1.15592
2025-10-14T10:00:00+01:00,1.1559,1.15652,1.15464,1.15556
2025-10-14T14:00:00+01:00,1.15555,1.1615,1.15543,1.16095
2025-10-14T18:00:00+01:00,1.16092,1.16122,1.15999,1.16066
2025-10-14T22:00:00+01:00,1.16067,1.1614,1.16018,1.16107
2025-10-15T02:00:00+01:00,1.16107,1.1626,1.16071,1.16185
2025-10-15T06:00:00+01:00,1.16186,1.16454,1.16176,1.16327
2025-10-15T10:00:00+01:00,1.16326,1.16391,1.16139,1.16176
2025-10-15T14:00:00+01:00,1.16177,1.16474,1.16105,1.16399
2025-10-15T18:00:00+01:00,1.16398,1.16478,1.1627,1.1647
2025-10-15T22:00:00+01:00,1.16473,1.1667,1.16426,1.16633
2025-10-16T02:00:00+01:00,1.16634,1.16755,1.16559,1.16562
2025-10-16T06:00:00+01:00,1.16561,1.1668,1.16431,1.1659
2025-10-16T10:00:00+01:00,1.16589,1.1664,1.16465,1.16606
2025-10-16T14:00:00+01:00,1.16606,1.16791,1.16501,1.1677
2025-10-16T18:00:00+01:00,1.16771,1.16941,1.16768,1.16872
2025-10-16T22:00:00+01:00,1.16873,1.17114,1.16841,1.17067
2025-10-17T02:00:00+01:00,1.17066,1.17123,1.16953,1.17099
2025-10-17T06:00:00+01:00,1.17098,1.17285,1.16917,1.16972
2025-10-17T10:00:00+01:00,1.16973,1.17078,1.16669,1.16765
2025-10-17T14:00:00+01:00,1.16764,1.16812,1.16566,1.1671
2025-10-17T18:00:00+01:00,1.16709,1.16758,1.16501,1.16535
2025-10-19T22:00:00+01:00,1.16659,1.1667,1.16518,1.16665
2025-10-20T02:00:00+01:00,1.16666,1.16739,1.16566,1.16716
2025-10-20T06:00:00+01:00,1.16714,1.16755,1.16536,1.16634
2025-10-20T10:00:00+01:00,1.16635,1.16677,1.16446,1.16535
2025-10-20T14:00:00+01:00,1.16535,1.16645,1.16464,1.165
2025-10-20T18:00:00+01:00,1.16497,1.1653,1.16384,1.16417
2025-10-20T22:00:00+01:00,1.16418,1.16553,1.16406,1.16531
2025-10-21T02:00:00+01:00,1.16531,1.16531,1.1632,1.1636
2025-10-21T06:00:00+01:00,1.16361,1.16377,1.16128,1.16212
2025-10-21T10:00:00+01:00,1.16214,1.16273,1.1602,1.16111
2025-10-21T14:00:00+01:00,1.16109,1.16247,1.15978,1.16091
2025-10-21T18:00:00+01:00,1.1609,1.16101,1.15991,1.15999
2025-10-21T22:00:00+01:00,1.15997,1.1608,1.1599,1.16048
2025-10-22T02:00:00+01:00,1.16046,1.16109,1.16015,1.16092
2025-10-22T06:00:00+01:00,1.16092,1.16159,1.15898,1.15976
2025-10-22T10:00:00+01:00,1.15975,1.1602,1.15769,1.15831
2025-10-22T14:00:00+01:00,1.15831,1.16226,1.15818,1.16197
2025-10-22T18:00:00+01:00,1.16195,1.16207,1.16049,1.16107
2025-10-22T22:00:00+01:00,1.16114,1.16146,1.15977,1.16043
2025-10-23T02:00:00+01:00,1.16044,1.16058,1.15907,1.15989
2025-10-23T06:00:00+01:00,1.15987,1.16063,1.15907,1.15963
2025-10-23T10:00:00+01:00,1.15963,1.16061,1.15855,1.16007
2025-10-23T14:00:00+01:00,1.1601,1.162,1.15983,1.16068
2025-10-23T18:00:00+01:00,1.16067,1.162,1.16045,1.16183
2025-10-23T22:00:00+01:00,1.16183,1.16216,1.16146,1.1618
2025-10-24T02:00:00+01:00,1.16181,1.16188,1.16057,1.16078
2025-10-24T06:00:00+01:00,1.16077,1.1628,1.16009,1.16104
2025-10-24T10:00:00+01:00,1.16101,1.16494,1.16052,1.16342
2025-10-24T14:00:00+01:00,1.16343,1.16434,1.16183,1.16257
2025-10-24T18:00:00+01:00,1.16256,1.1636,1.1621,1.16285
2025-10-26T21:00:00+00:00,1.16362,1.16377,1.16257,1.16351
2025-10-27T01:00:00+00:00,1.1635,1.16478,1.16209,1.16244
2025-10-27T05:00:00+00:00,1.16245,1.16331,1.16177,1.16284
2025-10-27T09:00:00+00:00,1.16282,1.16517,1.16261,1.16414
2025-10-27T13:00:00+00:00,1.16413,1.1643,1.16316,1.16387
2025-10-27T17:00:00+00:00,1.16387,1.16521,1.16351,1.16446
2025-10-27T21:00:00+00:00,1.16448,1.16589,1.16445,1.16556
2025-10-28T01:00:00+00:00,1.16557,1.16677,1.16539,1.16663
2025-10-28T05:00:00+00:00,1.16663,1.16681,1.16488,1.16522
2025-10-28T09:00:00+00:00,1.16521,1.1665,1.16349,1.16403
2025-10-28T13:00:00+00:00,1.16404,1.1668,1.16256,1.16679
2025-10-28T17:00:00+00:00,1.1668,1.16688,1.16508,1.1651
2025-10-28T21:00:00+00:00,1.16513,1.16609,1.16485,1.16546
2025-10-29T01:00:00+00:00,1.16545,1.16561,1.16316,1.16342
2025-10-29T05:00:00+00:00,1.16341,1.16378,1.16233,1.16233
2025-10-29T09:00:00+00:00,1.16233,1.16488,1.16187,1.16339
2025-10-29T13:00:00+00:00,1.16341,1.16661,1.16317,1.16572
2025-10-29T17:00:00+00:00,1.16571,1.1659,1.15776,1.1601
2025-10-29T21:00:00+00:00,1.16011,1.16155,1.1597,1.16121
2025-10-30T01:00:00+00:00,1.1612,1.16375,1.16069,1.16322
2025-10-30T05:00:00+00:00,1.1632,1.16342,1.16067,1.16172
2025-10-30T09:00:00+00:00,1.16172,1.16284,1.15532,1.15552
2025-10-30T13:00:00+00:00,1.15551,1.15863,1.15471,1.15692
2025-10-30T17:00:00+00:00,1.15693,1.15723,1.15604,1.15646
2025-10-30T21:00:00+00:00,1.15641,1.15771,1.1564,1.15739
2025-10-31T01:00:00+00:00,1.15739,1.15776,1.15651,1.15721
2025-10-31T05:00:00+00:00,1.1572,1.15734,1.1555,1.15707
2025-10-31T09:00:00+00:00,1.15706,1.15769,1.15534,1.15559
2025-10-31T13:00:00+00:00,1.15556,1.15564,1.15221,1.15301
2025-10-31T17:00:00+00:00,1.15303,1.15399,1.15215,1.15377
2025-11-02T22:00:00+00:00,1.15322,1.15385,1.15217,1.15271
2025-11-03T02:00:00+00:00,1.15274,1.15376,1.15264,1.15351
2025-11-03T06:00:00+00:00,1.15348,1.15415,1.15096,1.15145
2025-11-03T10:00:00+00:00,1.15144,1.15221,1.15059,1.15111
2025-11-03T14:00:00+00:00,1.1511,1.15379,1.15052,1.15272
2025-11-03T18:00:00+00:00,1.15273,1.15312,1.15162,1.152
2025-11-03T22:00:00+00:00,1.15199,1.15226,1.14982,1.15101
2025-11-04T02:00:00+00:00,1.15098,1.15177,1.15049,1.15126
2025-11-04T06:00:00+00:00,1.15127,1.15336,1.15,1.15011
2025-11-04T10:00:00+00:00,1.15009,1.15099,1.1477,1.14924
2025-11-04T14:00:00+00:00,1.14922,1.14967,1.1473,1.1484
2025-11-04T18:00:00+00:00,1.14839,1.14872,1.14752,1.14823
2025-11-04T22:00:00+00:00,1.14826,1.14982,1.14798,1.14894
2025-11-05T02:00:00+00:00,1.14895,1.14943,1.14852,1.14919
2025-11-05T06:00:00+00:00,1.14918,1.14955,1.14814,1.14845
2025-11-05T10:00:00+00:00,1.14846,1.14936,1.1473,1.14736
2025-11-05T14:00:00+00:00,1.14736,1.14931,1.14688,1.14805
2025-11-05T18:00:00+00:00,1.14807,1.14941,1.14789,1.14924
2025-11-05T22:00:00+00:00,1.14924,1.15089,1.1491,1.15074
2025-11-06T02:00:00+00:00,1.15073,1.15111,1.15033,1.15102
2025-11-06T06:00:00+00:00,1.15099,1.15239,1.15054,1.15136
2025-11-06T10:00:00+00:00,1.15136,1.15441,1.15102,1.15358
2025-11-06T14:00:00+00:00,1.15359,1.15429,1.1519,1.15408
2025-11-06T18:00:00+00:00,1.15407,1.15524,1.15393,1.1547
2025-11-06T22:00:00+00:00,1.1547,1.15516,1.15362,1.1538
2025-11-07T02:00:00+00:00,1.15382,1.1543,1.15325,1.1534
2025-11-07T06:00:00+00:00,1.15343,1.15424,1.15296,1.15383
2025-11-07T10:00:00+00:00,1.15382,1.15698,1.15375,1.15675
2025-11-07T14:00:00+00:00,1.15675,1.15912,1.15655,1.15804
2025-11-07T18:00:00+00:00,1.15804,1.15836,1.15556,1.15671
2025-11-09T22:00:00+00:00,1.15599,1.15607,1.15416,1.15581
2025-11-10T02:00:00+00:00,1.1558,1.15666,1.15513,1.1562
2025-11-10T06:00:00+00:00,1.15623,1.15831,1.15515,1.15683
2025-11-10T10:00:00+00:00,1.15682,1.15779,1.1554,1.1568
2025-11-10T14:00:00+00:00,1.1568,1.15686,1.15412,1.15605
2025-11-10T18:00:00+00:00,1.15606,1.15649,1.15552,1.15572
2025-11-10T22:00:00+00:00,1.15569,1.15604,1.1547,1.15548
2025-11-11T02:00:00+00:00,1.15548,1.15653,1.15521,1.15616
2025-11-11T06:00:00+00:00,1.15617,1.15686,1.15496,1.1565
2025-11-11T10:00:00+00:00,1.15649,1.16059,1.15625,1.16009
2025-11-11T14:00:00+00:00,1.16011,1.16051,1.15907,1.15949
2025-11-11T18:00:00+00:00,1.15948,1.15956,1.15811,1.15824
2025-11-11T22:00:00+00:00,1.15824,1.15874,1.15746,1.15755
2025-11-12T02:00:00+00:00,1.15754,1.15815,1.15701,1.15763
2025-11-12T06:00:00+00:00,1.15762,1.15884,1.15683,1.15701
2025-11-12T10:00:00+00:00,1.157,1.15804,1.15651,1.1572
2025-11-12T14:00:00+00:00,1.1572,1.15979,1.15629,1.1593
2025-11-12T18:00:00+00:00,1.15931,1.15943,1.1584,1.15934
2025-11-12T22:00:00+00:00,1.15936,1.15948,1.15791,1.15894
2025-11-13T02:00:00+00:00,1.15895,1.15929,1.15802,1.1582
2025-11-13T06:00:00+00:00,1.15819,1.16349,1.15813,1.16165
2025-11-13T10:00:00+00:00,1.16166,1.16251,1.16047,1.16205
2025-11-13T14:00:00+00:00,1.16207,1.16561,1.16169,1.16513
2025-11-13T18:00:00+00:00,1.16513,1.1652,1.16308,1.16332
2025-11-13T22:00:00+00:00,1.16331,1.16412,1.16235,1.16334
2025-11-14T02:00:00+00:00,1.16332,1.16485,1.16298,1.16479
2025-11-14T06:00:00+00:00,1.16478,1.16486,1.16204,1.16219
2025-11-14T10:00:00+00:00,1.16216,1.16538,1.16089,1.16378
2025-11-14T14:00:00+00:00,1.16378,1.16384,1.16061,1.16141
2025-11-14T18:00:00+00:00,1.16141,1.16239,1.16098,1.16208
2025-11-16T22:00:00+00:00,1.16186,1.16248,1.16052,1.16065
2025-11-17T02:00:00+00:00,1.16066,1.16066,1.15964,1.16004
2025-11-17T06:00:00+00:00,1.16005,1.16151,1.15951,1.16014
2025-11-17T10:00:00+00:00,1.16015,1.16081,1.15885,1.15913
2025-11-17T14:00:00+00:00,1.15913,1.16019,1.15819,1.15939
2025-11-17T18:00:00+00:00,1.1594,1.15954,1.15826,1.15917
2025-11-17T22:00:00+00:00,1.15915,1.15943,1.15846,1.1591
2025-11-18T02:00:00+00:00,1.15909,1.16038,1.15882,1.15979
2025-11-18T06:00:00+00:00,1.1598,1.16064,1.15874,1.15894
2025-11-18T10:00:00+00:00,1.15894,1.1602,1.15795,1.15969
2025-11-18T14:00:00+00:00,1.15976,1.16078,1.15714,1.15756
2025-11-18T18:00:00+00:00,1.15756,1.15871,1.15751,1.15809
2025-11-18T22:00:00+00:00,1.1581,1.15851,1.1576,1.15768
2025-11-19T02:00:00+00:00,1.15768,1.15909,1.15726,1.1589
2025-11-19T06:00:00+00:00,1.1589,1.15973,1.15658,1.15734
2025-11-19T10:00:00+00:00,1.15733,1.15911,1.15677,1.15728
2025-11-19T14:00:00+00:00,1.15726,1.15739,1.1526,1.15331
2025-11-19T18:00:00+00:00,1.15332,1.15391,1.15179,1.15378
2025-11-19T22:00:00+00:00,1.15377,1.15422,1.15224,1.15229
2025-11-20T02:00:00+00:00,1.15227,1.15237,1.15103,1.15158
2025-11-20T06:00:00+00:00,1.15157,1.1528,1.15115,1.15275
2025-11-20T10:00:00+00:00,1.15277,1.15397,1.15021,1.15278
2025-11-20T14:00:00+00:00,1.15277,1.15501,1.152,1.15288
2025-11-20T18:00:00+00:00,1.15287,1.15408,1.1524,1.15279
2025-11-20T22:00:00+00:00,1.15279,1.15383,1.15236,1.15325
2025-11-21T02:00:00+00:00,1.15326,1.15421,1.15323,1.15353
2025-11-21T06:00:00+00:00,1.15354,1.15526,1.15251,1.15255
2025-11-21T10:00:00+00:00,1.15252,1.15271,1.14967,1.15207
2025-11-21T14:00:00+00:00,1.15206,1.15235,1.14911,1.15073
2025-11-21T18:00:00+00:00,1.15074,1.15209,1.1502,1.15158
2025-11-23T22:00:00+00:00,1.15187,1.15192,1.1502,1.15104
2025-11-24T02:00:00+00:00,1.15105,1.15283,1.15104,1.15226
2025-11-24T06:00:00+00:00,1.15225,1.15345,1.15097,1.15298
2025-11-24T10:00:00+00:00,1.15299,1.15504,1.15299,1.15385
2025-11-24T14:00:00+00:00,1.15385,1.15412,1.15116,1.15181
2025-11-24T18:00:00+00:00,1.1518,1.15292,1.15173,1.1521
2025-11-24T22:00:00+00:00,1.15211,1.15301,1.15187,1.15257
2025-11-25T02:00:00+00:00,1.15258,1.15303,1.15116,1.1517
2025-11-25T06:00:00+00:00,1.15166,1.15368,1.15148,1.15341
2025-11-25T10:00:00+00:00,1.1534,1.15626,1.15247,1.15584
2025-11-25T14:00:00+00:00,1.15585,1.15841,1.15501,1.15823
2025-11-25T18:00:00+00:00,1.15824,1.15861,1.15582,1.15703
2025-11-25T22:00:00+00:00,1.15705,1.1583,1.15633,1.15774
2025-11-26T02:00:00+00:00,1.15773,1.15917,1.15747,1.1591
2025-11-26T06:00:00+00:00,1.15909,1.15959,1.15658,1.1572
2025-11-26T10:00:00+00:00,1.15721,1.1584,1.15484,1.15525
2025-11-26T14:00:00+00:00,1.15524,1.16009,1.15471,1.1593
2025-11-26T18:00:00+00:00,1.15929,1.15975,1.15892,1.15952
2025-11-26T22:00:00+00:00,1.15952,1.16127,1.15897,1.16092
2025-11-27T02:00:00+00:00,1.16092,1.16134,1.16,1.16023
2025-11-27T06:00:00+00:00,1.16024,1.16054,1.15766,1.15776
2025-11-27T10:00:00+00:00,1.15777,1.1597,1.1577,1.1595
2025-11-27T14:00:00+00:00,1.15951,1.16016,1.15903,1.15951
2025-11-27T18:00:00+00:00,1.15951,1.15972,1.15913,1.15956
2025-11-27T22:00:00+00:00,1.15958,1.16021,1.15816,1.15831
2025-11-28T02:00:00+00:00,1.15832,1.15938,1.15802,1.15897
2025-11-28T06:00:00+00:00,1.15895,1.15906,1.15665,1.15688
2025-11-28T10:00:00+00:00,1.15691,1.15786,1.15553,1.15748
2025-11-28T14:00:00+00:00,1.15747,1.16077,1.15712,1.16027
2025-11-28T18:00:00+00:00,1.16026,1.16046,1.1596,1.15985
2025-11-30T22:00:00+00:00,1.15955,1.16159,1.15934,1.16052
2025-12-01T02:00:00+00:00,1.16051,1.16058,1.15895,1.15979
2025-12-01T06:00:00+00:00,1.15978,1.16236,1.15905,1.16222
2025-12-01T10:00:00+00:00,1.16222,1.16524,1.1619,1.1645
2025-12-01T14:00:00+00:00,1.16449,1.16452,1.1618,1.16207
2025-12-01T18:00:00+00:00,1.16208,1.16236,1.16065,1.161
2025-12-01T22:00:00+00:00,1.16099,1.16112,1.16038,1.16092
2025-12-02T02:00:00+00:00,1.16091,1.16142,1.16071,1.161
2025-12-02T06:00:00+00:00,1.161,1.16163,1.16025,1.16101
2025-12-02T10:00:00+00:00,1.16102,1.16196,1.15985,1.16176
2025-12-02T14:00:00+00:00,1.16177,1.16232,1.15912,1.16073
2025-12-02T18:00:00+00:00,1.16073,1.1626,1.16057,1.16241
2025-12-02T22:00:00+00:00,1.16246,1.16377,1.16212,1.16369
2025-12-03T02:00:00+00:00,1.1637,1.16437,1.16355,1.16427
2025-12-03T06:00:00+00:00,1.16428,1.16528,1.16358,1.16457
2025-12-03T10:00:00+00:00,1.16458,1.16753,1.16449,1.16664
2025-12-03T14:00:00+00:00,1.16665,1.16708,1.16546,1.16686
2025-12-03T18:00:00+00:00,1.16687,1.16777,1.16644,1.1671
2025-12-03T22:00:00+00:00,1.16715,1.16751,1.16589,1.16633
2025-12-04T02:00:00+00:00,1.16633,1.1664,1.16534,1.16596
2025-12-04T06:00:00+00:00,1.16597,1.16821,1.16532,1.16776
2025-12-04T10:00:00+00:00,1.16776,1.16809,1.16521,1.16649
2025-12-04T14:00:00+00:00,1.16649,1.1677,1.16531,1.16562
2025-12-04T18:00:00+00:00,1.16561,1.16599,1.16411,1.16444
2025-12-04T22:00:00+00:00,1.16444,1.16538,1.16411,1.16535
2025-12-05T02:00:00+00:00,1.16536,1.16593,1.16465,1.16592
2025-12-05T06:00:00+00:00,1.16591,1.16718,1.16483,1.16545
2025-12-05T10:00:00+00:00,1.16546,1.1657,1.16417,1.16518
2025-12-05T14:00:00+00:00,1.16519,1.16602,1.16281,1.16442
2025-12-05T18:00:00+00:00,1.16443,1.16486,1.16397,1.16417
2025-12-07T22:00:00+00:00,1.16415,1.16532,1.1638,1.16518
2025-12-08T02:00:00+00:00,1.16519,1.16564,1.16488,1.16561
2025-12-08T06:00:00+00:00,1.16562,1.16721,1.1648,1.16487
2025-12-08T10:00:00+00:00,1.16485,1.16573,1.16456,1.16484
2025-12-08T14:00:00+00:00,1.16485,1.16548,1.16164,1.16391
2025-12-08T18:00:00+00:00,1.16392,1.16421,1.16343,1.16373
2025-12-08T22:00:00+00:00,1.16374,1.16477,1.16341,1.16473
2025-12-09T02:00:00+00:00,1.16473,1.16504,1.16438,1.1649
2025-12-09T06:00:00+00:00,1.16488,1.16573,1.16336,1.16524
2025-12-09T10:00:00+00:00,1.16523,1.16543,1.16291,1.16345
2025-12-09T14:00:00+00:00,1.16344,1.16411,1.16151,1.16241
2025-12-09T18:00:00+00:00,1.16241,1.16321,1.16169,1.16275
2025-12-09T22:00:00+00:00,1.16284,1.16297,1.16224,1.16239
2025-12-10T02:00:00+00:00,1.16236,1.1631,1.16216,1.16298
2025-12-10T06:00:00+00:00,1.16298,1.16578,1.16288,1.16366
2025-12-10T10:00:00+00:00,1.16365,1.16424,1.16276,1.16402
2025-12-10T14:00:00+00:00,1.16402,1.16602,1.16338,1.16588
2025-12-10T18:00:00+00:00,1.16588,1.16999,1.16469,1.16953
2025-12-10T22:00:00+00:00,1.16953,1.17075,1.16896,1.17018
2025-12-11T02:00:00+00:00,1.17019,1.17062,1.16847,1.16854
2025-12-11T06:00:00+00:00,1.16856,1.17067,1.16824,1.17022
2025-12-11T10:00:00+00:00,1.17023,1.17365,1.16989,1.17311
2025-12-11T14:00:00+00:00,1.1731,1.17629,1.17303,1.17553
2025-12-11T18:00:00+00:00,1.17551,1.17594,1.17367,1.17381
2025-12-11T22:00:00+00:00,1.17382,1.17463,1.17326,1.1735
2025-12-12T02:00:00+00:00,1.17349,1.17395,1.17313,1.17387
2025-12-12T06:00:00+00:00,1.17386,1.17434,1.17269,1.17329
2025-12-12T10:00:00+00:00,1.17328,1.17352,1.17196,1.17274
2025-12-12T14:00:00+00:00,1.17273,1.17481,1.17232,1.17477
2025-12-12T18:00:00+00:00,1.17476,1.17498,1.17353,1.17402
2025-12-14T22:00:00+00:00,1.17377,1.17424,1.17285,1.17414
2025-12-15T02:00:00+00:00,1.17414,1.17449,1.17319,1.17344
2025-12-15T06:00:00+00:00,1.17343,1.17436,1.17265,1.17433
2025-12-15T10:00:00+00:00,1.17432,1.17598,1.17392,1.17476
2025-12-15T14:00:00+00:00,1.17474,1.1769,1.17441,1.17458
2025-12-15T18:00:00+00:00,1.17459,1.1754,1.17383,1.17527
2025-12-15T22:00:00+00:00,1.17528,1.17581,1.17468,1.17519
2025-12-16T02:00:00+00:00,1.17519,1.17592,1.17492,1.17505
2025-12-16T06:00:00+00:00,1.17505,1.17641,1.17444,1.17561
2025-12-16T10:00:00+00:00,1.17565,1.17949,1.17517,1.17758
2025-12-16T14:00:00+00:00,1.17758,1.18041,1.17612,1.17639
2025-12-16T18:00:00+00:00,1.17639,1.17639,1.17352,1.17468
2025-12-16T22:00:00+00:00,1.17468,1.17524,1.17453,1.17474
2025-12-17T02:00:00+00:00,1.17473,1.17481,1.17249,1.17292
2025-12-17T06:00:00+00:00,1.17293,1.17306,1.17031,1.17161
2025-12-17T10:00:00+00:00,1.1716,1.17334,1.17078,1.17319
2025-12-17T14:00:00+00:00,1.17319,1.17583,1.17281,1.17494
2025-12-17T18:00:00+00:00,1.17496,1.17556,1.17386,1.17407
2025-12-17T22:00:00+00:00,1.17407,1.17458,1.17352,1.17386
2025-12-18T02:00:00+00:00,1.17386,1.17469,1.17369,1.1746
2025-12-18T06:00:00+00:00,1.17458,1.17497,1.17172,1.1722
2025-12-18T10:00:00+00:00,1.17219,1.17629,1.17124,1.17469
2025-12-18T14:00:00+00:00,1.17469,1.17557,1.17151,1.17189
2025-12-18T18:00:00+00:00,1.17191,1.17279,1.17154,1.17223
2025-12-18T22:00:00+00:00,1.17221,1.17287,1.17187,1.17244
2025-12-19T02:00:00+00:00,1.17245,1.17286,1.17156,1.172
2025-12-19T06:00:00+00:00,1.17199,1.17217,1.17033,1.17123
2025-12-19T10:00:00+00:00,1.17122,1.17194,1.17023,1.17193
2025-12-19T14:00:00+00:00,1.17194,1.17378,1.17083,1.17193
2025-12-19T18:00:00+00:00,1.17193,1.17273,1.17061,1.17113
2025-12-21T22:00:00+00:00,1.1719,1.172,1.17061,1.17173
2025-12-22T02:00:00+00:00,1.17174,1.17222,1.17136,1.17175
2025-12-22T06:00:00+00:00,1.17174,1.17382,1.17129,1.17301
2025-12-22T10:00:00+00:00,1.17301,1.17544,1.17288,1.17505
2025-12-22T14:00:00+00:00,1.17506,1.17694,1.17451,1.17583
2025-12-22T18:00:00+00:00,1.17582,1.17626,1.17489,1.17616
2025-12-22T22:00:00+00:00,1.17612,1.17761,1.17563,1.1773
2025-12-23T02:00:00+00:00,1.17732,1.17806,1.17726,1.1775
2025-12-23T06:00:00+00:00,1.17752,1.1793,1.17686,1.17927
2025-12-23T10:00:00+00:00,1.17927,1.18022,1.17743,1.17748
2025-12-23T14:00:00+00:00,1.17749,1.17804,1.17639,1.17708
2025-12-23T18:00:00+00:00,1.17709,1.17971,1.17695,1.17945
2025-12-23T22:00:00+00:00,1.17946,1.18064,1.17903,1.18052
2025-12-24T02:00:00+00:00,1.18055,1.1808,1.1786,1.17992
2025-12-24T06:00:00+00:00,1.1799,1.1804,1.17798,1.17997
2025-12-24T10:00:00+00:00,1.17997,1.18001,1.1784,1.17854
2025-12-24T14:00:00+00:00,1.17853,1.1787,1.17727,1.17767
2025-12-24T18:00:00+00:00,1.17767,1.17824,1.17743,1.17793
2025-12-24T22:00:00+00:00,1.17792,1.17866,1.17714,1.1774
2025-12-25T02:00:00+00:00,1.17746,1.17789,1.17732,1.17768
2025-12-25T06:00:00+00:00,1.17768,1.17887,1.17714,1.17803
2025-12-25T22:00:00+00:00,1.17813,1.17921,1.17768,1.17874
2025-12-26T02:00:00+00:00,1.17874,1.17936,1.178,1.17861
2025-12-26T06:00:00+00:00,1.17862,1.17879,1.17664,1.17703
2025-12-26T10:00:00+00:00,1.177,1.17968,1.17691,1.17914
2025-12-26T14:00:00+00:00,1.17914,1.17945,1.17616,1.17701
2025-12-26T18:00:00+00:00,1.17704,1.17816,1.17658,1.17722
2025-12-28T22:00:00+00:00,1.17697,1.17864,1.17675,1.17842
2025-12-29T02:00:00+00:00,1.17841,1.17853,1.17538,1.17562
2025-12-29T06:00:00+00:00,1.17563,1.17891,1.17542,1.17763
2025-12-29T10:00:00+00:00,1.17762,1.17802,1.17556,1.17698
2025-12-29T14:00:00+00:00,1.17698,1.17888,1.17495,1.17521
2025-12-29T18:00:00+00:00,1.17518,1.17748,1.17507,1.17725
2025-12-29T22:00:00+00:00,1.17725,1.17752,1.17658,1.17751
2025-12-30T02:00:00+00:00,1.17752,1.1779,1.17705,1.17752
2025-12-30T06:00:00+00:00,1.17752,1.178,1.17643,1.17691
2025-12-30T10:00:00+00:00,1.1769,1.17775,1.17553,1.17633
2025-12-30T14:00:00+00:00,1.17634,1.17666,1.17454,1.17559
2025-12-30T18:00:00+00:00,1.17561,1.17593,1.17433,1.17481
2025-12-30T22:00:00+00:00,1.17483,1.175,1.17417,1.17426
2025-12-31T02:00:00+00:00,1.17425,1.17437,1.17331,1.17385
2025-12-31T06:00:00+00:00,1.17386,1.17399,1.17201,1.17351
2025-12-31T10:00:00+00:00,1.17351,1.17593,1.17286,1.1742
2025-12-31T14:00:00+00:00,1.17417,1.17489,1.17204,1.17361
2025-12-31T18:00:00+00:00,1.17359,1.17531,1.17304,1.1746
2026-01-01T22:00:00+00:00,1.1746,1.17627,1.17429,1.1761
2026-01-02T02:00:00+00:00,1.17609,1.17651,1.17509,1.17514
2026-01-02T06:00:00+00:00,1.17512,1.17515,1.17206,1.17215
2026-01-02T10:00:00+00:00,1.17216,1.17291,1.17134,1.17216
2026-01-02T14:00:00+00:00,1.17217,1.17544,1.17159,1.17308
2026-01-02T18:00:00+00:00,1.17308,1.17313,1.17143,1.17212
2026-01-04T22:00:00+00:00,1.17244,1.17252,1.16996,1.17005
2026-01-05T02:00:00+00:00,1.17004,1.17017,1.16723,1.16855
2026-01-05T06:00:00+00:00,1.16854,1.16949,1.16738,1.16825
2026-01-05T10:00:00+00:00,1.16825,1.16911,1.1659,1.16745
2026-01-05T14:00:00+00:00,1.16746,1.17198,1.16734,1.17144
2026-01-05T18:00:00+00:00,1.17144,1.17288,1.17134,1.17217
2026-01-05T22:00:00+00:00,1.17221,1.17254,1.17108,1.17254
2026-01-06T02:00:00+00:00,1.17255,1.17383,1.17223,1.17288
2026-01-06T06:00:00+00:00,1.17289,1.17429,1.17081,1.17133
2026-01-06T10:00:00+00:00,1.17132,1.17173,1.16972,1.1711
2026-01-06T14:00:00+00:00,1.17111,1.17177,1.16839,1.17007
2026-01-06T18:00:00+00:00,1.17007,1.17022,1.16839,1.1689
2026-01-06T22:00:00+00:00,1.16887,1.17007,1.16851,1.16959
2026-01-07T02:00:00+00:00,1.16959,1.17027,1.16909,1.16931
2026-01-07T06:00:00+00:00,1.16931,1.16997,1.1673,1.16844
2026-01-07T10:00:00+00:00,1.16844,1.16947,1.16812,1.16916
2026-01-07T14:00:00+00:00,1.16915,1.16987,1.16799,1.1688
2026-01-07T18:00:00+00:00,1.1688,1.16905,1.16735,1.16738
2026-01-07T22:00:00+00:00,1.16744,1.16782,1.1673,1.16748
2026-01-08T02:00:00+00:00,1.16746,1.1683,1.16726,1.16825
2026-01-08T06:00:00+00:00,1.16824,1.1683,1.16689,1.16769
2026-01-08T10:00:00+00:00,1.16769,1.1682,1.16583,1.16628
2026-01-08T14:00:00+00:00,1.16627,1.16738,1.16437,1.16508
2026-01-08T18:00:00+00:00,1.16506,1.16627,1.16426,1.16594
2026-01-08T22:00:00+00:00,1.16594,1.16623,1.16484,1.16491
2026-01-09T02:00:00+00:00,1.16492,1.16592,1.16461,1.16513
2026-01-09T06:00:00+00:00,1.16512,1.16531,1.164,1.16424
2026-01-09T10:00:00+00:00,1.16425,1.16606,1.16257,1.16452
2026-01-09T14:00:00+00:00,1.16453,1.16526,1.16182,1.16318
2026-01-09T18:00:00+00:00,1.16318,1.16399,1.16295,1.16342
2026-01-11T22:00:00+00:00,1.16331,1.16714,1.16217,1.16561
2026-01-12T02:00:00+00:00,1.16561,1.16711,1.16531,1.16692
2026-01-12T06:00:00+00:00,1.16691,1.16958,1.16641,1.16819
2026-01-12T10:00:00+00:00,1.16818,1.16986,1.16757,1.16929
2026-01-12T14:00:00+00:00,1.16928,1.16928,1.16661,1.16685
2026-01-12T18:00:00+00:00,1.16686,1.16738,1.1663,1.16671
2026-01-12T22:00:00+00:00,1.16671,1.1671,1.16563,1.16585
2026-01-13T02:00:00+00:00,1.16584,1.16676,1.16566,1.16627
2026-01-13T06:00:00+00:00,1.16628,1.16728,1.16539,1.16718
2026-01-13T10:00:00+00:00,1.16719,1.16778,1.16502,1.16684
2026-01-13T14:00:00+00:00,1.16683,1.16734,1.16342,1.1646
2026-01-13T18:00:00+00:00,1.1646,1.16546,1.16415,1.16424
2026-01-13T22:00:00+00:00,1.16422,1.1647,1.16368,1.16382
2026-01-14T02:00:00+00:00,1.16383,1.16488,1.16362,1.1642
2026-01-14T06:00:00+00:00,1.16419,1.16539,1.1641,1.1652
2026-01-14T10:00:00+00:00,1.16521,1.16601,1.16439,1.16501
2026-01-14T14:00:00+00:00,1.16499,1.16616,1.16455,1.16467
2026-01-14T18:00:00+00:00,1.16467,1.16479,1.16355,1.16443
2026-01-14T22:00:00+00:00,1.16444,1.16471,1.16332,1.16387
2026-01-15T02:00:00+00:00,1.16386,1.16416,1.16337,1.16353
2026-01-15T06:00:00+00:00,1.16353,1.16399,1.16261,1.16358
2026-01-15T10:00:00+00:00,1.16359,1.1641,1.15989,1.16013
2026-01-15T14:00:00+00:00,1.16014,1.16138,1.15931,1.1609
2026-01-15T18:00:00+00:00,1.16091,1.16175,1.16029,1.16083
2026-01-15T22:00:00+00:00,1.16082,1.16113,1.16024,1.16069
2026-01-16T02:00:00+00:00,1.16071,1.16142,1.1606,1.16068
2026-01-16T06:00:00+00:00,1.16066,1.16153,1.16044,1.16085
2026-01-16T10:00:00+00:00,1.16086,1.16235,1.16081,1.16186
2026-01-16T14:00:00+00:00,1.16187,1.16275,1.15844,1.15958
2026-01-16T18:00:00+00:00,1.15957,1.16024,1.15894,1.15979
2026-01-18T22:00:00+00:00,1.15833,1.16379,1.15785,1.16226
2026-01-19T02:00:00+00:00,1.16227,1.16378,1.16157,1.16275
2026-01-19T06:00:00+00:00,1.16275,1.16415,1.16112,1.16243
2026-01-19T10:00:00+00:00,1.16244,1.16356,1.16201,1.16319
2026-01-19T14:00:00+00:00,1.16317,1.16473,1.16302,1.1646
2026-01-19T18:00:00+00:00,1.16459,1.16488,1.16418,1.16457
2026-01-19T22:00:00+00:00,1.16458,1.16485,1.16326,1.16439
2026-01-20T02:00:00+00:00,1.16439,1.16725,1.16405,1.16632
2026-01-20T06:00:00+00:00,1.16631,1.17329,1.16622,1.17262
2026-01-20T10:00:00+00:00,1.17261,1.1769,1.17154,1.17334
2026-01-20T14:00:00+00:00,1.17334,1.17428,1.17153,1.17315
2026-01-20T18:00:00+00:00,1.17315,1.17341,1.17108,1.17245
2026-01-20T22:00:00+00:00,1.17246,1.17344,1.17167,1.1729
2026-01-21T02:00:00+00:00,1.17291,1.17318,1.17105,1.17175
2026-01-21T06:00:00+00:00,1.17176,1.17256,1.17014,1.17035
2026-01-21T10:00:00+00:00,1.17034,1.17432,1.17015,1.17396
2026-01-21T14:00:00+00:00,1.17394,1.17408,1.16946,1.17028
2026-01-21T18:00:00+00:00,1.17028,1.17056,1.16764,1.16839
2026-01-21T22:00:00+00:00,1.16839,1.16903,1.16698,1.16888
2026-01-22T02:00:00+00:00,1.16887,1.16974,1.16833,1.16884
2026-01-22T06:00:00+00:00,1.16886,1.16975,1.16842,1.16926
2026-01-22T10:00:00+00:00,1.16928,1.17187,1.16866,1.17138
2026-01-22T14:00:00+00:00,1.17141,1.17507,1.17108,1.17466
2026-01-22T18:00:00+00:00,1.17465,1.17565,1.17413,1.17544
2026-01-22T22:00:00+00:00,1.17544,1.17592,1.17471,1.17495
2026-01-23T02:00:00+00:00,1.17491,1.1754,1.1743,1.1751
2026-01-23T06:00:00+00:00,1.17509,1.17529,1.17284,1.17353
2026-01-23T10:00:00+00:00,1.17355,1.17474,1.17301,1.17341
2026-01-23T14:00:00+00:00,1.17341,1.17989,1.17319,1.17944
2026-01-23T18:00:00+00:00,1.17944,1.18337,1.17774,1.18304
2026-01-25T22:00:00+00:00,1.18661,1.18978,1.18446,1.18579
2026-01-26T02:00:00+00:00,1.18576,1.18765,1.18555,1.18651
2026-01-26T06:00:00+00:00,1.18649,1.18675,1.18366,1.18636
2026-01-26T10:00:00+00:00,1.18638,1.18653,1.18349,1.18559
2026-01-26T14:00:00+00:00,1.18559,1.1907,1.18526,1.18789
2026-01-26T18:00:00+00:00,1.1879,1.18904,1.18706,1.188
2026-01-26T22:00:00+00:00,1.188,1.18826,1.18717,1.18786
2026-01-27T02:00:00+00:00,1.18785,1.18994,1.18701,1.18768
2026-01-27T06:00:00+00:00,1.18769,1.189,1.18504,1.18891
2026-01-27T10:00:00+00:00,1.1889,1.19386,1.18741,1.19234
2026-01-27T14:00:00+00:00,1.19232,1.19902,1.19184,1.198
2026-01-27T18:00:00+00:00,1.198,1.20826,1.19712,1.20397
2026-01-27T22:00:00+00:00,1.20399,1.20458,1.19928,1.19929
2026-01-28T02:00:00+00:00,1.19929,1.20051,1.19749,1.19971
2026-01-28T06:00:00+00:00,1.19971,1.20259,1.19705,1.1987
2026-01-28T10:00:00+00:00,1.19869,1.19951,1.19519,1.19576
2026-01-28T14:00:00+00:00,1.19577,1.19775,1.19186,1.19411
2026-01-28T18:00:00+00:00,1.19412,1.19545,1.18959,1.19544
2026-01-28T22:00:00+00:00,1.19548,1.19853,1.19524,1.19613
2026-01-29T02:00:00+00:00,1.19612,1.19936,1.19534,1.19812
2026-01-29T06:00:00+00:00,1.19811,1.19965,1.19515,1.19557
2026-01-29T10:00:00+00:00,1.19558,1.19708,1.1938,1.19562
2026-01-29T14:00:00+00:00,1.19564,1.19726,1.19061,1.19557
2026-01-29T18:00:00+00:00,1.19556,1.19717,1.19459,1.19705
2026-01-29T22:00:00+00:00,1.19703,1.19747,1.19143,1.19171
2026-01-30T02:00:00+00:00,1.19171,1.19352,1.1895,1.19248
2026-01-30T06:00:00+00:00,1.19249,1.19433,1.18982,1.19085
2026-01-30T10:00:00+00:00,1.19084,1.19547,1.19019,1.19126
2026-01-30T14:00:00+00:00,1.19127,1.19212,1.18666,1.18724
2026-01-30T18:00:00+00:00,1.18724,1.1885,1.18495,1.18505
2026-02-01T22:00:00+00:00,1.18519,1.18749,1.18397,1.18707
2026-02-02T02:00:00+00:00,1.18708,1.18749,1.18411,1.18507
2026-02-02T06:00:00+00:00,1.18507,1.18667,1.18433,1.18623
2026-02-02T10:00:00+00:00,1.18622,1.18714,1.1818,1.18209
2026-02-02T14:00:00+00:00,1.18208,1.183,1.17903,1.18001
2026-02-02T18:00:00+00:00,1.18003,1.18012,1.1776,1.17908
2026-02-02T22:00:00+00:00,1.17911,1.1815,1.17874,1.18141
2026-02-03T02:00:00+00:00,1.1814,1.18167,1.18008,1.18089
2026-02-03T06:00:00+00:00,1.1809,1.18245,1.1792,1.17921
2026-02-03T10:00:00+00:00,1.17926,1.18067,1.17827,1.17961
2026-02-03T14:00:00+00:00,1.17962,1.1829,1.17801,1.18163
2026-02-03T18:00:00+00:00,1.18162,1.18255,1.18059,1.18185
2026-02-03T22:00:00+00:00,1.18188,1.1832,1.18087,1.1826
2026-02-04T02:00:00+00:00,1.18261,1.18362,1.18189,1.1833
2026-02-04T06:00:00+00:00,1.18329,1.1838,1.18112,1.1814
2026-02-04T10:00:00+00:00,1.18141,1.18271,1.18047,1.18224
2026-02-04T14:00:00+00:00,1.18226,1.18256,1.17905,1.17977
2026-02-04T18:00:00+00:00,1.17976,1.18097,1.17945,1.18071
2026-02-04T22:00:00+00:00,1.18071,1.18085,1.17996,1.18038
2026-02-05T02:00:00+00:00,1.18039,1.18054,1.17828,1.17901
2026-02-05T06:00:00+00:00,1.179,1.18089,1.17804,1.17808
2026-02-05T10:00:00+00:00,1.17806,1.18154,1.17804,1.18119
2026-02-05T14:00:00+00:00,1.18118,1.18219,1.17819,1.1801
2026-02-05T18:00:00+00:00,1.18011,1.1803,1.17751,1.17773
2026-02-05T22:00:00+00:00,1.17773,1.17884,1.17657,1.17854
2026-02-06T02:00:00+00:00,1.17853,1.18013,1.17849,1.17984
2026-02-06T06:00:00+00:00,1.17982,1.18018,1.17857,1.1792
2026-02-06T10:00:00+00:00,1.17921,1.18111,1.17857,1.18105
2026-02-06T14:00:00+00:00,1.18104,1.18262,1.18052,1.1818
2026-02-06T18:00:00+00:00,1.18179,1.1824,1.18125,1.18146
2026-02-08T22:00:00+00:00,1.18134,1.18337,1.18098,1.18256
2026-02-09T02:00:00+00:00,1.18255,1.18363,1.18161,1.18332
2026-02-09T06:00:00+00:00,1.18332,1.18699,1.18331,1.18623
2026-02-09T10:00:00+00:00,1.18622,1.19057,1.18551,1.19037
2026-02-09T14:00:00+00:00,1.19038,1.19267,1.18931,1.19087
2026-02-09T18:00:00+00:00,1.19087,1.19224,1.19035,1.19137
2026-02-09T22:00:00+00:00,1.19142,1.19163,1.18966,1.19057
2026-02-10T02:00:00+00:00,1.19061,1.19171,1.19037,1.19073
2026-02-10T06:00:00+00:00,1.19073,1.19199,1.18994,1.19145
2026-02-10T10:00:00+00:00,1.19146,1.19175,1.18885,1.19054
2026-02-10T14:00:00+00:00,1.19056,1.19287,1.18933,1.18959
2026-02-10T18:00:00+00:00,1.18959,1.19035,1.18867,1.18951
2026-02-10T22:00:00+00:00,1.18947,1.19021,1.18864,1.18978
2026-02-11T02:00:00+00:00,1.18978,1.19191,1.18977,1.19185
2026-02-11T06:00:00+00:00,1.19186,1.19258,1.19103,1.1918
2026-02-11T10:00:00+00:00,1.19179,1.19273,1.18332,1.18621
2026-02-11T14:00:00+00:00,1.18619,1.18935,1.18511,1.18859
2026-02-11T18:00:00+00:00,1.18858,1.1891,1.18687,1.18718
2026-02-11T22:00:00+00:00,1.18718,1.18826,1.18669,1.18807
2026-02-12T02:00:00+00:00,1.18806,1.18847,1.18583,1.18647
2026-02-12T06:00:00+00:00,1.18647,1.18879,1.18525,1.18872
2026-02-12T10:00:00+00:00,1.18872,1.18873,1.1867,1.18851
2026-02-12T14:00:00+00:00,1.1885,1.189,1.186,1.18654
2026-02-12T18:00:00+00:00,1.18654,1.18728,1.18563,1.18708
2026-02-12T22:00:00+00:00,1.18707,1.18735,1.18633,1.18669
2026-02-13T02:00:00+00:00,1.1867,1.18712,1.1858,1.18594
2026-02-13T06:00:00+00:00,1.18594,1.18668,1.18471,1.18606
2026-02-13T10:00:00+00:00,1.18605,1.18848,1.18529,1.18742
2026-02-13T14:00:00+00:00,1.18742,1.18829,1.18477,1.18749
2026-02-13T18:00:00+00:00,1.1875,1.18807,1.18644,1.18687
2026-02-15T22:00:00+00:00,1.18763,1.18771,1.18591,1.18654
2026-02-16T02:00:00+00:00,1.18653,1.18691,1.18609,1.18649
2026-02-16T06:00:00+00:00,1.18648,1.18705,1.18572,1.18645
2026-02-16T10:00:00+00:00,1.18644,1.18677,1.18491,1.18546
2026-02-16T14:00:00+00:00,1.18546,1.18635,1.18464,1.1848
2026-02-16T18:00:00+00:00,1.18482,1.18551,1.18481,1.18509
2026-02-16T22:00:00+00:00,1.1851,1.18527,1.18409,1.18446
2026-02-17T02:00:00+00:00,1.18444,1.18475,1.18358,1.18415
2026-02-17T06:00:00+00:00,1.18417,1.18499,1.18288,1.18467
2026-02-17T10:00:00+00:00,1.18467,1.18472,1.1816,1.18222
2026-02-17T14:00:00+00:00,1.18224,1.18424,1.1805,1.18395
2026-02-17T18:00:00+00:00,1.18396,1.18555,1.18389,1.18553
2026-02-17T22:00:00+00:00,1.18554,1.18575,1.18425,1.18464
2026-02-18T02:00:00+00:00,1.18462,1.18475,1.18393,1.18458
2026-02-18T06:00:00+00:00,1.18458,1.18465,1.18285,1.18361
2026-02-18T10:00:00+00:00,1.18361,1.18486,1.18236,1.18239
2026-02-18T14:00:00+00:00,1.18237,1.18278,1.18023,1.18061
2026-02-18T18:00:00+00:00,1.18062,1.18074,1.17822,1.17831
2026-02-18T22:00:00+00:00,1.17832,1.17952,1.17829,1.17946
2026-02-19T02:00:00+00:00,1.17947,1.17956,1.17848,1.17916
2026-02-19T06:00:00+00:00,1.17915,1.18076,1.17898,1.17999
2026-02-19T10:00:00+00:00,1.17999,1.18032,1.17514,1.17656
2026-02-19T14:00:00+00:00,1.17656,1.17755,1.1742,1.17658
2026-02-19T18:00:00+00:00,1.1766,1.17782,1.17592,1.17733
2026-02-19T22:00:00+00:00,1.17729,1.17762,1.17552,1.17589
2026-02-20T02:00:00+00:00,1.1759,1.17598,1.17503,1.17553
2026-02-20T06:00:00+00:00,1.17554,1.17681,1.17434,1.17668
2026-02-20T10:00:00+00:00,1.17671,1.17826,1.17572,1.17693
2026-02-20T14:00:00+00:00,1.17691,1.18075,1.17553,1.17802
2026-02-20T18:00:00+00:00,1.17802,1.1799,1.17768,1.17847
2026-02-22T22:00:00+00:00,1.17951,1.18347,1.17921,1.18263
2026-02-23T02:00:00+00:00,1.18263,1.18312,1.18152,1.18198
2026-02-23T06:00:00+00:00,1.18197,1.18339,1.18003,1.18009
2026-02-23T10:00:00+00:00,1.18008,1.18014,1.17745,1.17959
2026-02-23T14:00:00+00:00,1.17962,1.18099,1.17882,1.17988
2026-02-23T18:00:00+00:00,1.17986,1.1801,1.17842,1.1785
2026-02-23T22:00:00+00:00,1.17849,1.17964,1.17715,1.17819
2026-02-24T02:00:00+00:00,1.17817,1.17855,1.17681,1.17801
2026-02-24T06:00:00+00:00,1.17799,1.17931,1.17715,1.17876
2026-02-24T10:00:00+00:00,1.17877,1.17911,1.1768,1.17722
2026-02-24T14:00:00+00:00,1.17721,1.17901,1.1766,1.17855
2026-02-24T18:00:00+00:00,1.17854,1.17868,1.17719,1.17725
2026-02-24T22:00:00+00:00,1.17724,1.17822,1.1772,1.17786
2026-02-25T02:00:00+00:00,1.17785,1.18056,1.17781,1.1801
2026-02-25T06:00:00+00:00,1.1801,1.1808,1.17856,1.17879
2026-02-25T10:00:00+00:00,1.17878,1.17901,1.17711,1.17736
2026-02-25T14:00:00+00:00,1.17734,1.18144,1.17731,1.18073
2026-02-25T18:00:00+00:00,1.18075,1.1813,1.18029,1.18104
2026-02-25T22:00:00+00:00,1.18104,1.18289,1.18071,1.18274
2026-02-26T02:00:00+00:00,1.18274,1.18289,1.18126,1.18197
2026-02-26T06:00:00+00:00,1.18199,1.18223,1.17968,1.17972
2026-02-26T10:00:00+00:00,1.17971,1.18168,1.17933,1.18069
2026-02-26T14:00:00+00:00,1.1807,1.18159,1.17739,1.17761
2026-02-26T18:00:00+00:00,1.17761,1.18038,1.17741,1.17972
2026-02-26T22:00:00+00:00,1.17972,1.18058,1.17889,1.17902
2026-02-27T02:00:00+00:00,1.17903,1.18134,1.17903,1.18085
2026-02-27T06:00:00+00:00,1.18085,1.18218,1.17929,1.17952
2026-02-27T10:00:00+00:00,1.17955,1.18084,1.17905,1.17927
2026-02-27T14:00:00+00:00,1.17928,1.18269,1.17909,1.18166
2026-02-27T18:00:00+00:00,1.18167,1.1826,1.18108,1.18141
2026-03-01T22:00:00+00:00,1.17752,1.17944,1.17561,1.1792
2026-03-02T02:00:00+00:00,1.17919,1.1796,1.17661,1.17663
2026-03-02T06:00:00+00:00,1.17663,1.17666,1.16981,1.17331
2026-03-02T10:00:00+00:00,1.1733,1.17473,1.16954,1.16985
2026-03-02T14:00:00+00:00,1.16985,1.17239,1.16718,1.17071
2026-03-02T18:00:00+00:00,1.17071,1.17136,1.16785,1.16885
2026-03-02T22:00:00+00:00,1.16885,1.1707,1.1683,1.1697
2026-03-03T02:00:00+00:00,1.16968,1.16991,1.16651,1.16666
2026-03-03T06:00:00+00:00,1.16667,1.16717,1.15984,1.16054
2026-03-03T10:00:00+00:00,1.16055,1.16154,1.15821,1.15905
2026-03-03T14:00:00+00:00,1.15905,1.16061,1.15302,1.15905
2026-03-03T18:00:00+00:00,1.15905,1.16259,1.159,1.16136
2026-03-03T22:00:00+00:00,1.16145,1.16205,1.15748,1.15938
2026-03-04T02:00:00+00:00,1.15938,1.16105,1.15871,1.15952
2026-03-04T06:00:00+00:00,1.15951,1.16282,1.15897,1.16088
2026-03-04T10:00:00+00:00,1.16088,1.16547,1.16088,1.16311
2026-03-04T14:00:00+00:00,1.16309,1.16461,1.16168,1.1633
2026-03-04T18:00:00+00:00,1.16331,1.16438,1.16234,1.16333
2026-03-04T22:00:00+00:00,1.16334,1.16474,1.16272,1.16282
2026-03-05T02:00:00+00:00,1.1628,1.16317,1.15941,1.15945
2026-03-05T06:00:00+00:00,1.15946,1.16447,1.15816,1.16228
2026-03-05T10:00:00+00:00,1.16227,1.16317,1.15899,1.15975
2026-03-05T14:00:00+00:00,1.15975,1.16091,1.15589,1.1588
2026-03-05T18:00:00+00:00,1.15878,1.16106,1.15701,1.16093
2026-03-05T22:00:00+00:00,1.16093,1.16202,1.16032,1.16151
2026-03-06T02:00:00+00:00,1.1615,1.16212,1.16057,1.16065
2026-03-06T06:00:00+00:00,1.16065,1.16182,1.15718,1.15742
2026-03-06T10:00:00+00:00,1.15742,1.15937,1.15505,1.15551
2026-03-06T14:00:00+00:00,1.1555,1.16131,1.15459,1.15959
2026-03-06T18:00:00+00:00,1.15959,1.16215,1.15929,1.16183
2026-03-08T21:00:00+00:00,1.15482,1.15587,1.1516,1.15175
2026-03-09T01:00:00+00:00,1.15173,1.15296,1.15071,1.15258
2026-03-09T05:00:00+00:00,1.15259,1.15715,1.15153,1.15346
2026-03-09T09:00:00+00:00,1.15348,1.15734,1.15311,1.15533
2026-03-09T13:00:00+00:00,1.15534,1.15992,1.15477,1.15877
2026-03-09T17:00:00+00:00,1.15875,1.16378,1.15754,1.16358
2026-03-09T21:00:00+00:00,1.16358,1.16457,1.16116,1.16263
2026-03-10T01:00:00+00:00,1.16262,1.16299,1.16071,1.16118
2026-03-10T05:00:00+00:00,1.16118,1.16637,1.16115,1.16459
2026-03-10T09:00:00+00:00,1.16459,1.1659,1.16204,1.16345
2026-03-10T13:00:00+00:00,1.16345,1.16552,1.16271,1.16518
2026-03-10T17:00:00+00:00,1.16517,1.16674,1.1606,1.16108
2026-03-10T21:00:00+00:00,1.16108,1.16249,1.1603,1.1618
2026-03-11T01:00:00+00:00,1.1618,1.16352,1.16124,1.16338
2026-03-11T05:00:00+00:00,1.16338,1.16454,1.16037,1.16126
2026-03-11T09:00:00+00:00,1.16126,1.16141,1.15774,1.15827
2026-03-11T13:00:00+00:00,1.15826,1.16128,1.1563,1.1571
2026-03-11T17:00:00+00:00,1.15711,1.15766,1.15609,1.15672
2026-03-11T21:00:00+00:00,1.1567,1.15747,1.15341,1.15459
2026-03-12T01:00:00+00:00,1.1546,1.15556,1.15319,1.15332
2026-03-12T05:00:00+00:00,1.15331,1.15561,1.15327,1.15474
2026-03-12T09:00:00+00:00,1.15475,1.15664,1.15326,1.15393
2026-03-12T13:00:00+00:00,1.15395,1.15504,1.1511,1.1522
2026-03-12T17:00:00+00:00,1.15219,1.15319,1.15099,1.15118
2026-03-12T21:00:00+00:00,1.15119,1.15284,1.15109,1.15234
2026-03-13T01:00:00+00:00,1.15234,1.15298,1.15001,1.15033
2026-03-13T05:00:00+00:00,1.15034,1.15068,1.1433,1.14451
2026-03-13T09:00:00+00:00,1.14453,1.14886,1.14453,1.14779
2026-03-13T13:00:00+00:00,1.1478,1.14901,1.14346,1.14422
2026-03-13T17:00:00+00:00,1.14421,1.14461,1.14109,1.14167
2026-03-15T21:00:00+00:00,1.14263,1.14555,1.1419,1.14548
2026-03-16T01:00:00+00:00,1.1455,1.14566,1.14398,1.14416
2026-03-16T05:00:00+00:00,1.14416,1.14454,1.14142,1.14449
2026-03-16T09:00:00+00:00,1.14448,1.1488,1.1441,1.14738
2026-03-16T13:00:00+00:00,1.14739,1.15022,1.14739,1.14936
2026-03-16T17:00:00+00:00,1.14938,1.1525,1.14906,1.15047
2026-03-16T21:00:00+00:00,1.15047,1.15095,1.14892,1.14926
2026-03-17T01:00:00+00:00,1.14924,1.1503,1.14865,1.14971
2026-03-17T05:00:00+00:00,1.1497,1.15182,1.14661,1.15105
2026-03-17T09:00:00+00:00,1.15106,1.15249,1.1504,1.15241
2026-03-17T13:00:00+00:00,1.15243,1.15436,1.15183,1.1528
2026-03-17T17:00:00+00:00,1.1528,1.15473,1.15265,1.15399
2026-03-17T21:00:00+00:00,1.15397,1.15451,1.1532,1.15327
2026-03-18T01:00:00+00:00,1.15327,1.15426,1.15321,1.15416
2026-03-18T05:00:00+00:00,1.15416,1.15494,1.15178,1.15325
2026-03-18T09:00:00+00:00,1.15324,1.15553,1.15056,1.15074
2026-03-18T13:00:00+00:00,1.15074,1.15297,1.14907,1.15109
2026-03-18T17:00:00+00:00,1.15108,1.15253,1.14498,1.14521
2026-03-18T21:00:00+00:00,1.1452,1.14745,1.14513,1.14743
2026-03-19T01:00:00+00:00,1.14743,1.14914,1.14669,1.14689
2026-03-19T05:00:00+00:00,1.14689,1.14769,1.14431,1.14511
2026-03-19T09:00:00+00:00,1.14512,1.149,1.14511,1.14872
2026-03-19T13:00:00+00:00,1.14871,1.15389,1.14695,1.15359
2026-03-19T17:00:00+00:00,1.15361,1.16162,1.15358,1.15887
2026-03-19T21:00:00+00:00,1.15888,1.15951,1.15711,1.15738
2026-03-20T01:00:00+00:00,1.15739,1.15771,1.15551,1.15557
2026-03-20T05:00:00+00:00,1.15556,1.15807,1.15524,1.15678
2026-03-20T09:00:00+00:00,1.15677,1.15801,1.15352,1.15645
2026-03-20T13:00:00+00:00,1.15646,1.15665,1.15247,1.15593
2026-03-20T17:00:00+00:00,1.15595,1.15734,1.15469,1.15722
2026-03-22T21:00:00+00:00,1.15386,1.15648,1.15364,1.15444
2026-03-23T01:00:00+00:00,1.15443,1.15618,1.15427,1.15506
2026-03-23T05:00:00+00:00,1.15504,1.15525,1.15205,1.15298
2026-03-23T09:00:00+00:00,1.15297,1.162,1.14845,1.16126
2026-03-23T13:00:00+00:00,1.16126,1.16398,1.15766,1.15911
2026-03-23T17:00:00+00:00,1.15911,1.16375,1.15867,1.16131
2026-03-23T21:00:00+00:00,1.16131,1.16179,1.1581,1.15885
2026-03-24T01:00:00+00:00,1.15884,1.15961,1.15758,1.15802
2026-03-24T05:00:00+00:00,1.15802,1.16179,1.15759,1.15883
2026-03-24T09:00:00+00:00,1.15884,1.16005,1.15788,1.15846
2026-03-24T13:00:00+00:00,1.15847,1.16072,1.15673,1.15828
2026-03-24T17:00:00+00:00,1.15827,1.16284,1.15571,1.16075
2026-03-24T21:00:00+00:00,1.16074,1.16306,1.16018,1.16234
2026-03-25T01:00:00+00:00,1.16233,1.16245,1.15973,1.15979
2026-03-25T05:00:00+00:00,1.15979,1.16167,1.1587,1.16027
2026-03-25T09:00:00+00:00,1.16028,1.16136,1.15865,1.15913
2026-03-25T13:00:00+00:00,1.15916,1.1599,1.15553,1.15677
2026-03-25T17:00:00+00:00,1.15675,1.15838,1.1556,1.15588
2026-03-25T21:00:00+00:00,1.15589,1.15647,1.15541,1.15583
2026-03-26T01:00:00+00:00,1.15584,1.15723,1.15548,1.15694
2026-03-26T05:00:00+00:00,1.15694,1.15699,1.15475,1.15597
2026-03-26T09:00:00+00:00,1.15598,1.15651,1.15225,1.15349
2026-03-26T13:00:00+00:00,1.15351,1.15551,1.15309,1.15356
2026-03-26T17:00:00+00:00,1.15355,1.1559,1.15197,1.15269
2026-03-26T21:00:00+00:00,1.15269,1.15405,1.15244,1.15305
2026-03-27T01:00:00+00:00,1.15306,1.15439,1.15298,1.15429
2026-03-27T05:00:00+00:00,1.15429,1.15463,1.15159,1.15209
2026-03-27T09:00:00+00:00,1.15206,1.15261,1.15019,1.1515
2026-03-27T13:00:00+00:00,1.15151,1.15478,1.15142,1.15191
2026-03-27T17:00:00+00:00,1.1519,1.15292,1.15064,1.15075
2026-03-29T22:00:00+01:00,1.15048,1.15129,1.14874,1.15068
2026-03-30T02:00:00+01:00,1.15068,1.15212,1.15015,1.15137
2026-03-30T06:00:00+01:00,1.15137,1.15201,1.14907,1.14961
2026-03-30T10:00:00+01:00,1.14962,1.15005,1.1473,1.14827
2026-03-30T14:00:00+01:00,1.14828,1.1488,1.14432,1.14601
2026-03-30T18:00:00+01:00,1.146,1.14662,1.14539,1.14656
2026-03-30T22:00:00+01:00,1.14657,1.14763,1.14472,1.14747
2026-03-31T02:00:00+01:00,1.14746,1.14908,1.14663,1.14691
2026-03-31T06:00:00+01:00,1.14692,1.14758,1.14608,1.14671
2026-03-31T10:00:00+01:00,1.14672,1.151,1.14575,1.1503
2026-03-31T14:00:00+01:00,1.1503,1.15597,1.15006,1.15405
2026-03-31T18:00:00+01:00,1.15404,1.15636,1.15384,1.15531
2026-03-31T22:00:00+01:00,1.1553,1.15789,1.15512,1.15745
2026-04-01T02:00:00+01:00,1.15748,1.15757,1.15549,1.15654
2026-04-01T06:00:00+01:00,1.15654,1.16107,1.15621,1.15963
2026-04-01T10:00:00+01:00,1.15965,1.16237,1.15808,1.16046
2026-04-01T14:00:00+01:00,1.16047,1.16271,1.15987,1.1619
2026-04-01T18:00:00+01:00,1.16192,1.16236,1.15764,1.15888
2026-04-01T22:00:00+01:00,1.15889,1.1598,1.15834,1.15957
2026-04-02T02:00:00+01:00,1.15956,1.16058,1.15322,1.1537
2026-04-02T06:00:00+01:00,1.15371,1.15392,1.15152,1.15254
2026-04-02T10:00:00+01:00,1.15254,1.15319,1.15092,1.15246
2026-04-02T14:00:00+01:00,1.15246,1.15639,1.15203,1.15393
2026-04-02T18:00:00+01:00,1.15392,1.15494,1.15322,1.15387
2026-04-02T22:00:00+01:00,1.15389,1.15451,1.15353,1.15381
2026-04-03T02:00:00+01:00,1.15383,1.154,1.15321,1.1534
2026-04-03T06:00:00+01:00,1.15339,1.15463,1.15294,1.1543
2026-04-03T10:00:00+01:00,1.15431,1.15492,1.15181,1.15311
2026-04-03T14:00:00+01:00,1.1531,1.15388,1.15189,1.15192
2026-04-03T18:00:00+01:00,1.15191,1.15318,1.15125,1.15184
2026-04-05T22:00:00+01:00,1.15234,1.15249,1.15052,1.15118
2026-04-06T02:00:00+01:00,1.15119,1.15288,1.15064,1.15244
2026-04-06T06:00:00+01:00,1.15242,1.15688,1.1522,1.15553
2026-04-06T10:00:00+01:00,1.15554,1.15605,1.15377,1.15534
2026-04-06T14:00:00+01:00,1.15536,1.15714,1.15355,1.15451
2026-04-06T18:00:00+01:00,1.15451,1.15527,1.15342,1.15411
2026-04-06T22:00:00+01:00,1.1541,1.15478,1.15368,1.15375
2026-04-07T02:00:00+01:00,1.15375,1.15402,1.15241,1.15383
2026-04-07T06:00:00+01:00,1.15383,1.15758,1.15301,1.15736
2026-04-07T10:00:00+01:00,1.15736,1.15755,1.15458,1.15604
2026-04-07T14:00:00+01:00,1.15605,1.15836,1.15559,1.15715
2026-04-07T18:00:00+01:00,1.15714,1.16052,1.15664,1.15943
2026-04-07T22:00:00+01:00,1.15944,1.16969,1.15882,1.16718
2026-04-08T02:00:00+01:00,1.16719,1.16883,1.1666,1.16764
2026-04-08T06:00:00+01:00,1.16765,1.17087,1.1669,1.16811
2026-04-08T10:00:00+01:00,1.16812,1.1718,1.16775,1.17142
2026-04-08T14:00:00+01:00,1.17142,1.17218,1.16772,1.16818
2026-04-08T18:00:00+01:00,1.16818,1.16854,1.16434,1.1663
2026-04-08T22:00:00+01:00,1.1663,1.16678,1.16529,1.16572
2026-04-09T02:00:00+01:00,1.16572,1.16711,1.16505,1.16664
2026-04-09T06:00:00+01:00,1.16665,1.1675,1.16542,1.16722
2026-04-09T10:00:00+01:00,1.16721,1.169,1.16685,1.1686
2026-04-09T14:00:00+01:00,1.16861,1.17142,1.16743,1.17107
2026-04-09T18:00:00+01:00,1.17109,1.17234,1.16954,1.16998
2026-04-09T22:00:00+01:00,1.16995,1.17039,1.16856,1.1688
2026-04-10T02:00:00+01:00,1.16881,1.16967,1.16863,1.1692
2026-04-10T06:00:00+01:00,1.16921,1.16938,1.16775,1.16859
2026-04-10T10:00:00+01:00,1.16864,1.17257,1.16848,1.17209
2026-04-10T14:00:00+01:00,1.17209,1.17394,1.17137,1.17205
2026-04-10T18:00:00+01:00,1.17205,1.17355,1.17189,1.17246
2026-04-12T22:00:00+01:00,1.16739,1.16877,1.16641,1.16877
2026-04-13T02:00:00+01:00,1.16877,1.16902,1.16805,1.16862
2026-04-13T06:00:00+01:00,1.16864,1.17001,1.16779,1.16861
2026-04-13T10:00:00+01:00,1.16861,1.16997,1.16806,1.16985
2026-04-13T14:00:00+01:00,1.16985,1.17315,1.16964,1.17251
2026-04-13T18:00:00+01:00,1.17252,1.17654,1.17248,1.17587
2026-04-13T22:00:00+01:00,1.17589,1.1768,1.17532,1.17665
2026-04-14T02:00:00+01:00,1.17664,1.17701,1.17563,1.17667
2026-04-14T06:00:00+01:00,1.17666,1.17968,1.17582,1.17827
2026-04-14T10:00:00+01:00,1.17828,1.18063,1.1782,1.18046
2026-04-14T14:00:00+01:00,1.18044,1.18112,1.17877,1.17941
2026-04-14T18:00:00+01:00,1.1794,1.17996,1.17904,1.17956
2026-04-14T22:00:00+01:00,1.17953,1.1802,1.17894,1.17942
2026-04-15T02:00:00+01:00,1.1794,1.1797,1.17788,1.17886
2026-04-15T06:00:00+01:00,1.17887,1.17993,1.17828,1.17894
2026-04-15T10:00:00+01:00,1.17895,1.17929,1.1772,1.17881
2026-04-15T14:00:00+01:00,1.17881,1.1808,1.17841,1.1801
2026-04-15T18:00:00+01:00,1.1801,1.18049,1.17927,1.1799
2026-04-15T22:00:00+01:00,1.17993,1.18085,1.17969,1.18074
2026-04-16T02:00:00+01:00,1.18072,1.1824,1.17969,1.18094
2026-04-16T06:00:00+01:00,1.18095,1.181,1.17765,1.17862
2026-04-16T10:00:00+01:00,1.17861,1.17887,1.17725,1.17815
2026-04-16T14:00:00+01:00,1.17815,1.17872,1.1767,1.17749
2026-04-16T18:00:00+01:00,1.17749,1.17858,1.17682,1.17815
2026-04-16T22:00:00+01:00,1.17807,1.17874,1.17772,1.1779
2026-04-17T02:00:00+01:00,1.1779,1.17854,1.17731,1.17828
2026-04-17T06:00:00+01:00,1.17827,1.17957,1.17722,1.1794
2026-04-17T10:00:00+01:00,1.1794,1.18375,1.1791,1.18353
2026-04-17T14:00:00+01:00,1.18356,1.18492,1.17919,1.17988
2026-04-17T18:00:00+01:00,1.17986,1.17986,1.17604,1.17641
2026-04-19T22:00:00+01:00,1.17433,1.1757,1.17289,1.17545
2026-04-20T02:00:00+01:00,1.17544,1.17625,1.17507,1.17592
2026-04-20T06:00:00+01:00,1.17592,1.1772,1.17471,1.17612
2026-04-20T10:00:00+01:00,1.17612,1.17755,1.17551,1.17651
2026-04-20T14:00:00+01:00,1.17651,1.17896,1.17612,1.17858
2026-04-20T18:00:00+01:00,1.17858,1.17902,1.17787,1.17884
2026-04-20T22:00:00+01:00,1.17887,1.1791,1.17808,1.17829
2026-04-21T02:00:00+01:00,1.17829,1.17862,1.17732,1.17756
2026-04-21T06:00:00+01:00,1.17756,1.17823,1.1757,1.17652
2026-04-21T10:00:00+01:00,1.17651,1.17684,1.17542,1.17593
2026-04-21T14:00:00+01:00,1.17595,1.17761,1.17405,1.17416
2026-04-21T18:00:00+01:00,1.17416,1.17635,1.17192,1.17437
2026-04-21T22:00:00+01:00,1.17438,1.1754,1.17348,1.17439
2026-04-22T02:00:00+01:00,1.17437,1.17484,1.17377,1.17395
2026-04-22T06:00:00+01:00,1.17396,1.17627,1.1739,1.17537
2026-04-22T10:00:00+01:00,1.17536,1.17576,1.17248,1.17277
2026-04-22T14:00:00+01:00,1.17276,1.17434,1.17101,1.17127
2026-04-22T18:00:00+01:00,1.17128,1.1717,1.17031,1.17056
2026-04-22T22:00:00+01:00,1.17055,1.17137,1.16924,1.17117
2026-04-23T02:00:00+01:00,1.17117,1.1713,1.16949,1.17002
2026-04-23T06:00:00+01:00,1.17002,1.17119,1.16955,1.17016
2026-04-23T10:00:00+01:00,1.17016,1.17023,1.16791,1.1692
2026-04-23T14:00:00+01:00,1.16921,1.17165,1.16831,1.17023
2026-04-23T18:00:00+01:00,1.17023,1.17029,1.16692,1.16833
2026-04-23T22:00:00+01:00,1.16829,1.16908,1.16798,1.16854
2026-04-24T02:00:00+01:00,1.16855,1.16893,1.16729,1.16791
2026-04-24T06:00:00+01:00,1.16792,1.1696,1.16762,1.16899
2026-04-24T10:00:00+01:00,1.16899,1.17186,1.16841,1.17088
2026-04-24T14:00:00+01:00,1.1709,1.17202,1.16987,1.17191
2026-04-24T18:00:00+01:00,1.17192,1.17234,1.17111,1.17214
2026-04-26T22:00:00+01:00,1.16948,1.17172,1.16936,1.17161
2026-04-27T02:00:00+01:00,1.17161,1.17326,1.17161,1.17268
2026-04-27T06:00:00+01:00,1.17269,1.17509,1.17165,1.17486
2026-04-27T10:00:00+01:00,1.17488,1.1755,1.17379,1.17444
2026-04-27T14:00:00+01:00,1.17446,1.17541,1.17252,1.17261
2026-04-27T18:00:00+01:00,1.1726,1.173,1.1719,1.17212
2026-04-27T22:00:00+01:00,1.17217,1.17271,1.17172,1.17189
2026-04-28T02:00:00+01:00,1.17189,1.17189,1.1708,1.17126
2026-04-28T06:00:00+01:00,1.17127,1.17134,1.1686,1.17021
2026-04-28T10:00:00+01:00,1.1702,1.17023,1.16775,1.16968
2026-04-28T14:00:00+01:00,1.16969,1.1717,1.16885,1.17104
2026-04-28T18:00:00+01:00,1.17105,1.17178,1.17066,1.17121
2026-04-28T22:00:00+01:00,1.17117,1.17206,1.17103,1.17157
2026-04-29T02:00:00+01:00,1.17158,1.17168,1.17046,1.17056
2026-04-29T06:00:00+01:00,1.17056,1.17083,1.16937,1.17002
2026-04-29T10:00:00+01:00,1.17002,1.17098,1.16934,1.1699
2026-04-29T14:00:00+01:00,1.1699,1.17041,1.16825,1.16847
2026-04-29T18:00:00+01:00,1.16846,1.16911,1.16613,1.16778
2026-04-29T22:00:00+01:00,1.16776,1.16894,1.16709,1.16793
2026-04-30T02:00:00+01:00,1.16791,1.16818,1.16552,1.16602
2026-04-30T06:00:00+01:00,1.16602,1.16976,1.16578,1.16799
2026-04-30T10:00:00+01:00,1.16799,1.17196,1.16733,1.16928
2026-04-30T14:00:00+01:00,1.16927,1.1736,1.16818,1.17255
2026-04-30T18:00:00+01:00,1.17257,1.17417,1.17222,1.17312
2026-04-30T22:00:00+01:00,1.1731,1.17368,1.17243,1.17277
2026-05-01T02:00:00+01:00,1.17278,1.17365,1.17252,1.17268
2026-05-01T06:00:00+01:00,1.17268,1.17482,1.17189,1.17436
2026-05-01T10:00:00+01:00,1.17437,1.17691,1.17308,1.17576
2026-05-01T14:00:00+01:00,1.17575,1.17853,1.17378,1.17382
2026-05-01T18:00:00+01:00,1.17382,1.17404,1.17156,1.17205
2026-05-03T22:00:00+01:00,1.17483,1.17502,1.17216,1.17271
2026-05-04T02:00:00+01:00,1.1727,1.17391,1.17201,1.17292
2026-05-04T06:00:00+01:00,1.1729,1.17373,1.17114,1.17192
2026-05-04T10:00:00+01:00,1.17192,1.17238,1.16889,1.17092
2026-05-04T14:00:00+01:00,1.17093,1.1718,1.1681,1.16823
2026-05-04T18:00:00+01:00,1.16824,1.17023,1.16817,1.16912
2026-05-04T22:00:00+01:00,1.16914,1.16965,1.16851,1.16864
2026-05-05T02:00:00+01:00,1.16865,1.16916,1.16769,1.16778
2026-05-05T06:00:00+01:00,1.16777,1.16967,1.16765,1.16887
2026-05-05T10:00:00+01:00,1.16888,1.16978,1.16812,1.16924
2026-05-05T14:00:00+01:00,1.16924,1.17137,1.16917,1.16994
2026-05-05T18:00:00+01:00,1.16993,1.17042,1.16919,1.16931
2026-05-05T22:00:00+01:00,1.16932,1.17254,1.16918,1.17203
2026-05-06T02:00:00+01:00,1.17202,1.17429,1.17157,1.1737
2026-05-06T06:00:00+01:00,1.17369,1.17706,1.17245,1.17627
2026-05-06T10:00:00+01:00,1.17625,1.17968,1.17516,1.17536
2026-05-06T14:00:00+01:00,1.17536,1.1763,1.17419,1.17443
2026-05-06T18:00:00+01:00,1.17443,1.17557,1.17428,1.17484
2026-05-06T22:00:00+01:00,1.17485,1.17542,1.17459,1.17487
2026-05-07T02:00:00+01:00,1.17487,1.17634,1.17466,1.1751
2026-05-07T06:00:00+01:00,1.17509,1.17742,1.1745,1.17719
2026-05-07T10:00:00+01:00,1.17719,1.17785,1.17623,1.17729
2026-05-07T14:00:00+01:00,1.17727,1.1778,1.17565,1.17605
2026-05-07T18:00:00+01:00,1.17606,1.1761,1.17227,1.17257
2026-05-07T22:00:00+01:00,1.17258,1.17348,1.17231,1.17271
2026-05-08T02:00:00+01:00,1.17271,1.1736,1.17245,1.17353
2026-05-08T06:00:00+01:00,1.17352,1.17658,1.17329,1.17638
2026-05-08T10:00:00+01:00,1.17638,1.17788,1.17571,1.17741
2026-05-08T14:00:00+01:00,1.17739,1.1787,1.17664,1.17712
2026-05-08T18:00:00+01:00,1.17712,1.17884,1.17706,1.1786
2026-05-10T22:00:00+01:00,1.17521,1.1772,1.17474,1.17701
2026-05-11T02:00:00+01:00,1.177,1.17712,1.17502,1.17506
2026-05-11T06:00:00+01:00,1.17504,1.17823,1.17487,1.17714
2026-05-11T10:00:00+01:00,1.17714,1.17747,1.17635,1.17745
2026-05-11T14:00:00+01:00,1.17746,1.1788,1.17724,1.17733
2026-05-11T18:00:00+01:00,1.17732,1.17834,1.1771,1.17831
2026-05-11T22:00:00+01:00,1.17834,1.17878,1.17663,1.17671
2026-05-12T02:00:00+01:00,1.17671,1.17691,1.17548,1.17572
2026-05-12T06:00:00+01:00,1.17572,1.17682,1.17395,1.17448
2026-05-12T10:00:00+01:00,1.17447,1.17518,1.17349,1.17477
2026-05-12T14:00:00+01:00,1.17476,1.17501,1.17218,1.17285
2026-05-12T18:00:00+01:00,1.17285,1.17469,1.17273,1.17385
2026-05-12T22:00:00+01:00,1.17385,1.17413,1.17329,1.17382
2026-05-13T02:00:00+01:00,1.17382,1.17419,1.17319,1.17346
2026-05-13T06:00:00+01:00,1.17345,1.17371,1.17003,1.1703
2026-05-13T10:00:00+01:00,1.1703,1.17172,1.16955,1.17018
2026-05-13T14:00:00+01:00,1.1702,1.1718,1.1701,1.17087
2026-05-13T18:00:00+01:00,1.17085,1.17143,1.17041,1.17111
2026-05-13T22:00:00+01:00,1.17109,1.17187,1.17088,1.17172
2026-05-14T02:00:00+01:00,1.1717,1.17177,1.17097,1.17145
2026-05-14T06:00:00+01:00,1.17145,1.17216,1.17048,1.17111
2026-05-14T10:00:00+01:00,1.17111,1.17134,1.16962,1.16972
2026-05-14T14:00:00+01:00,1.16972,1.17002,1.16708,1.16764
2026-05-14T18:00:00+01:00,1.16765,1.16807,1.16659,1.16691
2026-05-14T22:00:00+01:00,1.1669,1.16743,1.16523,1.16554
2026-05-15T02:00:00+01:00,1.16553,1.16576,1.16457,1.16473
2026-05-15T06:00:00+01:00,1.16474,1.1649,1.16305,1.1633
2026-05-15T10:00:00+01:00,1.16331,1.16555,1.16173,1.16263
2026-05-15T14:00:00+01:00,1.16265,1.16379,1.16189,1.16301
2026-05-15T18:00:00+01:00,1.16301,1.16358,1.16169,1.16256
2026-05-17T22:00:00+01:00,1.16223,1.16259,1.16084,1.16117
2026-05-18T02:00:00+01:00,1.16117,1.16262,1.16085,1.16208
2026-05-18T06:00:00+01:00,1.16209,1.16454,1.16168,1.16416
2026-05-18T10:00:00+01:00,1.16415,1.16574,1.16263,1.16513
2026-05-18T14:00:00+01:00,1.16514,1.16563,1.16334,1.16514
2026-05-18T18:00:00+01:00,1.16513,1.16609,1.16288,1.16572
2026-05-18T22:00:00+01:00,1.16574,1.1662,1.16438,1.16445
2026-05-19T02:00:00+01:00,1.16445,1.16528,1.16353,1.16366
2026-05-19T06:00:00+01:00,1.16366,1.16458,1.16222,1.16234
2026-05-19T10:00:00+01:00,1.16233,1.16268,1.16111,1.16167
2026-05-19T14:00:00+01:00,1.16166,1.1618,1.15921,1.1607
2026-05-19T18:00:00+01:00,1.16071,1.16148,1.16027,1.16057
2026-05-19T22:00:00+01:00,1.16057,1.16131,1.16001,1.16013
2026-05-20T02:00:00+01:00,1.16012,1.16069,1.15936,1.15973
2026-05-20T06:00:00+01:00,1.15972,1.1606,1.15835,1.15904
2026-05-20T10:00:00+01:00,1.15903,1.16056,1.15874,1.15955
2026-05-20T14:00:00+01:00,1.15953,1.16451,1.15828,1.16256
2026-05-20T18:00:00+01:00,1.16257,1.16357,1.16161,1.16235
2026-05-20T22:00:00+01:00,1.16234,1.16304,1.16212,1.16286
2026-05-21T02:00:00+01:00,1.16287,1.16355,1.16156,1.16222
2026-05-21T06:00:00+01:00,1.16223,1.16356,1.1594,1.16236
2026-05-21T10:00:00+01:00,1.16236,1.16335,1.15935,1.15973
2026-05-21T14:00:00+01:00,1.15973,1.16012,1.15764,1.15954
2026-05-21T18:00:00+01:00,1.15953,1.16302,1.15928,1.16193
2026-05-21T22:00:00+01:00,1.16195,1.16232,1.16125,1.16145
2026-05-22T02:00:00+01:00,1.16145,1.16159,1.16087,1.16154
2026-05-22T06:00:00+01:00,1.16153,1.1617,1.16014,1.16078
2026-05-22T10:00:00+01:00,1.16077,1.1608,1.15934,1.16043
2026-05-22T14:00:00+01:00,1.16043,1.16185,1.15883,1.16111
2026-05-22T18:00:00+01:00,1.16112,1.16192,1.15982,1.16026
2026-05-24T22:00:00+01:00,1.16389,1.1649,1.16307,1.16368
2026-05-25T02:00:00+01:00,1.16368,1.16471,1.16355,1.1642
2026-05-25T06:00:00+01:00,1.1642,1.16452,1.16297,1.16438
2026-05-25T10:00:00+01:00,1.16438,1.16529,1.16404,1.16482
2026-05-25T14:00:00+01:00,1.16482,1.16498,1.16367,1.16412
2026-05-25T18:00:00+01:00,1.16413,1.1645,1.16403,1.16448
2026-05-25T22:00:00+01:00,1.16448,1.16457,1.16339,1.16387
2026-05-26T02:00:00+01:00,1.16386,1.16398,1.16295,1.16296
2026-05-26T06:00:00+01:00,1.16297,1.16421,1.16241,1.16365
2026-05-26T10:00:00+01:00,1.16364,1.16452,1.16312,1.16319
2026-05-26T14:00:00+01:00,1.16319,1.1633,1.16163,1.1624
2026-05-26T18:00:00+01:00,1.1624,1.1633,1.16214,1.16307
2026-05-26T22:00:00+01:00,1.16302,1.16406,1.16278,1.16381
2026-05-27T02:00:00+01:00,1.16379,1.16426,1.16328,1.16413
2026-05-27T06:00:00+01:00,1.16412,1.16493,1.16373,1.1645
2026-05-27T10:00:00+01:00,1.16447,1.16614,1.1633,1.16438
2026-05-27T14:00:00+01:00,1.16439,1.16523,1.16225,1.16323
2026-05-27T18:00:00+01:00,1.16324,1.1633,1.16222,1.16253
2026-05-27T22:00:00+01:00,1.16256,1.16317,1.1616,1.16209
2026-05-28T02:00:00+01:00,1.16206,1.16213,1.15863,1.15919
2026-05-28T06:00:00+01:00,1.15919,1.16179,1.1589,1.16157
2026-05-28T10:00:00+01:00,1.16156,1.16382,1.16034,1.16366
2026-05-28T14:00:00+01:00,1.16368,1.1661,1.16269,1.16569
2026-05-28T18:00:00+01:00,1.16569,1.16574,1.16449,1.16516
2026-05-28T22:00:00+01:00,1.16513,1.16558,1.16474,1.16487
2026-05-29T02:00:00+01:00,1.16489,1.16565,1.16343,1.16392
2026-05-29T06:00:00+01:00,1.16392,1.16545,1.16249,1.16283
2026-05-29T10:00:00+01:00,1.16282,1.16492,1.16268,1.1649
2026-05-29T14:00:00+01:00,1.16491,1.16859,1.16404,1.16722
2026-05-29T18:00:00+01:00,1.16721,1.16735,1.16568,1.16588
2026-05-31T22:00:00+01:00,1.16558,1.1662,1.1645,1.16478
2026-06-01T02:00:00+01:00,1.16478,1.16491,1.16417,1.16481
2026-06-01T06:00:00+01:00,1.16482,1.16649,1.16479,1.1658
2026-06-01T10:00:00+01:00,1.16579,1.16607,1.16417,1.16474
2026-06-01T14:00:00+01:00,1.16473,1.16483,1.16068,1.16298
2026-06-01T18:00:00+01:00,1.16299,1.1638,1.16252,1.1631
2026-06-01T22:00:00+01:00,1.16311,1.16371,1.16293,1.16313
2026-06-02T02:00:00+01:00,1.16315,1.16389,1.16285,1.16378
2026-06-02T06:00:00+01:00,1.16379,1.16526,1.16364,1.16438
2026-06-02T10:00:00+01:00,1.16437,1.16557,1.16384,1.16505
2026-06-02T14:00:00+01:00,1.16505,1.16525,1.16269,1.16284
2026-06-02T18:00:00+01:00,1.16283,1.16348,1.16135,1.16315
2026-06-02T22:00:00+01:00,1.16314,1.16334,1.16199,1.16288
2026-06-03T02:00:00+01:00,1.16289,1.16337,1.16244,1.16256
2026-06-03T06:00:00+01:00,1.16256,1.16273,1.16052,1.16082
2026-06-03T10:00:00+01:00,1.16082,1.1623,1.15966,1.16005
2026-06-03T14:00:00+01:00,1.16007,1.16131,1.15948,1.16001
2026-06-03T18:00:00+01:00,1.16003,1.16037,1.15953,1.15977
2026-06-03T22:00:00+01:00,1.15978,1.16127,1.15946,1.16068
2026-06-04T02:00:00+01:00,1.16067,1.16131,1.16026,1.16099
2026-06-04T06:00:00+01:00,1.16097,1.16151,1.15985,1.16133
2026-06-04T10:00:00+01:00,1.16133,1.16452,1.16133,1.1637
2026-06-04T14:00:00+01:00,1.16369,1.16399,1.16225,1.16234
2026-06-04T18:00:00+01:00,1.16234,1.1624,1.16081,1.16106
2026-06-04T22:00:00+01:00,1.16106,1.16179,1.16101,1.16128
2026-06-05T02:00:00+01:00,1.16129,1.16172,1.16098,1.16161
2026-06-05T06:00:00+01:00,1.16161,1.16399,1.1613,1.16368
2026-06-05T10:00:00+01:00,1.16367,1.16444,1.15862,1.15865
2026-06-05T14:00:00+01:00,1.15867,1.15998,1.15225,1.15322
2026-06-05T18:00:00+01:00,1.15324,1.15331,1.1518,1.15221
2026-06-07T22:00:00+01:00,1.15128,1.15336,1.1509,1.15335
2026-06-08T02:00:00+01:00,1.15333,1.15348,1.15119,1.15314
2026-06-08T06:00:00+01:00,1.15316,1.15399,1.15079,1.15084
2026-06-08T10:00:00+01:00,1.15083,1.1544,1.15,1.15422
2026-06-08T14:00:00+01:00,1.15423,1.15547,1.15318,1.1539
2026-06-08T18:00:00+01:00,1.1539,1.15421,1.15278,1.15351
2026-06-08T22:00:00+01:00,1.15352,1.15393,1.15271,1.15314
2026-06-09T02:00:00+01:00,1.15314,1.15483,1.15305,1.15455
2026-06-09T06:00:00+01:00,1.15455,1.15536,1.15365,1.15507
2026-06-09T10:00:00+01:00,1.15509,1.15751,1.15503,1.15736
2026-06-09T14:00:00+01:00,1.15738,1.15781,1.15286,1.15409
2026-06-09T18:00:00+01:00,1.15411,1.15532,1.15397,1.15429
2026-06-09T22:00:00+01:00,1.15429,1.15463,1.15332,1.15424
2026-06-10T02:00:00+01:00,1.15425,1.15523,1.15354,1.15465
2026-06-10T06:00:00+01:00,1.15465,1.15587,1.15453,1.15536
2026-06-10T10:00:00+01:00,1.15538,1.15648,1.15355,1.15485
2026-06-10T14:00:00+01:00,1.15484,1.15733,1.15345,1.15538
2026-06-10T18:00:00+01:00,1.15539,1.15577,1.15348,1.15355
2026-06-10T22:00:00+01:00,1.15355,1.1543,1.15257,1.15424
2026-06-11T02:00:00+01:00,1.15426,1.15561,1.15417,1.15484
2026-06-11T06:00:00+01:00,1.15485,1.15556,1.15307,1.15321
2026-06-11T10:00:00+01:00,1.15323,1.15435,1.15165,1.15399
2026-06-11T14:00:00+01:00,1.154,1.15406,1.15071,1.1509
2026-06-11T18:00:00+01:00,1.15089,1.15897,1.15029,1.15781
2026-06-11T22:00:00+01:00,1.15782,1.15867,1.15662,1.15698
2026-06-12T02:00:00+01:00,1.15697,1.15753,1.15616,1.15715
2026-06-12T06:00:00+01:00,1.15716,1.15856,1.15571,1.15768
2026-06-12T10:00:00+01:00,1.15769,1.15896,1.15601,1.15634
2026-06-12T14:00:00+01:00,1.15635,1.15836,1.15618,1.15746
2026-06-12T18:00:00+01:00,1.15746,1.15787,1.15651,1.15676
2026-06-14T22:00:00+01:00,1.15765,1.16176,1.15742,1.15989
2026-06-15T02:00:00+01:00,1.15988,1.16136,1.15943,1.16126
2026-06-15T06:00:00+01:00,1.16127,1.16221,1.15971,1.16017
2026-06-15T10:00:00+01:00,1.16017,1.16197,1.16007,1.16155
2026-06-15T14:00:00+01:00,1.16155,1.16206,1.15966,1.16035
2026-06-15T18:00:00+01:00,1.16036,1.1604,1.15836,1.15903
2026-06-15T22:00:00+01:00,1.15903,1.15954,1.15855,1.1593
2026-06-16T02:00:00+01:00,1.1593,1.15952,1.15759,1.1579
2026-06-16T06:00:00+01:00,1.15789,1.16065,1.15749,1.16057
2026-06-16T10:00:00+01:00,1.16057,1.1613,1.15913,1.15997
2026-06-16T14:00:00+01:00,1.15995,1.16197,1.1588,1.16132
2026-06-16T18:00:00+01:00,1.16132,1.16141,1.1606,1.16083
2026-06-16T22:00:00+01:00,1.16082,1.16167,1.16075,1.16147
2026-06-17T02:00:00+01:00,1.16146,1.1616,1.16083,1.16124
2026-06-17T06:00:00+01:00,1.16124,1.16151,1.1598,1.1602
2026-06-17T10:00:00+01:00,1.16019,1.16059,1.15854,1.16022
2026-06-17T14:00:00+01:00,1.16021,1.16029,1.15809,1.15917
2026-06-17T18:00:00+01:00,1.15916,1.15963,1.14779,1.15012
2026-06-17T22:00:00+01:00,1.15008,1.15208,1.15003,1.15156
2026-06-18T02:00:00+01:00,1.15155,1.15264,1.1513,1.15232
2026-06-18T06:00:00+01:00,1.15232,1.15284,1.14821,1.14827
2026-06-18T10:00:00+01:00,1.14829,1.14859,1.14533,1.14695
2026-06-18T14:00:00+01:00,1.14694,1.14877,1.14616,1.14654
2026-06-18T18:00:00+01:00,1.14654,1.14737,1.14513,1.14582
2026-06-18T22:00:00+01:00,1.14582,1.14687,1.14572,1.1462
2026-06-19T02:00:00+01:00,1.14621,1.14635,1.14274,1.14288
2026-06-19T06:00:00+01:00,1.14287,1.1466,1.14179,1.14643
2026-06-19T10:00:00+01:00,1.14641,1.1475,1.14525,1.14711
2026-06-19T14:00:00+01:00,1.14711,1.14762,1.14568,1.14689
2026-06-19T18:00:00+01:00,1.14689,1.14807,1.1467,1.14715
2026-06-21T22:00:00+01:00,1.14643,1.14699,1.14568,1.14665
2026-06-22T02:00:00+01:00,1.14666,1.14738,1.14528,1.14561
2026-06-22T06:00:00+01:00,1.14562,1.14634,1.14416,1.1451
2026-06-22T10:00:00+01:00,1.14511,1.14636,1.14475,1.14549
2026-06-22T14:00:00+01:00,1.14548,1.14551,1.14254,1.1431
2026-06-22T18:00:00+01:00,1.1431,1.14335,1.1419,1.14281
2026-06-22T22:00:00+01:00,1.1429,1.14301,1.14226,1.1427
2026-06-23T02:00:00+01:00,1.1427,1.14321,1.14188,1.1421
2026-06-23T06:00:00+01:00,1.14209,1.14391,1.14047,1.14084
2026-06-23T10:00:00+01:00,1.14083,1.14127,1.13827,1.13889
2026-06-23T14:00:00+01:00,1.1389,1.14002,1.13758,1.13795
2026-06-23T18:00:00+01:00,1.13795,1.13828,1.13761,1.13819
2026-06-23T22:00:00+01:00,1.13822,1.13845,1.13733,1.13763
2026-06-24T02:00:00+01:00,1.13763,1.1377,1.13612,1.13631
2026-06-24T06:00:00+01:00,1.13632,1.13751,1.1338,1.13528
2026-06-24T10:00:00+01:00,1.13528,1.13538,1.13252,1.13292
2026-06-24T14:00:00+01:00,1.13292,1.13681,1.13246,1.13596
2026-06-24T18:00:00+01:00,1.13597,1.13613,1.1349,1.13581
2026-06-24T22:00:00+01:00,1.13586,1.13635,1.13477,1.13535
2026-06-25T02:00:00+01:00,1.13536,1.13712,1.13534,1.13671
2026-06-25T06:00:00+01:00,1.1367,1.13726,1.13448,1.13677
2026-06-25T10:00:00+01:00,1.13677,1.13741,1.13334,1.13536
2026-06-25T14:00:00+01:00,1.13537,1.13881,1.13492,1.13742
2026-06-25T18:00:00+01:00,1.13742,1.13806,1.13686,1.13698
2026-06-25T22:00:00+01:00,1.13697,1.13765,1.13604,1.13649
2026-06-26T02:00:00+01:00,1.13647,1.13773,1.13542,1.1377
2026-06-26T06:00:00+01:00,1.13772,1.14077,1.13714,1.14013
2026-06-26T10:00:00+01:00,1.14013,1.14341,1.13937,1.14272
2026-06-26T14:00:00+01:00,1.14274,1.143,1.1383,1.13899
2026-06-26T18:00:00+01:00,1.139,1.13932,1.13809,1.1384
2026-06-28T22:00:00+01:00,1.13887,1.13922,1.13813,1.13877
2026-06-29T02:00:00+01:00,1.13878,1.13934,1.1381,1.13826
2026-06-29T06:00:00+01:00,1.13828,1.1415,1.13826,1.1396
2026-06-29T10:00:00+01:00,1.1396,1.14117,1.13945,1.14027
2026-06-29T14:00:00+01:00,1.14028,1.14306,1.14006,1.1426
2026-06-29T18:00:00+01:00,1.14261,1.14291,1.14215,1.1422
2026-06-29T22:00:00+01:00,1.14219,1.14269,1.14125,1.14163
2026-06-30T02:00:00+01:00,1.14165,1.14173,1.1389,1.13892
2026-06-30T06:00:00+01:00,1.13892,1.14094,1.13827,1.13938
2026-06-30T10:00:00+01:00,1.13936,1.1403,1.13864,1.13961
2026-06-30T14:00:00+01:00,1.13962,1.14367,1.13911,1.14142
2026-06-30T18:00:00+01:00,1.14142,1.14275,1.14142,1.1422
2026-06-30T22:00:00+01:00,1.1422,1.14236,1.14086,1.14095
2026-07-01T02:00:00+01:00,1.14094,1.14108,1.14018,1.14087
2026-07-01T06:00:00+01:00,1.14087,1.14106,1.13931,1.13965
2026-07-01T10:00:00+01:00,1.13965,1.14005,1.13691,1.13712
2026-07-01T14:00:00+01:00,1.13713,1.14119,1.13619,1.13823
2026-07-01T18:00:00+01:00,1.13823,1.1386,1.1374,1.13771
2026-07-01T22:00:00+01:00,1.13772,1.13834,1.13751,1.13767
2026-07-02T02:00:00+01:00,1.13766,1.13885,1.13763,1.13869
2026-07-02T06:00:00+01:00,1.13868,1.14211,1.13817,1.14202
2026-07-02T10:00:00+01:00,1.14202,1.14728,1.13955,1.14514
2026-07-02T14:00:00+01:00,1.14513,1.14584,1.14338,1.14379
2026-07-02T18:00:00+01:00,1.14378,1.14378,1.14263,1.14318
2026-07-02T22:00:00+01:00,1.14318,1.14367,1.14206,1.14307
2026-07-03T02:00:00+01:00,1.14308,1.14462,1.14302,1.14461
2026-07-03T06:00:00+01:00,1.1446,1.14624,1.14455,1.14528
2026-07-03T10:00:00+01:00,1.14527,1.14573,1.14403,1.1447
2026-07-03T14:00:00+01:00,1.14471,1.14481,1.1435,1.14377
2026-07-03T18:00:00+01:00,1.14379,1.14421,1.14336,1.14379
2026-07-05T22:00:00+01:00,1.14419,1.14419,1.14329,1.14383
2026-07-06T02:00:00+01:00,1.14384,1.14389,1.14276,1.14329
2026-07-06T06:00:00+01:00,1.1433,1.14333,1.14154,1.14206
2026-07-06T10:00:00+01:00,1.14206,1.14214,1.14098,1.14133
2026-07-06T14:00:00+01:00,1.14132,1.14323,1.14084,1.14307
2026-07-06T18:00:00+01:00,1.14306,1.14451,1.14302,1.14415
2026-07-06T22:00:00+01:00,1.14416,1.14481,1.14381,1.14386
2026-07-07T02:00:00+01:00,1.14387,1.14474,1.14355,1.14356
2026-07-07T06:00:00+01:00,1.14356,1.14375,1.14249,1.1428
2026-07-07T10:00:00+01:00,1.14283,1.14422,1.14235,1.14365
2026-07-07T14:00:00+01:00,1.14367,1.14419,1.1418,1.14234
2026-07-07T18:00:00+01:00,1.14236,1.143,1.14083,1.14122
2026-07-07T22:00:00+01:00,1.14122,1.14156,1.14,1.1408
2026-07-08T02:00:00+01:00,1.1408,1.14166,1.13985,1.14146
2026-07-08T06:00:00+01:00,1.14145,1.14317,1.14006,1.14104
2026-07-08T10:00:00+01:00,1.14103,1.14148,1.13932,1.13962
2026-07-08T14:00:00+01:00,1.1396,1.14148,1.13912,1.14142
2026-07-08T18:00:00+01:00,1.14142,1.14304,1.14142,1.14167
2026-07-08T22:00:00+01:00,1.14167,1.14302,1.14142,1.14256
2026-07-09T02:00:00+01:00,1.14257,1.14303,1.142,1.14268
2026-07-09T06:00:00+01:00,1.14269,1.14493,1.14256,1.14267
2026-07-09T10:00:00+01:00,1.14265,1.1436,1.14211,1.14249
2026-07-09T14:00:00+01:00,1.14249,1.1446,1.14238,1.14368
2026-07-09T18:00:00+01:00,1.14367,1.14406,1.14255,1.14301
2026-07-09T22:00:00+01:00,1.14301,1.14421,1.14288,1.14404
2026-07-10T02:00:00+01:00,1.14402,1.14608,1.1438,1.14428
2026-07-10T06:00:00+01:00,1.14429,1.14475,1.14303,1.14305
2026-07-10T10:00:00+01:00,1.14305,1.14419,1.14234,1.14293
2026-07-10T14:00:00+01:00,1.14292,1.14412,1.14121,1.14296
2026-07-10T18:00:00+01:00,1.14297,1.14312,1.14115,1.1416
2026-07-12T22:00:00+01:00,1.14023,1.14082,1.13886,1.13956
2026-07-13T02:00:00+01:00,1.13955,1.14052,1.13844,1.14039
2026-07-13T06:00:00+01:00,1.14038,1.14459,1.13958,1.1436
2026-07-13T10:00:00+01:00,1.1436,1.14374,1.14206,1.14309
2026-07-13T14:00:00+01:00,1.1431,1.14335,1.13828,1.13887
2026-07-13T18:00:00+01:00,1.13888,1.13909,1.13776,1.13819
2026-07-13T22:00:00+01:00,1.13803,1.13896,1.13782,1.13848
2026-07-14T02:00:00+01:00,1.13848,1.13966,1.13846,1.13906
2026-07-14T06:00:00+01:00,1.13906,1.14059,1.13841,1.13996
2026-07-14T10:00:00+01:00,1.13997,1.14627,1.13899,1.1446
2026-07-14T14:00:00+01:00,1.14461,1.14589,1.14241,1.14319
2026-07-14T18:00:00+01:00,1.1432,1.14333,1.14161,1.14199
2026-07-14T22:00:00+01:00,1.14194,1.14343,1.14175,1.14331
2026-07-15T02:00:00+01:00,1.1433,1.14424,1.14324,1.1437
2026-07-15T06:00:00+01:00,1.14372,1.14438,1.14199,1.14243
2026-07-15T10:00:00+01:00,1.14246,1.14303,1.1406,1.14285
2026-07-15T14:00:00+01:00,1.14285,1.14423,1.14236,1.14421
2026-07-15T18:00:00+01:00,1.14421,1.14826,1.1442,1.14636
2026-07-15T22:00:00+01:00,1.14641,1.14746,1.14624,1.14738
2026-07-16T02:00:00+01:00,1.14737,1.14741,1.14602,1.14662
2026-07-16T06:00:00+01:00,1.14663,1.14764,1.14622,1.1466
2026-07-16T10:00:00+01:00,1.14659,1.14708,1.14469,1.14476
2026-07-16T14:00:00+01:00,1.14478,1.14593,1.14342,1.14348
2026-07-16T18:00:00+01:00,1.14349,1.14443,1.14312,1.14424
2026-07-16T22:00:00+01:00,1.14418,1.1447,1.14391,1.1447
2026-07-17T02:00:00+01:00,1.14468,1.14482,1.14346,1.14362
2026-07-17T06:00:00+01:00,1.14361,1.14522,1.14357,1.14412
2026-07-17T10:00:00+01:00,1.14412,1.14426,1.14245,1.14291
2026-07-17T14:00:00+01:00,1.14291,1.14444,1.14245,1.14382
2026-07-17T18:00:00+01:00,1.14383,1.14424,1.14333,1.14395
2026-07-19T22:00:00+01:00,1.14277,1.14336,1.14238,1.14335
2026-07-20T02:00:00+01:00,1.14336,1.14452,1.14314,1.14445
2026-07-20T06:00:00+01:00,1.14446,1.14496,1.14342,1.14391
2026-07-20T10:00:00+01:00,1.1439,1.14406,1.1417,1.14237
2026-07-20T14:00:00+01:00,1.1424,1.14247,1.14025,1.14116
2026-07-20T18:00:00+01:00,1.14116,1.14189,1.14113,1.14142
2026-07-20T22:00:00+01:00,1.14152,1.14183,1.14099,1.14132
2026-07-21T02:00:00+01:00,1.14133,1.14182,1.14089,1.1418
2026-07-21T06:00:00+01:00,1.14181,1.14277,1.14159,1.14211
2026-07-21T10:00:00+01:00,1.14211,1.14288,1.14132,1.14172
2026-07-21T14:00:00+01:00,1.14174,1.14196,1.14025,1.14081
2026-07-21T18:00:00+01:00,1.1408,1.14105,1.13973,1.13984
2026-07-21T22:00:00+01:00,1.13984,1.14072,1.13966,1.1404
2026-07-22T02:00:00+01:00,1.1404,1.14101,1.13987,1.14084
2026-07-22T06:00:00+01:00,1.14084,1.14183,1.14034,1.141
2026-07-22T10:00:00+01:00,1.14099,1.14138,1.14004,1.14078
2026-07-22T14:00:00+01:00,1.14079,1.14217,1.14063,1.14093
2026-07-22T18:00:00+01:00,1.14093,1.14128,1.14081,1.14118
2026-07-22T22:00:00+01:00,1.14116,1.14176,1.1406,1.14174
2026-07-23T02:00:00+01:00,1.14174,1.14358,1.14161,1.14326
2026-07-23T06:00:00+01:00,1.14325,1.1435,1.14069,1.14106
2026-07-23T10:00:00+01:00,1.14106,1.14152,1.13757,1.1385
2026-07-23T14:00:00+01:00,1.13849,1.13863,1.13639,1.138
2026-07-23T18:00:00+01:00,1.13801,1.13809,1.13711,1.13765
2026-07-23T22:00:00+01:00,1.13766,1.13841,1.13745,1.13841
2026-07-24T02:00:00+01:00,1.13843,1.13877,1.13767,1.13792
2026-07-24T06:00:00+01:00,1.13793,1.14012,1.13765,1.13834
2026-07-24T10:00:00+01:00,1.13834,1.1393,1.13674,1.13698
2026-07-24T14:00:00+01:00,1.13698,1.1391,1.13648,1.13779
2026-07-24T18:00:00+01:00,1.13778,1.13779,1.13672,1.13679
2026-07-26T22:00:00+01:00,1.1396,1.14131,1.13882,1.14016
2026-07-27T02:00:00+01:00,1.14017,1.14145,1.14013,1.14037
2026-07-27T06:00:00+01:00,1.14036,1.14182,1.13948,1.14022
2026-07-27T10:00:00+01:00,1.14021,1.14034,1.13763,1.13833
2026-07-27T14:00:00+01:00,1.13834,1.13865,1.13684,1.13798
2026-07-27T18:00:00+01:00,1.13796,1.13796,1.1367,1.13684
2026-07-27T22:00:00+01:00,1.13687,1.13746,1.13667,1.13744
2026-07-28T02:00:00+01:00,1.13745,1.13802,1.13681,1.13687
2026-07-28T06:00:00+01:00,1.13685,1.13736,1.13618,1.13725
2026-07-28T10:00:00+01:00,1.13726,1.13731,1.13533,1.13659
2026-07-28T14:00:00+01:00,1.13659,1.14053,1.13658,1.1396
2026-07-28T18:00:00+01:00,1.1396,1.13979,1.13855,1.13873
2026-07-28T22:00:00+01:00,1.13874,1.13936,1.13822,1.1391
2026-07-29T02:00:00+01:00,1.13909,1.14038,1.13854,1.14011
2026-07-29T06:00:00+01:00,1.14011,1.1403,1.13899,1.13965
2026-07-29T10:00:00+01:00,1.13965,1.1397,1.13746,1.13784
2026-07-29T14:00:00+01:00,1.13786,1.13971,1.13766,1.13852
2026-07-29T18:00:00+01:00,1.13851,1.1471,1.13845,1.14676
2026-07-29T22:00:00+01:00,1.1467,1.1475,1.14541,1.1458
2026-07-30T02:00:00+01:00,1.14581,1.14611,1.14479,1.14511
2026-07-30T06:00:00+01:00,1.1451,1.14567,1.14344,1.14484
2026-07-30T10:00:00+01:00,1.14483,1.14842,1.14481,1.14724
2026-07-30T14:00:00+01:00,1.14725,1.1537,1.14695,1.15286
2026-07-30T18:00:00+01:00,1.15286,1.15358,1.15138,1.15277
2026-07-30T22:00:00+01:00,1.15277,1.15314,1.15153,1.15178
2026-07-31T02:00:00+01:00,1.15179,1.15214,1.15043,1.15083
2026-07-31T06:00:00+01:00,1.15083,1.15263,1.15044,1.15217
2026-07-31T10:00:00+01:00,1.15216,1.15249,1.14814,1.14882
2026-07-31T14:00:00+01:00,1.1488,1.15193,1.14552,1.15172
2026-07-31T18:00:00+01:00,1.15172,1.15474,1.1517,1.15245
