time,open,high,low,close
2023-08-29T10:00:00+01:00,184.777,185.268,184.665,185.136
2023-08-29T14:00:00+01:00,185.137,185.16,184.074,184.1575
2023-08-29T18:00:00+01:00,184.1575,184.488,184.0755,184.442
2023-08-29T22:00:00+01:00,184.4425,184.6555,184.3495,184.4445
2023-08-30T02:00:00+01:00,184.447,184.707,184.4015,184.5775
2023-08-30T06:00:00+01:00,184.5775,185.2205,184.4455,185.079
2023-08-30T10:00:00+01:00,185.082,185.5555,185.0265,185.46
2023-08-30T14:00:00+01:00,185.457,185.8655,185.1455,185.778
2023-08-30T18:00:00+01:00,185.7795,186.077,185.7435,186.0495
2023-08-30T22:00:00+01:00,186.0495,186.083,185.6395,185.8055
2023-08-31T02:00:00+01:00,185.806,185.8135,185.4285,185.6155
2023-08-31T06:00:00+01:00,185.6145,185.752,185.1105,185.294
2023-08-31T10:00:00+01:00,185.291,185.3025,184.7195,185.0355
2023-08-31T14:00:00+01:00,185.034,185.312,184.0845,184.249
2023-08-31T18:00:00+01:00,184.253,184.495,184.1125,184.45
2023-08-31T22:00:00+01:00,184.451,184.514,184.266,184.336
2023-09-01T02:00:00+01:00,184.3295,184.37,184.0975,184.3185
2023-09-01T06:00:00+01:00,184.318,184.564,184.046,184.383
2023-09-01T10:00:00+01:00,184.382,184.519,183.541,183.698
2023-09-01T14:00:00+01:00,183.6975,184.3795,183.599,183.986
2023-09-01T18:00:00+01:00,183.985,184.166,183.9425,184.1025
2023-09-03T22:00:00+01:00,184.1405,184.237,183.846,184.105
2023-09-04T02:00:00+01:00,184.1055,184.272,184.0415,184.2695
2023-09-04T06:00:00+01:00,184.272,184.992,184.2625,184.9815
2023-09-04T10:00:00+01:00,184.9825,185.0145,184.7845,184.901
2023-09-04T14:00:00+01:00,184.9025,185.0885,184.733,184.9935
2023-09-04T18:00:00+01:00,184.993,185.0625,184.95,184.969
2023-09-04T22:00:00+01:00,184.859,185.1455,184.795,185.0495
2023-09-05T02:00:00+01:00,185.05,185.22,184.9725,185.186
2023-09-05T06:00:00+01:00,185.1875,185.3085,184.073,184.273
2023-09-05T10:00:00+01:00,184.2645,185.169,184.2455,185.111
2023-09-05T14:00:00+01:00,185.114,185.7875,185.0505,185.6775
2023-09-05T18:00:00+01:00,185.6775,185.748,185.545,185.5995
2023-09-05T22:00:00+01:00,185.625,185.722,185.279,185.568
2023-09-06T02:00:00+01:00,185.5685,185.6095,185.2575,185.346
2023-09-06T06:00:00+01:00,185.349,185.4805,184.9305,185.121
2023-09-06T10:00:00+01:00,185.12,185.2925,184.77,184.902
2023-09-06T14:00:00+01:00,184.9,185.058,184.254,184.5235
2023-09-06T18:00:00+01:00,184.523,184.7895,184.4875,184.687
2023-09-06T22:00:00+01:00,184.6915,184.776,184.441,184.645
2023-09-07T02:00:00+01:00,184.6475,184.7105,184.313,184.43
2023-09-07T06:00:00+01:00,184.4305,184.54,183.6585,183.9965
2023-09-07T10:00:00+01:00,183.9955,184.1645,183.4335,183.546
2023-09-07T14:00:00+01:00,183.5465,183.8455,183.378,183.4975
2023-09-07T18:00:00+01:00,183.4995,183.7625,183.4935,183.716
2023-09-07T22:00:00+01:00,183.7165,183.865,183.068,183.5225
2023-09-08T02:00:00+01:00,183.5225,184.1215,183.47,183.894
2023-09-08T06:00:00+01:00,183.894,184.2645,183.741,184.065
2023-09-08T10:00:00+01:00,184.063,184.149,183.744,184.1405
2023-09-08T14:00:00+01:00,184.144,184.4695,184.0985,184.15
2023-09-08T18:00:00+01:00,184.1485,184.2955,184.018,184.267
2023-09-10T22:00:00+01:00,183.414,183.795,183.0465,183.5035
2023-09-11T02:00:00+01:00,183.504,183.668,182.91,183.0315
2023-09-11T06:00:00+01:00,183.03,183.368,182.684,183.213
2023-09-11T10:00:00+01:00,183.2125,183.913,183.1215,183.5205
2023-09-11T14:00:00+01:00,183.5215,183.771,183.2975,183.412
2023-09-11T18:00:00+01:00,183.416,183.4475,183.242,183.368
2023-09-11T22:00:00+01:00,183.4125,183.576,183.274,183.4535
2023-09-12T02:00:00+01:00,183.453,183.646,183.237,183.5795
2023-09-12T06:00:00+01:00,183.5765,183.9455,182.9465,183.0125
2023-09-12T10:00:00+01:00,183.0125,183.5675,182.975,183.4315
2023-09-12T14:00:00+01:00,183.43,183.7235,183.3585,183.652
2023-09-12T18:00:00+01:00,183.651,183.834,183.6005,183.733
2023-09-12T22:00:00+01:00,183.7345,184.0685,183.6535,184.047
2023-09-13T02:00:00+01:00,184.0485,184.243,183.9335,184.1635
2023-09-13T06:00:00+01:00,184.1665,184.191,183.1945,183.7365
2023-09-13T10:00:00+01:00,183.7355,184.1905,183.5925,184.0875
2023-09-13T14:00:00+01:00,184.0885,184.392,183.9455,184.116
2023-09-13T18:00:00+01:00,184.1145,184.22,184.0315,184.1805
2023-09-13T22:00:00+01:00,184.181,184.19,183.7915,183.8905
2023-09-14T02:00:00+01:00,183.8915,183.9515,183.7015,183.944
2023-09-14T06:00:00+01:00,183.9425,184.0745,183.707,183.9205
2023-09-14T10:00:00+01:00,183.921,183.943,183.122,183.378
2023-09-14T14:00:00+01:00,183.379,183.419,182.519,182.7835
2023-09-14T18:00:00+01:00,182.7815,183.038,182.7215,183.0005
2023-09-14T22:00:00+01:00,183.013,183.073,182.8225,183.0175
2023-09-15T02:00:00+01:00,183.0205,183.2325,182.7775,183.213
2023-09-15T06:00:00+01:00,183.2125,183.9165,183.088,183.8395
2023-09-15T10:00:00+01:00,183.842,183.8545,183.2395,183.3125
2023-09-15T14:00:00+01:00,183.3115,183.5265,183.1015,183.3485
2023-09-15T18:00:00+01:00,183.3465,183.3475,183.025,183.072
2023-09-17T22:00:00+01:00,183.056,183.3475,182.9265,183.1665
2023-09-18T02:00:00+01:00,183.165,183.2785,182.9865,183.0635
2023-09-18T06:00:00+01:00,183.059,183.114,182.723,182.7815
2023-09-18T10:00:00+01:00,182.7815,183.2345,182.752,182.9065
2023-09-18T14:00:00+01:00,182.906,183.116,182.764,182.986
2023-09-18T18:00:00+01:00,182.9885,183.0325,182.7325,182.7865
2023-09-18T22:00:00+01:00,182.7825,182.9535,182.729,182.816
2023-09-19T02:00:00+01:00,182.815,182.972,182.7845,182.895
2023-09-19T06:00:00+01:00,182.897,183.1065,182.7945,182.8145
2023-09-19T10:00:00+01:00,182.8115,183.4945,182.7205,183.326
2023-09-19T14:00:00+01:00,183.325,183.364,182.9705,183.113
2023-09-19T18:00:00+01:00,183.114,183.3025,183.0785,183.229
2023-09-19T22:00:00+01:00,183.23,183.2885,183.038,183.0535
2023-09-20T02:00:00+01:00,183.0565,183.185,183.0055,183.1435
2023-09-20T06:00:00+01:00,183.145,183.3035,182.4565,183.1705
2023-09-20T10:00:00+01:00,183.1745,183.1965,182.741,183.0015
2023-09-20T14:00:00+01:00,183.0065,183.3515,182.969,183.2035
2023-09-20T18:00:00+01:00,183.202,183.214,182.7865,183.1165
2023-09-20T22:00:00+01:00,183.1135,183.1245,182.6735,182.74
2023-09-21T02:00:00+01:00,182.7445,182.866,182.389,182.763
2023-09-21T06:00:00+01:00,182.7625,182.8675,182.2695,182.335
2023-09-21T10:00:00+01:00,182.33,182.428,180.8075,181.501
2023-09-21T14:00:00+01:00,181.5115,181.6535,181.111,181.393
2023-09-21T18:00:00+01:00,181.3925,181.502,181.275,181.4515
2023-09-21T22:00:00+01:00,181.4785,181.5405,181.26,181.3635
2023-09-22T02:00:00+01:00,181.3615,182.0505,181.2105,181.839
2023-09-22T06:00:00+01:00,181.839,182.3105,181.4725,181.7045
2023-09-22T10:00:00+01:00,181.705,181.8965,181.318,181.715
2023-09-22T14:00:00+01:00,181.716,182.061,181.571,181.683
2023-09-22T18:00:00+01:00,181.687,181.752,181.4805,181.612
2023-09-24T22:00:00+01:00,181.7555,181.825,181.5135,181.693
2023-09-25T02:00:00+01:00,181.6955,181.744,181.552,181.6115
2023-09-25T06:00:00+01:00,181.6125,181.8305,181.4855,181.549
2023-09-25T10:00:00+01:00,181.549,181.959,181.409,181.714
2023-09-25T14:00:00+01:00,181.712,181.8215,181.5165,181.77
2023-09-25T18:00:00+01:00,181.7685,181.8505,181.6285,181.8065
2023-09-25T22:00:00+01:00,181.8125,181.8545,181.5295,181.7225
2023-09-26T02:00:00+01:00,181.7295,181.8165,181.5405,181.72
2023-09-26T06:00:00+01:00,181.719,181.735,181.126,181.444
2023-09-26T10:00:00+01:00,181.4445,181.556,181.271,181.401
2023-09-26T14:00:00+01:00,181.4,181.5475,181.0515,181.261
2023-09-26T18:00:00+01:00,181.26,181.321,181.0555,181.2365
2023-09-26T22:00:00+01:00,181.2355,181.3445,180.929,180.9665
2023-09-27T02:00:00+01:00,180.9675,181.082,180.887,181.0195
2023-09-27T06:00:00+01:00,181.0205,181.266,180.928,181.108
2023-09-27T10:00:00+01:00,181.1065,181.324,180.9965,181.1835
2023-09-27T14:00:00+01:00,181.184,181.5495,181.1385,181.411
2023-09-27T18:00:00+01:00,181.4105,181.6815,181.1945,181.5855
2023-09-27T22:00:00+01:00,181.5845,181.6555,181.2765,181.506
2023-09-28T02:00:00+01:00,181.5035,181.581,181.2365,181.3
2023-09-28T06:00:00+01:00,181.301,181.847,181.0605,181.816
2023-09-28T10:00:00+01:00,181.818,182.363,181.8115,182.0055
2023-09-28T14:00:00+01:00,182.0025,182.4285,181.8845,182.129
2023-09-28T18:00:00+01:00,182.1285,182.2195,181.948,182.1505
2023-09-28T22:00:00+01:00,182.1615,182.363,182.0775,182.2715
2023-09-29T02:00:00+01:00,182.271,182.6665,182.249,182.562
2023-09-29T06:00:00+01:00,182.5645,182.6185,181.9115,182.401
2023-09-29T10:00:00+01:00,182.402,183.0245,182.295,182.908
2023-09-29T14:00:00+01:00,182.9055,182.9055,181.89,182.3655
2023-09-29T18:00:00+01:00,182.364,182.41,182.111,182.2215
2023-10-01T22:00:00+01:00,182.4345,182.561,182.109,182.437
2023-10-02T02:00:00+01:00,182.4395,182.64,182.414,182.4745
2023-10-02T06:00:00+01:00,182.4745,182.8235,182.1995,182.479
2023-10-02T10:00:00+01:00,182.4775,182.485,181.8755,182.032
2023-10-02T14:00:00+01:00,182.03,182.0375,181.403,181.411
2023-10-02T18:00:00+01:00,181.409,181.6135,181.1175,181.129
2023-10-02T22:00:00+01:00,181.1675,181.2155,180.9645,181.1495
2023-10-03T02:00:00+01:00,181.149,181.157,180.7795,180.8185
2023-10-03T06:00:00+01:00,180.8125,181.207,180.5895,181.093
2023-10-03T10:00:00+01:00,181.0945,181.1615,180.6725,181.01
2023-10-03T14:00:00+01:00,181.013,181.379,178.0565,180.0395
2023-10-03T18:00:00+01:00,180.041,180.145,179.6315,179.971
2023-10-03T22:00:00+01:00,179.92,180.2875,179.9035,180.238
2023-10-04T02:00:00+01:00,180.237,180.2615,179.9425,180.2195
2023-10-04T06:00:00+01:00,180.2265,180.487,179.566,180.4785
2023-10-04T10:00:00+01:00,180.4805,181.261,180.4695,181.181
2023-10-04T14:00:00+01:00,181.1775,181.2475,180.4155,180.922
2023-10-04T18:00:00+01:00,180.924,181.139,180.8085,180.964
2023-10-04T22:00:00+01:00,180.9645,181.084,180.4055,180.488
2023-10-05T02:00:00+01:00,180.4865,180.6685,180.29,180.582
2023-10-05T06:00:00+01:00,180.5825,180.9415,180.528,180.6415
2023-10-05T10:00:00+01:00,180.643,180.952,180.4485,180.6665
2023-10-05T14:00:00+01:00,180.665,180.855,180.4765,180.7605
2023-10-05T18:00:00+01:00,180.762,181.0845,180.5965,181.065
2023-10-05T22:00:00+01:00,180.9495,181.129,180.8535,181.064
2023-10-06T02:00:00+01:00,181.0635,181.1915,180.847,181.1405
2023-10-06T06:00:00+01:00,181.1405,181.7375,181.1245,181.6535
2023-10-06T10:00:00+01:00,181.653,182.082,180.9585,181.136
2023-10-06T14:00:00+01:00,181.1345,182.7655,181.0675,182.646
2023-10-06T18:00:00+01:00,182.6455,182.982,182.6225,182.688
2023-10-08T22:00:00+01:00,181.9825,182.3195,181.8665,182.245
2023-10-09T02:00:00+01:00,182.2445,182.254,181.901,181.935
2023-10-09T06:00:00+01:00,181.935,182.2075,181.444,181.6245
2023-10-09T10:00:00+01:00,181.6275,181.777,181.4325,181.6185
2023-10-09T14:00:00+01:00,181.6175,181.9165,181.258,181.4055
2023-10-09T18:00:00+01:00,181.4065,181.858,181.406,181.7325
2023-10-09T22:00:00+01:00,181.7345,182.0435,181.5465,181.898
2023-10-10T02:00:00+01:00,181.8985,181.96,181.7415,181.864
2023-10-10T06:00:00+01:00,181.863,182.6445,181.558,182.6325
2023-10-10T10:00:00+01:00,182.637,182.7915,182.3505,182.431
2023-10-10T14:00:00+01:00,182.432,182.696,182.3555,182.5885
2023-10-10T18:00:00+01:00,182.5865,182.7565,182.3265,182.7175
2023-10-10T22:00:00+01:00,182.6265,182.7385,182.5645,182.73
2023-10-11T02:00:00+01:00,182.7285,183.0215,182.673,183.0075
2023-10-11T06:00:00+01:00,183.0085,183.123,182.489,182.5705
2023-10-11T10:00:00+01:00,182.5715,183.353,182.496,183.304
2023-10-11T14:00:00+01:00,183.3055,183.751,183.1835,183.4055
2023-10-11T18:00:00+01:00,183.411,183.7415,183.2345,183.675
2023-10-11T22:00:00+01:00,183.6705,183.6975,183.4015,183.6375
2023-10-12T02:00:00+01:00,183.637,183.8205,183.5425,183.717
2023-10-12T06:00:00+01:00,183.7175,183.788,183.2875,183.3125
2023-10-12T10:00:00+01:00,183.311,183.6545,183.1045,183.2605
2023-10-12T14:00:00+01:00,183.2555,183.3315,182.67,182.6995
2023-10-12T18:00:00+01:00,182.6975,182.7115,182.336,182.3875
2023-10-12T22:00:00+01:00,182.388,182.6025,182.321,182.5135
2023-10-13T02:00:00+01:00,182.513,182.83,182.482,182.619
2023-10-13T06:00:00+01:00,182.62,182.948,182.421,182.8445
2023-10-13T10:00:00+01:00,182.844,182.8755,181.922,182.266
2023-10-13T14:00:00+01:00,182.265,182.285,181.5095,181.534
2023-10-13T18:00:00+01:00,181.5325,181.694,181.275,181.588
2023-10-15T22:00:00+01:00,181.371,181.8235,181.287,181.5955
2023-10-16T02:00:00+01:00,181.596,181.739,181.582,181.717
2023-10-16T06:00:00+01:00,181.7165,182.172,181.668,181.784
2023-10-16T10:00:00+01:00,181.783,182.1405,181.53,181.9735
2023-10-16T14:00:00+01:00,181.9735,182.559,181.8725,182.4895
2023-10-16T18:00:00+01:00,182.4885,182.7415,182.446,182.654
2023-10-16T22:00:00+01:00,182.6695,182.7355,182.506,182.5345
2023-10-17T02:00:00+01:00,182.533,182.5685,182.366,182.4045
2023-10-17T06:00:00+01:00,182.404,182.495,181.852,181.9225
2023-10-17T10:00:00+01:00,181.9255,182.2055,181.0295,181.8385
2023-10-17T14:00:00+01:00,181.839,182.808,181.7925,182.5855
2023-10-17T18:00:00+01:00,182.5835,182.625,182.332,182.519
2023-10-17T22:00:00+01:00,182.521,182.596,182.0855,182.165
2023-10-18T02:00:00+01:00,182.1635,182.3765,182.0705,182.3135
2023-10-18T06:00:00+01:00,182.3115,182.771,182.288,182.7165
2023-10-18T10:00:00+01:00,182.7165,182.815,182.2715,182.3235
2023-10-18T14:00:00+01:00,182.3245,182.468,181.851,182.074
2023-10-18T18:00:00+01:00,182.0755,182.3335,181.928,182.017
2023-10-18T22:00:00+01:00,182.0185,182.037,181.7435,181.827
2023-10-19T02:00:00+01:00,181.8265,181.8755,181.6135,181.6545
2023-10-19T06:00:00+01:00,181.655,181.896,181.333,181.401
2023-10-19T10:00:00+01:00,181.3995,181.9405,181.1755,181.908
2023-10-19T14:00:00+01:00,181.9085,182.5265,181.831,182.292
2023-10-19T18:00:00+01:00,182.294,182.41,181.8275,181.9025
2023-10-19T22:00:00+01:00,181.902,181.9595,181.6345,181.703
2023-10-20T02:00:00+01:00,181.7025,181.9685,181.659,181.848
2023-10-20T06:00:00+01:00,181.85,181.9175,181.3,181.7945
2023-10-20T10:00:00+01:00,181.7955,182.1655,181.6255,182.0695
2023-10-20T14:00:00+01:00,182.0685,182.312,181.8725,182.1315
2023-10-20T18:00:00+01:00,182.13,182.3745,182.0655,182.2745
2023-10-22T22:00:00+01:00,182.2465,182.3275,182.121,182.2655
2023-10-23T02:00:00+01:00,182.2645,182.2755,182.089,182.171
2023-10-23T06:00:00+01:00,182.1705,182.6295,182.1115,182.3575
2023-10-23T10:00:00+01:00,182.3565,182.611,182.101,182.3965
2023-10-23T14:00:00+01:00,182.397,183.284,182.1915,183.112
2023-10-23T18:00:00+01:00,183.1155,183.434,183.05,183.3805
2023-10-23T22:00:00+01:00,183.3815,183.533,183.163,183.4365
2023-10-24T02:00:00+01:00,183.436,183.5925,183.265,183.552
2023-10-24T06:00:00+01:00,183.5535,183.76,182.9755,183.3665
2023-10-24T10:00:00+01:00,183.3635,183.3975,182.741,182.819
2023-10-24T14:00:00+01:00,182.822,182.875,182.055,182.133
2023-10-24T18:00:00+01:00,182.1275,182.353,182.12,182.2955
2023-10-24T22:00:00+01:00,182.2985,182.377,182.169,182.3565
2023-10-25T02:00:00+01:00,182.3565,182.4425,182.272,182.442
2023-10-25T06:00:00+01:00,182.445,182.455,181.893,181.9685
2023-10-25T10:00:00+01:00,181.9685,181.9835,181.633,181.865
2023-10-25T14:00:00+01:00,181.8635,182.2275,181.7625,181.871
2023-10-25T18:00:00+01:00,181.872,182.0135,181.64,181.953
2023-10-25T22:00:00+01:00,181.9065,181.9555,181.508,181.6055
2023-10-26T02:00:00+01:00,181.606,181.829,181.545,181.7195
2023-10-26T06:00:00+01:00,181.7195,182.1155,181.14,181.6805
2023-10-26T10:00:00+01:00,181.681,182.1035,181.417,182.1035
2023-10-26T14:00:00+01:00,182.114,182.3575,181.892,182.077
2023-10-26T18:00:00+01:00,182.0765,182.586,182.048,182.4005
2023-10-26T22:00:00+01:00,182.388,182.509,182.28,182.366
2023-10-27T02:00:00+01:00,182.366,182.3805,182.1965,182.2745
2023-10-27T06:00:00+01:00,182.2745,182.354,181.796,182.0195
2023-10-27T10:00:00+01:00,182.018,182.1795,181.602,181.814
2023-10-27T14:00:00+01:00,181.816,182.029,181.5195,181.534
2023-10-27T18:00:00+01:00,181.529,181.529,181.0475,181.4315
2023-10-29T21:00:00+00:00,181.2705,181.45,181.18,181.4215
2023-10-30T01:00:00+00:00,181.422,181.427,181.197,181.211
2023-10-30T05:00:00+00:00,181.212,181.368,180.7695,181.0625
2023-10-30T09:00:00+00:00,181.064,181.8835,181.047,181.8545
2023-10-30T13:00:00+00:00,181.858,181.8785,180.9335,181.0455
2023-10-30T17:00:00+00:00,181.0445,181.496,180.958,181.421
2023-10-30T21:00:00+00:00,181.4025,181.731,181.2975,181.6885
2023-10-31T01:00:00+00:00,181.6895,182.334,181.356,182.287
2023-10-31T05:00:00+00:00,182.2845,183.1215,182.2065,183.083
2023-10-31T09:00:00+00:00,183.0815,183.8395,182.712,183.523
2023-10-31T13:00:00+00:00,183.5265,184.0805,183.158,184.078
2023-10-31T17:00:00+00:00,184.079,184.396,183.478,184.368
2023-10-31T21:00:00+00:00,184.2135,184.358,183.679,183.7575
2023-11-01T01:00:00+00:00,183.7565,183.7995,183.5275,183.6785
2023-11-01T05:00:00+00:00,183.677,184.005,183.5735,183.647
2023-11-01T09:00:00+00:00,183.647,183.8105,183.2345,183.2675
2023-11-01T13:00:00+00:00,183.2675,183.624,182.9875,183.1275
2023-11-01T17:00:00+00:00,183.126,183.4605,182.946,183.431
2023-11-01T21:00:00+00:00,183.435,183.571,183.1625,183.3295
2023-11-02T01:00:00+00:00,183.332,183.382,183.056,183.2025
2023-11-02T05:00:00+00:00,183.2065,183.311,182.739,182.951
2023-11-02T09:00:00+00:00,182.9505,183.7065,182.802,183.215
2023-11-02T13:00:00+00:00,183.2155,183.429,183.0175,183.3345
2023-11-02T17:00:00+00:00,183.3335,183.73,183.296,183.5835
2023-11-02T21:00:00+00:00,183.5735,183.7435,183.231,183.32
2023-11-03T01:00:00+00:00,183.323,183.5075,183.314,183.3515
2023-11-03T05:00:00+00:00,183.3515,183.533,183.2635,183.3985
2023-11-03T09:00:00+00:00,183.3965,183.9695,183.3105,183.9595
2023-11-03T13:00:00+00:00,183.9575,184.9215,183.771,184.9115
2023-11-03T17:00:00+00:00,184.911,185.022,184.816,184.945
2023-11-05T22:00:00+00:00,184.802,185.1185,184.738,184.966
2023-11-06T02:00:00+00:00,184.9685,185.2145,184.9615,185.1125
2023-11-06T06:00:00+00:00,185.112,185.73,185.063,185.5765
2023-11-06T10:00:00+00:00,185.5755,185.9655,185.496,185.5405
2023-11-06T14:00:00+00:00,185.5415,185.741,185.3185,185.3865
2023-11-06T18:00:00+00:00,185.385,185.411,185.1065,185.2465
2023-11-06T22:00:00+00:00,185.249,185.296,185.1,185.186
2023-11-07T02:00:00+00:00,185.1865,185.3735,185.1105,185.363
2023-11-07T06:00:00+00:00,185.361,185.466,185.027,185.0835
2023-11-07T10:00:00+00:00,185.086,185.3175,184.65,185.2215
2023-11-07T14:00:00+00:00,185.223,185.3075,184.681,184.752
2023-11-07T18:00:00+00:00,184.751,185.0445,184.7025,184.9395
2023-11-07T22:00:00+00:00,184.9425,185.078,184.812,184.957
2023-11-08T02:00:00+00:00,184.9525,184.991,184.782,184.918
2023-11-08T06:00:00+00:00,184.9175,185.014,184.5505,184.648
2023-11-08T10:00:00+00:00,184.6465,185.116,184.5555,185.0745
2023-11-08T14:00:00+00:00,185.0725,185.5395,185.0335,185.503
2023-11-08T18:00:00+00:00,185.505,185.675,185.455,185.4595
2023-11-08T22:00:00+00:00,185.482,185.515,185.2675,185.4125
2023-11-09T02:00:00+00:00,185.417,185.495,185.3265,185.4445
2023-11-09T06:00:00+00:00,185.445,185.8985,185.2475,185.7845
2023-11-09T10:00:00+00:00,185.7815,185.8585,185.1305,185.2715
2023-11-09T14:00:00+00:00,185.2715,185.513,185.1345,185.32
2023-11-09T18:00:00+00:00,185.318,185.3615,184.8465,185.0015
2023-11-09T22:00:00+00:00,185,185.049,184.8215,184.883
2023-11-10T02:00:00+00:00,184.892,185.113,184.8505,185.099
2023-11-10T06:00:00+00:00,185.0995,185.227,184.862,185.028
2023-11-10T10:00:00+00:00,185.027,185.1705,184.8105,185.0235
2023-11-10T14:00:00+00:00,185.0245,185.18,184.64,185.1585
2023-11-10T18:00:00+00:00,185.157,185.3445,185.1335,185.273
2023-11-12T22:00:00+00:00,185.196,185.4755,184.993,185.4505
2023-11-13T02:00:00+00:00,185.454,185.6565,185.3905,185.6255
2023-11-13T06:00:00+00:00,185.626,185.9165,185.5975,185.826
2023-11-13T10:00:00+00:00,185.827,185.9715,185.6975,185.912
2023-11-13T14:00:00+00:00,185.911,186.0525,185.2645,186.0345
2023-11-13T18:00:00+00:00,186.0335,186.326,185.982,186.3
2023-11-13T22:00:00+00:00,186.307,186.3295,186.056,186.2245
2023-11-14T02:00:00+00:00,186.2165,186.241,186.093,186.134
2023-11-14T06:00:00+00:00,186.131,186.6345,186.1185,186.6305
2023-11-14T10:00:00+00:00,186.6315,187.2925,186.266,187.2605
2023-11-14T14:00:00+00:00,187.262,188.2915,187.25,188.1445
2023-11-14T18:00:00+00:00,188.1435,188.146,187.749,187.959
2023-11-14T22:00:00+00:00,187.9595,188.1905,187.766,187.984
2023-11-15T02:00:00+00:00,187.9855,188.241,187.9465,188.16
2023-11-15T06:00:00+00:00,188.158,188.2325,187.3625,187.442
2023-11-15T10:00:00+00:00,187.4415,187.6815,187.196,187.6115
2023-11-15T14:00:00+00:00,187.6055,187.9265,187.496,187.7885
2023-11-15T18:00:00+00:00,187.7855,188.003,187.71,187.9075
2023-11-15T22:00:00+00:00,187.91,187.9555,187.4825,187.5445
2023-11-16T02:00:00+00:00,187.5445,187.582,187.3075,187.5465
2023-11-16T06:00:00+00:00,187.5505,187.7215,187.3395,187.603
2023-11-16T10:00:00+00:00,187.602,187.6635,187.2705,187.432
2023-11-16T14:00:00+00:00,187.4315,187.4525,186.831,187.012
2023-11-16T18:00:00+00:00,187.013,187.165,186.857,187.114
2023-11-16T22:00:00+00:00,187.116,187.198,186.919,186.975
2023-11-17T02:00:00+00:00,186.9735,187.015,186.6305,187.004
2023-11-17T06:00:00+00:00,187.004,187.058,185.319,185.6735
2023-11-17T10:00:00+00:00,185.672,185.9145,185.5025,185.8675
2023-11-17T14:00:00+00:00,185.869,186.2605,185.722,186.1645
2023-11-17T18:00:00+00:00,186.1635,186.573,186.15,186.4565
2023-11-19T22:00:00+00:00,186.364,186.7935,186.199,186.4235
2023-11-20T02:00:00+00:00,186.423,186.4915,185.765,186.0645
2023-11-20T06:00:00+00:00,186.063,186.169,185.0825,185.4095
2023-11-20T10:00:00+00:00,185.4095,185.4095,184.6335,185.243
2023-11-20T14:00:00+00:00,185.246,185.5275,185.1855,185.4525
2023-11-20T18:00:00+00:00,185.451,185.6385,185.367,185.558
2023-11-20T22:00:00+00:00,185.554,185.6495,185.1655,185.28
2023-11-21T02:00:00+00:00,185.274,185.432,184.5895,185.1225
2023-11-21T06:00:00+00:00,185.121,185.236,184.4645,185.1805
2023-11-21T10:00:00+00:00,185.1795,185.2635,184.9405,185.1135
2023-11-21T14:00:00+00:00,185.113,185.6575,184.944,185.648
2023-11-21T18:00:00+00:00,185.6465,186.099,185.565,186.0665
2023-11-21T22:00:00+00:00,185.986,186.066,185.639,185.906
2023-11-22T02:00:00+00:00,185.9065,186.387,185.75,186.327
2023-11-22T06:00:00+00:00,186.3285,187.026,186.3025,186.823
2023-11-22T10:00:00+00:00,186.8275,186.8715,186.212,186.778
2023-11-22T14:00:00+00:00,186.7795,186.7985,186.3225,186.713
2023-11-22T18:00:00+00:00,186.715,186.9525,186.708,186.8405
2023-11-22T22:00:00+00:00,186.831,186.9215,186.3495,186.4175
2023-11-23T02:00:00+00:00,186.419,186.595,186.285,186.414
2023-11-23T06:00:00+00:00,186.415,187.6775,186.3455,187.4205
2023-11-23T10:00:00+00:00,187.4215,187.539,187.187,187.4015
2023-11-23T14:00:00+00:00,187.4,187.592,187.3395,187.498
2023-11-23T18:00:00+00:00,187.496,187.527,187.429,187.466
2023-11-23T22:00:00+00:00,187.3905,187.6535,187.2795,187.3925
2023-11-24T02:00:00+00:00,187.382,187.431,187.1385,187.2475
2023-11-24T06:00:00+00:00,187.25,187.894,187.107,187.784
2023-11-24T10:00:00+00:00,187.7835,188.1615,187.696,188.146
2023-11-24T14:00:00+00:00,188.1465,188.666,188.123,188.515
2023-11-24T18:00:00+00:00,188.516,188.5485,188.278,188.3375
2023-11-26T22:00:00+00:00,188.3315,188.539,187.909,187.938
2023-11-27T02:00:00+00:00,187.9315,188.093,187.607,188.073
2023-11-27T06:00:00+00:00,188.076,188.2735,187.7715,188.24
2023-11-27T10:00:00+00:00,188.2395,188.352,187.772,187.884
2023-11-27T14:00:00+00:00,187.885,188.0355,187.638,187.7415
2023-11-27T18:00:00+00:00,187.741,187.828,187.624,187.752
2023-11-27T22:00:00+00:00,187.7505,187.8205,187.1105,187.252
2023-11-28T02:00:00+00:00,187.2495,187.3425,187.056,187.2225
2023-11-28T06:00:00+00:00,187.2205,187.8745,187.128,187.5865
2023-11-28T10:00:00+00:00,187.5855,187.8785,187.285,187.573
2023-11-28T14:00:00+00:00,187.5735,187.728,187.1355,187.283
2023-11-28T18:00:00+00:00,187.28,187.3015,187.0785,187.2135
2023-11-28T22:00:00+00:00,187.214,187.323,186.6265,186.8405
2023-11-29T02:00:00+00:00,186.842,187.2695,186.7275,187.0695
2023-11-29T06:00:00+00:00,187.068,187.398,186.846,187.128
2023-11-29T10:00:00+00:00,187.1295,187.5385,186.976,187.4125
2023-11-29T14:00:00+00:00,187.41,187.5285,186.694,186.9915
2023-11-29T18:00:00+00:00,186.992,187.2395,186.8665,186.933
2023-11-29T22:00:00+00:00,186.9325,186.952,186.442,186.637
2023-11-30T02:00:00+00:00,186.637,186.8825,186.6165,186.7165
2023-11-30T06:00:00+00:00,186.715,186.926,186.233,186.4725
2023-11-30T10:00:00+00:00,186.472,186.8025,186.4695,186.7135
2023-11-30T14:00:00+00:00,186.7135,187.568,186.696,187.0415
2023-11-30T18:00:00+00:00,187.041,187.1785,186.9915,187.0785
2023-11-30T22:00:00+00:00,187.079,187.1465,186.6815,186.9025
2023-12-01T02:00:00+00:00,186.9045,187.2475,186.87,187.2135
2023-12-01T06:00:00+00:00,187.2135,187.523,187.049,187.3085
2023-12-01T10:00:00+00:00,187.3015,187.496,187.094,187.156
2023-12-01T14:00:00+00:00,187.157,187.177,186.1955,186.428
2023-12-01T18:00:00+00:00,186.431,186.674,186.386,186.596
2023-12-03T22:00:00+00:00,186.4865,186.5935,185.5275,185.8965
2023-12-04T02:00:00+00:00,185.897,186.16,185.78,186.123
2023-12-04T06:00:00+00:00,186.12,186.3405,185.7395,185.826
2023-12-04T10:00:00+00:00,185.8265,185.9335,185.525,185.6225
2023-12-04T14:00:00+00:00,185.6225,185.9145,185.0745,185.8695
2023-12-04T18:00:00+00:00,185.8685,186.0635,185.8035,185.974
2023-12-04T22:00:00+00:00,185.9745,186.1955,185.767,185.96
2023-12-05T02:00:00+00:00,185.9595,185.996,185.8045,185.8315
2023-12-05T06:00:00+00:00,185.829,185.9035,185.0665,185.759
2023-12-05T10:00:00+00:00,185.7595,185.956,185.4535,185.4985
2023-12-05T14:00:00+00:00,185.497,185.7675,185.2835,185.3145
2023-12-05T18:00:00+00:00,185.312,185.421,185.2325,185.358
2023-12-05T22:00:00+00:00,185.384,185.681,185.194,185.5945
2023-12-06T02:00:00+00:00,185.5965,185.8,185.542,185.607
2023-12-06T06:00:00+00:00,185.6025,185.665,185.14,185.6275
2023-12-06T10:00:00+00:00,185.6295,185.8135,185.2045,185.3055
2023-12-06T14:00:00+00:00,185.306,185.5115,185.1065,185.214
2023-12-06T18:00:00+00:00,185.216,185.2415,184.993,185.02
2023-12-06T22:00:00+00:00,185.0175,185.034,184.402,184.4855
2023-12-07T02:00:00+00:00,184.488,184.5205,183.86,183.9155
2023-12-07T06:00:00+00:00,183.9115,184.0295,182.2725,182.328
2023-12-07T10:00:00+00:00,182.325,182.674,181.8885,182.2585
2023-12-07T14:00:00+00:00,182.258,182.2635,178.572,180.568
2023-12-07T18:00:00+00:00,180.577,181.561,180.2085,181.5095
2023-12-07T22:00:00+00:00,181.4885,181.7335,179.5555,180.522
2023-12-08T02:00:00+00:00,180.5195,181.5015,180.134,181.181
2023-12-08T06:00:00+00:00,181.181,181.585,180.644,181.1845
2023-12-08T10:00:00+00:00,181.1845,182.045,180.746,180.9085
2023-12-08T14:00:00+00:00,180.907,181.7485,180.4635,181.6685
2023-12-08T18:00:00+00:00,181.668,181.9595,181.65,181.905
2023-12-10T22:00:00+00:00,181.7225,182.712,181.6485,182.477
2023-12-11T02:00:00+00:00,182.4755,182.62,182.265,182.5645
2023-12-11T06:00:00+00:00,182.568,183.7255,182.3365,183.525
2023-12-11T10:00:00+00:00,183.526,184.3305,183.4895,184.0525
2023-12-11T14:00:00+00:00,184.051,184.073,183.5965,183.674
2023-12-11T18:00:00+00:00,183.6725,183.732,183.457,183.5165
2023-12-11T22:00:00+00:00,183.515,183.589,182.9055,183.1245
2023-12-12T02:00:00+00:00,183.121,183.2575,182.7745,182.8275
2023-12-12T06:00:00+00:00,182.826,182.9885,182.4885,182.7185
2023-12-12T10:00:00+00:00,182.719,183.0205,182.275,182.6915
2023-12-12T14:00:00+00:00,182.691,182.9975,182.34,182.741
2023-12-12T18:00:00+00:00,182.741,183.0245,182.65,182.7265
2023-12-12T22:00:00+00:00,182.715,182.95,182.504,182.5925
2023-12-13T02:00:00+00:00,182.598,182.8545,182.517,182.789
2023-12-13T06:00:00+00:00,182.788,183.1575,182.4915,182.6815
2023-12-13T10:00:00+00:00,182.6795,182.699,182.1125,182.115
2023-12-13T14:00:00+00:00,182.1135,182.1135,181.5585,181.584
2023-12-13T18:00:00+00:00,181.5845,181.6895,180.199,180.289
2023-12-13T22:00:00+00:00,180.288,180.4095,179.323,179.9005
2023-12-14T02:00:00+00:00,179.9055,179.9825,178.3475,178.6925
2023-12-14T06:00:00+00:00,178.6905,179.4685,178.637,179.2285
2023-12-14T10:00:00+00:00,179.2295,180.6755,178.9225,180.554
2023-12-14T14:00:00+00:00,180.555,181.2195,180.314,181.0235
2023-12-14T18:00:00+00:00,181.0245,181.209,180.724,181.14
2023-12-14T22:00:00+00:00,181.117,181.7395,181.055,181.57
2023-12-15T02:00:00+00:00,181.5715,181.6405,180.7605,181.038
2023-12-15T06:00:00+00:00,181.0345,181.359,180.464,181.1145
2023-12-15T10:00:00+00:00,181.115,181.203,180.438,180.901
2023-12-15T14:00:00+00:00,180.8995,180.9235,179.824,180.465
2023-12-15T18:00:00+00:00,180.469,180.4965,180.0505,180.226
2023-12-17T22:00:00+00:00,180.2775,180.5885,179.966,180.399
2023-12-18T02:00:00+00:00,180.3985,180.6395,180.334,180.505
2023-12-18T06:00:00+00:00,180.506,180.8985,180.3785,180.498
2023-12-18T10:00:00+00:00,180.499,180.922,180.485,180.9115
2023-12-18T14:00:00+00:00,180.915,181.183,180.595,180.836
2023-12-18T18:00:00+00:00,180.8375,180.8475,180.5555,180.563
2023-12-18T22:00:00+00:00,180.508,180.6975,180.0465,180.367
2023-12-19T02:00:00+00:00,180.369,181.967,180.31,181.648
2023-12-19T06:00:00+00:00,181.647,183.612,180.4385,183.557
2023-12-19T10:00:00+00:00,183.5515,184.181,183.4305,183.873
2023-12-19T14:00:00+00:00,183.877,184.012,183.0345,183.181
2023-12-19T18:00:00+00:00,183.181,183.2425,182.985,183.1415
2023-12-19T22:00:00+00:00,183.13,183.343,182.866,182.957
2023-12-20T02:00:00+00:00,182.952,183.1685,182.426,182.674
2023-12-20T06:00:00+00:00,182.6715,182.829,181.2805,181.826
2023-12-20T10:00:00+00:00,181.8305,181.8435,181.275,181.494
2023-12-20T14:00:00+00:00,181.496,182.3325,181.489,182.318
2023-12-20T18:00:00+00:00,182.3185,182.3635,181.366,181.4535
2023-12-20T22:00:00+00:00,181.4525,181.55,180.703,180.7965
2023-12-21T02:00:00+00:00,180.797,180.8905,180.444,180.809
2023-12-21T06:00:00+00:00,180.811,181.119,180.5215,180.6985
2023-12-21T10:00:00+00:00,180.7015,180.998,180.269,180.323
2023-12-21T14:00:00+00:00,180.3185,180.5855,179.7855,180.146
2023-12-21T18:00:00+00:00,180.148,180.497,180.1475,180.3175
2023-12-21T22:00:00+00:00,180.315,180.5625,179.9485,180.469
2023-12-22T02:00:00+00:00,180.468,180.786,180.417,180.5925
2023-12-22T06:00:00+00:00,180.5925,180.9555,180.25,180.299
2023-12-22T10:00:00+00:00,180.293,181.062,180.293,180.835
2023-12-22T14:00:00+00:00,180.8345,181.339,180.5495,181.059
2023-12-22T18:00:00+00:00,181.0585,181.076,180.811,180.826
2023-12-24T22:00:00+00:00,180.8035,180.973,180.338,180.642
2023-12-25T02:00:00+00:00,180.6245,180.7605,180.261,180.6815
2023-12-25T06:00:00+00:00,180.679,180.9495,180.5865,180.902
2023-12-25T22:00:00+00:00,180.67,180.888,180.4985,180.763
2023-12-26T02:00:00+00:00,180.764,180.816,180.654,180.7625
2023-12-26T06:00:00+00:00,180.77,180.8785,180.5805,180.8545
2023-12-26T10:00:00+00:00,180.8555,180.8985,180.6485,180.874
2023-12-26T14:00:00+00:00,180.8725,181.251,180.861,181.0385
2023-12-26T18:00:00+00:00,181.041,181.302,180.976,181.2065
2023-12-26T22:00:00+00:00,181.211,181.671,181.058,181.481
2023-12-27T02:00:00+00:00,181.481,181.5915,181.2715,181.521
2023-12-27T06:00:00+00:00,181.521,181.875,181.12,181.372
2023-12-27T10:00:00+00:00,181.3745,181.9365,181.192,181.8515
2023-12-27T14:00:00+00:00,181.852,182.1925,181.5355,181.7455
2023-12-27T18:00:00+00:00,181.743,181.8115,181.1835,181.5125
2023-12-27T22:00:00+00:00,181.512,181.512,180.7295,181.176
2023-12-28T02:00:00+00:00,181.1745,181.212,180.736,180.8085
2023-12-28T06:00:00+00:00,180.811,180.918,180.0085,180.0645
2023-12-28T10:00:00+00:00,180.061,180.188,179.6485,179.819
2023-12-28T14:00:00+00:00,179.8195,180.365,179.0035,179.9085
2023-12-28T18:00:00+00:00,179.9065,180.106,179.835,180.055
2023-12-28T22:00:00+00:00,179.99,180.464,179.8405,180.2095
2023-12-29T02:00:00+00:00,180.2095,180.3975,180.0425,180.3645
2023-12-29T06:00:00+00:00,180.3645,180.4725,180.081,180.2975
2023-12-29T10:00:00+00:00,180.295,180.537,179.82,180.427
2023-12-29T14:00:00+00:00,180.425,180.4305,179.312,179.7565
2023-12-29T18:00:00+00:00,179.7555,179.884,179.515,179.5535
2024-01-01T22:00:00+00:00,179.3015,179.9955,179.2425,179.9255
2024-01-02T02:00:00+00:00,179.924,180.23,179.866,180.0425
2024-01-02T06:00:00+00:00,180.041,180.655,179.9365,180.0245
2024-01-02T10:00:00+00:00,180.023,180.19,179.297,179.5365
2024-01-02T14:00:00+00:00,179.5335,179.557,178.741,179.3575
2024-01-02T18:00:00+00:00,179.358,179.381,178.971,179.136
2024-01-02T22:00:00+00:00,179.1355,179.4765,179.05,179.3525
2024-01-03T02:00:00+00:00,179.3525,179.537,179.2845,179.518
2024-01-03T06:00:00+00:00,179.5165,180.3555,179.4555,180.125
2024-01-03T10:00:00+00:00,180.1235,180.673,180.0395,180.631
2024-01-03T14:00:00+00:00,180.63,181.7505,180.5535,181.5925
2024-01-03T18:00:00+00:00,181.5945,181.757,181.261,181.477
2024-01-03T22:00:00+00:00,181.4775,181.649,181.016,181.617
2024-01-04T02:00:00+00:00,181.619,182.265,181.4915,182.1045
2024-01-04T06:00:00+00:00,182.1015,183.0465,181.6825,183.0075
2024-01-04T10:00:00+00:00,183.0095,183.354,182.843,183.1765
2024-01-04T14:00:00+00:00,183.1745,183.7855,183.172,183.4015
2024-01-04T18:00:00+00:00,183.3975,183.5255,183.2255,183.427
2024-01-04T22:00:00+00:00,183.4325,183.8915,183.2855,183.734
2024-01-05T02:00:00+00:00,183.735,183.833,183.401,183.438
2024-01-05T06:00:00+00:00,183.4305,184.136,183.4145,183.8075
2024-01-05T10:00:00+00:00,183.807,184.2905,183.649,184.1285
2024-01-05T14:00:00+00:00,184.1285,184.3275,183.56,184.1705
2024-01-05T18:00:00+00:00,184.1715,184.3075,183.9075,183.9755
2024-01-07T22:00:00+00:00,183.847,184.2335,183.649,183.6655
2024-01-08T02:00:00+00:00,183.667,183.807,183.396,183.4015
2024-01-08T06:00:00+00:00,183.401,183.691,183.0225,183.109
2024-01-08T10:00:00+00:00,183.117,184.0075,183.0815,183.63
2024-01-08T14:00:00+00:00,183.6305,183.764,183.293,183.628
2024-01-08T18:00:00+00:00,183.6275,183.9245,183.6215,183.869
2024-01-08T22:00:00+00:00,183.8685,183.9885,183.0385,183.093
2024-01-09T02:00:00+00:00,183.092,183.3325,183.0215,183.242
2024-01-09T06:00:00+00:00,183.2425,183.7865,183.1075,183.3095
2024-01-09T10:00:00+00:00,183.313,183.4855,182.909,182.9565
2024-01-09T14:00:00+00:00,182.955,183.6655,182.7575,183.549
2024-01-09T18:00:00+00:00,183.548,183.661,183.356,183.6295
2024-01-09T22:00:00+00:00,183.5785,184.083,183.4155,183.9785
2024-01-10T02:00:00+00:00,183.9805,184.145,183.789,183.892
2024-01-10T06:00:00+00:00,183.899,184.5,183.809,184.4215
2024-01-10T10:00:00+00:00,184.4195,184.933,184.297,184.879
2024-01-10T14:00:00+00:00,184.8815,185.5225,184.799,185.4245
2024-01-10T18:00:00+00:00,185.423,185.756,185.345,185.73
2024-01-10T22:00:00+00:00,185.729,185.832,185.434,185.4955
2024-01-11T02:00:00+00:00,185.4995,185.8115,185.442,185.7
2024-01-11T06:00:00+00:00,185.6995,185.8525,185.314,185.4205
2024-01-11T10:00:00+00:00,185.421,185.9095,185.257,185.899
2024-01-11T14:00:00+00:00,185.8955,186.1685,185.3055,185.6625
2024-01-11T18:00:00+00:00,185.663,185.9435,185.3535,185.3585
2024-01-11T22:00:00+00:00,185.4165,185.6275,185.095,185.461
2024-01-12T02:00:00+00:00,185.4615,185.664,185.053,185.53
2024-01-12T06:00:00+00:00,185.5295,185.56,184.986,185.085
2024-01-12T10:00:00+00:00,185.083,185.4005,184.6465,184.685
2024-01-12T14:00:00+00:00,184.6845,184.904,184.478,184.6665
2024-01-12T18:00:00+00:00,184.666,184.8245,184.611,184.7865
2024-01-14T22:00:00+00:00,184.7685,184.9225,184.625,184.853
2024-01-15T02:00:00+00:00,184.854,185.2995,184.8435,185.2665
2024-01-15T06:00:00+00:00,185.2655,185.563,185.21,185.375
2024-01-15T10:00:00+00:00,185.375,185.7575,185.281,185.5525
2024-01-15T14:00:00+00:00,185.552,185.729,185.371,185.572
2024-01-15T18:00:00+00:00,185.571,185.627,185.487,185.494
2024-01-15T22:00:00+00:00,185.5285,185.5835,185.0525,185.224
2024-01-16T02:00:00+00:00,185.2245,185.507,185.1555,185.3465
2024-01-16T06:00:00+00:00,185.3465,185.5075,184.9775,185.2385
2024-01-16T10:00:00+00:00,185.239,185.6485,185.1235,185.3725
2024-01-16T14:00:00+00:00,185.371,186.1895,185.333,185.9095
2024-01-16T18:00:00+00:00,185.9105,186.0615,185.8205,186.0015
2024-01-16T22:00:00+00:00,185.9765,186.357,185.8405,185.9925
2024-01-17T02:00:00+00:00,185.992,186.182,185.877,186.0995
2024-01-17T06:00:00+00:00,186.099,187.3535,186.095,187.3255
2024-01-17T10:00:00+00:00,187.3235,187.532,187.0185,187.153
2024-01-17T14:00:00+00:00,187.1515,188.127,187.0345,187.9315
2024-01-17T18:00:00+00:00,187.9325,188.0485,187.8045,187.82
2024-01-17T22:00:00+00:00,187.8225,187.9385,187.6135,187.8585
2024-01-18T02:00:00+00:00,187.8555,187.907,187.566,187.6135
2024-01-18T06:00:00+00:00,187.6105,187.8045,187.3795,187.3865
2024-01-18T10:00:00+00:00,187.3835,187.763,187.356,187.5515
2024-01-18T14:00:00+00:00,187.551,188.0625,187.32,187.966
2024-01-18T18:00:00+00:00,187.9665,188.2705,187.8465,188.255
2024-01-18T22:00:00+00:00,188.267,188.5265,188.0645,188.5195
2024-01-19T02:00:00+00:00,188.5195,188.8275,188.2955,188.7745
2024-01-19T06:00:00+00:00,188.775,188.938,187.6275,187.6965
2024-01-19T10:00:00+00:00,187.6985,187.895,187.415,187.7545
2024-01-19T14:00:00+00:00,187.755,188.1165,187.665,187.9395
2024-01-19T18:00:00+00:00,187.9415,188.2625,187.934,188.214
2024-01-21T22:00:00+00:00,188.153,188.4015,187.7645,187.9155
2024-01-22T02:00:00+00:00,187.9155,188.3745,187.877,188.308
2024-01-22T06:00:00+00:00,188.31,188.3945,187.9705,188.1765
2024-01-22T10:00:00+00:00,188.175,188.1915,187.8775,187.961
2024-01-22T14:00:00+00:00,187.962,188.3825,187.9075,188.256
2024-01-22T18:00:00+00:00,188.257,188.3585,188.0255,188.227
2024-01-22T22:00:00+00:00,188.2245,188.422,188.021,188.398
2024-01-23T02:00:00+00:00,188.3995,188.926,188.154,188.418
2024-01-23T06:00:00+00:00,188.4175,188.7185,187.3495,188.017
2024-01-23T10:00:00+00:00,188.0185,188.254,187.8375,188.15
2024-01-23T14:00:00+00:00,188.15,188.1855,187.8815,188.09
2024-01-23T18:00:00+00:00,188.093,188.3025,188.028,188.246
2024-01-23T22:00:00+00:00,188.1405,188.2955,187.851,187.876
2024-01-24T02:00:00+00:00,187.8755,188.1,187.631,187.843
2024-01-24T06:00:00+00:00,187.8435,188.4795,187.463,188.319
2024-01-24T10:00:00+00:00,188.3195,188.3775,187.29,187.375
2024-01-24T14:00:00+00:00,187.3735,187.8665,187.124,187.641
2024-01-24T18:00:00+00:00,187.6385,187.8385,187.571,187.713
2024-01-24T22:00:00+00:00,187.7,187.8535,187.5145,187.713
2024-01-25T02:00:00+00:00,187.7085,187.912,187.6565,187.862
2024-01-25T06:00:00+00:00,187.8625,188.1965,187.673,187.8955
2024-01-25T10:00:00+00:00,187.8985,188.0605,187.5045,187.703
2024-01-25T14:00:00+00:00,187.705,187.713,187.158,187.603
2024-01-25T18:00:00+00:00,187.6075,187.7755,187.5175,187.651
2024-01-25T22:00:00+00:00,187.6465,187.8475,187.432,187.517
2024-01-26T02:00:00+00:00,187.52,187.79,187.4845,187.7085
2024-01-26T06:00:00+00:00,187.7085,188.1345,187.338,187.9655
2024-01-26T10:00:00+00:00,187.9635,188.361,187.9125,188.2395
2024-01-26T14:00:00+00:00,188.24,188.5665,188.021,188.147
2024-01-26T18:00:00+00:00,188.1465,188.236,188.0485,188.2245
2024-01-28T22:00:00+00:00,188.062,188.2985,187.9125,188.1375
2024-01-29T02:00:00+00:00,188.1345,188.2515,188.03,188.032
2024-01-29T06:00:00+00:00,188.032,188.0885,187.6705,187.6905
2024-01-29T10:00:00+00:00,187.6925,188.0265,187.5915,187.833
2024-01-29T14:00:00+00:00,187.834,187.8625,187.1165,187.2815
2024-01-29T18:00:00+00:00,187.284,187.516,187.17,187.453
2024-01-29T22:00:00+00:00,187.451,187.525,187.182,187.25
2024-01-30T02:00:00+00:00,187.2535,187.463,187.1825,187.2665
2024-01-30T06:00:00+00:00,187.2655,187.294,186.688,186.908
2024-01-30T10:00:00+00:00,186.9065,187.007,186.634,186.984
2024-01-30T14:00:00+00:00,186.982,187.458,186.5175,187.432
2024-01-30T18:00:00+00:00,187.4315,187.4885,187.3015,187.4445
2024-01-30T22:00:00+00:00,187.445,187.495,186.9135,187.1615
2024-01-31T02:00:00+00:00,187.159,187.391,187.1,187.277
2024-01-31T06:00:00+00:00,187.2745,187.4225,186.9185,187.2225
2024-01-31T10:00:00+00:00,187.226,187.626,187.145,187.4105
2024-01-31T14:00:00+00:00,187.4125,187.492,185.9875,186.145
2024-01-31T18:00:00+00:00,186.146,186.699,185.9635,186.393
2024-01-31T22:00:00+00:00,186.287,186.48,185.959,186.1075
2024-02-01T02:00:00+00:00,186.1065,186.1775,185.945,186.047
2024-02-01T06:00:00+00:00,186.0475,186.1425,185.394,185.785
2024-02-01T10:00:00+00:00,185.785,186.598,185.289,185.662
2024-02-01T14:00:00+00:00,185.6605,186.477,185.2305,186.408
2024-02-01T18:00:00+00:00,186.4085,186.659,186.3155,186.618
2024-02-01T22:00:00+00:00,186.627,186.7415,186.44,186.547
2024-02-02T02:00:00+00:00,186.5425,186.8095,186.5135,186.698
2024-02-02T06:00:00+00:00,186.6975,187.3395,186.632,187.149
2024-02-02T10:00:00+00:00,187.1495,187.574,186.823,187.4955
2024-02-02T14:00:00+00:00,187.4895,187.739,186.973,187.42
2024-02-02T18:00:00+00:00,187.421,187.5175,187.1975,187.463
2024-02-04T22:00:00+00:00,187.502,187.6675,187.119,187.123
2024-02-05T02:00:00+00:00,187.1245,187.239,187.0315,187.074
2024-02-05T06:00:00+00:00,187.075,187.5285,186.9705,187.133
2024-02-05T10:00:00+00:00,187.1275,187.1505,186.392,186.4955
2024-02-05T14:00:00+00:00,186.492,186.574,186.176,186.3095
2024-02-05T18:00:00+00:00,186.3095,186.446,186.2125,186.385
2024-02-05T22:00:00+00:00,186.4015,186.527,186.25,186.351
2024-02-06T02:00:00+00:00,186.35,186.5215,186.2875,186.327
2024-02-06T06:00:00+00:00,186.3285,186.679,186.195,186.485
2024-02-06T10:00:00+00:00,186.482,186.7575,186.4425,186.7265
2024-02-06T14:00:00+00:00,186.7265,186.7865,186.187,186.31
2024-02-06T18:00:00+00:00,186.311,186.4105,186.246,186.376
2024-02-06T22:00:00+00:00,186.37,186.4555,186.1905,186.394
2024-02-07T02:00:00+00:00,186.392,186.563,186.3275,186.505
2024-02-07T06:00:00+00:00,186.5045,186.9535,186.442,186.8685
2024-02-07T10:00:00+00:00,186.868,187.2675,186.8605,187.0845
2024-02-07T14:00:00+00:00,187.0845,187.178,186.5515,187
2024-02-07T18:00:00+00:00,186.998,187.1375,186.9075,187.0975
2024-02-07T22:00:00+00:00,187.1235,187.425,186.8745,187.346
2024-02-08T02:00:00+00:00,187.347,187.7515,187.347,187.674
2024-02-08T06:00:00+00:00,187.675,188.0125,187.667,187.891
2024-02-08T10:00:00+00:00,187.8955,188.2295,187.8375,187.952
2024-02-08T14:00:00+00:00,187.95,188.488,187.7845,188.472
2024-02-08T18:00:00+00:00,188.471,188.4865,188.3225,188.3985
2024-02-08T22:00:00+00:00,188.4015,188.49,188.2775,188.3795
2024-02-09T02:00:00+00:00,188.38,188.5745,188.3515,188.4665
2024-02-09T06:00:00+00:00,188.4665,188.869,188.26,188.4385
2024-02-09T10:00:00+00:00,188.4395,188.552,188.236,188.535
2024-02-09T14:00:00+00:00,188.534,188.82,188.434,188.6295
2024-02-09T18:00:00+00:00,188.63,188.76,188.497,188.534
2024-02-11T22:00:00+00:00,188.4675,188.6005,188.313,188.509
2024-02-12T02:00:00+00:00,188.5115,188.5435,188.4055,188.4465
2024-02-12T06:00:00+00:00,188.444,188.6455,188.1675,188.2195
2024-02-12T10:00:00+00:00,188.221,188.2975,187.8575,188.14
2024-02-12T14:00:00+00:00,188.1415,188.717,188.1375,188.6545
2024-02-12T18:00:00+00:00,188.6555,188.725,188.558,188.6065
2024-02-12T22:00:00+00:00,188.5995,188.7035,188.4865,188.513
2024-02-13T02:00:00+00:00,188.515,188.7185,188.444,188.666
2024-02-13T06:00:00+00:00,188.6655,189.339,188.5785,189.2845
2024-02-13T10:00:00+00:00,189.285,189.5605,188.9075,189.446
2024-02-13T14:00:00+00:00,189.4435,190.0775,189.3005,189.985
2024-02-13T18:00:00+00:00,189.9865,190.0155,189.698,189.9055
2024-02-13T22:00:00+00:00,189.906,189.9565,189.506,189.64
2024-02-14T02:00:00+00:00,189.643,189.736,189.556,189.698
2024-02-14T06:00:00+00:00,189.697,189.834,188.758,188.898
2024-02-14T10:00:00+00:00,188.897,189.3085,188.8515,189.261
2024-02-14T14:00:00+00:00,189.264,189.279,188.8685,189.012
2024-02-14T18:00:00+00:00,189.0145,189.27,188.977,189.2405
2024-02-14T22:00:00+00:00,189.132,189.2255,188.6265,188.6945
2024-02-15T02:00:00+00:00,188.6995,188.863,188.6095,188.7055
2024-02-15T06:00:00+00:00,188.7075,188.773,188.241,188.352
2024-02-15T10:00:00+00:00,188.3505,188.496,187.994,188.3325
2024-02-15T14:00:00+00:00,188.3335,189.0045,188.3335,188.915
2024-02-15T18:00:00+00:00,188.916,188.971,188.773,188.895
2024-02-15T22:00:00+00:00,188.8935,189.036,188.7415,188.9015
2024-02-16T02:00:00+00:00,188.9015,189.158,188.886,188.9625
2024-02-16T06:00:00+00:00,188.961,189.359,188.9155,189.149
2024-02-16T10:00:00+00:00,189.1495,189.2595,189.0415,189.159
2024-02-16T14:00:00+00:00,189.1595,189.429,188.8835,189.3995
2024-02-16T18:00:00+00:00,189.4005,189.5195,189.2015,189.2905
2024-02-18T22:00:00+00:00,189.367,189.3885,189.098,189.182
2024-02-19T02:00:00+00:00,189.1825,189.324,189.095,189.2975
2024-02-19T06:00:00+00:00,189.2975,189.3925,189.0055,189.1445
2024-02-19T10:00:00+00:00,189.145,189.301,188.934,188.9535
2024-02-19T14:00:00+00:00,188.9515,189.1315,188.9095,189.108
2024-02-19T18:00:00+00:00,189.1055,189.1975,189.079,189.083
2024-02-19T22:00:00+00:00,189.0865,189.2175,189.03,189.11
2024-02-20T02:00:00+00:00,189.1115,189.281,189.08,189.263
2024-02-20T06:00:00+00:00,189.264,189.502,189.1365,189.401
2024-02-20T10:00:00+00:00,189.4005,189.669,189.083,189.627
2024-02-20T14:00:00+00:00,189.625,189.729,189.322,189.399
2024-02-20T18:00:00+00:00,189.396,189.41,189.2005,189.351
2024-02-20T22:00:00+00:00,189.3475,189.483,189.186,189.415
2024-02-21T02:00:00+00:00,189.4135,189.5255,189.349,189.4905
2024-02-21T06:00:00+00:00,189.492,189.669,189.157,189.2995
2024-02-21T10:00:00+00:00,189.298,189.479,189.1705,189.463
2024-02-21T14:00:00+00:00,189.465,189.7685,189.358,189.629
2024-02-21T18:00:00+00:00,189.6305,189.958,189.5645,189.949
2024-02-21T22:00:00+00:00,189.9515,190.235,189.881,189.996
2024-02-22T02:00:00+00:00,189.9955,190.124,189.906,190.0385
2024-02-22T06:00:00+00:00,190.038,190.843,189.9635,190.365
2024-02-22T10:00:00+00:00,190.3665,190.6,190.1175,190.142
2024-02-22T14:00:00+00:00,190.1405,190.661,189.855,190.62
2024-02-22T18:00:00+00:00,190.621,190.646,190.4885,190.577
2024-02-22T22:00:00+00:00,190.5785,190.648,190.405,190.522
2024-02-23T02:00:00+00:00,190.523,190.7325,190.4765,190.6975
2024-02-23T06:00:00+00:00,190.6955,190.96,190.645,190.791
2024-02-23T10:00:00+00:00,190.7895,191.147,190.7785,191.011
2024-02-23T14:00:00+00:00,191.0115,191.019,190.5035,190.694
2024-02-23T18:00:00+00:00,190.693,190.7755,190.6015,190.703
2024-02-25T22:00:00+00:00,190.725,190.8375,190.3395,190.4665
2024-02-26T02:00:00+00:00,190.467,190.6905,190.4485,190.556
2024-02-26T06:00:00+00:00,190.5555,191.0205,190.48,190.998
2024-02-26T10:00:00+00:00,191.002,191.32,190.9145,191.2785
2024-02-26T14:00:00+00:00,191.277,191.3145,191.044,191.123
2024-02-26T18:00:00+00:00,191.12,191.205,191.066,191.1725
2024-02-26T22:00:00+00:00,191.175,191.2465,190.7945,190.8305
2024-02-27T02:00:00+00:00,190.831,190.8825,190.725,190.864
2024-02-27T06:00:00+00:00,190.868,190.947,190.493,190.675
2024-02-27T10:00:00+00:00,190.6765,190.796,190.3705,190.578
2024-02-27T14:00:00+00:00,190.579,190.994,190.4715,190.822
2024-02-27T18:00:00+00:00,190.821,190.97,190.751,190.918
2024-02-27T22:00:00+00:00,190.919,190.997,190.6295,190.65
2024-02-28T02:00:00+00:00,190.649,190.7955,190.567,190.652
2024-02-28T06:00:00+00:00,190.65,190.884,190.2835,190.3235
2024-02-28T10:00:00+00:00,190.3235,190.672,190.2685,190.5605
2024-02-28T14:00:00+00:00,190.5585,190.9375,190.4875,190.782
2024-02-28T18:00:00+00:00,190.78,190.8325,190.633,190.8065
2024-02-28T22:00:00+00:00,190.8105,190.837,190.123,190.1635
2024-02-29T02:00:00+00:00,190.162,190.182,189.6055,189.8825
2024-02-29T06:00:00+00:00,189.8785,189.89,189.363,189.751
2024-02-29T10:00:00+00:00,189.752,190.04,189.4575,189.511
2024-02-29T14:00:00+00:00,189.5105,189.7545,189.049,189.254
2024-02-29T18:00:00+00:00,189.255,189.3785,189.1235,189.341
2024-02-29T22:00:00+00:00,189.342,189.9715,189.2145,189.97
2024-03-01T02:00:00+00:00,189.964,190.0415,189.858,189.958
2024-03-01T06:00:00+00:00,189.9595,190.4,189.835,190.251
2024-03-01T10:00:00+00:00,190.2605,190.311,189.717,190.27
2024-03-01T14:00:00+00:00,190.2715,190.2855,189.609,190.035
2024-03-01T18:00:00+00:00,190.035,190.097,189.9255,189.9675
2024-03-03T22:00:00+00:00,189.9225,190.132,189.7835,190.057
2024-03-04T02:00:00+00:00,190.0575,190.3475,190.016,190.3235
2024-03-04T06:00:00+00:00,190.323,190.646,190.24,190.4795
2024-03-04T10:00:00+00:00,190.4785,190.7995,190.473,190.747
2024-03-04T14:00:00+00:00,190.748,191.1955,190.735,191.11
2024-03-04T18:00:00+00:00,191.108,191.114,190.946,191.0485
2024-03-04T22:00:00+00:00,191.0465,191.1195,190.825,190.945
2024-03-05T02:00:00+00:00,190.9465,191.0325,190.848,190.883
2024-03-05T06:00:00+00:00,190.8825,190.924,190.538,190.8115
2024-03-05T10:00:00+00:00,190.8105,190.867,190.4145,190.483
2024-03-05T14:00:00+00:00,190.485,191.0395,190.4085,190.789
2024-03-05T18:00:00+00:00,190.787,190.787,190.3135,190.6485
2024-03-05T22:00:00+00:00,190.643,190.72,190.3105,190.4315
2024-03-06T02:00:00+00:00,190.4285,190.518,190.344,190.448
2024-03-06T06:00:00+00:00,190.4475,190.692,189.859,190.512
2024-03-06T10:00:00+00:00,190.513,190.608,190.006,190.057
2024-03-06T14:00:00+00:00,190.057,190.4645,189.96,190.3085
2024-03-06T18:00:00+00:00,190.3075,190.353,190.147,190.182
2024-03-06T22:00:00+00:00,190.168,190.249,189.144,189.1985
2024-03-07T02:00:00+00:00,189.1915,189.3845,189.056,189.272
2024-03-07T06:00:00+00:00,189.27,189.305,188.25,188.685
2024-03-07T10:00:00+00:00,188.681,188.709,188.2345,188.4355
2024-03-07T14:00:00+00:00,188.4365,189.579,188.402,189.459
2024-03-07T18:00:00+00:00,189.464,189.726,189.447,189.632
2024-03-07T22:00:00+00:00,189.631,189.72,189.12,189.546
2024-03-08T02:00:00+00:00,189.5425,189.6745,189.2925,189.3335
2024-03-08T06:00:00+00:00,189.3315,189.6225,188.389,188.7385
2024-03-08T10:00:00+00:00,188.7395,189.279,188.543,189.05
2024-03-08T14:00:00+00:00,189.0515,189.499,188.905,188.919
2024-03-08T18:00:00+00:00,188.92,189.144,188.7775,189.0905
2024-03-10T21:00:00+00:00,189.182,189.269,188.591,188.6845
2024-03-11T01:00:00+00:00,188.686,188.9945,188.464,188.793
2024-03-11T05:00:00+00:00,188.7915,188.9795,188.217,188.336
2024-03-11T09:00:00+00:00,188.337,188.597,188.1455,188.2935
2024-03-11T13:00:00+00:00,188.295,188.602,187.9615,188.1
2024-03-11T17:00:00+00:00,188.0975,188.3145,187.9865,188.2935
2024-03-11T21:00:00+00:00,188.1825,188.357,187.982,188.235
2024-03-12T01:00:00+00:00,188.239,189.0355,188.234,188.9355
2024-03-12T05:00:00+00:00,188.938,189.2035,188.233,188.374
2024-03-12T09:00:00+00:00,188.374,189.12,188.325,188.5755
2024-03-12T13:00:00+00:00,188.578,188.9335,188.466,188.741
2024-03-12T17:00:00+00:00,188.7435,188.966,188.6785,188.922
2024-03-12T21:00:00+00:00,188.8125,188.9595,188.55,188.5515
2024-03-13T01:00:00+00:00,188.553,188.7685,188.4165,188.7565
2024-03-13T05:00:00+00:00,188.757,189.21,188.5835,189.1755
2024-03-13T09:00:00+00:00,189.1765,189.5495,188.9375,189.3705
2024-03-13T13:00:00+00:00,189.3695,189.4145,188.9535,189.0285
2024-03-13T17:00:00+00:00,189.0295,189.197,188.809,189.092
2024-03-13T21:00:00+00:00,189.0915,189.174,188.821,188.924
2024-03-14T01:00:00+00:00,188.924,189.247,188.868,189.21
2024-03-14T05:00:00+00:00,189.2105,189.451,189.1485,189.3735
2024-03-14T09:00:00+00:00,189.372,189.5225,188.913,189.1755
2024-03-14T13:00:00+00:00,189.1765,189.3055,188.5965,188.9205
2024-03-14T17:00:00+00:00,188.9215,189.1805,188.8845,189.159
2024-03-14T21:00:00+00:00,189.1615,189.2275,188.9665,189.0705
2024-03-15T01:00:00+00:00,189.072,189.2835,188.85,188.932
2024-03-15T05:00:00+00:00,188.9325,189.6625,188.592,189.437
2024-03-15T09:00:00+00:00,189.4355,189.757,189.397,189.698
2024-03-15T13:00:00+00:00,189.703,190.03,189.6655,189.804
2024-03-15T17:00:00+00:00,189.802,189.9335,189.656,189.821
2024-03-17T21:00:00+00:00,189.724,190.0635,189.6195,190.0485
2024-03-18T01:00:00+00:00,190.0485,190.119,189.6645,189.847
2024-03-18T05:00:00+00:00,189.8465,190.1605,189.8215,190.065
2024-03-18T09:00:00+00:00,190.067,190.1255,189.8365,189.9915
2024-03-18T13:00:00+00:00,189.9925,190.062,189.692,189.801
2024-03-18T17:00:00+00:00,189.802,189.887,189.539,189.86
2024-03-18T21:00:00+00:00,189.859,189.9165,189.6615,189.7975
2024-03-19T01:00:00+00:00,189.801,190.828,189.6365,190.7295
2024-03-19T05:00:00+00:00,190.7295,191.206,190.5765,190.771
2024-03-19T09:00:00+00:00,190.772,191.2345,190.7245,191.117
2024-03-19T13:00:00+00:00,191.116,192.095,191.059,192.0835
2024-03-19T17:00:00+00:00,192.078,192.1715,191.8895,191.9215
2024-03-19T21:00:00+00:00,191.9195,192.3865,191.808,192.2335
2024-03-20T01:00:00+00:00,192.2355,192.766,192.2035,192.675
2024-03-20T05:00:00+00:00,192.674,192.8555,192.298,192.3995
2024-03-20T09:00:00+00:00,192.396,192.6615,192.3685,192.6425
2024-03-20T13:00:00+00:00,192.6415,192.8475,192.535,192.826
2024-03-20T17:00:00+00:00,192.8265,193.5375,192.445,193.391
2024-03-20T21:00:00+00:00,193.3885,193.4605,192.614,192.714
2024-03-21T01:00:00+00:00,192.7165,192.8615,192.349,192.8235
2024-03-21T05:00:00+00:00,192.825,193.51,192.8195,192.979
2024-03-21T09:00:00+00:00,192.98,193.252,192.2455,192.5185
2024-03-21T13:00:00+00:00,192.515,192.606,191.8745,192.1145
2024-03-21T17:00:00+00:00,192.115,192.2105,191.846,191.921
2024-03-21T21:00:00+00:00,191.931,192.0805,191.8005,192.042
2024-03-22T01:00:00+00:00,192.0415,192.242,191.458,191.634
2024-03-22T05:00:00+00:00,191.635,191.6785,190.506,190.8275
2024-03-22T09:00:00+00:00,190.829,190.9695,190.3895,190.829
2024-03-22T13:00:00+00:00,190.828,190.8775,190.505,190.6765
2024-03-22T17:00:00+00:00,190.678,190.8415,190.559,190.801
2024-03-24T21:00:00+00:00,190.875,190.922,190.347,190.567
2024-03-25T01:00:00+00:00,190.564,190.8215,190.443,190.811
2024-03-25T05:00:00+00:00,190.8105,190.921,190.5995,190.8375
2024-03-25T09:00:00+00:00,190.8415,191.314,190.76,191.1355
2024-03-25T13:00:00+00:00,191.1325,191.568,191.0755,191.462
2024-03-25T17:00:00+00:00,191.463,191.5185,191.3215,191.337
2024-03-25T21:00:00+00:00,191.3355,191.4205,191.226,191.2605
2024-03-26T01:00:00+00:00,191.258,191.3865,191.214,191.353
2024-03-26T05:00:00+00:00,191.355,191.5445,191.2845,191.333
2024-03-26T09:00:00+00:00,191.3345,191.679,191.1875,191.439
2024-03-26T13:00:00+00:00,191.4345,191.5105,191.1035,191.365
2024-03-26T17:00:00+00:00,191.3655,191.424,191.3035,191.391
2024-03-26T21:00:00+00:00,191.39,191.4085,191.0565,191.1135
2024-03-27T01:00:00+00:00,191.113,191.5345,191.0975,191.27
2024-03-27T05:00:00+00:00,191.2685,191.521,191.204,191.4555
2024-03-27T09:00:00+00:00,191.4545,191.4545,190.509,190.707
2024-03-27T13:00:00+00:00,190.704,191.0735,190.637,191.009
2024-03-27T17:00:00+00:00,191.012,191.1905,190.981,191.1605
2024-03-27T21:00:00+00:00,191.152,191.225,190.77,191.1225
2024-03-28T01:00:00+00:00,191.1195,191.2605,191.002,191.1215
2024-03-28T05:00:00+00:00,191.125,191.1705,190.704,190.838
2024-03-28T09:00:00+00:00,190.84,191.1005,190.568,191.089
2024-03-28T13:00:00+00:00,191.0885,191.3345,190.848,191.1465
2024-03-28T17:00:00+00:00,191.1445,191.2135,190.9285,191.039
2024-03-28T21:00:00+00:00,191.0475,191.2375,190.895,191.0255
2024-03-29T01:00:00+00:00,191.0265,191.166,190.8035,190.942
2024-03-29T05:00:00+00:00,190.941,191.153,190.855,191.0675
2024-03-29T09:00:00+00:00,191.069,191.1015,190.775,191.024
2024-03-29T13:00:00+00:00,191.024,191.2345,190.9645,191.0265
2024-03-29T17:00:00+00:00,191.026,191.1945,190.832,191.034
2024-03-31T22:00:00+01:00,191.236,191.3575,190.983,191.266
2024-04-01T02:00:00+01:00,191.2665,191.3025,190.997,191.179
2024-04-01T06:00:00+01:00,191.181,191.219,190.9425,191.0305
2024-04-01T10:00:00+01:00,191.0315,191.102,190.8605,191.021
2024-04-01T14:00:00+01:00,191.02,191.063,190.273,190.314
2024-04-01T18:00:00+01:00,190.3135,190.3535,190.18,190.3425
2024-04-01T22:00:00+01:00,190.3415,190.524,190.0435,190.323
2024-04-02T02:00:00+01:00,190.324,190.4195,190.1785,190.384
2024-04-02T06:00:00+01:00,190.3835,190.5135,190.2425,190.494
2024-04-02T10:00:00+01:00,190.4935,190.7205,190.46,190.477
2024-04-02T14:00:00+01:00,190.477,190.635,190.34,190.579
2024-04-02T18:00:00+01:00,190.573,190.6755,190.504,190.6265
2024-04-02T22:00:00+01:00,190.6175,190.688,190.4255,190.55
2024-04-03T02:00:00+01:00,190.549,190.7195,190.4785,190.683
2024-04-03T06:00:00+01:00,190.6835,190.909,190.5855,190.837
2024-04-03T10:00:00+01:00,190.8365,191.046,190.68,190.923
2024-04-03T14:00:00+01:00,190.9205,191.818,190.885,191.771
2024-04-03T18:00:00+01:00,191.769,191.942,191.73,191.931
2024-04-03T22:00:00+01:00,191.925,191.928,191.728,191.7755
2024-04-04T02:00:00+01:00,191.772,191.9595,191.757,191.934
2024-04-04T06:00:00+01:00,191.937,192.189,191.84,192.121
2024-04-04T10:00:00+01:00,192.12,192.228,191.9235,192.089
2024-04-04T14:00:00+01:00,192.088,192.2495,192.036,192.0735
2024-04-04T18:00:00+01:00,192.073,192.136,191.0185,191.3335
2024-04-04T22:00:00+01:00,191.334,191.3385,190.732,190.857
2024-04-05T02:00:00+01:00,190.858,191.0265,190.68,190.92
2024-04-05T06:00:00+01:00,190.9205,191.411,190.763,191.34
2024-04-05T10:00:00+01:00,191.341,191.408,190.8715,191.011
2024-04-05T14:00:00+01:00,191.0105,191.5515,190.7885,191.5185
2024-04-05T18:00:00+01:00,191.521,191.6475,191.456,191.626
2024-04-07T22:00:00+01:00,191.486,191.6345,191.3755,191.407
2024-04-08T02:00:00+01:00,191.404,191.831,191.3925,191.705
2024-04-08T06:00:00+01:00,191.7065,191.8465,191.61,191.7365
2024-04-08T10:00:00+01:00,191.7365,191.8645,191.625,191.7675
2024-04-08T14:00:00+01:00,191.7695,192.1385,191.769,192.048
2024-04-08T18:00:00+01:00,192.049,192.198,191.9865,192.152
2024-04-08T22:00:00+01:00,192.1245,192.2555,192.01,192.229
2024-04-09T02:00:00+01:00,192.228,192.272,192.1515,192.245
2024-04-09T06:00:00+01:00,192.2455,192.3455,192.1385,192.3005
2024-04-09T10:00:00+01:00,192.2985,192.783,192.166,192.7015
2024-04-09T14:00:00+01:00,192.701,192.856,192.139,192.159
2024-04-09T18:00:00+01:00,192.1585,192.4545,192.092,192.44
2024-04-09T22:00:00+01:00,192.3885,192.472,192.2725,192.3115
2024-04-10T02:00:00+01:00,192.312,192.427,192.258,192.4245
2024-04-10T06:00:00+01:00,192.423,192.7705,192.3625,192.77
2024-04-10T10:00:00+01:00,192.77,193.0165,191.545,192.1865
2024-04-10T14:00:00+01:00,192.187,192.195,191.4745,191.6895
2024-04-10T18:00:00+01:00,191.6895,192.141,191.4775,192.067
2024-04-10T22:00:00+01:00,192.0225,192.0975,191.5665,191.6155
2024-04-11T02:00:00+01:00,191.6165,191.912,191.5755,191.8425
2024-04-11T06:00:00+01:00,191.8435,192.5845,191.8245,192.327
2024-04-11T10:00:00+01:00,192.326,192.3835,191.8275,192.082
2024-04-11T14:00:00+01:00,192.0805,192.357,191.7795,192.1105
2024-04-11T18:00:00+01:00,192.11,192.438,192.0705,192.3955
2024-04-11T22:00:00+01:00,192.3965,192.455,192.056,192.0635
2024-04-12T02:00:00+01:00,192.0615,192.36,192.0615,192.1285
2024-04-12T06:00:00+01:00,192.131,192.2005,191.718,191.7575
2024-04-12T10:00:00+01:00,191.758,191.7975,190.3395,190.374
2024-04-12T14:00:00+01:00,190.377,190.79,189.994,190.598
2024-04-12T18:00:00+01:00,190.6005,190.89,190.5485,190.836
2024-04-14T22:00:00+01:00,190.5355,191.0995,190.365,191.0995
2024-04-15T02:00:00+01:00,191.1,191.668,191.052,191.6265
2024-04-15T06:00:00+01:00,191.626,192.2135,191.623,192.057
2024-04-15T10:00:00+01:00,192.0555,192.4575,191.9365,192.421
2024-04-15T14:00:00+01:00,192.4225,192.7195,191.745,192.2225
2024-04-15T18:00:00+01:00,192.2195,192.2215,191.744,192.0105
2024-04-15T22:00:00+01:00,192.01,192.109,191.809,191.901
2024-04-16T02:00:00+01:00,191.901,191.978,191.691,191.813
2024-04-16T06:00:00+01:00,191.8115,192.35,191.648,192.157
2024-04-16T10:00:00+01:00,192.1565,192.817,192.156,192.698
2024-04-16T14:00:00+01:00,192.6965,192.8095,191.8785,192.2305
2024-04-16T18:00:00+01:00,192.229,192.502,192.0185,192.261
2024-04-16T22:00:00+01:00,192.2625,192.396,192.1345,192.2725
2024-04-17T02:00:00+01:00,192.272,192.389,192.1705,192.221
2024-04-17T06:00:00+01:00,192.2215,192.8255,192.012,192.7645
2024-04-17T10:00:00+01:00,192.763,192.823,192.518,192.5225
2024-04-17T14:00:00+01:00,192.523,192.845,191.738,191.7495
2024-04-17T18:00:00+01:00,191.75,192.371,191.683,192.2715
2024-04-17T22:00:00+01:00,192.27,192.3345,192.0765,192.1315
2024-04-18T02:00:00+01:00,192.132,192.4375,191.9045,192.4155
2024-04-18T06:00:00+01:00,192.414,192.601,192.267,192.549
2024-04-18T10:00:00+01:00,192.5505,192.7855,192.266,192.33
2024-04-18T14:00:00+01:00,192.3295,192.7565,192.235,192.484
2024-04-18T18:00:00+01:00,192.477,192.492,192.2355,192.313
2024-04-18T22:00:00+01:00,192.3125,192.409,192.0945,192.1675
2024-04-19T02:00:00+01:00,192.1685,192.176,190.306,191.663
2024-04-19T06:00:00+01:00,191.664,192.3655,191.2785,192.0925
2024-04-19T10:00:00+01:00,192.0935,192.6045,192.078,192.3745
2024-04-19T14:00:00+01:00,192.3765,192.7295,191.2805,191.5275
2024-04-19T18:00:00+01:00,191.527,191.5935,191.1685,191.279
2024-04-21T22:00:00+01:00,191.392,191.5595,191.0645,191.3705
2024-04-22T02:00:00+01:00,191.371,191.704,191.3635,191.635
2024-04-22T06:00:00+01:00,191.636,191.689,190.971,191.3295
2024-04-22T10:00:00+01:00,191.33,191.359,190.473,190.5165
2024-04-22T14:00:00+01:00,190.516,191.1685,190.32,191.131
2024-04-22T18:00:00+01:00,191.1305,191.375,191.103,191.225
2024-04-22T22:00:00+01:00,191.206,191.2585,191.1135,191.234
2024-04-23T02:00:00+01:00,191.232,191.2835,191.052,191.1285
2024-04-23T06:00:00+01:00,191.1275,191.8155,190.832,191.5455
2024-04-23T10:00:00+01:00,191.5455,192.0355,191.0965,191.833
2024-04-23T14:00:00+01:00,191.8335,192.7695,191.731,192.6765
2024-04-23T18:00:00+01:00,192.6755,192.852,192.4475,192.755
2024-04-23T22:00:00+01:00,192.7575,192.911,192.5695,192.8575
2024-04-24T02:00:00+01:00,192.856,192.959,192.8205,192.851
2024-04-24T06:00:00+01:00,192.852,192.94,192.4165,192.4835
2024-04-24T10:00:00+01:00,192.485,192.915,192.447,192.786
2024-04-24T14:00:00+01:00,192.785,193.074,192.668,193.0655
2024-04-24T18:00:00+01:00,193.065,193.6485,193.0545,193.621
2024-04-24T22:00:00+01:00,193.615,193.7055,193.2635,193.63
2024-04-25T02:00:00+01:00,193.6305,194.026,193.5285,193.981
2024-04-25T06:00:00+01:00,193.9795,194.948,193.9755,194.923
2024-04-25T10:00:00+01:00,194.922,194.933,193.962,194.2625
2024-04-25T14:00:00+01:00,194.267,194.665,193.603,194.619
2024-04-25T18:00:00+01:00,194.621,194.823,194.509,194.7785
2024-04-25T22:00:00+01:00,194.7625,194.7725,194.518,194.6215
2024-04-26T02:00:00+01:00,194.621,195.299,194.3595,195.2615
2024-04-26T06:00:00+01:00,195.261,196.4235,193.9655,196.1285
2024-04-26T10:00:00+01:00,196.1315,196.6385,195.6505,196.172
2024-04-26T14:00:00+01:00,196.1745,196.9525,195.8735,196.868
2024-04-26T18:00:00+01:00,196.8685,197.9375,196.797,197.8125
2024-04-28T22:00:00+01:00,197.1345,198.117,197.092,197.9855
2024-04-29T02:00:00+01:00,197.9885,200.576,194.723,196.0495
2024-04-29T06:00:00+01:00,196.047,197.056,193.6115,195.1395
2024-04-29T10:00:00+01:00,195.1425,196.2225,194.5255,195.9885
2024-04-29T14:00:00+01:00,195.9905,196.7875,194.9065,195.7985
2024-04-29T18:00:00+01:00,195.782,196.4495,195.447,196.4315
2024-04-29T22:00:00+01:00,196.4225,196.9455,196.078,196.883
2024-04-30T02:00:00+01:00,196.884,197.064,196.549,196.659
2024-04-30T06:00:00+01:00,196.662,196.86,196.1525,196.794
2024-04-30T10:00:00+01:00,196.8005,197.1225,196.577,197.1135
2024-04-30T14:00:00+01:00,197.1145,197.3785,196.865,196.943
2024-04-30T18:00:00+01:00,196.944,197.245,196.8935,197.115
2024-04-30T22:00:00+01:00,197.0875,197.18,196.912,196.9595
2024-05-01T02:00:00+01:00,196.959,197.1205,196.891,196.972
2024-05-01T06:00:00+01:00,196.9685,197.414,196.8575,197.4125
2024-05-01T10:00:00+01:00,197.4115,197.4275,196.9975,197.039
2024-05-01T14:00:00+01:00,197.038,197.1405,196.5495,196.723
2024-05-01T18:00:00+01:00,196.7305,197.223,191.776,193.5935
2024-05-01T22:00:00+01:00,193.777,195.5615,193.1805,195.455
2024-05-02T02:00:00+01:00,195.4545,195.7565,195.191,195.3235
2024-05-02T06:00:00+01:00,195.3245,195.3845,194.2205,194.2615
2024-05-02T10:00:00+01:00,194.259,194.449,193.342,193.386
2024-05-02T14:00:00+01:00,193.3865,193.57,191.883,192.4665
2024-05-02T18:00:00+01:00,192.469,192.8765,191.86,192.5595
2024-05-02T22:00:00+01:00,192.6355,192.7795,191.7205,192.109
2024-05-03T02:00:00+01:00,192.1115,192.2195,191.778,191.878
2024-05-03T06:00:00+01:00,191.8775,192.563,191.845,192.4045
2024-05-03T10:00:00+01:00,192.405,192.606,191.725,191.87
2024-05-03T14:00:00+01:00,191.8655,192.0645,191.364,191.7485
2024-05-03T18:00:00+01:00,191.748,191.9875,191.713,191.968
2024-05-05T22:00:00+01:00,191.9765,192.8365,191.6985,192.5475
2024-05-06T02:00:00+01:00,192.5475,193.1885,192.533,193.091
2024-05-06T06:00:00+01:00,193.088,193.4545,192.9675,193.4135
2024-05-06T10:00:00+01:00,193.4135,193.511,193.172,193.3035
2024-05-06T14:00:00+01:00,193.303,193.673,193.2705,193.3645
2024-05-06T18:00:00+01:00,193.3635,193.4905,193.305,193.384
2024-05-06T22:00:00+01:00,193.4005,193.774,193.2715,193.481
2024-05-07T02:00:00+01:00,193.485,194.1365,193.4115,193.919
2024-05-07T06:00:00+01:00,193.919,194,192.9945,193.615
2024-05-07T10:00:00+01:00,193.6155,194.035,193.5585,193.843
2024-05-07T14:00:00+01:00,193.8415,194.015,193.525,193.5455
2024-05-07T18:00:00+01:00,193.544,193.628,193.371,193.499
2024-05-07T22:00:00+01:00,193.4995,193.5965,193.2765,193.5565
2024-05-08T02:00:00+01:00,193.558,193.868,193.5155,193.7665
2024-05-08T06:00:00+01:00,193.766,193.9915,193.647,193.906
2024-05-08T10:00:00+01:00,193.909,194.277,193.8535,194.2005
2024-05-08T14:00:00+01:00,194.1985,194.4165,194.064,194.4
2024-05-08T18:00:00+01:00,194.4005,194.514,194.3465,194.3935
2024-05-08T22:00:00+01:00,194.247,194.457,193.841,194.3785
2024-05-09T02:00:00+01:00,194.378,194.4745,194.2315,194.342
2024-05-09T06:00:00+01:00,194.341,194.4815,194.313,194.3945
2024-05-09T10:00:00+01:00,194.396,194.8655,194.06,194.669
2024-05-09T14:00:00+01:00,194.6685,194.823,194.436,194.757
2024-05-09T18:00:00+01:00,194.7575,194.8175,194.62,194.714
2024-05-09T22:00:00+01:00,194.6625,194.8195,194.4845,194.7295
2024-05-10T02:00:00+01:00,194.729,194.9975,194.6875,194.831
2024-05-10T06:00:00+01:00,194.83,195.3165,194.765,195.152
2024-05-10T10:00:00+01:00,195.1545,195.233,195.0295,195.1325
2024-05-10T14:00:00+01:00,195.131,195.3395,194.833,195.326
2024-05-10T18:00:00+01:00,195.324,195.344,195.066,195.1145
2024-05-12T22:00:00+01:00,194.941,195.2705,194.8155,195.247
2024-05-13T02:00:00+01:00,195.2475,195.265,194.739,195.142
2024-05-13T06:00:00+01:00,195.14,195.3605,195.0555,195.3585
2024-05-13T10:00:00+01:00,195.359,195.673,195.237,195.5675
2024-05-13T14:00:00+01:00,195.569,196.283,195.5105,196.233
2024-05-13T18:00:00+01:00,196.2315,196.256,196.079,196.203
2024-05-13T22:00:00+01:00,196.226,196.379,196.059,196.266
2024-05-14T02:00:00+01:00,196.2665,196.4905,196.2655,196.3635
2024-05-14T06:00:00+01:00,196.3625,196.623,195.7255,196.018
2024-05-14T10:00:00+01:00,196.0175,196.6835,195.9485,196.563
2024-05-14T14:00:00+01:00,196.563,197.063,196.4635,196.943
2024-05-14T18:00:00+01:00,196.9335,197.03,196.8665,196.955
2024-05-14T22:00:00+01:00,196.9545,197.0775,196.7825,196.8705
2024-05-15T02:00:00+01:00,196.867,197.0955,196.772,196.9075
2024-05-15T06:00:00+01:00,196.908,196.9705,196.135,196.3145
2024-05-15T10:00:00+01:00,196.3135,196.7585,195.851,196.1495
2024-05-15T14:00:00+01:00,196.15,196.607,196.0535,196.429
2024-05-15T18:00:00+01:00,196.43,196.552,196.136,196.4745
2024-05-15T22:00:00+01:00,196.4755,196.509,195.0625,195.1465
2024-05-16T02:00:00+01:00,195.145,195.7445,195.0495,195.3075
2024-05-16T06:00:00+01:00,195.309,196.212,195.211,196.092
2024-05-16T10:00:00+01:00,196.093,196.572,195.808,196.54
2024-05-16T14:00:00+01:00,196.5385,196.9065,196.472,196.771
2024-05-16T18:00:00+01:00,196.772,196.927,196.672,196.881
2024-05-16T22:00:00+01:00,196.8805,197.0425,196.781,196.8705
2024-05-17T02:00:00+01:00,196.871,197.3345,196.818,197.179
2024-05-17T06:00:00+01:00,197.1805,197.3335,197.0425,197.1595
2024-05-17T10:00:00+01:00,197.16,197.3045,197.092,197.2245
2024-05-17T14:00:00+01:00,197.2245,197.6825,197.186,197.663
2024-05-17T18:00:00+01:00,197.6625,197.8625,197.6555,197.711
2024-05-19T22:00:00+01:00,197.5855,198.0445,197.452,198.0375
2024-05-20T02:00:00+01:00,198.0365,198.0975,197.757,197.9535
2024-05-20T06:00:00+01:00,197.951,197.9855,197.392,197.797
2024-05-20T10:00:00+01:00,197.796,198.408,197.673,198.2595
2024-05-20T14:00:00+01:00,198.2585,198.552,198.197,198.537
2024-05-20T18:00:00+01:00,198.5365,198.647,198.348,198.552
2024-05-20T22:00:00+01:00,198.548,198.8585,198.4155,198.8085
2024-05-21T02:00:00+01:00,198.814,198.9125,198.658,198.85
2024-05-21T06:00:00+01:00,198.85,198.8965,198.4135,198.619
2024-05-21T10:00:00+01:00,198.618,198.8435,198.4885,198.5505
2024-05-21T14:00:00+01:00,198.55,198.5985,198.268,198.3955
2024-05-21T18:00:00+01:00,198.3945,198.6145,198.357,198.4815
2024-05-21T22:00:00+01:00,198.48,198.7035,198.3415,198.679
2024-05-22T02:00:00+01:00,198.6775,198.79,198.658,198.725
2024-05-22T06:00:00+01:00,198.7235,199.5445,198.6435,199.175
2024-05-22T10:00:00+01:00,199.175,199.2475,198.876,199.2295
2024-05-22T14:00:00+01:00,199.229,199.487,199.1035,199.432
2024-05-22T18:00:00+01:00,199.431,199.5055,199.026,199.4025
2024-05-22T22:00:00+01:00,199.404,199.494,199.2675,199.452
2024-05-23T02:00:00+01:00,199.4505,199.5945,199.3335,199.44
2024-05-23T06:00:00+01:00,199.4405,199.729,199.0935,199.406
2024-05-23T10:00:00+01:00,199.407,199.605,199.136,199.5795
2024-05-23T14:00:00+01:00,199.581,199.8985,199.219,199.65
2024-05-23T18:00:00+01:00,199.6495,199.654,199.0215,199.274
2024-05-23T22:00:00+01:00,199.1735,199.4435,199.113,199.3195
2024-05-24T02:00:00+01:00,199.319,199.4445,199.2135,199.3385
2024-05-24T06:00:00+01:00,199.3385,199.51,199.0465,199.468
2024-05-24T10:00:00+01:00,199.4685,199.8035,199.4455,199.778
2024-05-24T14:00:00+01:00,199.78,200.0685,199.679,199.786
2024-05-24T18:00:00+01:00,199.7875,199.9925,199.7545,199.956
2024-05-26T22:00:00+01:00,200.0595,200.1065,199.6755,199.7775
2024-05-27T02:00:00+01:00,199.7805,199.8255,199.615,199.765
2024-05-27T06:00:00+01:00,199.766,200.0065,199.6845,199.983
2024-05-27T10:00:00+01:00,199.984,200.154,199.896,200.056
2024-05-27T14:00:00+01:00,200.058,200.4365,200.027,200.36
2024-05-27T18:00:00+01:00,200.3615,200.4225,200.2705,200.349
2024-05-27T22:00:00+01:00,200.352,200.436,200.238,200.3795
2024-05-28T02:00:00+01:00,200.377,200.429,200.1565,200.1685
2024-05-28T06:00:00+01:00,200.1665,200.466,200.166,200.3075
2024-05-28T10:00:00+01:00,200.309,200.5345,200.2965,200.4295
2024-05-28T14:00:00+01:00,200.43,200.628,200.368,200.55
2024-05-28T18:00:00+01:00,200.5475,200.6505,200.397,200.5825
2024-05-28T22:00:00+01:00,200.527,200.745,200.4515,200.716
2024-05-29T02:00:00+01:00,200.7165,200.7415,200.486,200.5375
2024-05-29T06:00:00+01:00,200.5365,200.619,200.125,200.395
2024-05-29T10:00:00+01:00,200.397,200.6155,200.2765,200.342
2024-05-29T14:00:00+01:00,200.3445,200.5305,200.049,200.527
2024-05-29T18:00:00+01:00,200.525,200.5265,200.2025,200.2205
2024-05-29T22:00:00+01:00,200.252,200.2975,199.6825,199.7555
2024-05-30T02:00:00+01:00,199.759,199.984,199.466,199.5505
2024-05-30T06:00:00+01:00,199.552,199.6185,198.756,199.5185
2024-05-30T10:00:00+01:00,199.5175,199.674,199.1285,199.3255
2024-05-30T14:00:00+01:00,199.328,199.739,199.0025,199.656
2024-05-30T18:00:00+01:00,199.655,199.7685,199.5655,199.6635
2024-05-30T22:00:00+01:00,199.66,199.895,199.3585,199.5385
2024-05-31T02:00:00+01:00,199.5395,199.74,199.2395,199.3475
2024-05-31T06:00:00+01:00,199.349,199.9945,199.323,199.924
2024-05-31T10:00:00+01:00,199.9235,200.2685,199.629,199.9435
2024-05-31T14:00:00+01:00,199.9445,200.253,199.706,200.088
2024-05-31T18:00:00+01:00,200.089,200.52,200.03,200.4315
2024-06-02T22:00:00+01:00,200.2935,200.506,200.1985,200.35
2024-06-03T02:00:00+01:00,200.3475,200.6505,200.158,200.596
2024-06-03T06:00:00+01:00,200.5935,200.628,199.4785,199.5355
2024-06-03T10:00:00+01:00,199.5365,199.7885,199.226,199.6025
2024-06-03T14:00:00+01:00,199.6015,199.9315,199.365,199.4435
2024-06-03T18:00:00+01:00,199.442,200.0455,199.4105,199.881
2024-06-03T22:00:00+01:00,199.8585,200.4105,199.7975,200.365
2024-06-04T02:00:00+01:00,200.364,200.422,200.172,200.214
2024-06-04T06:00:00+01:00,200.215,200.2225,198.3125,198.426
2024-06-04T10:00:00+01:00,198.4275,198.5035,197.2065,198.016
2024-06-04T14:00:00+01:00,198.0185,198.1555,197.536,197.9185
2024-06-04T18:00:00+01:00,197.917,197.9645,197.6575,197.789
2024-06-04T22:00:00+01:00,197.786,198.4905,197.6625,198.311
2024-06-05T02:00:00+01:00,198.3125,198.7895,198.2865,198.744
2024-06-05T06:00:00+01:00,198.7435,199.635,198.643,199.606
2024-06-05T10:00:00+01:00,199.607,199.734,199.216,199.6845
2024-06-05T14:00:00+01:00,199.6825,199.7515,199.146,199.495
2024-06-05T18:00:00+01:00,199.493,199.748,199.424,199.6075
2024-06-05T22:00:00+01:00,199.602,199.6495,199.204,199.2705
2024-06-06T02:00:00+01:00,199.271,199.548,198.9735,199.2655
2024-06-06T06:00:00+01:00,199.2655,199.942,199.2355,199.685
2024-06-06T10:00:00+01:00,199.6845,199.793,199.3105,199.7095
2024-06-06T14:00:00+01:00,199.71,199.8065,199.061,199.089
2024-06-06T18:00:00+01:00,199.094,199.2925,198.834,199.029
2024-06-06T22:00:00+01:00,199.015,199.304,198.9555,199.215
2024-06-07T02:00:00+01:00,199.2145,199.3775,198.909,198.9965
2024-06-07T06:00:00+01:00,198.994,199.1395,198.398,198.6825
2024-06-07T10:00:00+01:00,198.6825,199.8125,198.6475,199.704
2024-06-07T14:00:00+01:00,199.702,199.815,199.0685,199.3425
2024-06-07T18:00:00+01:00,199.343,199.45,199.15,199.388
2024-06-09T22:00:00+01:00,199.521,199.7655,199.369,199.5685
2024-06-10T02:00:00+01:00,199.5665,199.931,199.4955,199.8085
2024-06-10T06:00:00+01:00,199.8055,199.818,199.3885,199.4605
2024-06-10T10:00:00+01:00,199.46,199.814,198.941,199.562
2024-06-10T14:00:00+01:00,199.5615,199.895,199.3175,199.834
2024-06-10T18:00:00+01:00,199.8335,200.051,199.797,199.9185
2024-06-10T22:00:00+01:00,199.8965,200.1645,199.7825,200.1055
2024-06-11T02:00:00+01:00,200.105,200.349,199.9815,200.2775
2024-06-11T06:00:00+01:00,200.2765,200.4035,199.9645,200.059
2024-06-11T10:00:00+01:00,200.06,200.398,199.8225,199.946
2024-06-11T14:00:00+01:00,199.9465,200.3445,199.684,200.333
2024-06-11T18:00:00+01:00,200.3335,200.3345,200.0125,200.181
2024-06-11T22:00:00+01:00,200.1335,200.253,200.0345,200.1535
2024-06-12T02:00:00+01:00,200.153,200.347,200.073,200.314
2024-06-12T06:00:00+01:00,200.3165,200.7165,200.2705,200.6835
2024-06-12T10:00:00+01:00,200.684,200.983,200.4185,200.714
2024-06-12T14:00:00+01:00,200.718,200.723,199.945,200.14
2024-06-12T18:00:00+01:00,200.1405,200.8075,200.026,200.5695
2024-06-12T22:00:00+01:00,200.5705,200.754,200.3575,200.6215
2024-06-13T02:00:00+01:00,200.618,200.821,200.505,200.71
2024-06-13T06:00:00+01:00,200.711,201.2895,200.7065,201.268
2024-06-13T10:00:00+01:00,201.2695,201.3205,200.4665,200.752
2024-06-13T14:00:00+01:00,200.7565,201.031,199.695,199.9115
2024-06-13T18:00:00+01:00,199.9125,200.5425,199.8105,200.3975
2024-06-13T22:00:00+01:00,200.3935,200.5115,200.2015,200.4485
2024-06-14T02:00:00+01:00,200.45,201.4635,200.113,201.369
2024-06-14T06:00:00+01:00,201.37,201.6185,200.24,200.361
2024-06-14T10:00:00+01:00,200.3615,200.3985,199.198,199.559
2024-06-14T14:00:00+01:00,199.5625,199.735,198.9235,199.581
2024-06-14T18:00:00+01:00,199.5805,199.756,199.4345,199.6765
2024-06-16T22:00:00+01:00,199.6965,199.923,199.4905,199.7225
2024-06-17T02:00:00+01:00,199.7215,199.803,199.5265,199.615
2024-06-17T06:00:00+01:00,199.6185,199.8975,199.064,199.81
2024-06-17T10:00:00+01:00,199.811,200.089,199.5055,200.007
2024-06-17T14:00:00+01:00,200.0085,200.356,199.896,200.3345
2024-06-17T18:00:00+01:00,200.3335,200.4555,200.2785,200.404
2024-06-17T22:00:00+01:00,200.352,200.508,200.249,200.4145
2024-06-18T02:00:00+01:00,200.4155,200.441,200.037,200.209
2024-06-18T06:00:00+01:00,200.2125,200.77,200.147,200.539
2024-06-18T10:00:00+01:00,200.5375,200.679,199.985,200.315
2024-06-18T14:00:00+01:00,200.3135,200.849,200.179,200.332
2024-06-18T18:00:00+01:00,200.3355,200.652,200.3235,200.617
2024-06-18T22:00:00+01:00,200.6165,200.68,200.4715,200.5735
2024-06-19T02:00:00+01:00,200.5745,200.666,200.466,200.5695
2024-06-19T06:00:00+01:00,200.5685,200.9235,200.4205,200.922
2024-06-19T10:00:00+01:00,200.9205,201.1185,200.7575,200.825
2024-06-19T14:00:00+01:00,200.8255,201.082,200.7955,200.9085
2024-06-19T18:00:00+01:00,200.9095,201.148,200.813,201.0945
2024-06-19T22:00:00+01:00,201.0275,201.124,200.8845,200.9485
2024-06-20T02:00:00+01:00,200.948,201.116,200.8935,201.063
2024-06-20T06:00:00+01:00,201.063,201.2825,200.842,201.171
2024-06-20T10:00:00+01:00,201.172,201.359,200.8025,201.007
2024-06-20T14:00:00+01:00,201.0035,201.392,200.946,201.171
2024-06-20T18:00:00+01:00,201.1705,201.3835,201.092,201.1755
2024-06-20T22:00:00+01:00,201.1795,201.399,201.0885,201.37
2024-06-21T02:00:00+01:00,201.3675,201.3795,201.1355,201.179
2024-06-21T06:00:00+01:00,201.181,201.487,200.4795,200.9895
2024-06-21T10:00:00+01:00,200.989,201.1285,200.783,201.027
2024-06-21T14:00:00+01:00,201.026,201.6525,200.815,201.5645
2024-06-21T18:00:00+01:00,201.561,202.0895,201.5365,202.0325
2024-06-23T22:00:00+01:00,201.9985,202.1605,201.818,201.9905
2024-06-24T02:00:00+01:00,201.99,202.013,201.7255,202.012
2024-06-24T06:00:00+01:00,202.013,202.3405,201.944,202.2545
2024-06-24T10:00:00+01:00,202.2535,202.29,201.1305,201.8825
2024-06-24T14:00:00+01:00,201.8785,202.705,201.871,202.5355
2024-06-24T18:00:00+01:00,202.5345,202.702,202.3885,202.512
2024-06-24T22:00:00+01:00,202.4985,202.594,202.155,202.213
2024-06-25T02:00:00+01:00,202.218,202.515,201.966,202.387
2024-06-25T06:00:00+01:00,202.3905,202.595,202.2255,202.553
2024-06-25T10:00:00+01:00,202.5535,202.619,202.132,202.457
2024-06-25T14:00:00+01:00,202.4585,202.582,202.332,202.539
2024-06-25T18:00:00+01:00,202.536,202.728,202.4475,202.581
2024-06-25T22:00:00+01:00,202.577,202.6655,202.453,202.604
2024-06-26T02:00:00+01:00,202.6025,202.88,202.588,202.6595
2024-06-26T06:00:00+01:00,202.661,202.7785,202.499,202.602
2024-06-26T10:00:00+01:00,202.6015,203.0425,202.5355,202.767
2024-06-26T14:00:00+01:00,202.766,203.1535,202.424,202.8245
2024-06-26T18:00:00+01:00,202.8225,203.0595,202.757,202.9815
2024-06-26T22:00:00+01:00,203.004,203.053,202.5325,202.709
2024-06-27T02:00:00+01:00,202.711,202.758,202.5035,202.607
2024-06-27T06:00:00+01:00,202.6075,202.9675,202.558,202.8645
2024-06-27T10:00:00+01:00,202.866,203.0885,202.846,202.9925
2024-06-27T14:00:00+01:00,202.9895,203.3885,202.864,203.324
2024-06-27T18:00:00+01:00,203.3235,203.3385,203.167,203.203
2024-06-27T22:00:00+01:00,203.219,203.5015,203.0665,203.4845
2024-06-28T02:00:00+01:00,203.483,203.597,203.198,203.288
2024-06-28T06:00:00+01:00,203.2875,203.59,203.2065,203.324
2024-06-28T10:00:00+01:00,203.324,203.326,202.946,203.0535
2024-06-28T14:00:00+01:00,203.0525,203.4505,202.5695,203.353
2024-06-28T18:00:00+01:00,203.3525,203.508,203.1505,203.425
2024-06-30T22:00:00+01:00,203.5405,203.9335,203.2955,203.706
2024-07-01T02:00:00+01:00,203.705,203.8765,203.603,203.8755
2024-07-01T06:00:00+01:00,203.8785,204.2575,203.8045,204.067
2024-07-01T10:00:00+01:00,204.0655,204.4185,203.971,204.366
2024-07-01T14:00:00+01:00,204.367,204.778,204.204,204.298
2024-07-01T18:00:00+01:00,204.299,204.311,204.0745,204.2575
2024-07-01T22:00:00+01:00,204.2555,204.4115,204.12,204.189
2024-07-02T02:00:00+01:00,204.1895,204.352,204.087,204.2495
2024-07-02T06:00:00+01:00,204.25,204.385,203.882,204.0745
2024-07-02T10:00:00+01:00,204.0715,204.6,204.0495,204.549
2024-07-02T14:00:00+01:00,204.555,204.837,204.462,204.6945
2024-07-02T18:00:00+01:00,204.694,204.867,204.648,204.8045
2024-07-02T22:00:00+01:00,204.605,205.0535,204.5635,205.0015
2024-07-03T02:00:00+01:00,205.002,205.196,204.9355,205.164
2024-07-03T06:00:00+01:00,205.1635,205.544,205.091,205.476
2024-07-03T10:00:00+01:00,205.475,205.899,205.373,205.82
2024-07-03T14:00:00+01:00,205.8185,206.1715,205.343,206.0255
2024-07-03T18:00:00+01:00,206.029,206.0915,205.7075,206.039
2024-07-03T22:00:00+01:00,205.997,206.1305,205.763,205.8485
2024-07-04T02:00:00+01:00,205.849,205.898,205.505,205.8085
2024-07-04T06:00:00+01:00,205.807,205.873,205.613,205.678
2024-07-04T10:00:00+01:00,205.685,205.7325,205.294,205.444
2024-07-04T14:00:00+01:00,205.445,205.724,205.394,205.629
2024-07-04T18:00:00+01:00,205.6295,205.8385,205.5935,205.771
2024-07-04T22:00:00+01:00,205.816,205.899,205.3245,205.5995
2024-07-05T02:00:00+01:00,205.598,205.6725,204.9865,205.1495
2024-07-05T06:00:00+01:00,205.1495,205.523,205.081,205.4185
2024-07-05T10:00:00+01:00,205.4175,206.1905,205.239,206.0575
2024-07-05T14:00:00+01:00,206.059,206.448,205.762,205.913
2024-07-05T18:00:00+01:00,205.9095,206.126,205.892,206.0535
2024-07-07T22:00:00+01:00,205.7125,206.0255,205.6125,205.6635
2024-07-08T02:00:00+01:00,205.6655,205.796,205.2945,205.7235
2024-07-08T06:00:00+01:00,205.725,206.545,205.625,206.5095
2024-07-08T10:00:00+01:00,206.508,206.6685,206.208,206.3005
2024-07-08T14:00:00+01:00,206.3065,206.5165,206.0415,206.079
2024-07-08T18:00:00+01:00,206.0805,206.092,205.901,205.968
2024-07-08T22:00:00+01:00,205.967,206.1685,205.8715,206.08
2024-07-09T02:00:00+01:00,206.081,206.3075,206.037,206.166
2024-07-09T06:00:00+01:00,206.1635,206.249,205.866,206.239
2024-07-09T10:00:00+01:00,206.24,206.46,206.155,206.355
2024-07-09T14:00:00+01:00,206.353,206.589,206.1835,206.2235
2024-07-09T18:00:00+01:00,206.2225,206.3055,206.175,206.264
2024-07-09T22:00:00+01:00,206.2225,206.513,206.14,206.447
2024-07-10T02:00:00+01:00,206.4475,206.624,206.444,206.5585
2024-07-10T06:00:00+01:00,206.559,206.7035,206.4635,206.6825
2024-07-10T10:00:00+01:00,206.684,206.9955,206.684,206.792
2024-07-10T14:00:00+01:00,206.793,207.793,206.7825,207.7125
2024-07-10T18:00:00+01:00,207.7125,207.8235,207.6075,207.7525
2024-07-10T22:00:00+01:00,207.7565,207.772,207.5815,207.6955
2024-07-11T02:00:00+01:00,207.6945,207.9555,207.68,207.896
2024-07-11T06:00:00+01:00,207.895,208.106,207.8395,207.9785
2024-07-11T10:00:00+01:00,207.977,208.1685,204.952,205.162
2024-07-11T14:00:00+01:00,205.1695,205.2685,203.838,204.724
2024-07-11T18:00:00+01:00,204.7255,205.2375,204.6825,205.135
2024-07-11T22:00:00+01:00,205.0445,205.9325,203.8425,205.3655
2024-07-12T02:00:00+01:00,205.3625,205.6745,204.9095,205.4345
2024-07-12T06:00:00+01:00,205.4345,206.019,205.1915,205.978
2024-07-12T10:00:00+01:00,205.984,206.343,205.3795,205.9065
2024-07-12T14:00:00+01:00,205.9045,205.9425,204.157,205.04
2024-07-12T18:00:00+01:00,205.039,205.2245,204.887,205.025
2024-07-14T22:00:00+01:00,205.111,205.408,204.8525,205.016
2024-07-15T02:00:00+01:00,205.015,205.129,204.8025,205.001
2024-07-15T06:00:00+01:00,204.998,205.216,204.788,204.993
2024-07-15T10:00:00+01:00,204.99,205.241,204.924,204.9915
2024-07-15T14:00:00+01:00,204.9915,205.2995,204.15,204.674
2024-07-15T18:00:00+01:00,204.673,205.1115,204.629,205.0645
2024-07-15T22:00:00+01:00,204.9855,205.372,204.855,205.3245
2024-07-16T02:00:00+01:00,205.319,205.778,205.319,205.646
2024-07-16T06:00:00+01:00,205.6485,205.7905,205.213,205.4335
2024-07-16T10:00:00+01:00,205.4325,205.633,205.18,205.541
2024-07-16T14:00:00+01:00,205.541,205.607,205.303,205.3885
2024-07-16T18:00:00+01:00,205.387,205.5425,205.3105,205.415
2024-07-16T22:00:00+01:00,205.323,205.6235,205.223,205.5535
2024-07-17T02:00:00+01:00,205.552,205.6955,205.185,205.1855
2024-07-17T06:00:00+01:00,205.186,205.2145,203.396,203.567
2024-07-17T10:00:00+01:00,203.5645,204.362,203.416,204.0425
2024-07-17T14:00:00+01:00,204.0405,204.098,203.131,203.258
2024-07-17T18:00:00+01:00,203.258,203.5145,203.019,203.209
2024-07-17T22:00:00+01:00,203.1605,203.2975,202.1065,202.521
2024-07-18T02:00:00+01:00,202.521,203.5935,202.475,203.2755
2024-07-18T06:00:00+01:00,203.2745,203.414,202.6845,203.1855
2024-07-18T10:00:00+01:00,203.1815,203.299,202.8165,203.0735
2024-07-18T14:00:00+01:00,203.0715,203.8705,202.9245,203.8485
2024-07-18T18:00:00+01:00,203.8495,203.86,203.561,203.6965
2024-07-18T22:00:00+01:00,203.7285,203.8805,203.347,203.511
2024-07-19T02:00:00+01:00,203.5115,203.8335,203.4675,203.762
2024-07-19T06:00:00+01:00,203.76,204.23,203.078,203.1425
2024-07-19T10:00:00+01:00,203.141,203.756,202.954,203.7235
2024-07-19T14:00:00+01:00,203.722,203.733,203.147,203.292
2024-07-19T18:00:00+01:00,203.2905,203.4355,203.1745,203.4285
2024-07-21T22:00:00+01:00,203.352,203.6055,203.227,203.532
2024-07-22T02:00:00+01:00,203.531,203.6135,203.379,203.384
2024-07-22T06:00:00+01:00,203.383,203.384,201.893,202.7065
2024-07-22T10:00:00+01:00,202.707,203.0825,202.3915,202.5235
2024-07-22T14:00:00+01:00,202.531,202.933,202.4195,202.9105
2024-07-22T18:00:00+01:00,202.914,203.1565,202.893,203.0955
2024-07-22T22:00:00+01:00,203.085,203.163,202.4795,202.5375
2024-07-23T02:00:00+01:00,202.536,202.8505,201.964,202.0775
2024-07-23T06:00:00+01:00,202.077,202.38,201.333,201.6225
2024-07-23T10:00:00+01:00,201.6245,201.843,201.152,201.368
2024-07-23T14:00:00+01:00,201.3695,201.694,201.04,201.121
2024-07-23T18:00:00+01:00,201.12,201.155,200.7495,200.8245
2024-07-23T22:00:00+01:00,200.819,201.1865,200.745,200.9715
2024-07-24T02:00:00+01:00,200.9735,201.034,199.166,199.252
2024-07-24T06:00:00+01:00,199.2505,199.811,198.9705,199.7215
2024-07-24T10:00:00+01:00,199.7225,199.823,198.754,198.851
2024-07-24T14:00:00+01:00,198.853,198.9945,197.773,198.3805
2024-07-24T18:00:00+01:00,198.382,198.8155,198.3545,198.6225
2024-07-24T22:00:00+01:00,198.6245,198.705,197.1175,197.6265
2024-07-25T02:00:00+01:00,197.627,197.758,196.2585,196.715
2024-07-25T06:00:00+01:00,196.714,197.1585,195.943,196.7765
2024-07-25T10:00:00+01:00,196.7775,197.918,195.867,197.659
2024-07-25T14:00:00+01:00,197.6595,198.808,197.26,198.436
2024-07-25T18:00:00+01:00,198.439,198.4685,197.662,197.838
2024-07-25T22:00:00+01:00,197.852,198.1865,197.193,197.8925
2024-07-26T02:00:00+01:00,197.8935,198.102,197.361,197.693
2024-07-26T06:00:00+01:00,197.6925,198.6715,197.4615,198.5215
2024-07-26T10:00:00+01:00,198.522,199.146,198.212,198.4275
2024-07-26T14:00:00+01:00,198.4285,198.435,196.8925,197.991
2024-07-26T18:00:00+01:00,197.99,198.0885,197.7965,197.86
2024-07-28T22:00:00+01:00,197.7515,198.615,197.7305,197.984
2024-07-29T02:00:00+01:00,197.9875,198.125,197.2005,197.5235
2024-07-29T06:00:00+01:00,197.5215,197.798,196.8345,196.925
2024-07-29T10:00:00+01:00,196.923,197.7375,196.7885,197.5655
2024-07-29T14:00:00+01:00,197.566,198.056,197.323,197.885
2024-07-29T18:00:00+01:00,197.8905,198.1715,197.88,198.103
2024-07-29T22:00:00+01:00,198.02,198.1975,197.4955,197.9015
2024-07-30T02:00:00+01:00,197.9015,198.5935,197.689,198.577
2024-07-30T06:00:00+01:00,198.577,199.474,198.5595,198.8915
2024-07-30T10:00:00+01:00,198.891,199.267,198.7085,198.773
2024-07-30T14:00:00+01:00,198.775,198.776,196.5665,196.6655
2024-07-30T18:00:00+01:00,196.663,196.8995,195.953,196.0795
2024-07-30T22:00:00+01:00,196.1475,196.536,195.343,195.6665
2024-07-31T02:00:00+01:00,195.6635,197.6105,194.759,195.9725
2024-07-31T06:00:00+01:00,195.9635,196.6845,192.509,193.6315
2024-07-31T10:00:00+01:00,193.6285,193.657,192.4655,193.145
2024-07-31T14:00:00+01:00,193.14,193.463,192.172,193.268
2024-07-31T18:00:00+01:00,193.2665,193.983,192.4075,192.8185
2024-07-31T22:00:00+01:00,192.7765,193.258,191.984,192.0865
2024-08-01T02:00:00+01:00,192.0835,192.519,190.9715,192.352
2024-08-01T06:00:00+01:00,192.353,192.7485,190.991,191.3005
2024-08-01T10:00:00+01:00,191.3025,193.2585,191.0125,193.257
2024-08-01T14:00:00+01:00,193.2575,193.2605,191,191.1815
2024-08-01T18:00:00+01:00,191.1815,191.239,190.1745,190.2855
2024-08-01T22:00:00+01:00,190.361,190.3985,189.518,190.07
2024-08-02T02:00:00+01:00,190.0715,190.5155,189.737,189.934
2024-08-02T06:00:00+01:00,189.93,190.1185,189.0005,189.849
2024-08-02T10:00:00+01:00,189.8435,190.1355,187.588,188.7655
2024-08-02T14:00:00+01:00,188.7575,189.8965,187.3815,187.7995
2024-08-02T18:00:00+01:00,187.8025,188.075,187.505,187.623
2024-08-04T22:00:00+01:00,187.6775,187.767,185.6675,186.032
2024-08-05T02:00:00+01:00,186.029,186.221,181.9725,183.274
2024-08-05T06:00:00+01:00,183.2625,184.322,180.1005,181.7405
2024-08-05T10:00:00+01:00,181.739,182.32,180.698,181.403
2024-08-05T14:00:00+01:00,181.406,185.186,181.399,184.078
2024-08-05T18:00:00+01:00,184.076,184.544,182.9285,184.22
2024-08-05T22:00:00+01:00,184.1195,187.111,183.582,185.6955
2024-08-06T02:00:00+01:00,185.6965,186.5215,184.4665,185.8645
2024-08-06T06:00:00+01:00,185.876,186.7065,184.0205,184.52
2024-08-06T10:00:00+01:00,184.5225,184.7985,183.1385,183.3495
2024-08-06T14:00:00+01:00,183.3415,184.789,182.812,184.6985
2024-08-06T18:00:00+01:00,184.7,184.726,182.98,183.195
2024-08-06T22:00:00+01:00,183.1565,184.3955,183.106,183.847
2024-08-07T02:00:00+01:00,183.849,188.087,183.637,187.538
2024-08-07T06:00:00+01:00,187.5355,187.8155,185.386,186.9745
2024-08-07T10:00:00+01:00,186.975,187.716,186.788,187.0175
2024-08-07T14:00:00+01:00,187.0165,187.8895,186.3925,187.0345
2024-08-07T18:00:00+01:00,187.035,187.275,186.156,186.1705
2024-08-07T22:00:00+01:00,186.144,186.341,184.481,185.155
2024-08-08T02:00:00+01:00,185.158,186.3825,185.092,185.532
2024-08-08T06:00:00+01:00,185.532,185.962,184.815,185.6795
2024-08-08T10:00:00+01:00,185.6785,186.678,184.948,186.414
2024-08-08T14:00:00+01:00,186.409,187.653,186.299,187.6275
2024-08-08T18:00:00+01:00,187.626,187.8815,187.415,187.757
2024-08-08T22:00:00+01:00,187.6615,188.43,187.5375,187.9135
2024-08-09T02:00:00+01:00,187.9165,188.222,187.1925,187.281
2024-08-09T06:00:00+01:00,187.277,188.0445,187.0395,187.918
2024-08-09T10:00:00+01:00,187.9165,188.021,186.4775,186.956
2024-08-09T14:00:00+01:00,186.9565,187.3905,186.569,187.051
2024-08-09T18:00:00+01:00,187.049,187.323,186.9725,187.1165
2024-08-11T22:00:00+01:00,187.1495,187.6095,187.1085,187.3445
2024-08-12T02:00:00+01:00,187.346,187.8275,187.156,187.7805
2024-08-12T06:00:00+01:00,187.782,188.2015,187.729,188.0935
2024-08-12T10:00:00+01:00,188.0915,188.55,187.797,188.5435
2024-08-12T14:00:00+01:00,188.5435,189.3345,187.9695,187.9985
2024-08-12T18:00:00+01:00,188,188.1325,187.725,187.9295
2024-08-12T22:00:00+01:00,187.9815,188.072,187.587,188.0115
2024-08-13T02:00:00+01:00,188.0115,188.8495,188.0095,188.7645
2024-08-13T06:00:00+01:00,188.766,189.5185,188.6435,189.2105
2024-08-13T10:00:00+01:00,189.2095,189.287,188.179,188.7865
2024-08-13T14:00:00+01:00,188.7885,188.9125,187.9885,188.485
2024-08-13T18:00:00+01:00,188.4855,189.0075,188.4745,188.874
2024-08-13T22:00:00+01:00,188.813,189.3315,188.714,189.214
2024-08-14T02:00:00+01:00,189.214,189.315,187.8705,188.854
2024-08-14T06:00:00+01:00,188.8535,189.3715,188.4395,188.9155
2024-08-14T10:00:00+01:00,188.9165,189.4485,188.385,189.1475
2024-08-14T14:00:00+01:00,189.146,189.439,188.3415,188.651
2024-08-14T18:00:00+01:00,188.649,189.162,188.6185,188.9905
2024-08-14T22:00:00+01:00,189.031,189.064,188.7565,188.8555
2024-08-15T02:00:00+01:00,188.852,189.35,188.8025,189.0975
2024-08-15T06:00:00+01:00,189.0965,189.3365,188.891,189.2385
2024-08-15T10:00:00+01:00,189.234,191.1185,189.201,190.9315
2024-08-15T14:00:00+01:00,190.9345,191.7,190.8655,191.5475
2024-08-15T18:00:00+01:00,191.5475,192.021,191.4425,191.911
2024-08-15T22:00:00+01:00,191.9335,192.05,191.518,191.856
2024-08-16T02:00:00+01:00,191.856,191.936,191.488,191.631
2024-08-16T06:00:00+01:00,191.6315,192.014,191.5725,191.628
2024-08-16T10:00:00+01:00,191.627,191.8855,190.434,190.4765
2024-08-16T14:00:00+01:00,190.4775,191.3375,190.375,191.233
2024-08-16T18:00:00+01:00,191.2325,191.247,190.981,191.066
2024-08-18T22:00:00+01:00,190.974,191.631,190.9055,191.3545
2024-08-19T02:00:00+01:00,191.3555,191.4405,188.968,189.364
2024-08-19T06:00:00+01:00,189.363,189.6295,188.2415,189.494
2024-08-19T10:00:00+01:00,189.494,189.924,189.0365,189.366
2024-08-19T14:00:00+01:00,189.364,190.385,189.3595,190.1855
2024-08-19T18:00:00+01:00,190.1845,190.574,190.1705,190.4565
2024-08-19T22:00:00+01:00,190.4425,190.7715,189.821,190.0455
2024-08-20T02:00:00+01:00,190.0445,191.008,189.476,190.715
2024-08-20T06:00:00+01:00,190.713,191.2745,190.1685,190.4925
2024-08-20T10:00:00+01:00,190.493,190.645,190.234,190.418
2024-08-20T14:00:00+01:00,190.4195,190.505,189.3795,189.3815
2024-08-20T18:00:00+01:00,189.379,189.5375,189.2325,189.3325
2024-08-20T22:00:00+01:00,189.336,189.7035,188.94,189.5925
2024-08-21T02:00:00+01:00,189.5915,189.864,189.2405,189.7625
2024-08-21T06:00:00+01:00,189.7605,190.3035,189.5275,190.0335
2024-08-21T10:00:00+01:00,190.031,190.716,189.9995,190.1695
2024-08-21T14:00:00+01:00,190.17,191.482,189.643,190.0475
2024-08-21T18:00:00+01:00,190.0505,190.2115,189.4595,190.1775
2024-08-21T22:00:00+01:00,190.0585,190.344,189.643,190.2155
2024-08-22T02:00:00+01:00,190.215,190.5605,189.694,189.866
2024-08-22T06:00:00+01:00,189.869,191.135,189.7285,190.9585
2024-08-22T10:00:00+01:00,190.959,191.727,190.8285,191.5745
2024-08-22T14:00:00+01:00,191.579,191.9605,190.8575,191.465
2024-08-22T18:00:00+01:00,191.4645,191.698,191.2755,191.5085
2024-08-22T22:00:00+01:00,191.4215,191.568,191.097,191.3125
2024-08-23T02:00:00+01:00,191.305,191.367,190.3705,191.074
2024-08-23T06:00:00+01:00,191.074,191.6635,190.653,191.6025
2024-08-23T10:00:00+01:00,191.5995,191.8765,191.4745,191.5035
2024-08-23T14:00:00+01:00,191.5015,192.038,190.8235,191.04
2024-08-23T18:00:00+01:00,191.0355,191.1175,190.274,190.791
2024-08-25T22:00:00+01:00,190.5785,190.7285,189.6125,189.912
2024-08-26T02:00:00+01:00,189.9095,190.2515,189.613,190.1505
2024-08-26T06:00:00+01:00,190.1495,190.353,189.5065,189.871
2024-08-26T10:00:00+01:00,189.868,190.45,189.802,190.0215
2024-08-26T14:00:00+01:00,190.0205,190.792,189.8555,190.6705
2024-08-26T18:00:00+01:00,190.671,190.7775,190.467,190.59
2024-08-26T22:00:00+01:00,190.587,190.9475,190.2455,190.9295
2024-08-27T02:00:00+01:00,190.9335,191.1915,190.7995,190.824
2024-08-27T06:00:00+01:00,190.8255,191.9245,190.8135,191.7445
2024-08-27T10:00:00+01:00,191.7435,191.8675,190.671,190.782
2024-08-27T14:00:00+01:00,190.781,191.255,190.626,190.7355
2024-08-27T18:00:00+01:00,190.736,191.0155,190.712,190.8975
2024-08-27T22:00:00+01:00,190.8545,191.246,190.527,191.0885
2024-08-28T02:00:00+01:00,191.0895,191.4345,191.008,191.1515
2024-08-28T06:00:00+01:00,191.1505,191.3155,190.867,190.9755
2024-08-28T10:00:00+01:00,190.977,191.246,190.5405,191.162
2024-08-28T14:00:00+01:00,191.1625,191.4515,190.4425,190.8525
2024-08-28T18:00:00+01:00,190.8555,190.9205,190.361,190.731
2024-08-28T22:00:00+01:00,190.702,190.958,190.2545,190.74
2024-08-29T02:00:00+01:00,190.743,191.154,190.689,191.1495
2024-08-29T06:00:00+01:00,191.1475,191.4905,190.3185,190.8245
2024-08-29T10:00:00+01:00,190.8265,191.4205,190.446,191.3525
2024-08-29T14:00:00+01:00,191.3535,191.548,191.0325,191.1575
2024-08-29T18:00:00+01:00,191.153,191.164,190.5445,190.922
2024-08-29T22:00:00+01:00,190.898,191,190.499,190.576
2024-08-30T02:00:00+01:00,190.575,190.759,190.5005,190.685
2024-08-30T06:00:00+01:00,190.6835,191.3905,190.648,191.313
2024-08-30T10:00:00+01:00,191.314,191.8175,191.184,191.5875
2024-08-30T14:00:00+01:00,191.589,191.8465,191.0645,191.8385
2024-08-30T18:00:00+01:00,191.838,192.0225,191.6355,191.8875
2024-09-01T22:00:00+01:00,191.809,192.506,191.727,192.009
2024-09-02T02:00:00+01:00,192.0085,192.157,191.3355,191.554
2024-09-02T06:00:00+01:00,191.5535,192.9675,191.5475,192.695
2024-09-02T10:00:00+01:00,192.693,193.247,192.588,193.1755
2024-09-02T14:00:00+01:00,193.1655,193.4855,192.9355,192.9485
2024-09-02T18:00:00+01:00,192.967,193.19,192.958,193.156
2024-09-02T22:00:00+01:00,193.108,193.3635,192.7765,193.2875
2024-09-03T02:00:00+01:00,193.2855,193.313,192.15,192.3265
2024-09-03T06:00:00+01:00,192.325,192.4115,191.0725,191.3415
2024-09-03T10:00:00+01:00,191.3385,192.0505,191.184,191.5575
2024-09-03T14:00:00+01:00,191.556,191.623,190.324,191.0055
2024-09-03T18:00:00+01:00,191.006,191.082,190.7245,190.7795
2024-09-03T22:00:00+01:00,190.8415,190.955,189.9535,190.2415
2024-09-04T02:00:00+01:00,190.243,190.854,190.234,190.535
2024-09-04T06:00:00+01:00,190.5345,190.6315,189.713,190.5215
2024-09-04T10:00:00+01:00,190.522,190.6385,189.9845,190.391
2024-09-04T14:00:00+01:00,190.389,190.547,189.3215,189.4305
2024-09-04T18:00:00+01:00,189.4265,189.436,188.922,188.9655
2024-09-04T22:00:00+01:00,188.954,189.008,188.2345,188.9035
2024-09-05T02:00:00+01:00,188.9045,189.269,188.6475,188.766
2024-09-05T06:00:00+01:00,188.765,189.1895,188.072,189.088
2024-09-05T10:00:00+01:00,189.084,189.176,188.1125,188.3385
2024-09-05T14:00:00+01:00,188.339,189.7895,188.314,188.9515
2024-09-05T18:00:00+01:00,188.95,189.1055,188.555,189.0605
2024-09-05T22:00:00+01:00,189.0555,189.1535,188.6555,188.6845
2024-09-06T02:00:00+01:00,188.688,188.9095,188.2805,188.4485
2024-09-06T06:00:00+01:00,188.4495,188.4605,187.259,187.7875
2024-09-06T10:00:00+01:00,187.7865,189.6165,187.7295,188.894
2024-09-06T14:00:00+01:00,188.892,189.393,186.513,186.8945
2024-09-06T18:00:00+01:00,186.8975,187.1835,186.7565,186.852
2024-09-08T22:00:00+01:00,186.924,187.5365,186.4285,187.369
2024-09-09T02:00:00+01:00,187.37,187.814,187.335,187.578
2024-09-09T06:00:00+01:00,187.577,187.7505,187.1745,187.6605
2024-09-09T10:00:00+01:00,187.661,188.1285,187.34,187.3995
2024-09-09T14:00:00+01:00,187.4,187.456,186.5545,187.1385
2024-09-09T18:00:00+01:00,187.1395,187.2335,186.7335,187.2115
2024-09-09T22:00:00+01:00,187.1935,187.4335,186.8065,187.413
2024-09-10T02:00:00+01:00,187.413,187.557,187.044,187.112
2024-09-10T06:00:00+01:00,187.1105,188.102,187.0335,187.79
2024-09-10T10:00:00+01:00,187.792,187.8035,186.6685,186.735
2024-09-10T14:00:00+01:00,186.73,187.044,185.728,186.177
2024-09-10T18:00:00+01:00,186.176,186.4055,186.011,186.3375
2024-09-10T22:00:00+01:00,186.279,186.401,185.7075,186.005
2024-09-11T02:00:00+01:00,186.007,186.21,184.531,184.8605
2024-09-11T06:00:00+01:00,184.8575,185.3715,184.47,185.1735
2024-09-11T10:00:00+01:00,185.174,186.012,185.0075,185.8595
2024-09-11T14:00:00+01:00,185.863,186.157,183.722,185.0535
2024-09-11T18:00:00+01:00,185.0525,185.8225,185.0185,185.675
2024-09-11T22:00:00+01:00,185.683,186.37,185.526,185.984
2024-09-12T02:00:00+01:00,185.9845,186.3785,185.427,186.325
2024-09-12T06:00:00+01:00,186.321,186.644,185.853,186.0365
2024-09-12T10:00:00+01:00,186.038,186.4185,185.2935,185.5025
2024-09-12T14:00:00+01:00,185.5135,186.7365,185.29,186.59
2024-09-12T18:00:00+01:00,186.5895,186.655,185.9225,186.124
2024-09-12T22:00:00+01:00,186.1565,186.2245,185.5555,185.609
2024-09-13T02:00:00+01:00,185.6075,185.681,184.954,185.323
2024-09-13T06:00:00+01:00,185.324,185.65,184.571,184.936
2024-09-13T10:00:00+01:00,184.9285,185.0035,184.3675,184.8875
2024-09-13T14:00:00+01:00,184.888,185.175,184.404,184.9085
2024-09-13T18:00:00+01:00,184.906,185.047,184.8105,184.8685
2024-09-15T22:00:00+01:00,184.7885,185.036,184.3905,184.671
2024-09-16T02:00:00+01:00,184.665,184.7745,184.1765,184.4315
2024-09-16T06:00:00+01:00,184.4305,184.5275,183.767,184.4425
2024-09-16T10:00:00+01:00,184.4415,185.2725,184.402,185.092
2024-09-16T14:00:00+01:00,185.0905,185.922,185.062,185.7475
2024-09-16T18:00:00+01:00,185.7455,186.044,185.655,185.8415
2024-09-16T22:00:00+01:00,185.847,186.5195,185.541,185.7075
2024-09-17T02:00:00+01:00,185.7075,185.8245,185.3285,185.7465
2024-09-17T06:00:00+01:00,185.7495,186.0435,185.292,185.9515
2024-09-17T10:00:00+01:00,185.948,186.366,185.7105,186.235
2024-09-17T14:00:00+01:00,186.2355,187.174,186.068,186.4975
2024-09-17T18:00:00+01:00,186.497,187.454,186.4525,187.421
2024-09-17T22:00:00+01:00,187.426,187.495,186.444,186.536
2024-09-18T02:00:00+01:00,186.5375,186.657,185.829,185.9625
2024-09-18T06:00:00+01:00,185.963,187.413,185.897,187.143
2024-09-18T10:00:00+01:00,187.145,187.63,187.037,187.6035
2024-09-18T14:00:00+01:00,187.599,187.99,187.285,187.4375
2024-09-18T18:00:00+01:00,187.4385,188.0575,186.7015,188.009
2024-09-18T22:00:00+01:00,188.0135,189.14,187.4305,188.992
2024-09-19T02:00:00+01:00,188.9945,189.4165,188.8305,189.1255
2024-09-19T06:00:00+01:00,189.125,189.396,188.1755,189.3935
2024-09-19T10:00:00+01:00,189.3935,190.3965,189.3935,190.339
2024-09-19T14:00:00+01:00,190.339,190.3875,189.061,189.9745
2024-09-19T18:00:00+01:00,189.9715,190.0525,189.267,189.4695
2024-09-19T22:00:00+01:00,189.469,189.7935,189.0895,189.091
2024-09-20T02:00:00+01:00,189.088,189.6645,188.696,189.009
2024-09-20T06:00:00+01:00,189.01,191.3775,188.9335,191.2785
2024-09-20T10:00:00+01:00,191.278,191.995,191.0335,191.378
2024-09-20T14:00:00+01:00,191.3775,191.853,190.9125,191.5735
2024-09-20T18:00:00+01:00,191.572,191.929,191.4145,191.6675
2024-09-22T22:00:00+01:00,191.833,192.0155,191.3955,191.845
2024-09-23T02:00:00+01:00,191.846,192.309,191.846,192.0995
2024-09-23T06:00:00+01:00,192.099,192.178,190.1365,190.5665
2024-09-23T10:00:00+01:00,190.5655,191.714,190.494,191.6145
2024-09-23T14:00:00+01:00,191.613,192.4425,191.186,191.2725
2024-09-23T18:00:00+01:00,191.274,191.753,191.157,191.685
2024-09-23T22:00:00+01:00,191.6105,191.857,191.5165,191.566
2024-09-24T02:00:00+01:00,191.5655,192.2545,191.342,192.149
2024-09-24T06:00:00+01:00,192.1535,193.286,192.1535,193.019
2024-09-24T10:00:00+01:00,193.016,193.3275,192.177,192.726
2024-09-24T14:00:00+01:00,192.7345,193.0215,192.0675,192.1075
2024-09-24T18:00:00+01:00,192.1095,192.443,191.9735,192.1055
2024-09-24T22:00:00+01:00,192.0765,192.322,191.764,192.1955
2024-09-25T02:00:00+01:00,192.1945,192.531,192.088,192.217
2024-09-25T06:00:00+01:00,192.219,192.8415,191.9705,192.581
2024-09-25T10:00:00+01:00,192.5815,193.231,192.531,193.166
2024-09-25T14:00:00+01:00,193.1685,193.2705,192.544,192.7045
2024-09-25T18:00:00+01:00,192.704,192.895,192.479,192.8725
2024-09-25T22:00:00+01:00,192.872,192.932,192.5125,192.579
2024-09-26T02:00:00+01:00,192.5765,193.4195,192.558,193.0185
2024-09-26T06:00:00+01:00,193.019,193.7635,192.939,193.3615
2024-09-26T10:00:00+01:00,193.363,193.707,192.694,193.319
2024-09-26T14:00:00+01:00,193.3215,194.361,192.8585,194.2525
2024-09-26T18:00:00+01:00,194.2505,194.3515,193.8805,194.2815
2024-09-26T22:00:00+01:00,194.272,194.9455,194.121,194.9005
2024-09-27T02:00:00+01:00,194.899,195.175,194.177,195.1525
2024-09-27T06:00:00+01:00,195.1425,195.976,191.0035,191.443
2024-09-27T10:00:00+01:00,191.434,191.9775,191.058,191.327
2024-09-27T14:00:00+01:00,191.3275,191.8255,190.5725,190.7275
2024-09-27T18:00:00+01:00,190.7235,190.8265,190.0065,190.141
2024-09-29T22:00:00+01:00,190.2035,191.302,190.137,190.956
2024-09-30T02:00:00+01:00,190.958,191.1845,190.2165,190.2865
2024-09-30T06:00:00+01:00,190.284,191.3675,189.5635,191.254
2024-09-30T10:00:00+01:00,191.2555,191.3905,190.8755,191.353
2024-09-30T14:00:00+01:00,191.3555,192.173,191.0045,191.8045
2024-09-30T18:00:00+01:00,191.806,192.3195,191.566,192.104
2024-09-30T22:00:00+01:00,192.097,192.761,191.8625,192.5605
2024-10-01T02:00:00+01:00,192.5615,193.162,192.2835,193.051
2024-10-01T06:00:00+01:00,193.0495,193.3635,191.5775,191.726
2024-10-01T10:00:00+01:00,191.7255,191.9145,191.2445,191.84
2024-10-01T14:00:00+01:00,191.838,191.984,189.9865,190.386
2024-10-01T18:00:00+01:00,190.3885,191.08,189.8545,190.73
2024-10-01T22:00:00+01:00,190.7295,191.0695,190.476,190.945
2024-10-02T02:00:00+01:00,190.9495,191.5595,190.55,190.7305
2024-10-02T06:00:00+01:00,190.7275,191.916,190.4185,191.9055
2024-10-02T10:00:00+01:00,191.9035,193.0885,191.4475,192.9665
2024-10-02T14:00:00+01:00,192.969,194.029,192.85,193.8015
2024-10-02T18:00:00+01:00,193.7995,194.4255,193.687,194.326
2024-10-02T22:00:00+01:00,194.1815,195.008,194.063,194.9355
2024-10-03T02:00:00+01:00,194.9375,195.179,194.2825,194.326
2024-10-03T06:00:00+01:00,194.323,194.3995,192.233,192.4855
2024-10-03T10:00:00+01:00,192.4845,192.895,192.132,192.4755
2024-10-03T14:00:00+01:00,192.477,192.851,192.142,192.5745
2024-10-03T18:00:00+01:00,192.5745,192.881,192.3775,192.845
2024-10-03T22:00:00+01:00,192.837,192.9185,192.5325,192.56
2024-10-04T02:00:00+01:00,192.5595,192.5855,191.855,191.9695
2024-10-04T06:00:00+01:00,191.9695,192.7235,191.7385,192.531
2024-10-04T10:00:00+01:00,192.531,194.537,192.481,194.4105
2024-10-04T14:00:00+01:00,194.4245,195.3695,194.24,195.3365
2024-10-04T18:00:00+01:00,195.336,195.53,195.015,195.1625
2024-10-06T22:00:00+01:00,195.0325,195.6255,194.726,194.771
2024-10-07T02:00:00+01:00,194.7665,195.165,194.6035,194.8395
2024-10-07T06:00:00+01:00,194.838,194.907,194.0635,194.132
2024-10-07T10:00:00+01:00,194.1265,194.2345,193.5635,193.7845
2024-10-07T14:00:00+01:00,193.7895,193.986,193.3465,193.738
2024-10-07T18:00:00+01:00,193.7365,193.894,193.5025,193.8755
2024-10-07T22:00:00+01:00,193.8845,193.964,193.124,193.652
2024-10-08T02:00:00+01:00,193.653,193.9235,193.0755,193.84
2024-10-08T06:00:00+01:00,193.8425,193.9825,192.89,193.6665
2024-10-08T10:00:00+01:00,193.666,194.2325,193.4415,193.9475
2024-10-08T14:00:00+01:00,193.9405,194.3765,193.8235,193.908
2024-10-08T18:00:00+01:00,193.907,194.328,193.8515,194.1895
2024-10-08T22:00:00+01:00,194.1665,194.354,193.878,194.18
2024-10-09T02:00:00+01:00,194.1805,194.378,193.889,194.089
2024-10-09T06:00:00+01:00,194.0905,194.5955,193.5925,194.488
2024-10-09T10:00:00+01:00,194.4875,194.823,194.2975,194.814
2024-10-09T14:00:00+01:00,194.8125,195.2535,194.6415,195.033
2024-10-09T18:00:00+01:00,195.032,195.2475,194.902,195.165
2024-10-09T22:00:00+01:00,195.066,195.139,194.7295,195.011
2024-10-10T02:00:00+01:00,195.009,195.5045,194.8665,195.3035
2024-10-10T06:00:00+01:00,195.3035,195.42,194.834,194.896
2024-10-10T10:00:00+01:00,194.8885,195.0345,194.0135,194.3225
2024-10-10T14:00:00+01:00,194.3245,194.4605,193.5755,194.121
2024-10-10T18:00:00+01:00,194.1225,194.29,193.8655,194.012
2024-10-10T22:00:00+01:00,194.012,194.311,193.8315,193.9505
2024-10-11T02:00:00+01:00,193.95,194.302,193.867,194.062
2024-10-11T06:00:00+01:00,194.062,194.575,193.9155,194.453
2024-10-11T10:00:00+01:00,194.452,194.9445,194.414,194.751
2024-10-11T14:00:00+01:00,194.7525,195.2385,194.6445,194.786
2024-10-11T18:00:00+01:00,194.7855,194.9645,194.716,194.87
2024-10-13T22:00:00+01:00,194.8015,195.014,194.6445,194.749
2024-10-14T02:00:00+01:00,194.7485,195.083,194.634,194.963
2024-10-14T06:00:00+01:00,194.962,195.286,194.866,195.2495
2024-10-14T10:00:00+01:00,195.2455,195.3755,195.0135,195.177
2024-10-14T14:00:00+01:00,195.1765,195.715,195.14,195.69
2024-10-14T18:00:00+01:00,195.6915,195.7165,195.4755,195.5835
2024-10-14T22:00:00+01:00,195.593,195.734,195.346,195.4375
2024-10-15T02:00:00+01:00,195.4385,195.6055,195.255,195.3315
2024-10-15T06:00:00+01:00,195.333,195.335,194.669,195.042
2024-10-15T10:00:00+01:00,195.043,195.5835,194.6505,195.127
2024-10-15T14:00:00+01:00,195.129,195.524,194.8615,195.3255
2024-10-15T18:00:00+01:00,195.327,195.42,194.93,195.058
2024-10-15T22:00:00+01:00,195.058,195.221,194.7065,195.019
2024-10-16T02:00:00+01:00,195.018,195.1645,194.5725,195.152
2024-10-16T06:00:00+01:00,195.155,195.292,193.7085,194.36
2024-10-16T10:00:00+01:00,194.3625,194.628,194.1885,194.514
2024-10-16T14:00:00+01:00,194.515,194.787,194.3865,194.7415
2024-10-16T18:00:00+01:00,194.7405,194.769,194.2955,194.3825
2024-10-16T22:00:00+01:00,194.2805,194.431,194.149,194.2255
2024-10-17T02:00:00+01:00,194.2215,194.2935,193.835,194.164
2024-10-17T06:00:00+01:00,194.163,194.663,194.055,194.46
2024-10-17T10:00:00+01:00,194.4595,195.0925,194.317,194.9135
2024-10-17T14:00:00+01:00,194.916,195.5125,194.3435,195.4315
2024-10-17T18:00:00+01:00,195.432,195.605,195.3315,195.4335
2024-10-17T22:00:00+01:00,195.4435,195.519,195.1115,195.272
2024-10-18T02:00:00+01:00,195.275,195.4045,195.0935,195.1955
2024-10-18T06:00:00+01:00,195.197,196.0525,195.0385,195.5135
2024-10-18T10:00:00+01:00,195.515,195.8,195.033,195.5575
2024-10-18T14:00:00+01:00,195.5565,195.785,194.76,194.904
2024-10-18T18:00:00+01:00,194.906,195.17,194.8835,195.1395
2024-10-20T22:00:00+01:00,195.0135,195.348,194.7255,194.844
2024-10-21T02:00:00+01:00,194.846,194.882,194.577,194.721
2024-10-21T06:00:00+01:00,194.7205,195.335,194.5715,195.327
2024-10-21T10:00:00+01:00,195.328,195.443,195.1525,195.3365
2024-10-21T14:00:00+01:00,195.335,195.5555,195.096,195.4755
2024-10-21T18:00:00+01:00,195.475,195.8985,195.4635,195.867
2024-10-21T22:00:00+01:00,195.8565,195.928,195.4785,195.532
2024-10-22T02:00:00+01:00,195.5315,196.3965,195.432,196.1315
2024-10-22T06:00:00+01:00,196.13,196.5265,195.975,196.1205
2024-10-22T10:00:00+01:00,196.115,196.159,195.516,195.5255
2024-10-22T14:00:00+01:00,195.527,196.1565,195.1055,195.999
2024-10-22T18:00:00+01:00,196,196.2295,195.8565,196.1575
2024-10-22T22:00:00+01:00,196.089,196.586,195.9715,196.5615
2024-10-23T02:00:00+01:00,196.561,197.561,196.512,197.527
2024-10-23T06:00:00+01:00,197.526,197.987,197.401,197.9035
2024-10-23T10:00:00+01:00,197.9025,198.439,197.8915,198.2725
2024-10-23T14:00:00+01:00,198.271,198.364,197.5615,197.627
2024-10-23T18:00:00+01:00,197.624,197.6295,196.888,197.3935
2024-10-23T22:00:00+01:00,197.3855,197.4245,197.0445,197.302
2024-10-24T02:00:00+01:00,197.3035,197.41,196.65,196.819
2024-10-24T06:00:00+01:00,196.819,197.498,196.7045,197.0205
2024-10-24T10:00:00+01:00,197.019,197.5765,196.8475,197.281
2024-10-24T14:00:00+01:00,197.2835,197.637,196.434,196.583
2024-10-24T18:00:00+01:00,196.5835,197.0945,196.5835,196.998
2024-10-24T22:00:00+01:00,196.9955,197.2255,196.6315,197.1385
2024-10-25T02:00:00+01:00,197.1365,197.1905,196.5255,196.682
2024-10-25T06:00:00+01:00,196.6825,197.3485,196.394,197.19
2024-10-25T10:00:00+01:00,197.181,197.4555,197.057,197.383
2024-10-25T14:00:00+01:00,197.381,197.7875,197.2625,197.504
2024-10-25T18:00:00+01:00,197.505,197.6055,197.1425,197.4355
2024-10-27T21:00:00+00:00,198.607,198.8575,197.856,198.7875
2024-10-28T01:00:00+00:00,198.788,199.3615,198.558,198.9195
2024-10-28T05:00:00+00:00,198.919,199.043,198.4855,198.761
2024-10-28T09:00:00+00:00,198.7635,198.7895,197.804,198.2295
2024-10-28T13:00:00+00:00,198.2285,199.012,198.1325,198.93
2024-10-28T17:00:00+00:00,198.9295,199.0025,198.699,198.863
2024-10-28T21:00:00+00:00,198.866,198.97,198.377,198.504
2024-10-29T01:00:00+00:00,198.505,198.622,198.139,198.2165
2024-10-29T05:00:00+00:00,198.218,199.2865,198.0415,199.1745
2024-10-29T09:00:00+00:00,199.1765,199.686,199.0155,199.5535
2024-10-29T13:00:00+00:00,199.5545,199.681,198.8975,199.6055
2024-10-29T17:00:00+00:00,199.6055,199.716,199.371,199.597
2024-10-29T21:00:00+00:00,199.6125,199.69,199.1995,199.4355
2024-10-30T01:00:00+00:00,199.434,199.5815,199.14,199.3415
2024-10-30T05:00:00+00:00,199.3425,199.5725,198.9405,198.9805
2024-10-30T09:00:00+00:00,198.975,199.3825,198.207,198.5875
2024-10-30T13:00:00+00:00,198.587,199.8105,198.4735,198.987
2024-10-30T17:00:00+00:00,198.985,199.134,198.772,198.8725
2024-10-30T21:00:00+00:00,198.873,198.978,198.4135,198.814
2024-10-31T01:00:00+00:00,198.813,198.9095,197.88,198.0335
2024-10-31T05:00:00+00:00,198.031,198.239,197.1865,197.817
2024-10-31T09:00:00+00:00,197.82,198.4335,197.471,198.17
2024-10-31T13:00:00+00:00,198.1735,198.6305,195.3765,196.102
2024-10-31T17:00:00+00:00,196.101,196.189,195.569,196.1105
2024-10-31T21:00:00+00:00,196.106,196.2775,195.7845,196.05
2024-11-01T01:00:00+00:00,196.054,196.788,195.957,196.675
2024-11-01T05:00:00+00:00,196.6745,197.1535,196.3105,196.9705
2024-11-01T09:00:00+00:00,196.97,197.5035,196.761,196.947
2024-11-01T13:00:00+00:00,196.946,198.381,196.8675,198.0965
2024-11-01T17:00:00+00:00,198.0955,198.1345,197.5815,197.6195
2024-11-03T22:00:00+00:00,197.5785,197.884,196.8845,196.95
2024-11-04T02:00:00+00:00,196.949,197.363,196.9215,197.2995
2024-11-04T06:00:00+00:00,197.2995,197.734,196.789,197.0205
2024-11-04T10:00:00+00:00,197.021,197.193,196.498,196.9225
2024-11-04T14:00:00+00:00,196.9235,197.4815,196.6305,196.9505
2024-11-04T18:00:00+00:00,196.9485,197.1685,196.8755,197.127
2024-11-04T22:00:00+00:00,197.133,197.4655,197.0055,197.2815
2024-11-05T02:00:00+00:00,197.279,197.703,197.199,197.548
2024-11-05T06:00:00+00:00,197.547,197.7215,197.3315,197.5735
2024-11-05T10:00:00+00:00,197.5745,197.849,197.2765,197.4045
2024-11-05T14:00:00+00:00,197.405,197.876,197.343,197.698
2024-11-05T18:00:00+00:00,197.6985,197.7795,197.11,197.7465
2024-11-05T22:00:00+00:00,197.7525,198.378,197.3435,198.299
2024-11-06T02:00:00+00:00,198.299,199.0555,197.899,198.1595
2024-11-06T06:00:00+00:00,198.153,198.907,197.8705,198.677
2024-11-06T10:00:00+00:00,198.675,198.829,198.1625,198.5055
2024-11-06T14:00:00+00:00,198.5065,199.5275,198.203,199.361
2024-11-06T18:00:00+00:00,199.361,199.5025,199.017,199.164
2024-11-06T22:00:00+00:00,199.1605,199.3155,198.7065,199.156
2024-11-07T02:00:00+00:00,199.156,199.5645,198.966,199.1475
2024-11-07T06:00:00+00:00,199.1445,199.373,198.7025,198.7085
2024-11-07T10:00:00+00:00,198.7075,199.3845,198.58,199.1275
2024-11-07T14:00:00+00:00,199.1305,199.232,198.6185,198.766
2024-11-07T18:00:00+00:00,198.7665,198.776,198.3275,198.6165
2024-11-07T22:00:00+00:00,198.6245,198.929,198.53,198.6155
2024-11-08T02:00:00+00:00,198.609,198.64,197.835,198.1815
2024-11-08T06:00:00+00:00,198.1855,198.3215,197.3005,197.3615
2024-11-08T10:00:00+00:00,197.3585,197.715,197.1205,197.6735
2024-11-08T14:00:00+00:00,197.6735,197.831,196.744,196.885
2024-11-08T18:00:00+00:00,196.8855,197.2415,196.8855,197.193
2024-11-10T22:00:00+00:00,197.0625,197.94,197.01,197.94
2024-11-11T02:00:00+00:00,197.9405,198.4295,197.8405,198.289
2024-11-11T06:00:00+00:00,198.2895,198.467,197.8455,198.1785
2024-11-11T10:00:00+00:00,198.174,198.3615,197.852,197.855
2024-11-11T14:00:00+00:00,197.852,198.1045,197.729,197.9565
2024-11-11T18:00:00+00:00,197.9535,197.9535,197.6675,197.804
2024-11-11T22:00:00+00:00,197.806,198.063,197.5595,198.022
2024-11-12T02:00:00+00:00,198.021,198.024,196.956,197.1355
2024-11-12T06:00:00+00:00,197.136,197.6415,196.885,197.6245
2024-11-12T10:00:00+00:00,197.624,197.798,197.298,197.7665
2024-11-12T14:00:00+00:00,197.7665,197.8295,196.94,197.096
2024-11-12T18:00:00+00:00,197.0965,197.2495,196.9845,197.094
2024-11-12T22:00:00+00:00,197.101,197.442,196.865,197.1225
2024-11-13T02:00:00+00:00,197.1225,197.454,197.0315,197.415
2024-11-13T06:00:00+00:00,197.4145,197.7245,197.3005,197.5145
2024-11-13T10:00:00+00:00,197.508,197.584,196.9235,197.072
2024-11-13T14:00:00+00:00,197.0715,197.616,196.6595,197.5305
2024-11-13T18:00:00+00:00,197.533,197.8155,197.4635,197.5725
2024-11-13T22:00:00+00:00,197.556,197.996,197.337,197.8645
2024-11-14T02:00:00+00:00,197.8675,197.9895,197.688,197.953
2024-11-14T06:00:00+00:00,197.9545,197.983,197.443,197.5865
2024-11-14T10:00:00+00:00,197.5885,197.6665,197.0775,197.4785
2024-11-14T14:00:00+00:00,197.479,198.2485,197.445,197.8495
2024-11-14T18:00:00+00:00,197.85,198.017,197.7,197.917
2024-11-14T22:00:00+00:00,197.929,198.4535,197.8215,198.2775
2024-11-15T02:00:00+00:00,198.278,198.425,198.1055,198.3095
2024-11-15T06:00:00+00:00,198.3115,198.3675,196.467,196.578
2024-11-15T10:00:00+00:00,196.577,197.378,196.481,196.496
2024-11-15T14:00:00+00:00,196.4945,196.829,194.68,194.816
2024-11-15T18:00:00+00:00,194.817,194.888,194.2985,194.797
2024-11-17T22:00:00+00:00,195.04,195.996,194.366,195.3415
2024-11-18T02:00:00+00:00,195.3425,195.718,195.0085,195.256
2024-11-18T06:00:00+00:00,195.256,195.555,195.0125,195.4845
2024-11-18T10:00:00+00:00,195.483,196.1505,195.4295,195.5715
2024-11-18T14:00:00+00:00,195.5695,196.1505,195.3385,195.9415
2024-11-18T18:00:00+00:00,195.941,196.151,195.9175,196.0915
2024-11-18T22:00:00+00:00,196.085,196.1475,195.2245,195.377
2024-11-19T02:00:00+00:00,195.3765,195.827,195.216,195.6445
2024-11-19T06:00:00+00:00,195.646,196.006,193.57,194.171
2024-11-19T10:00:00+00:00,194.1655,194.8925,193.8385,193.926
2024-11-19T14:00:00+00:00,193.926,196.1195,193.87,196.056
2024-11-19T18:00:00+00:00,196.056,196.22,195.895,196.145
2024-11-19T22:00:00+00:00,196.055,196.632,195.958,196.4025
2024-11-20T02:00:00+00:00,196.4025,196.8445,196.3505,196.844
2024-11-20T06:00:00+00:00,196.8445,197.7885,196.79,197.334
2024-11-20T10:00:00+00:00,197.3365,197.493,197.0765,197.3765
2024-11-20T14:00:00+00:00,197.3745,197.389,196.125,196.4225
2024-11-20T18:00:00+00:00,196.4205,196.725,196.353,196.67
2024-11-20T22:00:00+00:00,196.682,196.759,196.0265,196.2065
2024-11-21T02:00:00+00:00,196.2035,196.4275,195.97,196.319
2024-11-21T06:00:00+00:00,196.314,196.314,194.533,195.0425
2024-11-21T10:00:00+00:00,195.042,195.5405,194.7275,195.0905
2024-11-21T14:00:00+00:00,195.0925,195.301,194.3745,194.5995
2024-11-21T18:00:00+00:00,194.6,194.9525,194.4845,194.5515
2024-11-21T22:00:00+00:00,194.5515,194.67,193.791,194.3825
2024-11-22T02:00:00+00:00,194.382,194.4895,194.063,194.4465
2024-11-22T06:00:00+00:00,194.448,194.8125,192.962,193.3175
2024-11-22T10:00:00+00:00,193.317,193.5175,192.853,193.157
2024-11-22T14:00:00+00:00,193.1585,194.1105,193.1585,193.915
2024-11-22T18:00:00+00:00,193.916,194.0555,193.7215,193.966
2024-11-24T22:00:00+00:00,194.2105,194.3845,193.559,193.6595
2024-11-25T02:00:00+00:00,193.659,194.3905,193.498,194.291
2024-11-25T06:00:00+00:00,194.2895,194.6295,193.9715,194.171
2024-11-25T10:00:00+00:00,194.174,194.281,193.579,194.127
2024-11-25T14:00:00+00:00,194.13,194.165,193.273,193.7395
2024-11-25T18:00:00+00:00,193.7385,193.8805,193.649,193.778
2024-11-25T22:00:00+00:00,193.932,193.987,192.5305,192.9825
2024-11-26T02:00:00+00:00,192.982,193.2685,192.6885,192.8875
2024-11-26T06:00:00+00:00,192.8865,193.731,192.782,193.5155
2024-11-26T10:00:00+00:00,193.5105,193.661,192.8305,193.055
2024-11-26T14:00:00+00:00,193.056,193.2925,192.1205,192.229
2024-11-26T18:00:00+00:00,192.228,192.491,192.0405,192.432
2024-11-26T22:00:00+00:00,192.431,192.629,191.784,191.8335
2024-11-27T02:00:00+00:00,191.83,192.05,191.375,191.5865
2024-11-27T06:00:00+00:00,191.587,191.623,190.7435,190.921
2024-11-27T10:00:00+00:00,190.9195,191.6485,190.6945,191.6245
2024-11-27T14:00:00+00:00,191.625,191.89,190.8945,191.087
2024-11-27T18:00:00+00:00,191.0835,191.695,190.9955,191.623
2024-11-27T22:00:00+00:00,191.5605,192.258,191.347,191.905
2024-11-28T02:00:00+00:00,191.9065,192.1425,191.799,191.924
2024-11-28T06:00:00+00:00,191.9225,192.275,191.6045,192.1605
2024-11-28T10:00:00+00:00,192.161,192.4765,191.9145,191.9465
2024-11-28T14:00:00+00:00,191.946,192.2555,191.8265,192.2065
2024-11-28T18:00:00+00:00,192.2065,192.3185,192.139,192.2585
2024-11-28T22:00:00+00:00,192.2165,192.3515,190.335,190.454
2024-11-29T02:00:00+00:00,190.455,191.1055,190.4505,190.733
2024-11-29T06:00:00+00:00,190.7265,190.989,190.5415,190.5975
2024-11-29T10:00:00+00:00,190.596,190.8065,190.1545,190.2395
2024-11-29T14:00:00+00:00,190.24,191.2565,190.184,190.3555
2024-11-29T18:00:00+00:00,190.358,190.8385,190.301,190.664
2024-12-01T22:00:00+00:00,190.5455,191.0665,190.2545,191.036
2024-12-02T02:00:00+00:00,191.0385,191.2945,190.946,191.215
2024-12-02T06:00:00+00:00,191.216,191.2205,190.279,190.9915
2024-12-02T10:00:00+00:00,190.991,191.109,190.0825,190.3765
2024-12-02T14:00:00+00:00,190.3755,190.4165,188.4785,189.1525
2024-12-02T18:00:00+00:00,189.156,189.399,189.0335,189.303
2024-12-02T22:00:00+00:00,189.2895,189.7045,189.169,189.538
2024-12-03T02:00:00+00:00,189.536,189.933,189.4045,189.7465
2024-12-03T06:00:00+00:00,189.7455,190.3825,189.66,189.929
2024-12-03T10:00:00+00:00,189.929,190.2485,188.5635,188.6005
2024-12-03T14:00:00+00:00,188.6015,189.4265,188.087,189.37
2024-12-03T18:00:00+00:00,189.369,189.628,189.065,189.5935
2024-12-03T22:00:00+00:00,189.608,190.0185,189.53,189.9195
2024-12-04T02:00:00+00:00,189.921,190.499,189.362,190.49
2024-12-04T06:00:00+00:00,190.489,191.0925,190.0735,190.9455
2024-12-04T10:00:00+00:00,190.944,191.5325,190.923,191.4195
2024-12-04T14:00:00+00:00,191.419,191.4795,190.743,190.965
2024-12-04T18:00:00+00:00,190.9655,191.3685,190.6905,191.304
2024-12-04T22:00:00+00:00,191.26,191.511,190.7045,191.1385
2024-12-05T02:00:00+00:00,191.1325,191.1435,190.428,190.6355
2024-12-05T06:00:00+00:00,190.6345,191.2265,190.3475,191.222
2024-12-05T10:00:00+00:00,191.22,192.075,190.922,192.0485
2024-12-05T14:00:00+00:00,192.047,192.219,191.202,191.3645
2024-12-05T18:00:00+00:00,191.3665,191.548,191.1645,191.523
2024-12-05T22:00:00+00:00,191.511,191.7015,191.1665,191.2245
2024-12-06T02:00:00+00:00,191.2225,191.303,190.926,191.0975
2024-12-06T06:00:00+00:00,191.0945,192.199,190.925,192.128
2024-12-06T10:00:00+00:00,192.13,192.3765,191.4885,191.494
2024-12-06T14:00:00+00:00,191.495,191.5765,190.7255,190.866
2024-12-06T18:00:00+00:00,190.865,191.2435,190.865,191.206
2024-12-08T22:00:00+00:00,191.083,191.389,190.72,190.972
2024-12-09T02:00:00+00:00,190.9715,191.1205,190.604,190.7585
2024-12-09T06:00:00+00:00,190.758,192.225,190.7575,192.065
2024-12-09T10:00:00+00:00,192.0655,192.914,192.047,192.8015
2024-12-09T14:00:00+00:00,192.802,193.4155,192.443,193.2575
2024-12-09T18:00:00+00:00,193.2585,193.261,192.65,192.801
2024-12-09T22:00:00+00:00,192.7805,193.1585,192.651,192.8865
2024-12-10T02:00:00+00:00,192.888,192.8885,192.459,192.5065
2024-12-10T06:00:00+00:00,192.5085,193.4115,192.4695,193.357
2024-12-10T10:00:00+00:00,193.358,193.6755,193.189,193.407
2024-12-10T14:00:00+00:00,193.4075,194.0085,193.3,193.8785
2024-12-10T18:00:00+00:00,193.8795,194.1225,193.8135,194.0535
2024-12-10T22:00:00+00:00,194.0475,194.1295,193.8105,193.855
2024-12-11T02:00:00+00:00,193.857,193.8775,193.432,193.727
2024-12-11T06:00:00+00:00,193.727,194.508,192.5275,194.3605
2024-12-11T10:00:00+00:00,194.3585,194.8195,194.015,194.4895
2024-12-11T14:00:00+00:00,194.4845,194.5425,193.8585,194.334
2024-12-11T18:00:00+00:00,194.333,194.5575,194.259,194.386
2024-12-11T22:00:00+00:00,194.3825,194.486,194.03,194.053
2024-12-12T02:00:00+00:00,194.051,194.7725,194.0285,194.6545
2024-12-12T06:00:00+00:00,194.6535,194.9985,194.464,194.592
2024-12-12T10:00:00+00:00,194.611,194.6735,193.37,193.5275
2024-12-12T14:00:00+00:00,193.5285,193.975,192.933,193.423
2024-12-12T18:00:00+00:00,193.4245,193.5795,193.2445,193.4425
2024-12-12T22:00:00+00:00,193.4415,193.867,193.2875,193.505
2024-12-13T02:00:00+00:00,193.5035,193.7845,193.3175,193.6265
2024-12-13T06:00:00+00:00,193.626,193.9935,192.859,193.913
2024-12-13T10:00:00+00:00,193.9135,194.464,193.8635,194.158
2024-12-13T14:00:00+00:00,194.158,194.304,193.6465,193.976
2024-12-13T18:00:00+00:00,193.9765,194.1115,193.855,193.968
2024-12-15T22:00:00+00:00,193.8075,194.4875,193.658,194.468
2024-12-16T02:00:00+00:00,194.4655,194.5695,194.126,194.1725
2024-12-16T06:00:00+00:00,194.174,194.753,193.8385,194.6225
2024-12-16T10:00:00+00:00,194.622,195.142,194.3795,195.0575
2024-12-16T14:00:00+00:00,195.061,195.891,194.935,195.501
2024-12-16T18:00:00+00:00,195.5015,195.66,195.3835,195.53
2024-12-16T22:00:00+00:00,195.458,195.9025,195.3515,195.546
2024-12-17T02:00:00+00:00,195.5465,195.593,195.216,195.3595
2024-12-17T06:00:00+00:00,195.3605,195.801,195.0155,195.1165
2024-12-17T10:00:00+00:00,195.118,195.5805,194.8315,195.3285
2024-12-17T14:00:00+00:00,195.3305,195.3465,194.659,194.9595
2024-12-17T18:00:00+00:00,194.959,195.2035,194.8345,195.116
2024-12-17T22:00:00+00:00,195.005,195.4815,194.9505,195.2285
2024-12-18T02:00:00+00:00,195.2275,195.3235,194.7625,194.7985
2024-12-18T06:00:00+00:00,194.7965,195.3665,194.7075,194.93
2024-12-18T10:00:00+00:00,194.929,195.776,194.9185,195.2525
2024-12-18T14:00:00+00:00,195.251,195.6115,195.0325,195.4375
2024-12-18T18:00:00+00:00,195.4385,195.7305,194.08,194.682
2024-12-18T22:00:00+00:00,194.6475,194.934,194.0665,194.698
2024-12-19T02:00:00+00:00,194.697,195.72,194.4465,195.362
2024-12-19T06:00:00+00:00,195.3615,198.9565,195.136,198.835
2024-12-19T10:00:00+00:00,198.835,198.839,197.2125,197.5825
2024-12-19T14:00:00+00:00,197.582,198.106,197.1475,197.2855
2024-12-19T18:00:00+00:00,197.284,197.4265,196.6135,196.8295
2024-12-19T22:00:00+00:00,196.822,197.3055,196.317,196.4375
2024-12-20T02:00:00+00:00,196.4375,196.4915,195.784,196.092
2024-12-20T06:00:00+00:00,196.094,196.4365,195.7535,195.9515
2024-12-20T10:00:00+00:00,195.951,196.6275,195.871,196.4975
2024-12-20T14:00:00+00:00,196.4965,196.7855,196.197,196.7035
2024-12-20T18:00:00+00:00,196.7025,196.794,196.4795,196.574
2024-12-22T22:00:00+00:00,196.4885,196.995,196.426,196.821
2024-12-23T02:00:00+00:00,196.813,197.0785,196.718,197.012
2024-12-23T06:00:00+00:00,197.013,197.0745,196.5835,196.9385
2024-12-23T10:00:00+00:00,196.937,196.97,196.448,196.8995
2024-12-23T14:00:00+00:00,196.8955,197.0395,196.619,196.7585
2024-12-23T18:00:00+00:00,196.7595,197.0315,196.7355,197.0095
2024-12-23T22:00:00+00:00,196.8935,197.073,196.73,196.821
2024-12-24T02:00:00+00:00,196.822,196.9925,196.614,196.757
2024-12-24T06:00:00+00:00,196.76,196.9215,196.636,196.805
2024-12-24T10:00:00+00:00,196.8035,197.4555,196.6725,197.432
2024-12-24T14:00:00+00:00,197.432,197.631,196.845,196.847
2024-12-24T18:00:00+00:00,196.8465,197.3445,196.812,197.125
2024-12-24T22:00:00+00:00,197.0005,197.2635,196.786,196.985
2024-12-25T02:00:00+00:00,196.9855,197.3785,196.742,197.3
2024-12-25T06:00:00+00:00,197.3145,197.5595,196.9585,197.1575
2024-12-25T22:00:00+00:00,197.391,197.5685,197.0285,197.432
2024-12-26T02:00:00+00:00,197.429,197.566,197.3375,197.39
2024-12-26T06:00:00+00:00,197.3905,197.482,197.027,197.278
2024-12-26T10:00:00+00:00,197.276,197.679,197.239,197.672
2024-12-26T14:00:00+00:00,197.671,197.888,197.4455,197.804
2024-12-26T18:00:00+00:00,197.8005,198.014,197.7625,197.9195
2024-12-26T22:00:00+00:00,197.758,197.898,197.4985,197.5365
2024-12-27T02:00:00+00:00,197.545,197.5685,197.217,197.5155
2024-12-27T06:00:00+00:00,197.5165,197.8295,197.3505,197.4775
2024-12-27T10:00:00+00:00,197.481,198.404,197.3765,198.4035
2024-12-27T14:00:00+00:00,198.4105,198.5075,198.028,198.2305
2024-12-27T18:00:00+00:00,198.23,198.72,198.198,198.518
2024-12-29T22:00:00+00:00,198.4825,198.734,198.223,198.5095
2024-12-30T02:00:00+00:00,198.51,198.736,198.3795,198.6055
2024-12-30T06:00:00+00:00,198.606,198.963,198.3,198.5585
2024-12-30T10:00:00+00:00,198.557,198.758,197.6545,197.6725
2024-12-30T14:00:00+00:00,197.6735,197.9675,196.3275,197.1295
2024-12-30T18:00:00+00:00,197.1275,197.2895,196.683,196.8685
2024-12-30T22:00:00+00:00,196.799,197.0525,196.3395,196.456
2024-12-31T02:00:00+00:00,196.456,196.4985,195.887,196.085
2024-12-31T06:00:00+00:00,196.086,196.7605,195.746,196.6545
2024-12-31T10:00:00+00:00,196.6555,196.8485,196.3795,196.7185
2024-12-31T14:00:00+00:00,196.721,197.1965,196.313,197.002
2024-12-31T18:00:00+00:00,196.9995,197.1335,196.682,196.7035
2025-01-01T22:00:00+00:00,196.818,197.5345,196.688,197.204
2025-01-02T02:00:00+00:00,197.204,197.2085,196.763,197.019
2025-01-02T06:00:00+00:00,197.019,197.02,195.5615,195.715
2025-01-02T10:00:00+00:00,195.723,196.0575,194.3715,194.535
2025-01-02T14:00:00+00:00,194.534,195.322,194.197,194.94
2025-01-02T18:00:00+00:00,194.946,195.1905,194.7885,195.0265
2025-01-02T22:00:00+00:00,194.893,195.0625,194.689,194.804
2025-01-03T02:00:00+00:00,194.802,195.157,194.763,194.9805
2025-01-03T06:00:00+00:00,194.981,195.186,194.6465,195.0885
2025-01-03T10:00:00+00:00,195.0855,195.2575,194.732,194.9375
2025-01-03T14:00:00+00:00,194.9365,195.3715,194.846,195.1795
2025-01-03T18:00:00+00:00,195.1785,195.542,195.1535,195.4425
2025-01-05T22:00:00+00:00,195.351,196.0745,195.1585,196.003
2025-01-06T02:00:00+00:00,196.004,196.358,195.9645,196.225
2025-01-06T06:00:00+00:00,196.2265,197.011,196.036,196.7905
2025-01-06T10:00:00+00:00,196.791,197.4165,195.9515,196.3065
2025-01-06T14:00:00+00:00,196.3055,197.4,195.8395,197.1735
2025-01-06T18:00:00+00:00,197.1745,197.414,196.9535,197.375
2025-01-06T22:00:00+00:00,197.2425,198.219,197.1595,198.201
2025-01-07T02:00:00+00:00,198.1995,198.2595,197.882,197.929
2025-01-07T06:00:00+00:00,197.9295,198.201,197.332,198.012
2025-01-07T10:00:00+00:00,198.0115,198.1675,197.52,197.76
2025-01-07T14:00:00+00:00,197.7585,197.9805,196.9915,197.1265
2025-01-07T18:00:00+00:00,197.1235,197.2765,196.878,197.2195
2025-01-07T22:00:00+00:00,197.1755,197.4425,197.0515,197.2295
2025-01-08T02:00:00+00:00,197.228,197.542,197.1925,197.533
2025-01-08T06:00:00+00:00,197.5315,197.551,196.7275,196.9195
2025-01-08T10:00:00+00:00,196.9205,197.1035,195.144,195.5045
2025-01-08T14:00:00+00:00,195.507,195.834,195.125,195.5545
2025-01-08T18:00:00+00:00,195.5535,196.0185,195.548,195.767
2025-01-08T22:00:00+00:00,195.703,195.8145,195.3465,195.4105
2025-01-09T02:00:00+00:00,195.4045,195.4545,194.5965,194.9165
2025-01-09T06:00:00+00:00,194.914,194.946,193.692,194.157
2025-01-09T10:00:00+00:00,194.1575,194.305,193.4845,193.9305
2025-01-09T14:00:00+00:00,193.9305,194.608,193.924,194.492
2025-01-09T18:00:00+00:00,194.49,194.715,194.4405,194.6215
2025-01-09T22:00:00+00:00,194.599,194.768,194.238,194.555
2025-01-10T02:00:00+00:00,194.5565,194.777,194.4315,194.47
2025-01-10T06:00:00+00:00,194.4655,194.7425,193.693,194.295
2025-01-10T10:00:00+00:00,194.2955,194.7035,193.6775,193.935
2025-01-10T14:00:00+00:00,193.934,193.9955,192.207,192.7065
2025-01-10T18:00:00+00:00,192.708,192.914,192.5205,192.56
2025-01-12T22:00:00+00:00,192.5345,192.764,191.715,191.948
2025-01-13T02:00:00+00:00,191.948,192.1395,190.85,191.208
2025-01-13T06:00:00+00:00,191.2075,191.742,190.079,190.2075
2025-01-13T10:00:00+00:00,190.206,191.1125,190.152,190.871
2025-01-13T14:00:00+00:00,190.8655,191.7705,190.648,191.5335
2025-01-13T18:00:00+00:00,191.5355,192.225,191.4045,192.176
2025-01-13T22:00:00+00:00,192.153,192.9255,191.8235,192.2575
2025-01-14T02:00:00+00:00,192.258,192.6795,192.075,192.293
2025-01-14T06:00:00+00:00,192.298,192.7905,192.1495,192.345
2025-01-14T10:00:00+00:00,192.343,192.5405,191.4905,191.7505
2025-01-14T14:00:00+00:00,191.751,192.8555,191.666,192.6935
2025-01-14T18:00:00+00:00,192.694,193.005,192.5615,192.9715
2025-01-14T22:00:00+00:00,192.972,193.076,192.582,192.6385
2025-01-15T02:00:00+00:00,192.638,192.717,191.8595,191.9255
2025-01-15T06:00:00+00:00,191.9255,192.158,191.263,191.666
2025-01-15T10:00:00+00:00,191.665,192.4485,191.55,192.338
2025-01-15T14:00:00+00:00,192.335,192.4,191.096,191.222
2025-01-15T18:00:00+00:00,191.224,191.62,191.185,191.5625
2025-01-15T22:00:00+00:00,191.3775,191.549,190.14,190.2275
2025-01-16T02:00:00+00:00,190.23,190.644,189.8305,190.6005
2025-01-16T06:00:00+00:00,190.601,190.937,189.7965,189.896
2025-01-16T10:00:00+00:00,189.8965,190.542,189.7835,190.1645
2025-01-16T14:00:00+00:00,190.1655,190.521,189.8835,190.0015
2025-01-16T18:00:00+00:00,189.9995,190.0945,189.779,189.8665
2025-01-16T22:00:00+00:00,189.9755,190.211,189.6215,189.8695
2025-01-17T02:00:00+00:00,189.8685,190.232,189.8565,190.0585
2025-01-17T06:00:00+00:00,190.059,190.1605,189.336,189.9375
2025-01-17T10:00:00+00:00,189.9395,190.1795,189.492,189.655
2025-01-17T14:00:00+00:00,189.657,190.6105,189.4295,190.218
2025-01-17T18:00:00+00:00,190.217,190.281,189.9695,190.208
2025-01-19T22:00:00+00:00,190.276,190.465,189.89,190.1075
2025-01-20T02:00:00+00:00,190.1075,190.5615,189.991,190.5585
2025-01-20T06:00:00+00:00,190.5585,190.879,190.1345,190.3245
2025-01-20T10:00:00+00:00,190.3255,191.6635,190.3145,191.5215
2025-01-20T14:00:00+00:00,191.5185,191.661,191.1575,191.394
2025-01-20T18:00:00+00:00,191.399,192.018,191.3265,191.8685
2025-01-20T22:00:00+00:00,191.862,191.9695,190.867,190.936
2025-01-21T02:00:00+00:00,190.935,190.9985,190.483,190.6705
2025-01-21T06:00:00+00:00,190.676,191.1435,190.581,190.95
2025-01-21T10:00:00+00:00,190.9505,191.1055,190.6525,190.9215
2025-01-21T14:00:00+00:00,190.9285,191.8315,190.835,191.7655
2025-01-21T18:00:00+00:00,191.765,192.2095,191.7055,192.126
2025-01-21T22:00:00+00:00,191.9835,192.2965,191.872,192.003
2025-01-22T02:00:00+00:00,192.003,192.4265,191.9595,192.3575
2025-01-22T06:00:00+00:00,192.3575,192.49,191.7025,192.479
2025-01-22T10:00:00+00:00,192.478,192.7605,192.391,192.4545
2025-01-22T14:00:00+00:00,192.451,193.0155,192.268,192.977
2025-01-22T18:00:00+00:00,192.978,193.0105,192.7505,192.787
2025-01-22T22:00:00+00:00,192.7625,192.866,192.527,192.7255
2025-01-23T02:00:00+00:00,192.7245,193.0095,192.5555,192.9325
2025-01-23T06:00:00+00:00,192.933,192.988,192.3985,192.614
2025-01-23T10:00:00+00:00,192.6155,192.89,192.3845,192.4975
2025-01-23T14:00:00+00:00,192.494,192.939,192.2835,192.905
2025-01-23T18:00:00+00:00,192.9055,192.9075,192.5285,192.763
2025-01-23T22:00:00+00:00,192.882,193.131,192.629,193.1215
2025-01-24T02:00:00+00:00,193.124,193.7095,192.0775,192.6445
2025-01-24T06:00:00+00:00,192.643,193.4245,192.088,193.3585
2025-01-24T10:00:00+00:00,193.36,194.265,193.3235,194.067
2025-01-24T14:00:00+00:00,194.0685,194.598,193.947,194.4945
2025-01-24T18:00:00+00:00,194.495,194.776,194.4445,194.722
2025-01-26T22:00:00+00:00,194.2475,194.367,193.474,193.565
2025-01-27T02:00:00+00:00,193.569,194.317,193.4705,194.254
2025-01-27T06:00:00+00:00,194.254,194.652,192.6015,193.0415
2025-01-27T10:00:00+00:00,193.04,193.151,192.1595,192.7965
2025-01-27T14:00:00+00:00,192.801,193.075,192.173,192.478
2025-01-27T18:00:00+00:00,192.477,193.2795,192.425,193.1295
2025-01-27T22:00:00+00:00,193.053,193.7625,192.7155,193.5975
2025-01-28T02:00:00+00:00,193.586,193.971,193.512,193.774
2025-01-28T06:00:00+00:00,193.7735,194.03,193.337,193.5065
2025-01-28T10:00:00+00:00,193.505,193.5705,192.938,193.183
2025-01-28T14:00:00+00:00,193.1825,193.7775,192.775,193.3985
2025-01-28T18:00:00+00:00,193.4,193.607,193.309,193.506
2025-01-28T22:00:00+00:00,193.4425,193.7535,193.377,193.6475
2025-01-29T02:00:00+00:00,193.647,193.7645,193.0435,193.0575
2025-01-29T06:00:00+00:00,193.0645,193.5195,192.8855,192.9515
2025-01-29T10:00:00+00:00,192.951,193.1245,192.488,192.694
2025-01-29T14:00:00+00:00,192.6925,193.191,192.5165,192.926
2025-01-29T18:00:00+00:00,192.9295,193.365,192.8575,193.299
2025-01-29T22:00:00+00:00,193.1005,193.3115,192.304,192.5255
2025-01-30T02:00:00+00:00,192.527,192.554,192.1255,192.307
2025-01-30T06:00:00+00:00,192.3065,192.5985,192.0015,192.1875
2025-01-30T10:00:00+00:00,192.184,192.276,191.4475,191.8845
2025-01-30T14:00:00+00:00,191.881,192.432,191.757,192.018
2025-01-30T18:00:00+00:00,192.0165,192.3615,191.4875,191.5835
2025-01-30T22:00:00+00:00,191.543,191.832,191.1955,191.3655
2025-01-31T02:00:00+00:00,191.3695,192.3205,191.232,192.174
2025-01-31T06:00:00+00:00,192.1745,192.4695,191.618,192.183
2025-01-31T10:00:00+00:00,192.1845,192.5585,191.8495,192.1615
2025-01-31T14:00:00+00:00,192.164,193.037,191.6005,192.744
2025-01-31T18:00:00+00:00,192.7425,192.9455,192.0595,192.332
2025-02-02T22:00:00+00:00,190.278,191.6725,190.278,191.3365
2025-02-03T02:00:00+00:00,191.336,191.387,190.611,191.0035
2025-02-03T06:00:00+00:00,191.0085,191.581,190.5115,190.5445
2025-02-03T10:00:00+00:00,190.546,191.34,190.2505,191.228
2025-02-03T14:00:00+00:00,191.231,192.3125,190.028,191.683
2025-02-03T18:00:00+00:00,191.6825,192.856,191.467,192.6835
2025-02-03T22:00:00+00:00,192.533,193.1715,192.4205,192.671
2025-02-04T02:00:00+00:00,192.6715,192.868,191.7765,192.4795
2025-02-04T06:00:00+00:00,192.4795,193.175,192.398,193.013
2025-02-04T10:00:00+00:00,193.0155,193.1365,192.559,192.969
2025-02-04T14:00:00+00:00,192.971,193.1115,192.4775,192.569
2025-02-04T18:00:00+00:00,192.567,192.69,192.455,192.599
2025-02-04T22:00:00+00:00,192.604,192.7795,191.488,191.5515
2025-02-05T02:00:00+00:00,191.5485,191.5895,191.001,191.2925
2025-02-05T06:00:00+00:00,191.2905,191.7365,191.028,191.3265
2025-02-05T10:00:00+00:00,191.3265,191.8235,191.114,191.5355
2025-02-05T14:00:00+00:00,191.5365,191.8425,190.294,190.5015
2025-02-05T18:00:00+00:00,190.499,190.9805,190.455,190.856
2025-02-05T22:00:00+00:00,190.7875,190.9695,189.9035,190.1465
2025-02-06T02:00:00+00:00,190.1455,190.4765,189.9765,190.2815
2025-02-06T06:00:00+00:00,190.2805,190.602,189.603,189.6915
2025-02-06T10:00:00+00:00,189.6925,189.761,188.2505,188.334
2025-02-06T14:00:00+00:00,188.332,189.108,188.2805,188.954
2025-02-06T18:00:00+00:00,188.956,189.0355,188.0705,188.3335
2025-02-06T22:00:00+00:00,188.2615,188.479,187.658,188.4335
2025-02-07T02:00:00+00:00,188.4335,188.6935,188.336,188.4615
2025-02-07T06:00:00+00:00,188.461,189.282,188.313,189.164
2025-02-07T10:00:00+00:00,189.163,189.585,188.681,188.885
2025-02-07T14:00:00+00:00,188.8845,189.165,187.054,188.1095
2025-02-07T18:00:00+00:00,188.109,188.309,187.683,187.768
2025-02-09T22:00:00+00:00,187.267,188.4595,187.134,188.236
2025-02-10T02:00:00+00:00,188.236,188.647,188.188,188.4335
2025-02-10T06:00:00+00:00,188.435,189.147,188.256,188.8555
2025-02-10T10:00:00+00:00,188.8525,188.9915,188.124,188.1715
2025-02-10T14:00:00+00:00,188.17,188.177,187.6225,188.0165
2025-02-10T18:00:00+00:00,188.016,188.0955,187.8735,187.9825
2025-02-10T22:00:00+00:00,188.066,188.121,187.4205,187.8915
2025-02-11T02:00:00+00:00,187.8915,187.8995,187.5815,187.8395
2025-02-11T06:00:00+00:00,187.8405,188.054,187.254,187.8895
2025-02-11T10:00:00+00:00,187.8915,188.9345,187.862,188.8345
2025-02-11T14:00:00+00:00,188.835,189.46,188.7685,189.297
2025-02-11T18:00:00+00:00,189.2945,189.927,189.2115,189.788
2025-02-11T22:00:00+00:00,189.5515,191.0825,189.4915,191.0815
2025-02-12T02:00:00+00:00,191.0825,191.391,190.989,191.0855
2025-02-12T06:00:00+00:00,191.085,191.7445,190.8485,191.0775
2025-02-12T10:00:00+00:00,191.075,191.411,190.784,191.3085
2025-02-12T14:00:00+00:00,191.309,192.6845,191.065,192.6005
2025-02-12T18:00:00+00:00,192.5985,192.6625,192.0275,192.1445
2025-02-12T22:00:00+00:00,192.1125,192.461,191.928,192.156
2025-02-13T02:00:00+00:00,192.156,192.9585,192.0825,192.5755
2025-02-13T06:00:00+00:00,192.581,193.061,192.035,192.343
2025-02-13T10:00:00+00:00,192.34,192.542,191.2915,191.453
2025-02-13T14:00:00+00:00,191.4525,192.258,191.177,191.7965
2025-02-13T18:00:00+00:00,191.795,192.04,191.2665,192.0075
2025-02-13T22:00:00+00:00,191.9925,192.3525,191.535,191.689
2025-02-14T02:00:00+00:00,191.6925,192.1185,191.4825,191.593
2025-02-14T06:00:00+00:00,191.586,192.4,191.4925,191.9815
2025-02-14T10:00:00+00:00,191.9825,192.5075,191.698,191.792
2025-02-14T14:00:00+00:00,191.794,192.265,191.6385,192.036
2025-02-14T18:00:00+00:00,192.0345,192.093,191.6235,191.681
2025-02-16T22:00:00+00:00,191.672,191.7685,190.9525,191.387
2025-02-17T02:00:00+00:00,191.387,191.4085,190.712,190.75
2025-02-17T06:00:00+00:00,190.7495,191.372,190.7115,191.1455
2025-02-17T10:00:00+00:00,191.157,191.219,190.6875,190.757
2025-02-17T14:00:00+00:00,190.7575,191.195,190.6365,191.089
2025-02-17T18:00:00+00:00,191.089,191.317,191.0515,191.27
2025-02-17T22:00:00+00:00,191.2225,191.382,190.8435,191.2685
2025-02-18T02:00:00+00:00,191.2695,191.753,191.223,191.499
2025-02-18T06:00:00+00:00,191.4995,191.95,191.3405,191.4325
2025-02-18T10:00:00+00:00,191.4415,191.453,190.931,191.025
2025-02-18T14:00:00+00:00,191.024,191.523,190.933,191.4445
2025-02-18T18:00:00+00:00,191.4455,191.839,191.335,191.7965
2025-02-18T22:00:00+00:00,191.7935,192.2005,191.3455,191.9035
2025-02-19T02:00:00+00:00,191.901,192.12,191.4165,191.5855
2025-02-19T06:00:00+00:00,191.586,191.738,191.0705,191.157
2025-02-19T10:00:00+00:00,191.1555,191.302,190.906,191.002
2025-02-19T14:00:00+00:00,191.0035,191.052,190.4555,190.7455
2025-02-19T18:00:00+00:00,190.744,190.8315,190.5235,190.6505
2025-02-19T22:00:00+00:00,190.646,190.6765,189.5025,189.5535
2025-02-20T02:00:00+00:00,189.553,189.8695,189.1665,189.4195
2025-02-20T06:00:00+00:00,189.42,189.738,188.798,189.603
2025-02-20T10:00:00+00:00,189.6025,189.6025,188.928,189.3045
2025-02-20T14:00:00+00:00,189.305,189.462,188.6885,189.1195
2025-02-20T18:00:00+00:00,189.1185,189.791,189.1065,189.578
2025-02-20T22:00:00+00:00,189.4475,190.403,189.198,190.276
2025-02-21T02:00:00+00:00,190.2765,190.926,190.166,190.3605
2025-02-21T06:00:00+00:00,190.356,190.944,190.02,190.352
2025-02-21T10:00:00+00:00,190.35,190.406,189.9465,190.239
2025-02-21T14:00:00+00:00,190.2395,190.2985,188.6395,188.682
2025-02-21T18:00:00+00:00,188.6825,188.685,188.1495,188.592
2025-02-23T22:00:00+00:00,188.583,189.2425,188.512,189.211
2025-02-24T02:00:00+00:00,189.2165,189.591,189.0775,189.3615
2025-02-24T06:00:00+00:00,189.3605,189.439,188.474,189.0185
2025-02-24T10:00:00+00:00,189.0155,189.521,188.8855,189.379
2025-02-24T14:00:00+00:00,189.3785,189.473,188.2275,189.074
2025-02-24T18:00:00+00:00,189.068,189.3205,188.893,189.034
2025-02-24T22:00:00+00:00,189.0355,189.669,188.9045,189.4145
2025-02-25T02:00:00+00:00,189.4145,189.4665,188.8435,189.195
2025-02-25T06:00:00+00:00,189.1955,189.3015,188.1725,188.855
2025-02-25T10:00:00+00:00,188.8545,189.7465,188.815,189.347
2025-02-25T14:00:00+00:00,189.3475,189.4145,188.1635,188.779
2025-02-25T18:00:00+00:00,188.7775,189.127,188.669,188.7725
2025-02-25T22:00:00+00:00,188.68,189.026,188.4,188.99
2025-02-26T02:00:00+00:00,188.993,189.229,188.823,188.8685
2025-02-26T06:00:00+00:00,188.8695,189.253,188.7285,188.9955
2025-02-26T10:00:00+00:00,188.9975,189.363,188.781,189.2235
2025-02-26T14:00:00+00:00,189.2215,189.862,189.018,189.194
2025-02-26T18:00:00+00:00,189.192,189.291,188.627,188.988
2025-02-26T22:00:00+00:00,189.058,189.2125,188.575,189.1585
2025-02-27T02:00:00+00:00,189.165,189.193,188.628,188.9945
2025-02-27T06:00:00+00:00,188.995,190.11,188.8925,189.9815
2025-02-27T10:00:00+00:00,189.985,190.109,188.9995,189.1465
2025-02-27T14:00:00+00:00,189.1445,189.705,188.87,189.1525
2025-02-27T18:00:00+00:00,189.1525,189.6095,188.6175,188.775
2025-02-27T22:00:00+00:00,188.7795,189.139,188.028,188.039
2025-02-28T02:00:00+00:00,188.0405,188.624,187.6855,188.5755
2025-02-28T06:00:00+00:00,188.5795,189.8865,188.4995,189.249
2025-02-28T10:00:00+00:00,189.246,190.2285,189.2215,189.8605
2025-02-28T14:00:00+00:00,189.86,190.32,189.09,189.3105
2025-02-28T18:00:00+00:00,189.3035,189.4875,188.8015,189.452
2025-03-02T22:00:00+00:00,189.73,190.3155,189.5465,189.65
2025-03-03T02:00:00+00:00,189.65,189.7575,189.302,189.5995
2025-03-03T06:00:00+00:00,189.5985,189.9065,188.819,189.874
2025-03-03T10:00:00+00:00,190.462,191.982,190.3835,191.4235
2025-03-03T14:00:00+00:00,191.428,191.5565,190.548,190.9775
2025-03-03T18:00:00+00:00,190.975,191.0625,189.0945,189.873
2025-03-03T22:00:00+00:00,189.9465,190.178,188.8,189.111
2025-03-04T02:00:00+00:00,189.1105,189.7165,188.9685,189.653
2025-03-04T06:00:00+00:00,189.654,190.1225,189.1345,189.663
2025-03-04T10:00:00+00:00,189.6625,189.6625,188.542,188.561
2025-03-04T14:00:00+00:00,188.5605,189.734,188.2495,189.5545
2025-03-04T18:00:00+00:00,189.5565,191.78,189.5085,191.6945
2025-03-04T22:00:00+00:00,191.542,192.097,191.245,191.6315
2025-03-05T02:00:00+00:00,191.6335,191.8375,191.182,191.573
2025-03-05T06:00:00+00:00,191.568,192.331,191.3005,191.735
2025-03-05T10:00:00+00:00,191.741,192.002,190.8795,191.082
2025-03-05T14:00:00+00:00,191.083,191.882,190.894,191.731
2025-03-05T18:00:00+00:00,191.7305,192.2365,191.5,191.988
2025-03-05T22:00:00+00:00,191.898,192.556,191.716,192.2805
2025-03-06T02:00:00+00:00,192.281,192.526,192.135,192.163
2025-03-06T06:00:00+00:00,192.162,192.1865,190.2775,190.4265
2025-03-06T10:00:00+00:00,190.4265,190.702,189.886,190.1285
2025-03-06T14:00:00+00:00,190.1315,191.513,189.924,190.6345
2025-03-06T18:00:00+00:00,190.633,190.8055,190.1635,190.6295
2025-03-06T22:00:00+00:00,190.672,190.886,190.2305,190.5565
2025-03-07T02:00:00+00:00,190.5545,190.6645,189.991,189.993
2025-03-07T06:00:00+00:00,189.994,190.8865,189.925,190.7685
2025-03-07T10:00:00+00:00,190.7695,191.048,189.883,189.9635
2025-03-07T14:00:00+00:00,189.964,191.0445,189.6625,190.3735
2025-03-07T18:00:00+00:00,190.3715,191.4325,190.3565,191.3045
2025-03-09T21:00:00+00:00,191.117,191.209,190.51,190.5735
2025-03-10T01:00:00+00:00,190.5745,190.787,190.3015,190.5645
2025-03-10T05:00:00+00:00,190.5655,190.9175,189.4705,189.5475
2025-03-10T09:00:00+00:00,189.545,190.2555,189.4685,190.1525
2025-03-10T13:00:00+00:00,190.154,190.429,189.3095,189.889
2025-03-10T17:00:00+00:00,189.8885,189.9605,189.1875,189.635
2025-03-10T21:00:00+00:00,189.625,189.7165,188.8025,189.099
2025-03-11T01:00:00+00:00,189.0965,189.82,188.797,189.519
2025-03-11T05:00:00+00:00,189.5135,190.51,189.3955,190.449
2025-03-11T09:00:00+00:00,190.449,191.4775,190.32,191.289
2025-03-11T13:00:00+00:00,191.2875,191.593,190.3155,190.556
2025-03-11T17:00:00+00:00,190.557,191.6865,190.2285,191.3845
2025-03-11T21:00:00+00:00,191.404,191.7555,191.182,191.6265
2025-03-12T01:00:00+00:00,191.627,191.646,191.252,191.4685
2025-03-12T05:00:00+00:00,191.4725,192.177,191.2965,191.9825
2025-03-12T09:00:00+00:00,191.9855,193.1115,191.9235,193.0195
2025-03-12T13:00:00+00:00,193.0205,193.0775,191.835,192.3655
2025-03-12T17:00:00+00:00,192.3685,192.4675,192.0645,192.2295
2025-03-12T21:00:00+00:00,192.1055,192.3475,191.984,192.0595
2025-03-13T01:00:00+00:00,192.0605,192.312,191.5625,191.6455
2025-03-13T05:00:00+00:00,191.6475,191.691,191.1685,191.528
2025-03-13T09:00:00+00:00,191.5235,192.09,191.1985,191.6725
2025-03-13T13:00:00+00:00,191.672,191.936,190.9895,191.0785
2025-03-13T17:00:00+00:00,191.0775,191.512,190.741,191.45
2025-03-13T21:00:00+00:00,191.4975,192.1305,191.333,191.972
2025-03-14T01:00:00+00:00,191.9725,192.206,191.746,192.1735
2025-03-14T05:00:00+00:00,192.1715,192.6725,192.0625,192.5475
2025-03-14T09:00:00+00:00,192.546,192.7565,192.1865,192.393
2025-03-14T13:00:00+00:00,192.3905,192.694,191.4615,191.757
2025-03-14T17:00:00+00:00,191.7465,192.3425,191.741,192.26
2025-03-16T21:00:00+00:00,192.407,192.5365,191.9685,192.3875
2025-03-17T01:00:00+00:00,192.387,192.807,192.158,192.7835
2025-03-17T05:00:00+00:00,192.7845,192.8565,192.369,192.7395
2025-03-17T09:00:00+00:00,192.7485,193.1945,192.405,193.0475
2025-03-17T13:00:00+00:00,193.0515,193.4875,192.768,193.2145
2025-03-17T17:00:00+00:00,193.216,193.968,193.1355,193.85
2025-03-17T21:00:00+00:00,193.853,194.1005,193.7055,194.0575
2025-03-18T01:00:00+00:00,194.065,194.2755,193.9545,194.0895
2025-03-18T05:00:00+00:00,194.0915,194.907,194.038,194.6325
2025-03-18T09:00:00+00:00,194.634,194.802,194.0645,194.3415
2025-03-18T13:00:00+00:00,194.342,194.45,193.8115,194.2285
2025-03-18T17:00:00+00:00,194.2285,194.2515,193.861,194.0715
2025-03-18T21:00:00+00:00,194.0705,194.502,193.961,194.435
2025-03-19T01:00:00+00:00,194.44,194.483,193.949,194.211
2025-03-19T05:00:00+00:00,194.212,194.6985,193.26,194.1255
2025-03-19T09:00:00+00:00,194.1265,194.5145,193.955,194.228
2025-03-19T13:00:00+00:00,194.226,194.712,194.124,194.5355
2025-03-19T17:00:00+00:00,194.536,194.5535,193.2445,193.3595
2025-03-19T21:00:00+00:00,193.3565,193.6055,192.887,192.9305
2025-03-20T01:00:00+00:00,192.929,193.121,192.7585,192.95
2025-03-20T05:00:00+00:00,192.949,192.953,192.5055,192.692
2025-03-20T09:00:00+00:00,192.6925,192.7675,192.061,192.4065
2025-03-20T13:00:00+00:00,192.4045,193.2265,192.1805,192.863
2025-03-20T17:00:00+00:00,192.8615,193.0415,192.7105,192.9185
2025-03-20T21:00:00+00:00,192.9155,193.2055,192.6685,193.159
2025-03-21T01:00:00+00:00,193.159,193.435,193.019,193.345
2025-03-21T05:00:00+00:00,193.344,193.595,192.9545,193.443
2025-03-21T09:00:00+00:00,193.4465,193.45,192.309,192.332
2025-03-21T13:00:00+00:00,192.3325,192.8365,192.0195,192.826
2025-03-21T17:00:00+00:00,192.8255,193.021,192.59,192.876
2025-03-23T21:00:00+00:00,192.659,193.7175,192.5515,193.6745
2025-03-24T01:00:00+00:00,193.674,193.794,193.371,193.454
2025-03-24T05:00:00+00:00,193.456,194.0105,193.3605,193.8115
2025-03-24T09:00:00+00:00,193.812,194.0305,193.555,193.933
2025-03-24T13:00:00+00:00,193.9325,194.7335,193.6625,194.297
2025-03-24T17:00:00+00:00,194.2935,194.7905,194.1735,194.757
2025-03-24T21:00:00+00:00,194.7595,195.006,194.6465,194.971
2025-03-25T01:00:00+00:00,194.968,194.9695,194.553,194.579
2025-03-25T05:00:00+00:00,194.5775,194.646,194.309,194.4985
2025-03-25T09:00:00+00:00,194.492,194.664,194.127,194.285
2025-03-25T13:00:00+00:00,194.285,194.2925,193.631,194.0685
2025-03-25T17:00:00+00:00,194.072,194.2355,193.897,194.0455
2025-03-25T21:00:00+00:00,194.046,194.29,193.9565,194.2325
2025-03-26T01:00:00+00:00,194.232,194.7275,194.0795,194.727
2025-03-26T05:00:00+00:00,194.726,194.793,193.473,193.766
2025-03-26T09:00:00+00:00,193.7645,193.993,193.529,193.909
2025-03-26T13:00:00+00:00,193.908,194.3775,193.6985,194.178
2025-03-26T17:00:00+00:00,194.1765,194.3485,193.6455,194.046
2025-03-26T21:00:00+00:00,194.0325,194.138,193.5065,193.9615
2025-03-27T01:00:00+00:00,193.9615,194.091,193.5555,194.072
2025-03-27T05:00:00+00:00,194.0725,194.67,193.9235,194.6635
2025-03-27T09:00:00+00:00,194.661,195.6115,194.623,195.1225
2025-03-27T13:00:00+00:00,195.121,195.927,194.826,195.6635
2025-03-27T17:00:00+00:00,195.665,195.9795,195.5595,195.592
2025-03-27T21:00:00+00:00,195.596,195.722,195.2475,195.4775
2025-03-28T01:00:00+00:00,195.474,195.505,195.131,195.2525
2025-03-28T05:00:00+00:00,195.253,195.3285,194.6445,194.892
2025-03-28T09:00:00+00:00,194.896,195.196,194.804,194.9905
2025-03-28T13:00:00+00:00,194.9945,195.3125,194.1825,194.269
2025-03-28T17:00:00+00:00,194.2685,194.286,193.734,193.92
2025-03-30T22:00:00+01:00,193.8635,193.951,193.039,193.487
2025-03-31T02:00:00+01:00,193.4875,193.614,192.738,193.1645
2025-03-31T06:00:00+01:00,193.1635,193.4145,192.758,192.9475
2025-03-31T10:00:00+01:00,192.9465,193.6225,192.779,193.475
2025-03-31T14:00:00+01:00,193.4745,193.6845,192.9165,193.471
2025-03-31T18:00:00+01:00,193.468,194.003,193.4485,193.719
2025-03-31T22:00:00+01:00,193.728,193.936,193.4705,193.555
2025-04-01T02:00:00+01:00,193.546,193.8445,193.388,193.496
2025-04-01T06:00:00+01:00,193.497,193.9155,193.0105,193.4605
2025-04-01T10:00:00+01:00,193.4625,193.6845,192.3005,192.5615
2025-04-01T14:00:00+01:00,192.5625,193.4865,192.213,193.2725
2025-04-01T18:00:00+01:00,193.271,193.407,192.785,193.338
2025-04-01T22:00:00+01:00,193.2825,193.7995,193.2045,193.396
2025-04-02T02:00:00+01:00,193.395,193.7655,193.364,193.656
2025-04-02T06:00:00+01:00,193.657,193.746,193.0905,193.3655
2025-04-02T10:00:00+01:00,193.3645,193.659,192.987,193.0875
2025-04-02T14:00:00+01:00,193.0865,194.838,193.001,194.8115
2025-04-02T18:00:00+01:00,194.809,195.7805,193.6575,194.1925
2025-04-02T22:00:00+01:00,193.758,193.806,192.309,192.8525
2025-04-03T02:00:00+01:00,192.851,193.2135,192.3265,192.688
2025-04-03T06:00:00+01:00,192.689,193.6715,192.3835,193.2465
2025-04-03T10:00:00+01:00,193.2365,193.3245,191.9085,191.966
2025-04-03T14:00:00+01:00,191.9645,192.2905,191.1505,191.5345
2025-04-03T18:00:00+01:00,191.537,191.887,191.152,191.3385
2025-04-03T22:00:00+01:00,191.367,191.632,190.6875,191.2335
2025-04-04T02:00:00+01:00,191.232,191.7635,190.387,190.4735
2025-04-04T06:00:00+01:00,190.474,191.1605,189.934,190.0845
2025-04-04T10:00:00+01:00,190.085,190.265,188.0035,189.296
2025-04-04T14:00:00+01:00,189.298,189.7095,187.5355,189.193
2025-04-04T18:00:00+01:00,189.198,190.304,188.8165,189.597
2025-04-06T22:00:00+01:00,186.7595,188.3025,186.1205,188.248
2025-04-07T02:00:00+01:00,188.25,188.7905,188.048,188.2175
2025-04-07T06:00:00+01:00,188.223,188.837,187.1285,188.203
2025-04-07T10:00:00+01:00,188.2055,188.9495,187.219,188.6875
2025-04-07T14:00:00+01:00,188.6855,190.102,187.5855,188.334
2025-04-07T18:00:00+01:00,188.3355,189.0955,187.9555,188.094
2025-04-07T22:00:00+01:00,188.211,188.5485,187.9635,188.229
2025-04-08T02:00:00+01:00,188.231,188.934,188.073,188.9325
2025-04-08T06:00:00+01:00,188.929,188.952,187.5205,188.0115
2025-04-08T10:00:00+01:00,188.0105,188.0505,187.246,187.588
2025-04-08T14:00:00+01:00,187.5855,188.7565,187.1285,187.16
2025-04-08T18:00:00+01:00,187.172,187.8835,186.5465,186.7365
2025-04-08T22:00:00+01:00,186.782,186.925,185.7205,186.3415
2025-04-09T02:00:00+01:00,186.3445,187.1605,185.805,186.3305
2025-04-09T06:00:00+01:00,186.3275,186.7225,185.578,186.3465
2025-04-09T10:00:00+01:00,186.3495,186.6795,184.409,184.7845
2025-04-09T14:00:00+01:00,184.783,185.4985,184.3765,185.0005
2025-04-09T18:00:00+01:00,184.996,189.833,184.4905,189.516
2025-04-09T22:00:00+01:00,189.2475,189.325,188.399,188.4625
2025-04-10T02:00:00+01:00,188.463,188.714,188.223,188.546
2025-04-10T06:00:00+01:00,188.5465,189.427,188.1145,188.2935
2025-04-10T10:00:00+01:00,188.293,188.371,187.6755,187.9995
2025-04-10T14:00:00+01:00,187.9975,188.041,186.358,187.237
2025-04-10T18:00:00+01:00,187.236,187.941,186.926,187.3495
2025-04-10T22:00:00+01:00,187.481,187.589,186.0735,186.6115
2025-04-11T02:00:00+01:00,186.6135,187.067,186.026,186.1105
2025-04-11T06:00:00+01:00,186.111,187.4915,186.1095,186.686
2025-04-11T10:00:00+01:00,186.6855,187.2895,186.172,187.0325
2025-04-11T14:00:00+01:00,187.0375,187.8225,186.648,187.661
2025-04-11T18:00:00+01:00,187.662,188.2055,187.5835,187.7925
2025-04-13T22:00:00+01:00,188.4525,188.6165,187.169,187.172
2025-04-14T02:00:00+01:00,187.1725,187.6495,186.585,187.446
2025-04-14T06:00:00+01:00,187.447,188.6555,187.2065,188.235
2025-04-14T10:00:00+01:00,188.2355,189.0095,188.19,188.8695
2025-04-14T14:00:00+01:00,188.872,189.208,188.1455,188.571
2025-04-14T18:00:00+01:00,188.5725,188.8275,188.379,188.5955
2025-04-14T22:00:00+01:00,188.6135,189.13,188.4855,189.053
2025-04-15T02:00:00+01:00,189.053,189.1195,188.713,188.9795
2025-04-15T06:00:00+01:00,188.9805,189.562,188.5525,189.066
2025-04-15T10:00:00+01:00,189.0645,189.3535,188.6475,188.93
2025-04-15T14:00:00+01:00,188.9315,189.3545,188.793,189.0605
2025-04-15T18:00:00+01:00,189.0575,189.595,189.034,189.535
2025-04-15T22:00:00+01:00,189.3745,189.549,189.085,189.204
2025-04-16T02:00:00+01:00,189.204,189.372,188.8425,189.1055
2025-04-16T06:00:00+01:00,189.1055,189.6685,188.5515,189.4485
2025-04-16T10:00:00+01:00,189.45,189.5815,188.8045,189.0615
2025-04-16T14:00:00+01:00,189.0575,189.134,188.526,188.5685
2025-04-16T18:00:00+01:00,188.565,188.6415,187.5695,187.7705
2025-04-16T22:00:00+01:00,187.8995,188.388,187.469,188.347
2025-04-17T02:00:00+01:00,188.348,188.653,188.238,188.4275
2025-04-17T06:00:00+01:00,188.427,189.3725,188.318,188.8645
2025-04-17T10:00:00+01:00,188.8635,189.092,188.286,188.5265
2025-04-17T14:00:00+01:00,188.5295,189.0115,188.0755,188.8435
2025-04-17T18:00:00+01:00,188.844,189.16,188.648,188.944
2025-04-17T22:00:00+01:00,188.972,189.1555,188.7405,189.106
2025-04-18T02:00:00+01:00,189.1065,189.1585,188.751,188.8455
2025-04-18T06:00:00+01:00,188.852,189.0255,188.7425,188.957
2025-04-18T10:00:00+01:00,188.958,189.0505,188.83,188.9555
2025-04-18T14:00:00+01:00,188.952,189.079,188.742,188.8895
2025-04-18T18:00:00+01:00,188.89,189.086,188.8005,189.002
2025-04-20T22:00:00+01:00,188.7155,188.859,188.244,188.4385
2025-04-21T02:00:00+01:00,188.4405,188.611,188.002,188.3975
2025-04-21T06:00:00+01:00,188.396,188.6295,188.2395,188.58
2025-04-21T10:00:00+01:00,188.58,188.8455,188.464,188.7105
2025-04-21T14:00:00+01:00,188.7065,188.8165,188.369,188.426
2025-04-21T18:00:00+01:00,188.4245,188.612,188.0325,188.5
2025-04-21T22:00:00+01:00,188.4105,188.7775,188.256,188.3305
2025-04-22T02:00:00+01:00,188.331,188.555,187.815,187.9015
2025-04-22T06:00:00+01:00,187.901,188.1625,187.59,188.1165
2025-04-22T10:00:00+01:00,188.1175,188.1895,187.469,187.918
2025-04-22T14:00:00+01:00,187.9205,188.76,187.9015,188.5935
2025-04-22T18:00:00+01:00,188.592,188.8735,188.2535,188.768
2025-04-22T22:00:00+01:00,188.7665,189.9955,188.614,189.0565
2025-04-23T02:00:00+01:00,189.0565,189.224,188.635,188.883
2025-04-23T06:00:00+01:00,188.8835,189.0625,188.257,188.796
2025-04-23T10:00:00+01:00,188.7955,189.1315,188.357,188.714
2025-04-23T14:00:00+01:00,188.7135,189.7245,188.6805,189.663
2025-04-23T18:00:00+01:00,189.6635,190.3165,189.561,190.121
2025-04-23T22:00:00+01:00,190.077,190.168,189.614,189.793
2025-04-24T02:00:00+01:00,189.7925,189.9645,189.407,189.438
2025-04-24T06:00:00+01:00,189.4385,189.831,189.3025,189.731
2025-04-24T10:00:00+01:00,189.7325,189.8435,189.319,189.4195
2025-04-24T14:00:00+01:00,189.424,190.174,189.39,190.132
2025-04-24T18:00:00+01:00,190.1325,190.394,190.055,190.251
2025-04-24T22:00:00+01:00,190.293,190.519,190.1125,190.3795
2025-04-25T02:00:00+01:00,190.379,191.0035,190.0585,190.8265
2025-04-25T06:00:00+01:00,190.8305,191.2475,190.4905,190.7815
2025-04-25T10:00:00+01:00,190.788,191.1315,190.5475,191.0755
2025-04-25T14:00:00+01:00,191.077,191.726,191.0715,191.5535
2025-04-25T18:00:00+01:00,191.5525,191.628,191.1535,191.2485
2025-04-27T22:00:00+01:00,191.105,191.3765,190.799,190.8455
2025-04-28T02:00:00+01:00,190.845,191.104,190.669,190.8395
2025-04-28T06:00:00+01:00,190.841,191.481,190.814,191.3395
2025-04-28T10:00:00+01:00,191.3315,191.5575,191.1215,191.26
2025-04-28T14:00:00+01:00,191.2605,191.465,190.8865,190.92
2025-04-28T18:00:00+01:00,190.918,191.05,190.7565,190.9135
2025-04-28T22:00:00+01:00,190.8435,191.173,190.7995,190.978
2025-04-29T02:00:00+01:00,190.979,191.192,190.9055,190.9315
2025-04-29T06:00:00+01:00,190.932,191.269,190.819,191.2335
2025-04-29T10:00:00+01:00,191.2375,191.3505,190.802,190.8275
2025-04-29T14:00:00+01:00,190.8255,190.8985,190.411,190.449
2025-04-29T18:00:00+01:00,190.448,190.96,190.399,190.875
2025-04-29T22:00:00+01:00,190.686,190.984,190.5565,190.8945
2025-04-30T02:00:00+01:00,190.8935,190.917,190.6305,190.843
2025-04-30T06:00:00+01:00,190.8425,191.2345,190.7775,191.0315
2025-04-30T10:00:00+01:00,191.0305,191.2645,190.583,190.6905
2025-04-30T14:00:00+01:00,190.6955,190.7155,189.9895,190.4275
2025-04-30T18:00:00+01:00,190.4265,190.8815,190.272,190.6965
2025-04-30T22:00:00+01:00,190.581,190.704,190.344,190.472
2025-05-01T02:00:00+01:00,190.47,191.3415,190.3835,191.269
2025-05-01T06:00:00+01:00,191.268,192.3055,191.264,192.172
2025-05-01T10:00:00+01:00,192.171,192.7885,192.088,192.693
2025-05-01T14:00:00+01:00,192.6905,193.3735,192.556,193.0955
2025-05-01T18:00:00+01:00,193.096,193.4615,192.982,193.058
2025-05-01T22:00:00+01:00,193.122,193.757,192.8815,193.707
2025-05-02T02:00:00+01:00,193.71,193.72,193.18,193.4885
2025-05-02T06:00:00+01:00,193.489,193.533,192.473,192.5085
2025-05-02T10:00:00+01:00,192.511,192.5975,191.845,192.243
2025-05-02T14:00:00+01:00,192.245,192.3085,191.4805,192.1815
2025-05-02T18:00:00+01:00,192.1795,192.641,192.0705,192.356
2025-05-04T22:00:00+01:00,191.922,192.315,191.8555,191.957
2025-05-05T02:00:00+01:00,191.9605,191.9605,191.5545,191.6555
2025-05-05T06:00:00+01:00,191.655,191.8225,191.258,191.329
2025-05-05T10:00:00+01:00,191.3265,191.698,191.2345,191.479
2025-05-05T14:00:00+01:00,191.4775,191.6335,191.0525,191.372
2025-05-05T18:00:00+01:00,191.3725,191.4185,191.0315,191.075
2025-05-05T22:00:00+01:00,191.039,191.221,190.8565,191.086
2025-05-06T02:00:00+01:00,191.08,191.356,190.937,191.173
2025-05-06T06:00:00+01:00,191.1725,191.345,190.457,190.583
2025-05-06T10:00:00+01:00,190.5815,191.2005,190.487,190.929
2025-05-06T14:00:00+01:00,190.9275,191.17,190.5705,190.6605
2025-05-06T18:00:00+01:00,190.6635,190.713,190.325,190.419
2025-05-06T22:00:00+01:00,190.4705,191.272,190.38,190.871
2025-05-07T02:00:00+01:00,190.876,191.229,190.7225,191.1755
2025-05-07T06:00:00+01:00,191.1765,191.512,190.878,191.1325
2025-05-07T10:00:00+01:00,191.1315,191.6265,191.0365,191.622
2025-05-07T14:00:00+01:00,191.6215,191.6705,191.237,191.434
2025-05-07T18:00:00+01:00,191.4335,191.4525,190.6665,191.182
2025-05-07T22:00:00+01:00,191.0975,191.3715,190.9905,191.267
2025-05-08T02:00:00+01:00,191.2745,191.793,191.105,191.689
2025-05-08T06:00:00+01:00,191.689,192.193,191.5385,192.11
2025-05-08T10:00:00+01:00,192.1115,193.105,191.724,192.784
2025-05-08T14:00:00+01:00,192.7845,193.4005,192.6205,193.3195
2025-05-08T18:00:00+01:00,193.316,193.5055,193.134,193.268
2025-05-08T22:00:00+01:00,193.178,193.4825,192.826,192.8995
2025-05-09T02:00:00+01:00,192.8975,192.956,192.5365,192.596
2025-05-09T06:00:00+01:00,192.595,192.7515,192.3545,192.6635
2025-05-09T10:00:00+01:00,192.6645,192.9785,192.502,192.97
2025-05-09T14:00:00+01:00,192.971,193.389,192.7545,193.327
2025-05-09T18:00:00+01:00,193.3225,193.474,193.2755,193.398
2025-05-11T22:00:00+01:00,193.9425,194.174,193.669,193.899
2025-05-12T02:00:00+01:00,193.9105,194.221,193.635,193.8825
2025-05-12T06:00:00+01:00,193.884,195.1805,193.846,194.9565
2025-05-12T10:00:00+01:00,194.9605,195.518,194.8475,195.375
2025-05-12T14:00:00+01:00,195.3765,195.803,195.175,195.713
2025-05-12T18:00:00+01:00,195.7115,195.7705,195.436,195.6125
2025-05-12T22:00:00+01:00,195.6125,195.6735,194.785,194.7985
2025-05-13T02:00:00+01:00,194.7985,195.125,194.7955,194.9815
2025-05-13T06:00:00+01:00,194.981,195.469,194.919,195.424
2025-05-13T10:00:00+01:00,195.428,196.059,195.404,195.9905
2025-05-13T14:00:00+01:00,195.991,196.341,195.4635,196.2095
2025-05-13T18:00:00+01:00,196.211,196.386,196.0775,196.216
2025-05-13T22:00:00+01:00,196.268,196.413,196.0215,196.202
2025-05-14T02:00:00+01:00,196.2005,196.2215,195.4515,195.505
2025-05-14T06:00:00+01:00,195.507,195.927,195.1255,195.2035
2025-05-14T10:00:00+01:00,195.2045,195.2375,194.446,194.8045
2025-05-14T14:00:00+01:00,194.806,195.282,194.2395,194.8525
2025-05-14T18:00:00+01:00,194.8535,194.8855,194.5515,194.607
2025-05-14T22:00:00+01:00,194.6695,194.6835,194.02,194.069
2025-05-15T02:00:00+01:00,194.0695,194.3115,193.8715,193.931
2025-05-15T06:00:00+01:00,193.932,193.9795,193.525,193.7075
2025-05-15T10:00:00+01:00,193.7055,194.2475,193.645,193.994
2025-05-15T14:00:00+01:00,193.9905,194.077,193.439,193.517
2025-05-15T18:00:00+01:00,193.5155,193.875,193.514,193.8265
2025-05-15T22:00:00+01:00,193.7495,193.935,193.062,193.1775
2025-05-16T02:00:00+01:00,193.1785,193.606,193.0405,193.5255
2025-05-16T06:00:00+01:00,193.5265,193.662,193.1485,193.322
2025-05-16T10:00:00+01:00,193.3225,193.5905,193.23,193.2885
2025-05-16T14:00:00+01:00,193.2915,193.755,193.213,193.6425
2025-05-16T18:00:00+01:00,193.6455,193.8085,193.3925,193.465
2025-05-18T22:00:00+01:00,192.9365,193.381,192.8305,192.913
2025-05-19T02:00:00+01:00,192.913,193.275,192.7735,193.2545
2025-05-19T06:00:00+01:00,193.255,193.752,193.018,193.68
2025-05-19T10:00:00+01:00,193.6795,194.0765,193.5645,193.9095
2025-05-19T14:00:00+01:00,193.9105,194.035,193.5675,193.6265
2025-05-19T18:00:00+01:00,193.6195,193.703,193.4395,193.5515
2025-05-19T22:00:00+01:00,193.558,194.2175,193.4225,194.0285
2025-05-20T02:00:00+01:00,194.0255,194.0275,193.4365,193.462
2025-05-20T06:00:00+01:00,193.463,193.548,192.923,193.2325
2025-05-20T10:00:00+01:00,193.231,193.3775,193.026,193.1825
2025-05-20T14:00:00+01:00,193.181,193.675,193.1615,193.638
2025-05-20T18:00:00+01:00,193.6375,193.716,193.3325,193.528
2025-05-20T22:00:00+01:00,193.5305,193.6125,193.088,193.3215
2025-05-21T02:00:00+01:00,193.322,193.4575,192.976,193.0555
2025-05-21T06:00:00+01:00,193.057,193.307,192.835,193.106
2025-05-21T10:00:00+01:00,193.101,193.206,192.58,192.8665
2025-05-21T14:00:00+01:00,192.8675,193.302,192.8,193.167
2025-05-21T18:00:00+01:00,193.1655,193.2195,192.608,192.8105
2025-05-21T22:00:00+01:00,192.8125,193.592,192.374,192.6085
2025-05-22T02:00:00+01:00,192.6075,192.742,192.288,192.44
2025-05-22T06:00:00+01:00,192.4405,192.577,191.8975,192.03
2025-05-22T10:00:00+01:00,192.0295,192.7465,191.9865,192.551
2025-05-22T14:00:00+01:00,192.5515,193.47,192.5395,193.248
2025-05-22T18:00:00+01:00,193.247,193.592,193.0885,193.2495
2025-05-22T22:00:00+01:00,193.2475,193.4175,192.944,193.222
2025-05-23T02:00:00+01:00,193.2165,193.3295,192.8215,192.977
2025-05-23T06:00:00+01:00,192.976,193.3655,192.843,193.283
2025-05-23T10:00:00+01:00,193.2845,193.5635,192.0745,192.7585
2025-05-23T14:00:00+01:00,192.7585,192.903,192.309,192.862
2025-05-23T18:00:00+01:00,192.863,193.0305,192.7565,193.0035
2025-05-25T22:00:00+01:00,192.795,193.542,192.6795,193.337
2025-05-26T02:00:00+01:00,193.336,193.7045,193.2645,193.642
2025-05-26T06:00:00+01:00,193.6425,194.0445,193.6165,193.83
2025-05-26T10:00:00+01:00,193.8285,193.9365,193.6855,193.8175
2025-05-26T14:00:00+01:00,193.8195,193.8235,193.5665,193.5965
2025-05-26T18:00:00+01:00,193.602,193.7565,193.5485,193.7455
2025-05-26T22:00:00+01:00,193.79,193.8745,193.1975,193.253
2025-05-27T02:00:00+01:00,193.2485,193.6525,193.063,193.6465
2025-05-27T06:00:00+01:00,193.6485,194.783,193.648,194.752
2025-05-27T10:00:00+01:00,194.7525,195.469,194.741,195.3285
2025-05-27T14:00:00+01:00,195.329,195.629,194.902,195.017
2025-05-27T18:00:00+01:00,195.0145,195.0145,194.8655,194.967
2025-05-27T22:00:00+01:00,194.914,195.145,194.5,194.793
2025-05-28T02:00:00+01:00,194.795,195.41,194.482,194.5745
2025-05-28T06:00:00+01:00,194.5755,194.8905,194.3855,194.591
2025-05-28T10:00:00+01:00,194.59,194.9035,194.4815,194.6535
2025-05-28T14:00:00+01:00,194.652,195.365,194.6515,195.274
2025-05-28T18:00:00+01:00,195.276,195.3085,194.9825,195.155
2025-05-28T22:00:00+01:00,195.0595,196.1935,194.953,196.188
2025-05-29T02:00:00+01:00,196.191,196.323,195.733,195.883
2025-05-29T06:00:00+01:00,195.882,196.181,195.459,195.534
2025-05-29T10:00:00+01:00,195.5355,195.672,194.907,195.006
2025-05-29T14:00:00+01:00,195.005,195.071,194.2945,194.5
2025-05-29T18:00:00+01:00,194.499,194.5995,194.37,194.538
2025-05-29T22:00:00+01:00,194.489,194.6385,193.8685,194.048
2025-05-30T02:00:00+01:00,194.047,194.0835,193.6325,193.6875
2025-05-30T06:00:00+01:00,193.6905,194.2195,193.6845,193.9795
2025-05-30T10:00:00+01:00,193.9805,194.191,193.3975,193.925
2025-05-30T14:00:00+01:00,193.9235,194.6675,193.6445,193.699
2025-05-30T18:00:00+01:00,193.6975,193.969,193.6775,193.822
2025-06-01T22:00:00+01:00,193.701,193.8085,193.456,193.6115
2025-06-02T02:00:00+01:00,193.6115,193.771,193.496,193.614
2025-06-02T06:00:00+01:00,193.6165,193.9035,193.4425,193.5765
2025-06-02T10:00:00+01:00,193.576,193.6065,193.106,193.432
2025-06-02T14:00:00+01:00,193.4335,193.5565,193.009,193.282
2025-06-02T18:00:00+01:00,193.2815,193.4215,193.2295,193.298
2025-06-02T22:00:00+01:00,193.276,193.431,192.992,193.3375
2025-06-03T02:00:00+01:00,193.335,193.8215,193.275,193.321
2025-06-03T06:00:00+01:00,193.3225,193.554,192.733,193.0055
2025-06-03T10:00:00+01:00,193.0075,193.689,192.9295,193.673
2025-06-03T14:00:00+01:00,193.6735,194.7845,193.591,194.6465
2025-06-03T18:00:00+01:00,194.6335,194.768,194.5295,194.642
2025-06-03T22:00:00+01:00,194.5075,194.818,194.424,194.78
2025-06-04T02:00:00+01:00,194.779,195.0425,194.5325,194.9225
2025-06-04T06:00:00+01:00,194.922,195.0965,194.537,194.8285
2025-06-04T10:00:00+01:00,194.831,195.2385,194.2345,194.4215
2025-06-04T14:00:00+01:00,194.4195,194.6875,193.476,193.5825
2025-06-04T18:00:00+01:00,193.584,193.671,193.442,193.5155
2025-06-04T22:00:00+01:00,193.5315,193.644,193.269,193.4545
2025-06-05T02:00:00+01:00,193.454,193.8025,193.4065,193.772
2025-06-05T06:00:00+01:00,193.7745,194.5255,193.722,194.3935
2025-06-05T10:00:00+01:00,194.3925,195.0365,194.0475,194.682
2025-06-05T14:00:00+01:00,194.6775,195.5055,194.424,195.011
2025-06-05T18:00:00+01:00,195.011,195.347,194.7735,194.8275
2025-06-05T22:00:00+01:00,194.8875,195.197,194.7055,195.1635
2025-06-06T02:00:00+01:00,195.166,195.274,195.002,195.2635
2025-06-06T06:00:00+01:00,195.2605,195.314,194.813,195.027
2025-06-06T10:00:00+01:00,195.028,195.784,194.9355,195.7675
2025-06-06T14:00:00+01:00,195.77,196.192,195.6875,195.9845
2025-06-06T18:00:00+01:00,195.984,196.0395,195.8455,195.952
2025-06-08T22:00:00+01:00,195.9905,196.134,195.741,196.1215
2025-06-09T02:00:00+01:00,196.121,196.1525,195.6685,195.7005
2025-06-09T06:00:00+01:00,195.7015,195.833,195.4645,195.6675
2025-06-09T10:00:00+01:00,195.666,196.001,195.4465,195.7835
2025-06-09T14:00:00+01:00,195.7815,195.9105,195.6895,195.7855
2025-06-09T18:00:00+01:00,195.7865,196.07,195.7325,195.9435
2025-06-09T22:00:00+01:00,195.969,196.054,195.766,195.8955
2025-06-10T02:00:00+01:00,195.896,196.4485,195.8545,196.2155
2025-06-10T06:00:00+01:00,196.2145,196.2155,194.7795,195.0995
2025-06-10T10:00:00+01:00,195.0975,195.395,195.0245,195.3735
2025-06-10T14:00:00+01:00,195.3755,195.8705,195.355,195.6925
2025-06-10T18:00:00+01:00,195.6915,195.7665,195.54,195.6025
2025-06-10T22:00:00+01:00,195.629,195.9295,195.397,195.5355
2025-06-11T02:00:00+01:00,195.5395,195.6255,195.2955,195.5485
2025-06-11T06:00:00+01:00,195.551,195.7985,195.4015,195.7605
2025-06-11T10:00:00+01:00,195.762,196.2515,195.5415,195.6635
2025-06-11T14:00:00+01:00,195.6575,196.2365,195.5705,195.956
2025-06-11T18:00:00+01:00,195.9545,196.087,195.6195,195.8795
2025-06-11T22:00:00+01:00,195.7825,195.892,195.532,195.6635
2025-06-12T02:00:00+01:00,195.6655,195.704,195.363,195.5175
2025-06-12T06:00:00+01:00,195.519,195.5555,194.7175,195.0765
2025-06-12T10:00:00+01:00,195.0785,195.2835,194.817,195.0225
2025-06-12T14:00:00+01:00,195.0195,195.525,194.891,195.192
2025-06-12T18:00:00+01:00,195.191,195.4645,195.06,195.326
2025-06-12T22:00:00+01:00,195.3275,195.5425,193.7665,194.1075
2025-06-13T02:00:00+01:00,194.112,194.6855,193.7875,194.427
2025-06-13T06:00:00+01:00,194.4275,195.0985,194.146,194.977
2025-06-13T10:00:00+01:00,194.975,195.436,194.942,195.294
2025-06-13T14:00:00+01:00,195.2955,195.979,195.012,195.8135
2025-06-13T18:00:00+01:00,195.8095,195.8095,195.0675,195.6255
2025-06-15T22:00:00+01:00,195.3525,196.069,195.0955,195.6155
2025-06-16T02:00:00+01:00,195.6215,195.7125,195.423,195.494
2025-06-16T06:00:00+01:00,195.494,196.1775,195.4075,195.8955
2025-06-16T10:00:00+01:00,195.905,196.0035,195.556,195.7265
2025-06-16T14:00:00+01:00,195.73,196.229,195.586,196.2015
2025-06-16T18:00:00+01:00,196.2005,196.692,196.151,196.5395
2025-06-16T22:00:00+01:00,196.428,196.8535,196.2435,196.8105
2025-06-17T02:00:00+01:00,196.8095,196.8105,196.058,196.257
2025-06-17T06:00:00+01:00,196.2575,196.631,195.9645,196.325
2025-06-17T10:00:00+01:00,196.3245,196.4895,195.9145,196.2525
2025-06-17T14:00:00+01:00,196.2515,196.3725,195.518,195.6385
2025-06-17T18:00:00+01:00,195.6375,195.699,194.9135,195.076
2025-06-17T22:00:00+01:00,195.059,195.353,194.913,195.1825
2025-06-18T02:00:00+01:00,195.184,195.2315,194.8525,194.9605
2025-06-18T06:00:00+01:00,194.962,195.3405,194.7785,195.0225
2025-06-18T10:00:00+01:00,195.0245,195.2445,194.6185,194.84
2025-06-18T14:00:00+01:00,194.8435,195.084,194.535,194.6985
2025-06-18T18:00:00+01:00,194.699,194.8385,194.338,194.773
2025-06-18T22:00:00+01:00,194.8365,194.8905,194.2525,194.368
2025-06-19T02:00:00+01:00,194.367,194.5665,194.0235,194.5145
2025-06-19T06:00:00+01:00,194.515,195.0885,194.3475,195.078
2025-06-19T10:00:00+01:00,195.0785,195.9605,195.004,195.627
2025-06-19T14:00:00+01:00,195.6265,195.739,195.2085,195.623
2025-06-19T18:00:00+01:00,195.625,195.9265,195.5845,195.9055
2025-06-19T22:00:00+01:00,195.764,196.0445,195.6855,195.9205
2025-06-20T02:00:00+01:00,195.9195,196.22,195.81,196.162
2025-06-20T06:00:00+01:00,196.1635,196.3355,195.6985,196.0645
2025-06-20T10:00:00+01:00,196.0625,196.6045,195.9205,196.5685
2025-06-20T14:00:00+01:00,196.5685,196.711,196.247,196.463
2025-06-20T18:00:00+01:00,196.4635,196.6505,196.3865,196.489
2025-06-22T22:00:00+01:00,196.64,196.772,196.1695,196.572
2025-06-23T02:00:00+01:00,196.5745,197.2175,196.5215,197.1035
2025-06-23T06:00:00+01:00,197.1045,198.207,197.1045,198.0085
2025-06-23T10:00:00+01:00,198.0095,198.0955,197.2525,197.4195
2025-06-23T14:00:00+01:00,197.4175,197.852,197.305,197.4785
2025-06-23T18:00:00+01:00,197.4795,197.854,197.448,197.6585
2025-06-23T22:00:00+01:00,197.6255,197.768,197.254,197.2765
2025-06-24T02:00:00+01:00,197.277,197.3915,197.0265,197.2635
2025-06-24T06:00:00+01:00,197.2645,197.3965,196.948,197.3345
2025-06-24T10:00:00+01:00,197.3375,197.584,197.1505,197.2045
2025-06-24T14:00:00+01:00,197.203,197.3675,196.9695,197.1675
2025-06-24T18:00:00+01:00,197.167,197.373,197.102,197.314
2025-06-24T22:00:00+01:00,197.3975,197.4915,197.139,197.2975
2025-06-25T02:00:00+01:00,197.2955,197.3855,197.048,197.3515
2025-06-25T06:00:00+01:00,197.3535,198.2075,197.3535,198.166
2025-06-25T10:00:00+01:00,198.164,198.4125,198.0575,198.3255
2025-06-25T14:00:00+01:00,198.326,198.578,198.256,198.4025
2025-06-25T18:00:00+01:00,198.4055,198.583,198.2695,198.4695
2025-06-25T22:00:00+01:00,198.3505,198.4915,198.0695,198.0795
2025-06-26T02:00:00+01:00,198.0775,198.6045,198.0145,198.3635
2025-06-26T06:00:00+01:00,198.364,198.5135,197.712,197.8965
2025-06-26T10:00:00+01:00,197.896,198.12,197.764,197.964
2025-06-26T14:00:00+01:00,197.97,198.539,197.9285,198.4125
2025-06-26T18:00:00+01:00,198.4095,198.4555,198.1755,198.23
2025-06-26T22:00:00+01:00,198.313,198.8095,198.0565,198.617
2025-06-27T02:00:00+01:00,198.62,198.6855,198.144,198.3575
2025-06-27T06:00:00+01:00,198.36,198.5935,198.113,198.487
2025-06-27T10:00:00+01:00,198.488,198.652,198.313,198.479
2025-06-27T14:00:00+01:00,198.48,198.7525,198.1995,198.2755
2025-06-27T18:00:00+01:00,198.276,198.512,198.013,198.48
2025-06-29T22:00:00+01:00,197.89,198.464,197.8845,198.3345
2025-06-30T02:00:00+01:00,198.333,198.3725,197.578,197.6345
2025-06-30T06:00:00+01:00,197.634,197.7005,197.2155,197.4305
2025-06-30T10:00:00+01:00,197.4295,197.88,197.3775,197.8175
2025-06-30T14:00:00+01:00,197.8165,198.013,197.4475,197.7945
2025-06-30T18:00:00+01:00,197.796,197.8785,197.5925,197.812
2025-06-30T22:00:00+01:00,197.7135,197.887,197.244,197.275
2025-07-01T02:00:00+01:00,197.271,197.7585,197.189,197.531
2025-07-01T06:00:00+01:00,197.531,197.54,196.7905,197.024
2025-07-01T10:00:00+01:00,197.026,197.06,196.2835,196.5975
2025-07-01T14:00:00+01:00,196.598,197.297,196.418,197.2155
2025-07-01T18:00:00+01:00,197.2195,197.5605,197.1225,197.1375
2025-07-01T22:00:00+01:00,197.153,197.474,197.021,197.2585
2025-07-02T02:00:00+01:00,197.255,197.4385,197.1995,197.3015
2025-07-02T06:00:00+01:00,197.3025,197.5545,197.044,197.2115
2025-07-02T10:00:00+01:00,197.2125,197.5275,195.477,195.78
2025-07-02T14:00:00+01:00,195.78,195.994,195.3625,195.927
2025-07-02T18:00:00+01:00,195.9305,196.0225,195.7435,195.875
2025-07-02T22:00:00+01:00,195.959,196.335,195.7585,195.96
2025-07-03T02:00:00+01:00,195.959,196.115,195.8385,196.039
2025-07-03T06:00:00+01:00,196.0435,196.7175,196.005,196.5955
2025-07-03T10:00:00+01:00,196.6015,197.447,196.243,197.4305
2025-07-03T14:00:00+01:00,197.428,198.109,197.3925,198.005
2025-07-03T18:00:00+01:00,198.0025,198.0425,197.835,197.911
2025-07-03T22:00:00+01:00,197.9095,197.996,197.4785,197.577
2025-07-04T02:00:00+01:00,197.579,197.663,197.288,197.418
2025-07-04T06:00:00+01:00,197.4195,197.53,197.1345,197.233
2025-07-04T10:00:00+01:00,197.233,197.2575,196.9055,196.9265
2025-07-04T14:00:00+01:00,196.9275,197.2675,196.9255,197.2015
2025-07-04T18:00:00+01:00,197.2025,197.435,197.1315,197.2165
2025-07-06T22:00:00+01:00,197.3315,197.4765,196.934,197.007
2025-07-07T02:00:00+01:00,197.0055,197.4625,196.788,197.43
2025-07-07T06:00:00+01:00,197.4295,197.608,197.19,197.3775
2025-07-07T10:00:00+01:00,197.376,198.3155,197.3065,198.258
2025-07-07T14:00:00+01:00,198.2595,199.0075,198.231,198.6535
2025-07-07T18:00:00+01:00,198.653,198.993,198.567,198.6775
2025-07-07T22:00:00+01:00,198.694,199.2415,198.522,199.198
2025-07-08T02:00:00+01:00,199.204,199.478,198.8955,199.0205
2025-07-08T06:00:00+01:00,199.0215,199.4365,198.9745,199.0015
2025-07-08T10:00:00+01:00,199.003,199.1305,198.695,199.1245
2025-07-08T14:00:00+01:00,199.124,199.323,198.676,199.2625
2025-07-08T18:00:00+01:00,199.2615,199.4405,199.1245,199.2155
2025-07-08T22:00:00+01:00,199.229,199.556,199.0035,199.435
2025-07-09T02:00:00+01:00,199.4355,199.8045,199.3385,199.762
2025-07-09T06:00:00+01:00,199.763,199.8335,199.369,199.5005
2025-07-09T10:00:00+01:00,199.5025,199.5255,199.138,199.345
2025-07-09T14:00:00+01:00,199.347,199.408,198.7695,198.8905
2025-07-09T18:00:00+01:00,198.892,199.0835,198.7405,198.7845
2025-07-09T22:00:00+01:00,198.864,198.89,198.382,198.453
2025-07-10T02:00:00+01:00,198.458,199.1235,198.3945,198.936
2025-07-10T06:00:00+01:00,198.9355,199.2565,198.849,199.13
2025-07-10T10:00:00+01:00,199.133,199.203,198.3985,198.5745
2025-07-10T14:00:00+01:00,198.573,198.831,198.481,198.666
2025-07-10T18:00:00+01:00,198.6625,198.667,198.465,198.6005
2025-07-10T22:00:00+01:00,198.5745,198.7995,198.238,198.66
2025-07-11T02:00:00+01:00,198.661,199.4495,198.632,199.389
2025-07-11T06:00:00+01:00,199.3895,199.4285,198.6895,198.9525
2025-07-11T10:00:00+01:00,198.9535,199.245,198.244,198.477
2025-07-11T14:00:00+01:00,198.475,199.169,198.437,199.046
2025-07-11T18:00:00+01:00,199.049,199.246,198.794,198.866
2025-07-13T22:00:00+01:00,198.577,198.9915,198.3265,198.3705
2025-07-14T02:00:00+01:00,198.369,198.7105,198.268,198.6075
2025-07-14T06:00:00+01:00,198.6065,198.755,198.1055,198.522
2025-07-14T10:00:00+01:00,198.521,198.797,198.4085,198.649
2025-07-14T14:00:00+01:00,198.6495,198.727,198.2545,198.4615
2025-07-14T18:00:00+01:00,198.4635,198.5275,198.3115,198.3395
2025-07-14T22:00:00+01:00,198.377,198.541,198.264,198.293
2025-07-15T02:00:00+01:00,198.2925,198.5875,198.2105,198.3405
2025-07-15T06:00:00+01:00,198.342,198.7615,198.2905,198.5725
2025-07-15T10:00:00+01:00,198.5715,199.091,198.5155,198.891
2025-07-15T14:00:00+01:00,198.891,199.5275,198.8425,199.327
2025-07-15T18:00:00+01:00,199.325,199.4035,199.181,199.2255
2025-07-15T22:00:00+01:00,199.2785,199.5835,199.1445,199.5335
2025-07-16T02:00:00+01:00,199.534,199.7415,199.292,199.511
2025-07-16T06:00:00+01:00,199.512,199.717,199.249,199.3125
2025-07-16T10:00:00+01:00,199.3165,199.4095,198.9535,199.1585
2025-07-16T14:00:00+01:00,199.1565,199.2135,197.9555,198.703
2025-07-16T18:00:00+01:00,198.7065,198.727,198.1145,198.474
2025-07-16T22:00:00+01:00,198.483,198.866,198.244,198.8285
2025-07-17T02:00:00+01:00,198.8315,199.0325,198.694,198.8155
2025-07-17T06:00:00+01:00,198.817,199.2995,198.7065,199.2635
2025-07-17T10:00:00+01:00,199.263,199.5635,199.109,199.2985
2025-07-17T14:00:00+01:00,199.297,199.335,198.9835,199.168
2025-07-17T18:00:00+01:00,199.1625,199.4885,199.1405,199.3755
2025-07-17T22:00:00+01:00,199.371,199.6035,199.179,199.5725
2025-07-18T02:00:00+01:00,199.5745,199.7075,199.395,199.5735
2025-07-18T06:00:00+01:00,199.5795,199.978,199.499,199.6605
2025-07-18T10:00:00+01:00,199.662,199.912,199.591,199.661
2025-07-18T14:00:00+01:00,199.6605,199.797,199.4665,199.525
2025-07-18T18:00:00+01:00,199.524,199.6295,199.471,199.5505
2025-07-20T22:00:00+01:00,198.6595,199.432,198.635,198.8985
2025-07-21T02:00:00+01:00,198.8975,199.2445,198.8975,199.1975
2025-07-21T06:00:00+01:00,199.198,199.2375,198.567,198.9525
2025-07-21T10:00:00+01:00,198.955,199.092,198.584,198.8225
2025-07-21T14:00:00+01:00,198.822,198.992,198.524,198.5875
2025-07-21T18:00:00+01:00,198.5885,198.8775,198.5405,198.842
2025-07-21T22:00:00+01:00,198.8185,199.1235,198.5595,198.862
2025-07-22T02:00:00+01:00,198.863,199.0235,198.7565,198.9725
2025-07-22T06:00:00+01:00,198.9615,199.2955,198.8045,199.132
2025-07-22T10:00:00+01:00,199.1315,199.133,197.8535,197.91
2025-07-22T14:00:00+01:00,197.9085,198.1425,197.434,198.1145
2025-07-22T18:00:00+01:00,198.1135,198.5185,198.108,198.4425
2025-07-22T22:00:00+01:00,198.328,198.673,197.7525,198.085
2025-07-23T02:00:00+01:00,198.0885,199.01,198.0205,198.7815
2025-07-23T06:00:00+01:00,198.7745,199.091,198.385,198.787
2025-07-23T10:00:00+01:00,198.7855,198.8045,197.8725,198.3295
2025-07-23T14:00:00+01:00,198.3245,198.9255,198.249,198.785
2025-07-23T18:00:00+01:00,198.7865,199.034,198.6655,198.965
2025-07-23T22:00:00+01:00,198.945,199.0205,198.593,198.768
2025-07-24T02:00:00+01:00,198.7665,198.7715,198.135,198.2905
2025-07-24T06:00:00+01:00,198.2925,198.6335,198.2175,198.482
2025-07-24T10:00:00+01:00,198.4835,198.7205,198.384,198.6965
2025-07-24T14:00:00+01:00,198.6985,198.854,198.288,198.482
2025-07-24T18:00:00+01:00,198.4825,198.6365,198.4,198.6245
2025-07-24T22:00:00+01:00,198.6295,198.9745,198.5235,198.843
2025-07-25T02:00:00+01:00,198.846,199.0625,198.474,198.5115
2025-07-25T06:00:00+01:00,198.5105,199.0775,198.131,198.924
2025-07-25T10:00:00+01:00,198.925,199.0865,198.5315,198.623
2025-07-25T14:00:00+01:00,198.621,198.6305,198.215,198.3075
2025-07-25T18:00:00+01:00,198.305,198.476,198.215,198.422
2025-07-27T22:00:00+01:00,198.45,198.7395,198.337,198.45
2025-07-28T02:00:00+01:00,198.4495,198.8375,198.416,198.514
2025-07-28T06:00:00+01:00,198.515,199.0325,198.4205,199.0005
2025-07-28T10:00:00+01:00,198.9995,199.2175,198.8195,198.951
2025-07-28T14:00:00+01:00,198.95,199.019,198.623,198.659
2025-07-28T18:00:00+01:00,198.659,198.6795,198.321,198.3995
2025-07-28T22:00:00+01:00,198.376,198.5235,198.19,198.428
2025-07-29T02:00:00+01:00,198.429,198.461,197.891,198.039
2025-07-29T06:00:00+01:00,198.04,198.22,197.734,198.197
2025-07-29T10:00:00+01:00,198.198,198.466,197.988,198.0105
2025-07-29T14:00:00+01:00,198.009,198.2665,197.765,198.163
2025-07-29T18:00:00+01:00,198.1645,198.386,198.0285,198.1995
2025-07-29T22:00:00+01:00,198.2285,198.358,197.8625,197.8925
2025-07-30T02:00:00+01:00,197.893,197.962,197.5935,197.803
2025-07-30T06:00:00+01:00,197.805,197.907,197.4485,197.7905
2025-07-30T10:00:00+01:00,197.792,198.4285,197.769,198.11
2025-07-30T14:00:00+01:00,198.1105,198.2,197.789,197.8125
2025-07-30T18:00:00+01:00,197.8085,198.0205,197.6195,197.8895
2025-07-30T22:00:00+01:00,197.908,197.9935,197.6865,197.8505
2025-07-31T02:00:00+01:00,197.8495,197.8545,196.9675,197.56
2025-07-31T06:00:00+01:00,197.5585,198.3795,197.3035,198.263
2025-07-31T10:00:00+01:00,198.265,198.5925,198.106,198.502
2025-07-31T14:00:00+01:00,198.5015,199.521,198.367,199.2495
2025-07-31T18:00:00+01:00,199.2485,199.38,198.836,199.1155
2025-07-31T22:00:00+01:00,199.0665,199.2465,198.885,199.1255
2025-08-01T02:00:00+01:00,199.132,199.307,198.7275,198.7855
2025-08-01T06:00:00+01:00,198.786,198.982,198.2105,198.217
2025-08-01T10:00:00+01:00,198.216,198.2415,197.4565,197.4565
2025-08-01T14:00:00+01:00,197.4545,197.466,195.786,195.8035
2025-08-01T18:00:00+01:00,195.801,195.868,195.3365,195.751
2025-08-03T22:00:00+01:00,195.656,195.879,195.3065,195.813
2025-08-04T02:00:00+01:00,195.8125,196.3585,195.7985,196.1015
2025-08-04T06:00:00+01:00,196.102,196.533,196.002,196.3745
2025-08-04T10:00:00+01:00,196.373,196.5315,195.651,195.733
2025-08-04T14:00:00+01:00,195.7325,196.103,195.3385,195.3465
2025-08-04T18:00:00+01:00,195.3465,195.4655,195.0285,195.39
2025-08-04T22:00:00+01:00,195.39,195.563,195.038,195.4005
2025-08-05T02:00:00+01:00,195.399,195.5585,195.297,195.4125
2025-08-05T06:00:00+01:00,195.4125,195.9905,195.262,195.99
2025-08-05T10:00:00+01:00,195.9905,196.368,195.909,196.127
2025-08-05T14:00:00+01:00,196.1285,196.4195,195.706,196.3795
2025-08-05T18:00:00+01:00,196.3775,196.4625,196.1585,196.329
2025-08-05T22:00:00+01:00,196.316,196.3875,196.1035,196.2995
2025-08-06T02:00:00+01:00,196.299,196.4785,196.1005,196.143
2025-08-06T06:00:00+01:00,196.142,196.4025,196.1,196.3505
2025-08-06T10:00:00+01:00,196.3495,196.654,196.331,196.3525
2025-08-06T14:00:00+01:00,196.352,196.908,196.165,196.6695
2025-08-06T18:00:00+01:00,196.67,197.0935,196.455,196.8385
2025-08-06T22:00:00+01:00,196.7995,197.0185,196.5805,196.9965
2025-08-07T02:00:00+01:00,196.9985,197.1915,196.8635,196.924
2025-08-07T06:00:00+01:00,196.927,196.9545,196.2425,196.707
2025-08-07T10:00:00+01:00,196.7045,197.931,196.696,197.6755
2025-08-07T14:00:00+01:00,197.675,198.023,197.4675,197.911
2025-08-07T18:00:00+01:00,197.91,198.024,197.4465,197.811
2025-08-07T22:00:00+01:00,197.805,197.9255,197.3835,197.8895
2025-08-08T02:00:00+01:00,197.8885,198.0055,197.6925,197.72
2025-08-08T06:00:00+01:00,197.7215,198.411,197.6825,198.363
2025-08-08T10:00:00+01:00,198.3625,198.832,198.2805,198.4565
2025-08-08T14:00:00+01:00,198.455,198.7495,198.3925,198.6735
2025-08-08T18:00:00+01:00,198.6725,198.817,198.5805,198.705
2025-08-10T22:00:00+01:00,198.4935,198.706,198.3125,198.4985
2025-08-11T02:00:00+01:00,198.504,198.6135,198.464,198.607
2025-08-11T06:00:00+01:00,198.6065,198.808,198.184,198.61
2025-08-11T10:00:00+01:00,198.6095,198.7845,198.364,198.41
2025-08-11T14:00:00+01:00,198.4085,198.6825,198.355,198.6725
2025-08-11T18:00:00+01:00,198.671,199.0725,198.6495,199.005
2025-08-11T22:00:00+01:00,199.003,199.3535,198.837,199.3185
2025-08-12T02:00:00+01:00,199.315,199.3965,199.15,199.3645
2025-08-12T06:00:00+01:00,199.3635,199.982,198.998,199.9145
2025-08-12T10:00:00+01:00,199.9055,199.9935,199.5795,199.632
2025-08-12T14:00:00+01:00,199.639,200.0865,199.5145,199.645
2025-08-12T18:00:00+01:00,199.643,199.6795,199.3135,199.583
2025-08-12T22:00:00+01:00,199.58,199.686,199.406,199.5715
2025-08-13T02:00:00+01:00,199.5665,199.9835,199.506,199.782
2025-08-13T06:00:00+01:00,199.783,199.902,199.554,199.656
2025-08-13T10:00:00+01:00,199.655,200.2865,199.615,199.894
2025-08-13T14:00:00+01:00,199.8935,200.006,199.55,200
2025-08-13T18:00:00+01:00,200.0005,200.1705,199.954,200.06
2025-08-13T22:00:00+01:00,200.012,200.1225,199.2005,199.2935
2025-08-14T02:00:00+01:00,199.2945,199.313,198.679,198.7285
2025-08-14T06:00:00+01:00,198.7295,199.052,198.5985,198.9055
2025-08-14T10:00:00+01:00,198.9035,199.3795,198.828,199.166
2025-08-14T14:00:00+01:00,199.163,200.124,199.1615,199.9395
2025-08-14T18:00:00+01:00,199.941,200.168,199.879,199.917
2025-08-14T22:00:00+01:00,199.994,200.1575,199.587,199.614
2025-08-15T02:00:00+01:00,199.605,199.6795,199.2885,199.3405
2025-08-15T06:00:00+01:00,199.3425,199.5125,198.9405,198.9405
2025-08-15T10:00:00+01:00,198.939,199.514,198.916,199.2015
2025-08-15T14:00:00+01:00,199.197,199.6185,199.1115,199.5675
2025-08-15T18:00:00+01:00,199.568,199.694,199.4175,199.5
2025-08-17T22:00:00+01:00,199.5365,199.882,199.4515,199.8095
2025-08-18T02:00:00+01:00,199.8105,200.0065,199.746,199.891
2025-08-18T06:00:00+01:00,199.8895,199.9715,199.379,199.5975
2025-08-18T10:00:00+01:00,199.597,200.1145,199.4925,200.08
2025-08-18T14:00:00+01:00,200.08,200.273,199.619,199.6525
2025-08-18T18:00:00+01:00,199.6535,199.7875,199.556,199.699
2025-08-18T22:00:00+01:00,199.708,199.8675,199.5345,199.5395
2025-08-19T02:00:00+01:00,199.5365,199.777,199.2755,199.5535
2025-08-19T06:00:00+01:00,199.5555,199.787,199.255,199.6425
2025-08-19T10:00:00+01:00,199.643,199.8665,199.575,199.649
2025-08-19T14:00:00+01:00,199.655,199.6945,199.0855,199.1365
2025-08-19T18:00:00+01:00,199.136,199.255,198.822,199.221
2025-08-19T22:00:00+01:00,199.217,199.2745,198.8365,198.9295
2025-08-20T02:00:00+01:00,198.9285,199.028,198.631,198.8585
2025-08-20T06:00:00+01:00,198.8555,199.452,198.6615,199.259
2025-08-20T10:00:00+01:00,199.2565,199.2725,198.626,198.662
2025-08-20T14:00:00+01:00,198.66,198.779,197.863,198.0305
2025-08-20T18:00:00+01:00,198.0255,198.383,197.933,198.2785
2025-08-20T22:00:00+01:00,198.28,198.4455,198.138,198.3195
2025-08-21T02:00:00+01:00,198.3155,198.451,198.1295,198.2435
2025-08-21T06:00:00+01:00,198.245,198.828,198.202,198.7225
2025-08-21T10:00:00+01:00,198.7225,199.2305,198.622,198.6555
2025-08-21T14:00:00+01:00,198.656,199.0775,198.414,198.9695
2025-08-21T18:00:00+01:00,198.968,199.106,198.835,198.972
2025-08-21T22:00:00+01:00,198.9755,199.2695,198.7985,199.2365
2025-08-22T02:00:00+01:00,199.237,199.3325,199.093,199.2095
2025-08-22T06:00:00+01:00,199.2075,199.3905,198.8545,199.3555
2025-08-22T10:00:00+01:00,199.358,199.5345,199.303,199.441
2025-08-22T14:00:00+01:00,199.4435,199.524,198.3225,198.4055
2025-08-22T18:00:00+01:00,198.4065,198.801,198.3845,198.7285
2025-08-24T22:00:00+01:00,198.5715,199.158,198.44,198.94
2025-08-25T02:00:00+01:00,198.9415,199.1005,198.7705,198.9385
2025-08-25T06:00:00+01:00,198.94,199.116,198.826,198.885
2025-08-25T10:00:00+01:00,198.884,199.195,198.7485,199.0365
2025-08-25T14:00:00+01:00,199.0345,199.2985,198.946,199.002
2025-08-25T18:00:00+01:00,199.001,199.033,198.6925,198.798
2025-08-25T22:00:00+01:00,198.91,199.022,198.2775,198.3215
2025-08-26T02:00:00+01:00,198.3235,198.8915,198.3165,198.8545
2025-08-26T06:00:00+01:00,198.8565,198.9905,198.558,198.6865
2025-08-26T10:00:00+01:00,198.6865,199.0195,198.6345,198.8735
2025-08-26T14:00:00+01:00,198.874,199.061,198.3745,198.5385
2025-08-26T18:00:00+01:00,198.5345,198.758,198.4965,198.7085
2025-08-26T22:00:00+01:00,198.6905,198.886,198.564,198.822
2025-08-27T02:00:00+01:00,198.8185,199.03,198.7535,198.964
2025-08-27T06:00:00+01:00,198.966,199.0005,198.6765,198.876
2025-08-27T10:00:00+01:00,198.8775,199.0655,198.7865,199.03
2025-08-27T14:00:00+01:00,199.0295,199.1915,198.855,198.8825
2025-08-27T18:00:00+01:00,198.8805,199.102,198.816,198.972
2025-08-27T22:00:00+01:00,198.9185,199.1135,198.719,198.926
2025-08-28T02:00:00+01:00,198.9195,199.144,198.6825,198.733
2025-08-28T06:00:00+01:00,198.7335,198.977,198.554,198.691
2025-08-28T10:00:00+01:00,198.69,198.8185,198.4705,198.6375
2025-08-28T14:00:00+01:00,198.6395,198.8215,198.51,198.5735
2025-08-28T18:00:00+01:00,198.572,198.587,198.4025,198.541
2025-08-28T22:00:00+01:00,198.54,198.668,198.293,198.3445
2025-08-29T02:00:00+01:00,198.3405,198.5465,198.2735,198.3685
2025-08-29T06:00:00+01:00,198.367,198.614,197.9855,198.053
2025-08-29T10:00:00+01:00,198.0535,198.3365,197.95,198.301
2025-08-29T14:00:00+01:00,198.3005,198.5225,197.9915,198.4525
2025-08-29T18:00:00+01:00,198.4515,198.667,198.35,198.56
2025-08-31T22:00:00+01:00,198.4345,199.065,198.401,199.0365
2025-09-01T02:00:00+01:00,199.0375,199.081,198.6205,198.7785
2025-09-01T06:00:00+01:00,198.779,199.118,198.6505,198.956
2025-09-01T10:00:00+01:00,198.9565,199.235,198.869,199.2105
2025-09-01T14:00:00+01:00,199.212,199.5645,199.205,199.3895
2025-09-01T18:00:00+01:00,199.391,199.4285,199.3275,199.352
2025-09-01T22:00:00+01:00,199.3495,199.532,199.2175,199.417
2025-09-02T02:00:00+01:00,199.418,200.0145,199.3215,199.8335
2025-09-02T06:00:00+01:00,199.8355,200.273,198.807,199.109
2025-09-02T10:00:00+01:00,199.109,199.144,198.58,198.708
2025-09-02T14:00:00+01:00,198.709,198.8515,198.3215,198.61
2025-09-02T18:00:00+01:00,198.6105,198.7605,198.451,198.7145
2025-09-02T22:00:00+01:00,198.615,198.986,198.5135,198.977
2025-09-03T02:00:00+01:00,198.978,199.067,198.621,198.653
2025-09-03T06:00:00+01:00,198.648,199.2455,198.4875,199.214
2025-09-03T10:00:00+01:00,199.2155,199.6725,199.06,199.665
2025-09-03T14:00:00+01:00,199.6635,199.729,198.9045,198.9775
2025-09-03T18:00:00+01:00,198.9805,199.1805,198.8795,199.126
2025-09-03T22:00:00+01:00,198.9875,199.1475,198.8115,198.9845
2025-09-04T02:00:00+01:00,198.9725,199.107,198.774,199.045
2025-09-04T06:00:00+01:00,199.0465,199.494,198.955,199.4145
2025-09-04T10:00:00+01:00,199.412,199.506,199.135,199.5055
2025-09-04T14:00:00+01:00,199.506,199.8265,199.3375,199.4735
2025-09-04T18:00:00+01:00,199.473,199.5995,199.4295,199.474
2025-09-04T22:00:00+01:00,199.472,199.5645,199.235,199.2815
2025-09-05T02:00:00+01:00,199.2825,199.412,199.224,199.36
2025-09-05T06:00:00+01:00,199.359,199.7025,199.3025,199.5735
2025-09-05T10:00:00+01:00,199.5765,199.7955,198.979,199.1615
2025-09-05T14:00:00+01:00,199.1635,199.3335,198.6735,199.025
2025-09-05T18:00:00+01:00,199.023,199.208,198.971,199.1115
2025-09-07T22:00:00+01:00,200.0935,200.3525,199.698,200.201
2025-09-08T02:00:00+01:00,200.2015,200.26,199.846,199.97
2025-09-08T06:00:00+01:00,199.9655,200.0155,199.365,199.5645
2025-09-08T10:00:00+01:00,199.563,200.0805,199.5035,200.0265
2025-09-08T14:00:00+01:00,200.0285,200.152,199.844,199.932
2025-09-08T18:00:00+01:00,199.9325,199.9985,199.674,199.8135
2025-09-08T22:00:00+01:00,199.776,199.9735,199.564,199.7795
2025-09-09T02:00:00+01:00,199.781,199.879,199.6605,199.711
2025-09-09T06:00:00+01:00,199.7115,199.79,198.885,199.0185
2025-09-09T10:00:00+01:00,199.0125,199.156,198.793,199.1465
2025-09-09T14:00:00+01:00,199.147,199.428,198.8775,199.329
2025-09-09T18:00:00+01:00,199.328,199.464,199.2765,199.4195
2025-09-09T22:00:00+01:00,199.419,199.4765,199.184,199.357
2025-09-10T02:00:00+01:00,199.3565,199.582,199.2775,199.5135
2025-09-10T06:00:00+01:00,199.513,199.671,199.403,199.556
2025-09-10T10:00:00+01:00,199.5555,199.766,199.4425,199.6155
2025-09-10T14:00:00+01:00,199.619,199.81,199.4435,199.4905
2025-09-10T18:00:00+01:00,199.4935,199.539,199.3075,199.5255
2025-09-10T22:00:00+01:00,199.5245,199.6265,199.3205,199.4825
2025-09-11T02:00:00+01:00,199.4845,199.5255,199.3345,199.434
2025-09-11T06:00:00+01:00,199.438,199.8755,199.3595,199.8185
2025-09-11T10:00:00+01:00,199.82,200.092,199.584,199.834
2025-09-11T14:00:00+01:00,199.8325,199.926,199.3785,199.674
2025-09-11T18:00:00+01:00,199.672,199.9655,199.666,199.8235
2025-09-11T22:00:00+01:00,199.852,199.9575,199.749,199.838
2025-09-12T02:00:00+01:00,199.8385,199.993,199.7195,199.9625
2025-09-12T06:00:00+01:00,199.962,200.2475,199.6705,200.1635
2025-09-12T10:00:00+01:00,200.163,200.4875,200.1265,200.2395
2025-09-12T14:00:00+01:00,200.2355,200.368,200.077,200.2665
2025-09-12T18:00:00+01:00,200.2655,200.316,200.0575,200.1895
2025-09-14T22:00:00+01:00,200.1575,200.3495,199.98,200.0175
2025-09-15T02:00:00+01:00,200.0165,200.1285,199.9285,199.986
2025-09-15T06:00:00+01:00,199.9865,200.4545,199.9435,200.21
2025-09-15T10:00:00+01:00,200.209,200.7505,200.161,200.506
2025-09-15T14:00:00+01:00,200.504,200.537,200.2275,200.363
2025-09-15T18:00:00+01:00,200.364,200.611,200.3165,200.462
2025-09-15T22:00:00+01:00,200.4345,200.5845,200.303,200.5515
2025-09-16T02:00:00+01:00,200.5485,200.654,200.1205,200.173
2025-09-16T06:00:00+01:00,200.174,200.4285,200.0735,200.305
2025-09-16T10:00:00+01:00,200.308,200.7245,200.2865,200.6575
2025-09-16T14:00:00+01:00,200.6545,200.7105,199.878,199.8945
2025-09-16T18:00:00+01:00,199.8935,200.009,199.789,199.924
2025-09-16T22:00:00+01:00,199.9155,200.145,199.704,199.9495
2025-09-17T02:00:00+01:00,199.953,199.9775,199.78,199.7945
2025-09-17T06:00:00+01:00,199.795,200.0965,199.7435,199.7685
2025-09-17T10:00:00+01:00,199.7655,199.9335,199.481,199.8715
2025-09-17T14:00:00+01:00,199.8705,199.9985,199.682,199.9055
2025-09-17T18:00:00+01:00,199.9075,200.361,199.589,200.291
2025-09-17T22:00:00+01:00,200.29,200.354,200.0485,200.2035
2025-09-18T02:00:00+01:00,200.2025,200.351,200.159,200.2995
2025-09-18T06:00:00+01:00,200.301,201.2705,200.268,201.097
2025-09-18T10:00:00+01:00,201.096,201.2145,200.6255,200.9175
2025-09-18T14:00:00+01:00,200.919,201.0605,200.3585,200.4005
2025-09-18T18:00:00+01:00,200.401,200.6145,200.317,200.6105
2025-09-18T22:00:00+01:00,200.6155,200.6705,200.404,200.536
2025-09-19T02:00:00+01:00,200.535,200.5885,199.531,199.813
2025-09-19T06:00:00+01:00,199.814,199.939,199.37,199.6025
2025-09-19T10:00:00+01:00,199.601,199.8465,199.4715,199.552
2025-09-19T14:00:00+01:00,199.552,199.668,199.215,199.3435
2025-09-19T18:00:00+01:00,199.3445,199.425,199.2385,199.3465
2025-09-21T22:00:00+01:00,199.2645,201.5285,199.163,199.541
2025-09-22T02:00:00+01:00,199.5415,199.7645,199.508,199.6045
2025-09-22T06:00:00+01:00,199.603,199.7695,199.3755,199.548
2025-09-22T10:00:00+01:00,199.548,199.7855,199.399,199.7085
2025-09-22T14:00:00+01:00,199.712,199.8005,199.5105,199.5775
2025-09-22T18:00:00+01:00,199.5755,199.7345,199.5555,199.631
2025-09-22T22:00:00+01:00,199.6305,199.7265,199.5135,199.656
2025-09-23T02:00:00+01:00,199.6555,199.723,199.5585,199.6445
2025-09-23T06:00:00+01:00,199.6425,199.824,199.1965,199.2705
2025-09-23T10:00:00+01:00,199.2695,199.9725,199.1515,199.8635
2025-09-23T14:00:00+01:00,199.8595,199.9425,199.5475,199.8
2025-09-23T18:00:00+01:00,199.799,199.8065,199.357,199.6965
2025-09-23T22:00:00+01:00,199.66,199.7955,199.465,199.7185
2025-09-24T02:00:00+01:00,199.72,199.894,199.6025,199.801
2025-09-24T06:00:00+01:00,199.803,199.921,199.5585,199.917
2025-09-24T10:00:00+01:00,199.9165,200.02,199.7755,199.8965
2025-09-24T14:00:00+01:00,199.8955,200.1475,199.7095,199.9815
2025-09-24T18:00:00+01:00,199.982,200.2585,199.9735,200.2155
2025-09-24T22:00:00+01:00,200.2165,200.3065,199.879,199.934
2025-09-25T02:00:00+01:00,199.934,200.2165,199.921,200.0685
2025-09-25T06:00:00+01:00,200.0675,200.3505,199.925,200.098
2025-09-25T10:00:00+01:00,200.1055,200.1665,199.6075,199.745
2025-09-25T14:00:00+01:00,199.7445,200.0325,199.6405,199.842
2025-09-25T18:00:00+01:00,199.84,199.938,199.6395,199.9005
2025-09-25T22:00:00+01:00,199.9135,200.0155,199.704,199.7575
2025-09-26T02:00:00+01:00,199.7565,199.961,199.6995,199.8405
2025-09-26T06:00:00+01:00,199.8415,200.2145,199.813,200.145
2025-09-26T10:00:00+01:00,200.146,200.225,199.938,200.1525
2025-09-26T14:00:00+01:00,200.1505,200.52,200.125,200.376
2025-09-26T18:00:00+01:00,200.3745,200.4835,200.2975,200.3205
2025-09-28T22:00:00+01:00,200.346,200.439,200.18,200.2535
2025-09-29T02:00:00+01:00,200.2525,200.2935,199.984,200.154
2025-09-29T06:00:00+01:00,200.1565,200.211,199.54,199.5595
2025-09-29T10:00:00+01:00,199.558,199.985,199.5035,199.901
2025-09-29T14:00:00+01:00,199.9005,199.999,199.3445,199.561
2025-09-29T18:00:00+01:00,199.5625,199.754,199.448,199.572
2025-09-29T22:00:00+01:00,199.654,199.777,199.4685,199.759
2025-09-30T02:00:00+01:00,199.7605,199.773,199.353,199.4315
2025-09-30T06:00:00+01:00,199.434,199.509,198.7945,198.808
2025-09-30T10:00:00+01:00,198.8085,199.0625,198.7585,198.892
2025-09-30T14:00:00+01:00,198.89,199.007,198.5805,198.847
2025-09-30T18:00:00+01:00,198.845,198.929,198.746,198.901
2025-09-30T22:00:00+01:00,198.7985,199.224,198.6725,199.072
2025-10-01T02:00:00+01:00,199.071,199.1095,198.6365,198.6565
2025-10-01T06:00:00+01:00,198.6555,198.748,198.0245,198.173
2025-10-01T10:00:00+01:00,198.1715,198.537,197.923,198.3625
2025-10-01T14:00:00+01:00,198.359,198.514,198.185,198.2905
2025-10-01T18:00:00+01:00,198.2905,198.404,198.172,198.2195
2025-10-01T22:00:00+01:00,198.217,198.4525,198.0595,198.2605
2025-10-02T02:00:00+01:00,198.262,198.4165,198.149,198.3245
2025-10-02T06:00:00+01:00,198.324,198.6175,198.0945,198.2455
2025-10-02T10:00:00+01:00,198.2475,198.2665,197.6045,198.1685
2025-10-02T14:00:00+01:00,198.167,198.19,197.491,197.779
2025-10-02T18:00:00+01:00,197.7845,197.9775,197.7595,197.913
2025-10-02T22:00:00+01:00,197.8845,198.1275,197.747,198.1165
2025-10-03T02:00:00+01:00,198.121,198.56,197.9715,198.475
2025-10-03T06:00:00+01:00,198.4745,198.545,198.2655,198.279
2025-10-03T10:00:00+01:00,198.2795,198.303,198.0115,198.1935
2025-10-03T14:00:00+01:00,198.196,198.838,198.1415,198.803
2025-10-03T18:00:00+01:00,198.8015,198.8705,198.6245,198.79
2025-10-05T22:00:00+01:00,200.828,201.3155,200.2375,201.207
2025-10-06T02:00:00+01:00,201.209,202.17,201.078,202.127
2025-10-06T06:00:00+01:00,202.1345,202.246,201.5205,202.036
2025-10-06T10:00:00+01:00,202.0395,202.1275,201.244,201.2735
2025-10-06T14:00:00+01:00,201.2755,202.3555,201.2475,202.3485
2025-10-06T18:00:00+01:00,202.3475,202.8255,202.3145,202.756
2025-10-06T22:00:00+01:00,202.7415,203.063,202.546,202.8975
2025-10-07T02:00:00+01:00,202.9005,202.9425,202.5265,202.6075
2025-10-07T06:00:00+01:00,202.61,202.7085,202.2815,202.62
2025-10-07T10:00:00+01:00,202.621,202.6915,202.117,202.3355
2025-10-07T14:00:00+01:00,202.337,203.5105,202.2095,203.424
2025-10-07T18:00:00+01:00,203.425,204.0705,203.418,203.9325
2025-10-07T22:00:00+01:00,203.9975,204.398,203.753,204.33
2025-10-08T02:00:00+01:00,204.3295,204.484,203.9825,204.077
2025-10-08T06:00:00+01:00,204.0725,204.846,203.91,204.8115
2025-10-08T10:00:00+01:00,204.814,205.3285,204.5765,204.655
2025-10-08T14:00:00+01:00,204.6545,205.102,204.3155,204.504
2025-10-08T18:00:00+01:00,204.5025,204.7075,204.3515,204.6705
2025-10-08T22:00:00+01:00,204.6555,204.7775,204.3745,204.7775
2025-10-09T02:00:00+01:00,204.7785,204.8835,204.3945,204.5015
2025-10-09T06:00:00+01:00,204.5045,204.858,204.112,204.169
2025-10-09T10:00:00+01:00,204.1715,204.5265,203.9155,204.448
2025-10-09T14:00:00+01:00,204.447,204.5715,203.38,203.4055
2025-10-09T18:00:00+01:00,203.4075,203.698,203.313,203.649
2025-10-09T22:00:00+01:00,203.589,203.758,203.4915,203.506
2025-10-10T02:00:00+01:00,203.5035,203.627,203.1855,203.296
2025-10-10T06:00:00+01:00,203.2965,203.505,202.6625,203.146
2025-10-10T10:00:00+01:00,203.144,203.215,202.4935,202.5895
2025-10-10T14:00:00+01:00,202.591,203.1245,202.2155,202.6985
2025-10-10T18:00:00+01:00,202.7,202.7755,201.836,201.8905
2025-10-12T22:00:00+01:00,202.7425,203.1095,202.4385,202.726
2025-10-13T02:00:00+01:00,202.729,202.9715,202.7265,202.904
2025-10-13T06:00:00+01:00,202.903,203.248,202.6275,203.0155
2025-10-13T10:00:00+01:00,203.017,203.101,202.7335,202.9625
2025-10-13T14:00:00+01:00,202.961,203.143,202.775,202.996
2025-10-13T18:00:00+01:00,202.995,203.136,202.9415,203.042
2025-10-13T22:00:00+01:00,203.063,203.4995,202.9215,203.335
2025-10-14T02:00:00+01:00,203.332,203.5205,202.622,202.765
2025-10-14T06:00:00+01:00,202.766,202.786,201.335,201.8905
2025-10-14T10:00:00+01:00,201.889,202.025,201.338,201.6405
2025-10-14T14:00:00+01:00,201.641,202.2365,201.6325,202.0795
2025-10-14T18:00:00+01:00,202.08,202.3395,202.0065,202.278
2025-10-14T22:00:00+01:00,202.1895,202.3045,201.928,202.017
2025-10-15T02:00:00+01:00,202.0095,202.0565,201.596,201.896
2025-10-15T06:00:00+01:00,201.9055,202.1275,201.6725,201.8125
2025-10-15T10:00:00+01:00,201.8135,202.5165,201.787,202.3725
2025-10-15T14:00:00+01:00,202.375,202.652,202.051,202.459
2025-10-15T18:00:00+01:00,202.46,202.723,202.1955,202.4635
2025-10-15T22:00:00+01:00,202.4015,202.678,201.9925,202.2815
2025-10-16T02:00:00+01:00,202.2835,202.687,202.2345,202.6085
2025-10-16T06:00:00+01:00,202.612,203.244,202.596,203.244
2025-10-16T10:00:00+01:00,203.247,203.438,202.841,203.1955
2025-10-16T14:00:00+01:00,203.1945,203.3675,201.72,201.9395
2025-10-16T18:00:00+01:00,201.9405,202.245,201.7575,202.0805
2025-10-16T22:00:00+01:00,202.0825,202.1835,201.715,202.017
2025-10-17T02:00:00+01:00,202.019,202.1405,201.606,201.738
2025-10-17T06:00:00+01:00,201.7375,201.8305,200.6835,201.0665
2025-10-17T10:00:00+01:00,201.066,202.1145,200.9545,201.702
2025-10-17T14:00:00+01:00,201.7,202.023,201.3055,201.807
2025-10-17T18:00:00+01:00,201.8065,202.2805,201.7185,202.2265
2025-10-19T22:00:00+01:00,202.0885,202.7725,201.8435,202.738
2025-10-20T02:00:00+01:00,202.736,203.116,202.274,202.344
2025-10-20T06:00:00+01:00,202.345,202.5095,202.1005,202.2015
2025-10-20T10:00:00+01:00,202.1985,202.5155,201.8335,202.2945
2025-10-20T14:00:00+01:00,202.296,202.3155,201.8955,202.1455
2025-10-20T18:00:00+01:00,202.152,202.207,202.016,202.0735
2025-10-20T22:00:00+01:00,202.0405,202.2,201.82,202.093
2025-10-21T02:00:00+01:00,202.094,202.529,201.91,202.327
2025-10-21T06:00:00+01:00,202.3285,202.9275,202.0745,202.8525
2025-10-21T10:00:00+01:00,202.852,203.5315,202.841,203.518
2025-10-21T14:00:00+01:00,203.517,203.5285,202.5795,203.0825
2025-10-21T18:00:00+01:00,203.0785,203.209,202.9735,203.1485
2025-10-21T22:00:00+01:00,203.2045,203.255,202.743,202.748
2025-10-22T02:00:00+01:00,202.7475,203.14,202.6395,203.046
2025-10-22T06:00:00+01:00,203.045,203.284,201.9905,202.0625
2025-10-22T10:00:00+01:00,202.0635,202.563,201.9255,202.43
2025-10-22T14:00:00+01:00,202.4305,203.0575,202.3375,202.9305
2025-10-22T18:00:00+01:00,202.9345,203.0515,202.5335,202.9925
2025-10-22T22:00:00+01:00,202.9435,203.1695,202.8145,203.0565
2025-10-23T02:00:00+01:00,203.0595,203.3945,203.0235,203.306
2025-10-23T06:00:00+01:00,203.3045,203.78,203.2035,203.729
2025-10-23T10:00:00+01:00,203.7295,203.8,203.457,203.534
2025-10-23T14:00:00+01:00,203.536,203.6745,203.216,203.3115
2025-10-23T18:00:00+01:00,203.31,203.453,203.2085,203.296
2025-10-23T22:00:00+01:00,203.295,203.503,203.2215,203.4855
2025-10-24T02:00:00+01:00,203.4875,203.7325,203.4825,203.6665
2025-10-24T06:00:00+01:00,203.668,203.948,203.423,203.7455
2025-10-24T10:00:00+01:00,203.7405,203.8155,203.3415,203.7545
2025-10-24T14:00:00+01:00,203.7585,203.9925,203.087,203.2105
2025-10-24T18:00:00+01:00,203.209,203.553,203.201,203.4985
2025-10-26T21:00:00+00:00,203.7045,204.066,203.5965,203.7145
2025-10-27T01:00:00+00:00,203.713,203.937,203.577,203.9235
2025-10-27T05:00:00+00:00,203.9225,204.0825,203.5425,203.66
2025-10-27T09:00:00+00:00,203.663,204.0595,203.5485,204.011
2025-10-27T13:00:00+00:00,204.0105,204.2485,203.8545,204.022
2025-10-27T17:00:00+00:00,204.021,204.1665,203.744,203.871
2025-10-27T21:00:00+00:00,203.8705,203.9095,203.484,203.5875
2025-10-28T01:00:00+00:00,203.5855,203.596,202.96,203.0055
2025-10-28T05:00:00+00:00,203.0065,203.3265,202.0505,202.2125
2025-10-28T09:00:00+00:00,202.212,202.4515,202.045,202.0975
2025-10-28T13:00:00+00:00,202.0985,202.2715,201.6715,202.153
2025-10-28T17:00:00+00:00,202.154,202.175,201.76,201.855
2025-10-28T21:00:00+00:00,201.9265,202.003,201.136,201.2535
2025-10-29T01:00:00+00:00,201.2545,201.7245,201.153,201.522
2025-10-29T05:00:00+00:00,201.5175,201.9605,200.9925,201.2165
2025-10-29T09:00:00+00:00,201.2215,201.4305,200.909,201.0135
2025-10-29T13:00:00+00:00,201.014,201.4655,200.5685,201.2625
2025-10-29T17:00:00+00:00,201.2545,201.666,201.0025,201.5145
2025-10-29T21:00:00+00:00,201.5145,201.7105,201.268,201.5345
2025-10-30T01:00:00+00:00,201.5365,202.114,200.995,201.9025
2025-10-30T05:00:00+00:00,201.9045,203.1235,201.742,203.064
2025-10-30T09:00:00+00:00,203.0645,203.2685,202.5795,202.7015
2025-10-30T13:00:00+00:00,202.6995,203.1585,202.5105,202.7275
2025-10-30T17:00:00+00:00,202.7285,202.8315,202.447,202.653
2025-10-30T21:00:00+00:00,202.661,202.7915,202.446,202.517
2025-10-31T01:00:00+00:00,202.515,202.616,202.187,202.532
2025-10-31T05:00:00+00:00,202.53,202.9285,202.3155,202.695
2025-10-31T09:00:00+00:00,202.696,202.775,201.865,202.0215
2025-10-31T13:00:00+00:00,202.023,202.477,201.8515,202.326
2025-10-31T17:00:00+00:00,202.3225,202.6035,202.2955,202.545
2025-11-02T22:00:00+00:00,202.236,202.6355,202.196,202.4305
2025-11-03T02:00:00+00:00,202.432,202.588,202.3805,202.5525
2025-11-03T06:00:00+00:00,202.549,202.7925,202.1125,202.348
2025-11-03T10:00:00+00:00,202.349,202.6675,202.2665,202.479
2025-11-03T14:00:00+00:00,202.479,202.8075,201.9415,202.636
2025-11-03T18:00:00+00:00,202.637,202.698,202.52,202.669
2025-11-03T22:00:00+00:00,202.687,202.777,202.37,202.554
2025-11-04T02:00:00+00:00,202.552,202.568,201.6875,201.7195
2025-11-04T06:00:00+00:00,201.7185,201.776,200.381,200.4945
2025-11-04T10:00:00+00:00,200.4955,200.837,200.253,200.29
2025-11-04T14:00:00+00:00,200.2905,200.4255,200.0075,200.1105
2025-11-04T18:00:00+00:00,200.111,200.152,199.8795,200.094
2025-11-04T22:00:00+00:00,200.1045,200.267,199.0715,199.353
2025-11-05T02:00:00+00:00,199.3595,200.0815,199.2635,199.917
2025-11-05T06:00:00+00:00,199.918,200.444,199.8325,200.4075
2025-11-05T10:00:00+00:00,200.4065,200.735,199.9905,200.5725
2025-11-05T14:00:00+00:00,200.572,201.246,200.5155,200.9005
2025-11-05T18:00:00+00:00,200.8995,201.1825,200.832,201.1355
2025-11-05T22:00:00+00:00,201.1295,201.173,200.83,201.007
2025-11-06T02:00:00+00:00,201,201.1735,200.891,200.9825
2025-11-06T06:00:00+00:00,200.9835,201.2015,200.777,201.071
2025-11-06T10:00:00+00:00,201.069,201.384,200.652,201.2135
2025-11-06T14:00:00+00:00,201.213,201.2465,200.3045,200.791
2025-11-06T18:00:00+00:00,200.793,201.208,200.753,201.0875
2025-11-06T22:00:00+00:00,201.0125,201.254,200.825,200.9885
2025-11-07T02:00:00+00:00,200.9875,201.205,200.71,201.189
2025-11-07T06:00:00+00:00,201.1905,201.3915,200.9675,201.0425
2025-11-07T10:00:00+00:00,201.042,201.397,200.655,201.3715
2025-11-07T14:00:00+00:00,201.373,201.8055,201.14,201.637
2025-11-07T18:00:00+00:00,201.6415,202.0995,201.5885,201.988
2025-11-09T22:00:00+00:00,202.3725,202.441,201.798,202.3075
2025-11-10T02:00:00+00:00,202.307,202.617,202.228,202.516
2025-11-10T06:00:00+00:00,202.514,203.2085,202.385,203.0815
2025-11-10T10:00:00+00:00,203.082,203.24,202.8215,202.974
2025-11-10T14:00:00+00:00,202.975,202.9775,202.4695,202.8925
2025-11-10T18:00:00+00:00,202.8935,203.1215,202.851,203.0835
2025-11-10T22:00:00+00:00,203.0045,203.285,202.889,203.1695
2025-11-11T02:00:00+00:00,203.168,203.282,202.9295,202.9295
2025-11-11T06:00:00+00:00,202.927,203.1455,202.3315,202.635
2025-11-11T10:00:00+00:00,202.63,202.86,202.453,202.5425
2025-11-11T14:00:00+00:00,202.542,203.053,202.5005,202.9835
2025-11-11T18:00:00+00:00,202.9825,203.0655,202.678,202.7235
2025-11-11T22:00:00+00:00,202.7285,202.916,202.5965,202.762
2025-11-12T02:00:00+00:00,202.765,203.271,202.688,203.1055
2025-11-12T06:00:00+00:00,203.1065,203.5725,202.9525,203.097
2025-11-12T10:00:00+00:00,203.099,203.4115,202.855,203.0535
2025-11-12T14:00:00+00:00,203.0515,203.265,202.774,203.126
2025-11-12T18:00:00+00:00,203.1275,203.336,203.0485,203.296
2025-11-12T22:00:00+00:00,203.269,203.328,203.0325,203.074
2025-11-13T02:00:00+00:00,203.074,203.3155,202.972,203.2605
2025-11-13T06:00:00+00:00,203.2605,203.546,202.97,203.2985
2025-11-13T10:00:00+00:00,203.2965,203.8305,203.275,203.656
2025-11-13T14:00:00+00:00,203.6575,204.0735,203.37,203.8805
2025-11-13T18:00:00+00:00,203.8815,203.946,203.652,203.866
2025-11-13T22:00:00+00:00,204.01,204.04,203.036,203.127
2025-11-14T02:00:00+00:00,203.134,203.262,202.937,203.112
2025-11-14T06:00:00+00:00,203.1145,203.9645,202.641,203.506
2025-11-14T10:00:00+00:00,203.505,203.5925,202.347,202.8905
2025-11-14T14:00:00+00:00,202.8915,203.611,202.67,203.5305
2025-11-14T18:00:00+00:00,203.529,203.633,203.2745,203.546
2025-11-16T22:00:00+00:00,203.475,203.603,203.138,203.359
2025-11-17T02:00:00+00:00,203.36,203.5425,203.284,203.3145
2025-11-17T06:00:00+00:00,203.313,203.9085,203.297,203.728
2025-11-17T10:00:00+00:00,203.727,204.2565,203.623,204.039
2025-11-17T14:00:00+00:00,204.037,204.531,203.9695,204.3455
2025-11-17T18:00:00+00:00,204.346,204.371,204.025,204.24
2025-11-17T22:00:00+00:00,204.286,204.414,204.0005,204.11
2025-11-18T02:00:00+00:00,204.1115,204.2055,203.7025,204.105
2025-11-18T06:00:00+00:00,204.107,204.3055,203.7785,204.175
2025-11-18T10:00:00+00:00,204.174,204.3615,203.9005,204.1185
2025-11-18T14:00:00+00:00,204.1175,204.603,203.9895,204.5965
2025-11-18T18:00:00+00:00,204.5975,204.7485,204.39,204.434
2025-11-18T22:00:00+00:00,204.458,204.604,204.1725,204.215
2025-11-19T02:00:00+00:00,204.2165,204.2555,203.9805,204.254
2025-11-19T06:00:00+00:00,204.2535,204.75,204.192,204.723
2025-11-19T10:00:00+00:00,204.7205,205.0495,204.509,205.0295
2025-11-19T14:00:00+00:00,205.0285,205.373,204.589,204.8485
2025-11-19T18:00:00+00:00,204.849,205.297,204.7385,205.229
2025-11-19T22:00:00+00:00,205.2525,205.398,204.808,205.379
2025-11-20T02:00:00+00:00,205.3795,205.7195,205.184,205.662
2025-11-20T06:00:00+00:00,205.661,206.05,205.3005,205.5805
2025-11-20T10:00:00+00:00,205.588,206.469,205.552,206.356
2025-11-20T14:00:00+00:00,206.353,206.8635,205.648,205.8435
2025-11-20T18:00:00+00:00,205.846,206.2215,205.797,205.8875
2025-11-20T22:00:00+00:00,206.0165,206.12,205.581,206.0295
2025-11-21T02:00:00+00:00,206.031,206.0575,205.6125,205.7995
2025-11-21T06:00:00+00:00,205.8025,205.8635,204.7005,204.7555
2025-11-21T10:00:00+00:00,204.7495,205.282,204.3815,205.1795
2025-11-21T14:00:00+00:00,205.18,205.332,204.294,205.08
2025-11-21T18:00:00+00:00,205.0815,205.2005,204.785,204.8235
2025-11-23T22:00:00+00:00,204.9335,205.2545,204.8395,205.1325
2025-11-24T02:00:00+00:00,205.1315,205.2435,205.068,205.161
2025-11-24T06:00:00+00:00,205.164,205.5215,205.1195,205.1845
2025-11-24T10:00:00+00:00,205.184,205.911,205.1385,205.647
2025-11-24T14:00:00+00:00,205.6475,205.7565,205.2155,205.534
2025-11-24T18:00:00+00:00,205.5355,205.6795,205.4375,205.6215
2025-11-24T22:00:00+00:00,205.621,205.714,205.3165,205.3405
2025-11-25T02:00:00+00:00,205.3375,205.471,205.2475,205.3505
2025-11-25T06:00:00+00:00,205.35,205.622,205.005,205.3005
2025-11-25T10:00:00+00:00,205.305,205.566,205.0325,205.3945
2025-11-25T14:00:00+00:00,205.3915,205.9605,205.351,205.803
2025-11-25T18:00:00+00:00,205.801,205.9965,205.404,205.4625
2025-11-25T22:00:00+00:00,205.414,205.9825,205.3055,205.517
2025-11-26T02:00:00+00:00,205.5145,205.986,205.3415,205.9385
2025-11-26T06:00:00+00:00,205.94,206.262,205.9105,206.1185
2025-11-26T10:00:00+00:00,206.1175,206.908,205.5115,206.6865
2025-11-26T14:00:00+00:00,206.685,207.073,206.5255,206.8645
2025-11-26T18:00:00+00:00,206.867,207.2225,206.7845,207.1985
2025-11-26T22:00:00+00:00,207.1365,207.19,206.4335,206.879
2025-11-27T02:00:00+00:00,206.88,207.061,206.6525,206.826
2025-11-27T06:00:00+00:00,206.828,207.003,206.5035,206.605
2025-11-27T10:00:00+00:00,206.607,207.0745,206.553,206.95
2025-11-27T14:00:00+00:00,206.9495,207.198,206.852,206.9515
2025-11-27T18:00:00+00:00,206.948,206.999,206.87,206.967
2025-11-27T22:00:00+00:00,206.9345,207.21,206.79,206.937
2025-11-28T02:00:00+00:00,206.934,206.995,206.618,206.9005
2025-11-28T06:00:00+00:00,206.9055,206.977,206.3485,206.4705
2025-11-28T10:00:00+00:00,206.47,206.599,206.161,206.3445
2025-11-28T14:00:00+00:00,206.3455,206.8935,206.326,206.776
2025-11-28T18:00:00+00:00,206.7835,206.8755,206.5755,206.65
2025-11-30T22:00:00+00:00,206.4895,206.767,205.903,206.0365
2025-12-01T02:00:00+00:00,206.035,206.0545,205.579,205.716
2025-12-01T06:00:00+00:00,205.7165,205.82,205.2465,205.4945
2025-12-01T10:00:00+00:00,205.4875,205.4955,205.2105,205.417
2025-12-01T14:00:00+00:00,205.415,205.6335,205.2,205.448
2025-12-01T18:00:00+00:00,205.4465,205.5335,205.35,205.408
2025-12-01T22:00:00+00:00,205.4605,205.7035,205.3325,205.624
2025-12-02T02:00:00+00:00,205.6225,205.78,205.555,205.6885
2025-12-02T06:00:00+00:00,205.685,206.259,205.679,206.0435
2025-12-02T10:00:00+00:00,206.0315,206.12,205.6815,205.992
2025-12-02T14:00:00+00:00,205.9925,206.2015,205.4815,205.7555
2025-12-02T18:00:00+00:00,205.7525,206.019,205.686,205.9595
2025-12-02T22:00:00+00:00,205.894,206.0535,205.7205,205.885
2025-12-03T02:00:00+00:00,205.886,206.1105,205.8765,206.0895
2025-12-03T06:00:00+00:00,206.0885,206.697,205.913,206.6475
2025-12-03T10:00:00+00:00,206.6505,206.896,206.4435,206.7915
2025-12-03T14:00:00+00:00,206.794,207.0865,206.4585,206.9815
2025-12-03T18:00:00+00:00,206.983,207.349,206.918,207.291
2025-12-03T22:00:00+00:00,207.2955,207.34,206.8815,207.121
2025-12-04T02:00:00+00:00,207.1175,207.363,206.9955,207.044
2025-12-04T06:00:00+00:00,207.042,207.29,206.5625,206.6195
2025-12-04T10:00:00+00:00,206.615,206.7455,206.3485,206.5455
2025-12-04T14:00:00+00:00,206.547,207.0245,206.502,206.7375
2025-12-04T18:00:00+00:00,206.739,206.848,206.663,206.698
2025-12-04T22:00:00+00:00,206.665,206.8135,206.5255,206.688
2025-12-05T02:00:00+00:00,206.6885,206.789,206.2365,206.318
2025-12-05T06:00:00+00:00,206.3155,206.8625,206.192,206.7525
2025-12-05T10:00:00+00:00,206.754,207.2545,206.732,207.203
2025-12-05T14:00:00+00:00,207.202,207.3015,206.8435,207.015
2025-12-05T18:00:00+00:00,207.014,207.181,206.9675,207.1225
2025-12-07T22:00:00+00:00,206.8555,207.0625,206.605,206.615
2025-12-08T02:00:00+00:00,206.609,207.105,206.594,206.995
2025-12-08T06:00:00+00:00,206.9975,207.19,206.8725,207.052
2025-12-08T10:00:00+00:00,207.053,207.3345,207.052,207.2965
2025-12-08T14:00:00+00:00,207.2985,207.725,207.231,207.5195
2025-12-08T18:00:00+00:00,207.5185,207.813,207.487,207.7155
2025-12-08T22:00:00+00:00,207.717,207.8495,207.57,207.7215
2025-12-09T02:00:00+00:00,207.726,208.0755,207.655,208.018
2025-12-09T06:00:00+00:00,208.018,208.7165,207.924,208.331
2025-12-09T10:00:00+00:00,208.331,208.441,208.029,208.1685
2025-12-09T14:00:00+00:00,208.165,208.95,208.1425,208.6645
2025-12-09T18:00:00+00:00,208.665,208.7785,208.5595,208.593
2025-12-09T22:00:00+00:00,208.552,208.784,208.368,208.402
2025-12-10T02:00:00+00:00,208.403,208.5595,208.2365,208.5345
2025-12-10T06:00:00+00:00,208.5335,208.876,208.527,208.781
2025-12-10T10:00:00+00:00,208.78,208.789,208.481,208.6935
2025-12-10T14:00:00+00:00,208.694,208.7745,208.3365,208.602
2025-12-10T18:00:00+00:00,208.6035,208.9045,208.3955,208.808
2025-12-10T22:00:00+00:00,208.689,208.8565,208.256,208.384
2025-12-11T02:00:00+00:00,208.3835,208.5575,208.0285,208.5305
2025-12-11T06:00:00+00:00,208.5295,208.6585,208.214,208.423
2025-12-11T10:00:00+00:00,208.4215,208.605,208.095,208.2015
2025-12-11T14:00:00+00:00,208.2,208.48,207.906,208.3515
2025-12-11T18:00:00+00:00,208.349,208.492,208.2375,208.287
2025-12-11T22:00:00+00:00,208.337,208.599,208.193,208.4755
2025-12-12T02:00:00+00:00,208.4745,208.629,208.425,208.6255
2025-12-12T06:00:00+00:00,208.627,208.7295,208.226,208.624
2025-12-12T10:00:00+00:00,208.626,208.751,208.3805,208.63
2025-12-12T14:00:00+00:00,208.6295,208.671,207.883,208.3315
2025-12-12T18:00:00+00:00,208.3305,208.4395,208.1305,208.3665
2025-12-14T22:00:00+00:00,208.5075,208.681,208.0995,208.1055
2025-12-15T02:00:00+00:00,208.1075,208.149,207.161,207.1955
2025-12-15T06:00:00+00:00,207.195,207.5395,207.095,207.4665
2025-12-15T10:00:00+00:00,207.4685,207.74,207.302,207.714
2025-12-15T14:00:00+00:00,207.7185,207.89,207.365,207.6145
2025-12-15T18:00:00+00:00,207.6135,207.704,207.5425,207.626
2025-12-15T22:00:00+00:00,207.541,207.7415,206.9915,207.0205
2025-12-16T02:00:00+00:00,207.02,207.113,206.774,206.905
2025-12-16T06:00:00+00:00,206.9045,207.742,206.8555,207.646
2025-12-16T10:00:00+00:00,207.639,207.965,207.521,207.72
2025-12-16T14:00:00+00:00,207.7185,208.0045,207.196,207.6415
2025-12-16T18:00:00+00:00,207.639,207.887,207.524,207.693
2025-12-16T22:00:00+00:00,207.6585,207.8845,207.4105,207.646
2025-12-17T02:00:00+00:00,207.648,207.871,207.5485,207.649
2025-12-17T06:00:00+00:00,207.6485,207.995,207.06,207.26
2025-12-17T10:00:00+00:00,207.2625,207.6725,207.1445,207.606
2025-12-17T14:00:00+00:00,207.606,208.3895,207.584,208.216
2025-12-17T18:00:00+00:00,208.2175,208.4095,208.1405,208.2435
2025-12-17T22:00:00+00:00,208.175,208.333,207.8705,208.1795
2025-12-18T02:00:00+00:00,208.18,208.4175,208.1005,208.3185
2025-12-18T06:00:00+00:00,208.318,208.5585,207.975,208.153
2025-12-18T10:00:00+00:00,208.1505,208.998,207.9585,208.9285
2025-12-18T14:00:00+00:00,208.9305,209.0155,208.102,208.2695
2025-12-18T18:00:00+00:00,208.2675,208.38,208.1295,208.1445
2025-12-18T22:00:00+00:00,208.139,208.5055,207.955,208.424
2025-12-19T02:00:00+00:00,208.4215,208.8605,208.2105,208.659
2025-12-19T06:00:00+00:00,208.6575,210.3895,208.5335,210.3615
2025-12-19T10:00:00+00:00,210.3625,210.6005,210.1685,210.3795
2025-12-19T14:00:00+00:00,210.38,210.8035,210.0265,210.61
2025-12-19T18:00:00+00:00,210.6105,211.0715,210.592,210.999
2025-12-21T22:00:00+00:00,210.963,211.081,210.6095,210.71
2025-12-22T02:00:00+00:00,210.7115,210.9275,210.6305,210.8235
2025-12-22T06:00:00+00:00,210.825,211.4635,210.6885,211.3785
2025-12-22T10:00:00+00:00,211.38,211.595,210.8485,211.2245
2025-12-22T14:00:00+00:00,211.224,211.333,211.03,211.286
2025-12-22T18:00:00+00:00,211.2875,211.437,211.1435,211.408
2025-12-22T22:00:00+00:00,211.266,211.477,210.791,210.8095
2025-12-23T02:00:00+00:00,210.8165,210.89,210.2905,210.389
2025-12-23T06:00:00+00:00,210.3885,210.818,210.3065,210.5895
2025-12-23T10:00:00+00:00,210.5885,211.036,210.4415,210.9245
2025-12-23T14:00:00+00:00,210.925,211.16,210.5145,210.5275
2025-12-23T18:00:00+00:00,210.5285,211.238,210.5285,211.134
2025-12-23T22:00:00+00:00,211.0215,211.1505,210.475,210.5195
2025-12-24T02:00:00+00:00,210.504,210.7995,210.414,210.552
2025-12-24T06:00:00+00:00,210.5495,210.7095,210.402,210.645
2025-12-24T10:00:00+00:00,210.6475,210.7585,210.5415,210.611
2025-12-24T14:00:00+00:00,210.613,210.699,210.049,210.4405
2025-12-24T18:00:00+00:00,210.44,210.6075,210.286,210.501
2025-12-24T22:00:00+00:00,210.383,210.7265,210.1035,210.5295
2025-12-25T02:00:00+00:00,210.5345,210.67,210.3095,210.577
2025-12-25T06:00:00+00:00,210.564,211.036,210.526,210.985
2025-12-25T22:00:00+00:00,210.8365,211.424,210.3705,211.185
2025-12-26T02:00:00+00:00,211.183,211.256,210.6885,210.7905
2025-12-26T06:00:00+00:00,210.79,211.0775,210.628,210.993
2025-12-26T10:00:00+00:00,210.9925,211.391,210.93,211.306
2025-12-26T14:00:00+00:00,211.305,211.514,211.154,211.291
2025-12-26T18:00:00+00:00,211.294,211.4575,211.1735,211.375
2025-12-28T22:00:00+00:00,211.28,211.5175,210.715,211.1695
2025-12-29T02:00:00+00:00,211.179,211.356,210.8155,210.88
2025-12-29T06:00:00+00:00,210.889,210.933,210.44,210.894
2025-12-29T10:00:00+00:00,210.8935,211.19,210.612,210.8155
2025-12-29T14:00:00+00:00,210.809,210.8865,210.4615,210.6235
2025-12-29T18:00:00+00:00,210.6255,210.9215,210.618,210.8745
2025-12-29T22:00:00+00:00,210.804,211.0715,210.641,211.037
2025-12-30T02:00:00+00:00,211.037,211.1,210.795,210.8915
2025-12-30T06:00:00+00:00,210.893,210.967,210.544,210.7215
2025-12-30T10:00:00+00:00,210.7275,210.7795,210.4295,210.676
2025-12-30T14:00:00+00:00,210.6725,210.775,210.4555,210.5805
2025-12-30T18:00:00+00:00,210.58,210.7565,210.5545,210.628
2025-12-30T22:00:00+00:00,210.638,210.7195,210.456,210.5775
2025-12-31T02:00:00+00:00,210.5835,210.8395,210.577,210.7865
2025-12-31T06:00:00+00:00,210.7875,210.829,210.2625,210.471
2025-12-31T10:00:00+00:00,210.4755,211.1035,210.385,210.98
2025-12-31T14:00:00+00:00,210.9805,211.09,210.352,210.965
2025-12-31T18:00:00+00:00,210.9665,211.228,210.826,211.0955
2026-01-01T22:00:00+00:00,211.1515,211.3795,210.8995,211.263
2026-01-02T02:00:00+00:00,211.2645,211.442,211.2045,211.384
2026-01-02T06:00:00+00:00,211.3815,211.446,210.9795,211.13
2026-01-02T10:00:00+00:00,211.132,211.209,210.7525,211.16
2026-01-02T14:00:00+00:00,211.16,211.443,211.031,211.06
2026-01-02T18:00:00+00:00,211.0575,211.1835,211.003,211.083
2026-01-04T22:00:00+00:00,210.8945,211.342,210.783,211.034
2026-01-05T02:00:00+00:00,211.0325,211.177,210.8645,211.0675
2026-01-05T06:00:00+00:00,211.0695,211.1345,210.515,210.955
2026-01-05T10:00:00+00:00,210.9515,211.021,210.7115,210.976
2026-01-05T14:00:00+00:00,210.9775,211.593,210.8885,211.5565
2026-01-05T18:00:00+00:00,211.5575,211.8435,211.3435,211.762
2026-01-05T22:00:00+00:00,211.7335,212.1565,211.678,211.933
2026-01-06T02:00:00+00:00,211.9335,212.0545,211.816,211.957
2026-01-06T06:00:00+00:00,211.9545,212.09,211.6715,211.6725
2026-01-06T10:00:00+00:00,211.6715,211.781,211.3145,211.4735
2026-01-06T14:00:00+00:00,211.4725,211.7275,211.3795,211.6955
2026-01-06T18:00:00+00:00,211.6945,211.7485,211.3975,211.473
2026-01-06T22:00:00+00:00,211.4685,211.7305,211.3525,211.6665
2026-01-07T02:00:00+00:00,211.6645,211.7585,211.202,211.253
2026-01-07T06:00:00+00:00,211.2525,211.364,211.026,211.143
2026-01-07T10:00:00+00:00,211.144,211.4285,210.9785,211.081
2026-01-07T14:00:00+00:00,211.0855,211.3505,210.9385,211.019
2026-01-07T18:00:00+00:00,211.018,211.1015,210.946,210.9635
2026-01-07T22:00:00+00:00,211.0005,211.1645,210.828,211.142
2026-01-08T02:00:00+00:00,211.141,211.15,210.785,210.854
2026-01-08T06:00:00+00:00,210.8525,210.854,210.3125,210.6395
2026-01-08T10:00:00+00:00,210.6405,210.831,210.5155,210.6955
2026-01-08T14:00:00+00:00,210.7,211.0525,210.5655,210.692
2026-01-08T18:00:00+00:00,210.6885,210.9535,210.552,210.816
2026-01-08T22:00:00+00:00,210.704,211.0485,210.5595,211.0385
2026-01-09T02:00:00+00:00,211.037,211.386,211.018,211.362
2026-01-09T06:00:00+00:00,211.36,211.609,211.2525,211.4935
2026-01-09T10:00:00+00:00,211.4945,211.7435,211.2985,211.5935
2026-01-09T14:00:00+00:00,211.594,212.0655,211.496,211.8365
2026-01-09T18:00:00+00:00,211.8425,211.8545,211.5805,211.628
2026-01-11T22:00:00+00:00,211.8255,211.912,211.629,211.8155
2026-01-12T02:00:00+00:00,211.8135,212.3735,211.795,212.2605
2026-01-12T06:00:00+00:00,212.2605,212.482,212.095,212.426
2026-01-12T10:00:00+00:00,212.4255,212.8005,212.3885,212.799
2026-01-12T14:00:00+00:00,212.8,213.0155,212.664,212.8535
2026-01-12T18:00:00+00:00,212.853,213.021,212.7395,212.9765
2026-01-12T22:00:00+00:00,212.9445,213.4985,212.677,213.485
2026-01-13T02:00:00+00:00,213.4915,214.061,213.352,213.921
2026-01-13T06:00:00+00:00,213.922,214.299,213.852,214.1995
2026-01-13T10:00:00+00:00,214.1985,214.272,213.761,214.099
2026-01-13T14:00:00+00:00,214.0985,214.148,213.501,213.6305
2026-01-13T18:00:00+00:00,213.63,213.806,213.4995,213.593
2026-01-13T22:00:00+00:00,213.5825,214.0125,213.5355,213.8745
2026-01-14T02:00:00+00:00,213.876,214.116,213.828,214.0825
2026-01-14T06:00:00+00:00,214.0785,214.1,213.4475,213.645
2026-01-14T10:00:00+00:00,213.6435,213.6585,212.8295,213.231
2026-01-14T14:00:00+00:00,213.2315,213.335,212.5555,212.631
2026-01-14T18:00:00+00:00,212.63,213.1085,212.592,213.0335
2026-01-14T22:00:00+00:00,212.9215,213.0465,212.578,212.7555
2026-01-15T02:00:00+00:00,212.757,213.028,212.6735,212.73
2026-01-15T06:00:00+00:00,212.7295,213.314,212.7165,212.837
2026-01-15T10:00:00+00:00,212.8355,212.8475,212.323,212.399
2026-01-15T14:00:00+00:00,212.3995,212.474,212.002,212.206
2026-01-15T18:00:00+00:00,212.2055,212.319,212.1205,212.2715
2026-01-15T22:00:00+00:00,212.215,212.313,212.0505,212.201
2026-01-16T02:00:00+00:00,212.2035,212.232,211.483,211.9575
2026-01-16T06:00:00+00:00,211.9585,212.001,211.652,211.936
2026-01-16T10:00:00+00:00,211.938,212.0765,211.632,211.807
2026-01-16T14:00:00+00:00,211.806,211.906,211.3845,211.573
2026-01-16T18:00:00+00:00,211.5745,211.7165,211.4285,211.4665
2026-01-18T22:00:00+00:00,210.852,211.335,210.7005,211.171
2026-01-19T02:00:00+00:00,211.1685,211.6195,211.167,211.5095
2026-01-19T06:00:00+00:00,211.511,212.0555,211.4285,211.7165
2026-01-19T10:00:00+00:00,211.719,211.957,211.6585,211.834
2026-01-19T14:00:00+00:00,211.8375,212.397,211.751,212.266
2026-01-19T18:00:00+00:00,212.2635,212.3515,212.227,212.2865
2026-01-19T22:00:00+00:00,212.2455,212.3745,211.8525,212.03
2026-01-20T02:00:00+00:00,212.028,212.5565,211.991,212.513
2026-01-20T06:00:00+00:00,212.5135,213.498,212.382,212.546
2026-01-20T10:00:00+00:00,212.5445,212.9175,212.147,212.3355
2026-01-20T14:00:00+00:00,212.3375,212.855,212.1075,212.553
2026-01-20T18:00:00+00:00,212.555,212.6445,212.4215,212.556
2026-01-20T22:00:00+00:00,212.641,212.76,212.3985,212.49
2026-01-21T02:00:00+00:00,212.496,212.633,212.2725,212.594
2026-01-21T06:00:00+00:00,212.5905,212.6335,211.8755,211.889
2026-01-21T10:00:00+00:00,211.8885,212.253,211.592,212.232
2026-01-21T14:00:00+00:00,212.2335,212.768,212.0815,212.354
2026-01-21T18:00:00+00:00,212.353,212.671,212.2595,212.59
2026-01-21T22:00:00+00:00,212.5735,212.721,212.3845,212.6735
2026-01-22T02:00:00+00:00,212.674,213.216,212.609,213.138
2026-01-22T06:00:00+00:00,213.1395,213.44,212.9165,213.3495
2026-01-22T10:00:00+00:00,213.3505,213.4335,212.6845,213.0235
2026-01-22T14:00:00+00:00,213.025,213.6675,212.985,213.5985
2026-01-22T18:00:00+00:00,213.594,213.964,213.5765,213.881
2026-01-22T22:00:00+00:00,213.718,214.1625,213.675,214.132
2026-01-23T02:00:00+00:00,214.131,214.175,213.88,214.12
2026-01-23T06:00:00+00:00,214.122,214.8575,212.505,213.782
2026-01-23T10:00:00+00:00,213.7805,214.179,213.722,214.057
2026-01-23T14:00:00+00:00,214.059,214.6275,212.6645,212.785
2026-01-23T18:00:00+00:00,212.786,212.9375,212.092,212.3985
2026-01-25T22:00:00+00:00,211.5845,212.1125,210.8875,210.962
2026-01-26T02:00:00+00:00,210.963,211.0205,210.2075,210.616
2026-01-26T06:00:00+00:00,210.617,210.9105,209.6385,210.1
2026-01-26T10:00:00+00:00,210.1035,210.5855,209.6125,210.4735
2026-01-26T14:00:00+00:00,210.472,211.075,210.393,210.762
2026-01-26T18:00:00+00:00,210.763,211.0815,210.562,210.9395
2026-01-26T22:00:00+00:00,210.9205,211.209,210.778,211.144
2026-01-27T02:00:00+00:00,211.143,211.458,211.071,211.3355
2026-01-27T06:00:00+00:00,211.3365,211.7625,209.7965,210.614
2026-01-27T10:00:00+00:00,210.6185,211.0065,210.2625,210.499
2026-01-27T14:00:00+00:00,210.492,211.1555,210.27,210.6305
2026-01-27T18:00:00+00:00,210.6275,210.9635,210.077,210.7805
2026-01-27T22:00:00+00:00,210.752,211.2275,210.573,211.13
2026-01-28T02:00:00+00:00,211.131,211.1745,210.414,210.71
2026-01-28T06:00:00+00:00,210.709,210.85,210.3165,210.553
2026-01-28T10:00:00+00:00,210.5535,210.5665,210.0685,210.4785
2026-01-28T14:00:00+00:00,210.479,211.902,210.465,211.711
2026-01-28T18:00:00+00:00,211.7095,212.048,211.578,211.8475
2026-01-28T22:00:00+00:00,211.7885,211.9035,211.3365,211.551
2026-01-29T02:00:00+00:00,211.557,211.851,211.3335,211.7465
2026-01-29T06:00:00+00:00,211.7455,212.1695,211.59,211.629
2026-01-29T10:00:00+00:00,211.628,211.8215,211.425,211.6935
2026-01-29T14:00:00+00:00,211.6965,211.9175,210.0505,210.977
2026-01-29T18:00:00+00:00,210.9785,211.5215,210.9505,211.446
2026-01-29T22:00:00+00:00,211.265,211.6895,211.1405,211.585
2026-01-30T02:00:00+00:00,211.587,211.917,211.305,211.7315
2026-01-30T06:00:00+00:00,211.731,212.0025,211.5115,211.886
2026-01-30T10:00:00+00:00,211.88,212.1755,211.785,212.17
2026-01-30T14:00:00+00:00,212.172,212.474,211.5415,211.7315
2026-01-30T18:00:00+00:00,211.734,211.8795,211.503,211.801
2026-02-01T22:00:00+00:00,212.079,212.7805,211.9915,212.302
2026-02-02T02:00:00+00:00,212.3025,212.372,211.5935,211.772
2026-02-02T06:00:00+00:00,211.7735,212.271,211.291,212.1825
2026-02-02T10:00:00+00:00,212.184,212.349,211.9075,211.9115
2026-02-02T14:00:00+00:00,211.908,212.4995,211.7955,212.4265
2026-02-02T18:00:00+00:00,212.4285,212.702,212.412,212.673
2026-02-02T22:00:00+00:00,212.6705,212.867,212.494,212.78
2026-02-03T02:00:00+00:00,212.7815,212.853,212.55,212.7805
2026-02-03T06:00:00+00:00,212.78,213.144,212.728,213.032
2026-02-03T10:00:00+00:00,213.0345,213.333,212.8585,213.0985
2026-02-03T14:00:00+00:00,213.1,213.4665,212.992,213.273
2026-02-03T18:00:00+00:00,213.2765,213.4385,212.859,213.287
2026-02-03T22:00:00+00:00,213.3675,214.0735,213.229,214.011
2026-02-04T02:00:00+00:00,214.012,214.459,214.003,214.3705
2026-02-04T06:00:00+00:00,214.3705,214.8565,214.3365,214.7445
2026-02-04T10:00:00+00:00,214.743,215.007,214.57,214.5845
2026-02-04T14:00:00+00:00,214.5855,214.644,213.682,213.7985
2026-02-04T18:00:00+00:00,213.8015,214.3275,213.729,214.2155
2026-02-04T22:00:00+00:00,214.1935,214.241,213.9235,214.09
2026-02-05T02:00:00+00:00,214.091,214.129,213.481,213.806
2026-02-05T06:00:00+00:00,213.807,214.201,213.1995,213.4325
2026-02-05T10:00:00+00:00,213.4335,213.96,212.598,212.7395
2026-02-05T14:00:00+00:00,212.738,212.9165,211.7855,212.495
2026-02-05T18:00:00+00:00,212.4945,212.706,212.346,212.472
2026-02-05T22:00:00+00:00,212.4725,212.679,211.61,212.1215
2026-02-06T02:00:00+00:00,212.1225,212.7245,212.1115,212.719
2026-02-06T06:00:00+00:00,212.713,213.291,212.5345,213.231
2026-02-06T10:00:00+00:00,213.2325,213.609,213.003,213.255
2026-02-06T14:00:00+00:00,213.2535,213.9155,213.1725,213.879
2026-02-06T18:00:00+00:00,213.8805,214.097,213.8245,214.032
2026-02-08T22:00:00+00:00,214.2425,214.4495,212.602,213.04
2026-02-09T02:00:00+00:00,213.0395,213.514,213.0215,213.215
2026-02-09T06:00:00+00:00,213.2135,213.2145,212.5575,213.0465
2026-02-09T10:00:00+00:00,213.049,213.718,212.8305,212.8615
2026-02-09T14:00:00+00:00,212.8605,213.395,212.128,213.232
2026-02-09T18:00:00+00:00,213.2305,213.5835,213.1725,213.472
2026-02-09T22:00:00+00:00,213.3785,213.73,213.0835,213.113
2026-02-10T02:00:00+00:00,213.115,213.267,212.172,212.4345
2026-02-10T06:00:00+00:00,212.4295,212.792,212.181,212.248
2026-02-10T10:00:00+00:00,212.2475,212.5145,211.6505,211.732
2026-02-10T14:00:00+00:00,211.731,211.7765,210.5485,210.788
2026-02-10T18:00:00+00:00,210.7855,210.888,210.493,210.638
2026-02-10T22:00:00+00:00,210.636,210.727,209.9495,210.0975
2026-02-11T02:00:00+00:00,210.096,210.112,209.141,209.206
2026-02-11T06:00:00+00:00,209.2055,210.015,208.9895,209.83
2026-02-11T10:00:00+00:00,209.831,210.532,208.667,209.8565
2026-02-11T14:00:00+00:00,209.8585,210.123,208.448,208.7365
2026-02-11T18:00:00+00:00,208.736,208.9275,208.1825,208.863
2026-02-11T22:00:00+00:00,208.7095,209.01,208.3535,208.497
2026-02-12T02:00:00+00:00,208.498,208.6295,207.6375,208.559
2026-02-12T06:00:00+00:00,208.56,208.9655,208.3835,208.7125
2026-02-12T10:00:00+00:00,208.7105,209.56,208.597,209.21
2026-02-12T14:00:00+00:00,209.2115,209.2825,207.5645,208.1775
2026-02-12T18:00:00+00:00,208.177,208.3975,207.9135,208.058
2026-02-12T22:00:00+00:00,208.054,208.788,207.9005,208.7035
2026-02-13T02:00:00+00:00,208.699,208.7645,208.115,208.538
2026-02-13T06:00:00+00:00,208.54,209.3365,208.314,209.1215
2026-02-13T10:00:00+00:00,209.1225,209.239,208.4655,208.681
2026-02-13T14:00:00+00:00,208.682,208.98,208.049,208.557
2026-02-13T18:00:00+00:00,208.5615,208.7035,208.3415,208.539
2026-02-15T22:00:00+00:00,208.3325,208.902,208.2465,208.7785
2026-02-16T02:00:00+00:00,208.774,209.0155,208.709,208.95
2026-02-16T06:00:00+00:00,208.952,209.645,208.8855,209.55
2026-02-16T10:00:00+00:00,209.5475,209.686,208.9685,209.0475
2026-02-16T14:00:00+00:00,209.047,209.2775,208.975,209.138
2026-02-16T18:00:00+00:00,209.141,209.2665,209.133,209.22
2026-02-16T22:00:00+00:00,209.271,209.501,208.511,208.5375
2026-02-17T02:00:00+00:00,208.533,208.6755,208.0455,208.133
2026-02-17T06:00:00+00:00,208.131,208.24,207.3505,207.812
2026-02-17T10:00:00+00:00,207.8135,208.2175,207.2375,207.306
2026-02-17T14:00:00+00:00,207.3045,207.942,207.276,207.903
2026-02-17T18:00:00+00:00,207.9035,208.0295,207.7565,208.004
2026-02-17T22:00:00+00:00,207.827,208.053,207.625,208.05
2026-02-18T02:00:00+00:00,208.051,208.321,208.02,208.076
2026-02-18T06:00:00+00:00,208.0765,208.732,207.9865,208.6815
2026-02-18T10:00:00+00:00,208.6825,208.8375,208.494,208.629
2026-02-18T14:00:00+00:00,208.627,209.223,208.556,208.956
2026-02-18T18:00:00+00:00,208.958,209.127,208.5925,208.928
2026-02-18T22:00:00+00:00,208.8615,209.1595,208.646,209.131
2026-02-19T02:00:00+00:00,209.13,209.4695,208.859,209.4655
2026-02-19T06:00:00+00:00,209.4645,209.5425,208.883,209.066
2026-02-19T10:00:00+00:00,209.0655,209.097,208.086,208.626
2026-02-19T14:00:00+00:00,208.6265,208.897,208.277,208.5375
2026-02-19T18:00:00+00:00,208.5415,208.851,208.4505,208.723
2026-02-19T22:00:00+00:00,208.6835,208.9555,208.5365,208.621
2026-02-20T02:00:00+00:00,208.618,208.8295,208.39,208.801
2026-02-20T06:00:00+00:00,208.8,209.503,208.558,209.2735
2026-02-20T10:00:00+00:00,209.278,209.618,208.9635,209.606
2026-02-20T14:00:00+00:00,209.601,209.688,208.9775,209.0845
2026-02-20T18:00:00+00:00,209.083,209.273,208.968,209.0315
2026-02-22T22:00:00+00:00,209.052,209.176,208.22,208.491
2026-02-23T02:00:00+00:00,208.488,208.8225,208.3675,208.807
2026-02-23T06:00:00+00:00,208.802,209.2065,208.708,209.1265
2026-02-23T10:00:00+00:00,209.127,209.2285,208.6835,208.837
2026-02-23T14:00:00+00:00,208.835,209.1125,208.1445,208.3625
2026-02-23T18:00:00+00:00,208.364,208.8655,208.356,208.6155
2026-02-23T22:00:00+00:00,208.612,209.1495,208.5335,209.071
2026-02-24T02:00:00+00:00,209.075,209.399,208.943,209.3025
2026-02-24T06:00:00+00:00,209.3005,210.736,208.982,210.4045
2026-02-24T10:00:00+00:00,210.4035,210.482,209.9935,210.462
2026-02-24T14:00:00+00:00,210.4615,210.846,210.315,210.559
2026-02-24T18:00:00+00:00,210.56,210.5615,210.281,210.2915
2026-02-24T22:00:00+00:00,210.314,210.5125,210.1765,210.346
2026-02-25T02:00:00+00:00,210.345,210.8455,210.0105,210.3945
2026-02-25T06:00:00+00:00,210.393,211.7075,210.319,211.636
2026-02-25T10:00:00+00:00,211.636,212.031,211.5105,211.666
2026-02-25T14:00:00+00:00,211.664,212.03,211.476,211.915
2026-02-25T18:00:00+00:00,211.917,212.123,211.847,212.0135
2026-02-25T22:00:00+00:00,212.012,212.079,211.4615,211.518
2026-02-26T02:00:00+00:00,211.5225,211.572,211.1755,211.47
2026-02-26T06:00:00+00:00,211.4595,211.63,210.8335,211.124
2026-02-26T10:00:00+00:00,211.125,211.5695,211.047,211.393
2026-02-26T14:00:00+00:00,211.3915,211.558,210.3065,210.365
2026-02-26T18:00:00+00:00,210.3645,210.6925,210.269,210.487
2026-02-26T22:00:00+00:00,210.5045,210.628,209.986,210.216
2026-02-27T02:00:00+00:00,210.215,210.278,209.9425,210.2145
2026-02-27T06:00:00+00:00,210.2165,210.834,209.9335,210.458
2026-02-27T10:00:00+00:00,210.457,210.492,209.807,209.969
2026-02-27T14:00:00+00:00,209.9705,210.1955,209.801,210.051
2026-02-27T18:00:00+00:00,210.0495,210.535,210.033,210.432
2026-03-01T22:00:00+00:00,209.1875,210.4715,209.1875,210.1245
2026-03-02T02:00:00+00:00,210.123,210.541,210.049,210.395
2026-03-02T06:00:00+00:00,210.396,210.423,209.3545,209.963
2026-03-02T10:00:00+00:00,209.9645,211.0655,209.9035,210.803
2026-03-02T14:00:00+00:00,210.7935,211.385,210.5135,211.1105
2026-03-02T18:00:00+00:00,211.109,211.119,210.7615,210.9545
2026-03-02T22:00:00+00:00,211.008,211.3665,210.7485,210.917
2026-03-03T02:00:00+00:00,210.9205,210.9565,210.3065,210.3355
2026-03-03T06:00:00+00:00,210.334,210.3865,209.453,209.675
2026-03-03T10:00:00+00:00,209.674,210.1215,209.431,209.897
2026-03-03T14:00:00+00:00,209.8965,210.3925,209.224,210.287
2026-03-03T18:00:00+00:00,210.288,210.756,210.257,210.709
2026-03-03T22:00:00+00:00,210.42,210.6965,209.7995,209.9975
2026-03-04T02:00:00+00:00,209.996,210.1775,209.496,209.8465
2026-03-04T06:00:00+00:00,209.855,210.456,209.737,210.0315
2026-03-04T10:00:00+00:00,210.0345,210.5675,209.977,210.1905
2026-03-04T14:00:00+00:00,210.191,210.49,209.4895,209.7395
2026-03-04T18:00:00+00:00,209.7405,210.1615,209.688,210.0275
2026-03-04T22:00:00+00:00,209.982,210.134,209.365,209.5495
2026-03-05T02:00:00+00:00,209.5475,209.778,209.2815,209.291
2026-03-05T06:00:00+00:00,209.29,209.925,209.1885,209.883
2026-03-05T10:00:00+00:00,209.8855,210.5705,209.7125,210.547
2026-03-05T14:00:00+00:00,210.5435,210.6275,209.789,210.2
2026-03-05T18:00:00+00:00,210.1965,210.501,210.1255,210.48
2026-03-05T22:00:00+00:00,210.3565,210.5745,210.144,210.479
2026-03-06T02:00:00+00:00,210.477,210.9055,210.4735,210.821
2026-03-06T06:00:00+00:00,210.822,210.9945,210.2675,210.332
2026-03-06T10:00:00+00:00,210.332,210.9205,210.3095,210.5825
2026-03-06T14:00:00+00:00,210.583,211.3605,210.2885,211.2515
2026-03-06T18:00:00+00:00,211.251,211.6915,211.1245,211.6745
2026-03-08T21:00:00+00:00,210.863,211.162,210.609,211.0095
2026-03-09T01:00:00+00:00,211.017,211.391,210.745,211.065
2026-03-09T05:00:00+00:00,211.0625,211.491,211.001,211.282
2026-03-09T09:00:00+00:00,211.284,211.787,211.135,211.7365
2026-03-09T13:00:00+00:00,211.743,212.053,211.498,211.764
2026-03-09T17:00:00+00:00,211.765,212.187,211.7375,211.902
2026-03-09T21:00:00+00:00,211.9845,212.077,211.708,211.734
2026-03-10T01:00:00+00:00,211.73,211.934,211.5955,211.815
2026-03-10T05:00:00+00:00,211.8145,212.2685,211.689,212.2545
2026-03-10T09:00:00+00:00,212.2535,212.345,212.071,212.1215
2026-03-10T13:00:00+00:00,212.121,212.418,212.016,212.1355
2026-03-10T17:00:00+00:00,212.137,212.2395,211.9815,212.0715
2026-03-10T21:00:00+00:00,212.0755,212.525,212.0225,212.4695
2026-03-11T01:00:00+00:00,212.471,212.8945,212.471,212.7215
2026-03-11T05:00:00+00:00,212.7235,212.7915,212.3695,212.6825
2026-03-11T09:00:00+00:00,212.6865,212.982,212.3965,212.527
2026-03-11T13:00:00+00:00,212.528,213.0755,212.4795,213.0025
2026-03-11T17:00:00+00:00,213.005,213.308,212.971,213.1885
2026-03-11T21:00:00+00:00,213.188,213.2155,212.7425,212.7585
2026-03-12T01:00:00+00:00,212.7575,212.8145,212.5715,212.636
2026-03-12T05:00:00+00:00,212.6355,212.773,212.494,212.572
2026-03-12T09:00:00+00:00,212.571,212.689,212.4405,212.5715
2026-03-12T13:00:00+00:00,212.5725,212.7475,212.412,212.516
2026-03-12T17:00:00+00:00,212.5145,212.873,212.5125,212.594
2026-03-12T21:00:00+00:00,212.6005,212.792,212.435,212.6065
2026-03-13T01:00:00+00:00,212.6085,212.8825,212.575,212.6465
2026-03-13T05:00:00+00:00,212.647,212.6505,211.2875,211.2895
2026-03-13T09:00:00+00:00,211.293,211.623,211.1015,211.459
2026-03-13T13:00:00+00:00,211.458,211.5355,211.1345,211.3935
2026-03-13T17:00:00+00:00,211.3935,211.52,211.073,211.204
2026-03-15T21:00:00+00:00,211.2265,211.426,211.0065,211.29
2026-03-16T01:00:00+00:00,211.2905,211.5915,211.239,211.4415
2026-03-16T05:00:00+00:00,211.4425,211.487,210.81,211.174
2026-03-16T09:00:00+00:00,211.1745,211.369,211.021,211.2955
2026-03-16T13:00:00+00:00,211.2925,211.9475,211.281,211.8775
2026-03-16T17:00:00+00:00,211.8765,212.121,211.816,211.8305
2026-03-16T21:00:00+00:00,211.8565,211.9815,211.7535,211.9365
2026-03-17T01:00:00+00:00,211.9375,212.1455,211.8905,211.9655
2026-03-17T05:00:00+00:00,211.9635,212.0895,211.6365,212.0725
2026-03-17T09:00:00+00:00,212.071,212.271,211.826,212.0295
2026-03-17T13:00:00+00:00,212.03,212.2735,211.9715,212.15
2026-03-17T17:00:00+00:00,212.1495,212.4865,212.147,212.3655
2026-03-17T21:00:00+00:00,212.3695,212.499,212.1355,212.3815
2026-03-18T01:00:00+00:00,212.381,212.447,212.149,212.235
2026-03-18T05:00:00+00:00,212.234,212.286,211.956,212.205
2026-03-18T09:00:00+00:00,212.2045,212.497,212.192,212.2995
2026-03-18T13:00:00+00:00,212.3025,212.6695,212.1935,212.6625
2026-03-18T17:00:00+00:00,212.662,212.733,211.89,211.9285
2026-03-18T21:00:00+00:00,211.9675,212.276,211.804,212.2745
2026-03-19T01:00:00+00:00,212.2755,212.3555,211.8335,211.9035
2026-03-19T05:00:00+00:00,211.8995,212.0035,210.8525,210.97
2026-03-19T09:00:00+00:00,210.9705,211.71,210.9705,211.3345
2026-03-19T13:00:00+00:00,211.3335,211.909,210.8025,211.2985
2026-03-19T17:00:00+00:00,211.3,212.164,211.2905,211.8475
2026-03-19T21:00:00+00:00,211.847,212.0765,211.6815,211.914
2026-03-20T01:00:00+00:00,211.915,212.3625,211.824,212.279
2026-03-20T05:00:00+00:00,212.2785,212.7765,212.2645,212.649
2026-03-20T09:00:00+00:00,212.648,212.697,212.235,212.3575
2026-03-20T13:00:00+00:00,212.357,212.438,211.756,212.1975
2026-03-20T17:00:00+00:00,212.1935,212.6095,212.188,212.426
2026-03-22T21:00:00+00:00,212.142,212.4585,211.8205,212.458
2026-03-23T01:00:00+00:00,212.4555,212.747,212.256,212.385
2026-03-23T05:00:00+00:00,212.3845,212.608,211.8595,212.193
2026-03-23T09:00:00+00:00,212.199,213.0355,211.584,212.873
2026-03-23T13:00:00+00:00,212.8715,213.311,212.381,212.656
2026-03-23T17:00:00+00:00,212.658,212.843,212.499,212.7445
2026-03-23T21:00:00+00:00,212.792,212.9155,212.3635,212.508
2026-03-24T01:00:00+00:00,212.505,212.719,212.2925,212.641
2026-03-24T05:00:00+00:00,212.6425,212.9865,212.2635,212.441
2026-03-24T09:00:00+00:00,212.4445,212.8495,212.387,212.701
2026-03-24T13:00:00+00:00,212.702,212.8785,212.4095,212.6835
2026-03-24T17:00:00+00:00,212.684,212.937,212.4925,212.84
2026-03-24T21:00:00+00:00,212.8405,213.2005,212.588,213.047
2026-03-25T01:00:00+00:00,213.0525,213.1205,212.7425,212.774
2026-03-25T05:00:00+00:00,212.7755,213.2165,212.6395,212.878
2026-03-25T09:00:00+00:00,212.8795,213.2185,212.775,212.994
2026-03-25T13:00:00+00:00,212.9935,213.083,212.6515,213.054
2026-03-25T17:00:00+00:00,213.0555,213.202,213.0115,213.1335
2026-03-25T21:00:00+00:00,213.1495,213.1765,212.9155,213.04
2026-03-26T01:00:00+00:00,213.039,213.126,212.93,213.092
2026-03-26T05:00:00+00:00,213.094,213.105,212.7055,212.936
2026-03-26T09:00:00+00:00,212.9355,213.089,212.717,212.803
2026-03-26T13:00:00+00:00,212.804,213.31,212.8025,212.947
2026-03-26T17:00:00+00:00,212.944,213.098,212.7375,212.9885
2026-03-26T21:00:00+00:00,212.908,213.0955,212.598,212.7575
2026-03-27T01:00:00+00:00,212.757,212.9945,212.6925,212.9845
2026-03-27T05:00:00+00:00,212.986,213.1015,212.7255,212.8075
2026-03-27T09:00:00+00:00,212.807,212.876,212.232,212.3475
2026-03-27T13:00:00+00:00,212.347,213.0125,212.3055,212.6195
2026-03-27T17:00:00+00:00,212.6205,212.8055,212.514,212.566
2026-03-29T22:00:00+01:00,212.457,212.75,211.876,211.8805
2026-03-30T02:00:00+01:00,211.8825,212.0795,211.758,212.0175
2026-03-30T06:00:00+01:00,212.0185,212.1175,211.285,211.343
2026-03-30T10:00:00+01:00,211.347,211.3845,210.797,210.8225
2026-03-30T14:00:00+01:00,210.8195,210.8915,210.204,210.3145
2026-03-30T18:00:00+01:00,210.313,210.6355,210.292,210.6
2026-03-30T22:00:00+01:00,210.6065,211.0645,210.4165,211.0535
2026-03-31T02:00:00+01:00,211.0545,211.2235,210.647,210.656
2026-03-31T06:00:00+01:00,210.6545,210.964,210.414,210.8335
2026-03-31T10:00:00+01:00,210.838,211.2085,210.7235,210.956
2026-03-31T14:00:00+01:00,210.955,211.0595,209.6285,210.069
2026-03-31T18:00:00+01:00,210.0715,210.428,209.886,209.9125
2026-03-31T22:00:00+01:00,209.952,210.34,209.7955,210.269
2026-04-01T02:00:00+01:00,210.27,210.335,209.874,210.208
2026-04-01T06:00:00+01:00,210.2085,210.7785,210.1695,210.667
2026-04-01T10:00:00+01:00,210.6705,211.16,210.5815,210.868
2026-04-01T14:00:00+01:00,210.8695,211.4315,210.771,211.419
2026-04-01T18:00:00+01:00,211.4195,211.4445,211.0545,211.2585
2026-04-01T22:00:00+01:00,211.281,211.342,210.908,211.1885
2026-04-02T02:00:00+01:00,211.186,211.2855,210.844,210.876
2026-04-02T06:00:00+01:00,210.8765,211.075,210.3475,210.7665
2026-04-02T10:00:00+01:00,210.7685,210.9685,210.475,210.9105
2026-04-02T14:00:00+01:00,210.907,211.0555,210.5845,211.0225
2026-04-02T18:00:00+01:00,211.0235,211.2125,210.982,211.0475
2026-04-02T22:00:00+01:00,210.9595,211.2085,210.8595,211.206
2026-04-03T02:00:00+01:00,211.2045,211.22,211.0145,211.116
2026-04-03T06:00:00+01:00,211.1165,211.3065,211.0515,211.28
2026-04-03T10:00:00+01:00,211.2795,211.2885,210.8225,210.8835
2026-04-03T14:00:00+01:00,210.885,210.98,210.6215,210.6685
2026-04-03T18:00:00+01:00,210.6595,210.8905,210.4095,210.7135
2026-04-05T22:00:00+01:00,210.6205,210.8455,210.409,210.8235
2026-04-06T02:00:00+01:00,210.8165,210.8955,210.6075,210.8345
2026-04-06T06:00:00+01:00,210.834,211.397,210.826,211.176
2026-04-06T10:00:00+01:00,211.181,211.301,211.11,211.146
2026-04-06T14:00:00+01:00,211.1455,211.546,211.127,211.33
2026-04-06T18:00:00+01:00,211.334,211.417,211.2095,211.3455
2026-04-06T22:00:00+01:00,211.4415,211.554,211.2765,211.4725
2026-04-07T02:00:00+01:00,211.474,211.523,211.2375,211.3775
2026-04-07T06:00:00+01:00,211.379,211.885,211.2505,211.857
2026-04-07T10:00:00+01:00,211.856,211.8705,211.473,211.7205
2026-04-07T14:00:00+01:00,211.722,211.9955,211.5725,211.883
2026-04-07T18:00:00+01:00,211.8835,212.302,211.8595,212.1765
2026-04-07T22:00:00+01:00,212.1765,212.797,212.079,212.458
2026-04-08T02:00:00+01:00,212.4575,212.657,212.1485,212.4495
2026-04-08T06:00:00+01:00,212.4555,212.771,212.2805,212.6635
2026-04-08T10:00:00+01:00,212.665,213.1565,212.546,212.9005
2026-04-08T14:00:00+01:00,212.8965,213.005,212.6325,212.6755
2026-04-08T18:00:00+01:00,212.6745,212.7025,212.384,212.4045
2026-04-08T22:00:00+01:00,212.4755,212.741,212.3375,212.729
2026-04-09T02:00:00+01:00,212.7275,212.7735,212.572,212.697
2026-04-09T06:00:00+01:00,212.701,213.1595,212.6425,213.1245
2026-04-09T10:00:00+01:00,213.127,213.403,213.076,213.32
2026-04-09T14:00:00+01:00,213.319,213.7945,213.2465,213.458
2026-04-09T18:00:00+01:00,213.455,213.854,213.4525,213.5965
2026-04-09T22:00:00+01:00,213.5655,213.7555,213.504,213.7095
2026-04-10T02:00:00+01:00,213.71,213.748,213.551,213.6535
2026-04-10T06:00:00+01:00,213.655,213.8535,213.62,213.8215
2026-04-10T10:00:00+01:00,213.823,214.2105,213.743,214.198
2026-04-10T14:00:00+01:00,214.1975,214.465,214.1095,214.318
2026-04-10T18:00:00+01:00,214.318,214.588,214.3065,214.4325
2026-04-12T22:00:00+01:00,213.7715,214.176,213.6655,214.0465
2026-04-13T02:00:00+01:00,214.045,214.167,213.9835,214.114
2026-04-13T06:00:00+01:00,214.1155,214.469,214.0105,214.46
2026-04-13T10:00:00+01:00,214.4595,214.699,214.395,214.6305
2026-04-13T14:00:00+01:00,214.6335,215.0375,214.568,214.9465
2026-04-13T18:00:00+01:00,214.951,215.3935,214.885,215.3665
2026-04-13T22:00:00+01:00,215.2885,215.371,215.0555,215.1095
2026-04-14T02:00:00+01:00,215.108,215.164,214.914,214.997
2026-04-14T06:00:00+01:00,214.9985,215.381,214.928,215.342
2026-04-14T10:00:00+01:00,215.343,215.7175,215.1005,215.6465
2026-04-14T14:00:00+01:00,215.646,215.7895,215.4395,215.5035
2026-04-14T18:00:00+01:00,215.504,215.5425,215.3405,215.424
2026-04-14T22:00:00+01:00,215.4775,215.641,215.371,215.5675
2026-04-15T02:00:00+01:00,215.567,215.74,215.566,215.7045
2026-04-15T06:00:00+01:00,215.706,215.7925,215.1935,215.368
2026-04-15T10:00:00+01:00,215.3665,215.6865,215.2505,215.6735
2026-04-15T14:00:00+01:00,215.674,215.8325,215.4825,215.658
2026-04-15T18:00:00+01:00,215.6565,215.909,215.5445,215.5965
2026-04-15T22:00:00+01:00,215.6835,215.7325,215.4145,215.461
2026-04-16T02:00:00+01:00,215.46,215.5775,215.1255,215.4805
2026-04-16T06:00:00+01:00,215.482,215.7375,215.3685,215.435
2026-04-16T10:00:00+01:00,215.4315,215.5635,215.246,215.548
2026-04-16T14:00:00+01:00,215.547,215.651,215.165,215.3515
2026-04-16T18:00:00+01:00,215.355,215.4695,215.25,215.289
2026-04-16T22:00:00+01:00,215.4715,215.484,215.1845,215.4295
2026-04-17T02:00:00+01:00,215.434,215.6625,215.3345,215.6435
2026-04-17T06:00:00+01:00,215.643,215.6955,215.248,215.3375
2026-04-17T10:00:00+01:00,215.3365,215.4605,215.152,215.179
2026-04-17T14:00:00+01:00,215.1795,215.205,214.0055,214.2055
2026-04-17T18:00:00+01:00,214.205,214.4945,214.204,214.4265
2026-04-19T22:00:00+01:00,214.2415,214.7265,214.1695,214.587
2026-04-20T02:00:00+01:00,214.591,214.6585,214.4205,214.5975
2026-04-20T06:00:00+01:00,214.596,214.76,214.326,214.591
2026-04-20T10:00:00+01:00,214.59,214.877,214.514,214.744
2026-04-20T14:00:00+01:00,214.75,214.919,214.544,214.7905
2026-04-20T18:00:00+01:00,214.792,215.1045,214.784,214.955
2026-04-20T22:00:00+01:00,215.013,215.037,214.775,214.9745
2026-04-21T02:00:00+01:00,214.9755,215.0345,214.8205,214.836
2026-04-21T06:00:00+01:00,214.838,215.0065,214.605,214.9465
2026-04-21T10:00:00+01:00,214.9475,215.234,214.875,215.131
2026-04-21T14:00:00+01:00,215.1345,215.422,215.0605,215.2475
2026-04-21T18:00:00+01:00,215.247,215.3445,215.034,215.293
2026-04-21T22:00:00+01:00,215.295,215.372,215.1015,215.2005
2026-04-22T02:00:00+01:00,215.1995,215.3615,215.1215,215.2315
2026-04-22T06:00:00+01:00,215.233,215.608,215.092,215.5955
2026-04-22T10:00:00+01:00,215.5955,215.664,214.925,215.0475
2026-04-22T14:00:00+01:00,215.048,215.4265,215.007,215.41
2026-04-22T18:00:00+01:00,215.4105,215.54,215.3145,215.3615
2026-04-22T22:00:00+01:00,215.399,215.4445,215.157,215.236
2026-04-23T02:00:00+01:00,215.2375,215.295,215.0745,215.239
2026-04-23T06:00:00+01:00,215.24,215.691,215.189,215.662
2026-04-23T10:00:00+01:00,215.6585,215.7395,215.1315,215.1335
2026-04-23T14:00:00+01:00,215.132,215.543,215.0475,215.14
2026-04-23T18:00:00+01:00,215.139,215.166,214.9505,215.121
2026-04-23T22:00:00+01:00,215.125,215.2195,214.8805,215.2105
2026-04-24T02:00:00+01:00,215.211,215.2575,215.012,215.111
2026-04-24T06:00:00+01:00,215.1125,215.336,214.9485,215.251
2026-04-24T10:00:00+01:00,215.2505,215.4875,215.09,215.422
2026-04-24T14:00:00+01:00,215.421,215.5,215.2455,215.4665
2026-04-24T18:00:00+01:00,215.466,215.7775,215.424,215.719
2026-04-26T22:00:00+01:00,215.548,215.7305,215.4445,215.643
2026-04-27T02:00:00+01:00,215.644,215.7455,215.5735,215.624
2026-04-27T06:00:00+01:00,215.6245,215.7595,215.5245,215.714
2026-04-27T10:00:00+01:00,215.7155,216.0565,215.6445,215.7315
2026-04-27T14:00:00+01:00,215.7375,215.9715,215.5395,215.8635
2026-04-27T18:00:00+01:00,215.862,215.872,215.71,215.764
2026-04-27T22:00:00+01:00,215.79,215.874,215.683,215.8005
2026-04-28T02:00:00+01:00,215.797,215.8215,215.1365,215.2495
2026-04-28T06:00:00+01:00,215.2485,215.683,214.9515,215.3785
2026-04-28T10:00:00+01:00,215.3765,215.4205,215.0475,215.159
2026-04-28T14:00:00+01:00,215.157,215.651,215.1155,215.6415
2026-04-28T18:00:00+01:00,215.6405,215.8325,215.5975,215.7325
2026-04-28T22:00:00+01:00,215.733,215.843,215.617,215.7875
2026-04-29T02:00:00+01:00,215.787,215.846,215.66,215.72
2026-04-29T06:00:00+01:00,215.7195,215.7505,215.4905,215.7015
2026-04-29T10:00:00+01:00,215.701,216.013,215.6485,215.976
2026-04-29T14:00:00+01:00,215.975,216.284,215.8025,216.1185
2026-04-29T18:00:00+01:00,216.119,216.2545,215.897,216.189
2026-04-29T22:00:00+01:00,216.227,216.257,215.9835,216.15
2026-04-30T02:00:00+01:00,216.148,216.192,215.9935,216.099
2026-04-30T06:00:00+01:00,216.0985,216.601,215.026,215.2045
2026-04-30T10:00:00+01:00,215.1975,215.282,210.45,211.912
2026-04-30T14:00:00+01:00,211.912,213.0765,211.1255,212.601
2026-04-30T18:00:00+01:00,212.6005,213.109,212.4965,213.0795
2026-04-30T22:00:00+01:00,213.053,213.9645,212.911,213.6915
2026-05-01T02:00:00+01:00,213.691,214.049,213.608,213.8135
2026-05-01T06:00:00+01:00,213.814,213.851,211.8075,212.933
2026-05-01T10:00:00+01:00,212.9345,213.485,212.809,213.4375
2026-05-01T14:00:00+01:00,213.44,213.663,213.029,213.4275
2026-05-01T18:00:00+01:00,213.425,213.438,213.0505,213.218
2026-05-03T22:00:00+01:00,213.2615,213.328,213.016,213.1885
2026-05-04T02:00:00+01:00,213.1875,213.6225,211.783,212.967
2026-05-04T06:00:00+01:00,212.9685,213.247,212.746,212.8395
2026-05-04T10:00:00+01:00,212.841,213.068,212.5675,213.0415
2026-05-04T14:00:00+01:00,213.039,213.1145,212.541,212.615
2026-05-04T18:00:00+01:00,212.6135,212.8485,211.935,212.7635
2026-05-04T22:00:00+01:00,212.7845,212.8325,212.6175,212.6265
2026-05-05T02:00:00+01:00,212.627,212.7515,212.5825,212.586
2026-05-05T06:00:00+01:00,212.583,213.095,212.5605,212.9935
2026-05-05T10:00:00+01:00,212.993,213.725,212.817,213.685
2026-05-05T14:00:00+01:00,213.689,214.0745,213.6655,213.9005
2026-05-05T18:00:00+01:00,213.9005,213.986,213.737,213.767
2026-05-05T22:00:00+01:00,213.82,214.0275,213.694,213.933
2026-05-06T02:00:00+01:00,213.9335,214.233,210.7645,211.9095
2026-05-06T06:00:00+01:00,211.904,212.726,211.681,212.5375
2026-05-06T10:00:00+01:00,212.5355,212.778,212.259,212.7265
2026-05-06T14:00:00+01:00,212.7275,212.76,212.368,212.488
2026-05-06T18:00:00+01:00,212.4865,212.7255,212.4725,212.5925
2026-05-06T22:00:00+01:00,212.6165,212.748,212.3575,212.4805
2026-05-07T02:00:00+01:00,212.4815,212.694,212.2925,212.613
2026-05-07T06:00:00+01:00,212.6125,212.96,212.4065,212.9555
2026-05-07T10:00:00+01:00,212.956,213.124,212.8295,212.917
2026-05-07T14:00:00+01:00,212.9195,213.092,212.864,212.9365
2026-05-07T18:00:00+01:00,212.935,212.9735,212.6165,212.663
2026-05-07T22:00:00+01:00,212.6985,212.7785,212.413,212.713
2026-05-08T02:00:00+01:00,212.714,212.859,212.544,212.767
2026-05-08T06:00:00+01:00,212.7655,213.3335,212.762,213.3295
2026-05-08T10:00:00+01:00,213.329,213.4035,213.193,213.2495
2026-05-08T14:00:00+01:00,213.25,213.489,213.116,213.3815
2026-05-08T18:00:00+01:00,213.38,213.7215,213.3295,213.593
2026-05-10T22:00:00+01:00,212.494,213.4975,212.272,213.423
2026-05-11T02:00:00+01:00,213.4225,213.656,213.362,213.396
2026-05-11T06:00:00+01:00,213.397,213.81,213.329,213.7635
2026-05-11T10:00:00+01:00,213.7655,213.8715,213.474,213.854
2026-05-11T14:00:00+01:00,213.8555,214.425,213.851,214.383
2026-05-11T18:00:00+01:00,214.3835,214.423,213.9475,213.992
2026-05-11T22:00:00+01:00,214.0335,214.0765,213.8305,214
2026-05-12T02:00:00+01:00,214.001,214.2035,213.9625,214.0755
2026-05-12T06:00:00+01:00,214.0765,214.142,212.7495,213.259
2026-05-12T10:00:00+01:00,213.2635,213.4945,213.008,213.2855
2026-05-12T14:00:00+01:00,213.287,213.402,212.9445,213.2505
2026-05-12T18:00:00+01:00,213.2515,213.4635,213.141,213.431
2026-05-12T22:00:00+01:00,213.426,213.5295,213.269,213.491
2026-05-13T02:00:00+01:00,213.4915,213.526,213.322,213.461
2026-05-13T06:00:00+01:00,213.461,213.7005,213.309,213.4275
2026-05-13T10:00:00+01:00,213.431,213.452,212.8875,212.939
2026-05-13T14:00:00+01:00,212.94,213.479,212.9385,213.347
2026-05-13T18:00:00+01:00,213.3445,213.5655,213.317,213.4875
2026-05-13T22:00:00+01:00,213.5085,213.5825,213.2995,213.5725
2026-05-14T02:00:00+01:00,213.57,213.71,213.1435,213.569
2026-05-14T06:00:00+01:00,213.571,213.5985,213.2635,213.479
2026-05-14T10:00:00+01:00,213.48,213.5015,213.197,213.386
2026-05-14T14:00:00+01:00,213.384,213.4195,212.4705,212.6285
2026-05-14T18:00:00+01:00,212.629,212.6615,211.8825,212.2685
2026-05-14T22:00:00+01:00,212.2885,212.3455,211.9085,212.038
2026-05-15T02:00:00+01:00,212.046,212.0525,211.783,211.8365
2026-05-15T06:00:00+01:00,211.8385,211.901,211.4365,211.615
2026-05-15T10:00:00+01:00,211.6185,212.068,211.2925,211.7525
2026-05-15T14:00:00+01:00,211.753,211.9525,211.3315,211.566
2026-05-15T18:00:00+01:00,211.565,211.625,211.4025,211.5555
2026-05-17T22:00:00+01:00,211.4055,211.59,211.28,211.526
2026-05-18T02:00:00+01:00,211.5255,211.818,211.3945,211.6965
2026-05-18T06:00:00+01:00,211.6985,212.5615,211.6725,212.468
2026-05-18T10:00:00+01:00,212.4675,212.718,212.1195,212.5725
2026-05-18T14:00:00+01:00,212.573,213.5545,212.4245,213.4395
2026-05-18T18:00:00+01:00,213.4355,213.499,213.1745,213.3655
2026-05-18T22:00:00+01:00,213.3735,213.4795,213.1715,213.387
2026-05-19T02:00:00+01:00,213.3865,213.396,213.136,213.153
2026-05-19T06:00:00+01:00,213.156,213.369,212.999,213.1345
2026-05-19T10:00:00+01:00,213.134,213.5125,212.857,213.2685
2026-05-19T14:00:00+01:00,213.262,213.3025,212.65,212.8125
2026-05-19T18:00:00+01:00,212.8115,213.2175,212.8105,213.069
2026-05-19T22:00:00+01:00,213.1385,213.28,212.867,212.8865
2026-05-20T02:00:00+01:00,212.8875,212.963,212.7605,212.8875
2026-05-20T06:00:00+01:00,212.887,213.01,212.638,212.833
2026-05-20T10:00:00+01:00,212.8355,213.176,212.83,213.0465
2026-05-20T14:00:00+01:00,213.0425,213.6015,213.0065,213.5045
2026-05-20T18:00:00+01:00,213.509,213.6175,213.452,213.5075
2026-05-20T22:00:00+01:00,213.5365,213.574,213.391,213.4745
2026-05-21T02:00:00+01:00,213.4735,213.5715,213.293,213.559
2026-05-21T06:00:00+01:00,213.5605,213.8275,213.3775,213.599
2026-05-21T10:00:00+01:00,213.5965,213.7815,213.4575,213.4945
2026-05-21T14:00:00+01:00,213.494,213.589,213.289,213.3825
2026-05-21T18:00:00+01:00,213.3835,213.7115,213.369,213.5445
2026-05-21T22:00:00+01:00,213.555,213.6325,213.325,213.574
2026-05-22T02:00:00+01:00,213.573,213.6305,213.47,213.62
2026-05-22T06:00:00+01:00,213.6195,213.7365,213.4515,213.582
2026-05-22T10:00:00+01:00,213.583,213.738,213.496,213.731
2026-05-22T14:00:00+01:00,213.73,214.049,213.5575,213.9835
2026-05-22T18:00:00+01:00,213.983,214.0145,213.777,213.8275
2026-05-24T22:00:00+01:00,213.7825,214.306,213.6845,214.1825
2026-05-25T02:00:00+01:00,214.1805,214.231,214.0525,214.1985
2026-05-25T06:00:00+01:00,214.1975,214.4445,214.1935,214.437
2026-05-25T10:00:00+01:00,214.436,214.612,214.3895,214.532
2026-05-25T14:00:00+01:00,214.5315,214.6,214.423,214.577
2026-05-25T18:00:00+01:00,214.576,214.687,214.5675,214.64
2026-05-25T22:00:00+01:00,214.633,214.6845,214.428,214.5225
2026-05-26T02:00:00+01:00,214.5225,214.5505,214.3235,214.353
2026-05-26T06:00:00+01:00,214.355,214.645,214.2655,214.5395
2026-05-26T10:00:00+01:00,214.5405,214.6795,214.3915,214.437
2026-05-26T14:00:00+01:00,214.4355,214.5125,214.075,214.1305
2026-05-26T18:00:00+01:00,214.135,214.327,214.111,214.1975
2026-05-26T22:00:00+01:00,214.232,214.3585,214.184,214.3235
2026-05-27T02:00:00+01:00,214.323,214.329,214.168,214.2485
2026-05-27T06:00:00+01:00,214.248,214.421,214.194,214.327
2026-05-27T10:00:00+01:00,214.3275,214.3765,214.1335,214.26
2026-05-27T14:00:00+01:00,214.2605,214.4835,214.0105,214.22
2026-05-27T18:00:00+01:00,214.2215,214.284,214.078,214.181
2026-05-27T22:00:00+01:00,214.1855,214.2165,213.9785,214.0245
2026-05-28T02:00:00+01:00,214.0255,214.0335,213.33,213.478
2026-05-28T06:00:00+01:00,213.477,213.889,213.424,213.7025
2026-05-28T10:00:00+01:00,213.7015,213.893,213.4255,213.886
2026-05-28T14:00:00+01:00,213.888,214.1375,213.8095,214.022
2026-05-28T18:00:00+01:00,214.021,214.125,213.986,214.098
2026-05-28T22:00:00+01:00,214.0785,214.1855,213.975,214.107
2026-05-29T02:00:00+01:00,214.1065,214.2195,214.0245,214.076
2026-05-29T06:00:00+01:00,214.0815,214.1685,213.5945,213.644
2026-05-29T10:00:00+01:00,213.6435,213.959,213.5895,213.9535
2026-05-29T14:00:00+01:00,213.953,214.637,213.9035,214.4015
2026-05-29T18:00:00+01:00,214.4035,214.542,214.258,214.308
2026-05-31T22:00:00+01:00,214.472,214.5835,214.3205,214.4935
2026-06-01T02:00:00+01:00,214.493,214.613,214.4785,214.588
2026-06-01T06:00:00+01:00,214.5905,214.8825,214.582,214.7965
2026-06-01T10:00:00+01:00,214.798,214.862,214.579,214.7325
2026-06-01T14:00:00+01:00,214.732,214.8445,214.172,214.8375
2026-06-01T18:00:00+01:00,214.84,215.007,214.765,214.8225
2026-06-01T22:00:00+01:00,214.887,214.9935,214.7365,214.811
2026-06-02T02:00:00+01:00,214.8105,215.0675,214.802,215.0605
2026-06-02T06:00:00+01:00,215.061,215.324,215.017,215.07
2026-06-02T10:00:00+01:00,215.0715,215.3155,215.0315,215.2585
2026-06-02T14:00:00+01:00,215.2575,215.53,215.218,215.335
2026-06-02T18:00:00+01:00,215.3365,215.448,215.2215,215.3305
2026-06-02T22:00:00+01:00,215.3875,215.425,215.1945,215.3745
2026-06-03T02:00:00+01:00,215.375,215.379,215.1875,215.2145
2026-06-03T06:00:00+01:00,215.2135,215.2505,214.43,214.756
2026-06-03T10:00:00+01:00,214.7555,215.0335,214.7215,214.8075
2026-06-03T14:00:00+01:00,214.8025,215.014,214.6755,214.746
2026-06-03T18:00:00+01:00,214.7485,214.8415,214.6595,214.776
2026-06-03T22:00:00+01:00,214.807,214.8635,214.6225,214.69
2026-06-04T02:00:00+01:00,214.689,214.7705,214.363,214.722
2026-06-04T06:00:00+01:00,214.7225,214.7715,214.4665,214.717
2026-06-04T10:00:00+01:00,214.7155,215.162,214.713,215.116
2026-06-04T14:00:00+01:00,215.1145,215.1405,214.8765,214.9225
2026-06-04T18:00:00+01:00,214.924,214.961,214.7755,214.8375
2026-06-04T22:00:00+01:00,214.838,214.995,214.6705,214.724
2026-06-05T02:00:00+01:00,214.7235,214.851,214.5905,214.8175
2026-06-05T06:00:00+01:00,214.8185,215.2355,214.7355,215.2165
2026-06-05T10:00:00+01:00,215.2155,215.614,214.7575,214.761
2026-06-05T14:00:00+01:00,214.7625,214.843,213.8665,214.067
2026-06-05T18:00:00+01:00,214.066,214.0915,213.529,213.885
2026-06-07T22:00:00+01:00,213.626,214.0235,213.4445,214.0185
2026-06-08T02:00:00+01:00,214.018,214.0485,213.5625,213.893
2026-06-08T06:00:00+01:00,213.894,213.989,212.958,213.177
2026-06-08T10:00:00+01:00,213.1765,213.827,212.936,213.557
2026-06-08T14:00:00+01:00,213.5575,213.789,213.51,213.7075
2026-06-08T18:00:00+01:00,213.7095,213.8515,213.6295,213.684
2026-06-08T22:00:00+01:00,213.708,213.8555,213.502,213.698
2026-06-09T02:00:00+01:00,213.6985,214.0625,213.677,214.0235
2026-06-09T06:00:00+01:00,214.0255,214.371,213.9225,214.3165
2026-06-09T10:00:00+01:00,214.32,214.737,214.3045,214.7135
2026-06-09T14:00:00+01:00,214.7165,214.797,214.3285,214.481
2026-06-09T18:00:00+01:00,214.484,214.747,214.4705,214.563
2026-06-09T22:00:00+01:00,214.5245,214.6585,214.352,214.577
2026-06-10T02:00:00+01:00,214.58,214.726,214.379,214.6105
2026-06-10T06:00:00+01:00,214.61,214.8415,214.5665,214.748
2026-06-10T10:00:00+01:00,214.747,215.035,214.6535,214.8155
2026-06-10T14:00:00+01:00,214.8135,215.2375,214.65,214.884
2026-06-10T18:00:00+01:00,214.885,214.992,214.6065,214.629
2026-06-10T22:00:00+01:00,214.649,214.7405,214.3355,214.623
2026-06-11T02:00:00+01:00,214.6235,214.871,214.6235,214.8155
2026-06-11T06:00:00+01:00,214.815,214.947,214.4915,214.532
2026-06-11T10:00:00+01:00,214.5305,214.613,214.231,214.4915
2026-06-11T14:00:00+01:00,214.4925,214.503,213.8735,214.039
2026-06-11T18:00:00+01:00,214.0375,214.629,213.9265,214.5845
2026-06-11T22:00:00+01:00,214.559,214.858,214.501,214.7625
2026-06-12T02:00:00+01:00,214.765,215.0075,214.6195,214.9265
2026-06-12T06:00:00+01:00,214.926,214.972,214.6335,214.742
2026-06-12T10:00:00+01:00,214.74,214.8595,214.5685,214.6395
2026-06-12T14:00:00+01:00,214.6375,215.025,214.6045,214.9565
2026-06-12T18:00:00+01:00,214.9585,215.0165,214.7215,214.805
2026-06-14T22:00:00+01:00,214.7475,215.3285,214.4185,215.2525
2026-06-15T02:00:00+01:00,215.2505,215.3655,215.1575,215.273
2026-06-15T06:00:00+01:00,215.274,215.3765,214.8915,214.95
2026-06-15T10:00:00+01:00,214.953,215.0865,214.9125,215.066
2026-06-15T14:00:00+01:00,215.064,215.2515,214.972,215.165
2026-06-15T18:00:00+01:00,215.1665,215.248,214.962,215.0715
2026-06-15T22:00:00+01:00,215.0625,215.2075,214.817,214.8875
2026-06-16T02:00:00+01:00,214.887,214.9415,214.5305,214.698
2026-06-16T06:00:00+01:00,214.6955,215.2185,214.5945,215.216
2026-06-16T10:00:00+01:00,215.2155,215.296,214.988,215.093
2026-06-16T14:00:00+01:00,215.0935,215.5655,215.0285,215.399
2026-06-16T18:00:00+01:00,215.401,215.491,215.3755,215.4005
2026-06-16T22:00:00+01:00,215.4715,215.502,215.2695,215.364
2026-06-17T02:00:00+01:00,215.361,215.4035,215.2365,215.256
2026-06-17T06:00:00+01:00,215.2535,215.431,214.7745,214.9535
2026-06-17T10:00:00+01:00,214.953,214.997,214.789,214.9755
2026-06-17T14:00:00+01:00,214.974,215.0445,214.516,214.612
2026-06-17T18:00:00+01:00,214.6125,214.7465,213.22,213.582
2026-06-17T22:00:00+01:00,213.5515,213.9005,213.295,213.8365
2026-06-18T02:00:00+01:00,213.8355,213.988,213.755,213.821
2026-06-18T06:00:00+01:00,213.825,214.062,212.8385,212.9505
2026-06-18T10:00:00+01:00,212.956,213.1195,212.502,212.891
2026-06-18T14:00:00+01:00,212.8905,213.444,212.798,213.432
2026-06-18T18:00:00+01:00,213.433,213.5745,212.4175,213.0785
2026-06-18T22:00:00+01:00,213.122,213.2755,212.6925,212.809
2026-06-19T02:00:00+01:00,212.808,212.8705,212.496,212.533
2026-06-19T06:00:00+01:00,212.535,213.437,212.4665,213.421
2026-06-19T10:00:00+01:00,213.4255,213.532,213.2785,213.311
2026-06-19T14:00:00+01:00,213.3125,213.4485,213.1265,213.422
2026-06-19T18:00:00+01:00,213.4215,213.601,213.3355,213.504
2026-06-21T22:00:00+01:00,212.735,213.548,212.698,213.5345
2026-06-22T02:00:00+01:00,213.536,213.703,213.4335,213.521
2026-06-22T06:00:00+01:00,213.5215,213.7315,213.256,213.6315
2026-06-22T10:00:00+01:00,213.6305,214.6805,213.627,214.5325
2026-06-22T14:00:00+01:00,214.534,214.645,213.5835,213.9725
2026-06-22T18:00:00+01:00,213.974,214.1655,213.7515,214.099
2026-06-22T22:00:00+01:00,214.112,214.1985,213.906,214.015
2026-06-23T02:00:00+01:00,214.014,214.0625,213.858,213.921
2026-06-23T06:00:00+01:00,213.922,214.216,213.284,213.4235
2026-06-23T10:00:00+01:00,213.4225,213.5725,213.249,213.447
2026-06-23T14:00:00+01:00,213.449,213.542,212.9825,213.0965
2026-06-23T18:00:00+01:00,213.0945,213.35,212.9935,213.3285
2026-06-23T22:00:00+01:00,213.299,213.381,213.1895,213.3335
2026-06-24T02:00:00+01:00,213.334,213.335,213.0565,213.1475
2026-06-24T06:00:00+01:00,213.1485,213.5055,213.0495,213.4005
2026-06-24T10:00:00+01:00,213.399,213.4415,212.5585,212.714
2026-06-24T14:00:00+01:00,212.714,213.1035,212.545,213.0455
2026-06-24T18:00:00+01:00,213.044,213.113,212.8305,213.0245
2026-06-24T22:00:00+01:00,213.0255,213.1305,212.814,212.8655
2026-06-25T02:00:00+01:00,212.8695,213.2515,212.864,213.243
2026-06-25T06:00:00+01:00,213.2435,213.5185,213.1025,213.4225
2026-06-25T10:00:00+01:00,213.4245,213.5475,212.842,213.246
2026-06-25T14:00:00+01:00,213.2445,213.731,213.206,213.6255
2026-06-25T18:00:00+01:00,213.626,213.6335,213.413,213.4365
2026-06-25T22:00:00+01:00,213.507,213.6735,213.339,213.5085
2026-06-26T02:00:00+01:00,213.5065,213.609,213.217,213.372
2026-06-26T06:00:00+01:00,213.373,213.652,213.2835,213.5625
2026-06-26T10:00:00+01:00,213.565,213.756,213.4165,213.564
2026-06-26T14:00:00+01:00,213.5635,213.8215,213.435,213.615
2026-06-26T18:00:00+01:00,213.6125,213.6615,213.402,213.443
2026-06-28T22:00:00+01:00,213.605,213.6745,213.406,213.5085
2026-06-29T02:00:00+01:00,213.507,213.6845,213.469,213.579
2026-06-29T06:00:00+01:00,213.5785,214.021,213.576,213.7625
2026-06-29T10:00:00+01:00,213.771,214.3295,213.743,214.245
2026-06-29T14:00:00+01:00,214.2465,214.6965,214.188,214.647
2026-06-29T18:00:00+01:00,214.647,214.775,214.5925,214.694
2026-06-29T22:00:00+01:00,214.677,215.05,214.5155,214.7555
2026-06-30T02:00:00+01:00,214.754,214.83,214.4635,214.581
2026-06-30T06:00:00+01:00,214.576,214.9195,214.531,214.7535
2026-06-30T10:00:00+01:00,214.753,214.919,214.199,214.6285
2026-06-30T14:00:00+01:00,214.628,215.779,214.599,215.524
2026-06-30T18:00:00+01:00,215.5245,215.683,215.474,215.5765
2026-06-30T22:00:00+01:00,215.581,215.674,215.4495,215.4875
2026-07-01T02:00:00+01:00,215.4885,215.5155,215.221,215.4795
2026-07-01T06:00:00+01:00,215.4735,215.5535,215.202,215.4805
2026-07-01T10:00:00+01:00,215.4735,215.665,215.3665,215.367
2026-07-01T14:00:00+01:00,215.3665,215.856,215.115,215.766
2026-07-01T18:00:00+01:00,215.7715,215.9395,215.736,215.8285
2026-07-01T22:00:00+01:00,215.827,215.9375,215.7445,215.857
2026-07-02T02:00:00+01:00,215.8565,216.075,215.7795,215.863
2026-07-02T06:00:00+01:00,215.862,215.8645,214.658,215.087
2026-07-02T10:00:00+01:00,215.0835,215.321,214.6335,215.209
2026-07-02T14:00:00+01:00,215.21,215.416,214.955,214.9645
2026-07-02T18:00:00+01:00,214.964,215.0965,214.8695,215.0045
2026-07-02T22:00:00+01:00,215.054,215.4075,214.879,215.1555
2026-07-03T02:00:00+01:00,215.155,215.4555,215.034,215.3495
2026-07-03T06:00:00+01:00,215.3485,215.4555,214.7025,215.15
2026-07-03T10:00:00+01:00,215.1445,215.279,215.0155,215.2595
2026-07-03T14:00:00+01:00,215.2585,215.5045,215.217,215.482
2026-07-03T18:00:00+01:00,215.48,215.5295,215.3615,215.431
2026-07-05T22:00:00+01:00,215.351,215.7805,215.3085,215.695
2026-07-06T02:00:00+01:00,215.697,216.0805,215.679,216.075
2026-07-06T06:00:00+01:00,216.076,216.5465,215.964,216.4
2026-07-06T10:00:00+01:00,216.4015,216.7535,216.324,216.6755
2026-07-06T14:00:00+01:00,216.6775,217.069,216.604,217.035
2026-07-06T18:00:00+01:00,217.034,217.1625,216.9825,217.068
2026-07-06T22:00:00+01:00,217.07,217.2175,216.8975,217.0635
2026-07-07T02:00:00+01:00,217.0635,217.105,216.534,216.6305
2026-07-07T06:00:00+01:00,216.632,216.8425,216.38,216.8105
2026-07-07T10:00:00+01:00,216.811,216.8325,216.519,216.6295
2026-07-07T14:00:00+01:00,216.628,216.7345,216.425,216.528
2026-07-07T18:00:00+01:00,216.5295,216.588,216.384,216.5575
2026-07-07T22:00:00+01:00,216.545,216.808,216.3935,216.7805
2026-07-08T02:00:00+01:00,216.779,216.8735,216.7105,216.818
2026-07-08T06:00:00+01:00,216.819,216.9755,216.615,216.7585
2026-07-08T10:00:00+01:00,216.7565,216.9885,216.533,216.821
2026-07-08T14:00:00+01:00,216.8165,217.578,216.807,217.5525
2026-07-08T18:00:00+01:00,217.5545,217.836,217.5305,217.676
2026-07-08T22:00:00+01:00,217.7505,217.826,217.565,217.64
2026-07-09T02:00:00+01:00,217.641,217.7135,217.5465,217.6445
2026-07-09T06:00:00+01:00,217.645,218.015,217.6215,217.815
2026-07-09T10:00:00+01:00,217.816,217.8835,217.359,217.4245
2026-07-09T14:00:00+01:00,217.4275,217.675,217.41,217.663
2026-07-09T18:00:00+01:00,217.6615,217.825,217.628,217.7245
2026-07-09T22:00:00+01:00,217.7775,217.8395,217.318,217.5215
2026-07-10T02:00:00+01:00,217.522,217.5475,216.9425,217.0825
2026-07-10T06:00:00+01:00,217.0835,217.2065,216.7145,216.8225
2026-07-10T10:00:00+01:00,216.8225,217.3815,216.7975,217.151
2026-07-10T14:00:00+01:00,217.151,217.158,216.4615,216.6015
2026-07-10T18:00:00+01:00,216.602,216.744,216.499,216.691
2026-07-12T22:00:00+01:00,216.5295,216.832,216.485,216.822
2026-07-13T02:00:00+01:00,216.8225,216.8585,216.6795,216.8155
2026-07-13T06:00:00+01:00,216.818,217.315,216.6655,217.1015
2026-07-13T10:00:00+01:00,217.1005,217.2575,216.849,217.217
2026-07-13T14:00:00+01:00,217.222,217.2695,216.944,217.0915
2026-07-13T18:00:00+01:00,217.093,217.1235,216.776,216.8175
2026-07-13T22:00:00+01:00,216.848,217.0105,216.6845,216.8085
2026-07-14T02:00:00+01:00,216.808,216.927,216.7605,216.846
2026-07-14T06:00:00+01:00,216.8475,217.0395,216.7165,217.0375
2026-07-14T10:00:00+01:00,217.0395,217.424,216.8615,217.1125
2026-07-14T14:00:00+01:00,217.114,217.3035,216.9225,217.056
2026-07-14T18:00:00+01:00,217.0565,217.2985,216.874,217.2685
2026-07-14T22:00:00+01:00,217.1645,217.339,217.0125,217.266
2026-07-15T02:00:00+01:00,217.2675,217.451,217.1105,217.4045
2026-07-15T06:00:00+01:00,217.4085,217.7,217.356,217.4205
2026-07-15T10:00:00+01:00,217.421,217.809,217.3125,217.762
2026-07-15T14:00:00+01:00,217.763,219.3895,217.7465,219.3465
2026-07-15T18:00:00+01:00,219.3465,219.62,219.306,219.595
2026-07-15T22:00:00+01:00,219.5805,219.6105,219.248,219.3805
2026-07-16T02:00:00+01:00,219.3815,219.4285,219.206,219.3595
2026-07-16T06:00:00+01:00,219.3605,219.541,219.189,219.236
2026-07-16T10:00:00+01:00,219.237,219.2695,218.8525,219.064
2026-07-16T14:00:00+01:00,219.0655,219.407,218.7895,218.7935
2026-07-16T18:00:00+01:00,218.795,218.888,218.678,218.8645
2026-07-16T22:00:00+01:00,218.829,218.931,218.7295,218.8985
2026-07-17T02:00:00+01:00,218.9,218.947,218.5675,218.5995
2026-07-17T06:00:00+01:00,218.601,218.825,218.265,218.306
2026-07-17T10:00:00+01:00,218.3055,218.377,217.9985,218.1455
2026-07-17T14:00:00+01:00,218.148,218.6515,218.101,218.566
2026-07-17T18:00:00+01:00,218.5655,218.6365,218.477,218.521
2026-07-19T22:00:00+01:00,218.522,218.5965,218.331,218.3575
2026-07-20T02:00:00+01:00,218.3575,218.65,218.334,218.6115
2026-07-20T06:00:00+01:00,218.612,218.8405,218.5425,218.706
2026-07-20T10:00:00+01:00,218.708,218.8,218.413,218.5205
2026-07-20T14:00:00+01:00,218.5225,218.6875,218.0425,218.12
2026-07-20T18:00:00+01:00,218.1185,218.367,218.063,218.252
2026-07-20T22:00:00+01:00,218.251,218.3755,218.1105,218.3055
2026-07-21T02:00:00+01:00,218.3085,218.402,218.23,218.388
2026-07-21T06:00:00+01:00,218.3895,218.7305,218.386,218.4745
2026-07-21T10:00:00+01:00,218.4775,218.515,217.769,217.871
2026-07-21T14:00:00+01:00,217.8725,218.2725,217.524,218.1465
2026-07-21T18:00:00+01:00,218.148,218.431,218.108,218.2585
2026-07-21T22:00:00+01:00,218.238,218.385,218.1745,218.363
2026-07-22T02:00:00+01:00,218.3635,218.406,218.311,218.388
2026-07-22T06:00:00+01:00,218.3875,218.4195,217.8685,217.9365
2026-07-22T10:00:00+01:00,217.93,218.0705,217.8375,217.8965
2026-07-22T14:00:00+01:00,217.8945,218.3545,217.894,218.133
2026-07-22T18:00:00+01:00,218.129,218.2495,218.11,218.207
2026-07-22T22:00:00+01:00,218.2385,218.3045,218.035,218.193
2026-07-23T02:00:00+01:00,218.1895,218.381,218.147,218.304
2026-07-23T06:00:00+01:00,218.304,218.52,218.149,218.3585
2026-07-23T10:00:00+01:00,218.3595,218.5075,218.0415,218.387
2026-07-23T14:00:00+01:00,218.386,218.6305,217.9695,218.203
2026-07-23T18:00:00+01:00,218.202,218.241,218.0725,218.1655
2026-07-23T22:00:00+01:00,218.1835,218.3015,218.053,218.276
2026-07-24T02:00:00+01:00,218.2735,218.3335,218.022,218.064
2026-07-24T06:00:00+01:00,218.0645,218.443,218.0085,218.11
2026-07-24T10:00:00+01:00,218.1105,218.294,217.9725,218.089
2026-07-24T14:00:00+01:00,218.0875,218.48,218.055,218.364
2026-07-24T18:00:00+01:00,218.3655,218.384,218.21,218.285
2026-07-26T22:00:00+01:00,218.259,218.525,218.154,218.468
2026-07-27T02:00:00+01:00,218.4675,218.5145,218.3755,218.3945
2026-07-27T06:00:00+01:00,218.395,218.5075,217.983,218.1045
2026-07-27T10:00:00+01:00,218.102,218.1585,217.7725,217.9385
2026-07-27T14:00:00+01:00,217.9395,218.0475,217.6945,217.7115
2026-07-27T18:00:00+01:00,217.7125,217.724,217.479,217.598
2026-07-27T22:00:00+01:00,217.6115,217.723,217.56,217.6715
2026-07-28T02:00:00+01:00,217.6725,217.8255,217.6555,217.693
2026-07-28T06:00:00+01:00,217.6935,217.9445,217.53,217.936
2026-07-28T10:00:00+01:00,217.936,217.95,217.5455,217.9275
2026-07-28T14:00:00+01:00,217.9285,217.9965,217.709,217.8
2026-07-28T18:00:00+01:00,217.801,217.8685,217.6465,217.7165
2026-07-28T22:00:00+01:00,217.705,217.847,217.5445,217.6055
2026-07-29T02:00:00+01:00,217.605,217.69,217.165,217.3205
2026-07-29T06:00:00+01:00,217.321,217.749,217.2555,217.665
2026-07-29T10:00:00+01:00,217.667,217.673,217.4395,217.5915
2026-07-29T14:00:00+01:00,217.593,217.9125,217.4975,217.799
2026-07-29T18:00:00+01:00,217.7985,218.564,217.764,218.4995
2026-07-29T22:00:00+01:00,218.4895,218.563,218.1525,218.3515
2026-07-30T02:00:00+01:00,218.352,218.3685,218.166,218.169
2026-07-30T06:00:00+01:00,218.169,218.628,218.1395,218.5705
2026-07-30T10:00:00+01:00,218.5695,218.687,217.3985,217.898
2026-07-30T14:00:00+01:00,217.8985,217.9095,212.3405,214.86
2026-07-30T18:00:00+01:00,214.859,215.1415,213.4595,214.828
2026-07-30T22:00:00+01:00,214.7885,216.238,214.701,216.0635
2026-07-31T02:00:00+01:00,216.063,216.339,215.827,216.0525
2026-07-31T06:00:00+01:00,216.053,216.097,213.4425,213.9015
2026-07-31T10:00:00+01:00,213.895,215.3945,213.4835,215.235
2026-07-31T14:00:00+01:00,215.2355,215.306,213.087,214.588
2026-07-31T18:00:00+01:00,214.584,214.8635,211.965,212.198
