time,open,high,low,close
2023-08-28T06:00:00+01:00,1.25837,1.25948,1.25782,1.25943
2023-08-28T14:00:00+01:00,1.25942,1.26076,1.25727,1.2602
2023-08-28T22:00:00+01:00,1.26019,1.26323,1.25973,1.26233
2023-08-29T06:00:00+01:00,1.26232,1.26358,1.25629,1.25736
2023-08-29T14:00:00+01:00,1.25737,1.26552,1.25628,1.26439
2023-08-29T22:00:00+01:00,1.26436,1.26501,1.26224,1.26229
2023-08-30T06:00:00+01:00,1.26229,1.27209,1.26189,1.27137
2023-08-30T14:00:00+01:00,1.27137,1.27464,1.27024,1.27211
2023-08-30T22:00:00+01:00,1.27212,1.27346,1.27109,1.27235
2023-08-31T06:00:00+01:00,1.27235,1.27245,1.26635,1.26851
2023-08-31T14:00:00+01:00,1.2685,1.26876,1.26526,1.26741
2023-08-31T22:00:00+01:00,1.26745,1.26837,1.26586,1.26685
2023-09-01T06:00:00+01:00,1.26684,1.27132,1.26402,1.26921
2023-09-01T14:00:00+01:00,1.26922,1.27028,1.25774,1.25876
2023-09-03T22:00:00+01:00,1.25952,1.26076,1.25866,1.26075
2023-09-04T06:00:00+01:00,1.26073,1.26427,1.26056,1.26256
2023-09-04T14:00:00+01:00,1.26256,1.26395,1.26151,1.26268
2023-09-04T22:00:00+01:00,1.26269,1.26321,1.26126,1.26261
2023-09-05T06:00:00+01:00,1.26262,1.26284,1.2528,1.25757
2023-09-05T14:00:00+01:00,1.25758,1.25872,1.25472,1.2564
2023-09-05T22:00:00+01:00,1.25641,1.25745,1.25494,1.25745
2023-09-06T06:00:00+01:00,1.25746,1.25881,1.25412,1.25548
2023-09-06T14:00:00+01:00,1.25547,1.25588,1.2482,1.25073
2023-09-06T22:00:00+01:00,1.25076,1.25111,1.24911,1.24981
2023-09-07T06:00:00+01:00,1.24976,1.25084,1.24459,1.24621
2023-09-07T14:00:00+01:00,1.24622,1.249,1.24472,1.24725
2023-09-07T22:00:00+01:00,1.24727,1.25018,1.24684,1.24901
2023-09-08T06:00:00+01:00,1.24902,1.25102,1.24672,1.24797
2023-09-08T14:00:00+01:00,1.24799,1.25144,1.24512,1.2469
2023-09-10T22:00:00+01:00,1.24946,1.25204,1.24714,1.25192
2023-09-11T06:00:00+01:00,1.25192,1.25374,1.25011,1.25274
2023-09-11T14:00:00+01:00,1.25273,1.2548,1.25076,1.25092
2023-09-11T22:00:00+01:00,1.25093,1.25236,1.25013,1.25109
2023-09-12T06:00:00+01:00,1.25108,1.25305,1.24596,1.24681
2023-09-12T14:00:00+01:00,1.2468,1.24989,1.24613,1.24917
2023-09-12T22:00:00+01:00,1.24932,1.25025,1.24812,1.24947
2023-09-13T06:00:00+01:00,1.24949,1.25,1.24347,1.24861
2023-09-13T14:00:00+01:00,1.2486,1.25119,1.2472,1.249
2023-09-13T22:00:00+01:00,1.24899,1.25045,1.24849,1.25011
2023-09-14T06:00:00+01:00,1.25011,1.25063,1.24143,1.24397
2023-09-14T14:00:00+01:00,1.244,1.24609,1.23965,1.24091
2023-09-14T22:00:00+01:00,1.24092,1.24301,1.23997,1.24287
2023-09-15T06:00:00+01:00,1.24286,1.24459,1.23903,1.23907
2023-09-15T14:00:00+01:00,1.23906,1.24254,1.23781,1.23832
2023-09-17T22:00:00+01:00,1.23889,1.24041,1.23838,1.23961
2023-09-18T06:00:00+01:00,1.23961,1.24106,1.23704,1.23809
2023-09-18T14:00:00+01:00,1.23809,1.2405,1.23728,1.23836
2023-09-18T22:00:00+01:00,1.23836,1.23916,1.23753,1.23785
2023-09-19T06:00:00+01:00,1.23785,1.24249,1.23701,1.24054
2023-09-19T14:00:00+01:00,1.24053,1.2407,1.23822,1.23922
2023-09-19T22:00:00+01:00,1.23931,1.23971,1.23825,1.23884
2023-09-20T06:00:00+01:00,1.23887,1.23958,1.23333,1.23765
2023-09-20T14:00:00+01:00,1.23764,1.24215,1.23319,1.23441
2023-09-20T22:00:00+01:00,1.23441,1.23515,1.23044,1.23201
2023-09-21T06:00:00+01:00,1.23203,1.23316,1.22342,1.22673
2023-09-21T14:00:00+01:00,1.22679,1.23076,1.22578,1.22964
2023-09-21T22:00:00+01:00,1.22953,1.22994,1.2273,1.22845
2023-09-22T06:00:00+01:00,1.22845,1.22884,1.22329,1.22572
2023-09-22T14:00:00+01:00,1.22572,1.22849,1.22308,1.22421
2023-09-24T22:00:00+01:00,1.22555,1.22602,1.22369,1.22418
2023-09-25T06:00:00+01:00,1.22419,1.22504,1.22125,1.22172
2023-09-25T14:00:00+01:00,1.22171,1.22221,1.21937,1.22116
2023-09-25T22:00:00+01:00,1.22111,1.22157,1.21938,1.22055
2023-09-26T06:00:00+01:00,1.22054,1.22074,1.21675,1.21911
2023-09-26T14:00:00+01:00,1.21911,1.21924,1.21524,1.21584
2023-09-26T22:00:00+01:00,1.21586,1.21638,1.21401,1.21469
2023-09-27T06:00:00+01:00,1.21469,1.21646,1.21311,1.21449
2023-09-27T14:00:00+01:00,1.21448,1.21592,1.21105,1.21354
2023-09-27T22:00:00+01:00,1.21349,1.21453,1.21303,1.21406
2023-09-28T06:00:00+01:00,1.21406,1.22239,1.21201,1.21779
2023-09-28T14:00:00+01:00,1.21777,1.22247,1.21754,1.22016
2023-09-28T22:00:00+01:00,1.2201,1.22284,1.21963,1.22223
2023-09-29T06:00:00+01:00,1.22223,1.22719,1.22199,1.22598
2023-09-29T14:00:00+01:00,1.22596,1.22633,1.21803,1.22002
2023-10-01T22:00:00+01:00,1.21997,1.22087,1.21803,1.21869
2023-10-02T06:00:00+01:00,1.21869,1.222,1.21483,1.21512
2023-10-02T14:00:00+01:00,1.21511,1.21521,1.20862,1.20873
2023-10-02T22:00:00+01:00,1.20867,1.20931,1.20609,1.20643
2023-10-03T06:00:00+01:00,1.20639,1.2097,1.20524,1.20738
2023-10-03T14:00:00+01:00,1.20738,1.21019,1.20533,1.20769
2023-10-03T22:00:00+01:00,1.2077,1.20844,1.20604,1.20818
2023-10-04T06:00:00+01:00,1.20821,1.2177,1.20373,1.21699
2023-10-04T14:00:00+01:00,1.21698,1.21738,1.21064,1.21342
2023-10-04T22:00:00+01:00,1.21348,1.21632,1.21311,1.21562
2023-10-05T06:00:00+01:00,1.21561,1.2162,1.21078,1.2131
2023-10-05T14:00:00+01:00,1.21311,1.2196,1.21261,1.21907
2023-10-05T22:00:00+01:00,1.21915,1.21945,1.21761,1.21769
2023-10-06T06:00:00+01:00,1.21769,1.22199,1.21057,1.21226
2023-10-06T14:00:00+01:00,1.21227,1.22614,1.21169,1.22386
2023-10-08T22:00:00+01:00,1.22056,1.22247,1.21922,1.21941
2023-10-09T06:00:00+01:00,1.21941,1.22171,1.21632,1.21837
2023-10-09T14:00:00+01:00,1.21838,1.22444,1.21836,1.22381
2023-10-09T22:00:00+01:00,1.22378,1.22569,1.22246,1.22267
2023-10-10T06:00:00+01:00,1.22267,1.22759,1.22118,1.22496
2023-10-10T14:00:00+01:00,1.22495,1.22916,1.22384,1.22862
2023-10-10T22:00:00+01:00,1.22865,1.23039,1.22791,1.22927
2023-10-11T06:00:00+01:00,1.22928,1.23157,1.22688,1.23124
2023-10-11T14:00:00+01:00,1.23125,1.23375,1.22752,1.23133
2023-10-11T22:00:00+01:00,1.23133,1.2323,1.23055,1.23191
2023-10-12T06:00:00+01:00,1.23191,1.23318,1.22521,1.22624
2023-10-12T14:00:00+01:00,1.22626,1.22701,1.21718,1.21747
2023-10-12T22:00:00+01:00,1.21747,1.22081,1.21729,1.22033
2023-10-13T06:00:00+01:00,1.22035,1.22255,1.21601,1.21888
2023-10-13T14:00:00+01:00,1.21886,1.2194,1.21227,1.2143
2023-10-15T22:00:00+01:00,1.21463,1.21618,1.21359,1.21603
2023-10-16T06:00:00+01:00,1.21602,1.21845,1.21427,1.21764
2023-10-16T14:00:00+01:00,1.21764,1.22196,1.21535,1.22167
2023-10-16T22:00:00+01:00,1.22168,1.22174,1.21932,1.21968
2023-10-17T06:00:00+01:00,1.21969,1.22008,1.21332,1.21409
2023-10-17T14:00:00+01:00,1.21408,1.22121,1.21366,1.21829
2023-10-17T22:00:00+01:00,1.21836,1.21874,1.21585,1.21808
2023-10-18T06:00:00+01:00,1.21809,1.22111,1.21715,1.21763
2023-10-18T14:00:00+01:00,1.21764,1.21867,1.21373,1.21403
2023-10-18T22:00:00+01:00,1.21401,1.21463,1.21239,1.21257
2023-10-19T06:00:00+01:00,1.21259,1.2145,1.20901,1.21414
2023-10-19T14:00:00+01:00,1.21415,1.21918,1.21257,1.21441
2023-10-19T22:00:00+01:00,1.21437,1.21466,1.21181,1.21344
2023-10-20T06:00:00+01:00,1.21345,1.21495,1.20932,1.21406
2023-10-20T14:00:00+01:00,1.21408,1.21704,1.21313,1.21621
2023-10-22T22:00:00+01:00,1.21573,1.21664,1.21444,1.21497
2023-10-23T06:00:00+01:00,1.21495,1.21851,1.21434,1.21644
2023-10-23T14:00:00+01:00,1.21643,1.22586,1.21504,1.22489
2023-10-23T22:00:00+01:00,1.22489,1.22742,1.22373,1.22653
2023-10-24T06:00:00+01:00,1.22653,1.2289,1.21976,1.22037
2023-10-24T14:00:00+01:00,1.22036,1.22071,1.21534,1.21601
2023-10-24T22:00:00+01:00,1.216,1.21754,1.21562,1.21752
2023-10-25T06:00:00+01:00,1.21751,1.21761,1.21138,1.21306
2023-10-25T14:00:00+01:00,1.2131,1.21563,1.21066,1.21116
2023-10-25T22:00:00+01:00,1.21117,1.21148,1.20769,1.20798
2023-10-26T06:00:00+01:00,1.20798,1.21245,1.20694,1.21245
2023-10-26T14:00:00+01:00,1.21246,1.21398,1.20981,1.21288
2023-10-26T22:00:00+01:00,1.21286,1.21394,1.21224,1.21377
2023-10-27T06:00:00+01:00,1.21378,1.21475,1.21056,1.21313
2023-10-27T14:00:00+01:00,1.21311,1.21626,1.21106,1.21208
2023-10-29T21:00:00+00:00,1.21306,1.21306,1.21061,1.21164
2023-10-30T05:00:00+00:00,1.21163,1.21447,1.20903,1.21428
2023-10-30T13:00:00+00:00,1.21429,1.21747,1.21202,1.21697
2023-10-30T21:00:00+00:00,1.21697,1.21713,1.21369,1.21406
2023-10-31T05:00:00+00:00,1.21405,1.22006,1.21391,1.21592
2023-10-31T13:00:00+00:00,1.21591,1.21593,1.21195,1.21536
2023-10-31T21:00:00+00:00,1.21531,1.21548,1.21342,1.21379
2023-11-01T05:00:00+00:00,1.21379,1.21612,1.21197,1.21222
2023-11-01T13:00:00+00:00,1.21223,1.21645,1.20958,1.21516
2023-11-01T21:00:00+00:00,1.21515,1.21966,1.21388,1.21781
2023-11-02T05:00:00+00:00,1.2178,1.22257,1.21552,1.22152
2023-11-02T13:00:00+00:00,1.22152,1.22255,1.21677,1.2203
2023-11-02T21:00:00+00:00,1.22032,1.22084,1.21847,1.22005
2023-11-03T05:00:00+00:00,1.22005,1.23177,1.2186,1.2313
2023-11-03T13:00:00+00:00,1.2313,1.23897,1.22981,1.23831
2023-11-05T22:00:00+00:00,1.237,1.23817,1.23652,1.23781
2023-11-06T06:00:00+00:00,1.23782,1.24286,1.23766,1.2385
2023-11-06T14:00:00+00:00,1.23851,1.2401,1.23382,1.23451
2023-11-06T22:00:00+00:00,1.23452,1.23492,1.23268,1.23339
2023-11-07T06:00:00+00:00,1.23338,1.2337,1.22756,1.23009
2023-11-07T14:00:00+00:00,1.23009,1.23119,1.22625,1.23007
2023-11-07T22:00:00+00:00,1.23006,1.23046,1.22742,1.22752
2023-11-08T06:00:00+00:00,1.22751,1.22787,1.22418,1.22643
2023-11-08T14:00:00+00:00,1.22642,1.23015,1.2262,1.22841
2023-11-08T22:00:00+00:00,1.22842,1.22941,1.22745,1.22783
2023-11-09T06:00:00+00:00,1.22784,1.23087,1.22521,1.2272
2023-11-09T14:00:00+00:00,1.22721,1.22954,1.22128,1.22234
2023-11-09T22:00:00+00:00,1.22234,1.22291,1.22118,1.22262
2023-11-10T06:00:00+00:00,1.22263,1.22379,1.22003,1.22242
2023-11-10T14:00:00+00:00,1.22242,1.22313,1.21871,1.22266
2023-11-12T22:00:00+00:00,1.22143,1.22362,1.22099,1.22302
2023-11-13T06:00:00+00:00,1.22303,1.22555,1.22282,1.22464
2023-11-13T14:00:00+00:00,1.22466,1.22803,1.22296,1.22795
2023-11-13T22:00:00+00:00,1.22788,1.22809,1.22655,1.2269
2023-11-14T06:00:00+00:00,1.22691,1.24073,1.22682,1.24012
2023-11-14T14:00:00+00:00,1.24012,1.25062,1.24007,1.24987
2023-11-14T22:00:00+00:00,1.24992,1.25027,1.24792,1.24889
2023-11-15T06:00:00+00:00,1.24891,1.24971,1.24255,1.24428
2023-11-15T14:00:00+00:00,1.24428,1.24541,1.24038,1.24165
2023-11-15T22:00:00+00:00,1.24167,1.24242,1.23803,1.23951
2023-11-16T06:00:00+00:00,1.23951,1.24416,1.23765,1.24415
2023-11-16T14:00:00+00:00,1.24414,1.2456,1.24059,1.24145
2023-11-16T22:00:00+00:00,1.2415,1.24224,1.24039,1.24144
2023-11-17T06:00:00+00:00,1.24145,1.24402,1.2374,1.24213
2023-11-17T14:00:00+00:00,1.24214,1.2465,1.2405,1.24607
2023-11-19T22:00:00+00:00,1.24539,1.24958,1.24459,1.24804
2023-11-20T06:00:00+00:00,1.24805,1.25103,1.24613,1.24733
2023-11-20T14:00:00+00:00,1.24733,1.25176,1.24621,1.25054
2023-11-20T22:00:00+00:00,1.2505,1.25401,1.25009,1.25265
2023-11-21T06:00:00+00:00,1.25264,1.25594,1.25199,1.25396
2023-11-21T14:00:00+00:00,1.25397,1.25543,1.25175,1.25386
2023-11-21T22:00:00+00:00,1.25388,1.25498,1.25239,1.25254
2023-11-22T06:00:00+00:00,1.25256,1.25487,1.25069,1.25153
2023-11-22T14:00:00+00:00,1.25154,1.2517,1.24492,1.24943
2023-11-22T22:00:00+00:00,1.2494,1.25127,1.2489,1.25117
2023-11-23T06:00:00+00:00,1.25118,1.25697,1.25013,1.25374
2023-11-23T14:00:00+00:00,1.25372,1.25435,1.25252,1.25335
2023-11-23T22:00:00+00:00,1.2534,1.25459,1.25245,1.25455
2023-11-24T06:00:00+00:00,1.25455,1.25799,1.25264,1.25772
2023-11-24T14:00:00+00:00,1.25773,1.26154,1.25758,1.26078
2023-11-26T22:00:00+00:00,1.26015,1.26128,1.2591,1.26111
2023-11-27T06:00:00+00:00,1.2611,1.26443,1.26022,1.26253
2023-11-27T14:00:00+00:00,1.26255,1.26339,1.26008,1.26272
2023-11-27T22:00:00+00:00,1.26276,1.2642,1.26219,1.26258
2023-11-28T06:00:00+00:00,1.26256,1.26485,1.26067,1.26424
2023-11-28T14:00:00+00:00,1.26423,1.2715,1.26356,1.26944
2023-11-28T22:00:00+00:00,1.26946,1.27335,1.26923,1.27133
2023-11-29T06:00:00+00:00,1.27131,1.27219,1.26738,1.26861
2023-11-29T14:00:00+00:00,1.2686,1.27276,1.26646,1.2696
2023-11-29T22:00:00+00:00,1.26954,1.2706,1.26904,1.26989
2023-11-30T06:00:00+00:00,1.2699,1.27107,1.26226,1.26252
2023-11-30T14:00:00+00:00,1.26253,1.26642,1.26035,1.26236
2023-11-30T22:00:00+00:00,1.26243,1.26565,1.26197,1.26443
2023-12-01T06:00:00+00:00,1.26442,1.2675,1.26275,1.26296
2023-12-01T14:00:00+00:00,1.26296,1.27162,1.2614,1.27105
2023-12-03T22:00:00+00:00,1.26912,1.27245,1.26672,1.26777
2023-12-04T06:00:00+00:00,1.26774,1.26876,1.26528,1.26569
2023-12-04T14:00:00+00:00,1.26571,1.26573,1.26037,1.26333
2023-12-04T22:00:00+00:00,1.26328,1.26445,1.26275,1.26391
2023-12-05T06:00:00+00:00,1.26391,1.26455,1.26063,1.26364
2023-12-05T14:00:00+00:00,1.26364,1.2652,1.25773,1.25959
2023-12-05T22:00:00+00:00,1.2596,1.26137,1.25906,1.26111
2023-12-06T06:00:00+00:00,1.26111,1.26115,1.25819,1.25988
2023-12-06T14:00:00+00:00,1.2599,1.26048,1.25517,1.25598
2023-12-06T22:00:00+00:00,1.25602,1.2565,1.25445,1.25502
2023-12-07T06:00:00+00:00,1.25502,1.25938,1.25465,1.25835
2023-12-07T14:00:00+00:00,1.25835,1.26127,1.25455,1.2594
2023-12-07T22:00:00+00:00,1.25941,1.26015,1.25844,1.25879
2023-12-08T06:00:00+00:00,1.25875,1.25899,1.25118,1.25459
2023-12-08T14:00:00+00:00,1.25458,1.25626,1.25025,1.25492
2023-12-10T22:00:00+00:00,1.25384,1.25588,1.25326,1.25419
2023-12-11T06:00:00+00:00,1.25416,1.2591,1.25352,1.25811
2023-12-11T14:00:00+00:00,1.25812,1.2582,1.25382,1.25556
2023-12-11T22:00:00+00:00,1.25554,1.2584,1.25501,1.25759
2023-12-12T06:00:00+00:00,1.25758,1.26158,1.25395,1.25433
2023-12-12T14:00:00+00:00,1.25432,1.25719,1.25143,1.25628
2023-12-12T22:00:00+00:00,1.25623,1.25717,1.25484,1.25572
2023-12-13T06:00:00+00:00,1.25573,1.25586,1.25096,1.25395
2023-12-13T14:00:00+00:00,1.25395,1.26349,1.25003,1.26181
2023-12-13T22:00:00+00:00,1.26178,1.26528,1.26138,1.26357
2023-12-14T06:00:00+00:00,1.26358,1.27328,1.26121,1.27272
2023-12-14T14:00:00+00:00,1.27271,1.27942,1.27028,1.27665
2023-12-14T22:00:00+00:00,1.27668,1.2774,1.27474,1.27591
2023-12-15T06:00:00+00:00,1.27593,1.27906,1.26992,1.2711
2023-12-15T14:00:00+00:00,1.27109,1.27302,1.26685,1.26805
2023-12-17T22:00:00+00:00,1.26891,1.26997,1.26672,1.26935
2023-12-18T06:00:00+00:00,1.26936,1.2704,1.26456,1.2667
2023-12-18T14:00:00+00:00,1.26672,1.26706,1.26289,1.26473
2023-12-18T22:00:00+00:00,1.26479,1.26646,1.26418,1.26581
2023-12-19T06:00:00+00:00,1.2658,1.27466,1.26513,1.27432
2023-12-19T14:00:00+00:00,1.27433,1.27618,1.27163,1.27323
2023-12-19T22:00:00+00:00,1.2732,1.27353,1.27159,1.27219
2023-12-20T06:00:00+00:00,1.27219,1.2722,1.26299,1.26614
2023-12-20T14:00:00+00:00,1.26615,1.26823,1.2625,1.26387
2023-12-20T22:00:00+00:00,1.26385,1.26511,1.26305,1.26496
2023-12-21T06:00:00+00:00,1.26496,1.26961,1.26123,1.26811
2023-12-21T14:00:00+00:00,1.26811,1.26926,1.26431,1.26896
2023-12-21T22:00:00+00:00,1.269,1.26926,1.26789,1.26857
2023-12-22T06:00:00+00:00,1.26862,1.27438,1.26819,1.27352
2023-12-22T14:00:00+00:00,1.27351,1.27445,1.26902,1.2698
2023-12-24T22:00:00+00:00,1.27259,1.27297,1.26825,1.26899
2023-12-25T06:00:00+00:00,1.26939,1.27077,1.26853,1.26953
2023-12-25T22:00:00+00:00,1.26902,1.27131,1.26859,1.27059
2023-12-26T06:00:00+00:00,1.27059,1.27122,1.26846,1.27042
2023-12-26T14:00:00+00:00,1.27042,1.27304,1.27015,1.27251
2023-12-26T22:00:00+00:00,1.27256,1.27327,1.27163,1.27323
2023-12-27T06:00:00+00:00,1.27324,1.27595,1.26987,1.27547
2023-12-27T14:00:00+00:00,1.27547,1.28026,1.27441,1.27982
2023-12-27T22:00:00+00:00,1.27983,1.28165,1.27937,1.28091
2023-12-28T06:00:00+00:00,1.28091,1.28277,1.27384,1.27418
2023-12-28T14:00:00+00:00,1.27418,1.27752,1.27126,1.27329
2023-12-28T22:00:00+00:00,1.27323,1.27639,1.27274,1.27629
2023-12-29T06:00:00+00:00,1.2763,1.27728,1.27006,1.27205
2023-12-29T14:00:00+00:00,1.27207,1.27673,1.2701,1.27316
2024-01-01T22:00:00+00:00,1.27258,1.27414,1.271,1.27372
2024-01-02T06:00:00+00:00,1.27373,1.27601,1.26216,1.26299
2024-01-02T14:00:00+00:00,1.26298,1.26447,1.26109,1.26172
2024-01-02T22:00:00+00:00,1.26179,1.26418,1.26155,1.26309
2024-01-03T06:00:00+00:00,1.26308,1.26527,1.26185,1.26297
2024-01-03T14:00:00+00:00,1.26297,1.26766,1.26158,1.26643
2024-01-03T22:00:00+00:00,1.26646,1.26763,1.26571,1.26655
2024-01-04T06:00:00+00:00,1.26653,1.27299,1.26653,1.26734
2024-01-04T14:00:00+00:00,1.26732,1.27109,1.26647,1.26821
2024-01-04T22:00:00+00:00,1.26824,1.26966,1.26741,1.26743
2024-01-05T06:00:00+00:00,1.26744,1.26892,1.26112,1.26577
2024-01-05T14:00:00+00:00,1.26578,1.27711,1.26552,1.27196
2024-01-07T22:00:00+00:00,1.27167,1.27302,1.26982,1.27039
2024-01-08T06:00:00+00:00,1.27039,1.27211,1.26734,1.27119
2024-01-08T14:00:00+00:00,1.27116,1.27672,1.27093,1.27483
2024-01-08T22:00:00+00:00,1.27482,1.27651,1.2738,1.27437
2024-01-09T06:00:00+00:00,1.27438,1.2751,1.27073,1.27257
2024-01-09T14:00:00+00:00,1.27258,1.27316,1.26894,1.27099
2024-01-09T22:00:00+00:00,1.271,1.27182,1.26973,1.27016
2024-01-10T06:00:00+00:00,1.27016,1.27364,1.26863,1.27242
2024-01-10T14:00:00+00:00,1.27243,1.27441,1.27134,1.27427
2024-01-10T22:00:00+00:00,1.27432,1.27714,1.27363,1.27634
2024-01-11T06:00:00+00:00,1.27633,1.27885,1.27027,1.27109
2024-01-11T14:00:00+00:00,1.2711,1.27669,1.26902,1.27593
2024-01-11T22:00:00+00:00,1.27594,1.27847,1.27583,1.27729
2024-01-12T06:00:00+00:00,1.27732,1.27795,1.27195,1.27553
2024-01-12T14:00:00+00:00,1.27553,1.27858,1.27325,1.2752
2024-01-14T22:00:00+00:00,1.27441,1.27655,1.27285,1.27529
2024-01-15T06:00:00+00:00,1.27529,1.27603,1.27131,1.27278
2024-01-15T14:00:00+00:00,1.2728,1.27385,1.27131,1.2727
2024-01-15T22:00:00+00:00,1.27271,1.27302,1.26766,1.26806
2024-01-16T06:00:00+00:00,1.26806,1.26869,1.26205,1.26424
2024-01-16T14:00:00+00:00,1.26423,1.26793,1.26195,1.26369
2024-01-16T22:00:00+00:00,1.2638,1.26438,1.26062,1.261
2024-01-17T06:00:00+00:00,1.261,1.26963,1.25967,1.26506
2024-01-17T14:00:00+00:00,1.26507,1.2687,1.26387,1.26763
2024-01-17T22:00:00+00:00,1.26768,1.26957,1.26714,1.26871
2024-01-18T06:00:00+00:00,1.26873,1.27043,1.26504,1.26526
2024-01-18T14:00:00+00:00,1.26525,1.27083,1.26483,1.2706
2024-01-18T22:00:00+00:00,1.27062,1.27148,1.26964,1.26992
2024-01-19T06:00:00+00:00,1.26991,1.27009,1.26657,1.26744
2024-01-19T14:00:00+00:00,1.26743,1.27063,1.26613,1.27038
2024-01-21T22:00:00+00:00,1.2689,1.27194,1.2687,1.27189
2024-01-22T06:00:00+00:00,1.27189,1.27319,1.26869,1.27269
2024-01-22T14:00:00+00:00,1.27269,1.27331,1.26979,1.27091
2024-01-22T22:00:00+00:00,1.27089,1.27388,1.27044,1.27373
2024-01-23T06:00:00+00:00,1.27374,1.27472,1.27001,1.27082
2024-01-23T14:00:00+00:00,1.2708,1.2708,1.26492,1.26872
2024-01-23T22:00:00+00:00,1.26873,1.27045,1.26829,1.27025
2024-01-24T06:00:00+00:00,1.27024,1.27734,1.26998,1.27668
2024-01-24T14:00:00+00:00,1.27666,1.27748,1.27135,1.27254
2024-01-24T22:00:00+00:00,1.27251,1.27273,1.27036,1.27106
2024-01-25T06:00:00+00:00,1.27106,1.27428,1.2698,1.27364
2024-01-25T14:00:00+00:00,1.27364,1.27364,1.26817,1.27078
2024-01-25T22:00:00+00:00,1.27076,1.27162,1.2701,1.2706
2024-01-26T06:00:00+00:00,1.2706,1.27586,1.26755,1.27488
2024-01-26T14:00:00+00:00,1.27486,1.27548,1.26988,1.27042
2024-01-28T22:00:00+00:00,1.26985,1.2708,1.26906,1.27021
2024-01-29T06:00:00+00:00,1.27021,1.27189,1.26833,1.26934
2024-01-29T14:00:00+00:00,1.26936,1.27175,1.26621,1.27085
2024-01-29T22:00:00+00:00,1.2708,1.27211,1.27039,1.27057
2024-01-30T06:00:00+00:00,1.27058,1.27087,1.26625,1.26751
2024-01-30T14:00:00+00:00,1.26752,1.27004,1.26402,1.26994
2024-01-30T22:00:00+00:00,1.2699,1.2702,1.26729,1.26777
2024-01-31T06:00:00+00:00,1.26777,1.27127,1.26668,1.27056
2024-01-31T14:00:00+00:00,1.27053,1.27509,1.2658,1.26885
2024-01-31T22:00:00+00:00,1.26884,1.26982,1.2668,1.2668
2024-02-01T06:00:00+00:00,1.26679,1.26858,1.26252,1.26591
2024-02-01T14:00:00+00:00,1.2659,1.27558,1.26404,1.27432
2024-02-01T22:00:00+00:00,1.27439,1.27548,1.27414,1.27497
2024-02-02T06:00:00+00:00,1.27498,1.27724,1.26686,1.26715
2024-02-02T14:00:00+00:00,1.26715,1.26737,1.2614,1.26325
2024-02-04T22:00:00+00:00,1.26349,1.26431,1.25988,1.26116
2024-02-05T06:00:00+00:00,1.26114,1.26296,1.25499,1.25527
2024-02-05T14:00:00+00:00,1.25527,1.25618,1.25184,1.25367
2024-02-05T22:00:00+00:00,1.25358,1.2557,1.25328,1.25524
2024-02-06T06:00:00+00:00,1.25524,1.2572,1.25363,1.25639
2024-02-06T14:00:00+00:00,1.25638,1.26032,1.25582,1.25977
2024-02-06T22:00:00+00:00,1.25972,1.26131,1.2594,1.26056
2024-02-07T06:00:00+00:00,1.26055,1.26399,1.25993,1.26253
2024-02-07T14:00:00+00:00,1.26255,1.26419,1.26165,1.26261
2024-02-07T22:00:00+00:00,1.26265,1.26388,1.26241,1.26306
2024-02-08T06:00:00+00:00,1.26307,1.26369,1.25717,1.25812
2024-02-08T14:00:00+00:00,1.25807,1.26296,1.25782,1.26171
2024-02-08T22:00:00+00:00,1.26173,1.26225,1.26116,1.26147
2024-02-09T06:00:00+00:00,1.26147,1.26355,1.25991,1.26203
2024-02-09T14:00:00+00:00,1.26201,1.26432,1.2616,1.26277
2024-02-11T22:00:00+00:00,1.26248,1.26441,1.26245,1.26294
2024-02-12T06:00:00+00:00,1.26294,1.26548,1.26063,1.26095
2024-02-12T14:00:00+00:00,1.26096,1.26405,1.26094,1.26281
2024-02-12T22:00:00+00:00,1.26287,1.26306,1.26091,1.26151
2024-02-13T06:00:00+00:00,1.26152,1.26923,1.25899,1.2593
2024-02-13T14:00:00+00:00,1.25931,1.26084,1.25732,1.25927
2024-02-13T22:00:00+00:00,1.25923,1.26052,1.25845,1.26028
2024-02-14T06:00:00+00:00,1.26028,1.26113,1.25355,1.25574
2024-02-14T14:00:00+00:00,1.25572,1.25706,1.25398,1.25659
2024-02-14T22:00:00+00:00,1.25666,1.25737,1.25587,1.25651
2024-02-15T06:00:00+00:00,1.2565,1.25766,1.25416,1.25699
2024-02-15T14:00:00+00:00,1.25697,1.26021,1.25611,1.25999
2024-02-15T22:00:00+00:00,1.25996,1.26053,1.25771,1.25825
2024-02-16T06:00:00+00:00,1.25825,1.26065,1.25508,1.2567
2024-02-16T14:00:00+00:00,1.25672,1.26245,1.25534,1.26008
2024-02-18T22:00:00+00:00,1.26051,1.26273,1.25988,1.26191
2024-02-19T06:00:00+00:00,1.26191,1.26299,1.25981,1.25996
2024-02-19T14:00:00+00:00,1.25995,1.26011,1.25833,1.25946
2024-02-19T22:00:00+00:00,1.25948,1.25998,1.25794,1.25821
2024-02-20T06:00:00+00:00,1.2582,1.26461,1.25807,1.26429
2024-02-20T14:00:00+00:00,1.2643,1.26687,1.26164,1.26222
2024-02-20T22:00:00+00:00,1.26229,1.26376,1.26193,1.26337
2024-02-21T06:00:00+00:00,1.26338,1.2635,1.26027,1.26239
2024-02-21T14:00:00+00:00,1.26238,1.26421,1.26053,1.26378
2024-02-21T22:00:00+00:00,1.26378,1.26487,1.26314,1.26451
2024-02-22T06:00:00+00:00,1.2645,1.27097,1.26262,1.26283
2024-02-22T14:00:00+00:00,1.26283,1.26649,1.26116,1.26605
2024-02-22T22:00:00+00:00,1.26604,1.26667,1.26484,1.26619
2024-02-23T06:00:00+00:00,1.26619,1.27013,1.26491,1.26937
2024-02-23T14:00:00+00:00,1.26934,1.27002,1.26656,1.26714
2024-02-25T22:00:00+00:00,1.26775,1.26811,1.26567,1.2667
2024-02-26T06:00:00+00:00,1.2667,1.26997,1.26632,1.26971
2024-02-26T14:00:00+00:00,1.26972,1.26986,1.26709,1.26852
2024-02-26T22:00:00+00:00,1.26852,1.26884,1.26743,1.26804
2024-02-27T06:00:00+00:00,1.26805,1.26968,1.26713,1.26819
2024-02-27T14:00:00+00:00,1.26819,1.26951,1.26604,1.26848
2024-02-27T22:00:00+00:00,1.2684,1.26884,1.26574,1.26595
2024-02-28T06:00:00+00:00,1.26595,1.26625,1.26215,1.26438
2024-02-28T14:00:00+00:00,1.26437,1.26737,1.26363,1.26614
2024-02-28T22:00:00+00:00,1.26618,1.26711,1.2657,1.26666
2024-02-29T06:00:00+00:00,1.26668,1.26745,1.2635,1.26524
2024-02-29T14:00:00+00:00,1.26524,1.26817,1.26124,1.26246
2024-02-29T22:00:00+00:00,1.26243,1.26356,1.26197,1.26263
2024-03-01T06:00:00+00:00,1.26263,1.26471,1.26176,1.26303
2024-03-01T14:00:00+00:00,1.26303,1.26639,1.25999,1.26545
2024-03-03T22:00:00+00:00,1.26537,1.26667,1.26496,1.26623
2024-03-04T06:00:00+00:00,1.26622,1.26836,1.26611,1.26776
2024-03-04T14:00:00+00:00,1.26777,1.27066,1.26728,1.26921
2024-03-04T22:00:00+00:00,1.26918,1.2695,1.26814,1.26833
2024-03-05T06:00:00+00:00,1.26833,1.26929,1.26714,1.26913
2024-03-05T14:00:00+00:00,1.26914,1.2735,1.26867,1.27058
2024-03-05T22:00:00+00:00,1.27059,1.27084,1.26903,1.27036
2024-03-06T06:00:00+00:00,1.27038,1.27316,1.27028,1.27242
2024-03-06T14:00:00+00:00,1.27239,1.27616,1.27169,1.27314
2024-03-06T22:00:00+00:00,1.27313,1.27405,1.27232,1.27337
2024-03-07T06:00:00+00:00,1.27335,1.27627,1.27295,1.27521
2024-03-07T14:00:00+00:00,1.27521,1.2811,1.2749,1.28086
2024-03-07T22:00:00+00:00,1.28086,1.282,1.28042,1.28098
2024-03-08T06:00:00+00:00,1.28097,1.28937,1.28011,1.28639
2024-03-08T14:00:00+00:00,1.28639,1.28865,1.284,1.28585
2024-03-10T21:00:00+00:00,1.28611,1.28642,1.28456,1.28513
2024-03-11T05:00:00+00:00,1.28513,1.28581,1.28243,1.28243
2024-03-11T13:00:00+00:00,1.28242,1.28301,1.27952,1.28138
2024-03-11T21:00:00+00:00,1.28136,1.28229,1.28079,1.28194
2024-03-12T05:00:00+00:00,1.28194,1.28236,1.27551,1.27717
2024-03-12T13:00:00+00:00,1.27716,1.27951,1.27461,1.27926
2024-03-12T21:00:00+00:00,1.27928,1.27991,1.27882,1.27907
2024-03-13T05:00:00+00:00,1.27906,1.2809,1.27746,1.28002
2024-03-13T13:00:00+00:00,1.28002,1.28114,1.2787,1.27968
2024-03-13T21:00:00+00:00,1.27968,1.28045,1.27868,1.27918
2024-03-14T05:00:00+00:00,1.27919,1.28231,1.27833,1.27951
2024-03-14T13:00:00+00:00,1.27951,1.27966,1.27307,1.27533
2024-03-14T21:00:00+00:00,1.27536,1.27557,1.273,1.27389
2024-03-15T05:00:00+00:00,1.2739,1.27588,1.27331,1.27483
2024-03-15T13:00:00+00:00,1.27483,1.27574,1.27252,1.27356
2024-03-17T21:00:00+00:00,1.27331,1.27387,1.2726,1.27316
2024-03-18T05:00:00+00:00,1.27316,1.27468,1.27275,1.27356
2024-03-18T13:00:00+00:00,1.27357,1.27382,1.2718,1.27292
2024-03-18T21:00:00+00:00,1.27293,1.27313,1.27128,1.27179
2024-03-19T05:00:00+00:00,1.27177,1.27189,1.26677,1.26994
2024-03-19T13:00:00+00:00,1.26993,1.27331,1.2694,1.27215
2024-03-19T21:00:00+00:00,1.27217,1.27249,1.27104,1.27188
2024-03-20T05:00:00+00:00,1.27188,1.27299,1.26845,1.26937
2024-03-20T13:00:00+00:00,1.26934,1.27873,1.26864,1.27854
2024-03-20T21:00:00+00:00,1.27855,1.28028,1.27836,1.27897
2024-03-21T05:00:00+00:00,1.27896,1.28034,1.27256,1.27355
2024-03-21T13:00:00+00:00,1.27356,1.27364,1.26506,1.2657
2024-03-21T21:00:00+00:00,1.26568,1.26754,1.26344,1.2642
2024-03-22T05:00:00+00:00,1.26421,1.26456,1.25753,1.26198
2024-03-22T13:00:00+00:00,1.26198,1.26239,1.25857,1.2601
2024-03-24T21:00:00+00:00,1.2601,1.26172,1.25918,1.26057
2024-03-25T05:00:00+00:00,1.26057,1.26467,1.25951,1.26386
2024-03-25T13:00:00+00:00,1.26384,1.26524,1.26353,1.26369
2024-03-25T21:00:00+00:00,1.2637,1.26473,1.26343,1.26421
2024-03-26T05:00:00+00:00,1.2642,1.26681,1.2638,1.264
2024-03-26T13:00:00+00:00,1.26399,1.26493,1.26221,1.26277
2024-03-26T21:00:00+00:00,1.26275,1.26312,1.26086,1.26175
2024-03-27T05:00:00+00:00,1.26174,1.26387,1.26079,1.26168
2024-03-27T13:00:00+00:00,1.26166,1.26413,1.26055,1.26403
2024-03-27T21:00:00+00:00,1.26405,1.26412,1.26111,1.2631
2024-03-28T05:00:00+00:00,1.2631,1.26426,1.25859,1.26407
2024-03-28T13:00:00+00:00,1.26408,1.26548,1.26155,1.26238
2024-03-28T21:00:00+00:00,1.26238,1.26349,1.26164,1.26229
2024-03-29T05:00:00+00:00,1.26229,1.26371,1.26098,1.26331
2024-03-29T13:00:00+00:00,1.26331,1.26452,1.26166,1.2625
2024-03-31T22:00:00+01:00,1.26269,1.26425,1.26182,1.26298
2024-04-01T06:00:00+01:00,1.26297,1.26317,1.2603,1.26123
2024-04-01T14:00:00+01:00,1.26122,1.26136,1.25396,1.25517
2024-04-01T22:00:00+01:00,1.25521,1.2565,1.25405,1.25447
2024-04-02T06:00:00+01:00,1.25445,1.25767,1.25395,1.25569
2024-04-02T14:00:00+01:00,1.2557,1.25788,1.25523,1.25775
2024-04-02T22:00:00+01:00,1.25779,1.25831,1.2567,1.25787
2024-04-03T06:00:00+01:00,1.25788,1.25884,1.25625,1.25728
2024-04-03T14:00:00+01:00,1.25728,1.2656,1.25675,1.26524
2024-04-03T22:00:00+01:00,1.26519,1.26562,1.26445,1.26525
2024-04-04T06:00:00+01:00,1.26526,1.26698,1.26478,1.26686
2024-04-04T14:00:00+01:00,1.26685,1.26836,1.26353,1.26422
2024-04-04T22:00:00+01:00,1.26416,1.26487,1.26215,1.26255
2024-04-05T06:00:00+01:00,1.26256,1.26464,1.25825,1.25949
2024-04-05T14:00:00+01:00,1.25951,1.26407,1.25744,1.26376
2024-04-07T22:00:00+01:00,1.26284,1.26397,1.26147,1.26293
2024-04-08T06:00:00+01:00,1.26293,1.26362,1.26134,1.26263
2024-04-08T14:00:00+01:00,1.26264,1.2664,1.26264,1.26545
2024-04-08T22:00:00+01:00,1.26541,1.26617,1.26505,1.26566
2024-04-09T06:00:00+01:00,1.26566,1.27035,1.26489,1.26968
2024-04-09T14:00:00+01:00,1.26967,1.27094,1.26631,1.26778
2024-04-09T22:00:00+01:00,1.26777,1.26799,1.2669,1.26775
2024-04-10T06:00:00+01:00,1.26775,1.27087,1.25951,1.26118
2024-04-10T14:00:00+01:00,1.26118,1.26124,1.25204,1.25402
2024-04-10T22:00:00+01:00,1.25401,1.25496,1.2532,1.25473
2024-04-11T06:00:00+01:00,1.25475,1.25725,1.25279,1.25671
2024-04-11T14:00:00+01:00,1.25672,1.25786,1.25108,1.25534
2024-04-11T22:00:00+01:00,1.25533,1.25588,1.25371,1.25379
2024-04-12T06:00:00+01:00,1.25379,1.25445,1.24513,1.24545
2024-04-12T14:00:00+01:00,1.24547,1.24663,1.24267,1.24495
2024-04-14T22:00:00+01:00,1.24473,1.24649,1.24397,1.24606
2024-04-15T06:00:00+01:00,1.24606,1.24987,1.24511,1.24793
2024-04-15T14:00:00+01:00,1.24794,1.24964,1.24358,1.24462
2024-04-15T22:00:00+01:00,1.24463,1.24496,1.24205,1.24333
2024-04-16T06:00:00+01:00,1.24333,1.24722,1.24086,1.24605
2024-04-16T14:00:00+01:00,1.24606,1.24675,1.24057,1.24263
2024-04-16T22:00:00+01:00,1.24257,1.24398,1.24233,1.24294
2024-04-17T06:00:00+01:00,1.24293,1.24819,1.24171,1.24507
2024-04-17T14:00:00+01:00,1.24506,1.24696,1.24242,1.24537
2024-04-17T22:00:00+01:00,1.24537,1.24714,1.24474,1.24706
2024-04-18T06:00:00+01:00,1.24704,1.24846,1.24472,1.24588
2024-04-18T14:00:00+01:00,1.2459,1.24686,1.24337,1.24361
2024-04-18T22:00:00+01:00,1.24357,1.24411,1.23891,1.24196
2024-04-19T06:00:00+01:00,1.24198,1.24638,1.24035,1.24487
2024-04-19T14:00:00+01:00,1.24486,1.24684,1.23669,1.23731
2024-04-21T22:00:00+01:00,1.2376,1.23923,1.23663,1.23862
2024-04-22T06:00:00+01:00,1.23864,1.23875,1.2309,1.23114
2024-04-22T14:00:00+01:00,1.23113,1.23618,1.22995,1.23494
2024-04-22T22:00:00+01:00,1.23488,1.23589,1.23476,1.23515
2024-04-23T06:00:00+01:00,1.23515,1.24065,1.23318,1.23915
2024-04-23T14:00:00+01:00,1.23914,1.24585,1.23812,1.24491
2024-04-23T22:00:00+01:00,1.24494,1.24649,1.24443,1.24549
2024-04-24T06:00:00+01:00,1.2455,1.24571,1.24225,1.24419
2024-04-24T14:00:00+01:00,1.24418,1.247,1.24267,1.24642
2024-04-24T22:00:00+01:00,1.24636,1.24686,1.24544,1.24672
2024-04-25T06:00:00+01:00,1.24673,1.25278,1.24665,1.24782
2024-04-25T14:00:00+01:00,1.24784,1.25229,1.24568,1.25139
2024-04-25T22:00:00+01:00,1.25137,1.25153,1.2494,1.25008
2024-04-26T06:00:00+01:00,1.25008,1.25412,1.24968,1.25082
2024-04-26T14:00:00+01:00,1.25083,1.2518,1.24492,1.24921
2024-04-28T22:00:00+01:00,1.24779,1.25484,1.24737,1.25425
2024-04-29T06:00:00+01:00,1.25425,1.25478,1.25075,1.25297
2024-04-29T14:00:00+01:00,1.25301,1.25697,1.25147,1.25631
2024-04-29T22:00:00+01:00,1.25625,1.25643,1.25421,1.25455
2024-04-30T06:00:00+01:00,1.25455,1.25547,1.25025,1.25187
2024-04-30T14:00:00+01:00,1.25188,1.25404,1.24903,1.24911
2024-04-30T22:00:00+01:00,1.2491,1.2497,1.24721,1.24775
2024-05-01T06:00:00+01:00,1.24775,1.24982,1.24663,1.24877
2024-05-01T14:00:00+01:00,1.24876,1.25503,1.24772,1.25278
2024-05-01T22:00:00+01:00,1.25264,1.25405,1.25177,1.25341
2024-05-02T06:00:00+01:00,1.2534,1.25447,1.25053,1.25152
2024-05-02T14:00:00+01:00,1.25153,1.25391,1.24719,1.25333
2024-05-02T22:00:00+01:00,1.25333,1.2557,1.25301,1.25477
2024-05-03T06:00:00+01:00,1.25478,1.26347,1.25395,1.26062
2024-05-03T14:00:00+01:00,1.2606,1.26104,1.25294,1.25459
2024-05-05T22:00:00+01:00,1.25465,1.2557,1.25385,1.25437
2024-05-06T06:00:00+01:00,1.25435,1.25943,1.25422,1.25912
2024-05-06T14:00:00+01:00,1.25911,1.25921,1.25581,1.25627
2024-05-06T22:00:00+01:00,1.25622,1.25709,1.25492,1.2553
2024-05-07T06:00:00+01:00,1.25531,1.25562,1.25295,1.25536
2024-05-07T14:00:00+01:00,1.25537,1.2565,1.25009,1.25088
2024-05-07T22:00:00+01:00,1.25083,1.25176,1.24842,1.2487
2024-05-08T06:00:00+01:00,1.2487,1.2501,1.24679,1.24799
2024-05-08T14:00:00+01:00,1.248,1.25048,1.24731,1.24978
2024-05-08T22:00:00+01:00,1.24975,1.25018,1.24873,1.24919
2024-05-09T06:00:00+01:00,1.2492,1.25115,1.2446,1.25026
2024-05-09T14:00:00+01:00,1.25022,1.25269,1.24882,1.25238
2024-05-09T22:00:00+01:00,1.25238,1.253,1.25122,1.25152
2024-05-10T06:00:00+01:00,1.25152,1.25413,1.25147,1.25223
2024-05-10T14:00:00+01:00,1.25224,1.25374,1.25026,1.25251
2024-05-12T22:00:00+01:00,1.25212,1.25288,1.25174,1.25246
2024-05-13T06:00:00+01:00,1.25246,1.25575,1.25178,1.25557
2024-05-13T14:00:00+01:00,1.25559,1.25687,1.25469,1.25591
2024-05-13T22:00:00+01:00,1.25588,1.25622,1.2553,1.25542
2024-05-14T06:00:00+01:00,1.25542,1.2565,1.25095,1.25533
2024-05-14T14:00:00+01:00,1.25533,1.25931,1.25489,1.25917
2024-05-14T22:00:00+01:00,1.25918,1.25995,1.25835,1.25933
2024-05-15T06:00:00+01:00,1.25932,1.26706,1.2587,1.26449
2024-05-15T14:00:00+01:00,1.2645,1.26863,1.2614,1.26853
2024-05-15T22:00:00+01:00,1.26855,1.27007,1.26783,1.26876
2024-05-16T06:00:00+01:00,1.26877,1.26886,1.26524,1.26546
2024-05-16T14:00:00+01:00,1.26545,1.26802,1.26435,1.26696
2024-05-16T22:00:00+01:00,1.26697,1.26729,1.26524,1.26551
2024-05-17T06:00:00+01:00,1.26553,1.26699,1.2645,1.26597
2024-05-17T14:00:00+01:00,1.26598,1.27117,1.26596,1.27015
2024-05-19T22:00:00+01:00,1.27005,1.27111,1.26909,1.2708
2024-05-20T06:00:00+01:00,1.27076,1.27093,1.26893,1.26963
2024-05-20T14:00:00+01:00,1.26962,1.27257,1.26958,1.27062
2024-05-20T22:00:00+01:00,1.27062,1.27119,1.26972,1.27102
2024-05-21T06:00:00+01:00,1.27102,1.27238,1.2704,1.27078
2024-05-21T14:00:00+01:00,1.27077,1.27269,1.26865,1.27093
2024-05-21T22:00:00+01:00,1.27094,1.27229,1.27055,1.27098
2024-05-22T06:00:00+01:00,1.27097,1.27615,1.27002,1.27266
2024-05-22T14:00:00+01:00,1.27265,1.27505,1.27104,1.27169
2024-05-22T22:00:00+01:00,1.27164,1.27319,1.27148,1.27259
2024-05-23T06:00:00+01:00,1.27259,1.27446,1.27052,1.27321
2024-05-23T14:00:00+01:00,1.27321,1.27466,1.26855,1.26985
2024-05-23T22:00:00+01:00,1.26987,1.27004,1.26874,1.26919
2024-05-24T06:00:00+01:00,1.26917,1.27251,1.26758,1.27205
2024-05-24T14:00:00+01:00,1.27205,1.27509,1.27174,1.27375
2024-05-26T22:00:00+01:00,1.2737,1.27435,1.27338,1.27424
2024-05-27T06:00:00+01:00,1.27424,1.27585,1.2734,1.27567
2024-05-27T14:00:00+01:00,1.27568,1.27777,1.27546,1.27688
2024-05-27T22:00:00+01:00,1.27689,1.27833,1.27672,1.27749
2024-05-28T06:00:00+01:00,1.27748,1.27948,1.27625,1.27922
2024-05-28T14:00:00+01:00,1.27921,1.28007,1.27541,1.27618
2024-05-28T22:00:00+01:00,1.27616,1.27656,1.27466,1.27523
2024-05-29T06:00:00+01:00,1.27521,1.27719,1.27356,1.27446
2024-05-29T14:00:00+01:00,1.27446,1.27461,1.26992,1.27006
2024-05-29T22:00:00+01:00,1.27008,1.27067,1.26901,1.26953
2024-05-30T06:00:00+01:00,1.26954,1.27282,1.26809,1.27245
2024-05-30T14:00:00+01:00,1.27245,1.27473,1.27177,1.27323
2024-05-30T22:00:00+01:00,1.27321,1.2736,1.27153,1.27214
2024-05-31T06:00:00+01:00,1.27214,1.27506,1.27003,1.27468
2024-05-31T14:00:00+01:00,1.27466,1.27664,1.27178,1.27421
2024-06-02T22:00:00+01:00,1.27408,1.27561,1.27358,1.27433
2024-06-03T06:00:00+01:00,1.27432,1.27437,1.26944,1.27311
2024-06-03T14:00:00+01:00,1.27311,1.28083,1.273,1.28077
2024-06-03T22:00:00+01:00,1.2807,1.28175,1.28007,1.28097
2024-06-04T06:00:00+01:00,1.28097,1.28127,1.27428,1.27651
2024-06-04T14:00:00+01:00,1.27652,1.27974,1.27589,1.2771
2024-06-04T22:00:00+01:00,1.27711,1.2781,1.27675,1.2774
2024-06-05T06:00:00+01:00,1.27739,1.27946,1.27649,1.27925
2024-06-05T14:00:00+01:00,1.27924,1.27955,1.27554,1.27868
2024-06-05T22:00:00+01:00,1.27865,1.28091,1.27843,1.27952
2024-06-06T06:00:00+01:00,1.2795,1.28005,1.27661,1.27787
2024-06-06T14:00:00+01:00,1.27785,1.27957,1.27625,1.27907
2024-06-06T22:00:00+01:00,1.27906,1.27946,1.27837,1.27906
2024-06-07T06:00:00+01:00,1.27906,1.2818,1.27251,1.2738
2024-06-07T14:00:00+01:00,1.27377,1.27411,1.27161,1.27219
2024-06-09T22:00:00+01:00,1.27314,1.27339,1.27105,1.27163
2024-06-10T06:00:00+01:00,1.27165,1.27295,1.2688,1.27126
2024-06-10T14:00:00+01:00,1.27127,1.27373,1.27041,1.27306
2024-06-10T22:00:00+01:00,1.27307,1.27392,1.27237,1.27348
2024-06-11T06:00:00+01:00,1.27348,1.27496,1.27138,1.27442
2024-06-11T14:00:00+01:00,1.27441,1.27517,1.2706,1.27399
2024-06-11T22:00:00+01:00,1.27402,1.27453,1.2733,1.27393
2024-06-12T06:00:00+01:00,1.27389,1.28582,1.2737,1.28532
2024-06-12T14:00:00+01:00,1.28533,1.28607,1.27913,1.27982
2024-06-12T22:00:00+01:00,1.2798,1.28026,1.27802,1.27806
2024-06-13T06:00:00+01:00,1.27807,1.28077,1.27618,1.27844
2024-06-13T14:00:00+01:00,1.27845,1.2793,1.27382,1.2762
2024-06-13T22:00:00+01:00,1.27619,1.27647,1.27489,1.27492
2024-06-14T06:00:00+01:00,1.27494,1.2753,1.267,1.26905
2024-06-14T14:00:00+01:00,1.26906,1.26961,1.26571,1.26852
2024-06-16T22:00:00+01:00,1.2688,1.26902,1.26768,1.26834
2024-06-17T06:00:00+01:00,1.26835,1.26844,1.26591,1.26671
2024-06-17T14:00:00+01:00,1.26672,1.27096,1.26642,1.27046
2024-06-17T22:00:00+01:00,1.27041,1.27152,1.26931,1.26941
2024-06-18T06:00:00+01:00,1.2694,1.27022,1.2669,1.26913
2024-06-18T14:00:00+01:00,1.26914,1.2721,1.26854,1.27087
2024-06-18T22:00:00+01:00,1.27085,1.27136,1.27027,1.2706
2024-06-19T06:00:00+01:00,1.27061,1.27401,1.27001,1.27198
2024-06-19T14:00:00+01:00,1.27199,1.27339,1.27141,1.27204
2024-06-19T22:00:00+01:00,1.27206,1.27238,1.27102,1.27136
2024-06-20T06:00:00+01:00,1.27136,1.27151,1.26751,1.26781
2024-06-20T14:00:00+01:00,1.2678,1.26878,1.26548,1.26572
2024-06-20T22:00:00+01:00,1.26571,1.26653,1.2655,1.26619
2024-06-21T06:00:00+01:00,1.26618,1.26753,1.26312,1.26489
2024-06-21T14:00:00+01:00,1.2649,1.26513,1.26222,1.26457
2024-06-23T22:00:00+01:00,1.26407,1.26483,1.26327,1.26451
2024-06-24T06:00:00+01:00,1.26453,1.26719,1.26448,1.26655
2024-06-24T14:00:00+01:00,1.26656,1.26981,1.26653,1.26841
2024-06-24T22:00:00+01:00,1.26841,1.26967,1.268,1.26945
2024-06-25T06:00:00+01:00,1.26944,1.27025,1.26753,1.26799
2024-06-25T14:00:00+01:00,1.26799,1.26961,1.26702,1.26859
2024-06-25T22:00:00+01:00,1.26859,1.26936,1.26793,1.26858
2024-06-26T06:00:00+01:00,1.26859,1.2688,1.26396,1.2645
2024-06-26T14:00:00+01:00,1.2645,1.26514,1.26156,1.26216
2024-06-26T22:00:00+01:00,1.26216,1.26365,1.26129,1.26362
2024-06-27T06:00:00+01:00,1.26362,1.26614,1.26265,1.26553
2024-06-27T14:00:00+01:00,1.26553,1.26709,1.26377,1.2639
2024-06-27T22:00:00+01:00,1.26391,1.26468,1.26219,1.26232
2024-06-28T06:00:00+01:00,1.26232,1.26652,1.26228,1.26503
2024-06-28T14:00:00+01:00,1.26502,1.26542,1.26197,1.26448
2024-06-30T22:00:00+01:00,1.26525,1.26659,1.26402,1.26572
2024-07-01T06:00:00+01:00,1.26571,1.26895,1.26567,1.26654
2024-07-01T14:00:00+01:00,1.26656,1.27127,1.26331,1.26503
2024-07-01T22:00:00+01:00,1.26502,1.26545,1.26321,1.26331
2024-07-02T06:00:00+01:00,1.2633,1.26692,1.26155,1.26645
2024-07-02T14:00:00+01:00,1.26646,1.26879,1.26615,1.26853
2024-07-02T22:00:00+01:00,1.26852,1.26934,1.26797,1.26866
2024-07-03T06:00:00+01:00,1.26867,1.27225,1.26784,1.27187
2024-07-03T14:00:00+01:00,1.27188,1.27772,1.27184,1.2742
2024-07-03T22:00:00+01:00,1.27418,1.27558,1.27407,1.27435
2024-07-04T06:00:00+01:00,1.27435,1.27637,1.27412,1.27494
2024-07-04T14:00:00+01:00,1.27494,1.27678,1.27473,1.27596
2024-07-04T22:00:00+01:00,1.27595,1.27729,1.27541,1.27704
2024-07-05T06:00:00+01:00,1.27705,1.28113,1.27624,1.28031
2024-07-05T14:00:00+01:00,1.28031,1.28173,1.27868,1.28141
2024-07-07T22:00:00+01:00,1.27996,1.28191,1.27917,1.28145
2024-07-08T06:00:00+01:00,1.28146,1.28401,1.27999,1.28382
2024-07-08T14:00:00+01:00,1.28383,1.28458,1.2806,1.28066
2024-07-08T22:00:00+01:00,1.28066,1.28168,1.27987,1.28083
2024-07-09T06:00:00+01:00,1.28083,1.28252,1.27938,1.28063
2024-07-09T14:00:00+01:00,1.28066,1.28216,1.27777,1.27867
2024-07-09T22:00:00+01:00,1.27851,1.27948,1.27843,1.27943
2024-07-10T06:00:00+01:00,1.27944,1.28127,1.27886,1.28085
2024-07-10T14:00:00+01:00,1.28086,1.2849,1.28063,1.28484
2024-07-10T22:00:00+01:00,1.28485,1.28642,1.28479,1.28578
2024-07-11T06:00:00+01:00,1.28579,1.29494,1.28553,1.2932
2024-07-11T14:00:00+01:00,1.29317,1.29486,1.28991,1.29149
2024-07-11T22:00:00+01:00,1.29147,1.29245,1.29022,1.29112
2024-07-12T06:00:00+01:00,1.29115,1.29689,1.29026,1.29653
2024-07-12T14:00:00+01:00,1.29654,1.29922,1.29579,1.299
2024-07-14T22:00:00+01:00,1.29683,1.2984,1.29621,1.29751
2024-07-15T06:00:00+01:00,1.29751,1.29913,1.29636,1.29772
2024-07-15T14:00:00+01:00,1.29773,1.2995,1.29621,1.29673
2024-07-15T22:00:00+01:00,1.29672,1.29726,1.29616,1.29631
2024-07-16T06:00:00+01:00,1.29632,1.298,1.29384,1.2947
2024-07-16T14:00:00+01:00,1.29469,1.29769,1.29411,1.2974
2024-07-16T22:00:00+01:00,1.29731,1.29787,1.29666,1.29685
2024-07-17T06:00:00+01:00,1.29683,1.30446,1.29662,1.30324
2024-07-17T14:00:00+01:00,1.30323,1.30364,1.2999,1.301
2024-07-17T22:00:00+01:00,1.301,1.30119,1.29994,1.30018
2024-07-18T06:00:00+01:00,1.30017,1.30131,1.29746,1.29814
2024-07-18T14:00:00+01:00,1.29813,1.29852,1.29404,1.2944
2024-07-18T22:00:00+01:00,1.29439,1.29585,1.29344,1.29388
2024-07-19T06:00:00+01:00,1.29388,1.29419,1.29011,1.29203
2024-07-19T14:00:00+01:00,1.29203,1.29269,1.29068,1.2914
2024-07-21T22:00:00+01:00,1.29199,1.29397,1.29103,1.29177
2024-07-22T06:00:00+01:00,1.29177,1.29424,1.291,1.29165
2024-07-22T14:00:00+01:00,1.29168,1.29346,1.29053,1.29323
2024-07-22T22:00:00+01:00,1.29326,1.29351,1.29248,1.29281
2024-07-23T06:00:00+01:00,1.29282,1.29289,1.28878,1.29057
2024-07-23T14:00:00+01:00,1.29058,1.29177,1.29003,1.29076
2024-07-23T22:00:00+01:00,1.29075,1.29119,1.28841,1.28873
2024-07-24T06:00:00+01:00,1.28878,1.29301,1.28774,1.29283
2024-07-24T14:00:00+01:00,1.29285,1.29378,1.28997,1.2907
2024-07-24T22:00:00+01:00,1.29066,1.29148,1.28862,1.2889
2024-07-25T06:00:00+01:00,1.28891,1.29136,1.28598,1.2875
2024-07-25T14:00:00+01:00,1.2875,1.28921,1.28498,1.28513
2024-07-25T22:00:00+01:00,1.28514,1.2866,1.28496,1.28639
2024-07-26T06:00:00+01:00,1.28639,1.2874,1.2855,1.28666
2024-07-26T14:00:00+01:00,1.28667,1.28781,1.28499,1.28679
2024-07-28T22:00:00+01:00,1.28619,1.28883,1.28614,1.2875
2024-07-29T06:00:00+01:00,1.2875,1.28782,1.28067,1.28384
2024-07-29T14:00:00+01:00,1.28384,1.2868,1.28232,1.28615
2024-07-29T22:00:00+01:00,1.28611,1.28663,1.28453,1.2858
2024-07-30T06:00:00+01:00,1.28578,1.28646,1.28288,1.2829
2024-07-30T14:00:00+01:00,1.28289,1.28445,1.282,1.28357
2024-07-30T22:00:00+01:00,1.28359,1.28528,1.28316,1.28458
2024-07-31T06:00:00+01:00,1.28459,1.28546,1.28211,1.28476
2024-07-31T14:00:00+01:00,1.28477,1.28644,1.28213,1.28558
2024-07-31T22:00:00+01:00,1.28557,1.2863,1.2848,1.28504
2024-08-01T06:00:00+01:00,1.28505,1.28535,1.27512,1.28105
2024-08-01T14:00:00+01:00,1.28104,1.28398,1.27269,1.274
2024-08-01T22:00:00+01:00,1.27399,1.27519,1.27128,1.27249
2024-08-02T06:00:00+01:00,1.27249,1.28085,1.27075,1.28023
2024-08-02T14:00:00+01:00,1.2802,1.28404,1.27834,1.28042
2024-08-04T22:00:00+01:00,1.28106,1.2815,1.27782,1.28007
2024-08-05T06:00:00+01:00,1.28005,1.28169,1.27103,1.27522
2024-08-05T14:00:00+01:00,1.27523,1.27963,1.27445,1.27765
2024-08-05T22:00:00+01:00,1.27764,1.28031,1.27696,1.2773
2024-08-06T06:00:00+01:00,1.27729,1.27787,1.26728,1.26794
2024-08-06T14:00:00+01:00,1.26794,1.27265,1.26788,1.26913
2024-08-06T22:00:00+01:00,1.26913,1.27182,1.26809,1.27042
2024-08-07T06:00:00+01:00,1.27043,1.27359,1.26875,1.27226
2024-08-07T14:00:00+01:00,1.27225,1.27259,1.26835,1.26911
2024-08-07T22:00:00+01:00,1.26903,1.27026,1.26782,1.26957
2024-08-08T06:00:00+01:00,1.26957,1.27136,1.26652,1.26753
2024-08-08T14:00:00+01:00,1.26757,1.27525,1.26756,1.27472
2024-08-08T22:00:00+01:00,1.27475,1.27604,1.27382,1.27498
2024-08-09T06:00:00+01:00,1.27496,1.27721,1.27262,1.27372
2024-08-09T14:00:00+01:00,1.27371,1.2774,1.27312,1.27606
2024-08-11T22:00:00+01:00,1.27618,1.27697,1.27472,1.27632
2024-08-12T06:00:00+01:00,1.27632,1.27822,1.27529,1.2764
2024-08-12T14:00:00+01:00,1.27642,1.2794,1.27554,1.27662
2024-08-12T22:00:00+01:00,1.27669,1.27797,1.27623,1.27788
2024-08-13T06:00:00+01:00,1.27788,1.28132,1.27763,1.28073
2024-08-13T14:00:00+01:00,1.28075,1.28732,1.27999,1.28636
2024-08-13T22:00:00+01:00,1.28641,1.28685,1.28541,1.28587
2024-08-14T06:00:00+01:00,1.2859,1.28629,1.28177,1.28397
2024-08-14T14:00:00+01:00,1.28395,1.28641,1.28212,1.28292
2024-08-14T22:00:00+01:00,1.28279,1.28407,1.28198,1.28401
2024-08-15T06:00:00+01:00,1.28401,1.28698,1.281,1.28178
2024-08-15T14:00:00+01:00,1.28179,1.28719,1.27988,1.2855
2024-08-15T22:00:00+01:00,1.28534,1.28754,1.28513,1.28729
2024-08-16T06:00:00+01:00,1.28729,1.2914,1.28704,1.28973
2024-08-16T14:00:00+01:00,1.28973,1.29467,1.28817,1.29448
2024-08-18T22:00:00+01:00,1.29393,1.29604,1.29359,1.2953
2024-08-19T06:00:00+01:00,1.29532,1.29755,1.29425,1.29509
2024-08-19T14:00:00+01:00,1.29507,1.29974,1.294,1.29903
2024-08-19T22:00:00+01:00,1.29903,1.29941,1.2977,1.29798
2024-08-20T06:00:00+01:00,1.29797,1.30298,1.29743,1.30273
2024-08-20T14:00:00+01:00,1.30271,1.30525,1.30128,1.30333
2024-08-20T22:00:00+01:00,1.30343,1.30383,1.30228,1.30265
2024-08-21T06:00:00+01:00,1.30262,1.30482,1.30107,1.30451
2024-08-21T14:00:00+01:00,1.30451,1.31197,1.3035,1.30898
2024-08-21T22:00:00+01:00,1.30898,1.30971,1.30815,1.30837
2024-08-22T06:00:00+01:00,1.30838,1.3129,1.30813,1.31188
2024-08-22T14:00:00+01:00,1.31188,1.31303,1.30767,1.30889
2024-08-22T22:00:00+01:00,1.30888,1.31096,1.30864,1.31094
2024-08-23T06:00:00+01:00,1.31093,1.31367,1.3107,1.31195
2024-08-23T14:00:00+01:00,1.31194,1.32303,1.31086,1.32157
2024-08-25T22:00:00+01:00,1.32207,1.32227,1.31988,1.3201
2024-08-26T06:00:00+01:00,1.3201,1.32098,1.31799,1.32016
2024-08-26T14:00:00+01:00,1.32015,1.32096,1.31805,1.31871
2024-08-26T22:00:00+01:00,1.31872,1.31968,1.318,1.3193
2024-08-27T06:00:00+01:00,1.31932,1.3247,1.31916,1.32129
2024-08-27T14:00:00+01:00,1.3213,1.32662,1.32127,1.32598
2024-08-27T22:00:00+01:00,1.32591,1.3263,1.32403,1.32417
2024-08-28T06:00:00+01:00,1.32417,1.32443,1.31991,1.321
2024-08-28T14:00:00+01:00,1.32101,1.32308,1.31676,1.31912
2024-08-28T22:00:00+01:00,1.31921,1.32124,1.319,1.32122
2024-08-29T06:00:00+01:00,1.3212,1.32272,1.31537,1.31608
2024-08-29T14:00:00+01:00,1.31609,1.31905,1.31454,1.31681
2024-08-29T22:00:00+01:00,1.31681,1.31714,1.31603,1.31644
2024-08-30T06:00:00+01:00,1.31646,1.31999,1.31437,1.31553
2024-08-30T14:00:00+01:00,1.31554,1.3164,1.31096,1.31265
2024-09-01T22:00:00+01:00,1.31407,1.31432,1.31201,1.31259
2024-09-02T06:00:00+01:00,1.31259,1.31478,1.31227,1.31427
2024-09-02T14:00:00+01:00,1.31428,1.31553,1.31358,1.31466
2024-09-02T22:00:00+01:00,1.31465,1.31495,1.3123,1.31248
2024-09-03T06:00:00+01:00,1.31246,1.314,1.31088,1.31307
2024-09-03T14:00:00+01:00,1.31306,1.31462,1.30877,1.31137
2024-09-03T22:00:00+01:00,1.31139,1.31187,1.31015,1.31176
2024-09-04T06:00:00+01:00,1.31175,1.31277,1.31011,1.31236
2024-09-04T14:00:00+01:00,1.31237,1.31754,1.31212,1.31468
2024-09-04T22:00:00+01:00,1.31464,1.31566,1.31411,1.31474
2024-09-05T06:00:00+01:00,1.31473,1.31803,1.31373,1.31611
2024-09-05T14:00:00+01:00,1.31611,1.31855,1.31512,1.318
2024-09-05T22:00:00+01:00,1.31802,1.31831,1.31729,1.31785
2024-09-06T06:00:00+01:00,1.31786,1.32388,1.31492,1.32102
2024-09-06T14:00:00+01:00,1.32099,1.3217,1.31101,1.31303
2024-09-08T22:00:00+01:00,1.31254,1.31433,1.31194,1.31195
2024-09-09T06:00:00+01:00,1.31195,1.31199,1.30729,1.30834
2024-09-09T14:00:00+01:00,1.30832,1.31022,1.30678,1.30737
2024-09-09T22:00:00+01:00,1.30747,1.30776,1.30579,1.3077
2024-09-10T06:00:00+01:00,1.30768,1.31078,1.30687,1.30705
2024-09-10T14:00:00+01:00,1.30702,1.30868,1.30495,1.30804
2024-09-10T22:00:00+01:00,1.30801,1.31023,1.30704,1.31022
2024-09-11T06:00:00+01:00,1.31021,1.31115,1.30471,1.30617
2024-09-11T14:00:00+01:00,1.30616,1.30732,1.3002,1.30429
2024-09-11T22:00:00+01:00,1.3043,1.3049,1.3032,1.30489
2024-09-12T06:00:00+01:00,1.30488,1.30623,1.30327,1.30541
2024-09-12T14:00:00+01:00,1.30546,1.31272,1.30503,1.31244
2024-09-12T22:00:00+01:00,1.31244,1.31509,1.31228,1.31474
2024-09-13T06:00:00+01:00,1.31474,1.31523,1.31147,1.31377
2024-09-13T14:00:00+01:00,1.31377,1.3158,1.31178,1.31235
2024-09-15T22:00:00+01:00,1.31222,1.31632,1.31188,1.31533
2024-09-16T06:00:00+01:00,1.31532,1.32093,1.31527,1.31983
2024-09-16T14:00:00+01:00,1.31985,1.32184,1.31913,1.32163
2024-09-16T22:00:00+01:00,1.32163,1.32188,1.32003,1.32032
2024-09-17T06:00:00+01:00,1.32032,1.323,1.31984,1.32105
2024-09-17T14:00:00+01:00,1.32106,1.32127,1.31462,1.31608
2024-09-17T22:00:00+01:00,1.3161,1.31725,1.31544,1.3159
2024-09-18T06:00:00+01:00,1.3159,1.32275,1.31565,1.32183
2024-09-18T14:00:00+01:00,1.32184,1.32981,1.31754,1.32135
2024-09-18T22:00:00+01:00,1.32134,1.32185,1.31535,1.3209
2024-09-19T06:00:00+01:00,1.32091,1.33145,1.32086,1.32401
2024-09-19T14:00:00+01:00,1.32402,1.32896,1.32198,1.32842
2024-09-19T22:00:00+01:00,1.32841,1.33018,1.32719,1.32927
2024-09-20T06:00:00+01:00,1.3293,1.33405,1.32809,1.33207
2024-09-20T14:00:00+01:00,1.33207,1.33316,1.32682,1.33222
2024-09-22T22:00:00+01:00,1.33223,1.33299,1.33069,1.33163
2024-09-23T06:00:00+01:00,1.33162,1.33294,1.32485,1.33275
2024-09-23T14:00:00+01:00,1.33277,1.33596,1.33127,1.33475
2024-09-23T22:00:00+01:00,1.33474,1.33582,1.33402,1.33581
2024-09-24T06:00:00+01:00,1.33582,1.33899,1.33319,1.33868
2024-09-24T14:00:00+01:00,1.33871,1.34159,1.33677,1.3413
2024-09-24T22:00:00+01:00,1.34129,1.343,1.34108,1.34177
2024-09-25T06:00:00+01:00,1.34178,1.34186,1.33639,1.33955
2024-09-25T14:00:00+01:00,1.33955,1.34128,1.33126,1.33236
2024-09-25T22:00:00+01:00,1.33239,1.33428,1.33126,1.33397
2024-09-26T06:00:00+01:00,1.33396,1.33893,1.33344,1.33724
2024-09-26T14:00:00+01:00,1.33725,1.34343,1.3351,1.34153
2024-09-26T22:00:00+01:00,1.34154,1.34173,1.33803,1.33855
2024-09-27T06:00:00+01:00,1.33854,1.34265,1.336,1.34245
2024-09-27T14:00:00+01:00,1.34244,1.34275,1.33696,1.33745
2024-09-29T22:00:00+01:00,1.33737,1.33897,1.33716,1.33883
2024-09-30T06:00:00+01:00,1.33885,1.34232,1.33744,1.33864
2024-09-30T14:00:00+01:00,1.33865,1.3417,1.33502,1.33747
2024-09-30T22:00:00+01:00,1.33748,1.33898,1.33682,1.33805
2024-10-01T06:00:00+01:00,1.33806,1.33851,1.3311,1.33185
2024-10-01T14:00:00+01:00,1.33184,1.33277,1.32374,1.3286
2024-10-01T22:00:00+01:00,1.32861,1.3296,1.32678,1.32696
2024-10-02T06:00:00+01:00,1.32695,1.33055,1.32606,1.32742
2024-10-02T14:00:00+01:00,1.32743,1.32835,1.32459,1.32676
2024-10-02T22:00:00+01:00,1.32682,1.32742,1.32432,1.32442
2024-10-03T06:00:00+01:00,1.32441,1.32462,1.30928,1.31139
2024-10-03T14:00:00+01:00,1.31135,1.31319,1.30923,1.31243
2024-10-03T22:00:00+01:00,1.31243,1.31358,1.31195,1.31277
2024-10-04T06:00:00+01:00,1.31276,1.3175,1.30755,1.3079
2024-10-04T14:00:00+01:00,1.30789,1.31297,1.30699,1.31161
2024-10-06T22:00:00+01:00,1.30848,1.31345,1.30848,1.3117
2024-10-07T06:00:00+01:00,1.31169,1.31227,1.30593,1.30787
2024-10-07T14:00:00+01:00,1.30788,1.30967,1.30684,1.30835
2024-10-07T22:00:00+01:00,1.30845,1.31038,1.30808,1.30902
2024-10-08T06:00:00+01:00,1.30901,1.31134,1.30643,1.3101
2024-10-08T14:00:00+01:00,1.31005,1.31124,1.3076,1.31036
2024-10-08T22:00:00+01:00,1.31035,1.31059,1.30815,1.30842
2024-10-09T06:00:00+01:00,1.30843,1.31019,1.30556,1.30828
2024-10-09T14:00:00+01:00,1.30828,1.30891,1.306,1.30714
2024-10-09T22:00:00+01:00,1.30713,1.3078,1.30627,1.30722
2024-10-10T06:00:00+01:00,1.30722,1.3094,1.30219,1.30761
2024-10-10T14:00:00+01:00,1.30762,1.30849,1.3022,1.30588
2024-10-10T22:00:00+01:00,1.30591,1.30668,1.30486,1.30495
2024-10-11T06:00:00+01:00,1.30496,1.3082,1.30418,1.30652
2024-10-11T14:00:00+01:00,1.30653,1.30832,1.3057,1.30712
2024-10-13T22:00:00+01:00,1.30673,1.30705,1.30408,1.30592
2024-10-14T06:00:00+01:00,1.30595,1.3072,1.30311,1.30342
2024-10-14T14:00:00+01:00,1.30341,1.30618,1.30303,1.30593
2024-10-14T22:00:00+01:00,1.30601,1.30691,1.30476,1.305
2024-10-15T06:00:00+01:00,1.305,1.30968,1.30354,1.30885
2024-10-15T14:00:00+01:00,1.30884,1.31028,1.30605,1.30739
2024-10-15T22:00:00+01:00,1.30736,1.30775,1.306,1.3074
2024-10-16T06:00:00+01:00,1.3074,1.30768,1.29825,1.30152
2024-10-16T14:00:00+01:00,1.30155,1.30313,1.2977,1.29903
2024-10-16T22:00:00+01:00,1.29903,1.30015,1.29806,1.29839
2024-10-17T06:00:00+01:00,1.29838,1.30234,1.29739,1.3009
2024-10-17T14:00:00+01:00,1.3009,1.30189,1.29799,1.30112
2024-10-17T22:00:00+01:00,1.30107,1.30265,1.30058,1.30218
2024-10-18T06:00:00+01:00,1.30221,1.30712,1.302,1.30492
2024-10-18T14:00:00+01:00,1.30491,1.30669,1.302,1.30522
2024-10-20T22:00:00+01:00,1.30461,1.30584,1.30387,1.30405
2024-10-21T06:00:00+01:00,1.30406,1.30449,1.30121,1.30293
2024-10-21T14:00:00+01:00,1.30292,1.3032,1.29771,1.29852
2024-10-21T22:00:00+01:00,1.29849,1.30001,1.29797,1.29996
2024-10-22T06:00:00+01:00,1.29997,1.30151,1.29558,1.29561
2024-10-22T14:00:00+01:00,1.2956,1.29862,1.29446,1.29834
2024-10-22T22:00:00+01:00,1.29832,1.2992,1.29713,1.2989
2024-10-23T06:00:00+01:00,1.2989,1.29949,1.29451,1.2953
2024-10-23T14:00:00+01:00,1.2953,1.29621,1.29073,1.29213
2024-10-23T22:00:00+01:00,1.29215,1.29305,1.2909,1.29304
2024-10-24T06:00:00+01:00,1.29304,1.29827,1.29259,1.29744
2024-10-24T14:00:00+01:00,1.29743,1.29879,1.2948,1.29748
2024-10-24T22:00:00+01:00,1.29751,1.29774,1.296,1.29646
2024-10-25T06:00:00+01:00,1.29647,1.29968,1.29559,1.29924
2024-10-25T14:00:00+01:00,1.29923,1.29985,1.29582,1.29622
2024-10-27T21:00:00+00:00,1.2974,1.2974,1.29418,1.29467
2024-10-28T05:00:00+00:00,1.29466,1.29973,1.29397,1.2988
2024-10-28T13:00:00+00:00,1.29881,1.30015,1.29678,1.29724
2024-10-28T21:00:00+00:00,1.29726,1.29773,1.29581,1.29616
2024-10-29T05:00:00+00:00,1.29616,1.29928,1.29606,1.29776
2024-10-29T13:00:00+00:00,1.29779,1.30171,1.29671,1.30151
2024-10-29T21:00:00+00:00,1.30155,1.30204,1.29963,1.29985
2024-10-30T05:00:00+00:00,1.29987,1.30272,1.2937,1.29495
2024-10-30T13:00:00+00:00,1.29494,1.30435,1.29467,1.2963
2024-10-30T21:00:00+00:00,1.29628,1.29688,1.29427,1.29502
2024-10-31T05:00:00+00:00,1.29501,1.29998,1.29479,1.29782
2024-10-31T13:00:00+00:00,1.29783,1.2998,1.28436,1.28993
2024-10-31T21:00:00+00:00,1.28994,1.2903,1.28885,1.28979
2024-11-01T05:00:00+00:00,1.28979,1.29672,1.28846,1.29537
2024-11-01T13:00:00+00:00,1.29536,1.29805,1.29161,1.29251
2024-11-03T22:00:00+00:00,1.29706,1.2999,1.29501,1.29928
2024-11-04T06:00:00+00:00,1.29928,1.29965,1.29454,1.29696
2024-11-04T14:00:00+00:00,1.29699,1.29932,1.29344,1.29577
2024-11-04T22:00:00+00:00,1.29576,1.29636,1.2948,1.29601
2024-11-05T06:00:00+00:00,1.296,1.29946,1.29577,1.29828
2024-11-05T14:00:00+00:00,1.29829,1.30428,1.29813,1.30418
2024-11-05T22:00:00+00:00,1.30422,1.3048,1.28635,1.28884
2024-11-06T06:00:00+00:00,1.28884,1.29239,1.28412,1.28646
2024-11-06T14:00:00+00:00,1.28643,1.29196,1.28343,1.28791
2024-11-06T22:00:00+00:00,1.28795,1.29348,1.28747,1.29307
2024-11-07T06:00:00+00:00,1.29304,1.29752,1.28985,1.29722
2024-11-07T14:00:00+00:00,1.29723,1.30092,1.29486,1.29868
2024-11-07T22:00:00+00:00,1.29868,1.29906,1.29617,1.29697
2024-11-08T06:00:00+00:00,1.29699,1.29767,1.29278,1.29415
2024-11-08T14:00:00+00:00,1.29416,1.29486,1.28836,1.29201
2024-11-10T22:00:00+00:00,1.29139,1.29259,1.29011,1.29155
2024-11-11T06:00:00+00:00,1.29154,1.29225,1.2856,1.28668
2024-11-11T14:00:00+00:00,1.28669,1.28781,1.28573,1.28682
2024-11-11T22:00:00+00:00,1.2868,1.28737,1.28303,1.28333
2024-11-12T06:00:00+00:00,1.28332,1.28332,1.27924,1.28102
2024-11-12T14:00:00+00:00,1.28102,1.28112,1.27192,1.27475
2024-11-12T22:00:00+00:00,1.27475,1.27548,1.27311,1.27433
2024-11-13T06:00:00+00:00,1.27433,1.27698,1.27299,1.27544
2024-11-13T14:00:00+00:00,1.27543,1.27567,1.26866,1.27083
2024-11-13T22:00:00+00:00,1.27079,1.27125,1.26731,1.26876
2024-11-14T06:00:00+00:00,1.26875,1.26955,1.26297,1.26571
2024-11-14T14:00:00+00:00,1.26571,1.27203,1.26473,1.26656
2024-11-14T22:00:00+00:00,1.26664,1.26825,1.26565,1.2675
2024-11-15T06:00:00+00:00,1.2675,1.26972,1.26405,1.26502
2024-11-15T14:00:00+00:00,1.26502,1.26543,1.25972,1.26195
2024-11-17T22:00:00+00:00,1.2621,1.26425,1.26094,1.263
2024-11-18T06:00:00+00:00,1.263,1.26408,1.26133,1.26251
2024-11-18T14:00:00+00:00,1.26249,1.26866,1.26188,1.26786
2024-11-18T22:00:00+00:00,1.26785,1.26896,1.2666,1.26692
2024-11-19T06:00:00+00:00,1.26693,1.26799,1.26133,1.26357
2024-11-19T14:00:00+00:00,1.26357,1.26854,1.26276,1.2682
2024-11-19T22:00:00+00:00,1.26817,1.26955,1.26768,1.26841
2024-11-20T06:00:00+00:00,1.26839,1.27148,1.26491,1.26741
2024-11-20T14:00:00+00:00,1.26741,1.26749,1.26309,1.2652
2024-11-20T22:00:00+00:00,1.26525,1.26601,1.26484,1.26502
2024-11-21T06:00:00+00:00,1.26503,1.26579,1.26232,1.26475
2024-11-21T14:00:00+00:00,1.26476,1.26528,1.25762,1.2589
2024-11-21T22:00:00+00:00,1.25893,1.25944,1.25663,1.25689
2024-11-22T06:00:00+00:00,1.25687,1.25819,1.24873,1.25204
2024-11-22T14:00:00+00:00,1.25209,1.25377,1.25074,1.25282
2024-11-24T22:00:00+00:00,1.25934,1.26069,1.257,1.25944
2024-11-25T06:00:00+00:00,1.25944,1.26134,1.25484,1.26113
2024-11-25T14:00:00+00:00,1.26116,1.26133,1.25417,1.25686
2024-11-25T22:00:00+00:00,1.25687,1.25736,1.2507,1.25483
2024-11-26T06:00:00+00:00,1.25483,1.26166,1.25379,1.25822
2024-11-26T14:00:00+00:00,1.25822,1.25882,1.25248,1.2569
2024-11-26T22:00:00+00:00,1.25692,1.25801,1.25669,1.25679
2024-11-27T06:00:00+00:00,1.2568,1.26628,1.25671,1.26626
2024-11-27T14:00:00+00:00,1.26626,1.26946,1.26334,1.268
2024-11-27T22:00:00+00:00,1.26799,1.26835,1.26587,1.26642
2024-11-28T06:00:00+00:00,1.26642,1.26741,1.26451,1.26639
2024-11-28T14:00:00+00:00,1.26639,1.2691,1.26608,1.26868
2024-11-28T22:00:00+00:00,1.26871,1.27171,1.26841,1.27066
2024-11-29T06:00:00+00:00,1.27066,1.27499,1.26773,1.26854
2024-11-29T14:00:00+00:00,1.26855,1.27462,1.2672,1.2736
2024-12-01T22:00:00+00:00,1.27307,1.27374,1.26805,1.26865
2024-12-02T06:00:00+00:00,1.26865,1.27228,1.26625,1.2685
2024-12-02T14:00:00+00:00,1.26852,1.26924,1.2617,1.26552
2024-12-02T22:00:00+00:00,1.26547,1.26605,1.26384,1.26474
2024-12-03T06:00:00+00:00,1.26473,1.26971,1.26432,1.26699
2024-12-03T14:00:00+00:00,1.267,1.26998,1.26367,1.26732
2024-12-03T22:00:00+00:00,1.26734,1.26951,1.26519,1.26909
2024-12-04T06:00:00+00:00,1.26908,1.27017,1.26301,1.26705
2024-12-04T14:00:00+00:00,1.26704,1.27216,1.26625,1.27029
2024-12-04T22:00:00+00:00,1.27033,1.27169,1.26928,1.27145
2024-12-05T06:00:00+00:00,1.27144,1.27518,1.27125,1.27514
2024-12-05T14:00:00+00:00,1.27517,1.2771,1.2732,1.27588
2024-12-05T22:00:00+00:00,1.27593,1.27619,1.27399,1.2745
2024-12-06T06:00:00+00:00,1.27449,1.28113,1.27411,1.27947
2024-12-06T14:00:00+00:00,1.27947,1.27988,1.27212,1.27425
2024-12-08T22:00:00+00:00,1.27355,1.27522,1.27171,1.27201
2024-12-09T06:00:00+00:00,1.27201,1.27846,1.27201,1.27787
2024-12-09T14:00:00+00:00,1.27787,1.2799,1.27432,1.27505
2024-12-09T22:00:00+00:00,1.27503,1.2755,1.27354,1.27543
2024-12-10T06:00:00+00:00,1.27542,1.27659,1.27371,1.27506
2024-12-10T14:00:00+00:00,1.27507,1.27779,1.27241,1.27709
2024-12-10T22:00:00+00:00,1.27711,1.27818,1.2763,1.27659
2024-12-11T06:00:00+00:00,1.27658,1.27816,1.27133,1.27704
2024-12-11T14:00:00+00:00,1.27703,1.27763,1.27329,1.27512
2024-12-11T22:00:00+00:00,1.2751,1.27717,1.27482,1.27645
2024-12-12T06:00:00+00:00,1.27646,1.2788,1.27194,1.27291
2024-12-12T14:00:00+00:00,1.27292,1.27367,1.26666,1.26736
2024-12-12T22:00:00+00:00,1.26736,1.26797,1.26572,1.2664
2024-12-13T06:00:00+00:00,1.26644,1.26682,1.26187,1.26649
2024-12-13T14:00:00+00:00,1.2665,1.26656,1.26083,1.26198
2024-12-15T22:00:00+00:00,1.2617,1.26395,1.26113,1.26364
2024-12-16T06:00:00+00:00,1.26367,1.26717,1.26296,1.26639
2024-12-16T14:00:00+00:00,1.2664,1.26989,1.2636,1.26819
2024-12-16T22:00:00+00:00,1.26824,1.26986,1.26726,1.26746
2024-12-17T06:00:00+00:00,1.26745,1.27089,1.2666,1.27022
2024-12-17T14:00:00+00:00,1.27024,1.27289,1.26841,1.27092
2024-12-17T22:00:00+00:00,1.27096,1.27158,1.26951,1.27023
2024-12-18T06:00:00+00:00,1.27022,1.27272,1.26798,1.26911
2024-12-18T14:00:00+00:00,1.26911,1.27184,1.25622,1.2574
2024-12-18T22:00:00+00:00,1.25738,1.25968,1.25631,1.25854
2024-12-19T06:00:00+00:00,1.25853,1.2667,1.25831,1.2592
2024-12-19T14:00:00+00:00,1.25918,1.26027,1.24952,1.25021
2024-12-19T22:00:00+00:00,1.25023,1.25082,1.24751,1.2487
2024-12-20T06:00:00+00:00,1.2487,1.25595,1.24775,1.25543
2024-12-20T14:00:00+00:00,1.2554,1.26143,1.25375,1.25697
2024-12-22T22:00:00+00:00,1.2567,1.25882,1.25592,1.25779
2024-12-23T06:00:00+00:00,1.2578,1.25834,1.25124,1.25253
2024-12-23T14:00:00+00:00,1.25255,1.25391,1.25099,1.25362
2024-12-23T22:00:00+00:00,1.25357,1.25421,1.25254,1.2538
2024-12-24T06:00:00+00:00,1.25381,1.25682,1.25266,1.25658
2024-12-24T14:00:00+00:00,1.25657,1.25748,1.25189,1.25379
2024-12-24T22:00:00+00:00,1.2539,1.2554,1.2531,1.25459
2024-12-25T06:00:00+00:00,1.25412,1.25587,1.25388,1.25541
2024-12-25T22:00:00+00:00,1.2554,1.25563,1.25372,1.25448
2024-12-26T06:00:00+00:00,1.25448,1.25453,1.25146,1.25237
2024-12-26T14:00:00+00:00,1.25237,1.25368,1.25011,1.25265
2024-12-26T22:00:00+00:00,1.25267,1.25323,1.25185,1.25206
2024-12-27T06:00:00+00:00,1.25205,1.25744,1.25052,1.25743
2024-12-27T14:00:00+00:00,1.25745,1.25926,1.25537,1.25753
2024-12-29T22:00:00+00:00,1.2576,1.25882,1.25654,1.25817
2024-12-30T06:00:00+00:00,1.25818,1.26075,1.25531,1.25543
2024-12-30T14:00:00+00:00,1.25543,1.25682,1.25063,1.25501
2024-12-30T22:00:00+00:00,1.25514,1.25602,1.25343,1.2551
2024-12-31T06:00:00+00:00,1.25509,1.25693,1.25201,1.25291
2024-12-31T14:00:00+00:00,1.25292,1.25545,1.25056,1.25136
2025-01-01T22:00:00+00:00,1.25187,1.25406,1.25074,1.25325
2025-01-02T06:00:00+00:00,1.25324,1.25344,1.23988,1.24043
2025-01-02T14:00:00+00:00,1.24043,1.24114,1.23527,1.23794
2025-01-02T22:00:00+00:00,1.23795,1.23977,1.2376,1.23955
2025-01-03T06:00:00+00:00,1.23955,1.24168,1.23866,1.24016
2025-01-03T14:00:00+00:00,1.24016,1.24343,1.2388,1.24232
2025-01-05T22:00:00+00:00,1.24183,1.24441,1.24147,1.24364
2025-01-06T06:00:00+00:00,1.24365,1.2551,1.24357,1.25343
2025-01-06T14:00:00+00:00,1.25344,1.25373,1.24686,1.25198
2025-01-06T22:00:00+00:00,1.25196,1.25426,1.2504,1.25378
2025-01-07T06:00:00+00:00,1.25377,1.25759,1.2524,1.25423
2025-01-07T14:00:00+00:00,1.25424,1.25442,1.24766,1.24768
2025-01-07T22:00:00+00:00,1.24775,1.24894,1.24728,1.24883
2025-01-08T06:00:00+00:00,1.24882,1.24943,1.2321,1.23565
2025-01-08T14:00:00+00:00,1.23565,1.23774,1.23243,1.23635
2025-01-08T22:00:00+00:00,1.23631,1.23673,1.2329,1.23319
2025-01-09T06:00:00+00:00,1.23318,1.23322,1.22385,1.23006
2025-01-09T14:00:00+00:00,1.23006,1.2317,1.22872,1.23075
2025-01-09T22:00:00+00:00,1.2307,1.23114,1.22743,1.22759
2025-01-10T06:00:00+00:00,1.2276,1.23218,1.21917,1.22315
2025-01-10T14:00:00+00:00,1.22315,1.22627,1.21951,1.22085
2025-01-12T22:00:00+00:00,1.22022,1.22108,1.2126,1.21473
2025-01-13T06:00:00+00:00,1.21471,1.21715,1.20996,1.21418
2025-01-13T14:00:00+00:00,1.21416,1.22049,1.21323,1.22015
2025-01-13T22:00:00+00:00,1.22018,1.22504,1.21921,1.22025
2025-01-14T06:00:00+00:00,1.22025,1.22462,1.21392,1.21532
2025-01-14T14:00:00+00:00,1.21533,1.2218,1.21409,1.22154
2025-01-14T22:00:00+00:00,1.22156,1.22168,1.21924,1.21998
2025-01-15T06:00:00+00:00,1.21997,1.23062,1.21615,1.2298
2025-01-15T14:00:00+00:00,1.22979,1.23057,1.21934,1.2242
2025-01-15T22:00:00+00:00,1.22417,1.22481,1.22068,1.2209
2025-01-16T06:00:00+00:00,1.22091,1.22265,1.21748,1.21972
2025-01-16T14:00:00+00:00,1.21971,1.22604,1.21766,1.22405
2025-01-16T22:00:00+00:00,1.22387,1.22472,1.22124,1.22174
2025-01-17T06:00:00+00:00,1.22174,1.22178,1.21606,1.21819
2025-01-17T14:00:00+00:00,1.2182,1.2228,1.21611,1.21654
2025-01-19T22:00:00+00:00,1.2178,1.22152,1.21607,1.22104
2025-01-20T06:00:00+00:00,1.22105,1.22992,1.21656,1.22986
2025-01-20T14:00:00+00:00,1.22985,1.23447,1.22561,1.23272
2025-01-20T22:00:00+00:00,1.23274,1.23452,1.2248,1.22762
2025-01-21T06:00:00+00:00,1.22762,1.22865,1.22293,1.22787
2025-01-21T14:00:00+00:00,1.22791,1.23604,1.22701,1.23574
2025-01-21T22:00:00+00:00,1.23503,1.23551,1.23225,1.23436
2025-01-22T06:00:00+00:00,1.23436,1.2376,1.23116,1.23453
2025-01-22T14:00:00+00:00,1.23452,1.23486,1.23073,1.23161
2025-01-22T22:00:00+00:00,1.23198,1.23236,1.23021,1.23118
2025-01-23T06:00:00+00:00,1.2312,1.23309,1.22934,1.23231
2025-01-23T14:00:00+00:00,1.23235,1.23756,1.23002,1.23545
2025-01-23T22:00:00+00:00,1.23513,1.24043,1.23487,1.23998
2025-01-24T06:00:00+00:00,1.24,1.24479,1.23767,1.24145
2025-01-24T14:00:00+00:00,1.24145,1.25019,1.24094,1.24828
2025-01-26T22:00:00+00:00,1.24716,1.2475,1.24423,1.2447
2025-01-27T06:00:00+00:00,1.24471,1.25233,1.24261,1.25029
2025-01-27T14:00:00+00:00,1.25028,1.2512,1.24673,1.24989
2025-01-27T22:00:00+00:00,1.24988,1.24998,1.24346,1.2445
2025-01-28T06:00:00+00:00,1.24452,1.24558,1.24145,1.2424
2025-01-28T14:00:00+00:00,1.24241,1.24472,1.2422,1.24422
2025-01-28T22:00:00+00:00,1.2443,1.24554,1.24344,1.2454
2025-01-29T06:00:00+00:00,1.24544,1.24635,1.23933,1.23979
2025-01-29T14:00:00+00:00,1.23977,1.24582,1.23967,1.2451
2025-01-29T22:00:00+00:00,1.24503,1.24601,1.24415,1.24483
2025-01-30T06:00:00+00:00,1.24483,1.24714,1.24247,1.24673
2025-01-30T14:00:00+00:00,1.2467,1.24769,1.24079,1.24172
2025-01-30T22:00:00+00:00,1.24173,1.24313,1.24071,1.24209
2025-01-31T06:00:00+00:00,1.24208,1.24397,1.2401,1.24135
2025-01-31T14:00:00+00:00,1.24137,1.24718,1.23861,1.23951
2025-02-02T22:00:00+00:00,1.22928,1.23245,1.22493,1.22772
2025-02-03T06:00:00+00:00,1.22774,1.23751,1.2273,1.23649
2025-02-03T14:00:00+00:00,1.2365,1.24553,1.23359,1.24494
2025-02-03T22:00:00+00:00,1.24483,1.2454,1.23792,1.23977
2025-02-04T06:00:00+00:00,1.23977,1.2437,1.23934,1.24285
2025-02-04T14:00:00+00:00,1.24286,1.24933,1.24285,1.24789
2025-02-04T22:00:00+00:00,1.24792,1.24901,1.24635,1.24679
2025-02-05T06:00:00+00:00,1.24676,1.255,1.2466,1.25149
2025-02-05T14:00:00+00:00,1.25151,1.25388,1.24979,1.2505
2025-02-05T22:00:00+00:00,1.25046,1.25096,1.2483,1.24838
2025-02-06T06:00:00+00:00,1.24839,1.24914,1.23606,1.23836
2025-02-06T14:00:00+00:00,1.23838,1.24557,1.23818,1.24341
2025-02-06T22:00:00+00:00,1.24336,1.24432,1.242,1.24217
2025-02-07T06:00:00+00:00,1.24216,1.24941,1.24194,1.24304
2025-02-07T14:00:00+00:00,1.24304,1.24669,1.23764,1.24013
2025-02-09T22:00:00+00:00,1.23754,1.24089,1.23691,1.24008
2025-02-10T06:00:00+00:00,1.24009,1.24224,1.23795,1.23907
2025-02-10T14:00:00+00:00,1.23908,1.23943,1.2363,1.23682
2025-02-10T22:00:00+00:00,1.23684,1.23712,1.23453,1.23617
2025-02-11T06:00:00+00:00,1.23617,1.23991,1.23325,1.23984
2025-02-11T14:00:00+00:00,1.23985,1.24548,1.23969,1.24457
2025-02-11T22:00:00+00:00,1.24457,1.24588,1.24358,1.24455
2025-02-12T06:00:00+00:00,1.24455,1.24656,1.23759,1.23891
2025-02-12T14:00:00+00:00,1.23889,1.24836,1.23781,1.24457
2025-02-12T22:00:00+00:00,1.24437,1.24961,1.24377,1.24912
2025-02-13T06:00:00+00:00,1.24911,1.25176,1.24528,1.2471
2025-02-13T14:00:00+00:00,1.2471,1.25687,1.24615,1.25662
2025-02-13T22:00:00+00:00,1.2566,1.25721,1.25498,1.25539
2025-02-14T06:00:00+00:00,1.2554,1.26093,1.2552,1.26032
2025-02-14T14:00:00+00:00,1.26033,1.26303,1.25832,1.25871
2025-02-16T22:00:00+00:00,1.25908,1.26005,1.25783,1.25884
2025-02-17T06:00:00+00:00,1.25883,1.26079,1.25836,1.25934
2025-02-17T14:00:00+00:00,1.25933,1.2635,1.25855,1.26246
2025-02-17T22:00:00+00:00,1.26247,1.26295,1.25933,1.25982
2025-02-18T06:00:00+00:00,1.2598,1.26233,1.25822,1.25923
2025-02-18T14:00:00+00:00,1.25924,1.26208,1.25894,1.26127
2025-02-18T22:00:00+00:00,1.26117,1.26411,1.26073,1.26243
2025-02-19T06:00:00+00:00,1.26236,1.26385,1.25754,1.25912
2025-02-19T14:00:00+00:00,1.25911,1.2607,1.25635,1.25859
2025-02-19T22:00:00+00:00,1.25861,1.25995,1.2579,1.25939
2025-02-20T06:00:00+00:00,1.2594,1.26231,1.25892,1.26131
2025-02-20T14:00:00+00:00,1.26132,1.26713,1.26056,1.26685
2025-02-20T22:00:00+00:00,1.26679,1.26744,1.26539,1.266
2025-02-21T06:00:00+00:00,1.26599,1.26789,1.26369,1.26458
2025-02-21T14:00:00+00:00,1.26459,1.26687,1.2625,1.26341
2025-02-23T22:00:00+00:00,1.26358,1.26906,1.26295,1.26744
2025-02-24T06:00:00+00:00,1.26744,1.26748,1.26258,1.26451
2025-02-24T14:00:00+00:00,1.2645,1.26508,1.2612,1.2625
2025-02-24T22:00:00+00:00,1.26253,1.26388,1.26157,1.26371
2025-02-25T06:00:00+00:00,1.26371,1.2678,1.26059,1.26708
2025-02-25T14:00:00+00:00,1.26708,1.26774,1.26406,1.26654
2025-02-25T22:00:00+00:00,1.26653,1.26777,1.26353,1.26387
2025-02-26T06:00:00+00:00,1.26388,1.26649,1.26359,1.26538
2025-02-26T14:00:00+00:00,1.26538,1.27158,1.26516,1.26762
2025-02-26T22:00:00+00:00,1.26764,1.26846,1.26504,1.26548
2025-02-27T06:00:00+00:00,1.26548,1.26892,1.26286,1.26326
2025-02-27T14:00:00+00:00,1.26327,1.26452,1.25981,1.26002
2025-02-27T22:00:00+00:00,1.26002,1.26105,1.25808,1.25859
2025-02-28T06:00:00+00:00,1.25857,1.26105,1.2573,1.26027
2025-02-28T14:00:00+00:00,1.26026,1.26218,1.25594,1.2579
2025-03-02T22:00:00+00:00,1.25875,1.26139,1.25805,1.26052
2025-03-03T06:00:00+00:00,1.2605,1.2689,1.25823,1.26798
2025-03-03T14:00:00+00:00,1.26799,1.27242,1.26726,1.27006
2025-03-03T22:00:00+00:00,1.26998,1.27099,1.26788,1.26957
2025-03-04T06:00:00+00:00,1.26953,1.2754,1.26887,1.27224
2025-03-04T14:00:00+00:00,1.27225,1.27998,1.26997,1.27947
2025-03-04T22:00:00+00:00,1.27946,1.27972,1.27677,1.27957
2025-03-05T06:00:00+00:00,1.27955,1.28546,1.27873,1.28226
2025-03-05T14:00:00+00:00,1.28225,1.29009,1.28198,1.28941
2025-03-05T22:00:00+00:00,1.28942,1.29085,1.28834,1.29024
2025-03-06T06:00:00+00:00,1.29025,1.29239,1.2866,1.2897
2025-03-06T14:00:00+00:00,1.2897,1.29188,1.28708,1.2883
2025-03-06T22:00:00+00:00,1.2883,1.28928,1.28762,1.28847
2025-03-07T06:00:00+00:00,1.28846,1.29448,1.28799,1.29028
2025-03-07T14:00:00+00:00,1.29026,1.29374,1.28946,1.29232
2025-03-09T21:00:00+00:00,1.29209,1.29459,1.29056,1.29077
2025-03-10T05:00:00+00:00,1.29076,1.29458,1.28742,1.29337
2025-03-10T13:00:00+00:00,1.29339,1.29467,1.28614,1.28782
2025-03-10T21:00:00+00:00,1.28781,1.28981,1.28724,1.28947
2025-03-11T05:00:00+00:00,1.28947,1.29518,1.28735,1.29448
2025-03-11T13:00:00+00:00,1.29447,1.2966,1.29181,1.29503
2025-03-11T21:00:00+00:00,1.29498,1.29572,1.29193,1.29239
2025-03-12T05:00:00+00:00,1.29241,1.29929,1.29136,1.29432
2025-03-12T13:00:00+00:00,1.29432,1.29826,1.29245,1.29645
2025-03-12T21:00:00+00:00,1.29648,1.29736,1.29544,1.29623
2025-03-13T05:00:00+00:00,1.29621,1.29685,1.29266,1.29327
2025-03-13T13:00:00+00:00,1.2933,1.29605,1.29209,1.29521
2025-03-13T21:00:00+00:00,1.29533,1.29592,1.2936,1.29412
2025-03-14T05:00:00+00:00,1.29412,1.29541,1.29173,1.29419
2025-03-14T13:00:00+00:00,1.2942,1.29459,1.2911,1.29345
2025-03-16T21:00:00+00:00,1.29261,1.29451,1.29216,1.29352
2025-03-17T05:00:00+00:00,1.29353,1.29776,1.29283,1.29718
2025-03-17T13:00:00+00:00,1.29719,1.29988,1.29675,1.29921
2025-03-17T21:00:00+00:00,1.29921,1.29954,1.2971,1.29773
2025-03-18T05:00:00+00:00,1.29774,1.3005,1.29516,1.29697
2025-03-18T13:00:00+00:00,1.29698,1.301,1.29539,1.30018
2025-03-18T21:00:00+00:00,1.30022,1.30054,1.29862,1.29875
2025-03-19T05:00:00+00:00,1.29876,1.2991,1.29572,1.29664
2025-03-19T13:00:00+00:00,1.29665,1.30112,1.29552,1.30033
2025-03-19T21:00:00+00:00,1.3004,1.30147,1.29935,1.30021
2025-03-20T05:00:00+00:00,1.30019,1.30019,1.29361,1.29514
2025-03-20T13:00:00+00:00,1.29513,1.2974,1.29362,1.2967
2025-03-20T21:00:00+00:00,1.29671,1.29731,1.29378,1.29399
2025-03-21T05:00:00+00:00,1.29393,1.29555,1.29224,1.29367
2025-03-21T13:00:00+00:00,1.29367,1.29392,1.28877,1.29172
2025-03-23T21:00:00+00:00,1.28987,1.29351,1.28934,1.29168
2025-03-24T05:00:00+00:00,1.29167,1.29742,1.29129,1.29437
2025-03-24T13:00:00+00:00,1.29438,1.29499,1.28957,1.29228
2025-03-24T21:00:00+00:00,1.2923,1.2929,1.29118,1.29237
2025-03-25T05:00:00+00:00,1.29236,1.29609,1.29021,1.2955
2025-03-25T13:00:00+00:00,1.2955,1.29669,1.29331,1.29441
2025-03-25T21:00:00+00:00,1.29443,1.29498,1.29272,1.2935
2025-03-26T05:00:00+00:00,1.2935,1.29433,1.28827,1.28933
2025-03-26T13:00:00+00:00,1.28934,1.29094,1.28741,1.28869
2025-03-26T21:00:00+00:00,1.28895,1.29257,1.28712,1.29211
2025-03-27T05:00:00+00:00,1.29211,1.29703,1.29015,1.29451
2025-03-27T13:00:00+00:00,1.29453,1.29923,1.29227,1.2949
2025-03-27T21:00:00+00:00,1.29493,1.29581,1.29409,1.29415
2025-03-28T05:00:00+00:00,1.29415,1.29685,1.29225,1.29439
2025-03-28T13:00:00+00:00,1.29441,1.29681,1.29294,1.29424
2025-03-30T22:00:00+01:00,1.29393,1.29719,1.29225,1.2957
2025-03-31T06:00:00+01:00,1.29568,1.29729,1.29182,1.29326
2025-03-31T14:00:00+01:00,1.29326,1.29412,1.28864,1.29178
2025-03-31T22:00:00+01:00,1.2918,1.29408,1.29121,1.29375
2025-04-01T06:00:00+01:00,1.29375,1.29383,1.28856,1.28899
2025-04-01T14:00:00+01:00,1.28899,1.29331,1.28794,1.29224
2025-04-01T22:00:00+01:00,1.29214,1.29333,1.29066,1.29188
2025-04-02T06:00:00+01:00,1.29189,1.29502,1.29005,1.29434
2025-04-02T14:00:00+01:00,1.29431,1.30253,1.2934,1.30105
2025-04-02T22:00:00+01:00,1.30035,1.30772,1.2973,1.30587
2025-04-03T06:00:00+01:00,1.30588,1.32079,1.30579,1.31581
2025-04-03T14:00:00+01:00,1.3158,1.31964,1.30799,1.31004
2025-04-03T22:00:00+01:00,1.31002,1.31097,1.30807,1.30977
2025-04-04T06:00:00+01:00,1.30978,1.31138,1.29623,1.3001
2025-04-04T14:00:00+01:00,1.3001,1.30174,1.28531,1.2895
2025-04-06T22:00:00+01:00,1.28443,1.29331,1.283,1.29022
2025-04-07T06:00:00+01:00,1.29026,1.29341,1.28038,1.28373
2025-04-07T14:00:00+01:00,1.28374,1.28471,1.27085,1.27223
2025-04-07T22:00:00+01:00,1.272,1.27921,1.27177,1.27861
2025-04-08T06:00:00+01:00,1.27859,1.27966,1.27245,1.27759
2025-04-08T14:00:00+01:00,1.27758,1.28147,1.27439,1.27656
2025-04-08T22:00:00+01:00,1.27656,1.28571,1.27569,1.28555
2025-04-09T06:00:00+01:00,1.28551,1.28642,1.27705,1.28036
2025-04-09T14:00:00+01:00,1.28036,1.28375,1.27434,1.28235
2025-04-09T22:00:00+01:00,1.28233,1.2861,1.2809,1.28595
2025-04-10T06:00:00+01:00,1.28594,1.29571,1.28451,1.29249
2025-04-10T14:00:00+01:00,1.29252,1.29961,1.28922,1.29692
2025-04-10T22:00:00+01:00,1.29692,1.30478,1.2966,1.30213
2025-04-11T06:00:00+01:00,1.30214,1.31452,1.29851,1.31229
2025-04-11T14:00:00+01:00,1.31229,1.31348,1.30305,1.30879
2025-04-13T22:00:00+01:00,1.30902,1.31285,1.30638,1.31045
2025-04-14T06:00:00+01:00,1.31045,1.32011,1.30964,1.31461
2025-04-14T14:00:00+01:00,1.31461,1.31997,1.31229,1.31893
2025-04-14T22:00:00+01:00,1.31898,1.32178,1.31644,1.32119
2025-04-15T06:00:00+01:00,1.32118,1.32521,1.31842,1.32236
2025-04-15T14:00:00+01:00,1.32235,1.32465,1.32055,1.323
2025-04-15T22:00:00+01:00,1.32301,1.3267,1.32224,1.32644
2025-04-16T06:00:00+01:00,1.32645,1.32922,1.32505,1.32599
2025-04-16T14:00:00+01:00,1.32597,1.32715,1.32121,1.3241
2025-04-16T22:00:00+01:00,1.324,1.3256,1.32028,1.32099
2025-04-17T06:00:00+01:00,1.32099,1.32505,1.32038,1.32494
2025-04-17T14:00:00+01:00,1.32495,1.32733,1.32276,1.32659
2025-04-17T22:00:00+01:00,1.32661,1.32851,1.32543,1.32693
2025-04-18T06:00:00+01:00,1.32692,1.32814,1.32584,1.32774
2025-04-18T14:00:00+01:00,1.32774,1.33004,1.32722,1.32958
2025-04-20T22:00:00+01:00,1.32766,1.33869,1.3276,1.33831
2025-04-21T06:00:00+01:00,1.33832,1.34222,1.33719,1.34041
2025-04-21T14:00:00+01:00,1.34042,1.34092,1.3363,1.33783
2025-04-21T22:00:00+01:00,1.338,1.34103,1.3362,1.34027
2025-04-22T06:00:00+01:00,1.34031,1.3424,1.33553,1.3372
2025-04-22T14:00:00+01:00,1.33722,1.33907,1.33258,1.33325
2025-04-22T22:00:00+01:00,1.3333,1.33378,1.32339,1.33054
2025-04-23T06:00:00+01:00,1.33055,1.33392,1.32807,1.33041
2025-04-23T14:00:00+01:00,1.3304,1.33197,1.32502,1.3254
2025-04-23T22:00:00+01:00,1.32545,1.32869,1.32498,1.32702
2025-04-24T06:00:00+01:00,1.32701,1.3321,1.32648,1.33015
2025-04-24T14:00:00+01:00,1.33018,1.33491,1.32904,1.33415
2025-04-24T22:00:00+01:00,1.33414,1.33442,1.32796,1.32873
2025-04-25T06:00:00+01:00,1.32871,1.33264,1.32742,1.33231
2025-04-25T14:00:00+01:00,1.33232,1.33325,1.3298,1.3311
2025-04-27T22:00:00+01:00,1.33076,1.33157,1.32803,1.33155
2025-04-28T06:00:00+01:00,1.33156,1.33549,1.32883,1.33427
2025-04-28T14:00:00+01:00,1.33428,1.34447,1.33412,1.34405
2025-04-28T22:00:00+01:00,1.34414,1.34441,1.33941,1.33961
2025-04-29T06:00:00+01:00,1.33962,1.34261,1.33804,1.34094
2025-04-29T14:00:00+01:00,1.34093,1.34211,1.33883,1.34074
2025-04-29T22:00:00+01:00,1.34052,1.34146,1.33823,1.33908
2025-04-30T06:00:00+01:00,1.3391,1.34062,1.33432,1.33518
2025-04-30T14:00:00+01:00,1.33519,1.33591,1.33092,1.333
2025-04-30T22:00:00+01:00,1.3331,1.33344,1.3293,1.32937
2025-05-01T06:00:00+01:00,1.32937,1.33455,1.32748,1.33157
2025-05-01T14:00:00+01:00,1.33156,1.33272,1.32604,1.32783
2025-05-01T22:00:00+01:00,1.32782,1.33138,1.32726,1.33081
2025-05-02T06:00:00+01:00,1.33083,1.3322,1.32623,1.32909
2025-05-02T14:00:00+01:00,1.32909,1.3331,1.3262,1.32661
2025-05-04T22:00:00+01:00,1.32641,1.33008,1.326,1.32953
2025-05-05T06:00:00+01:00,1.32957,1.33357,1.32755,1.33309
2025-05-05T14:00:00+01:00,1.3331,1.33366,1.32703,1.3296
2025-05-05T22:00:00+01:00,1.32963,1.33057,1.32604,1.33025
2025-05-06T06:00:00+01:00,1.33024,1.34029,1.32855,1.33968
2025-05-06T14:00:00+01:00,1.33967,1.33973,1.3352,1.33688
2025-05-06T22:00:00+01:00,1.33706,1.33819,1.33335,1.33426
2025-05-07T06:00:00+01:00,1.33425,1.33682,1.33228,1.33668
2025-05-07T14:00:00+01:00,1.33669,1.33773,1.32801,1.32931
2025-05-07T22:00:00+01:00,1.32934,1.33564,1.32859,1.33322
2025-05-08T06:00:00+01:00,1.33321,1.33424,1.32423,1.3324
2025-05-08T14:00:00+01:00,1.33242,1.3345,1.32366,1.32466
2025-05-08T22:00:00+01:00,1.32469,1.32552,1.32121,1.32366
2025-05-09T06:00:00+01:00,1.32365,1.32871,1.32237,1.32854
2025-05-09T14:00:00+01:00,1.32855,1.33227,1.32841,1.3303
2025-05-11T22:00:00+01:00,1.32639,1.32955,1.32621,1.32861
2025-05-12T06:00:00+01:00,1.32862,1.32994,1.31399,1.31963
2025-05-12T14:00:00+01:00,1.31962,1.32153,1.31622,1.3176
2025-05-12T22:00:00+01:00,1.31759,1.3201,1.31676,1.3201
2025-05-13T06:00:00+01:00,1.3201,1.32444,1.31895,1.32433
2025-05-13T14:00:00+01:00,1.32432,1.33163,1.32213,1.33064
2025-05-13T22:00:00+01:00,1.33062,1.33202,1.32984,1.33044
2025-05-14T06:00:00+01:00,1.33041,1.33604,1.3291,1.33251
2025-05-14T14:00:00+01:00,1.33252,1.33292,1.32533,1.32628
2025-05-14T22:00:00+01:00,1.32631,1.32868,1.32579,1.32745
2025-05-15T06:00:00+01:00,1.32746,1.3309,1.32625,1.33055
2025-05-15T14:00:00+01:00,1.33055,1.33196,1.32637,1.33065
2025-05-15T22:00:00+01:00,1.33066,1.33196,1.32964,1.33183
2025-05-16T06:00:00+01:00,1.33182,1.33326,1.32735,1.32833
2025-05-16T14:00:00+01:00,1.32835,1.32992,1.32508,1.32825
2025-05-18T22:00:00+01:00,1.32767,1.33139,1.32751,1.3299
2025-05-19T06:00:00+01:00,1.3299,1.3404,1.32928,1.33713
2025-05-19T14:00:00+01:00,1.33711,1.33757,1.33449,1.33607
2025-05-19T22:00:00+01:00,1.3361,1.33739,1.33448,1.33637
2025-05-20T06:00:00+01:00,1.33638,1.33949,1.33355,1.33402
2025-05-20T14:00:00+01:00,1.33401,1.3394,1.33349,1.33928
2025-05-20T22:00:00+01:00,1.33927,1.34356,1.33767,1.34303
2025-05-21T06:00:00+01:00,1.34303,1.34689,1.33887,1.34225
2025-05-21T14:00:00+01:00,1.34228,1.34527,1.34131,1.34198
2025-05-21T22:00:00+01:00,1.34195,1.34409,1.34049,1.34291
2025-05-22T06:00:00+01:00,1.34291,1.34406,1.33909,1.3413
2025-05-22T14:00:00+01:00,1.3413,1.34367,1.34036,1.34191
2025-05-22T22:00:00+01:00,1.34192,1.34554,1.34124,1.34522
2025-05-23T06:00:00+01:00,1.34523,1.35335,1.34438,1.35181
2025-05-23T14:00:00+01:00,1.35181,1.35438,1.34808,1.35392
2025-05-25T22:00:00+01:00,1.35262,1.35933,1.35236,1.35825
2025-05-26T06:00:00+01:00,1.35825,1.35928,1.35512,1.35559
2025-05-26T14:00:00+01:00,1.35558,1.35682,1.35525,1.35635
2025-05-26T22:00:00+01:00,1.35631,1.35869,1.35539,1.35553
2025-05-27T06:00:00+01:00,1.35554,1.35734,1.35219,1.3562
2025-05-27T14:00:00+01:00,1.35621,1.35651,1.35004,1.35071
2025-05-27T22:00:00+01:00,1.35066,1.35223,1.34709,1.34723
2025-05-28T06:00:00+01:00,1.34722,1.35194,1.34613,1.34693
2025-05-28T14:00:00+01:00,1.34693,1.34893,1.34497,1.34696
2025-05-28T22:00:00+01:00,1.34707,1.34731,1.34153,1.344
2025-05-29T06:00:00+01:00,1.34399,1.35053,1.34265,1.35014
2025-05-29T14:00:00+01:00,1.35014,1.35074,1.34767,1.34929
2025-05-29T22:00:00+01:00,1.34935,1.35108,1.34682,1.34713
2025-05-30T06:00:00+01:00,1.34713,1.34994,1.34553,1.34926
2025-05-30T14:00:00+01:00,1.3493,1.34945,1.34482,1.34593
2025-06-01T22:00:00+01:00,1.34655,1.3506,1.34534,1.34888
2025-06-02T06:00:00+01:00,1.34889,1.35574,1.3488,1.35427
2025-06-02T14:00:00+01:00,1.35426,1.35598,1.35173,1.35445
2025-06-02T22:00:00+01:00,1.35445,1.35596,1.35149,1.35238
2025-06-03T06:00:00+01:00,1.3524,1.35374,1.34918,1.35038
2025-06-03T14:00:00+01:00,1.35039,1.35335,1.34962,1.35177
2025-06-03T22:00:00+01:00,1.35178,1.35447,1.35106,1.35122
2025-06-04T06:00:00+01:00,1.35121,1.35458,1.35012,1.35432
2025-06-04T14:00:00+01:00,1.35432,1.35801,1.35315,1.35545
2025-06-04T22:00:00+01:00,1.35558,1.35659,1.35407,1.35475
2025-06-05T06:00:00+01:00,1.35477,1.35947,1.35426,1.3579
2025-06-05T14:00:00+01:00,1.35786,1.36165,1.35668,1.35722
2025-06-05T22:00:00+01:00,1.35723,1.35849,1.35656,1.35751
2025-06-06T06:00:00+01:00,1.3575,1.35752,1.35188,1.35364
2025-06-06T14:00:00+01:00,1.35363,1.35482,1.35075,1.35252
2025-06-08T22:00:00+01:00,1.35282,1.35657,1.35242,1.35542
2025-06-09T06:00:00+01:00,1.35545,1.35814,1.3534,1.35363
2025-06-09T14:00:00+01:00,1.35361,1.35658,1.35245,1.35512
2025-06-09T22:00:00+01:00,1.35524,1.35642,1.35196,1.3538
2025-06-10T06:00:00+01:00,1.35379,1.35461,1.34563,1.35074
2025-06-10T14:00:00+01:00,1.35071,1.35368,1.34903,1.34992
2025-06-10T22:00:00+01:00,1.35004,1.35102,1.34747,1.34829
2025-06-11T06:00:00+01:00,1.34829,1.35499,1.34643,1.3519
2025-06-11T14:00:00+01:00,1.35191,1.35675,1.35018,1.35468
2025-06-11T22:00:00+01:00,1.35467,1.35935,1.35423,1.35824
2025-06-12T06:00:00+01:00,1.35823,1.36196,1.35228,1.36104
2025-06-12T14:00:00+01:00,1.36103,1.36236,1.35822,1.36133
2025-06-12T22:00:00+01:00,1.36135,1.36326,1.35303,1.35345
2025-06-13T06:00:00+01:00,1.35346,1.35705,1.35217,1.35343
2025-06-13T14:00:00+01:00,1.35343,1.36032,1.35165,1.35709
2025-06-15T22:00:00+01:00,1.35652,1.35664,1.35347,1.35472
2025-06-16T06:00:00+01:00,1.35472,1.35928,1.3547,1.35825
2025-06-16T14:00:00+01:00,1.35825,1.36223,1.35726,1.35765
2025-06-16T22:00:00+01:00,1.35765,1.35819,1.35576,1.35731
2025-06-17T06:00:00+01:00,1.35731,1.35788,1.35417,1.35477
2025-06-17T14:00:00+01:00,1.35479,1.35651,1.34153,1.34285
2025-06-17T22:00:00+01:00,1.34245,1.34475,1.34191,1.34437
2025-06-18T06:00:00+01:00,1.34438,1.34766,1.34381,1.34474
2025-06-18T14:00:00+01:00,1.34474,1.34767,1.34005,1.34218
2025-06-18T22:00:00+01:00,1.34223,1.3429,1.33873,1.3411
2025-06-19T06:00:00+01:00,1.3411,1.34493,1.33827,1.3441
2025-06-19T14:00:00+01:00,1.3441,1.34703,1.34173,1.34637
2025-06-19T22:00:00+01:00,1.34625,1.34998,1.34515,1.34954
2025-06-20T06:00:00+01:00,1.3496,1.35113,1.34624,1.35015
2025-06-20T14:00:00+01:00,1.35018,1.35059,1.34411,1.34483
2025-06-22T22:00:00+01:00,1.34068,1.34417,1.34004,1.34095
2025-06-23T06:00:00+01:00,1.34093,1.34488,1.33705,1.33919
2025-06-23T14:00:00+01:00,1.33917,1.35311,1.33871,1.35242
2025-06-23T22:00:00+01:00,1.35244,1.35729,1.3515,1.35651
2025-06-24T06:00:00+01:00,1.35649,1.36266,1.35595,1.36012
2025-06-24T14:00:00+01:00,1.36013,1.36485,1.35909,1.36155
2025-06-24T22:00:00+01:00,1.3614,1.36292,1.36111,1.36162
2025-06-25T06:00:00+01:00,1.36161,1.36338,1.35907,1.35968
2025-06-25T14:00:00+01:00,1.35969,1.36718,1.3594,1.36637
2025-06-25T22:00:00+01:00,1.36638,1.3725,1.36525,1.37006
2025-06-26T06:00:00+01:00,1.37007,1.37649,1.36967,1.37183
2025-06-26T14:00:00+01:00,1.37186,1.37706,1.37072,1.37289
2025-06-26T22:00:00+01:00,1.37295,1.37498,1.37168,1.37228
2025-06-27T06:00:00+01:00,1.37231,1.37525,1.37202,1.37406
2025-06-27T14:00:00+01:00,1.37406,1.3747,1.36831,1.37182
2025-06-29T22:00:00+01:00,1.37084,1.37308,1.3707,1.37296
2025-06-30T06:00:00+01:00,1.37294,1.37407,1.3685,1.36934
2025-06-30T14:00:00+01:00,1.36931,1.37364,1.36743,1.37332
2025-06-30T22:00:00+01:00,1.37338,1.37491,1.37218,1.37411
2025-07-01T06:00:00+01:00,1.37413,1.37888,1.37324,1.37414
2025-07-01T14:00:00+01:00,1.37417,1.37505,1.37035,1.37457
2025-07-01T22:00:00+01:00,1.37458,1.37528,1.37323,1.3744
2025-07-02T06:00:00+01:00,1.3744,1.37458,1.35886,1.36078
2025-07-02T14:00:00+01:00,1.36079,1.36444,1.35627,1.36353
2025-07-02T22:00:00+01:00,1.36352,1.36671,1.36236,1.36294
2025-07-03T06:00:00+01:00,1.36295,1.3676,1.35857,1.36153
2025-07-03T14:00:00+01:00,1.36153,1.36739,1.36117,1.36559
2025-07-03T22:00:00+01:00,1.36564,1.36747,1.36453,1.36739
2025-07-04T06:00:00+01:00,1.36739,1.36814,1.3635,1.36354
2025-07-04T14:00:00+01:00,1.36354,1.36587,1.3635,1.36472
2025-07-06T22:00:00+01:00,1.36569,1.36645,1.3616,1.36173
2025-07-07T06:00:00+01:00,1.36173,1.36266,1.35753,1.36174
2025-07-07T14:00:00+01:00,1.36174,1.36478,1.35892,1.36031
2025-07-07T22:00:00+01:00,1.36031,1.36426,1.35995,1.36317
2025-07-08T06:00:00+01:00,1.36318,1.36465,1.35633,1.35782
2025-07-08T14:00:00+01:00,1.35782,1.35976,1.35258,1.35926
2025-07-08T22:00:00+01:00,1.3593,1.35955,1.35643,1.35854
2025-07-09T06:00:00+01:00,1.35856,1.36131,1.3574,1.36083
2025-07-09T14:00:00+01:00,1.36084,1.36197,1.3579,1.35873
2025-07-09T22:00:00+01:00,1.35861,1.36136,1.3582,1.36051
2025-07-10T06:00:00+01:00,1.36051,1.36196,1.35571,1.35603
2025-07-10T14:00:00+01:00,1.35603,1.35839,1.35332,1.35773
2025-07-10T22:00:00+01:00,1.35773,1.35856,1.35452,1.35564
2025-07-11T06:00:00+01:00,1.35564,1.35643,1.34961,1.35044
2025-07-11T14:00:00+01:00,1.35042,1.35202,1.34811,1.349
2025-07-13T22:00:00+01:00,1.34905,1.35045,1.34719,1.34763
2025-07-14T06:00:00+01:00,1.3476,1.34936,1.34516,1.34779
2025-07-14T14:00:00+01:00,1.34777,1.34848,1.34243,1.34278
2025-07-14T22:00:00+01:00,1.34284,1.34407,1.34216,1.34316
2025-07-15T06:00:00+01:00,1.34318,1.34676,1.34278,1.34483
2025-07-15T14:00:00+01:00,1.34482,1.34506,1.3379,1.33844
2025-07-15T22:00:00+01:00,1.3383,1.34007,1.33812,1.33964
2025-07-16T06:00:00+01:00,1.33965,1.34168,1.33828,1.33927
2025-07-16T14:00:00+01:00,1.33926,1.34863,1.33651,1.34213
2025-07-16T22:00:00+01:00,1.34212,1.34301,1.33842,1.33954
2025-07-17T06:00:00+01:00,1.33955,1.34139,1.33743,1.34011
2025-07-17T14:00:00+01:00,1.3401,1.34207,1.33928,1.34156
2025-07-17T22:00:00+01:00,1.34155,1.34408,1.34107,1.3424
2025-07-18T06:00:00+01:00,1.34238,1.34725,1.34108,1.34579
2025-07-18T14:00:00+01:00,1.3458,1.34754,1.34059,1.34099
2025-07-20T22:00:00+01:00,1.34261,1.34366,1.34023,1.34188
2025-07-21T06:00:00+01:00,1.34188,1.34838,1.34171,1.34801
2025-07-21T14:00:00+01:00,1.34801,1.35108,1.34668,1.34923
2025-07-21T22:00:00+01:00,1.34916,1.3497,1.3474,1.34769
2025-07-22T06:00:00+01:00,1.3477,1.34996,1.34618,1.34813
2025-07-22T14:00:00+01:00,1.34813,1.3537,1.34712,1.3534
2025-07-22T22:00:00+01:00,1.35335,1.35355,1.35165,1.35275
2025-07-23T06:00:00+01:00,1.35276,1.35488,1.35154,1.35456
2025-07-23T14:00:00+01:00,1.35453,1.35842,1.35236,1.35806
2025-07-23T22:00:00+01:00,1.3581,1.35888,1.35711,1.35798
2025-07-24T06:00:00+01:00,1.35798,1.35822,1.35317,1.35354
2025-07-24T14:00:00+01:00,1.35356,1.35628,1.35029,1.35099
2025-07-24T22:00:00+01:00,1.35072,1.35181,1.34864,1.34913
2025-07-25T06:00:00+01:00,1.34912,1.35047,1.34234,1.34334
2025-07-25T14:00:00+01:00,1.34335,1.34436,1.34162,1.34371
2025-07-27T22:00:00+01:00,1.34298,1.34529,1.34273,1.34363
2025-07-28T06:00:00+01:00,1.34362,1.34385,1.34027,1.3438
2025-07-28T14:00:00+01:00,1.34379,1.344,1.33513,1.33553
2025-07-28T22:00:00+01:00,1.33546,1.33635,1.33366,1.33496
2025-07-29T06:00:00+01:00,1.33495,1.33619,1.33154,1.33156
2025-07-29T14:00:00+01:00,1.33156,1.33639,1.33077,1.33516
2025-07-29T22:00:00+01:00,1.33523,1.33694,1.33421,1.33508
2025-07-30T06:00:00+01:00,1.33511,1.33858,1.33074,1.33092
2025-07-30T14:00:00+01:00,1.33092,1.33139,1.32279,1.32367
2025-07-30T22:00:00+01:00,1.32368,1.32698,1.3231,1.32691
2025-07-31T06:00:00+01:00,1.3269,1.32821,1.32087,1.32166
2025-07-31T14:00:00+01:00,1.32166,1.32395,1.31857,1.3207
2025-07-31T22:00:00+01:00,1.32071,1.32161,1.319,1.31991
2025-08-01T06:00:00+01:00,1.3199,1.33034,1.31415,1.32846
2025-08-01T14:00:00+01:00,1.32844,1.33107,1.32157,1.32796
2025-08-03T22:00:00+01:00,1.32833,1.3293,1.32539,1.3278
2025-08-04T06:00:00+01:00,1.32782,1.33141,1.32647,1.32977
2025-08-04T14:00:00+01:00,1.32976,1.3331,1.32723,1.32847
2025-08-04T22:00:00+01:00,1.32852,1.33031,1.32756,1.32857
2025-08-05T06:00:00+01:00,1.32858,1.32955,1.32597,1.32819
2025-08-05T14:00:00+01:00,1.3282,1.3316,1.32686,1.32993
2025-08-05T22:00:00+01:00,1.32998,1.33141,1.32918,1.33115
2025-08-06T06:00:00+01:00,1.33114,1.33303,1.32816,1.33172
2025-08-06T14:00:00+01:00,1.33171,1.33684,1.3313,1.33577
2025-08-06T22:00:00+01:00,1.33564,1.33689,1.33459,1.33683
2025-08-07T06:00:00+01:00,1.33684,1.34367,1.33632,1.34209
2025-08-07T14:00:00+01:00,1.3421,1.34484,1.33908,1.34437
2025-08-07T22:00:00+01:00,1.34436,1.34535,1.34344,1.34353
2025-08-08T06:00:00+01:00,1.34354,1.34533,1.3418,1.3423
2025-08-08T14:00:00+01:00,1.34231,1.3459,1.3423,1.34505
2025-08-10T22:00:00+01:00,1.34498,1.34681,1.3435,1.34665
2025-08-11T06:00:00+01:00,1.34665,1.34769,1.34125,1.34232
2025-08-11T14:00:00+01:00,1.34234,1.34374,1.33991,1.34326
2025-08-11T22:00:00+01:00,1.34327,1.34396,1.34245,1.34383
2025-08-12T06:00:00+01:00,1.34382,1.35098,1.34204,1.34855
2025-08-12T14:00:00+01:00,1.34853,1.35238,1.34632,1.34999
2025-08-12T22:00:00+01:00,1.34996,1.35081,1.34928,1.3505
2025-08-13T06:00:00+01:00,1.3505,1.35796,1.34997,1.35607
2025-08-13T14:00:00+01:00,1.35606,1.35851,1.35539,1.3575
2025-08-13T22:00:00+01:00,1.35764,1.35919,1.35701,1.35757
2025-08-14T06:00:00+01:00,1.35756,1.35949,1.35462,1.35529
2025-08-14T14:00:00+01:00,1.35533,1.3557,1.35208,1.35309
2025-08-14T22:00:00+01:00,1.35312,1.35512,1.35261,1.35478
2025-08-15T06:00:00+01:00,1.35479,1.35695,1.35427,1.35611
2025-08-15T14:00:00+01:00,1.35612,1.35751,1.35501,1.35543
2025-08-17T22:00:00+01:00,1.35535,1.35677,1.35491,1.35631
2025-08-18T06:00:00+01:00,1.35631,1.35642,1.3531,1.3544
2025-08-18T14:00:00+01:00,1.35439,1.35465,1.3502,1.35034
2025-08-18T22:00:00+01:00,1.35046,1.35186,1.34869,1.35053
2025-08-19T06:00:00+01:00,1.35054,1.35314,1.34965,1.35096
2025-08-19T14:00:00+01:00,1.35095,1.35159,1.34777,1.34909
2025-08-19T22:00:00+01:00,1.34905,1.3495,1.3462,1.34746
2025-08-20T06:00:00+01:00,1.34749,1.35095,1.34716,1.34891
2025-08-20T14:00:00+01:00,1.3489,1.34917,1.34476,1.34577
2025-08-20T22:00:00+01:00,1.3458,1.3467,1.34479,1.34524
2025-08-21T06:00:00+01:00,1.34525,1.34827,1.34354,1.34464
2025-08-21T14:00:00+01:00,1.34464,1.34597,1.34057,1.34113
2025-08-21T22:00:00+01:00,1.34116,1.34235,1.33934,1.3394
2025-08-22T06:00:00+01:00,1.33938,1.34205,1.33907,1.34132
2025-08-22T14:00:00+01:00,1.34133,1.35443,1.34125,1.35268
2025-08-24T22:00:00+01:00,1.35181,1.35272,1.34895,1.35119
2025-08-25T06:00:00+01:00,1.35118,1.35275,1.3484,1.35048
2025-08-25T14:00:00+01:00,1.35048,1.35132,1.34462,1.34552
2025-08-25T22:00:00+01:00,1.34557,1.34905,1.34482,1.34569
2025-08-26T06:00:00+01:00,1.3457,1.34933,1.34347,1.3479
2025-08-26T14:00:00+01:00,1.3479,1.34929,1.34683,1.34803
2025-08-26T22:00:00+01:00,1.34802,1.34881,1.34469,1.34485
2025-08-27T06:00:00+01:00,1.34484,1.34659,1.34168,1.34415
2025-08-27T14:00:00+01:00,1.34416,1.3502,1.3436,1.34976
2025-08-27T22:00:00+01:00,1.34971,1.35186,1.34884,1.35044
2025-08-28T06:00:00+01:00,1.35041,1.35266,1.34831,1.35034
2025-08-28T14:00:00+01:00,1.35032,1.35308,1.34891,1.35128
2025-08-28T22:00:00+01:00,1.3514,1.35154,1.34943,1.35031
2025-08-29T06:00:00+01:00,1.35032,1.35033,1.34464,1.34604
2025-08-29T14:00:00+01:00,1.34605,1.35172,1.34467,1.35047
2025-08-31T22:00:00+01:00,1.3499,1.35292,1.3498,1.35181
2025-09-01T06:00:00+01:00,1.35182,1.35407,1.35152,1.35331
2025-09-01T14:00:00+01:00,1.35333,1.35499,1.35313,1.35444
2025-09-01T22:00:00+01:00,1.35447,1.35492,1.35232,1.35275
2025-09-02T06:00:00+01:00,1.35275,1.35336,1.33402,1.33518
2025-09-02T14:00:00+01:00,1.33517,1.34186,1.33425,1.33949
2025-09-02T22:00:00+01:00,1.33955,1.3397,1.33608,1.33692
2025-09-03T06:00:00+01:00,1.33691,1.34295,1.33334,1.34247
2025-09-03T14:00:00+01:00,1.34248,1.34586,1.34104,1.34449
2025-09-03T22:00:00+01:00,1.34444,1.34502,1.34257,1.34271
2025-09-04T06:00:00+01:00,1.34269,1.34594,1.34166,1.34411
2025-09-04T14:00:00+01:00,1.34413,1.34471,1.34173,1.34335
2025-09-04T22:00:00+01:00,1.34335,1.3457,1.3427,1.34503
2025-09-05T06:00:00+01:00,1.34502,1.35345,1.345,1.35211
2025-09-05T14:00:00+01:00,1.35211,1.35547,1.3501,1.35091
2025-09-07T22:00:00+01:00,1.35059,1.35072,1.34823,1.34964
2025-09-08T06:00:00+01:00,1.34963,1.35494,1.34956,1.35431
2025-09-08T14:00:00+01:00,1.35431,1.35565,1.35274,1.35452
2025-09-08T22:00:00+01:00,1.35458,1.35756,1.35427,1.35739
2025-09-09T06:00:00+01:00,1.35739,1.35905,1.35459,1.35542
2025-09-09T14:00:00+01:00,1.35545,1.35743,1.35182,1.35277
2025-09-09T22:00:00+01:00,1.35271,1.35427,1.35147,1.3542
2025-09-10T06:00:00+01:00,1.35419,1.35651,1.35131,1.353
2025-09-10T14:00:00+01:00,1.35303,1.35613,1.35214,1.35295
2025-09-10T22:00:00+01:00,1.35303,1.35402,1.35224,1.35269
2025-09-11T06:00:00+01:00,1.35268,1.35491,1.34928,1.35451
2025-09-11T14:00:00+01:00,1.35452,1.3583,1.35396,1.35737
2025-09-11T22:00:00+01:00,1.35731,1.35808,1.35522,1.35564
2025-09-12T06:00:00+01:00,1.35563,1.35751,1.35241,1.35432
2025-09-12T14:00:00+01:00,1.35433,1.35709,1.35379,1.35582
2025-09-14T22:00:00+01:00,1.35523,1.35711,1.35468,1.35672
2025-09-15T06:00:00+01:00,1.35675,1.362,1.35534,1.36147
2025-09-15T14:00:00+01:00,1.36149,1.36176,1.35847,1.3599
2025-09-15T22:00:00+01:00,1.35986,1.3625,1.35973,1.36159
2025-09-16T06:00:00+01:00,1.36159,1.36499,1.36146,1.36408
2025-09-16T14:00:00+01:00,1.36407,1.36719,1.36387,1.36471
2025-09-16T22:00:00+01:00,1.36465,1.36603,1.36394,1.36419
2025-09-17T06:00:00+01:00,1.36418,1.36565,1.363,1.36543
2025-09-17T14:00:00+01:00,1.36543,1.37264,1.36196,1.36256
2025-09-17T22:00:00+01:00,1.36261,1.36394,1.36049,1.36065
2025-09-18T06:00:00+01:00,1.36065,1.36611,1.35864,1.35947
2025-09-18T14:00:00+01:00,1.35947,1.35959,1.35339,1.3555
2025-09-18T22:00:00+01:00,1.35551,1.35597,1.35311,1.35444
2025-09-19T06:00:00+01:00,1.35441,1.35515,1.34631,1.34685
2025-09-19T14:00:00+01:00,1.34686,1.34981,1.34664,1.34711
2025-09-21T22:00:00+01:00,1.34722,1.34756,1.34532,1.34606
2025-09-22T06:00:00+01:00,1.34606,1.35162,1.34593,1.35081
2025-09-22T14:00:00+01:00,1.35083,1.35205,1.34924,1.3514
2025-09-22T22:00:00+01:00,1.35117,1.35275,1.35033,1.35076
2025-09-23T06:00:00+01:00,1.35073,1.35298,1.34872,1.35248
2025-09-23T14:00:00+01:00,1.35248,1.35366,1.3506,1.35255
2025-09-23T22:00:00+01:00,1.35255,1.35303,1.35054,1.35089
2025-09-24T06:00:00+01:00,1.35088,1.35122,1.34363,1.34457
2025-09-24T14:00:00+01:00,1.34455,1.34577,1.34266,1.34466
2025-09-24T22:00:00+01:00,1.3445,1.34648,1.34431,1.34628
2025-09-25T06:00:00+01:00,1.34627,1.34672,1.33723,1.33837
2025-09-25T14:00:00+01:00,1.33835,1.33946,1.33237,1.33452
2025-09-25T22:00:00+01:00,1.33448,1.33556,1.33298,1.33542
2025-09-26T06:00:00+01:00,1.33546,1.33771,1.33432,1.33769
2025-09-26T14:00:00+01:00,1.33773,1.3413,1.33753,1.34052
2025-09-28T22:00:00+01:00,1.33999,1.34418,1.3389,1.34376
2025-09-29T06:00:00+01:00,1.34376,1.34568,1.34247,1.34516
2025-09-29T14:00:00+01:00,1.34516,1.34522,1.3416,1.34299
2025-09-29T22:00:00+01:00,1.34302,1.3439,1.34205,1.34383
2025-09-30T06:00:00+01:00,1.34385,1.34522,1.34248,1.34424
2025-09-30T14:00:00+01:00,1.34422,1.34672,1.34135,1.34455
2025-09-30T22:00:00+01:00,1.34441,1.3464,1.3435,1.34631
2025-10-01T06:00:00+01:00,1.34631,1.35217,1.34537,1.35126
2025-10-01T14:00:00+01:00,1.35127,1.35275,1.34654,1.34775
2025-10-01T22:00:00+01:00,1.34775,1.34892,1.34674,1.34754
2025-10-02T06:00:00+01:00,1.34754,1.35105,1.34639,1.34659
2025-10-02T14:00:00+01:00,1.34661,1.34688,1.3401,1.34404
2025-10-02T22:00:00+01:00,1.34443,1.3455,1.34331,1.34354
2025-10-03T06:00:00+01:00,1.34353,1.34673,1.3429,1.34583
2025-10-03T14:00:00+01:00,1.34583,1.34873,1.34505,1.34808
2025-10-05T22:00:00+01:00,1.34441,1.34584,1.34231,1.34469
2025-10-06T06:00:00+01:00,1.34467,1.34644,1.34165,1.34375
2025-10-06T14:00:00+01:00,1.34377,1.34902,1.34374,1.34852
2025-10-06T22:00:00+01:00,1.3485,1.34874,1.34678,1.34698
2025-10-07T06:00:00+01:00,1.34691,1.3471,1.33922,1.34143
2025-10-07T14:00:00+01:00,1.34144,1.34545,1.34099,1.34247
2025-10-07T22:00:00+01:00,1.34249,1.34327,1.33902,1.33937
2025-10-08T06:00:00+01:00,1.33936,1.34273,1.33842,1.34194
2025-10-08T14:00:00+01:00,1.34193,1.34386,1.3371,1.34048
2025-10-08T22:00:00+01:00,1.34048,1.34192,1.33992,1.34126
2025-10-09T06:00:00+01:00,1.34126,1.34169,1.33428,1.33848
2025-10-09T14:00:00+01:00,1.33851,1.33952,1.32798,1.33032
2025-10-09T22:00:00+01:00,1.33046,1.3314,1.32931,1.33088
2025-10-10T06:00:00+01:00,1.33087,1.33144,1.32614,1.32794
2025-10-10T14:00:00+01:00,1.32793,1.3371,1.32685,1.336
2025-10-12T22:00:00+01:00,1.33511,1.33631,1.33323,1.33566
2025-10-13T06:00:00+01:00,1.33568,1.33664,1.33151,1.33337
2025-10-13T14:00:00+01:00,1.33333,1.33404,1.33194,1.33335
2025-10-13T22:00:00+01:00,1.33332,1.33526,1.33258,1.33521
2025-10-14T06:00:00+01:00,1.33522,1.33522,1.32487,1.32615
2025-10-14T14:00:00+01:00,1.32614,1.33323,1.32608,1.33195
2025-10-14T22:00:00+01:00,1.33192,1.33541,1.33164,1.33487
2025-10-15T06:00:00+01:00,1.33491,1.33735,1.3336,1.33459
2025-10-15T14:00:00+01:00,1.33459,1.34079,1.33348,1.34028
2025-10-15T22:00:00+01:00,1.34024,1.34423,1.33952,1.34142
2025-10-16T06:00:00+01:00,1.34141,1.34488,1.34041,1.34477
2025-10-16T14:00:00+01:00,1.34475,1.34546,1.34118,1.34336
2025-10-16T22:00:00+01:00,1.34337,1.34537,1.34291,1.34523
2025-10-17T06:00:00+01:00,1.34523,1.34716,1.34084,1.34123
2025-10-17T14:00:00+01:00,1.3412,1.3439,1.33909,1.3426
2025-10-19T22:00:00+01:00,1.34315,1.34431,1.34218,1.34359
2025-10-20T06:00:00+01:00,1.34357,1.34412,1.34,1.34258
2025-10-20T14:00:00+01:00,1.3426,1.34274,1.34003,1.34051
2025-10-20T22:00:00+01:00,1.34051,1.34162,1.33878,1.33923
2025-10-21T06:00:00+01:00,1.33925,1.33973,1.33662,1.33867
2025-10-21T14:00:00+01:00,1.33866,1.33981,1.33611,1.33722
2025-10-21T22:00:00+01:00,1.33744,1.33843,1.33638,1.33793
2025-10-22T06:00:00+01:00,1.33796,1.33872,1.33057,1.33239
2025-10-22T14:00:00+01:00,1.33245,1.33766,1.33161,1.33568
2025-10-22T22:00:00+01:00,1.33569,1.33644,1.33295,1.33391
2025-10-23T06:00:00+01:00,1.33391,1.33573,1.33268,1.33434
2025-10-23T14:00:00+01:00,1.33435,1.33479,1.3308,1.33268
2025-10-23T22:00:00+01:00,1.33263,1.33325,1.33176,1.33211
2025-10-24T06:00:00+01:00,1.3321,1.33716,1.33001,1.33457
2025-10-24T14:00:00+01:00,1.33457,1.33593,1.32873,1.33107
2025-10-26T21:00:00+00:00,1.33265,1.33359,1.33133,1.33161
2025-10-27T05:00:00+00:00,1.33163,1.33532,1.33105,1.33479
2025-10-27T13:00:00+00:00,1.33479,1.33518,1.33176,1.33357
2025-10-27T21:00:00+00:00,1.33355,1.33672,1.33351,1.33664
2025-10-28T05:00:00+00:00,1.33664,1.33697,1.32797,1.32843
2025-10-28T13:00:00+00:00,1.32844,1.32912,1.32475,1.3271
2025-10-28T21:00:00+00:00,1.32714,1.32807,1.32493,1.32512
2025-10-29T05:00:00+00:00,1.3251,1.32514,1.3197,1.32037
2025-10-29T13:00:00+00:00,1.32037,1.32474,1.31402,1.31946
2025-10-29T21:00:00+00:00,1.31946,1.32183,1.31839,1.32165
2025-10-30T05:00:00+00:00,1.32164,1.32187,1.31356,1.31377
2025-10-30T13:00:00+00:00,1.31376,1.31807,1.31166,1.315
2025-10-30T21:00:00+00:00,1.31506,1.31649,1.31489,1.31568
2025-10-31T05:00:00+00:00,1.31567,1.31571,1.31048,1.31067
2025-10-31T13:00:00+00:00,1.31066,1.31534,1.3097,1.31516
2025-11-02T22:00:00+00:00,1.3133,1.31458,1.31293,1.31421
2025-11-03T06:00:00+00:00,1.3142,1.31492,1.31174,1.31266
2025-11-03T14:00:00+00:00,1.31268,1.31623,1.31082,1.31409
2025-11-03T22:00:00+00:00,1.31391,1.31475,1.31181,1.31214
2025-11-04T06:00:00+00:00,1.31213,1.31394,1.3053,1.30578
2025-11-04T14:00:00+00:00,1.30575,1.30651,1.30101,1.30212
2025-11-04T22:00:00+00:00,1.30212,1.30302,1.30103,1.30219
2025-11-05T06:00:00+00:00,1.30219,1.30533,1.30118,1.30257
2025-11-05T14:00:00+00:00,1.30256,1.30543,1.30137,1.30501
2025-11-05T22:00:00+00:00,1.30496,1.30657,1.30459,1.30606
2025-11-06T06:00:00+00:00,1.30602,1.31254,1.30531,1.3108
2025-11-06T14:00:00+00:00,1.3108,1.31427,1.30808,1.31371
2025-11-06T22:00:00+00:00,1.31363,1.3142,1.31153,1.31193
2025-11-07T06:00:00+00:00,1.31194,1.31379,1.30948,1.31307
2025-11-07T14:00:00+00:00,1.31306,1.3175,1.31276,1.31611
2025-11-09T22:00:00+00:00,1.31518,1.3164,1.31366,1.31553
2025-11-10T06:00:00+00:00,1.31553,1.31912,1.31391,1.31749
2025-11-10T14:00:00+00:00,1.3175,1.3185,1.31457,1.31745
2025-11-10T22:00:00+00:00,1.31746,1.31812,1.31577,1.31662
2025-11-11T06:00:00+00:00,1.31663,1.31783,1.31164,1.31714
2025-11-11T14:00:00+00:00,1.31715,1.31846,1.31479,1.31506
2025-11-11T22:00:00+00:00,1.31507,1.31667,1.31285,1.31337
2025-11-12T06:00:00+00:00,1.31337,1.31554,1.30959,1.31051
2025-11-12T14:00:00+00:00,1.3105,1.31441,1.30845,1.31333
2025-11-12T22:00:00+00:00,1.31327,1.31357,1.31106,1.31174
2025-11-13T06:00:00+00:00,1.31171,1.31844,1.31007,1.31689
2025-11-13T14:00:00+00:00,1.31691,1.32161,1.31656,1.31917
2025-11-13T22:00:00+00:00,1.31917,1.32054,1.31356,1.3148
2025-11-14T06:00:00+00:00,1.3148,1.32008,1.31082,1.31672
2025-11-14T14:00:00+00:00,1.31675,1.31783,1.31251,1.31713
2025-11-16T22:00:00+00:00,1.31548,1.31725,1.31414,1.31431
2025-11-17T06:00:00+00:00,1.31432,1.31932,1.3136,1.31731
2025-11-17T14:00:00+00:00,1.3173,1.31791,1.31446,1.31563
2025-11-17T22:00:00+00:00,1.31557,1.31644,1.31452,1.31608
2025-11-18T06:00:00+00:00,1.31607,1.3177,1.31339,1.31544
2025-11-18T14:00:00+00:00,1.31543,1.31715,1.31355,1.31456
2025-11-18T22:00:00+00:00,1.31459,1.3153,1.3129,1.31462
2025-11-19T06:00:00+00:00,1.31462,1.31553,1.30926,1.31191
2025-11-19T14:00:00+00:00,1.3119,1.31223,1.30435,1.30592
2025-11-19T22:00:00+00:00,1.30593,1.30632,1.3038,1.3053
2025-11-20T06:00:00+00:00,1.30529,1.30997,1.30498,1.30958
2025-11-20T14:00:00+00:00,1.30957,1.31237,1.30659,1.30735
2025-11-20T22:00:00+00:00,1.30734,1.30964,1.3068,1.30892
2025-11-21T06:00:00+00:00,1.30892,1.31031,1.30388,1.30841
2025-11-21T14:00:00+00:00,1.3084,1.31095,1.30696,1.30993
2025-11-23T22:00:00+00:00,1.31026,1.31073,1.30858,1.31025
2025-11-24T06:00:00+00:00,1.31024,1.31181,1.30879,1.31056
2025-11-24T14:00:00+00:00,1.31054,1.31167,1.30805,1.31044
2025-11-24T22:00:00+00:00,1.3105,1.3116,1.30957,1.31018
2025-11-25T06:00:00+00:00,1.31018,1.31606,1.30984,1.31538
2025-11-25T14:00:00+00:00,1.31537,1.32142,1.31529,1.31658
2025-11-25T22:00:00+00:00,1.31658,1.31973,1.31578,1.31915
2025-11-26T06:00:00+00:00,1.31915,1.3225,1.31244,1.3193
2025-11-26T14:00:00+00:00,1.31928,1.32445,1.3185,1.32416
2025-11-26T22:00:00+00:00,1.3242,1.32688,1.32384,1.32591
2025-11-27T06:00:00+00:00,1.32591,1.3264,1.32102,1.32432
2025-11-27T14:00:00+00:00,1.32432,1.3255,1.3229,1.32402
2025-11-27T22:00:00+00:00,1.3239,1.3245,1.32273,1.32328
2025-11-28T06:00:00+00:00,1.32332,1.32343,1.32009,1.32255
2025-11-28T14:00:00+00:00,1.32257,1.32548,1.32063,1.32322
2025-11-30T22:00:00+00:00,1.32282,1.32489,1.32186,1.32212
2025-12-01T06:00:00+00:00,1.3221,1.32758,1.32056,1.32661
2025-12-01T14:00:00+00:00,1.32661,1.32663,1.32083,1.32127
2025-12-01T22:00:00+00:00,1.32119,1.32218,1.32031,1.32144
2025-12-02T06:00:00+00:00,1.32143,1.3221,1.31807,1.32067
2025-12-02T14:00:00+00:00,1.32066,1.3216,1.31797,1.32114
2025-12-02T22:00:00+00:00,1.32123,1.32381,1.32054,1.32366
2025-12-03T06:00:00+00:00,1.32365,1.33155,1.32354,1.32993
2025-12-03T14:00:00+00:00,1.32993,1.33542,1.32923,1.33523
2025-12-03T22:00:00+00:00,1.33521,1.33532,1.33276,1.33382
2025-12-04T06:00:00+00:00,1.33383,1.33637,1.33222,1.33423
2025-12-04T14:00:00+00:00,1.33424,1.33855,1.33249,1.33268
2025-12-04T22:00:00+00:00,1.33265,1.33456,1.33205,1.33452
2025-12-05T06:00:00+00:00,1.33451,1.33626,1.33281,1.33508
2025-12-05T14:00:00+00:00,1.33507,1.33618,1.33161,1.33294
2025-12-07T22:00:00+00:00,1.33271,1.33425,1.33218,1.33371
2025-12-08T06:00:00+00:00,1.3337,1.33466,1.33138,1.33198
2025-12-08T14:00:00+00:00,1.33198,1.33384,1.33056,1.33218
2025-12-08T22:00:00+00:00,1.33222,1.33371,1.33167,1.33335
2025-12-09T06:00:00+00:00,1.33333,1.33563,1.33102,1.33147
2025-12-09T14:00:00+00:00,1.33146,1.33204,1.32874,1.32978
2025-12-09T22:00:00+00:00,1.32978,1.33098,1.3295,1.33074
2025-12-10T06:00:00+00:00,1.3307,1.33318,1.33015,1.33303
2025-12-10T14:00:00+00:00,1.33303,1.33888,1.33148,1.33828
2025-12-10T22:00:00+00:00,1.33827,1.33919,1.33615,1.33617
2025-12-11T06:00:00+00:00,1.33617,1.34155,1.33547,1.34075
2025-12-11T14:00:00+00:00,1.34076,1.34382,1.33822,1.33873
2025-12-11T22:00:00+00:00,1.33874,1.34,1.33848,1.33956
2025-12-12T06:00:00+00:00,1.33956,1.3399,1.33645,1.33696
2025-12-12T14:00:00+00:00,1.33696,1.33784,1.33423,1.33705
2025-12-14T22:00:00+00:00,1.33787,1.3381,1.33549,1.33642
2025-12-15T06:00:00+00:00,1.33641,1.33965,1.33576,1.33872
2025-12-15T14:00:00+00:00,1.33872,1.34016,1.33598,1.33756
2025-12-15T22:00:00+00:00,1.3375,1.33834,1.3361,1.33622
2025-12-16T06:00:00+00:00,1.33621,1.34561,1.33556,1.34258
2025-12-16T14:00:00+00:00,1.34258,1.34477,1.34003,1.34237
2025-12-16T22:00:00+00:00,1.34238,1.34285,1.33804,1.33834
2025-12-17T06:00:00+00:00,1.33834,1.33899,1.33117,1.33563
2025-12-17T14:00:00+00:00,1.33563,1.34066,1.33485,1.33765
2025-12-17T22:00:00+00:00,1.33767,1.33816,1.33617,1.33699
2025-12-18T06:00:00+00:00,1.33699,1.34427,1.3341,1.34277
2025-12-18T14:00:00+00:00,1.34279,1.34465,1.33703,1.33812
2025-12-18T22:00:00+00:00,1.33812,1.33925,1.33697,1.33759
2025-12-19T06:00:00+00:00,1.33756,1.33876,1.33573,1.33723
2025-12-19T14:00:00+00:00,1.33723,1.33942,1.33571,1.33777
2025-12-21T22:00:00+00:00,1.33806,1.34017,1.33708,1.33973
2025-12-22T06:00:00+00:00,1.33972,1.34444,1.33919,1.34377
2025-12-22T14:00:00+00:00,1.34378,1.34775,1.34315,1.34612
2025-12-22T22:00:00+00:00,1.34614,1.34937,1.34564,1.34888
2025-12-23T06:00:00+00:00,1.34889,1.35189,1.348,1.34946
2025-12-23T14:00:00+00:00,1.34948,1.35241,1.34712,1.35174
2025-12-23T22:00:00+00:00,1.35165,1.35342,1.35062,1.35191
2025-12-24T06:00:00+00:00,1.3519,1.35281,1.35013,1.35049
2025-12-24T14:00:00+00:00,1.35046,1.35108,1.34922,1.35068
2025-12-24T22:00:00+00:00,1.35037,1.35196,1.34891,1.35163
2025-12-25T06:00:00+00:00,1.35153,1.35301,1.35146,1.35181
2025-12-25T22:00:00+00:00,1.3521,1.3526,1.34864,1.34943
2025-12-26T06:00:00+00:00,1.34946,1.35272,1.34773,1.35169
2025-12-26T14:00:00+00:00,1.35169,1.35259,1.34816,1.34961
2025-12-28T22:00:00+00:00,1.34926,1.35121,1.34838,1.34912
2025-12-29T06:00:00+00:00,1.34912,1.35113,1.34693,1.34937
2025-12-29T14:00:00+00:00,1.34933,1.35161,1.34815,1.35119
2025-12-29T22:00:00+00:00,1.35123,1.35173,1.34979,1.35149
2025-12-30T06:00:00+00:00,1.35149,1.35309,1.34869,1.34878
2025-12-30T14:00:00+00:00,1.34879,1.34883,1.34498,1.34685
2025-12-30T22:00:00+00:00,1.34685,1.34734,1.34574,1.34608
2025-12-31T06:00:00+00:00,1.34607,1.34766,1.3426,1.34543
2025-12-31T14:00:00+00:00,1.34543,1.34837,1.34018,1.34737
2026-01-01T22:00:00+00:00,1.34715,1.34911,1.34638,1.34714
2026-01-02T06:00:00+00:00,1.34712,1.34717,1.34342,1.34575
2026-01-02T14:00:00+00:00,1.34574,1.3502,1.34463,1.34571
2026-01-04T22:00:00+00:00,1.34549,1.34613,1.34141,1.34283
2026-01-05T06:00:00+00:00,1.34282,1.34742,1.34174,1.34527
2026-01-05T14:00:00+00:00,1.3453,1.35483,1.34508,1.3542
2026-01-05T22:00:00+00:00,1.35421,1.35623,1.35282,1.35495
2026-01-06T06:00:00+00:00,1.35496,1.35677,1.35064,1.3524
2026-01-06T14:00:00+00:00,1.35239,1.3535,1.34918,1.35011
2026-01-06T22:00:00+00:00,1.35011,1.35169,1.34962,1.35083
2026-01-07T06:00:00+00:00,1.35084,1.35169,1.34816,1.34947
2026-01-07T14:00:00+00:00,1.34947,1.35014,1.34563,1.34578
2026-01-07T22:00:00+00:00,1.34587,1.34655,1.34507,1.34583
2026-01-08T06:00:00+00:00,1.34584,1.34619,1.34159,1.34234
2026-01-08T14:00:00+00:00,1.34232,1.34469,1.34173,1.34389
2026-01-08T22:00:00+00:00,1.34386,1.34434,1.34246,1.34303
2026-01-09T06:00:00+00:00,1.34303,1.3451,1.33989,1.34354
2026-01-09T14:00:00+00:00,1.34353,1.34434,1.33926,1.3403
2026-01-11T22:00:00+00:00,1.34,1.3441,1.33909,1.34338
2026-01-12T06:00:00+00:00,1.34336,1.3486,1.34295,1.34817
2026-01-12T14:00:00+00:00,1.34816,1.34833,1.34554,1.34659
2026-01-12T22:00:00+00:00,1.34654,1.34789,1.34613,1.34723
2026-01-13T06:00:00+00:00,1.34722,1.34945,1.34544,1.34752
2026-01-13T14:00:00+00:00,1.34749,1.34774,1.34213,1.34218
2026-01-13T22:00:00+00:00,1.34218,1.34481,1.34198,1.34356
2026-01-14T06:00:00+00:00,1.34355,1.34588,1.34345,1.34448
2026-01-14T14:00:00+00:00,1.34448,1.34641,1.34247,1.34431
2026-01-14T22:00:00+00:00,1.34442,1.34471,1.34232,1.34272
2026-01-15T06:00:00+00:00,1.34271,1.34452,1.33689,1.33729
2026-01-15T14:00:00+00:00,1.33731,1.33942,1.33628,1.33815
2026-01-15T22:00:00+00:00,1.33817,1.33912,1.33706,1.3383
2026-01-16T06:00:00+00:00,1.33831,1.34132,1.33771,1.34036
2026-01-16T14:00:00+00:00,1.34036,1.34052,1.33662,1.33785
2026-01-18T22:00:00+00:00,1.33591,1.3409,1.33431,1.33948
2026-01-19T06:00:00+00:00,1.33948,1.34169,1.33843,1.34139
2026-01-19T14:00:00+00:00,1.34138,1.3435,1.34107,1.34258
2026-01-19T22:00:00+00:00,1.3426,1.34499,1.34103,1.34416
2026-01-20T06:00:00+00:00,1.34415,1.34914,1.34258,1.34522
2026-01-20T14:00:00+00:00,1.34524,1.34771,1.34254,1.3439
2026-01-20T22:00:00+00:00,1.34418,1.34567,1.34331,1.34376
2026-01-21T06:00:00+00:00,1.34376,1.34492,1.34014,1.34418
2026-01-21T14:00:00+00:00,1.34419,1.34593,1.34098,1.34284
2026-01-21T22:00:00+00:00,1.34289,1.34394,1.34168,1.3429
2026-01-22T06:00:00+00:00,1.34291,1.34528,1.34014,1.34231
2026-01-22T14:00:00+00:00,1.34231,1.35068,1.34223,1.34997
2026-01-22T22:00:00+00:00,1.34992,1.35086,1.34885,1.34984
2026-01-23T06:00:00+00:00,1.34981,1.35367,1.34824,1.35251
2026-01-23T14:00:00+00:00,1.35253,1.36472,1.35208,1.36351
2026-01-25T22:00:00+00:00,1.36678,1.3683,1.36434,1.36667
2026-01-26T06:00:00+00:00,1.36668,1.36771,1.36431,1.36616
2026-01-26T14:00:00+00:00,1.36616,1.37134,1.36582,1.36807
2026-01-26T22:00:00+00:00,1.368,1.37007,1.36702,1.36784
2026-01-27T06:00:00+00:00,1.36784,1.37487,1.36639,1.37353
2026-01-27T14:00:00+00:00,1.37351,1.38692,1.37314,1.38481
2026-01-27T22:00:00+00:00,1.38483,1.38526,1.37892,1.38052
2026-01-28T06:00:00+00:00,1.38051,1.38314,1.37651,1.37702
2026-01-28T14:00:00+00:00,1.37703,1.38122,1.37499,1.38088
2026-01-28T22:00:00+00:00,1.3809,1.3844,1.37933,1.38378
2026-01-29T06:00:00+00:00,1.38376,1.38481,1.37808,1.38061
2026-01-29T14:00:00+00:00,1.38064,1.3834,1.37424,1.3809
2026-01-29T22:00:00+00:00,1.38097,1.38148,1.37316,1.37559
2026-01-30T06:00:00+00:00,1.3756,1.37878,1.37254,1.37446
2026-01-30T14:00:00+00:00,1.37447,1.3758,1.36793,1.36847
2026-02-01T22:00:00+00:00,1.36978,1.3706,1.36605,1.36721
2026-02-02T06:00:00+00:00,1.36721,1.37154,1.36494,1.36516
2026-02-02T14:00:00+00:00,1.36516,1.3677,1.36231,1.36647
2026-02-02T22:00:00+00:00,1.36648,1.36942,1.36604,1.36897
2026-02-03T06:00:00+00:00,1.36898,1.37065,1.36506,1.36703
2026-02-03T14:00:00+00:00,1.36704,1.37075,1.36563,1.36959
2026-02-03T22:00:00+00:00,1.36965,1.37198,1.36911,1.3715
2026-02-04T06:00:00+00:00,1.37152,1.37334,1.36949,1.37133
2026-02-04T14:00:00+00:00,1.37133,1.37178,1.36425,1.36555
2026-02-04T22:00:00+00:00,1.36555,1.36661,1.36164,1.36201
2026-02-05T06:00:00+00:00,1.362,1.36327,1.35405,1.35854
2026-02-05T14:00:00+00:00,1.35853,1.35892,1.35176,1.35315
2026-02-05T22:00:00+00:00,1.35315,1.35699,1.35086,1.35696
2026-02-06T06:00:00+00:00,1.35695,1.35964,1.35583,1.35888
2026-02-06T14:00:00+00:00,1.35886,1.36235,1.35875,1.361
2026-02-08T22:00:00+00:00,1.35979,1.36206,1.3588,1.36141
2026-02-09T06:00:00+00:00,1.3614,1.36701,1.35865,1.36512
2026-02-09T14:00:00+00:00,1.36511,1.37004,1.36214,1.36932
2026-02-09T22:00:00+00:00,1.36952,1.37037,1.36723,1.36784
2026-02-10T06:00:00+00:00,1.3678,1.3693,1.3658,1.36813
2026-02-10T14:00:00+00:00,1.36814,1.36967,1.36388,1.36428
2026-02-10T22:00:00+00:00,1.36432,1.36702,1.36316,1.36699
2026-02-11T06:00:00+00:00,1.36701,1.37125,1.36095,1.36418
2026-02-11T14:00:00+00:00,1.36416,1.36701,1.36189,1.36279
2026-02-11T22:00:00+00:00,1.36277,1.36424,1.36156,1.3622
2026-02-12T06:00:00+00:00,1.36221,1.36541,1.36047,1.36501
2026-02-12T14:00:00+00:00,1.36501,1.36716,1.3605,1.36223
2026-02-12T22:00:00+00:00,1.36223,1.36295,1.35997,1.36037
2026-02-13T06:00:00+00:00,1.3604,1.36455,1.35905,1.36335
2026-02-13T14:00:00+00:00,1.36334,1.36593,1.36068,1.36555
2026-02-15T22:00:00+00:00,1.36498,1.36516,1.36355,1.36391
2026-02-16T06:00:00+00:00,1.3639,1.36621,1.36288,1.36333
2026-02-16T14:00:00+00:00,1.36331,1.36404,1.36252,1.36286
2026-02-16T22:00:00+00:00,1.36296,1.36384,1.36035,1.36072
2026-02-17T06:00:00+00:00,1.36074,1.3615,1.35245,1.35248
2026-02-17T14:00:00+00:00,1.35248,1.35698,1.34959,1.3568
2026-02-17T22:00:00+00:00,1.35671,1.35733,1.355,1.3559
2026-02-18T06:00:00+00:00,1.35591,1.35822,1.35521,1.35522
2026-02-18T14:00:00+00:00,1.35522,1.35587,1.34917,1.34937
2026-02-18T22:00:00+00:00,1.34932,1.3502,1.34807,1.34875
2026-02-19T06:00:00+00:00,1.34875,1.3517,1.34491,1.34669
2026-02-19T14:00:00+00:00,1.3467,1.3474,1.3434,1.34648
2026-02-19T22:00:00+00:00,1.34654,1.34713,1.34351,1.34455
2026-02-20T06:00:00+00:00,1.34454,1.34977,1.34363,1.34865
2026-02-20T14:00:00+00:00,1.34862,1.35149,1.3461,1.3478
2026-02-22T22:00:00+00:00,1.34917,1.35334,1.34824,1.35203
2026-02-23T06:00:00+00:00,1.35201,1.3535,1.34759,1.35062
2026-02-23T14:00:00+00:00,1.3506,1.35249,1.34847,1.34911
2026-02-23T22:00:00+00:00,1.34898,1.35014,1.3478,1.34888
2026-02-24T06:00:00+00:00,1.34889,1.35062,1.34701,1.34861
2026-02-24T14:00:00+00:00,1.34858,1.35366,1.34798,1.3489
2026-02-24T22:00:00+00:00,1.34892,1.35253,1.34891,1.35217
2026-02-25T06:00:00+00:00,1.35216,1.35354,1.3491,1.35082
2026-02-25T14:00:00+00:00,1.35081,1.35661,1.35066,1.35596
2026-02-25T22:00:00+00:00,1.35597,1.35752,1.35497,1.35608
2026-02-26T06:00:00+00:00,1.35607,1.35627,1.35193,1.35367
2026-02-26T14:00:00+00:00,1.35366,1.35541,1.34453,1.34817
2026-02-26T22:00:00+00:00,1.34819,1.35013,1.34764,1.34898
2026-02-27T06:00:00+00:00,1.34898,1.35082,1.34397,1.34447
2026-02-27T14:00:00+00:00,1.34448,1.34906,1.34411,1.34825
2026-03-01T22:00:00+00:00,1.34203,1.3456,1.34007,1.34151
2026-03-02T06:00:00+00:00,1.34152,1.34265,1.33142,1.33827
2026-03-02T14:00:00+00:00,1.33824,1.34319,1.33597,1.34074
2026-03-02T22:00:00+00:00,1.34066,1.34253,1.33612,1.33633
2026-03-03T06:00:00+00:00,1.33635,1.33665,1.32627,1.33012
2026-03-03T14:00:00+00:00,1.33011,1.33699,1.32532,1.33577
2026-03-03T22:00:00+00:00,1.33577,1.33645,1.33034,1.3318
2026-03-04T06:00:00+00:00,1.33178,1.34032,1.33055,1.33627
2026-03-04T14:00:00+00:00,1.33623,1.33848,1.33464,1.33758
2026-03-04T22:00:00+00:00,1.33759,1.33871,1.33135,1.33142
2026-03-05T06:00:00+00:00,1.3314,1.33769,1.3306,1.33457
2026-03-05T14:00:00+00:00,1.33454,1.33656,1.32976,1.33574
2026-03-05T22:00:00+00:00,1.33566,1.33733,1.33417,1.33561
2026-03-06T06:00:00+00:00,1.33562,1.33901,1.33114,1.33385
2026-03-06T14:00:00+00:00,1.33385,1.3418,1.33252,1.34173
2026-03-08T21:00:00+00:00,1.334,1.33601,1.32831,1.32978
2026-03-09T05:00:00+00:00,1.32978,1.33636,1.32961,1.33526
2026-03-09T13:00:00+00:00,1.33526,1.34474,1.33464,1.34393
2026-03-09T21:00:00+00:00,1.34388,1.34495,1.34137,1.34247
2026-03-10T05:00:00+00:00,1.34245,1.34834,1.34244,1.34415
2026-03-10T13:00:00+00:00,1.34414,1.3481,1.3412,1.34179
2026-03-10T21:00:00+00:00,1.34175,1.34577,1.34104,1.34544
2026-03-11T05:00:00+00:00,1.34543,1.34567,1.33945,1.33993
2026-03-11T13:00:00+00:00,1.33992,1.34437,1.33935,1.34118
2026-03-11T21:00:00+00:00,1.3412,1.34154,1.33613,1.33627
2026-03-12T05:00:00+00:00,1.33626,1.34099,1.33618,1.33782
2026-03-12T13:00:00+00:00,1.33781,1.33919,1.33381,1.33428
2026-03-12T21:00:00+00:00,1.33428,1.33696,1.33296,1.33316
2026-03-13T05:00:00+00:00,1.33317,1.33376,1.32455,1.32713
2026-03-13T13:00:00+00:00,1.32715,1.32896,1.32186,1.32227
2026-03-15T21:00:00+00:00,1.32441,1.32664,1.32254,1.32513
2026-03-16T05:00:00+00:00,1.32515,1.329,1.32303,1.32779
2026-03-16T13:00:00+00:00,1.3278,1.33398,1.32778,1.332
2026-03-16T21:00:00+00:00,1.33196,1.33212,1.32954,1.33116
2026-03-17T05:00:00+00:00,1.33116,1.33397,1.32736,1.33324
2026-03-17T13:00:00+00:00,1.33325,1.33646,1.33325,1.33557
2026-03-17T21:00:00+00:00,1.3356,1.33652,1.33504,1.33638
2026-03-18T05:00:00+00:00,1.33638,1.33746,1.33126,1.33146
2026-03-18T13:00:00+00:00,1.33147,1.33507,1.32525,1.32571
2026-03-18T21:00:00+00:00,1.3257,1.32982,1.32512,1.32726
2026-03-19T05:00:00+00:00,1.32723,1.33104,1.3246,1.32992
2026-03-19T13:00:00+00:00,1.3299,1.34673,1.32815,1.34311
2026-03-19T21:00:00+00:00,1.3431,1.34424,1.3402,1.34028
2026-03-20T05:00:00+00:00,1.34031,1.34368,1.33635,1.33811
2026-03-20T13:00:00+00:00,1.33811,1.33827,1.32988,1.33411
2026-03-22T21:00:00+00:00,1.33136,1.33433,1.33032,1.3324
2026-03-23T05:00:00+00:00,1.33241,1.34346,1.3257,1.34293
2026-03-23T13:00:00+00:00,1.34294,1.34794,1.33776,1.34293
2026-03-23T21:00:00+00:00,1.34291,1.3444,1.33864,1.3394
2026-03-24T05:00:00+00:00,1.33943,1.34457,1.33803,1.33929
2026-03-24T13:00:00+00:00,1.33927,1.34321,1.33522,1.34105
2026-03-24T21:00:00+00:00,1.34105,1.34362,1.33915,1.33919
2026-03-25T05:00:00+00:00,1.3392,1.34272,1.33702,1.33937
2026-03-25T13:00:00+00:00,1.33937,1.3401,1.33583,1.33652
2026-03-25T21:00:00+00:00,1.33647,1.3371,1.33487,1.33655
2026-03-26T05:00:00+00:00,1.33658,1.33673,1.33218,1.33307
2026-03-26T13:00:00+00:00,1.33308,1.33783,1.33103,1.33302
2026-03-26T21:00:00+00:00,1.333,1.33468,1.33222,1.33431
2026-03-27T05:00:00+00:00,1.33431,1.33475,1.32721,1.3282
2026-03-27T13:00:00+00:00,1.3282,1.33327,1.32584,1.32588
2026-03-29T22:00:00+01:00,1.32612,1.32774,1.32325,1.32682
2026-03-30T06:00:00+01:00,1.32683,1.32827,1.32205,1.32281
2026-03-30T14:00:00+01:00,1.32286,1.32341,1.31739,1.3187
2026-03-30T22:00:00+01:00,1.31857,1.32245,1.31594,1.3197
2026-03-31T06:00:00+01:00,1.31974,1.32488,1.3191,1.3237
2026-03-31T14:00:00+01:00,1.32372,1.32644,1.31724,1.32259
2026-03-31T22:00:00+01:00,1.32257,1.32546,1.32198,1.32431
2026-04-01T06:00:00+01:00,1.32431,1.33273,1.32418,1.33059
2026-04-01T14:00:00+01:00,1.33062,1.33465,1.32927,1.33062
2026-04-01T22:00:00+01:00,1.33062,1.33204,1.32298,1.32361
2026-04-02T06:00:00+01:00,1.32361,1.32381,1.31818,1.32144
2026-04-02T14:00:00+01:00,1.32143,1.32515,1.32018,1.32267
2026-04-02T22:00:00+01:00,1.32272,1.3238,1.32133,1.32268
2026-04-03T06:00:00+01:00,1.32269,1.32428,1.32049,1.32127
2026-04-03T14:00:00+01:00,1.32127,1.32202,1.31871,1.32032
2026-04-05T22:00:00+01:00,1.31917,1.32183,1.31774,1.32127
2026-04-06T06:00:00+01:00,1.32126,1.32592,1.32096,1.32456
2026-04-06T14:00:00+01:00,1.32459,1.32686,1.32181,1.32342
2026-04-06T22:00:00+01:00,1.32354,1.32428,1.32117,1.32329
2026-04-07T06:00:00+01:00,1.32329,1.32852,1.32189,1.32507
2026-04-07T14:00:00+01:00,1.3251,1.3301,1.32359,1.32929
2026-04-07T22:00:00+01:00,1.32946,1.34176,1.32846,1.3416
2026-04-08T06:00:00+01:00,1.34163,1.34844,1.34068,1.34734
2026-04-08T14:00:00+01:00,1.3473,1.34823,1.33813,1.33939
2026-04-08T22:00:00+01:00,1.33938,1.34067,1.33813,1.33994
2026-04-09T06:00:00+01:00,1.33995,1.34304,1.33809,1.34163
2026-04-09T14:00:00+01:00,1.34163,1.34586,1.34039,1.34359
2026-04-09T22:00:00+01:00,1.3436,1.34415,1.34202,1.34216
2026-04-10T06:00:00+01:00,1.34217,1.34684,1.34108,1.34584
2026-04-10T14:00:00+01:00,1.34583,1.34793,1.34478,1.3461
2026-04-12T22:00:00+01:00,1.33916,1.34107,1.3381,1.34049
2026-04-13T06:00:00+01:00,1.34051,1.3443,1.3402,1.34359
2026-04-13T14:00:00+01:00,1.3436,1.35087,1.34346,1.35067
2026-04-13T22:00:00+01:00,1.35067,1.35218,1.34984,1.35192
2026-04-14T06:00:00+01:00,1.35194,1.359,1.35109,1.35872
2026-04-14T14:00:00+01:00,1.35871,1.35888,1.35582,1.35667
2026-04-14T22:00:00+01:00,1.35666,1.35792,1.35572,1.35676
2026-04-15T06:00:00+01:00,1.35676,1.35787,1.35435,1.35551
2026-04-15T14:00:00+01:00,1.35552,1.3579,1.35527,1.35613
2026-04-15T22:00:00+01:00,1.35612,1.35948,1.35583,1.35766
2026-04-16T06:00:00+01:00,1.35766,1.35818,1.35316,1.35468
2026-04-16T14:00:00+01:00,1.35469,1.35549,1.35166,1.35279
2026-04-16T22:00:00+01:00,1.35279,1.35367,1.35144,1.35227
2026-04-17T06:00:00+01:00,1.35227,1.3586,1.35045,1.35833
2026-04-17T14:00:00+01:00,1.35833,1.35994,1.35133,1.35167
2026-04-19T22:00:00+01:00,1.34881,1.35085,1.34751,1.35052
2026-04-20T06:00:00+01:00,1.35052,1.35281,1.34818,1.35163
2026-04-20T14:00:00+01:00,1.35164,1.35445,1.35073,1.35342
2026-04-20T22:00:00+01:00,1.35338,1.35415,1.35146,1.35153
2026-04-21T06:00:00+01:00,1.35154,1.35305,1.34826,1.35149
2026-04-21T14:00:00+01:00,1.35152,1.354,1.34747,1.35089
2026-04-21T22:00:00+01:00,1.35095,1.35204,1.3498,1.35072
2026-04-22T06:00:00+01:00,1.35074,1.35355,1.34926,1.34943
2026-04-22T14:00:00+01:00,1.34943,1.35245,1.3492,1.35026
2026-04-22T22:00:00+01:00,1.35027,1.35128,1.3479,1.34906
2026-04-23T06:00:00+01:00,1.34906,1.35132,1.34815,1.34876
2026-04-23T14:00:00+01:00,1.34875,1.35182,1.34478,1.34661
2026-04-23T22:00:00+01:00,1.34661,1.34756,1.34535,1.34631
2026-04-24T06:00:00+01:00,1.34631,1.35049,1.346,1.35016
2026-04-24T14:00:00+01:00,1.35019,1.3538,1.34865,1.3533
2026-04-26T22:00:00+01:00,1.35072,1.35485,1.35034,1.35411
2026-04-27T06:00:00+01:00,1.35411,1.35762,1.35244,1.35484
2026-04-27T14:00:00+01:00,1.35487,1.35645,1.35306,1.35353
2026-04-27T22:00:00+01:00,1.3535,1.35433,1.3521,1.35304
2026-04-28T06:00:00+01:00,1.35305,1.35314,1.3463,1.34926
2026-04-28T14:00:00+01:00,1.34925,1.35226,1.34812,1.35168
2026-04-28T22:00:00+01:00,1.35168,1.35281,1.35102,1.35131
2026-04-29T06:00:00+01:00,1.35132,1.35138,1.34949,1.35005
2026-04-29T14:00:00+01:00,1.35007,1.35074,1.34577,1.34748
2026-04-29T22:00:00+01:00,1.34748,1.34957,1.34553,1.34608
2026-04-30T06:00:00+01:00,1.3461,1.35353,1.34543,1.35128
2026-04-30T14:00:00+01:00,1.35128,1.36124,1.35048,1.36042
2026-04-30T22:00:00+01:00,1.36041,1.36121,1.35957,1.35972
2026-05-01T06:00:00+01:00,1.3597,1.36435,1.35868,1.36299
2026-05-01T14:00:00+01:00,1.36298,1.3658,1.35686,1.35743
2026-05-03T22:00:00+01:00,1.36014,1.36056,1.35752,1.3588
2026-05-04T06:00:00+01:00,1.35881,1.35984,1.35234,1.35572
2026-05-04T14:00:00+01:00,1.35572,1.35694,1.35125,1.35321
2026-05-04T22:00:00+01:00,1.3532,1.35418,1.35149,1.35157
2026-05-05T06:00:00+01:00,1.35157,1.35512,1.35139,1.3544
2026-05-05T14:00:00+01:00,1.35441,1.35786,1.35366,1.35384
2026-05-05T22:00:00+01:00,1.35383,1.35958,1.35369,1.35894
2026-05-06T06:00:00+01:00,1.35894,1.36435,1.35811,1.36116
2026-05-06T14:00:00+01:00,1.36116,1.36196,1.35787,1.35934
2026-05-06T22:00:00+01:00,1.35934,1.36084,1.35881,1.35975
2026-05-07T06:00:00+01:00,1.35974,1.36303,1.35911,1.36235
2026-05-07T14:00:00+01:00,1.36234,1.36325,1.35474,1.35518
2026-05-07T22:00:00+01:00,1.35522,1.35684,1.35469,1.35651
2026-05-08T06:00:00+01:00,1.35651,1.36242,1.35651,1.36139
2026-05-08T14:00:00+01:00,1.36137,1.36372,1.36062,1.36311
2026-05-10T22:00:00+01:00,1.35569,1.36011,1.35564,1.35811
2026-05-11T06:00:00+01:00,1.3581,1.36157,1.358,1.36111
2026-05-11T14:00:00+01:00,1.36113,1.36533,1.36072,1.36105
2026-05-11T22:00:00+01:00,1.36111,1.36175,1.358,1.35846
2026-05-12T06:00:00+01:00,1.35847,1.35861,1.35023,1.35372
2026-05-12T14:00:00+01:00,1.35372,1.35443,1.35003,1.35403
2026-05-12T22:00:00+01:00,1.35401,1.35464,1.35283,1.35342
2026-05-13T06:00:00+01:00,1.35343,1.35515,1.34847,1.34903
2026-05-13T14:00:00+01:00,1.34904,1.35293,1.34904,1.35234
2026-05-13T22:00:00+01:00,1.35225,1.35329,1.3519,1.35284
2026-05-14T06:00:00+01:00,1.35283,1.35325,1.3496,1.35077
2026-05-14T14:00:00+01:00,1.35076,1.35129,1.33952,1.34042
2026-05-14T22:00:00+01:00,1.34044,1.34077,1.3363,1.33635
2026-05-15T06:00:00+01:00,1.33637,1.33935,1.33282,1.33535
2026-05-15T14:00:00+01:00,1.33536,1.33632,1.33151,1.33257
2026-05-17T22:00:00+01:00,1.33252,1.33282,1.33024,1.33156
2026-05-18T06:00:00+01:00,1.33156,1.34031,1.33132,1.33953
2026-05-18T14:00:00+01:00,1.33955,1.34497,1.33802,1.34333
2026-05-18T22:00:00+01:00,1.34333,1.34379,1.3406,1.34061
2026-05-19T06:00:00+01:00,1.34064,1.34197,1.33873,1.34074
2026-05-19T14:00:00+01:00,1.3407,1.34122,1.33784,1.33947
2026-05-19T22:00:00+01:00,1.33949,1.34065,1.33781,1.33907
2026-05-20T06:00:00+01:00,1.33907,1.34081,1.33752,1.33976
2026-05-20T14:00:00+01:00,1.33975,1.34634,1.33832,1.34349
2026-05-20T22:00:00+01:00,1.3436,1.34456,1.34192,1.34315
2026-05-21T06:00:00+01:00,1.34316,1.3455,1.34118,1.34137
2026-05-21T14:00:00+01:00,1.34136,1.34494,1.3392,1.34311
2026-05-21T22:00:00+01:00,1.34302,1.34377,1.34223,1.34306
2026-05-22T06:00:00+01:00,1.34305,1.34387,1.34133,1.34367
2026-05-22T14:00:00+01:00,1.34366,1.34631,1.34181,1.34322
2026-05-24T22:00:00+01:00,1.34611,1.34905,1.34499,1.34832
2026-05-25T06:00:00+01:00,1.34833,1.35067,1.34708,1.35008
2026-05-25T14:00:00+01:00,1.35006,1.35092,1.34928,1.35058
2026-05-25T22:00:00+01:00,1.35064,1.35078,1.34807,1.3481
2026-05-26T06:00:00+01:00,1.34808,1.34894,1.34648,1.34671
2026-05-26T14:00:00+01:00,1.3467,1.34703,1.34346,1.34462
2026-05-26T22:00:00+01:00,1.34456,1.3459,1.34416,1.3454
2026-05-27T06:00:00+01:00,1.3454,1.34567,1.34303,1.34401
2026-05-27T14:00:00+01:00,1.34401,1.3458,1.34164,1.34261
2026-05-27T22:00:00+01:00,1.3426,1.34308,1.33675,1.33776
2026-05-28T06:00:00+01:00,1.33777,1.34251,1.33753,1.3421
2026-05-28T14:00:00+01:00,1.34211,1.34513,1.34075,1.34455
2026-05-28T22:00:00+01:00,1.34454,1.34505,1.34306,1.34383
2026-05-29T06:00:00+01:00,1.34386,1.34447,1.34083,1.34343
2026-05-29T14:00:00+01:00,1.34343,1.34855,1.34296,1.34507
2026-05-31T22:00:00+01:00,1.34583,1.34654,1.34456,1.34571
2026-06-01T06:00:00+01:00,1.34572,1.34762,1.34556,1.3464
2026-06-01T14:00:00+01:00,1.3464,1.34701,1.34068,1.3454
2026-06-01T22:00:00+01:00,1.34546,1.34689,1.34509,1.3464
2026-06-02T06:00:00+01:00,1.34641,1.34817,1.34607,1.3472
2026-06-02T14:00:00+01:00,1.3472,1.34807,1.34532,1.34657
2026-06-02T22:00:00+01:00,1.34659,1.34722,1.34505,1.34603
2026-06-03T06:00:00+01:00,1.34602,1.34636,1.34275,1.34322
2026-06-03T14:00:00+01:00,1.34321,1.34397,1.34118,1.34179
2026-06-03T22:00:00+01:00,1.3418,1.3432,1.34119,1.3431
2026-06-04T06:00:00+01:00,1.3431,1.34626,1.34115,1.3456
2026-06-04T14:00:00+01:00,1.34559,1.34574,1.34207,1.34241
2026-06-04T22:00:00+01:00,1.34242,1.34346,1.3416,1.34293
2026-06-05T06:00:00+01:00,1.34293,1.34833,1.34041,1.34045
2026-06-05T14:00:00+01:00,1.34045,1.34221,1.33302,1.33424
2026-06-07T22:00:00+01:00,1.33314,1.33506,1.33167,1.33398
2026-06-08T06:00:00+01:00,1.33399,1.33698,1.33061,1.33507
2026-06-08T14:00:00+01:00,1.33507,1.33651,1.33352,1.33408
2026-06-08T22:00:00+01:00,1.33405,1.33629,1.3331,1.33604
2026-06-09T06:00:00+01:00,1.33604,1.34078,1.33558,1.34037
2026-06-09T14:00:00+01:00,1.34039,1.3411,1.33585,1.33796
2026-06-09T22:00:00+01:00,1.33783,1.33908,1.33677,1.33822
2026-06-10T06:00:00+01:00,1.33821,1.34087,1.33761,1.33893
2026-06-10T14:00:00+01:00,1.33892,1.34234,1.33672,1.33684
2026-06-10T22:00:00+01:00,1.33683,1.3392,1.33499,1.33837
2026-06-11T06:00:00+01:00,1.33837,1.33916,1.33405,1.33613
2026-06-11T14:00:00+01:00,1.33613,1.34336,1.33246,1.34162
2026-06-11T22:00:00+01:00,1.3416,1.34266,1.33997,1.34112
2026-06-12T06:00:00+01:00,1.34113,1.34258,1.33835,1.33935
2026-06-12T14:00:00+01:00,1.33936,1.34241,1.33905,1.34056
2026-06-14T22:00:00+01:00,1.3408,1.34611,1.34072,1.34502
2026-06-15T06:00:00+01:00,1.34504,1.34602,1.3417,1.34298
2026-06-15T14:00:00+01:00,1.34299,1.34445,1.34062,1.34132
2026-06-15T22:00:00+01:00,1.34128,1.34238,1.3391,1.33973
2026-06-16T06:00:00+01:00,1.33974,1.34316,1.33906,1.34159
2026-06-16T14:00:00+01:00,1.3416,1.34434,1.34031,1.3426
2026-06-16T22:00:00+01:00,1.34266,1.34337,1.34223,1.34311
2026-06-17T06:00:00+01:00,1.34309,1.34374,1.33996,1.34152
2026-06-17T14:00:00+01:00,1.3415,1.34185,1.32622,1.32935
2026-06-17T22:00:00+01:00,1.32938,1.33199,1.32781,1.33144
2026-06-18T06:00:00+01:00,1.33143,1.33249,1.32051,1.32334
2026-06-18T14:00:00+01:00,1.32334,1.32536,1.31929,1.32052
2026-06-18T22:00:00+01:00,1.32075,1.3215,1.31682,1.317
2026-06-19T06:00:00+01:00,1.31701,1.32408,1.31631,1.32352
2026-06-19T14:00:00+01:00,1.32351,1.32408,1.32138,1.32379
2026-06-21T22:00:00+01:00,1.32007,1.32339,1.31899,1.32073
2026-06-22T06:00:00+01:00,1.32072,1.32732,1.31836,1.32612
2026-06-22T14:00:00+01:00,1.32614,1.32675,1.3238,1.32491
2026-06-22T22:00:00+01:00,1.325,1.32641,1.32344,1.32367
2026-06-23T06:00:00+01:00,1.32369,1.32497,1.32069,1.32118
2026-06-23T14:00:00+01:00,1.32119,1.32221,1.31822,1.32037
2026-06-23T22:00:00+01:00,1.32035,1.32075,1.31872,1.31932
2026-06-24T06:00:00+01:00,1.31934,1.32091,1.31419,1.31505
2026-06-24T14:00:00+01:00,1.31506,1.3179,1.31401,1.31665
2026-06-24T22:00:00+01:00,1.31671,1.31855,1.31582,1.31822
2026-06-25T06:00:00+01:00,1.31825,1.31975,1.31512,1.31764
2026-06-25T14:00:00+01:00,1.31764,1.32193,1.31736,1.31926
2026-06-25T22:00:00+01:00,1.31916,1.32093,1.31804,1.32014
2026-06-26T06:00:00+01:00,1.32015,1.32286,1.31909,1.32107
2026-06-26T14:00:00+01:00,1.32109,1.3232,1.3191,1.31965
2026-06-28T22:00:00+01:00,1.32064,1.321,1.31908,1.3199
2026-06-29T06:00:00+01:00,1.3199,1.32403,1.31988,1.32336
2026-06-29T14:00:00+01:00,1.32337,1.32625,1.32279,1.32576
2026-06-29T22:00:00+01:00,1.32573,1.32628,1.32288,1.32288
2026-06-30T06:00:00+01:00,1.32288,1.32471,1.32124,1.32155
2026-06-30T14:00:00+01:00,1.32156,1.32768,1.32136,1.32618
2026-06-30T22:00:00+01:00,1.32617,1.32644,1.32318,1.32416
2026-07-01T06:00:00+01:00,1.32414,1.3257,1.32289,1.3237
2026-07-01T14:00:00+01:00,1.3237,1.32922,1.32191,1.32753
2026-07-01T22:00:00+01:00,1.32752,1.32949,1.32648,1.32893
2026-07-02T06:00:00+01:00,1.32897,1.33832,1.32864,1.33647
2026-07-02T14:00:00+01:00,1.33647,1.33848,1.33379,1.33462
2026-07-02T22:00:00+01:00,1.33462,1.33665,1.33346,1.33651
2026-07-03T06:00:00+01:00,1.33648,1.33813,1.33491,1.3356
2026-07-03T14:00:00+01:00,1.33559,1.33588,1.33459,1.33506
2026-07-05T22:00:00+01:00,1.33506,1.33567,1.33391,1.3343
2026-07-06T06:00:00+01:00,1.33431,1.33517,1.33287,1.33423
2026-07-06T14:00:00+01:00,1.33424,1.33971,1.33412,1.33916
2026-07-06T22:00:00+01:00,1.33911,1.34018,1.33847,1.33892
2026-07-07T06:00:00+01:00,1.33893,1.33943,1.33695,1.33854
2026-07-07T14:00:00+01:00,1.33856,1.33868,1.33488,1.33594
2026-07-07T22:00:00+01:00,1.33589,1.3361,1.33423,1.33535
2026-07-08T06:00:00+01:00,1.33536,1.33703,1.33222,1.33411
2026-07-08T14:00:00+01:00,1.33411,1.34105,1.33406,1.33883
2026-07-08T22:00:00+01:00,1.33886,1.34042,1.33854,1.3399
2026-07-09T06:00:00+01:00,1.33991,1.34309,1.33808,1.33846
2026-07-09T14:00:00+01:00,1.33845,1.34194,1.33845,1.34083
2026-07-09T22:00:00+01:00,1.34085,1.34518,1.33981,1.34306
2026-07-10T06:00:00+01:00,1.34307,1.34375,1.34085,1.34212
2026-07-10T14:00:00+01:00,1.34214,1.34233,1.33922,1.34016
2026-07-12T22:00:00+01:00,1.33869,1.33898,1.33668,1.33841
2026-07-13T06:00:00+01:00,1.33842,1.34118,1.33743,1.3399
2026-07-13T14:00:00+01:00,1.33991,1.34024,1.33426,1.33477
2026-07-13T22:00:00+01:00,1.33481,1.33644,1.33424,1.33591
2026-07-14T06:00:00+01:00,1.33593,1.34436,1.33513,1.34092
2026-07-14T14:00:00+01:00,1.34095,1.34231,1.33682,1.33901
2026-07-14T22:00:00+01:00,1.33912,1.34092,1.33798,1.34025
2026-07-15T06:00:00+01:00,1.34028,1.34303,1.33807,1.34282
2026-07-15T14:00:00+01:00,1.34284,1.35581,1.34218,1.35399
2026-07-15T22:00:00+01:00,1.35398,1.35442,1.35197,1.35326
2026-07-16T06:00:00+01:00,1.35327,1.35424,1.34936,1.34977
2026-07-16T14:00:00+01:00,1.34978,1.35173,1.34597,1.34774
2026-07-16T22:00:00+01:00,1.34775,1.34821,1.34571,1.34591
2026-07-17T06:00:00+01:00,1.34591,1.34808,1.34262,1.34316
2026-07-17T14:00:00+01:00,1.34317,1.346,1.34283,1.34531
2026-07-19T22:00:00+01:00,1.34509,1.34678,1.34391,1.34664
2026-07-20T06:00:00+01:00,1.34663,1.34812,1.34485,1.34549
2026-07-20T14:00:00+01:00,1.3455,1.34589,1.34126,1.3431
2026-07-20T22:00:00+01:00,1.34312,1.34408,1.34225,1.34402
2026-07-21T06:00:00+01:00,1.34403,1.34557,1.33821,1.33889
2026-07-21T14:00:00+01:00,1.33891,1.33993,1.33597,1.33758
2026-07-21T22:00:00+01:00,1.33758,1.33898,1.33694,1.33838
2026-07-22T06:00:00+01:00,1.3384,1.33953,1.33547,1.33591
2026-07-22T14:00:00+01:00,1.33592,1.33909,1.33589,1.33748
2026-07-22T22:00:00+01:00,1.33749,1.33934,1.33675,1.33868
2026-07-23T06:00:00+01:00,1.33868,1.33911,1.3335,1.33427
2026-07-23T14:00:00+01:00,1.33425,1.33447,1.32987,1.33147
2026-07-23T22:00:00+01:00,1.33149,1.33268,1.33054,1.33105
2026-07-24T06:00:00+01:00,1.33106,1.33445,1.33058,1.331
2026-07-24T14:00:00+01:00,1.33099,1.33492,1.33059,1.33221
2026-07-26T22:00:00+01:00,1.33348,1.33637,1.33293,1.33509
2026-07-27T06:00:00+01:00,1.33511,1.3361,1.33044,1.33137
2026-07-27T14:00:00+01:00,1.3314,1.33211,1.32843,1.32892
2026-07-27T22:00:00+01:00,1.32891,1.33044,1.32859,1.32941
2026-07-28T06:00:00+01:00,1.32942,1.33052,1.32736,1.32979
2026-07-28T14:00:00+01:00,1.32979,1.33113,1.32855,1.32893
2026-07-28T22:00:00+01:00,1.32892,1.33016,1.32807,1.32978
2026-07-29T06:00:00+01:00,1.32978,1.33091,1.32788,1.32839
2026-07-29T14:00:00+01:00,1.3284,1.33873,1.32799,1.33702
2026-07-29T22:00:00+01:00,1.33701,1.33757,1.33417,1.33444
2026-07-30T06:00:00+01:00,1.33444,1.34069,1.3333,1.33714
2026-07-30T14:00:00+01:00,1.33716,1.34769,1.33672,1.34659
2026-07-30T22:00:00+01:00,1.3466,1.34713,1.34421,1.34457
2026-07-31T06:00:00+01:00,1.34458,1.3468,1.34146,1.34207
2026-07-31T14:00:00+01:00,1.34208,1.34953,1.34004,1.3481
