time,open,high,low,close
2023-08-30T14:00:00+01:00,15425.435,15483.84,15336.92,15473.505
2023-08-30T22:00:00+01:00,15474.415,15492.095,15463.26,15469.315
2023-08-31T06:00:00+01:00,15469.189,15505.62,15422.36,15470.315
2023-08-31T14:00:00+01:00,15470.315,15572.1,15443.196,15516.775
2023-08-31T22:00:00+01:00,15502.725,15527.395,15491.9,15518.13
2023-09-01T06:00:00+01:00,15517.906,15622.295,15471.316,15606.865
2023-09-01T14:00:00+01:00,15607.086,15630.415,15426.845,15493.99
2023-09-03T22:00:00+01:00,15495.875,15515.12,15473.355,15506.285
2023-09-04T06:00:00+01:00,15505.81,15543.08,15501.675,15526.495
2023-09-04T14:00:00+01:00,15526.441,15553.04,15486.771,15500.699
2023-09-04T22:00:00+01:00,15504.11,15508.645,15463.1,15481.965
2023-09-05T06:00:00+01:00,15481.939,15487.335,15394.776,15467.005
2023-09-05T14:00:00+01:00,15467.056,15559.395,15416.981,15497.49
2023-09-05T22:00:00+01:00,15485.395,15505.625,15466.926,15479.795
2023-09-06T06:00:00+01:00,15479.719,15490.425,15412.1,15471.8
2023-09-06T14:00:00+01:00,15471.525,15487.415,15287.82,15366.666
2023-09-06T22:00:00+01:00,15368.935,15376.5,15335.675,15338.965
2023-09-07T06:00:00+01:00,15338.989,15340.68,15168.79,15181.92
2023-09-07T14:00:00+01:00,15181.859,15290.43,15139.055,15262.395
2023-09-07T22:00:00+01:00,15272.375,15275.03,15239.975,15264.49
2023-09-08T06:00:00+01:00,15264.636,15329.48,15209.455,15258.375
2023-09-08T14:00:00+01:00,15258.359,15376.325,15241.97,15302.47
2023-09-10T22:00:00+01:00,15292.42,15328.41,15286.431,15327.495
2023-09-11T06:00:00+01:00,15327.461,15413,15327.395,15410.895
2023-09-11T14:00:00+01:00,15411.646,15483.83,15327.265,15462.99
2023-09-11T22:00:00+01:00,15448.575,15461.025,15428.165,15446.805
2023-09-12T06:00:00+01:00,15447.081,15466.52,15400.115,15406.54
2023-09-12T14:00:00+01:00,15406.444,15447.525,15278.1,15298.315
2023-09-12T22:00:00+01:00,15300.395,15310.11,15268.581,15299.86
2023-09-13T06:00:00+01:00,15300.166,15325.67,15202.971,15291.275
2023-09-13T14:00:00+01:00,15291.561,15417.29,15252.586,15366.4
2023-09-13T22:00:00+01:00,15366.425,15422.025,15360.581,15410.275
2023-09-14T06:00:00+01:00,15409.995,15437.235,15366.256,15416.095
2023-09-14T14:00:00+01:00,15416.251,15515.485,15333.471,15493.98
2023-09-14T22:00:00+01:00,15476.44,15522.49,15476.44,15517.02
2023-09-15T06:00:00+01:00,15517.01,15521.825,15420.005,15423.295
2023-09-15T14:00:00+01:00,15423.461,15435.42,15170.985,15209.975
2023-09-17T22:00:00+01:00,15195.115,15233.505,15194.625,15223.4
2023-09-18T06:00:00+01:00,15223.406,15242.425,15144.871,15177.36
2023-09-18T14:00:00+01:00,15177.436,15270.505,15157.521,15239
2023-09-18T22:00:00+01:00,15238.435,15249.1,15206.306,15210
2023-09-19T06:00:00+01:00,15210.014,15254.27,15191.77,15196.221
2023-09-19T14:00:00+01:00,15196.385,15224.84,15065.67,15202.505
2023-09-19T22:00:00+01:00,15194.835,15203.435,15159.516,15164.77
2023-09-20T06:00:00+01:00,15164.941,15248.605,15160.22,15247.485
2023-09-20T14:00:00+01:00,15246.91,15253.09,14947.491,14953.12
2023-09-20T22:00:00+01:00,14968.055,14974.09,14906.78,14917.83
2023-09-21T06:00:00+01:00,14917.866,14937.645,14763.366,14781.5
2023-09-21T14:00:00+01:00,14781.536,14850.82,14682.105,14689.875
2023-09-21T22:00:00+01:00,14692.815,14739.075,14671.555,14735.54
2023-09-22T06:00:00+01:00,14735.345,14806.31,14724.36,14788.585
2023-09-22T14:00:00+01:00,14788.681,14861.039,14684.776,14719.99
2023-09-24T22:00:00+01:00,14718.875,14761.54,14701.755,14756.01
2023-09-25T06:00:00+01:00,14755.615,14779.815,14631.57,14654.855
2023-09-25T14:00:00+01:00,14653.435,14784.435,14616.21,14778.925
2023-09-25T22:00:00+01:00,14781.275,14783.885,14688.16,14714.12
2023-09-26T06:00:00+01:00,14714.029,14728.445,14631.27,14680.8
2023-09-26T14:00:00+01:00,14680.594,14682.44,14504.49,14565.31
2023-09-26T22:00:00+01:00,14565.635,14593.02,14553.74,14591.96
2023-09-27T06:00:00+01:00,14591.904,14635.85,14573.78,14611.81
2023-09-27T14:00:00+01:00,14611.595,14663.405,14429.29,14612.77
2023-09-27T22:00:00+01:00,14615.515,14639.845,14558.875,14587.365
2023-09-28T06:00:00+01:00,14587.451,14623.105,14523.97,14539.9
2023-09-28T14:00:00+01:00,14539.849,14794.325,14504.29,14710.005
2023-09-28T22:00:00+01:00,14721.9,14740.46,14671.96,14715.095
2023-09-29T06:00:00+01:00,14715.044,14855.54,14703.455,14848.59
2023-09-29T14:00:00+01:00,14848.445,14906.56,14661.365,14741.81
2023-10-01T22:00:00+01:00,14828.115,14851.085,14786.566,14819.2
2023-10-02T06:00:00+01:00,14819.184,14862.325,14697.505,14705.35
2023-10-02T14:00:00+01:00,14705.199,14896.815,14678.36,14846.16
2023-10-02T22:00:00+01:00,14836.985,14852,14801.465,14801.925
2023-10-03T06:00:00+01:00,14801.705,14878.025,14695.025,14700.315
2023-10-03T14:00:00+01:00,14700.331,14821.12,14503.996,14577.805
2023-10-03T22:00:00+01:00,14564.78,14587.12,14495.295,14538.3
2023-10-04T06:00:00+01:00,14537.88,14653.805,14443.995,14630.6
2023-10-04T14:00:00+01:00,14630.711,14807.64,14587.585,14764.495
2023-10-04T22:00:00+01:00,14758.31,14803.145,14746.2,14791.155
2023-10-05T06:00:00+01:00,14791.094,14816.085,14709.485,14748.16
2023-10-05T14:00:00+01:00,14748.1,14783.165,14580.165,14720.1
2023-10-05T22:00:00+01:00,14720.8,14742.44,14709.235,14721.615
2023-10-06T06:00:00+01:00,14721.549,14785.895,14524.55,14547.905
2023-10-06T14:00:00+01:00,14547.951,15022.085,14535.49,14995.01
2023-10-08T22:00:00+01:00,14877.995,14903.025,14842.771,14857.88
2023-10-09T06:00:00+01:00,14857.859,14897.115,14836.085,14850.975
2023-10-09T14:00:00+01:00,14850.934,15071.605,14813.76,15058.49
2023-10-09T22:00:00+01:00,15054.595,15098.62,15049.105,15072.4
2023-10-10T06:00:00+01:00,15072.324,15100,15033.591,15057.015
2023-10-10T14:00:00+01:00,15055.295,15243.42,15041.48,15141.695
2023-10-10T22:00:00+01:00,15142.105,15166.21,15136.79,15154.77
2023-10-11T06:00:00+01:00,15154.896,15207.81,15135.97,15198.751
2023-10-11T14:00:00+01:00,15198.71,15275.645,15117.196,15274.28
2023-10-11T22:00:00+01:00,15273.06,15301.1,15267.87,15298.825
2023-10-12T06:00:00+01:00,15298.255,15317.84,15231.97,15260.895
2023-10-12T14:00:00+01:00,15260.951,15339.034,15086.77,15188.03
2023-10-12T22:00:00+01:00,15195.11,15217.29,15185.555,15192.1
2023-10-13T06:00:00+01:00,15192.241,15212.32,15089.78,15200.551
2023-10-13T14:00:00+01:00,15200.595,15238.53,14938.68,14982.26
2023-10-15T22:00:00+01:00,15001.57,15065.52,15000.775,15042.985
2023-10-16T06:00:00+01:00,15043.121,15063.08,14960.971,15049.265
2023-10-16T14:00:00+01:00,15049.551,15212.28,15042.755,15180.99
2023-10-16T22:00:00+01:00,15179.905,15183.805,15141.165,15143.5
2023-10-17T06:00:00+01:00,15143.12,15179.425,15041.44,15044.335
2023-10-17T14:00:00+01:00,15044.384,15189.92,14929.395,15113.595
2023-10-17T22:00:00+01:00,15117.06,15119.67,15068.796,15094.3
2023-10-18T06:00:00+01:00,15094.531,15106.31,15008.175,15011.495
2023-10-18T14:00:00+01:00,15011.716,15107.33,14863.596,14946.686
2023-10-18T22:00:00+01:00,14939.905,14947.465,14870.876,14902.285
2023-10-19T06:00:00+01:00,14901.99,14979.94,14827.18,14973.29
2023-10-19T14:00:00+01:00,14972.905,15029.5,14733.5,14736.01
2023-10-19T22:00:00+01:00,14745.4,14752.05,14713.78,14745.679
2023-10-20T06:00:00+01:00,14745.63,14783.434,14692.28,14721.88
2023-10-20T14:00:00+01:00,14720.255,14782.525,14546.359,14546.995
2023-10-22T22:00:00+01:00,14593.98,14616.52,14564.85,14600.3
2023-10-23T06:00:00+01:00,14600,14608.705,14421.69,14507.075
2023-10-23T14:00:00+01:00,14507.736,14753.51,14415.491,14637.59
2023-10-23T22:00:00+01:00,14650.11,14671.745,14622.171,14671.025
2023-10-24T06:00:00+01:00,14671.161,14726.305,14642.76,14704.1
2023-10-24T14:00:00+01:00,14704.039,14850.035,14607.971,14748.575
2023-10-24T22:00:00+01:00,14732.405,14757.9,14680.06,14691.955
2023-10-25T06:00:00+01:00,14692.001,14695.835,14617.171,14651.33
2023-10-25T14:00:00+01:00,14651.244,14661.815,14357.4,14397.684
2023-10-25T22:00:00+01:00,14335,14343.98,14217.271,14230.495
2023-10-26T06:00:00+01:00,14230.439,14328.01,14171.795,14318.919
2023-10-26T14:00:00+01:00,14318.91,14373.465,14054.61,14163.415
2023-10-26T22:00:00+01:00,14183.5,14238.945,14176.495,14235.775
2023-10-27T06:00:00+01:00,14235.6,14259.325,14186.16,14229.925
2023-10-27T14:00:00+01:00,14229.901,14326.135,14128.88,14185.005
2023-10-29T21:00:00+00:00,14248.13,14270.935,14222.6,14253.665
2023-10-30T05:00:00+00:00,14254.331,14311.05,14245.28,14279.91
2023-10-30T13:00:00+00:00,14279.895,14395.465,14225.865,14333.851
2023-10-30T21:00:00+00:00,14326.41,14334.42,14245.781,14256.805
2023-10-31T05:00:00+00:00,14256.835,14372.04,14238.385,14330.87
2023-10-31T13:00:00+00:00,14331.241,14421.605,14229.881,14388.505
2023-10-31T21:00:00+00:00,14393.11,14396.885,14359.58,14392.995
2023-11-01T05:00:00+00:00,14393.021,14433.43,14331.81,14419.02
2023-11-01T13:00:00+00:00,14418.32,14679.625,14390.47,14659.79
2023-11-01T21:00:00+00:00,14685.325,14740.645,14683.485,14728.295
2023-11-02T05:00:00+00:00,14728.15,14875.825,14704.36,14869.454
2023-11-02T13:00:00+00:00,14869.605,14930.535,14791.99,14901.305
2023-11-02T21:00:00+00:00,14862.885,14890.235,14858.24,14880.47
2023-11-03T05:00:00+00:00,14880.726,14989.31,14855.2,14969.62
2023-11-03T13:00:00+00:00,14969.439,15150.224,14942.59,15110.84
2023-11-05T22:00:00+00:00,15112.385,15125.539,15085.905,15103.579
2023-11-06T06:00:00+00:00,15103.51,15148.315,15101.775,15128.3
2023-11-06T14:00:00+00:00,15128.334,15180.519,15062.416,15148.075
2023-11-06T22:00:00+00:00,15143.585,15149.03,15122.775,15133.77
2023-11-07T06:00:00+00:00,15133.644,15179.1,15102.275,15178.505
2023-11-07T14:00:00+00:00,15179.05,15337.23,15150.285,15299.364
2023-11-07T22:00:00+00:00,15300.79,15303.205,15273.475,15275.765
2023-11-08T06:00:00+00:00,15275.856,15315.65,15263.59,15300.955
2023-11-08T14:00:00+00:00,15301.28,15344,15214.09,15299.335
2023-11-08T22:00:00+00:00,15286.9,15312.485,15276.356,15299.845
2023-11-09T06:00:00+00:00,15299.861,15335.13,15292.48,15334.3
2023-11-09T14:00:00+00:00,15334.6,15385.625,15169.526,15190.895
2023-11-09T22:00:00+00:00,15183.315,15185.819,15140.28,15179.015
2023-11-10T06:00:00+00:00,15178.734,15253.435,15140.055,15251.325
2023-11-10T14:00:00+00:00,15250.974,15538.389,15238.305,15535.62
2023-11-12T22:00:00+00:00,15519.86,15533.015,15441.755,15451.28
2023-11-13T06:00:00+00:00,15451.025,15506.035,15446.095,15468.29
2023-11-13T14:00:00+00:00,15468.005,15524.54,15397.689,15488
2023-11-13T22:00:00+00:00,15496.01,15514.585,15489.115,15505.82
2023-11-14T06:00:00+00:00,15505.335,15776.51,15492.386,15757.125
2023-11-14T14:00:00+00:00,15757.209,15850.54,15727.496,15828.205
2023-11-14T22:00:00+00:00,15828.11,15867.645,15825.306,15856.81
2023-11-15T06:00:00+00:00,15856.72,15977.295,15842.4,15894.81
2023-11-15T14:00:00+00:00,15894.709,15906.695,15763.885,15774.76
2023-11-15T22:00:00+00:00,15782.6,15817.24,15761.565,15797.075
2023-11-16T06:00:00+00:00,15796.83,15819.43,15759.01,15818.45
2023-11-16T14:00:00+00:00,15817.985,15844.095,15735.305,15824.825
2023-11-16T22:00:00+00:00,15836.005,15841.91,15816.57,15825.5
2023-11-17T06:00:00+00:00,15825.484,15859.18,15814.846,15829.505
2023-11-17T14:00:00+00:00,15828.97,15879.915,15765.375,15825.755
2023-11-19T22:00:00+00:00,15840.47,15845.59,15779.656,15780.825
2023-11-20T06:00:00+00:00,15780.831,15873.55,15780.166,15854.925
2023-11-20T14:00:00+00:00,15855.066,16059.52,15832.615,16022.62
2023-11-20T22:00:00+00:00,16033.045,16065.63,16026,16046.705
2023-11-21T06:00:00+00:00,16046.791,16048.585,15947.325,15950.47
2023-11-21T14:00:00+00:00,15950.93,15963.94,15864.365,15926.025
2023-11-21T22:00:00+00:00,15915.995,15932.43,15891.36,15910.035
2023-11-22T06:00:00+00:00,15910.036,16018.445,15891.495,16013.7
2023-11-22T14:00:00+00:00,16013.624,16122.035,15957.605,15990.045
2023-11-22T22:00:00+00:00,15997.945,16021.93,15992.26,16021.31
2023-11-23T06:00:00+00:00,16021.321,16043.52,16014.08,16024.485
2023-11-23T14:00:00+00:00,16024.341,16030.635,16008.471,16019.49
2023-11-23T22:00:00+00:00,16033.475,16033.815,16015.085,16018.78
2023-11-24T06:00:00+00:00,16018.4,16028.395,15982.895,16008.47
2023-11-24T14:00:00+00:00,16008.561,16010.92,15938.56,15974.77
2023-11-26T22:00:00+00:00,15965.89,15966.085,15897.535,15899.77
2023-11-27T06:00:00+00:00,15899.875,15980.085,15899.575,15958.79
2023-11-27T14:00:00+00:00,15959.036,16048.37,15929.195,15967.025
2023-11-27T22:00:00+00:00,15967.25,15975.03,15948.005,15964.31
2023-11-28T06:00:00+00:00,15964.42,15974.515,15906.88,15947.965
2023-11-28T14:00:00+00:00,15947.935,16032.975,15920.225,16012.315
2023-11-28T22:00:00+00:00,16013.825,16047.24,16001.635,16031.405
2023-11-29T06:00:00+00:00,16031.24,16133.88,16017.315,16106.09
2023-11-29T14:00:00+00:00,16106.325,16168.53,15975.95,16006.49
2023-11-29T22:00:00+00:00,16007.095,16028.44,15999.561,16027.725
2023-11-30T06:00:00+00:00,16027.3,16062.185,15995.48,16014.71
2023-11-30T14:00:00+00:00,16014.99,16015.665,15822.165,15935.34
2023-11-30T22:00:00+00:00,15919.305,15936.995,15913.286,15923.015
2023-12-01T06:00:00+00:00,15922.81,15967.315,15886.045,15897.02
2023-12-01T14:00:00+00:00,15897.07,16016.93,15831.945,15997.785
2023-12-03T22:00:00+00:00,15994.29,15995.03,15932.565,15933.31
2023-12-04T06:00:00+00:00,15933.275,15972.01,15872.005,15875.515
2023-12-04T14:00:00+00:00,15875.115,15877.03,15693.56,15829.785
2023-12-04T22:00:00+00:00,15831.875,15833,15793.305,15798.585
2023-12-05T06:00:00+00:00,15798.69,15799.11,15732.96,15769.395
2023-12-05T14:00:00+00:00,15769.575,15933.395,15740.565,15887.24
2023-12-05T22:00:00+00:00,15870.9,15962.925,15865.71,15951.195
2023-12-06T06:00:00+00:00,15951.23,15991.525,15896.465,15988.005
2023-12-06T14:00:00+00:00,15988.046,16012.295,15777.665,15787.9
2023-12-06T22:00:00+00:00,15793.195,15805.64,15773.7,15780.12
2023-12-07T06:00:00+00:00,15780.405,15896.775,15771.766,15890.095
2023-12-07T14:00:00+00:00,15890.74,16045.13,15869.395,16004.63
2023-12-07T22:00:00+00:00,16001.085,16011.925,15988.365,15998.75
2023-12-08T06:00:00+00:00,15998.625,16020.27,15873.005,15946.895
2023-12-08T14:00:00+00:00,15947.711,16102.07,15920.195,16076.78
2023-12-10T22:00:00+00:00,16077.625,16099.58,16035.26,16048.7
2023-12-11T06:00:00+00:00,16048.6,16076.615,16031.255,16066.21
2023-12-11T14:00:00+00:00,16066.675,16233.325,16055.11,16226.33
2023-12-11T22:00:00+00:00,16224.7,16260.21,16216.705,16251.89
2023-12-12T06:00:00+00:00,16251.695,16321.195,16218.575,16225.64
2023-12-12T14:00:00+00:00,16225.835,16376.855,16171.83,16373.85
2023-12-12T22:00:00+00:00,16372.685,16392.43,16369.705,16383.425
2023-12-13T06:00:00+00:00,16383.49,16408.805,16371.72,16407.415
2023-12-13T14:00:00+00:00,16406.785,16585.53,16356.17,16553.925
2023-12-13T22:00:00+00:00,16568.39,16667.435,16562.06,16653.96
2023-12-14T06:00:00+00:00,16654.095,16666.11,16589.82,16635.295
2023-12-14T14:00:00+00:00,16635,16659.385,16417.555,16528.325
2023-12-14T22:00:00+00:00,16524.82,16568.595,16520.455,16565.635
2023-12-15T06:00:00+00:00,16564.785,16601.16,16545.105,16576.305
2023-12-15T14:00:00+00:00,16576.7,16673.13,16545.385,16608.015
2023-12-17T22:00:00+00:00,16615.38,16646.64,16590.42,16641.065
2023-12-18T06:00:00+00:00,16641.29,16646.51,16596.515,16641.72
2023-12-18T14:00:00+00:00,16641.475,16766.915,16620.97,16709.615
2023-12-18T22:00:00+00:00,16711.305,16730.51,16703.065,16723.635
2023-12-19T06:00:00+00:00,16723.295,16781.155,16710.105,16751.335
2023-12-19T14:00:00+00:00,16750.705,16818.92,16737.09,16810.205
2023-12-19T22:00:00+00:00,16816.205,16837.585,16812.2,16828.38
2023-12-20T06:00:00+00:00,16827.69,16831.705,16753.68,16773.38
2023-12-20T14:00:00+00:00,16773.485,16864.98,16551.105,16562.215
2023-12-20T22:00:00+00:00,16589.735,16645.635,16589.505,16644.625
2023-12-21T06:00:00+00:00,16644.715,16768.58,16636.325,16739.63
2023-12-21T14:00:00+00:00,16740.126,16766.37,16617.755,16747.12
2023-12-21T22:00:00+00:00,16755.98,16758.93,16699.41,16699.91
2023-12-22T06:00:00+00:00,16699.585,16807.675,16694.605,16803.075
2023-12-22T14:00:00+00:00,16802.71,16843.995,16697.775,16771.89
2023-12-25T22:00:00+00:00,16792.91,16831.975,16787.53,16827.275
2023-12-26T06:00:00+00:00,16827.456,16840.4,16788.46,16807.5
2023-12-26T14:00:00+00:00,16807.605,16912.565,16807.45,16887.72
2023-12-26T22:00:00+00:00,16885.265,16897.215,16868.5,16884.81
2023-12-27T06:00:00+00:00,16885.02,16900.535,16867.35,16895.2
2023-12-27T14:00:00+00:00,16895.251,16932.045,16850,16926.9
2023-12-27T22:00:00+00:00,16930.85,16959.735,16923.295,16952.025
2023-12-28T06:00:00+00:00,16951.82,16970.085,16947.4,16947.815
2023-12-28T14:00:00+00:00,16948.795,16963.515,16890.38,16905.08
2023-12-28T22:00:00+00:00,16903.035,16923.09,16897.405,16913.71
2023-12-29T06:00:00+00:00,16913.659,16944.735,16881.09,16898.635
2023-12-29T14:00:00+00:00,16898.636,16921.405,16751.48,16824.435
2024-01-01T22:00:00+00:00,16831.11,16852.185,16814.615,16831.385
2024-01-02T06:00:00+00:00,16831.485,16850.23,16630.73,16666.535
2024-01-02T14:00:00+00:00,16666.555,16691.285,16448.485,16552.865
2024-01-02T22:00:00+00:00,16559.65,16561.895,16514.375,16529.895
2024-01-03T06:00:00+00:00,16530.001,16554.585,16423.33,16442.42
2024-01-03T14:00:00+00:00,16442.471,16478.015,16350.69,16366.81
2024-01-03T22:00:00+00:00,16384.89,16398.095,16368.37,16378.44
2024-01-04T06:00:00+00:00,16378.775,16421.93,16286.66,16294.1
2024-01-04T14:00:00+00:00,16293.825,16421.595,16274.28,16276.885
2024-01-04T22:00:00+00:00,16292.585,16309.325,16266.205,16268.71
2024-01-05T06:00:00+00:00,16269.56,16278.845,16174.99,16240.225
2024-01-05T14:00:00+00:00,16241.19,16417.005,16238.56,16307.995
2024-01-07T22:00:00+00:00,16308.385,16342.24,16278.92,16283.615
2024-01-08T06:00:00+00:00,16283.74,16339.52,16220.505,16319.645
2024-01-08T14:00:00+00:00,16320.01,16653.89,16314.395,16638.32
2024-01-08T22:00:00+00:00,16634.025,16640.63,16617.7,16620.385
2024-01-09T06:00:00+00:00,16620.22,16632.45,16503.57,16510.015
2024-01-09T14:00:00+00:00,16510.181,16717.385,16506.67,16680.295
2024-01-09T22:00:00+00:00,16677.985,16701.825,16668.07,16677.025
2024-01-10T06:00:00+00:00,16676.8,16756.8,16657.995,16667.51
2024-01-10T14:00:00+00:00,16667.354,16831.34,16653.815,16797.58
2024-01-10T22:00:00+00:00,16809.115,16862.82,16798.91,16851.525
2024-01-11T06:00:00+00:00,16851.805,16908.2,16746.285,16760.47
2024-01-11T14:00:00+00:00,16760.906,16898.395,16613.09,16826.81
2024-01-11T22:00:00+00:00,16815.595,16826.91,16783.62,16805.57
2024-01-12T06:00:00+00:00,16805.835,16840.925,16728.785,16825.92
2024-01-12T14:00:00+00:00,16825.76,16904.46,16774.35,16822.31
2024-01-14T22:00:00+00:00,16820.11,16854.78,16801.885,16845.985
2024-01-15T06:00:00+00:00,16845.61,16885.03,16809.92,16823.25
2024-01-15T14:00:00+00:00,16823.4,16841.917,16799.455,16831.1495
2024-01-15T22:00:00+00:00,16821.9005,16827.9325,16738.4335,16740.977
2024-01-16T06:00:00+00:00,16741.311,16793.5455,16675.9005,16757.1055
2024-01-16T14:00:00+00:00,16756.361,16898.989,16719.1,16828.8055
2024-01-16T22:00:00+00:00,16841.3655,16846.2125,16757.883,16758.4785
2024-01-17T06:00:00+00:00,16758.682,16773.078,16671.8115,16686.3005
2024-01-17T14:00:00+00:00,16686.272,16756.1,16560.5055,16729.683
2024-01-17T22:00:00+00:00,16731.2615,16749.516,16711.361,16741.538
2024-01-18T06:00:00+00:00,16741.507,16920.822,16740.517,16858.972
2024-01-18T14:00:00+00:00,16860.182,16997.906,16814.789,16976.71
2024-01-18T22:00:00+00:00,16989.9945,17052.4615,16981.8775,17023.7285
2024-01-19T06:00:00+00:00,17023.6015,17129.0945,17023.1775,17094.412
2024-01-19T14:00:00+00:00,17093.6,17335.483,17040.489,17328.7885
2024-01-21T22:00:00+00:00,17344.022,17442.9165,17344.022,17409.6
2024-01-22T06:00:00+00:00,17409.784,17453.4725,17388.561,17397.8325
2024-01-22T14:00:00+00:00,17397,17453.328,17304.7005,17320.51
2024-01-22T22:00:00+00:00,17328.5055,17359.5615,17322.3165,17342.471
2024-01-23T06:00:00+00:00,17342.6835,17399.5395,17295.766,17373.7895
2024-01-23T14:00:00+00:00,17373.478,17429.839,17284.378,17407.816
2024-01-23T22:00:00+00:00,17433.0215,17486.6515,17432.3825,17480.6715
2024-01-24T06:00:00+00:00,17480.868,17569.527,17478.455,17541.8105
2024-01-24T14:00:00+00:00,17541.596,17668.644,17445.9945,17473.1065
2024-01-24T22:00:00+00:00,17497.422,17517.6115,17471.3105,17508.0055
2024-01-25T06:00:00+00:00,17508.2225,17597.1505,17485.2725,17588.6165
2024-01-25T14:00:00+00:00,17588.99,17632.6325,17423.2945,17486.7835
2024-01-25T22:00:00+00:00,17450.277,17451.056,17368.305,17390.295
2024-01-26T06:00:00+00:00,17391.078,17495.783,17350.556,17482.117
2024-01-26T14:00:00+00:00,17482.595,17518.0995,17390.984,17396.0945
2024-01-28T22:00:00+00:00,17387.1115,17436.0395,17346.2825,17421.356
2024-01-29T06:00:00+00:00,17421.451,17479.489,17418.578,17434.906
2024-01-29T14:00:00+00:00,17434.7945,17605.2285,17410.473,17587.311
2024-01-29T22:00:00+00:00,17597.951,17625.2015,17589.8055,17612.7
2024-01-30T06:00:00+00:00,17613.1785,17616.7165,17542.778,17550.4
2024-01-30T14:00:00+00:00,17550.3215,17574.2165,17413.8105,17458.573
2024-01-30T22:00:00+00:00,17306.3275,17355.705,17304.117,17336.812
2024-01-31T06:00:00+00:00,17336.8955,17362.2115,17227.482,17299.6385
2024-01-31T14:00:00+00:00,17299.522,17382.017,17119.394,17165.427
2024-01-31T22:00:00+00:00,17180.867,17228.79,17169.7105,17200.4215
2024-02-01T06:00:00+00:00,17200.289,17266.4385,17165.9455,17238.796
2024-02-01T14:00:00+00:00,17238.5605,17458.5,17170.749,17448.9835
2024-02-01T22:00:00+00:00,17491.9555,17537.2165,17486.4215,17518.316
2024-02-02T06:00:00+00:00,17518.4325,17549.5175,17389.972,17402.6895
2024-02-02T14:00:00+00:00,17402.913,17684.711,17372.1785,17632.2275
2024-02-04T22:00:00+00:00,17608.084,17638.6215,17575.361,17601.9945
2024-02-05T06:00:00+00:00,17601.7055,17650.1005,17586.0835,17611.6115
2024-02-05T14:00:00+00:00,17611.722,17655.7945,17465.967,17612.0955
2024-02-05T22:00:00+00:00,17615.7235,17664.0435,17605.589,17650.549
2024-02-06T06:00:00+00:00,17650.518,17680.8335,17583.7665,17649.444
2024-02-06T14:00:00+00:00,17649.45,17679.878,17473.7655,17557.622
2024-02-06T22:00:00+00:00,17561.517,17625.9325,17559.889,17578.4055
2024-02-07T06:00:00+00:00,17578.495,17660.9785,17544.4105,17650.4105
2024-02-07T14:00:00+00:00,17650.4565,17785.8615,17633.495,17764.605
2024-02-07T22:00:00+00:00,17769.3065,17774.3895,17751.9895,17763.4055
2024-02-08T06:00:00+00:00,17763.2265,17778.8565,17710.3105,17742.166
2024-02-08T14:00:00+00:00,17741.6885,17816.272,17724.495,17776.205
2024-02-08T22:00:00+00:00,17780.456,17796.7325,17771.778,17782.9055
2024-02-09T06:00:00+00:00,17783.4055,17891.034,17779.317,17849.8885
2024-02-09T14:00:00+00:00,17849.7895,17989.2285,17795.0005,17948.4005
2024-02-11T22:00:00+00:00,17961.095,17961.3215,17923.016,17938.5385
2024-02-12T06:00:00+00:00,17938.622,17979.0325,17937.7665,17948.882
2024-02-12T14:00:00+00:00,17949.138,18044.1,17843.96,17847.189
2024-02-12T22:00:00+00:00,17849.399,17867.489,17841.488,17863.805
2024-02-13T06:00:00+00:00,17863.895,17887.6215,17562.6215,17585.712
2024-02-13T14:00:00+00:00,17585.7,17720.538,17475.5055,17615.1105
2024-02-13T22:00:00+00:00,17631.272,17632.0775,17597.2945,17612.972
2024-02-14T06:00:00+00:00,17612.8215,17739.339,17612.5885,17706.2885
2024-02-14T14:00:00+00:00,17706.5675,17814.7115,17619.611,17791.605
2024-02-14T22:00:00+00:00,17801.184,17815.2725,17775.867,17807.078
2024-02-15T06:00:00+00:00,17807.238,17866.3565,17799.0725,17832.661
2024-02-15T14:00:00+00:00,17831.959,17902.0165,17716.5125,17883.905
2024-02-15T22:00:00+00:00,17886.5115,17894.1385,17846.638,17867.195
2024-02-16T06:00:00+00:00,17867.362,17961.122,17838.3875,17875.628
2024-02-16T14:00:00+00:00,17875.595,17885.4385,17653.1725,17660.118
2024-02-18T22:00:00+00:00,17671.222,17744.6285,17671.1055,17723.0885
2024-02-19T06:00:00+00:00,17723.244,17728.557,17680.1335,17719.389
2024-02-19T14:00:00+00:00,17719.5995,17748.1495,17713.6445,17729.5835
2024-02-19T22:00:00+00:00,17731.438,17731.438,17610.506,17628.616
2024-02-20T06:00:00+00:00,17628.4,17667.627,17557.371,17616.1065
2024-02-20T14:00:00+00:00,17616.19,17666.373,17393.794,17523
2024-02-20T22:00:00+00:00,17514.616,17531.706,17480.484,17503.483
2024-02-21T06:00:00+00:00,17503.4225,17527.7385,17423.094,17446.1995
2024-02-21T14:00:00+00:00,17446.6385,17485.8675,17314.5,17471.033
2024-02-21T22:00:00+00:00,17648.9115,17761.911,17622.8565,17738.0385
2024-02-22T06:00:00+00:00,17737.783,17871.8,17732.11,17843.256
2024-02-22T14:00:00+00:00,17842.505,18035.8725,17810.5055,17970.473
2024-02-22T22:00:00+00:00,17972.473,18004.9725,17966.604,18000.7935
2024-02-23T06:00:00+00:00,18000.917,18033.478,17950.384,18024.8
2024-02-23T14:00:00+00:00,18023.967,18095.283,17897.2725,17912.2615
2024-02-25T22:00:00+00:00,17917.127,17941.318,17875.1,17905.9285
2024-02-26T06:00:00+00:00,17906.1775,17980.844,17882.478,17968.327
2024-02-26T14:00:00+00:00,17968.656,18015.5055,17912.462,17916.544
2024-02-26T22:00:00+00:00,17908.389,17927.023,17884.7045,17895.0445
2024-02-27T06:00:00+00:00,17895.1345,17997.2665,17889.2555,17983.822
2024-02-27T14:00:00+00:00,17984.1005,17989.3835,17865.6105,17976.1825
2024-02-27T22:00:00+00:00,17973.8005,17975.8,17949.795,17954.0005
2024-02-28T06:00:00+00:00,17954.284,17960.7835,17849.0435,17901.2555
2024-02-28T14:00:00+00:00,17901.5845,17932.9785,17827.884,17831.9885
2024-02-28T22:00:00+00:00,17826.549,17890.4945,17825.9615,17879.495
2024-02-29T06:00:00+00:00,17879.206,17986.128,17787.089,17966.2
2024-02-29T14:00:00+00:00,17966.5335,18069.029,17858.7775,18022.1835
2024-02-29T22:00:00+00:00,18034.8495,18093.6065,18006.6115,18089.1895
2024-03-01T06:00:00+00:00,18089.395,18123.7335,17992.495,18051.0995
2024-03-01T14:00:00+00:00,18051.2105,18336.1615,18043.105,18287.722
2024-03-03T22:00:00+00:00,18302.705,18330.011,18291.088,18311.8895
2024-03-04T06:00:00+00:00,18311.9,18341.5665,18275.6835,18299.377
2024-03-04T14:00:00+00:00,18299.7185,18312.3275,18203.583,18206.984
2024-03-04T22:00:00+00:00,18210.295,18220.289,18152.0725,18159.0885
2024-03-05T06:00:00+00:00,18159.3105,18164.567,18075.7105,18100.562
2024-03-05T14:00:00+00:00,18101.083,18113.1385,17802.718,17934.633
2024-03-05T22:00:00+00:00,17956.1895,17959.1165,17914.4605,17953.934
2024-03-06T06:00:00+00:00,17953.5385,18070.111,17939.7615,18070.1
2024-03-06T14:00:00+00:00,18069.4125,18148.1,17937.911,18010.923
2024-03-06T22:00:00+00:00,18023.4005,18024.7665,17910.2165,17956.8785
2024-03-07T06:00:00+00:00,17956.7055,18139.7115,17893.7885,18130.583
2024-03-07T14:00:00+00:00,18130.3125,18337.7065,18097.0835,18242.489
2024-03-07T22:00:00+00:00,18266.311,18290.0215,18228.6665,18271.716
2024-03-08T06:00:00+00:00,18271.734,18349.984,18190.8225,18332.8385
2024-03-08T14:00:00+00:00,18332.0105,18418.817,17995.711,18043.9115
2024-03-10T21:00:00+00:00,17985.3665,18039.833,17958.727,17969.722
2024-03-11T05:00:00+00:00,17969.718,18036.817,17906.9995,17936.3835
2024-03-11T13:00:00+00:00,17936.2945,18006.8665,17875.411,17968.105
2024-03-11T21:00:00+00:00,17989.022,18056.533,17987.9775,18054.956
2024-03-12T05:00:00+00:00,18054.672,18118.711,17944.5835,18053.4945
2024-03-12T13:00:00+00:00,18053.811,18229.1285,17915.077,18205.578
2024-03-12T21:00:00+00:00,18206.712,18228.639,18185.2765,18208.6055
2024-03-13T05:00:00+00:00,18208.6725,18247.088,18153.373,18165.895
2024-03-13T13:00:00+00:00,18165.694,18182.022,18027.293,18090.567
2024-03-13T21:00:00+00:00,18090.028,18128.506,18090.028,18127.873
2024-03-14T05:00:00+00:00,18127.684,18175.572,18099.549,18118.078
2024-03-14T13:00:00+00:00,18118.1285,18145.472,17911.6945,18010.2345
2024-03-14T21:00:00+00:00,18004.4115,18021.134,17972.3435,17977.2115
2024-03-15T05:00:00+00:00,17977.084,18074.784,17957.9,18004.878
2024-03-15T13:00:00+00:00,18005.004,18007.438,17759.916,17827.195
2024-03-17T21:00:00+00:00,17847.178,17897.1945,17818.9275,17892.8895
2024-03-18T05:00:00+00:00,17892.9995,18044.4215,17890.8545,18032.0725
2024-03-18T13:00:00+00:00,18032.0265,18136.2385,17963.2895,17985.8615
2024-03-18T21:00:00+00:00,17964,17973.223,17904.305,17942.4895
2024-03-19T05:00:00+00:00,17942.506,18005.4385,17830.967,17884.3165
2024-03-19T13:00:00+00:00,17884.0885,18041.8165,17806.794,18028.262
2024-03-19T21:00:00+00:00,18021.4005,18035.4165,17978.8785,17988.251
2024-03-20T05:00:00+00:00,17988.328,18082.4115,17985.656,18049.833
2024-03-20T13:00:00+00:00,18050.1405,18292.3165,17997.933,18284.2055
2024-03-20T21:00:00+00:00,18291.128,18364.011,18290.689,18358.7675
2024-03-21T05:00:00+00:00,18359.211,18432.1105,18347.1275,18416.0005
2024-03-21T13:00:00+00:00,18416.2,18466.4115,18312.0945,18333.2945
2024-03-21T21:00:00+00:00,18340.4055,18356.3385,18293.0835,18336.5775
2024-03-22T05:00:00+00:00,18336.8115,18366.678,18253.994,18290.278
2024-03-22T13:00:00+00:00,18291.5,18391.7675,18266.9555,18325.3235
2024-03-24T21:00:00+00:00,18340.619,18366.3055,18318.1775,18332.634
2024-03-25T05:00:00+00:00,18332.4775,18337.039,18222.049,18240.9895
2024-03-25T13:00:00+00:00,18241.111,18341.511,18180.111,18284.139
2024-03-25T21:00:00+00:00,18302.533,18326.628,18287.7785,18305.3215
2024-03-26T05:00:00+00:00,18305.484,18389.4945,18303.4555,18339.306
2024-03-26T13:00:00+00:00,18339.216,18379.122,18211.488,18244.2055
2024-03-26T21:00:00+00:00,18251.7665,18289.522,18240.7435,18289.2885
2024-03-27T05:00:00+00:00,18288.9885,18330.9395,18251.344,18329.549
2024-03-27T13:00:00+00:00,18329.827,18353.517,18156.8275,18296.3335
2024-03-27T21:00:00+00:00,18290.206,18291.011,18261.3835,18286.862
2024-03-28T05:00:00+00:00,18286.8,18307.4785,18239.784,18278.7785
2024-03-28T13:00:00+00:00,18278.7665,18318.0835,18227.095,18252.4105
2024-03-31T22:00:00+01:00,18316.38,18394.662,18316.38,18372.6005
2024-04-01T06:00:00+01:00,18372.773,18385.528,18276.4835,18297.961
2024-04-01T14:00:00+01:00,18298.1655,18391.8615,18203,18289.9105
2024-04-01T22:00:00+01:00,18286.351,18286.351,18248.5715,18266.895
2024-04-02T06:00:00+01:00,18266.8165,18302.833,18120.906,18130.4005
2024-04-02T14:00:00+01:00,18130.2105,18141.0395,17996.9,18137.405
2024-04-02T22:00:00+01:00,18129.9,18131.967,18088.027,18094.9055
2024-04-03T06:00:00+01:00,18095.005,18116.228,18045.9995,18064.4165
2024-04-03T14:00:00+01:00,18064.484,18241.389,18028.8775,18183.933
2024-04-03T22:00:00+01:00,18188.8665,18282.0895,18177.5785,18250.3275
2024-04-04T06:00:00+01:00,18250.2165,18338.5675,18208.756,18333.9015
2024-04-04T14:00:00+01:00,18334.661,18365.5175,17875.989,17893.383
2024-04-04T22:00:00+01:00,17900.905,17927.389,17863.506,17919.922
2024-04-05T06:00:00+01:00,17919.748,17998.095,17860.9055,17952.389
2024-04-05T14:00:00+01:00,17952.695,18211.4385,17910.8715,18088.378
2024-04-07T22:00:00+01:00,18135.3525,18138.127,18074.928,18093.561
2024-04-08T06:00:00+01:00,18093.806,18171.3275,18051.8665,18162.3495
2024-04-08T14:00:00+01:00,18162.594,18182.944,18044.8935,18121.4395
2024-04-08T22:00:00+01:00,18123.499,18127.879,18094.189,18122.8335
2024-04-09T06:00:00+01:00,18123.589,18180.0385,18062.644,18170.8435
2024-04-09T14:00:00+01:00,18170.7485,18216.6,17970.599,18202.5985
2024-04-09T22:00:00+01:00,18191.4995,18197.8455,18178.583,18193.289
2024-04-10T06:00:00+01:00,18193.5405,18280.689,17867.6,17917.8435
2024-04-10T14:00:00+01:00,17918.918,18049.115,17873.283,17988.1385
2024-04-10T22:00:00+01:00,17986.1005,18030.1885,17965.5785,18027.5175
2024-04-11T06:00:00+01:00,18027.3655,18086.078,17914.7165,18069.1395
2024-04-11T14:00:00+01:00,18069.111,18336.1335,17994.9895,18311.383
2024-04-11T22:00:00+01:00,18304.0165,18320.1555,18293.915,18306.906
2024-04-12T06:00:00+01:00,18306.6595,18327.6275,18133.1105,18139.1945
2024-04-12T14:00:00+01:00,18138.9385,18168.0165,17950.0785,18018.9945
2024-04-14T22:00:00+01:00,18004.2175,18086.29,18002.5325,18080.0945
2024-04-15T06:00:00+01:00,18080.094,18179.2,18073.871,18162.5885
2024-04-15T14:00:00+01:00,18163.2015,18181.751,17670.415,17691.717
2024-04-15T22:00:00+01:00,17712.9335,17724.1675,17627.511,17674.417
2024-04-16T06:00:00+01:00,17674.527,17748.3945,17623.7435,17723.9165
2024-04-16T14:00:00+01:00,17723.7385,17821.0895,17653.095,17714.5055
2024-04-16T22:00:00+01:00,17747.522,17776.5165,17727.505,17771.4495
2024-04-17T06:00:00+01:00,17771.195,17779.257,17615.467,17766.1005
2024-04-17T14:00:00+01:00,17765.6165,17804.528,17457.094,17500.951
2024-04-17T22:00:00+01:00,17525.116,17581.911,17518.993,17571.427
2024-04-18T06:00:00+01:00,17571.6395,17616.118,17509.517,17527.005
2024-04-18T14:00:00+01:00,17527.1,17594.2995,17357.601,17390.705
2024-04-18T22:00:00+01:00,17393.5005,17395.267,17035.4165,17221.8225
2024-04-19T06:00:00+01:00,17221.1895,17405.0175,17201.2,17370.9995
2024-04-19T14:00:00+01:00,17370.9165,17376.1225,16970.3895,17034.338
2024-04-21T22:00:00+01:00,17079.2555,17130.3625,17058.5325,17123.189
2024-04-22T06:00:00+01:00,17122.9785,17171.9275,17091.978,17153.6935
2024-04-22T14:00:00+01:00,17154.038,17305.767,17006.678,17189.8835
2024-04-22T22:00:00+01:00,17215.428,17215.428,17146.3105,17190.8385
2024-04-23T06:00:00+01:00,17190.678,17289.2445,17177.5385,17281.711
2024-04-23T14:00:00+01:00,17281.9105,17517.2125,17272.1385,17498.4725
2024-04-23T22:00:00+01:00,17538.21,17607.894,17527.122,17590.783
2024-04-24T06:00:00+01:00,17591.2105,17616.845,17530.083,17568.267
2024-04-24T14:00:00+01:00,17567.868,17659.089,17390.638,17406.3115
2024-04-24T22:00:00+01:00,17339.9885,17362.879,17315.7165,17322.189
2024-04-25T06:00:00+01:00,17322,17393.211,17236.8565,17248.162
2024-04-25T14:00:00+01:00,17248.4135,17690.894,17176.895,17654.662
2024-04-25T22:00:00+01:00,17637.122,17659.1165,17615.467,17638.195
2024-04-26T06:00:00+01:00,17638.3435,17690.233,17567.015,17600.278
2024-04-26T14:00:00+01:00,17600.189,17773.434,17541.0775,17706.761
2024-04-28T22:00:00+01:00,17732.0335,17789.8385,17727.05,17783.3895
2024-04-29T06:00:00+01:00,17783.5685,17801.7675,17739.5565,17795.084
2024-04-29T14:00:00+01:00,17795.2395,17822.0055,17666.283,17794.278
2024-04-29T22:00:00+01:00,17785.789,17796.9165,17774.4945,17781.889
2024-04-30T06:00:00+01:00,17781.9455,17787.462,17667.822,17703.3
2024-04-30T14:00:00+01:00,17703.2045,17773.2615,17393.484,17440.3
2024-04-30T22:00:00+01:00,17370.0835,17410.034,17353.5055,17408.7005
2024-05-01T06:00:00+01:00,17408.0995,17409.029,17293.2155,17379.3995
2024-05-01T14:00:00+01:00,17379.262,17676.8215,17284.061,17342.518
2024-05-01T22:00:00+01:00,17395.7095,17449.422,17379.766,17441.389
2024-05-02T06:00:00+01:00,17441.5105,17508.356,17408.793,17466.3275
2024-05-02T14:00:00+01:00,17465.973,17579.41,17283.872,17549.133
2024-05-02T22:00:00+01:00,17617.1895,17702.338,17617.1895,17646.0835
2024-05-03T06:00:00+01:00,17645.949,17856.7995,17614.0825,17818.4955
2024-05-03T14:00:00+01:00,17818.153,17941.784,17784.8,17915.606
2024-05-05T22:00:00+01:00,17927.978,17931.0215,17882.311,17886.728
2024-05-06T06:00:00+01:00,17886.4335,17964.54,17875.8215,17950.922
2024-05-06T14:00:00+01:00,17951.4005,18095.2495,17934.917,18082.3
2024-05-06T22:00:00+01:00,18073.117,18091.7775,18064.289,18079.3895
2024-05-07T06:00:00+01:00,18079.5435,18093.8445,18046.222,18087.1935
2024-05-07T14:00:00+01:00,18087.204,18157.6005,18059.4045,18107.004
2024-05-07T22:00:00+01:00,18087.394,18109.6905,18075.705,18080.867
2024-05-08T06:00:00+01:00,18080.755,18111.0325,17967.467,17986.6055
2024-05-08T14:00:00+01:00,17986.711,18139.139,17973.622,18058.1105
2024-05-08T22:00:00+01:00,18065.8005,18077.9325,18050.6775,18050.985
2024-05-09T06:00:00+01:00,18051.167,18101.8,18005.7665,18092.205
2024-05-09T14:00:00+01:00,18092.333,18142.4435,18012.6225,18136.417
2024-05-09T22:00:00+01:00,18125.9215,18144.917,18116.489,18130.5655
2024-05-10T06:00:00+01:00,18130.8,18207.989,18124.6675,18155.417
2024-05-10T14:00:00+01:00,18156.2275,18250.772,18091.985,18152.112
2024-05-12T22:00:00+01:00,18142.0055,18192.4945,18134.283,18191.333
2024-05-13T06:00:00+01:00,18191.4275,18233.6495,18178.9995,18230.327
2024-05-13T14:00:00+01:00,18230.9165,18240.4725,18140.6,18195.0325
2024-05-13T22:00:00+01:00,18191.084,18196.962,18170.1985,18177.033
2024-05-14T06:00:00+01:00,18176.9275,18215.4675,18077.639,18168.9015
2024-05-14T14:00:00+01:00,18169.0955,18336.8225,18157.6,18316.4005
2024-05-14T22:00:00+01:00,18318.3665,18341.527,18303.3765,18314.4895
2024-05-15T06:00:00+01:00,18314.3775,18449.5,18296.4775,18413.573
2024-05-15T14:00:00+01:00,18413.483,18608.568,18352.8,18586.422
2024-05-15T22:00:00+01:00,18602.789,18645.5285,18600.6385,18631.5945
2024-05-16T06:00:00+01:00,18631.599,18642.0275,18593.962,18602.0165
2024-05-16T14:00:00+01:00,18602.133,18670.6725,18543.4835,18546.956
2024-05-16T22:00:00+01:00,18556.0275,18575.1325,18549.654,18566.5605
2024-05-17T06:00:00+01:00,18566.9095,18594.5495,18525.533,18592.639
2024-05-17T14:00:00+01:00,18592.7055,18593.484,18457.322,18536.9115
2024-05-19T22:00:00+01:00,18567.6395,18592.784,18565.022,18586.011
2024-05-20T06:00:00+01:00,18585.7885,18603.7435,18558.105,18563.017
2024-05-20T14:00:00+01:00,18563.3165,18708.7215,18549.717,18652.656
2024-05-20T22:00:00+01:00,18667.193,18673.267,18655.394,18667.828
2024-05-21T06:00:00+01:00,18667.3995,18677.316,18631.1105,18631.7
2024-05-21T14:00:00+01:00,18631.891,18722.616,18592.373,18713.3555
2024-05-21T22:00:00+01:00,18716.695,18739.094,18716.0835,18724.856
2024-05-22T06:00:00+01:00,18725.051,18736.149,18670.6995,18718.605
2024-05-22T14:00:00+01:00,18717.905,18756.5215,18602.7935,18708.1
2024-05-22T22:00:00+01:00,18777.883,18893.0725,18766.1775,18886.344
2024-05-23T06:00:00+01:00,18886.227,18947.389,18852.111,18931.4225
2024-05-23T14:00:00+01:00,18931.149,18933.1065,18550.1115,18618.7615
2024-05-23T22:00:00+01:00,18619.8335,18661.4445,18612.3675,18643.3055
2024-05-24T06:00:00+01:00,18642.627,18702.457,18613.3885,18682.9555
2024-05-24T14:00:00+01:00,18682.816,18854.7,18662.961,18799.711
2024-05-26T22:00:00+01:00,18814.295,18817.5285,18764.804,18791.5885
2024-05-27T06:00:00+01:00,18791.705,18817.683,18790.527,18800.2065
2024-05-27T14:00:00+01:00,18799.767,18886.829,18799.0945,18882.394
2024-05-27T22:00:00+01:00,18861.1995,18864.6175,18818.2055,18853.761
2024-05-28T06:00:00+01:00,18853.9325,18913.1055,18832.794,18849.0895
2024-05-28T14:00:00+01:00,18848.7995,18899.507,18752.139,18876.2935
2024-05-28T22:00:00+01:00,18872.4775,18881.9395,18809.367,18831.211
2024-05-29T06:00:00+01:00,18831.288,18834.628,18707.1505,18714.089
2024-05-29T14:00:00+01:00,18714.489,18815.59,18689.678,18731.356
2024-05-29T22:00:00+01:00,18684.8835,18690.689,18609.1835,18619.4945
2024-05-30T06:00:00+01:00,18618,18725.433,18597.6055,18704.094
2024-05-30T14:00:00+01:00,18704.4895,18712.433,18485.5945,18499.272
2024-05-30T22:00:00+01:00,18507.9055,18516.684,18441.016,18491.7895
2024-05-31T06:00:00+01:00,18491.5335,18605.8725,18423.3825,18585.428
2024-05-31T14:00:00+01:00,18584.4895,18594.1895,18188.8785,18526.6165
2024-06-02T22:00:00+01:00,18497.316,18602.138,18493.8325,18597.127
2024-06-03T06:00:00+01:00,18597.2995,18651.449,18571.9385,18633.484
2024-06-03T14:00:00+01:00,18634.494,18703.877,18389.8725,18614.334
2024-06-03T22:00:00+01:00,18611.706,18631.4165,18594.5165,18601.033
2024-06-04T06:00:00+01:00,18601.0785,18605.905,18466.5,18563.8995
2024-06-04T14:00:00+01:00,18563.678,18701.6395,18522.171,18651.19
2024-06-04T22:00:00+01:00,18659.856,18718.206,18649.1055,18710.389
2024-06-05T06:00:00+01:00,18710.4895,18780.861,18656.4005,18778.7825
2024-06-05T14:00:00+01:00,18778.732,19033.3285,18757.0945,19015.4
2024-06-05T22:00:00+01:00,19038.3615,19066.5065,19023.517,19054.9885
2024-06-06T06:00:00+01:00,19054.8835,19078.144,19012.8945,19049.283
2024-06-06T14:00:00+01:00,19048.294,19071.2115,18974.962,19027.544
2024-06-06T22:00:00+01:00,19032.905,19059.394,19028.127,19054.999
2024-06-07T06:00:00+01:00,19054.995,19098.4325,18902.9785,18945.8945
2024-06-07T14:00:00+01:00,18945.8015,19118.373,18936.984,18988.4995
2024-06-09T22:00:00+01:00,19004.022,19024.0225,18979.8335,19011.0885
2024-06-10T06:00:00+01:00,19011.049,19015.8615,18938.9995,18958.0885
2024-06-10T14:00:00+01:00,18958.172,19094.366,18942.7495,19054.9055
2024-06-10T22:00:00+01:00,19066.195,19069.6945,19042.8615,19055.716
2024-06-11T06:00:00+01:00,19055.4675,19080.5065,18996.422,19024.0115
2024-06-11T14:00:00+01:00,19023.4595,19224.7015,18965.311,19221.594
2024-06-11T22:00:00+01:00,19203.6105,19238.8165,19202.7655,19226.089
2024-06-12T06:00:00+01:00,19225.806,19425.8215,19210.261,19391.778
2024-06-12T14:00:00+01:00,19392.028,19557.7505,19344.633,19447.889
2024-06-12T22:00:00+01:00,19564.3315,19611.778,19554.7565,19609.978
2024-06-13T06:00:00+01:00,19610.2995,19657.9165,19555.4065,19600.9045
2024-06-13T14:00:00+01:00,19600.5275,19634.4175,19473.7935,19587.4895
2024-06-13T22:00:00+01:00,19576.928,19621.3905,19575.9055,19614.6055
2024-06-14T06:00:00+01:00,19614.6835,19636.167,19480.0105,19539.5725
2024-06-14T14:00:00+01:00,19539.61,19670.7445,19530.562,19666.3615
2024-06-16T22:00:00+01:00,19670.489,19707.667,19667.356,19676.2605
2024-06-17T06:00:00+01:00,19676.339,19730.9785,19657.777,19675.556
2024-06-17T14:00:00+01:00,19675.1105,19991.089,19624.7665,19879.8945
2024-06-17T22:00:00+01:00,19901.317,19931.022,19870.8825,19890.9945
2024-06-18T06:00:00+01:00,19890.8,19981.5945,19885.2,19923.227
2024-06-18T14:00:00+01:00,19923.472,19941.183,19840.167,19920.289
2024-06-18T22:00:00+01:00,19926.117,19944.867,19921.1595,19929.962
2024-06-19T06:00:00+01:00,19930.0345,19959.718,19927.116,19954.189
2024-06-19T14:00:00+01:00,19954.322,19964.149,19935.6765,19943.1165
2024-06-19T22:00:00+01:00,19949.9775,20028.9775,19942.195,20022.172
2024-06-20T06:00:00+01:00,20021.2055,20085.623,19973.4165,19982.1945
2024-06-20T14:00:00+01:00,19982.229,19985.233,19679.3675,19758.794
2024-06-20T22:00:00+01:00,19785.2835,19806.4,19762.967,19798.044
2024-06-21T06:00:00+01:00,19798.138,19815.833,19678.294,19762.5055
2024-06-21T14:00:00+01:00,19762.367,19803.634,19642.5995,19732.478
2024-06-23T22:00:00+01:00,19736.5775,19754.7115,19644.7105,19696.122
2024-06-24T06:00:00+01:00,19695.817,19755.633,19648.8775,19659.523
2024-06-24T14:00:00+01:00,19659.2945,19722.629,19459.0835,19493.778
2024-06-24T22:00:00+01:00,19491.083,19535.328,19476.6055,19534.272
2024-06-25T06:00:00+01:00,19534.384,19584.195,19460.378,19564.589
2024-06-25T14:00:00+01:00,19564.3835,19716.3625,19526.0895,19695.8165
2024-06-25T22:00:00+01:00,19715.2885,19746.4285,19701.9615,19730.027
2024-06-26T06:00:00+01:00,19730.1275,19808.5165,19669.0895,19672.789
2024-06-26T14:00:00+01:00,19672.7165,19766.1275,19639.4775,19681.789
2024-06-26T22:00:00+01:00,19696.811,19699.6055,19616.477,19684.078
2024-06-27T06:00:00+01:00,19684.306,19746.534,19675.5505,19745.8165
2024-06-27T14:00:00+01:00,19744.5505,19857.8225,19694.533,19813.305
2024-06-27T22:00:00+01:00,19815.3935,19888.911,19814.583,19858.1165
2024-06-28T06:00:00+01:00,19858.2895,19923.6105,19828.1435,19831.7835
2024-06-28T14:00:00+01:00,19831.611,20022.478,19661.5055,19712.9005
2024-06-30T22:00:00+01:00,19725.0055,19762.511,19689.417,19737.611
2024-07-01T06:00:00+01:00,19737.5985,19777.5285,19658.9435,19736.011
2024-07-01T14:00:00+01:00,19736.9,19831.7735,19571.8335,19799.217
2024-07-01T22:00:00+01:00,19803.894,19811.644,19722.3955,19742.8835
2024-07-02T06:00:00+01:00,19743.3225,19776.311,19671.184,19706.116
2024-07-02T14:00:00+01:00,19706.189,20015.0675,19703.5835,20009.805
2024-07-02T22:00:00+01:00,19994.6895,20012.049,19991.173,20003.728
2024-07-03T06:00:00+01:00,20003.912,20040.8945,19964.922,19978.389
2024-07-03T14:00:00+01:00,19978.594,20198.051,19966.706,20182.0895
2024-07-03T22:00:00+01:00,20174.6835,20180.372,20154.4,20165.1665
2024-07-04T06:00:00+01:00,20165.3945,20172.906,20159.3985,20169.9275
2024-07-04T14:00:00+01:00,20169.99,20172.745,20132.8325,20144.678
2024-07-04T22:00:00+01:00,20144.2885,20195.6175,20144.2885,20191.2895
2024-07-05T06:00:00+01:00,20190.9935,20261.911,20152.8885,20194.829
2024-07-05T14:00:00+01:00,20194.9225,20405.715,20180.2225,20379.0835
2024-07-07T22:00:00+01:00,20367.0445,20386.494,20348.194,20357.1945
2024-07-08T06:00:00+01:00,20357.084,20405.683,20351.9615,20397.517
2024-07-08T14:00:00+01:00,20397.4825,20460.9785,20362.4895,20446.4225
2024-07-08T22:00:00+01:00,20456.1005,20524.1335,20456.1005,20513.6005
2024-07-09T06:00:00+01:00,20513.544,20523.2335,20479.1325,20497.411
2024-07-09T14:00:00+01:00,20498.1275,20547.128,20390.2895,20449.5885
2024-07-09T22:00:00+01:00,20465.912,20493.506,20465.044,20492.111
2024-07-10T06:00:00+01:00,20492.322,20543.633,20473.006,20530.612
2024-07-10T14:00:00+01:00,20530.773,20690,20478.294,20651.978
2024-07-10T22:00:00+01:00,20674.4005,20674.794,20629.6165,20655.9095
2024-07-11T06:00:00+01:00,20656.4995,20758.9825,20641.8505,20667.7725
2024-07-11T14:00:00+01:00,20668.128,20694.006,20163.439,20226.517
2024-07-11T22:00:00+01:00,20216.0835,20252.0065,20180.4045,20189.0225
2024-07-12T06:00:00+01:00,20189.0455,20259.8,20130.2105,20232.294
2024-07-12T14:00:00+01:00,20232.701,20529.417,20214.906,20330.467
2024-07-14T22:00:00+01:00,20333,20384.022,20301.3505,20381.5
2024-07-15T06:00:00+01:00,20381.338,20444.99,20379.373,20394.9945
2024-07-15T14:00:00+01:00,20395.533,20587.5725,20302.4945,20401.295
2024-07-15T22:00:00+01:00,20433.989,20453.4565,20417.6165,20437.8055
2024-07-16T06:00:00+01:00,20438.006,20451.484,20340.299,20436.8225
2024-07-16T14:00:00+01:00,20436.9945,20482.179,20262.9895,20395.211
2024-07-16T22:00:00+01:00,20382.572,20393.3345,20316.6655,20323.4885
2024-07-17T06:00:00+01:00,20323.5895,20334.7055,20059.595,20080.527
2024-07-17T14:00:00+01:00,20080.172,20096.5165,19771.383,19811.378
2024-07-17T22:00:00+01:00,19840.789,19888.0165,19833.7565,19860.972
2024-07-18T06:00:00+01:00,19861.1945,19970.2165,19826.7505,19953.2115
2024-07-18T14:00:00+01:00,19952.884,19970.2905,19570.4065,19704.6945
2024-07-18T22:00:00+01:00,19777.2165,19795.3395,19754.3105,19775.8055
2024-07-19T06:00:00+01:00,19775.6665,19779.184,19611.3825,19756.9045
2024-07-19T14:00:00+01:00,19756.5055,19793.141,19476.6135,19518.627
2024-07-21T22:00:00+01:00,19589.9895,19664.194,19542.912,19624.2165
2024-07-22T06:00:00+01:00,19624.235,19754.2,19581.7055,19735.9995
2024-07-22T14:00:00+01:00,19735.894,19861.3945,19627.071,19802.8
2024-07-22T22:00:00+01:00,19808.0165,19821.506,19736.8275,19765.906
2024-07-23T06:00:00+01:00,19765.985,19839.962,19692.8545,19793.373
2024-07-23T14:00:00+01:00,19791.478,19909.449,19731.611,19754.1105
2024-07-23T22:00:00+01:00,19659.9,19676.3055,19551.2725,19558.7395
2024-07-24T06:00:00+01:00,19558.8115,19604.5895,19437.367,19462.505
2024-07-24T14:00:00+01:00,19462.7725,19483.0785,19006.4435,19095.978
2024-07-24T22:00:00+01:00,19097.911,19143.417,19055.1325,19093.405
2024-07-25T06:00:00+01:00,19093.5055,19113.7945,18901.4565,19072.5115
2024-07-25T14:00:00+01:00,19069.562,19229.129,18721.951,18839.422
2024-07-25T22:00:00+01:00,18846.595,18953.989,18842.5785,18951.1325
2024-07-26T06:00:00+01:00,18950.9835,19082.0615,18911.294,19025.056
2024-07-26T14:00:00+01:00,19025.733,19147.8395,18891.3325,19026.9835
2024-07-28T22:00:00+01:00,19064.4455,19180.6945,19051.678,19151.916
2024-07-29T06:00:00+01:00,19151.711,19212.5945,19070.9165,19160.911
2024-07-29T14:00:00+01:00,19161.3995,19228.022,18968.5895,19048.383
2024-07-29T22:00:00+01:00,19069.206,19084.7275,18929.6725,19033.4885
2024-07-30T06:00:00+01:00,19033.8945,19132,19021.989,19121.5905
2024-07-30T14:00:00+01:00,19121.015,19171.995,18584.7215,18651.227
2024-07-30T22:00:00+01:00,18730.0445,19005.189,18730.0445,18963.7605
2024-07-31T06:00:00+01:00,18964.089,19212.111,18953.3995,19204.884
2024-07-31T14:00:00+01:00,19204.7405,19500.5055,19169.0275,19394.011
2024-07-31T22:00:00+01:00,19491.9945,19574.327,19460.889,19527.011
2024-08-01T06:00:00+01:00,19527.062,19549.4055,19362.916,19454.0945
2024-08-01T14:00:00+01:00,19453.7835,19540.033,18736.0565,18805.4
2024-08-01T22:00:00+01:00,18826.3945,18833.5615,18559.5675,18637.616
2024-08-02T06:00:00+01:00,18638.267,18674.622,18381.5105,18457.3385
2024-08-02T14:00:00+01:00,18457.7225,18633.1935,18260.979,18431.1175
2024-08-04T22:00:00+01:00,18155.5885,18266.2295,17773.301,17780.5735
2024-08-05T06:00:00+01:00,17780.912,17869.4965,17236.5005,17415.974
2024-08-05T14:00:00+01:00,17415.995,18176.3345,17390.424,17960.3115
2024-08-05T22:00:00+01:00,18059.8,18321.906,18054.3845,18219.939
2024-08-06T06:00:00+01:00,18221.234,18262.7415,17905.562,17971.145
2024-08-06T14:00:00+01:00,17970.8335,18370.624,17853.6125,18049.4245
2024-08-06T22:00:00+01:00,17924.8885,18328.524,17924.8885,18290.8895
2024-08-07T06:00:00+01:00,18290.884,18352.5735,18112.3955,18324.0405
2024-08-07T14:00:00+01:00,18321.9015,18448.8335,17845.8115,17878.7
2024-08-07T22:00:00+01:00,17779.727,17973.7955,17643.906,17884.889
2024-08-08T06:00:00+01:00,17885.0515,18098.8955,17775.1505,18050.6285
2024-08-08T14:00:00+01:00,18050.9055,18465.501,17960.612,18427.8105
2024-08-08T22:00:00+01:00,18449.5885,18517.601,18331.779,18357.1115
2024-08-09T06:00:00+01:00,18356.763,18551.612,18284.3295,18324.7955
2024-08-09T14:00:00+01:00,18324.734,18573.5905,18305.89,18510.9845
2024-08-11T22:00:00+01:00,18554.8395,18565.8235,18417.1225,18547.4065
2024-08-12T06:00:00+01:00,18547.212,18592.184,18503.2955,18560.589
2024-08-12T14:00:00+01:00,18560.3685,18664.879,18424.395,18537.717
2024-08-12T22:00:00+01:00,18550.0555,18600.628,18533.362,18597.601
2024-08-13T06:00:00+01:00,18597.3955,18727.7965,18552.8395,18719.7005
2024-08-13T14:00:00+01:00,18719.3065,19021.145,18696.667,19016.6845
2024-08-13T22:00:00+01:00,19004.3165,19055.8855,18985.2785,19007.3295
2024-08-14T06:00:00+01:00,19006.9885,19064.1065,18916.896,19033.8785
2024-08-14T14:00:00+01:00,19033.334,19110.7005,18834.6605,19061.256
2024-08-14T22:00:00+01:00,19047.084,19126.349,19004.378,19114.8765
2024-08-15T06:00:00+01:00,19114.9,19273.6,19008.489,19239.101
2024-08-15T14:00:00+01:00,19238.906,19502.334,19220.9845,19464.7895
2024-08-15T22:00:00+01:00,19477.9335,19546.7735,19472.878,19524.4065
2024-08-16T06:00:00+01:00,19524.257,19586.1065,19352.6335,19382.439
2024-08-16T14:00:00+01:00,19382.3285,19566.523,19366.439,19524.091
2024-08-18T22:00:00+01:00,19577.5725,19593.917,19500.5905,19516.257
2024-08-19T06:00:00+01:00,19516.601,19542.9845,19433.3055,19529.579
2024-08-19T14:00:00+01:00,19529.4895,19773.141,19441.4785,19756.424
2024-08-19T22:00:00+01:00,19773.8835,19821.5455,19753.8445,19791.123
2024-08-20T06:00:00+01:00,19790.796,19838.9015,19750.868,19756.2285
2024-08-20T14:00:00+01:00,19756.4115,19832.347,19651.4615,19739.6795
2024-08-20T22:00:00+01:00,19714.834,19758.98,19696.723,19758.7285
2024-08-21T06:00:00+01:00,19758.8285,19773.458,19700.901,19749.3505
2024-08-21T14:00:00+01:00,19749.406,19895.2505,19686.129,19825.2955
2024-08-21T22:00:00+01:00,19828.516,19856.958,19779.4455,19813.4335
2024-08-22T06:00:00+01:00,19813.3115,19906.874,19800.479,19897.223
2024-08-22T14:00:00+01:00,19898.2065,19937.7395,19458.3015,19521.2235
2024-08-22T22:00:00+01:00,19545.3,19614.5625,19542.184,19602.0465
2024-08-23T06:00:00+01:00,19602.6245,19683.723,19595.612,19681.0675
2024-08-23T14:00:00+01:00,19681.285,19824.1115,19517.7895,19706.818
2024-08-25T22:00:00+01:00,19740.0175,19759.0625,19643.767,19703.9015
2024-08-26T06:00:00+01:00,19703.745,19772.5235,19672.567,19701.801
2024-08-26T14:00:00+01:00,19701.8795,19728.579,19433.406,19496.123
2024-08-26T22:00:00+01:00,19497.8725,19537.7115,19452.7345,19534.6125
2024-08-27T06:00:00+01:00,19534.3105,19576.3455,19432.7955,19443.495
2024-08-27T14:00:00+01:00,19443.445,19622.09,19372.0905,19574.0625
2024-08-27T22:00:00+01:00,19573.638,19573.934,19492.0905,19561.9175
2024-08-28T06:00:00+01:00,19561.6945,19621.429,19536.879,19573.552
2024-08-28T14:00:00+01:00,19573.3795,19586.7885,19213.4955,19339.0965
2024-08-28T22:00:00+01:00,19140.777,19235.4735,19078.639,19228.818
2024-08-29T06:00:00+01:00,19229.2845,19453.4065,19215.7955,19406.5905
2024-08-29T14:00:00+01:00,19405.89,19629.085,19274.645,19373.906
2024-08-29T22:00:00+01:00,19370.983,19419.2245,19339.3905,19409.018
2024-08-30T06:00:00+01:00,19408.9455,19517,19396.973,19471.5185
2024-08-30T14:00:00+01:00,19471.5895,19580.6125,19320.7515,19544.917
2024-09-01T22:00:00+01:00,19565.2725,19577.6405,19515.8,19533.5175
2024-09-02T06:00:00+01:00,19533.096,19574.5855,19462.0065,19558.602
2024-09-02T14:00:00+01:00,19558.585,19619.907,19538.89,19597.55
2024-09-02T22:00:00+01:00,19611.4675,19635.3055,19466.8065,19505.901
2024-09-03T06:00:00+01:00,19505.984,19596.5635,19398.2845,19431.617
2024-09-03T14:00:00+01:00,19431.3665,19462.0745,18865.5335,18973.001
2024-09-03T22:00:00+01:00,18933.3885,18952.39,18780.2115,18819.8735
2024-09-04T06:00:00+01:00,18820.174,18895.3955,18785.2505,18864.0065
2024-09-04T14:00:00+01:00,18864.529,19070.3845,18792.485,18892.4225
2024-09-04T22:00:00+01:00,18932.6945,18962.229,18848.2175,18867.796
2024-09-05T06:00:00+01:00,18867.524,18958.3965,18785.073,18846.1955
2024-09-05T14:00:00+01:00,18846.2895,19109.2785,18802.6065,18939.5575
2024-09-05T22:00:00+01:00,18898.9105,18899.7785,18758.168,18861.107
2024-09-06T06:00:00+01:00,18861.1955,18923.784,18671.8955,18900.734
2024-09-06T14:00:00+01:00,18899.417,18938.0125,18397.484,18410.8735
2024-09-08T22:00:00+01:00,18385.2675,18553.112,18356.263,18536.8735
2024-09-09T06:00:00+01:00,18538.134,18614.9405,18512.4175,18573.8065
2024-09-09T14:00:00+01:00,18573.407,18696.4015,18464.784,18667.023
2024-09-09T22:00:00+01:00,18704.3995,18706.3675,18583.0675,18587.985
2024-09-10T06:00:00+01:00,18588.401,18738.9115,18553.53,18729.806
2024-09-10T14:00:00+01:00,18729.6685,18847.312,18562.979,18818.4905
2024-09-10T22:00:00+01:00,18803.689,18830.545,18694.7285,18706.6945
2024-09-11T06:00:00+01:00,18706.189,18848.7015,18679.3735,18834.6625
2024-09-11T14:00:00+01:00,18834.3235,19265.4625,18526.0005,19216.3175
2024-09-11T22:00:00+01:00,19214.589,19299.1015,19207.911,19288.173
2024-09-12T06:00:00+01:00,19288.401,19317.1335,19224.3625,19233.39
2024-09-12T14:00:00+01:00,19233.89,19461.201,19160.074,19397.9005
2024-09-12T22:00:00+01:00,19408.4945,19457.123,19404.318,19433.117
2024-09-13T06:00:00+01:00,19433.307,19471.9845,19396.8895,19432.3555
2024-09-13T14:00:00+01:00,19432.4785,19558.29,19382.8555,19496.574
2024-09-15T22:00:00+01:00,19466.663,19527.155,19466.1245,19509.9755
2024-09-16T06:00:00+01:00,19509.783,19525.641,19412.1845,19421.367
2024-09-16T14:00:00+01:00,19421.1345,19447.7895,19284.402,19412.7905
2024-09-16T22:00:00+01:00,19416.7835,19449.0065,19387.1285,19423.5955
2024-09-17T06:00:00+01:00,19423.79,19572.623,19422.8725,19550.118
2024-09-17T14:00:00+01:00,19550.285,19604.523,19326.717,19441.745
2024-09-17T22:00:00+01:00,19441.3,19470.428,19425.967,19434.616
2024-09-18T06:00:00+01:00,19434.2945,19486.912,19413.0625,19482.3175
2024-09-18T14:00:00+01:00,19482.1175,19652.8445,19323.285,19397.573
2024-09-18T22:00:00+01:00,19416.417,19631.323,19403.3175,19623.7285
2024-09-19T06:00:00+01:00,19623.452,19779.218,19603.2955,19761.957
2024-09-19T14:00:00+01:00,19762.6225,19956.9015,19719.579,19809.012
2024-09-19T22:00:00+01:00,19829.0995,19835.334,19782.506,19819.584
2024-09-20T06:00:00+01:00,19819.507,19836.29,19743.3945,19825.8115
2024-09-20T14:00:00+01:00,19825.5795,19853.4175,19625.739,19776.4735
2024-09-22T22:00:00+01:00,19769.8385,19933.5075,19769.8385,19912.0845
2024-09-23T06:00:00+01:00,19912.5895,19913.7735,19725.8125,19857.0955
2024-09-23T14:00:00+01:00,19857.234,19898.301,19791.234,19846.49
2024-09-23T22:00:00+01:00,19831.2995,19872.395,19800.4515,19850.6455
2024-09-24T06:00:00+01:00,19851.612,19955.9405,19828.0115,19890.0075
2024-09-24T14:00:00+01:00,19889.8515,19993.6005,19730.473,19949.99
2024-09-24T22:00:00+01:00,19954.91,19966.139,19884.445,19903.8955
2024-09-25T06:00:00+01:00,19903.635,19930.7795,19839.284,19923.6395
2024-09-25T14:00:00+01:00,19923.5125,20045.134,19911.294,20014.495
2024-09-25T22:00:00+01:00,20017.6055,20158.0225,20010.694,20157.095
2024-09-26T06:00:00+01:00,20157.379,20299.0225,20142.3675,20295.295
2024-09-26T14:00:00+01:00,20296.0395,20315.5125,19962.4995,20123.5395
2024-09-26T22:00:00+01:00,20133.5835,20164.196,20063.1,20129.2845
2024-09-27T06:00:00+01:00,20129.2965,20177.8185,20018.9685,20159.601
2024-09-27T14:00:00+01:00,20159.3115,20174.8185,19953.891,19988.4675
2024-09-29T22:00:00+01:00,19969.183,20069.985,19938.685,19980.1575
2024-09-30T06:00:00+01:00,19980.139,20030.3455,19903.612,19954.129
2024-09-30T14:00:00+01:00,19954.0065,20074.018,19843.0845,20036.6515
2024-09-30T22:00:00+01:00,20016.8,20120.4285,20003.7825,20047.4335
2024-10-01T06:00:00+01:00,20047.4395,20114.402,20005.3675,20065.379
2024-10-01T14:00:00+01:00,20064.5825,20069.9285,19620.7065,19781.496
2024-10-01T22:00:00+01:00,19720.3895,19789.7125,19687.606,19723.8025
2024-10-02T06:00:00+01:00,19723.6285,19804.245,19672.713,19773.0625
2024-10-02T14:00:00+01:00,19773.3955,19882.828,19628.1905,19835.718
2024-10-02T22:00:00+01:00,19856.1385,19865.4165,19734.4225,19742.6125
2024-10-03T06:00:00+01:00,19743.079,19792.5795,19649.6675,19719.2065
2024-10-03T14:00:00+01:00,19719.7845,19912.317,19677.2895,19793.323
2024-10-03T22:00:00+01:00,19750.817,19874.1125,19746.4115,19809.1225
2024-10-04T06:00:00+01:00,19809.1395,20050.4345,19776.8065,20049.835
2024-10-04T14:00:00+01:00,20049.7565,20067.807,19815.5735,20024.6285
2024-10-06T22:00:00+01:00,20048.484,20069.3405,20006.9785,20021.112
2024-10-07T06:00:00+01:00,20021.301,20024.5075,19863.5285,19930.2285
2024-10-07T14:00:00+01:00,19930.0845,19993.895,19758.0845,19822.6905
2024-10-07T22:00:00+01:00,19826.4505,19841.406,19715.5625,19813.467
2024-10-08T06:00:00+01:00,19814.217,19915.1065,19754.467,19875.968
2024-10-08T14:00:00+01:00,19876.239,20135.79,19868.044,20097.0895
2024-10-08T22:00:00+01:00,20095.051,20105.806,20032.3575,20040.117
2024-10-09T06:00:00+01:00,20040.757,20100.912,20005.0065,20080.773
2024-10-09T14:00:00+01:00,20080.5065,20290.262,20048.6895,20242.7575
2024-10-09T22:00:00+01:00,20249.1055,20283.8135,20246.217,20274.295
2024-10-10T06:00:00+01:00,20273.8945,20284.179,20132.5835,20171.268
2024-10-10T14:00:00+01:00,20171.2895,20318.9905,20111.701,20234.6015
2024-10-10T22:00:00+01:00,20249.089,20286.89,20244.9945,20254.317
2024-10-11T06:00:00+01:00,20254.719,20255.101,20173.3565,20187.8175
2024-10-11T14:00:00+01:00,20187.6965,20315.8455,20133.8075,20244.2345
2024-10-13T22:00:00+01:00,20237.3165,20274.4685,20208.2625,20237.139
2024-10-14T06:00:00+01:00,20237.2245,20364.545,20235.5175,20363.1005
2024-10-14T14:00:00+01:00,20363.2845,20499.5115,20345.085,20434.473
2024-10-14T22:00:00+01:00,20459.995,20465.1345,20415.2015,20453.4
2024-10-15T06:00:00+01:00,20453.2125,20454.7735,20387.9625,20448.112
2024-10-15T14:00:00+01:00,20448.539,20482.9795,20079.1345,20149.2115
2024-10-15T22:00:00+01:00,20145.528,20221.3735,20142.9385,20216.6685
2024-10-16T06:00:00+01:00,20216.834,20223.523,20158,20177.301
2024-10-16T14:00:00+01:00,20177.1955,20204.8575,20033.2225,20159.6465
2024-10-16T22:00:00+01:00,20154.8165,20160.3445,20104.8065,20123.567
2024-10-17T06:00:00+01:00,20124.017,20388.2125,20121.306,20387.285
2024-10-17T14:00:00+01:00,20387.106,20421.6845,20183.374,20220.2125
2024-10-17T22:00:00+01:00,20218.316,20250.167,20157.823,20210.501
2024-10-18T06:00:00+01:00,20210.834,20322.024,20206.8025,20315.1285
2024-10-18T14:00:00+01:00,20315.317,20367.034,20270.1,20332.6905
2024-10-20T22:00:00+01:00,20345.134,20366.3845,20305.779,20309.69
2024-10-21T06:00:00+01:00,20309.545,20312.1065,20185.034,20242.562
2024-10-21T14:00:00+01:00,20242.3405,20393.523,20183.5125,20367.1845
2024-10-21T22:00:00+01:00,20378.195,20384.5675,20292.8355,20293.134
2024-10-22T06:00:00+01:00,20292.683,20330.3635,20202.9945,20236.6945
2024-10-22T14:00:00+01:00,20237.705,20444.9835,20205.6725,20359.767
2024-10-22T22:00:00+01:00,20352.8395,20379.2895,20334.578,20362.3905
2024-10-23T06:00:00+01:00,20362.412,20385.7165,20287.617,20298.162
2024-10-23T14:00:00+01:00,20298.028,20305.6945,19932.605,20111.9835
2024-10-23T22:00:00+01:00,20142.389,20198.4445,20123.399,20177.762
2024-10-24T06:00:00+01:00,20177.8555,20281.833,20161.1785,20237.9725
2024-10-24T14:00:00+01:00,20237.7495,20263.3945,20112.0275,20256.1105
2024-10-24T22:00:00+01:00,20235.906,20270.051,20221.3055,20229.3565
2024-10-25T06:00:00+01:00,20229.311,20350.833,20224.716,20349.589
2024-10-25T14:00:00+01:00,20349.5445,20557.283,20315.7385,20331.338
2024-10-27T21:00:00+00:00,20456.716,20515.9335,20444.222,20513.873
2024-10-28T05:00:00+00:00,20514.211,20534.3,20438.938,20517.1
2024-10-28T13:00:00+00:00,20516.9,20522.529,20343.911,20357.5885
2024-10-28T21:00:00+00:00,20366.527,20383.511,20311.838,20352.11
2024-10-29T05:00:00+00:00,20352.2835,20414.911,20321.9995,20348.6875
2024-10-29T13:00:00+00:00,20348.845,20618.4725,20292.744,20610.172
2024-10-29T21:00:00+00:00,20590.1435,20649.3505,20575.0615,20581.983
2024-10-30T05:00:00+00:00,20581.873,20625.7445,20535.3885,20549.4945
2024-10-30T13:00:00+00:00,20549.5345,20560.4225,20335.267,20359.833
2024-10-30T21:00:00+00:00,20313.7005,20327.2055,20265.1275,20272.2055
2024-10-31T05:00:00+00:00,20271.8875,20279.2,20150.167,20245.411
2024-10-31T13:00:00+00:00,20245.1055,20258.4005,19878.5665,19924.2655
2024-10-31T21:00:00+00:00,19954.994,19987.372,19893.856,19957.8215
2024-11-01T05:00:00+00:00,19957.4325,20021.977,19931.4385,19989.939
2024-11-01T13:00:00+00:00,19989.344,20165.8945,19934.1,20055.517
2024-11-03T22:00:00+00:00,20014.6765,20129.1215,19953.6215,20112.1455
2024-11-04T06:00:00+00:00,20111.7995,20129.2,19982.9225,20028.5835
2024-11-04T14:00:00+00:00,20029.073,20108.272,19895.3505,19985.833
2024-11-04T22:00:00+00:00,20002.927,20015.5785,19926.538,19986.878
2024-11-05T06:00:00+00:00,19987.088,20055.2,19983.351,20010.067
2024-11-05T14:00:00+00:00,20009.7615,20266.056,19991.783,20259.6055
2024-11-05T22:00:00+00:00,20241.933,20523.2105,20207.2675,20468.284
2024-11-06T06:00:00+00:00,20468.4105,20613.1945,20457.116,20570.189
2024-11-06T14:00:00+00:00,20569.688,20804.967,20523.6275,20765.573
2024-11-06T22:00:00+00:00,20795.799,20830.611,20738.684,20825.7225
2024-11-07T06:00:00+00:00,20826.2165,20876.212,20785.8835,20863.0385
2024-11-07T14:00:00+00:00,20862.782,21133.689,20859.911,21118.0495
2024-11-07T22:00:00+00:00,21111.922,21148.5785,21088.9785,21136.867
2024-11-08T06:00:00+00:00,21137.428,21142.811,21007.3995,21047.827
2024-11-08T14:00:00+00:00,21050.2895,21154.6225,21041.911,21122.5055
2024-11-10T22:00:00+00:00,21175.666,21203.7945,21150.872,21181.0945
2024-11-11T06:00:00+00:00,21181.6275,21232.638,21160.8265,21193.5835
2024-11-11T14:00:00+00:00,21193.805,21199.483,20989.4615,21102.21
2024-11-11T22:00:00+00:00,21107.422,21143.005,21083.561,21089.4335
2024-11-12T06:00:00+00:00,21089.171,21134.0215,21022.878,21115.1125
2024-11-12T14:00:00+00:00,21114.988,21144.617,20946.5165,21083.6385
2024-11-12T22:00:00+00:00,21068.684,21074.2,21009.1885,21012.8115
2024-11-13T06:00:00+00:00,21012.417,21135.4165,20993.711,21066.3215
2024-11-13T14:00:00+00:00,21066.2265,21158.606,20950.884,21063.9115
2024-11-13T22:00:00+00:00,21052.133,21065.367,20997.617,21012.306
2024-11-14T06:00:00+00:00,21011.405,21080.7945,20980.788,21024.666
2024-11-14T14:00:00+00:00,21025.3215,21064.9275,20841.883,20842.322
2024-11-14T22:00:00+00:00,20872.2055,20876.8615,20780.795,20795.4775
2024-11-15T06:00:00+00:00,20795.695,20795.9215,20690.489,20707.8
2024-11-15T14:00:00+00:00,20707.494,20714.278,20312,20403.0005
2024-11-17T22:00:00+00:00,20416.017,20563.5675,20383.511,20546.4725
2024-11-18T06:00:00+00:00,20546.849,20559.0325,20388.761,20462.3065
2024-11-18T14:00:00+00:00,20461.406,20630.939,20408.0385,20538.0715
2024-11-18T22:00:00+00:00,20542.678,20602.311,20509.538,20574.967
2024-11-19T06:00:00+00:00,20576.1165,20593.9045,20322.094,20327.801
2024-11-19T14:00:00+00:00,20327.7345,20701.395,20288.827,20696.494
2024-11-19T22:00:00+00:00,20668.456,20745.978,20664.562,20707.4605
2024-11-20T06:00:00+00:00,20707.8165,20754.5785,20664.889,20704.8115
2024-11-20T14:00:00+00:00,20704.6055,20704.711,20389.139,20687.267
2024-11-20T22:00:00+00:00,20650.477,20679.105,20537.7065,20594.816
2024-11-21T06:00:00+00:00,20594.873,20789.328,20513.2045,20760.878
2024-11-21T14:00:00+00:00,20761.0565,20821.916,20432.589,20725.805
2024-11-21T22:00:00+00:00,20707.095,20764.8275,20679.8,20685.916
2024-11-22T06:00:00+00:00,20686.505,20751.3945,20614.4445,20705.2895
2024-11-22T14:00:00+00:00,20705.1115,20801.789,20646.499,20776.5945
2024-11-24T22:00:00+00:00,20861.1825,20896.8175,20854.4215,20895.6615
2024-11-25T06:00:00+00:00,20895.2835,20951.828,20856.5825,20924.2005
2024-11-25T14:00:00+00:00,20924.007,21005.4,20709.7675,20821.884
2024-11-25T22:00:00+00:00,20827.6945,20861.272,20683.7725,20811.028
2024-11-26T06:00:00+00:00,20811.423,20883.2885,20780.2385,20871.4005
2024-11-26T14:00:00+00:00,20871.1945,20952.922,20828.3555,20926.322
2024-11-26T22:00:00+00:00,20918.378,20945.3725,20879.089,20885.694
2024-11-27T06:00:00+00:00,20885.845,20916.523,20831.2615,20880.8005
2024-11-27T14:00:00+00:00,20880.4885,20882.6055,20612.0015,20745.307
2024-11-27T22:00:00+00:00,20750.811,20800.584,20748.3275,20796.262
2024-11-28T06:00:00+00:00,20796.3405,20813.7385,20782.4055,20806.8725
2024-11-28T14:00:00+00:00,20807.1565,20845.1115,20800.6885,20823.2675
2024-11-28T22:00:00+00:00,20828.822,20879.8225,20765.4165,20844.6055
2024-11-29T06:00:00+00:00,20845.0165,20855.051,20755.289,20771.3275
2024-11-29T14:00:00+00:00,20770.9775,20958.123,20748.4785,20929.011
2024-12-01T22:00:00+00:00,20944.0945,20946.4885,20885.8665,20897.7225
2024-12-02T06:00:00+00:00,20897.5115,20979.5945,20883.584,20970.4275
2024-12-02T14:00:00+00:00,20970.4675,21199.9045,20967.488,21174.9995
2024-12-02T22:00:00+00:00,21154.3725,21182.1,21146.404,21173.8835
2024-12-03T06:00:00+00:00,21174.0015,21186.138,21130.2,21138.772
2024-12-03T14:00:00+00:00,21139.311,21257.9055,21077.715,21256.2565
2024-12-03T22:00:00+00:00,21267.7015,21316.406,21254.667,21305.317
2024-12-04T06:00:00+00:00,21305.6275,21397.2945,21286.227,21397.094
2024-12-04T14:00:00+00:00,21396.3005,21497.594,21336.767,21467.7565
2024-12-04T22:00:00+00:00,21462.229,21472.8175,21444.866,21464.106
2024-12-05T06:00:00+00:00,21465.4655,21487.1115,21438.589,21475.8055
2024-12-05T14:00:00+00:00,21476.683,21516.434,21399.606,21405.795
2024-12-05T22:00:00+00:00,21400.6945,21435.8995,21378.8675,21431.378
2024-12-06T06:00:00+00:00,21431.479,21484.228,21398.6945,21445.467
2024-12-06T14:00:00+00:00,21445.64,21625.1785,21441.0055,21599.8885
2024-12-08T22:00:00+00:00,21598.1775,21627.872,21584.3335,21606.2945
2024-12-09T06:00:00+00:00,21606.2055,21663.9785,21545.5225,21577.9835
2024-12-09T14:00:00+00:00,21577.894,21606.3105,21399.227,21432.0175
2024-12-09T22:00:00+00:00,21442.317,21447.1115,21414.678,21426.4395
2024-12-10T06:00:00+00:00,21426.222,21499.633,21411.127,21463.7955
2024-12-10T14:00:00+00:00,21464.1675,21570.206,21313.133,21385.3
2024-12-10T22:00:00+00:00,21396.9005,21401.8105,21369.3835,21390.8325
2024-12-11T06:00:00+00:00,21391.012,21496.0445,21366.605,21489.8105
2024-12-11T14:00:00+00:00,21489.489,21780.122,21486.989,21731.039
2024-12-11T22:00:00+00:00,21723.7895,21733.528,21709.2095,21731.316
2024-12-12T06:00:00+00:00,21731.4495,21738.828,21615.596,21650.122
2024-12-12T14:00:00+00:00,21650.016,21715.8945,21583.677,21586.533
2024-12-12T22:00:00+00:00,21708.794,21745.211,21674.621,21699.718
2024-12-13T06:00:00+00:00,21699.233,21820.0005,21699.1835,21798.194
2024-12-13T14:00:00+00:00,21798.3545,21884.467,21643.9995,21749.211
2024-12-15T22:00:00+00:00,21767.278,21802.8005,21743.75,21772.073
2024-12-16T06:00:00+00:00,21771.8055,21894.7215,21771.393,21891.851
2024-12-16T14:00:00+00:00,21892.084,22133.428,21862.0725,22083.3005
2024-12-16T22:00:00+00:00,22095.3945,22107.1505,22062.9945,22088.394
2024-12-17T06:00:00+00:00,22088.378,22103.5565,22008.4775,22030.8
2024-12-17T14:00:00+00:00,22030.3835,22062.3,21922.505,21974.5725
2024-12-17T22:00:00+00:00,21985.9065,22021.2955,21885.9105,22019.5165
2024-12-18T06:00:00+00:00,22019.4275,22066.522,21963.951,21966.5165
2024-12-18T14:00:00+00:00,21966.784,22037.984,21012.389,21137.916
2024-12-18T22:00:00+00:00,21213.895,21253.3785,21132.6055,21143.1115
2024-12-19T06:00:00+00:00,21142.8895,21384.018,21140.8945,21327.7835
2024-12-19T14:00:00+00:00,21327.299,21401.005,21073.2565,21076.584
2024-12-19T22:00:00+00:00,21149.805,21152.6495,20931.427,20990.762
2024-12-20T06:00:00+00:00,20990.9,21028.5835,20735.556,20944.972
2024-12-20T14:00:00+00:00,20945.134,21553.789,20893.8615,21296.651
2024-12-22T22:00:00+00:00,21317.928,21462.1785,21317.928,21459.6945
2024-12-23T06:00:00+00:00,21459.4985,21472.695,21276.406,21303.9115
2024-12-23T14:00:00+00:00,21304.0945,21512.6,21217.762,21483.811
2024-12-23T22:00:00+00:00,21490.0945,21501.4445,21450.772,21487.105
2024-12-24T06:00:00+00:00,21487.289,21567.9055,21479.4,21567.317
2024-12-24T14:00:00+00:00,21567.028,21803.384,21540.5,21800.3275
2024-12-25T22:00:00+00:00,21812.883,21867.0275,21799.883,21846.1995
2024-12-26T06:00:00+00:00,21846.449,21853.983,21651.4055,21707.3
2024-12-26T14:00:00+00:00,21706.0005,21841.751,21633.4775,21760.9005
2024-12-26T22:00:00+00:00,21758.322,21779.417,21714.228,21724.2945
2024-12-27T06:00:00+00:00,21724.389,21726.8,21657.1,21665.5835
2024-12-27T14:00:00+00:00,21665.4895,21670.811,21279.138,21503.5275
2024-12-29T22:00:00+00:00,21490.404,21523.0385,21430.7715,21440.4115
2024-12-30T06:00:00+00:00,21440.5175,21469.9885,21140.279,21159.399
2024-12-30T14:00:00+00:00,21158.478,21354.011,21039.677,21171.4165
2024-12-30T22:00:00+00:00,21168.9785,21241.7785,21130.205,21194.2165
2024-12-31T06:00:00+00:00,21193.983,21311.405,21147.2005,21247.5955
2024-12-31T14:00:00+00:00,21247.3895,21274.489,20975.156,21034.505
2025-01-01T22:00:00+00:00,21071.9615,21171.9115,20917.5005,21166.233
2025-01-02T06:00:00+00:00,21166.405,21285.7165,21114.1895,21212.9885
2025-01-02T14:00:00+00:00,21213.023,21242.927,20784.489,20993.244
2025-01-02T22:00:00+00:00,20993.756,21069.133,20953.794,21035.3895
2025-01-03T06:00:00+00:00,21034.561,21096.8995,21018.2885,21037.394
2025-01-03T14:00:00+00:00,21036.867,21361.3,21036.867,21292.1005
2025-01-05T22:00:00+00:00,21340.939,21355.623,21284.0675,21343.594
2025-01-06T06:00:00+00:00,21343.5165,21564.8835,21335.0775,21553.777
2025-01-06T14:00:00+00:00,21554.69,21703.1335,21448.489,21592.994
2025-01-06T22:00:00+00:00,21596.2785,21609.5,21474.1165,21518.9945
2025-01-07T06:00:00+00:00,21519.3775,21592.067,21497.7835,21591.8565
2025-01-07T14:00:00+00:00,21592.0005,21618.5725,21096.839,21206.806
2025-01-07T22:00:00+00:00,21193.8,21255.1165,21162.7895,21248.0225
2025-01-08T06:00:00+00:00,21248.118,21266.162,21039.711,21195.306
2025-01-08T14:00:00+00:00,21193.7005,21247.3995,20981.462,21168.784
2025-01-08T22:00:00+00:00,21148.6115,21166.6235,21090.944,21143.295
2025-01-09T06:00:00+00:00,21142.89,21154.273,21037.0835,21124.044
2025-01-09T14:00:00+00:00,21123.8665,21129.5785,21084.4885,21121.4215
2025-01-09T22:00:00+00:00,21122.905,21154.6725,21006.4785,21127.7275
2025-01-10T06:00:00+00:00,21127.7845,21198.5835,20872.6495,20943.5165
2025-01-10T14:00:00+00:00,20943.327,21023.2165,20702.628,20851.489
2025-01-12T22:00:00+00:00,20836.8995,20871.328,20694.578,20722.322
2025-01-13T06:00:00+00:00,20721.6105,20764.0885,20529.7995,20644.8555
2025-01-13T14:00:00+00:00,20644.849,20812.499,20537.2935,20805.7835
2025-01-13T22:00:00+00:00,20859.295,20925.7005,20834.688,20895.4055
2025-01-14T06:00:00+00:00,20895.946,20980.957,20781.7555,20894.3385
2025-01-14T14:00:00+00:00,20895.984,20966.5455,20615.472,20816.3165
2025-01-14T22:00:00+00:00,20813.467,20816.7455,20769.9215,20785.51
2025-01-15T06:00:00+00:00,20785.5545,21171.6,20752.0785,21123.882
2025-01-15T14:00:00+00:00,21121.9825,21284.538,21030.2115,21206.4165
2025-01-15T22:00:00+00:00,21225.094,21280.105,21189.988,21201.122
2025-01-16T06:00:00+00:00,21201.0005,21399.995,21187.906,21308.9875
2025-01-16T14:00:00+00:00,21308.982,21333.684,21028.7885,21029.978
2025-01-16T22:00:00+00:00,21078.2835,21157.551,21057.5945,21146.8565
2025-01-17T06:00:00+00:00,21146.484,21393.9225,21101.4275,21389.3885
2025-01-17T14:00:00+00:00,21390.017,21525.8995,21330.1955,21431.5775
2025-01-19T22:00:00+00:00,21444.427,21467.234,21377.416,21417.911
2025-01-20T06:00:00+00:00,21418.205,21539.6545,21414.561,21534.978
2025-01-20T14:00:00+00:00,21534.739,21627.6685,21474.738,21536.5995
2025-01-20T22:00:00+00:00,21552.278,21597.896,21231.3835,21442.7945
2025-01-21T06:00:00+00:00,21442.873,21582.7535,21435.317,21577.6665
2025-01-21T14:00:00+00:00,21580.094,21633.911,21378.199,21608.695
2025-01-21T22:00:00+00:00,21660.7165,21730.4335,21623.9955,21711.799
2025-01-22T06:00:00+00:00,21712.4175,21788.223,21693.5485,21783.844
2025-01-22T14:00:00+00:00,21784.2835,21942.996,21753.062,21833.0065
2025-01-22T22:00:00+00:00,21831.3945,21836.7675,21779.082,21805.116
2025-01-23T06:00:00+00:00,21805.2,21816.178,21708.162,21748.578
2025-01-23T14:00:00+00:00,21750.2,21905.6835,21718.7165,21882.2555
2025-01-23T22:00:00+00:00,21876.267,21922.368,21843.372,21859.9
2025-01-24T06:00:00+00:00,21859.8115,21907.5115,21835.985,21874.906
2025-01-24T14:00:00+00:00,21874.682,21944.3105,21708.5945,21762.994
2025-01-26T22:00:00+00:00,21631.5675,21631.5675,21278.2675,21298.595
2025-01-27T06:00:00+00:00,21299.7725,21306.0945,20630.562,21025.583
2025-01-27T14:00:00+00:00,21025.056,21292.6165,20967.689,21176.278
2025-01-27T22:00:00+00:00,21219.694,21230.61,21094.6055,21167.6105
2025-01-28T06:00:00+00:00,21167.6895,21297.8215,21133.006,21176.011
2025-01-28T14:00:00+00:00,21174.9175,21502.3395,21036.078,21446.689
2025-01-28T22:00:00+00:00,21424.0215,21487.3785,21410.6325,21459.3005
2025-01-29T06:00:00+00:00,21471.673,21575.822,21439.822,21482.011
2025-01-29T14:00:00+00:00,21481.633,21505.261,21247.6,21380.644
2025-01-29T22:00:00+00:00,21430.0715,21561.4385,21387.8835,21540.9
2025-01-30T06:00:00+00:00,21540.9885,21590.9105,21456.611,21549.5105
2025-01-30T14:00:00+00:00,21550.6055,21628.438,21302.1885,21514.5165
2025-01-30T22:00:00+00:00,21581.1995,21673.512,21547.7775,21623.7785
2025-01-31T06:00:00+00:00,21623.8235,21699.7115,21618.506,21678.5055
2025-01-31T14:00:00+00:00,21678.033,21848.5825,21419.9105,21457.2945
2025-02-02T22:00:00+00:00,21027.5165,21043.778,20839.228,20960.027
2025-02-03T06:00:00+00:00,20957.6945,21160.0115,20932.1565,21090.722
2025-02-03T14:00:00+00:00,21090.4275,21409.705,21001.9215,21317.711
2025-02-03T22:00:00+00:00,21488.6655,21490,21136.038,21250.744
2025-02-04T06:00:00+00:00,21250.273,21389.5845,21205.299,21326.9325
2025-02-04T14:00:00+00:00,21326.9615,21583.806,21297.695,21509.184
2025-02-04T22:00:00+00:00,21468.417,21518.4225,21425.9275,21434.011
2025-02-05T06:00:00+00:00,21435.4325,21445.978,21325.406,21424.4225
2025-02-05T14:00:00+00:00,21424.3715,21681.295,21399.2945,21678.862
2025-02-05T22:00:00+00:00,21656.867,21729.329,21647.205,21725.3665
2025-02-06T06:00:00+00:00,21725.533,21727.4285,21603.561,21673.2385
2025-02-06T14:00:00+00:00,21675.7,21779.389,21610.2115,21715.927
2025-02-06T22:00:00+00:00,21714.489,21803.489,21714.489,21757.2785
2025-02-07T06:00:00+00:00,21756.8105,21816.0105,21696.5215,21782.406
2025-02-07T14:00:00+00:00,21782.511,21871.789,21463.273,21495.227
2025-02-09T22:00:00+00:00,21343.889,21638.567,21326.6005,21621.7335
2025-02-10T06:00:00+00:00,21621.4675,21692.7445,21590.8615,21687.706
2025-02-10T14:00:00+00:00,21688.384,21796.644,21651.6605,21731.4215
2025-02-10T22:00:00+00:00,21733.7,21734.556,21658.0435,21696.084
2025-02-11T06:00:00+00:00,21695.904,21697.3835,21580.3395,21583.1115
2025-02-11T14:00:00+00:00,21582.606,21781.2215,21576.994,21699.178
2025-02-11T22:00:00+00:00,21708.5995,21740.4495,21677.5275,21684.0995
2025-02-12T06:00:00+00:00,21684.505,21757.689,21425.095,21466.627
2025-02-12T14:00:00+00:00,21454.5225,21750.3105,21420.9555,21730.778
2025-02-12T22:00:00+00:00,21775.1165,21840.0725,21759.9395,21813.4785
2025-02-13T06:00:00+00:00,21813.1275,21834.3955,21666.9215,21791.872
2025-02-13T14:00:00+00:00,21790.9275,22035.778,21749.4665,21995.7835
2025-02-13T22:00:00+00:00,21990.1,22064.9615,21988.3835,22037
2025-02-14T06:00:00+00:00,22036.6725,22078.7105,21959.9165,22021.9885
2025-02-14T14:00:00+00:00,22023.3835,22144.227,22008.4885,22135.939
2025-02-16T22:00:00+00:00,22158.4995,22205.651,22120.6725,22194.184
2025-02-17T06:00:00+00:00,22193.978,22201.018,22150.0945,22178.2105
2025-02-17T14:00:00+00:00,22177.8835,22183.433,22116.916,22157.5005
2025-02-17T22:00:00+00:00,22155.405,22195.8335,22124.8,22179.0325
2025-02-18T06:00:00+00:00,22179.172,22245.338,22176.966,22237.3615
2025-02-18T14:00:00+00:00,22237.678,22244.573,22026.433,22146.539
2025-02-18T22:00:00+00:00,22149.5055,22215.2215,22146.3995,22186.411
2025-02-19T06:00:00+00:00,22186.8055,22200.0335,22103.989,22129.3055
2025-02-19T14:00:00+00:00,22129.4385,22225.2225,22044.695,22140.2165
2025-02-19T22:00:00+00:00,22139.167,22157.249,22080.5955,22091.6115
2025-02-20T06:00:00+00:00,22091.456,22142.434,22063.6995,22126.0995
2025-02-20T14:00:00+00:00,22125.922,22147.088,21877.3615,22047.383
2025-02-20T22:00:00+00:00,22061.949,22105.372,22043.877,22057.594
2025-02-21T06:00:00+00:00,22057.527,22177.2785,22036.3565,22156.329
2025-02-21T14:00:00+00:00,22155.294,22168.712,21596.8885,21617.6945
2025-02-23T22:00:00+00:00,21639.8165,21735.995,21612.311,21728.194
2025-02-24T06:00:00+00:00,21727.817,21747.273,21636.612,21734.7165
2025-02-24T14:00:00+00:00,21735.4275,21739.8505,21342.172,21375.5235
2025-02-24T22:00:00+00:00,21372.088,21389.1055,21303.3615,21373.61
2025-02-25T06:00:00+00:00,21373.1725,21388.4835,21223.6225,21340.616
2025-02-25T14:00:00+00:00,21340.944,21350.3725,20928.284,21125.811
2025-02-25T22:00:00+00:00,21161.2775,21219.5265,21140.078,21218.778
2025-02-26T06:00:00+00:00,21218.1325,21271.411,21195.673,21212.533
2025-02-26T14:00:00+00:00,21212.5785,21351.4165,21007.7785,21156
2025-02-26T22:00:00+00:00,21179.483,21208.2055,21052.795,21189.9275
2025-02-27T06:00:00+00:00,21189.616,21330.867,21184.127,21252.695
2025-02-27T14:00:00+00:00,21252.561,21325.539,20531.1605,20537.8945
2025-02-27T22:00:00+00:00,20624.0125,20640.7335,20469.7895,20575.551
2025-02-28T06:00:00+00:00,20575.534,20636.6005,20507.116,20552.878
2025-02-28T14:00:00+00:00,20552.7615,20896.118,20413.883,20851.539
2025-03-02T22:00:00+00:00,20952.789,20990.0005,20793.978,20941.628
2025-03-03T06:00:00+00:00,20940.59,21054.596,20842.9835,21019.762
2025-03-03T14:00:00+00:00,21019.9715,21074.6175,20276.433,20461.539
2025-03-03T22:00:00+00:00,20473.9675,20548.4165,20427.3555,20529.4895
2025-03-04T06:00:00+00:00,20529.4335,20542.383,20222.0675,20285.0275
2025-03-04T14:00:00+00:00,20284.616,20690.4,20034.139,20439.284
2025-03-04T22:00:00+00:00,20508.589,20554.7875,20403.9945,20509.8945
2025-03-05T06:00:00+00:00,20510.1175,20589.228,20366.7,20378.9835
2025-03-05T14:00:00+00:00,20379.0885,20686.4,20180.283,20559.1115
2025-03-05T22:00:00+00:00,20575.1945,20610.4325,20547.689,20575.1835
2025-03-06T06:00:00+00:00,20575.0675,20604.9945,20262.794,20290.138
2025-03-06T14:00:00+00:00,20289.4385,20479.028,19970.2995,20090.905
2025-03-06T22:00:00+00:00,20185.1435,20193.5065,20106.2105,20122.111
2025-03-07T06:00:00+00:00,20122.2945,20238.8055,20007.9105,20035.194
2025-03-07T14:00:00+00:00,20034.9005,20256.3,19735.2665,20180.117
2025-03-09T21:00:00+00:00,20076.073,20126.367,19906.5105,20066.966
2025-03-10T05:00:00+00:00,20066.805,20112.0005,19833.8605,19884.9715
2025-03-10T13:00:00+00:00,19885.833,19913.878,19241.4015,19434.4225
2025-03-10T21:00:00+00:00,19412.811,19465.7005,19115.516,19438.122
2025-03-11T05:00:00+00:00,19438.0005,19554.028,19376.6055,19424.384
2025-03-11T13:00:00+00:00,19424.8,19657.9725,19176.505,19411.895
2025-03-11T21:00:00+00:00,19396.3995,19475.3,19393.5,19429.9835
2025-03-12T05:00:00+00:00,19430.91,19763.033,19362.889,19698.4565
2025-03-12T13:00:00+00:00,19698.062,19752.7945,19373.5325,19551.305
2025-03-12T21:00:00+00:00,19566.912,19675.284,19446.995,19462.961
2025-03-13T05:00:00+00:00,19463.538,19612.306,19382.706,19537.217
2025-03-13T13:00:00+00:00,19537.117,19571.989,19152.8775,19298.5615
2025-03-13T21:00:00+00:00,19314.1165,19445.278,19306.756,19428.239
2025-03-14T05:00:00+00:00,19427.6995,19519.418,19356.651,19481.978
2025-03-14T13:00:00+00:00,19482.0725,19725.551,19423.9215,19644.8
2025-03-16T21:00:00+00:00,19616.8605,19624.327,19536.9165,19581.389
2025-03-17T05:00:00+00:00,19581.2945,19763.7995,19540.0325,19737.718
2025-03-17T13:00:00+00:00,19736.978,19944.701,19614.7565,19801.5095
2025-03-17T21:00:00+00:00,19837.1765,19848.284,19702.867,19710.716
2025-03-18T05:00:00+00:00,19710.8445,19820.4445,19684.2455,19687.5725
2025-03-18T13:00:00+00:00,19687.4495,19711.907,19392.373,19509.1945
2025-03-18T21:00:00+00:00,19483.489,19585.905,19455.783,19524.3055
2025-03-19T05:00:00+00:00,19524.0045,19578.356,19449.4,19549.5615
2025-03-19T13:00:00+00:00,19549.8835,19927.3,19495.9055,19754.9125
2025-03-19T21:00:00+00:00,19744.7995,19877.434,19741.9605,19865.278
2025-03-20T05:00:00+00:00,19865.195,19875.2,19521.4505,19613.4275
2025-03-20T13:00:00+00:00,19612.962,19892.4215,19542.316,19697.9115
2025-03-20T21:00:00+00:00,19692.6945,19732.872,19648.5555,19669.522
2025-03-21T05:00:00+00:00,19669.6615,19696.889,19473.9995,19481.289
2025-03-21T13:00:00+00:00,19481.3065,19770.4885,19404.7605,19752.778
2025-03-23T21:00:00+00:00,19880.1865,19938.2725,19856.0325,19911.8665
2025-03-24T05:00:00+00:00,19911.605,20075.7905,19909.9055,20072.5445
2025-03-24T13:00:00+00:00,20072.295,20202.1435,20028.8225,20164.4615
2025-03-24T21:00:00+00:00,20156.622,20171.084,20125.249,20132.4775
2025-03-25T05:00:00+00:00,20132.422,20243.817,20089.978,20203.289
2025-03-25T13:00:00+00:00,20203.4,20307.4055,20159.4,20301.501
2025-03-25T21:00:00+00:00,20314.9275,20337.8775,20270.8995,20285.177
2025-03-26T05:00:00+00:00,20285.362,20299.3785,20231.0605,20281.8165
2025-03-26T13:00:00+00:00,20280.911,20287.761,19849.421,19915.583
2025-03-26T21:00:00+00:00,19824.1895,19952.072,19808.5655,19938.8265
2025-03-27T05:00:00+00:00,19938.561,19948.583,19825.494,19869.3615
2025-03-27T13:00:00+00:00,19870.533,20001.0825,19742.905,19806.999
2025-03-27T21:00:00+00:00,19807.605,19818.167,19742.9885,19792.6665
2025-03-28T05:00:00+00:00,19792.8945,19819.6215,19657.244,19675.9105
2025-03-28T13:00:00+00:00,19676.099,19776.932,19230.3215,19231.927
2025-03-30T22:00:00+01:00,19115.078,19143.8155,18981.5875,19050.094
2025-03-31T06:00:00+01:00,19049.8935,19093.161,18940.2545,19042.077
2025-03-31T14:00:00+01:00,19040.783,19313.283,18798.694,19246.767
2025-03-31T22:00:00+01:00,19236.2775,19236.2775,19109.554,19191.494
2025-04-01T06:00:00+01:00,19191.6055,19336.5275,19137.778,19208.6045
2025-04-01T14:00:00+01:00,19209.088,19472.1665,19090.5945,19436.2275
2025-04-01T22:00:00+01:00,19427.984,19520.072,19385.8705,19418.883
2025-04-02T06:00:00+01:00,19418.8045,19419.956,19172.3275,19215.2725
2025-04-02T14:00:00+01:00,19214.594,19808.9435,19147.383,19776.3265
2025-04-02T22:00:00+01:00,18778.7245,18975.6945,18648.094,18950.06
2025-04-03T06:00:00+01:00,18950.0615,19004.372,18673.695,18679.41
2025-04-03T14:00:00+01:00,18677.9885,18901.623,18503.1385,18530.0835
2025-04-03T22:00:00+01:00,18524.9165,18558.7005,18321.6045,18330.0055
2025-04-04T06:00:00+01:00,18329.9005,18520.9055,17666.8555,18055.318
2025-04-04T14:00:00+01:00,18054.583,18113.911,17302.9945,17383.1005
2025-04-06T22:00:00+01:00,16539.195,16886.473,16326.505,16597.967
2025-04-07T06:00:00+01:00,16598.1385,17138.711,16343.189,17028.478
2025-04-07T14:00:00+01:00,17028.639,18222.506,16536.5835,17551.273
2025-04-07T22:00:00+01:00,17521.8955,17751.0275,17520.205,17647.811
2025-04-08T06:00:00+01:00,17647.7325,17928.178,17540.393,17851.1055
2025-04-08T14:00:00+01:00,17850.9555,18222.5765,16843.216,17104.005
2025-04-08T22:00:00+01:00,16979.5275,17065.6345,16622.2945,16693.3165
2025-04-09T06:00:00+01:00,16692.6945,17293.205,16608.2325,17010.084
2025-04-09T14:00:00+01:00,16999.7675,19226.7675,16999.7615,19089.2165
2025-04-09T22:00:00+01:00,19104.4105,19231.4045,18818.967,18894.8715
2025-04-10T06:00:00+01:00,18895.2225,19034.261,18563.512,18671.4665
2025-04-10T14:00:00+01:00,18671.9725,18747.9995,17781.161,18415.1895
2025-04-10T22:00:00+01:00,18402.989,18465.1215,17939.5765,18354.2
2025-04-11T06:00:00+01:00,18357.3335,18659.816,18182.882,18357.4935
2025-04-11T14:00:00+01:00,18357.6945,18732.712,18138.673,18669.395
2025-04-13T22:00:00+01:00,18911.305,18991.6005,18793.1325,18978.1775
2025-04-14T06:00:00+01:00,18978.117,19055.784,18885.2495,19046.211
2025-04-14T14:00:00+01:00,19046.122,19115.9105,18601.2615,18784.977
2025-04-14T22:00:00+01:00,18756.371,18811.461,18673.3275,18775.4675
2025-04-15T06:00:00+01:00,18775.718,18902.551,18698.26,18797.8945
2025-04-15T14:00:00+01:00,18798.395,19004.3615,18746.5885,18824.2895
2025-04-15T22:00:00+01:00,18602.7005,18642.9065,18503.311,18533.028
2025-04-16T06:00:00+01:00,18534.4835,18725.6835,18371.0005,18503.022
2025-04-16T14:00:00+01:00,18500.4935,18605.6,17992.1715,18311.833
2025-04-16T22:00:00+01:00,18299.549,18429.527,18231.5725,18421.9835
2025-04-17T06:00:00+01:00,18422.283,18536.8935,18342.778,18416.711
2025-04-17T14:00:00+01:00,18416.2945,18431.5785,18147.4715,18289.5615
2025-04-20T22:00:00+01:00,18171.0115,18250.5495,18070.594,18101.133
2025-04-21T06:00:00+01:00,18100.783,18137.016,17960.6825,18001.978
2025-04-21T14:00:00+01:00,18001.9175,18044.944,17587.682,17792.0835
2025-04-21T22:00:00+01:00,17783.5165,17956.322,17754.271,17875.5325
2025-04-22T06:00:00+01:00,17875.4055,18060.111,17861.7945,18028.0995
2025-04-22T14:00:00+01:00,18026.611,18398.4175,17990.522,18244.917
2025-04-22T22:00:00+01:00,18601.789,18689.978,18514.483,18613.322
2025-04-23T06:00:00+01:00,18613.2395,18860.9165,18570.849,18855.495
2025-04-23T14:00:00+01:00,18855.3095,19052.289,18615.634,18683.1985
2025-04-23T22:00:00+01:00,18665.3445,18763.5005,18601.277,18651.539
2025-04-24T06:00:00+01:00,18651.4945,18751.0835,18483.0885,18739.606
2025-04-24T14:00:00+01:00,18738.822,19295.594,18712.022,19238.1165
2025-04-24T22:00:00+01:00,19272.8955,19389.5,19246.616,19301.7895
2025-04-25T06:00:00+01:00,19302.061,19367.923,19111.689,19138.838
2025-04-25T14:00:00+01:00,19138.6105,19455.0385,19109.8,19447.6115
2025-04-27T22:00:00+01:00,19368.306,19406.6275,19287.1105,19306.427
2025-04-28T06:00:00+01:00,19306.8775,19443.806,19299.138,19433.767
2025-04-28T14:00:00+01:00,19434.9165,19516.885,19154.617,19383.8895
2025-04-28T22:00:00+01:00,19375.6985,19530.1,19355.4165,19452.328
2025-04-29T06:00:00+01:00,19452.211,19519.7835,19345.406,19349.3945
2025-04-29T14:00:00+01:00,19348.838,19584.911,19278.8675,19528.1885
2025-04-29T22:00:00+01:00,19478.667,19508.3895,19382.744,19416.916
2025-04-30T06:00:00+01:00,19417.2,19520.233,19154.956,19183.284
2025-04-30T14:00:00+01:00,19184.3055,19694.4785,19008.978,19670.372
2025-04-30T22:00:00+01:00,19778.9995,19871.0125,19766.033,19845.272
2025-05-01T06:00:00+01:00,19845.8335,19938.478,19805.4945,19857.6995
2025-05-01T14:00:00+01:00,19858.4275,20027.3,19658.905,19705.2505
2025-05-01T22:00:00+01:00,19679.617,19908.684,19657.8165,19892.989
2025-05-02T06:00:00+01:00,19892.762,20012.8055,19771.8985,20003.0835
2025-05-02T14:00:00+01:00,20003.595,20179.5065,19928.1665,20109.1
2025-05-04T22:00:00+01:00,20048.016,20072.488,19897.162,19941.8105
2025-05-05T06:00:00+01:00,19941.8835,20003.994,19872.3995,19910.0545
2025-05-05T14:00:00+01:00,19910.405,20101.867,19891.372,19945.922
2025-05-05T22:00:00+01:00,19929.622,19948.6,19845.4005,19885.3105
2025-05-06T06:00:00+01:00,19885.3895,19888.3275,19716.19,19752.7055
2025-05-06T14:00:00+01:00,19751.6105,19938.228,19651.6835,19788.677
2025-05-06T22:00:00+01:00,20013.061,20043.9225,19891.977,19928.9065
2025-05-07T06:00:00+01:00,19928.894,19945.395,19824.3225,19848.506
2025-05-07T14:00:00+01:00,19848.389,19969.1165,19594.6325,19895.2115
2025-05-07T22:00:00+01:00,19845.333,20115.5385,19838.9675,20101.5885
2025-05-08T06:00:00+01:00,20101.8,20179.884,20041.984,20092.2605
2025-05-08T14:00:00+01:00,20092.6165,20249.9275,19898.1065,20060.267
2025-05-08T22:00:00+01:00,20073.849,20122.828,20002.4165,20105.3435
2025-05-09T06:00:00+01:00,20104.394,20197.017,20065.9785,20154.305
2025-05-09T14:00:00+01:00,20154.511,20201.433,19980.011,20054.783
2025-05-11T22:00:00+01:00,20332.6955,20469.2225,20301.094,20453.594
2025-05-12T06:00:00+01:00,20453.5985,20914.033,20446.251,20839.2215
2025-05-12T14:00:00+01:00,20839.2835,20911.622,20608.006,20855.8005
2025-05-12T22:00:00+01:00,20877.961,20882.233,20737,20758.1985
2025-05-13T06:00:00+01:00,20758.2225,20967.556,20744.0935,20926.8165
2025-05-13T14:00:00+01:00,20926.616,21264.6515,20892.062,21174.1235
2025-05-13T22:00:00+01:00,21177.739,21232.939,21164.566,21224.5
2025-05-14T06:00:00+01:00,21224.271,21300.301,21155.7605,21242.1275
2025-05-14T14:00:00+01:00,21242.306,21340.54,21193.366,21323.795
2025-05-14T22:00:00+01:00,21283.4885,21330.7725,21275.9835,21302.9885
2025-05-15T06:00:00+01:00,21303.378,21305.6495,21111.0835,21207.01
2025-05-15T14:00:00+01:00,21206.6055,21446.061,21167.3155,21328.494
2025-05-15T22:00:00+01:00,21314.2825,21355.8055,21269.782,21322.8005
2025-05-16T06:00:00+01:00,21322.3215,21421.2775,21281.9725,21359.389
2025-05-16T14:00:00+01:00,21359.371,21432.1675,21241.1395,21416.217
2025-05-18T22:00:00+01:00,21270.684,21339.394,21120.1395,21143.3
2025-05-19T06:00:00+01:00,21143.4055,21211.0445,21035.2935,21134.7005
2025-05-19T14:00:00+01:00,21134.962,21464.573,21077.889,21410.533
2025-05-19T22:00:00+01:00,21428.9995,21486.9845,21346.506,21372.2675
2025-05-20T06:00:00+01:00,21372.395,21411.5115,21318.838,21360.906
2025-05-20T14:00:00+01:00,21360.4275,21400.4945,21225.1825,21327.811
2025-05-20T22:00:00+01:00,21307.822,21372.416,21272.372,21287.1
2025-05-21T06:00:00+01:00,21286.883,21313.2565,21158.877,21240.851
2025-05-21T14:00:00+01:00,21241.8045,21486.994,21002.01,21046.317
2025-05-21T22:00:00+01:00,21081.3045,21138.957,21044.683,21095.8995
2025-05-22T06:00:00+01:00,21095.2055,21174.1055,20971.405,21122.589
2025-05-22T14:00:00+01:00,21122.428,21267.3,21045.2955,21112.328
2025-05-22T22:00:00+01:00,21144.8725,21149.5565,21072.0055,21090.873
2025-05-23T06:00:00+01:00,21091.0055,21169.018,20665.4,20739.511
2025-05-23T14:00:00+01:00,20738.4045,21025.8785,20697.522,20891.473
2025-05-25T22:00:00+01:00,20978.4,21178.8385,20974.805,21165.4715
2025-05-26T06:00:00+01:00,21165.483,21233.9605,21135.006,21207.383
2025-05-26T14:00:00+01:00,21207.511,21253.0895,21161.395,21225.0215
2025-05-26T22:00:00+01:00,21177.262,21194.584,21090.2605,21124.0335
2025-05-27T06:00:00+01:00,21123.911,21307.1275,21107.7835,21224.3495
2025-05-27T14:00:00+01:00,21224.6175,21432.2395,21141.4785,21413.7775
2025-05-27T22:00:00+01:00,21409.127,21429.117,21380.6775,21382.9385
2025-05-28T06:00:00+01:00,21382.995,21482.0905,21351.7885,21451.6165
2025-05-28T14:00:00+01:00,21451.2995,21509.049,21276.889,21326.7835
2025-05-28T22:00:00+01:00,21444.589,21779.2935,21436.9675,21743.406
2025-05-29T06:00:00+01:00,21743.2615,21805.8165,21567.2825,21591.3945
2025-05-29T14:00:00+01:00,21591.528,21639.649,21249.773,21328.3225
2025-05-29T22:00:00+01:00,21310.9005,21348.3775,21222.1325,21302.773
2025-05-30T06:00:00+01:00,21302.562,21374.4835,21180.6105,21287.8
2025-05-30T14:00:00+01:00,21288.9105,21388.1,21024.3055,21327.5045
2025-06-01T22:00:00+01:00,21263.349,21305.6115,21176.695,21193.4725
2025-06-02T06:00:00+01:00,21193.794,21251.657,21120.8775,21242.8
2025-06-02T14:00:00+01:00,21242.1495,21516.489,21193.2095,21516.215
2025-06-02T22:00:00+01:00,21497.844,21504.5395,21397.3675,21413.0995
2025-06-03T06:00:00+01:00,21413.3215,21503.2345,21359.462,21495.0885
2025-06-03T14:00:00+01:00,21494.8,21718.5385,21470.9995,21641.3
2025-06-03T22:00:00+01:00,21660.2435,21688.5615,21629.473,21640.005
2025-06-04T06:00:00+01:00,21639.873,21729.0675,21617.8495,21671.0005
2025-06-04T14:00:00+01:00,21671.1945,21764.427,21604.0935,21720.9775
2025-06-04T22:00:00+01:00,21711.877,21735.207,21696.095,21712.3835
2025-06-05T06:00:00+01:00,21712.549,21857.039,21676.9715,21764.8445
2025-06-05T14:00:00+01:00,21765.0215,21895.406,21468.051,21549.2895
2025-06-05T22:00:00+01:00,21462.722,21619.89,21459.4785,21618.5165
2025-06-06T06:00:00+01:00,21618.378,21751.8675,21598.7105,21730.2835
2025-06-06T14:00:00+01:00,21729.767,21839.1725,21691.228,21767.3725
2025-06-08T22:00:00+01:00,21774.8005,21782.8115,21687.2325,21716.8995
2025-06-09T06:00:00+01:00,21716.7725,21794.29,21699.7385,21767.7325
2025-06-09T14:00:00+01:00,21767.3835,21861.689,21724.401,21776.3995
2025-06-09T22:00:00+01:00,21811.1095,21947.605,21790.1495,21891.9665
2025-06-10T06:00:00+01:00,21891.9785,21905.3725,21708.2335,21829.0885
2025-06-10T14:00:00+01:00,21830.8065,21966.6385,21718.7055,21913.006
2025-06-10T22:00:00+01:00,21927.6385,21978.1985,21849.984,21853.5945
2025-06-11T06:00:00+01:00,21853.956,22070.589,21843.4115,22006.539
2025-06-11T14:00:00+01:00,22006.3115,22044.2005,21769.089,21867.3165
2025-06-11T22:00:00+01:00,21841.333,21871.589,21732.5945,21807.578
2025-06-12T06:00:00+01:00,21807.522,21836.3055,21695.411,21812.8055
2025-06-12T14:00:00+01:00,21813.383,21955.7435,21797.3945,21908.089
2025-06-12T22:00:00+01:00,21874.7725,21880.922,21455.727,21526.739
2025-06-13T06:00:00+01:00,21526.889,21686.1,21507.206,21641.8945
2025-06-13T14:00:00+01:00,21642.244,21838.3995,21588.3275,21662.911
2025-06-15T22:00:00+01:00,21592.951,21706.1275,21537.1715,21668.5105
2025-06-16T06:00:00+01:00,21668.6165,21827.905,21667.696,21802.022
2025-06-16T14:00:00+01:00,21801.977,21982.233,21776.989,21934.896
2025-06-16T22:00:00+01:00,21928.4885,21929.639,21772.8215,21834.1
2025-06-17T06:00:00+01:00,21834.022,21886.889,21760.3945,21816.427
2025-06-17T14:00:00+01:00,21816.111,21900.3115,21675.7285,21719.578
2025-06-17T22:00:00+01:00,21681.478,21779,21632.5335,21748.4615
2025-06-18T06:00:00+01:00,21748.4165,21833.538,21720.5165,21754.9945
2025-06-18T14:00:00+01:00,21756.5055,21866.134,21656.067,21732.2335
2025-06-18T22:00:00+01:00,21717.918,21731.9725,21565.0275,21671.1105
2025-06-19T06:00:00+01:00,21670.9835,21671.516,21518.138,21536.889
2025-06-19T14:00:00+01:00,21537.0895,21559.9385,21424.6045,21478.0945
2025-06-19T22:00:00+01:00,21603.883,21704.9055,21598.149,21686.8115
2025-06-20T06:00:00+01:00,21686.444,21817.707,21637.856,21807.8615
2025-06-20T14:00:00+01:00,21807.827,21908.5455,21546.878,21641.789
2025-06-22T22:00:00+01:00,21511.749,21567.322,21484.294,21547.5215
2025-06-23T06:00:00+01:00,21547.2055,21726.7615,21546.582,21665.5655
2025-06-23T14:00:00+01:00,21666.2005,21873.9115,21519.882,21856.9175
2025-06-23T22:00:00+01:00,21915.978,22055.205,21905.8945,22027.156
2025-06-24T06:00:00+01:00,22027,22164.667,22025.511,22069.789
2025-06-24T14:00:00+01:00,22070.018,22224.5545,22044.2655,22182.001
2025-06-24T22:00:00+01:00,22169.4995,22213.401,22165.9605,22204.995
2025-06-25T06:00:00+01:00,22204.889,22289.0215,22185.628,22287.6895
2025-06-25T14:00:00+01:00,22287.5895,22329.662,22168.528,22245.395
2025-06-25T22:00:00+01:00,22246.4165,22286.2055,22218.3935,22285.428
2025-06-26T06:00:00+01:00,22285.311,22364.9565,22274.4505,22335.161
2025-06-26T14:00:00+01:00,22333.9785,22471.5165,22257.2885,22431.296
2025-06-26T22:00:00+01:00,22471.0005,22495.856,22447.19,22474.395
2025-06-27T06:00:00+01:00,22474.078,22572.529,22473.539,22518.611
2025-06-27T14:00:00+01:00,22516.3995,22604.4225,22383.8225,22520.9785
2025-06-29T22:00:00+01:00,22559.2895,22667.5785,22539.9935,22656.756
2025-06-30T06:00:00+01:00,22656.844,22697.434,22632.3945,22649.8835
2025-06-30T14:00:00+01:00,22650.384,22716.9175,22563.971,22647.7885
2025-06-30T22:00:00+01:00,22661.3055,22701.6335,22633.5615,22644.516
2025-07-01T06:00:00+01:00,22644.551,22652.396,22543.3785,22581.3045
2025-07-01T14:00:00+01:00,22581.3105,22634.022,22385.4445,22463.8905
2025-07-01T22:00:00+01:00,22491.516,22569.7955,22464.477,22561.2875
2025-07-02T06:00:00+01:00,22561.4665,22567.5335,22374.1905,22405.6285
2025-07-02T14:00:00+01:00,22405.2165,22642.405,22393.251,22624.589
2025-07-02T22:00:00+01:00,22637.678,22671.628,22617.2,22657.0725
2025-07-03T06:00:00+01:00,22656.705,22724.9055,22621.211,22682.5835
2025-07-03T14:00:00+01:00,22682.395,22898.4735,22680.8505,22867.105
2025-07-03T22:00:00+01:00,22841.9165,22867.139,22797.6105,22810.8105
2025-07-04T06:00:00+01:00,22811.0015,22815.4235,22687.4775,22727.3005
2025-07-04T14:00:00+01:00,22731.2,22749.827,22693.173,22709.5775
2025-07-06T22:00:00+01:00,22806.5105,22829.3115,22722.0605,22754.493
2025-07-07T06:00:00+01:00,22754.8055,22809.016,22716.2055,22758.784
2025-07-07T14:00:00+01:00,22759.0055,22782.733,22584.3945,22661.483
2025-07-07T22:00:00+01:00,22645.462,22743.5165,22614.7885,22715.0675
2025-07-08T06:00:00+01:00,22715.378,22776.739,22709.3385,22744.6055
2025-07-08T14:00:00+01:00,22744.4785,22769.0005,22647.8275,22707.3
2025-07-08T22:00:00+01:00,22725.9215,22730.2895,22661.483,22699.0885
2025-07-09T06:00:00+01:00,22699.2785,22761.838,22650.8775,22742.89
2025-07-09T14:00:00+01:00,22742.6,22917.1,22729.3765,22867.1715
2025-07-09T22:00:00+01:00,22859.784,22876.089,22797.373,22806.5445
2025-07-10T06:00:00+01:00,22806.5665,22888.1335,22790.4005,22860.362
2025-07-10T14:00:00+01:00,22860.489,22901.0165,22714.2165,22815.1945
2025-07-10T22:00:00+01:00,22844.1945,22868.017,22650.3,22785.6175
2025-07-11T06:00:00+01:00,22784.572,22794.1775,22672.6555,22723.8105
2025-07-11T14:00:00+01:00,22723.3115,22840.622,22683.178,22759.8005
2025-07-13T22:00:00+01:00,22666.984,22709.3055,22639.0225,22684.051
2025-07-14T06:00:00+01:00,22683.972,22730.695,22627.115,22720.5675
2025-07-14T14:00:00+01:00,22720.0115,22888.0105,22664.6165,22850.2115
2025-07-14T22:00:00+01:00,22848.178,22997.527,22821.7775,22940.1165
2025-07-15T06:00:00+01:00,22940.004,23032.033,22937.993,23020.049
2025-07-15T14:00:00+01:00,23019.894,23046.827,22843.738,22848.3605
2025-07-15T22:00:00+01:00,22853.584,22860.3845,22801.1835,22847.5055
2025-07-16T06:00:00+01:00,22851.5275,22910.9335,22756.3,22900.222
2025-07-16T14:00:00+01:00,22899.978,22928.2105,22666.7785,22902.438
2025-07-16T22:00:00+01:00,22888.305,22889.573,22848.132,22871.917
2025-07-17T06:00:00+01:00,22871.8,22982.349,22869.9455,22976.906
2025-07-17T14:00:00+01:00,22976.5,23108.616,22897.1055,23084.3275
2025-07-17T22:00:00+01:00,23087.778,23124.328,23086.1555,23114.8055
2025-07-18T06:00:00+01:00,23114.689,23145.6275,23087.578,23105.0055
2025-07-18T14:00:00+01:00,23105.016,23157.101,23014.1435,23062.7335
2025-07-20T22:00:00+01:00,23052.728,23118.3945,23046.083,23111.238
2025-07-21T06:00:00+01:00,23111.1115,23149.6785,23077.6055,23079.1105
2025-07-21T14:00:00+01:00,23079.322,23263.929,23065.1265,23191.3015
2025-07-21T22:00:00+01:00,23191.527,23210.2895,23140.6105,23149.5105
2025-07-22T06:00:00+01:00,23149.6215,23190.7835,23112.677,23177.995
2025-07-22T14:00:00+01:00,23177.989,23190.815,22956.3015,23043.616
2025-07-22T22:00:00+01:00,23045.8005,23114.662,23018.7275,23096.716
2025-07-23T06:00:00+01:00,23096.194,23130.7115,23078.328,23084.393
2025-07-23T14:00:00+01:00,23084.3,23252.951,22996.8555,23249.5175
2025-07-23T22:00:00+01:00,23242.3765,23272.2445,23223.3675,23230.3995
2025-07-24T06:00:00+01:00,23230.177,23253.2055,23177.967,23210.4165
2025-07-24T14:00:00+01:00,23210.5275,23271.528,23149.6,23241.4995
2025-07-24T22:00:00+01:00,23251.622,23297.0505,23246.4615,23253.5095
2025-07-25T06:00:00+01:00,23253.8945,23268.6775,23205.6325,23227.095
2025-07-25T14:00:00+01:00,23226.8785,23332.2055,23189.2945,23288.4835
2025-07-27T22:00:00+01:00,23383.7725,23423.134,23361.722,23416.434
2025-07-28T06:00:00+01:00,23416.522,23441.5115,23341.7335,23371.016
2025-07-28T14:00:00+01:00,23371.1995,23386.484,23296.8725,23358.1835
2025-07-28T22:00:00+01:00,23372.617,23413.327,23371.2055,23404.728
2025-07-29T06:00:00+01:00,23404.699,23474.849,23402.911,23441.1055
2025-07-29T14:00:00+01:00,23440.7785,23513.8115,23282.594,23315.206
2025-07-29T22:00:00+01:00,23327.184,23369.622,23320.2215,23365.523
2025-07-30T06:00:00+01:00,23365.284,23383.312,23325.2335,23354.295
2025-07-30T14:00:00+01:00,23351.889,23552.6165,23220.7105,23533.7
2025-07-30T22:00:00+01:00,23574.689,23676.0445,23557.077,23672.5055
2025-07-31T06:00:00+01:00,23672.5785,23711.8275,23620,23667.9015
2025-07-31T14:00:00+01:00,23667.496,23670.0275,23172.4005,23193.683
2025-07-31T22:00:00+01:00,23208.989,23218.7775,23103.2995,23190.2225
2025-08-01T06:00:00+01:00,23190.2725,23196.5345,22903.189,22941.938
2025-08-01T14:00:00+01:00,22942.378,22975.8995,22670.7505,22773.407
2025-08-03T22:00:00+01:00,22740.4015,22871.7225,22705.3615,22852.933
2025-08-04T06:00:00+01:00,22853.127,22964.3545,22831.5835,22959.222
2025-08-04T14:00:00+01:00,22958.7935,23220.1,22953.8,23216.8385
2025-08-04T22:00:00+01:00,23222.578,23259.0165,23199.683,23244.011
2025-08-05T06:00:00+01:00,23244.1725,23288.7345,23198.3005,23245.733
2025-08-05T14:00:00+01:00,23245.789,23282.538,23002.833,23032.673
2025-08-05T22:00:00+01:00,22960.6885,23064.4225,22936.816,23052.8
2025-08-06T06:00:00+01:00,23052.8945,23117.922,22998.462,23069.395
2025-08-06T14:00:00+01:00,23068.7165,23331.8445,23040.222,23293.1955
2025-08-06T22:00:00+01:00,23280.339,23400.7275,23279.7885,23354.3455
2025-08-07T06:00:00+01:00,23354.6715,23527.8055,23344.7115,23486.878
2025-08-07T14:00:00+01:00,23487.7835,23560.738,23224.8385,23424.595
2025-08-07T22:00:00+01:00,23420.378,23483.211,23420.378,23443.8615
2025-08-08T06:00:00+01:00,23443.9995,23482.3895,23403.8665,23433.916
2025-08-08T14:00:00+01:00,23434.049,23661.2115,23422.4375,23661.2115
2025-08-10T22:00:00+01:00,23630.3005,23669.5215,23598.127,23639.084
2025-08-11T06:00:00+01:00,23639.1565,23661.3955,23564.961,23618.7995
2025-08-11T14:00:00+01:00,23619.0115,23701.346,23484.916,23525.6505
2025-08-11T22:00:00+01:00,23538.489,23575.9825,23514.7675,23571.4995
2025-08-12T06:00:00+01:00,23571.5275,23721.544,23495.9165,23690.7665
2025-08-12T14:00:00+01:00,23690.505,23845.717,23522.9725,23828.8
2025-08-12T22:00:00+01:00,23832.3055,23866.3905,23821.756,23855.7995
2025-08-13T06:00:00+01:00,23855.283,23932.822,23834.56,23919.3005
2025-08-13T14:00:00+01:00,23919.289,23969.1055,23787.6835,23835.1935
2025-08-13T22:00:00+01:00,23828.539,23868.7335,23817.199,23838.227
2025-08-14T06:00:00+01:00,23838.084,23869.6385,23698.5555,23749.2055
2025-08-14T14:00:00+01:00,23748.815,23910.1385,23721.411,23774.0005
2025-08-14T22:00:00+01:00,23798.1895,23855.5045,23783.138,23846.584
2025-08-15T06:00:00+01:00,23846.133,23872.0345,23781.706,23814.367
2025-08-15T14:00:00+01:00,23814.29,23833.2055,23647.0835,23720.489
2025-08-17T22:00:00+01:00,23748.3985,23794.7395,23746.938,23762.111
2025-08-18T06:00:00+01:00,23761.982,23770.5225,23652.6055,23688.373
2025-08-18T14:00:00+01:00,23688.122,23738.4835,23633.511,23711.683
2025-08-18T22:00:00+01:00,23747.3105,23751.501,23655.3835,23673.9725
2025-08-19T06:00:00+01:00,23674.3105,23721.0395,23647.2825,23660.2445
2025-08-19T14:00:00+01:00,23660.7935,23686.807,23344.0885,23388.3945
2025-08-19T22:00:00+01:00,23398.9565,23405.795,23259.4565,23272.373
2025-08-20T06:00:00+01:00,23271.8325,23372.1835,23255.356,23346.883
2025-08-20T14:00:00+01:00,23346.8055,23350.938,22958.1935,23240.8
2025-08-20T22:00:00+01:00,23242.904,23291.973,23190.538,23263.522
2025-08-21T06:00:00+01:00,23263.744,23290.4005,23138.6285,23146.389
2025-08-21T14:00:00+01:00,23146.838,23269.944,23043.5,23144.689
2025-08-21T22:00:00+01:00,23165.816,23181.3005,23110.406,23138.305
2025-08-22T06:00:00+01:00,23138.1435,23208.967,23007.4115,23170.4885
2025-08-22T14:00:00+01:00,23170.9835,23577.279,23135.971,23505.0055
2025-08-24T22:00:00+01:00,23503.4,23527.516,23451.233,23485.2215
2025-08-25T06:00:00+01:00,23485.4165,23498.3785,23392.399,23409.184
2025-08-25T14:00:00+01:00,23409.405,23548.2335,23375.4,23444.0885
2025-08-25T22:00:00+01:00,23446.9215,23454.8995,23306.3675,23390.384
2025-08-26T06:00:00+01:00,23390.083,23440.117,23350.9505,23405.2055
2025-08-26T14:00:00+01:00,23405.589,23543.9165,23363.044,23542.133
2025-08-26T22:00:00+01:00,23549.478,23564.485,23530.0725,23552.056
2025-08-27T06:00:00+01:00,23552.2615,23556.434,23499.2675,23517.3045
2025-08-27T14:00:00+01:00,23517.5005,23594.8545,23454.467,23553.585
2025-08-27T22:00:00+01:00,23451.4055,23524.1725,23428.467,23501.9105
2025-08-28T06:00:00+01:00,23501.715,23601.949,23480.5835,23573.611
2025-08-28T14:00:00+01:00,23573.7885,23741.311,23513.988,23699.473
2025-08-28T22:00:00+01:00,23704.4785,23705.6,23662.9565,23665.111
2025-08-29T06:00:00+01:00,23665.2385,23684.34,23559.88,23613.8855
2025-08-29T14:00:00+01:00,23614.119,23617.449,23352.212,23418.25
2025-08-31T22:00:00+01:00,23428.9945,23505.309,23360.5975,23381.011
2025-09-01T06:00:00+01:00,23379.886,23455.5275,23324.2315,23430.369
2025-09-01T14:00:00+01:00,23430.011,23459.84,23396.3415,23452.7475
2025-09-01T22:00:00+01:00,23462.7115,23464.1415,23371.724,23393.3915
2025-09-02T06:00:00+01:00,23393.6635,23407.674,23037.1355,23052.2335
2025-09-02T14:00:00+01:00,23052.1355,23328.4035,22981.6245,23306.2035
2025-09-02T22:00:00+01:00,23343.3585,23344.1285,23257.969,23289.241
2025-09-03T06:00:00+01:00,23288.761,23416.2885,23266.25,23380.608
2025-09-03T14:00:00+01:00,23381.5055,23480.981,23278.157,23412.384
2025-09-03T22:00:00+01:00,23415.294,23491.1305,23390.375,23449.7995
2025-09-04T06:00:00+01:00,23449.5185,23493.373,23410.4295,23444.261
2025-09-04T14:00:00+01:00,23442.489,23656.378,23369.4725,23651.0045
2025-09-04T22:00:00+01:00,23665.498,23714.373,23655.45,23708.147
2025-09-05T06:00:00+01:00,23708.228,23838.166,23690.4945,23837.5385
2025-09-05T14:00:00+01:00,23837.641,23864.761,23468.8745,23639.4115
2025-09-07T22:00:00+01:00,23634.647,23757.928,23617.3475,23700.4705
2025-09-08T06:00:00+01:00,23700.1085,23756.544,23695.8475,23745.1025
2025-09-08T14:00:00+01:00,23744.924,23852.081,23725.509,23768.5185
2025-09-08T22:00:00+01:00,23767.261,23815.2665,23759.011,23805.7445
2025-09-09T06:00:00+01:00,23805.6305,23853.0055,23779.843,23807.2445
2025-09-09T14:00:00+01:00,23806.9615,23854.824,23694.021,23845.373
2025-09-09T22:00:00+01:00,23869.1305,23896.0565,23846.0275,23893.364
2025-09-10T06:00:00+01:00,23893.612,24011.978,23853.7195,23975.634
2025-09-10T14:00:00+01:00,23975.6685,23986.272,23756.4415,23842.047
2025-09-10T22:00:00+01:00,23834.897,23893.7775,23832.1305,23854.6305
2025-09-11T06:00:00+01:00,23855.092,23949.8805,23846.514,23934.641
2025-09-11T14:00:00+01:00,23934.4945,24016.7605,23886.1685,23979.7135
2025-09-11T22:00:00+01:00,24002.864,24006.3675,23973.291,24001.0495
2025-09-12T06:00:00+01:00,24001.103,24028.666,23950.0505,24023
2025-09-12T14:00:00+01:00,24022.1105,24136.794,23983.4945,24089.5825
2025-09-14T22:00:00+01:00,24094.636,24115.261,24075.0055,24113.489
2025-09-15T06:00:00+01:00,24113.636,24155.489,24058.7335,24155.152
2025-09-15T14:00:00+01:00,24155.5275,24296.8785,24144.8935,24270.4215
2025-09-15T22:00:00+01:00,24276.636,24328.6135,24269.7555,24322.744
2025-09-16T06:00:00+01:00,24322.9395,24389.2755,24319.7235,24339.6425
2025-09-16T14:00:00+01:00,24340.0045,24352.621,24246.2125,24283.6795
2025-09-16T22:00:00+01:00,24281.8805,24302.412,24258.8805,24270.1065
2025-09-17T06:00:00+01:00,24270.2445,24303.855,24207.442,24275.63
2025-09-17T14:00:00+01:00,24275.8455,24296.11,23993.32,24253.8235
2025-09-17T22:00:00+01:00,24250.8555,24402.986,24245.3335,24395.3225
2025-09-18T06:00:00+01:00,24394.9695,24512.522,24336.208,24440.097
2025-09-18T14:00:00+01:00,24439.836,24563.5235,24349,24440.012
2025-09-18T22:00:00+01:00,24470.7665,24503.033,24435.875,24474.169
2025-09-19T06:00:00+01:00,24474.853,24508.5265,24408.967,24491.8605
2025-09-19T14:00:00+01:00,24492.13,24637.5385,24469.579,24620.138
2025-09-21T22:00:00+01:00,24600.2205,24626.511,24577.9945,24602.9615
2025-09-22T06:00:00+01:00,24603.1305,24612.6195,24499.7555,24549.66
2025-09-22T14:00:00+01:00,24549.63,24782.003,24535.88,24742.641
2025-09-22T22:00:00+01:00,24756.2665,24766.5645,24733.5975,24746.386
2025-09-23T06:00:00+01:00,24746.261,24785.1135,24732.2225,24768.4835
2025-09-23T14:00:00+01:00,24768.369,24769.5055,24538.0605,24592.0565
2025-09-23T22:00:00+01:00,24604.5385,24621.4815,24570.452,24610.5055
2025-09-24T06:00:00+01:00,24610.3915,24671.5275,24605.2465,24640.7335
2025-09-24T14:00:00+01:00,24640.239,24657.891,24388.426,24511.49
2025-09-24T22:00:00+01:00,24514.4165,24555.9,24503.813,24523.7475
2025-09-25T06:00:00+01:00,24523.867,24526.459,24309.389,24332.4145
2025-09-25T14:00:00+01:00,24332.0415,24461.1515,24186.367,24389.0225
2025-09-25T22:00:00+01:00,24400.215,24436.3805,24346.783,24351.614
2025-09-26T06:00:00+01:00,24351.8895,24517.9075,24341.0055,24466.4075
2025-09-26T14:00:00+01:00,24466,24517.7695,24296.1265,24516.8845
2025-09-28T22:00:00+01:00,24505.5165,24609.3275,24503.272,24603.339
2025-09-29T06:00:00+01:00,24603.927,24685.391,24588.7725,24675.627
2025-09-29T14:00:00+01:00,24674.8455,24748.0085,24555.9605,24603.9985
2025-09-29T22:00:00+01:00,24594,24634.4615,24583.9965,24601.3255
2025-09-30T06:00:00+01:00,24600.897,24633.873,24533.0165,24610.384
2025-09-30T14:00:00+01:00,24610.511,24688.732,24499.7565,24632.8855
2025-09-30T22:00:00+01:00,24622.6135,24655.6195,24542.761,24553.147
2025-10-01T06:00:00+01:00,24553.3915,24583.902,24413.0015,24556.1135
2025-10-01T14:00:00+01:00,24556.4075,24816.5085,24505.652,24778.372
2025-10-01T22:00:00+01:00,24789.4945,24862.522,24789.3585,24853.239
2025-10-02T06:00:00+01:00,24852.989,24949.8745,24839.9195,24947.88
2025-10-02T14:00:00+01:00,24948.1245,24965.7665,24781.01,24907.003
2025-10-02T22:00:00+01:00,24892.6395,24968.4135,24865.285,24966.0055
2025-10-03T06:00:00+01:00,24965.8635,24988.1465,24895.5385,24912.13
2025-10-03T14:00:00+01:00,24912.1175,24958.8745,24713.858,24774.456
2025-10-05T22:00:00+01:00,24801.544,24904.533,24801.544,24897.5165
2025-10-06T06:00:00+01:00,24897.018,25037.3415,24841.7445,24986.9835
2025-10-06T14:00:00+01:00,24987.228,25045.3185,24904.88,24968.294
2025-10-06T22:00:00+01:00,24981.447,24990.5925,24916.93,24975.9245
2025-10-07T06:00:00+01:00,24975.6305,25050.253,24921.3965,25047.0165
2025-10-07T14:00:00+01:00,25047.119,25067.6395,24778.8415,24856.3635
2025-10-07T22:00:00+01:00,24858.742,24894.924,24828.4835,24888.739
2025-10-08T06:00:00+01:00,24888.764,24912.2965,24827.489,24863.978
2025-10-08T14:00:00+01:00,24864.38,25142.737,24856.2845,25131.53
2025-10-08T22:00:00+01:00,25154.0055,25195.086,25109.353,25142.641
2025-10-09T06:00:00+01:00,25142.5385,25169.25,25094.6215,25132.63
2025-10-09T14:00:00+01:00,25132.4615,25137.217,24964.616,25089.5465
2025-10-09T22:00:00+01:00,25105.625,25166.804,25103.0165,25119.5915
2025-10-10T06:00:00+01:00,25119.217,25166.033,25063.391,25109.761
2025-10-10T14:00:00+01:00,25109.5165,25199.242,24207.467,24265.033
2025-10-12T22:00:00+01:00,24381.476,24681.25,24381.476,24644.3745
2025-10-13T06:00:00+01:00,24643.1245,24771.413,24558.6695,24612.2625
2025-10-13T14:00:00+01:00,24612.522,24781.141,24549.8635,24735.13
2025-10-13T22:00:00+01:00,24729.998,24867.652,24574.097,24629.25
2025-10-14T06:00:00+01:00,24628.402,24638.163,24326.2195,24443.7445
2025-10-14T14:00:00+01:00,24443.3415,24771.0915,24247.7775,24554.217
2025-10-14T22:00:00+01:00,24580.8805,24682.177,24567.9835,24670.88
2025-10-15T06:00:00+01:00,24688.489,24851.856,24682.358,24848.641
2025-10-15T14:00:00+01:00,24848.88,24939.7885,24490.2855,24766.8615
2025-10-15T22:00:00+01:00,24766.2885,24819.7445,24702.7995,24757.141
2025-10-16T06:00:00+01:00,24758.663,24927.1465,24747.225,24908.011
2025-10-16T14:00:00+01:00,24907.97,25004.22,24473.491,24581.7335
2025-10-16T22:00:00+01:00,24624.5,24692.9945,24535.7555,24541.377
2025-10-17T06:00:00+01:00,24541.272,24636.533,24245.2445,24572.7255
2025-10-17T14:00:00+01:00,24572.8715,24883.8895,24507.4835,24841.3965
2025-10-19T22:00:00+01:00,24923.7775,24953.813,24790.63,24946.0165
2025-10-20T06:00:00+01:00,24946.1435,24988.6605,24874.869,24966.373
2025-10-20T14:00:00+01:00,24965.902,25184.1575,24950.6575,25149.851
2025-10-20T22:00:00+01:00,25162.1065,25204.369,25131.836,25143.8415
2025-10-21T06:00:00+01:00,25144.75,25153.25,25089.518,25135.3895
2025-10-21T14:00:00+01:00,25134.2885,25183.533,25040.078,25080.7225
2025-10-21T22:00:00+01:00,25118.63,25172.761,25056.902,25157.261
2025-10-22T06:00:00+01:00,25157.141,25178.2665,25046.739,25100.388
2025-10-22T14:00:00+01:00,25100.641,25129.2845,24648.133,24898.3975
2025-10-22T22:00:00+01:00,24854.59,24959.938,24798.3005,24918.2665
2025-10-23T06:00:00+01:00,24918.2515,24974.2225,24784.293,24855.63
2025-10-23T14:00:00+01:00,24855.38,25126.478,24789.119,25111.5275
2025-10-23T22:00:00+01:00,25129.0975,25185.8295,25129.0975,25182.8855
2025-10-24T06:00:00+01:00,25182.7665,25373.6135,25174.456,25310.6135
2025-10-24T14:00:00+01:00,25310.717,25418.663,25282.149,25357.3935
2025-10-26T21:00:00+00:00,25605.775,25627.18,25554.758,25616.646
2025-10-27T05:00:00+00:00,25616.9,25706.849,25615.6165,25685.4
2025-10-27T13:00:00+00:00,25685.172,25835.28,25650.7635,25828.389
2025-10-27T21:00:00+00:00,25854.1355,25875.3525,25813.663,25815.2335
2025-10-28T05:00:00+00:00,25816.424,25881.9945,25800.847,25870.3455
2025-10-28T13:00:00+00:00,25869.7115,26086.391,25863.9725,26010.533
2025-10-28T21:00:00+00:00,26037.774,26109.492,26022.0915,26102.8935
2025-10-29T05:00:00+00:00,26102.6435,26166.88,26083.578,26117.4835
2025-10-29T13:00:00+00:00,26117.6465,26233.1525,25907.0995,26085.544
2025-10-29T21:00:00+00:00,26019.8695,26257.8635,25998.478,26064.6135
2025-10-30T05:00:00+00:00,26064.877,26186.9945,25945,25946.4945
2025-10-30T13:00:00+00:00,25946.336,26035.8635,25713.739,25856.869
2025-10-30T21:00:00+00:00,26018.7665,26077.824,25991.8965,26056.989
2025-10-31T05:00:00+00:00,26056.913,26137.152,26008.728,26076.369
2025-10-31T13:00:00+00:00,26076.2775,26081.272,25753.75,25848.478
2025-11-02T22:00:00+00:00,25891.2335,25988.772,25880.061,25933.5085
2025-11-03T06:00:00+00:00,25934.2335,26057.347,25883.2225,26055.0165
2025-11-03T14:00:00+00:00,26054.902,26131.6395,25883.6135,25993.7225
2025-11-03T22:00:00+00:00,25967.991,25970.504,25678.7335,25693.239
2025-11-04T06:00:00+00:00,25693.1685,25696.0915,25515.9905,25587.011
2025-11-04T14:00:00+00:00,25587.3525,25764.369,25418.7445,25439.7625
2025-11-04T22:00:00+00:00,25426.697,25450.434,25159.8515,25358.186
2025-11-05T06:00:00+00:00,25358.603,25472.5865,25281.156,25463.883
2025-11-05T14:00:00+00:00,25463.98,25752.5965,25364.9745,25580.4765
2025-11-05T22:00:00+00:00,25630.919,25653.723,25496.2405,25572.1355
2025-11-06T06:00:00+00:00,25571.402,25701.5165,25508.8005,25646.0165
2025-11-06T14:00:00+00:00,25646.1245,25653.3635,25081.9565,25172.4545
2025-11-06T22:00:00+00:00,25187.5275,25239.351,25051.914,25221.7555
2025-11-07T06:00:00+00:00,25221.402,25244.7005,24953.13,25001.847
2025-11-07T14:00:00+00:00,25001.783,25100.094,24602.339,25092.901
2025-11-09T22:00:00+00:00,25239.652,25389.9615,25163.246,25377.6355
2025-11-10T06:00:00+00:00,25377.163,25462.619,25352.391,25450.467
2025-11-10T14:00:00+00:00,25450.5915,25655.46,25351.8965,25630.249
2025-11-10T22:00:00+00:00,25631.134,25668.1245,25551.8525,25552.369
2025-11-11T06:00:00+00:00,25552.033,25603.3745,25469.739,25493.9615
2025-11-11T14:00:00+00:00,25493.9755,25589.6445,25378.2135,25568.9145
2025-11-11T22:00:00+00:00,25563.986,25657.252,25526.067,25639.8445
2025-11-12T06:00:00+00:00,25639.719,25726.413,25617.828,25696.8225
2025-11-12T14:00:00+00:00,25697.1,25697.9295,25387.9215,25544.031
2025-11-12T22:00:00+00:00,25523.935,25615.638,25399.4125,25593.431
2025-11-13T06:00:00+00:00,25593.55,25617.933,25390.5665,25396.6335
2025-11-13T14:00:00+00:00,25396.781,25407.8595,24905.6975,25056.39
2025-11-13T22:00:00+00:00,24998.397,25059.38,24880.7335,25007.141
2025-11-14T06:00:00+00:00,25006.72,25009.022,24563.869,24623.2695
2025-11-14T14:00:00+00:00,24623.3855,25201.2945,24532.2625,25042.2715
2025-11-16T22:00:00+00:00,25049.0085,25199.1575,24935.4725,25158.877
2025-11-17T06:00:00+00:00,25159.272,25274.063,24923.4835,24991.268
2025-11-17T14:00:00+00:00,24991.608,25166.858,24647.239,24833.979
2025-11-17T22:00:00+00:00,24814.217,24875.619,24524.25,24625.8855
2025-11-18T06:00:00+00:00,24627.3455,24774.7585,24520.619,24647.619
2025-11-18T14:00:00+00:00,24647.261,24747.0805,24297.347,24479.0455
2025-11-18T22:00:00+00:00,24464.8695,24575.1465,24365.8525,24454.141
2025-11-19T06:00:00+00:00,24453.9725,24648.6465,24439.767,24583.9945
2025-11-19T14:00:00+00:00,24583.8965,24905.783,24430.3015,24642.512
2025-11-19T22:00:00+00:00,24873.478,25125.163,24872.1585,25085.13
2025-11-20T06:00:00+00:00,25085.761,25181.0495,24939.0915,25146.489
2025-11-20T14:00:00+00:00,25146.6465,25222.413,24012.51,24034.8655
2025-11-20T22:00:00+00:00,24011.2225,24164.3745,23946.9075,24068.239
2025-11-21T06:00:00+00:00,24069.514,24219.011,23831.556,24170.514
2025-11-21T14:00:00+00:00,24170.8745,24520.556,23854.38,24251.648
2025-11-23T22:00:00+00:00,24417.8805,24464.4725,24335.869,24426.489
2025-11-24T06:00:00+00:00,24426.7555,24494.739,24293.104,24429.641
2025-11-24T14:00:00+00:00,24429.7225,24920.6745,24426.1355,24888.24
2025-11-24T22:00:00+00:00,24896.489,24917.6245,24845.1265,24852.413
2025-11-25T06:00:00+00:00,24852.5165,24906.869,24753.728,24815.1685
2025-11-25T14:00:00+00:00,24815.2115,25066.978,24534.373,25009.239
2025-11-25T22:00:00+00:00,25015.152,25141.362,25001.511,25138.6465
2025-11-26T06:00:00+00:00,25138.7405,25174.6685,25058.119,25153.6355
2025-11-26T14:00:00+00:00,25152.75,25310.602,25074.9615,25250.951
2025-11-26T22:00:00+00:00,25255.5805,25276.9255,25241.95,25261.852
2025-11-27T06:00:00+00:00,25262.0305,25266.363,25227.892,25238.189
2025-11-27T14:00:00+00:00,25238.08,25255.4555,25223.819,25237.468
2025-11-27T22:00:00+00:00,25252.661,25311.4605,25246.9175,25291.747
2025-11-28T06:00:00+00:00,25291.747,25340.922,25291.747,25316.014
2025-11-28T14:00:00+00:00,25316.5305,25443.839,25276.107,25421.7815
2025-11-30T22:00:00+00:00,25475.6305,25483.2335,25143.869,25202.119
2025-12-01T06:00:00+00:00,25193.7225,25292.717,25160.2445,25215.25
2025-12-01T14:00:00+00:00,25215.0055,25444.137,25158.2335,25338.278
2025-12-01T22:00:00+00:00,25365.0385,25396.3855,25300.978,25325.239
2025-12-02T06:00:00+00:00,25323.5,25466.38,25277.2665,25458.246
2025-12-02T14:00:00+00:00,25458.742,25621.7425,25367.5175,25547.4745
2025-12-02T22:00:00+00:00,25576.413,25630.717,25530.3225,25614.3855
2025-12-03T06:00:00+00:00,25614.127,25631.211,25559.586,25602.6245
2025-12-03T14:00:00+00:00,25602.66,25639.73,25375.402,25602.9325
2025-12-03T22:00:00+00:00,25607.136,25621.858,25570.7225,25596.3745
2025-12-04T06:00:00+00:00,25596.4505,25648.7775,25560.16,25589.13
2025-12-04T14:00:00+00:00,25588.369,25688.7665,25446.276,25586.7935
2025-12-04T22:00:00+00:00,25595.114,25684.0195,25568.5915,25683.3525
2025-12-05T06:00:00+00:00,25682.967,25715.264,25539.369,25573.9615
2025-12-05T14:00:00+00:00,25574.391,25827.1465,25571.703,25695.599
2025-12-07T22:00:00+00:00,25716.8585,25768.0055,25664.6245,25758.3855
2025-12-08T06:00:00+00:00,25758.467,25796.7045,25726.4185,25774.362
2025-12-08T14:00:00+00:00,25774.011,25824.5055,25530.242,25624.554
2025-12-08T22:00:00+00:00,25680.6245,25695.9435,25630.4725,25630.761
2025-12-09T06:00:00+00:00,25631.25,25679.813,25574.4945,25583.2665
2025-12-09T14:00:00+00:00,25583.3525,25700.7945,25527.7445,25652.021
2025-12-09T22:00:00+00:00,25651.114,25680.4835,25610.978,25652.5015
2025-12-10T06:00:00+00:00,25652.7115,25716.511,25586.63,25643.9945
2025-12-10T14:00:00+00:00,25644.7225,25834.3255,25500.743,25758.121
2025-12-10T22:00:00+00:00,25746.2775,25764.0695,25357.718,25487.9075
2025-12-11T06:00:00+00:00,25488.149,25674.7045,25446.141,25617.7585
2025-12-11T14:00:00+00:00,25618.0275,25721.937,25364.7335,25717.6385
2025-12-11T22:00:00+00:00,25688.1305,25714.948,25624.347,25672.489
2025-12-12T06:00:00+00:00,25672.518,25686.119,25514.7195,25607.5385
2025-12-12T14:00:00+00:00,25607.3965,25614.4835,25102.836,25200.6045
2025-12-14T22:00:00+00:00,25210.522,25270.1175,25119.5575,25263.7555
2025-12-15T06:00:00+00:00,25262.649,25369.7885,25217.3355,25366.8965
2025-12-15T14:00:00+00:00,25366.641,25395.0055,25016.2455,25078.049
2025-12-15T22:00:00+00:00,25086.1245,25106.0115,24837.119,24846.8745
2025-12-16T06:00:00+00:00,24848.16,25117.301,24808.7515,24985.757
2025-12-16T14:00:00+00:00,24986.489,25190.223,24908.7445,25091.4835
2025-12-16T22:00:00+00:00,25096.965,25130.9295,25017.052,25103.619
2025-12-17T06:00:00+00:00,25102.731,25258.663,25102.63,25215.138
2025-12-17T14:00:00+00:00,25215.3635,25230.63,24650.988,24753.658
2025-12-17T22:00:00+00:00,24755.011,24776.8855,24666.703,24750.3745
2025-12-18T06:00:00+00:00,24750.2335,25028.6085,24719.086,24987.91
2025-12-18T14:00:00+00:00,24987.862,25164.7575,24926.4945,24967.282
2025-12-18T22:00:00+00:00,25005.875,25086.6445,24974.9835,25056.086
2025-12-19T06:00:00+00:00,25056.489,25158.1245,25031.9075,25087.7225
2025-12-19T14:00:00+00:00,25088.0275,25364.44,25063.63,25343.119
2025-12-21T22:00:00+00:00,25427.364,25462.033,25394.7225,25437
2025-12-22T06:00:00+00:00,25436.902,25519.666,25436.902,25515.847
2025-12-22T14:00:00+00:00,25515.728,25557.283,25393.149,25466.34
2025-12-22T22:00:00+00:00,25471.336,25506.983,25446.599,25446.8025
2025-12-23T06:00:00+00:00,25446.297,25497.4775,25377.461,25388.939
2025-12-23T14:00:00+00:00,25389.189,25590.7755,25377.983,25578.4135
2025-12-23T22:00:00+00:00,25582.858,25599.048,25552.5415,25565.591
2025-12-24T06:00:00+00:00,25565.6835,25606.33,25558.167,25597.591
2025-12-24T14:00:00+00:00,25597.1945,25665.684,25558.983,25643.438
2025-12-25T22:00:00+00:00,25663.3585,25697.272,25647.5055,25656.63
2025-12-26T06:00:00+00:00,25657.3855,25703.8855,25624.1575,25677.63
2025-12-26T14:00:00+00:00,25677.858,25715.586,25615.464,25651.009
2025-12-28T22:00:00+00:00,25658.274,25678.3965,25602.817,25605.5
2025-12-29T06:00:00+00:00,25605.272,25627.6575,25446.63,25478.619
2025-12-29T14:00:00+00:00,25479.6245,25603.38,25438.28,25521.981
2025-12-29T22:00:00+00:00,25531.739,25542.3855,25484.3855,25532.25
2025-12-30T06:00:00+00:00,25532.336,25540.1575,25472.847,25501.8525
2025-12-30T14:00:00+00:00,25502.1465,25579.8715,25456.7935,25474.5655
2025-12-30T22:00:00+00:00,25473.2445,25483.1215,25382.7085,25393.3745
2025-12-31T06:00:00+00:00,25393.272,25506.8635,25345.7115,25495.086
2025-12-31T14:00:00+00:00,25494.869,25508.641,25236.0745,25250.14
2026-01-01T22:00:00+00:00,25284.8275,25443.1635,25251.822,25439.3
2026-01-02T06:00:00+00:00,25439.18,25540.6245,25424.0725,25495.3745
2026-01-02T14:00:00+00:00,25495.2335,25603.2475,25082.379,25211.9545
2026-01-04T22:00:00+00:00,25254.899,25315.4615,25225.6135,25313.529
2026-01-05T06:00:00+00:00,25313.3455,25408.8745,25273.847,25394.261
2026-01-05T14:00:00+00:00,25394.119,25522.002,25358.88,25394.473
2026-01-05T22:00:00+00:00,25403,25471.1175,25371.1355,25461.391
2026-01-06T06:00:00+00:00,25461.141,25491.938,25345.007,25434.63
2026-01-06T14:00:00+00:00,25434.533,25652.4255,25410.9185,25635.6595
2026-01-06T22:00:00+00:00,25652.0805,25662.3185,25593.351,25600.981
2026-01-07T06:00:00+00:00,25601.0055,25617.6175,25544.902,25606.522
2026-01-07T14:00:00+00:00,25606.6685,25813.5085,25579.873,25648.1055
2026-01-07T22:00:00+00:00,25665.222,25673.2685,25561.819,25562.1725
2026-01-08T06:00:00+00:00,25563.0855,25641.1465,25495.0965,25622.6465
2026-01-08T14:00:00+00:00,25621.761,25634.022,25395.2445,25511.863
2026-01-08T22:00:00+00:00,25546.397,25555.5455,25456.1215,25521.75
2026-01-09T06:00:00+00:00,25521.2665,25635.282,25481.1155,25632.7335
2026-01-09T14:00:00+00:00,25632.663,25812.7795,25443.706,25761.4085
2026-01-11T22:00:00+00:00,25781.6415,25782.5165,25508.1465,25530.369
2026-01-12T06:00:00+00:00,25531.141,25595.2445,25466.6435,25576.1285
2026-01-12T14:00:00+00:00,25576.3745,25851.86,25553.13,25790.581
2026-01-12T22:00:00+00:00,25787,25789.044,25681.3745,25736.6025
2026-01-13T06:00:00+00:00,25736.033,25880.369,25706.108,25805.6355
2026-01-13T14:00:00+00:00,25804.9945,25877.6795,25640.979,25746.3645
2026-01-13T22:00:00+00:00,25735.989,25762.742,25690.056,25693.149
2026-01-14T06:00:00+00:00,25693.1135,25715.511,25538.619,25591.369
2026-01-14T14:00:00+00:00,25590.996,25626.6575,25262.8315,25469.6365
2026-01-14T22:00:00+00:00,25432.864,25485.6135,25400.63,25460.25
2026-01-15T06:00:00+00:00,25460.2695,25756.4755,25449.3825,25733.511
2026-01-15T14:00:00+00:00,25733.753,25792.106,25518.171,25538.95
2026-01-15T22:00:00+00:00,25563.6245,25667.2695,25551.3635,25654.847
2026-01-16T06:00:00+00:00,25654.1465,25718.59,25641.391,25672.022
2026-01-16T14:00:00+00:00,25672.163,25736.4615,25437.8635,25522.4835
2026-01-18T22:00:00+00:00,25305.879,25314.808,25208.1345,25237.4065
2026-01-19T06:00:00+00:00,25237.521,25257.7145,25101.249,25164.39
2026-01-19T14:00:00+00:00,25164.1675,25260.423,25080.137,25244.477
2026-01-19T22:00:00+00:00,25232.25,25284.891,25172.1575,25229.858
2026-01-20T06:00:00+00:00,25229.6135,25237.489,24945.3965,25061.63
2026-01-20T14:00:00+00:00,25061.402,25284.21,24953.9855,25017.1265
2026-01-20T22:00:00+00:00,25002.574,25084.6415,24961.262,25077.419
2026-01-21T06:00:00+00:00,25077.061,25103.863,24883.3065,24941.8195
2026-01-21T14:00:00+00:00,24941.4465,25503.226,24930.789,25378.3055
2026-01-21T22:00:00+00:00,25391.325,25460.9365,25381.5745,25391.797
2026-01-22T06:00:00+00:00,25392.113,25597.9695,25341.689,25594.2015
2026-01-22T14:00:00+00:00,25594.0415,25597.062,25395.558,25501.9885
2026-01-22T22:00:00+00:00,25476.9,25579.2965,25443.4055,25578.3185
2026-01-23T06:00:00+00:00,25577.922,25596.3945,25405.342,25436.0215
2026-01-23T14:00:00+00:00,25435.28,25709.83,25421.9835,25570.013
2026-01-25T22:00:00+00:00,25372.38,25546.449,25263.876,25544.9835
2026-01-26T06:00:00+00:00,25545.3635,25612.2555,25452.5235,25586.5275
2026-01-26T14:00:00+00:00,25587.134,25797.3365,25574.746,25723.617
2026-01-26T22:00:00+00:00,25730.7665,25881.6355,25712.947,25880.261
2026-01-27T06:00:00+00:00,25879.902,25914.753,25839.2515,25862.5165
2026-01-27T14:00:00+00:00,25862.38,25982.991,25789.511,25947.4285
2026-01-27T22:00:00+00:00,25985.1135,26119.63,25985.1135,26116.6575
2026-01-28T06:00:00+00:00,26133.6245,26219.597,26123.5195,26144.511
2026-01-28T14:00:00+00:00,26144.261,26169.1575,25868.594,26066.438
2026-01-28T22:00:00+00:00,26157.085,26167.502,25958.796,26106.55
2026-01-29T06:00:00+00:00,26106.669,26153.0115,26023.6855,26067.191
2026-01-29T14:00:00+00:00,26067.419,26069.463,25411.3745,25860.36
2026-01-29T22:00:00+00:00,25881.9835,25900.7585,25618.399,25715
2026-01-30T06:00:00+00:00,25716.467,25787.152,25531.9725,25708.4075
2026-01-30T14:00:00+00:00,25708.086,25820.956,25455.3105,25532.501
2026-02-01T22:00:00+00:00,25388.2585,25532.6685,25104.4585,25137.3855
2026-02-02T06:00:00+00:00,25137.1025,25426.847,25068.7585,25415.88
2026-02-02T14:00:00+00:00,25416.3965,25833.6475,25407.2225,25762.087
2026-02-02T22:00:00+00:00,25770.4445,25886.3245,25756.201,25876.983
2026-02-03T06:00:00+00:00,25877.428,25917.3935,25812.6945,25856.9585
2026-02-03T14:00:00+00:00,25856.917,25866.308,25112.3085,25340.9275
2026-02-03T22:00:00+00:00,25281.917,25370.241,25259.478,25339.6945
2026-02-04T06:00:00+00:00,25339.3105,25411.33,25239.8325,25254.4665
2026-02-04T14:00:00+00:00,25254.5965,25284.819,24680.683,24945.2145
2026-02-04T22:00:00+00:00,24961.511,25069.761,24816.9945,24897.2665
2026-02-05T06:00:00+00:00,24897.6135,25024.873,24609.044,24668.641
2026-02-05T14:00:00+00:00,24668.228,24860.6245,24450.3575,24506.5855
2026-02-05T22:00:00+00:00,24320.978,24506.033,24150.3635,24491.63
2026-02-06T06:00:00+00:00,24491.5,24781.824,24400.38,24706.91
2026-02-06T14:00:00+00:00,24706.7775,25132.563,24610.347,25040.6875
2026-02-08T22:00:00+00:00,25084.5055,25260.533,25082.9835,25129.108
2026-02-09T06:00:00+00:00,25129.75,25135.9185,24882.154,24993.38
2026-02-09T14:00:00+00:00,24993.6465,25339.432,24869.7225,25284.4285
2026-02-09T22:00:00+00:00,25288.5975,25310.6355,25194.0055,25266.7445
2026-02-10T06:00:00+00:00,25266.88,25336.7695,25207.1575,25287.388
2026-02-10T14:00:00+00:00,25287.268,25361.63,25114.478,25150.2455
2026-02-10T22:00:00+00:00,25174.614,25262.7665,25172.0555,25205.369
2026-02-11T06:00:00+00:00,25205.623,25368.619,25065.369,25361.641
2026-02-11T14:00:00+00:00,25361.728,25382.97,24977.094,25193.614
2026-02-11T22:00:00+00:00,25200.9025,25264.691,25126.756,25259.031
2026-02-12T06:00:00+00:00,25258.7505,25339.9465,25212.7835,25315.8015
2026-02-12T14:00:00+00:00,25316.1855,25318.173,24643.1505,24724.9545
2026-02-12T22:00:00+00:00,24769.8635,24791.108,24620.0055,24639.597
2026-02-13T06:00:00+00:00,24639.478,24750.119,24548.467,24708.88
2026-02-13T14:00:00+00:00,24707.1465,24923.7275,24507.2445,24728.0505
2026-02-15T22:00:00+00:00,24728.603,24805.514,24687.903,24744.1245
2026-02-16T06:00:00+00:00,24744.5015,24851.6025,24727.1575,24775.413
2026-02-16T14:00:00+00:00,24775.522,24775.938,24602.358,24666.836
2026-02-16T22:00:00+00:00,24684.3475,24772.4075,24489.4615,24513.1245
2026-02-17T06:00:00+00:00,24513.2555,24657.2225,24449.663,24543.336
2026-02-17T14:00:00+00:00,24543.478,24820.367,24382.217,24709.842
2026-02-17T22:00:00+00:00,24707.8835,24780.326,24637.9805,24760.664
2026-02-18T06:00:00+00:00,24760.4845,24896.982,24737.9625,24763.6145
2026-02-18T14:00:00+00:00,24764.1035,25060.38,24687.9625,24878.757
2026-02-18T22:00:00+00:00,24879.283,24938.283,24851.1245,24930.533
2026-02-19T06:00:00+00:00,24930.608,24987.7885,24734.4075,24788
2026-02-19T14:00:00+00:00,24787.913,24893.0465,24686.0745,24787.5925
2026-02-19T22:00:00+00:00,24780.4855,24889.4865,24768.0055,24884.5915
2026-02-20T06:00:00+00:00,24885.231,24926.4175,24665.1135,24711.6025
2026-02-20T14:00:00+00:00,24711.336,25079.9755,24621.1355,25018.969
2026-02-22T22:00:00+00:00,24966.331,25001.7335,24751.1245,24782.3635
2026-02-23T06:00:00+00:00,24782.141,24947.34,24776.141,24878.3855
2026-02-23T14:00:00+00:00,24878.2555,24983.283,24614.317,24727.45
2026-02-23T22:00:00+00:00,24741.1215,24835.902,24718.1025,24789.119
2026-02-24T06:00:00+00:00,24789.0955,24848.783,24710.108,24826.2885
2026-02-24T14:00:00+00:00,24826.141,25023.103,24645.076,24965.419
2026-02-24T22:00:00+00:00,24967.1295,25063.8445,24942.589,24989.9855
2026-02-25T06:00:00+00:00,24990.0615,25115.32,24967.7245,25099.7545
2026-02-25T14:00:00+00:00,25099.969,25355.4975,25079.969,25342.0135
2026-02-25T22:00:00+00:00,25338.6195,25371.3415,25218.597,25261.119
2026-02-26T06:00:00+00:00,25263.3965,25368.3785,25260.2335,25337.5055
2026-02-26T14:00:00+00:00,25337.0165,25351.652,24819.137,25023.4435
2026-02-26T22:00:00+00:00,24979.4695,25018.35,24913.111,24997.741
2026-02-27T06:00:00+00:00,24998.567,25056.9295,24753.7245,24828.73
2026-02-27T14:00:00+00:00,24829.2685,24993.3455,24741.0945,24935.2015
2026-03-01T22:00:00+00:00,24628.3185,24861.966,24626.2945,24637.8
2026-03-02T06:00:00+00:00,24637.6525,24699.583,24438.93,24582.0885
2026-03-02T14:00:00+00:00,24582.8275,25059.73,24569.4865,24958.723
2026-03-02T22:00:00+00:00,24961.7575,24974.483,24714.652,24729.3455
2026-03-03T06:00:00+00:00,24729.1575,24763.3635,24335.2015,24460.608
2026-03-03T14:00:00+00:00,24459.8415,24811.772,24316.0345,24700.2
2026-03-03T22:00:00+00:00,24677.8805,24767.674,24490.847,24539.717
2026-03-04T06:00:00+00:00,24539.467,24891.754,24464.88,24855.1215
2026-03-04T14:00:00+00:00,24855.336,25182.124,24793.4615,25114.839
2026-03-04T22:00:00+00:00,25122.741,25208.5165,24991.627,25000.674
2026-03-05T06:00:00+00:00,25001.5055,25171.38,24939.6795,24960.2445
2026-03-05T14:00:00+00:00,24960.772,25172.4945,24741.927,24998.34
2026-03-05T22:00:00+00:00,24988.559,25112.0975,24972.071,25088.6945
2026-03-06T06:00:00+00:00,25088.864,25110.678,24589.6835,24616.6615
2026-03-06T14:00:00+00:00,24613.95,24892.77,24577.66,24629.441
2026-03-08T21:00:00+00:00,24429.6415,24429.6415,23974.246,24075.1355
2026-03-09T05:00:00+00:00,24075.2885,24469.0055,24060.1215,24353.8965
2026-03-09T13:00:00+00:00,24353.597,25022.87,24287.63,24932.152
2026-03-09T21:00:00+00:00,24949.3465,24972.0855,24806.0965,24877.3245
2026-03-10T05:00:00+00:00,24876.352,25119.569,24865.928,24942.3355
2026-03-10T13:00:00+00:00,24941.5855,25189.346,24868.7385,25006.108
2026-03-10T21:00:00+00:00,24989.186,25099.1525,24927.6415,25067.039
2026-03-11T05:00:00+00:00,25067.202,25071.213,24871.463,24920.9215
2026-03-11T13:00:00+00:00,24926.778,25108.1895,24851.371,24940.2305
2026-03-11T21:00:00+00:00,24924.908,24924.908,24677.0385,24698.522
2026-03-12T05:00:00+00:00,24698.2335,24908.09,24697.4585,24813.75
2026-03-12T13:00:00+00:00,24813.9945,24832.764,24495.6645,24510.5575
2026-03-12T21:00:00+00:00,24562.5,24645,24477.2775,24559.3855
2026-03-13T05:00:00+00:00,24559.902,24718.2265,24381.615,24665.6465
2026-03-13T13:00:00+00:00,24665.533,24788.9185,24335.1565,24347.218
2026-03-15T21:00:00+00:00,24305.2225,24535.2985,24282.425,24493.391
2026-03-16T05:00:00+00:00,24493.228,24674.764,24464.5615,24644.0385
2026-03-16T13:00:00+00:00,24644.3745,24797.169,24602.211,24663.5845
2026-03-16T21:00:00+00:00,24650.286,24657.35,24556.825,24612.8945
2026-03-17T05:00:00+00:00,24613.0575,24712.3525,24506.9655,24704.794
2026-03-17T13:00:00+00:00,24705.011,24882.956,24702.017,24795.9035
2026-03-17T21:00:00+00:00,24794.853,24919.3525,24761.761,24910.467
2026-03-18T05:00:00+00:00,24910.7005,24981.6795,24641.451,24651.891
2026-03-18T13:00:00+00:00,24649.6435,24768.75,24393.3645,24399.6215
2026-03-18T21:00:00+00:00,24404.1415,24504.16,24341.597,24408.6465
2026-03-19T05:00:00+00:00,24409.533,24429.6135,24202.511,24225.6245
2026-03-19T13:00:00+00:00,24225.7555,24470.8955,24106.7555,24389.4365
2026-03-19T21:00:00+00:00,24431.2555,24443.38,24365.5915,24368.9725
2026-03-20T05:00:00+00:00,24369.13,24398.3075,24102.8855,24279.522
2026-03-20T13:00:00+00:00,24279.608,24310.272,23759.442,23932.2445
2026-03-22T21:00:00+00:00,23688.9945,23883.503,23683.114,23784.8565
2026-03-23T05:00:00+00:00,23784.5915,24490.756,23561.567,24398.6945
2026-03-23T13:00:00+00:00,24399.4615,24466.6775,24091.816,24194.589
2026-03-23T21:00:00+00:00,24194.044,24274,24007.993,24042.583
2026-03-24T05:00:00+00:00,24042.184,24291.2945,23978.5945,24065.6685
2026-03-24T13:00:00+00:00,24065.9185,24174.116,23920.9945,24025.811
2026-03-24T21:00:00+00:00,24229.6105,24284.411,24111.821,24209.7945
2026-03-25T05:00:00+00:00,24209.8835,24330.6005,24115.928,24239.3995
2026-03-25T13:00:00+00:00,24239.91,24316.2395,24075.8125,24160.582
2026-03-25T21:00:00+00:00,24143.267,24210.983,24040.7885,24115.2
2026-03-26T05:00:00+00:00,24116.0495,24130.528,23868.2515,23911.1025
2026-03-26T13:00:00+00:00,23910.63,24029.3745,23564.904,23701.5265
2026-03-26T21:00:00+00:00,23660.5665,23727.311,23613.1965,23723.1855
2026-03-27T05:00:00+00:00,23723.177,23781.93,23404.432,23420.5665
2026-03-27T13:00:00+00:00,23422.2835,23469.781,23086.804,23097.3865
2026-03-29T22:00:00+01:00,23031.8365,23175.1355,22914.1135,23140.239
2026-03-30T06:00:00+01:00,23140.13,23342.6795,23139,23325.489
2026-03-30T14:00:00+01:00,23325.6245,23356.7115,22841.67,22911.122
2026-03-30T22:00:00+01:00,22930.592,23221.6685,22781.13,23102.261
2026-03-31T06:00:00+01:00,23102.1685,23254.222,23052.8525,23187.8855
2026-03-31T14:00:00+01:00,23189.652,23790.134,23176.35,23744.952
2026-03-31T22:00:00+01:00,23716.802,23867.8935,23702.1935,23832.899
2026-04-01T06:00:00+01:00,23834.399,24025.638,23824.258,23881.6875
2026-04-01T14:00:00+01:00,23882.149,24162.4135,23857.127,24021.3985
2026-04-01T22:00:00+01:00,24009.642,24070.8865,23620.5815,23629.4615
2026-04-02T06:00:00+01:00,23632.1035,23707.058,23492.187,23551
2026-04-02T14:00:00+01:00,23550.6365,24054.2885,23503.9195,24035.576
2026-04-05T22:00:00+01:00,23894.886,24154.5815,23809.5615,24080.9505
2026-04-06T06:00:00+01:00,24081.5055,24226.0165,24035.718,24134.7445
2026-04-06T14:00:00+01:00,24134.913,24274.7445,24034.749,24174.168
2026-04-06T22:00:00+01:00,24177.899,24213.8745,23984.1095,24077.9945
2026-04-07T06:00:00+01:00,24079.2585,24251.4945,23972.3865,24046.4905
2026-04-07T14:00:00+01:00,24046.467,24230.088,23776.9035,24221.052
2026-04-07T22:00:00+01:00,24343.4525,24990.811,24275.9195,24959.061
2026-04-08T06:00:00+01:00,24959.1415,25087.061,24952.954,25043.702
2026-04-08T14:00:00+01:00,25043.539,25067.322,24752.678,24885.7035
2026-04-08T22:00:00+01:00,24867.777,24893.4275,24809.9,24843.019
2026-04-09T06:00:00+01:00,24842.878,24886.8835,24782.027,24857.8185
2026-04-09T14:00:00+01:00,24876.03,25097.066,24787.6955,25064.641
2026-04-09T22:00:00+01:00,25069.651,25137.651,25028.771,25104.9715
2026-04-10T06:00:00+01:00,25105.1785,25201.0155,25038.727,25139.644
2026-04-10T14:00:00+01:00,25139.6675,25228.271,25057.8345,25128.2365
2026-04-12T22:00:00+01:00,24775.9135,24931.0235,24759.772,24916.742
2026-04-13T06:00:00+01:00,24916.761,25015.391,24896.5125,25004.1245
2026-04-13T14:00:00+01:00,25004.022,25395.232,24992.75,25392.3545
2026-04-13T22:00:00+01:00,25415.641,25458.3185,25399.9505,25433.75
2026-04-14T06:00:00+01:00,25433.6465,25553.7725,25404.478,25516.1685
2026-04-14T14:00:00+01:00,25516.0165,25836.677,25491.9945,25827.76
2026-04-14T22:00:00+01:00,25821.2505,25880.5665,25815.3235,25851.517
2026-04-15T06:00:00+01:00,25851.6855,25894.912,25772.261,25826.891
2026-04-15T14:00:00+01:00,25827,26213.21,25817.358,26177.1355
2026-04-15T22:00:00+01:00,26191.739,26304.4615,26184.677,26273.891
2026-04-16T06:00:00+01:00,26274.0055,26325.6355,26203.9905,26241.2585
2026-04-16T14:00:00+01:00,26241.3675,26401.052,26115.7515,26295.5435
2026-04-16T22:00:00+01:00,26305.125,26343.217,26292.903,26308.8415
2026-04-17T06:00:00+01:00,26309.2335,26592.9075,26289.369,26589.134
2026-04-17T14:00:00+01:00,26584.489,26720.707,26477.336,26680.6235
2026-04-19T22:00:00+01:00,26440.125,26558.117,26379.625,26518.8855
2026-04-20T06:00:00+01:00,26519.0495,26618.5,26456.239,26594.1245
2026-04-20T14:00:00+01:00,26594.097,26668.739,26412.1645,26585.819
2026-04-20T22:00:00+01:00,26614.4725,26683.13,26603.875,26671.239
2026-04-21T06:00:00+01:00,26671.424,26747.4075,26643.7445,26666.7775
2026-04-21T14:00:00+01:00,26666.6355,26730.824,26399.971,26594.3735
2026-04-21T22:00:00+01:00,26585.37,26682.283,26579.552,26627.171
2026-04-22T06:00:00+01:00,26628.16,26749.7855,26620.4155,26671.4045
2026-04-22T14:00:00+01:00,26671.5575,26983.3155,26663.2635,26959.6655
2026-04-22T22:00:00+01:00,26920.5165,26952.467,26701.5235,26808.4835
2026-04-23T06:00:00+01:00,26808.6355,26932.391,26743.2665,26862.0235
2026-04-23T14:00:00+01:00,26864.5915,27006.504,26535.6835,26801.5505
2026-04-23T22:00:00+01:00,26857.9835,26994.369,26857.9835,26912.7775
2026-04-24T06:00:00+01:00,26912.6245,27221.739,26889.88,27096.0055
2026-04-24T14:00:00+01:00,27100.6065,27314.2375,26989.011,27276.589
2026-04-26T22:00:00+01:00,27263.3585,27406.3615,27208.913,27382.7775
2026-04-27T06:00:00+01:00,27382.8935,27384.8295,27253.478,27283.5275
2026-04-27T14:00:00+01:00,27283.0385,27314.723,27163.174,27290.38
2026-04-27T22:00:00+01:00,27291.456,27377.772,27252.1435,27283.13
2026-04-28T06:00:00+01:00,27283.728,27289.3415,26902.4185,27014.608
2026-04-28T14:00:00+01:00,27014.5,27116.4075,26876.33,27050.452
2026-04-28T22:00:00+01:00,27074.161,27179.4,27059.161,27165.5355
2026-04-29T06:00:00+01:00,27165.78,27184.813,27059.6445,27092.65
2026-04-29T14:00:00+01:00,27092.4235,27273.206,26984.162,26994.4325
2026-04-29T22:00:00+01:00,27087.692,27490.1105,27086.0955,27101.04
2026-04-30T06:00:00+01:00,27103.148,27415.148,27053.3065,27391.398
2026-04-30T14:00:00+01:00,27391.6535,27484.8175,27031.403,27453.57
2026-04-30T22:00:00+01:00,27508.511,27545.9945,27429.3525,27500.608
2026-05-01T06:00:00+01:00,27500.978,27511.79,27409.0385,27449.3855
2026-05-01T14:00:00+01:00,27449.641,27791.033,27448.652,27696.9065
2026-05-03T22:00:00+01:00,27769.673,27833.5045,27682.8055,27819.1745
2026-05-04T06:00:00+01:00,27820.0445,27844.941,27544.072,27727.1635
2026-05-04T14:00:00+01:00,27706.061,27821.322,27510.5845,27635.8405
2026-05-04T22:00:00+01:00,27642.408,27743.283,27616.413,27711.6025
2026-05-05T06:00:00+01:00,27710.7445,27889.9865,27702.544,27857.141
2026-05-05T14:00:00+01:00,27857.59,28066.0175,27855.7225,28034.009
2026-05-05T22:00:00+01:00,28139.715,28299.7355,28127.8605,28216.6325
2026-05-06T06:00:00+01:00,28217.0275,28514.9835,28181.369,28339.369
2026-05-06T14:00:00+01:00,28338.7405,28679.8215,28218.63,28673.5205
2026-05-06T22:00:00+01:00,28546.8585,28600,28521.4255,28588.2405
2026-05-07T06:00:00+01:00,28588.5,28698.764,28578.556,28639.1135
2026-05-07T14:00:00+01:00,28638.8855,28826.1545,28434.1265,28592.399
2026-05-07T22:00:00+01:00,28456.9945,28683.007,28453.978,28666.88
2026-05-08T06:00:00+01:00,28667.1685,28863.388,28666.63,28800.1355
2026-05-08T14:00:00+01:00,28800.2225,29270.6135,28750.869,29231.522
2026-05-10T22:00:00+01:00,29183.762,29291.678,29119.229,29233.8645
2026-05-11T06:00:00+01:00,29234.534,29280.859,29151.9845,29189.968
2026-05-11T14:00:00+01:00,29189.4735,29369.932,29141.374,29280.4565
2026-05-11T22:00:00+01:00,29292.769,29349.2855,29120.8615,29175.7855
2026-05-12T06:00:00+01:00,29176.74,29196.661,29006.4945,29116.022
2026-05-12T14:00:00+01:00,29115.6355,29187.0575,28632.7575,29017.6855
2026-05-12T22:00:00+01:00,29035.642,29193.609,28953.1465,29183.7445
2026-05-13T06:00:00+01:00,29183.362,29343.261,29096.631,29132.34
2026-05-13T14:00:00+01:00,29132.3975,29456.158,28972.1325,29401.369
2026-05-13T22:00:00+01:00,29435.2775,29586.1135,29407.88,29460.783
2026-05-14T06:00:00+01:00,29460.489,29533.9725,29372.2445,29388.1355
2026-05-14T14:00:00+01:00,29387.9075,29677.587,29341.8635,29604.111
2026-05-14T22:00:00+01:00,29592.152,29632.5765,29355.4205,29360.94
2026-05-15T06:00:00+01:00,29361.06,29369.259,29043.6815,29091.2825
2026-05-15T14:00:00+01:00,29091.1735,29389.4515,28990.538,29056.208
2026-05-17T22:00:00+01:00,29033.915,29187.305,28830.5415,28955.051
2026-05-18T06:00:00+01:00,28954.7845,29323.0575,28895.2845,29311.6465
2026-05-18T14:00:00+01:00,29313.8965,29321.913,28716.7135,28980.25
2026-05-18T22:00:00+01:00,28998.853,29092.2445,28808.6135,28864.891
2026-05-19T06:00:00+01:00,28865.1135,29029.228,28737.141,28817.6465
2026-05-19T14:00:00+01:00,28816.5915,29032.3485,28567.871,28826.5875
2026-05-19T22:00:00+01:00,28834.177,28931.0625,28705.9325,28789.9655
2026-05-20T06:00:00+01:00,28790.221,29075.8125,28789.9545,29011.471
2026-05-20T14:00:00+01:00,29011.3235,29305.411,28915.2265,29266.303
2026-05-20T22:00:00+01:00,29168.364,29334.13,29024.8475,29329.1175
2026-05-21T06:00:00+01:00,29329.1245,29373.0095,29096.022,29103.761
2026-05-21T14:00:00+01:00,29103.6355,29463.9745,29040.088,29368.1435
2026-05-21T22:00:00+01:00,29368.4295,29520.9935,29368.4295,29515.402
2026-05-22T06:00:00+01:00,29516.228,29588.0685,29359.697,29517.6175
2026-05-22T14:00:00+01:00,29516.63,29667.9015,29413.7735,29485.348
2026-05-24T22:00:00+01:00,29650.092,29912.2665,29644.783,29898.601
2026-05-25T06:00:00+01:00,29898.413,29918.4975,29813.522,29865.586
2026-05-25T14:00:00+01:00,29864.75,29917.7045,29834.261,29880.2555
2026-05-25T22:00:00+01:00,29901.3845,29901.3845,29697.786,29727.868
2026-05-26T06:00:00+01:00,29727.712,29857.3045,29672.6015,29847.5865
2026-05-26T14:00:00+01:00,29849.133,30043.592,29753.991,29982.7535
2026-05-26T22:00:00+01:00,29993.3585,30088.1065,29958.761,30035.011
2026-05-27T06:00:00+01:00,30035.369,30307.3745,29985.597,30191.2445
2026-05-27T14:00:00+01:00,30190.8635,30200.22,29809.242,29984.976
2026-05-27T22:00:00+01:00,30043.6305,30066.6455,29695.239,29719.4835
2026-05-28T06:00:00+01:00,29719.6685,29998.391,29700.1575,29986.7445
2026-05-28T14:00:00+01:00,29986.97,30264.998,29850.63,30251.4765
2026-05-28T22:00:00+01:00,30256.211,30288.6905,30143.654,30227.7345
2026-05-29T06:00:00+01:00,30233.0965,30298.8545,30193.621,30276.0825
2026-05-29T14:00:00+01:00,30276.251,30466.879,30206.577,30329.9125
2026-05-31T22:00:00+01:00,30345.091,30533.3355,30300.6195,30512.722
2026-06-01T06:00:00+01:00,30512.4445,30531.0305,30355.7055,30388.4665
2026-06-01T14:00:00+01:00,30388.5745,30635.261,30230.9845,30500.011
2026-06-01T22:00:00+01:00,30486.908,30491.8805,30265.011,30390.3745
2026-06-02T06:00:00+01:00,30391.014,30533.152,30377.608,30476.0125
2026-06-02T14:00:00+01:00,30476.63,30712.112,30371.511,30687.451
2026-06-02T22:00:00+01:00,30693.978,30710.6065,30522.283,30656.424
2026-06-03T06:00:00+01:00,30656.2225,30751.4555,30626.086,30670.9945
2026-06-03T14:00:00+01:00,30671.2115,30760.4945,30450.5295,30551.782
2026-06-03T22:00:00+01:00,30390.5165,30473.858,30297.014,30441.1685
2026-06-04T06:00:00+01:00,30440.8965,30487.533,30108.181,30253.888
2026-06-04T14:00:00+01:00,30253.507,30540.8365,30092.968,30386.4855
2026-06-04T22:00:00+01:00,30351.3645,30365.7985,29996.62,30172.978
2026-06-05T06:00:00+01:00,30173.478,30180.1145,29987.2715,29998.761
2026-06-05T14:00:00+01:00,29998.2335,30042.851,28772.01,28786.0145
2026-06-07T22:00:00+01:00,28820.112,29245.619,28781.0335,29048.2845
2026-06-08T06:00:00+01:00,29048.4045,29463.978,28930.891,29443.9185
2026-06-08T14:00:00+01:00,29444.2885,29698.0985,29289.641,29400.308
2026-06-08T22:00:00+01:00,29412.864,29592.141,29266.0015,29565.108
2026-06-09T06:00:00+01:00,29565.283,29698.619,29528.358,29694.873
2026-06-09T14:00:00+01:00,29688.1285,29807.728,28240.0575,29060.851
2026-06-09T22:00:00+01:00,29044.5,29131.771,28833.159,28861.3555
2026-06-10T06:00:00+01:00,28861.2835,28975.0925,28571.4415,28793.38
2026-06-10T14:00:00+01:00,28793.5,29213.8265,28395.6125,28461.4005
2026-06-10T22:00:00+01:00,28415.9915,28770.843,28234.329,28744.0835
2026-06-11T06:00:00+01:00,28744.3775,28902.741,28605.8975,28780.2885
2026-06-11T14:00:00+01:00,28779.783,29507.295,28546.385,29480.4945
2026-06-11T22:00:00+01:00,29423.505,29618.078,29421.017,29517.0555
2026-06-12T06:00:00+01:00,29516.767,29642.3275,29234.3715,29384.9835
2026-06-12T14:00:00+01:00,29385.6,29737.1955,29207.016,29688.7885
2026-06-14T22:00:00+01:00,29907.627,30206.39,29907.627,30205
2026-06-15T06:00:00+01:00,30204.7785,30298.5885,30179.016,30253.022
2026-06-15T14:00:00+01:00,30252.922,30587.915,30235.0895,30545.822
2026-06-15T22:00:00+01:00,30534.0805,30544.602,30433.9945,30493.5525
2026-06-16T06:00:00+01:00,30493.4115,30653.084,30474.984,30505.714
2026-06-16T14:00:00+01:00,30505.2055,30567.358,29957.9625,29974.5005
2026-06-16T22:00:00+01:00,30006.5,30152.711,29975.7835,30152.13
2026-06-17T06:00:00+01:00,30152.8835,30251.314,30054.815,30156.6135
2026-06-17T14:00:00+01:00,30156.511,30212.8455,29601.112,29707.3725
2026-06-17T22:00:00+01:00,29844.7555,30118.417,29776.205,30021.477
2026-06-18T06:00:00+01:00,30021.5215,30216.484,30002.566,30195.3885
2026-06-18T14:00:00+01:00,30194.5055,30463.6975,30074.339,30396.7685
2026-06-18T22:00:00+01:00,30425.3585,30455.183,30098.4835,30115.402
2026-06-19T06:00:00+01:00,30115.75,30359.116,30080.072,30342.3505
2026-06-19T14:00:00+01:00,30342.9225,30394.6005,30316.8325,30337.467
2026-06-21T22:00:00+01:00,30279.3115,30348.4225,30021.5,30266.9835
2026-06-22T06:00:00+01:00,30267.601,30534.6335,30259.8745,30490.8725
2026-06-22T14:00:00+01:00,30493.0015,30647.6615,30185.638,30339.24
2026-06-22T22:00:00+01:00,30350.897,30390.4815,29922.239,29932.7555
2026-06-23T06:00:00+01:00,29932.6465,29959.144,29398.754,29426.0385
2026-06-23T14:00:00+01:00,29425.704,29747.3665,29274.4835,29401.6495
2026-06-23T22:00:00+01:00,29471.656,29585.717,29280.0875,29477.5665
2026-06-24T06:00:00+01:00,29479.021,29576.5995,29428.41,29455.256
2026-06-24T14:00:00+01:00,29455.688,29598.436,28961.2045,29576.2125
2026-06-24T22:00:00+01:00,29786.3805,29870.1055,29627.249,29742.894
2026-06-25T06:00:00+01:00,29743.2995,29960.7555,29742.3945,29904.1615
2026-06-25T14:00:00+01:00,29905.2445,29916.5945,28991.242,29500.7875
2026-06-25T22:00:00+01:00,29442.581,29594.906,28866.147,28973.5865
2026-06-26T06:00:00+01:00,28973.6735,29266.024,28959.429,29018.842
2026-06-26T14:00:00+01:00,29019.6625,29415.7585,28887.1005,29056.679
2026-06-28T22:00:00+01:00,29006.364,29393.261,28995.7945,29229.1795
2026-06-29T06:00:00+01:00,29228.0575,29466.7395,29200.5995,29414.783
2026-06-29T14:00:00+01:00,29417.484,29783.5055,28982.6795,29741.3995
2026-06-29T22:00:00+01:00,29734.408,29925.9115,29653.8565,29903.5995
2026-06-30T06:00:00+01:00,29903.406,29940.869,29722.395,29730.5285
2026-06-30T14:00:00+01:00,29730.104,30325.8235,29714.472,30231.2775
2026-06-30T22:00:00+01:00,30238.952,30278.916,30093.8945,30170.5165
2026-07-01T06:00:00+01:00,30170.1325,30189.5905,29963.8555,29994.616
2026-07-01T14:00:00+01:00,29993.4835,30092.211,29743.6055,29793.4365
2026-07-01T22:00:00+01:00,29842.636,29977.359,29694.7055,29852.0665
2026-07-02T06:00:00+01:00,29851.616,30057.878,29565.144,29921.7895
2026-07-02T14:00:00+01:00,29921.3115,30039.2275,29088.505,29305.8005
2026-07-02T22:00:00+01:00,29329.5165,29588.251,29291.3045,29570.878
2026-07-03T06:00:00+01:00,29571.433,29690.8715,29558.7775,29670.4165
2026-07-03T14:00:00+01:00,29670.6005,29723.283,29653.3055,29671.9325
2026-07-05T22:00:00+01:00,29699.924,29778.495,29451.8885,29597.278
2026-07-06T06:00:00+01:00,29598.094,29704.439,29509.258,29702.544
2026-07-06T14:00:00+01:00,29702.3995,29846.917,29543.786,29722.462
2026-07-06T22:00:00+01:00,29717.905,29736.4185,29370.636,29388.3965
2026-07-07T06:00:00+01:00,29388.2445,29507.011,29321.3855,29405.7445
2026-07-07T14:00:00+01:00,29405.511,29447.913,28974.7915,29183.4025
2026-07-07T22:00:00+01:00,29118.148,29327.161,29036.11,29185.6375
2026-07-08T06:00:00+01:00,29185.0095,29216.4375,28678.778,28924.013
2026-07-08T14:00:00+01:00,28924.0635,29280.192,28807.7735,29205.47
2026-07-08T22:00:00+01:00,29200.525,29366.529,29180.1225,29333.4005
2026-07-09T06:00:00+01:00,29333.156,29567.977,29258.952,29516.239
2026-07-09T14:00:00+01:00,29516.172,29773.313,29398.8255,29749.0655
2026-07-09T22:00:00+01:00,29728.2945,29753.3815,29593.988,29672.767
2026-07-10T06:00:00+01:00,29672.691,29686.974,29509.211,29590.2265
2026-07-10T14:00:00+01:00,29590.129,29859.7365,29466.524,29833.2815
2026-07-12T22:00:00+01:00,29728.658,29829.641,29401.653,29415.858
2026-07-13T06:00:00+01:00,29415.63,29587.9835,29335.3795,29507.2665
2026-07-13T14:00:00+01:00,29507.3855,29547.694,29189.2605,29245.906
2026-07-13T22:00:00+01:00,29238.419,29336.336,29099.1245,29304.989
2026-07-14T06:00:00+01:00,29304.9445,29716.71,29285.0385,29568.5475
2026-07-14T14:00:00+01:00,29568.544,29691.9825,29365.957,29586.1175
2026-07-14T22:00:00+01:00,29594.1125,29823.5,29547.2055,29822.4885
2026-07-15T06:00:00+01:00,29830.5165,29862.8055,29656.762,29780.7785
2026-07-15T14:00:00+01:00,29781.078,29800.1055,29196.8105,29504.6675
2026-07-15T22:00:00+01:00,29517.7105,29567.929,29399.6775,29513.4835
2026-07-16T06:00:00+01:00,29513.69,29601.3175,29168.7995,29197.778
2026-07-16T14:00:00+01:00,29197.6995,29335.45,28884.25,28972.751
2026-07-16T22:00:00+01:00,29018.7105,29031.066,28587.022,28618.3335
2026-07-17T06:00:00+01:00,28620.911,28637.284,28363.023,28477.4895
2026-07-17T14:00:00+01:00,28477.1835,28873.4615,28232.179,28559.316
2026-07-19T22:00:00+01:00,28611.744,28786.9945,28534.1055,28720.494
2026-07-20T06:00:00+01:00,28720.5895,28932.0785,28589.9505,28848.5165
2026-07-20T14:00:00+01:00,28847.9995,29015.5395,28595.005,28601
2026-07-20T22:00:00+01:00,28621.0055,28919.194,28531.189,28885.583
2026-07-21T06:00:00+01:00,28885.2055,29033.5055,28847.111,29003.2105
2026-07-21T14:00:00+01:00,29002.5725,29188.2945,28894.5445,29134.7
2026-07-21T22:00:00+01:00,29132.2785,29167.1775,29018.983,29052.178
2026-07-22T06:00:00+01:00,29053.088,29056.2225,28796.91,28847.767
2026-07-22T14:00:00+01:00,28857.912,29174.378,28853.2565,29079.284
2026-07-22T22:00:00+01:00,28966.1215,29115.256,28861.6045,28958.067
2026-07-23T06:00:00+01:00,28957.811,29016.722,28589.0045,28621.006
2026-07-23T14:00:00+01:00,28619.6115,28720.7115,28273.5385,28565.2895
2026-07-23T22:00:00+01:00,28546.405,28579.5395,28312.417,28410.7065
2026-07-24T06:00:00+01:00,28410.0945,28551.033,28327.3945,28437.4335
2026-07-24T14:00:00+01:00,28437.4675,28474.539,28057.122,28136.5945
2026-07-26T22:00:00+01:00,28436.607,28579.5055,28375.5055,28491.9
2026-07-27T06:00:00+01:00,28491.4835,28610.19,28476.866,28538.089
2026-07-27T14:00:00+01:00,28538.1435,28547.1,27786.65,28038.5105
2026-07-27T22:00:00+01:00,28075.273,28077.406,27783.343,27804.9665
2026-07-28T06:00:00+01:00,27805.116,27900.6,27688.4715,27842.449
2026-07-28T14:00:00+01:00,27842.7945,27930.3935,27456.6445,27769.5895
2026-07-28T22:00:00+01:00,27827.2545,28029.223,27494.3605,27610.2275
2026-07-29T06:00:00+01:00,27613.2115,27913.2055,27589.3125,27761.3995
2026-07-29T14:00:00+01:00,27761.6,27954.9615,27064.0565,27156.216
2026-07-29T22:00:00+01:00,27103.878,27555.228,27092.188,27305.689
2026-07-30T06:00:00+01:00,27305.7225,27677.7945,27197.239,27664.761
2026-07-30T14:00:00+01:00,27666.1165,28221.689,27652.7275,28192.139
2026-07-30T22:00:00+01:00,28200.4,28445.2445,28181.8165,28422.927
2026-07-31T06:00:00+01:00,28422.7,28513.7115,28306.389,28341.5885
2026-07-31T14:00:00+01:00,28341.8895,28598.4165,27952.577,28269.767
2026-08-02T22:00:00+01:00,28469.6835,28576.7225,28416.578,28530.3385
2026-08-03T06:00:00+01:00,28530.2055,28545.794,28262.1835,28338.304
2026-08-03T14:00:00+01:00,28338.3275,28839.151,28192.421,28786.4055
2026-08-03T22:00:00+01:00,28806.2225,28925.3275,28709.3955,28893.712
2026-08-04T06:00:00+01:00,28893.805,29123.238,28856.5945,29080.695
2026-08-04T14:00:00+01:00,29080.738,29828.5285,29068.8495,29787.7725
2026-08-04T22:00:00+01:00,29675.595,29791.9905,29653.1895,29778.195
2026-08-05T06:00:00+01:00,29777.772,29865.3105,29673.9995,29790.7115
2026-08-05T14:00:00+01:00,29790.5775,29947.562,29407.733,29480.078
2026-08-05T22:00:00+01:00,29450.3445,29556.1,29332.5555,29453.222
2026-08-06T06:00:00+01:00,29452.805,29473.8725,29243.2615,29277.3835
2026-08-06T14:00:00+01:00,29277.305,29569.678,29119.539,29417.671
2026-08-06T22:00:00+01:00,29413.405,29507.638,29345.0615,29398.422
2026-08-07T06:00:00+01:00,29398.215,29755.411,29394.1835,29731.6095
2026-08-07T14:00:00+01:00,29734.1055,29747.528,29455.0275,29707.295
2026-08-09T22:00:00+01:00,29762.0835,29792.4715,29677.305,29769.204
2026-08-10T06:00:00+01:00,29769.712,29871.322,29659.6055,29665.3665
2026-08-10T14:00:00+01:00,29665.162,29788.35,29607.3265,29632.2215
2026-08-10T22:00:00+01:00,29671.617,29751.3,29557.083,29729.1
2026-08-11T06:00:00+01:00,29729.1215,29776.4115,29608.1615,29722.2
2026-08-11T14:00:00+01:00,29722.7615,29740.6785,29427.55,29532.739
2026-08-11T22:00:00+01:00,29545.6285,29610.6735,29521.178,29609.017
2026-08-12T06:00:00+01:00,29608.5935,29827.3615,29563.667,29814.8605
2026-08-12T14:00:00+01:00,29814.589,29895.7455,29714.1825,29741.861
2026-08-12T22:00:00+01:00,29725.734,29792.8175,29678.3725,29776.8
2026-08-13T06:00:00+01:00,29776.616,29820.8495,29710.433,29778.239
2026-08-13T14:00:00+01:00,29777.2105,30167.455,29761.3155,30105.4385
2026-08-13T22:00:00+01:00,30108.084,30134.756,30027.367,30050.6775
2026-08-14T06:00:00+01:00,30050.7,30182.7835,30030.783,30171.094
2026-08-14T14:00:00+01:00,30171.133,30184.689,29935.65,30036.256
2026-08-16T22:00:00+01:00,30089.2395,30159.595,30070.6385,30140.5
2026-08-17T06:00:00+01:00,30140.589,30245.1125,30086.5275,30107.617
2026-08-17T14:00:00+01:00,30107.2995,30192.312,29972.712,29983.989
2026-08-17T22:00:00+01:00,29995.705,30028.8325,29761.566,29825.678
2026-08-18T06:00:00+01:00,29825.295,29826.7055,29589.6775,29621.5995
2026-08-18T14:00:00+01:00,29620.811,29681.5565,29426.7285,29484
2026-08-18T22:00:00+01:00,29490.3045,29522.539,29363.1605,29418.706
2026-08-19T06:00:00+01:00,29418.883,29669.8495,29343.9545,29655.472
2026-08-19T14:00:00+01:00,29655.4165,29660.7325,29289.2715,29427.6665
2026-08-19T22:00:00+01:00,29478.922,29596.0105,29465.511,29524.995
2026-08-20T06:00:00+01:00,29525.773,29594.1055,29149.9105,29254.384
2026-08-20T14:00:00+01:00,29253.9435,29380.8725,29115.9495,29194.2055
2026-08-20T22:00:00+01:00,29257.1015,29316.972,29192.3835,29275.905
2026-08-21T06:00:00+01:00,29276.3885,29456.827,29258.6215,29429.1615
2026-08-21T14:00:00+01:00,29429.8165,29433.7225,29140.528,29303.573
2026-08-23T22:00:00+01:00,29329.5065,29403.6345,29187.6785,29189.895
2026-08-24T06:00:00+01:00,29190.2,29220.717,29040.922,29129.478
2026-08-24T14:00:00+01:00,29129.3995,29164.6395,28873.4395,29032.2945
2026-08-24T22:00:00+01:00,29067.427,29142.3885,28942.906,29125.527
2026-08-25T06:00:00+01:00,29125.4065,29340.884,29115.122,29259.311
2026-08-25T14:00:00+01:00,29259.328,29343.168,29093.2835,29219.072
2026-08-25T22:00:00+01:00,29227.322,29241.9385,29029.1775,29161.105
2026-08-26T06:00:00+01:00,29161.111,29210.938,29067.2275,29083.723
2026-08-26T14:00:00+01:00,29085.1785,29305.667,29067.661,29295.3275
2026-08-26T22:00:00+01:00,29468.9175,29590.583,29369.1605,29435.578
2026-08-27T06:00:00+01:00,29435.3785,29597.0555,29339.062,29459.167
2026-08-27T14:00:00+01:00,29459.1895,29644.083,29361.333,29584.916
2026-08-27T22:00:00+01:00,29572.9835,29649.2055,29535.4495,29584.7495
2026-08-28T06:00:00+01:00,29584.6055,29607.139,29521.477,29601.9885
2026-08-28T14:00:00+01:00,29601.7335,29757.0725,29381.633,29432.744
