time,open,high,low,close
2023-08-29T10:00:00+01:00,146.514,147.3765,146.496,147.241
2023-08-29T14:00:00+01:00,147.24,147.266,145.855,145.918
2023-08-29T18:00:00+01:00,145.9185,145.998,145.6695,145.8775
2023-08-29T22:00:00+01:00,145.8825,146.1055,145.78,145.912
2023-08-30T02:00:00+01:00,145.911,146.2555,145.8665,146.2255
2023-08-30T06:00:00+01:00,146.225,146.5375,146.1475,146.442
2023-08-30T10:00:00+01:00,146.4425,146.482,145.82,145.8735
2023-08-30T14:00:00+01:00,145.8735,146.145,145.56,146.0955
2023-08-30T18:00:00+01:00,146.095,146.294,145.9775,146.245
2023-08-30T22:00:00+01:00,146.2455,146.2675,145.953,146.07
2023-08-31T02:00:00+01:00,146.0695,146.075,145.755,145.885
2023-08-31T06:00:00+01:00,145.8845,146.0525,145.722,145.951
2023-08-31T10:00:00+01:00,145.9515,146.07,145.628,145.8685
2023-08-31T14:00:00+01:00,145.869,146.23,145.435,145.502
2023-08-31T18:00:00+01:00,145.5015,145.5485,145.3505,145.538
2023-08-31T22:00:00+01:00,145.5415,145.702,145.454,145.568
2023-09-01T02:00:00+01:00,145.567,145.57,145.238,145.494
2023-09-01T06:00:00+01:00,145.4955,145.6305,145.368,145.4675
2023-09-01T10:00:00+01:00,145.469,145.499,144.444,144.734
2023-09-01T14:00:00+01:00,144.7335,146.2945,144.694,146.152
2023-09-01T18:00:00+01:00,146.151,146.2925,146.0725,146.2305
2023-09-03T22:00:00+01:00,146.1785,146.2535,146.024,146.1655
2023-09-04T02:00:00+01:00,146.166,146.2465,146.076,146.1605
2023-09-04T06:00:00+01:00,146.16,146.458,146.133,146.433
2023-09-04T10:00:00+01:00,146.4335,146.4675,146.312,146.45
2023-09-04T14:00:00+01:00,146.4495,146.497,146.3915,146.4865
2023-09-04T18:00:00+01:00,146.485,146.4985,146.464,146.4785
2023-09-04T22:00:00+01:00,146.4745,146.6215,146.398,146.519
2023-09-05T02:00:00+01:00,146.5195,146.777,146.489,146.6695
2023-09-05T06:00:00+01:00,146.669,147.0855,146.6575,147.0085
2023-09-05T10:00:00+01:00,147.009,147.505,146.956,147.198
2023-09-05T14:00:00+01:00,147.198,147.7335,147.138,147.6355
2023-09-05T18:00:00+01:00,147.634,147.803,147.584,147.72
2023-09-05T22:00:00+01:00,147.7255,147.8185,147.3635,147.775
2023-09-06T02:00:00+01:00,147.7745,147.7785,147.397,147.4
2023-09-06T06:00:00+01:00,147.3995,147.4975,147.017,147.392
2023-09-06T10:00:00+01:00,147.392,147.5955,147.2085,147.2735
2023-09-06T14:00:00+01:00,147.274,147.7075,147.1325,147.593
2023-09-06T18:00:00+01:00,147.5925,147.7455,147.489,147.662
2023-09-06T22:00:00+01:00,147.6575,147.875,147.5315,147.763
2023-09-07T02:00:00+01:00,147.7625,147.807,147.4965,147.566
2023-09-07T06:00:00+01:00,147.5655,147.683,147.364,147.456
2023-09-07T10:00:00+01:00,147.4565,147.6145,147.2205,147.2835
2023-09-07T14:00:00+01:00,147.283,147.438,147.0445,147.091
2023-09-07T18:00:00+01:00,147.0925,147.3045,147.0925,147.295
2023-09-07T22:00:00+01:00,147.2965,147.3845,146.5885,146.92
2023-09-08T02:00:00+01:00,146.9205,147.3415,146.912,147.23
2023-09-08T06:00:00+01:00,147.229,147.4575,147.0545,147.41
2023-09-08T10:00:00+01:00,147.4105,147.5745,147.2445,147.552
2023-09-08T14:00:00+01:00,147.554,147.7805,147.3255,147.767
2023-09-08T18:00:00+01:00,147.7675,147.8725,147.7015,147.838
2023-09-10T22:00:00+01:00,147.017,147.2775,146.6725,146.9565
2023-09-11T02:00:00+01:00,146.9585,147.097,146.15,146.2025
2023-09-11T06:00:00+01:00,146.202,146.493,145.903,146.3415
2023-09-11T10:00:00+01:00,146.345,146.9855,146.27,146.4965
2023-09-11T14:00:00+01:00,146.4975,146.592,146.1995,146.4735
2023-09-11T18:00:00+01:00,146.474,146.602,146.4305,146.584
2023-09-11T22:00:00+01:00,146.5855,146.804,146.462,146.692
2023-09-12T02:00:00+01:00,146.6925,146.744,146.4385,146.7345
2023-09-12T06:00:00+01:00,146.734,146.9445,146.6615,146.79
2023-09-12T10:00:00+01:00,146.7905,147.1615,146.759,147.121
2023-09-12T14:00:00+01:00,147.1235,147.2355,147.058,147.1765
2023-09-12T18:00:00+01:00,147.177,147.226,146.987,147.08
2023-09-12T22:00:00+01:00,147.078,147.3135,147.02,147.3065
2023-09-13T02:00:00+01:00,147.308,147.449,147.27,147.3945
2023-09-13T06:00:00+01:00,147.394,147.3995,147.209,147.2545
2023-09-13T10:00:00+01:00,147.2555,147.748,147.217,147.4345
2023-09-13T14:00:00+01:00,147.435,147.6035,147.251,147.3475
2023-09-13T18:00:00+01:00,147.347,147.509,147.1685,147.46
2023-09-13T22:00:00+01:00,147.4595,147.468,147.0525,147.087
2023-09-14T02:00:00+01:00,147.0865,147.1945,147.021,147.1405
2023-09-14T06:00:00+01:00,147.139,147.36,147.074,147.292
2023-09-14T10:00:00+01:00,147.2915,147.569,147.208,147.408
2023-09-14T14:00:00+01:00,147.408,147.447,147.019,147.234
2023-09-14T18:00:00+01:00,147.2345,147.492,147.177,147.47
2023-09-14T22:00:00+01:00,147.473,147.5215,147.3385,147.458
2023-09-15T02:00:00+01:00,147.4595,147.501,147.347,147.4105
2023-09-15T06:00:00+01:00,147.411,147.8195,147.3695,147.78
2023-09-15T10:00:00+01:00,147.78,147.952,147.72,147.9425
2023-09-15T14:00:00+01:00,147.942,147.947,147.6045,147.8655
2023-09-15T18:00:00+01:00,147.865,147.8945,147.721,147.844
2023-09-17T22:00:00+01:00,147.7375,147.8795,147.6975,147.716
2023-09-18T02:00:00+01:00,147.715,147.804,147.679,147.6795
2023-09-18T06:00:00+01:00,147.678,147.756,147.5585,147.635
2023-09-18T10:00:00+01:00,147.634,147.7505,147.579,147.732
2023-09-18T14:00:00+01:00,147.7325,147.773,147.5955,147.6285
2023-09-18T18:00:00+01:00,147.6295,147.7585,147.579,147.605
2023-09-18T22:00:00+01:00,147.5985,147.7315,147.507,147.6435
2023-09-19T02:00:00+01:00,147.643,147.79,147.6355,147.7525
2023-09-19T06:00:00+01:00,147.752,147.895,147.615,147.7125
2023-09-19T10:00:00+01:00,147.712,147.8085,147.57,147.78
2023-09-19T14:00:00+01:00,147.7795,147.8575,147.626,147.8265
2023-09-19T18:00:00+01:00,147.827,147.9225,147.7915,147.855
2023-09-19T22:00:00+01:00,147.8495,147.8765,147.6925,147.7415
2023-09-20T02:00:00+01:00,147.742,147.848,147.707,147.836
2023-09-20T06:00:00+01:00,147.8355,148.168,147.8185,148.092
2023-09-20T10:00:00+01:00,148.0925,148.0955,147.8005,147.8635
2023-09-20T14:00:00+01:00,147.864,147.872,147.494,147.5415
2023-09-20T18:00:00+01:00,147.541,148.3615,147.4745,148.3425
2023-09-20T22:00:00+01:00,148.339,148.4595,148.184,148.4075
2023-09-21T02:00:00+01:00,148.408,148.4545,148.191,148.344
2023-09-21T06:00:00+01:00,148.3445,148.3975,148.1555,148.189
2023-09-21T10:00:00+01:00,148.1885,148.2595,147.701,147.9565
2023-09-21T14:00:00+01:00,147.9595,147.985,147.3215,147.512
2023-09-21T18:00:00+01:00,147.5115,147.607,147.424,147.5895
2023-09-21T22:00:00+01:00,147.5865,147.7025,147.508,147.614
2023-09-22T02:00:00+01:00,147.615,148.257,147.6045,148.023
2023-09-22T06:00:00+01:00,148.0225,148.4185,147.925,148.291
2023-09-22T10:00:00+01:00,148.292,148.342,148.134,148.253
2023-09-22T14:00:00+01:00,148.254,148.3575,147.961,148.2925
2023-09-22T18:00:00+01:00,148.297,148.428,148.254,148.3805
2023-09-24T22:00:00+01:00,148.3095,148.4845,148.246,148.335
2023-09-25T02:00:00+01:00,148.334,148.441,148.287,148.3535
2023-09-25T06:00:00+01:00,148.3525,148.5785,148.325,148.564
2023-09-25T10:00:00+01:00,148.5655,148.756,148.5175,148.739
2023-09-25T14:00:00+01:00,148.7385,148.964,148.727,148.85
2023-09-25T18:00:00+01:00,148.8495,148.8995,148.754,148.888
2023-09-25T22:00:00+01:00,148.884,148.9095,148.705,148.8825
2023-09-26T02:00:00+01:00,148.8855,148.955,148.8145,148.8835
2023-09-26T06:00:00+01:00,148.884,149.187,148.7605,148.911
2023-09-26T10:00:00+01:00,148.9115,148.993,148.7965,148.7985
2023-09-26T14:00:00+01:00,148.7975,148.99,148.797,148.9265
2023-09-26T18:00:00+01:00,148.9255,149.1,148.8645,149.0645
2023-09-26T22:00:00+01:00,149.0635,149.0825,148.968,149.036
2023-09-27T02:00:00+01:00,149.0365,149.0745,148.8625,149.024
2023-09-27T06:00:00+01:00,149.023,149.1535,148.9745,149.0645
2023-09-27T10:00:00+01:00,149.0645,149.2525,149.063,149.1875
2023-09-27T14:00:00+01:00,149.187,149.6435,149.1675,149.619
2023-09-27T18:00:00+01:00,149.618,149.7095,149.4635,149.6335
2023-09-27T22:00:00+01:00,149.629,149.636,149.3705,149.4595
2023-09-28T02:00:00+01:00,149.4575,149.562,149.3305,149.3335
2023-09-28T06:00:00+01:00,149.333,149.4455,149.2075,149.381
2023-09-28T10:00:00+01:00,149.3805,149.5035,149.1655,149.455
2023-09-28T14:00:00+01:00,149.4545,149.466,149.146,149.2885
2023-09-28T18:00:00+01:00,149.289,149.3855,149.215,149.3085
2023-09-28T22:00:00+01:00,149.3095,149.4525,149.202,149.3835
2023-09-29T02:00:00+01:00,149.383,149.5025,149.2815,149.368
2023-09-29T06:00:00+01:00,149.3675,149.392,148.5285,149.0745
2023-09-29T10:00:00+01:00,149.075,149.282,148.9485,149.1925
2023-09-29T14:00:00+01:00,149.193,149.4505,149.0845,149.4095
2023-09-29T18:00:00+01:00,149.409,149.4905,149.323,149.368
2023-10-01T22:00:00+01:00,149.6065,149.7265,149.442,149.6815
2023-10-02T02:00:00+01:00,149.686,149.8245,149.6235,149.729
2023-10-02T06:00:00+01:00,149.7305,149.791,149.5565,149.728
2023-10-02T10:00:00+01:00,149.7285,149.8185,149.635,149.806
2023-10-02T14:00:00+01:00,149.8065,149.879,149.6745,149.8235
2023-10-02T18:00:00+01:00,149.823,149.875,149.711,149.853
2023-10-02T22:00:00+01:00,149.8525,149.882,149.7795,149.88
2023-10-03T02:00:00+01:00,149.8795,149.894,149.8235,149.88
2023-10-03T06:00:00+01:00,149.8795,149.9355,149.6545,149.82
2023-10-03T10:00:00+01:00,149.8205,149.9805,149.8205,149.922
2023-10-03T14:00:00+01:00,149.92,150.162,147.295,149.0985
2023-10-03T18:00:00+01:00,149.099,149.1015,148.7105,149.0105
2023-10-03T22:00:00+01:00,149.014,149.2395,148.9465,149.1935
2023-10-04T02:00:00+01:00,149.193,149.3195,149.1475,149.167
2023-10-04T06:00:00+01:00,149.1665,149.2715,148.7355,148.9895
2023-10-04T10:00:00+01:00,148.988,149.213,148.787,148.8765
2023-10-04T14:00:00+01:00,148.875,149.1345,148.766,148.883
2023-10-04T18:00:00+01:00,148.884,149.1345,148.88,149.125
2023-10-04T22:00:00+01:00,149.122,149.1255,148.491,148.5485
2023-10-05T02:00:00+01:00,148.548,148.604,148.26,148.551
2023-10-05T06:00:00+01:00,148.5535,149.0955,148.5085,149.013
2023-10-05T10:00:00+01:00,149.011,149.119,148.8075,148.931
2023-10-05T14:00:00+01:00,148.9305,148.972,148.3785,148.4085
2023-10-05T18:00:00+01:00,148.409,148.5195,148.3055,148.5145
2023-10-05T22:00:00+01:00,148.5145,148.6615,148.361,148.643
2023-10-06T02:00:00+01:00,148.6435,148.7685,148.4655,148.756
2023-10-06T06:00:00+01:00,148.7565,148.9895,148.749,148.911
2023-10-06T10:00:00+01:00,148.9105,149.537,148.859,149.4195
2023-10-06T14:00:00+01:00,149.4185,149.461,149.04,149.2945
2023-10-06T18:00:00+01:00,149.2935,149.3765,149.231,149.3375
2023-10-08T22:00:00+01:00,149.107,149.2425,148.9895,149.1035
2023-10-09T02:00:00+01:00,149.104,149.208,149.0805,149.2005
2023-10-09T06:00:00+01:00,149.2,149.2255,149.1075,149.1415
2023-10-09T10:00:00+01:00,149.141,149.1835,149.054,149.0665
2023-10-09T14:00:00+01:00,149.065,149.0725,148.5195,148.7235
2023-10-09T18:00:00+01:00,148.7255,148.7475,148.4365,148.503
2023-10-09T22:00:00+01:00,148.5005,148.668,148.1635,148.521
2023-10-10T02:00:00+01:00,148.523,148.761,148.3105,148.7415
2023-10-10T06:00:00+01:00,148.7425,149.071,148.52,148.8305
2023-10-10T10:00:00+01:00,148.8325,149.099,148.822,148.9295
2023-10-10T14:00:00+01:00,148.93,149.084,148.545,148.5555
2023-10-10T18:00:00+01:00,148.559,148.778,148.556,148.712
2023-10-10T22:00:00+01:00,148.7105,148.7265,148.425,148.575
2023-10-11T02:00:00+01:00,148.5755,148.8965,148.5445,148.8755
2023-10-11T06:00:00+01:00,148.873,148.9715,148.5805,148.6655
2023-10-11T10:00:00+01:00,148.6645,149.087,148.6075,148.8785
2023-10-11T14:00:00+01:00,148.8775,149.1865,148.824,149.1515
2023-10-11T18:00:00+01:00,149.1545,149.325,149.0605,149.165
2023-10-11T22:00:00+01:00,149.167,149.167,148.98,149.138
2023-10-12T02:00:00+01:00,149.1385,149.274,149.022,149.1305
2023-10-12T06:00:00+01:00,149.1305,149.199,148.9545,149.083
2023-10-12T10:00:00+01:00,149.0835,149.4835,149.038,149.4465
2023-10-12T14:00:00+01:00,149.447,149.7965,149.3915,149.738
2023-10-12T18:00:00+01:00,149.737,149.8295,149.714,149.8075
2023-10-12T22:00:00+01:00,149.804,149.8295,149.734,149.754
2023-10-13T02:00:00+01:00,149.755,149.827,149.604,149.649
2023-10-13T06:00:00+01:00,149.6485,149.762,149.574,149.7035
2023-10-13T10:00:00+01:00,149.704,149.779,149.4555,149.536
2023-10-13T14:00:00+01:00,149.5355,149.7605,149.454,149.5715
2023-10-13T18:00:00+01:00,149.571,149.614,149.471,149.5705
2023-10-15T22:00:00+01:00,149.3655,149.634,149.361,149.499
2023-10-16T02:00:00+01:00,149.499,149.5245,149.4085,149.436
2023-10-16T06:00:00+01:00,149.4355,149.6155,149.375,149.4955
2023-10-16T10:00:00+01:00,149.4965,149.5885,149.409,149.4505
2023-10-16T14:00:00+01:00,149.448,149.766,149.44,149.583
2023-10-16T18:00:00+01:00,149.5845,149.6145,149.5,149.51
2023-10-16T22:00:00+01:00,149.5095,149.641,149.48,149.507
2023-10-17T02:00:00+01:00,149.5065,149.5765,149.487,149.55
2023-10-17T06:00:00+01:00,149.5505,149.691,149.532,149.67
2023-10-17T10:00:00+01:00,149.6715,149.794,148.756,149.773
2023-10-17T14:00:00+01:00,149.774,149.796,149.5985,149.7615
2023-10-17T18:00:00+01:00,149.76,149.8515,149.717,149.815
2023-10-17T22:00:00+01:00,149.8175,149.842,149.721,149.773
2023-10-18T02:00:00+01:00,149.7725,149.7935,149.4855,149.673
2023-10-18T06:00:00+01:00,149.6715,149.7815,149.604,149.775
2023-10-18T10:00:00+01:00,149.7755,149.786,149.613,149.737
2023-10-18T14:00:00+01:00,149.7365,149.8875,149.6785,149.821
2023-10-18T18:00:00+01:00,149.82,149.9395,149.734,149.926
2023-10-18T22:00:00+01:00,149.9205,149.9255,149.6665,149.756
2023-10-19T02:00:00+01:00,149.7575,149.8425,149.733,149.81
2023-10-19T06:00:00+01:00,149.8095,149.856,149.724,149.834
2023-10-19T10:00:00+01:00,149.8345,149.899,149.7785,149.8245
2023-10-19T14:00:00+01:00,149.8215,149.9625,149.677,149.7375
2023-10-19T18:00:00+01:00,149.7365,149.8625,149.6935,149.789
2023-10-19T22:00:00+01:00,149.792,149.8625,149.732,149.85
2023-10-20T02:00:00+01:00,149.8515,149.943,149.817,149.861
2023-10-20T06:00:00+01:00,149.865,149.994,149.64,149.95
2023-10-20T10:00:00+01:00,149.9505,149.991,149.8865,149.9675
2023-10-20T14:00:00+01:00,149.9685,149.979,149.799,149.852
2023-10-20T18:00:00+01:00,149.85,149.8895,149.7775,149.8425
2023-10-22T22:00:00+01:00,149.862,149.895,149.7615,149.861
2023-10-23T02:00:00+01:00,149.86,149.944,149.848,149.9385
2023-10-23T06:00:00+01:00,149.938,149.964,149.868,149.94
2023-10-23T10:00:00+01:00,149.9395,149.991,149.8685,149.942
2023-10-23T14:00:00+01:00,149.9425,149.9525,149.675,149.6765
2023-10-23T18:00:00+01:00,149.678,149.7315,149.557,149.7105
2023-10-23T22:00:00+01:00,149.7135,149.7905,149.636,149.68
2023-10-24T02:00:00+01:00,149.6795,149.7015,149.499,149.6545
2023-10-24T06:00:00+01:00,149.6535,149.753,149.322,149.519
2023-10-24T10:00:00+01:00,149.5185,149.8465,149.518,149.8065
2023-10-24T14:00:00+01:00,149.809,149.9325,149.746,149.7985
2023-10-24T18:00:00+01:00,149.798,149.9265,149.755,149.9125
2023-10-24T22:00:00+01:00,149.9105,149.927,149.8255,149.8865
2023-10-25T02:00:00+01:00,149.886,149.8915,149.7955,149.846
2023-10-25T06:00:00+01:00,149.8455,149.9245,149.8205,149.9105
2023-10-25T10:00:00+01:00,149.914,149.946,149.8975,149.922
2023-10-25T14:00:00+01:00,149.921,149.9795,149.8805,149.9695
2023-10-25T18:00:00+01:00,149.969,150.319,149.863,150.231
2023-10-25T22:00:00+01:00,150.2175,150.2285,150.0435,150.2055
2023-10-26T02:00:00+01:00,150.207,150.479,150.175,150.4325
2023-10-26T06:00:00+01:00,150.432,150.7785,149.844,150.4045
2023-10-26T10:00:00+01:00,150.4055,150.5275,150.1705,150.1925
2023-10-26T14:00:00+01:00,150.193,150.5035,150.085,150.422
2023-10-26T18:00:00+01:00,150.4215,150.4405,150.235,150.395
2023-10-26T22:00:00+01:00,150.395,150.427,150.284,150.376
2023-10-27T02:00:00+01:00,150.377,150.3935,150.144,150.1735
2023-10-27T06:00:00+01:00,150.172,150.2785,150.0675,150.0795
2023-10-27T10:00:00+01:00,150.08,150.144,149.726,149.8755
2023-10-27T14:00:00+01:00,149.8765,149.903,149.55,149.6315
2023-10-27T18:00:00+01:00,149.631,149.7435,149.461,149.6425
2023-10-29T21:00:00+00:00,149.519,149.815,149.5,149.8035
2023-10-30T01:00:00+00:00,149.804,149.8085,149.5325,149.5605
2023-10-30T05:00:00+00:00,149.56,149.667,149.283,149.5815
2023-10-30T09:00:00+00:00,149.5835,149.8555,149.5615,149.7645
2023-10-30T13:00:00+00:00,149.7635,149.803,148.806,149.0175
2023-10-30T17:00:00+00:00,149.018,149.1265,148.9555,149.0945
2023-10-30T21:00:00+00:00,149.0955,149.452,149.0275,149.417
2023-10-31T01:00:00+00:00,149.418,150.184,149.3305,150.147
2023-10-31T05:00:00+00:00,150.1475,150.4455,150.0705,150.408
2023-10-31T09:00:00+00:00,150.4075,150.9495,150.065,150.934
2023-10-31T13:00:00+00:00,150.935,151.7055,150.818,151.7045
2023-10-31T17:00:00+00:00,151.705,151.73,151.0545,151.654
2023-10-31T21:00:00+00:00,151.648,151.6945,151.1555,151.3695
2023-11-01T01:00:00+00:00,151.368,151.434,151.1445,151.324
2023-11-01T05:00:00+00:00,151.3245,151.397,151.205,151.221
2023-11-01T09:00:00+00:00,151.2215,151.2965,151.0855,151.182
2023-11-01T13:00:00+00:00,151.1825,151.3795,150.8165,151.073
2023-11-01T17:00:00+00:00,151.072,151.242,150.6625,150.9535
2023-11-01T21:00:00+00:00,150.951,150.9745,150.333,150.3465
2023-11-02T01:00:00+00:00,150.3485,150.4675,150.151,150.4355
2023-11-02T05:00:00+00:00,150.436,150.582,150.1675,150.405
2023-11-02T09:00:00+00:00,150.4055,150.4315,149.9545,149.987
2023-11-02T13:00:00+00:00,149.9875,150.546,149.845,150.5315
2023-11-02T17:00:00+00:00,150.5305,150.541,150.3755,150.44
2023-11-02T21:00:00+00:00,150.44,150.5305,150.316,150.396
2023-11-03T01:00:00+00:00,150.3965,150.467,150.2735,150.2835
2023-11-03T05:00:00+00:00,150.2825,150.419,150.2375,150.403
2023-11-03T09:00:00+00:00,150.4035,150.427,149.2865,149.403
2023-11-03T13:00:00+00:00,149.4035,149.758,149.1905,149.3335
2023-11-03T17:00:00+00:00,149.333,149.479,149.247,149.385
2023-11-05T22:00:00+00:00,149.3625,149.6525,149.3295,149.538
2023-11-06T02:00:00+00:00,149.5375,149.676,149.4795,149.546
2023-11-06T06:00:00+00:00,149.5465,149.736,149.3775,149.6775
2023-11-06T10:00:00+00:00,149.677,149.839,149.562,149.8095
2023-11-06T14:00:00+00:00,149.8105,149.861,149.681,149.855
2023-11-06T18:00:00+00:00,149.8555,150.083,149.8245,150.0715
2023-11-06T22:00:00+00:00,150.073,150.155,149.934,150.0895
2023-11-07T02:00:00+00:00,150.097,150.3175,150.072,150.2885
2023-11-07T06:00:00+00:00,150.288,150.495,150.248,150.4305
2023-11-07T10:00:00+00:00,150.432,150.645,150.2965,150.578
2023-11-07T14:00:00+00:00,150.5775,150.694,150.4515,150.55
2023-11-07T18:00:00+00:00,150.548,150.5635,150.317,150.3585
2023-11-07T22:00:00+00:00,150.358,150.617,150.328,150.5525
2023-11-08T02:00:00+00:00,150.5495,150.645,150.4315,150.6425
2023-11-08T06:00:00+00:00,150.643,150.78,150.5975,150.754
2023-11-08T10:00:00+00:00,150.7545,150.9875,150.6995,150.906
2023-11-08T14:00:00+00:00,150.9045,150.9525,150.7305,150.9115
2023-11-08T18:00:00+00:00,150.911,151.059,150.8325,150.9745
2023-11-08T22:00:00+00:00,150.9735,151.0005,150.825,150.8885
2023-11-09T02:00:00+00:00,150.8875,151.0375,150.844,151.0355
2023-11-09T06:00:00+00:00,151.036,151.0925,150.7705,151.038
2023-11-09T10:00:00+00:00,151.0375,151.1855,150.929,150.9715
2023-11-09T14:00:00+00:00,150.972,151.0975,150.834,151.079
2023-11-09T18:00:00+00:00,151.077,151.3885,151.057,151.3485
2023-11-09T22:00:00+00:00,151.3515,151.376,151.2385,151.242
2023-11-10T02:00:00+00:00,151.251,151.407,151.222,151.393
2023-11-10T06:00:00+00:00,151.396,151.456,151.3265,151.448
2023-11-10T10:00:00+00:00,151.449,151.49,151.3235,151.36
2023-11-10T14:00:00+00:00,151.3585,151.589,151.3545,151.559
2023-11-10T18:00:00+00:00,151.5595,151.603,151.4915,151.524
2023-11-12T22:00:00+00:00,151.4865,151.6615,151.446,151.567
2023-11-13T02:00:00+00:00,151.569,151.795,151.556,151.775
2023-11-13T06:00:00+00:00,151.7755,151.8565,151.673,151.773
2023-11-13T10:00:00+00:00,151.7715,151.841,151.695,151.8075
2023-11-13T14:00:00+00:00,151.808,151.909,151.2055,151.637
2023-11-13T18:00:00+00:00,151.635,151.733,151.59,151.7215
2023-11-13T22:00:00+00:00,151.7205,151.784,151.616,151.7325
2023-11-14T02:00:00+00:00,151.733,151.7575,151.65,151.71
2023-11-14T06:00:00+00:00,151.7095,151.7345,151.5745,151.706
2023-11-14T10:00:00+00:00,151.7055,151.7465,150.801,151.0025
2023-11-14T14:00:00+00:00,151.004,151.0055,150.591,150.604
2023-11-14T18:00:00+00:00,150.603,150.6125,150.157,150.3755
2023-11-14T22:00:00+00:00,150.376,150.7935,150.2805,150.5715
2023-11-15T02:00:00+00:00,150.572,150.6955,150.512,150.661
2023-11-15T06:00:00+00:00,150.66,150.7565,150.334,150.399
2023-11-15T10:00:00+00:00,150.3985,150.887,150.05,150.777
2023-11-15T14:00:00+00:00,150.7775,151.245,150.752,151.1605
2023-11-15T18:00:00+00:00,151.16,151.4225,151.147,151.3455
2023-11-15T22:00:00+00:00,151.3515,151.377,151.1185,151.202
2023-11-16T02:00:00+00:00,151.2015,151.3565,151.168,151.3055
2023-11-16T06:00:00+00:00,151.306,151.4315,151.1425,151.279
2023-11-16T10:00:00+00:00,151.2785,151.3155,150.652,150.653
2023-11-16T14:00:00+00:00,150.652,150.918,150.2875,150.5105
2023-11-16T18:00:00+00:00,150.51,150.774,150.425,150.724
2023-11-16T22:00:00+00:00,150.717,150.7765,150.503,150.6245
2023-11-17T02:00:00+00:00,150.625,150.6645,150.4225,150.636
2023-11-17T06:00:00+00:00,150.6365,150.6955,149.5145,149.6175
2023-11-17T10:00:00+00:00,149.616,149.735,149.1985,149.635
2023-11-17T14:00:00+00:00,149.636,149.8755,149.485,149.701
2023-11-17T18:00:00+00:00,149.7,149.751,149.56,149.5705
2023-11-19T22:00:00+00:00,149.685,149.991,149.381,149.5155
2023-11-20T02:00:00+00:00,149.516,149.5695,148.6905,149.0845
2023-11-20T06:00:00+00:00,149.084,149.211,148.199,148.207
2023-11-20T10:00:00+00:00,148.2065,148.5555,148.1035,148.5115
2023-11-20T14:00:00+00:00,148.514,148.6915,148.1875,148.3555
2023-11-20T18:00:00+00:00,148.355,148.4545,148.14,148.3805
2023-11-20T22:00:00+00:00,148.387,148.4195,147.8685,148.019
2023-11-21T02:00:00+00:00,148.022,148.0935,147.248,147.784
2023-11-21T06:00:00+00:00,147.7815,147.835,147.1525,147.7745
2023-11-21T10:00:00+00:00,147.776,147.801,147.353,147.6225
2023-11-21T14:00:00+00:00,147.622,147.9905,147.4385,147.962
2023-11-21T18:00:00+00:00,147.965,148.597,147.9595,148.393
2023-11-21T22:00:00+00:00,148.3955,148.4175,148.0205,148.301
2023-11-22T02:00:00+00:00,148.3015,148.8055,148.098,148.756
2023-11-22T06:00:00+00:00,148.7575,149.3525,148.7375,149.1075
2023-11-22T10:00:00+00:00,149.107,149.2385,148.5915,149.236
2023-11-22T14:00:00+00:00,149.2365,149.75,149.2,149.616
2023-11-22T18:00:00+00:00,149.6175,149.7005,149.517,149.5395
2023-11-22T22:00:00+00:00,149.5395,149.5715,149.165,149.181
2023-11-23T02:00:00+00:00,149.18,149.255,148.9545,148.99
2023-11-23T06:00:00+00:00,148.9905,149.342,148.8895,149.2385
2023-11-23T10:00:00+00:00,149.24,149.5755,149.1685,149.4745
2023-11-23T14:00:00+00:00,149.4755,149.693,149.4515,149.622
2023-11-23T18:00:00+00:00,149.621,149.622,149.5295,149.5585
2023-11-23T22:00:00+00:00,149.545,149.715,149.4105,149.522
2023-11-24T02:00:00+00:00,149.5205,149.5945,149.1985,149.2555
2023-11-24T06:00:00+00:00,149.256,149.6635,149.2075,149.6345
2023-11-24T10:00:00+00:00,149.635,149.6725,149.4465,149.5915
2023-11-24T14:00:00+00:00,149.592,149.6285,149.443,149.5255
2023-11-24T18:00:00+00:00,149.526,149.535,149.405,149.4455
2023-11-26T22:00:00+00:00,149.44,149.6775,149.0525,149.115
2023-11-27T02:00:00+00:00,149.1145,149.2885,148.888,149.1345
2023-11-27T06:00:00+00:00,149.1355,149.3265,148.775,149.2925
2023-11-27T10:00:00+00:00,149.2925,149.328,148.6525,148.815
2023-11-27T14:00:00+00:00,148.8165,149.0805,148.6605,148.959
2023-11-27T18:00:00+00:00,148.9595,148.9745,148.5475,148.6885
2023-11-27T22:00:00+00:00,148.687,148.738,148.023,148.2035
2023-11-28T02:00:00+00:00,148.2035,148.3855,147.971,148.287
2023-11-28T06:00:00+00:00,148.2875,148.8325,148.1565,148.5405
2023-11-28T10:00:00+00:00,148.5395,148.7015,148.297,148.365
2023-11-28T14:00:00+00:00,148.3645,148.502,147.324,147.556
2023-11-28T18:00:00+00:00,147.5565,147.7155,147.3915,147.4805
2023-11-28T22:00:00+00:00,147.484,147.5555,146.673,146.901
2023-11-29T02:00:00+00:00,146.9015,147.3215,146.801,147.145
2023-11-29T06:00:00+00:00,147.1445,147.655,147.0235,147.5685
2023-11-29T10:00:00+00:00,147.569,147.819,147.3055,147.73
2023-11-29T14:00:00+00:00,147.7295,147.905,147.1205,147.2655
2023-11-29T18:00:00+00:00,147.2665,147.3675,147.0785,147.244
2023-11-29T22:00:00+00:00,147.244,147.2465,146.846,147.0375
2023-11-30T02:00:00+00:00,147.037,147.1785,146.9315,147.032
2023-11-30T06:00:00+00:00,147.0315,147.463,146.8665,147.417
2023-11-30T10:00:00+00:00,147.4185,147.8975,147.213,147.886
2023-11-30T14:00:00+00:00,147.8865,148.522,147.722,148.2105
2023-11-30T18:00:00+00:00,148.211,148.303,148.044,148.196
2023-11-30T22:00:00+00:00,148.198,148.2165,147.6025,147.713
2023-12-01T02:00:00+00:00,147.714,148.185,147.666,148.063
2023-12-01T06:00:00+00:00,148.0625,148.3175,147.691,147.8595
2023-12-01T10:00:00+00:00,147.859,148.3485,147.8005,148.189
2023-12-01T14:00:00+00:00,148.1895,148.2555,146.8305,146.8545
2023-12-01T18:00:00+00:00,146.855,146.928,146.661,146.81
2023-12-03T22:00:00+00:00,146.7185,146.8005,146.2265,146.6455
2023-12-04T02:00:00+00:00,146.646,146.894,146.474,146.8115
2023-12-04T06:00:00+00:00,146.812,147.114,146.5725,146.617
2023-12-04T10:00:00+00:00,146.618,146.7685,146.461,146.6575
2023-12-04T14:00:00+00:00,146.6585,147.2605,146.471,147.254
2023-12-04T18:00:00+00:00,147.2535,147.453,147.1775,147.21
2023-12-04T22:00:00+00:00,147.2095,147.3835,146.972,147.163
2023-12-05T02:00:00+00:00,147.1635,147.277,147.018,147.028
2023-12-05T06:00:00+00:00,147.029,147.1485,146.68,147.0625
2023-12-05T10:00:00+00:00,147.0605,147.198,146.778,146.7965
2023-12-05T14:00:00+00:00,146.7955,147.3375,146.5625,147.13
2023-12-05T18:00:00+00:00,147.127,147.3895,147.117,147.1545
2023-12-05T22:00:00+00:00,147.156,147.301,147.0555,147.266
2023-12-06T02:00:00+00:00,147.2665,147.3995,147.1425,147.1775
2023-12-06T06:00:00+00:00,147.1775,147.3725,146.896,147.3225
2023-12-06T10:00:00+00:00,147.3215,147.4995,147.009,147.08
2023-12-06T14:00:00+00:00,147.0795,147.37,147.076,147.219
2023-12-06T18:00:00+00:00,147.2205,147.4145,147.203,147.3085
2023-12-06T22:00:00+00:00,147.309,147.3195,146.8045,146.891
2023-12-07T02:00:00+00:00,146.89,146.9845,146.514,146.5445
2023-12-07T06:00:00+00:00,146.5425,146.672,144.821,144.863
2023-12-07T10:00:00+00:00,144.8605,145.3035,144.546,144.839
2023-12-07T14:00:00+00:00,144.8395,144.957,141.6245,143.273
2023-12-07T18:00:00+00:00,143.275,144.18,143.048,144.1225
2023-12-07T22:00:00+00:00,144.124,144.3235,142.4995,143.3765
2023-12-08T02:00:00+00:00,143.377,144.18,143.064,143.9345
2023-12-08T06:00:00+00:00,143.9335,144.412,143.723,144.288
2023-12-08T10:00:00+00:00,144.2885,145.2205,143.758,144.198
2023-12-08T14:00:00+00:00,144.1985,144.979,143.8575,144.808
2023-12-08T18:00:00+00:00,144.8075,145.0015,144.764,144.9455
2023-12-10T22:00:00+00:00,144.943,145.576,144.8125,145.447
2023-12-11T02:00:00+00:00,145.45,145.6695,145.3005,145.563
2023-12-11T06:00:00+00:00,145.5655,146.4575,145.327,146.1885
2023-12-11T10:00:00+00:00,146.1895,146.5015,146.1015,146.2935
2023-12-11T14:00:00+00:00,146.293,146.591,146.054,146.4665
2023-12-11T18:00:00+00:00,146.466,146.483,146.074,146.167
2023-12-11T22:00:00+00:00,146.169,146.2065,145.5395,145.739
2023-12-12T02:00:00+00:00,145.7395,145.8335,145.331,145.3775
2023-12-12T06:00:00+00:00,145.3775,145.63,145.224,145.414
2023-12-12T10:00:00+00:00,145.413,145.7345,144.737,145.649
2023-12-12T14:00:00+00:00,145.6495,145.854,145.305,145.665
2023-12-12T18:00:00+00:00,145.664,145.681,145.4465,145.4505
2023-12-12T22:00:00+00:00,145.452,145.6075,145.1865,145.3855
2023-12-13T02:00:00+00:00,145.3845,145.704,145.3165,145.5665
2023-12-13T06:00:00+00:00,145.565,145.996,145.537,145.8385
2023-12-13T10:00:00+00:00,145.839,145.8825,145.212,145.233
2023-12-13T14:00:00+00:00,145.2325,145.447,145.0305,145.175
2023-12-13T18:00:00+00:00,145.1755,145.277,142.6355,142.886
2023-12-13T22:00:00+00:00,142.886,142.912,142.052,142.3215
2023-12-14T02:00:00+00:00,142.322,142.4115,140.961,141.417
2023-12-14T06:00:00+00:00,141.4165,142.1795,141.3545,141.4845
2023-12-14T10:00:00+00:00,141.4865,142.287,141.2315,141.865
2023-12-14T14:00:00+00:00,141.866,142.155,141.4,141.6005
2023-12-14T18:00:00+00:00,141.601,142.0145,141.6,141.899
2023-12-14T22:00:00+00:00,141.891,142.4685,141.8295,142.3525
2023-12-15T02:00:00+00:00,142.353,142.387,141.5675,141.889
2023-12-15T06:00:00+00:00,141.8865,142.1355,141.5925,141.776
2023-12-15T10:00:00+00:00,141.778,142.452,141.4715,142.3185
2023-12-15T14:00:00+00:00,142.318,142.3315,141.431,142.0375
2023-12-15T18:00:00+00:00,142.04,142.311,142.0075,142.1875
2023-12-17T22:00:00+00:00,142.0955,142.4605,142.0695,142.2535
2023-12-18T02:00:00+00:00,142.254,142.379,142.0835,142.2035
2023-12-18T06:00:00+00:00,142.203,142.545,142.1555,142.4945
2023-12-18T10:00:00+00:00,142.495,142.897,142.448,142.8175
2023-12-18T14:00:00+00:00,142.8195,143.159,142.8005,142.921
2023-12-18T18:00:00+00:00,142.922,143.015,142.766,142.767
2023-12-18T22:00:00+00:00,142.768,142.854,142.2485,142.5505
2023-12-19T02:00:00+00:00,142.552,143.7895,142.4565,143.499
2023-12-19T06:00:00+00:00,143.503,144.6955,142.4975,144.54
2023-12-19T10:00:00+00:00,144.5385,144.9575,144.16,144.2905
2023-12-19T14:00:00+00:00,144.2905,144.437,143.532,143.8335
2023-12-19T18:00:00+00:00,143.8355,143.969,143.7645,143.8365
2023-12-19T22:00:00+00:00,143.833,144.099,143.721,143.842
2023-12-20T02:00:00+00:00,143.8415,144.0095,143.3685,143.59
2023-12-20T06:00:00+00:00,143.5905,143.7685,143.3095,143.4145
2023-12-20T10:00:00+00:00,143.4155,143.6395,143.2635,143.3485
2023-12-20T14:00:00+00:00,143.348,143.9415,143.308,143.894
2023-12-20T18:00:00+00:00,143.8945,143.9205,143.537,143.573
2023-12-20T22:00:00+00:00,143.571,143.6035,142.926,143.032
2023-12-21T02:00:00+00:00,143.033,143.122,142.81,142.96
2023-12-21T06:00:00+00:00,142.9595,143.398,142.921,143.077
2023-12-21T10:00:00+00:00,143.077,143.139,142.076,142.2205
2023-12-21T14:00:00+00:00,142.22,142.604,142.046,142.27
2023-12-21T18:00:00+00:00,142.2715,142.4405,142.091,142.117
2023-12-21T22:00:00+00:00,142.1215,142.4085,141.8665,142.358
2023-12-22T02:00:00+00:00,142.357,142.5585,142.282,142.4045
2023-12-22T06:00:00+00:00,142.4035,142.439,142.052,142.16
2023-12-22T10:00:00+00:00,142.16,142.474,141.927,142.0415
2023-12-22T14:00:00+00:00,142.0435,142.665,141.8925,142.5085
2023-12-22T18:00:00+00:00,142.5075,142.5845,142.427,142.45
2023-12-24T22:00:00+00:00,142.3805,142.5595,142.173,142.311
2023-12-25T02:00:00+00:00,142.3035,142.4465,142.126,142.4025
2023-12-25T06:00:00+00:00,142.402,142.5325,142.331,142.42
2023-12-25T22:00:00+00:00,142.325,142.3975,142.094,142.2625
2023-12-26T02:00:00+00:00,142.262,142.3435,142.161,142.2665
2023-12-26T06:00:00+00:00,142.267,142.5255,142.2165,142.5055
2023-12-26T10:00:00+00:00,142.506,142.528,142.238,142.3725
2023-12-26T14:00:00+00:00,142.373,142.635,142.332,142.4735
2023-12-26T18:00:00+00:00,142.475,142.5215,142.369,142.401
2023-12-26T22:00:00+00:00,142.4015,142.8505,142.3045,142.616
2023-12-27T02:00:00+00:00,142.615,142.732,142.437,142.5685
2023-12-27T06:00:00+00:00,142.5675,142.8395,142.4495,142.5845
2023-12-27T10:00:00+00:00,142.585,142.6605,142.511,142.576
2023-12-27T14:00:00+00:00,142.576,142.6505,141.83,142.1015
2023-12-27T18:00:00+00:00,142.103,142.1705,141.5515,141.8295
2023-12-27T22:00:00+00:00,141.827,141.8365,141.172,141.4015
2023-12-28T02:00:00+00:00,141.401,141.4665,141.105,141.154
2023-12-28T06:00:00+00:00,141.1535,141.2485,140.6785,140.7335
2023-12-28T10:00:00+00:00,140.7335,141.1395,140.652,141.1225
2023-12-28T14:00:00+00:00,141.122,141.4245,140.253,141.219
2023-12-28T18:00:00+00:00,141.218,141.5865,141.1945,141.396
2023-12-28T22:00:00+00:00,141.4,141.669,141.255,141.4855
2023-12-29T02:00:00+00:00,141.4855,141.534,141.273,141.317
2023-12-29T06:00:00+00:00,141.3165,141.9125,141.14,141.899
2023-12-29T10:00:00+00:00,141.9005,141.9155,141.3865,141.8355
2023-12-29T14:00:00+00:00,141.8345,141.8355,140.799,140.8435
2023-12-29T18:00:00+00:00,140.843,141.09,140.8425,141.0305
2024-01-01T22:00:00+00:00,140.873,141.4585,140.8165,141.441
2024-01-02T02:00:00+00:00,141.4365,141.6725,141.3485,141.352
2024-01-02T06:00:00+00:00,141.351,141.6745,141.293,141.5545
2024-01-02T10:00:00+00:00,141.555,142.218,141.5075,142.153
2024-01-02T14:00:00+00:00,142.1525,142.177,141.502,141.974
2024-01-02T18:00:00+00:00,141.9735,142.021,141.806,141.987
2024-01-02T22:00:00+00:00,141.987,142.183,141.8615,142.0165
2024-01-03T02:00:00+00:00,142.017,142.135,141.86,142.126
2024-01-03T06:00:00+00:00,142.122,142.7135,142.0145,142.6395
2024-01-03T10:00:00+00:00,142.6395,143.086,142.593,143.0195
2024-01-03T14:00:00+00:00,143.02,143.73,142.8135,143.6105
2024-01-03T18:00:00+00:00,143.609,143.7345,143.119,143.295
2024-01-03T22:00:00+00:00,143.2935,143.45,142.856,143.4305
2024-01-04T02:00:00+00:00,143.431,143.896,143.2285,143.779
2024-01-04T06:00:00+00:00,143.78,143.894,143.182,143.8675
2024-01-04T10:00:00+00:00,143.868,144.552,143.868,144.5375
2024-01-04T14:00:00+00:00,144.537,144.853,144.4615,144.598
2024-01-04T18:00:00+00:00,144.5985,144.712,144.515,144.6305
2024-01-04T22:00:00+00:00,144.636,144.903,144.5485,144.7435
2024-01-05T02:00:00+00:00,144.7455,144.956,144.661,144.732
2024-01-05T06:00:00+00:00,144.7305,145.3705,144.6985,145.186
2024-01-05T10:00:00+00:00,145.187,145.9795,145.0545,145.4685
2024-01-05T14:00:00+00:00,145.468,145.487,143.8085,144.747
2024-01-05T18:00:00+00:00,144.7475,144.8965,144.4985,144.658
2024-01-07T22:00:00+00:00,144.573,144.921,144.3225,144.377
2024-01-08T02:00:00+00:00,144.3775,144.566,144.3155,144.368
2024-01-08T06:00:00+00:00,144.3665,144.615,144.0905,144.236
2024-01-08T10:00:00+00:00,144.2345,144.6855,144.2025,144.455
2024-01-08T14:00:00+00:00,144.4555,144.471,143.664,143.965
2024-01-08T18:00:00+00:00,143.968,144.2725,143.957,144.234
2024-01-08T22:00:00+00:00,144.237,144.2825,143.454,143.485
2024-01-09T02:00:00+00:00,143.4845,143.8855,143.423,143.791
2024-01-09T06:00:00+00:00,143.7905,144.3175,143.7445,143.9485
2024-01-09T10:00:00+00:00,143.949,144.193,143.7485,143.772
2024-01-09T14:00:00+00:00,143.772,144.4865,143.654,144.407
2024-01-09T18:00:00+00:00,144.4075,144.6255,144.243,144.477
2024-01-09T22:00:00+00:00,144.4745,144.826,144.3195,144.7425
2024-01-10T02:00:00+00:00,144.742,144.937,144.671,144.777
2024-01-10T06:00:00+00:00,144.783,145.1535,144.734,144.919
2024-01-10T10:00:00+00:00,144.9195,145.335,144.7645,145.2975
2024-01-10T14:00:00+00:00,145.298,145.827,145.2365,145.6145
2024-01-10T18:00:00+00:00,145.6155,145.8325,145.5635,145.758
2024-01-10T22:00:00+00:00,145.761,145.811,145.3275,145.3665
2024-01-11T02:00:00+00:00,145.367,145.5905,145.28,145.4925
2024-01-11T06:00:00+00:00,145.491,145.5775,145.331,145.546
2024-01-11T10:00:00+00:00,145.5475,146.267,144.9915,146.2505
2024-01-11T14:00:00+00:00,146.249,146.417,145.6455,145.955
2024-01-11T18:00:00+00:00,145.9555,146.021,145.264,145.284
2024-01-11T22:00:00+00:00,145.286,145.409,144.943,145.1155
2024-01-12T02:00:00+00:00,145.1165,145.262,144.8465,145.254
2024-01-12T06:00:00+00:00,145.2535,145.289,144.8705,145.1355
2024-01-12T10:00:00+00:00,145.1335,145.569,144.7535,144.792
2024-01-12T14:00:00+00:00,144.791,145.0105,144.355,144.9575
2024-01-12T18:00:00+00:00,144.9575,145.0215,144.7985,144.909
2024-01-14T22:00:00+00:00,144.922,145.235,144.836,145.0745
2024-01-15T02:00:00+00:00,145.074,145.2915,144.9365,145.2735
2024-01-15T06:00:00+00:00,145.273,145.765,145.1965,145.666
2024-01-15T10:00:00+00:00,145.666,145.9155,145.5465,145.7845
2024-01-15T14:00:00+00:00,145.7815,145.944,145.6775,145.7815
2024-01-15T18:00:00+00:00,145.7835,145.8105,145.736,145.7425
2024-01-15T22:00:00+00:00,145.7425,146.111,145.587,145.902
2024-01-16T02:00:00+00:00,145.9025,146.274,145.896,146.1665
2024-01-16T06:00:00+00:00,146.1655,146.633,145.9965,146.5375
2024-01-16T10:00:00+00:00,146.5385,146.791,146.2845,146.6285
2024-01-16T14:00:00+00:00,146.627,147.274,146.398,147.2555
2024-01-16T18:00:00+00:00,147.257,147.3125,147.138,147.184
2024-01-16T22:00:00+00:00,147.1865,147.4865,147.068,147.195
2024-01-17T02:00:00+00:00,147.196,147.6725,147.1005,147.5815
2024-01-17T06:00:00+00:00,147.581,147.9695,147.5705,147.7255
2024-01-17T10:00:00+00:00,147.7265,147.9865,147.5675,147.939
2024-01-17T14:00:00+00:00,147.94,148.5265,147.885,148.2275
2024-01-17T18:00:00+00:00,148.2265,148.393,148.126,148.1505
2024-01-17T22:00:00+00:00,148.16,148.2535,147.872,148.0465
2024-01-18T02:00:00+00:00,148.0415,148.161,147.864,147.878
2024-01-18T06:00:00+00:00,147.876,147.962,147.6575,147.85
2024-01-18T10:00:00+00:00,147.8485,148.3025,147.755,148.2325
2024-01-18T14:00:00+00:00,148.2335,148.2635,147.8555,148.2235
2024-01-18T18:00:00+00:00,148.2225,148.278,148.0735,148.158
2024-01-18T22:00:00+00:00,148.161,148.396,147.941,148.3545
2024-01-19T02:00:00+00:00,148.357,148.6755,148.1475,148.652
2024-01-19T06:00:00+00:00,148.651,148.8065,147.9255,147.9815
2024-01-19T10:00:00+00:00,147.983,148.2145,147.841,148.137
2024-01-19T14:00:00+00:00,148.138,148.535,148.0245,148.1225
2024-01-19T18:00:00+00:00,148.122,148.3115,148.065,148.1055
2024-01-21T22:00:00+00:00,148.277,148.308,147.7805,147.862
2024-01-22T02:00:00+00:00,147.863,148.125,147.734,148.0555
2024-01-22T06:00:00+00:00,148.0545,148.305,147.919,148.113
2024-01-22T10:00:00+00:00,148.115,148.1455,147.6185,147.688
2024-01-22T14:00:00+00:00,147.6885,148.0395,147.688,147.9855
2024-01-22T18:00:00+00:00,147.986,148.1515,147.9845,148.0985
2024-01-22T22:00:00+00:00,148.1,148.226,147.9285,148.104
2024-01-23T02:00:00+00:00,148.1035,148.5545,147.854,147.926
2024-01-23T06:00:00+00:00,147.925,148.175,146.982,147.7125
2024-01-23T10:00:00+00:00,147.714,148.158,147.714,148.054
2024-01-23T14:00:00+00:00,148.056,148.6975,148.053,148.5975
2024-01-23T18:00:00+00:00,148.598,148.6225,148.298,148.3355
2024-01-23T22:00:00+00:00,148.343,148.4045,147.979,148.021
2024-01-24T02:00:00+00:00,148.0215,148.257,147.754,147.8775
2024-01-24T06:00:00+00:00,147.8775,147.959,147.3785,147.532
2024-01-24T10:00:00+00:00,147.5325,147.6265,146.723,146.7675
2024-01-24T14:00:00+00:00,146.7695,147.4345,146.651,147.192
2024-01-24T18:00:00+00:00,147.193,147.641,147.1605,147.506
2024-01-24T22:00:00+00:00,147.5085,147.855,147.4055,147.667
2024-01-25T02:00:00+00:00,147.666,147.859,147.5675,147.8015
2024-01-25T06:00:00+00:00,147.802,147.8825,147.5375,147.642
2024-01-25T10:00:00+00:00,147.643,147.95,147.288,147.377
2024-01-25T14:00:00+00:00,147.376,147.902,147.084,147.831
2024-01-25T18:00:00+00:00,147.8305,147.878,147.6545,147.662
2024-01-25T22:00:00+00:00,147.661,147.8515,147.481,147.5495
2024-01-26T02:00:00+00:00,147.549,147.8255,147.5105,147.733
2024-01-26T06:00:00+00:00,147.734,148.091,147.733,147.8365
2024-01-26T10:00:00+00:00,147.8345,147.918,147.4045,147.6525
2024-01-26T14:00:00+00:00,147.6545,148.168,147.639,147.9925
2024-01-26T18:00:00+00:00,147.9935,148.2115,147.9645,148.181
2024-01-28T22:00:00+00:00,148.13,148.337,148.027,148.1335
2024-01-29T02:00:00+00:00,148.133,148.253,147.996,148.033
2024-01-29T06:00:00+00:00,148.0325,148.0735,147.712,147.744
2024-01-29T10:00:00+00:00,147.7445,148.0935,147.734,147.975
2024-01-29T14:00:00+00:00,147.9765,148.0525,147.586,147.66
2024-01-29T18:00:00+00:00,147.6605,147.7155,147.254,147.504
2024-01-29T22:00:00+00:00,147.5055,147.5365,147.194,147.3155
2024-01-30T02:00:00+00:00,147.3185,147.486,147.302,147.3865
2024-01-30T06:00:00+00:00,147.387,147.553,147.16,147.391
2024-01-30T10:00:00+00:00,147.3905,147.579,147.21,147.5205
2024-01-30T14:00:00+00:00,147.52,147.9285,147.099,147.808
2024-01-30T18:00:00+00:00,147.8095,147.869,147.57,147.6045
2024-01-30T22:00:00+00:00,147.605,147.6345,147.19,147.548
2024-01-31T02:00:00+00:00,147.5485,147.8185,147.5485,147.721
2024-01-31T06:00:00+00:00,147.7215,147.8995,147.406,147.77
2024-01-31T10:00:00+00:00,147.7705,147.8855,147.46,147.5035
2024-01-31T14:00:00+00:00,147.504,147.568,146.0705,146.3575
2024-01-31T18:00:00+00:00,146.3585,147.447,146.009,146.8965
2024-01-31T22:00:00+00:00,146.903,147.0845,146.6145,146.778
2024-02-01T02:00:00+00:00,146.7795,146.8885,146.476,146.865
2024-02-01T06:00:00+00:00,146.8645,147.0525,146.5905,146.7965
2024-02-01T10:00:00+00:00,146.797,147.1165,146.46,146.663
2024-02-01T14:00:00+00:00,146.664,146.8395,145.8985,146.359
2024-02-01T18:00:00+00:00,146.36,146.4845,146.1945,146.44
2024-02-01T22:00:00+00:00,146.443,146.5155,146.2435,146.359
2024-02-02T02:00:00+00:00,146.3585,146.519,146.309,146.4335
2024-02-02T06:00:00+00:00,146.4305,146.8005,146.357,146.696
2024-02-02T10:00:00+00:00,146.6965,147.9895,146.462,147.967
2024-02-02T14:00:00+00:00,147.9685,148.5855,147.6845,148.528
2024-02-02T18:00:00+00:00,148.5285,148.569,148.2325,148.3575
2024-02-04T22:00:00+00:00,148.4275,148.8245,148.37,148.3765
2024-02-05T02:00:00+00:00,148.3775,148.5575,148.3175,148.3365
2024-02-05T06:00:00+00:00,148.336,148.6085,148.2695,148.5045
2024-02-05T10:00:00+00:00,148.504,148.681,148.3105,148.5695
2024-02-05T14:00:00+00:00,148.562,148.895,148.3965,148.624
2024-02-05T18:00:00+00:00,148.623,148.768,148.5055,148.68
2024-02-05T22:00:00+00:00,148.681,148.783,148.468,148.5235
2024-02-06T02:00:00+00:00,148.5245,148.6735,148.382,148.439
2024-02-06T06:00:00+00:00,148.4395,148.7055,148.361,148.6845
2024-02-06T10:00:00+00:00,148.6845,148.7895,148.4615,148.6215
2024-02-06T14:00:00+00:00,148.623,148.6275,147.849,147.921
2024-02-06T18:00:00+00:00,147.9205,148.0395,147.8195,147.946
2024-02-06T22:00:00+00:00,147.947,147.966,147.7125,147.805
2024-02-07T02:00:00+00:00,147.8075,147.9985,147.8075,147.952
2024-02-07T06:00:00+00:00,147.9525,148.096,147.752,147.92
2024-02-07T10:00:00+00:00,147.9215,148.2605,147.9045,148.183
2024-02-07T14:00:00+00:00,148.185,148.2285,147.62,148.137
2024-02-07T18:00:00+00:00,148.1375,148.1975,147.991,148.177
2024-02-07T22:00:00+00:00,148.1885,148.368,147.9335,148.2945
2024-02-08T02:00:00+00:00,148.295,148.6645,148.266,148.5855
2024-02-08T06:00:00+00:00,148.5845,148.8505,148.578,148.7585
2024-02-08T10:00:00+00:00,148.7575,149.4665,148.7415,149.3905
2024-02-08T14:00:00+00:00,149.3915,149.4805,149.1925,149.3745
2024-02-08T18:00:00+00:00,149.375,149.4105,149.1255,149.318
2024-02-08T22:00:00+00:00,149.317,149.4135,149.2375,149.2835
2024-02-09T02:00:00+00:00,149.285,149.4915,149.251,149.4005
2024-02-09T06:00:00+00:00,149.402,149.5775,149.2165,149.424
2024-02-09T10:00:00+00:00,149.4245,149.538,149.0095,149.3885
2024-02-09T14:00:00+00:00,149.39,149.448,149.1735,149.351
2024-02-09T18:00:00+00:00,149.3505,149.3735,149.248,149.2845
2024-02-11T22:00:00+00:00,149.2795,149.333,149.081,149.183
2024-02-12T02:00:00+00:00,149.184,149.2545,149.1285,149.212
2024-02-12T06:00:00+00:00,149.2115,149.232,148.9895,149.13
2024-02-12T10:00:00+00:00,149.131,149.2155,148.928,149.206
2024-02-12T14:00:00+00:00,149.2055,149.4795,149.16,149.2575
2024-02-12T18:00:00+00:00,149.258,149.439,149.239,149.3465
2024-02-12T22:00:00+00:00,149.35,149.428,149.2695,149.368
2024-02-13T02:00:00+00:00,149.3685,149.579,149.36,149.5535
2024-02-13T06:00:00+00:00,149.554,149.695,149.448,149.579
2024-02-13T10:00:00+00:00,149.5785,150.4875,149.24,150.4365
2024-02-13T14:00:00+00:00,150.4355,150.807,150.3045,150.7835
2024-02-13T18:00:00+00:00,150.784,150.886,150.7225,150.787
2024-02-13T22:00:00+00:00,150.789,150.834,150.5265,150.5445
2024-02-14T02:00:00+00:00,150.545,150.646,150.419,150.52
2024-02-14T06:00:00+00:00,150.5185,150.645,150.3455,150.6445
2024-02-14T10:00:00+00:00,150.644,150.7395,150.5025,150.7155
2024-02-14T14:00:00+00:00,150.716,150.7525,150.3725,150.435
2024-02-14T18:00:00+00:00,150.4355,150.628,150.3525,150.561
2024-02-14T22:00:00+00:00,150.572,150.577,150.1415,150.202
2024-02-15T02:00:00+00:00,150.202,150.2965,150.081,150.1835
2024-02-15T06:00:00+00:00,150.1845,150.2205,149.9245,150.028
2024-02-15T10:00:00+00:00,150.0275,150.1,149.531,149.828
2024-02-15T14:00:00+00:00,149.8305,150.2475,149.811,150.0935
2024-02-15T18:00:00+00:00,150.093,150.093,149.8545,149.9255
2024-02-15T22:00:00+00:00,149.925,150.242,149.8265,150.061
2024-02-16T02:00:00+00:00,150.0605,150.368,150.06,150.1795
2024-02-16T06:00:00+00:00,150.179,150.3045,150.1405,150.2885
2024-02-16T10:00:00+00:00,150.289,150.6495,150.144,150.521
2024-02-16T14:00:00+00:00,150.52,150.637,150.114,150.226
2024-02-16T18:00:00+00:00,150.2255,150.289,150.087,150.2065
2024-02-18T22:00:00+00:00,150.115,150.2305,149.875,149.9755
2024-02-19T02:00:00+00:00,149.9765,150.042,149.913,150.0095
2024-02-19T06:00:00+00:00,150.0085,150.0325,149.8935,149.94
2024-02-19T10:00:00+00:00,149.94,150.0335,149.9295,149.9685
2024-02-19T14:00:00+00:00,149.968,150.194,149.954,150.19
2024-02-19T18:00:00+00:00,150.1905,150.1905,150.1105,150.1305
2024-02-19T22:00:00+00:00,150.1275,150.3475,150.092,150.274
2024-02-20T02:00:00+00:00,150.2725,150.4375,150.2705,150.423
2024-02-20T06:00:00+00:00,150.4235,150.44,150.253,150.278
2024-02-20T10:00:00+00:00,150.2765,150.2975,149.933,149.9865
2024-02-20T14:00:00+00:00,149.985,150.0405,149.686,149.8995
2024-02-20T18:00:00+00:00,149.899,150.0725,149.885,150.0005
2024-02-20T22:00:00+00:00,150.006,150.0935,149.8875,149.994
2024-02-21T02:00:00+00:00,149.9945,150.04,149.8535,149.9845
2024-02-21T06:00:00+00:00,149.9855,150.189,149.9495,150.0925
2024-02-21T10:00:00+00:00,150.0935,150.1035,149.9345,150.0795
2024-02-21T14:00:00+00:00,150.081,150.3885,149.9905,150.3075
2024-02-21T18:00:00+00:00,150.3085,150.3945,150.131,150.307
2024-02-21T22:00:00+00:00,150.3075,150.4605,150.2645,150.3155
2024-02-22T02:00:00+00:00,150.315,150.4535,150.2265,150.285
2024-02-22T06:00:00+00:00,150.2855,150.298,150.0175,150.1775
2024-02-22T10:00:00+00:00,150.179,150.603,150.1205,150.568
2024-02-22T14:00:00+00:00,150.5675,150.69,150.405,150.6075
2024-02-22T18:00:00+00:00,150.608,150.653,150.482,150.53
2024-02-22T22:00:00+00:00,150.5295,150.5635,150.3735,150.459
2024-02-23T02:00:00+00:00,150.4585,150.609,150.4235,150.6075
2024-02-23T06:00:00+00:00,150.607,150.763,150.5265,150.7485
2024-02-23T10:00:00+00:00,150.749,150.7695,150.334,150.4765
2024-02-23T14:00:00+00:00,150.479,150.557,150.2935,150.4115
2024-02-23T18:00:00+00:00,150.41,150.554,150.345,150.506
2024-02-25T22:00:00+00:00,150.506,150.567,150.2945,150.4255
2024-02-26T02:00:00+00:00,150.425,150.5205,150.368,150.436
2024-02-26T06:00:00+00:00,150.4355,150.6715,150.3655,150.6385
2024-02-26T10:00:00+00:00,150.6395,150.6985,150.5255,150.648
2024-02-26T14:00:00+00:00,150.647,150.84,150.625,150.7705
2024-02-26T18:00:00+00:00,150.769,150.818,150.6735,150.7
2024-02-26T22:00:00+00:00,150.7005,150.7175,150.4915,150.51
2024-02-27T02:00:00+00:00,150.51,150.5285,150.4075,150.5205
2024-02-27T06:00:00+00:00,150.5205,150.54,150.1175,150.267
2024-02-27T10:00:00+00:00,150.2665,150.378,150.076,150.275
2024-02-27T14:00:00+00:00,150.2765,150.5495,150.2595,150.424
2024-02-27T18:00:00+00:00,150.423,150.5835,150.3005,150.515
2024-02-27T22:00:00+00:00,150.512,150.539,150.3745,150.3985
2024-02-28T02:00:00+00:00,150.3985,150.6425,150.3745,150.6005
2024-02-28T06:00:00+00:00,150.6005,150.799,150.58,150.7465
2024-02-28T10:00:00+00:00,150.746,150.748,150.53,150.7135
2024-02-28T14:00:00+00:00,150.714,150.8445,150.6525,150.7
2024-02-28T18:00:00+00:00,150.6995,150.743,150.6435,150.6905
2024-02-28T22:00:00+00:00,150.6945,150.7015,150.192,150.2165
2024-02-29T02:00:00+00:00,150.2155,150.2285,149.696,149.91
2024-02-29T06:00:00+00:00,149.906,149.937,149.613,149.8065
2024-02-29T10:00:00+00:00,149.808,150.1515,149.733,149.782
2024-02-29T14:00:00+00:00,149.7815,150.046,149.2095,149.9935
2024-02-29T18:00:00+00:00,149.9945,150.018,149.8405,149.977
2024-02-29T22:00:00+00:00,149.9765,150.3715,149.94,150.357
2024-03-01T02:00:00+00:00,150.3555,150.4805,150.302,150.4465
2024-03-01T06:00:00+00:00,150.446,150.687,150.3305,150.6275
2024-03-01T10:00:00+00:00,150.628,150.6585,150.308,150.6455
2024-03-01T14:00:00+00:00,150.646,150.724,150.0755,150.1535
2024-03-01T18:00:00+00:00,150.1535,150.246,150.054,150.1125
2024-03-03T22:00:00+00:00,149.9995,150.211,149.84,150.1295
2024-03-04T02:00:00+00:00,150.13,150.3235,150.101,150.303
2024-03-04T06:00:00+00:00,150.3035,150.4015,150.1745,150.2475
2024-03-04T10:00:00+00:00,150.247,150.571,150.2465,150.4615
2024-03-04T14:00:00+00:00,150.4605,150.552,150.313,150.5235
2024-03-04T18:00:00+00:00,150.523,150.565,150.4865,150.528
2024-03-04T22:00:00+00:00,150.5305,150.557,150.3535,150.465
2024-03-05T02:00:00+00:00,150.465,150.5465,150.4445,150.5005
2024-03-05T06:00:00+00:00,150.4995,150.546,150.346,150.417
2024-03-05T10:00:00+00:00,150.416,150.444,150.064,150.0895
2024-03-05T14:00:00+00:00,150.089,150.2275,149.704,150.0935
2024-03-05T18:00:00+00:00,150.094,150.1145,149.84,150.045
2024-03-05T22:00:00+00:00,150.0445,150.086,149.818,150.0315
2024-03-06T02:00:00+00:00,150.032,150.0325,149.8095,149.9145
2024-03-06T06:00:00+00:00,149.914,149.938,149.326,149.6475
2024-03-06T10:00:00+00:00,149.649,149.811,149.336,149.368
2024-03-06T14:00:00+00:00,149.3675,149.6455,149.095,149.3275
2024-03-06T18:00:00+00:00,149.3265,149.472,149.202,149.366
2024-03-06T22:00:00+00:00,149.3805,149.39,148.5595,148.619
2024-03-07T02:00:00+00:00,148.616,148.7965,148.404,148.6385
2024-03-07T06:00:00+00:00,148.6405,148.6805,147.811,147.9865
2024-03-07T10:00:00+00:00,147.986,147.9965,147.5855,147.769
2024-03-07T14:00:00+00:00,147.769,148.3,147.733,148.1055
2024-03-07T18:00:00+00:00,148.1095,148.136,147.9955,148.0475
2024-03-07T22:00:00+00:00,148.05,148.1195,147.5235,147.9755
2024-03-08T02:00:00+00:00,147.9765,148.09,147.776,147.804
2024-03-08T06:00:00+00:00,147.8035,148.0465,146.876,147.135
2024-03-08T10:00:00+00:00,147.135,147.513,146.483,146.962
2024-03-08T14:00:00+00:00,146.964,147.26,146.693,147.0285
2024-03-08T18:00:00+00:00,147.0285,147.1625,146.988,147.0625
2024-03-10T21:00:00+00:00,147.0425,147.1695,146.6735,146.765
2024-03-11T01:00:00+00:00,146.7645,147.09,146.539,146.905
2024-03-11T05:00:00+00:00,146.9045,147.0835,146.634,146.72
2024-03-11T09:00:00+00:00,146.7195,146.899,146.486,146.827
2024-03-11T13:00:00+00:00,146.8275,147.1475,146.762,146.873
2024-03-11T17:00:00+00:00,146.8735,147.056,146.7445,146.9455
2024-03-11T21:00:00+00:00,146.9465,147.0055,146.622,146.8705
2024-03-12T01:00:00+00:00,146.8735,147.437,146.855,147.385
2024-03-12T05:00:00+00:00,147.3855,147.5975,147.2135,147.3285
2024-03-12T09:00:00+00:00,147.328,148.177,147.069,147.651
2024-03-12T13:00:00+00:00,147.652,147.9845,147.6435,147.704
2024-03-12T17:00:00+00:00,147.7035,147.7985,147.642,147.6825
2024-03-12T21:00:00+00:00,147.6795,147.698,147.368,147.372
2024-03-13T01:00:00+00:00,147.3715,147.584,147.2355,147.574
2024-03-13T05:00:00+00:00,147.575,147.89,147.5005,147.874
2024-03-13T09:00:00+00:00,147.875,148.0475,147.7095,147.9445
2024-03-13T13:00:00+00:00,147.9435,147.971,147.674,147.7105
2024-03-13T17:00:00+00:00,147.71,147.8575,147.4605,147.7545
2024-03-13T21:00:00+00:00,147.7605,147.7605,147.5435,147.5965
2024-03-14T01:00:00+00:00,147.596,147.974,147.5315,147.915
2024-03-14T05:00:00+00:00,147.916,147.974,147.7695,147.865
2024-03-14T09:00:00+00:00,147.8655,147.9895,147.568,147.849
2024-03-14T13:00:00+00:00,147.849,148.322,147.435,148.189
2024-03-14T17:00:00+00:00,148.19,148.3585,148.1335,148.328
2024-03-14T21:00:00+00:00,148.3285,148.537,148.2245,148.448
2024-03-15T01:00:00+00:00,148.45,148.661,148.253,148.3135
2024-03-15T05:00:00+00:00,148.3135,148.8345,148.0325,148.7125
2024-03-15T09:00:00+00:00,148.7125,148.871,148.5875,148.8025
2024-03-15T13:00:00+00:00,148.802,149.166,148.7325,149.0945
2024-03-15T17:00:00+00:00,149.094,149.121,148.998,149.05
2024-03-17T21:00:00+00:00,148.9845,149.2895,148.9355,149.2795
2024-03-18T01:00:00+00:00,149.2825,149.331,148.91,149.115
2024-03-18T05:00:00+00:00,149.114,149.312,149.057,149.1265
2024-03-18T09:00:00+00:00,149.126,149.2465,149.011,149.1785
2024-03-18T13:00:00+00:00,149.1785,149.302,149.098,149.141
2024-03-18T17:00:00+00:00,149.1415,149.1935,148.922,149.1525
2024-03-18T21:00:00+00:00,149.153,149.2235,149.0325,149.2105
2024-03-19T01:00:00+00:00,149.21,150.078,149.011,149.9695
2024-03-19T05:00:00+00:00,149.969,150.515,149.9415,150.338
2024-03-19T09:00:00+00:00,150.3375,150.7025,150.3085,150.493
2024-03-19T13:00:00+00:00,150.4925,150.9485,150.4045,150.9415
2024-03-19T17:00:00+00:00,150.939,150.965,150.8445,150.86
2024-03-19T21:00:00+00:00,150.8615,151.3435,150.7695,151.1575
2024-03-20T01:00:00+00:00,151.1585,151.5425,151.1385,151.4885
2024-03-20T05:00:00+00:00,151.488,151.586,151.338,151.453
2024-03-20T09:00:00+00:00,151.452,151.7855,151.452,151.7605
2024-03-20T13:00:00+00:00,151.761,151.8185,151.5345,151.615
2024-03-20T17:00:00+00:00,151.6155,151.7125,150.72,151.2505
2024-03-20T21:00:00+00:00,151.259,151.3135,150.5445,150.6235
2024-03-21T01:00:00+00:00,150.6255,150.793,150.265,150.765
2024-03-21T05:00:00+00:00,150.7645,151.4595,150.752,151.175
2024-03-21T09:00:00+00:00,151.1745,151.321,150.8725,151.1665
2024-03-21T13:00:00+00:00,151.1675,151.755,151.163,151.695
2024-03-21T17:00:00+00:00,151.6935,151.741,151.606,151.6145
2024-03-21T21:00:00+00:00,151.6155,151.702,151.444,151.531
2024-03-22T01:00:00+00:00,151.532,151.8655,151.4215,151.5855
2024-03-22T05:00:00+00:00,151.5865,151.594,151.259,151.4795
2024-03-22T09:00:00+00:00,151.48,151.6525,151.005,151.215
2024-03-22T13:00:00+00:00,151.2155,151.438,151.0615,151.3895
2024-03-22T17:00:00+00:00,151.39,151.4855,151.347,151.442
2024-03-24T21:00:00+00:00,151.372,151.4485,151.086,151.308
2024-03-25T01:00:00+00:00,151.306,151.379,151.055,151.3685
2024-03-25T05:00:00+00:00,151.3645,151.402,151.1715,151.3565
2024-03-25T09:00:00+00:00,151.356,151.4425,151.1425,151.232
2024-03-25T13:00:00+00:00,151.2315,151.5465,151.1265,151.4855
2024-03-25T17:00:00+00:00,151.486,151.5375,151.41,151.4145
2024-03-25T21:00:00+00:00,151.415,151.4445,151.262,151.286
2024-03-26T01:00:00+00:00,151.285,151.4305,151.22,151.3615
2024-03-26T05:00:00+00:00,151.3625,151.3995,151.2535,151.26
2024-03-26T09:00:00+00:00,151.2595,151.475,151.2085,151.4545
2024-03-26T13:00:00+00:00,151.455,151.605,151.3025,151.522
2024-03-26T17:00:00+00:00,151.5225,151.5865,151.4445,151.5685
2024-03-26T21:00:00+00:00,151.5625,151.5765,151.449,151.5185
2024-03-27T01:00:00+00:00,151.519,151.972,151.5,151.691
2024-03-27T05:00:00+00:00,151.6915,151.8405,151.617,151.784
2024-03-27T09:00:00+00:00,151.7845,151.805,151.0275,151.251
2024-03-27T13:00:00+00:00,151.253,151.427,151.167,151.3195
2024-03-27T17:00:00+00:00,151.3215,151.416,151.281,151.3215
2024-03-27T21:00:00+00:00,151.3275,151.4385,151.2505,151.417
2024-03-28T01:00:00+00:00,151.416,151.5465,151.2605,151.3565
2024-03-28T05:00:00+00:00,151.357,151.4505,151.2525,151.428
2024-03-28T09:00:00+00:00,151.4285,151.504,151.186,151.215
2024-03-28T13:00:00+00:00,151.2155,151.374,151.1515,151.3365
2024-03-28T17:00:00+00:00,151.337,151.4255,151.3115,151.379
2024-03-28T21:00:00+00:00,151.3805,151.4995,151.188,151.3205
2024-03-29T01:00:00+00:00,151.321,151.4475,151.2495,151.288
2024-03-29T05:00:00+00:00,151.2885,151.4755,151.284,151.3495
2024-03-29T09:00:00+00:00,151.349,151.382,151.1965,151.2275
2024-03-29T13:00:00+00:00,151.2275,151.2915,151.174,151.2785
2024-03-29T17:00:00+00:00,151.2805,151.3935,151.2455,151.3425
2024-03-31T22:00:00+01:00,151.296,151.4325,151.224,151.3785
2024-04-01T02:00:00+01:00,151.379,151.404,151.2505,151.3715
2024-04-01T06:00:00+01:00,151.3725,151.4115,151.3045,151.3415
2024-04-01T10:00:00+01:00,151.3415,151.485,151.3295,151.4575
2024-04-01T14:00:00+01:00,151.456,151.7745,151.444,151.701
2024-04-01T18:00:00+01:00,151.7005,151.704,151.5755,151.6475
2024-04-01T22:00:00+01:00,151.646,151.7105,151.503,151.6865
2024-04-02T02:00:00+01:00,151.688,151.7865,151.6325,151.7655
2024-04-02T06:00:00+01:00,151.7665,151.8035,151.556,151.6415
2024-04-02T10:00:00+01:00,151.642,151.717,151.6045,151.6905
2024-04-02T14:00:00+01:00,151.691,151.6975,151.4645,151.5955
2024-04-02T18:00:00+01:00,151.595,151.617,151.539,151.5575
2024-04-02T22:00:00+01:00,151.5565,151.582,151.443,151.5565
2024-04-03T02:00:00+01:00,151.558,151.6425,151.5345,151.5935
2024-04-03T06:00:00+01:00,151.593,151.737,151.538,151.734
2024-04-03T10:00:00+01:00,151.736,151.915,151.6835,151.8525
2024-04-03T14:00:00+01:00,151.851,151.955,151.5795,151.6475
2024-04-03T18:00:00+01:00,151.651,151.7065,151.6315,151.6915
2024-04-03T22:00:00+01:00,151.6935,151.698,151.54,151.57
2024-04-04T02:00:00+01:00,151.5695,151.725,151.5605,151.697
2024-04-04T06:00:00+01:00,151.6965,151.7585,151.5995,151.7135
2024-04-04T10:00:00+01:00,151.714,151.7715,151.613,151.6255
2024-04-04T14:00:00+01:00,151.625,151.7045,151.5055,151.647
2024-04-04T18:00:00+01:00,151.6475,151.688,151.1225,151.3425
2024-04-04T22:00:00+01:00,151.3425,151.3525,150.8115,150.911
2024-04-05T02:00:00+01:00,150.912,151.2955,150.814,151.2175
2024-04-05T06:00:00+01:00,151.218,151.452,151.094,151.413
2024-04-05T10:00:00+01:00,151.414,151.7505,151.274,151.659
2024-04-05T14:00:00+01:00,151.657,151.752,151.441,151.5815
2024-04-05T18:00:00+01:00,151.581,151.652,151.538,151.629
2024-04-07T22:00:00+01:00,151.635,151.7815,151.568,151.712
2024-04-08T02:00:00+01:00,151.7135,151.819,151.6785,151.7945
2024-04-08T06:00:00+01:00,151.794,151.9145,151.755,151.9085
2024-04-08T10:00:00+01:00,151.909,151.9435,151.828,151.8795
2024-04-08T14:00:00+01:00,151.878,151.8785,151.72,151.836
2024-04-08T18:00:00+01:00,151.836,151.8605,151.72,151.8115
2024-04-08T22:00:00+01:00,151.8175,151.9235,151.7645,151.91
2024-04-09T02:00:00+01:00,151.9105,151.9175,151.815,151.8925
2024-04-09T06:00:00+01:00,151.893,151.938,151.864,151.889
2024-04-09T10:00:00+01:00,151.8895,151.8995,151.7285,151.771
2024-04-09T14:00:00+01:00,151.7705,151.791,151.5715,151.669
2024-04-09T18:00:00+01:00,151.6695,151.7945,151.658,151.7645
2024-04-09T22:00:00+01:00,151.7625,151.7895,151.6825,151.7245
2024-04-10T02:00:00+01:00,151.7245,151.7885,151.699,151.7845
2024-04-10T06:00:00+01:00,151.784,151.886,151.775,151.854
2024-04-10T10:00:00+01:00,151.8545,152.5215,151.773,152.3865
2024-04-10T14:00:00+01:00,152.3875,152.968,152.371,152.938
2024-04-10T18:00:00+01:00,152.936,153.2395,152.6415,153.165
2024-04-10T22:00:00+01:00,153.1665,153.1795,152.803,152.8375
2024-04-11T02:00:00+01:00,152.8365,152.972,152.7605,152.8945
2024-04-11T06:00:00+01:00,152.894,153.291,152.8855,153.2425
2024-04-11T10:00:00+01:00,153.2435,153.2815,152.7975,152.8445
2024-04-11T14:00:00+01:00,152.845,153.32,152.8345,153.2345
2024-04-11T18:00:00+01:00,153.2355,153.288,153.089,153.2685
2024-04-11T22:00:00+01:00,153.2705,153.3025,152.9655,152.971
2024-04-12T02:00:00+01:00,152.972,153.2725,152.971,153.2395
2024-04-12T06:00:00+01:00,153.24,153.3855,153.132,153.3095
2024-04-12T10:00:00+01:00,153.3105,153.353,152.795,152.8555
2024-04-12T14:00:00+01:00,152.8565,153.158,152.594,153.1055
2024-04-12T18:00:00+01:00,153.1065,153.328,153.051,153.286
2024-04-14T22:00:00+01:00,153.0725,153.4645,152.974,153.464
2024-04-15T02:00:00+01:00,153.4645,153.853,153.4525,153.7855
2024-04-15T06:00:00+01:00,153.7845,153.9705,153.698,153.8695
2024-04-15T10:00:00+01:00,153.87,154.4195,153.7605,154.1925
2024-04-15T14:00:00+01:00,154.194,154.4475,153.8605,154.3035
2024-04-15T18:00:00+01:00,154.303,154.304,154.1155,154.2735
2024-04-15T22:00:00+01:00,154.2795,154.3665,154.1335,154.2895
2024-04-16T02:00:00+01:00,154.291,154.422,154.236,154.2735
2024-04-16T06:00:00+01:00,154.274,154.6065,154.2635,154.5075
2024-04-16T10:00:00+01:00,154.508,154.7075,154.4745,154.6465
2024-04-16T14:00:00+01:00,154.646,154.7695,153.9005,154.5825
2024-04-16T18:00:00+01:00,154.582,154.7865,154.5745,154.717
2024-04-16T22:00:00+01:00,154.717,154.736,154.6125,154.694
2024-04-17T02:00:00+01:00,154.695,154.7185,154.6005,154.649
2024-04-17T06:00:00+01:00,154.6485,154.679,154.4565,154.5655
2024-04-17T10:00:00+01:00,154.565,154.699,154.4985,154.6275
2024-04-17T14:00:00+01:00,154.6295,154.7125,154.2475,154.2765
2024-04-17T18:00:00+01:00,154.277,154.445,154.16,154.383
2024-04-17T22:00:00+01:00,154.386,154.4115,154.1805,154.2855
2024-04-18T02:00:00+01:00,154.2865,154.323,153.96,154.2955
2024-04-18T06:00:00+01:00,154.2945,154.3705,154.0685,154.358
2024-04-18T10:00:00+01:00,154.3575,154.513,154.3165,154.373
2024-04-18T14:00:00+01:00,154.372,154.6525,154.3385,154.621
2024-04-18T18:00:00+01:00,154.622,154.681,154.5515,154.6415
2024-04-18T22:00:00+01:00,154.6425,154.6745,154.5385,154.629
2024-04-19T02:00:00+01:00,154.631,154.631,153.591,154.322
2024-04-19T06:00:00+01:00,154.323,154.53,154.2105,154.4115
2024-04-19T10:00:00+01:00,154.4115,154.61,154.4,154.534
2024-04-19T14:00:00+01:00,154.535,154.6325,154.46,154.58
2024-04-19T18:00:00+01:00,154.5805,154.6615,154.553,154.6155
2024-04-21T22:00:00+01:00,154.602,154.7385,154.4335,154.676
2024-04-22T02:00:00+01:00,154.6755,154.7295,154.586,154.7175
2024-04-22T06:00:00+01:00,154.716,154.7635,154.595,154.7235
2024-04-22T10:00:00+01:00,154.724,154.7815,154.685,154.749
2024-04-22T14:00:00+01:00,154.7495,154.851,154.7065,154.799
2024-04-22T18:00:00+01:00,154.7985,154.8475,154.765,154.8395
2024-04-22T22:00:00+01:00,154.8435,154.852,154.7035,154.787
2024-04-23T02:00:00+01:00,154.7875,154.7935,154.658,154.741
2024-04-23T06:00:00+01:00,154.7405,154.8645,154.717,154.8455
2024-04-23T10:00:00+01:00,154.8465,154.8555,154.763,154.8105
2024-04-23T14:00:00+01:00,154.812,154.8765,154.5735,154.825
2024-04-23T18:00:00+01:00,154.8245,154.8395,154.5525,154.8325
2024-04-23T22:00:00+01:00,154.832,154.8395,154.732,154.7985
2024-04-24T02:00:00+01:00,154.799,154.8765,154.773,154.841
2024-04-24T06:00:00+01:00,154.8405,154.972,154.7705,154.9
2024-04-24T10:00:00+01:00,154.9005,155.1735,154.766,154.951
2024-04-24T14:00:00+01:00,154.9495,155.1345,154.841,155.1135
2024-04-24T18:00:00+01:00,155.1145,155.375,155.0845,155.345
2024-04-24T22:00:00+01:00,155.344,155.418,155.201,155.376
2024-04-25T02:00:00+01:00,155.377,155.6275,155.353,155.591
2024-04-25T06:00:00+01:00,155.5905,155.742,155.5635,155.6735
2024-04-25T10:00:00+01:00,155.674,155.749,155.3125,155.6815
2024-04-25T14:00:00+01:00,155.6805,155.6875,155.3535,155.512
2024-04-25T18:00:00+01:00,155.51,155.656,155.4765,155.6515
2024-04-25T22:00:00+01:00,155.6475,155.6505,155.5455,155.6365
2024-04-26T02:00:00+01:00,155.636,156.2165,155.4195,156.1985
2024-04-26T06:00:00+01:00,156.1975,156.823,154.969,156.5615
2024-04-26T10:00:00+01:00,156.5635,156.951,156.282,156.8345
2024-04-26T14:00:00+01:00,156.8335,157.7925,156.7755,157.6515
2024-04-26T18:00:00+01:00,157.652,158.445,157.5825,158.3215
2024-04-28T22:00:00+01:00,157.8735,158.436,157.7825,158.1945
2024-04-29T02:00:00+01:00,158.194,160.222,155.2005,156.3045
2024-04-29T06:00:00+01:00,156.3105,157.238,154.529,155.878
2024-04-29T10:00:00+01:00,155.8845,156.5075,155.4585,156.42
2024-04-29T14:00:00+01:00,156.421,156.8945,155.093,155.848
2024-04-29T18:00:00+01:00,155.8315,156.3705,155.5855,156.3465
2024-04-29T22:00:00+01:00,156.347,156.8365,156.0615,156.8145
2024-04-30T02:00:00+01:00,156.815,157.004,156.568,156.757
2024-04-30T06:00:00+01:00,156.7575,156.9805,156.477,156.9375
2024-04-30T10:00:00+01:00,156.9385,157.4945,156.8175,157.4565
2024-04-30T14:00:00+01:00,157.456,157.5775,157.243,157.464
2024-04-30T18:00:00+01:00,157.4635,157.8475,157.4455,157.7995
2024-04-30T22:00:00+01:00,157.802,157.858,157.651,157.747
2024-05-01T02:00:00+01:00,157.747,157.934,157.736,157.8585
2024-05-01T06:00:00+01:00,157.859,157.9875,157.826,157.954
2024-05-01T10:00:00+01:00,157.954,157.9695,157.7635,157.7825
2024-05-01T14:00:00+01:00,157.7815,157.8165,157.386,157.6185
2024-05-01T18:00:00+01:00,157.618,157.7655,153.002,154.58
2024-05-01T22:00:00+01:00,154.55,156.0865,154.2105,156.0215
2024-05-02T02:00:00+01:00,156.0205,156.2865,155.704,155.8325
2024-05-02T06:00:00+01:00,155.833,155.894,155.103,155.1495
2024-05-02T10:00:00+01:00,155.1475,155.354,154.405,154.522
2024-05-02T14:00:00+01:00,154.521,154.7885,153.476,153.7695
2024-05-02T18:00:00+01:00,153.7735,153.832,153.0595,153.6195
2024-05-02T22:00:00+01:00,153.679,153.8145,152.8805,153.15
2024-05-03T02:00:00+01:00,153.151,153.236,152.7535,152.918
2024-05-03T06:00:00+01:00,152.922,153.3335,152.8505,153.194
2024-05-03T10:00:00+01:00,153.1945,153.309,151.8595,152.202
2024-05-03T14:00:00+01:00,152.2075,153.0755,152.1565,152.876
2024-05-03T18:00:00+01:00,152.8765,153.0435,152.8425,153.043
2024-05-05T22:00:00+01:00,152.9955,153.7585,152.798,153.415
2024-05-06T02:00:00+01:00,153.4145,154.0085,153.3435,153.9325
2024-05-06T06:00:00+01:00,153.933,153.9785,153.6615,153.7315
2024-05-06T10:00:00+01:00,153.731,153.8455,153.4145,153.522
2024-05-06T14:00:00+01:00,153.521,154.0045,153.5005,153.9075
2024-05-06T18:00:00+01:00,153.907,153.9665,153.82,153.9165
2024-05-06T22:00:00+01:00,153.914,154.29,153.8605,153.9405
2024-05-07T02:00:00+01:00,153.9415,154.652,153.874,154.479
2024-05-07T06:00:00+01:00,154.478,154.579,153.9785,154.403
2024-05-07T10:00:00+01:00,154.4035,154.632,154.382,154.412
2024-05-07T14:00:00+01:00,154.414,154.5955,154.2395,154.5045
2024-05-07T18:00:00+01:00,154.503,154.749,154.4595,154.692
2024-05-07T22:00:00+01:00,154.687,154.9275,154.5485,154.8965
2024-05-08T02:00:00+01:00,154.897,155.2665,154.8845,155.175
2024-05-08T06:00:00+01:00,155.174,155.451,155.1155,155.433
2024-05-08T10:00:00+01:00,155.4335,155.686,155.2815,155.613
2024-05-08T14:00:00+01:00,155.611,155.653,155.3445,155.549
2024-05-08T18:00:00+01:00,155.547,155.6605,155.506,155.5135
2024-05-08T22:00:00+01:00,155.5235,155.7005,155.1555,155.6275
2024-05-09T02:00:00+01:00,155.628,155.671,155.435,155.5745
2024-05-09T06:00:00+01:00,155.5735,155.876,155.543,155.8505
2024-05-09T10:00:00+01:00,155.851,155.952,155.5195,155.704
2024-05-09T14:00:00+01:00,155.7035,155.8005,155.433,155.631
2024-05-09T18:00:00+01:00,155.6325,155.643,155.4015,155.4885
2024-05-09T22:00:00+01:00,155.482,155.6065,155.2665,155.5345
2024-05-10T02:00:00+01:00,155.5335,155.775,155.4625,155.675
2024-05-10T06:00:00+01:00,155.676,155.7815,155.5005,155.72
2024-05-10T10:00:00+01:00,155.7195,155.8735,155.667,155.828
2024-05-10T14:00:00+01:00,155.8275,155.9055,155.6035,155.8295
2024-05-10T18:00:00+01:00,155.829,155.888,155.7375,155.78
2024-05-12T22:00:00+01:00,155.6955,155.958,155.6715,155.9305
2024-05-13T02:00:00+01:00,155.93,155.955,155.506,155.8055
2024-05-13T06:00:00+01:00,155.806,155.928,155.768,155.875
2024-05-13T10:00:00+01:00,155.877,155.898,155.7175,155.7575
2024-05-13T14:00:00+01:00,155.757,156.2265,155.687,156.2205
2024-05-13T18:00:00+01:00,156.2205,156.25,156.171,156.221
2024-05-13T22:00:00+01:00,156.222,156.4,156.1345,156.2975
2024-05-14T02:00:00+01:00,156.2965,156.499,156.295,156.412
2024-05-14T06:00:00+01:00,156.4125,156.545,156.396,156.4565
2024-05-14T10:00:00+01:00,156.457,156.7875,156.2885,156.584
2024-05-14T14:00:00+01:00,156.584,156.658,156.2325,156.485
2024-05-14T18:00:00+01:00,156.4805,156.5165,156.3845,156.421
2024-05-14T22:00:00+01:00,156.4205,156.5615,156.3855,156.3905
2024-05-15T02:00:00+01:00,156.3885,156.48,156.31,156.361
2024-05-15T06:00:00+01:00,156.3605,156.392,155.575,155.6505
2024-05-15T10:00:00+01:00,155.649,155.8815,154.752,155.1195
2024-05-15T14:00:00+01:00,155.121,155.8045,154.743,154.982
2024-05-15T18:00:00+01:00,154.9825,155.0285,154.6935,154.8825
2024-05-15T22:00:00+01:00,154.8815,154.882,153.6,153.666
2024-05-16T02:00:00+01:00,153.6625,154.315,153.63,153.9365
2024-05-16T06:00:00+01:00,153.9375,154.8135,153.85,154.714
2024-05-16T10:00:00+01:00,154.715,155.3375,154.613,155.31
2024-05-16T14:00:00+01:00,155.3105,155.536,155.1615,155.2665
2024-05-16T18:00:00+01:00,155.2655,155.434,155.213,155.389
2024-05-16T22:00:00+01:00,155.3905,155.592,155.3295,155.4475
2024-05-17T02:00:00+01:00,155.447,155.9295,155.421,155.809
2024-05-17T06:00:00+01:00,155.804,155.9795,155.598,155.867
2024-05-17T10:00:00+01:00,155.8675,155.919,155.7145,155.79
2024-05-17T14:00:00+01:00,155.7905,155.7995,155.248,155.626
2024-05-17T18:00:00+01:00,155.6265,155.727,155.5845,155.6615
2024-05-19T22:00:00+01:00,155.5925,155.88,155.5485,155.873
2024-05-20T02:00:00+01:00,155.8735,155.9385,155.667,155.7715
2024-05-20T06:00:00+01:00,155.768,155.801,155.4965,155.6835
2024-05-20T10:00:00+01:00,155.684,156.2325,155.6365,156.154
2024-05-20T14:00:00+01:00,156.1545,156.1865,155.9975,156.108
2024-05-20T18:00:00+01:00,156.1085,156.304,156.05,156.2655
2024-05-20T22:00:00+01:00,156.262,156.4675,156.1815,156.4275
2024-05-21T02:00:00+01:00,156.4305,156.5485,156.3975,156.4495
2024-05-21T06:00:00+01:00,156.4485,156.472,156.031,156.2595
2024-05-21T10:00:00+01:00,156.2595,156.397,156.0855,156.2445
2024-05-21T14:00:00+01:00,156.245,156.436,155.845,156.1235
2024-05-21T18:00:00+01:00,156.1215,156.254,156.1075,156.1695
2024-05-21T22:00:00+01:00,156.174,156.2915,156.103,156.274
2024-05-22T02:00:00+01:00,156.2725,156.3905,156.2085,156.355
2024-05-22T06:00:00+01:00,156.354,156.5105,156.2855,156.4785
2024-05-22T10:00:00+01:00,156.479,156.617,156.393,156.5455
2024-05-22T14:00:00+01:00,156.546,156.558,156.3495,156.4915
2024-05-22T18:00:00+01:00,156.492,156.846,156.4475,156.796
2024-05-22T22:00:00+01:00,156.7985,156.831,156.6595,156.8005
2024-05-23T02:00:00+01:00,156.801,156.9035,156.6475,156.7205
2024-05-23T06:00:00+01:00,156.721,156.7935,156.56,156.758
2024-05-23T10:00:00+01:00,156.7585,156.7855,156.5295,156.753
2024-05-23T14:00:00+01:00,156.754,157.1975,156.541,157.051
2024-05-23T18:00:00+01:00,157.0505,157.0665,156.829,156.9255
2024-05-23T22:00:00+01:00,156.925,157.138,156.8895,157.0375
2024-05-24T02:00:00+01:00,157.0365,157.1475,156.9955,157.082
2024-05-24T06:00:00+01:00,157.0805,157.1185,156.998,157.027
2024-05-24T10:00:00+01:00,157.028,157.1355,156.9355,157.074
2024-05-24T14:00:00+01:00,157.0765,157.13,156.823,156.916
2024-05-24T18:00:00+01:00,156.917,157.011,156.8825,156.973
2024-05-26T22:00:00+01:00,156.963,157.032,156.754,156.8315
2024-05-27T02:00:00+01:00,156.833,156.8485,156.6655,156.771
2024-05-27T06:00:00+01:00,156.7725,156.959,156.7275,156.9485
2024-05-27T10:00:00+01:00,156.949,156.951,156.82,156.823
2024-05-27T14:00:00+01:00,156.822,156.916,156.7065,156.9
2024-05-27T18:00:00+01:00,156.902,156.941,156.844,156.874
2024-05-27T22:00:00+01:00,156.867,156.9505,156.781,156.897
2024-05-28T02:00:00+01:00,156.898,156.9295,156.6215,156.69
2024-05-28T06:00:00+01:00,156.6885,156.957,156.6575,156.871
2024-05-28T10:00:00+01:00,156.871,156.995,156.657,156.6795
2024-05-28T14:00:00+01:00,156.685,157,156.581,156.968
2024-05-28T18:00:00+01:00,156.968,157.201,156.966,157.168
2024-05-28T22:00:00+01:00,157.1685,157.409,157.1195,157.376
2024-05-29T02:00:00+01:00,157.3765,157.388,157.207,157.257
2024-05-29T06:00:00+01:00,157.2565,157.272,156.897,157.1005
2024-05-29T10:00:00+01:00,157.0995,157.2955,157.0955,157.1965
2024-05-29T14:00:00+01:00,157.1965,157.707,157.1665,157.685
2024-05-29T18:00:00+01:00,157.6845,157.7095,157.6245,157.6485
2024-05-29T22:00:00+01:00,157.6395,157.6735,157.306,157.3665
2024-05-30T02:00:00+01:00,157.3665,157.4565,157.126,157.1845
2024-05-30T06:00:00+01:00,157.1895,157.228,156.5365,156.946
2024-05-30T10:00:00+01:00,156.9445,157.0905,156.569,156.6475
2024-05-30T14:00:00+01:00,156.6485,156.8475,156.3725,156.6985
2024-05-30T18:00:00+01:00,156.6985,156.8795,156.6665,156.8115
2024-05-30T22:00:00+01:00,156.819,157.026,156.606,156.741
2024-05-31T02:00:00+01:00,156.742,156.9255,156.574,156.705
2024-05-31T06:00:00+01:00,156.7045,157.333,156.693,157.2985
2024-05-31T10:00:00+01:00,157.299,157.367,156.751,156.8595
2024-05-31T14:00:00+01:00,156.8605,157.2795,156.56,157.182
2024-05-31T18:00:00+01:00,157.1815,157.3475,157.1735,157.3145
2024-06-02T22:00:00+01:00,157.1925,157.3405,157.0495,157.09
2024-06-03T02:00:00+01:00,157.0885,157.4755,156.9965,157.413
2024-06-03T06:00:00+01:00,157.4145,157.462,157.0055,157.0575
2024-06-03T10:00:00+01:00,157.057,157.149,156.6385,156.7825
2024-06-03T14:00:00+01:00,156.783,156.8385,155.9505,156.0695
2024-06-03T18:00:00+01:00,156.07,156.289,156.037,156.0895
2024-06-03T22:00:00+01:00,156.09,156.4085,155.983,156.389
2024-06-04T02:00:00+01:00,156.3905,156.4875,156.2535,156.3
2024-06-04T06:00:00+01:00,156.3005,156.306,155.2145,155.304
2024-06-04T10:00:00+01:00,155.3035,155.376,154.705,155.124
2024-06-04T14:00:00+01:00,155.124,155.251,154.551,154.785
2024-06-04T18:00:00+01:00,154.784,154.917,154.5505,154.883
2024-06-04T22:00:00+01:00,154.883,155.439,154.786,155.2245
2024-06-05T02:00:00+01:00,155.2275,155.615,155.22,155.5855
2024-06-05T06:00:00+01:00,155.5855,156.3,155.5365,156.2485
2024-06-05T10:00:00+01:00,156.248,156.3055,155.948,156.0965
2024-06-05T14:00:00+01:00,156.096,156.4865,155.7055,156.1255
2024-06-05T18:00:00+01:00,156.125,156.161,156.0705,156.105
2024-06-05T22:00:00+01:00,156.106,156.1145,155.596,155.6515
2024-06-06T02:00:00+01:00,155.652,155.9475,155.3565,155.735
2024-06-06T06:00:00+01:00,155.734,156.3815,155.7115,156.1625
2024-06-06T10:00:00+01:00,156.163,156.344,155.887,156.284
2024-06-06T14:00:00+01:00,156.283,156.4475,155.7745,155.8
2024-06-06T18:00:00+01:00,155.804,155.8715,155.4735,155.6045
2024-06-06T22:00:00+01:00,155.6035,155.852,155.548,155.7765
2024-06-07T02:00:00+01:00,155.7765,155.937,155.4955,155.58
2024-06-07T06:00:00+01:00,155.5785,155.7015,155.1225,155.358
2024-06-07T10:00:00+01:00,155.359,156.879,155.3325,156.779
2024-06-07T14:00:00+01:00,156.7805,157.078,156.4255,156.666
2024-06-07T18:00:00+01:00,156.667,156.798,156.567,156.7645
2024-06-09T22:00:00+01:00,156.7825,156.969,156.675,156.84
2024-06-10T02:00:00+01:00,156.837,157.196,156.773,157.1265
2024-06-10T06:00:00+01:00,157.124,157.184,156.879,156.959
2024-06-10T10:00:00+01:00,156.96,157.0085,156.746,156.9785
2024-06-10T14:00:00+01:00,156.9795,157.0015,156.8175,156.994
2024-06-10T18:00:00+01:00,156.9935,157.0985,156.955,157.0395
2024-06-10T22:00:00+01:00,157.04,157.267,156.959,157.2165
2024-06-11T02:00:00+01:00,157.2165,157.3345,157.13,157.2665
2024-06-11T06:00:00+01:00,157.266,157.394,157.151,157.221
2024-06-11T10:00:00+01:00,157.223,157.2905,156.8065,156.8925
2024-06-11T14:00:00+01:00,156.8925,157.404,156.8915,157.382
2024-06-11T18:00:00+01:00,157.3835,157.384,156.9355,157.1175
2024-06-11T22:00:00+01:00,157.1175,157.219,157.057,157.1835
2024-06-12T02:00:00+01:00,157.183,157.2535,157.046,157.243
2024-06-12T06:00:00+01:00,157.244,157.3575,157.1895,157.304
2024-06-12T10:00:00+01:00,157.3045,157.3725,156.0665,156.161
2024-06-12T14:00:00+01:00,156.1625,156.1755,155.7195,155.799
2024-06-12T18:00:00+01:00,155.8005,156.903,155.7615,156.716
2024-06-12T22:00:00+01:00,156.7165,156.9085,156.584,156.793
2024-06-13T02:00:00+01:00,156.7935,157.056,156.696,157.046
2024-06-13T06:00:00+01:00,157.046,157.313,157.046,157.2585
2024-06-13T10:00:00+01:00,157.258,157.286,156.582,157.0265
2024-06-13T14:00:00+01:00,157.028,157.27,156.693,156.849
2024-06-13T18:00:00+01:00,156.85,157.101,156.7235,157.0255
2024-06-13T22:00:00+01:00,157.025,157.2405,156.9715,157.2055
2024-06-14T02:00:00+01:00,157.2075,157.9815,156.811,157.947
2024-06-14T06:00:00+01:00,157.9475,158.2575,157.272,157.495
2024-06-14T10:00:00+01:00,157.4935,157.5315,156.885,157.2515
2024-06-14T14:00:00+01:00,157.251,157.4985,157.034,157.317
2024-06-14T18:00:00+01:00,157.316,157.4585,157.2255,157.418
2024-06-16T22:00:00+01:00,157.37,157.665,157.293,157.456
2024-06-17T02:00:00+01:00,157.4555,157.5315,157.3325,157.3835
2024-06-17T06:00:00+01:00,157.386,157.6895,157.157,157.6515
2024-06-17T10:00:00+01:00,157.652,157.9425,157.547,157.8945
2024-06-17T14:00:00+01:00,157.895,157.962,157.7305,157.7875
2024-06-17T18:00:00+01:00,157.7885,157.794,157.6815,157.739
2024-06-17T22:00:00+01:00,157.7445,157.756,157.606,157.684
2024-06-18T02:00:00+01:00,157.6845,157.736,157.5185,157.7175
2024-06-18T06:00:00+01:00,157.7165,158.2315,157.667,158.1515
2024-06-18T10:00:00+01:00,158.1525,158.159,157.6275,157.836
2024-06-18T14:00:00+01:00,157.8355,158.0095,157.6645,157.712
2024-06-18T18:00:00+01:00,157.7125,157.898,157.6425,157.8625
2024-06-18T22:00:00+01:00,157.866,157.926,157.801,157.882
2024-06-19T02:00:00+01:00,157.882,157.8925,157.7255,157.853
2024-06-19T06:00:00+01:00,157.8535,157.864,157.6055,157.801
2024-06-19T10:00:00+01:00,157.8,157.952,157.7945,157.8835
2024-06-19T14:00:00+01:00,157.884,157.9475,157.87,157.9345
2024-06-19T18:00:00+01:00,157.936,158.1325,157.9235,158.0925
2024-06-19T22:00:00+01:00,158.0935,158.0965,157.8125,158.033
2024-06-20T02:00:00+01:00,158.0325,158.1605,157.978,158.147
2024-06-20T06:00:00+01:00,158.1465,158.4685,158.0525,158.4385
2024-06-20T10:00:00+01:00,158.4385,158.5515,158.25,158.548
2024-06-20T14:00:00+01:00,158.547,158.912,158.498,158.862
2024-06-20T18:00:00+01:00,158.86,158.9445,158.699,158.925
2024-06-20T22:00:00+01:00,158.923,159.129,158.8195,159.1065
2024-06-21T02:00:00+01:00,159.107,159.1165,158.826,158.885
2024-06-21T06:00:00+01:00,158.8865,159.0025,158.6705,158.832
2024-06-21T10:00:00+01:00,158.8315,159.0195,158.782,158.9295
2024-06-21T14:00:00+01:00,158.9295,159.6295,158.919,159.4785
2024-06-21T18:00:00+01:00,159.4775,159.8605,159.452,159.8255
2024-06-23T22:00:00+01:00,159.7785,159.93,159.6365,159.799
2024-06-24T02:00:00+01:00,159.7995,159.8345,159.622,159.754
2024-06-24T06:00:00+01:00,159.758,159.8195,159.648,159.788
2024-06-24T10:00:00+01:00,159.789,159.81,158.743,159.3945
2024-06-24T14:00:00+01:00,159.395,159.7595,159.3245,159.7315
2024-06-24T18:00:00+01:00,159.731,159.737,159.5415,159.6335
2024-06-24T22:00:00+01:00,159.5825,159.707,159.3405,159.394
2024-06-25T02:00:00+01:00,159.3945,159.509,159.1895,159.4315
2024-06-25T06:00:00+01:00,159.431,159.5515,159.275,159.478
2024-06-25T10:00:00+01:00,159.4785,159.6715,159.2925,159.6675
2024-06-25T14:00:00+01:00,159.6685,159.758,159.565,159.747
2024-06-25T18:00:00+01:00,159.7465,159.748,159.605,159.6895
2024-06-25T22:00:00+01:00,159.699,159.7615,159.612,159.72
2024-06-26T02:00:00+01:00,159.7195,159.902,159.6955,159.7525
2024-06-26T06:00:00+01:00,159.7535,159.9705,159.751,159.9585
2024-06-26T10:00:00+01:00,159.9575,160.3965,159.8615,160.352
2024-06-26T14:00:00+01:00,160.3525,160.8235,160.016,160.6395
2024-06-26T18:00:00+01:00,160.64,160.873,160.593,160.823
2024-06-26T22:00:00+01:00,160.819,160.819,160.498,160.693
2024-06-27T02:00:00+01:00,160.6945,160.7185,160.305,160.338
2024-06-27T06:00:00+01:00,160.337,160.608,160.3105,160.5545
2024-06-27T10:00:00+01:00,160.555,160.572,160.284,160.4
2024-06-27T14:00:00+01:00,160.401,160.737,160.3595,160.7145
2024-06-27T18:00:00+01:00,160.709,160.824,160.668,160.7705
2024-06-27T22:00:00+01:00,160.764,161.1445,160.635,161.124
2024-06-28T02:00:00+01:00,161.1235,161.283,160.84,161.041
2024-06-28T06:00:00+01:00,161.0405,161.0605,160.8385,160.9145
2024-06-28T10:00:00+01:00,160.915,160.923,160.375,160.513
2024-06-28T14:00:00+01:00,160.5155,160.9645,160.264,160.8515
2024-06-28T18:00:00+01:00,160.8505,160.945,160.706,160.853
2024-06-30T22:00:00+01:00,160.8475,161.188,160.7415,160.994
2024-07-01T02:00:00+01:00,160.9945,161.0855,160.8395,161.075
2024-07-01T06:00:00+01:00,161.0775,161.1235,160.87,161.01
2024-07-01T10:00:00+01:00,161.011,161.392,160.9715,161.3555
2024-07-01T14:00:00+01:00,161.356,161.73,160.969,161.5225
2024-07-01T18:00:00+01:00,161.522,161.5695,161.4065,161.473
2024-07-01T22:00:00+01:00,161.4695,161.643,161.41,161.5255
2024-07-02T02:00:00+01:00,161.5215,161.745,161.4585,161.6785
2024-07-02T06:00:00+01:00,161.678,161.728,161.558,161.593
2024-07-02T10:00:00+01:00,161.5925,161.691,161.4825,161.5135
2024-07-02T14:00:00+01:00,161.514,161.624,161.269,161.5765
2024-07-02T18:00:00+01:00,161.5775,161.5885,161.4145,161.4475
2024-07-02T22:00:00+01:00,161.446,161.5815,161.3905,161.5645
2024-07-03T02:00:00+01:00,161.5655,161.7425,161.5215,161.716
2024-07-03T06:00:00+01:00,161.7155,161.9405,161.675,161.847
2024-07-03T10:00:00+01:00,161.848,161.951,161.7945,161.8225
2024-07-03T14:00:00+01:00,161.8235,161.832,160.7715,161.5365
2024-07-03T18:00:00+01:00,161.5385,161.7515,161.471,161.703
2024-07-03T22:00:00+01:00,161.685,161.69,161.373,161.4425
2024-07-04T02:00:00+01:00,161.4435,161.575,161.139,161.4995
2024-07-04T06:00:00+01:00,161.5,161.5535,161.1935,161.2475
2024-07-04T10:00:00+01:00,161.2465,161.3115,160.9485,161.1395
2024-07-04T14:00:00+01:00,161.139,161.196,160.964,161.1355
2024-07-04T18:00:00+01:00,161.136,161.335,161.1145,161.2785
2024-07-04T22:00:00+01:00,161.282,161.3975,160.823,161.075
2024-07-05T02:00:00+01:00,161.0735,161.1455,160.532,160.6445
2024-07-05T06:00:00+01:00,160.6445,160.855,160.572,160.7385
2024-07-05T10:00:00+01:00,160.7385,161.162,160.335,160.9435
2024-07-05T14:00:00+01:00,160.944,161.331,160.631,160.8885
2024-07-05T18:00:00+01:00,160.887,160.913,160.7105,160.78
2024-07-07T22:00:00+01:00,160.7465,160.8365,160.5635,160.613
2024-07-08T02:00:00+01:00,160.6135,160.7165,160.2635,160.5405
2024-07-08T06:00:00+01:00,160.5405,161.119,160.53,161.0935
2024-07-08T10:00:00+01:00,161.094,161.103,160.666,160.6915
2024-07-08T14:00:00+01:00,160.6935,160.817,160.4765,160.7325
2024-07-08T18:00:00+01:00,160.7315,160.851,160.6915,160.8245
2024-07-08T22:00:00+01:00,160.825,160.921,160.7325,160.895
2024-07-09T02:00:00+01:00,160.8935,161.133,160.856,160.9635
2024-07-09T06:00:00+01:00,160.964,161.0795,160.7405,161.0545
2024-07-09T10:00:00+01:00,161.055,161.1795,160.96,161.133
2024-07-09T14:00:00+01:00,161.1325,161.517,160.893,161.3235
2024-07-09T18:00:00+01:00,161.322,161.342,161.2295,161.3155
2024-07-09T22:00:00+01:00,161.3185,161.514,161.2555,161.4675
2024-07-10T02:00:00+01:00,161.467,161.592,161.4045,161.444
2024-07-10T06:00:00+01:00,161.443,161.562,161.3405,161.5125
2024-07-10T10:00:00+01:00,161.5145,161.614,161.432,161.4505
2024-07-10T14:00:00+01:00,161.4515,161.7545,161.4275,161.6905
2024-07-10T18:00:00+01:00,161.6915,161.8065,161.6485,161.7005
2024-07-10T22:00:00+01:00,161.694,161.694,161.4775,161.5675
2024-07-11T02:00:00+01:00,161.567,161.695,161.536,161.6875
2024-07-11T06:00:00+01:00,161.6885,161.76,161.5025,161.5315
2024-07-11T10:00:00+01:00,161.5315,161.623,158.365,158.6485
2024-07-11T14:00:00+01:00,158.6545,158.9745,157.4215,158.569
2024-07-11T18:00:00+01:00,158.5695,158.923,158.5565,158.843
2024-07-11T22:00:00+01:00,158.8625,159.4485,157.749,159.081
2024-07-12T02:00:00+01:00,159.0795,159.387,158.7515,159.112
2024-07-12T06:00:00+01:00,159.1115,159.3215,158.87,159.104
2024-07-12T10:00:00+01:00,159.1045,159.2555,158.5105,158.8125
2024-07-12T14:00:00+01:00,158.8115,158.844,157.362,157.877
2024-07-12T18:00:00+01:00,157.876,158.0165,157.7485,157.7515
2024-07-14T22:00:00+01:00,158.1225,158.423,157.985,158.115
2024-07-15T02:00:00+01:00,158.113,158.2415,157.913,157.9955
2024-07-15T06:00:00+01:00,157.9965,158.2385,157.7845,157.8205
2024-07-15T10:00:00+01:00,157.82,158.1765,157.7525,157.9645
2024-07-15T14:00:00+01:00,157.9645,158.0705,157.1675,157.7145
2024-07-15T18:00:00+01:00,157.715,158.1535,157.714,158.08
2024-07-15T22:00:00+01:00,158.0535,158.3975,157.9965,158.367
2024-07-16T02:00:00+01:00,158.365,158.7285,158.3555,158.6385
2024-07-16T06:00:00+01:00,158.6395,158.7895,158.357,158.472
2024-07-16T10:00:00+01:00,158.4725,158.8565,158.2585,158.7565
2024-07-16T14:00:00+01:00,158.756,158.8065,158.5165,158.5445
2024-07-16T18:00:00+01:00,158.5445,158.558,158.308,158.34
2024-07-16T22:00:00+01:00,158.3355,158.538,158.2835,158.489
2024-07-17T02:00:00+01:00,158.488,158.6275,158.2195,158.22
2024-07-17T06:00:00+01:00,158.219,158.2355,156.1015,156.245
2024-07-17T10:00:00+01:00,156.2445,156.7965,156.1075,156.5665
2024-07-17T14:00:00+01:00,156.565,156.638,156.1535,156.303
2024-07-17T18:00:00+01:00,156.3035,156.4905,156.061,156.199
2024-07-17T22:00:00+01:00,156.197,156.2755,155.3715,155.74
2024-07-18T02:00:00+01:00,155.741,156.576,155.722,156.3435
2024-07-18T06:00:00+01:00,156.343,156.589,155.8015,156.4665
2024-07-18T10:00:00+01:00,156.466,156.5815,156.183,156.4345
2024-07-18T14:00:00+01:00,156.4325,157.1605,156.321,157.148
2024-07-18T18:00:00+01:00,157.1485,157.4005,157.0955,157.376
2024-07-18T22:00:00+01:00,157.374,157.4195,157.0655,157.2145
2024-07-19T02:00:00+01:00,157.215,157.5325,157.202,157.4795
2024-07-19T06:00:00+01:00,157.4785,157.865,156.9565,157.2625
2024-07-19T10:00:00+01:00,157.262,157.6975,157.149,157.6765
2024-07-19T14:00:00+01:00,157.676,157.7,157.2655,157.4155
2024-07-19T18:00:00+01:00,157.414,157.5375,157.355,157.4935
2024-07-21T22:00:00+01:00,157.402,157.51,157.158,157.4265
2024-07-22T02:00:00+01:00,157.4255,157.613,157.3515,157.445
2024-07-22T06:00:00+01:00,157.4445,157.4445,156.287,156.7985
2024-07-22T10:00:00+01:00,156.799,157.0915,156.5585,156.7935
2024-07-22T14:00:00+01:00,156.794,157.149,156.697,157.0745
2024-07-22T18:00:00+01:00,157.075,157.174,157.028,157.0295
2024-07-22T22:00:00+01:00,157.0385,157.104,156.6475,156.6585
2024-07-23T02:00:00+01:00,156.6595,156.8525,156.201,156.3085
2024-07-23T06:00:00+01:00,156.3075,156.639,155.8255,156.012
2024-07-23T10:00:00+01:00,156.012,156.2675,155.8235,156.031
2024-07-23T14:00:00+01:00,156.0315,156.2105,155.6965,155.7855
2024-07-23T18:00:00+01:00,155.786,155.807,155.552,155.5885
2024-07-23T22:00:00+01:00,155.589,155.992,155.5405,155.827
2024-07-24T02:00:00+01:00,155.828,155.879,154.543,154.611
2024-07-24T06:00:00+01:00,154.611,154.9465,154.36,154.8625
2024-07-24T10:00:00+01:00,154.8635,154.936,153.76,153.808
2024-07-24T14:00:00+01:00,153.8095,153.998,153.107,153.472
2024-07-24T18:00:00+01:00,153.4725,154.099,153.449,153.8895
2024-07-24T22:00:00+01:00,153.8915,153.97,152.8465,153.248
2024-07-25T02:00:00+01:00,153.2515,153.3485,152.2315,152.6215
2024-07-25T06:00:00+01:00,152.6225,152.9745,151.943,152.708
2024-07-25T10:00:00+01:00,152.708,153.739,152.092,153.5215
2024-07-25T14:00:00+01:00,153.5225,154.3205,153.232,154.029
2024-07-25T18:00:00+01:00,154.032,154.0555,153.7495,153.929
2024-07-25T22:00:00+01:00,153.931,154.144,153.38,153.921
2024-07-26T02:00:00+01:00,153.9195,154.092,153.432,153.6805
2024-07-26T06:00:00+01:00,153.68,154.4345,153.502,154.301
2024-07-26T10:00:00+01:00,154.302,154.7395,154.027,154.2215
2024-07-26T14:00:00+01:00,154.221,154.223,153.099,153.787
2024-07-26T18:00:00+01:00,153.7865,153.8755,153.676,153.759
2024-07-28T22:00:00+01:00,153.7155,154.3555,153.524,153.6635
2024-07-29T02:00:00+01:00,153.6565,153.8355,153.015,153.4155
2024-07-29T06:00:00+01:00,153.415,153.918,153.1415,153.69
2024-07-29T10:00:00+01:00,153.689,154.0355,153.5905,153.8875
2024-07-29T14:00:00+01:00,153.8885,154.2105,153.7335,153.9445
2024-07-29T18:00:00+01:00,153.945,154.0565,153.889,154.02
2024-07-29T22:00:00+01:00,154.024,154.099,153.619,153.963
2024-07-30T02:00:00+01:00,153.9635,154.4465,153.852,154.4405
2024-07-30T06:00:00+01:00,154.441,155.218,154.423,154.6665
2024-07-30T10:00:00+01:00,154.6695,155.0245,154.664,154.943
2024-07-30T14:00:00+01:00,154.9435,154.9435,153.1415,153.2405
2024-07-30T18:00:00+01:00,153.24,153.4445,152.649,152.789
2024-07-30T22:00:00+01:00,152.769,153.145,152.11,152.3805
2024-07-31T02:00:00+01:00,152.376,153.9055,151.6065,152.556
2024-07-31T06:00:00+01:00,152.553,153.168,150.054,150.925
2024-07-31T10:00:00+01:00,150.9225,150.9475,149.791,150.3335
2024-07-31T14:00:00+01:00,150.3345,150.6785,149.6315,150.5615
2024-07-31T18:00:00+01:00,150.56,151.2615,149.61,149.9815
2024-07-31T22:00:00+01:00,149.974,150.324,149.3495,149.44
2024-08-01T02:00:00+01:00,149.4405,149.7955,148.512,149.686
2024-08-01T06:00:00+01:00,149.685,150.3395,149.43,149.696
2024-08-01T10:00:00+01:00,149.7005,150.8655,149.61,150.86
2024-08-01T14:00:00+01:00,150.8615,150.892,149.6835,149.8975
2024-08-01T18:00:00+01:00,149.898,149.9435,149.2855,149.3765
2024-08-01T22:00:00+01:00,149.376,149.4455,148.875,149.3825
2024-08-02T02:00:00+01:00,149.3815,149.7785,149.235,149.263
2024-08-02T06:00:00+01:00,149.2595,149.3745,148.6245,149.0725
2024-08-02T10:00:00+01:00,149.0715,149.1255,147.019,147.443
2024-08-02T14:00:00+01:00,147.4455,148.1635,146.4195,146.8485
2024-08-02T18:00:00+01:00,146.849,146.9595,146.439,146.5675
2024-08-04T22:00:00+01:00,146.511,146.6525,145.1835,145.519
2024-08-05T02:00:00+01:00,145.518,145.5965,142.194,143.1745
2024-08-05T06:00:00+01:00,143.171,143.9935,141.6835,142.4055
2024-08-05T10:00:00+01:00,142.407,142.969,141.7435,142.2505
2024-08-05T14:00:00+01:00,142.2535,144.8955,142.1035,144.186
2024-08-05T18:00:00+01:00,144.1875,144.6095,143.395,144.178
2024-08-05T22:00:00+01:00,144.1745,146.374,143.628,145.043
2024-08-06T02:00:00+01:00,145.045,145.9215,144.309,145.5175
2024-08-06T06:00:00+01:00,145.5235,146.2935,144.472,144.9255
2024-08-06T10:00:00+01:00,144.9245,145.463,144.361,144.6045
2024-08-06T14:00:00+01:00,144.6055,145.422,144.05,145.3745
2024-08-06T18:00:00+01:00,145.378,145.391,144.162,144.341
2024-08-06T22:00:00+01:00,144.3405,145.258,144.269,144.731
2024-08-07T02:00:00+01:00,144.7305,147.9065,144.5655,147.619
2024-08-07T06:00:00+01:00,147.6175,147.822,146.0865,147.203
2024-08-07T10:00:00+01:00,147.2035,147.64,146.8695,146.997
2024-08-07T14:00:00+01:00,146.995,147.689,146.6525,147.181
2024-08-07T18:00:00+01:00,147.1815,147.409,146.676,146.684
2024-08-07T22:00:00+01:00,146.6825,146.7895,145.4315,146.006
2024-08-08T02:00:00+01:00,146.0075,146.8755,145.9095,146.139
2024-08-08T06:00:00+01:00,146.136,146.4045,145.6305,146.197
2024-08-08T10:00:00+01:00,146.1945,147.296,145.945,147.0675
2024-08-08T14:00:00+01:00,147.0625,147.5465,146.921,147.2455
2024-08-08T18:00:00+01:00,147.244,147.438,147.0945,147.2725
2024-08-08T22:00:00+01:00,147.234,147.822,147.1775,147.4885
2024-08-09T02:00:00+01:00,147.492,147.6225,146.818,146.8885
2024-08-09T06:00:00+01:00,146.8855,147.323,146.7175,147.209
2024-08-09T10:00:00+01:00,147.2085,147.2895,146.5115,146.7785
2024-08-09T14:00:00+01:00,146.779,146.7935,146.27,146.613
2024-08-09T18:00:00+01:00,146.6125,146.7645,146.5575,146.6675
2024-08-11T22:00:00+01:00,146.618,147.131,146.5815,146.8585
2024-08-12T02:00:00+01:00,146.857,147.225,146.7025,147.1285
2024-08-12T06:00:00+01:00,147.128,147.447,147.092,147.363
2024-08-12T10:00:00+01:00,147.357,147.7385,147.211,147.717
2024-08-12T14:00:00+01:00,147.718,148.225,147.2465,147.3565
2024-08-12T18:00:00+01:00,147.355,147.355,147.0435,147.207
2024-08-12T22:00:00+01:00,147.2065,147.306,146.9175,147.267
2024-08-13T02:00:00+01:00,147.2675,147.798,147.2315,147.7155
2024-08-13T06:00:00+01:00,147.715,147.9485,147.5545,147.844
2024-08-13T10:00:00+01:00,147.8445,147.922,147.067,147.406
2024-08-13T14:00:00+01:00,147.411,147.473,146.7065,146.7355
2024-08-13T18:00:00+01:00,146.735,146.9115,146.5985,146.8335
2024-08-13T22:00:00+01:00,146.8325,147.148,146.725,147.0935
2024-08-14T02:00:00+01:00,147.093,147.1875,146.074,146.87
2024-08-14T06:00:00+01:00,146.8695,147.502,146.775,147.116
2024-08-14T10:00:00+01:00,147.115,147.5865,146.522,147.3155
2024-08-14T14:00:00+01:00,147.3165,147.4445,146.5765,146.9475
2024-08-14T18:00:00+01:00,146.9465,147.441,146.9345,147.3315
2024-08-14T22:00:00+01:00,147.3305,147.4085,147.1515,147.2345
2024-08-15T02:00:00+01:00,147.2335,147.6145,147.201,147.27
2024-08-15T06:00:00+01:00,147.2695,147.395,147.055,147.337
2024-08-15T10:00:00+01:00,147.336,149.16,147.182,148.959
2024-08-15T14:00:00+01:00,148.9615,149.3255,148.782,149.044
2024-08-15T18:00:00+01:00,149.0435,149.398,148.959,149.2815
2024-08-15T22:00:00+01:00,149.284,149.356,148.91,149.1575
2024-08-16T02:00:00+01:00,149.1565,149.2315,148.742,148.8645
2024-08-16T06:00:00+01:00,148.8655,149.097,148.6575,148.7145
2024-08-16T10:00:00+01:00,148.714,148.7675,147.617,147.6865
2024-08-16T14:00:00+01:00,147.688,148.2705,147.6265,148.004
2024-08-16T18:00:00+01:00,148.0035,148.0115,147.5725,147.6445
2024-08-18T22:00:00+01:00,147.581,148.054,147.544,147.8185
2024-08-19T02:00:00+01:00,147.819,147.88,145.8645,146.1905
2024-08-19T06:00:00+01:00,146.191,146.298,145.1875,146.08
2024-08-19T10:00:00+01:00,146.0805,146.525,145.9335,146.22
2024-08-19T14:00:00+01:00,146.219,146.7155,146.193,146.5025
2024-08-19T18:00:00+01:00,146.5025,146.6965,146.4615,146.6025
2024-08-19T22:00:00+01:00,146.603,146.871,146.1825,146.3455
2024-08-20T02:00:00+01:00,146.345,147.166,145.8495,146.931
2024-08-20T06:00:00+01:00,146.929,147.3465,146.2355,146.523
2024-08-20T10:00:00+01:00,146.5235,146.5585,146.127,146.169
2024-08-20T14:00:00+01:00,146.1725,146.294,145.3745,145.3975
2024-08-20T18:00:00+01:00,145.3975,145.538,145.2005,145.2575
2024-08-20T22:00:00+01:00,145.258,145.555,144.936,145.452
2024-08-21T02:00:00+01:00,145.4525,145.761,145.255,145.676
2024-08-21T06:00:00+01:00,145.676,146.228,145.515,146.033
2024-08-21T10:00:00+01:00,146.0325,146.228,145.737,145.7795
2024-08-21T14:00:00+01:00,145.778,146.901,145.0325,145.194
2024-08-21T18:00:00+01:00,145.1945,145.296,144.4545,145.266
2024-08-21T22:00:00+01:00,145.2775,145.4425,144.8485,145.3365
2024-08-22T02:00:00+01:00,145.3355,145.643,144.9865,145.1345
2024-08-22T06:00:00+01:00,145.134,145.6725,145.0145,145.637
2024-08-22T10:00:00+01:00,145.6375,146.3475,145.5595,146.0525
2024-08-22T14:00:00+01:00,146.051,146.5285,145.8255,146.3315
2024-08-22T18:00:00+01:00,146.3305,146.493,146.1785,146.2795
2024-08-22T22:00:00+01:00,146.28,146.3385,145.8955,146.0755
2024-08-23T02:00:00+01:00,146.075,146.134,145.2955,145.774
2024-08-23T06:00:00+01:00,145.7735,146.0275,145.2925,145.934
2024-08-23T10:00:00+01:00,145.934,146.1785,145.929,145.9895
2024-08-23T14:00:00+01:00,145.993,146.483,144.6015,144.8495
2024-08-23T18:00:00+01:00,144.848,144.855,144.049,144.4035
2024-08-25T22:00:00+01:00,144.2775,144.345,143.4485,143.7155
2024-08-26T02:00:00+01:00,143.716,144.096,143.4475,144.044
2024-08-26T06:00:00+01:00,144.0415,144.219,143.6015,143.865
2024-08-26T10:00:00+01:00,143.865,144.3645,143.825,143.9385
2024-08-26T14:00:00+01:00,143.938,144.6075,143.8585,144.461
2024-08-26T18:00:00+01:00,144.462,144.654,144.321,144.5275
2024-08-26T22:00:00+01:00,144.5255,144.8625,144.234,144.8455
2024-08-27T02:00:00+01:00,144.8465,144.973,144.6065,144.6395
2024-08-27T06:00:00+01:00,144.6395,145.177,144.576,145.065
2024-08-27T10:00:00+01:00,145.0645,145.0755,144.3365,144.39
2024-08-27T14:00:00+01:00,144.3845,144.509,144.1025,144.1395
2024-08-27T18:00:00+01:00,144.139,144.166,143.919,143.9645
2024-08-27T22:00:00+01:00,143.967,144.249,143.6845,144.1125
2024-08-28T02:00:00+01:00,144.1125,144.5405,144.0905,144.356
2024-08-28T06:00:00+01:00,144.355,144.606,144.292,144.3495
2024-08-28T10:00:00+01:00,144.349,144.7795,144.063,144.709
2024-08-28T14:00:00+01:00,144.7095,145.041,144.3495,144.7415
2024-08-28T18:00:00+01:00,144.743,144.8125,144.4185,144.603
2024-08-28T22:00:00+01:00,144.6075,144.6085,144.2225,144.4315
2024-08-29T02:00:00+01:00,144.431,144.7165,144.347,144.675
2024-08-29T06:00:00+01:00,144.6745,144.864,144.464,144.693
2024-08-29T10:00:00+01:00,144.694,145.4255,144.447,145.397
2024-08-29T14:00:00+01:00,145.3955,145.5565,144.9045,145.0035
2024-08-29T18:00:00+01:00,145.0045,145.021,144.7295,144.977
2024-08-29T22:00:00+01:00,144.971,145.0745,144.6555,144.7265
2024-08-30T02:00:00+01:00,144.726,144.8865,144.6875,144.848
2024-08-30T06:00:00+01:00,144.8475,145.1365,144.7915,145.121
2024-08-30T10:00:00+01:00,145.1215,145.7485,145.0225,145.638
2024-08-30T14:00:00+01:00,145.6365,146.249,145.316,146.2265
2024-08-30T18:00:00+01:00,146.227,146.247,146.0525,146.1755
2024-09-01T22:00:00+01:00,146.084,146.6015,146.046,146.1935
2024-09-02T02:00:00+01:00,146.1925,146.2825,145.776,145.9365
2024-09-02T06:00:00+01:00,145.9355,146.8475,145.93,146.705
2024-09-02T10:00:00+01:00,146.703,146.992,146.5995,146.983
2024-09-02T14:00:00+01:00,146.9785,147.177,146.8085,146.819
2024-09-02T18:00:00+01:00,146.8265,146.944,146.823,146.9105
2024-09-02T22:00:00+01:00,146.913,147.211,146.669,147.1285
2024-09-03T02:00:00+01:00,147.125,147.1475,146.3965,146.537
2024-09-03T06:00:00+01:00,146.5365,146.5965,145.609,145.8155
2024-09-03T10:00:00+01:00,145.811,146.289,145.7915,145.8845
2024-09-03T14:00:00+01:00,145.883,145.924,145.1245,145.767
2024-09-03T18:00:00+01:00,145.7665,145.91,145.4495,145.4735
2024-09-03T22:00:00+01:00,145.473,145.561,144.8925,145.1765
2024-09-04T02:00:00+01:00,145.1755,145.55,145.147,145.2515
2024-09-04T06:00:00+01:00,145.251,145.3185,144.7565,145.2075
2024-09-04T10:00:00+01:00,145.2105,145.2715,144.8635,145.0755
2024-09-04T14:00:00+01:00,145.073,145.151,144.0005,144.0505
2024-09-04T18:00:00+01:00,144.049,144.1275,143.7115,143.74
2024-09-04T22:00:00+01:00,143.7395,143.806,143.188,143.721
2024-09-05T02:00:00+01:00,143.7205,143.907,143.433,143.5765
2024-09-05T06:00:00+01:00,143.576,143.751,143.0495,143.5775
2024-09-05T10:00:00+01:00,143.577,143.648,142.851,143.102
2024-09-05T14:00:00+01:00,143.1005,144.2315,143.0385,143.435
2024-09-05T18:00:00+01:00,143.434,143.508,143.196,143.4485
2024-09-05T22:00:00+01:00,143.444,143.4995,143.154,143.179
2024-09-06T02:00:00+01:00,143.18,143.367,142.8905,142.997
2024-09-06T06:00:00+01:00,142.994,143.008,142.0575,142.615
2024-09-06T10:00:00+01:00,142.6155,144.0735,141.9905,142.991
2024-09-06T14:00:00+01:00,142.9895,143.901,141.77,142.4465
2024-09-06T18:00:00+01:00,142.448,142.695,142.2355,142.3135
2024-09-08T22:00:00+01:00,142.31,142.7445,141.9595,142.699
2024-09-09T02:00:00+01:00,142.7005,143.095,142.6165,142.9765
2024-09-09T06:00:00+01:00,142.976,143.436,142.776,143.3815
2024-09-09T10:00:00+01:00,143.382,143.7985,143.097,143.234
2024-09-09T14:00:00+01:00,143.235,143.235,142.6545,142.8845
2024-09-09T18:00:00+01:00,142.8835,143.2175,142.717,143.185
2024-09-09T22:00:00+01:00,143.182,143.489,142.8565,143.4705
2024-09-10T02:00:00+01:00,143.4705,143.547,143.0545,143.084
2024-09-10T06:00:00+01:00,143.084,143.713,143.0325,143.512
2024-09-10T10:00:00+01:00,143.515,143.521,142.756,142.867
2024-09-10T14:00:00+01:00,142.867,143.1135,142.1955,142.464
2024-09-10T18:00:00+01:00,142.4635,142.5705,142.2255,142.4515
2024-09-10T22:00:00+01:00,142.4405,142.4815,142.024,142.29
2024-09-11T02:00:00+01:00,142.292,142.4275,140.896,141.092
2024-09-11T06:00:00+01:00,141.0905,141.699,140.7115,141.536
2024-09-11T10:00:00+01:00,141.537,142.549,141.292,142.2945
2024-09-11T14:00:00+01:00,142.298,142.497,141.2485,141.949
2024-09-11T18:00:00+01:00,141.9515,142.4595,141.901,142.3605
2024-09-11T22:00:00+01:00,142.3595,142.9515,142.229,142.686
2024-09-12T02:00:00+01:00,142.688,142.8455,142.26,142.789
2024-09-12T06:00:00+01:00,142.788,143.0455,142.469,142.584
2024-09-12T10:00:00+01:00,142.5855,142.7795,141.9635,142.101
2024-09-12T14:00:00+01:00,142.1,142.6645,141.911,142.52
2024-09-12T18:00:00+01:00,142.5185,142.5695,141.726,141.8165
2024-09-12T22:00:00+01:00,141.8195,141.888,141.166,141.1975
2024-09-13T02:00:00+01:00,141.1955,141.296,140.647,140.9575
2024-09-13T06:00:00+01:00,140.958,141.416,140.4105,140.7035
2024-09-13T10:00:00+01:00,140.7005,141.022,140.3635,140.7305
2024-09-13T14:00:00+01:00,140.7295,140.944,140.2845,140.815
2024-09-13T18:00:00+01:00,140.8145,141.0095,140.7735,140.8275
2024-09-15T22:00:00+01:00,140.7675,140.942,140.4255,140.5275
2024-09-16T02:00:00+01:00,140.525,140.588,139.9515,140.2165
2024-09-16T06:00:00+01:00,140.2165,140.291,139.5795,139.853
2024-09-16T10:00:00+01:00,139.852,140.447,139.754,140.24
2024-09-16T14:00:00+01:00,140.2385,140.9145,140.2105,140.643
2024-09-16T18:00:00+01:00,140.6445,140.8835,140.577,140.615
2024-09-16T22:00:00+01:00,140.614,141.2455,140.477,140.667
2024-09-17T02:00:00+01:00,140.667,140.7555,140.3225,140.6815
2024-09-17T06:00:00+01:00,140.683,140.8075,140.3525,140.575
2024-09-17T10:00:00+01:00,140.5745,141.13,140.4765,140.974
2024-09-17T14:00:00+01:00,140.973,141.9975,140.8725,141.7375
2024-09-17T18:00:00+01:00,141.7365,142.4675,141.722,142.4065
2024-09-17T22:00:00+01:00,142.409,142.416,141.5615,141.6505
2024-09-18T02:00:00+01:00,141.6495,141.764,141.2245,141.3185
2024-09-18T06:00:00+01:00,141.3195,141.9985,141.2825,141.713
2024-09-18T10:00:00+01:00,141.714,142.062,141.551,141.9265
2024-09-18T14:00:00+01:00,141.925,142.068,141.6785,141.8855
2024-09-18T18:00:00+01:00,141.885,142.7165,140.4405,142.2875
2024-09-18T22:00:00+01:00,142.288,143.5945,141.884,143.4905
2024-09-19T02:00:00+01:00,143.4925,143.947,142.9515,143.1795
2024-09-19T06:00:00+01:00,143.1805,143.2025,142.0425,142.7925
2024-09-19T10:00:00+01:00,142.7935,143.763,142.687,143.7595
2024-09-19T14:00:00+01:00,143.76,143.769,142.731,143.039
2024-09-19T18:00:00+01:00,143.04,143.1175,142.5295,142.6275
2024-09-19T22:00:00+01:00,142.625,142.9305,142.411,142.411
2024-09-20T02:00:00+01:00,142.4095,142.7825,141.957,142.1885
2024-09-20T06:00:00+01:00,142.188,143.8815,141.7395,143.8105
2024-09-20T10:00:00+01:00,143.8095,144.4305,143.5785,143.6705
2024-09-20T14:00:00+01:00,143.6715,144.4975,143.47,143.756
2024-09-20T18:00:00+01:00,143.756,144.155,143.722,143.8575
2024-09-22T22:00:00+01:00,143.9245,144.261,143.6965,144.1255
2024-09-23T02:00:00+01:00,144.1255,144.4625,144.1255,144.258
2024-09-23T06:00:00+01:00,144.2565,144.3205,143.437,143.591
2024-09-23T10:00:00+01:00,143.5895,143.879,143.1665,143.7755
2024-09-23T14:00:00+01:00,143.775,144.3475,143.3155,143.346
2024-09-23T18:00:00+01:00,143.344,143.6475,143.2535,143.6145
2024-09-23T22:00:00+01:00,143.6135,143.782,143.4115,143.5545
2024-09-24T02:00:00+01:00,143.5535,143.943,143.3765,143.8445
2024-09-24T06:00:00+01:00,143.848,144.6815,143.8385,144.2905
2024-09-24T10:00:00+01:00,144.29,144.4795,143.7845,143.967
2024-09-24T14:00:00+01:00,143.972,144.2085,143.4025,143.465
2024-09-24T18:00:00+01:00,143.466,143.7125,143.1135,143.2275
2024-09-24T22:00:00+01:00,143.2255,143.3115,142.8925,143.177
2024-09-25T02:00:00+01:00,143.1765,143.496,143.0985,143.2565
2024-09-25T06:00:00+01:00,143.2575,144.0655,143.1815,143.94
2024-09-25T10:00:00+01:00,143.939,144.444,143.909,144.2025
2024-09-25T14:00:00+01:00,144.2035,144.6065,143.8615,144.5345
2024-09-25T18:00:00+01:00,144.535,144.8435,144.487,144.7545
2024-09-25T22:00:00+01:00,144.755,144.7675,144.4455,144.497
2024-09-26T02:00:00+01:00,144.4965,145.0395,144.475,144.6935
2024-09-26T06:00:00+01:00,144.6945,145.1995,144.618,144.827
2024-09-26T10:00:00+01:00,144.828,144.97,144.1115,144.566
2024-09-26T14:00:00+01:00,144.5655,145.2165,144.3115,144.859
2024-09-26T18:00:00+01:00,144.8585,144.9025,144.509,144.8185
2024-09-26T22:00:00+01:00,144.814,145.476,144.7495,145.463
2024-09-27T02:00:00+01:00,145.4625,145.802,144.9675,145.794
2024-09-27T06:00:00+01:00,145.7935,146.4955,142.7805,143.1465
2024-09-27T10:00:00+01:00,143.1445,143.497,142.5015,142.5205
2024-09-27T14:00:00+01:00,142.5235,143.087,142.3895,142.511
2024-09-27T18:00:00+01:00,142.5085,142.605,142.0695,142.1995
2024-09-29T22:00:00+01:00,142.2905,142.957,142.171,142.6885
2024-09-30T02:00:00+01:00,142.6895,142.8465,142.084,142.1295
2024-09-30T06:00:00+01:00,142.128,142.5815,141.646,142.5345
2024-09-30T10:00:00+01:00,142.536,142.999,142.407,142.947
2024-09-30T14:00:00+01:00,142.949,143.3705,142.747,143.1175
2024-09-30T18:00:00+01:00,143.1165,143.9185,142.934,143.636
2024-09-30T22:00:00+01:00,143.6335,144.1235,143.3725,143.968
2024-10-01T02:00:00+01:00,143.9685,144.3985,143.661,144.279
2024-10-01T06:00:00+01:00,144.278,144.5315,143.7005,143.8095
2024-10-01T10:00:00+01:00,143.8085,144.069,143.5635,144.0405
2024-10-01T14:00:00+01:00,144.041,144.073,142.9715,143.6355
2024-10-01T18:00:00+01:00,143.6365,143.92,143.3245,143.568
2024-10-01T22:00:00+01:00,143.565,143.8865,143.425,143.818
2024-10-02T02:00:00+01:00,143.818,144.1885,143.5635,143.7335
2024-10-02T06:00:00+01:00,143.7325,144.3275,143.5325,144.3265
2024-10-02T10:00:00+01:00,144.3285,145.446,144.075,145.37
2024-10-02T14:00:00+01:00,145.371,146.268,145.2985,146.032
2024-10-02T18:00:00+01:00,146.03,146.5195,145.9685,146.4675
2024-10-02T22:00:00+01:00,146.4665,147.0615,146.286,146.9915
2024-10-03T02:00:00+01:00,146.9935,147.243,146.6785,146.7245
2024-10-03T06:00:00+01:00,146.722,146.86,146.303,146.7525
2024-10-03T10:00:00+01:00,146.7515,146.9945,146.5125,146.773
2024-10-03T14:00:00+01:00,146.7735,147.1815,146.4735,146.7185
2024-10-03T18:00:00+01:00,146.719,146.9705,146.581,146.933
2024-10-03T22:00:00+01:00,146.9335,146.9465,146.6165,146.6455
2024-10-04T02:00:00+01:00,146.6435,146.6795,146.152,146.2335
2024-10-04T06:00:00+01:00,146.2325,146.412,145.9205,146.3395
2024-10-04T10:00:00+01:00,146.3405,148.695,146.3395,148.6445
2024-10-04T14:00:00+01:00,148.65,149.0055,148.3125,148.9395
2024-10-04T18:00:00+01:00,148.937,148.9555,148.64,148.6985
2024-10-06T22:00:00+01:00,148.699,149.1345,148.3585,148.4265
2024-10-07T02:00:00+01:00,148.4275,148.6485,148.221,148.5395
2024-10-07T06:00:00+01:00,148.5425,148.6185,148.0645,148.3205
2024-10-07T10:00:00+01:00,148.3185,148.688,148.028,148.1685
2024-10-07T14:00:00+01:00,148.171,148.278,147.8365,148.0075
2024-10-07T18:00:00+01:00,148.008,148.211,147.888,148.1855
2024-10-07T22:00:00+01:00,148.187,148.217,147.5765,147.8245
2024-10-08T02:00:00+01:00,147.8255,148.107,147.5125,148.0815
2024-10-08T06:00:00+01:00,148.081,148.1645,147.3455,147.8395
2024-10-08T10:00:00+01:00,147.8405,148.1795,147.7235,148.039
2024-10-08T14:00:00+01:00,148.0395,148.364,147.955,148.1545
2024-10-08T18:00:00+01:00,148.153,148.3825,148.153,148.198
2024-10-08T22:00:00+01:00,148.1975,148.3155,148.0125,148.2265
2024-10-09T02:00:00+01:00,148.2285,148.4345,148.0785,148.3395
2024-10-09T06:00:00+01:00,148.3395,148.732,148.266,148.721
2024-10-09T10:00:00+01:00,148.723,148.917,148.509,148.909
2024-10-09T14:00:00+01:00,148.91,149.2995,148.8165,149.239
2024-10-09T18:00:00+01:00,149.2395,149.366,149.159,149.2965
2024-10-09T22:00:00+01:00,149.3025,149.309,149.004,149.2165
2024-10-10T02:00:00+01:00,149.2165,149.5465,149.067,149.4025
2024-10-10T06:00:00+01:00,149.402,149.4745,148.9045,149.0705
2024-10-10T10:00:00+01:00,149.0685,149.5655,148.2525,148.6105
2024-10-10T14:00:00+01:00,148.6055,148.9615,148.351,148.921
2024-10-10T18:00:00+01:00,148.9205,149.0815,148.4985,148.573
2024-10-10T22:00:00+01:00,148.5735,148.765,148.418,148.4625
2024-10-11T02:00:00+01:00,148.458,148.7995,148.404,148.714
2024-10-11T06:00:00+01:00,148.7115,148.8585,148.6055,148.737
2024-10-11T10:00:00+01:00,148.738,149.264,148.727,149.0635
2024-10-11T14:00:00+01:00,149.0625,149.285,148.9755,149.0055
2024-10-11T18:00:00+01:00,149.0025,149.177,148.957,149.131
2024-10-13T22:00:00+01:00,149.0745,149.395,149.045,149.22
2024-10-14T02:00:00+01:00,149.2195,149.355,149.1475,149.291
2024-10-14T06:00:00+01:00,149.2905,149.4695,149.1695,149.4245
2024-10-14T10:00:00+01:00,149.425,149.801,149.347,149.7405
2024-10-14T14:00:00+01:00,149.7435,149.962,149.6955,149.9345
2024-10-14T18:00:00+01:00,149.9365,149.982,149.711,149.761
2024-10-14T22:00:00+01:00,149.765,149.8785,149.529,149.58
2024-10-15T02:00:00+01:00,149.5785,149.7595,149.444,149.678
2024-10-15T06:00:00+01:00,149.6805,149.702,149.038,149.1545
2024-10-15T10:00:00+01:00,149.156,149.4185,148.8505,149.086
2024-10-15T14:00:00+01:00,149.087,149.4825,148.936,149.4495
2024-10-15T18:00:00+01:00,149.4505,149.543,149.1675,149.201
2024-10-15T22:00:00+01:00,149.2,149.3385,149.032,149.2705
2024-10-16T02:00:00+01:00,149.271,149.3005,148.8625,149.267
2024-10-16T06:00:00+01:00,149.2665,149.491,149.1685,149.465
2024-10-16T10:00:00+01:00,149.467,149.4835,149.146,149.451
2024-10-16T14:00:00+01:00,149.4505,149.7755,149.207,149.7465
2024-10-16T18:00:00+01:00,149.747,149.8085,149.6035,149.634
2024-10-16T22:00:00+01:00,149.635,149.6645,149.4395,149.5465
2024-10-17T02:00:00+01:00,149.5525,149.578,149.2415,149.5425
2024-10-17T06:00:00+01:00,149.5415,149.871,149.442,149.8365
2024-10-17T10:00:00+01:00,149.8355,150.0845,149.463,149.8315
2024-10-17T14:00:00+01:00,149.8315,150.3005,149.639,150.211
2024-10-17T18:00:00+01:00,150.2105,150.3225,150.144,150.215
2024-10-17T22:00:00+01:00,150.2165,150.2855,149.902,150.049
2024-10-18T02:00:00+01:00,150.051,150.0945,149.8575,149.901
2024-10-18T06:00:00+01:00,149.9,150.1565,149.771,149.9215
2024-10-18T10:00:00+01:00,149.922,150.101,149.582,149.8635
2024-10-18T14:00:00+01:00,149.8645,149.926,149.366,149.419
2024-10-18T18:00:00+01:00,149.42,149.65,149.413,149.536
2024-10-20T22:00:00+01:00,149.48,149.6465,149.2545,149.3835
2024-10-21T02:00:00+01:00,149.387,149.413,149.0885,149.3205
2024-10-21T06:00:00+01:00,149.3195,149.9515,149.201,149.9475
2024-10-21T10:00:00+01:00,149.948,150.093,149.7475,149.9205
2024-10-21T14:00:00+01:00,149.921,150.559,149.9205,150.5195
2024-10-21T18:00:00+01:00,150.519,150.887,150.507,150.8395
2024-10-21T22:00:00+01:00,150.84,150.8555,150.5825,150.6325
2024-10-22T02:00:00+01:00,150.6325,151.107,150.4975,150.875
2024-10-22T06:00:00+01:00,150.8735,151.0625,150.6635,150.989
2024-10-22T10:00:00+01:00,150.9885,151.0265,150.751,150.9125
2024-10-22T14:00:00+01:00,150.9145,151.1975,150.605,151.061
2024-10-22T18:00:00+01:00,151.062,151.1525,150.901,151.0795
2024-10-22T22:00:00+01:00,151.079,151.4755,151.005,151.4685
2024-10-23T02:00:00+01:00,151.4675,152.1365,151.4295,152.0735
2024-10-23T06:00:00+01:00,152.0725,152.5585,152.0235,152.4165
2024-10-23T10:00:00+01:00,152.415,153.188,152.4075,153.071
2024-10-23T14:00:00+01:00,153.07,153.108,152.7635,152.8615
2024-10-23T18:00:00+01:00,152.8615,152.9085,152.473,152.7575
2024-10-23T22:00:00+01:00,152.7605,152.834,152.5195,152.6415
2024-10-24T02:00:00+01:00,152.6385,152.7945,152.107,152.215
2024-10-24T06:00:00+01:00,152.216,152.3885,151.921,152.0085
2024-10-24T10:00:00+01:00,152.009,152.332,151.767,152.0545
2024-10-24T14:00:00+01:00,152.055,152.3335,151.6595,151.6915
2024-10-24T18:00:00+01:00,151.693,151.9025,151.555,151.8255
2024-10-24T22:00:00+01:00,151.825,152.107,151.5845,152.01
2024-10-25T02:00:00+01:00,152.0085,152.0655,151.6115,151.707
2024-10-25T06:00:00+01:00,151.7065,152.059,151.454,151.9675
2024-10-25T10:00:00+01:00,151.966,152.0975,151.6995,151.92
2024-10-25T14:00:00+01:00,151.921,152.231,151.838,152.2
2024-10-25T18:00:00+01:00,152.1995,152.3805,152.099,152.2915
2024-10-27T21:00:00+00:00,153.2395,153.4815,152.672,153.4655
2024-10-28T01:00:00+00:00,153.4665,153.8835,153.381,153.647
2024-10-28T05:00:00+00:00,153.6465,153.747,153.162,153.179
2024-10-28T09:00:00+00:00,153.18,153.192,152.4095,152.6235
2024-10-28T13:00:00+00:00,152.6225,153.283,152.5805,153.2615
2024-10-28T17:00:00+00:00,153.26,153.3775,153.2025,153.288
2024-10-28T21:00:00+00:00,153.2885,153.364,152.899,153.0195
2024-10-29T01:00:00+00:00,153.0195,153.1655,152.854,152.9265
2024-10-29T05:00:00+00:00,152.931,153.4485,152.7565,153.397
2024-10-29T09:00:00+00:00,153.3995,153.8675,153.318,153.7665
2024-10-29T13:00:00+00:00,153.767,153.8105,152.9985,153.551
2024-10-29T17:00:00+00:00,153.552,153.599,153.3095,153.36
2024-10-29T21:00:00+00:00,153.359,153.462,153.0725,153.2535
2024-10-30T01:00:00+00:00,153.255,153.4425,153.112,153.3575
2024-10-30T05:00:00+00:00,153.3585,153.465,152.804,152.8555
2024-10-30T09:00:00+00:00,152.855,153.495,152.781,153.3575
2024-10-30T13:00:00+00:00,153.358,153.4345,152.8705,153.0835
2024-10-30T17:00:00+00:00,153.083,153.433,153.0805,153.412
2024-10-30T21:00:00+00:00,153.414,153.5825,153.1625,153.5295
2024-10-31T01:00:00+00:00,153.529,153.621,152.8265,152.919
2024-10-31T05:00:00+00:00,152.92,153.087,151.923,152.4005
2024-10-31T09:00:00+00:00,152.401,152.986,152.251,152.694
2024-10-31T13:00:00+00:00,152.6955,153.0505,152.081,152.4445
2024-10-31T17:00:00+00:00,152.4435,152.49,151.8365,152.0345
2024-10-31T21:00:00+00:00,152.035,152.1685,151.791,152.0345
2024-11-01T01:00:00+00:00,152.034,152.5435,151.9225,152.486
2024-11-01T05:00:00+00:00,152.485,152.6945,152.205,152.641
2024-11-01T09:00:00+00:00,152.6395,152.848,151.792,152.0385
2024-11-01T13:00:00+00:00,152.039,153.0675,151.9725,152.8955
2024-11-01T17:00:00+00:00,152.896,153.0945,152.851,152.993
2024-11-03T22:00:00+00:00,152.3015,152.5715,151.708,151.791
2024-11-04T02:00:00+00:00,151.791,151.969,151.6,151.853
2024-11-04T06:00:00+00:00,151.854,152.2785,151.801,151.886
2024-11-04T10:00:00+00:00,151.8855,152.0675,151.535,151.8325
2024-11-04T14:00:00+00:00,151.832,152.159,151.626,152.011
2024-11-04T18:00:00+00:00,152.0105,152.1995,151.989,152.139
2024-11-04T22:00:00+00:00,152.1335,152.4455,152.095,152.275
2024-11-05T02:00:00+00:00,152.274,152.546,152.1665,152.4275
2024-11-05T06:00:00+00:00,152.428,152.448,152.0885,152.187
2024-11-05T10:00:00+00:00,152.186,152.3395,151.962,152.05
2024-11-05T14:00:00+00:00,152.051,152.2365,151.5975,151.685
2024-11-05T18:00:00+00:00,151.686,151.7,151.3375,151.6295
2024-11-05T22:00:00+00:00,151.6285,153.1245,151.29,152.9295
2024-11-06T02:00:00+00:00,152.929,154.338,152.8745,153.7475
2024-11-06T06:00:00+00:00,153.7455,154.3845,153.666,153.9995
2024-11-06T10:00:00+00:00,154.0015,154.46,153.8785,154.3055
2024-11-06T14:00:00+00:00,154.305,154.6835,153.9825,154.6675
2024-11-06T18:00:00+00:00,154.669,154.7,154.3575,154.632
2024-11-06T22:00:00+00:00,154.627,154.7135,154.215,154.5115
2024-11-07T02:00:00+00:00,154.511,154.528,153.9365,154.011
2024-11-07T06:00:00+00:00,154.0095,154.2025,153.653,153.9475
2024-11-07T10:00:00+00:00,153.9485,154.112,153.453,153.501
2024-11-07T14:00:00+00:00,153.5015,153.559,152.855,153.016
2024-11-07T18:00:00+00:00,153.016,153.4745,152.694,152.9405
2024-11-07T22:00:00+00:00,152.938,153.37,152.848,153.0965
2024-11-08T02:00:00+00:00,153.093,153.187,152.551,152.8045
2024-11-08T06:00:00+00:00,152.805,152.957,152.2565,152.284
2024-11-08T10:00:00+00:00,152.2835,152.82,152.143,152.745
2024-11-08T14:00:00+00:00,152.7445,152.8605,152.3835,152.6575
2024-11-08T18:00:00+00:00,152.6565,152.817,152.436,152.6295
2024-11-10T22:00:00+00:00,152.6995,153.2245,152.648,153.2235
2024-11-11T02:00:00+00:00,153.224,153.6705,153.135,153.5295
2024-11-11T06:00:00+00:00,153.53,153.856,153.317,153.622
2024-11-11T10:00:00+00:00,153.6235,153.955,153.5545,153.774
2024-11-11T14:00:00+00:00,153.7735,153.9485,153.646,153.8795
2024-11-11T18:00:00+00:00,153.88,153.881,153.629,153.716
2024-11-11T22:00:00+00:00,153.72,153.9675,153.473,153.9645
2024-11-12T02:00:00+00:00,153.9575,154.0625,153.407,153.614
2024-11-12T06:00:00+00:00,153.6175,154.169,153.6115,154.108
2024-11-12T10:00:00+00:00,154.109,154.3975,153.9345,154.3835
2024-11-12T14:00:00+00:00,154.383,154.926,154.2925,154.787
2024-11-12T18:00:00+00:00,154.7865,154.8585,154.5145,154.6155
2024-11-12T22:00:00+00:00,154.62,154.9405,154.51,154.606
2024-11-13T02:00:00+00:00,154.606,154.937,154.541,154.917
2024-11-13T06:00:00+00:00,154.916,155.2385,154.7965,154.898
2024-11-13T10:00:00+00:00,154.8975,155.07,154.4155,154.5115
2024-11-13T14:00:00+00:00,154.513,155.4325,154.342,155.413
2024-11-13T18:00:00+00:00,155.412,155.6255,155.406,155.4685
2024-11-13T22:00:00+00:00,155.4575,155.9205,155.337,155.8695
2024-11-14T02:00:00+00:00,155.8695,156.136,155.8145,156.021
2024-11-14T06:00:00+00:00,156.023,156.1485,155.7035,156.11
2024-11-14T10:00:00+00:00,156.111,156.2435,155.7775,156.022
2024-11-14T14:00:00+00:00,156.021,156.077,155.522,155.745
2024-11-14T18:00:00+00:00,155.7445,156.419,155.7,156.2675
2024-11-14T22:00:00+00:00,156.269,156.751,156.219,156.554
2024-11-15T02:00:00+00:00,156.5535,156.558,156.2765,156.456
2024-11-15T06:00:00+00:00,156.4575,156.5065,155.2655,155.368
2024-11-15T10:00:00+00:00,155.367,155.7225,155.1665,155.3295
2024-11-15T14:00:00+00:00,155.3275,155.782,154.1875,154.283
2024-11-15T18:00:00+00:00,154.2835,154.4815,153.8625,154.316
2024-11-17T22:00:00+00:00,154.415,155.144,153.841,154.5995
2024-11-18T02:00:00+00:00,154.6,154.9265,154.416,154.5965
2024-11-18T06:00:00+00:00,154.597,154.9735,154.3,154.7785
2024-11-18T10:00:00+00:00,154.778,155.3585,154.777,154.9065
2024-11-18T14:00:00+00:00,154.906,155.0705,154.587,154.702
2024-11-18T18:00:00+00:00,154.7025,154.7895,154.57,154.663
2024-11-18T22:00:00+00:00,154.6675,154.688,154.042,154.1175
2024-11-19T02:00:00+00:00,154.117,154.52,153.9535,154.4245
2024-11-19T06:00:00+00:00,154.424,154.656,153.283,153.768
2024-11-19T10:00:00+00:00,153.7655,154.209,153.411,153.474
2024-11-19T14:00:00+00:00,153.4745,154.7565,153.445,154.725
2024-11-19T18:00:00+00:00,154.725,154.7995,154.5655,154.6625
2024-11-19T22:00:00+00:00,154.663,154.99,154.53,154.775
2024-11-20T02:00:00+00:00,154.7745,155.1915,154.7275,155.191
2024-11-20T06:00:00+00:00,155.1925,155.851,155.1615,155.758
2024-11-20T10:00:00+00:00,155.7595,155.888,155.6315,155.733
2024-11-20T14:00:00+00:00,155.733,155.842,155.0575,155.222
2024-11-20T18:00:00+00:00,155.221,155.5415,155.2015,155.4315
2024-11-20T22:00:00+00:00,155.416,155.4715,154.883,155.043
2024-11-21T02:00:00+00:00,155.042,155.265,154.8635,155.19
2024-11-21T06:00:00+00:00,155.182,155.1825,154.084,154.3995
2024-11-21T10:00:00+00:00,154.3985,154.717,154.1035,154.2535
2024-11-21T14:00:00+00:00,154.2535,154.694,153.9095,154.442
2024-11-21T18:00:00+00:00,154.4425,154.7,154.435,154.5375
2024-11-21T22:00:00+00:00,154.539,154.578,153.968,154.416
2024-11-22T02:00:00+00:00,154.418,154.732,154.188,154.7055
2024-11-22T06:00:00+00:00,154.7065,154.958,154.2535,154.5045
2024-11-22T10:00:00+00:00,154.5005,154.569,154.1915,154.2735
2024-11-22T14:00:00+00:00,154.276,155.026,154.2725,154.7575
2024-11-22T18:00:00+00:00,154.7575,154.889,154.664,154.7625
2024-11-24T22:00:00+00:00,154.1845,154.4025,153.649,153.769
2024-11-25T02:00:00+00:00,153.7685,154.4005,153.551,154.2665
2024-11-25T06:00:00+00:00,154.266,154.7245,154.154,154.425
2024-11-25T10:00:00+00:00,154.426,154.565,153.757,153.929
2024-11-25T14:00:00+00:00,153.929,154.5195,153.6305,154.321
2024-11-25T18:00:00+00:00,154.3215,154.3425,153.995,154.2285
2024-11-25T22:00:00+00:00,154.2265,154.4935,153.84,154.0555
2024-11-26T02:00:00+00:00,154.056,154.2225,153.5475,153.717
2024-11-26T06:00:00+00:00,153.7165,154.221,153.6045,153.927
2024-11-26T10:00:00+00:00,153.9275,153.985,152.988,153.433
2024-11-26T14:00:00+00:00,153.4335,153.722,153.254,153.328
2024-11-26T18:00:00+00:00,153.3275,153.489,153.0075,153.0875
2024-11-26T22:00:00+00:00,153.0775,153.234,152.5105,152.552
2024-11-27T02:00:00+00:00,152.5525,152.752,152.2365,152.441
2024-11-27T06:00:00+00:00,152.441,152.468,151.357,151.4755
2024-11-27T10:00:00+00:00,151.475,151.6435,151.226,151.3315
2024-11-27T14:00:00+00:00,151.332,151.806,150.456,150.763
2024-11-27T18:00:00+00:00,150.762,151.1935,150.6805,151.09
2024-11-27T22:00:00+00:00,151.092,151.7495,150.9125,151.4325
2024-11-28T02:00:00+00:00,151.432,151.718,151.345,151.546
2024-11-28T06:00:00+00:00,151.545,151.9485,151.363,151.8935
2024-11-28T10:00:00+00:00,151.894,151.9505,151.56,151.57
2024-11-28T14:00:00+00:00,151.571,151.606,151.406,151.493
2024-11-28T18:00:00+00:00,151.494,151.56,151.435,151.543
2024-11-28T22:00:00+00:00,151.5415,151.557,149.8505,149.9405
2024-11-29T02:00:00+00:00,149.9415,150.398,149.7615,150.1045
2024-11-29T06:00:00+00:00,150.105,150.3065,149.5345,150.162
2024-11-29T10:00:00+00:00,150.161,150.366,149.8335,149.9675
2024-11-29T14:00:00+00:00,149.9655,150.533,149.5835,149.598
2024-11-29T18:00:00+00:00,149.6,149.78,149.4675,149.7785
2024-12-01T22:00:00+00:00,149.665,150.556,149.5025,150.5335
2024-12-02T02:00:00+00:00,150.5335,150.7495,150.4375,150.7245
2024-12-02T06:00:00+00:00,150.7245,150.7295,149.9915,150.347
2024-12-02T10:00:00+00:00,150.347,150.389,149.9205,150.081
2024-12-02T14:00:00+00:00,150.08,150.244,149.08,149.599
2024-12-02T18:00:00+00:00,149.5995,149.7915,149.229,149.5975
2024-12-02T22:00:00+00:00,149.6015,149.9755,149.4975,149.876
2024-12-03T02:00:00+00:00,149.8765,150.238,149.791,150.0285
2024-12-03T06:00:00+00:00,150.029,150.1845,149.778,149.8165
2024-12-03T10:00:00+00:00,149.8145,150.11,148.8025,148.8585
2024-12-03T14:00:00+00:00,148.858,149.521,148.647,149.208
2024-12-03T18:00:00+00:00,149.209,149.644,148.9645,149.604
2024-12-03T22:00:00+00:00,149.6085,150.081,149.524,149.929
2024-12-04T02:00:00+00:00,149.9305,150.1705,149.6275,150.0985
2024-12-04T06:00:00+00:00,150.0975,150.781,149.8605,150.628
2024-12-04T10:00:00+00:00,150.626,151.2305,150.617,151.075
2024-12-04T14:00:00+00:00,151.0745,151.132,149.9935,150.171
2024-12-04T18:00:00+00:00,150.1705,150.6735,150.0415,150.5885
2024-12-04T22:00:00+00:00,150.579,150.7785,150.189,150.541
2024-12-05T02:00:00+00:00,150.539,150.566,149.7875,149.935
2024-12-05T06:00:00+00:00,149.931,150.3145,149.6565,150.3115
2024-12-05T10:00:00+00:00,150.3085,150.6975,150.044,150.608
2024-12-05T14:00:00+00:00,150.6065,150.6175,150.0715,150.133
2024-12-05T18:00:00+00:00,150.1355,150.351,149.921,150.102
2024-12-05T22:00:00+00:00,150.1,150.2765,149.8655,150.046
2024-12-06T02:00:00+00:00,150.045,150.07,149.77,149.939
2024-12-06T06:00:00+00:00,149.9385,150.6065,149.774,150.577
2024-12-06T10:00:00+00:00,150.5775,150.7,149.6545,149.665
2024-12-06T14:00:00+00:00,149.665,150.1165,149.364,149.962
2024-12-06T18:00:00+00:00,149.9635,150.1355,149.8835,150.0295
2024-12-08T22:00:00+00:00,149.9705,150.112,149.693,149.9155
2024-12-09T02:00:00+00:00,149.915,150.0375,149.84,149.9675
2024-12-09T06:00:00+00:00,149.9665,150.524,149.945,150.4205
2024-12-09T10:00:00+00:00,150.4195,150.9505,150.355,150.8775
2024-12-09T14:00:00+00:00,150.877,151.349,150.7015,151.3305
2024-12-09T18:00:00+00:00,151.3305,151.3405,151.136,151.2155
2024-12-09T22:00:00+00:00,151.215,151.55,151.1775,151.315
2024-12-10T02:00:00+00:00,151.314,151.3145,150.8975,150.9365
2024-12-10T06:00:00+00:00,150.9365,151.786,150.9035,151.599
2024-12-10T10:00:00+00:00,151.6005,151.839,151.4725,151.683
2024-12-10T14:00:00+00:00,151.6835,152.183,151.589,152.112
2024-12-10T18:00:00+00:00,152.113,152.123,151.832,151.9445
2024-12-10T22:00:00+00:00,151.943,151.9575,151.698,151.7085
2024-12-11T02:00:00+00:00,151.708,151.7665,151.417,151.7535
2024-12-11T06:00:00+00:00,151.755,152.7255,151.008,152.682
2024-12-11T10:00:00+00:00,152.6825,152.863,152.0545,152.296
2024-12-11T14:00:00+00:00,152.296,152.559,151.9205,152.497
2024-12-11T18:00:00+00:00,152.498,152.7205,152.3215,152.44
2024-12-11T22:00:00+00:00,152.4425,152.5065,151.953,151.9795
2024-12-12T02:00:00+00:00,151.9785,152.61,151.9555,152.4955
2024-12-12T06:00:00+00:00,152.4955,152.7745,152.2735,152.5275
2024-12-12T10:00:00+00:00,152.5285,152.541,151.8025,152.036
2024-12-12T14:00:00+00:00,152.035,152.4005,151.878,152.2655
2024-12-12T18:00:00+00:00,152.265,152.6925,152.24,152.6255
2024-12-12T22:00:00+00:00,152.6235,152.956,152.456,152.77
2024-12-13T02:00:00+00:00,152.765,153.0895,152.647,152.894
2024-12-13T06:00:00+00:00,152.8945,153.4805,152.675,153.413
2024-12-13T10:00:00+00:00,153.4135,153.669,153.2625,153.303
2024-12-13T14:00:00+00:00,153.3025,153.8005,153.3015,153.695
2024-12-13T18:00:00+00:00,153.6945,153.7465,153.5995,153.7055
2024-12-15T22:00:00+00:00,153.6325,153.9355,153.327,153.9085
2024-12-16T02:00:00+00:00,153.907,153.9735,153.607,153.6615
2024-12-16T06:00:00+00:00,153.662,153.8315,153.4445,153.8055
2024-12-16T10:00:00+00:00,153.8065,154.101,153.652,154.026
2024-12-16T14:00:00+00:00,154.027,154.479,154.013,154.1535
2024-12-16T18:00:00+00:00,154.1525,154.218,154.011,154.153
2024-12-16T22:00:00+00:00,154.1405,154.3465,153.973,154.099
2024-12-17T02:00:00+00:00,154.1015,154.2605,153.8015,154.134
2024-12-17T06:00:00+00:00,154.1345,154.1725,153.7135,153.7935
2024-12-17T10:00:00+00:00,153.7955,154,153.6595,153.775
2024-12-17T14:00:00+00:00,153.777,153.777,153.2445,153.2725
2024-12-17T18:00:00+00:00,153.272,153.598,153.1625,153.505
2024-12-17T22:00:00+00:00,153.411,153.7875,153.3555,153.593
2024-12-18T02:00:00+00:00,153.5925,153.75,153.339,153.357
2024-12-18T06:00:00+00:00,153.3555,153.744,153.3365,153.6365
2024-12-18T10:00:00+00:00,153.637,153.953,153.553,153.8495
2024-12-18T14:00:00+00:00,153.849,154.091,153.6815,153.8265
2024-12-18T18:00:00+00:00,153.826,154.872,153.7215,154.825
2024-12-18T22:00:00+00:00,154.777,154.895,154.438,154.647
2024-12-19T02:00:00+00:00,154.648,155.473,154.466,155.2295
2024-12-19T06:00:00+00:00,155.227,157.1485,154.9165,157.0455
2024-12-19T10:00:00+00:00,157.044,157.064,156.404,156.911
2024-12-19T14:00:00+00:00,156.912,157.808,156.8755,157.6975
2024-12-19T18:00:00+00:00,157.697,157.7325,157.309,157.4455
2024-12-19T22:00:00+00:00,157.4445,157.929,157.148,157.2795
2024-12-20T02:00:00+00:00,157.279,157.379,156.839,157.036
2024-12-20T06:00:00+00:00,157.038,157.135,156.6235,156.7225
2024-12-20T10:00:00+00:00,156.7215,156.845,156.3525,156.519
2024-12-20T14:00:00+00:00,156.5165,156.7805,155.9545,156.0735
2024-12-20T18:00:00+00:00,156.072,156.486,155.9775,156.4545
2024-12-22T22:00:00+00:00,156.3885,156.694,156.3275,156.459
2024-12-23T02:00:00+00:00,156.4545,156.6625,156.34,156.649
2024-12-23T06:00:00+00:00,156.6505,156.811,156.465,156.7005
2024-12-23T10:00:00+00:00,156.7,157.2595,156.659,157.2205
2024-12-23T14:00:00+00:00,157.218,157.27,156.984,157.1615
2024-12-23T18:00:00+00:00,157.162,157.2135,157.051,157.1755
2024-12-23T22:00:00+00:00,157.127,157.3965,157.06,157.132
2024-12-24T02:00:00+00:00,157.1325,157.1815,156.8915,157.0045
2024-12-24T06:00:00+00:00,157.005,157.1795,156.9095,157.093
2024-12-24T10:00:00+00:00,157.0935,157.1945,157.0245,157.1925
2024-12-24T14:00:00+00:00,157.193,157.3775,157.1825,157.3105
2024-12-24T18:00:00+00:00,157.31,157.3865,157.074,157.21
2024-12-24T22:00:00+00:00,157.15,157.377,157.043,157.123
2024-12-25T02:00:00+00:00,157.1085,157.374,156.979,157.345
2024-12-25T06:00:00+00:00,157.356,157.364,156.9835,157.172
2024-12-25T22:00:00+00:00,157.295,157.476,157.075,157.423
2024-12-26T02:00:00+00:00,157.419,157.4765,157.31,157.349
2024-12-26T06:00:00+00:00,157.35,157.465,157.309,157.4345
2024-12-26T10:00:00+00:00,157.435,157.8455,157.4045,157.84
2024-12-26T14:00:00+00:00,157.839,158.0865,157.8345,158.04
2024-12-26T18:00:00+00:00,158.0415,158.0705,157.873,157.9835
2024-12-26T22:00:00+00:00,157.9825,157.9825,157.659,157.7455
2024-12-27T02:00:00+00:00,157.7455,157.773,157.506,157.762
2024-12-27T06:00:00+00:00,157.7625,157.918,157.6625,157.8785
2024-12-27T10:00:00+00:00,157.8805,157.8805,157.582,157.798
2024-12-27T14:00:00+00:00,157.7975,157.897,157.3535,157.8285
2024-12-27T18:00:00+00:00,157.828,157.9465,157.771,157.8225
2024-12-29T22:00:00+00:00,157.7415,157.9905,157.6645,157.798
2024-12-30T02:00:00+00:00,157.7975,157.964,157.7015,157.8575
2024-12-30T06:00:00+00:00,157.86,158.075,157.808,157.8765
2024-12-30T10:00:00+00:00,157.877,157.8835,157.4515,157.461
2024-12-30T14:00:00+00:00,157.4615,157.5515,156.6725,157.15
2024-12-30T18:00:00+00:00,157.151,157.1535,156.763,156.838
2024-12-30T22:00:00+00:00,156.8345,157.0675,156.369,156.443
2024-12-31T02:00:00+00:00,156.444,156.509,156.1385,156.2365
2024-12-31T06:00:00+00:00,156.2375,156.6775,156.023,156.6445
2024-12-31T10:00:00+00:00,156.645,157.0885,156.556,157.015
2024-12-31T14:00:00+00:00,157.0105,157.5495,156.6875,157.3695
2024-12-31T18:00:00+00:00,157.371,157.398,157.1945,157.1975
2025-01-01T22:00:00+00:00,157.227,157.7845,157.205,157.511
2025-01-02T02:00:00+00:00,157.5105,157.5125,156.978,157.2095
2025-01-02T06:00:00+00:00,157.21,157.2135,156.44,156.794
2025-01-02T10:00:00+00:00,156.795,157.2885,156.7185,156.831
2025-01-02T14:00:00+00:00,156.8295,157.852,156.637,157.569
2025-01-02T18:00:00+00:00,157.569,157.678,157.4685,157.496
2025-01-02T22:00:00+00:00,157.5045,157.566,157.176,157.2835
2025-01-03T02:00:00+00:00,157.2845,157.4615,157.189,157.302
2025-01-03T06:00:00+00:00,157.3015,157.428,157.042,157.2545
2025-01-03T10:00:00+00:00,157.255,157.3895,157.025,157.188
2025-01-03T14:00:00+00:00,157.188,157.4945,156.873,157.1695
2025-01-03T18:00:00+00:00,157.1685,157.3825,157.108,157.305
2025-01-05T22:00:00+00:00,157.2145,157.83,157.1735,157.6195
2025-01-06T02:00:00+00:00,157.62,157.808,157.5705,157.782
2025-01-06T06:00:00+00:00,157.7825,157.795,157.534,157.739
2025-01-06T10:00:00+00:00,157.74,157.9625,156.243,156.616
2025-01-06T14:00:00+00:00,156.617,157.6585,156.4705,157.511
2025-01-06T18:00:00+00:00,157.5115,157.6715,157.434,157.59
2025-01-06T22:00:00+00:00,157.578,158.417,157.5645,158.3135
2025-01-07T02:00:00+00:00,158.3125,158.3185,157.787,157.8655
2025-01-07T06:00:00+00:00,157.8635,157.8635,157.3665,157.6085
2025-01-07T10:00:00+00:00,157.609,157.853,157.5645,157.6725
2025-01-07T14:00:00+00:00,157.672,158.4265,157.538,157.697
2025-01-07T18:00:00+00:00,157.6975,158.0975,157.588,158.0475
2025-01-07T22:00:00+00:00,158.0485,158.2445,157.903,157.9725
2025-01-08T02:00:00+00:00,157.972,158.2685,157.9365,158.176
2025-01-08T06:00:00+00:00,158.175,158.2855,157.9275,158.164
2025-01-08T10:00:00+00:00,158.166,158.5515,158.151,158.2225
2025-01-08T14:00:00+00:00,158.221,158.4985,158.1455,158.394
2025-01-08T18:00:00+00:00,158.393,158.523,158.2735,158.3505
2025-01-08T22:00:00+00:00,158.3495,158.4005,158.073,158.1105
2025-01-09T02:00:00+00:00,158.1105,158.1475,157.763,158.0595
2025-01-09T06:00:00+00:00,158.06,158.288,158.0135,158.086
2025-01-09T10:00:00+00:00,158.085,158.1045,157.577,157.6595
2025-01-09T14:00:00+00:00,157.659,158.138,157.656,158.108
2025-01-09T18:00:00+00:00,158.109,158.165,158.0605,158.1375
2025-01-09T22:00:00+00:00,158.1085,158.2295,157.9355,158.131
2025-01-10T02:00:00+00:00,158.1305,158.4265,158.1055,158.415
2025-01-10T06:00:00+00:00,158.416,158.446,157.6255,157.9335
2025-01-10T10:00:00+00:00,157.9345,158.882,157.8655,158.552
2025-01-10T14:00:00+00:00,158.5525,158.657,157.2255,157.672
2025-01-10T18:00:00+00:00,157.6715,157.9865,157.6565,157.698
2025-01-12T22:00:00+00:00,157.765,157.9685,157.2705,157.447
2025-01-13T02:00:00+00:00,157.4465,157.6525,157.2855,157.409
2025-01-13T06:00:00+00:00,157.4085,157.671,157.038,157.1095
2025-01-13T10:00:00+00:00,157.109,157.473,156.9145,157.202
2025-01-13T14:00:00+00:00,157.2,157.791,157.105,157.3305
2025-01-13T18:00:00+00:00,157.33,157.8205,157.295,157.4765
2025-01-13T22:00:00+00:00,157.4755,158.0315,157.0545,157.44
2025-01-14T02:00:00+00:00,157.441,157.754,157.3645,157.5835
2025-01-14T06:00:00+00:00,157.5815,158.0305,157.2985,157.94
2025-01-14T10:00:00+00:00,157.941,158.1325,157.4,157.7755
2025-01-14T14:00:00+00:00,157.7775,158.1975,157.6225,158.133
2025-01-14T18:00:00+00:00,158.134,158.1415,157.871,157.9515
2025-01-14T22:00:00+00:00,157.9445,158.086,157.83,157.9025
2025-01-15T02:00:00+00:00,157.9015,157.976,157.1975,157.321
2025-01-15T06:00:00+00:00,157.3215,157.447,156.711,156.867
2025-01-15T10:00:00+00:00,156.868,157.09,156.253,156.398
2025-01-15T14:00:00+00:00,156.401,156.736,155.939,156.553
2025-01-15T18:00:00+00:00,156.5525,156.576,156.4065,156.464
2025-01-15T22:00:00+00:00,156.457,156.5305,155.4825,155.5555
2025-01-16T02:00:00+00:00,155.555,156.1215,155.211,156.116
2025-01-16T06:00:00+00:00,156.1155,156.314,155.6135,155.6845
2025-01-16T10:00:00+00:00,155.6845,156.367,155.6335,155.907
2025-01-16T14:00:00+00:00,155.9115,156.197,155.103,155.2705
2025-01-16T18:00:00+00:00,155.271,155.3875,155.1015,155.1695
2025-01-16T22:00:00+00:00,155.1885,155.486,154.981,155.217
2025-01-17T02:00:00+00:00,155.2165,155.691,155.1625,155.566
2025-01-17T06:00:00+00:00,155.5655,155.8495,155.4105,155.7375
2025-01-17T10:00:00+00:00,155.738,155.806,155.557,155.6875
2025-01-17T14:00:00+00:00,155.688,156.375,155.654,156.26
2025-01-17T18:00:00+00:00,156.2615,156.338,156.104,156.3
2025-01-19T22:00:00+00:00,156.2635,156.585,155.8655,155.926
2025-01-20T02:00:00+00:00,155.9255,156.067,155.71,156.062
2025-01-20T06:00:00+00:00,156.0615,156.3645,155.9535,156.285
2025-01-20T10:00:00+00:00,156.2865,156.4675,155.721,155.725
2025-01-20T14:00:00+00:00,155.7255,156.0615,155.417,155.829
2025-01-20T18:00:00+00:00,155.8275,155.9005,155.4965,155.6355
2025-01-20T22:00:00+00:00,155.565,156.246,154.904,155.5445
2025-01-21T02:00:00+00:00,155.545,155.5805,154.7755,155.318
2025-01-21T06:00:00+00:00,155.3205,155.9575,155.3205,155.901
2025-01-21T10:00:00+00:00,155.9015,156.055,155.462,155.4905
2025-01-21T14:00:00+00:00,155.4875,155.734,155.2525,155.576
2025-01-21T18:00:00+00:00,155.577,155.5965,155.429,155.512
2025-01-21T22:00:00+00:00,155.5055,155.8345,155.3545,155.688
2025-01-22T02:00:00+00:00,155.6885,155.961,155.634,155.8335
2025-01-22T06:00:00+00:00,155.834,156.115,155.55,155.674
2025-01-22T10:00:00+00:00,155.673,156.054,155.6335,155.893
2025-01-22T14:00:00+00:00,155.8935,156.709,155.8135,156.6175
2025-01-22T18:00:00+00:00,156.617,156.6325,156.4485,156.522
2025-01-22T22:00:00+00:00,156.477,156.5635,156.2865,156.552
2025-01-23T02:00:00+00:00,156.5515,156.7535,156.452,156.7055
2025-01-23T06:00:00+00:00,156.7035,156.7245,156.352,156.3795
2025-01-23T10:00:00+00:00,156.3825,156.598,156.105,156.209
2025-01-23T14:00:00+00:00,156.207,156.476,155.864,155.917
2025-01-23T18:00:00+00:00,155.916,156.071,155.745,156.049
2025-01-23T22:00:00+00:00,156.049,156.3565,155.9575,156.3125
2025-01-24T02:00:00+00:00,156.3145,156.4165,155.0045,155.3605
2025-01-24T06:00:00+00:00,155.3585,155.7325,154.8425,155.587
2025-01-24T10:00:00+00:00,155.5875,156.5775,155.5525,156.323
2025-01-24T14:00:00+00:00,156.3235,156.49,155.5165,155.746
2025-01-24T18:00:00+00:00,155.7485,156.025,155.729,155.951
2025-01-26T22:00:00+00:00,155.734,155.8475,155.2905,155.4855
2025-01-27T02:00:00+00:00,155.485,156.096,155.416,156.065
2025-01-27T06:00:00+00:00,156.065,156.2485,154.466,154.6025
2025-01-27T10:00:00+00:00,154.601,154.601,153.714,154.204
2025-01-27T14:00:00+00:00,154.207,154.684,153.955,154.2955
2025-01-27T18:00:00+00:00,154.296,154.722,154.226,154.5055
2025-01-27T22:00:00+00:00,154.5095,155.6385,154.4765,155.4905
2025-01-28T02:00:00+00:00,155.49,155.949,155.4025,155.704
2025-01-28T06:00:00+00:00,155.704,155.9795,155.255,155.449
2025-01-28T10:00:00+00:00,155.45,155.5675,155.207,155.493
2025-01-28T14:00:00+00:00,155.4925,155.7615,155.0505,155.608
2025-01-28T18:00:00+00:00,155.606,155.7275,155.494,155.5375
2025-01-28T22:00:00+00:00,155.557,155.7905,155.4325,155.714
2025-01-29T02:00:00+00:00,155.715,155.7825,155.004,155.016
2025-01-29T06:00:00+00:00,155.018,155.4085,155.0035,155.3465
2025-01-29T10:00:00+00:00,155.345,155.5215,155.2555,155.424
2025-01-29T14:00:00+00:00,155.423,155.446,154.941,155.057
2025-01-29T18:00:00+00:00,155.057,155.6125,155.0045,155.224
2025-01-29T22:00:00+00:00,155.2215,155.257,154.4615,154.6435
2025-01-30T02:00:00+00:00,154.644,154.683,154.2855,154.485
2025-01-30T06:00:00+00:00,154.485,154.7355,154.3185,154.452
2025-01-30T10:00:00+00:00,154.45,154.604,153.8355,153.908
2025-01-30T14:00:00+00:00,153.909,154.478,153.791,154.2975
2025-01-30T18:00:00+00:00,154.2965,154.4965,153.9985,154.295
2025-01-30T22:00:00+00:00,154.2935,154.5015,153.916,154.092
2025-01-31T02:00:00+00:00,154.093,154.879,153.9325,154.7195
2025-01-31T06:00:00+00:00,154.72,154.937,154.484,154.7195
2025-01-31T10:00:00+00:00,154.719,155.022,154.606,154.8
2025-01-31T14:00:00+00:00,154.7995,155.005,154.5295,154.7645
2025-01-31T18:00:00+00:00,154.763,155.2375,154.7585,155.222
2025-02-02T22:00:00+00:00,154.8195,155.8865,154.7775,155.7085
2025-02-03T02:00:00+00:00,155.709,155.8765,155.463,155.577
2025-02-03T06:00:00+00:00,155.5775,155.7175,155.002,155.004
2025-02-03T10:00:00+00:00,155.0055,155.1335,154.2895,154.651
2025-02-03T14:00:00+00:00,154.6515,154.8665,154.008,154.6555
2025-02-03T18:00:00+00:00,154.657,155.012,154.5495,154.7375
2025-02-03T22:00:00+00:00,154.7315,155.407,154.7145,155.111
2025-02-04T02:00:00+00:00,155.1135,155.3365,154.828,155.252
2025-02-04T06:00:00+00:00,155.2515,155.523,155.068,155.3425
2025-02-04T10:00:00+00:00,155.342,155.3975,155.1465,155.2635
2025-02-04T14:00:00+00:00,155.2625,155.265,154.251,154.27
2025-02-04T18:00:00+00:00,154.2685,154.3505,154.174,154.341
2025-02-04T22:00:00+00:00,154.34,154.463,153.4695,153.6045
2025-02-05T02:00:00+00:00,153.603,153.6435,153.091,153.426
2025-02-05T06:00:00+00:00,153.43,153.452,152.646,152.844
2025-02-05T10:00:00+00:00,152.844,153.1095,152.554,153.046
2025-02-05T14:00:00+00:00,153.0455,153.207,152.114,152.292
2025-02-05T18:00:00+00:00,152.293,152.769,152.247,152.6215
2025-02-05T22:00:00+00:00,152.6255,152.755,151.813,152.0265
2025-02-06T02:00:00+00:00,152.025,152.5135,151.936,152.4225
2025-02-06T06:00:00+00:00,152.4215,152.8985,152.4045,152.664
2025-02-06T10:00:00+00:00,152.6645,152.6845,152.057,152.082
2025-02-06T14:00:00+00:00,152.0785,152.2175,151.6615,151.8715
2025-02-06T18:00:00+00:00,151.8745,151.8835,151.2385,151.38
2025-02-06T22:00:00+00:00,151.4015,151.664,150.96,151.5775
2025-02-07T02:00:00+00:00,151.5785,151.793,151.449,151.72
2025-02-07T06:00:00+00:00,151.721,151.893,151.591,151.824
2025-02-07T10:00:00+00:00,151.8245,152.425,151.328,151.9535
2025-02-07T14:00:00+00:00,151.953,152.003,150.931,151.667
2025-02-07T18:00:00+00:00,151.6675,151.7405,151.2005,151.4075
2025-02-09T22:00:00+00:00,151.251,152.14,151.1995,152.011
2025-02-10T02:00:00+00:00,152.0095,152.213,151.8255,151.953
2025-02-10T06:00:00+00:00,151.9525,152.539,151.771,152.197
2025-02-10T10:00:00+00:00,152.196,152.3065,151.805,151.8655
2025-02-10T14:00:00+00:00,151.864,151.921,151.5705,151.8655
2025-02-10T18:00:00+00:00,151.866,152.073,151.861,151.996
2025-02-10T22:00:00+00:00,151.9975,152.063,151.6865,152.018
2025-02-11T02:00:00+00:00,152.0185,152.05,151.92,151.953
2025-02-11T06:00:00+00:00,151.957,152.0995,151.6505,151.946
2025-02-11T10:00:00+00:00,151.9455,152.512,151.9445,152.306
2025-02-11T14:00:00+00:00,152.306,152.597,152.2325,152.3705
2025-02-11T18:00:00+00:00,152.3695,152.607,152.2895,152.4925
2025-02-11T22:00:00+00:00,152.436,153.4885,152.382,153.4735
2025-02-12T02:00:00+00:00,153.4745,153.736,153.363,153.539
2025-02-12T06:00:00+00:00,153.5345,153.888,153.4145,153.52
2025-02-12T10:00:00+00:00,153.5195,154.457,153.307,154.417
2025-02-12T14:00:00+00:00,154.418,154.8035,154.143,154.3555
2025-02-12T18:00:00+00:00,154.3535,154.4955,154.2865,154.415
2025-02-12T22:00:00+00:00,154.418,154.6685,154.124,154.2585
2025-02-13T02:00:00+00:00,154.258,154.4915,154.134,154.167
2025-02-13T06:00:00+00:00,154.1695,154.3415,153.898,153.9795
2025-02-13T10:00:00+00:00,153.979,154.019,153.424,153.519
2025-02-13T14:00:00+00:00,153.5185,153.721,152.9255,153.167
2025-02-13T18:00:00+00:00,153.165,153.3475,152.702,152.8
2025-02-13T22:00:00+00:00,152.797,153.1535,152.4465,152.5695
2025-02-14T02:00:00+00:00,152.5715,153.007,152.5235,152.616
2025-02-14T06:00:00+00:00,152.612,152.841,152.3855,152.5155
2025-02-14T10:00:00+00:00,152.516,152.8255,152.0995,152.178
2025-02-14T14:00:00+00:00,152.1765,152.3785,152.026,152.298
2025-02-14T18:00:00+00:00,152.297,152.392,152.179,152.285
2025-02-16T22:00:00+00:00,152.255,152.4035,151.743,151.898
2025-02-17T02:00:00+00:00,151.8975,151.938,151.477,151.525
2025-02-17T06:00:00+00:00,151.525,151.945,151.493,151.805
2025-02-17T10:00:00+00:00,151.8115,151.842,151.401,151.477
2025-02-17T14:00:00+00:00,151.4765,151.4985,151.3395,151.3865
2025-02-17T18:00:00+00:00,151.386,151.535,151.3675,151.5075
2025-02-17T22:00:00+00:00,151.5095,151.799,151.235,151.731
2025-02-18T02:00:00+00:00,151.7315,152.223,151.6925,152.0055
2025-02-18T06:00:00+00:00,152.0065,152.1035,151.7945,151.842
2025-02-18T10:00:00+00:00,151.8425,151.882,151.631,151.6975
2025-02-18T14:00:00+00:00,151.697,151.9635,151.529,151.934
2025-02-18T18:00:00+00:00,151.9345,152.128,151.8745,152.0625
2025-02-18T22:00:00+00:00,152.064,152.1625,151.7475,152.139
2025-02-19T02:00:00+00:00,152.1395,152.312,151.71,151.7565
2025-02-19T06:00:00+00:00,151.757,151.859,151.5525,151.656
2025-02-19T10:00:00+00:00,151.6565,151.9565,151.6565,151.695
2025-02-19T14:00:00+00:00,151.6965,151.76,151.2445,151.712
2025-02-19T18:00:00+00:00,151.709,151.83,151.394,151.4745
2025-02-19T22:00:00+00:00,151.466,151.488,150.5705,150.6385
2025-02-20T02:00:00+00:00,150.6385,150.763,150.1855,150.404
2025-02-20T06:00:00+00:00,150.405,150.436,149.9485,150.3095
2025-02-20T10:00:00+00:00,150.309,150.3195,149.705,150.086
2025-02-20T14:00:00+00:00,150.0855,150.2205,149.3985,149.4725
2025-02-20T18:00:00+00:00,149.473,149.828,149.4615,149.6645
2025-02-20T22:00:00+00:00,149.692,150.4485,149.2825,150.346
2025-02-21T02:00:00+00:00,150.3465,150.7365,150.1215,150.364
2025-02-21T06:00:00+00:00,150.3635,150.6575,150.262,150.4745
2025-02-21T10:00:00+00:00,150.473,150.535,150.1915,150.434
2025-02-21T14:00:00+00:00,150.4345,150.443,149.201,149.216
2025-02-21T18:00:00+00:00,149.2165,149.348,148.925,149.303
2025-02-23T22:00:00+00:00,149.2415,149.4075,148.8455,149.24
2025-02-24T02:00:00+00:00,149.248,149.4995,149.116,149.405
2025-02-24T06:00:00+00:00,149.407,149.5985,149.2335,149.565
2025-02-24T10:00:00+00:00,149.564,149.874,149.554,149.765
2025-02-24T14:00:00+00:00,149.7645,149.8225,149.1905,149.5795
2025-02-24T18:00:00+00:00,149.5785,149.801,149.386,149.7265
2025-02-24T22:00:00+00:00,149.727,150.301,149.6255,150.053
2025-02-25T02:00:00+00:00,150.0525,150.0925,149.462,149.714
2025-02-25T06:00:00+00:00,149.7135,149.871,149.196,149.5995
2025-02-25T10:00:00+00:00,149.599,149.956,149.341,149.436
2025-02-25T14:00:00+00:00,149.435,149.5415,148.5645,149.0775
2025-02-25T18:00:00+00:00,149.0755,149.249,148.909,149.0375
2025-02-25T22:00:00+00:00,149.0385,149.2385,148.6225,149.225
2025-02-26T02:00:00+00:00,149.228,149.6335,149.1735,149.4375
2025-02-26T06:00:00+00:00,149.4385,149.631,149.252,149.364
2025-02-26T10:00:00+00:00,149.365,149.6855,149.2265,149.5365
2025-02-26T14:00:00+00:00,149.537,149.888,149.014,149.1515
2025-02-26T18:00:00+00:00,149.15,149.2365,148.813,149.093
2025-02-26T22:00:00+00:00,149.0905,149.406,148.747,149.36
2025-02-27T02:00:00+00:00,149.3655,149.384,149.078,149.344
2025-02-27T06:00:00+00:00,149.3455,149.9675,149.159,149.842
2025-02-27T10:00:00+00:00,149.846,149.973,149.362,149.7265
2025-02-27T14:00:00+00:00,149.727,150.164,149.541,149.968
2025-02-27T18:00:00+00:00,149.9675,150.155,149.631,149.8115
2025-02-27T22:00:00+00:00,149.816,150.1465,149.274,149.301
2025-02-28T02:00:00+00:00,149.3,149.8845,149.1015,149.832
2025-02-28T06:00:00+00:00,149.833,150.689,149.7895,150.252
2025-02-28T10:00:00+00:00,150.2525,150.9905,150.242,150.6525
2025-02-28T14:00:00+00:00,150.65,150.865,150.2365,150.366
2025-02-28T18:00:00+00:00,150.364,150.6345,150.2425,150.598
2025-03-02T22:00:00+00:00,150.72,151.0245,150.3175,150.41
2025-03-03T02:00:00+00:00,150.4095,150.5285,150.2465,150.4135
2025-03-03T06:00:00+00:00,150.413,150.528,149.947,150.3475
2025-03-03T10:00:00+00:00,150.592,151.303,150.5655,150.9685
2025-03-03T14:00:00+00:00,150.97,150.9745,150.0505,150.1815
2025-03-03T18:00:00+00:00,150.179,150.306,149.1005,149.5025
2025-03-03T22:00:00+00:00,149.504,149.687,148.5995,148.937
2025-03-04T02:00:00+00:00,148.936,149.464,148.8405,149.3835
2025-03-04T06:00:00+00:00,149.3845,149.5785,148.7985,149.05
2025-03-04T10:00:00+00:00,149.0495,149.0495,148.0985,148.21
2025-03-04T14:00:00+00:00,148.2095,148.9185,148.1975,148.7445
2025-03-04T18:00:00+00:00,148.745,149.8785,148.7045,149.8115
2025-03-04T22:00:00+00:00,149.755,150.187,149.58,149.977
2025-03-05T02:00:00+00:00,149.9725,150.099,149.6975,149.717
2025-03-05T06:00:00+00:00,149.715,149.8175,149.098,149.3745
2025-03-05T10:00:00+00:00,149.3745,149.74,148.938,149.021
2025-03-05T14:00:00+00:00,149.021,149.108,148.397,148.8645
2025-03-05T18:00:00+00:00,148.866,149.142,148.739,148.887
2025-03-05T22:00:00+00:00,148.8875,149.3335,148.7275,148.996
2025-03-06T02:00:00+00:00,148.9955,149.309,148.933,148.936
2025-03-06T06:00:00+00:00,148.934,148.9665,147.7855,147.885
2025-03-06T10:00:00+00:00,147.8855,148.074,147.352,147.421
2025-03-06T14:00:00+00:00,147.4215,148.394,147.3125,147.9175
2025-03-06T18:00:00+00:00,147.915,148.06,147.571,147.982
2025-03-06T22:00:00+00:00,147.9825,148.1675,147.6605,147.903
2025-03-07T02:00:00+00:00,147.902,148.0365,147.4455,147.456
2025-03-07T06:00:00+00:00,147.4565,147.7555,147.204,147.442
2025-03-07T10:00:00+00:00,147.4425,147.9695,147.1185,147.229
2025-03-07T14:00:00+00:00,147.23,147.7285,146.948,147.4895
2025-03-07T18:00:00+00:00,147.4935,148.2015,147.485,148.0705
2025-03-09T21:00:00+00:00,147.9745,147.9935,147.2305,147.2965
2025-03-10T01:00:00+00:00,147.2915,147.7575,147.0915,147.6365
2025-03-10T05:00:00+00:00,147.637,147.7935,147.141,147.1885
2025-03-10T09:00:00+00:00,147.1865,147.3605,146.7235,147.02
2025-03-10T13:00:00+00:00,147.0205,147.308,146.6315,147.262
2025-03-10T17:00:00+00:00,147.2615,147.4675,147.038,147.27
2025-03-10T21:00:00+00:00,147.2705,147.3035,146.542,146.7515
2025-03-11T01:00:00+00:00,146.7495,147.2245,146.5965,146.9735
2025-03-11T05:00:00+00:00,146.973,147.4035,146.762,147.291
2025-03-11T09:00:00+00:00,147.2905,147.9395,147.2195,147.7715
2025-03-11T13:00:00+00:00,147.77,148.121,147.25,147.294
2025-03-11T17:00:00+00:00,147.295,147.9165,147.0225,147.781
2025-03-11T21:00:00+00:00,147.777,148.154,147.624,148.1345
2025-03-12T01:00:00+00:00,148.1345,148.27,147.8475,148.151
2025-03-12T05:00:00+00:00,148.1515,148.6525,147.96,148.3395
2025-03-12T09:00:00+00:00,148.34,149.196,148.1055,149.1305
2025-03-12T13:00:00+00:00,149.1305,149.1525,148.196,148.283
2025-03-12T17:00:00+00:00,148.2835,148.416,148.1105,148.243
2025-03-12T21:00:00+00:00,148.2425,148.3745,148.0925,148.112
2025-03-13T01:00:00+00:00,148.1115,148.326,147.8235,147.849
2025-03-13T05:00:00+00:00,147.8505,147.9415,147.5765,147.922
2025-03-13T09:00:00+00:00,147.9215,148.2595,147.7535,148.209
2025-03-13T13:00:00+00:00,148.2085,148.356,147.531,147.588
2025-03-13T17:00:00+00:00,147.5875,147.827,147.4135,147.8145
2025-03-13T21:00:00+00:00,147.8155,148.3305,147.736,148.2985
2025-03-14T01:00:00+00:00,148.298,148.5565,148.156,148.4965
2025-03-14T05:00:00+00:00,148.5035,149.024,148.4295,148.8815
2025-03-14T09:00:00+00:00,148.8835,148.9985,148.589,148.658
2025-03-14T13:00:00+00:00,148.657,148.8975,148.2595,148.3585
2025-03-14T17:00:00+00:00,148.3535,148.673,148.32,148.635
2025-03-16T21:00:00+00:00,148.7825,148.887,148.463,148.7955
2025-03-17T01:00:00+00:00,148.7945,149.0425,148.5375,149.0385
2025-03-17T05:00:00+00:00,149.0385,149.0985,148.6845,148.9265
2025-03-17T09:00:00+00:00,148.9295,148.9535,148.272,148.821
2025-03-17T13:00:00+00:00,148.8205,149.097,148.4415,148.731
2025-03-17T17:00:00+00:00,148.732,149.285,148.7025,149.2075
2025-03-17T21:00:00+00:00,149.2095,149.489,149.116,149.465
2025-03-18T01:00:00+00:00,149.4645,149.733,149.363,149.5595
2025-03-18T05:00:00+00:00,149.559,149.9015,149.516,149.7535
2025-03-18T09:00:00+00:00,149.753,149.9365,149.5635,149.842
2025-03-18T13:00:00+00:00,149.844,149.8955,149.2835,149.4195
2025-03-18T17:00:00+00:00,149.419,149.42,149.098,149.2685
2025-03-18T21:00:00+00:00,149.269,149.647,149.193,149.607
2025-03-19T01:00:00+00:00,149.6095,149.646,149.2095,149.537
2025-03-19T05:00:00+00:00,149.539,150.0235,149.1425,149.6305
2025-03-19T09:00:00+00:00,149.6315,149.885,149.573,149.796
2025-03-19T13:00:00+00:00,149.7945,150.1485,149.744,149.9425
2025-03-19T17:00:00+00:00,149.9425,149.9985,148.608,148.692
2025-03-19T21:00:00+00:00,148.69,148.876,148.28,148.303
2025-03-20T01:00:00+00:00,148.3025,148.4505,148.1835,148.3975
2025-03-20T05:00:00+00:00,148.398,148.6875,148.1815,148.545
2025-03-20T09:00:00+00:00,148.5435,148.7835,148.402,148.5595
2025-03-20T13:00:00+00:00,148.5605,148.9625,148.4505,148.7545
2025-03-20T17:00:00+00:00,148.7535,148.9265,148.715,148.7805
2025-03-20T21:00:00+00:00,148.78,149.033,148.5885,148.994
2025-03-21T01:00:00+00:00,148.994,149.484,148.9335,149.417
2025-03-21T05:00:00+00:00,149.4165,149.664,149.2475,149.483
2025-03-21T09:00:00+00:00,149.483,149.4855,148.639,148.6725
2025-03-21T13:00:00+00:00,148.6735,149.258,148.6055,149.2395
2025-03-21T17:00:00+00:00,149.24,149.3665,149.16,149.319
2025-03-23T21:00:00+00:00,149.364,149.7805,149.3565,149.7425
2025-03-24T01:00:00+00:00,149.741,149.9535,149.684,149.77
2025-03-24T05:00:00+00:00,149.771,149.87,149.5305,149.625
2025-03-24T09:00:00+00:00,149.6245,149.8695,149.4945,149.828
2025-03-24T13:00:00+00:00,149.8265,150.7575,149.7515,150.575
2025-03-24T17:00:00+00:00,150.574,150.719,150.485,150.7005
2025-03-24T21:00:00+00:00,150.7045,150.945,150.63,150.936
2025-03-25T01:00:00+00:00,150.935,150.939,150.5115,150.5595
2025-03-25T05:00:00+00:00,150.56,150.7685,150.418,150.628
2025-03-25T09:00:00+00:00,150.629,150.671,149.862,149.97
2025-03-25T13:00:00+00:00,149.9705,149.98,149.5495,149.777
2025-03-25T17:00:00+00:00,149.7765,149.9415,149.7135,149.909
2025-03-25T21:00:00+00:00,149.91,150.1955,149.841,150.177
2025-03-26T01:00:00+00:00,150.1775,150.548,150.052,150.5435
2025-03-26T05:00:00+00:00,150.544,150.625,150.0935,150.123
2025-03-26T09:00:00+00:00,150.124,150.4395,150.0195,150.3955
2025-03-26T13:00:00+00:00,150.395,150.746,150.308,150.573
2025-03-26T17:00:00+00:00,150.571,150.72,150.3145,150.572
2025-03-26T21:00:00+00:00,150.5745,150.6235,150.287,150.4835
2025-03-27T01:00:00+00:00,150.4825,150.483,150.061,150.1975
2025-03-27T05:00:00+00:00,150.197,150.6335,150.1395,150.6295
2025-03-27T09:00:00+00:00,150.628,151.091,150.5995,150.73
2025-03-27T13:00:00+00:00,150.7295,151.1575,150.582,151.0105
2025-03-27T17:00:00+00:00,151.0095,151.1485,150.9655,151.0435
2025-03-27T21:00:00+00:00,151.0455,151.211,150.7675,150.964
2025-03-28T01:00:00+00:00,150.963,150.978,150.704,150.873
2025-03-28T05:00:00+00:00,150.873,150.937,150.3615,150.535
2025-03-28T09:00:00+00:00,150.536,150.9465,150.501,150.642
2025-03-28T13:00:00+00:00,150.643,150.7865,149.9085,150.088
2025-03-28T17:00:00+00:00,150.0875,150.1355,149.6845,149.857
2025-03-30T22:00:00+01:00,149.785,149.876,149.069,149.3005
2025-03-31T02:00:00+01:00,149.301,149.3785,148.7225,149.082
2025-03-31T06:00:00+01:00,149.0825,149.295,148.702,149.057
2025-03-31T10:00:00+01:00,149.0565,149.6405,148.9675,149.6025
2025-03-31T14:00:00+01:00,149.6025,149.9855,149.407,149.8975
2025-03-31T18:00:00+01:00,149.8975,150.2675,149.874,149.959
2025-03-31T22:00:00+01:00,149.9625,150.1435,149.678,149.737
2025-04-01T02:00:00+01:00,149.734,149.9175,149.5345,149.561
2025-04-01T06:00:00+01:00,149.5605,149.993,149.5035,149.6675
2025-04-01T10:00:00+01:00,149.669,149.723,149.1225,149.388
2025-04-01T14:00:00+01:00,149.389,149.744,148.9745,149.516
2025-04-01T18:00:00+01:00,149.5155,149.647,149.2375,149.61
2025-04-01T22:00:00+01:00,149.6115,149.919,149.5325,149.7955
2025-04-02T02:00:00+01:00,149.795,149.9545,149.7135,149.902
2025-04-02T06:00:00+01:00,149.9035,150.002,149.5195,149.6565
2025-04-02T10:00:00+01:00,149.6565,149.719,149.102,149.1785
2025-04-02T14:00:00+01:00,149.177,150.2545,149.154,150.1945
2025-04-02T18:00:00+01:00,150.194,150.4895,149.233,149.28
2025-04-02T22:00:00+01:00,149.2855,149.308,147.687,147.8885
2025-04-03T02:00:00+01:00,147.889,148.109,147.1175,147.5555
2025-04-03T06:00:00+01:00,147.557,147.64,146.6865,146.8175
2025-04-03T10:00:00+01:00,146.8165,146.8565,145.7525,145.892
2025-04-03T14:00:00+01:00,145.89,146.431,145.1905,146.156
2025-04-03T18:00:00+01:00,146.157,146.519,145.968,146.07
2025-04-03T22:00:00+01:00,146.0685,146.4085,145.5455,145.9655
2025-04-04T02:00:00+01:00,145.965,146.405,145.36,145.426
2025-04-04T06:00:00+01:00,145.4315,146.489,145.302,146.413
2025-04-04T10:00:00+01:00,146.4135,146.551,144.554,145.603
2025-04-04T14:00:00+01:00,145.604,146.7855,145.0465,146.7165
2025-04-04T18:00:00+01:00,146.7195,147.435,146.5315,146.998
2025-04-06T22:00:00+01:00,145.5385,145.848,144.8175,145.818
2025-04-07T02:00:00+01:00,145.8215,146.85,145.785,145.8805
2025-04-07T06:00:00+01:00,145.881,146.3725,145.073,146.2205
2025-04-07T10:00:00+01:00,146.215,147.051,145.822,146.983
2025-04-07T14:00:00+01:00,146.9845,148.1095,146.5135,147.9425
2025-04-07T18:00:00+01:00,147.941,148.1505,147.528,147.831
2025-04-07T22:00:00+01:00,147.859,148.123,147.505,147.6085
2025-04-08T02:00:00+01:00,147.608,147.7695,147.253,147.763
2025-04-08T06:00:00+01:00,147.7635,147.8005,146.969,147.4275
2025-04-08T10:00:00+01:00,147.4265,147.5185,146.675,146.8295
2025-04-08T14:00:00+01:00,146.828,147.67,146.4995,146.5315
2025-04-08T18:00:00+01:00,146.5335,146.7395,145.9645,146.271
2025-04-08T22:00:00+01:00,146.27,146.425,145.134,145.41
2025-04-09T02:00:00+01:00,145.4095,145.944,144.58,144.9435
2025-04-09T06:00:00+01:00,144.945,145.7835,144.7045,145.2975
2025-04-09T10:00:00+01:00,145.2995,145.488,143.993,144.324
2025-04-09T14:00:00+01:00,144.3225,145.207,144.21,144.928
2025-04-09T18:00:00+01:00,144.929,148.2845,144.576,147.8
2025-04-09T22:00:00+01:00,147.6645,147.739,146.685,146.7285
2025-04-10T02:00:00+01:00,146.727,147.038,146.5055,146.6205
2025-04-10T06:00:00+01:00,146.6195,147.146,146.153,146.3115
2025-04-10T10:00:00+01:00,146.312,146.337,144.8815,145.453
2025-04-10T14:00:00+01:00,145.4525,145.5415,144.009,144.533
2025-04-10T18:00:00+01:00,144.533,145.1355,144.428,144.443
2025-04-10T22:00:00+01:00,144.4445,144.711,142.882,143.361
2025-04-11T02:00:00+01:00,143.357,143.7875,142.884,142.9255
2025-04-11T06:00:00+01:00,142.927,144.147,142.0665,142.414
2025-04-11T10:00:00+01:00,142.414,143.2265,142.0715,142.5245
2025-04-11T14:00:00+01:00,142.5295,143.9895,142.221,143.784
2025-04-11T18:00:00+01:00,143.783,144.203,143.455,143.497
2025-04-13T22:00:00+01:00,143.935,144.0665,142.894,142.907
2025-04-14T02:00:00+01:00,142.905,143.204,142.252,143.0385
2025-04-14T06:00:00+01:00,143.038,143.2785,142.232,142.9145
2025-04-14T10:00:00+01:00,142.9155,143.703,142.765,143.6715
2025-04-14T14:00:00+01:00,143.672,144.0835,142.7815,143.2195
2025-04-14T18:00:00+01:00,143.2205,143.3505,142.8595,143.019
2025-04-14T22:00:00+01:00,143.054,143.593,142.9305,143.5105
2025-04-15T02:00:00+01:00,143.51,143.5955,142.907,143.0405
2025-04-15T06:00:00+01:00,143.0425,143.5115,142.845,142.909
2025-04-15T10:00:00+01:00,142.9085,143.187,142.5995,142.8735
2025-04-15T14:00:00+01:00,142.8755,143.2675,142.6725,143.093
2025-04-15T18:00:00+01:00,143.092,143.2815,143.043,143.2565
2025-04-15T22:00:00+01:00,143.2025,143.2935,142.768,142.891
2025-04-16T02:00:00+01:00,142.8925,142.9935,142.4705,142.6295
2025-04-16T06:00:00+01:00,142.63,142.9545,142.043,142.6235
2025-04-16T10:00:00+01:00,142.6225,142.917,142.4365,142.6435
2025-04-16T14:00:00+01:00,142.642,142.862,142.321,142.552
2025-04-16T18:00:00+01:00,142.5525,142.6975,141.6425,141.884
2025-04-16T22:00:00+01:00,141.884,142.6065,141.6145,142.5855
2025-04-17T02:00:00+01:00,142.5865,142.8645,142.3875,142.6745
2025-04-17T06:00:00+01:00,142.6735,143.09,142.489,142.6815
2025-04-17T10:00:00+01:00,142.681,142.8455,142.29,142.322
2025-04-17T14:00:00+01:00,142.321,142.6335,141.901,142.464
2025-04-17T18:00:00+01:00,142.4645,142.7185,142.353,142.4135
2025-04-17T22:00:00+01:00,142.4145,142.513,142.21,142.3985
2025-04-18T02:00:00+01:00,142.4005,142.4485,142.29,142.3395
2025-04-18T06:00:00+01:00,142.3415,142.4145,142.3115,142.3835
2025-04-18T10:00:00+01:00,142.3835,142.397,142.2815,142.3315
2025-04-18T14:00:00+01:00,142.332,142.369,142.121,142.212
2025-04-18T18:00:00+01:00,142.2155,142.3025,142.124,142.1725
2025-04-20T22:00:00+01:00,142.1325,142.175,141.1405,141.19
2025-04-21T02:00:00+01:00,141.1915,141.205,140.6175,140.77
2025-04-21T06:00:00+01:00,140.769,140.909,140.5475,140.577
2025-04-21T10:00:00+01:00,140.578,141.0775,140.4735,140.7845
2025-04-21T14:00:00+01:00,140.7855,141.043,140.57,140.8365
2025-04-21T18:00:00+01:00,140.8375,140.982,140.558,140.849
2025-04-21T22:00:00+01:00,140.845,141.175,140.654,140.8535
2025-04-22T02:00:00+01:00,140.8565,140.994,140.097,140.1955
2025-04-22T06:00:00+01:00,140.196,140.632,139.887,140.5175
2025-04-22T10:00:00+01:00,140.5185,140.5785,140.1725,140.531
2025-04-22T14:00:00+01:00,140.5305,141.3635,140.5125,141.305
2025-04-22T18:00:00+01:00,141.284,141.67,141.0425,141.5395
2025-04-22T22:00:00+01:00,141.565,143.226,141.4735,142.0865
2025-04-23T02:00:00+01:00,142.086,142.2565,141.665,141.9585
2025-04-23T06:00:00+01:00,141.958,142.149,141.531,141.7395
2025-04-23T10:00:00+01:00,141.7405,142.191,141.5765,141.8465
2025-04-23T14:00:00+01:00,141.8475,143.0765,141.756,143.0245
2025-04-23T18:00:00+01:00,143.0255,143.5755,142.936,143.4785
2025-04-23T22:00:00+01:00,143.4735,143.4735,142.859,142.9485
2025-04-24T02:00:00+01:00,142.9475,143.081,142.6015,142.7545
2025-04-24T06:00:00+01:00,142.7565,142.9615,142.5005,142.6365
2025-04-24T10:00:00+01:00,142.6355,142.7005,142.292,142.4045
2025-04-24T14:00:00+01:00,142.404,142.7925,142.2795,142.647
2025-04-24T18:00:00+01:00,142.6475,142.834,142.491,142.6425
2025-04-24T22:00:00+01:00,142.6375,143.118,142.5835,143.067
2025-04-25T02:00:00+01:00,143.066,143.802,142.8295,143.6175
2025-04-25T06:00:00+01:00,143.618,143.851,143.226,143.418
2025-04-25T10:00:00+01:00,143.419,143.7355,143.2255,143.4185
2025-04-25T14:00:00+01:00,143.418,144.0315,143.41,143.8135
2025-04-25T18:00:00+01:00,143.8145,143.849,143.445,143.6705
2025-04-27T22:00:00+01:00,143.605,143.8795,143.4815,143.489
2025-04-28T02:00:00+01:00,143.49,143.861,143.317,143.324
2025-04-28T06:00:00+01:00,143.3245,143.8955,143.2915,143.553
2025-04-28T10:00:00+01:00,143.544,143.58,143.151,143.3455
2025-04-28T14:00:00+01:00,143.3445,143.44,142.2765,142.3395
2025-04-28T18:00:00+01:00,142.339,142.388,141.9715,142.008
2025-04-28T22:00:00+01:00,142.0135,142.317,141.9985,142.2445
2025-04-29T02:00:00+01:00,142.248,142.58,142.1245,142.527
2025-04-29T06:00:00+01:00,142.528,142.6125,142.303,142.5925
2025-04-29T10:00:00+01:00,142.5935,142.7595,142.2545,142.308
2025-04-29T14:00:00+01:00,142.3095,142.3965,141.9695,142.0485
2025-04-29T18:00:00+01:00,142.048,142.45,142.012,142.3
2025-04-29T22:00:00+01:00,142.305,142.511,142.1635,142.4305
2025-04-30T02:00:00+01:00,142.429,142.5565,142.2305,142.5165
2025-04-30T06:00:00+01:00,142.516,142.9485,142.4525,142.9085
2025-04-30T10:00:00+01:00,142.908,143.155,142.6885,142.8195
2025-04-30T14:00:00+01:00,142.8215,143.044,142.4955,142.678
2025-04-30T18:00:00+01:00,142.677,143.191,142.6025,143.056
2025-04-30T22:00:00+01:00,142.965,143.0815,142.8795,143.007
2025-05-01T02:00:00+01:00,143.006,143.9005,142.967,143.88
2025-05-01T06:00:00+01:00,143.8795,144.7445,143.875,144.22
2025-05-01T10:00:00+01:00,144.22,144.769,144.129,144.7115
2025-05-01T14:00:00+01:00,144.713,145.655,144.551,145.3945
2025-05-01T18:00:00+01:00,145.395,145.736,145.3315,145.377
2025-05-01T22:00:00+01:00,145.4985,145.927,145.2575,145.8735
2025-05-02T02:00:00+01:00,145.874,145.8765,145.147,145.391
2025-05-02T06:00:00+01:00,145.3915,145.417,144.8215,144.8305
2025-05-02T10:00:00+01:00,144.83,144.9615,144.3355,144.646
2025-05-02T14:00:00+01:00,144.6455,144.795,143.7305,144.673
2025-05-02T18:00:00+01:00,144.672,145.087,144.5805,144.965
2025-05-04T22:00:00+01:00,144.7025,144.996,144.513,144.641
2025-05-05T02:00:00+01:00,144.638,144.638,144.067,144.1525
2025-05-05T06:00:00+01:00,144.151,144.425,143.8965,144.0525
2025-05-05T10:00:00+01:00,144.05,144.071,143.575,143.6375
2025-05-05T14:00:00+01:00,143.637,144.236,143.542,144.172
2025-05-05T18:00:00+01:00,144.1695,144.176,143.658,143.6935
2025-05-05T22:00:00+01:00,143.701,144.0215,143.56,144.0025
2025-05-06T02:00:00+01:00,144.011,144.2775,143.6215,143.7115
2025-05-06T06:00:00+01:00,143.7125,143.9295,142.9045,143.1315
2025-05-06T10:00:00+01:00,143.1325,143.3545,142.4895,142.517
2025-05-06T14:00:00+01:00,142.5165,143.037,142.355,142.7305
2025-05-06T18:00:00+01:00,142.7295,142.7375,142.3585,142.517
2025-05-06T22:00:00+01:00,142.526,143.3125,142.392,142.9525
2025-05-07T02:00:00+01:00,142.9555,143.3275,142.7485,143.2815
2025-05-07T06:00:00+01:00,143.282,143.4435,142.829,143.3185
2025-05-07T10:00:00+01:00,143.32,143.4555,143.159,143.3565
2025-05-07T14:00:00+01:00,143.355,143.5895,143.121,143.4145
2025-05-07T18:00:00+01:00,143.415,144,142.907,143.829
2025-05-07T22:00:00+01:00,143.825,143.9565,143.5685,143.856
2025-05-08T02:00:00+01:00,143.858,143.9,143.4475,143.78
2025-05-08T06:00:00+01:00,143.781,144.849,143.779,144.8105
2025-05-08T10:00:00+01:00,144.8115,145.0065,144.511,144.688
2025-05-08T14:00:00+01:00,144.687,145.7885,144.435,145.7255
2025-05-08T18:00:00+01:00,145.7225,146.1785,145.6205,145.915
2025-05-08T22:00:00+01:00,145.9155,146.189,145.677,145.699
2025-05-09T02:00:00+01:00,145.703,145.9715,145.4515,145.5025
2025-05-09T06:00:00+01:00,145.5015,145.6315,145.077,145.187
2025-05-09T10:00:00+01:00,145.188,145.4055,144.9345,145.2495
2025-05-09T14:00:00+01:00,145.251,145.3,144.826,145.2815
2025-05-09T18:00:00+01:00,145.282,145.4055,145.1485,145.366
2025-05-11T22:00:00+01:00,146.25,146.262,145.7025,145.9085
2025-05-12T02:00:00+01:00,145.914,146.2865,145.717,145.9275
2025-05-12T06:00:00+01:00,145.9285,148.2295,145.875,147.7575
2025-05-12T10:00:00+01:00,147.758,148.5935,147.6655,148.0515
2025-05-12T14:00:00+01:00,148.052,148.5575,147.813,148.515
2025-05-12T18:00:00+01:00,148.5145,148.6515,148.2675,148.4635
2025-05-12T22:00:00+01:00,148.4625,148.49,147.794,147.8155
2025-05-13T02:00:00+01:00,147.8155,148.0325,147.7,147.702
2025-05-13T06:00:00+01:00,147.702,148.064,147.6465,147.9225
2025-05-13T10:00:00+01:00,147.9235,148.2765,147.849,147.9925
2025-05-13T14:00:00+01:00,147.9935,148.064,147.457,147.6095
2025-05-13T18:00:00+01:00,147.611,147.774,147.3765,147.48
2025-05-13T22:00:00+01:00,147.4805,147.672,147.28,147.367
2025-05-14T02:00:00+01:00,147.3675,147.4145,146.881,146.947
2025-05-14T06:00:00+01:00,146.9475,147.218,146.13,146.253
2025-05-14T10:00:00+01:00,146.2405,146.3965,145.606,146.1935
2025-05-14T14:00:00+01:00,146.1925,147.1205,145.7665,146.698
2025-05-14T18:00:00+01:00,146.7,146.9005,146.442,146.7495
2025-05-14T22:00:00+01:00,146.75,146.7805,146.17,146.2175
2025-05-15T02:00:00+01:00,146.2165,146.381,145.954,146.0925
2025-05-15T06:00:00+01:00,146.091,146.144,145.482,145.752
2025-05-15T10:00:00+01:00,145.753,146.256,145.6345,145.8
2025-05-15T14:00:00+01:00,145.8015,146.043,145.413,145.6205
2025-05-15T18:00:00+01:00,145.622,145.7695,145.5465,145.6655
2025-05-15T22:00:00+01:00,145.667,145.728,145.0045,145.091
2025-05-16T02:00:00+01:00,145.0925,145.4665,144.965,145.3075
2025-05-16T06:00:00+01:00,145.309,145.421,144.9235,145.3035
2025-05-16T10:00:00+01:00,145.3025,145.6945,145.267,145.5145
2025-05-16T14:00:00+01:00,145.514,146.1015,145.403,145.9405
2025-05-16T18:00:00+01:00,145.94,146.0335,145.5555,145.65
2025-05-18T22:00:00+01:00,145.333,145.46,144.841,144.9085
2025-05-19T02:00:00+01:00,144.9085,145.345,144.8075,145.3155
2025-05-19T06:00:00+01:00,145.314,145.3185,144.6635,144.886
2025-05-19T10:00:00+01:00,144.8855,145.045,144.7045,145.02
2025-05-19T14:00:00+01:00,145.0205,145.218,144.7865,144.9875
2025-05-19T18:00:00+01:00,144.985,145.1135,144.777,144.8595
2025-05-19T22:00:00+01:00,144.865,145.5155,144.8185,145.2735
2025-05-20T02:00:00+01:00,145.271,145.298,144.712,144.7665
2025-05-20T06:00:00+01:00,144.767,144.768,144.092,144.4855
2025-05-20T10:00:00+01:00,144.488,144.8385,144.3735,144.8125
2025-05-20T14:00:00+01:00,144.813,144.975,144.5165,144.8105
2025-05-20T18:00:00+01:00,144.811,144.888,144.4315,144.5045
2025-05-20T22:00:00+01:00,144.506,144.6115,144.1255,144.175
2025-05-21T02:00:00+01:00,144.1735,144.352,143.6435,143.7445
2025-05-21T06:00:00+01:00,143.746,144.194,143.461,144.119
2025-05-21T10:00:00+01:00,144.1175,144.182,143.4685,143.6905
2025-05-21T14:00:00+01:00,143.689,143.8965,143.5595,143.6505
2025-05-21T18:00:00+01:00,143.65,143.7665,143.2855,143.681
2025-05-21T22:00:00+01:00,143.679,144.406,143.2875,143.4705
2025-05-22T02:00:00+01:00,143.4715,143.6465,143.145,143.3
2025-05-22T06:00:00+01:00,143.3005,143.4385,142.806,143.2785
2025-05-22T10:00:00+01:00,143.2795,143.7805,143.2585,143.5545
2025-05-22T14:00:00+01:00,143.5515,144.1175,143.433,144.022
2025-05-22T18:00:00+01:00,144.0205,144.332,143.904,144.013
2025-05-22T22:00:00+01:00,144.012,144.163,143.7505,143.865
2025-05-23T02:00:00+01:00,143.8655,143.9705,143.3595,143.469
2025-05-23T06:00:00+01:00,143.4685,143.5845,143.2355,143.3125
2025-05-23T10:00:00+01:00,143.314,143.431,142.4535,142.6075
2025-05-23T14:00:00+01:00,142.6065,142.897,142.52,142.6445
2025-05-23T18:00:00+01:00,142.6425,142.7355,142.424,142.5685
2025-05-25T22:00:00+01:00,142.5215,143.0865,142.4425,142.5675
2025-05-26T02:00:00+01:00,142.568,142.6845,142.229,142.5695
2025-05-26T06:00:00+01:00,142.5685,142.922,142.476,142.8965
2025-05-26T10:00:00+01:00,142.895,143.035,142.821,142.977
2025-05-26T14:00:00+01:00,142.98,142.99,142.7275,142.7285
2025-05-26T18:00:00+01:00,142.7285,142.852,142.712,142.845
2025-05-26T22:00:00+01:00,142.8455,142.9855,142.2475,142.281
2025-05-27T02:00:00+01:00,142.2805,142.8615,142.1155,142.8575
2025-05-27T06:00:00+01:00,142.8565,143.8885,142.8565,143.869
2025-05-27T10:00:00+01:00,143.869,144.1885,143.8065,144.0255
2025-05-27T14:00:00+01:00,144.0265,144.4605,143.8765,144.3775
2025-05-27T18:00:00+01:00,144.3765,144.4155,144.243,144.325
2025-05-27T22:00:00+01:00,144.3235,144.3925,143.8535,144.127
2025-05-28T02:00:00+01:00,144.127,144.771,144.09,144.4255
2025-05-28T06:00:00+01:00,144.4255,144.7725,143.9925,144.041
2025-05-28T10:00:00+01:00,144.042,144.538,144.002,144.516
2025-05-28T14:00:00+01:00,144.5155,145.079,144.5155,144.918
2025-05-28T18:00:00+01:00,144.9175,145.0115,144.757,144.847
2025-05-28T22:00:00+01:00,144.8325,146.1035,144.757,146.0985
2025-05-29T02:00:00+01:00,146.099,146.2875,145.601,145.7455
2025-05-29T06:00:00+01:00,145.746,146.094,145.1395,145.268
2025-05-29T10:00:00+01:00,145.268,145.2885,144.413,144.433
2025-05-29T14:00:00+01:00,144.4345,144.542,144.049,144.1475
2025-05-29T18:00:00+01:00,144.147,144.258,143.962,144.2035
2025-05-29T22:00:00+01:00,144.2095,144.248,143.59,143.7755
2025-05-30T02:00:00+01:00,143.7745,143.9965,143.44,143.7775
2025-05-30T06:00:00+01:00,143.7795,144.161,143.714,144.0525
2025-05-30T10:00:00+01:00,144.0535,144.226,143.4695,143.726
2025-05-30T14:00:00+01:00,143.725,144.4445,143.713,143.8995
2025-05-30T18:00:00+01:00,143.899,144.093,143.7925,144.052
2025-06-01T22:00:00+01:00,143.861,143.99,143.5305,143.5385
2025-06-02T02:00:00+01:00,143.5375,143.646,143.328,143.538
2025-06-02T06:00:00+01:00,143.537,143.5615,142.797,142.9325
2025-06-02T10:00:00+01:00,142.9315,142.976,142.6245,142.832
2025-06-02T14:00:00+01:00,142.832,143.074,142.541,142.935
2025-06-02T18:00:00+01:00,142.9345,143.003,142.6715,142.717
2025-06-02T22:00:00+01:00,142.713,142.7905,142.38,142.709
2025-06-03T02:00:00+01:00,142.7105,143.2715,142.709,142.9475
2025-06-03T06:00:00+01:00,142.948,143.1265,142.609,142.801
2025-06-03T10:00:00+01:00,142.8025,143.449,142.771,143.4235
2025-06-03T14:00:00+01:00,143.423,144.1095,143.3305,143.9835
2025-06-03T18:00:00+01:00,143.982,144.1075,143.841,143.987
2025-06-03T22:00:00+01:00,143.9705,144.0895,143.7775,143.994
2025-06-04T02:00:00+01:00,143.993,144.2975,143.673,144.2565
2025-06-04T06:00:00+01:00,144.255,144.396,143.797,143.891
2025-06-04T10:00:00+01:00,143.8915,144.3165,143.5075,143.5565
2025-06-04T14:00:00+01:00,143.5545,143.833,142.6065,142.641
2025-06-04T18:00:00+01:00,142.642,142.9275,142.632,142.7695
2025-06-04T22:00:00+01:00,142.7745,142.853,142.533,142.668
2025-06-05T02:00:00+01:00,142.669,143.0785,142.5715,143.0315
2025-06-05T06:00:00+01:00,143.031,143.404,143.006,143.2815
2025-06-05T10:00:00+01:00,143.2835,143.692,142.777,143.3695
2025-06-05T14:00:00+01:00,143.371,143.976,142.899,143.532
2025-06-05T18:00:00+01:00,143.5315,143.8535,143.474,143.5145
2025-06-05T22:00:00+01:00,143.7035,143.766,143.4065,143.7235
2025-06-06T02:00:00+01:00,143.729,143.902,143.6255,143.8385
2025-06-06T06:00:00+01:00,143.841,144.139,143.8035,144.0565
2025-06-06T10:00:00+01:00,144.056,144.743,144.003,144.625
2025-06-06T14:00:00+01:00,144.6255,145.089,144.556,144.968
2025-06-06T18:00:00+01:00,144.9655,144.97,144.7735,144.8685
2025-06-08T22:00:00+01:00,144.8825,144.95,144.582,144.9395
2025-06-09T02:00:00+01:00,144.9345,144.9415,144.3475,144.3835
2025-06-09T06:00:00+01:00,144.3815,144.497,144.04,144.1565
2025-06-09T10:00:00+01:00,144.156,144.6935,143.9765,144.6335
2025-06-09T14:00:00+01:00,144.6345,144.774,144.3475,144.4
2025-06-09T18:00:00+01:00,144.401,144.6365,144.3915,144.6075
2025-06-09T22:00:00+01:00,144.561,144.6595,144.4045,144.5225
2025-06-10T02:00:00+01:00,144.521,145.2905,144.43,144.9365
2025-06-10T06:00:00+01:00,144.934,144.9425,144.4265,144.6495
2025-06-10T10:00:00+01:00,144.6505,144.774,144.46,144.6425
2025-06-10T14:00:00+01:00,144.644,145.0445,144.444,144.972
2025-06-10T18:00:00+01:00,144.9695,145.035,144.7835,144.871
2025-06-10T22:00:00+01:00,144.8605,145.1655,144.6555,144.9255
2025-06-11T02:00:00+01:00,144.927,145.1525,144.845,145.0365
2025-06-11T06:00:00+01:00,145.0375,145.247,144.9675,145.0675
2025-06-11T10:00:00+01:00,145.068,145.467,144.324,144.732
2025-06-11T14:00:00+01:00,144.729,145.1865,144.44,144.6215
2025-06-11T18:00:00+01:00,144.6205,144.6935,144.3295,144.5645
2025-06-11T22:00:00+01:00,144.568,144.5765,143.9595,144.0445
2025-06-12T02:00:00+01:00,144.044,144.1195,143.7265,143.9475
2025-06-12T06:00:00+01:00,143.9485,144.1415,143.635,143.798
2025-06-12T10:00:00+01:00,143.7965,143.874,143.1855,143.2895
2025-06-12T14:00:00+01:00,143.2885,143.905,143.2,143.612
2025-06-12T18:00:00+01:00,143.6095,143.736,143.4735,143.475
2025-06-12T22:00:00+01:00,143.4765,143.6275,142.793,143.0395
2025-06-13T02:00:00+01:00,143.0425,143.7685,142.919,143.6545
2025-06-13T06:00:00+01:00,143.6555,143.8965,143.38,143.794
2025-06-13T10:00:00+01:00,143.7945,144.447,143.75,144.297
2025-06-13T14:00:00+01:00,144.2975,144.4845,143.9565,144.0345
2025-06-13T18:00:00+01:00,144.0335,144.1975,143.8525,144.107
2025-06-15T22:00:00+01:00,144.0235,144.7515,143.93,144.3685
2025-06-16T02:00:00+01:00,144.372,144.489,144.1615,144.307
2025-06-16T06:00:00+01:00,144.306,144.393,143.9745,144.2655
2025-06-16T10:00:00+01:00,144.2635,144.3405,143.977,144.1015
2025-06-16T14:00:00+01:00,144.101,144.2275,143.6525,144.1735
2025-06-16T18:00:00+01:00,144.172,144.877,144.1605,144.7405
2025-06-16T22:00:00+01:00,144.745,145.114,144.577,145.0645
2025-06-17T02:00:00+01:00,145.062,145.062,144.404,144.5925
2025-06-17T06:00:00+01:00,144.593,145.0245,144.4065,144.906
2025-06-17T10:00:00+01:00,144.906,144.9435,144.3915,144.859
2025-06-17T14:00:00+01:00,144.8565,145.29,144.6915,145.2235
2025-06-17T18:00:00+01:00,145.223,145.381,145.131,145.2755
2025-06-17T22:00:00+01:00,145.236,145.4435,145.1735,145.319
2025-06-18T02:00:00+01:00,145.3195,145.3425,144.927,145.021
2025-06-18T06:00:00+01:00,145.0205,145.1295,144.855,144.968
2025-06-18T10:00:00+01:00,144.967,145.027,144.7415,144.8915
2025-06-18T14:00:00+01:00,144.8925,144.9675,144.53,144.682
2025-06-18T18:00:00+01:00,144.6825,145.2255,144.3325,145.1515
2025-06-18T22:00:00+01:00,145.1535,145.1555,144.8415,144.8865
2025-06-19T02:00:00+01:00,144.8855,145.222,144.738,145.04
2025-06-19T06:00:00+01:00,145.04,145.4115,145.033,145.285
2025-06-19T10:00:00+01:00,145.286,145.7715,145.251,145.544
2025-06-19T14:00:00+01:00,145.5445,145.76,145.3515,145.715
2025-06-19T18:00:00+01:00,145.717,145.73,145.3465,145.4535
2025-06-19T22:00:00+01:00,145.41,145.5655,145.1235,145.2545
2025-06-20T02:00:00+01:00,145.2535,145.3975,145.193,145.3515
2025-06-20T06:00:00+01:00,145.3535,145.4875,145.265,145.329
2025-06-20T10:00:00+01:00,145.33,145.7175,145.253,145.5915
2025-06-20T14:00:00+01:00,145.5915,145.957,145.562,145.842
2025-06-20T18:00:00+01:00,145.8415,146.2165,145.781,146.108
2025-06-22T22:00:00+01:00,146.6715,146.7625,146.1465,146.4555
2025-06-23T02:00:00+01:00,146.455,147.0325,146.3705,146.988
2025-06-23T06:00:00+01:00,146.989,147.6315,146.9495,147.606
2025-06-23T10:00:00+01:00,147.608,148.028,147.353,147.418
2025-06-23T14:00:00+01:00,147.4185,147.506,146.2325,146.364
2025-06-23T18:00:00+01:00,146.3635,146.525,146.0125,146.1555
2025-06-23T22:00:00+01:00,146.1595,146.233,145.5655,145.6055
2025-06-24T02:00:00+01:00,145.6045,145.734,145.2895,145.42
2025-06-24T06:00:00+01:00,145.4205,145.5155,144.946,145.0945
2025-06-24T10:00:00+01:00,145.0955,145.1855,144.8525,144.9905
2025-06-24T14:00:00+01:00,144.9895,145.195,144.5145,144.705
2025-06-24T18:00:00+01:00,144.7055,144.955,144.561,144.938
2025-06-24T22:00:00+01:00,144.9345,145.047,144.7715,144.8865
2025-06-25T02:00:00+01:00,144.8835,144.989,144.6095,144.9395
2025-06-25T06:00:00+01:00,144.9425,145.4985,144.9425,145.4785
2025-06-25T10:00:00+01:00,145.4805,145.9235,145.458,145.861
2025-06-25T14:00:00+01:00,145.8625,145.9495,145.394,145.452
2025-06-25T18:00:00+01:00,145.458,145.509,145.103,145.2215
2025-06-25T22:00:00+01:00,145.227,145.2655,144.6835,144.6925
2025-06-26T02:00:00+01:00,144.6915,144.9675,144.5685,144.7835
2025-06-26T06:00:00+01:00,144.785,144.9215,143.7525,143.927
2025-06-26T10:00:00+01:00,143.9265,144.498,143.899,144.3075
2025-06-26T14:00:00+01:00,144.311,144.5385,144.057,144.248
2025-06-26T18:00:00+01:00,144.249,144.472,144.133,144.4065
2025-06-26T22:00:00+01:00,144.405,144.81,144.302,144.653
2025-06-27T02:00:00+01:00,144.6535,144.743,144.196,144.546
2025-06-27T06:00:00+01:00,144.5475,144.593,144.1795,144.424
2025-06-27T10:00:00+01:00,144.423,144.683,144.352,144.4465
2025-06-27T14:00:00+01:00,144.448,144.948,144.3815,144.647
2025-06-27T18:00:00+01:00,144.646,144.9055,144.5835,144.6505
2025-06-29T22:00:00+01:00,144.3575,144.7645,144.3465,144.6215
2025-06-30T02:00:00+01:00,144.6205,144.657,143.9155,143.946
2025-06-30T06:00:00+01:00,143.9465,144.215,143.781,144.114
2025-06-30T10:00:00+01:00,144.115,144.4955,144.054,144.4615
2025-06-30T14:00:00+01:00,144.461,144.512,144.1415,144.225
2025-06-30T18:00:00+01:00,144.227,144.326,143.9565,144.0435
2025-06-30T22:00:00+01:00,144.035,144.098,143.5575,143.5695
2025-07-01T02:00:00+01:00,143.5695,143.9345,143.439,143.7525
2025-07-01T06:00:00+01:00,143.751,143.763,142.89,143.0415
2025-07-01T10:00:00+01:00,143.041,143.1695,142.6825,143.0695
2025-07-01T14:00:00+01:00,143.0705,143.781,142.936,143.695
2025-07-01T18:00:00+01:00,143.6945,143.805,143.382,143.426
2025-07-01T22:00:00+01:00,143.421,143.662,143.321,143.4765
2025-07-02T02:00:00+01:00,143.4765,143.7475,143.4445,143.555
2025-07-02T06:00:00+01:00,143.5565,144.052,143.5425,143.9705
2025-07-02T10:00:00+01:00,143.972,144.2455,143.485,143.874
2025-07-02T14:00:00+01:00,143.875,144.155,143.6365,143.738
2025-07-02T18:00:00+01:00,143.739,143.7455,143.5735,143.649
2025-07-02T22:00:00+01:00,143.668,143.8045,143.4455,143.5885
2025-07-03T02:00:00+01:00,143.5895,143.8805,143.489,143.839
2025-07-03T06:00:00+01:00,143.8415,143.933,143.673,143.878
2025-07-03T10:00:00+01:00,143.881,145.2335,143.7385,145.008
2025-07-03T14:00:00+01:00,145.004,145.214,144.609,145.0535
2025-07-03T18:00:00+01:00,145.0545,145.1175,144.9135,144.925
2025-07-03T22:00:00+01:00,144.9265,145.004,144.574,144.605
2025-07-04T02:00:00+01:00,144.604,144.7925,144.3265,144.378
2025-07-04T06:00:00+01:00,144.3775,144.43,144.184,144.3425
2025-07-04T10:00:00+01:00,144.344,144.448,144.278,144.424
2025-07-04T14:00:00+01:00,144.425,144.57,144.3865,144.5005
2025-07-04T18:00:00+01:00,144.499,144.598,144.4415,144.5165
2025-07-06T22:00:00+01:00,144.47,144.638,144.2965,144.3535
2025-07-07T02:00:00+01:00,144.354,145.0005,144.225,144.986
2025-07-07T06:00:00+01:00,144.9845,145.3465,144.943,145.3385
2025-07-07T10:00:00+01:00,145.3375,145.6455,145.2775,145.592
2025-07-07T14:00:00+01:00,145.5925,146.147,145.5745,146.1215
2025-07-07T18:00:00+01:00,146.1205,146.241,146.0155,146.044
2025-07-07T22:00:00+01:00,146.046,146.2125,145.8335,146.161
2025-07-08T02:00:00+01:00,146.163,146.4445,145.8825,145.9985
2025-07-08T06:00:00+01:00,145.9985,146.2815,145.9465,146.1945
2025-07-08T10:00:00+01:00,146.1945,146.69,146.0575,146.65
2025-07-08T14:00:00+01:00,146.651,146.977,146.6325,146.7465
2025-07-08T18:00:00+01:00,146.747,146.809,146.5195,146.5765
2025-07-08T22:00:00+01:00,146.5885,146.912,146.5255,146.7915
2025-07-09T02:00:00+01:00,146.7925,147.183,146.7385,147.041
2025-07-09T06:00:00+01:00,147.0375,147.069,146.5965,146.6785
2025-07-09T10:00:00+01:00,146.679,146.782,146.4685,146.487
2025-07-09T14:00:00+01:00,146.4885,146.568,146.271,146.413
2025-07-09T18:00:00+01:00,146.414,146.4875,146.2525,146.3375
2025-07-09T22:00:00+01:00,146.3365,146.4105,145.7555,145.8175
2025-07-10T02:00:00+01:00,145.8175,146.4135,145.7635,146.219
2025-07-10T06:00:00+01:00,146.2185,146.465,146.0665,146.355
2025-07-10T10:00:00+01:00,146.3555,146.545,146.0855,146.439
2025-07-10T14:00:00+01:00,146.438,146.787,146.3505,146.4655
2025-07-10T18:00:00+01:00,146.4645,146.4795,146.1695,146.263
2025-07-10T22:00:00+01:00,146.258,146.6425,146.137,146.556
2025-07-11T02:00:00+01:00,146.555,147.1855,146.5215,147.0815
2025-07-11T06:00:00+01:00,147.0825,147.1105,146.723,146.986
2025-07-11T10:00:00+01:00,146.987,147.0955,146.7695,146.972
2025-07-11T14:00:00+01:00,146.971,147.5245,146.9025,147.369
2025-07-11T18:00:00+01:00,147.3675,147.4895,147.319,147.445
2025-07-13T22:00:00+01:00,147.1895,147.575,146.92,146.952
2025-07-14T02:00:00+01:00,146.9525,147.4445,146.8515,147.3755
2025-07-14T06:00:00+01:00,147.377,147.487,147.1755,147.3175
2025-07-14T10:00:00+01:00,147.3195,147.466,147.1555,147.3905
2025-07-14T14:00:00+01:00,147.3915,147.7575,147.3125,147.7145
2025-07-14T18:00:00+01:00,147.7165,147.78,147.6725,147.718
2025-07-14T22:00:00+01:00,147.72,147.889,147.564,147.586
2025-07-15T02:00:00+01:00,147.585,147.8215,147.5555,147.667
2025-07-15T06:00:00+01:00,147.666,147.789,147.553,147.6765
2025-07-15T10:00:00+01:00,147.677,148.1495,147.611,147.893
2025-07-15T14:00:00+01:00,147.8935,149.0205,147.8885,148.896
2025-07-15T18:00:00+01:00,148.892,148.996,148.809,148.8965
2025-07-15T22:00:00+01:00,148.892,149.04,148.7065,148.9785
2025-07-16T02:00:00+01:00,148.9795,149.1875,148.7405,148.929
2025-07-16T06:00:00+01:00,148.9325,148.9505,148.6185,148.8395
2025-07-16T10:00:00+01:00,148.837,148.889,148.4695,148.706
2025-07-16T14:00:00+01:00,148.7045,148.93,146.9125,148.0445
2025-07-16T18:00:00+01:00,148.0435,148.0595,147.489,147.84
2025-07-16T22:00:00+01:00,147.813,148.4265,147.727,148.3835
2025-07-17T02:00:00+01:00,148.382,148.662,148.2785,148.4195
2025-07-17T06:00:00+01:00,148.4205,148.8065,148.3675,148.586
2025-07-17T10:00:00+01:00,148.5855,149.089,148.522,148.7155
2025-07-17T14:00:00+01:00,148.716,148.753,148.381,148.626
2025-07-17T18:00:00+01:00,148.625,148.755,148.5515,148.612
2025-07-17T22:00:00+01:00,148.5945,148.665,148.2905,148.5835
2025-07-18T02:00:00+01:00,148.5845,148.7255,148.3835,148.6695
2025-07-18T06:00:00+01:00,148.6715,148.8855,148.5015,148.5895
2025-07-18T10:00:00+01:00,148.584,148.725,148.323,148.36
2025-07-18T14:00:00+01:00,148.3595,148.734,148.1865,148.6885
2025-07-18T18:00:00+01:00,148.6885,148.852,148.6575,148.798
2025-07-20T22:00:00+01:00,147.9365,148.6655,147.9275,148.387
2025-07-21T02:00:00+01:00,148.3895,148.5605,148.3325,148.4475
2025-07-21T06:00:00+01:00,148.447,148.45,147.694,147.8965
2025-07-21T10:00:00+01:00,147.8975,147.9775,147.336,147.4945
2025-07-21T14:00:00+01:00,147.495,147.7245,147.0845,147.163
2025-07-21T18:00:00+01:00,147.162,147.4395,147.113,147.378
2025-07-21T22:00:00+01:00,147.34,147.7135,147.225,147.4895
2025-07-22T02:00:00+01:00,147.4885,147.673,147.4135,147.64
2025-07-22T06:00:00+01:00,147.6305,147.9485,147.6045,147.6155
2025-07-22T10:00:00+01:00,147.614,147.614,146.7425,146.803
2025-07-22T14:00:00+01:00,146.802,146.893,146.3115,146.4265
2025-07-22T18:00:00+01:00,146.4275,146.686,146.4275,146.634
2025-07-22T22:00:00+01:00,146.6285,146.9445,146.198,146.4395
2025-07-23T02:00:00+01:00,146.4395,147.2045,146.393,146.9455
2025-07-23T06:00:00+01:00,146.945,147.217,146.5985,146.7935
2025-07-23T10:00:00+01:00,146.7955,146.8005,146.11,146.4155
2025-07-23T14:00:00+01:00,146.4165,146.7305,146.237,146.5775
2025-07-23T18:00:00+01:00,146.5795,146.625,146.372,146.537
2025-07-23T22:00:00+01:00,146.527,146.577,146.242,146.4335
2025-07-24T02:00:00+01:00,146.4325,146.4375,145.855,146.0205
2025-07-24T06:00:00+01:00,146.017,146.567,145.9565,146.547
2025-07-24T10:00:00+01:00,146.546,146.833,146.4495,146.7965
2025-07-24T14:00:00+01:00,146.798,146.9525,146.3565,146.9005
2025-07-24T18:00:00+01:00,146.898,147.029,146.7545,147.014
2025-07-24T22:00:00+01:00,147.015,147.3435,146.965,147.2105
2025-07-25T02:00:00+01:00,147.2105,147.4955,147.101,147.1405
2025-07-25T06:00:00+01:00,147.1405,147.833,146.8145,147.7555
2025-07-25T10:00:00+01:00,147.7565,147.942,147.6055,147.8575
2025-07-25T14:00:00+01:00,147.8565,147.923,147.53,147.759
2025-07-25T18:00:00+01:00,147.7595,147.7815,147.532,147.6725
2025-07-27T22:00:00+01:00,147.755,147.8785,147.602,147.618
2025-07-28T02:00:00+01:00,147.6175,148.0225,147.5195,147.745
2025-07-28T06:00:00+01:00,147.751,148.375,147.734,148.275
2025-07-28T10:00:00+01:00,148.272,148.447,148.03,148.0515
2025-07-28T14:00:00+01:00,148.0495,148.5205,147.939,148.488
2025-07-28T18:00:00+01:00,148.49,148.578,148.3935,148.4815
2025-07-28T22:00:00+01:00,148.4725,148.7125,148.439,148.685
2025-07-29T02:00:00+01:00,148.687,148.7065,148.291,148.3485
2025-07-29T06:00:00+01:00,148.35,148.749,148.1585,148.554
2025-07-29T10:00:00+01:00,148.5555,148.7735,148.386,148.706
2025-07-29T14:00:00+01:00,148.705,148.809,148.3525,148.5625
2025-07-29T18:00:00+01:00,148.5645,148.5865,148.336,148.4735
2025-07-29T22:00:00+01:00,148.477,148.531,148.036,148.059
2025-07-30T02:00:00+01:00,148.0585,148.1725,147.846,148.1575
2025-07-30T06:00:00+01:00,148.158,148.1735,147.805,147.962
2025-07-30T10:00:00+01:00,147.9615,148.887,147.856,148.852
2025-07-30T14:00:00+01:00,148.8525,149.1315,148.83,148.9345
2025-07-30T18:00:00+01:00,148.93,149.539,148.523,149.503
2025-07-30T22:00:00+01:00,149.5015,149.5015,149.1815,149.3055
2025-07-31T02:00:00+01:00,149.3075,149.3405,148.588,148.888
2025-07-31T06:00:00+01:00,148.8885,149.7235,148.685,149.635
2025-07-31T10:00:00+01:00,149.6355,150.259,149.623,150.1915
2025-07-31T14:00:00+01:00,150.19,150.7915,150.177,150.685
2025-07-31T18:00:00+01:00,150.684,150.84,150.5585,150.7405
2025-07-31T22:00:00+01:00,150.7425,150.897,150.5935,150.7365
2025-08-01T02:00:00+01:00,150.7385,150.9175,150.553,150.608
2025-08-01T06:00:00+01:00,150.609,150.6615,150.4165,150.611
2025-08-01T10:00:00+01:00,150.607,150.63,148.5655,148.636
2025-08-01T14:00:00+01:00,148.6345,148.6625,147.4875,147.828
2025-08-01T18:00:00+01:00,147.829,147.9515,147.293,147.424
2025-08-03T22:00:00+01:00,147.2735,147.693,147.06,147.6535
2025-08-04T02:00:00+01:00,147.655,147.9085,147.557,147.687
2025-08-04T06:00:00+01:00,147.688,148.089,147.5335,147.896
2025-08-04T10:00:00+01:00,147.896,147.9455,147.0065,147.193
2025-08-04T14:00:00+01:00,147.193,147.356,146.866,147.039
2025-08-04T18:00:00+01:00,147.038,147.1175,146.909,147.0845
2025-08-04T22:00:00+01:00,147.0825,147.212,146.62,146.929
2025-08-05T02:00:00+01:00,146.9285,147.2635,146.885,147.084
2025-08-05T06:00:00+01:00,147.0845,147.6375,147.033,147.5835
2025-08-05T10:00:00+01:00,147.584,147.7775,147.4525,147.6655
2025-08-05T14:00:00+01:00,147.664,147.836,147.3045,147.5475
2025-08-05T18:00:00+01:00,147.546,147.7055,147.4865,147.6185
2025-08-05T22:00:00+01:00,147.6135,147.6515,147.449,147.5835
2025-08-06T02:00:00+01:00,147.5835,147.751,147.308,147.347
2025-08-06T06:00:00+01:00,147.348,147.8455,147.336,147.808
2025-08-06T10:00:00+01:00,147.811,147.887,147.4085,147.4425
2025-08-06T14:00:00+01:00,147.4435,147.66,147.212,147.3495
2025-08-06T18:00:00+01:00,147.352,147.6355,146.9775,147.368
2025-08-06T22:00:00+01:00,147.3715,147.601,147.154,147.584
2025-08-07T02:00:00+01:00,147.585,147.712,147.2695,147.3045
2025-08-07T06:00:00+01:00,147.307,147.346,146.692,147.1335
2025-08-07T10:00:00+01:00,147.132,147.4955,147.022,147.2865
2025-08-07T14:00:00+01:00,147.287,147.586,147.111,147.3645
2025-08-07T18:00:00+01:00,147.363,147.569,146.944,147.139
2025-08-07T22:00:00+01:00,147.141,147.1955,146.7225,147.149
2025-08-08T02:00:00+01:00,147.148,147.3745,147.1155,147.1625
2025-08-08T06:00:00+01:00,147.1675,147.696,147.1365,147.65
2025-08-08T10:00:00+01:00,147.649,147.8925,147.5445,147.846
2025-08-08T14:00:00+01:00,147.8445,147.9035,147.6365,147.739
2025-08-08T18:00:00+01:00,147.738,147.8195,147.6325,147.7295
2025-08-10T22:00:00+01:00,147.565,147.79,147.5315,147.663
2025-08-11T02:00:00+01:00,147.667,147.7175,147.4275,147.4835
2025-08-11T06:00:00+01:00,147.484,147.6645,147.351,147.506
2025-08-11T10:00:00+01:00,147.5075,147.951,147.486,147.8105
2025-08-11T14:00:00+01:00,147.809,148.1145,147.7865,147.9915
2025-08-11T18:00:00+01:00,147.99,148.252,147.973,148.15
2025-08-11T22:00:00+01:00,148.151,148.434,147.9845,148.407
2025-08-12T02:00:00+01:00,148.405,148.446,148.211,148.355
2025-08-12T06:00:00+01:00,148.357,148.467,148.149,148.4265
2025-08-12T10:00:00+01:00,148.425,148.519,147.8645,148.0345
2025-08-12T14:00:00+01:00,148.037,148.4475,147.58,147.7145
2025-08-12T18:00:00+01:00,147.7135,147.876,147.6885,147.844
2025-08-12T22:00:00+01:00,147.845,147.895,147.703,147.802
2025-08-13T02:00:00+01:00,147.8015,148.1695,147.732,147.933
2025-08-13T06:00:00+01:00,147.934,148.0095,147.2015,147.269
2025-08-13T10:00:00+01:00,147.2665,147.5675,147.158,147.408
2025-08-13T14:00:00+01:00,147.41,147.4355,147.0885,147.347
2025-08-13T18:00:00+01:00,147.3475,147.514,147.319,147.3725
2025-08-13T22:00:00+01:00,147.3735,147.4175,146.62,146.6915
2025-08-14T02:00:00+01:00,146.6935,146.7525,146.338,146.385
2025-08-14T06:00:00+01:00,146.385,146.635,146.2165,146.553
2025-08-14T10:00:00+01:00,146.5515,147.108,146.427,146.954
2025-08-14T14:00:00+01:00,146.9525,147.8925,146.947,147.849
2025-08-14T18:00:00+01:00,147.85,147.9635,147.73,147.7585
2025-08-14T22:00:00+01:00,147.7665,147.885,147.466,147.485
2025-08-15T02:00:00+01:00,147.4785,147.516,147.115,147.14
2025-08-15T06:00:00+01:00,147.145,147.2235,146.854,146.858
2025-08-15T10:00:00+01:00,146.86,147.277,146.7385,146.8915
2025-08-15T14:00:00+01:00,146.888,147.265,146.771,147.2025
2025-08-15T18:00:00+01:00,147.203,147.332,147.1485,147.1965
2025-08-17T22:00:00+01:00,147.2025,147.4605,147.0825,147.4275
2025-08-18T02:00:00+01:00,147.4285,147.584,147.302,147.38
2025-08-18T06:00:00+01:00,147.379,147.5215,147.1195,147.3435
2025-08-18T10:00:00+01:00,147.343,147.7955,147.2795,147.7275
2025-08-18T14:00:00+01:00,147.727,147.9855,147.6805,147.7905
2025-08-18T18:00:00+01:00,147.7915,147.9265,147.662,147.888
2025-08-18T22:00:00+01:00,147.8875,147.9835,147.7365,147.779
2025-08-19T02:00:00+01:00,147.778,148.114,147.625,147.76
2025-08-19T06:00:00+01:00,147.759,147.7775,147.5345,147.6655
2025-08-19T10:00:00+01:00,147.6645,147.8515,147.6015,147.782
2025-08-19T14:00:00+01:00,147.7865,147.902,147.553,147.626
2025-08-19T18:00:00+01:00,147.625,147.6945,147.447,147.6725
2025-08-19T22:00:00+01:00,147.6715,147.8175,147.505,147.5705
2025-08-20T02:00:00+01:00,147.5715,147.6655,147.425,147.5815
2025-08-20T06:00:00+01:00,147.579,147.6955,147.1425,147.586
2025-08-20T10:00:00+01:00,147.5905,147.592,147.241,147.2765
2025-08-20T14:00:00+01:00,147.2745,147.4415,146.8725,147.118
2025-08-20T18:00:00+01:00,147.116,147.494,147.0115,147.3285
2025-08-20T22:00:00+01:00,147.329,147.465,147.2575,147.39
2025-08-21T02:00:00+01:00,147.3865,147.509,147.257,147.385
2025-08-21T06:00:00+01:00,147.385,147.641,147.343,147.588
2025-08-21T10:00:00+01:00,147.588,147.9345,147.4825,147.755
2025-08-21T14:00:00+01:00,147.756,148.403,147.5835,148.2885
2025-08-21T18:00:00+01:00,148.2875,148.4065,148.1705,148.373
2025-08-21T22:00:00+01:00,148.374,148.5065,148.242,148.475
2025-08-22T02:00:00+01:00,148.477,148.7635,148.412,148.745
2025-08-22T06:00:00+01:00,148.7455,148.7785,148.4125,148.6375
2025-08-22T10:00:00+01:00,148.6395,148.7405,148.5995,148.7055
2025-08-22T14:00:00+01:00,148.7075,148.7205,146.5735,146.7055
2025-08-22T18:00:00+01:00,146.708,147.003,146.5795,146.938
2025-08-24T22:00:00+01:00,146.9475,147.528,146.798,147.3915
2025-08-25T02:00:00+01:00,147.3925,147.518,147.2085,147.233
2025-08-25T06:00:00+01:00,147.235,147.377,147.0985,147.288
2025-08-25T10:00:00+01:00,147.286,147.451,147.224,147.3815
2025-08-25T14:00:00+01:00,147.3775,147.6735,147.2915,147.5375
2025-08-25T18:00:00+01:00,147.5385,147.938,147.5025,147.788
2025-08-25T22:00:00+01:00,147.787,147.88,146.9885,147.1115
2025-08-26T02:00:00+01:00,147.1145,147.8145,147.1115,147.7725
2025-08-26T06:00:00+01:00,147.7675,147.9085,147.4935,147.5725
2025-08-26T10:00:00+01:00,147.5725,147.6685,147.329,147.545
2025-08-26T14:00:00+01:00,147.5435,147.7235,147.1005,147.3085
2025-08-26T18:00:00+01:00,147.307,147.544,147.272,147.3935
2025-08-26T22:00:00+01:00,147.3785,147.5845,147.2665,147.5845
2025-08-27T02:00:00+01:00,147.5835,147.959,147.515,147.945
2025-08-27T06:00:00+01:00,147.9465,148.002,147.655,147.9155
2025-08-27T10:00:00+01:00,147.916,148.185,147.865,148.0705
2025-08-27T14:00:00+01:00,148.07,148.129,147.3415,147.3605
2025-08-27T18:00:00+01:00,147.36,147.522,147.2945,147.423
2025-08-27T22:00:00+01:00,147.405,147.4945,147.206,147.2975
2025-08-28T02:00:00+01:00,147.296,147.4485,147.081,147.162
2025-08-28T06:00:00+01:00,147.162,147.404,147,147.1895
2025-08-28T10:00:00+01:00,147.188,147.188,146.809,147.104
2025-08-28T14:00:00+01:00,147.104,147.233,146.8305,146.8495
2025-08-28T18:00:00+01:00,146.85,146.9985,146.6625,146.9315
2025-08-28T22:00:00+01:00,146.9265,147.082,146.765,146.8265
2025-08-29T02:00:00+01:00,146.826,147.116,146.789,146.906
2025-08-29T06:00:00+01:00,146.9055,147.198,146.8675,146.953
2025-08-29T10:00:00+01:00,146.952,147.41,146.94,147.3225
2025-08-29T14:00:00+01:00,147.3215,147.3895,146.769,146.9145
2025-08-29T18:00:00+01:00,146.914,147.123,146.8835,147.059
2025-08-31T22:00:00+01:00,147.095,147.258,146.9665,147.234
2025-09-01T02:00:00+01:00,147.235,147.3795,146.841,147.046
2025-09-01T06:00:00+01:00,147.051,147.204,146.7865,146.9895
2025-09-01T10:00:00+01:00,146.989,147.2335,146.9395,147.202
2025-09-01T14:00:00+01:00,147.202,147.308,147.169,147.2365
2025-09-01T18:00:00+01:00,147.2375,147.243,147.147,147.175
2025-09-01T22:00:00+01:00,147.1775,147.3605,147.049,147.3065
2025-09-02T02:00:00+01:00,147.3085,147.862,147.1955,147.725
2025-09-02T06:00:00+01:00,147.7255,148.793,147.6995,148.44
2025-09-02T10:00:00+01:00,148.4495,148.943,148.374,148.8235
2025-09-02T14:00:00+01:00,148.825,148.8485,147.9375,148.2985
2025-09-02T18:00:00+01:00,148.3005,148.5345,148.2475,148.367
2025-09-02T22:00:00+01:00,148.3655,148.768,148.2995,148.7575
2025-09-03T02:00:00+01:00,148.759,148.9255,148.5545,148.5885
2025-09-03T06:00:00+01:00,148.5935,149.1375,148.4875,148.5875
2025-09-03T10:00:00+01:00,148.588,148.7985,148.4335,148.728
2025-09-03T14:00:00+01:00,148.727,148.7975,147.909,147.9395
2025-09-03T18:00:00+01:00,147.939,148.1625,147.881,148.102
2025-09-03T22:00:00+01:00,148.101,148.172,147.908,148.029
2025-09-04T02:00:00+01:00,148.03,148.285,147.791,148.2425
2025-09-04T06:00:00+01:00,148.244,148.415,148.114,148.218
2025-09-04T10:00:00+01:00,148.216,148.531,148.0335,148.429
2025-09-04T14:00:00+01:00,148.4305,148.7775,148.352,148.622
2025-09-04T18:00:00+01:00,148.6215,148.674,148.4425,148.487
2025-09-04T22:00:00+01:00,148.4885,148.547,148.1305,148.1725
2025-09-05T02:00:00+01:00,148.1735,148.268,148.081,148.2205
2025-09-05T06:00:00+01:00,148.221,148.2755,148.116,148.163
2025-09-05T10:00:00+01:00,148.1615,148.253,147.186,147.2995
2025-09-05T14:00:00+01:00,147.2985,147.4685,146.818,147.14
2025-09-05T18:00:00+01:00,147.1405,147.507,147.134,147.4115
2025-09-07T22:00:00+01:00,148.1575,148.578,147.935,148.3405
2025-09-08T02:00:00+01:00,148.3385,148.388,148.0055,148.162
2025-09-08T06:00:00+01:00,148.1695,148.18,147.4665,147.6885
2025-09-08T10:00:00+01:00,147.6875,147.8815,147.6535,147.697
2025-09-08T14:00:00+01:00,147.6985,147.8745,147.5405,147.6875
2025-09-08T18:00:00+01:00,147.6895,147.768,147.3415,147.5205
2025-09-08T22:00:00+01:00,147.504,147.5995,147.158,147.3455
2025-09-09T02:00:00+01:00,147.3465,147.4045,147.096,147.1295
2025-09-09T06:00:00+01:00,147.1285,147.337,146.5615,146.625
2025-09-09T10:00:00+01:00,146.622,147.009,146.31,146.925
2025-09-09T14:00:00+01:00,146.924,147.351,146.526,147.273
2025-09-09T18:00:00+01:00,147.273,147.4705,147.2375,147.412
2025-09-09T22:00:00+01:00,147.416,147.4785,147.2635,147.4265
2025-09-10T02:00:00+01:00,147.427,147.575,147.2705,147.3285
2025-09-10T06:00:00+01:00,147.329,147.588,147.2825,147.5195
2025-09-10T10:00:00+01:00,147.519,147.649,147.102,147.5305
2025-09-10T14:00:00+01:00,147.5315,147.6055,147.2635,147.3765
2025-09-10T18:00:00+01:00,147.3735,147.4705,147.2475,147.4635
2025-09-10T22:00:00+01:00,147.465,147.473,147.282,147.4605
2025-09-11T02:00:00+01:00,147.4615,147.481,147.3225,147.4345
2025-09-11T06:00:00+01:00,147.435,147.864,147.4285,147.8505
2025-09-11T10:00:00+01:00,147.851,148.1935,147.3615,147.5305
2025-09-11T14:00:00+01:00,147.53,147.621,146.988,147.0585
2025-09-11T18:00:00+01:00,147.056,147.308,147.0515,147.2105
2025-09-11T22:00:00+01:00,147.209,147.3395,147.1085,147.2325
2025-09-12T02:00:00+01:00,147.2315,147.546,147.216,147.5035
2025-09-12T06:00:00+01:00,147.5045,147.928,147.243,147.897
2025-09-12T10:00:00+01:00,147.898,148.073,147.686,147.8495
2025-09-12T14:00:00+01:00,147.851,147.888,147.5895,147.686
2025-09-12T18:00:00+01:00,147.685,147.724,147.464,147.659
2025-09-14T22:00:00+01:00,147.6265,147.804,147.509,147.55
2025-09-15T02:00:00+01:00,147.5515,147.612,147.3405,147.4035
2025-09-15T06:00:00+01:00,147.402,147.609,147.375,147.4105
2025-09-15T10:00:00+01:00,147.4095,147.479,147.2485,147.271
2025-09-15T14:00:00+01:00,147.2695,147.4705,147.233,147.339
2025-09-15T18:00:00+01:00,147.339,147.432,147.2415,147.3975
2025-09-15T22:00:00+01:00,147.398,147.5035,147.3035,147.4445
2025-09-16T02:00:00+01:00,147.4425,147.5395,146.972,147.0155
2025-09-16T06:00:00+01:00,147.016,147.0935,146.692,146.9985
2025-09-16T10:00:00+01:00,146.9975,147.2585,146.8685,147.0995
2025-09-16T14:00:00+01:00,147.0975,147.139,146.3515,146.3575
2025-09-16T18:00:00+01:00,146.3565,146.5115,146.279,146.4945
2025-09-16T22:00:00+01:00,146.4905,146.5705,146.212,146.5355
2025-09-17T02:00:00+01:00,146.537,146.6085,146.4325,146.456
2025-09-17T06:00:00+01:00,146.461,146.6835,146.3715,146.455
2025-09-17T10:00:00+01:00,146.4545,146.48,146.2055,146.38
2025-09-17T14:00:00+01:00,146.38,146.402,146.21,146.2885
2025-09-17T18:00:00+01:00,146.2895,147.05,145.4835,146.9775
2025-09-17T22:00:00+01:00,146.978,147.031,146.7705,146.9145
2025-09-18T02:00:00+01:00,146.9155,147.2225,146.847,147.207
2025-09-18T06:00:00+01:00,147.208,147.5335,147.028,147.435
2025-09-18T10:00:00+01:00,147.433,147.8035,147.1615,147.7905
2025-09-18T14:00:00+01:00,147.7925,148.268,147.7925,147.867
2025-09-18T18:00:00+01:00,147.8675,148.017,147.8055,148.0025
2025-09-18T22:00:00+01:00,148.004,148.1145,147.895,148.0085
2025-09-19T02:00:00+01:00,148.0095,148.107,147.1975,147.5245
2025-09-19T06:00:00+01:00,147.5245,148.0365,147.4175,147.858
2025-09-19T10:00:00+01:00,147.8575,148.2845,147.755,148.1605
2025-09-19T14:00:00+01:00,148.1595,148.1595,147.791,147.8505
2025-09-19T18:00:00+01:00,147.8515,148.0095,147.8455,147.959
2025-09-21T22:00:00+01:00,147.935,148.259,147.8745,148.163
2025-09-22T02:00:00+01:00,148.1625,148.379,148.091,148.2875
2025-09-22T06:00:00+01:00,148.2885,148.3075,147.8175,147.856
2025-09-22T10:00:00+01:00,147.856,147.9465,147.743,147.843
2025-09-22T14:00:00+01:00,147.842,147.986,147.7325,147.742
2025-09-22T18:00:00+01:00,147.7405,147.7815,147.6595,147.7155
2025-09-22T22:00:00+01:00,147.7145,147.927,147.653,147.669
2025-09-23T02:00:00+01:00,147.667,147.8675,147.601,147.801
2025-09-23T06:00:00+01:00,147.802,147.8415,147.5375,147.566
2025-09-23T10:00:00+01:00,147.5655,147.8855,147.509,147.7755
2025-09-23T14:00:00+01:00,147.7735,147.93,147.6175,147.7735
2025-09-23T18:00:00+01:00,147.7725,147.7755,147.461,147.6395
2025-09-23T22:00:00+01:00,147.6385,147.8295,147.518,147.777
2025-09-24T02:00:00+01:00,147.7755,147.962,147.715,147.904
2025-09-24T06:00:00+01:00,147.9045,148.293,147.8195,148.266
2025-09-24T10:00:00+01:00,148.265,148.716,148.2135,148.6705
2025-09-24T14:00:00+01:00,148.6725,148.795,148.592,148.7655
2025-09-24T18:00:00+01:00,148.7665,148.917,148.7065,148.902
2025-09-24T22:00:00+01:00,148.8995,148.9095,148.5635,148.574
2025-09-25T02:00:00+01:00,148.575,148.8605,148.5595,148.6055
2025-09-25T06:00:00+01:00,148.605,148.862,148.599,148.743
2025-09-25T10:00:00+01:00,148.7435,149.356,148.6855,149.244
2025-09-25T14:00:00+01:00,149.246,149.867,149.144,149.814
2025-09-25T18:00:00+01:00,149.8155,149.93,149.729,149.7935
2025-09-25T22:00:00+01:00,149.7935,149.9585,149.639,149.685
2025-09-26T02:00:00+01:00,149.6855,149.85,149.633,149.6455
2025-09-26T06:00:00+01:00,149.647,149.887,149.6165,149.753
2025-09-26T10:00:00+01:00,149.7535,149.953,149.5865,149.624
2025-09-26T14:00:00+01:00,149.623,149.785,149.425,149.5525
2025-09-26T18:00:00+01:00,149.551,149.561,149.405,149.5025
2025-09-28T22:00:00+01:00,149.5,149.546,149.1165,149.1775
2025-09-29T02:00:00+01:00,149.1765,149.281,148.8855,148.949
2025-09-29T06:00:00+01:00,148.9515,148.9805,148.4715,148.5295
2025-09-29T10:00:00+01:00,148.5285,148.8155,148.473,148.607
2025-09-29T14:00:00+01:00,148.6065,148.7395,148.4805,148.5825
2025-09-29T18:00:00+01:00,148.582,148.6955,148.547,148.5975
2025-09-29T22:00:00+01:00,148.5985,148.846,148.504,148.795
2025-09-30T02:00:00+01:00,148.7935,148.8035,148.389,148.4055
2025-09-30T06:00:00+01:00,148.4045,148.445,147.8385,147.8575
2025-09-30T10:00:00+01:00,147.8565,148.099,147.8335,147.959
2025-09-30T14:00:00+01:00,147.9585,148.064,147.6535,147.7445
2025-09-30T18:00:00+01:00,147.744,147.9815,147.652,147.87
2025-09-30T22:00:00+01:00,147.8755,148.227,147.8135,148.109
2025-10-01T02:00:00+01:00,148.1085,148.1685,147.554,147.5555
2025-10-01T06:00:00+01:00,147.5545,147.6435,146.903,147.1505
2025-10-01T10:00:00+01:00,147.1545,147.264,146.5895,146.798
2025-10-01T14:00:00+01:00,146.795,147.2555,146.6205,147.163
2025-10-01T18:00:00+01:00,147.1625,147.2305,147.0225,147.0715
2025-10-01T22:00:00+01:00,147.0705,147.325,146.9995,147.1935
2025-10-02T02:00:00+01:00,147.196,147.227,146.941,147.176
2025-10-02T06:00:00+01:00,147.1755,147.3805,146.7265,146.799
2025-10-02T10:00:00+01:00,146.7995,147.2005,146.601,147.1635
2025-10-02T14:00:00+01:00,147.163,147.516,147.058,147.1655
2025-10-02T18:00:00+01:00,147.1685,147.2965,147.1295,147.258
2025-10-02T22:00:00+01:00,147.2545,147.382,147.0935,147.353
2025-10-03T02:00:00+01:00,147.3535,147.769,147.1825,147.725
2025-10-03T06:00:00+01:00,147.7245,147.818,147.2795,147.3295
2025-10-03T10:00:00+01:00,147.329,147.434,147.2195,147.2655
2025-10-03T14:00:00+01:00,147.265,147.5375,147.088,147.5065
2025-10-03T18:00:00+01:00,147.506,147.5445,147.3855,147.451
2025-10-05T22:00:00+01:00,149.4915,149.8625,149.0475,149.7085
2025-10-06T02:00:00+01:00,149.7075,150.3455,149.5885,150.3155
2025-10-06T06:00:00+01:00,150.315,150.4375,149.9535,150.3675
2025-10-06T10:00:00+01:00,150.3695,150.478,149.7535,149.7855
2025-10-06T14:00:00+01:00,149.7835,150.1735,149.7555,150.1635
2025-10-06T18:00:00+01:00,150.1615,150.398,150.0835,150.347
2025-10-06T22:00:00+01:00,150.346,150.62,150.232,150.4925
2025-10-07T02:00:00+01:00,150.493,150.6135,150.2485,150.416
2025-10-07T06:00:00+01:00,150.416,150.833,150.4035,150.7935
2025-10-07T10:00:00+01:00,150.7945,151.031,150.709,150.8335
2025-10-07T14:00:00+01:00,150.834,151.41,150.735,151.327
2025-10-07T18:00:00+01:00,151.326,152.0465,151.2525,151.9005
2025-10-07T22:00:00+01:00,151.9015,152.3785,151.7395,152.309
2025-10-08T02:00:00+01:00,152.312,152.6485,152.2735,152.3665
2025-10-08T06:00:00+01:00,152.3645,152.788,152.255,152.747
2025-10-08T10:00:00+01:00,152.7455,153,152.439,152.509
2025-10-08T14:00:00+01:00,152.509,152.798,152.3755,152.7595
2025-10-08T18:00:00+01:00,152.7575,152.9465,152.642,152.6865
2025-10-08T22:00:00+01:00,152.6855,152.834,152.4565,152.7055
2025-10-09T02:00:00+01:00,152.7055,152.7675,152.4095,152.4695
2025-10-09T06:00:00+01:00,152.4705,153.219,152.4675,152.8015
2025-10-09T10:00:00+01:00,152.803,152.857,152.4755,152.747
2025-10-09T14:00:00+01:00,152.745,153.2335,152.112,153.004
2025-10-09T18:00:00+01:00,153.0045,153.212,152.9095,153.0675
2025-10-09T22:00:00+01:00,153.0585,153.2755,152.9005,152.9585
2025-10-10T02:00:00+01:00,152.955,153.051,152.6385,152.754
2025-10-10T06:00:00+01:00,152.755,152.949,152.3815,152.6465
2025-10-10T10:00:00+01:00,152.6455,152.848,152.5175,152.558
2025-10-10T14:00:00+01:00,152.5595,152.7165,151.506,151.8905
2025-10-10T18:00:00+01:00,151.8895,151.9495,151.143,151.1685
2025-10-12T22:00:00+01:00,151.8755,152.278,151.7425,151.846
2025-10-13T02:00:00+01:00,151.847,152.016,151.8095,151.913
2025-10-13T06:00:00+01:00,151.9095,152.4495,151.723,152.342
2025-10-13T10:00:00+01:00,152.342,152.3705,151.9795,152.2165
2025-10-13T14:00:00+01:00,152.215,152.4485,152.1045,152.282
2025-10-13T18:00:00+01:00,152.282,152.3525,152.221,152.2755
2025-10-13T22:00:00+01:00,152.2775,152.6135,152.168,152.4685
2025-10-14T02:00:00+01:00,152.468,152.5005,151.783,151.8605
2025-10-14T06:00:00+01:00,151.8615,152.1265,151.6185,151.977
2025-10-14T10:00:00+01:00,151.977,152.1555,151.862,152.0475
2025-10-14T14:00:00+01:00,152.047,152.165,151.6705,151.738
2025-10-14T18:00:00+01:00,151.7405,151.8685,151.606,151.8485
2025-10-14T22:00:00+01:00,151.8475,151.8875,151.4965,151.5655
2025-10-15T02:00:00+01:00,151.5585,151.6055,151.004,151.248
2025-10-15T06:00:00+01:00,151.2495,151.396,150.9015,151.2185
2025-10-15T10:00:00+01:00,151.2195,151.6895,151.2195,151.637
2025-10-15T14:00:00+01:00,151.637,151.7405,151.0395,151.1935
2025-10-15T18:00:00+01:00,151.1945,151.393,151.0455,151.0535
2025-10-15T22:00:00+01:00,151.0525,151.268,150.5135,150.7085
2025-10-16T02:00:00+01:00,150.7095,151.1155,150.5145,151.04
2025-10-16T06:00:00+01:00,151.0435,151.383,150.942,151.2435
2025-10-16T10:00:00+01:00,151.2445,151.4005,151.0335,151.101
2025-10-16T14:00:00+01:00,151.1025,151.289,150.2335,150.399
2025-10-16T18:00:00+01:00,150.3995,150.4745,150.213,150.4295
2025-10-16T22:00:00+01:00,150.428,150.479,150.0465,150.231
2025-10-17T02:00:00+01:00,150.232,150.39,149.8945,149.967
2025-10-17T06:00:00+01:00,149.9675,149.98,149.379,149.7815
2025-10-17T10:00:00+01:00,149.7805,150.544,149.6045,150.3865
2025-10-17T14:00:00+01:00,150.3855,150.593,150.1615,150.408
2025-10-17T18:00:00+01:00,150.409,150.652,150.365,150.623
2025-10-19T22:00:00+01:00,150.4745,150.98,150.3635,150.9105
2025-10-20T02:00:00+01:00,150.9095,151.204,150.515,150.6
2025-10-20T06:00:00+01:00,150.6005,150.833,150.4985,150.586
2025-10-20T10:00:00+01:00,150.5835,150.8565,150.276,150.6755
2025-10-20T14:00:00+01:00,150.6745,150.852,150.4115,150.68
2025-10-20T18:00:00+01:00,150.682,150.828,150.6295,150.745
2025-10-20T22:00:00+01:00,150.7445,150.8525,150.472,150.6555
2025-10-21T02:00:00+01:00,150.657,151.242,150.5285,151.078
2025-10-21T06:00:00+01:00,151.0795,151.6785,150.8645,151.611
2025-10-21T10:00:00+01:00,151.6105,152.1765,151.597,152.0305
2025-10-21T14:00:00+01:00,152.032,152.092,151.4595,151.8575
2025-10-21T18:00:00+01:00,151.854,151.9725,151.8185,151.9315
2025-10-21T22:00:00+01:00,151.9325,151.961,151.605,151.6295
2025-10-22T02:00:00+01:00,151.627,151.8765,151.4905,151.7615
2025-10-22T06:00:00+01:00,151.7605,151.9505,151.6225,151.6905
2025-10-22T10:00:00+01:00,151.6915,151.97,151.655,151.9295
2025-10-22T14:00:00+01:00,151.931,152.047,151.5055,151.7645
2025-10-22T18:00:00+01:00,151.767,152.012,151.6065,151.987
2025-10-22T22:00:00+01:00,151.9905,152.2635,151.823,152.154
2025-10-23T02:00:00+01:00,152.1555,152.575,152.1205,152.4135
2025-10-23T06:00:00+01:00,152.4155,152.6515,152.3195,152.6105
2025-10-23T10:00:00+01:00,152.6115,152.794,152.458,152.536
2025-10-23T14:00:00+01:00,152.5355,152.7985,152.477,152.72
2025-10-23T18:00:00+01:00,152.721,152.7695,152.4945,152.5615
2025-10-23T22:00:00+01:00,152.5605,152.6755,152.477,152.6505
2025-10-24T02:00:00+01:00,152.651,152.9155,152.642,152.89
2025-10-24T06:00:00+01:00,152.892,153.062,152.755,152.951
2025-10-24T10:00:00+01:00,152.9495,152.997,152.2685,152.6755
2025-10-24T14:00:00+01:00,152.6745,153.019,152.599,152.8415
2025-10-24T18:00:00+01:00,152.8405,152.8965,152.751,152.854
2025-10-26T21:00:00+00:00,152.839,153.179,152.82,152.892
2025-10-27T01:00:00+00:00,152.89,153.1655,152.6565,153.1395
2025-10-27T05:00:00+00:00,153.14,153.2585,152.745,152.819
2025-10-27T09:00:00+00:00,152.82,152.8995,152.5665,152.842
2025-10-27T13:00:00+00:00,152.843,153.1975,152.808,152.9965
2025-10-27T17:00:00+00:00,152.997,153.094,152.7595,152.8765
2025-10-27T21:00:00+00:00,152.876,152.8845,152.397,152.498
2025-10-28T01:00:00+00:00,152.499,152.514,151.853,151.8765
2025-10-28T05:00:00+00:00,151.8775,152.3545,151.7595,151.9535
2025-10-28T09:00:00+00:00,151.9545,152.2195,151.826,152.134
2025-10-28T13:00:00+00:00,152.1345,152.3725,151.8545,152.1125
2025-10-28T17:00:00+00:00,152.1125,152.2455,151.9465,152.109
2025-10-28T21:00:00+00:00,152.1085,152.196,151.539,151.635
2025-10-29T01:00:00+00:00,151.636,152.1435,151.553,152.0765
2025-10-29T05:00:00+00:00,152.078,152.5425,152.004,152.3355
2025-10-29T09:00:00+00:00,152.336,152.4695,152.1375,152.24
2025-10-29T13:00:00+00:00,152.241,152.2435,151.8655,152.151
2025-10-29T17:00:00+00:00,152.152,153.062,152.0905,152.7295
2025-10-29T21:00:00+00:00,152.7275,152.948,152.5065,152.6355
2025-10-30T01:00:00+00:00,152.6375,153.14,152.1635,152.7665
2025-10-30T05:00:00+00:00,152.768,153.8885,152.6755,153.7495
2025-10-30T09:00:00+00:00,153.751,154.2915,153.625,154.2915
2025-10-30T13:00:00+00:00,154.291,154.446,154.046,154.1
2025-10-30T17:00:00+00:00,154.0985,154.171,154.021,154.13
2025-10-30T21:00:00+00:00,154.131,154.1675,153.823,153.8965
2025-10-31T01:00:00+00:00,153.8925,154.0695,153.6535,153.937
2025-10-31T05:00:00+00:00,153.9355,154.416,153.833,154.248
2025-10-31T09:00:00+00:00,154.2485,154.2925,153.893,154.1345
2025-10-31T13:00:00+00:00,154.1355,154.2325,153.893,154.1155
2025-10-31T17:00:00+00:00,154.1125,154.1785,153.9675,153.9825
2025-11-02T22:00:00+00:00,154.052,154.253,154.0045,154.117
2025-11-03T02:00:00+00:00,154.1165,154.135,153.99,154.124
2025-11-03T06:00:00+00:00,154.1235,154.2855,154.0535,154.166
2025-11-03T10:00:00+00:00,154.167,154.297,154.0985,154.251
2025-11-03T14:00:00+00:00,154.2515,154.2735,153.915,154.1545
2025-11-03T18:00:00+00:00,154.1545,154.254,154.1165,154.2175
2025-11-03T22:00:00+00:00,154.218,154.4845,154.173,154.3295
2025-11-04T02:00:00+00:00,154.3285,154.3585,153.689,153.7345
2025-11-04T06:00:00+00:00,153.7335,153.792,153.3305,153.486
2025-11-04T10:00:00+00:00,153.4845,153.626,153.317,153.389
2025-11-04T14:00:00+00:00,153.389,153.6415,153.3405,153.5915
2025-11-04T18:00:00+00:00,153.592,153.693,153.5485,153.6715
2025-11-04T22:00:00+00:00,153.6705,153.748,152.96,153.1645
2025-11-05T02:00:00+00:00,153.1625,153.5675,153.0675,153.523
2025-11-05T06:00:00+00:00,153.522,153.7415,153.4195,153.6905
2025-11-05T10:00:00+00:00,153.694,153.9915,153.565,153.983
2025-11-05T14:00:00+00:00,153.984,154.3575,153.898,154.079
2025-11-05T18:00:00+00:00,154.0775,154.145,154.0085,154.117
2025-11-05T22:00:00+00:00,154.125,154.1425,153.803,153.872
2025-11-06T02:00:00+00:00,153.871,154.0265,153.7955,153.884
2025-11-06T06:00:00+00:00,153.885,154.007,153.5325,153.722
2025-11-06T10:00:00+00:00,153.723,153.775,153.404,153.504
2025-11-06T14:00:00+00:00,153.5045,153.588,152.832,153.0155
2025-11-06T18:00:00+00:00,153.0145,153.159,152.921,153.068
2025-11-06T22:00:00+00:00,153.065,153.3085,152.82,153.131
2025-11-07T02:00:00+00:00,153.1305,153.3685,152.9635,153.354
2025-11-07T06:00:00+00:00,153.3545,153.541,153.3525,153.494
2025-11-07T10:00:00+00:00,153.4925,153.4975,153.0095,153.36
2025-11-07T14:00:00+00:00,153.361,153.477,153.016,153.0965
2025-11-07T18:00:00+00:00,153.096,153.597,153.037,153.415
2025-11-09T22:00:00+00:00,153.7495,153.9555,153.4085,153.835
2025-11-10T02:00:00+00:00,153.8355,154.0725,153.789,153.9435
2025-11-10T06:00:00+00:00,153.942,154.2335,153.9025,154.1615
2025-11-10T10:00:00+00:00,154.162,154.2505,153.985,154.0605
2025-11-10T14:00:00+00:00,154.062,154.1665,153.892,153.956
2025-11-10T18:00:00+00:00,153.9595,154.1715,153.9255,154.1505
2025-11-10T22:00:00+00:00,154.1505,154.494,153.981,154.3255
2025-11-11T02:00:00+00:00,154.3265,154.3925,154.09,154.129
2025-11-11T06:00:00+00:00,154.1275,154.443,154.0905,154.332
2025-11-11T10:00:00+00:00,154.3355,154.3635,153.6685,153.7765
2025-11-11T14:00:00+00:00,153.7755,154.1335,153.7035,154.0765
2025-11-11T18:00:00+00:00,154.0765,154.179,154.0525,154.157
2025-11-11T22:00:00+00:00,154.1565,154.353,154.0515,154.3245
2025-11-12T02:00:00+00:00,154.3235,154.791,154.239,154.645
2025-11-12T06:00:00+00:00,154.651,154.9085,154.493,154.8465
2025-11-12T10:00:00+00:00,154.847,154.994,154.7065,154.9425
2025-11-12T14:00:00+00:00,154.942,155.047,154.498,154.5965
2025-11-12T18:00:00+00:00,154.5975,154.87,154.582,154.795
2025-11-12T22:00:00+00:00,154.7955,155.0175,154.691,154.7355
2025-11-13T02:00:00+00:00,154.7335,155.001,154.625,154.9525
2025-11-13T06:00:00+00:00,154.954,155.0095,154.327,154.528
2025-11-13T10:00:00+00:00,154.5285,154.766,154.4855,154.6495
2025-11-13T14:00:00+00:00,154.6485,154.6785,154.1275,154.318
2025-11-13T18:00:00+00:00,154.319,154.5875,154.274,154.5645
2025-11-13T22:00:00+00:00,154.5655,154.7455,154.4295,154.506
2025-11-14T02:00:00+00:00,154.504,154.5775,154.3115,154.483
2025-11-14T06:00:00+00:00,154.484,154.736,154.4345,154.6935
2025-11-14T10:00:00+00:00,154.6955,154.7645,153.616,154.0885
2025-11-14T14:00:00+00:00,154.0875,154.7445,153.984,154.6435
2025-11-14T18:00:00+00:00,154.643,154.662,154.501,154.5355
2025-11-16T22:00:00+00:00,154.58,154.6605,154.4175,154.5775
2025-11-17T02:00:00+00:00,154.5765,154.7895,154.5735,154.6915
2025-11-17T06:00:00+00:00,154.6905,154.834,154.6265,154.755
2025-11-17T10:00:00+00:00,154.7555,154.918,154.6975,154.891
2025-11-17T14:00:00+00:00,154.89,155.3025,154.867,155.1595
2025-11-17T18:00:00+00:00,155.159,155.2695,155.069,155.254
2025-11-17T22:00:00+00:00,155.2535,155.3805,155.1475,155.2015
2025-11-18T02:00:00+00:00,155.2025,155.2845,154.8185,155.0855
2025-11-18T06:00:00+00:00,155.0865,155.2665,154.8715,155.2335
2025-11-18T10:00:00+00:00,155.234,155.442,155.0605,155.1725
2025-11-18T14:00:00+00:00,155.171,155.696,155.052,155.6915
2025-11-18T18:00:00+00:00,155.6915,155.733,155.4795,155.5125
2025-11-18T22:00:00+00:00,155.517,155.593,155.3745,155.4975
2025-11-19T02:00:00+00:00,155.501,155.5525,155.2145,155.372
2025-11-19T06:00:00+00:00,155.3755,155.965,155.325,155.955
2025-11-19T10:00:00+00:00,155.9555,156.295,155.938,156.2845
2025-11-19T14:00:00+00:00,156.2835,156.8675,156.2665,156.755
2025-11-19T18:00:00+00:00,156.7535,157.1845,156.692,157.154
2025-11-19T22:00:00+00:00,157.1535,157.4375,156.8805,157.424
2025-11-20T02:00:00+00:00,157.425,157.5745,157.262,157.56
2025-11-20T06:00:00+00:00,157.561,157.7805,157.111,157.1815
2025-11-20T10:00:00+00:00,157.181,157.8805,157.153,157.574
2025-11-20T14:00:00+00:00,157.573,157.895,157.2665,157.519
2025-11-20T18:00:00+00:00,157.5205,157.6975,157.429,157.479
2025-11-20T22:00:00+00:00,157.4805,157.5555,157.192,157.4875
2025-11-21T02:00:00+00:00,157.4885,157.4915,157.087,157.2275
2025-11-21T06:00:00+00:00,157.2275,157.2585,156.567,156.7615
2025-11-21T10:00:00+00:00,156.7625,156.899,156.558,156.8155
2025-11-21T14:00:00+00:00,156.8165,156.967,156.2035,156.5425
2025-11-21T18:00:00+00:00,156.5445,156.6445,156.2635,156.415
2025-11-23T22:00:00+00:00,156.3855,156.8,156.3515,156.7235
2025-11-24T02:00:00+00:00,156.7195,156.7375,156.501,156.5825
2025-11-24T06:00:00+00:00,156.586,156.9365,156.5445,156.7505
2025-11-24T10:00:00+00:00,156.75,156.989,156.7,156.916
2025-11-24T14:00:00+00:00,156.917,157.188,156.7415,156.8885
2025-11-24T18:00:00+00:00,156.887,156.9265,156.7135,156.907
2025-11-24T22:00:00+00:00,156.8475,156.9845,156.5565,156.6545
2025-11-25T02:00:00+00:00,156.652,156.8505,156.61,156.7375
2025-11-25T06:00:00+00:00,156.7395,156.8005,156.1445,156.3005
2025-11-25T10:00:00+00:00,156.304,156.522,156.031,156.149
2025-11-25T14:00:00+00:00,156.147,156.3355,155.803,155.901
2025-11-25T18:00:00+00:00,155.9,156.189,155.809,156.054
2025-11-25T22:00:00+00:00,156.0615,156.375,155.815,155.946
2025-11-26T02:00:00+00:00,155.945,156.1845,155.654,156.1155
2025-11-26T06:00:00+00:00,156.118,156.503,156.051,156.4565
2025-11-26T10:00:00+00:00,156.4555,156.6855,156.3285,156.6645
2025-11-26T14:00:00+00:00,156.6655,156.7355,156.2905,156.4065
2025-11-26T18:00:00+00:00,156.408,156.511,156.3475,156.476
2025-11-26T22:00:00+00:00,156.4755,156.498,155.7225,156.054
2025-11-27T02:00:00+00:00,156.0495,156.186,155.816,155.9895
2025-11-27T06:00:00+00:00,155.99,156.405,155.917,156.3595
2025-11-27T10:00:00+00:00,156.3585,156.3905,156.246,156.2665
2025-11-27T14:00:00+00:00,156.2675,156.3695,156.2335,156.332
2025-11-27T18:00:00+00:00,156.33,156.369,156.268,156.3065
2025-11-27T22:00:00+00:00,156.3105,156.5835,156.176,156.379
2025-11-28T02:00:00+00:00,156.378,156.4125,156.0975,156.3525
2025-11-28T06:00:00+00:00,156.3505,156.44,156.226,156.3225
2025-11-28T10:00:00+00:00,156.3255,156.3875,156.005,156.021
2025-11-28T14:00:00+00:00,156.0205,156.3945,155.983,156.2105
2025-11-28T18:00:00+00:00,156.212,156.2385,156.0655,156.1795
2025-11-30T22:00:00+00:00,156.1125,156.1635,155.487,155.6415
2025-12-01T02:00:00+00:00,155.6425,155.6535,155.397,155.5945
2025-12-01T06:00:00+00:00,155.5965,155.6935,155.261,155.2875
2025-12-01T10:00:00+00:00,155.287,155.344,154.663,154.8435
2025-12-01T14:00:00+00:00,154.844,155.3855,154.837,155.352
2025-12-01T18:00:00+00:00,155.351,155.5235,155.342,155.4575
2025-12-01T22:00:00+00:00,155.4565,155.777,155.4125,155.6325
2025-12-02T02:00:00+00:00,155.6335,155.7345,155.5535,155.6545
2025-12-02T06:00:00+00:00,155.6555,156.085,155.6395,155.966
2025-12-02T10:00:00+00:00,155.968,156.075,155.896,155.9765
2025-12-02T14:00:00+00:00,155.9765,156.181,155.754,155.9465
2025-12-02T18:00:00+00:00,155.945,156.0215,155.805,155.874
2025-12-02T22:00:00+00:00,155.8755,155.9375,155.6085,155.658
2025-12-03T02:00:00+00:00,155.6585,155.8055,155.6295,155.6945
2025-12-03T06:00:00+00:00,155.6935,155.755,155.5125,155.623
2025-12-03T10:00:00+00:00,155.622,155.6445,155.2205,155.4895
2025-12-03T14:00:00+00:00,155.4925,155.6,155.012,155.1275
2025-12-03T18:00:00+00:00,155.1295,155.3195,155.076,155.239
2025-12-03T22:00:00+00:00,155.2395,155.4125,155.023,155.2625
2025-12-04T02:00:00+00:00,155.2615,155.5425,155.187,155.2235
2025-12-04T06:00:00+00:00,155.2245,155.451,154.7735,154.818
2025-12-04T10:00:00+00:00,154.817,155.061,154.5095,154.8035
2025-12-04T14:00:00+00:00,154.8045,154.967,154.5575,154.9375
2025-12-04T18:00:00+00:00,154.9385,155.142,154.897,155.0955
2025-12-04T22:00:00+00:00,155.095,155.2325,154.9185,155.018
2025-12-05T02:00:00+00:00,155.017,155.159,154.546,154.6015
2025-12-05T06:00:00+00:00,154.6005,154.967,154.3455,154.917
2025-12-05T10:00:00+00:00,154.918,155.2635,154.892,155.1965
2025-12-05T14:00:00+00:00,155.1965,155.4935,155.1165,155.2875
2025-12-05T18:00:00+00:00,155.2865,155.4015,155.2415,155.3595
2025-12-07T22:00:00+00:00,155.224,155.384,154.914,154.9205
2025-12-08T02:00:00+00:00,154.918,155.269,154.902,155.2025
2025-12-08T06:00:00+00:00,155.199,155.543,155.107,155.477
2025-12-08T10:00:00+00:00,155.477,155.6635,155.4115,155.6305
2025-12-08T14:00:00+00:00,155.6295,155.9845,155.393,155.752
2025-12-08T18:00:00+00:00,155.7505,155.9615,155.705,155.919
2025-12-08T22:00:00+00:00,155.9195,156.0385,155.768,155.797
2025-12-09T02:00:00+00:00,155.7995,156.113,155.745,156.011
2025-12-09T06:00:00+00:00,156.0115,156.4315,155.963,156.0865
2025-12-09T10:00:00+00:00,156.088,156.5165,156.047,156.345
2025-12-09T14:00:00+00:00,156.3445,156.9245,156.3145,156.918
2025-12-09T18:00:00+00:00,156.9185,156.955,156.8095,156.8805
2025-12-09T22:00:00+00:00,156.8805,156.938,156.6715,156.7085
2025-12-10T02:00:00+00:00,156.7105,156.7265,156.5605,156.7075
2025-12-10T06:00:00+00:00,156.7085,156.8895,156.5805,156.8195
2025-12-10T10:00:00+00:00,156.82,156.8595,156.552,156.5545
2025-12-10T14:00:00+00:00,156.554,156.6295,156.2475,156.3055
2025-12-10T18:00:00+00:00,156.309,156.677,155.7955,156.0295
2025-12-10T22:00:00+00:00,156.03,156.0395,155.571,155.721
2025-12-11T02:00:00+00:00,155.7205,156.072,155.491,156.066
2025-12-11T06:00:00+00:00,156.0635,156.166,155.785,155.8675
2025-12-11T10:00:00+00:00,155.865,155.9505,155.2285,155.2845
2025-12-11T14:00:00+00:00,155.283,155.2955,154.949,155.2405
2025-12-11T18:00:00+00:00,155.2415,155.6735,155.213,155.581
2025-12-11T22:00:00+00:00,155.585,155.772,155.449,155.6705
2025-12-12T02:00:00+00:00,155.6695,155.7725,155.634,155.7435
2025-12-12T06:00:00+00:00,155.744,155.9135,155.544,155.8875
2025-12-12T10:00:00+00:00,155.8885,156.129,155.7755,156.047
2025-12-12T14:00:00+00:00,156.047,156.1015,155.6765,155.7835
2025-12-12T18:00:00+00:00,155.783,155.941,155.718,155.821
2025-12-14T22:00:00+00:00,155.872,155.9875,155.6065,155.6135
2025-12-15T02:00:00+00:00,155.6125,155.651,155.0345,155.037
2025-12-15T06:00:00+00:00,155.0365,155.295,154.9415,154.9675
2025-12-15T10:00:00+00:00,154.9695,155.1595,154.8535,155.1595
2025-12-15T14:00:00+00:00,155.1615,155.368,154.837,155.3095
2025-12-15T18:00:00+00:00,155.309,155.4005,155.1905,155.244
2025-12-15T22:00:00+00:00,155.209,155.336,154.7365,154.8635
2025-12-16T02:00:00+00:00,154.863,154.924,154.684,154.8435
2025-12-16T06:00:00+00:00,154.8445,154.9785,154.7735,154.8385
2025-12-16T10:00:00+00:00,154.838,154.907,154.3965,154.7155
2025-12-16T14:00:00+00:00,154.715,154.9985,154.4645,154.683
2025-12-16T18:00:00+00:00,154.6825,154.921,154.571,154.72
2025-12-16T22:00:00+00:00,154.7195,154.8745,154.514,154.6755
2025-12-17T02:00:00+00:00,154.677,155.1735,154.677,155.1535
2025-12-17T06:00:00+00:00,155.1525,155.597,155.129,155.5335
2025-12-17T10:00:00+00:00,155.533,155.6385,155.3895,155.436
2025-12-17T14:00:00+00:00,155.4365,155.6325,155.3535,155.5325
2025-12-17T18:00:00+00:00,155.5345,155.7505,155.496,155.6805
2025-12-17T22:00:00+00:00,155.68,155.7755,155.426,155.7715
2025-12-18T02:00:00+00:00,155.7725,155.8855,155.6635,155.812
2025-12-18T06:00:00+00:00,155.8115,155.9565,155.7685,155.934
2025-12-18T10:00:00+00:00,155.9325,155.975,155.361,155.5965
2025-12-18T14:00:00+00:00,155.5945,155.6945,155.2825,155.6435
2025-12-18T18:00:00+00:00,155.6425,155.7115,155.495,155.5575
2025-12-18T22:00:00+00:00,155.5565,155.7935,155.489,155.7425
2025-12-19T02:00:00+00:00,155.742,156.172,155.5885,155.9955
2025-12-19T06:00:00+00:00,156.0005,157.213,155.853,157.201
2025-12-19T10:00:00+00:00,157.2025,157.401,157.1315,157.3255
2025-12-19T14:00:00+00:00,157.324,157.671,156.931,157.439
2025-12-19T18:00:00+00:00,157.4395,157.7815,157.4015,157.7535
2025-12-21T22:00:00+00:00,157.6945,157.709,157.2555,157.2945
2025-12-22T02:00:00+00:00,157.2935,157.4715,157.2295,157.364
2025-12-22T06:00:00+00:00,157.3655,157.57,157.2705,157.4575
2025-12-22T10:00:00+00:00,157.459,157.4655,156.8725,157.187
2025-12-22T14:00:00+00:00,157.1865,157.223,156.707,156.8465
2025-12-22T18:00:00+00:00,156.848,157.068,156.848,157.0625
2025-12-22T22:00:00+00:00,157.062,157.1085,156.424,156.4635
2025-12-23T02:00:00+00:00,156.4615,156.485,155.913,156.0125
2025-12-23T06:00:00+00:00,156.012,156.189,155.653,155.9685
2025-12-23T10:00:00+00:00,155.9665,156.365,155.868,156.3405
2025-12-23T14:00:00+00:00,156.339,156.5455,156.2095,156.2975
2025-12-23T18:00:00+00:00,156.2985,156.3445,156.18,156.226
2025-12-23T22:00:00+00:00,156.225,156.285,155.602,155.6565
2025-12-24T02:00:00+00:00,155.6545,156.066,155.556,155.7975
2025-12-24T06:00:00+00:00,155.7985,155.972,155.664,155.834
2025-12-24T10:00:00+00:00,155.8365,156.0745,155.821,156.0115
2025-12-24T14:00:00+00:00,156.0145,156.037,155.6795,155.967
2025-12-24T18:00:00+00:00,155.971,156.0195,155.8225,155.9225
2025-12-24T22:00:00+00:00,155.923,156.0355,155.764,155.8255
2025-12-25T02:00:00+00:00,155.835,155.8885,155.603,155.818
2025-12-25T06:00:00+00:00,155.818,156.086,155.7675,156.0725
2025-12-25T22:00:00+00:00,155.9465,156.4915,155.7555,156.284
2025-12-26T02:00:00+00:00,156.283,156.308,155.99,156.2055
2025-12-26T06:00:00+00:00,156.201,156.4715,156.0885,156.462
2025-12-26T10:00:00+00:00,156.4635,156.4875,156.228,156.328
2025-12-26T14:00:00+00:00,156.3235,156.735,156.2785,156.5715
2025-12-26T18:00:00+00:00,156.57,156.6105,156.4375,156.5765
2025-12-28T22:00:00+00:00,156.52,156.6175,156.0585,156.312
2025-12-29T02:00:00+00:00,156.3135,156.5125,156.2425,156.3065
2025-12-29T06:00:00+00:00,156.312,156.4005,156.0515,156.3265
2025-12-29T10:00:00+00:00,156.327,156.4245,156.194,156.231
2025-12-29T14:00:00+00:00,156.232,156.29,155.917,156.1845
2025-12-29T18:00:00+00:00,156.1835,156.2505,155.9875,156.0565
2025-12-29T22:00:00+00:00,156.057,156.3275,155.926,156.223
2025-12-30T02:00:00+00:00,156.22,156.3395,156.014,156.044
2025-12-30T06:00:00+00:00,156.045,156.1095,155.856,155.9255
2025-12-30T10:00:00+00:00,155.9265,156.2135,155.7445,156.1965
2025-12-30T14:00:00+00:00,156.1985,156.567,156.1245,156.3365
2025-12-30T18:00:00+00:00,156.336,156.525,156.3095,156.408
2025-12-30T22:00:00+00:00,156.4085,156.468,156.332,156.4325
2025-12-31T02:00:00+00:00,156.437,156.6385,156.426,156.594
2025-12-31T06:00:00+00:00,156.593,156.6545,156.5075,156.632
2025-12-31T10:00:00+00:00,156.6285,156.8345,156.553,156.812
2025-12-31T14:00:00+00:00,156.813,156.996,156.644,156.826
2025-12-31T18:00:00+00:00,156.827,156.9225,156.6185,156.67
2026-01-01T22:00:00+00:00,156.727,156.8975,156.5195,156.6375
2026-01-02T02:00:00+00:00,156.6395,156.946,156.5955,156.9135
2026-01-02T06:00:00+00:00,156.913,156.999,156.77,156.916
2026-01-02T10:00:00+00:00,156.9135,157.001,156.804,156.907
2026-01-02T14:00:00+00:00,156.908,156.9205,156.5625,156.7725
2026-01-02T18:00:00+00:00,156.7705,156.9565,156.7645,156.874
2026-01-04T22:00:00+00:00,156.75,157.2525,156.721,157.0165
2026-01-05T02:00:00+00:00,157.0145,157.2975,156.9535,157.1835
2026-01-05T06:00:00+00:00,157.1855,157.2335,156.689,156.9285
2026-01-05T10:00:00+00:00,156.926,156.979,156.466,156.8275
2026-01-05T14:00:00+00:00,156.8235,156.855,156.2665,156.3305
2026-01-05T18:00:00+00:00,156.332,156.4215,156.1175,156.3855
2026-01-05T22:00:00+00:00,156.3975,156.7985,156.328,156.453
2026-01-06T02:00:00+00:00,156.452,156.5015,156.2425,156.4305
2026-01-06T06:00:00+00:00,156.4295,156.4845,156.164,156.3805
2026-01-06T10:00:00+00:00,156.379,156.5815,156.2805,156.3705
2026-01-06T14:00:00+00:00,156.3695,156.743,156.301,156.6935
2026-01-06T18:00:00+00:00,156.6925,156.7495,156.5705,156.642
2026-01-06T22:00:00+00:00,156.643,156.8075,156.5425,156.719
2026-01-07T02:00:00+00:00,156.72,156.7315,156.3675,156.387
2026-01-07T06:00:00+00:00,156.3885,156.5865,156.296,156.464
2026-01-07T10:00:00+00:00,156.4645,156.588,156.3625,156.4175
2026-01-07T14:00:00+00:00,156.4215,156.8,156.3955,156.6205
2026-01-07T18:00:00+00:00,156.621,156.8005,156.597,156.7615
2026-01-07T22:00:00+00:00,156.7605,156.944,156.654,156.9145
2026-01-08T02:00:00+00:00,156.9135,156.9555,156.6315,156.6725
2026-01-08T06:00:00+00:00,156.671,156.7835,156.46,156.746
2026-01-08T10:00:00+00:00,156.7485,156.963,156.6645,156.962
2026-01-08T14:00:00+00:00,156.967,157.072,156.7765,156.8105
2026-01-08T18:00:00+00:00,156.809,156.994,156.797,156.871
2026-01-08T22:00:00+00:00,156.87,157.169,156.7565,157.162
2026-01-09T02:00:00+00:00,157.1605,157.3915,157.124,157.376
2026-01-09T06:00:00+00:00,157.3765,157.736,157.3445,157.712
2026-01-09T10:00:00+00:00,157.7125,157.8345,157.372,157.49
2026-01-09T14:00:00+00:00,157.489,158.1865,157.37,158.0525
2026-01-09T18:00:00+00:00,158.0535,158.0685,157.834,157.901
2026-01-11T22:00:00+00:00,158.115,158.207,157.5175,157.7475
2026-01-12T02:00:00+00:00,157.747,158.185,157.669,158.006
2026-01-12T06:00:00+00:00,158.006,158.071,157.6755,157.894
2026-01-12T10:00:00+00:00,157.896,157.962,157.708,157.8435
2026-01-12T14:00:00+00:00,157.845,158.1735,157.8345,158.0875
2026-01-12T18:00:00+00:00,158.0865,158.201,158.053,158.13
2026-01-12T22:00:00+00:00,158.134,158.5015,157.9,158.4845
2026-01-13T02:00:00+00:00,158.4865,158.9105,158.336,158.786
2026-01-13T06:00:00+00:00,158.785,159.05,158.735,158.8905
2026-01-13T10:00:00+00:00,158.892,158.958,158.5835,158.8835
2026-01-13T14:00:00+00:00,158.8825,159.192,158.805,159.026
2026-01-13T18:00:00+00:00,159.0255,159.181,159.001,159.1235
2026-01-13T22:00:00+00:00,159.124,159.4545,159.0905,159.339
2026-01-14T02:00:00+00:00,159.3385,159.393,159.0835,159.338
2026-01-14T06:00:00+00:00,159.337,159.3525,158.6735,158.7625
2026-01-14T10:00:00+00:00,158.761,158.8225,158.1495,158.5985
2026-01-14T14:00:00+00:00,158.598,158.6755,158.1025,158.303
2026-01-14T18:00:00+00:00,158.305,158.599,158.3035,158.4415
2026-01-14T22:00:00+00:00,158.441,158.5765,158.2135,158.354
2026-01-15T02:00:00+00:00,158.355,158.6475,158.31,158.433
2026-01-15T06:00:00+00:00,158.4305,158.733,158.3035,158.3985
2026-01-15T10:00:00+00:00,158.3975,158.855,158.346,158.8285
2026-01-15T14:00:00+00:00,158.8275,158.879,158.413,158.509
2026-01-15T18:00:00+00:00,158.508,158.6765,158.464,158.63
2026-01-15T22:00:00+00:00,158.629,158.704,158.473,158.598
2026-01-16T02:00:00+00:00,158.599,158.6315,157.96,158.378
2026-01-16T06:00:00+00:00,158.378,158.451,158.0135,158.197
2026-01-16T10:00:00+00:00,158.1965,158.2255,157.9445,158.023
2026-01-16T14:00:00+00:00,158.021,158.267,157.8215,158.1415
2026-01-16T18:00:00+00:00,158.1425,158.243,158.0405,158.1595
2026-01-18T22:00:00+00:00,157.917,157.9785,157.4235,157.6865
2026-01-19T02:00:00+00:00,157.686,157.9485,157.684,157.901
2026-01-19T06:00:00+00:00,157.9015,158.1665,157.7465,157.9265
2026-01-19T10:00:00+00:00,157.9275,158.1085,157.828,157.9215
2026-01-19T14:00:00+00:00,157.925,158.1395,157.8625,158.035
2026-01-19T18:00:00+00:00,158.0325,158.154,158.0085,158.1085
2026-01-19T22:00:00+00:00,158.08,158.281,157.849,157.9495
2026-01-20T02:00:00+00:00,157.9485,158.123,157.897,158.105
2026-01-20T06:00:00+00:00,158.1005,158.6035,157.558,157.733
2026-01-20T10:00:00+00:00,157.732,157.975,157.4705,157.8425
2026-01-20T14:00:00+00:00,157.8455,158.1115,157.744,157.9555
2026-01-20T18:00:00+00:00,157.957,158.2995,157.952,158.149
2026-01-20T22:00:00+00:00,158.15,158.2825,157.8595,157.9595
2026-01-21T02:00:00+00:00,157.9615,158.2395,157.891,158.2075
2026-01-21T06:00:00+00:00,158.205,158.2595,157.822,158.004
2026-01-21T10:00:00+00:00,158.0045,158.088,157.7475,157.888
2026-01-21T14:00:00+00:00,157.888,158.3125,157.8765,158.1445
2026-01-21T18:00:00+00:00,158.143,158.5335,158.1175,158.287
2026-01-21T22:00:00+00:00,158.2865,158.4945,158.181,158.351
2026-01-22T02:00:00+00:00,158.352,158.735,158.342,158.7155
2026-01-22T06:00:00+00:00,158.7165,158.894,158.6105,158.696
2026-01-22T10:00:00+00:00,158.6945,158.868,158.535,158.701
2026-01-22T14:00:00+00:00,158.698,158.7635,158.237,158.311
2026-01-22T18:00:00+00:00,158.3115,158.4735,158.2785,158.416
2026-01-22T22:00:00+00:00,158.417,158.6645,158.359,158.642
2026-01-23T02:00:00+00:00,158.641,158.7445,158.4735,158.627
2026-01-23T06:00:00+00:00,158.6275,159.2275,157.3105,158.007
2026-01-23T10:00:00+00:00,158.005,158.318,157.9945,158.2675
2026-01-23T14:00:00+00:00,158.267,158.3395,156.1355,156.3645
2026-01-23T18:00:00+00:00,156.364,156.639,155.6105,155.6695
2026-01-25T22:00:00+00:00,154.67,155.3485,154.222,154.4255
2026-01-26T02:00:00+00:00,154.4265,154.4845,153.812,154.1085
2026-01-26T06:00:00+00:00,154.109,154.42,153.4,153.671
2026-01-26T10:00:00+00:00,153.6705,154.3405,153.3065,154.0625
2026-01-26T14:00:00+00:00,154.0615,154.1365,153.617,153.974
2026-01-26T18:00:00+00:00,153.973,154.2765,153.8615,154.172
2026-01-26T22:00:00+00:00,154.1725,154.4515,154.112,154.348
2026-01-27T02:00:00+00:00,154.347,154.642,154.087,154.504
2026-01-27T06:00:00+00:00,154.5035,154.88,153.1815,153.7425
2026-01-27T10:00:00+00:00,153.7475,154.197,152.9975,153.2535
2026-01-27T14:00:00+00:00,153.2525,153.376,152.6095,152.7675
2026-01-27T18:00:00+00:00,152.768,152.8835,152.0955,152.1965
2026-01-27T22:00:00+00:00,152.182,152.9935,152.16,152.99
2026-01-28T02:00:00+00:00,152.991,153.071,152.4785,152.6295
2026-01-28T06:00:00+00:00,152.6305,152.8065,152.2815,152.716
2026-01-28T10:00:00+00:00,152.7175,152.918,152.3475,152.851
2026-01-28T14:00:00+00:00,152.8505,153.7875,152.652,153.5305
2026-01-28T18:00:00+00:00,153.5295,154.05,153.2995,153.4125
2026-01-28T22:00:00+00:00,153.411,153.4775,152.7665,153.2615
2026-01-29T02:00:00+00:00,153.2665,153.393,152.9025,153.0195
2026-01-29T06:00:00+00:00,153.0215,153.4595,152.9225,153.3165
2026-01-29T10:00:00+00:00,153.315,153.5385,153.1805,153.334
2026-01-29T14:00:00+00:00,153.332,153.5135,152.683,152.9055
2026-01-29T18:00:00+00:00,152.907,153.2135,152.903,153.1135
2026-01-29T22:00:00+00:00,153.123,153.7915,152.868,153.7555
2026-01-30T02:00:00+00:00,153.7575,154.145,153.6525,153.9205
2026-01-30T06:00:00+00:00,153.919,154.2865,153.7095,154.28
2026-01-30T10:00:00+00:00,154.2805,154.388,153.7985,154.368
2026-01-30T14:00:00+00:00,154.367,154.762,154.165,154.4465
2026-01-30T18:00:00+00:00,154.449,154.798,154.2895,154.779
2026-02-01T22:00:00+00:00,154.9465,155.515,154.823,155.0385
2026-02-02T02:00:00+00:00,155.0375,155.1465,154.756,154.894
2026-02-02T06:00:00+00:00,154.8945,155.07,154.551,154.7745
2026-02-02T10:00:00+00:00,154.776,155.298,154.711,155.226
2026-02-02T14:00:00+00:00,155.225,155.7035,155.143,155.509
2026-02-02T18:00:00+00:00,155.508,155.7885,155.5035,155.6215
2026-02-02T22:00:00+00:00,155.625,155.6625,155.4145,155.4715
2026-02-03T02:00:00+00:00,155.4725,155.5575,155.3015,155.4315
2026-02-03T06:00:00+00:00,155.4305,155.8785,155.3085,155.8735
2026-02-03T10:00:00+00:00,155.8725,155.9855,155.772,155.8825
2026-02-03T14:00:00+00:00,155.8845,156.0855,155.5275,155.723
2026-02-03T18:00:00+00:00,155.724,155.8105,155.6045,155.7455
2026-02-03T22:00:00+00:00,155.7445,156.1895,155.696,156.1365
2026-02-04T02:00:00+00:00,156.1365,156.3935,156.1265,156.3025
2026-02-04T06:00:00+00:00,156.3005,156.6675,156.2365,156.6485
2026-02-04T10:00:00+00:00,156.647,156.857,156.4615,156.4795
2026-02-04T14:00:00+00:00,156.4805,156.737,156.353,156.6715
2026-02-04T18:00:00+00:00,156.673,156.948,156.6325,156.849
2026-02-04T22:00:00+00:00,156.844,156.988,156.708,156.864
2026-02-05T02:00:00+00:00,156.863,156.989,156.6865,156.9775
2026-02-05T06:00:00+00:00,156.9795,157.336,156.8555,157.332
2026-02-05T10:00:00+00:00,157.3245,157.336,156.529,156.5925
2026-02-05T14:00:00+00:00,156.594,157.022,156.55,156.8075
2026-02-05T18:00:00+00:00,156.808,157.096,156.771,157.0555
2026-02-05T22:00:00+00:00,156.9665,157.0735,156.513,156.6595
2026-02-06T02:00:00+00:00,156.6595,156.8315,156.596,156.7605
2026-02-06T06:00:00+00:00,156.7625,157.0755,156.6725,157.052
2026-02-06T10:00:00+00:00,157.0535,157.157,156.9035,156.9335
2026-02-06T14:00:00+00:00,156.9325,157.131,156.783,157.052
2026-02-06T18:00:00+00:00,157.054,157.2765,157.0035,157.229
2026-02-08T22:00:00+00:00,157.5225,157.661,156.211,156.6315
2026-02-09T02:00:00+00:00,156.6305,156.9395,156.5235,156.614
2026-02-09T06:00:00+00:00,156.613,156.783,156.2925,156.6435
2026-02-09T10:00:00+00:00,156.644,156.7515,155.913,155.9315
2026-02-09T14:00:00+00:00,155.9305,156.1445,155.5235,155.9645
2026-02-09T18:00:00+00:00,155.9655,156.0335,155.6415,155.8855
2026-02-09T22:00:00+00:00,155.8845,156.2955,155.6755,155.7335
2026-02-10T02:00:00+00:00,155.7355,155.834,155.088,155.3045
2026-02-10T06:00:00+00:00,155.306,155.6345,155.2505,155.2845
2026-02-10T10:00:00+00:00,155.286,155.309,154.7295,154.759
2026-02-10T14:00:00+00:00,154.758,154.7965,154.0555,154.381
2026-02-10T18:00:00+00:00,154.3815,154.588,154.2455,154.3945
2026-02-10T22:00:00+00:00,154.395,154.519,153.8375,153.982
2026-02-11T02:00:00+00:00,153.9805,153.9805,152.999,153.0415
2026-02-11T06:00:00+00:00,153.0435,153.406,152.8005,153.2075
2026-02-11T10:00:00+00:00,153.209,154.653,152.861,153.836
2026-02-11T14:00:00+00:00,153.8345,153.9665,152.5535,152.8295
2026-02-11T18:00:00+00:00,152.8285,153.3145,152.5655,153.259
2026-02-11T22:00:00+00:00,153.26,153.449,152.7925,152.8565
2026-02-12T02:00:00+00:00,152.861,153.192,152.27,153.1035
2026-02-12T06:00:00+00:00,153.1055,153.551,152.8025,152.9125
2026-02-12T10:00:00+00:00,152.9115,153.76,152.902,153.2665
2026-02-12T14:00:00+00:00,153.268,153.3985,152.3655,152.853
2026-02-12T18:00:00+00:00,152.8535,152.9915,152.669,152.737
2026-02-12T22:00:00+00:00,152.736,153.3485,152.671,153.2685
2026-02-13T02:00:00+00:00,153.2665,153.4,152.8465,153.2935
2026-02-13T06:00:00+00:00,153.295,153.666,153.1155,153.509
2026-02-13T10:00:00+00:00,153.5095,153.5935,152.921,153.067
2026-02-13T14:00:00+00:00,153.068,153.2275,152.596,152.8065
2026-02-13T18:00:00+00:00,152.806,152.889,152.6255,152.677
2026-02-15T22:00:00+00:00,152.736,153.1655,152.6135,153.022
2026-02-16T02:00:00+00:00,153.0225,153.2495,152.971,153.198
2026-02-16T06:00:00+00:00,153.1985,153.617,153.081,153.5715
2026-02-16T10:00:00+00:00,153.575,153.638,153.2985,153.336
2026-02-16T14:00:00+00:00,153.3365,153.574,153.255,153.4715
2026-02-16T18:00:00+00:00,153.472,153.541,153.455,153.459
2026-02-16T22:00:00+00:00,153.458,153.7595,153.1345,153.1485
2026-02-17T02:00:00+00:00,153.146,153.2605,152.902,152.9575
2026-02-17T06:00:00+00:00,152.9565,153.182,152.7,152.9045
2026-02-17T10:00:00+00:00,152.9045,153.393,152.849,153.2785
2026-02-17T14:00:00+00:00,153.2745,153.924,153.2695,153.471
2026-02-17T18:00:00+00:00,153.4725,153.4815,153.186,153.312
2026-02-17T22:00:00+00:00,153.3115,153.466,153.071,153.4435
2026-02-18T02:00:00+00:00,153.4465,153.7035,153.4455,153.4585
2026-02-18T06:00:00+00:00,153.4595,153.7995,153.3935,153.7285
2026-02-18T10:00:00+00:00,153.729,153.947,153.5535,153.945
2026-02-18T14:00:00+00:00,153.944,154.6065,153.9155,154.5325
2026-02-18T18:00:00+00:00,154.5345,154.87,154.348,154.806
2026-02-18T22:00:00+00:00,154.805,154.984,154.621,154.953
2026-02-19T02:00:00+00:00,154.9535,155.332,154.7575,155.305
2026-02-19T06:00:00+00:00,155.304,155.3425,154.7085,154.8105
2026-02-19T10:00:00+00:00,154.8075,155.041,154.5435,154.9165
2026-02-19T14:00:00+00:00,154.9195,155.285,154.8605,155.02
2026-02-19T18:00:00+00:00,155.0185,155.133,154.83,155.0085
2026-02-19T22:00:00+00:00,155.009,155.317,154.8645,155.145
2026-02-20T02:00:00+00:00,155.1435,155.3705,155.0565,155.2945
2026-02-20T06:00:00+00:00,155.2935,155.6445,154.948,155.3965
2026-02-20T10:00:00+00:00,155.3965,155.449,155.0575,155.4195
2026-02-20T14:00:00+00:00,155.4185,155.539,154.7145,154.9965
2026-02-20T18:00:00+00:00,154.9975,155.187,154.8135,155.032
2026-02-22T22:00:00+00:00,154.925,154.9765,153.998,154.2175
2026-02-23T02:00:00+00:00,154.2145,154.49,154.0745,154.44
2026-02-23T06:00:00+00:00,154.439,154.864,154.228,154.8115
2026-02-23T10:00:00+00:00,154.811,155.046,154.5655,154.6235
2026-02-23T14:00:00+00:00,154.6245,154.824,154.2225,154.3925
2026-02-23T18:00:00+00:00,154.392,154.766,154.3895,154.639
2026-02-23T22:00:00+00:00,154.6705,155.1375,154.5265,154.975
2026-02-24T02:00:00+00:00,154.978,155.3135,154.866,155.1675
2026-02-24T06:00:00+00:00,155.1665,156.282,154.9465,155.8575
2026-02-24T10:00:00+00:00,155.8585,156.094,155.68,156.0585
2026-02-24T14:00:00+00:00,156.057,156.1745,155.5865,155.7575
2026-02-24T18:00:00+00:00,155.758,155.9265,155.691,155.847
2026-02-24T22:00:00+00:00,155.8445,155.9945,155.62,155.7785
2026-02-25T02:00:00+00:00,155.7745,156.0455,155.348,155.5975
2026-02-25T06:00:00+00:00,155.5965,156.6625,155.5285,156.56
2026-02-25T10:00:00+00:00,156.559,156.8255,156.544,156.6955
2026-02-25T14:00:00+00:00,156.6965,156.76,156.2395,156.3285
2026-02-25T18:00:00+00:00,156.328,156.5415,156.283,156.3535
2026-02-25T22:00:00+00:00,156.3845,156.45,155.811,155.8315
2026-02-26T02:00:00+00:00,155.832,156.1005,155.7045,155.9445
2026-02-26T06:00:00+00:00,155.9405,156.177,155.8955,156.07
2026-02-26T10:00:00+00:00,156.071,156.176,155.9215,156.162
2026-02-26T14:00:00+00:00,156.1615,156.4015,155.8325,156.393
2026-02-26T18:00:00+00:00,156.392,156.433,156.0585,156.1285
2026-02-26T22:00:00+00:00,156.1315,156.2005,155.671,155.982
2026-02-27T02:00:00+00:00,155.981,155.982,155.5385,155.833
2026-02-27T06:00:00+00:00,155.835,156.234,155.777,156.0715
2026-02-27T10:00:00+00:00,156.0705,156.182,155.8365,156.173
2026-02-27T14:00:00+00:00,156.174,156.227,155.9175,156.0555
2026-02-27T18:00:00+00:00,156.0525,156.1945,155.8875,156.0475
2026-03-01T22:00:00+00:00,156,156.808,155.9855,156.2195
2026-03-02T02:00:00+00:00,156.2185,156.859,156.1605,156.834
2026-03-02T06:00:00+00:00,156.8355,157.25,156.799,157.0105
2026-03-02T10:00:00+00:00,157.012,157.6065,156.7965,157.519
2026-03-02T14:00:00+00:00,157.5205,157.753,157.3395,157.361
2026-03-02T18:00:00+00:00,157.3605,157.4965,157.116,157.395
2026-03-02T22:00:00+00:00,157.3855,157.5985,157.1785,157.2885
2026-03-03T02:00:00+00:00,157.29,157.4365,157.177,157.398
2026-03-03T06:00:00+00:00,157.397,157.8225,157.152,157.6725
2026-03-03T10:00:00+00:00,157.673,157.971,157.5025,157.804
2026-03-03T14:00:00+00:00,157.803,157.954,157.603,157.8355
2026-03-03T18:00:00+00:00,157.8365,157.8465,157.474,157.741
2026-03-03T22:00:00+00:00,157.735,157.8645,157.438,157.5895
2026-03-04T02:00:00+00:00,157.59,157.644,157.18,157.5695
2026-03-04T06:00:00+00:00,157.57,157.6555,157.09,157.2015
2026-03-04T10:00:00+00:00,157.201,157.35,156.8585,157.2965
2026-03-04T14:00:00+00:00,157.298,157.416,156.883,156.978
2026-03-04T18:00:00+00:00,156.9785,157.1715,156.9705,157.061
2026-03-04T22:00:00+00:00,157.06,157.0975,156.4525,156.7655
2026-03-05T02:00:00+00:00,156.768,157.2165,156.7185,157.193
2026-03-05T06:00:00+00:00,157.195,157.3775,156.901,157.1585
2026-03-05T10:00:00+00:00,157.16,157.779,157.1085,157.7635
2026-03-05T14:00:00+00:00,157.766,157.848,157.395,157.691
2026-03-05T18:00:00+00:00,157.6925,157.8495,157.416,157.6105
2026-03-05T22:00:00+00:00,157.6065,157.65,157.384,157.484
2026-03-06T02:00:00+00:00,157.485,157.877,157.4505,157.845
2026-03-06T06:00:00+00:00,157.844,157.904,157.5015,157.8625
2026-03-06T10:00:00+00:00,157.863,158.088,157.3805,157.876
2026-03-06T14:00:00+00:00,157.8765,158.0905,157.5135,157.803
2026-03-06T18:00:00+00:00,157.804,157.963,157.615,157.777
2026-03-08T21:00:00+00:00,158.0575,158.696,158.056,158.6515
2026-03-09T01:00:00+00:00,158.653,158.9005,158.5735,158.7235
2026-03-09T05:00:00+00:00,158.7225,158.7755,158.3275,158.634
2026-03-09T09:00:00+00:00,158.6365,158.6505,158.1945,158.573
2026-03-09T13:00:00+00:00,158.5715,158.5845,157.973,158.139
2026-03-09T17:00:00+00:00,158.1395,158.418,157.632,157.671
2026-03-09T21:00:00+00:00,157.6705,157.956,157.5655,157.5935
2026-03-10T01:00:00+00:00,157.5945,157.9325,157.534,157.7785
2026-03-10T05:00:00+00:00,157.779,157.7865,157.2745,157.702
2026-03-10T09:00:00+00:00,157.701,157.979,157.5495,157.811
2026-03-10T13:00:00+00:00,157.81,157.918,157.5315,157.573
2026-03-10T17:00:00+00:00,157.574,158.134,157.4025,158.0485
2026-03-10T21:00:00+00:00,158.049,158.2265,157.921,158.1965
2026-03-11T01:00:00+00:00,158.1975,158.3945,158.098,158.1065
2026-03-11T05:00:00+00:00,158.108,158.4465,157.864,158.4025
2026-03-11T09:00:00+00:00,158.405,158.629,158.251,158.612
2026-03-11T13:00:00+00:00,158.613,158.8645,158.309,158.8355
2026-03-11T17:00:00+00:00,158.835,158.978,158.818,158.9555
2026-03-11T21:00:00+00:00,158.9525,159.238,158.813,158.978
2026-03-12T01:00:00+00:00,158.979,159.1575,158.7845,159.1265
2026-03-12T05:00:00+00:00,159.127,159.1275,158.673,158.887
2026-03-12T09:00:00+00:00,158.885,158.9385,158.5695,158.8935
2026-03-12T13:00:00+00:00,158.8945,159.2895,158.8065,159.2095
2026-03-12T17:00:00+00:00,159.212,159.431,159.117,159.3395
2026-03-12T21:00:00+00:00,159.34,159.4265,159.0125,159.096
2026-03-13T01:00:00+00:00,159.0965,159.687,159.0365,159.5075
2026-03-13T05:00:00+00:00,159.5085,159.5445,159.319,159.3345
2026-03-13T09:00:00+00:00,159.333,159.503,159.209,159.335
2026-03-13T13:00:00+00:00,159.3335,159.6365,159.0095,159.615
2026-03-13T17:00:00+00:00,159.614,159.756,159.5505,159.7415
2026-03-15T21:00:00+00:00,159.596,159.749,159.255,159.3015
2026-03-16T01:00:00+00:00,159.301,159.641,159.287,159.563
2026-03-16T05:00:00+00:00,159.564,159.586,159.1745,159.351
2026-03-16T09:00:00+00:00,159.352,159.385,158.9615,159.135
2026-03-16T13:00:00+00:00,159.134,159.358,158.8515,159.2665
2026-03-16T17:00:00+00:00,159.266,159.3045,158.9125,159.072
2026-03-16T21:00:00+00:00,159.0845,159.3465,159.012,159.318
2026-03-17T01:00:00+00:00,159.32,159.4545,159.217,159.2345
2026-03-17T05:00:00+00:00,159.2325,159.4965,159.0595,159.108
2026-03-17T09:00:00+00:00,159.107,159.216,158.9665,159.0345
2026-03-17T13:00:00+00:00,159.0335,159.1165,158.723,158.944
2026-03-17T17:00:00+00:00,158.9445,159.0655,158.8945,159.0015
2026-03-17T21:00:00+00:00,159.002,159.141,158.8045,159.069
2026-03-18T01:00:00+00:00,159.0675,159.0885,158.753,158.8145
2026-03-18T05:00:00+00:00,158.815,158.9905,158.5695,158.9505
2026-03-18T09:00:00+00:00,158.9515,159.4735,158.8975,159.448
2026-03-18T13:00:00+00:00,159.4485,159.5855,159.3705,159.4695
2026-03-18T17:00:00+00:00,159.47,159.9015,159.259,159.866
2026-03-18T21:00:00+00:00,159.8635,159.875,159.687,159.779
2026-03-19T01:00:00+00:00,159.7795,159.817,159.5455,159.6555
2026-03-19T05:00:00+00:00,159.656,159.806,159.04,159.1845
2026-03-19T09:00:00+00:00,159.1835,159.296,158.8545,158.908
2026-03-19T13:00:00+00:00,158.9085,158.9415,158.0445,158.0465
2026-03-19T17:00:00+00:00,158.047,158.0965,157.509,157.736
2026-03-19T21:00:00+00:00,157.7355,157.993,157.61,157.8595
2026-03-20T01:00:00+00:00,157.86,158.4155,157.749,158.382
2026-03-20T05:00:00+00:00,158.3815,158.4925,158.2595,158.4885
2026-03-20T09:00:00+00:00,158.4875,158.902,158.453,158.7005
2026-03-20T13:00:00+00:00,158.699,159.288,158.6725,159.2695
2026-03-20T17:00:00+00:00,159.267,159.389,159.145,159.228
2026-03-22T21:00:00+00:00,159.3085,159.527,159.0155,159.5025
2026-03-23T01:00:00+00:00,159.505,159.621,159.3295,159.3995
2026-03-23T05:00:00+00:00,159.4,159.658,159.3105,159.438
2026-03-23T09:00:00+00:00,159.441,159.6335,158.25,158.5125
2026-03-23T13:00:00+00:00,158.5095,158.846,158.2005,158.689
2026-03-23T17:00:00+00:00,158.6885,158.734,158.0205,158.4435
2026-03-23T21:00:00+00:00,158.4425,158.71,158.272,158.5745
2026-03-24T01:00:00+00:00,158.575,158.795,158.4485,158.7565
2026-03-24T05:00:00+00:00,158.7585,158.785,158.406,158.6555
2026-03-24T09:00:00+00:00,158.655,158.86,158.615,158.8185
2026-03-24T13:00:00+00:00,158.82,158.956,158.56,158.9185
2026-03-24T17:00:00+00:00,158.919,159.19,158.3705,158.699
2026-03-24T21:00:00+00:00,158.6955,158.837,158.575,158.6485
2026-03-25T01:00:00+00:00,158.65,158.943,158.6135,158.882
2026-03-25T05:00:00+00:00,158.8855,159.2015,158.7275,158.775
2026-03-25T09:00:00+00:00,158.7745,159.0885,158.7295,159.025
2026-03-25T13:00:00+00:00,159.023,159.3005,158.939,159.249
2026-03-25T17:00:00+00:00,159.2495,159.501,159.154,159.471
2026-03-25T21:00:00+00:00,159.472,159.504,159.3325,159.473
2026-03-26T01:00:00+00:00,159.4725,159.539,159.3725,159.4345
2026-03-26T05:00:00+00:00,159.4335,159.543,159.2845,159.469
2026-03-26T09:00:00+00:00,159.4645,159.6965,159.4245,159.635
2026-03-26T13:00:00+00:00,159.6355,159.6985,159.4325,159.6635
2026-03-26T17:00:00+00:00,159.663,159.8465,159.347,159.816
2026-03-26T21:00:00+00:00,159.816,159.8225,159.49,159.564
2026-03-27T01:00:00+00:00,159.5625,159.6445,159.456,159.623
2026-03-27T05:00:00+00:00,159.6215,159.9785,159.574,159.8385
2026-03-27T09:00:00+00:00,159.8355,159.9475,159.766,159.8765
2026-03-27T13:00:00+00:00,159.8775,160.296,159.701,160.1455
2026-03-27T17:00:00+00:00,160.148,160.4155,160.0755,160.2905
2026-03-29T22:00:00+01:00,160.222,160.464,159.8815,159.883
2026-03-30T02:00:00+01:00,159.8865,160,159.6585,159.7935
2026-03-30T06:00:00+01:00,159.7975,159.8595,159.5725,159.688
2026-03-30T10:00:00+01:00,159.6875,159.7295,159.3395,159.3725
2026-03-30T14:00:00+01:00,159.371,159.64,159.328,159.445
2026-03-30T18:00:00+01:00,159.4455,159.745,159.4185,159.708
2026-03-30T22:00:00+01:00,159.703,159.942,159.663,159.8825
2026-03-31T02:00:00+01:00,159.884,159.973,159.593,159.6235
2026-03-31T06:00:00+01:00,159.6225,159.7885,159.4845,159.578
2026-03-31T10:00:00+01:00,159.577,159.772,159.347,159.3675
2026-03-31T14:00:00+01:00,159.363,159.444,158.824,158.9545
2026-03-31T18:00:00+01:00,158.954,159.001,158.6595,158.722
2026-03-31T22:00:00+01:00,158.719,158.891,158.4535,158.788
2026-04-01T02:00:00+01:00,158.789,159.013,158.5875,158.785
2026-04-01T06:00:00+01:00,158.7855,158.922,158.273,158.583
2026-04-01T10:00:00+01:00,158.5815,158.7735,158.3065,158.531
2026-04-01T14:00:00+01:00,158.5305,158.76,158.4095,158.5535
2026-04-01T18:00:00+01:00,158.5545,158.9465,158.4495,158.8155
2026-04-01T22:00:00+01:00,158.816,158.88,158.5455,158.671
2026-04-02T02:00:00+01:00,158.672,159.48,158.609,159.343
2026-04-02T06:00:00+01:00,159.344,159.716,159.3065,159.6795
2026-04-02T10:00:00+01:00,159.681,159.746,159.5465,159.6325
2026-04-02T14:00:00+01:00,159.63,159.693,159.2335,159.512
2026-04-02T18:00:00+01:00,159.513,159.73,159.4955,159.604
2026-04-02T22:00:00+01:00,159.6105,159.637,159.431,159.599
2026-04-03T02:00:00+01:00,159.5985,159.7145,159.539,159.624
2026-04-03T06:00:00+01:00,159.6245,159.694,159.547,159.6095
2026-04-03T10:00:00+01:00,159.611,159.834,159.533,159.62
2026-04-03T14:00:00+01:00,159.6215,159.6495,159.4885,159.6365
2026-04-03T18:00:00+01:00,159.636,159.7305,159.493,159.667
2026-04-05T22:00:00+01:00,159.6475,159.832,159.485,159.749
2026-04-06T02:00:00+01:00,159.746,159.746,159.528,159.571
2026-04-06T06:00:00+01:00,159.5705,159.7115,159.307,159.388
2026-04-06T10:00:00+01:00,159.3885,159.5885,159.35,159.4075
2026-04-06T14:00:00+01:00,159.4065,159.8045,159.3965,159.679
2026-04-06T18:00:00+01:00,159.68,159.7985,159.595,159.68
2026-04-06T22:00:00+01:00,159.678,159.8425,159.5735,159.831
2026-04-07T02:00:00+01:00,159.831,159.932,159.7325,159.7385
2026-04-07T06:00:00+01:00,159.7375,159.881,159.4805,159.4905
2026-04-07T10:00:00+01:00,159.49,159.878,159.4695,159.782
2026-04-07T14:00:00+01:00,159.781,160.031,159.728,159.908
2026-04-07T18:00:00+01:00,159.91,159.957,159.507,159.6185
2026-04-07T22:00:00+01:00,159.6185,159.7525,158.5465,158.692
2026-04-08T02:00:00+01:00,158.6925,158.7155,158.297,158.356
2026-04-08T06:00:00+01:00,158.3555,158.491,158.0505,158.3755
2026-04-08T10:00:00+01:00,158.3745,158.5375,157.95,158.0155
2026-04-08T14:00:00+01:00,158.015,158.498,157.8875,158.422
2026-04-08T18:00:00+01:00,158.4215,158.798,158.382,158.5765
2026-04-08T22:00:00+01:00,158.575,158.8735,158.4545,158.859
2026-04-09T02:00:00+01:00,158.858,158.954,158.6465,158.7375
2026-04-09T06:00:00+01:00,158.7385,159.1095,158.7165,159.003
2026-04-09T10:00:00+01:00,159.0055,159.116,158.839,159.001
2026-04-09T14:00:00+01:00,158.9995,159.298,158.633,158.7635
2026-04-09T18:00:00+01:00,158.763,159.1325,158.6785,158.9715
2026-04-09T22:00:00+01:00,158.949,159.2435,158.947,159.187
2026-04-10T02:00:00+01:00,159.188,159.2315,159.0255,159.187
2026-04-10T06:00:00+01:00,159.1885,159.375,159.185,159.3195
2026-04-10T10:00:00+01:00,159.318,159.332,158.911,159.156
2026-04-10T14:00:00+01:00,159.1565,159.352,159.036,159.2695
2026-04-10T18:00:00+01:00,159.2705,159.344,159.243,159.2715
2026-04-12T22:00:00+01:00,159.681,159.8515,159.526,159.7075
2026-04-13T02:00:00+01:00,159.7055,159.785,159.656,159.7265
2026-04-13T06:00:00+01:00,159.725,159.7525,159.561,159.7105
2026-04-13T10:00:00+01:00,159.7105,159.8615,159.6485,159.744
2026-04-13T14:00:00+01:00,159.7445,159.8035,159.4595,159.527
2026-04-13T18:00:00+01:00,159.527,159.536,159.2915,159.4525
2026-04-13T22:00:00+01:00,159.452,159.468,159.141,159.167
2026-04-14T02:00:00+01:00,159.1665,159.265,159.0135,159.0305
2026-04-14T06:00:00+01:00,159.031,159.285,158.9515,159.0665
2026-04-14T10:00:00+01:00,159.066,159.095,158.698,158.7155
2026-04-14T14:00:00+01:00,158.7155,158.9365,158.603,158.838
2026-04-14T18:00:00+01:00,158.8375,158.9095,158.6865,158.7835
2026-04-14T22:00:00+01:00,158.7835,158.8865,158.7405,158.818
2026-04-15T02:00:00+01:00,158.8175,159.065,158.8175,158.9865
2026-04-15T06:00:00+01:00,158.987,159.0295,158.6465,158.7765
2026-04-15T10:00:00+01:00,158.776,159.153,158.7175,159.108
2026-04-15T14:00:00+01:00,159.107,159.1235,158.7535,158.882
2026-04-15T18:00:00+01:00,158.8825,159.1225,158.8785,159.0045
2026-04-15T22:00:00+01:00,159.004,159.0305,158.7175,158.732
2026-04-16T02:00:00+01:00,158.7315,158.826,158.264,158.7145
2026-04-16T06:00:00+01:00,158.715,159.059,158.702,158.986
2026-04-16T10:00:00+01:00,158.987,159.129,158.8805,159.115
2026-04-16T14:00:00+01:00,159.1145,159.3075,158.9905,159.18
2026-04-16T18:00:00+01:00,159.179,159.292,159.098,159.166
2026-04-16T22:00:00+01:00,159.1565,159.3615,159.0265,159.333
2026-04-17T02:00:00+01:00,159.336,159.4845,159.3035,159.4705
2026-04-17T06:00:00+01:00,159.471,159.5315,159.1415,159.1425
2026-04-17T10:00:00+01:00,159.1415,159.2275,158.41,158.415
2026-04-17T14:00:00+01:00,158.414,158.516,157.591,158.043
2026-04-17T18:00:00+01:00,158.042,158.6595,158.042,158.633
2026-04-19T22:00:00+01:00,158.806,159.204,158.7795,159.006
2026-04-20T02:00:00+01:00,159.0095,159.019,158.793,158.8995
2026-04-20T06:00:00+01:00,158.8985,159.076,158.7275,158.9835
2026-04-20T10:00:00+01:00,158.9825,159.03,158.759,158.878
2026-04-20T14:00:00+01:00,158.8785,158.937,158.5515,158.654
2026-04-20T18:00:00+01:00,158.6535,158.923,158.6105,158.8115
2026-04-20T22:00:00+01:00,158.812,158.995,158.6845,158.9535
2026-04-21T02:00:00+01:00,158.955,158.995,158.913,158.9585
2026-04-21T06:00:00+01:00,158.959,159.2155,158.7955,159.176
2026-04-21T10:00:00+01:00,159.1765,159.2555,159.0185,159.18
2026-04-21T14:00:00+01:00,159.178,159.505,159.0165,159.4685
2026-04-21T18:00:00+01:00,159.468,159.64,159.172,159.355
2026-04-21T22:00:00+01:00,159.353,159.47,159.1735,159.293
2026-04-22T02:00:00+01:00,159.294,159.402,159.2275,159.3455
2026-04-22T06:00:00+01:00,159.344,159.3705,159.105,159.36
2026-04-22T10:00:00+01:00,159.359,159.372,159.1535,159.3625
2026-04-22T14:00:00+01:00,159.361,159.532,159.1165,159.508
2026-04-22T18:00:00+01:00,159.509,159.575,159.417,159.4705
2026-04-22T22:00:00+01:00,159.4765,159.689,159.2985,159.332
2026-04-23T02:00:00+01:00,159.33,159.5855,159.2995,159.5475
2026-04-23T06:00:00+01:00,159.5485,159.7,159.517,159.6945
2026-04-23T10:00:00+01:00,159.694,159.7815,159.437,159.5055
2026-04-23T14:00:00+01:00,159.505,159.6285,159.315,159.458
2026-04-23T18:00:00+01:00,159.457,159.844,159.4545,159.7325
2026-04-23T22:00:00+01:00,159.741,159.811,159.601,159.7935
2026-04-24T02:00:00+01:00,159.793,159.842,159.729,159.7795
2026-04-24T06:00:00+01:00,159.7805,159.8175,159.6035,159.722
2026-04-24T10:00:00+01:00,159.7215,159.7715,159.337,159.551
2026-04-24T14:00:00+01:00,159.549,159.6525,159.3135,159.357
2026-04-24T18:00:00+01:00,159.355,159.468,159.3105,159.37
2026-04-26T22:00:00+01:00,159.5895,159.6215,159.45,159.4805
2026-04-27T02:00:00+01:00,159.4775,159.478,159.1515,159.237
2026-04-27T06:00:00+01:00,159.239,159.4825,159.1115,159.1505
2026-04-27T10:00:00+01:00,159.146,159.275,159.0965,159.23
2026-04-27T14:00:00+01:00,159.229,159.3875,159.1085,159.387
2026-04-27T18:00:00+01:00,159.3875,159.4635,159.3475,159.421
2026-04-27T22:00:00+01:00,159.4215,159.4875,159.3115,159.469
2026-04-28T02:00:00+01:00,159.47,159.568,158.962,159.085
2026-04-28T06:00:00+01:00,159.0855,159.688,159.032,159.4765
2026-04-28T10:00:00+01:00,159.4755,159.7885,159.4145,159.4645
2026-04-28T14:00:00+01:00,159.4645,159.75,159.4335,159.5615
2026-04-28T18:00:00+01:00,159.5595,159.6885,159.5105,159.6145
2026-04-28T22:00:00+01:00,159.611,159.641,159.5135,159.549
2026-04-29T02:00:00+01:00,159.548,159.664,159.528,159.6365
2026-04-29T06:00:00+01:00,159.636,159.7875,159.6055,159.7835
2026-04-29T10:00:00+01:00,159.782,159.9795,159.74,159.9765
2026-04-29T14:00:00+01:00,159.974,160.3265,159.9535,160.311
2026-04-29T18:00:00+01:00,160.3115,160.479,160.171,160.4145
2026-04-29T22:00:00+01:00,160.362,160.44,160.075,160.297
2026-04-30T02:00:00+01:00,160.3015,160.5805,160.212,160.5395
2026-04-30T06:00:00+01:00,160.54,160.7255,159.455,159.5905
2026-04-30T10:00:00+01:00,159.5835,159.5965,155.5575,156.823
2026-04-30T14:00:00+01:00,156.824,156.9625,156.197,156.5805
2026-04-30T18:00:00+01:00,156.58,156.7005,156.308,156.589
2026-04-30T22:00:00+01:00,156.5895,157.3075,156.4845,157.0815
2026-05-01T02:00:00+01:00,157.081,157.329,156.995,157.246
2026-05-01T06:00:00+01:00,157.2465,157.3005,155.491,156.4735
2026-05-01T10:00:00+01:00,156.474,156.7615,156.3895,156.595
2026-05-01T14:00:00+01:00,156.599,156.946,156.3375,156.944
2026-05-01T18:00:00+01:00,156.9445,157.1215,156.8545,157.0605
2026-05-03T22:00:00+01:00,156.775,156.9935,156.683,156.9095
2026-05-04T02:00:00+01:00,156.91,157.2515,155.705,156.733
2026-05-04T06:00:00+01:00,156.734,156.982,156.533,156.9525
2026-05-04T10:00:00+01:00,156.9515,157.2045,156.8965,157.1405
2026-05-04T14:00:00+01:00,157.1435,157.3025,156.927,157.272
2026-05-04T18:00:00+01:00,157.272,157.2865,156.5555,157.234
2026-05-04T22:00:00+01:00,157.241,157.272,157.136,157.214
2026-05-05T02:00:00+01:00,157.213,157.3005,157.189,157.287
2026-05-05T06:00:00+01:00,157.287,157.3015,157.082,157.2805
2026-05-05T10:00:00+01:00,157.281,157.8685,157.11,157.7715
2026-05-05T14:00:00+01:00,157.772,157.829,157.6095,157.789
2026-05-05T18:00:00+01:00,157.79,157.9195,157.7715,157.883
2026-05-05T22:00:00+01:00,157.8835,157.936,157.543,157.595
2026-05-06T02:00:00+01:00,157.5975,157.893,155.0315,155.935
2026-05-06T06:00:00+01:00,155.9335,156.567,155.7315,155.9805
2026-05-06T10:00:00+01:00,155.9795,156.3075,155.616,156.283
2026-05-06T14:00:00+01:00,156.286,156.489,156.05,156.43
2026-05-06T18:00:00+01:00,156.434,156.5155,156.2965,156.3835
2026-05-06T22:00:00+01:00,156.389,156.5275,156.2195,156.3235
2026-05-07T02:00:00+01:00,156.322,156.4385,156.022,156.3585
2026-05-07T06:00:00+01:00,156.3575,156.413,156.023,156.3275
2026-05-07T10:00:00+01:00,156.328,156.475,156.242,156.287
2026-05-07T14:00:00+01:00,156.287,156.646,156.171,156.636
2026-05-07T18:00:00+01:00,156.6345,156.9575,156.61,156.913
2026-05-07T22:00:00+01:00,156.922,156.9925,156.728,156.972
2026-05-08T02:00:00+01:00,156.9705,156.9765,156.7705,156.8475
2026-05-08T06:00:00+01:00,156.8455,156.885,156.6375,156.7055
2026-05-08T10:00:00+01:00,156.7045,156.8305,156.521,156.6435
2026-05-08T14:00:00+01:00,156.6435,156.7065,156.435,156.6985
2026-05-08T18:00:00+01:00,156.7,156.779,156.593,156.6745
2026-05-10T22:00:00+01:00,156.5845,157.062,156.5635,156.9395
2026-05-11T02:00:00+01:00,156.9405,157.175,156.926,157.1275
2026-05-11T06:00:00+01:00,157.128,157.148,156.949,157.088
2026-05-11T10:00:00+01:00,157.088,157.1625,157.063,157.116
2026-05-11T14:00:00+01:00,157.115,157.1635,156.9795,157.1585
2026-05-11T18:00:00+01:00,157.1575,157.2735,157.0935,157.171
2026-05-11T22:00:00+01:00,157.172,157.435,157.11,157.421
2026-05-12T02:00:00+01:00,157.425,157.654,157.376,157.5875
2026-05-12T06:00:00+01:00,157.5865,157.75,156.737,157.6185
2026-05-12T10:00:00+01:00,157.623,157.6665,157.4945,157.553
2026-05-12T14:00:00+01:00,157.5535,157.765,157.484,157.7525
2026-05-12T18:00:00+01:00,157.749,157.7555,157.5215,157.633
2026-05-12T22:00:00+01:00,157.6325,157.77,157.559,157.713
2026-05-13T02:00:00+01:00,157.7135,157.783,157.564,157.721
2026-05-13T06:00:00+01:00,157.721,157.8455,157.6765,157.8095
2026-05-13T10:00:00+01:00,157.8085,157.8975,157.745,157.847
2026-05-13T14:00:00+01:00,157.845,157.8975,157.7475,157.858
2026-05-13T18:00:00+01:00,157.8565,157.9255,157.834,157.862
2026-05-13T22:00:00+01:00,157.87,157.887,157.6995,157.854
2026-05-14T02:00:00+01:00,157.855,157.9945,157.5165,157.869
2026-05-14T06:00:00+01:00,157.8695,157.95,157.8085,157.902
2026-05-14T10:00:00+01:00,157.8985,157.994,157.878,157.9735
2026-05-14T14:00:00+01:00,157.9755,158.2025,157.3145,158.1695
2026-05-14T18:00:00+01:00,158.1685,158.4225,158.136,158.3625
2026-05-14T22:00:00+01:00,158.352,158.515,158.293,158.4715
2026-05-15T02:00:00+01:00,158.471,158.59,158.426,158.519
2026-05-15T06:00:00+01:00,158.5195,158.6755,158.352,158.5655
2026-05-15T10:00:00+01:00,158.5625,158.604,158.294,158.5765
2026-05-15T14:00:00+01:00,158.5755,158.745,158.532,158.712
2026-05-15T18:00:00+01:00,158.706,158.845,158.6445,158.744
2026-05-17T22:00:00+01:00,158.6805,158.953,158.587,158.935
2026-05-18T02:00:00+01:00,158.9355,159.0745,158.8185,158.984
2026-05-18T06:00:00+01:00,158.987,159.0005,158.7915,158.8275
2026-05-18T10:00:00+01:00,158.8265,158.96,158.614,158.691
2026-05-18T14:00:00+01:00,158.6915,158.9455,158.65,158.9355
2026-05-18T18:00:00+01:00,158.9375,159.083,158.744,158.8145
2026-05-18T22:00:00+01:00,158.818,159.021,158.751,159.0125
2026-05-19T02:00:00+01:00,159.0135,159.03,158.891,158.995
2026-05-19T06:00:00+01:00,158.9955,159.146,158.953,159.1405
2026-05-19T10:00:00+01:00,159.139,159.1795,158.651,159.067
2026-05-19T14:00:00+01:00,159.067,159.253,158.78,158.825
2026-05-19T18:00:00+01:00,158.8245,159.1055,158.7835,159.0675
2026-05-19T22:00:00+01:00,159.069,159.1065,158.955,158.998
2026-05-20T02:00:00+01:00,158.9985,159.093,158.821,158.9815
2026-05-20T06:00:00+01:00,158.9825,159.102,158.873,159.044
2026-05-20T10:00:00+01:00,159.0445,159.079,158.96,159.018
2026-05-20T14:00:00+01:00,159.0185,159.1685,158.589,158.837
2026-05-20T18:00:00+01:00,158.836,158.9635,158.7795,158.913
2026-05-20T22:00:00+01:00,158.913,158.9275,158.826,158.867
2026-05-21T02:00:00+01:00,158.865,159.0035,158.811,158.9985
2026-05-21T06:00:00+01:00,158.9995,159.0875,158.904,158.9815
2026-05-21T10:00:00+01:00,158.9835,159.189,158.912,159.1625
2026-05-21T14:00:00+01:00,159.1635,159.352,159.1205,159.1435
2026-05-21T18:00:00+01:00,159.145,159.175,158.8195,158.977
2026-05-21T22:00:00+01:00,158.979,159.1255,158.901,159.0935
2026-05-22T02:00:00+01:00,159.0975,159.1255,159.002,159.07
2026-05-22T06:00:00+01:00,159.071,159.144,159.057,159.092
2026-05-22T10:00:00+01:00,159.091,159.1495,159.061,159.0785
2026-05-22T14:00:00+01:00,159.0775,159.2345,158.992,159.1765
2026-05-22T18:00:00+01:00,159.173,159.217,159.064,159.1925
2026-05-24T22:00:00+01:00,158.832,158.9805,158.8065,158.9
2026-05-25T02:00:00+01:00,158.8995,158.915,158.759,158.862
2026-05-25T06:00:00+01:00,158.8635,159.042,158.846,158.9195
2026-05-25T10:00:00+01:00,158.917,158.9615,158.88,158.903
2026-05-25T14:00:00+01:00,158.9035,158.9505,158.883,158.898
2026-05-25T18:00:00+01:00,158.8975,158.9425,158.889,158.9065
2026-05-25T22:00:00+01:00,158.907,158.9935,158.838,158.971
2026-05-26T02:00:00+01:00,158.973,159.0155,158.913,159.0035
2026-05-26T06:00:00+01:00,159.005,159.2405,158.9745,159.213
2026-05-26T10:00:00+01:00,159.2115,159.2295,159.1085,159.2265
2026-05-26T14:00:00+01:00,159.2305,159.3805,159.228,159.3085
2026-05-26T18:00:00+01:00,159.3095,159.3805,159.287,159.3045
2026-05-26T22:00:00+01:00,159.3055,159.329,159.1775,159.282
2026-05-27T02:00:00+01:00,159.28,159.3055,159.1895,159.2445
2026-05-27T06:00:00+01:00,159.245,159.4455,159.232,159.394
2026-05-27T10:00:00+01:00,159.3945,159.4495,159.247,159.418
2026-05-27T14:00:00+01:00,159.418,159.537,159.3705,159.498
2026-05-27T18:00:00+01:00,159.4975,159.5795,159.495,159.528
2026-05-27T22:00:00+01:00,159.521,159.602,159.444,159.558
2026-05-28T02:00:00+01:00,159.56,159.653,159.5245,159.578
2026-05-28T06:00:00+01:00,159.5775,159.5815,159.442,159.458
2026-05-28T10:00:00+01:00,159.4575,159.47,159.316,159.369
2026-05-28T14:00:00+01:00,159.3685,159.493,159.114,159.1655
2026-05-28T18:00:00+01:00,159.1645,159.2885,159.1485,159.2405
2026-05-28T22:00:00+01:00,159.241,159.3265,159.205,159.293
2026-05-29T02:00:00+01:00,159.2925,159.3785,159.254,159.3025
2026-05-29T06:00:00+01:00,159.302,159.334,159.2005,159.2965
2026-05-29T10:00:00+01:00,159.2955,159.322,159.238,159.261
2026-05-29T14:00:00+01:00,159.2595,159.357,159.099,159.1995
2026-05-29T18:00:00+01:00,159.199,159.3065,159.1855,159.2765
2026-05-31T22:00:00+01:00,159.374,159.4695,159.3,159.456
2026-06-01T02:00:00+01:00,159.4565,159.498,159.441,159.4595
2026-06-01T06:00:00+01:00,159.46,159.5005,159.41,159.452
2026-06-01T10:00:00+01:00,159.453,159.495,159.437,159.4865
2026-06-01T14:00:00+01:00,159.486,159.7645,159.485,159.603
2026-06-01T18:00:00+01:00,159.6035,159.763,159.57,159.6565
2026-06-01T22:00:00+01:00,159.6605,159.725,159.5915,159.666
2026-06-02T02:00:00+01:00,159.6645,159.7295,159.638,159.7295
2026-06-02T06:00:00+01:00,159.728,159.7465,159.657,159.7425
2026-06-02T10:00:00+01:00,159.743,159.785,159.6975,159.782
2026-06-02T14:00:00+01:00,159.7815,159.947,159.7665,159.9085
2026-06-02T18:00:00+01:00,159.909,159.9885,159.8895,159.905
2026-06-02T22:00:00+01:00,159.9065,159.998,159.8625,159.9405
2026-06-03T02:00:00+01:00,159.94,159.945,159.817,159.8885
2026-06-03T06:00:00+01:00,159.89,159.9965,159.368,159.757
2026-06-03T10:00:00+01:00,159.756,159.9325,159.668,159.919
2026-06-03T14:00:00+01:00,159.9155,160.0485,159.894,159.986
2026-06-03T18:00:00+01:00,159.9845,160.096,159.9515,160.0605
2026-06-03T22:00:00+01:00,160.06,160.081,159.8325,159.91
2026-06-04T02:00:00+01:00,159.9085,159.992,159.601,159.87
2026-06-04T06:00:00+01:00,159.871,159.934,159.826,159.877
2026-06-04T10:00:00+01:00,159.8765,159.8985,159.7515,159.8655
2026-06-04T14:00:00+01:00,159.866,160.0295,159.8435,159.9705
2026-06-04T18:00:00+01:00,159.97,160.044,159.97,160.0245
2026-06-04T22:00:00+01:00,160.024,160.051,159.9445,159.9605
2026-06-05T02:00:00+01:00,159.96,159.993,159.8995,159.962
2026-06-05T06:00:00+01:00,159.963,159.9735,159.91,159.948
2026-06-05T10:00:00+01:00,159.949,160.2215,159.8325,160.214
2026-06-05T14:00:00+01:00,160.2165,160.3435,159.729,160.2795
2026-06-05T18:00:00+01:00,160.278,160.3415,160.091,160.3055
2026-06-07T22:00:00+01:00,160.2885,160.358,160.203,160.324
2026-06-08T02:00:00+01:00,160.323,160.394,160.2665,160.3435
2026-06-08T06:00:00+01:00,160.343,160.3465,159.851,160.0255
2026-06-08T10:00:00+01:00,160.025,160.083,159.8865,159.96
2026-06-08T14:00:00+01:00,159.9595,160.2035,159.939,160.1615
2026-06-08T18:00:00+01:00,160.161,160.2695,160.1235,160.1435
2026-06-08T22:00:00+01:00,160.153,160.28,160.118,160.2375
2026-06-09T02:00:00+01:00,160.237,160.257,160.177,160.1935
2026-06-09T06:00:00+01:00,160.193,160.2245,160.054,160.1775
2026-06-09T10:00:00+01:00,160.177,160.215,160.145,160.1895
2026-06-09T14:00:00+01:00,160.188,160.4455,160.149,160.4015
2026-06-09T18:00:00+01:00,160.4,160.424,160.2855,160.353
2026-06-09T22:00:00+01:00,160.344,160.436,160.3285,160.3855
2026-06-10T02:00:00+01:00,160.385,160.395,160.239,160.371
2026-06-10T06:00:00+01:00,160.37,160.4305,160.3275,160.4245
2026-06-10T10:00:00+01:00,160.424,160.53,160.325,160.439
2026-06-10T14:00:00+01:00,160.438,160.53,160.342,160.4885
2026-06-10T18:00:00+01:00,160.488,160.5755,160.454,160.5485
2026-06-10T22:00:00+01:00,160.5465,160.564,160.4795,160.5185
2026-06-11T02:00:00+01:00,160.518,160.5475,160.4285,160.506
2026-06-11T06:00:00+01:00,160.507,160.5895,160.495,160.5355
2026-06-11T10:00:00+01:00,160.5365,160.596,160.509,160.533
2026-06-11T14:00:00+01:00,160.5335,160.5595,160.458,160.5305
2026-06-11T18:00:00+01:00,160.5315,160.5485,159.5755,159.9315
2026-06-11T22:00:00+01:00,159.9325,160.2195,159.9055,160.1715
2026-06-12T02:00:00+01:00,160.1705,160.3065,160.1525,160.2575
2026-06-12T06:00:00+01:00,160.2575,160.377,159.9545,160.0945
2026-06-12T10:00:00+01:00,160.0935,160.308,159.957,160.2565
2026-06-12T14:00:00+01:00,160.2555,160.3425,160.164,160.2305
2026-06-12T18:00:00+01:00,160.2295,160.254,160.184,160.234
2026-06-14T22:00:00+01:00,160.144,160.1705,159.7385,160.112
2026-06-15T02:00:00+01:00,160.112,160.2315,160.0155,160.0515
2026-06-15T06:00:00+01:00,160.052,160.162,159.992,160.1365
2026-06-15T10:00:00+01:00,160.139,160.208,160.091,160.14
2026-06-15T14:00:00+01:00,160.141,160.2415,160.0315,160.218
2026-06-15T18:00:00+01:00,160.2185,160.3965,160.214,160.339
2026-06-15T22:00:00+01:00,160.3465,160.381,160.157,160.1995
2026-06-16T02:00:00+01:00,160.198,160.348,160.0505,160.2545
2026-06-16T06:00:00+01:00,160.255,160.346,160.149,160.3225
2026-06-16T10:00:00+01:00,160.322,160.377,160.2805,160.3255
2026-06-16T14:00:00+01:00,160.3255,160.466,160.324,160.3965
2026-06-16T18:00:00+01:00,160.397,160.483,160.3885,160.445
2026-06-16T22:00:00+01:00,160.4265,160.4635,160.3475,160.3535
2026-06-17T02:00:00+01:00,160.3525,160.373,160.2575,160.268
2026-06-17T06:00:00+01:00,160.2685,160.3345,160.1175,160.2085
2026-06-17T10:00:00+01:00,160.209,160.335,160.164,160.247
2026-06-17T14:00:00+01:00,160.2455,160.3505,160.188,160.1995
2026-06-17T18:00:00+01:00,160.2025,160.7965,160.195,160.65
2026-06-17T22:00:00+01:00,160.646,160.7505,160.52,160.7005
2026-06-18T02:00:00+01:00,160.6995,160.6995,160.563,160.595
2026-06-18T06:00:00+01:00,160.594,160.777,160.574,160.7765
2026-06-18T10:00:00+01:00,160.776,160.9515,160.4775,160.874
2026-06-18T14:00:00+01:00,160.8735,161.453,160.801,161.429
2026-06-18T18:00:00+01:00,161.428,161.81,160.932,161.374
2026-06-18T22:00:00+01:00,161.37,161.4405,161.0155,161.107
2026-06-19T02:00:00+01:00,161.1055,161.413,160.988,161.3775
2026-06-19T06:00:00+01:00,161.378,161.458,161.2405,161.287
2026-06-19T10:00:00+01:00,161.2865,161.3325,161.1595,161.1695
2026-06-19T14:00:00+01:00,161.1675,161.3415,161.1325,161.335
2026-06-19T18:00:00+01:00,161.338,161.348,161.231,161.313
2026-06-21T22:00:00+01:00,161.2575,161.569,161.25,161.497
2026-06-22T02:00:00+01:00,161.498,161.693,161.4375,161.6685
2026-06-22T06:00:00+01:00,161.668,161.788,161.613,161.771
2026-06-22T10:00:00+01:00,161.77,161.784,161.656,161.7745
2026-06-22T14:00:00+01:00,161.775,161.9275,161.0755,161.556
2026-06-22T18:00:00+01:00,161.5555,161.6905,161.4015,161.5615
2026-06-22T22:00:00+01:00,161.5645,161.6385,161.519,161.5795
2026-06-23T02:00:00+01:00,161.578,161.614,161.5245,161.611
2026-06-23T06:00:00+01:00,161.612,161.7415,161.273,161.435
2026-06-23T10:00:00+01:00,161.436,161.6155,161.343,161.557
2026-06-23T14:00:00+01:00,161.5575,161.6005,161.468,161.5975
2026-06-23T18:00:00+01:00,161.5985,161.62,161.5135,161.563
2026-06-23T22:00:00+01:00,161.572,161.6365,161.491,161.625
2026-06-24T02:00:00+01:00,161.6255,161.6275,161.532,161.5585
2026-06-24T06:00:00+01:00,161.559,161.7565,161.547,161.7555
2026-06-24T10:00:00+01:00,161.7535,161.7795,161.625,161.753
2026-06-24T14:00:00+01:00,161.7535,161.8175,161.689,161.758
2026-06-24T18:00:00+01:00,161.7595,161.8415,161.737,161.7845
2026-06-24T22:00:00+01:00,161.7845,161.804,161.699,161.715
2026-06-25T02:00:00+01:00,161.7145,161.7755,161.557,161.765
2026-06-25T06:00:00+01:00,161.7655,161.8995,161.7285,161.7995
2026-06-25T10:00:00+01:00,161.799,161.9495,161.752,161.839
2026-06-25T14:00:00+01:00,161.838,161.856,161.5595,161.768
2026-06-25T18:00:00+01:00,161.769,161.843,161.7305,161.788
2026-06-25T22:00:00+01:00,161.7925,161.842,161.6935,161.833
2026-06-26T02:00:00+01:00,161.831,161.849,161.5675,161.629
2026-06-26T06:00:00+01:00,161.6295,161.7485,161.5335,161.589
2026-06-26T10:00:00+01:00,161.588,161.705,161.5335,161.6585
2026-06-26T14:00:00+01:00,161.658,161.772,161.579,161.7565
2026-06-26T18:00:00+01:00,161.755,161.7805,161.712,161.7375
2026-06-28T22:00:00+01:00,161.738,161.8855,161.71,161.761
2026-06-29T02:00:00+01:00,161.7605,161.816,161.733,161.814
2026-06-29T06:00:00+01:00,161.8145,161.859,161.7785,161.854
2026-06-29T10:00:00+01:00,161.8535,161.9035,161.815,161.8945
2026-06-29T14:00:00+01:00,161.894,161.9655,161.8105,161.944
2026-06-29T18:00:00+01:00,161.9435,161.9835,161.908,161.9385
2026-06-29T22:00:00+01:00,161.94,162.404,161.8945,162.137
2026-06-30T02:00:00+01:00,162.1365,162.3055,162.0425,162.203
2026-06-30T06:00:00+01:00,162.207,162.415,162.1195,162.318
2026-06-30T10:00:00+01:00,162.319,162.512,162.0285,162.4055
2026-06-30T14:00:00+01:00,162.4035,162.6715,162.3165,162.6485
2026-06-30T18:00:00+01:00,162.6475,162.6495,162.541,162.561
2026-06-30T22:00:00+01:00,162.5495,162.7775,162.522,162.686
2026-07-01T02:00:00+01:00,162.688,162.841,162.565,162.7295
2026-07-01T06:00:00+01:00,162.7305,162.7615,162.612,162.666
2026-07-01T10:00:00+01:00,162.6655,162.766,162.6515,162.7005
2026-07-01T14:00:00+01:00,162.7005,162.736,162.297,162.4585
2026-07-01T18:00:00+01:00,162.458,162.6195,162.425,162.578
2026-07-01T22:00:00+01:00,162.5765,162.5985,162.4825,162.5645
2026-07-02T02:00:00+01:00,162.5645,162.586,162.3635,162.434
2026-07-02T06:00:00+01:00,162.4335,162.4335,160.902,161.0275
2026-07-02T10:00:00+01:00,161.026,161.6435,160.632,161.028
2026-07-02T14:00:00+01:00,161.0275,161.16,160.761,160.9855
2026-07-02T18:00:00+01:00,160.987,161.173,160.987,161.0995
2026-07-02T22:00:00+01:00,161.1025,161.523,160.948,161.192
2026-07-03T02:00:00+01:00,161.1905,161.274,160.921,161.129
2026-07-03T06:00:00+01:00,161.1295,161.181,160.4815,161.037
2026-07-03T10:00:00+01:00,161.0365,161.1725,160.9665,161.1715
2026-07-03T14:00:00+01:00,161.1715,161.394,161.1695,161.3505
2026-07-03T18:00:00+01:00,161.351,161.4405,161.283,161.3595
2026-07-05T22:00:00+01:00,161.305,161.606,161.2835,161.534
2026-07-06T02:00:00+01:00,161.5385,161.9455,161.531,161.9395
2026-07-06T06:00:00+01:00,161.94,162.316,161.886,162.2465
2026-07-06T10:00:00+01:00,162.248,162.427,162.23,162.398
2026-07-06T14:00:00+01:00,162.399,162.421,162.242,162.2615
2026-07-06T18:00:00+01:00,162.261,162.273,162.019,162.085
2026-07-06T22:00:00+01:00,162.084,162.1895,162.0015,162.132
2026-07-07T02:00:00+01:00,162.1325,162.1475,161.682,161.798
2026-07-07T06:00:00+01:00,161.7985,162.082,161.66,161.9005
2026-07-07T10:00:00+01:00,161.9015,161.966,161.756,161.8395
2026-07-07T14:00:00+01:00,161.8405,162.022,161.814,161.9355
2026-07-07T18:00:00+01:00,161.936,162.139,161.86,162.1025
2026-07-07T22:00:00+01:00,162.101,162.404,162.0125,162.349
2026-07-08T02:00:00+01:00,162.348,162.463,162.285,162.368
2026-07-08T06:00:00+01:00,162.3685,162.498,162.077,162.4905
2026-07-08T10:00:00+01:00,162.491,162.5575,162.2675,162.5215
2026-07-08T14:00:00+01:00,162.521,162.7085,162.4855,162.5365
2026-07-08T18:00:00+01:00,162.535,162.6495,162.42,162.587
2026-07-08T22:00:00+01:00,162.586,162.627,162.3625,162.446
2026-07-09T02:00:00+01:00,162.445,162.5745,162.41,162.4325
2026-07-09T06:00:00+01:00,162.4335,162.4385,162.2495,162.3955
2026-07-09T10:00:00+01:00,162.3965,162.51,162.3825,162.444
2026-07-09T14:00:00+01:00,162.4445,162.4545,162.2575,162.3165
2026-07-09T18:00:00+01:00,162.317,162.416,162.2735,162.384
2026-07-09T22:00:00+01:00,162.3955,162.436,161.895,162.0565
2026-07-10T02:00:00+01:00,162.056,162.107,161.286,161.634
2026-07-10T06:00:00+01:00,161.635,161.7755,161.411,161.688
2026-07-10T10:00:00+01:00,161.6885,161.8945,161.64,161.797
2026-07-10T14:00:00+01:00,161.7965,161.8705,161.2825,161.51
2026-07-10T18:00:00+01:00,161.5105,161.761,161.494,161.71
2026-07-12T22:00:00+01:00,161.72,162.102,161.6965,162.095
2026-07-13T02:00:00+01:00,162.0975,162.1725,161.958,161.9955
2026-07-13T06:00:00+01:00,161.996,162.357,161.839,162.0815
2026-07-13T10:00:00+01:00,162.081,162.196,161.981,162.114
2026-07-13T14:00:00+01:00,162.1135,162.4655,162.0745,162.454
2026-07-13T18:00:00+01:00,162.451,162.485,162.357,162.434
2026-07-13T22:00:00+01:00,162.406,162.5045,162.2345,162.3845
2026-07-14T02:00:00+01:00,162.3855,162.4255,162.2305,162.321
2026-07-14T06:00:00+01:00,162.3215,162.3875,162.0545,162.277
2026-07-14T10:00:00+01:00,162.276,162.2835,161.608,161.9125
2026-07-14T14:00:00+01:00,161.9095,162.201,161.8345,162.115
2026-07-14T18:00:00+01:00,162.1165,162.2875,162.1155,162.25
2026-07-14T22:00:00+01:00,162.249,162.2685,162.078,162.101
2026-07-15T02:00:00+01:00,162.1015,162.2295,161.967,162.2125
2026-07-15T06:00:00+01:00,162.212,162.3515,162.104,162.2985
2026-07-15T10:00:00+01:00,162.298,162.4215,162.1415,162.167
2026-07-15T14:00:00+01:00,162.167,162.2815,162.0755,162.1645
2026-07-15T18:00:00+01:00,162.1635,162.2835,161.896,162.1855
2026-07-15T22:00:00+01:00,162.185,162.2415,162.031,162.097
2026-07-16T02:00:00+01:00,162.0975,162.17,162.0305,162.0965
2026-07-16T06:00:00+01:00,162.0975,162.1825,161.983,162.1465
2026-07-16T10:00:00+01:00,162.146,162.302,162.111,162.297
2026-07-16T14:00:00+01:00,162.296,162.547,162.2155,162.478
2026-07-16T18:00:00+01:00,162.4785,162.507,162.356,162.3925
2026-07-16T22:00:00+01:00,162.393,162.4575,162.316,162.422
2026-07-17T02:00:00+01:00,162.423,162.4745,162.3415,162.418
2026-07-17T06:00:00+01:00,162.4195,162.4445,162.124,162.39
2026-07-17T10:00:00+01:00,162.3905,162.454,162.302,162.411
2026-07-17T14:00:00+01:00,162.4105,162.52,162.324,162.431
2026-07-17T18:00:00+01:00,162.4305,162.478,162.355,162.4035
2026-07-19T22:00:00+01:00,162.4525,162.594,162.3285,162.3385
2026-07-20T02:00:00+01:00,162.338,162.414,162.3065,162.3395
2026-07-20T06:00:00+01:00,162.34,162.454,162.3145,162.3705
2026-07-20T10:00:00+01:00,162.372,162.436,162.1985,162.411
2026-07-20T14:00:00+01:00,162.41,162.598,162.387,162.527
2026-07-20T18:00:00+01:00,162.526,162.5345,162.422,162.497
2026-07-20T22:00:00+01:00,162.4965,162.536,162.4475,162.5355
2026-07-21T02:00:00+01:00,162.536,162.5375,162.4315,162.4885
2026-07-21T06:00:00+01:00,162.488,162.7,162.471,162.6875
2026-07-21T10:00:00+01:00,162.6875,162.802,162.609,162.725
2026-07-21T14:00:00+01:00,162.724,163.041,162.724,163.008
2026-07-21T18:00:00+01:00,163.0085,163.241,162.9795,163.174
2026-07-21T22:00:00+01:00,163.174,163.2285,163.0295,163.1375
2026-07-22T02:00:00+01:00,163.1365,163.2035,163.0735,163.1745
2026-07-22T06:00:00+01:00,163.174,163.1885,162.6775,162.9595
2026-07-22T10:00:00+01:00,162.96,163.1375,162.945,163.106
2026-07-22T14:00:00+01:00,163.1075,163.1335,163.0145,163.1135
2026-07-22T18:00:00+01:00,163.113,163.1785,163.1065,163.1465
2026-07-22T22:00:00+01:00,163.1485,163.1795,163.0465,163.0585
2026-07-23T02:00:00+01:00,163.0585,163.099,162.9965,163.0735
2026-07-23T06:00:00+01:00,163.073,163.4415,163.068,163.337
2026-07-23T10:00:00+01:00,163.339,163.7575,163.292,163.676
2026-07-23T14:00:00+01:00,163.6765,163.99,163.6655,163.7695
2026-07-23T18:00:00+01:00,163.7705,163.893,163.7185,163.853
2026-07-23T22:00:00+01:00,163.854,163.9385,163.787,163.8155
2026-07-24T02:00:00+01:00,163.8115,163.8685,163.7245,163.8295
2026-07-24T06:00:00+01:00,163.83,163.8485,163.6535,163.7315
2026-07-24T10:00:00+01:00,163.732,163.8645,163.6765,163.853
2026-07-24T14:00:00+01:00,163.853,163.88,163.6445,163.7815
2026-07-24T18:00:00+01:00,163.7865,163.878,163.785,163.8415
2026-07-26T22:00:00+01:00,163.5665,163.7105,163.523,163.6345
2026-07-27T02:00:00+01:00,163.634,163.638,163.458,163.5805
2026-07-27T06:00:00+01:00,163.58,163.608,163.331,163.5205
2026-07-27T10:00:00+01:00,163.52,163.7065,163.498,163.693
2026-07-27T14:00:00+01:00,163.6935,163.769,163.588,163.6535
2026-07-27T18:00:00+01:00,163.6545,163.797,163.654,163.7455
2026-07-27T22:00:00+01:00,163.7495,163.8425,163.6985,163.7475
2026-07-28T02:00:00+01:00,163.7475,163.7925,163.6765,163.752
2026-07-28T06:00:00+01:00,163.751,163.855,163.671,163.826
2026-07-28T10:00:00+01:00,163.8255,163.95,163.811,163.879
2026-07-28T14:00:00+01:00,163.8805,163.8855,163.6455,163.7455
2026-07-28T18:00:00+01:00,163.747,163.8885,163.718,163.833
2026-07-28T22:00:00+01:00,163.8265,163.8845,163.6755,163.7075
2026-07-29T02:00:00+01:00,163.708,163.78,163.2795,163.4275
2026-07-29T06:00:00+01:00,163.4265,163.6945,163.345,163.587
2026-07-29T10:00:00+01:00,163.5865,163.8215,163.506,163.8005
2026-07-29T14:00:00+01:00,163.8,163.907,163.7295,163.8965
2026-07-29T18:00:00+01:00,163.8975,163.8985,163.232,163.398
2026-07-29T22:00:00+01:00,163.3975,163.5155,163.21,163.4935
2026-07-30T02:00:00+01:00,163.492,163.554,163.4155,163.492
2026-07-30T06:00:00+01:00,163.4915,163.74,163.4585,163.653
2026-07-30T10:00:00+01:00,163.6515,163.652,162.2865,162.957
2026-07-30T14:00:00+01:00,162.958,162.961,157.969,159.573
2026-07-30T18:00:00+01:00,159.5725,159.8465,158.517,159.535
2026-07-30T22:00:00+01:00,159.534,160.6895,159.378,160.5415
2026-07-31T02:00:00+01:00,160.5395,160.8835,160.342,160.6845
2026-07-31T06:00:00+01:00,160.683,160.748,158.5455,158.9335
2026-07-31T10:00:00+01:00,158.9345,160.4535,158.5735,160.3745
2026-07-31T14:00:00+01:00,160.3745,160.5395,158.859,159.369
2026-07-31T18:00:00+01:00,159.3695,159.509,157.233,157.432
