time,open,high,low,close
2023-08-28T06:00:00+01:00,1.46542,1.46586,1.46409,1.46433
2023-08-28T14:00:00+01:00,1.46433,1.46745,1.46365,1.46535
2023-08-28T22:00:00+01:00,1.46539,1.46559,1.4631,1.46489
2023-08-29T06:00:00+01:00,1.46488,1.47376,1.46339,1.47241
2023-08-29T14:00:00+01:00,1.4724,1.47266,1.45669,1.45877
2023-08-29T22:00:00+01:00,1.45883,1.46256,1.4578,1.46225
2023-08-30T06:00:00+01:00,1.46225,1.46537,1.4582,1.45873
2023-08-30T14:00:00+01:00,1.45873,1.46294,1.4556,1.46245
2023-08-30T22:00:00+01:00,1.46246,1.46267,1.45755,1.45885
2023-08-31T06:00:00+01:00,1.45884,1.4607,1.45628,1.45869
2023-08-31T14:00:00+01:00,1.45869,1.4623,1.45351,1.45538
2023-08-31T22:00:00+01:00,1.45541,1.45702,1.45238,1.45494
2023-09-01T06:00:00+01:00,1.45495,1.4563,1.44444,1.44734
2023-09-01T14:00:00+01:00,1.44734,1.46294,1.44694,1.4623
2023-09-03T22:00:00+01:00,1.46178,1.46253,1.46024,1.46161
2023-09-04T06:00:00+01:00,1.4616,1.46467,1.46133,1.4645
2023-09-04T14:00:00+01:00,1.46449,1.46498,1.46392,1.46479
2023-09-04T22:00:00+01:00,1.46474,1.46777,1.46398,1.4667
2023-09-05T06:00:00+01:00,1.46669,1.47505,1.46657,1.47198
2023-09-05T14:00:00+01:00,1.47198,1.47803,1.47138,1.4772
2023-09-05T22:00:00+01:00,1.47725,1.47818,1.47364,1.474
2023-09-06T06:00:00+01:00,1.47399,1.47595,1.47017,1.47274
2023-09-06T14:00:00+01:00,1.47274,1.47745,1.47132,1.47662
2023-09-06T22:00:00+01:00,1.47657,1.47875,1.47497,1.47566
2023-09-07T06:00:00+01:00,1.47565,1.47683,1.4722,1.47283
2023-09-07T14:00:00+01:00,1.47283,1.47438,1.47045,1.47295
2023-09-07T22:00:00+01:00,1.47296,1.47385,1.46589,1.4723
2023-09-08T06:00:00+01:00,1.47229,1.47574,1.47054,1.47552
2023-09-08T14:00:00+01:00,1.47554,1.47872,1.47325,1.47838
2023-09-10T22:00:00+01:00,1.47017,1.47277,1.4615,1.46202
2023-09-11T06:00:00+01:00,1.46202,1.46985,1.45903,1.46497
2023-09-11T14:00:00+01:00,1.46497,1.46602,1.46199,1.46584
2023-09-11T22:00:00+01:00,1.46585,1.46804,1.46439,1.46734
2023-09-12T06:00:00+01:00,1.46734,1.47161,1.46662,1.47121
2023-09-12T14:00:00+01:00,1.47124,1.47235,1.46987,1.4708
2023-09-12T22:00:00+01:00,1.47078,1.47449,1.4702,1.47395
2023-09-13T06:00:00+01:00,1.47394,1.47748,1.47209,1.47435
2023-09-13T14:00:00+01:00,1.47435,1.47603,1.47168,1.4746
2023-09-13T22:00:00+01:00,1.47459,1.47468,1.47021,1.47141
2023-09-14T06:00:00+01:00,1.47139,1.47569,1.47074,1.47408
2023-09-14T14:00:00+01:00,1.47408,1.47492,1.47019,1.4747
2023-09-14T22:00:00+01:00,1.47473,1.47521,1.47338,1.4741
2023-09-15T06:00:00+01:00,1.47411,1.47952,1.47369,1.47942
2023-09-15T14:00:00+01:00,1.47942,1.47947,1.47605,1.47844
2023-09-17T22:00:00+01:00,1.47737,1.47879,1.47679,1.4768
2023-09-18T06:00:00+01:00,1.47678,1.47756,1.47558,1.47732
2023-09-18T14:00:00+01:00,1.47732,1.47773,1.47579,1.47605
2023-09-18T22:00:00+01:00,1.47599,1.4779,1.47507,1.47752
2023-09-19T06:00:00+01:00,1.47752,1.47895,1.4757,1.4778
2023-09-19T14:00:00+01:00,1.47779,1.47923,1.47626,1.47855
2023-09-19T22:00:00+01:00,1.4785,1.47877,1.47693,1.47836
2023-09-20T06:00:00+01:00,1.47836,1.48168,1.47801,1.47864
2023-09-20T14:00:00+01:00,1.47864,1.48361,1.47474,1.48342
2023-09-20T22:00:00+01:00,1.48339,1.4846,1.48184,1.48344
2023-09-21T06:00:00+01:00,1.48345,1.48398,1.47701,1.47957
2023-09-21T14:00:00+01:00,1.47959,1.47985,1.47322,1.47589
2023-09-21T22:00:00+01:00,1.47586,1.48257,1.47508,1.48023
2023-09-22T06:00:00+01:00,1.48022,1.48419,1.47925,1.48253
2023-09-22T14:00:00+01:00,1.48254,1.48428,1.47961,1.4838
2023-09-24T22:00:00+01:00,1.4831,1.48484,1.48246,1.48354
2023-09-25T06:00:00+01:00,1.48352,1.48756,1.48325,1.48739
2023-09-25T14:00:00+01:00,1.48738,1.48964,1.48727,1.48888
2023-09-25T22:00:00+01:00,1.48884,1.48955,1.48705,1.48883
2023-09-26T06:00:00+01:00,1.48884,1.49187,1.4876,1.48799
2023-09-26T14:00:00+01:00,1.48798,1.491,1.48797,1.49064
2023-09-26T22:00:00+01:00,1.49064,1.49083,1.48862,1.49024
2023-09-27T06:00:00+01:00,1.49023,1.49253,1.48975,1.49187
2023-09-27T14:00:00+01:00,1.49187,1.49709,1.49167,1.49634
2023-09-27T22:00:00+01:00,1.49629,1.49636,1.4933,1.49334
2023-09-28T06:00:00+01:00,1.49333,1.49504,1.49165,1.49455
2023-09-28T14:00:00+01:00,1.49455,1.49466,1.49146,1.49308
2023-09-28T22:00:00+01:00,1.49309,1.49503,1.49202,1.49368
2023-09-29T06:00:00+01:00,1.49368,1.49392,1.48528,1.49193
2023-09-29T14:00:00+01:00,1.49193,1.49491,1.49084,1.49368
2023-10-01T22:00:00+01:00,1.49606,1.49825,1.49442,1.49729
2023-10-02T06:00:00+01:00,1.4973,1.49818,1.49557,1.49806
2023-10-02T14:00:00+01:00,1.49806,1.49879,1.49674,1.49853
2023-10-02T22:00:00+01:00,1.49852,1.49894,1.49779,1.4988
2023-10-03T06:00:00+01:00,1.49879,1.4998,1.49655,1.49922
2023-10-03T14:00:00+01:00,1.4992,1.50162,1.47295,1.49011
2023-10-03T22:00:00+01:00,1.49014,1.4932,1.48947,1.49167
2023-10-04T06:00:00+01:00,1.49166,1.49272,1.48735,1.48876
2023-10-04T14:00:00+01:00,1.48875,1.49134,1.48766,1.49125
2023-10-04T22:00:00+01:00,1.49122,1.49125,1.4826,1.48551
2023-10-05T06:00:00+01:00,1.48554,1.49119,1.48508,1.48931
2023-10-05T14:00:00+01:00,1.48931,1.48972,1.48306,1.48514
2023-10-05T22:00:00+01:00,1.48515,1.48768,1.48361,1.48756
2023-10-06T06:00:00+01:00,1.48757,1.49537,1.48749,1.49419
2023-10-06T14:00:00+01:00,1.49418,1.49461,1.4904,1.49337
2023-10-08T22:00:00+01:00,1.49107,1.49242,1.48989,1.49201
2023-10-09T06:00:00+01:00,1.492,1.49226,1.49054,1.49066
2023-10-09T14:00:00+01:00,1.49065,1.49072,1.48436,1.48503
2023-10-09T22:00:00+01:00,1.485,1.48761,1.48164,1.48741
2023-10-10T06:00:00+01:00,1.48742,1.49099,1.4852,1.4893
2023-10-10T14:00:00+01:00,1.4893,1.49084,1.48545,1.48712
2023-10-10T22:00:00+01:00,1.48711,1.48896,1.48425,1.48876
2023-10-11T06:00:00+01:00,1.48873,1.49087,1.48581,1.48879
2023-10-11T14:00:00+01:00,1.48877,1.49325,1.48824,1.49165
2023-10-11T22:00:00+01:00,1.49167,1.49274,1.4898,1.49131
2023-10-12T06:00:00+01:00,1.49131,1.49484,1.48955,1.49446
2023-10-12T14:00:00+01:00,1.49447,1.4983,1.49391,1.49808
2023-10-12T22:00:00+01:00,1.49804,1.4983,1.49604,1.49649
2023-10-13T06:00:00+01:00,1.49648,1.49779,1.49456,1.49536
2023-10-13T14:00:00+01:00,1.49535,1.49761,1.49454,1.49571
2023-10-15T22:00:00+01:00,1.49365,1.49634,1.49361,1.49436
2023-10-16T06:00:00+01:00,1.49436,1.49615,1.49375,1.4945
2023-10-16T14:00:00+01:00,1.49448,1.49766,1.4944,1.4951
2023-10-16T22:00:00+01:00,1.4951,1.49641,1.4948,1.4955
2023-10-17T06:00:00+01:00,1.49551,1.49794,1.48756,1.49773
2023-10-17T14:00:00+01:00,1.49774,1.49851,1.49599,1.49815
2023-10-17T22:00:00+01:00,1.49818,1.49842,1.49485,1.49673
2023-10-18T06:00:00+01:00,1.49672,1.49786,1.49604,1.49737
2023-10-18T14:00:00+01:00,1.49736,1.4994,1.49679,1.49926
2023-10-18T22:00:00+01:00,1.4992,1.49926,1.49666,1.4981
2023-10-19T06:00:00+01:00,1.49809,1.49899,1.49724,1.49825
2023-10-19T14:00:00+01:00,1.49822,1.49962,1.49677,1.49789
2023-10-19T22:00:00+01:00,1.49792,1.49943,1.49732,1.49861
2023-10-20T06:00:00+01:00,1.49865,1.49994,1.4964,1.49968
2023-10-20T14:00:00+01:00,1.49968,1.49979,1.49777,1.49843
2023-10-22T22:00:00+01:00,1.49862,1.49944,1.49762,1.49938
2023-10-23T06:00:00+01:00,1.49938,1.49991,1.49868,1.49942
2023-10-23T14:00:00+01:00,1.49943,1.49952,1.49557,1.4971
2023-10-23T22:00:00+01:00,1.49714,1.49791,1.49499,1.49655
2023-10-24T06:00:00+01:00,1.49653,1.49846,1.49322,1.49806
2023-10-24T14:00:00+01:00,1.49809,1.49933,1.49746,1.49912
2023-10-24T22:00:00+01:00,1.49911,1.49927,1.49796,1.49846
2023-10-25T06:00:00+01:00,1.49845,1.49946,1.49821,1.49922
2023-10-25T14:00:00+01:00,1.49921,1.50319,1.49863,1.50231
2023-10-25T22:00:00+01:00,1.50217,1.50479,1.50043,1.50432
2023-10-26T06:00:00+01:00,1.50432,1.50779,1.49844,1.50192
2023-10-26T14:00:00+01:00,1.50193,1.50503,1.50085,1.50395
2023-10-26T22:00:00+01:00,1.50395,1.50427,1.50144,1.50174
2023-10-27T06:00:00+01:00,1.50172,1.50279,1.49726,1.49876
2023-10-27T14:00:00+01:00,1.49877,1.49903,1.49461,1.49642
2023-10-29T21:00:00+00:00,1.49519,1.49815,1.495,1.49561
2023-10-30T05:00:00+00:00,1.4956,1.49856,1.49283,1.49764
2023-10-30T13:00:00+00:00,1.49764,1.49803,1.48806,1.49094
2023-10-30T21:00:00+00:00,1.49096,1.50184,1.49028,1.50147
2023-10-31T05:00:00+00:00,1.50148,1.50949,1.50065,1.50934
2023-10-31T13:00:00+00:00,1.50935,1.5173,1.50818,1.51654
2023-10-31T21:00:00+00:00,1.51648,1.51694,1.51145,1.51324
2023-11-01T05:00:00+00:00,1.51324,1.51397,1.51086,1.51182
2023-11-01T13:00:00+00:00,1.51182,1.5138,1.50663,1.50954
2023-11-01T21:00:00+00:00,1.50951,1.50975,1.50151,1.50435
2023-11-02T05:00:00+00:00,1.50436,1.50582,1.49954,1.49987
2023-11-02T13:00:00+00:00,1.49987,1.50546,1.49845,1.5044
2023-11-02T21:00:00+00:00,1.5044,1.5053,1.50273,1.50284
2023-11-03T05:00:00+00:00,1.50283,1.50427,1.49287,1.49403
2023-11-03T13:00:00+00:00,1.49404,1.49758,1.49191,1.49385
2023-11-05T22:00:00+00:00,1.49362,1.49676,1.49329,1.49546
2023-11-06T06:00:00+00:00,1.49547,1.49839,1.49377,1.49809
2023-11-06T14:00:00+00:00,1.49811,1.50083,1.49681,1.50072
2023-11-06T22:00:00+00:00,1.50073,1.50318,1.49934,1.50289
2023-11-07T06:00:00+00:00,1.50288,1.50645,1.50248,1.50578
2023-11-07T14:00:00+00:00,1.50577,1.50694,1.50317,1.50359
2023-11-07T22:00:00+00:00,1.50358,1.50645,1.50328,1.50643
2023-11-08T06:00:00+00:00,1.50643,1.50988,1.50597,1.50906
2023-11-08T14:00:00+00:00,1.50904,1.51059,1.50731,1.50975
2023-11-08T22:00:00+00:00,1.50974,1.51037,1.50825,1.51036
2023-11-09T06:00:00+00:00,1.51036,1.51185,1.50771,1.50971
2023-11-09T14:00:00+00:00,1.50972,1.51389,1.50834,1.51348
2023-11-09T22:00:00+00:00,1.51351,1.51407,1.51222,1.51393
2023-11-10T06:00:00+00:00,1.51396,1.5149,1.51323,1.5136
2023-11-10T14:00:00+00:00,1.51358,1.51603,1.51355,1.51524
2023-11-12T22:00:00+00:00,1.51486,1.51795,1.51446,1.51775
2023-11-13T06:00:00+00:00,1.51775,1.51857,1.51673,1.51808
2023-11-13T14:00:00+00:00,1.51808,1.51909,1.51205,1.51721
2023-11-13T22:00:00+00:00,1.51721,1.51784,1.51616,1.5171
2023-11-14T06:00:00+00:00,1.5171,1.51747,1.50801,1.51002
2023-11-14T14:00:00+00:00,1.51004,1.51005,1.50157,1.50375
2023-11-14T22:00:00+00:00,1.50376,1.50793,1.5028,1.50661
2023-11-15T06:00:00+00:00,1.5066,1.50887,1.5005,1.50777
2023-11-15T14:00:00+00:00,1.50778,1.51423,1.50752,1.51345
2023-11-15T22:00:00+00:00,1.51351,1.51377,1.51119,1.51306
2023-11-16T06:00:00+00:00,1.51306,1.51431,1.50652,1.50653
2023-11-16T14:00:00+00:00,1.50652,1.50918,1.50287,1.50724
2023-11-16T22:00:00+00:00,1.50717,1.50777,1.50422,1.50636
2023-11-17T06:00:00+00:00,1.50636,1.50696,1.49199,1.49635
2023-11-17T14:00:00+00:00,1.49636,1.49876,1.49485,1.49571
2023-11-19T22:00:00+00:00,1.49685,1.49991,1.4869,1.49084
2023-11-20T06:00:00+00:00,1.49084,1.49211,1.48104,1.48511
2023-11-20T14:00:00+00:00,1.48514,1.48691,1.4814,1.48381
2023-11-20T22:00:00+00:00,1.48387,1.4842,1.47248,1.47784
2023-11-21T06:00:00+00:00,1.47782,1.47835,1.47152,1.47622
2023-11-21T14:00:00+00:00,1.47622,1.48597,1.47439,1.48393
2023-11-21T22:00:00+00:00,1.48395,1.48806,1.4802,1.48756
2023-11-22T06:00:00+00:00,1.48758,1.49352,1.48591,1.49236
2023-11-22T14:00:00+00:00,1.49236,1.4975,1.492,1.4954
2023-11-22T22:00:00+00:00,1.49539,1.49572,1.48954,1.4899
2023-11-23T06:00:00+00:00,1.48991,1.49575,1.48889,1.49474
2023-11-23T14:00:00+00:00,1.49476,1.49693,1.49452,1.49559
2023-11-23T22:00:00+00:00,1.49545,1.49715,1.49199,1.49255
2023-11-24T06:00:00+00:00,1.49256,1.49673,1.49208,1.49592
2023-11-24T14:00:00+00:00,1.49592,1.49628,1.49405,1.49445
2023-11-26T22:00:00+00:00,1.4944,1.49677,1.48888,1.49134
2023-11-27T06:00:00+00:00,1.49135,1.49328,1.48652,1.48815
2023-11-27T14:00:00+00:00,1.48816,1.4908,1.48548,1.48689
2023-11-27T22:00:00+00:00,1.48687,1.48738,1.47971,1.48287
2023-11-28T06:00:00+00:00,1.48287,1.48832,1.48157,1.48365
2023-11-28T14:00:00+00:00,1.48365,1.48502,1.47324,1.4748
2023-11-28T22:00:00+00:00,1.47484,1.47555,1.46673,1.47145
2023-11-29T06:00:00+00:00,1.47145,1.47819,1.47023,1.4773
2023-11-29T14:00:00+00:00,1.4773,1.47905,1.47079,1.47244
2023-11-29T22:00:00+00:00,1.47244,1.47246,1.46846,1.47032
2023-11-30T06:00:00+00:00,1.47032,1.47898,1.46867,1.47886
2023-11-30T14:00:00+00:00,1.47886,1.48522,1.47722,1.48196
2023-11-30T22:00:00+00:00,1.48198,1.48217,1.47602,1.48063
2023-12-01T06:00:00+00:00,1.48063,1.48348,1.47691,1.48189
2023-12-01T14:00:00+00:00,1.48189,1.48256,1.46661,1.4681
2023-12-03T22:00:00+00:00,1.46718,1.46894,1.46226,1.46812
2023-12-04T06:00:00+00:00,1.46812,1.47114,1.46461,1.46657
2023-12-04T14:00:00+00:00,1.46659,1.47453,1.46471,1.4721
2023-12-04T22:00:00+00:00,1.47209,1.47384,1.46972,1.47028
2023-12-05T06:00:00+00:00,1.47029,1.47198,1.4668,1.46796
2023-12-05T14:00:00+00:00,1.46795,1.4739,1.46563,1.47154
2023-12-05T22:00:00+00:00,1.47156,1.47399,1.47056,1.47178
2023-12-06T06:00:00+00:00,1.47178,1.47499,1.46896,1.4708
2023-12-06T14:00:00+00:00,1.47079,1.47415,1.47076,1.47308
2023-12-06T22:00:00+00:00,1.47309,1.4732,1.46514,1.46544
2023-12-07T06:00:00+00:00,1.46542,1.46672,1.44546,1.44839
2023-12-07T14:00:00+00:00,1.4484,1.44957,1.41624,1.44122
2023-12-07T22:00:00+00:00,1.44124,1.44324,1.425,1.43934
2023-12-08T06:00:00+00:00,1.43934,1.4522,1.43723,1.44198
2023-12-08T14:00:00+00:00,1.44199,1.45002,1.43858,1.44945
2023-12-10T22:00:00+00:00,1.44943,1.45669,1.44813,1.45563
2023-12-11T06:00:00+00:00,1.45566,1.46501,1.45327,1.46293
2023-12-11T14:00:00+00:00,1.46293,1.46591,1.46054,1.46167
2023-12-11T22:00:00+00:00,1.46169,1.46206,1.45331,1.45378
2023-12-12T06:00:00+00:00,1.45378,1.45735,1.44737,1.45649
2023-12-12T14:00:00+00:00,1.4565,1.45854,1.45305,1.4545
2023-12-12T22:00:00+00:00,1.45452,1.45704,1.45186,1.45566
2023-12-13T06:00:00+00:00,1.45565,1.45996,1.45212,1.45233
2023-12-13T14:00:00+00:00,1.45233,1.45447,1.42636,1.42886
2023-12-13T22:00:00+00:00,1.42886,1.42912,1.40961,1.41417
2023-12-14T06:00:00+00:00,1.41417,1.42287,1.41231,1.41865
2023-12-14T14:00:00+00:00,1.41866,1.42155,1.414,1.41899
2023-12-14T22:00:00+00:00,1.41891,1.42468,1.41568,1.41889
2023-12-15T06:00:00+00:00,1.41886,1.42452,1.41472,1.42318
2023-12-15T14:00:00+00:00,1.42318,1.42332,1.41431,1.42188
2023-12-17T22:00:00+00:00,1.42095,1.4246,1.42069,1.42204
2023-12-18T06:00:00+00:00,1.42203,1.42897,1.42155,1.42817
2023-12-18T14:00:00+00:00,1.4282,1.43159,1.42766,1.42767
2023-12-18T22:00:00+00:00,1.42768,1.4379,1.42248,1.43499
2023-12-19T06:00:00+00:00,1.43503,1.44958,1.42497,1.44291
2023-12-19T14:00:00+00:00,1.44291,1.44437,1.43532,1.43837
2023-12-19T22:00:00+00:00,1.43833,1.44099,1.43369,1.4359
2023-12-20T06:00:00+00:00,1.4359,1.43769,1.43264,1.43349
2023-12-20T14:00:00+00:00,1.43348,1.43941,1.43308,1.43573
2023-12-20T22:00:00+00:00,1.43571,1.43603,1.4281,1.4296
2023-12-21T06:00:00+00:00,1.42959,1.43398,1.42076,1.4222
2023-12-21T14:00:00+00:00,1.4222,1.42604,1.42046,1.42117
2023-12-21T22:00:00+00:00,1.42122,1.42558,1.41866,1.42405
2023-12-22T06:00:00+00:00,1.42403,1.42474,1.41927,1.42041
2023-12-22T14:00:00+00:00,1.42043,1.42665,1.41892,1.4245
2023-12-24T22:00:00+00:00,1.42381,1.42559,1.42126,1.42402
2023-12-25T06:00:00+00:00,1.42402,1.42532,1.42331,1.4242
2023-12-25T22:00:00+00:00,1.42325,1.42397,1.42094,1.42266
2023-12-26T06:00:00+00:00,1.42267,1.42528,1.42217,1.42372
2023-12-26T14:00:00+00:00,1.42373,1.42635,1.42332,1.42401
2023-12-26T22:00:00+00:00,1.42402,1.4285,1.42305,1.42569
2023-12-27T06:00:00+00:00,1.42568,1.4284,1.42449,1.42576
2023-12-27T14:00:00+00:00,1.42576,1.4265,1.41552,1.4183
2023-12-27T22:00:00+00:00,1.41827,1.41837,1.41105,1.41154
2023-12-28T06:00:00+00:00,1.41153,1.41248,1.40652,1.41122
2023-12-28T14:00:00+00:00,1.41122,1.41587,1.40253,1.41396
2023-12-28T22:00:00+00:00,1.414,1.41669,1.41255,1.41317
2023-12-29T06:00:00+00:00,1.41317,1.41915,1.4114,1.41836
2023-12-29T14:00:00+00:00,1.41834,1.41836,1.40799,1.41031
2024-01-01T22:00:00+00:00,1.40873,1.41673,1.40816,1.41352
2024-01-02T06:00:00+00:00,1.41351,1.42218,1.41293,1.42153
2024-01-02T14:00:00+00:00,1.42152,1.42177,1.41502,1.41987
2024-01-02T22:00:00+00:00,1.41987,1.42183,1.4186,1.42126
2024-01-03T06:00:00+00:00,1.42122,1.43086,1.42014,1.43019
2024-01-03T14:00:00+00:00,1.4302,1.43735,1.42814,1.43295
2024-01-03T22:00:00+00:00,1.43294,1.43896,1.42856,1.43779
2024-01-04T06:00:00+00:00,1.4378,1.44552,1.43182,1.44537
2024-01-04T14:00:00+00:00,1.44537,1.44853,1.44461,1.44631
2024-01-04T22:00:00+00:00,1.44636,1.44956,1.44549,1.44732
2024-01-05T06:00:00+00:00,1.44731,1.45979,1.44698,1.45469
2024-01-05T14:00:00+00:00,1.45468,1.45487,1.43809,1.44658
2024-01-07T22:00:00+00:00,1.44573,1.44921,1.44315,1.44368
2024-01-08T06:00:00+00:00,1.44366,1.44686,1.4409,1.44455
2024-01-08T14:00:00+00:00,1.44456,1.44471,1.43664,1.44234
2024-01-08T22:00:00+00:00,1.44237,1.44283,1.43423,1.43791
2024-01-09T06:00:00+00:00,1.4379,1.44318,1.43744,1.43772
2024-01-09T14:00:00+00:00,1.43772,1.44625,1.43654,1.44477
2024-01-09T22:00:00+00:00,1.44475,1.44937,1.4432,1.44777
2024-01-10T06:00:00+00:00,1.44783,1.45335,1.44734,1.45297
2024-01-10T14:00:00+00:00,1.45298,1.45832,1.45236,1.45758
2024-01-10T22:00:00+00:00,1.45761,1.45811,1.4528,1.45493
2024-01-11T06:00:00+00:00,1.45491,1.46267,1.44992,1.46251
2024-01-11T14:00:00+00:00,1.46249,1.46417,1.45264,1.45284
2024-01-11T22:00:00+00:00,1.45286,1.45409,1.44847,1.45254
2024-01-12T06:00:00+00:00,1.45253,1.45569,1.44754,1.44792
2024-01-12T14:00:00+00:00,1.44791,1.45022,1.44355,1.44909
2024-01-14T22:00:00+00:00,1.44922,1.45291,1.44836,1.45274
2024-01-15T06:00:00+00:00,1.45273,1.45915,1.45196,1.45784
2024-01-15T14:00:00+00:00,1.45782,1.45944,1.45677,1.45742
2024-01-15T22:00:00+00:00,1.45742,1.46274,1.45587,1.46166
2024-01-16T06:00:00+00:00,1.46165,1.46791,1.45996,1.46629
2024-01-16T14:00:00+00:00,1.46627,1.47313,1.46398,1.47184
2024-01-16T22:00:00+00:00,1.47186,1.47673,1.47068,1.47581
2024-01-17T06:00:00+00:00,1.47581,1.47986,1.47567,1.47939
2024-01-17T14:00:00+00:00,1.4794,1.48527,1.47885,1.4815
2024-01-17T22:00:00+00:00,1.4816,1.48253,1.47864,1.47878
2024-01-18T06:00:00+00:00,1.47876,1.48303,1.47657,1.48232
2024-01-18T14:00:00+00:00,1.48233,1.48278,1.47856,1.48158
2024-01-18T22:00:00+00:00,1.48161,1.48676,1.47941,1.48652
2024-01-19T06:00:00+00:00,1.48651,1.48806,1.47841,1.48137
2024-01-19T14:00:00+00:00,1.48138,1.48535,1.48025,1.48106
2024-01-21T22:00:00+00:00,1.48277,1.48308,1.47734,1.48055
2024-01-22T06:00:00+00:00,1.48054,1.48305,1.47619,1.47688
2024-01-22T14:00:00+00:00,1.47689,1.48151,1.47688,1.48098
2024-01-22T22:00:00+00:00,1.481,1.48555,1.47854,1.47926
2024-01-23T06:00:00+00:00,1.47925,1.48175,1.46982,1.48054
2024-01-23T14:00:00+00:00,1.48056,1.48697,1.48053,1.48335
2024-01-23T22:00:00+00:00,1.48343,1.48405,1.47754,1.47878
2024-01-24T06:00:00+00:00,1.47878,1.47959,1.46723,1.46767
2024-01-24T14:00:00+00:00,1.46769,1.47641,1.46651,1.47506
2024-01-24T22:00:00+00:00,1.47508,1.47859,1.47405,1.47802
2024-01-25T06:00:00+00:00,1.47802,1.4795,1.47288,1.47377
2024-01-25T14:00:00+00:00,1.47376,1.47902,1.47084,1.47662
2024-01-25T22:00:00+00:00,1.47661,1.47852,1.47481,1.47733
2024-01-26T06:00:00+00:00,1.47734,1.48091,1.47404,1.47653
2024-01-26T14:00:00+00:00,1.47654,1.48211,1.47639,1.48181
2024-01-28T22:00:00+00:00,1.4813,1.48337,1.47996,1.48033
2024-01-29T06:00:00+00:00,1.48033,1.48094,1.47712,1.47975
2024-01-29T14:00:00+00:00,1.47976,1.48053,1.47254,1.47504
2024-01-29T22:00:00+00:00,1.47506,1.47537,1.47194,1.47386
2024-01-30T06:00:00+00:00,1.47387,1.47579,1.4716,1.47521
2024-01-30T14:00:00+00:00,1.4752,1.47928,1.47099,1.47605
2024-01-30T22:00:00+00:00,1.47605,1.47818,1.4719,1.47721
2024-01-31T06:00:00+00:00,1.47722,1.47899,1.47406,1.47504
2024-01-31T14:00:00+00:00,1.47504,1.47568,1.46009,1.46896
2024-01-31T22:00:00+00:00,1.46903,1.47085,1.46476,1.46865
2024-02-01T06:00:00+00:00,1.46864,1.47117,1.4646,1.46663
2024-02-01T14:00:00+00:00,1.46664,1.4684,1.45898,1.4644
2024-02-01T22:00:00+00:00,1.46443,1.46519,1.46243,1.46433
2024-02-02T06:00:00+00:00,1.4643,1.47989,1.46357,1.47967
2024-02-02T14:00:00+00:00,1.47968,1.48585,1.47684,1.48358
2024-02-04T22:00:00+00:00,1.48428,1.48825,1.48317,1.48337
2024-02-05T06:00:00+00:00,1.48336,1.48681,1.4827,1.48569
2024-02-05T14:00:00+00:00,1.48562,1.48895,1.48396,1.4868
2024-02-05T22:00:00+00:00,1.48681,1.48783,1.48382,1.48439
2024-02-06T06:00:00+00:00,1.48439,1.48789,1.48361,1.48622
2024-02-06T14:00:00+00:00,1.48623,1.48628,1.47819,1.47946
2024-02-06T22:00:00+00:00,1.47947,1.47999,1.47713,1.47952
2024-02-07T06:00:00+00:00,1.47952,1.4826,1.47752,1.48183
2024-02-07T14:00:00+00:00,1.48185,1.48229,1.4762,1.48177
2024-02-07T22:00:00+00:00,1.48189,1.48664,1.47934,1.48585
2024-02-08T06:00:00+00:00,1.48585,1.49466,1.48578,1.49391
2024-02-08T14:00:00+00:00,1.49391,1.4948,1.49125,1.49318
2024-02-08T22:00:00+00:00,1.49317,1.49491,1.49238,1.49401
2024-02-09T06:00:00+00:00,1.49402,1.49578,1.4901,1.49389
2024-02-09T14:00:00+00:00,1.4939,1.49448,1.49174,1.49284
2024-02-11T22:00:00+00:00,1.4928,1.49333,1.49081,1.49212
2024-02-12T06:00:00+00:00,1.49212,1.49232,1.48928,1.49206
2024-02-12T14:00:00+00:00,1.49206,1.49479,1.4916,1.49347
2024-02-12T22:00:00+00:00,1.4935,1.49579,1.49269,1.49554
2024-02-13T06:00:00+00:00,1.49554,1.50487,1.4924,1.50436
2024-02-13T14:00:00+00:00,1.50435,1.50886,1.50304,1.50787
2024-02-13T22:00:00+00:00,1.50789,1.50834,1.50419,1.5052
2024-02-14T06:00:00+00:00,1.50518,1.5074,1.50345,1.50716
2024-02-14T14:00:00+00:00,1.50716,1.50753,1.50353,1.50561
2024-02-14T22:00:00+00:00,1.50572,1.50577,1.50081,1.50184
2024-02-15T06:00:00+00:00,1.50184,1.50221,1.49531,1.49828
2024-02-15T14:00:00+00:00,1.4983,1.50248,1.49811,1.49926
2024-02-15T22:00:00+00:00,1.49925,1.50368,1.49826,1.50179
2024-02-16T06:00:00+00:00,1.50179,1.5065,1.50141,1.50521
2024-02-16T14:00:00+00:00,1.5052,1.50637,1.50087,1.50206
2024-02-18T22:00:00+00:00,1.50115,1.50231,1.49875,1.50009
2024-02-19T06:00:00+00:00,1.50008,1.50033,1.49893,1.49968
2024-02-19T14:00:00+00:00,1.49968,1.50194,1.49954,1.5013
2024-02-19T22:00:00+00:00,1.50127,1.50438,1.50092,1.50423
2024-02-20T06:00:00+00:00,1.50423,1.5044,1.49933,1.49987
2024-02-20T14:00:00+00:00,1.49985,1.50073,1.49686,1.50001
2024-02-20T22:00:00+00:00,1.50006,1.50094,1.49853,1.49985
2024-02-21T06:00:00+00:00,1.49985,1.50189,1.49934,1.5008
2024-02-21T14:00:00+00:00,1.50081,1.50395,1.49991,1.50307
2024-02-21T22:00:00+00:00,1.50307,1.5046,1.50226,1.50285
2024-02-22T06:00:00+00:00,1.50286,1.50603,1.50018,1.50568
2024-02-22T14:00:00+00:00,1.50568,1.5069,1.50405,1.5053
2024-02-22T22:00:00+00:00,1.50529,1.50609,1.50374,1.50608
2024-02-23T06:00:00+00:00,1.50607,1.5077,1.50334,1.50476
2024-02-23T14:00:00+00:00,1.50479,1.50557,1.50293,1.50506
2024-02-25T22:00:00+00:00,1.50506,1.50567,1.50294,1.50436
2024-02-26T06:00:00+00:00,1.50435,1.50699,1.50365,1.50648
2024-02-26T14:00:00+00:00,1.50647,1.5084,1.50625,1.507
2024-02-26T22:00:00+00:00,1.507,1.50718,1.50408,1.5052
2024-02-27T06:00:00+00:00,1.5052,1.5054,1.50076,1.50275
2024-02-27T14:00:00+00:00,1.50277,1.50584,1.50259,1.50515
2024-02-27T22:00:00+00:00,1.50512,1.50643,1.50374,1.50601
2024-02-28T06:00:00+00:00,1.50601,1.50799,1.5053,1.50713
2024-02-28T14:00:00+00:00,1.50714,1.50845,1.50643,1.5069
2024-02-28T22:00:00+00:00,1.50694,1.50701,1.49696,1.4991
2024-02-29T06:00:00+00:00,1.49906,1.50151,1.49613,1.49782
2024-02-29T14:00:00+00:00,1.49781,1.50046,1.49209,1.49977
2024-02-29T22:00:00+00:00,1.49977,1.5048,1.4994,1.50447
2024-03-01T06:00:00+00:00,1.50446,1.50687,1.50308,1.50645
2024-03-01T14:00:00+00:00,1.50646,1.50724,1.50054,1.50113
2024-03-03T22:00:00+00:00,1.5,1.50324,1.4984,1.50303
2024-03-04T06:00:00+00:00,1.50304,1.50571,1.50175,1.50462
2024-03-04T14:00:00+00:00,1.5046,1.50565,1.50313,1.50528
2024-03-04T22:00:00+00:00,1.5053,1.50557,1.50353,1.505
2024-03-05T06:00:00+00:00,1.505,1.50546,1.50064,1.50089
2024-03-05T14:00:00+00:00,1.50089,1.50228,1.49704,1.50045
2024-03-05T22:00:00+00:00,1.50045,1.50086,1.49809,1.49914
2024-03-06T06:00:00+00:00,1.49914,1.49938,1.49326,1.49368
2024-03-06T14:00:00+00:00,1.49368,1.49646,1.49095,1.49366
2024-03-06T22:00:00+00:00,1.49381,1.4939,1.48404,1.48638
2024-03-07T06:00:00+00:00,1.4864,1.4868,1.47585,1.47769
2024-03-07T14:00:00+00:00,1.47769,1.483,1.47733,1.48047
2024-03-07T22:00:00+00:00,1.4805,1.4812,1.47524,1.47804
2024-03-08T06:00:00+00:00,1.47803,1.48047,1.46483,1.46962
2024-03-08T14:00:00+00:00,1.46964,1.4726,1.46693,1.47063
2024-03-10T21:00:00+00:00,1.47043,1.47169,1.46539,1.46905
2024-03-11T05:00:00+00:00,1.46904,1.47084,1.46486,1.46827
2024-03-11T13:00:00+00:00,1.46827,1.47148,1.46745,1.46945
2024-03-11T21:00:00+00:00,1.46947,1.47437,1.46622,1.47385
2024-03-12T05:00:00+00:00,1.47385,1.48177,1.47069,1.47651
2024-03-12T13:00:00+00:00,1.47652,1.47985,1.47642,1.47683
2024-03-12T21:00:00+00:00,1.4768,1.47698,1.47236,1.47574
2024-03-13T05:00:00+00:00,1.47575,1.48047,1.475,1.47945
2024-03-13T13:00:00+00:00,1.47944,1.47971,1.4746,1.47755
2024-03-13T21:00:00+00:00,1.47761,1.47974,1.47532,1.47915
2024-03-14T05:00:00+00:00,1.47916,1.47989,1.47568,1.47849
2024-03-14T13:00:00+00:00,1.47849,1.48358,1.47435,1.48328
2024-03-14T21:00:00+00:00,1.48328,1.48661,1.48224,1.48313
2024-03-15T05:00:00+00:00,1.48314,1.48871,1.48033,1.48802
2024-03-15T13:00:00+00:00,1.48802,1.49166,1.48733,1.4905
2024-03-17T21:00:00+00:00,1.48985,1.49331,1.4891,1.49115
2024-03-18T05:00:00+00:00,1.49114,1.49312,1.49011,1.49179
2024-03-18T13:00:00+00:00,1.49179,1.49302,1.48922,1.49152
2024-03-18T21:00:00+00:00,1.49153,1.50078,1.49011,1.4997
2024-03-19T05:00:00+00:00,1.49969,1.50703,1.49941,1.50493
2024-03-19T13:00:00+00:00,1.50493,1.50965,1.50405,1.5086
2024-03-19T21:00:00+00:00,1.50862,1.51543,1.5077,1.51489
2024-03-20T05:00:00+00:00,1.51488,1.51785,1.51338,1.51761
2024-03-20T13:00:00+00:00,1.51761,1.51818,1.5072,1.5125
2024-03-20T21:00:00+00:00,1.51259,1.51314,1.50265,1.50765
2024-03-21T05:00:00+00:00,1.50764,1.51459,1.50752,1.51167
2024-03-21T13:00:00+00:00,1.51167,1.51755,1.51163,1.51614
2024-03-21T21:00:00+00:00,1.51615,1.51866,1.51422,1.51585
2024-03-22T05:00:00+00:00,1.51587,1.51652,1.51005,1.51215
2024-03-22T13:00:00+00:00,1.51215,1.51485,1.51062,1.51442
2024-03-24T21:00:00+00:00,1.51372,1.51449,1.51055,1.51368
2024-03-25T05:00:00+00:00,1.51364,1.51443,1.51143,1.51232
2024-03-25T13:00:00+00:00,1.51232,1.51546,1.51126,1.51415
2024-03-25T21:00:00+00:00,1.51415,1.51445,1.5122,1.51362
2024-03-26T05:00:00+00:00,1.51362,1.51475,1.51208,1.51455
2024-03-26T13:00:00+00:00,1.51455,1.51605,1.51302,1.51568
2024-03-26T21:00:00+00:00,1.51562,1.51972,1.51449,1.51691
2024-03-27T05:00:00+00:00,1.51692,1.51841,1.51028,1.51251
2024-03-27T13:00:00+00:00,1.51253,1.51427,1.51167,1.51321
2024-03-27T21:00:00+00:00,1.51327,1.51546,1.5125,1.51357
2024-03-28T05:00:00+00:00,1.51357,1.51504,1.51186,1.51215
2024-03-28T13:00:00+00:00,1.51215,1.51425,1.51152,1.51379
2024-03-28T21:00:00+00:00,1.51381,1.515,1.51188,1.51288
2024-03-29T05:00:00+00:00,1.51289,1.51476,1.51197,1.51228
2024-03-29T13:00:00+00:00,1.51228,1.51394,1.51174,1.51342
2024-03-31T22:00:00+01:00,1.51296,1.51432,1.51224,1.51371
2024-04-01T06:00:00+01:00,1.51372,1.51485,1.51304,1.51458
2024-04-01T14:00:00+01:00,1.51456,1.51774,1.51444,1.51648
2024-04-01T22:00:00+01:00,1.51646,1.51787,1.51503,1.51765
2024-04-02T06:00:00+01:00,1.51767,1.51804,1.51556,1.5169
2024-04-02T14:00:00+01:00,1.51691,1.51697,1.51465,1.51558
2024-04-02T22:00:00+01:00,1.51557,1.51642,1.51443,1.51594
2024-04-03T06:00:00+01:00,1.51593,1.51915,1.51538,1.51852
2024-04-03T14:00:00+01:00,1.51851,1.51955,1.5158,1.51692
2024-04-03T22:00:00+01:00,1.51693,1.51725,1.5154,1.51697
2024-04-04T06:00:00+01:00,1.51696,1.51771,1.51599,1.51626
2024-04-04T14:00:00+01:00,1.51625,1.51704,1.51123,1.51343
2024-04-04T22:00:00+01:00,1.51343,1.51353,1.50812,1.51218
2024-04-05T06:00:00+01:00,1.51218,1.5175,1.51094,1.51659
2024-04-05T14:00:00+01:00,1.51657,1.51752,1.51441,1.51629
2024-04-07T22:00:00+01:00,1.51635,1.51819,1.51568,1.51795
2024-04-08T06:00:00+01:00,1.51794,1.51944,1.51755,1.51879
2024-04-08T14:00:00+01:00,1.51878,1.51879,1.5172,1.51811
2024-04-08T22:00:00+01:00,1.51817,1.51924,1.51764,1.51892
2024-04-09T06:00:00+01:00,1.51893,1.51938,1.51728,1.51771
2024-04-09T14:00:00+01:00,1.5177,1.51795,1.51571,1.51764
2024-04-09T22:00:00+01:00,1.51763,1.51789,1.51682,1.51784
2024-04-10T06:00:00+01:00,1.51784,1.52521,1.51773,1.52387
2024-04-10T14:00:00+01:00,1.52388,1.5324,1.52371,1.53165
2024-04-10T22:00:00+01:00,1.53166,1.53179,1.5276,1.52894
2024-04-11T06:00:00+01:00,1.52894,1.53291,1.52798,1.52845
2024-04-11T14:00:00+01:00,1.52845,1.5332,1.52834,1.53268
2024-04-11T22:00:00+01:00,1.5327,1.53302,1.52965,1.53239
2024-04-12T06:00:00+01:00,1.5324,1.53385,1.52795,1.52855
2024-04-12T14:00:00+01:00,1.52856,1.53328,1.52594,1.53286
2024-04-14T22:00:00+01:00,1.53072,1.53853,1.52974,1.53785
2024-04-15T06:00:00+01:00,1.53784,1.54419,1.53698,1.54192
2024-04-15T14:00:00+01:00,1.54194,1.54448,1.53861,1.54273
2024-04-15T22:00:00+01:00,1.54279,1.54422,1.54133,1.54273
2024-04-16T06:00:00+01:00,1.54274,1.54707,1.54264,1.54646
2024-04-16T14:00:00+01:00,1.54646,1.54787,1.539,1.54717
2024-04-16T22:00:00+01:00,1.54717,1.54736,1.54601,1.54649
2024-04-17T06:00:00+01:00,1.54649,1.54699,1.54456,1.54628
2024-04-17T14:00:00+01:00,1.5463,1.54712,1.5416,1.54383
2024-04-17T22:00:00+01:00,1.54386,1.54411,1.5396,1.54296
2024-04-18T06:00:00+01:00,1.54295,1.54513,1.54068,1.54373
2024-04-18T14:00:00+01:00,1.54372,1.54681,1.54339,1.54642
2024-04-18T22:00:00+01:00,1.54643,1.54675,1.53591,1.54322
2024-04-19T06:00:00+01:00,1.54323,1.5461,1.5421,1.54534
2024-04-19T14:00:00+01:00,1.54535,1.54662,1.5446,1.54615
2024-04-21T22:00:00+01:00,1.54602,1.54739,1.54434,1.54717
2024-04-22T06:00:00+01:00,1.54716,1.54781,1.54595,1.54749
2024-04-22T14:00:00+01:00,1.5475,1.54851,1.54706,1.5484
2024-04-22T22:00:00+01:00,1.54844,1.54852,1.54658,1.54741
2024-04-23T06:00:00+01:00,1.5474,1.54865,1.54717,1.54811
2024-04-23T14:00:00+01:00,1.54812,1.54876,1.54553,1.54832
2024-04-23T22:00:00+01:00,1.54832,1.54876,1.54732,1.54841
2024-04-24T06:00:00+01:00,1.5484,1.55174,1.54766,1.54951
2024-04-24T14:00:00+01:00,1.54949,1.55375,1.54841,1.55345
2024-04-24T22:00:00+01:00,1.55344,1.55628,1.55201,1.55591
2024-04-25T06:00:00+01:00,1.55591,1.55749,1.55313,1.55681
2024-04-25T14:00:00+01:00,1.5568,1.55688,1.55354,1.55652
2024-04-25T22:00:00+01:00,1.55647,1.56217,1.55419,1.56198
2024-04-26T06:00:00+01:00,1.56197,1.56951,1.54969,1.56835
2024-04-26T14:00:00+01:00,1.56834,1.58445,1.56776,1.58322
2024-04-28T22:00:00+01:00,1.57873,1.60222,1.55201,1.56305
2024-04-29T06:00:00+01:00,1.5631,1.57238,1.54529,1.5642
2024-04-29T14:00:00+01:00,1.56421,1.56895,1.55093,1.56346
2024-04-29T22:00:00+01:00,1.56347,1.57004,1.56061,1.56757
2024-04-30T06:00:00+01:00,1.56757,1.57495,1.56477,1.57456
2024-04-30T14:00:00+01:00,1.57456,1.57848,1.57243,1.578
2024-04-30T22:00:00+01:00,1.57802,1.57934,1.57651,1.57858
2024-05-01T06:00:00+01:00,1.57859,1.57987,1.57763,1.57782
2024-05-01T14:00:00+01:00,1.57781,1.57817,1.53002,1.5458
2024-05-01T22:00:00+01:00,1.5455,1.56286,1.5421,1.55832
2024-05-02T06:00:00+01:00,1.55833,1.55894,1.54405,1.54522
2024-05-02T14:00:00+01:00,1.54521,1.54788,1.53059,1.53619
2024-05-02T22:00:00+01:00,1.53679,1.53815,1.52753,1.52918
2024-05-03T06:00:00+01:00,1.52922,1.53334,1.51859,1.52202
2024-05-03T14:00:00+01:00,1.52208,1.53076,1.52156,1.53043
2024-05-05T22:00:00+01:00,1.52996,1.54008,1.52798,1.53933
2024-05-06T06:00:00+01:00,1.53933,1.53978,1.53415,1.53522
2024-05-06T14:00:00+01:00,1.53521,1.54005,1.535,1.53917
2024-05-06T22:00:00+01:00,1.53914,1.54652,1.53861,1.54479
2024-05-07T06:00:00+01:00,1.54478,1.54632,1.53978,1.54412
2024-05-07T14:00:00+01:00,1.54414,1.54749,1.54239,1.54692
2024-05-07T22:00:00+01:00,1.54687,1.55266,1.54549,1.55175
2024-05-08T06:00:00+01:00,1.55174,1.55686,1.55116,1.55613
2024-05-08T14:00:00+01:00,1.55611,1.55661,1.55344,1.55513
2024-05-08T22:00:00+01:00,1.55524,1.557,1.55156,1.55574
2024-05-09T06:00:00+01:00,1.55573,1.55952,1.55519,1.55704
2024-05-09T14:00:00+01:00,1.55703,1.55801,1.55402,1.55489
2024-05-09T22:00:00+01:00,1.55482,1.55775,1.55266,1.55675
2024-05-10T06:00:00+01:00,1.55676,1.55873,1.555,1.55828
2024-05-10T14:00:00+01:00,1.55828,1.55905,1.55604,1.5578
2024-05-12T22:00:00+01:00,1.55695,1.55958,1.55506,1.55805
2024-05-13T06:00:00+01:00,1.55806,1.55928,1.55717,1.55757
2024-05-13T14:00:00+01:00,1.55757,1.5625,1.55687,1.56221
2024-05-13T22:00:00+01:00,1.56222,1.56499,1.56134,1.56412
2024-05-14T06:00:00+01:00,1.56412,1.56787,1.56289,1.56584
2024-05-14T14:00:00+01:00,1.56584,1.56658,1.56232,1.56421
2024-05-14T22:00:00+01:00,1.56421,1.56562,1.5631,1.56361
2024-05-15T06:00:00+01:00,1.5636,1.56392,1.54752,1.5512
2024-05-15T14:00:00+01:00,1.55121,1.55804,1.54693,1.54882
2024-05-15T22:00:00+01:00,1.54882,1.54882,1.536,1.53937
2024-05-16T06:00:00+01:00,1.53938,1.55337,1.5385,1.5531
2024-05-16T14:00:00+01:00,1.5531,1.55536,1.55161,1.55389
2024-05-16T22:00:00+01:00,1.5539,1.5593,1.55329,1.55809
2024-05-17T06:00:00+01:00,1.55804,1.5598,1.55598,1.5579
2024-05-17T14:00:00+01:00,1.5579,1.558,1.55248,1.55661
2024-05-19T22:00:00+01:00,1.55593,1.55939,1.55549,1.55771
2024-05-20T06:00:00+01:00,1.55768,1.56232,1.55496,1.56154
2024-05-20T14:00:00+01:00,1.56154,1.56304,1.55998,1.56265
2024-05-20T22:00:00+01:00,1.56262,1.56549,1.56182,1.56449
2024-05-21T06:00:00+01:00,1.56448,1.56472,1.56031,1.56245
2024-05-21T14:00:00+01:00,1.56245,1.56436,1.55845,1.56169
2024-05-21T22:00:00+01:00,1.56174,1.56391,1.56103,1.56355
2024-05-22T06:00:00+01:00,1.56354,1.56617,1.56285,1.56546
2024-05-22T14:00:00+01:00,1.56546,1.56846,1.5635,1.56796
2024-05-22T22:00:00+01:00,1.56798,1.56903,1.56648,1.5672
2024-05-23T06:00:00+01:00,1.56721,1.56793,1.56529,1.56753
2024-05-23T14:00:00+01:00,1.56754,1.57197,1.56541,1.56926
2024-05-23T22:00:00+01:00,1.56925,1.57147,1.56889,1.57082
2024-05-24T06:00:00+01:00,1.57081,1.57136,1.56936,1.57074
2024-05-24T14:00:00+01:00,1.57076,1.5713,1.56823,1.56973
2024-05-26T22:00:00+01:00,1.56963,1.57032,1.56665,1.56771
2024-05-27T06:00:00+01:00,1.56772,1.56959,1.56727,1.56823
2024-05-27T14:00:00+01:00,1.56822,1.56941,1.56706,1.56874
2024-05-27T22:00:00+01:00,1.56867,1.5695,1.56621,1.5669
2024-05-28T06:00:00+01:00,1.56689,1.56995,1.56657,1.56679
2024-05-28T14:00:00+01:00,1.56685,1.57201,1.56581,1.57168
2024-05-28T22:00:00+01:00,1.57168,1.57409,1.57119,1.57257
2024-05-29T06:00:00+01:00,1.57256,1.57296,1.56897,1.57197
2024-05-29T14:00:00+01:00,1.57197,1.57709,1.57166,1.57648
2024-05-29T22:00:00+01:00,1.57639,1.57673,1.57126,1.57185
2024-05-30T06:00:00+01:00,1.5719,1.57228,1.56536,1.56648
2024-05-30T14:00:00+01:00,1.56649,1.5688,1.56373,1.56812
2024-05-30T22:00:00+01:00,1.56819,1.57026,1.56574,1.56705
2024-05-31T06:00:00+01:00,1.56705,1.57367,1.56693,1.56859
2024-05-31T14:00:00+01:00,1.56861,1.57347,1.5656,1.57314
2024-06-02T22:00:00+01:00,1.57193,1.57476,1.56996,1.57413
2024-06-03T06:00:00+01:00,1.57415,1.57462,1.56638,1.56783
2024-06-03T14:00:00+01:00,1.56783,1.56839,1.55951,1.56089
2024-06-03T22:00:00+01:00,1.5609,1.56488,1.55983,1.563
2024-06-04T06:00:00+01:00,1.563,1.56306,1.54705,1.55124
2024-06-04T14:00:00+01:00,1.55124,1.55251,1.5455,1.54883
2024-06-04T22:00:00+01:00,1.54883,1.55615,1.54786,1.55585
2024-06-05T06:00:00+01:00,1.55585,1.56305,1.55537,1.56096
2024-06-05T14:00:00+01:00,1.56096,1.56487,1.55706,1.56105
2024-06-05T22:00:00+01:00,1.56106,1.56115,1.55356,1.55735
2024-06-06T06:00:00+01:00,1.55734,1.56381,1.55712,1.56284
2024-06-06T14:00:00+01:00,1.56283,1.56447,1.55473,1.55605
2024-06-06T22:00:00+01:00,1.55604,1.55937,1.55496,1.5558
2024-06-07T06:00:00+01:00,1.55579,1.56879,1.55123,1.56779
2024-06-07T14:00:00+01:00,1.5678,1.57078,1.56425,1.56764
2024-06-09T22:00:00+01:00,1.56783,1.57196,1.56675,1.57126
2024-06-10T06:00:00+01:00,1.57124,1.57184,1.56746,1.56978
2024-06-10T14:00:00+01:00,1.5698,1.57099,1.56818,1.57039
2024-06-10T22:00:00+01:00,1.5704,1.57334,1.56959,1.57267
2024-06-11T06:00:00+01:00,1.57266,1.57394,1.56807,1.56892
2024-06-11T14:00:00+01:00,1.56893,1.57404,1.56892,1.57117
2024-06-11T22:00:00+01:00,1.57117,1.57253,1.57046,1.57243
2024-06-12T06:00:00+01:00,1.57244,1.57373,1.56066,1.56161
2024-06-12T14:00:00+01:00,1.56162,1.56903,1.5572,1.56716
2024-06-12T22:00:00+01:00,1.56717,1.57056,1.56584,1.57046
2024-06-13T06:00:00+01:00,1.57046,1.57313,1.56582,1.57027
2024-06-13T14:00:00+01:00,1.57028,1.5727,1.56693,1.57025
2024-06-13T22:00:00+01:00,1.57025,1.57981,1.56811,1.57947
2024-06-14T06:00:00+01:00,1.57947,1.58257,1.56885,1.57252
2024-06-14T14:00:00+01:00,1.57251,1.57498,1.57034,1.57418
2024-06-16T22:00:00+01:00,1.5737,1.57665,1.57293,1.57383
2024-06-17T06:00:00+01:00,1.57386,1.57943,1.57157,1.57895
2024-06-17T14:00:00+01:00,1.57895,1.57962,1.57681,1.57739
2024-06-17T22:00:00+01:00,1.57744,1.57756,1.57519,1.57717
2024-06-18T06:00:00+01:00,1.57716,1.58231,1.57628,1.57836
2024-06-18T14:00:00+01:00,1.57835,1.5801,1.57642,1.57863
2024-06-18T22:00:00+01:00,1.57866,1.57926,1.57726,1.57853
2024-06-19T06:00:00+01:00,1.57854,1.57952,1.57605,1.57883
2024-06-19T14:00:00+01:00,1.57884,1.58133,1.5787,1.58092
2024-06-19T22:00:00+01:00,1.58093,1.5816,1.57812,1.58147
2024-06-20T06:00:00+01:00,1.58147,1.58552,1.58053,1.58548
2024-06-20T14:00:00+01:00,1.58547,1.58944,1.58498,1.58925
2024-06-20T22:00:00+01:00,1.58923,1.59129,1.5882,1.58885
2024-06-21T06:00:00+01:00,1.58887,1.5902,1.5867,1.58929
2024-06-21T14:00:00+01:00,1.58929,1.59861,1.58919,1.59825
2024-06-23T22:00:00+01:00,1.59779,1.5993,1.59622,1.59754
2024-06-24T06:00:00+01:00,1.59758,1.5982,1.58743,1.59395
2024-06-24T14:00:00+01:00,1.59395,1.5976,1.59325,1.59633
2024-06-24T22:00:00+01:00,1.59583,1.59707,1.5919,1.59431
2024-06-25T06:00:00+01:00,1.59431,1.59672,1.59275,1.59667
2024-06-25T14:00:00+01:00,1.59668,1.59758,1.59565,1.59689
2024-06-25T22:00:00+01:00,1.59699,1.59902,1.59612,1.59753
2024-06-26T06:00:00+01:00,1.59754,1.60397,1.59751,1.60352
2024-06-26T14:00:00+01:00,1.60352,1.60873,1.60016,1.60823
2024-06-26T22:00:00+01:00,1.60819,1.60819,1.60305,1.60338
2024-06-27T06:00:00+01:00,1.60337,1.60608,1.60284,1.604
2024-06-27T14:00:00+01:00,1.60401,1.60824,1.60359,1.6077
2024-06-27T22:00:00+01:00,1.60764,1.61283,1.60635,1.61041
2024-06-28T06:00:00+01:00,1.61041,1.61061,1.60375,1.60513
2024-06-28T14:00:00+01:00,1.60515,1.60964,1.60264,1.60853
2024-06-30T22:00:00+01:00,1.60847,1.61188,1.60742,1.61075
2024-07-01T06:00:00+01:00,1.61077,1.61392,1.6087,1.61356
2024-07-01T14:00:00+01:00,1.61356,1.6173,1.60969,1.61473
2024-07-01T22:00:00+01:00,1.61469,1.61745,1.6141,1.61679
2024-07-02T06:00:00+01:00,1.61678,1.61728,1.61482,1.61513
2024-07-02T14:00:00+01:00,1.61514,1.61624,1.61269,1.61448
2024-07-02T22:00:00+01:00,1.61446,1.61742,1.6139,1.61716
2024-07-03T06:00:00+01:00,1.61715,1.61951,1.61675,1.61822
2024-07-03T14:00:00+01:00,1.61824,1.61832,1.60772,1.61703
2024-07-03T22:00:00+01:00,1.61685,1.6169,1.61139,1.61499
2024-07-04T06:00:00+01:00,1.615,1.61553,1.60948,1.61139
2024-07-04T14:00:00+01:00,1.61139,1.61335,1.60964,1.61279
2024-07-04T22:00:00+01:00,1.61282,1.61397,1.60532,1.60644
2024-07-05T06:00:00+01:00,1.60644,1.61162,1.60335,1.60943
2024-07-05T14:00:00+01:00,1.60944,1.61331,1.60631,1.6078
2024-07-07T22:00:00+01:00,1.60746,1.60837,1.60264,1.6054
2024-07-08T06:00:00+01:00,1.60541,1.61119,1.6053,1.60691
2024-07-08T14:00:00+01:00,1.60694,1.60851,1.60476,1.60825
2024-07-08T22:00:00+01:00,1.60825,1.61133,1.60732,1.60963
2024-07-09T06:00:00+01:00,1.60964,1.61179,1.6074,1.61133
2024-07-09T14:00:00+01:00,1.61132,1.61517,1.60893,1.61315
2024-07-09T22:00:00+01:00,1.61319,1.61592,1.61255,1.61444
2024-07-10T06:00:00+01:00,1.61443,1.61614,1.61341,1.6145
2024-07-10T14:00:00+01:00,1.61451,1.61807,1.61428,1.61701
2024-07-10T22:00:00+01:00,1.61694,1.61695,1.61477,1.61687
2024-07-11T06:00:00+01:00,1.61688,1.6176,1.58365,1.58648
2024-07-11T14:00:00+01:00,1.58655,1.58974,1.57422,1.58843
2024-07-11T22:00:00+01:00,1.58862,1.59448,1.57749,1.59112
2024-07-12T06:00:00+01:00,1.59111,1.59322,1.5851,1.58813
2024-07-12T14:00:00+01:00,1.58812,1.58844,1.57362,1.57752
2024-07-14T22:00:00+01:00,1.58122,1.58423,1.57913,1.57995
2024-07-15T06:00:00+01:00,1.57997,1.58238,1.57753,1.57964
2024-07-15T14:00:00+01:00,1.57964,1.58154,1.57167,1.5808
2024-07-15T22:00:00+01:00,1.58054,1.58729,1.57997,1.58638
2024-07-16T06:00:00+01:00,1.58639,1.58857,1.58258,1.58757
2024-07-16T14:00:00+01:00,1.58756,1.58806,1.58308,1.5834
2024-07-16T22:00:00+01:00,1.58336,1.58628,1.5822,1.5822
2024-07-17T06:00:00+01:00,1.58219,1.58235,1.56102,1.56567
2024-07-17T14:00:00+01:00,1.56565,1.56638,1.56061,1.56199
2024-07-17T22:00:00+01:00,1.56197,1.56576,1.55371,1.56344
2024-07-18T06:00:00+01:00,1.56343,1.56589,1.55802,1.56435
2024-07-18T14:00:00+01:00,1.56432,1.57401,1.56321,1.57376
2024-07-18T22:00:00+01:00,1.57374,1.57533,1.57065,1.57479
2024-07-19T06:00:00+01:00,1.57478,1.57865,1.56956,1.57676
2024-07-19T14:00:00+01:00,1.57676,1.577,1.57266,1.57493
2024-07-21T22:00:00+01:00,1.57402,1.57613,1.57158,1.57445
2024-07-22T06:00:00+01:00,1.57444,1.57444,1.56287,1.56793
2024-07-22T14:00:00+01:00,1.56794,1.57174,1.56697,1.57029
2024-07-22T22:00:00+01:00,1.57038,1.57104,1.56201,1.56309
2024-07-23T06:00:00+01:00,1.56307,1.56639,1.55824,1.56031
2024-07-23T14:00:00+01:00,1.56031,1.5621,1.55552,1.55588
2024-07-23T22:00:00+01:00,1.55589,1.55992,1.54543,1.54611
2024-07-24T06:00:00+01:00,1.54611,1.54947,1.5376,1.53808
2024-07-24T14:00:00+01:00,1.53809,1.54099,1.53107,1.5389
2024-07-24T22:00:00+01:00,1.53892,1.5397,1.52231,1.52622
2024-07-25T06:00:00+01:00,1.52622,1.53739,1.51943,1.53521
2024-07-25T14:00:00+01:00,1.53523,1.5432,1.53232,1.53929
2024-07-25T22:00:00+01:00,1.53931,1.54144,1.5338,1.5368
2024-07-26T06:00:00+01:00,1.5368,1.54739,1.53502,1.54222
2024-07-26T14:00:00+01:00,1.54221,1.54223,1.53099,1.53759
2024-07-28T22:00:00+01:00,1.53716,1.54356,1.53015,1.53416
2024-07-29T06:00:00+01:00,1.53415,1.54035,1.53141,1.53887
2024-07-29T14:00:00+01:00,1.53889,1.54211,1.53734,1.5402
2024-07-29T22:00:00+01:00,1.54024,1.54446,1.53619,1.54441
2024-07-30T06:00:00+01:00,1.54441,1.55218,1.54423,1.54943
2024-07-30T14:00:00+01:00,1.54943,1.54943,1.52649,1.52789
2024-07-30T22:00:00+01:00,1.52769,1.53905,1.51606,1.52556
2024-07-31T06:00:00+01:00,1.52553,1.53168,1.49791,1.50333
2024-07-31T14:00:00+01:00,1.50334,1.51261,1.4961,1.49981
2024-07-31T22:00:00+01:00,1.49974,1.50324,1.48512,1.49686
2024-08-01T06:00:00+01:00,1.49685,1.50866,1.4943,1.5086
2024-08-01T14:00:00+01:00,1.50861,1.50892,1.49286,1.49377
2024-08-01T22:00:00+01:00,1.49376,1.49778,1.48875,1.49263
2024-08-02T06:00:00+01:00,1.4926,1.49375,1.47019,1.47443
2024-08-02T14:00:00+01:00,1.47445,1.48164,1.4642,1.46568
2024-08-04T22:00:00+01:00,1.46511,1.46652,1.42194,1.43175
2024-08-05T06:00:00+01:00,1.43171,1.43993,1.41683,1.42251
2024-08-05T14:00:00+01:00,1.42253,1.44896,1.42104,1.44178
2024-08-05T22:00:00+01:00,1.44175,1.46374,1.43628,1.45518
2024-08-06T06:00:00+01:00,1.45524,1.46293,1.44361,1.44605
2024-08-06T14:00:00+01:00,1.44606,1.45422,1.4405,1.44341
2024-08-06T22:00:00+01:00,1.44341,1.47906,1.44269,1.47619
2024-08-07T06:00:00+01:00,1.47618,1.47822,1.46087,1.46997
2024-08-07T14:00:00+01:00,1.46995,1.47689,1.46652,1.46684
2024-08-07T22:00:00+01:00,1.46683,1.46876,1.45432,1.46139
2024-08-08T06:00:00+01:00,1.46136,1.47296,1.4563,1.47067
2024-08-08T14:00:00+01:00,1.47063,1.47547,1.46921,1.47273
2024-08-08T22:00:00+01:00,1.47234,1.47822,1.46818,1.46888
2024-08-09T06:00:00+01:00,1.46886,1.47323,1.46511,1.46779
2024-08-09T14:00:00+01:00,1.46779,1.46793,1.4627,1.46667
2024-08-11T22:00:00+01:00,1.46618,1.47225,1.46582,1.47128
2024-08-12T06:00:00+01:00,1.47128,1.47738,1.47092,1.47717
2024-08-12T14:00:00+01:00,1.47718,1.48225,1.47043,1.47207
2024-08-12T22:00:00+01:00,1.47206,1.47798,1.46917,1.47715
2024-08-13T06:00:00+01:00,1.47715,1.47948,1.47067,1.47406
2024-08-13T14:00:00+01:00,1.47411,1.47473,1.46598,1.46833
2024-08-13T22:00:00+01:00,1.46833,1.47188,1.46074,1.4687
2024-08-14T06:00:00+01:00,1.4687,1.47587,1.46522,1.47315
2024-08-14T14:00:00+01:00,1.47316,1.47445,1.46576,1.47331
2024-08-14T22:00:00+01:00,1.4733,1.47614,1.47152,1.4727
2024-08-15T06:00:00+01:00,1.47269,1.4916,1.47055,1.48959
2024-08-15T14:00:00+01:00,1.48962,1.49398,1.48782,1.49282
2024-08-15T22:00:00+01:00,1.49284,1.49356,1.48742,1.48864
2024-08-16T06:00:00+01:00,1.48866,1.49097,1.47617,1.47687
2024-08-16T14:00:00+01:00,1.47688,1.4827,1.47572,1.47645
2024-08-18T22:00:00+01:00,1.47581,1.48054,1.45864,1.46191
2024-08-19T06:00:00+01:00,1.46191,1.46525,1.45188,1.4622
2024-08-19T14:00:00+01:00,1.46219,1.46715,1.46193,1.46602
2024-08-19T22:00:00+01:00,1.46603,1.47166,1.4585,1.46931
2024-08-20T06:00:00+01:00,1.46929,1.47347,1.46127,1.46169
2024-08-20T14:00:00+01:00,1.46172,1.46294,1.452,1.45257
2024-08-20T22:00:00+01:00,1.45258,1.45761,1.44936,1.45676
2024-08-21T06:00:00+01:00,1.45676,1.46228,1.45515,1.45779
2024-08-21T14:00:00+01:00,1.45778,1.46901,1.44454,1.45266
2024-08-21T22:00:00+01:00,1.45277,1.45643,1.44849,1.45134
2024-08-22T06:00:00+01:00,1.45134,1.46347,1.45015,1.46053
2024-08-22T14:00:00+01:00,1.46051,1.46528,1.45825,1.46279
2024-08-22T22:00:00+01:00,1.4628,1.46339,1.45295,1.45774
2024-08-23T06:00:00+01:00,1.45774,1.46178,1.45293,1.45989
2024-08-23T14:00:00+01:00,1.45993,1.46483,1.44049,1.44403
2024-08-25T22:00:00+01:00,1.44277,1.44345,1.43447,1.44044
2024-08-26T06:00:00+01:00,1.44042,1.44365,1.43601,1.43939
2024-08-26T14:00:00+01:00,1.43938,1.44654,1.43859,1.44528
2024-08-26T22:00:00+01:00,1.44525,1.44973,1.44234,1.44639
2024-08-27T06:00:00+01:00,1.44639,1.45177,1.44337,1.4439
2024-08-27T14:00:00+01:00,1.44385,1.44509,1.43919,1.43965
2024-08-27T22:00:00+01:00,1.43967,1.44541,1.43684,1.44356
2024-08-28T06:00:00+01:00,1.44355,1.4478,1.44063,1.44709
2024-08-28T14:00:00+01:00,1.4471,1.45041,1.44349,1.44603
2024-08-28T22:00:00+01:00,1.44607,1.44717,1.44223,1.44675
2024-08-29T06:00:00+01:00,1.44674,1.45425,1.44447,1.45397
2024-08-29T14:00:00+01:00,1.45396,1.45556,1.44729,1.44977
2024-08-29T22:00:00+01:00,1.44971,1.45074,1.44656,1.44848
2024-08-30T06:00:00+01:00,1.44847,1.45749,1.44792,1.45638
2024-08-30T14:00:00+01:00,1.45636,1.46249,1.45316,1.46176
2024-09-01T22:00:00+01:00,1.46084,1.46602,1.45776,1.45937
2024-09-02T06:00:00+01:00,1.45935,1.46992,1.4593,1.46983
2024-09-02T14:00:00+01:00,1.46978,1.47177,1.46808,1.4691
2024-09-02T22:00:00+01:00,1.46913,1.47211,1.46396,1.46537
2024-09-03T06:00:00+01:00,1.46537,1.46596,1.45609,1.45884
2024-09-03T14:00:00+01:00,1.45883,1.45924,1.45125,1.45473
2024-09-03T22:00:00+01:00,1.45473,1.45561,1.44893,1.45252
2024-09-04T06:00:00+01:00,1.45251,1.45318,1.44756,1.45076
2024-09-04T14:00:00+01:00,1.45073,1.45151,1.43711,1.4374
2024-09-04T22:00:00+01:00,1.43739,1.43907,1.43188,1.43576
2024-09-05T06:00:00+01:00,1.43576,1.43751,1.42851,1.43102
2024-09-05T14:00:00+01:00,1.431,1.44232,1.43039,1.43449
2024-09-05T22:00:00+01:00,1.43444,1.43499,1.42891,1.42997
2024-09-06T06:00:00+01:00,1.42994,1.44074,1.4199,1.42991
2024-09-06T14:00:00+01:00,1.4299,1.43901,1.4177,1.42313
2024-09-08T22:00:00+01:00,1.4231,1.43095,1.4196,1.42976
2024-09-09T06:00:00+01:00,1.42976,1.43799,1.42776,1.43234
2024-09-09T14:00:00+01:00,1.43235,1.43235,1.42654,1.43185
2024-09-09T22:00:00+01:00,1.43182,1.43547,1.42856,1.43084
2024-09-10T06:00:00+01:00,1.43084,1.43713,1.42756,1.42867
2024-09-10T14:00:00+01:00,1.42867,1.43114,1.42196,1.42451
2024-09-10T22:00:00+01:00,1.42441,1.42482,1.40896,1.41092
2024-09-11T06:00:00+01:00,1.41091,1.42549,1.40712,1.42294
2024-09-11T14:00:00+01:00,1.42298,1.42497,1.41248,1.42361
2024-09-11T22:00:00+01:00,1.4236,1.42951,1.42229,1.42789
2024-09-12T06:00:00+01:00,1.42788,1.43045,1.41963,1.42101
2024-09-12T14:00:00+01:00,1.421,1.42664,1.41726,1.41817
2024-09-12T22:00:00+01:00,1.41819,1.41888,1.40647,1.40958
2024-09-13T06:00:00+01:00,1.40958,1.41416,1.40363,1.40731
2024-09-13T14:00:00+01:00,1.40729,1.4101,1.40284,1.40827
2024-09-15T22:00:00+01:00,1.40768,1.40942,1.39952,1.40217
2024-09-16T06:00:00+01:00,1.40217,1.40447,1.39579,1.4024
2024-09-16T14:00:00+01:00,1.40238,1.40915,1.40211,1.40615
2024-09-16T22:00:00+01:00,1.40614,1.41246,1.40322,1.40681
2024-09-17T06:00:00+01:00,1.40683,1.4113,1.40353,1.40974
2024-09-17T14:00:00+01:00,1.40973,1.42467,1.40873,1.42407
2024-09-17T22:00:00+01:00,1.42409,1.42416,1.41224,1.41318
2024-09-18T06:00:00+01:00,1.41319,1.42062,1.41282,1.41926
2024-09-18T14:00:00+01:00,1.41925,1.42717,1.40441,1.42287
2024-09-18T22:00:00+01:00,1.42288,1.43947,1.41884,1.4318
2024-09-19T06:00:00+01:00,1.4318,1.43763,1.42043,1.43759
2024-09-19T14:00:00+01:00,1.4376,1.43769,1.42529,1.42627
2024-09-19T22:00:00+01:00,1.42625,1.42931,1.41957,1.42189
2024-09-20T06:00:00+01:00,1.42188,1.4443,1.41739,1.4367
2024-09-20T14:00:00+01:00,1.43671,1.44497,1.4347,1.43858
2024-09-22T22:00:00+01:00,1.43925,1.44463,1.43697,1.44258
2024-09-23T06:00:00+01:00,1.44257,1.44321,1.43166,1.43776
2024-09-23T14:00:00+01:00,1.43775,1.44347,1.43254,1.43615
2024-09-23T22:00:00+01:00,1.43614,1.43943,1.43376,1.43844
2024-09-24T06:00:00+01:00,1.43848,1.44681,1.43785,1.43967
2024-09-24T14:00:00+01:00,1.43972,1.44209,1.43114,1.43227
2024-09-24T22:00:00+01:00,1.43226,1.43496,1.42893,1.43257
2024-09-25T06:00:00+01:00,1.43257,1.44444,1.43181,1.44203
2024-09-25T14:00:00+01:00,1.44203,1.44843,1.43861,1.44754
2024-09-25T22:00:00+01:00,1.44755,1.45039,1.44446,1.44693
2024-09-26T06:00:00+01:00,1.44694,1.452,1.44111,1.44566
2024-09-26T14:00:00+01:00,1.44565,1.45216,1.44312,1.44819
2024-09-26T22:00:00+01:00,1.44814,1.45802,1.44749,1.45794
2024-09-27T06:00:00+01:00,1.45793,1.46496,1.42502,1.42521
2024-09-27T14:00:00+01:00,1.42524,1.43087,1.4207,1.42199
2024-09-29T22:00:00+01:00,1.42291,1.42957,1.42084,1.42129
2024-09-30T06:00:00+01:00,1.42128,1.42999,1.41646,1.42947
2024-09-30T14:00:00+01:00,1.42949,1.43918,1.42747,1.43636
2024-09-30T22:00:00+01:00,1.43634,1.44399,1.43372,1.44279
2024-10-01T06:00:00+01:00,1.44278,1.44531,1.43563,1.4404
2024-10-01T14:00:00+01:00,1.44041,1.44073,1.42971,1.43568
2024-10-01T22:00:00+01:00,1.43565,1.44189,1.43425,1.43734
2024-10-02T06:00:00+01:00,1.43732,1.45446,1.43532,1.4537
2024-10-02T14:00:00+01:00,1.45371,1.4652,1.45298,1.46468
2024-10-02T22:00:00+01:00,1.46467,1.47243,1.46286,1.46724
2024-10-03T06:00:00+01:00,1.46722,1.46995,1.46303,1.46773
2024-10-03T14:00:00+01:00,1.46774,1.47181,1.46474,1.46933
2024-10-03T22:00:00+01:00,1.46934,1.46947,1.46152,1.46233
2024-10-04T06:00:00+01:00,1.46232,1.48695,1.4592,1.48645
2024-10-04T14:00:00+01:00,1.4865,1.49005,1.48313,1.48699
2024-10-06T22:00:00+01:00,1.48699,1.49134,1.48221,1.4854
2024-10-07T06:00:00+01:00,1.48542,1.48688,1.48028,1.48169
2024-10-07T14:00:00+01:00,1.48171,1.48278,1.47836,1.48185
2024-10-07T22:00:00+01:00,1.48187,1.48217,1.47513,1.48081
2024-10-08T06:00:00+01:00,1.48081,1.48179,1.47345,1.48039
2024-10-08T14:00:00+01:00,1.4804,1.48382,1.47955,1.48198
2024-10-08T22:00:00+01:00,1.48197,1.48435,1.48013,1.4834
2024-10-09T06:00:00+01:00,1.4834,1.48917,1.48266,1.48909
2024-10-09T14:00:00+01:00,1.4891,1.49366,1.48816,1.49296
2024-10-09T22:00:00+01:00,1.49302,1.49547,1.49004,1.49403
2024-10-10T06:00:00+01:00,1.49402,1.49565,1.48252,1.48611
2024-10-10T14:00:00+01:00,1.48605,1.49082,1.48351,1.48573
2024-10-10T22:00:00+01:00,1.48574,1.48799,1.48404,1.48714
2024-10-11T06:00:00+01:00,1.48712,1.49264,1.48605,1.49064
2024-10-11T14:00:00+01:00,1.49063,1.49285,1.48957,1.49131
2024-10-13T22:00:00+01:00,1.49074,1.49395,1.49045,1.49291
2024-10-14T06:00:00+01:00,1.4929,1.49801,1.49169,1.49741
2024-10-14T14:00:00+01:00,1.49743,1.49982,1.49696,1.49761
2024-10-14T22:00:00+01:00,1.49765,1.49879,1.49444,1.49678
2024-10-15T06:00:00+01:00,1.49681,1.49702,1.4885,1.49086
2024-10-15T14:00:00+01:00,1.49087,1.49543,1.48936,1.49201
2024-10-15T22:00:00+01:00,1.492,1.49338,1.48862,1.49267
2024-10-16T06:00:00+01:00,1.49267,1.49491,1.49146,1.49451
2024-10-16T14:00:00+01:00,1.4945,1.49809,1.49207,1.49634
2024-10-16T22:00:00+01:00,1.49635,1.49665,1.49241,1.49543
2024-10-17T06:00:00+01:00,1.49541,1.50084,1.49442,1.49831
2024-10-17T14:00:00+01:00,1.49831,1.50323,1.49639,1.50215
2024-10-17T22:00:00+01:00,1.50216,1.50285,1.49857,1.49901
2024-10-18T06:00:00+01:00,1.499,1.50156,1.49582,1.49864
2024-10-18T14:00:00+01:00,1.49865,1.49926,1.49366,1.49536
2024-10-20T22:00:00+01:00,1.4948,1.49647,1.49089,1.49321
2024-10-21T06:00:00+01:00,1.4932,1.50093,1.49201,1.4992
2024-10-21T14:00:00+01:00,1.49921,1.50887,1.4992,1.50839
2024-10-21T22:00:00+01:00,1.5084,1.51107,1.50497,1.50875
2024-10-22T06:00:00+01:00,1.50874,1.51063,1.50664,1.50913
2024-10-22T14:00:00+01:00,1.50914,1.51198,1.50605,1.51079
2024-10-22T22:00:00+01:00,1.51079,1.52137,1.51005,1.52073
2024-10-23T06:00:00+01:00,1.52073,1.53188,1.52024,1.53071
2024-10-23T14:00:00+01:00,1.5307,1.53108,1.52473,1.52757
2024-10-23T22:00:00+01:00,1.5276,1.52834,1.52107,1.52215
2024-10-24T06:00:00+01:00,1.52216,1.52388,1.51767,1.52055
2024-10-24T14:00:00+01:00,1.52055,1.52333,1.51555,1.51825
2024-10-24T22:00:00+01:00,1.51825,1.52107,1.51585,1.51707
2024-10-25T06:00:00+01:00,1.51707,1.52097,1.51454,1.5192
2024-10-25T14:00:00+01:00,1.51921,1.5238,1.51838,1.52292
2024-10-27T21:00:00+00:00,1.53239,1.53884,1.52672,1.53647
2024-10-28T05:00:00+00:00,1.53646,1.53747,1.52409,1.52624
2024-10-28T13:00:00+00:00,1.52623,1.53377,1.52581,1.53288
2024-10-28T21:00:00+00:00,1.53289,1.53364,1.52854,1.52927
2024-10-29T05:00:00+00:00,1.52931,1.53868,1.52757,1.53767
2024-10-29T13:00:00+00:00,1.53767,1.5381,1.52998,1.5336
2024-10-29T21:00:00+00:00,1.53359,1.53462,1.53072,1.53357
2024-10-30T05:00:00+00:00,1.53358,1.53495,1.52781,1.53357
2024-10-30T13:00:00+00:00,1.53358,1.53435,1.5287,1.53412
2024-10-30T21:00:00+00:00,1.53414,1.53621,1.52826,1.52919
2024-10-31T05:00:00+00:00,1.5292,1.53087,1.51923,1.52694
2024-10-31T13:00:00+00:00,1.52696,1.53051,1.51836,1.52034
2024-10-31T21:00:00+00:00,1.52035,1.52543,1.51791,1.52486
2024-11-01T05:00:00+00:00,1.52485,1.52848,1.51792,1.52039
2024-11-01T13:00:00+00:00,1.52039,1.53095,1.51972,1.52993
2024-11-03T22:00:00+00:00,1.52302,1.52571,1.516,1.51853
2024-11-04T06:00:00+00:00,1.51854,1.52278,1.51535,1.51832
2024-11-04T14:00:00+00:00,1.51832,1.52199,1.51626,1.52139
2024-11-04T22:00:00+00:00,1.52134,1.52546,1.52095,1.52428
2024-11-05T06:00:00+00:00,1.52428,1.52448,1.51962,1.5205
2024-11-05T14:00:00+00:00,1.52051,1.52236,1.51337,1.51629
2024-11-05T22:00:00+00:00,1.51628,1.54338,1.5129,1.53747
2024-11-06T06:00:00+00:00,1.53746,1.5446,1.53666,1.54306
2024-11-06T14:00:00+00:00,1.54305,1.547,1.53982,1.54632
2024-11-06T22:00:00+00:00,1.54627,1.54713,1.53937,1.54011
2024-11-07T06:00:00+00:00,1.54009,1.54202,1.53453,1.53501
2024-11-07T14:00:00+00:00,1.53502,1.53559,1.52694,1.52941
2024-11-07T22:00:00+00:00,1.52938,1.5337,1.52551,1.52805
2024-11-08T06:00:00+00:00,1.52805,1.52957,1.52143,1.52745
2024-11-08T14:00:00+00:00,1.52745,1.5286,1.52384,1.5263
2024-11-10T22:00:00+00:00,1.52699,1.5367,1.52648,1.5353
2024-11-11T06:00:00+00:00,1.5353,1.53955,1.53317,1.53774
2024-11-11T14:00:00+00:00,1.53774,1.53948,1.53629,1.53716
2024-11-11T22:00:00+00:00,1.5372,1.54062,1.53407,1.53614
2024-11-12T06:00:00+00:00,1.53618,1.54398,1.53612,1.54384
2024-11-12T14:00:00+00:00,1.54383,1.54926,1.54292,1.54616
2024-11-12T22:00:00+00:00,1.5462,1.54941,1.5451,1.54917
2024-11-13T06:00:00+00:00,1.54916,1.55239,1.54415,1.54512
2024-11-13T14:00:00+00:00,1.54513,1.55625,1.54342,1.55469
2024-11-13T22:00:00+00:00,1.55458,1.56136,1.55337,1.56021
2024-11-14T06:00:00+00:00,1.56023,1.56244,1.55703,1.56022
2024-11-14T14:00:00+00:00,1.56021,1.56419,1.55522,1.56268
2024-11-14T22:00:00+00:00,1.56269,1.56751,1.56219,1.56456
2024-11-15T06:00:00+00:00,1.56458,1.56506,1.55167,1.55329
2024-11-15T14:00:00+00:00,1.55327,1.55782,1.53863,1.54316
2024-11-17T22:00:00+00:00,1.54415,1.55144,1.53841,1.54596
2024-11-18T06:00:00+00:00,1.54597,1.55358,1.543,1.54907
2024-11-18T14:00:00+00:00,1.54906,1.55071,1.5457,1.54663
2024-11-18T22:00:00+00:00,1.54668,1.54688,1.53953,1.54425
2024-11-19T06:00:00+00:00,1.54424,1.54656,1.53283,1.53474
2024-11-19T14:00:00+00:00,1.53475,1.548,1.53445,1.54663
2024-11-19T22:00:00+00:00,1.54663,1.55192,1.5453,1.55191
2024-11-20T06:00:00+00:00,1.55192,1.55888,1.55161,1.55733
2024-11-20T14:00:00+00:00,1.55733,1.55842,1.55058,1.55431
2024-11-20T22:00:00+00:00,1.55416,1.55471,1.54863,1.5519
2024-11-21T06:00:00+00:00,1.55182,1.55183,1.54084,1.54253
2024-11-21T14:00:00+00:00,1.54253,1.547,1.5391,1.54537
2024-11-21T22:00:00+00:00,1.54539,1.54732,1.53968,1.54706
2024-11-22T06:00:00+00:00,1.54706,1.54958,1.54191,1.54273
2024-11-22T14:00:00+00:00,1.54276,1.55026,1.54272,1.54763
2024-11-24T22:00:00+00:00,1.54184,1.54402,1.53551,1.54266
2024-11-25T06:00:00+00:00,1.54266,1.54724,1.53757,1.53929
2024-11-25T14:00:00+00:00,1.53929,1.5452,1.53631,1.54229
2024-11-25T22:00:00+00:00,1.54226,1.54494,1.53547,1.53717
2024-11-26T06:00:00+00:00,1.53716,1.54221,1.52988,1.53433
2024-11-26T14:00:00+00:00,1.53434,1.53722,1.53008,1.53087
2024-11-26T22:00:00+00:00,1.53077,1.53234,1.52236,1.52441
2024-11-27T06:00:00+00:00,1.52441,1.52468,1.51226,1.51331
2024-11-27T14:00:00+00:00,1.51332,1.51806,1.50456,1.5109
2024-11-27T22:00:00+00:00,1.51092,1.5175,1.50913,1.51546
2024-11-28T06:00:00+00:00,1.51545,1.51951,1.51363,1.5157
2024-11-28T14:00:00+00:00,1.51571,1.51606,1.51406,1.51543
2024-11-28T22:00:00+00:00,1.51541,1.51557,1.49761,1.50104
2024-11-29T06:00:00+00:00,1.50105,1.50366,1.49534,1.49967
2024-11-29T14:00:00+00:00,1.49965,1.50533,1.49467,1.49778
2024-12-01T22:00:00+00:00,1.49665,1.5075,1.49503,1.50725
2024-12-02T06:00:00+00:00,1.50724,1.5073,1.4992,1.50081
2024-12-02T14:00:00+00:00,1.5008,1.50244,1.4908,1.49598
2024-12-02T22:00:00+00:00,1.49601,1.50238,1.49498,1.50029
2024-12-03T06:00:00+00:00,1.50029,1.50184,1.48802,1.48859
2024-12-03T14:00:00+00:00,1.48858,1.49644,1.48647,1.49604
2024-12-03T22:00:00+00:00,1.49608,1.50171,1.49524,1.50099
2024-12-04T06:00:00+00:00,1.50097,1.51231,1.4986,1.51075
2024-12-04T14:00:00+00:00,1.51075,1.51132,1.49994,1.50589
2024-12-04T22:00:00+00:00,1.50579,1.50779,1.49788,1.49935
2024-12-05T06:00:00+00:00,1.49931,1.50697,1.49656,1.50608
2024-12-05T14:00:00+00:00,1.50606,1.50618,1.49921,1.50102
2024-12-05T22:00:00+00:00,1.501,1.50277,1.4977,1.49939
2024-12-06T06:00:00+00:00,1.49938,1.507,1.49655,1.49665
2024-12-06T14:00:00+00:00,1.49665,1.50135,1.49364,1.50029
2024-12-08T22:00:00+00:00,1.49971,1.50112,1.49693,1.49968
2024-12-09T06:00:00+00:00,1.49967,1.5095,1.49945,1.50877
2024-12-09T14:00:00+00:00,1.50877,1.51349,1.50701,1.51215
2024-12-09T22:00:00+00:00,1.51215,1.5155,1.50897,1.50937
2024-12-10T06:00:00+00:00,1.50936,1.51839,1.50903,1.51683
2024-12-10T14:00:00+00:00,1.51683,1.52183,1.51589,1.51945
2024-12-10T22:00:00+00:00,1.51943,1.51958,1.51417,1.51754
2024-12-11T06:00:00+00:00,1.51755,1.52863,1.51008,1.52296
2024-12-11T14:00:00+00:00,1.52296,1.5272,1.5192,1.5244
2024-12-11T22:00:00+00:00,1.52442,1.5261,1.51953,1.52495
2024-12-12T06:00:00+00:00,1.52495,1.52774,1.51803,1.52036
2024-12-12T14:00:00+00:00,1.52035,1.52692,1.51878,1.52625
2024-12-12T22:00:00+00:00,1.52624,1.5309,1.52456,1.52894
2024-12-13T06:00:00+00:00,1.52894,1.53669,1.52675,1.53303
2024-12-13T14:00:00+00:00,1.53303,1.53801,1.53302,1.53706
2024-12-15T22:00:00+00:00,1.53633,1.53973,1.53327,1.53661
2024-12-16T06:00:00+00:00,1.53662,1.54101,1.53444,1.54026
2024-12-16T14:00:00+00:00,1.54027,1.54479,1.54011,1.54153
2024-12-16T22:00:00+00:00,1.54141,1.54346,1.53801,1.54134
2024-12-17T06:00:00+00:00,1.54134,1.54173,1.5366,1.53775
2024-12-17T14:00:00+00:00,1.53777,1.53777,1.53163,1.53505
2024-12-17T22:00:00+00:00,1.53411,1.53788,1.53339,1.53357
2024-12-18T06:00:00+00:00,1.53356,1.53953,1.53336,1.5385
2024-12-18T14:00:00+00:00,1.53849,1.54872,1.53682,1.54825
2024-12-18T22:00:00+00:00,1.54777,1.55473,1.54438,1.55229
2024-12-19T06:00:00+00:00,1.55227,1.57149,1.54916,1.56911
2024-12-19T14:00:00+00:00,1.56912,1.57808,1.56875,1.57445
2024-12-19T22:00:00+00:00,1.57444,1.57929,1.56839,1.57036
2024-12-20T06:00:00+00:00,1.57038,1.57135,1.56353,1.56519
2024-12-20T14:00:00+00:00,1.56516,1.5678,1.55954,1.56455
2024-12-22T22:00:00+00:00,1.56388,1.56694,1.56327,1.56649
2024-12-23T06:00:00+00:00,1.56651,1.57259,1.56465,1.5722
2024-12-23T14:00:00+00:00,1.57218,1.5727,1.56984,1.57176
2024-12-23T22:00:00+00:00,1.57127,1.57397,1.56892,1.57004
2024-12-24T06:00:00+00:00,1.57005,1.57194,1.56909,1.57193
2024-12-24T14:00:00+00:00,1.57193,1.57387,1.57074,1.5721
2024-12-24T22:00:00+00:00,1.5715,1.57377,1.56979,1.57345
2024-12-25T06:00:00+00:00,1.57356,1.57364,1.56984,1.57172
2024-12-25T22:00:00+00:00,1.57295,1.57476,1.57075,1.57349
2024-12-26T06:00:00+00:00,1.5735,1.57845,1.57309,1.5784
2024-12-26T14:00:00+00:00,1.57839,1.58086,1.57835,1.57984
2024-12-26T22:00:00+00:00,1.57983,1.57983,1.57506,1.57762
2024-12-27T06:00:00+00:00,1.57762,1.57918,1.57582,1.57798
2024-12-27T14:00:00+00:00,1.57797,1.57946,1.57353,1.57822
2024-12-29T22:00:00+00:00,1.57742,1.57991,1.57665,1.57857
2024-12-30T06:00:00+00:00,1.5786,1.58075,1.57451,1.57461
2024-12-30T14:00:00+00:00,1.57462,1.57551,1.56672,1.56838
2024-12-30T22:00:00+00:00,1.56834,1.57068,1.56139,1.56237
2024-12-31T06:00:00+00:00,1.56237,1.57089,1.56023,1.57015
2024-12-31T14:00:00+00:00,1.57011,1.5755,1.56688,1.57197
2025-01-01T22:00:00+00:00,1.57227,1.57784,1.56978,1.5721
2025-01-02T06:00:00+00:00,1.5721,1.57289,1.5644,1.56831
2025-01-02T14:00:00+00:00,1.56829,1.57852,1.56637,1.57496
2025-01-02T22:00:00+00:00,1.57504,1.57566,1.57176,1.57302
2025-01-03T06:00:00+00:00,1.57302,1.57428,1.57025,1.57188
2025-01-03T14:00:00+00:00,1.57188,1.57495,1.56873,1.57305
2025-01-05T22:00:00+00:00,1.57214,1.5783,1.57173,1.57782
2025-01-06T06:00:00+00:00,1.57783,1.57963,1.56243,1.56616
2025-01-06T14:00:00+00:00,1.56617,1.57672,1.56471,1.5759
2025-01-06T22:00:00+00:00,1.57578,1.58417,1.57564,1.57865
2025-01-07T06:00:00+00:00,1.57864,1.57864,1.57367,1.57673
2025-01-07T14:00:00+00:00,1.57672,1.58427,1.57538,1.58047
2025-01-07T22:00:00+00:00,1.58048,1.58268,1.57903,1.58176
2025-01-08T06:00:00+00:00,1.58175,1.58552,1.57927,1.58222
2025-01-08T14:00:00+00:00,1.58221,1.58523,1.58146,1.58351
2025-01-08T22:00:00+00:00,1.5835,1.584,1.57763,1.58059
2025-01-09T06:00:00+00:00,1.5806,1.58288,1.57577,1.57659
2025-01-09T14:00:00+00:00,1.57659,1.58165,1.57656,1.58137
2025-01-09T22:00:00+00:00,1.58108,1.58427,1.57936,1.58415
2025-01-10T06:00:00+00:00,1.58416,1.58882,1.57625,1.58552
2025-01-10T14:00:00+00:00,1.58553,1.58657,1.57225,1.57698
2025-01-12T22:00:00+00:00,1.57765,1.57969,1.57271,1.57409
2025-01-13T06:00:00+00:00,1.57408,1.57671,1.56915,1.57202
2025-01-13T14:00:00+00:00,1.572,1.57821,1.57105,1.57476
2025-01-13T22:00:00+00:00,1.57476,1.58032,1.57055,1.57584
2025-01-14T06:00:00+00:00,1.57581,1.58133,1.57299,1.57775
2025-01-14T14:00:00+00:00,1.57777,1.58197,1.57622,1.57952
2025-01-14T22:00:00+00:00,1.57944,1.58086,1.57197,1.57321
2025-01-15T06:00:00+00:00,1.57322,1.57447,1.56253,1.56398
2025-01-15T14:00:00+00:00,1.56401,1.56736,1.55939,1.56464
2025-01-15T22:00:00+00:00,1.56457,1.5653,1.55211,1.56116
2025-01-16T06:00:00+00:00,1.56116,1.56367,1.55613,1.55907
2025-01-16T14:00:00+00:00,1.55912,1.56197,1.55102,1.5517
2025-01-16T22:00:00+00:00,1.55188,1.55691,1.54981,1.55566
2025-01-17T06:00:00+00:00,1.55566,1.55849,1.55411,1.55688
2025-01-17T14:00:00+00:00,1.55688,1.56375,1.55654,1.563
2025-01-19T22:00:00+00:00,1.56263,1.56585,1.5571,1.56062
2025-01-20T06:00:00+00:00,1.56062,1.56468,1.55721,1.55725
2025-01-20T14:00:00+00:00,1.55726,1.56061,1.55417,1.55635
2025-01-20T22:00:00+00:00,1.55565,1.56246,1.54775,1.55318
2025-01-21T06:00:00+00:00,1.5532,1.56055,1.5532,1.5549
2025-01-21T14:00:00+00:00,1.55488,1.55734,1.55253,1.55512
2025-01-21T22:00:00+00:00,1.55506,1.55961,1.55355,1.55834
2025-01-22T06:00:00+00:00,1.55834,1.56115,1.5555,1.55893
2025-01-22T14:00:00+00:00,1.55893,1.56709,1.55814,1.56522
2025-01-22T22:00:00+00:00,1.56477,1.56753,1.56286,1.56706
2025-01-23T06:00:00+00:00,1.56703,1.56724,1.56105,1.56209
2025-01-23T14:00:00+00:00,1.56207,1.56476,1.55745,1.56049
2025-01-23T22:00:00+00:00,1.56049,1.56417,1.55004,1.55361
2025-01-24T06:00:00+00:00,1.55358,1.56577,1.54842,1.56323
2025-01-24T14:00:00+00:00,1.56323,1.5649,1.55516,1.55951
2025-01-26T22:00:00+00:00,1.55734,1.56096,1.5529,1.56065
2025-01-27T06:00:00+00:00,1.56065,1.56249,1.53714,1.54204
2025-01-27T14:00:00+00:00,1.54207,1.54722,1.53955,1.54506
2025-01-27T22:00:00+00:00,1.54509,1.55949,1.54476,1.55704
2025-01-28T06:00:00+00:00,1.55704,1.5598,1.55207,1.55493
2025-01-28T14:00:00+00:00,1.55492,1.55761,1.55051,1.55537
2025-01-28T22:00:00+00:00,1.55557,1.55791,1.55004,1.55016
2025-01-29T06:00:00+00:00,1.55018,1.55522,1.55003,1.55424
2025-01-29T14:00:00+00:00,1.55423,1.55612,1.54941,1.55224
2025-01-29T22:00:00+00:00,1.55221,1.55257,1.54285,1.54485
2025-01-30T06:00:00+00:00,1.54485,1.54736,1.53835,1.53908
2025-01-30T14:00:00+00:00,1.53909,1.54496,1.53791,1.54295
2025-01-30T22:00:00+00:00,1.54293,1.54879,1.53916,1.54719
2025-01-31T06:00:00+00:00,1.5472,1.55022,1.54484,1.548
2025-01-31T14:00:00+00:00,1.548,1.55238,1.5453,1.55222
2025-02-02T22:00:00+00:00,1.54819,1.55886,1.54778,1.55577
2025-02-03T06:00:00+00:00,1.55578,1.55717,1.5429,1.54651
2025-02-03T14:00:00+00:00,1.54651,1.55012,1.54008,1.54738
2025-02-03T22:00:00+00:00,1.54731,1.55407,1.54714,1.55252
2025-02-04T06:00:00+00:00,1.55252,1.55523,1.55068,1.55263
2025-02-04T14:00:00+00:00,1.55262,1.55265,1.54174,1.54341
2025-02-04T22:00:00+00:00,1.5434,1.54463,1.53091,1.53426
2025-02-05T06:00:00+00:00,1.5343,1.53452,1.52554,1.53046
2025-02-05T14:00:00+00:00,1.53045,1.53207,1.52114,1.52622
2025-02-05T22:00:00+00:00,1.52625,1.52755,1.51813,1.52422
2025-02-06T06:00:00+00:00,1.52421,1.52899,1.52057,1.52082
2025-02-06T14:00:00+00:00,1.52079,1.52217,1.51239,1.5138
2025-02-06T22:00:00+00:00,1.51402,1.51793,1.5096,1.5172
2025-02-07T06:00:00+00:00,1.51721,1.52425,1.51328,1.51954
2025-02-07T14:00:00+00:00,1.51953,1.52003,1.50931,1.51408
2025-02-09T22:00:00+00:00,1.51251,1.52213,1.51199,1.51953
2025-02-10T06:00:00+00:00,1.51953,1.52539,1.51771,1.51866
2025-02-10T14:00:00+00:00,1.51864,1.52073,1.51571,1.51996
2025-02-10T22:00:00+00:00,1.51998,1.52063,1.51686,1.51953
2025-02-11T06:00:00+00:00,1.51957,1.52512,1.5165,1.52306
2025-02-11T14:00:00+00:00,1.52306,1.52607,1.52232,1.52493
2025-02-11T22:00:00+00:00,1.52436,1.53736,1.52382,1.53539
2025-02-12T06:00:00+00:00,1.53534,1.54457,1.53307,1.54417
2025-02-12T14:00:00+00:00,1.54418,1.54804,1.54143,1.54415
2025-02-12T22:00:00+00:00,1.54418,1.54669,1.54124,1.54167
2025-02-13T06:00:00+00:00,1.5417,1.54341,1.53424,1.53519
2025-02-13T14:00:00+00:00,1.53519,1.53721,1.52702,1.528
2025-02-13T22:00:00+00:00,1.52797,1.53153,1.52446,1.52616
2025-02-14T06:00:00+00:00,1.52612,1.52841,1.521,1.52178
2025-02-14T14:00:00+00:00,1.52176,1.52392,1.52026,1.52285
2025-02-16T22:00:00+00:00,1.52255,1.52404,1.51477,1.51525
2025-02-17T06:00:00+00:00,1.51525,1.51945,1.51401,1.51477
2025-02-17T14:00:00+00:00,1.51477,1.51535,1.5134,1.51507
2025-02-17T22:00:00+00:00,1.5151,1.52223,1.51235,1.52005
2025-02-18T06:00:00+00:00,1.52006,1.52103,1.51631,1.51697
2025-02-18T14:00:00+00:00,1.51697,1.52128,1.51529,1.52062
2025-02-18T22:00:00+00:00,1.52064,1.52312,1.5171,1.51756
2025-02-19T06:00:00+00:00,1.51757,1.51957,1.51553,1.51695
2025-02-19T14:00:00+00:00,1.51696,1.5183,1.51245,1.51475
2025-02-19T22:00:00+00:00,1.51466,1.51488,1.50185,1.50404
2025-02-20T06:00:00+00:00,1.50405,1.50436,1.49705,1.50086
2025-02-20T14:00:00+00:00,1.50086,1.50221,1.49398,1.49665
2025-02-20T22:00:00+00:00,1.49692,1.50737,1.49282,1.50364
2025-02-21T06:00:00+00:00,1.50364,1.50657,1.50191,1.50434
2025-02-21T14:00:00+00:00,1.50435,1.50443,1.48925,1.49303
2025-02-23T22:00:00+00:00,1.49241,1.49499,1.48846,1.49405
2025-02-24T06:00:00+00:00,1.49407,1.49874,1.49233,1.49765
2025-02-24T14:00:00+00:00,1.49764,1.49822,1.49191,1.49727
2025-02-24T22:00:00+00:00,1.49727,1.50301,1.49462,1.49714
2025-02-25T06:00:00+00:00,1.49714,1.49956,1.49196,1.49436
2025-02-25T14:00:00+00:00,1.49435,1.49541,1.48564,1.49038
2025-02-25T22:00:00+00:00,1.49038,1.49633,1.48623,1.49438
2025-02-26T06:00:00+00:00,1.49439,1.49686,1.49226,1.49537
2025-02-26T14:00:00+00:00,1.49537,1.49888,1.48813,1.49093
2025-02-26T22:00:00+00:00,1.49091,1.49406,1.48747,1.49344
2025-02-27T06:00:00+00:00,1.49345,1.49973,1.49159,1.49727
2025-02-27T14:00:00+00:00,1.49727,1.50164,1.49541,1.49812
2025-02-27T22:00:00+00:00,1.49816,1.50147,1.49101,1.49832
2025-02-28T06:00:00+00:00,1.49833,1.50991,1.49789,1.50652
2025-02-28T14:00:00+00:00,1.5065,1.50865,1.50236,1.50598
2025-03-02T22:00:00+00:00,1.5072,1.51024,1.50246,1.50413
2025-03-03T06:00:00+00:00,1.50413,1.51303,1.49947,1.50969
2025-03-03T14:00:00+00:00,1.5097,1.50975,1.491,1.49503
2025-03-03T22:00:00+00:00,1.49504,1.49687,1.48599,1.49384
2025-03-04T06:00:00+00:00,1.49385,1.49579,1.48098,1.4821
2025-03-04T14:00:00+00:00,1.4821,1.49878,1.48198,1.49811
2025-03-04T22:00:00+00:00,1.49755,1.50187,1.4958,1.49717
2025-03-05T06:00:00+00:00,1.49715,1.49818,1.48938,1.49021
2025-03-05T14:00:00+00:00,1.49021,1.49142,1.48397,1.48887
2025-03-05T22:00:00+00:00,1.48887,1.49334,1.48727,1.48936
2025-03-06T06:00:00+00:00,1.48934,1.48967,1.47352,1.47421
2025-03-06T14:00:00+00:00,1.47422,1.48394,1.47313,1.47982
2025-03-06T22:00:00+00:00,1.47982,1.48168,1.47446,1.47456
2025-03-07T06:00:00+00:00,1.47457,1.47969,1.47118,1.47229
2025-03-07T14:00:00+00:00,1.4723,1.48202,1.46948,1.4807
2025-03-09T21:00:00+00:00,1.47974,1.47994,1.47091,1.47636
2025-03-10T05:00:00+00:00,1.47637,1.47793,1.46724,1.4702
2025-03-10T13:00:00+00:00,1.4702,1.47467,1.46632,1.4727
2025-03-10T21:00:00+00:00,1.4727,1.47303,1.46542,1.46974
2025-03-11T05:00:00+00:00,1.46973,1.4794,1.46762,1.47771
2025-03-11T13:00:00+00:00,1.4777,1.48121,1.47023,1.47781
2025-03-11T21:00:00+00:00,1.47777,1.4827,1.47624,1.48151
2025-03-12T05:00:00+00:00,1.48151,1.49196,1.4796,1.49131
2025-03-12T13:00:00+00:00,1.49131,1.49152,1.4811,1.48243
2025-03-12T21:00:00+00:00,1.48243,1.48374,1.47823,1.47849
2025-03-13T05:00:00+00:00,1.4785,1.48259,1.47576,1.48209
2025-03-13T13:00:00+00:00,1.48209,1.48356,1.47413,1.47815
2025-03-13T21:00:00+00:00,1.47816,1.48557,1.47736,1.48496
2025-03-14T05:00:00+00:00,1.48503,1.49024,1.48429,1.48658
2025-03-14T13:00:00+00:00,1.48657,1.48897,1.48259,1.48635
2025-03-16T21:00:00+00:00,1.48782,1.49043,1.48463,1.49039
2025-03-17T05:00:00+00:00,1.49039,1.49099,1.48272,1.48821
2025-03-17T13:00:00+00:00,1.48821,1.49285,1.48442,1.49208
2025-03-17T21:00:00+00:00,1.49209,1.49733,1.49116,1.4956
2025-03-18T05:00:00+00:00,1.49559,1.49937,1.49516,1.49842
2025-03-18T13:00:00+00:00,1.49844,1.49896,1.49098,1.49268
2025-03-18T21:00:00+00:00,1.49269,1.49647,1.49193,1.49537
2025-03-19T05:00:00+00:00,1.49539,1.50023,1.49143,1.49796
2025-03-19T13:00:00+00:00,1.49795,1.50148,1.48608,1.48692
2025-03-19T21:00:00+00:00,1.4869,1.48876,1.48184,1.48398
2025-03-20T05:00:00+00:00,1.48398,1.48784,1.48182,1.48559
2025-03-20T13:00:00+00:00,1.48561,1.48962,1.4845,1.4878
2025-03-20T21:00:00+00:00,1.4878,1.49484,1.48588,1.49417
2025-03-21T05:00:00+00:00,1.49416,1.49664,1.48639,1.48673
2025-03-21T13:00:00+00:00,1.48673,1.49367,1.48605,1.49319
2025-03-23T21:00:00+00:00,1.49364,1.49953,1.49357,1.4977
2025-03-24T05:00:00+00:00,1.49771,1.4987,1.49494,1.49828
2025-03-24T13:00:00+00:00,1.49826,1.50758,1.49751,1.507
2025-03-24T21:00:00+00:00,1.50704,1.50945,1.50511,1.5056
2025-03-25T05:00:00+00:00,1.5056,1.50768,1.49862,1.4997
2025-03-25T13:00:00+00:00,1.49971,1.4998,1.4955,1.49909
2025-03-25T21:00:00+00:00,1.4991,1.50548,1.49841,1.50544
2025-03-26T05:00:00+00:00,1.50544,1.50625,1.5002,1.50395
2025-03-26T13:00:00+00:00,1.50395,1.50746,1.50308,1.50572
2025-03-26T21:00:00+00:00,1.50575,1.50623,1.50061,1.50197
2025-03-27T05:00:00+00:00,1.50197,1.51091,1.5014,1.5073
2025-03-27T13:00:00+00:00,1.5073,1.51158,1.50582,1.51043
2025-03-27T21:00:00+00:00,1.51045,1.51211,1.50704,1.50873
2025-03-28T05:00:00+00:00,1.50873,1.50947,1.50361,1.50642
2025-03-28T13:00:00+00:00,1.50643,1.50787,1.49684,1.49857
2025-03-30T22:00:00+01:00,1.49785,1.49876,1.48723,1.49082
2025-03-31T06:00:00+01:00,1.49083,1.4964,1.48702,1.49602
2025-03-31T14:00:00+01:00,1.49602,1.50267,1.49407,1.49959
2025-03-31T22:00:00+01:00,1.49962,1.50144,1.49534,1.49561
2025-04-01T06:00:00+01:00,1.49561,1.49993,1.49123,1.49388
2025-04-01T14:00:00+01:00,1.49389,1.49744,1.48975,1.4961
2025-04-01T22:00:00+01:00,1.49612,1.49954,1.49533,1.49902
2025-04-02T06:00:00+01:00,1.49904,1.50002,1.49102,1.49179
2025-04-02T14:00:00+01:00,1.49177,1.50489,1.49154,1.4928
2025-04-02T22:00:00+01:00,1.49286,1.49308,1.47118,1.47555
2025-04-03T06:00:00+01:00,1.47557,1.4764,1.45752,1.45892
2025-04-03T14:00:00+01:00,1.4589,1.46519,1.45191,1.4607
2025-04-03T22:00:00+01:00,1.46069,1.46409,1.4536,1.45426
2025-04-04T06:00:00+01:00,1.45432,1.46551,1.44554,1.45603
2025-04-04T14:00:00+01:00,1.45604,1.47435,1.45046,1.46998
2025-04-06T22:00:00+01:00,1.45539,1.4685,1.44817,1.4588
2025-04-07T06:00:00+01:00,1.45881,1.47051,1.45073,1.46983
2025-04-07T14:00:00+01:00,1.46985,1.48151,1.46514,1.47831
2025-04-07T22:00:00+01:00,1.47859,1.48123,1.47253,1.47763
2025-04-08T06:00:00+01:00,1.47764,1.47801,1.46675,1.46829
2025-04-08T14:00:00+01:00,1.46828,1.4767,1.45965,1.46271
2025-04-08T22:00:00+01:00,1.4627,1.46425,1.4458,1.44944
2025-04-09T06:00:00+01:00,1.44945,1.45783,1.43993,1.44324
2025-04-09T14:00:00+01:00,1.44322,1.48284,1.4421,1.478
2025-04-09T22:00:00+01:00,1.47664,1.47739,1.46505,1.4662
2025-04-10T06:00:00+01:00,1.46619,1.47146,1.44882,1.45453
2025-04-10T14:00:00+01:00,1.45452,1.45541,1.44009,1.44443
2025-04-10T22:00:00+01:00,1.44444,1.44711,1.42882,1.42925
2025-04-11T06:00:00+01:00,1.42927,1.44147,1.42067,1.42525
2025-04-11T14:00:00+01:00,1.42529,1.44203,1.42221,1.43497
2025-04-13T22:00:00+01:00,1.43935,1.44067,1.42252,1.43039
2025-04-14T06:00:00+01:00,1.43038,1.43703,1.42232,1.43671
2025-04-14T14:00:00+01:00,1.43672,1.44084,1.42781,1.43019
2025-04-14T22:00:00+01:00,1.43054,1.43596,1.42907,1.4304
2025-04-15T06:00:00+01:00,1.43043,1.43512,1.42599,1.42874
2025-04-15T14:00:00+01:00,1.42875,1.43281,1.42673,1.43257
2025-04-15T22:00:00+01:00,1.43202,1.43294,1.4247,1.4263
2025-04-16T06:00:00+01:00,1.4263,1.42955,1.42043,1.42644
2025-04-16T14:00:00+01:00,1.42642,1.42862,1.41642,1.41884
2025-04-16T22:00:00+01:00,1.41884,1.42864,1.41614,1.42674
2025-04-17T06:00:00+01:00,1.42674,1.4309,1.4229,1.42322
2025-04-17T14:00:00+01:00,1.42321,1.42718,1.41901,1.42414
2025-04-17T22:00:00+01:00,1.42414,1.42513,1.4221,1.4234
2025-04-18T06:00:00+01:00,1.42341,1.42414,1.42281,1.42332
2025-04-18T14:00:00+01:00,1.42332,1.42369,1.42121,1.42172
2025-04-20T22:00:00+01:00,1.42132,1.42175,1.40617,1.4077
2025-04-21T06:00:00+01:00,1.40769,1.41078,1.40474,1.40785
2025-04-21T14:00:00+01:00,1.40786,1.41043,1.40558,1.40849
2025-04-21T22:00:00+01:00,1.40845,1.41175,1.40097,1.40196
2025-04-22T06:00:00+01:00,1.40196,1.40632,1.39887,1.40531
2025-04-22T14:00:00+01:00,1.40531,1.4167,1.40512,1.41539
2025-04-22T22:00:00+01:00,1.41565,1.43226,1.41473,1.41959
2025-04-23T06:00:00+01:00,1.41958,1.42191,1.41531,1.41847
2025-04-23T14:00:00+01:00,1.41847,1.43575,1.41756,1.43478
2025-04-23T22:00:00+01:00,1.43473,1.43473,1.42602,1.42755
2025-04-24T06:00:00+01:00,1.42756,1.42962,1.42292,1.42405
2025-04-24T14:00:00+01:00,1.42404,1.42834,1.4228,1.42643
2025-04-24T22:00:00+01:00,1.42638,1.43802,1.42584,1.43617
2025-04-25T06:00:00+01:00,1.43618,1.43851,1.43226,1.43419
2025-04-25T14:00:00+01:00,1.43418,1.44032,1.4341,1.4367
2025-04-27T22:00:00+01:00,1.43605,1.4388,1.43317,1.43324
2025-04-28T06:00:00+01:00,1.43324,1.43895,1.43151,1.43345
2025-04-28T14:00:00+01:00,1.43344,1.4344,1.41972,1.42008
2025-04-28T22:00:00+01:00,1.42014,1.4258,1.41999,1.42527
2025-04-29T06:00:00+01:00,1.42528,1.42759,1.42254,1.42308
2025-04-29T14:00:00+01:00,1.42309,1.4245,1.41969,1.423
2025-04-29T22:00:00+01:00,1.42305,1.42556,1.42163,1.42517
2025-04-30T06:00:00+01:00,1.42516,1.43155,1.42453,1.4282
2025-04-30T14:00:00+01:00,1.42822,1.43191,1.42495,1.43056
2025-04-30T22:00:00+01:00,1.42965,1.439,1.4288,1.4388
2025-05-01T06:00:00+01:00,1.4388,1.44769,1.43875,1.44711
2025-05-01T14:00:00+01:00,1.44713,1.45736,1.44551,1.45377
2025-05-01T22:00:00+01:00,1.45498,1.45927,1.45147,1.45391
2025-05-02T06:00:00+01:00,1.45391,1.45417,1.44335,1.44646
2025-05-02T14:00:00+01:00,1.44646,1.45087,1.43731,1.44965
2025-05-04T22:00:00+01:00,1.44703,1.44996,1.44067,1.44152
2025-05-05T06:00:00+01:00,1.44151,1.44425,1.43575,1.43637
2025-05-05T14:00:00+01:00,1.43637,1.44236,1.43542,1.43694
2025-05-05T22:00:00+01:00,1.43701,1.44278,1.4356,1.43711
2025-05-06T06:00:00+01:00,1.43712,1.43929,1.4249,1.42517
2025-05-06T14:00:00+01:00,1.42517,1.43037,1.42355,1.42517
2025-05-06T22:00:00+01:00,1.42526,1.43328,1.42392,1.43281
2025-05-07T06:00:00+01:00,1.43282,1.43456,1.42829,1.43356
2025-05-07T14:00:00+01:00,1.43355,1.44,1.42907,1.43829
2025-05-07T22:00:00+01:00,1.43825,1.43956,1.43447,1.4378
2025-05-08T06:00:00+01:00,1.43781,1.45006,1.43779,1.44688
2025-05-08T14:00:00+01:00,1.44687,1.46178,1.44435,1.45915
2025-05-08T22:00:00+01:00,1.45915,1.46189,1.45452,1.45503
2025-05-09T06:00:00+01:00,1.45501,1.45632,1.44935,1.4525
2025-05-09T14:00:00+01:00,1.45251,1.45405,1.44826,1.45366
2025-05-11T22:00:00+01:00,1.4625,1.46287,1.45703,1.45928
2025-05-12T06:00:00+01:00,1.45928,1.48594,1.45875,1.48052
2025-05-12T14:00:00+01:00,1.48052,1.48652,1.47813,1.48463
2025-05-12T22:00:00+01:00,1.48463,1.4849,1.477,1.47702
2025-05-13T06:00:00+01:00,1.47702,1.48277,1.47647,1.47993
2025-05-13T14:00:00+01:00,1.47994,1.48064,1.47376,1.4748
2025-05-13T22:00:00+01:00,1.4748,1.47672,1.46881,1.46947
2025-05-14T06:00:00+01:00,1.46948,1.47218,1.45606,1.46193
2025-05-14T14:00:00+01:00,1.46192,1.47121,1.45766,1.46749
2025-05-14T22:00:00+01:00,1.4675,1.46781,1.45954,1.46093
2025-05-15T06:00:00+01:00,1.46091,1.46256,1.45482,1.458
2025-05-15T14:00:00+01:00,1.45802,1.46043,1.45413,1.45666
2025-05-15T22:00:00+01:00,1.45667,1.45728,1.44965,1.45308
2025-05-16T06:00:00+01:00,1.45309,1.45695,1.44924,1.45514
2025-05-16T14:00:00+01:00,1.45514,1.46102,1.45403,1.4565
2025-05-18T22:00:00+01:00,1.45333,1.4546,1.44808,1.45315
2025-05-19T06:00:00+01:00,1.45314,1.45318,1.44664,1.4502
2025-05-19T14:00:00+01:00,1.4502,1.45218,1.44777,1.4486
2025-05-19T22:00:00+01:00,1.44865,1.45515,1.44712,1.44766
2025-05-20T06:00:00+01:00,1.44767,1.44839,1.44092,1.44813
2025-05-20T14:00:00+01:00,1.44813,1.44975,1.44432,1.44504
2025-05-20T22:00:00+01:00,1.44506,1.44612,1.43643,1.43745
2025-05-21T06:00:00+01:00,1.43746,1.44194,1.43461,1.4369
2025-05-21T14:00:00+01:00,1.43689,1.43897,1.43285,1.43681
2025-05-21T22:00:00+01:00,1.43679,1.44406,1.43145,1.433
2025-05-22T06:00:00+01:00,1.43301,1.4378,1.42806,1.43555
2025-05-22T14:00:00+01:00,1.43552,1.44332,1.43433,1.44013
2025-05-22T22:00:00+01:00,1.44012,1.44163,1.43359,1.43469
2025-05-23T06:00:00+01:00,1.43468,1.43585,1.42454,1.42607
2025-05-23T14:00:00+01:00,1.42606,1.42897,1.42424,1.42569
2025-05-25T22:00:00+01:00,1.42522,1.43087,1.42229,1.4257
2025-05-26T06:00:00+01:00,1.42569,1.43035,1.42476,1.42977
2025-05-26T14:00:00+01:00,1.4298,1.4299,1.42712,1.42845
2025-05-26T22:00:00+01:00,1.42846,1.42985,1.42115,1.42857
2025-05-27T06:00:00+01:00,1.42857,1.44189,1.42857,1.44026
2025-05-27T14:00:00+01:00,1.44027,1.44461,1.43877,1.44325
2025-05-27T22:00:00+01:00,1.44324,1.44771,1.43853,1.44426
2025-05-28T06:00:00+01:00,1.44426,1.44773,1.43993,1.44516
2025-05-28T14:00:00+01:00,1.44515,1.45079,1.44515,1.44847
2025-05-28T22:00:00+01:00,1.44833,1.46287,1.44757,1.45745
2025-05-29T06:00:00+01:00,1.45746,1.46094,1.44413,1.44433
2025-05-29T14:00:00+01:00,1.44434,1.44542,1.43962,1.44203
2025-05-29T22:00:00+01:00,1.4421,1.44248,1.4344,1.43778
2025-05-30T06:00:00+01:00,1.43779,1.44226,1.4347,1.43726
2025-05-30T14:00:00+01:00,1.43725,1.44444,1.43713,1.44052
2025-06-01T22:00:00+01:00,1.43861,1.4399,1.43328,1.43538
2025-06-02T06:00:00+01:00,1.43537,1.43562,1.42624,1.42832
2025-06-02T14:00:00+01:00,1.42832,1.43074,1.42541,1.42717
2025-06-02T22:00:00+01:00,1.42713,1.43271,1.4238,1.42948
2025-06-03T06:00:00+01:00,1.42948,1.43449,1.42609,1.43424
2025-06-03T14:00:00+01:00,1.43423,1.4411,1.43331,1.43987
2025-06-03T22:00:00+01:00,1.43971,1.44297,1.43673,1.44257
2025-06-04T06:00:00+01:00,1.44255,1.44396,1.43507,1.43556
2025-06-04T14:00:00+01:00,1.43554,1.43833,1.42606,1.42769
2025-06-04T22:00:00+01:00,1.42775,1.43078,1.42533,1.43032
2025-06-05T06:00:00+01:00,1.43031,1.43692,1.42777,1.43369
2025-06-05T14:00:00+01:00,1.43371,1.43976,1.42899,1.43514
2025-06-05T22:00:00+01:00,1.43703,1.43902,1.43406,1.43839
2025-06-06T06:00:00+01:00,1.43841,1.44743,1.43803,1.44625
2025-06-06T14:00:00+01:00,1.44625,1.45089,1.44556,1.44869
2025-06-08T22:00:00+01:00,1.44883,1.4495,1.44347,1.44383
2025-06-09T06:00:00+01:00,1.44381,1.44693,1.43976,1.44633
2025-06-09T14:00:00+01:00,1.44634,1.44774,1.44347,1.44607
2025-06-09T22:00:00+01:00,1.44561,1.4529,1.44405,1.44936
2025-06-10T06:00:00+01:00,1.44934,1.44943,1.44427,1.44643
2025-06-10T14:00:00+01:00,1.44644,1.45044,1.44444,1.44871
2025-06-10T22:00:00+01:00,1.44861,1.45166,1.44656,1.45036
2025-06-11T06:00:00+01:00,1.45037,1.45467,1.44324,1.44732
2025-06-11T14:00:00+01:00,1.44729,1.45186,1.44329,1.44564
2025-06-11T22:00:00+01:00,1.44568,1.44576,1.43727,1.43947
2025-06-12T06:00:00+01:00,1.43948,1.44142,1.43186,1.43289
2025-06-12T14:00:00+01:00,1.43289,1.43905,1.432,1.43475
2025-06-12T22:00:00+01:00,1.43477,1.43769,1.42793,1.43655
2025-06-13T06:00:00+01:00,1.43656,1.44447,1.4338,1.44297
2025-06-13T14:00:00+01:00,1.44298,1.44484,1.43852,1.44107
2025-06-15T22:00:00+01:00,1.44023,1.44752,1.4393,1.44307
2025-06-16T06:00:00+01:00,1.44306,1.44393,1.43975,1.44101
2025-06-16T14:00:00+01:00,1.44101,1.44877,1.43653,1.44741
2025-06-16T22:00:00+01:00,1.44745,1.45114,1.44404,1.44592
2025-06-17T06:00:00+01:00,1.44593,1.45025,1.44392,1.44859
2025-06-17T14:00:00+01:00,1.44857,1.45381,1.44692,1.45276
2025-06-17T22:00:00+01:00,1.45236,1.45443,1.44927,1.45021
2025-06-18T06:00:00+01:00,1.4502,1.4513,1.44741,1.44891
2025-06-18T14:00:00+01:00,1.44893,1.45226,1.44333,1.45152
2025-06-18T22:00:00+01:00,1.45154,1.45222,1.44738,1.4504
2025-06-19T06:00:00+01:00,1.4504,1.45771,1.45033,1.45544
2025-06-19T14:00:00+01:00,1.45545,1.4576,1.45347,1.45453
2025-06-19T22:00:00+01:00,1.4541,1.45566,1.45124,1.45351
2025-06-20T06:00:00+01:00,1.45354,1.45717,1.45253,1.45592
2025-06-20T14:00:00+01:00,1.45592,1.46217,1.45562,1.46108
2025-06-22T22:00:00+01:00,1.46671,1.47032,1.46147,1.46988
2025-06-23T06:00:00+01:00,1.46989,1.48028,1.46949,1.47418
2025-06-23T14:00:00+01:00,1.47418,1.47506,1.46013,1.46156
2025-06-23T22:00:00+01:00,1.46159,1.46233,1.4529,1.4542
2025-06-24T06:00:00+01:00,1.4542,1.45515,1.44853,1.4499
2025-06-24T14:00:00+01:00,1.4499,1.45195,1.44515,1.44938
2025-06-24T22:00:00+01:00,1.44935,1.45047,1.44609,1.44939
2025-06-25T06:00:00+01:00,1.44942,1.45924,1.44942,1.45861
2025-06-25T14:00:00+01:00,1.45863,1.45949,1.45103,1.45222
2025-06-25T22:00:00+01:00,1.45227,1.45266,1.44569,1.44783
2025-06-26T06:00:00+01:00,1.44785,1.44922,1.43752,1.44307
2025-06-26T14:00:00+01:00,1.44311,1.44538,1.44057,1.44406
2025-06-26T22:00:00+01:00,1.44405,1.4481,1.44196,1.44546
2025-06-27T06:00:00+01:00,1.44548,1.44683,1.44179,1.44447
2025-06-27T14:00:00+01:00,1.44448,1.44948,1.44381,1.44651
2025-06-29T22:00:00+01:00,1.44358,1.44765,1.43915,1.43946
2025-06-30T06:00:00+01:00,1.43946,1.44495,1.43781,1.44462
2025-06-30T14:00:00+01:00,1.44461,1.44512,1.43956,1.44043
2025-06-30T22:00:00+01:00,1.44035,1.44098,1.43439,1.43752
2025-07-01T06:00:00+01:00,1.43751,1.43763,1.42683,1.4307
2025-07-01T14:00:00+01:00,1.43071,1.43805,1.42936,1.43426
2025-07-01T22:00:00+01:00,1.43421,1.43748,1.43321,1.43555
2025-07-02T06:00:00+01:00,1.43556,1.44245,1.43485,1.43874
2025-07-02T14:00:00+01:00,1.43875,1.44155,1.43574,1.43649
2025-07-02T22:00:00+01:00,1.43668,1.4388,1.43446,1.43839
2025-07-03T06:00:00+01:00,1.43841,1.45234,1.43673,1.45008
2025-07-03T14:00:00+01:00,1.45004,1.45214,1.44609,1.44925
2025-07-03T22:00:00+01:00,1.44927,1.45004,1.44327,1.44378
2025-07-04T06:00:00+01:00,1.44378,1.44448,1.44184,1.44424
2025-07-04T14:00:00+01:00,1.44425,1.44598,1.44387,1.44516
2025-07-06T22:00:00+01:00,1.4447,1.45,1.44225,1.44986
2025-07-07T06:00:00+01:00,1.44985,1.45646,1.44943,1.45592
2025-07-07T14:00:00+01:00,1.45593,1.46241,1.45574,1.46044
2025-07-07T22:00:00+01:00,1.46046,1.46444,1.45833,1.45999
2025-07-08T06:00:00+01:00,1.45999,1.4669,1.45947,1.4665
2025-07-08T14:00:00+01:00,1.46651,1.46977,1.4652,1.46577
2025-07-08T22:00:00+01:00,1.46589,1.47183,1.46525,1.47041
2025-07-09T06:00:00+01:00,1.47037,1.47069,1.46469,1.46487
2025-07-09T14:00:00+01:00,1.46488,1.46568,1.46252,1.46338
2025-07-09T22:00:00+01:00,1.46337,1.46413,1.45756,1.46219
2025-07-10T06:00:00+01:00,1.46218,1.46545,1.46067,1.46439
2025-07-10T14:00:00+01:00,1.46438,1.46787,1.46169,1.46263
2025-07-10T22:00:00+01:00,1.46258,1.47186,1.46137,1.47081
2025-07-11T06:00:00+01:00,1.47083,1.47111,1.46723,1.46972
2025-07-11T14:00:00+01:00,1.46971,1.47525,1.46903,1.47445
2025-07-13T22:00:00+01:00,1.47189,1.47575,1.46852,1.47375
2025-07-14T06:00:00+01:00,1.47377,1.47487,1.47155,1.4739
2025-07-14T14:00:00+01:00,1.47391,1.4778,1.47313,1.47718
2025-07-14T22:00:00+01:00,1.4772,1.47889,1.47555,1.47667
2025-07-15T06:00:00+01:00,1.47666,1.4815,1.47553,1.47893
2025-07-15T14:00:00+01:00,1.47893,1.49021,1.47889,1.48897
2025-07-15T22:00:00+01:00,1.48892,1.49188,1.48706,1.48929
2025-07-16T06:00:00+01:00,1.48933,1.4895,1.4847,1.48706
2025-07-16T14:00:00+01:00,1.48704,1.4893,1.46913,1.4784
2025-07-16T22:00:00+01:00,1.47813,1.48662,1.47727,1.4842
2025-07-17T06:00:00+01:00,1.4842,1.49089,1.48368,1.48716
2025-07-17T14:00:00+01:00,1.48716,1.48755,1.48381,1.48612
2025-07-17T22:00:00+01:00,1.48595,1.48725,1.48291,1.4867
2025-07-18T06:00:00+01:00,1.48672,1.48886,1.48323,1.4836
2025-07-18T14:00:00+01:00,1.48359,1.48852,1.48186,1.48798
2025-07-20T22:00:00+01:00,1.47937,1.48666,1.47927,1.48447
2025-07-21T06:00:00+01:00,1.48447,1.4845,1.47336,1.47494
2025-07-21T14:00:00+01:00,1.47495,1.47724,1.47084,1.47378
2025-07-21T22:00:00+01:00,1.4734,1.47714,1.47225,1.4764
2025-07-22T06:00:00+01:00,1.4763,1.47948,1.46742,1.46803
2025-07-22T14:00:00+01:00,1.46802,1.46893,1.46312,1.46634
2025-07-22T22:00:00+01:00,1.46629,1.47205,1.46198,1.46945
2025-07-23T06:00:00+01:00,1.46945,1.47217,1.4611,1.46415
2025-07-23T14:00:00+01:00,1.46416,1.46731,1.46237,1.46537
2025-07-23T22:00:00+01:00,1.46527,1.46577,1.45855,1.46021
2025-07-24T06:00:00+01:00,1.46017,1.46833,1.45957,1.46796
2025-07-24T14:00:00+01:00,1.46798,1.47029,1.46357,1.47014
2025-07-24T22:00:00+01:00,1.47015,1.47496,1.46965,1.47141
2025-07-25T06:00:00+01:00,1.4714,1.47942,1.46815,1.47858
2025-07-25T14:00:00+01:00,1.47857,1.47923,1.4753,1.47673
2025-07-27T22:00:00+01:00,1.47755,1.48022,1.47519,1.47745
2025-07-28T06:00:00+01:00,1.47751,1.48447,1.47734,1.48052
2025-07-28T14:00:00+01:00,1.48049,1.48578,1.47939,1.48482
2025-07-28T22:00:00+01:00,1.48473,1.48713,1.48291,1.48348
2025-07-29T06:00:00+01:00,1.4835,1.48774,1.48158,1.48706
2025-07-29T14:00:00+01:00,1.48705,1.48809,1.48336,1.48474
2025-07-29T22:00:00+01:00,1.48477,1.48531,1.47846,1.48158
2025-07-30T06:00:00+01:00,1.48158,1.48887,1.47805,1.48852
2025-07-30T14:00:00+01:00,1.48853,1.49539,1.48523,1.49503
2025-07-30T22:00:00+01:00,1.49501,1.49501,1.48588,1.48888
2025-07-31T06:00:00+01:00,1.48889,1.50259,1.48685,1.50191
2025-07-31T14:00:00+01:00,1.5019,1.5084,1.50177,1.5074
2025-07-31T22:00:00+01:00,1.50743,1.50917,1.50553,1.50608
2025-08-01T06:00:00+01:00,1.50609,1.50662,1.48565,1.48636
2025-08-01T14:00:00+01:00,1.48635,1.48663,1.47293,1.47424
2025-08-03T22:00:00+01:00,1.47274,1.47908,1.4706,1.47687
2025-08-04T06:00:00+01:00,1.47688,1.48089,1.47006,1.47193
2025-08-04T14:00:00+01:00,1.47193,1.47356,1.46866,1.47084
2025-08-04T22:00:00+01:00,1.47083,1.47263,1.4662,1.47084
2025-08-05T06:00:00+01:00,1.47084,1.47778,1.47033,1.47666
2025-08-05T14:00:00+01:00,1.47664,1.47836,1.47304,1.47619
2025-08-05T22:00:00+01:00,1.47613,1.47751,1.47308,1.47347
2025-08-06T06:00:00+01:00,1.47348,1.47887,1.47336,1.47443
2025-08-06T14:00:00+01:00,1.47443,1.4766,1.46978,1.47368
2025-08-06T22:00:00+01:00,1.47371,1.47712,1.47154,1.47304
2025-08-07T06:00:00+01:00,1.47307,1.47496,1.46692,1.47287
2025-08-07T14:00:00+01:00,1.47287,1.47586,1.46944,1.47139
2025-08-07T22:00:00+01:00,1.47141,1.47375,1.46723,1.47162
2025-08-08T06:00:00+01:00,1.47167,1.47892,1.47137,1.47846
2025-08-08T14:00:00+01:00,1.47845,1.47904,1.47633,1.47729
2025-08-10T22:00:00+01:00,1.47565,1.4779,1.47428,1.47484
2025-08-11T06:00:00+01:00,1.47484,1.47951,1.47351,1.47811
2025-08-11T14:00:00+01:00,1.47809,1.48252,1.47786,1.4815
2025-08-11T22:00:00+01:00,1.48151,1.48446,1.47985,1.48355
2025-08-12T06:00:00+01:00,1.48357,1.48519,1.47865,1.48034
2025-08-12T14:00:00+01:00,1.48037,1.48447,1.4758,1.47844
2025-08-12T22:00:00+01:00,1.47845,1.4817,1.47703,1.47933
2025-08-13T06:00:00+01:00,1.47934,1.48009,1.47158,1.47408
2025-08-13T14:00:00+01:00,1.4741,1.47514,1.47088,1.47372
2025-08-13T22:00:00+01:00,1.47374,1.47418,1.46338,1.46385
2025-08-14T06:00:00+01:00,1.46385,1.47108,1.46216,1.46954
2025-08-14T14:00:00+01:00,1.46952,1.47964,1.46947,1.47758
2025-08-14T22:00:00+01:00,1.47767,1.47885,1.47115,1.4714
2025-08-15T06:00:00+01:00,1.47145,1.47277,1.46739,1.46891
2025-08-15T14:00:00+01:00,1.46888,1.47332,1.46771,1.47196
2025-08-17T22:00:00+01:00,1.47202,1.47584,1.47083,1.4738
2025-08-18T06:00:00+01:00,1.47379,1.47796,1.47119,1.47728
2025-08-18T14:00:00+01:00,1.47727,1.47986,1.47662,1.47888
2025-08-18T22:00:00+01:00,1.47887,1.48114,1.47625,1.4776
2025-08-19T06:00:00+01:00,1.47759,1.47852,1.47534,1.47782
2025-08-19T14:00:00+01:00,1.47786,1.47902,1.47447,1.47673
2025-08-19T22:00:00+01:00,1.47671,1.47818,1.47425,1.47581
2025-08-20T06:00:00+01:00,1.47579,1.47695,1.47142,1.47276
2025-08-20T14:00:00+01:00,1.47275,1.47494,1.46873,1.47328
2025-08-20T22:00:00+01:00,1.47329,1.47509,1.47257,1.47385
2025-08-21T06:00:00+01:00,1.47385,1.47934,1.47343,1.47755
2025-08-21T14:00:00+01:00,1.47756,1.48407,1.47584,1.48373
2025-08-21T22:00:00+01:00,1.48374,1.48764,1.48242,1.48745
2025-08-22T06:00:00+01:00,1.48745,1.48779,1.48413,1.48705
2025-08-22T14:00:00+01:00,1.48707,1.4872,1.46574,1.46938
2025-08-24T22:00:00+01:00,1.46948,1.47528,1.46798,1.47233
2025-08-25T06:00:00+01:00,1.47235,1.47451,1.47099,1.47382
2025-08-25T14:00:00+01:00,1.47377,1.47938,1.47291,1.47788
2025-08-25T22:00:00+01:00,1.47787,1.4788,1.46989,1.47772
2025-08-26T06:00:00+01:00,1.47768,1.47908,1.47329,1.47545
2025-08-26T14:00:00+01:00,1.47544,1.47723,1.471,1.47393
2025-08-26T22:00:00+01:00,1.47378,1.47959,1.47267,1.47945
2025-08-27T06:00:00+01:00,1.47947,1.48185,1.47655,1.4807
2025-08-27T14:00:00+01:00,1.4807,1.48129,1.47295,1.47423
2025-08-27T22:00:00+01:00,1.47405,1.47494,1.47081,1.47162
2025-08-28T06:00:00+01:00,1.47162,1.47404,1.46809,1.47104
2025-08-28T14:00:00+01:00,1.47104,1.47233,1.46663,1.46931
2025-08-28T22:00:00+01:00,1.46927,1.47116,1.46765,1.46906
2025-08-29T06:00:00+01:00,1.46905,1.4741,1.46867,1.47323
2025-08-29T14:00:00+01:00,1.47322,1.4739,1.46769,1.47059
2025-08-31T22:00:00+01:00,1.47095,1.47379,1.46841,1.47046
2025-09-01T06:00:00+01:00,1.47051,1.47234,1.46787,1.47202
2025-09-01T14:00:00+01:00,1.47202,1.47308,1.47147,1.47175
2025-09-01T22:00:00+01:00,1.47178,1.47862,1.47049,1.47725
2025-09-02T06:00:00+01:00,1.47725,1.48943,1.477,1.48823
2025-09-02T14:00:00+01:00,1.48825,1.48848,1.47938,1.48367
2025-09-02T22:00:00+01:00,1.48365,1.48925,1.48299,1.48589
2025-09-03T06:00:00+01:00,1.48594,1.49138,1.48433,1.48728
2025-09-03T14:00:00+01:00,1.48727,1.48798,1.47881,1.48102
2025-09-03T22:00:00+01:00,1.48101,1.48285,1.47791,1.48243
2025-09-04T06:00:00+01:00,1.48244,1.48531,1.48034,1.48429
2025-09-04T14:00:00+01:00,1.4843,1.48778,1.48352,1.48487
2025-09-04T22:00:00+01:00,1.48489,1.48547,1.48081,1.4822
2025-09-05T06:00:00+01:00,1.48221,1.48276,1.47186,1.473
2025-09-05T14:00:00+01:00,1.47298,1.47507,1.46818,1.47411
2025-09-07T22:00:00+01:00,1.48157,1.48578,1.47935,1.48162
2025-09-08T06:00:00+01:00,1.4817,1.4818,1.47466,1.47697
2025-09-08T14:00:00+01:00,1.47698,1.47874,1.47342,1.4752
2025-09-08T22:00:00+01:00,1.47504,1.476,1.47096,1.4713
2025-09-09T06:00:00+01:00,1.47128,1.47337,1.4631,1.46925
2025-09-09T14:00:00+01:00,1.46924,1.47471,1.46526,1.47412
2025-09-09T22:00:00+01:00,1.47416,1.47575,1.47263,1.47328
2025-09-10T06:00:00+01:00,1.47329,1.47649,1.47102,1.47531
2025-09-10T14:00:00+01:00,1.47532,1.47606,1.47247,1.47464
2025-09-10T22:00:00+01:00,1.47465,1.47481,1.47282,1.47435
2025-09-11T06:00:00+01:00,1.47435,1.48194,1.47362,1.47531
2025-09-11T14:00:00+01:00,1.4753,1.47621,1.46988,1.4721
2025-09-11T22:00:00+01:00,1.47209,1.47546,1.47108,1.47504
2025-09-12T06:00:00+01:00,1.47505,1.48073,1.47243,1.4785
2025-09-12T14:00:00+01:00,1.47851,1.47888,1.47464,1.47659
2025-09-14T22:00:00+01:00,1.47626,1.47804,1.47341,1.47403
2025-09-15T06:00:00+01:00,1.47402,1.47609,1.47249,1.47271
2025-09-15T14:00:00+01:00,1.47269,1.47471,1.47233,1.47398
2025-09-15T22:00:00+01:00,1.47398,1.4754,1.46972,1.47016
2025-09-16T06:00:00+01:00,1.47016,1.47259,1.46692,1.47099
2025-09-16T14:00:00+01:00,1.47098,1.47139,1.46279,1.46494
2025-09-16T22:00:00+01:00,1.4649,1.46609,1.46212,1.46456
2025-09-17T06:00:00+01:00,1.46461,1.46684,1.46205,1.4638
2025-09-17T14:00:00+01:00,1.4638,1.4705,1.45484,1.46977
2025-09-17T22:00:00+01:00,1.46978,1.47222,1.46771,1.47207
2025-09-18T06:00:00+01:00,1.47208,1.47803,1.47028,1.47791
2025-09-18T14:00:00+01:00,1.47792,1.48268,1.47792,1.48002
2025-09-18T22:00:00+01:00,1.48004,1.48115,1.47198,1.47525
2025-09-19T06:00:00+01:00,1.47525,1.48284,1.47418,1.48161
2025-09-19T14:00:00+01:00,1.48159,1.48159,1.47791,1.47959
2025-09-21T22:00:00+01:00,1.47935,1.48379,1.47874,1.48287
2025-09-22T06:00:00+01:00,1.48289,1.48307,1.47743,1.47843
2025-09-22T14:00:00+01:00,1.47842,1.47986,1.4766,1.47715
2025-09-22T22:00:00+01:00,1.47715,1.47927,1.47601,1.47801
2025-09-23T06:00:00+01:00,1.47802,1.47885,1.47509,1.47776
2025-09-23T14:00:00+01:00,1.47774,1.4793,1.47461,1.4764
2025-09-23T22:00:00+01:00,1.47639,1.47962,1.47518,1.47904
2025-09-24T06:00:00+01:00,1.47904,1.48716,1.47819,1.4867
2025-09-24T14:00:00+01:00,1.48672,1.48917,1.48592,1.48902
2025-09-24T22:00:00+01:00,1.489,1.4891,1.48559,1.48605
2025-09-25T06:00:00+01:00,1.48605,1.49356,1.48599,1.49244
2025-09-25T14:00:00+01:00,1.49246,1.4993,1.49144,1.49794
2025-09-25T22:00:00+01:00,1.49794,1.49958,1.49633,1.49646
2025-09-26T06:00:00+01:00,1.49647,1.49953,1.49587,1.49624
2025-09-26T14:00:00+01:00,1.49623,1.49785,1.49405,1.49503
2025-09-28T22:00:00+01:00,1.495,1.49546,1.48886,1.48949
2025-09-29T06:00:00+01:00,1.48951,1.48981,1.48472,1.48607
2025-09-29T14:00:00+01:00,1.48606,1.48739,1.48481,1.48598
2025-09-29T22:00:00+01:00,1.48598,1.48846,1.48389,1.48405
2025-09-30T06:00:00+01:00,1.48405,1.48445,1.47833,1.47959
2025-09-30T14:00:00+01:00,1.47959,1.48064,1.47652,1.4787
2025-09-30T22:00:00+01:00,1.47876,1.48227,1.47554,1.47555
2025-10-01T06:00:00+01:00,1.47554,1.47643,1.46589,1.46798
2025-10-01T14:00:00+01:00,1.46795,1.47255,1.4662,1.47072
2025-10-01T22:00:00+01:00,1.47071,1.47325,1.46941,1.47176
2025-10-02T06:00:00+01:00,1.47175,1.47381,1.46601,1.47164
2025-10-02T14:00:00+01:00,1.47163,1.47516,1.47058,1.47258
2025-10-02T22:00:00+01:00,1.47254,1.47769,1.47093,1.47725
2025-10-03T06:00:00+01:00,1.47724,1.47818,1.4722,1.47266
2025-10-03T14:00:00+01:00,1.47265,1.47545,1.47088,1.47451
2025-10-05T22:00:00+01:00,1.49491,1.50345,1.49047,1.50316
2025-10-06T06:00:00+01:00,1.50315,1.50478,1.49754,1.49785
2025-10-06T14:00:00+01:00,1.49783,1.50398,1.49756,1.50347
2025-10-06T22:00:00+01:00,1.50346,1.5062,1.50232,1.50416
2025-10-07T06:00:00+01:00,1.50416,1.51031,1.50404,1.50834
2025-10-07T14:00:00+01:00,1.50834,1.52046,1.50735,1.519
2025-10-07T22:00:00+01:00,1.51902,1.52649,1.5174,1.52366
2025-10-08T06:00:00+01:00,1.52365,1.53,1.52255,1.52509
2025-10-08T14:00:00+01:00,1.52509,1.52947,1.52375,1.52686
2025-10-08T22:00:00+01:00,1.52685,1.52834,1.52409,1.52469
2025-10-09T06:00:00+01:00,1.5247,1.53219,1.52468,1.52747
2025-10-09T14:00:00+01:00,1.52745,1.53234,1.52112,1.53068
2025-10-09T22:00:00+01:00,1.53059,1.53276,1.52638,1.52754
2025-10-10T06:00:00+01:00,1.52755,1.52949,1.52381,1.52558
2025-10-10T14:00:00+01:00,1.5256,1.52717,1.51143,1.51168
2025-10-12T22:00:00+01:00,1.51876,1.52278,1.51743,1.51913
2025-10-13T06:00:00+01:00,1.5191,1.52449,1.51723,1.52216
2025-10-13T14:00:00+01:00,1.52215,1.52448,1.52104,1.52276
2025-10-13T22:00:00+01:00,1.52277,1.52614,1.51783,1.5186
2025-10-14T06:00:00+01:00,1.51862,1.52155,1.51619,1.52048
2025-10-14T14:00:00+01:00,1.52047,1.52165,1.51606,1.51849
2025-10-14T22:00:00+01:00,1.51848,1.51887,1.51004,1.51248
2025-10-15T06:00:00+01:00,1.51249,1.51689,1.50901,1.51637
2025-10-15T14:00:00+01:00,1.51637,1.51741,1.51039,1.51053
2025-10-15T22:00:00+01:00,1.51052,1.51268,1.50514,1.5104
2025-10-16T06:00:00+01:00,1.51044,1.51401,1.50942,1.51101
2025-10-16T14:00:00+01:00,1.51103,1.51289,1.50213,1.50429
2025-10-16T22:00:00+01:00,1.50428,1.50479,1.49894,1.49967
2025-10-17T06:00:00+01:00,1.49967,1.50544,1.49379,1.50387
2025-10-17T14:00:00+01:00,1.50385,1.50652,1.50162,1.50623
2025-10-19T22:00:00+01:00,1.50474,1.51204,1.50364,1.506
2025-10-20T06:00:00+01:00,1.50601,1.50856,1.50276,1.50676
2025-10-20T14:00:00+01:00,1.50675,1.50852,1.50412,1.50745
2025-10-20T22:00:00+01:00,1.50745,1.51242,1.50472,1.51078
2025-10-21T06:00:00+01:00,1.51079,1.52177,1.50865,1.52031
2025-10-21T14:00:00+01:00,1.52032,1.52092,1.51459,1.51931
2025-10-21T22:00:00+01:00,1.51932,1.51961,1.5149,1.51762
2025-10-22T06:00:00+01:00,1.51761,1.5197,1.51622,1.5193
2025-10-22T14:00:00+01:00,1.51931,1.52047,1.51506,1.51987
2025-10-22T22:00:00+01:00,1.51991,1.52575,1.51823,1.52413
2025-10-23T06:00:00+01:00,1.52415,1.52794,1.52319,1.52536
2025-10-23T14:00:00+01:00,1.52535,1.52799,1.52477,1.52561
2025-10-23T22:00:00+01:00,1.52561,1.52915,1.52477,1.5289
2025-10-24T06:00:00+01:00,1.52892,1.53062,1.52269,1.52676
2025-10-24T14:00:00+01:00,1.52675,1.53019,1.52599,1.52854
2025-10-26T21:00:00+00:00,1.52839,1.53179,1.52656,1.53139
2025-10-27T05:00:00+00:00,1.5314,1.53259,1.52567,1.52842
2025-10-27T13:00:00+00:00,1.52843,1.53198,1.5276,1.52876
2025-10-27T21:00:00+00:00,1.52876,1.52885,1.51853,1.51877
2025-10-28T05:00:00+00:00,1.51877,1.52354,1.5176,1.52134
2025-10-28T13:00:00+00:00,1.52135,1.52372,1.51855,1.52109
2025-10-28T21:00:00+00:00,1.52109,1.52196,1.51539,1.52076
2025-10-29T05:00:00+00:00,1.52078,1.52542,1.52004,1.5224
2025-10-29T13:00:00+00:00,1.52241,1.53062,1.51865,1.5273
2025-10-29T21:00:00+00:00,1.52727,1.5314,1.52163,1.52766
2025-10-30T05:00:00+00:00,1.52768,1.54292,1.52676,1.54292
2025-10-30T13:00:00+00:00,1.54291,1.54446,1.54021,1.5413
2025-10-30T21:00:00+00:00,1.54131,1.54167,1.53654,1.53937
2025-10-31T05:00:00+00:00,1.53936,1.54416,1.53833,1.54135
2025-10-31T13:00:00+00:00,1.54135,1.54232,1.53893,1.53982
2025-11-02T22:00:00+00:00,1.54052,1.54253,1.5399,1.54124
2025-11-03T06:00:00+00:00,1.54123,1.54297,1.54053,1.54251
2025-11-03T14:00:00+00:00,1.54252,1.54273,1.53915,1.54217
2025-11-03T22:00:00+00:00,1.54218,1.54485,1.53689,1.53735
2025-11-04T06:00:00+00:00,1.53734,1.53792,1.53317,1.53389
2025-11-04T14:00:00+00:00,1.53389,1.53693,1.53341,1.53672
2025-11-04T22:00:00+00:00,1.5367,1.53748,1.5296,1.53523
2025-11-05T06:00:00+00:00,1.53522,1.53991,1.53419,1.53983
2025-11-05T14:00:00+00:00,1.53984,1.54358,1.53898,1.54117
2025-11-05T22:00:00+00:00,1.54125,1.54143,1.53796,1.53884
2025-11-06T06:00:00+00:00,1.53885,1.54007,1.53404,1.53504
2025-11-06T14:00:00+00:00,1.53504,1.53588,1.52832,1.53068
2025-11-06T22:00:00+00:00,1.53065,1.53369,1.5282,1.53354
2025-11-07T06:00:00+00:00,1.53355,1.53541,1.5301,1.5336
2025-11-07T14:00:00+00:00,1.53361,1.53597,1.53016,1.53415
2025-11-09T22:00:00+00:00,1.53749,1.54073,1.53408,1.53944
2025-11-10T06:00:00+00:00,1.53942,1.5425,1.53903,1.54061
2025-11-10T14:00:00+00:00,1.54062,1.54171,1.53892,1.5415
2025-11-10T22:00:00+00:00,1.5415,1.54494,1.53981,1.54129
2025-11-11T06:00:00+00:00,1.54127,1.54443,1.53668,1.53776
2025-11-11T14:00:00+00:00,1.53776,1.54179,1.53703,1.54157
2025-11-11T22:00:00+00:00,1.54157,1.54791,1.54052,1.54645
2025-11-12T06:00:00+00:00,1.54651,1.54994,1.54493,1.54943
2025-11-12T14:00:00+00:00,1.54942,1.55047,1.54498,1.54795
2025-11-12T22:00:00+00:00,1.54795,1.55017,1.54625,1.54953
2025-11-13T06:00:00+00:00,1.54954,1.5501,1.54327,1.5465
2025-11-13T14:00:00+00:00,1.54649,1.54678,1.54128,1.54564
2025-11-13T22:00:00+00:00,1.54566,1.54745,1.54311,1.54483
2025-11-14T06:00:00+00:00,1.54484,1.54765,1.53616,1.54088
2025-11-14T14:00:00+00:00,1.54087,1.54745,1.53984,1.54536
2025-11-16T22:00:00+00:00,1.5458,1.5479,1.54418,1.54691
2025-11-17T06:00:00+00:00,1.54691,1.54918,1.54627,1.54891
2025-11-17T14:00:00+00:00,1.5489,1.55302,1.54867,1.55254
2025-11-17T22:00:00+00:00,1.55253,1.55381,1.54818,1.55085
2025-11-18T06:00:00+00:00,1.55086,1.55442,1.54872,1.55172
2025-11-18T14:00:00+00:00,1.55171,1.55733,1.55052,1.55512
2025-11-18T22:00:00+00:00,1.55517,1.55593,1.55214,1.55372
2025-11-19T06:00:00+00:00,1.55375,1.56295,1.55325,1.56285
2025-11-19T14:00:00+00:00,1.56283,1.57185,1.56266,1.57154
2025-11-19T22:00:00+00:00,1.57153,1.57574,1.56881,1.5756
2025-11-20T06:00:00+00:00,1.57561,1.57881,1.57111,1.57574
2025-11-20T14:00:00+00:00,1.57573,1.57895,1.57267,1.57479
2025-11-20T22:00:00+00:00,1.57481,1.57556,1.57087,1.57228
2025-11-21T06:00:00+00:00,1.57228,1.57259,1.56558,1.56815
2025-11-21T14:00:00+00:00,1.56817,1.56967,1.56204,1.56415
2025-11-23T22:00:00+00:00,1.56385,1.568,1.56351,1.56582
2025-11-24T06:00:00+00:00,1.56586,1.56989,1.56544,1.56916
2025-11-24T14:00:00+00:00,1.56917,1.57188,1.56713,1.56907
2025-11-24T22:00:00+00:00,1.56848,1.56984,1.56556,1.56737
2025-11-25T06:00:00+00:00,1.56739,1.568,1.56031,1.56149
2025-11-25T14:00:00+00:00,1.56147,1.56336,1.55803,1.56054
2025-11-25T22:00:00+00:00,1.56061,1.56375,1.55654,1.56115
2025-11-26T06:00:00+00:00,1.56118,1.56685,1.56051,1.56664
2025-11-26T14:00:00+00:00,1.56665,1.56736,1.5629,1.56476
2025-11-26T22:00:00+00:00,1.56475,1.56498,1.55722,1.5599
2025-11-27T06:00:00+00:00,1.5599,1.56405,1.55917,1.56266
2025-11-27T14:00:00+00:00,1.56268,1.5637,1.56234,1.56306
2025-11-27T22:00:00+00:00,1.5631,1.56583,1.56098,1.56352
2025-11-28T06:00:00+00:00,1.56351,1.5644,1.56005,1.56021
2025-11-28T14:00:00+00:00,1.5602,1.56394,1.55983,1.5618
2025-11-30T22:00:00+00:00,1.56113,1.56163,1.55397,1.55594
2025-12-01T06:00:00+00:00,1.55597,1.55694,1.54663,1.54844
2025-12-01T14:00:00+00:00,1.54844,1.55524,1.54837,1.55457
2025-12-01T22:00:00+00:00,1.55456,1.55777,1.55412,1.55655
2025-12-02T06:00:00+00:00,1.55655,1.56085,1.55639,1.55977
2025-12-02T14:00:00+00:00,1.55977,1.56181,1.55754,1.55874
2025-12-02T22:00:00+00:00,1.55876,1.55937,1.55608,1.55694
2025-12-03T06:00:00+00:00,1.55694,1.55755,1.5522,1.5549
2025-12-03T14:00:00+00:00,1.55492,1.556,1.55012,1.55239
2025-12-03T22:00:00+00:00,1.5524,1.55543,1.55023,1.55224
2025-12-04T06:00:00+00:00,1.55225,1.55451,1.54509,1.54804
2025-12-04T14:00:00+00:00,1.54805,1.55142,1.54557,1.55096
2025-12-04T22:00:00+00:00,1.55095,1.55232,1.54546,1.54602
2025-12-05T06:00:00+00:00,1.54601,1.55263,1.54346,1.55197
2025-12-05T14:00:00+00:00,1.55197,1.55493,1.55117,1.5536
2025-12-07T22:00:00+00:00,1.55224,1.55384,1.54902,1.55202
2025-12-08T06:00:00+00:00,1.55199,1.55663,1.55107,1.55631
2025-12-08T14:00:00+00:00,1.55629,1.55985,1.55393,1.55919
2025-12-08T22:00:00+00:00,1.55919,1.56113,1.55745,1.56011
2025-12-09T06:00:00+00:00,1.56011,1.56516,1.55963,1.56345
2025-12-09T14:00:00+00:00,1.56345,1.56955,1.56315,1.56881
2025-12-09T22:00:00+00:00,1.56881,1.56938,1.56561,1.56707
2025-12-10T06:00:00+00:00,1.56709,1.56889,1.56552,1.56555
2025-12-10T14:00:00+00:00,1.56554,1.56677,1.55796,1.56029
2025-12-10T22:00:00+00:00,1.5603,1.56072,1.55491,1.56066
2025-12-11T06:00:00+00:00,1.56063,1.56166,1.55228,1.55285
2025-12-11T14:00:00+00:00,1.55283,1.55674,1.54949,1.55581
2025-12-11T22:00:00+00:00,1.55585,1.55773,1.55449,1.55743
2025-12-12T06:00:00+00:00,1.55744,1.56129,1.55544,1.56047
2025-12-12T14:00:00+00:00,1.56047,1.56101,1.55676,1.55821
2025-12-14T22:00:00+00:00,1.55872,1.55987,1.55035,1.55037
2025-12-15T06:00:00+00:00,1.55036,1.55295,1.54853,1.55159
2025-12-15T14:00:00+00:00,1.55161,1.55401,1.54837,1.55244
2025-12-15T22:00:00+00:00,1.55209,1.55336,1.54684,1.54844
2025-12-16T06:00:00+00:00,1.54845,1.54978,1.54397,1.54716
2025-12-16T14:00:00+00:00,1.54715,1.54998,1.54465,1.5472
2025-12-16T22:00:00+00:00,1.54719,1.55173,1.54514,1.55153
2025-12-17T06:00:00+00:00,1.55152,1.55639,1.55129,1.55436
2025-12-17T14:00:00+00:00,1.55436,1.5575,1.55354,1.5568
2025-12-17T22:00:00+00:00,1.5568,1.55885,1.55426,1.55812
2025-12-18T06:00:00+00:00,1.55811,1.55975,1.55361,1.55597
2025-12-18T14:00:00+00:00,1.55594,1.55712,1.55282,1.55558
2025-12-18T22:00:00+00:00,1.55557,1.56172,1.55489,1.55995
2025-12-19T06:00:00+00:00,1.56,1.57401,1.55853,1.57326
2025-12-19T14:00:00+00:00,1.57324,1.57781,1.56931,1.57754
2025-12-21T22:00:00+00:00,1.57694,1.57709,1.57229,1.57364
2025-12-22T06:00:00+00:00,1.57366,1.5757,1.56872,1.57187
2025-12-22T14:00:00+00:00,1.57186,1.57223,1.56707,1.57063
2025-12-22T22:00:00+00:00,1.57062,1.57109,1.55913,1.56012
2025-12-23T06:00:00+00:00,1.56012,1.56365,1.55653,1.5634
2025-12-23T14:00:00+00:00,1.56339,1.56546,1.5618,1.56226
2025-12-23T22:00:00+00:00,1.56225,1.56285,1.55556,1.55797
2025-12-24T06:00:00+00:00,1.55798,1.56075,1.55664,1.56011
2025-12-24T14:00:00+00:00,1.56014,1.56037,1.5568,1.55923
2025-12-24T22:00:00+00:00,1.55923,1.56035,1.55603,1.55818
2025-12-25T06:00:00+00:00,1.55818,1.56086,1.55767,1.56072
2025-12-25T22:00:00+00:00,1.55946,1.56492,1.55756,1.56205
2025-12-26T06:00:00+00:00,1.56201,1.56488,1.56088,1.56328
2025-12-26T14:00:00+00:00,1.56324,1.56735,1.56279,1.56576
2025-12-28T22:00:00+00:00,1.5652,1.56617,1.56059,1.56306
2025-12-29T06:00:00+00:00,1.56312,1.56425,1.56052,1.56231
2025-12-29T14:00:00+00:00,1.56232,1.5629,1.55917,1.56056
2025-12-29T22:00:00+00:00,1.56057,1.56339,1.55926,1.56044
2025-12-30T06:00:00+00:00,1.56045,1.56214,1.55744,1.56196
2025-12-30T14:00:00+00:00,1.56198,1.56567,1.56124,1.56408
2025-12-30T22:00:00+00:00,1.56408,1.56638,1.56332,1.56594
2025-12-31T06:00:00+00:00,1.56593,1.56834,1.56507,1.56812
2025-12-31T14:00:00+00:00,1.56813,1.56996,1.56618,1.5667
2026-01-01T22:00:00+00:00,1.56727,1.56946,1.5652,1.56914
2026-01-02T06:00:00+00:00,1.56913,1.57001,1.5677,1.56907
2026-01-02T14:00:00+00:00,1.56908,1.56956,1.56563,1.56874
2026-01-04T22:00:00+00:00,1.5675,1.57298,1.56721,1.57184
2026-01-05T06:00:00+00:00,1.57186,1.57234,1.56466,1.56827
2026-01-05T14:00:00+00:00,1.56824,1.56855,1.56117,1.56385
2026-01-05T22:00:00+00:00,1.56398,1.56799,1.56243,1.56431
2026-01-06T06:00:00+00:00,1.56429,1.56582,1.56164,1.56371
2026-01-06T14:00:00+00:00,1.5637,1.5675,1.56301,1.56642
2026-01-06T22:00:00+00:00,1.56643,1.56807,1.56367,1.56387
2026-01-07T06:00:00+00:00,1.56388,1.56588,1.56296,1.56418
2026-01-07T14:00:00+00:00,1.56421,1.568,1.56395,1.56761
2026-01-07T22:00:00+00:00,1.5676,1.56955,1.56631,1.56672
2026-01-08T06:00:00+00:00,1.56671,1.56963,1.5646,1.56962
2026-01-08T14:00:00+00:00,1.56967,1.57072,1.56777,1.56871
2026-01-08T22:00:00+00:00,1.5687,1.57391,1.56757,1.57376
2026-01-09T06:00:00+00:00,1.57376,1.57835,1.57344,1.5749
2026-01-09T14:00:00+00:00,1.57489,1.58187,1.5737,1.57901
2026-01-11T22:00:00+00:00,1.58115,1.58207,1.57517,1.58006
2026-01-12T06:00:00+00:00,1.58006,1.58071,1.57675,1.57844
2026-01-12T14:00:00+00:00,1.57845,1.58201,1.57835,1.5813
2026-01-12T22:00:00+00:00,1.58134,1.5891,1.579,1.58786
2026-01-13T06:00:00+00:00,1.58785,1.5905,1.58583,1.58883
2026-01-13T14:00:00+00:00,1.58882,1.59192,1.58805,1.59124
2026-01-13T22:00:00+00:00,1.59124,1.59455,1.59083,1.59338
2026-01-14T06:00:00+00:00,1.59337,1.59353,1.58149,1.58598
2026-01-14T14:00:00+00:00,1.58598,1.58676,1.58102,1.58441
2026-01-14T22:00:00+00:00,1.58441,1.58648,1.58214,1.58433
2026-01-15T06:00:00+00:00,1.58431,1.58855,1.58303,1.58828
2026-01-15T14:00:00+00:00,1.58827,1.58879,1.58413,1.5863
2026-01-15T22:00:00+00:00,1.58629,1.58704,1.5796,1.58378
2026-01-16T06:00:00+00:00,1.58378,1.58451,1.57944,1.58023
2026-01-16T14:00:00+00:00,1.58021,1.58267,1.57822,1.5816
2026-01-18T22:00:00+00:00,1.57917,1.57978,1.57424,1.57901
2026-01-19T06:00:00+00:00,1.57902,1.58167,1.57747,1.57922
2026-01-19T14:00:00+00:00,1.57925,1.58154,1.57863,1.58108
2026-01-19T22:00:00+00:00,1.5808,1.58281,1.57849,1.58105
2026-01-20T06:00:00+00:00,1.581,1.58603,1.57471,1.57842
2026-01-20T14:00:00+00:00,1.57845,1.58299,1.57744,1.58149
2026-01-20T22:00:00+00:00,1.5815,1.58283,1.57859,1.58208
2026-01-21T06:00:00+00:00,1.58205,1.58259,1.57747,1.57888
2026-01-21T14:00:00+00:00,1.57888,1.58533,1.57876,1.58287
2026-01-21T22:00:00+00:00,1.58286,1.58735,1.58181,1.58716
2026-01-22T06:00:00+00:00,1.58717,1.58894,1.58535,1.58701
2026-01-22T14:00:00+00:00,1.58698,1.58764,1.58237,1.58416
2026-01-22T22:00:00+00:00,1.58417,1.58744,1.58359,1.58627
2026-01-23T06:00:00+00:00,1.58628,1.59227,1.5731,1.58268
2026-01-23T14:00:00+00:00,1.58267,1.58339,1.55611,1.55669
2026-01-25T22:00:00+00:00,1.5467,1.55349,1.53812,1.54108
2026-01-26T06:00:00+00:00,1.54109,1.5442,1.53307,1.54062
2026-01-26T14:00:00+00:00,1.54061,1.54277,1.53617,1.54172
2026-01-26T22:00:00+00:00,1.54173,1.54642,1.54087,1.54504
2026-01-27T06:00:00+00:00,1.54503,1.5488,1.52997,1.53253
2026-01-27T14:00:00+00:00,1.53253,1.53376,1.52095,1.52197
2026-01-27T22:00:00+00:00,1.52182,1.53071,1.5216,1.5263
2026-01-28T06:00:00+00:00,1.5263,1.52918,1.52282,1.52851
2026-01-28T14:00:00+00:00,1.52851,1.5405,1.52652,1.53412
2026-01-28T22:00:00+00:00,1.53411,1.53478,1.52766,1.53019
2026-01-29T06:00:00+00:00,1.53022,1.53538,1.52922,1.53334
2026-01-29T14:00:00+00:00,1.53332,1.53513,1.52683,1.53113
2026-01-29T22:00:00+00:00,1.53123,1.54145,1.52868,1.5392
2026-01-30T06:00:00+00:00,1.53919,1.54388,1.53709,1.54368
2026-01-30T14:00:00+00:00,1.54367,1.54798,1.54165,1.54779
2026-02-01T22:00:00+00:00,1.54947,1.55515,1.54756,1.54894
2026-02-02T06:00:00+00:00,1.54894,1.55298,1.54551,1.55226
2026-02-02T14:00:00+00:00,1.55225,1.55789,1.55143,1.55621
2026-02-02T22:00:00+00:00,1.55625,1.55662,1.55301,1.55431
2026-02-03T06:00:00+00:00,1.5543,1.55985,1.55308,1.55883
2026-02-03T14:00:00+00:00,1.55884,1.56086,1.55527,1.55746
2026-02-03T22:00:00+00:00,1.55744,1.56393,1.55696,1.56303
2026-02-04T06:00:00+00:00,1.563,1.56857,1.56237,1.5648
2026-02-04T14:00:00+00:00,1.56481,1.56948,1.56353,1.56849
2026-02-04T22:00:00+00:00,1.56844,1.56989,1.56686,1.56977
2026-02-05T06:00:00+00:00,1.5698,1.57336,1.56529,1.56593
2026-02-05T14:00:00+00:00,1.56594,1.57096,1.5655,1.57056
2026-02-05T22:00:00+00:00,1.56967,1.57073,1.56513,1.5676
2026-02-06T06:00:00+00:00,1.56763,1.57157,1.56672,1.56934
2026-02-06T14:00:00+00:00,1.56933,1.57276,1.56783,1.57229
2026-02-08T22:00:00+00:00,1.57523,1.57661,1.56211,1.56614
2026-02-09T06:00:00+00:00,1.56613,1.56783,1.55913,1.55932
2026-02-09T14:00:00+00:00,1.55931,1.56144,1.55524,1.55885
2026-02-09T22:00:00+00:00,1.55885,1.56296,1.55088,1.55305
2026-02-10T06:00:00+00:00,1.55306,1.55634,1.5473,1.54759
2026-02-10T14:00:00+00:00,1.54758,1.54797,1.54055,1.54394
2026-02-10T22:00:00+00:00,1.54395,1.54519,1.52999,1.53042
2026-02-11T06:00:00+00:00,1.53043,1.54653,1.528,1.53836
2026-02-11T14:00:00+00:00,1.53835,1.53967,1.52554,1.53259
2026-02-11T22:00:00+00:00,1.5326,1.53449,1.5227,1.53104
2026-02-12T06:00:00+00:00,1.53105,1.5376,1.52802,1.53267
2026-02-12T14:00:00+00:00,1.53268,1.53398,1.52365,1.52737
2026-02-12T22:00:00+00:00,1.52736,1.534,1.52671,1.53294
2026-02-13T06:00:00+00:00,1.53295,1.53666,1.52921,1.53067
2026-02-13T14:00:00+00:00,1.53068,1.53227,1.52596,1.52677
2026-02-15T22:00:00+00:00,1.52736,1.53249,1.52614,1.53198
2026-02-16T06:00:00+00:00,1.53199,1.53638,1.53081,1.53336
2026-02-16T14:00:00+00:00,1.53336,1.53574,1.53255,1.53459
2026-02-16T22:00:00+00:00,1.53458,1.5376,1.52902,1.52957
2026-02-17T06:00:00+00:00,1.52956,1.53393,1.527,1.53279
2026-02-17T14:00:00+00:00,1.53274,1.53924,1.53186,1.53312
2026-02-17T22:00:00+00:00,1.53312,1.53703,1.53071,1.53458
2026-02-18T06:00:00+00:00,1.53459,1.53947,1.53394,1.53945
2026-02-18T14:00:00+00:00,1.53944,1.5487,1.53916,1.54806
2026-02-18T22:00:00+00:00,1.54805,1.55332,1.54621,1.55305
2026-02-19T06:00:00+00:00,1.55304,1.55342,1.54543,1.54916
2026-02-19T14:00:00+00:00,1.5492,1.55285,1.5483,1.55008
2026-02-19T22:00:00+00:00,1.55009,1.5537,1.54865,1.55295
2026-02-20T06:00:00+00:00,1.55294,1.55645,1.54948,1.55419
2026-02-20T14:00:00+00:00,1.55418,1.55539,1.54714,1.55032
2026-02-22T22:00:00+00:00,1.54925,1.54976,1.53998,1.5444
2026-02-23T06:00:00+00:00,1.54439,1.55046,1.54228,1.54623
2026-02-23T14:00:00+00:00,1.54624,1.54824,1.54223,1.54639
2026-02-23T22:00:00+00:00,1.54671,1.55314,1.54527,1.55167
2026-02-24T06:00:00+00:00,1.55166,1.56282,1.54947,1.56059
2026-02-24T14:00:00+00:00,1.56057,1.56175,1.55586,1.55847
2026-02-24T22:00:00+00:00,1.55845,1.56045,1.55348,1.55598
2026-02-25T06:00:00+00:00,1.55597,1.56826,1.55529,1.56696
2026-02-25T14:00:00+00:00,1.56697,1.5676,1.56239,1.56353
2026-02-25T22:00:00+00:00,1.56385,1.5645,1.55705,1.55944
2026-02-26T06:00:00+00:00,1.5594,1.56177,1.55896,1.56162
2026-02-26T14:00:00+00:00,1.56161,1.56433,1.55832,1.56129
2026-02-26T22:00:00+00:00,1.56132,1.56201,1.55539,1.55833
2026-02-27T06:00:00+00:00,1.55835,1.56234,1.55777,1.56173
2026-02-27T14:00:00+00:00,1.56174,1.56227,1.55888,1.56048
2026-03-01T22:00:00+00:00,1.56,1.56859,1.55985,1.56834
2026-03-02T06:00:00+00:00,1.56835,1.57607,1.56797,1.57519
2026-03-02T14:00:00+00:00,1.5752,1.57753,1.57116,1.57395
2026-03-02T22:00:00+00:00,1.57386,1.57598,1.57177,1.57398
2026-03-03T06:00:00+00:00,1.57397,1.57971,1.57152,1.57804
2026-03-03T14:00:00+00:00,1.57803,1.57954,1.57474,1.57741
2026-03-03T22:00:00+00:00,1.57735,1.57865,1.5718,1.5757
2026-03-04T06:00:00+00:00,1.5757,1.57655,1.56859,1.57296
2026-03-04T14:00:00+00:00,1.57298,1.57416,1.56883,1.57061
2026-03-04T22:00:00+00:00,1.5706,1.57217,1.56453,1.57193
2026-03-05T06:00:00+00:00,1.57195,1.57779,1.56901,1.57763
2026-03-05T14:00:00+00:00,1.57766,1.57849,1.57395,1.57611
2026-03-05T22:00:00+00:00,1.57606,1.57877,1.57384,1.57845
2026-03-06T06:00:00+00:00,1.57844,1.58088,1.57381,1.57876
2026-03-06T14:00:00+00:00,1.57876,1.58091,1.57513,1.57777
2026-03-08T21:00:00+00:00,1.58058,1.58901,1.58056,1.58723
2026-03-09T05:00:00+00:00,1.58723,1.58776,1.58195,1.58573
2026-03-09T13:00:00+00:00,1.58571,1.58584,1.57632,1.57671
2026-03-09T21:00:00+00:00,1.57671,1.57956,1.57534,1.57778
2026-03-10T05:00:00+00:00,1.57779,1.57979,1.57274,1.57811
2026-03-10T13:00:00+00:00,1.5781,1.58134,1.57403,1.58048
2026-03-10T21:00:00+00:00,1.58049,1.58394,1.57921,1.58107
2026-03-11T05:00:00+00:00,1.58108,1.58629,1.57864,1.58612
2026-03-11T13:00:00+00:00,1.58613,1.58978,1.58309,1.58955
2026-03-11T21:00:00+00:00,1.58953,1.59238,1.58784,1.59126
2026-03-12T05:00:00+00:00,1.59127,1.59127,1.58569,1.58893
2026-03-12T13:00:00+00:00,1.58895,1.59431,1.58806,1.5934
2026-03-12T21:00:00+00:00,1.5934,1.59687,1.59013,1.59508
2026-03-13T05:00:00+00:00,1.59509,1.59545,1.59209,1.59335
2026-03-13T13:00:00+00:00,1.59334,1.59756,1.5901,1.59742
2026-03-15T21:00:00+00:00,1.59596,1.59749,1.59255,1.59563
2026-03-16T05:00:00+00:00,1.59564,1.59586,1.58962,1.59135
2026-03-16T13:00:00+00:00,1.59134,1.59358,1.58852,1.59072
2026-03-16T21:00:00+00:00,1.59084,1.59455,1.59012,1.59234
2026-03-17T05:00:00+00:00,1.59232,1.59496,1.58967,1.59035
2026-03-17T13:00:00+00:00,1.59034,1.59117,1.58723,1.59001
2026-03-17T21:00:00+00:00,1.59002,1.59141,1.58753,1.58814
2026-03-18T05:00:00+00:00,1.58815,1.59474,1.5857,1.59448
2026-03-18T13:00:00+00:00,1.59449,1.59902,1.59259,1.59866
2026-03-18T21:00:00+00:00,1.59864,1.59875,1.59545,1.59655
2026-03-19T05:00:00+00:00,1.59656,1.59806,1.58854,1.58908
2026-03-19T13:00:00+00:00,1.58908,1.58942,1.57509,1.57736
2026-03-19T21:00:00+00:00,1.57736,1.58415,1.5761,1.58382
2026-03-20T05:00:00+00:00,1.58381,1.58902,1.58259,1.587
2026-03-20T13:00:00+00:00,1.58699,1.59389,1.58672,1.59228
2026-03-22T21:00:00+00:00,1.59309,1.59621,1.59015,1.594
2026-03-23T05:00:00+00:00,1.594,1.59658,1.5825,1.58513
2026-03-23T13:00:00+00:00,1.58509,1.58846,1.5802,1.58444
2026-03-23T21:00:00+00:00,1.58442,1.58795,1.58272,1.58757
2026-03-24T05:00:00+00:00,1.58759,1.5886,1.58406,1.58819
2026-03-24T13:00:00+00:00,1.5882,1.5919,1.5837,1.58699
2026-03-24T21:00:00+00:00,1.58696,1.58943,1.58575,1.58882
2026-03-25T05:00:00+00:00,1.58886,1.59201,1.58727,1.59025
2026-03-25T13:00:00+00:00,1.59023,1.59501,1.58939,1.59471
2026-03-25T21:00:00+00:00,1.59472,1.59539,1.59333,1.59435
2026-03-26T05:00:00+00:00,1.59434,1.59696,1.59285,1.59635
2026-03-26T13:00:00+00:00,1.59635,1.59847,1.59347,1.59816
2026-03-26T21:00:00+00:00,1.59816,1.59823,1.59456,1.59623
2026-03-27T05:00:00+00:00,1.59621,1.59979,1.59574,1.59876
2026-03-27T13:00:00+00:00,1.59877,1.60415,1.59701,1.6029
2026-03-29T22:00:00+01:00,1.60222,1.60464,1.59659,1.59794
2026-03-30T06:00:00+01:00,1.59797,1.59859,1.5934,1.59373
2026-03-30T14:00:00+01:00,1.59371,1.59745,1.59328,1.59708
2026-03-30T22:00:00+01:00,1.59703,1.59973,1.59593,1.59624
2026-03-31T06:00:00+01:00,1.59623,1.59788,1.59347,1.59367
2026-03-31T14:00:00+01:00,1.59363,1.59444,1.58659,1.58722
2026-03-31T22:00:00+01:00,1.58719,1.59013,1.58454,1.58785
2026-04-01T06:00:00+01:00,1.58786,1.58922,1.58273,1.58531
2026-04-01T14:00:00+01:00,1.5853,1.58946,1.5841,1.58815
2026-04-01T22:00:00+01:00,1.58816,1.5948,1.58546,1.59343
2026-04-02T06:00:00+01:00,1.59344,1.59746,1.59306,1.59632
2026-04-02T14:00:00+01:00,1.5963,1.5973,1.59234,1.59604
2026-04-02T22:00:00+01:00,1.59611,1.59715,1.59431,1.59624
2026-04-03T06:00:00+01:00,1.59624,1.59834,1.59533,1.5962
2026-04-03T14:00:00+01:00,1.59621,1.5973,1.59489,1.59667
2026-04-05T22:00:00+01:00,1.59647,1.59832,1.59485,1.59571
2026-04-06T06:00:00+01:00,1.59571,1.59712,1.59307,1.59408
2026-04-06T14:00:00+01:00,1.59407,1.59804,1.59396,1.5968
2026-04-06T22:00:00+01:00,1.59678,1.59932,1.59573,1.59739
2026-04-07T06:00:00+01:00,1.59737,1.59881,1.59469,1.59782
2026-04-07T14:00:00+01:00,1.59781,1.60031,1.59507,1.59618
2026-04-07T22:00:00+01:00,1.59619,1.59753,1.58297,1.58356
2026-04-08T06:00:00+01:00,1.58356,1.58537,1.5795,1.58015
2026-04-08T14:00:00+01:00,1.58015,1.58798,1.57888,1.58576
2026-04-08T22:00:00+01:00,1.58575,1.58954,1.58454,1.58737
2026-04-09T06:00:00+01:00,1.58739,1.59116,1.58716,1.59001
2026-04-09T14:00:00+01:00,1.59,1.59298,1.58633,1.58971
2026-04-09T22:00:00+01:00,1.58949,1.59244,1.58947,1.59187
2026-04-10T06:00:00+01:00,1.59188,1.59375,1.58911,1.59156
2026-04-10T14:00:00+01:00,1.59157,1.59352,1.59036,1.59272
2026-04-12T22:00:00+01:00,1.59681,1.59851,1.59526,1.59727
2026-04-13T06:00:00+01:00,1.59725,1.59862,1.59561,1.59744
2026-04-13T14:00:00+01:00,1.59745,1.59803,1.59292,1.59452
2026-04-13T22:00:00+01:00,1.59452,1.59468,1.59014,1.59031
2026-04-14T06:00:00+01:00,1.59031,1.59285,1.58698,1.58716
2026-04-14T14:00:00+01:00,1.58716,1.58936,1.58603,1.58784
2026-04-14T22:00:00+01:00,1.58784,1.59065,1.5874,1.58987
2026-04-15T06:00:00+01:00,1.58987,1.59153,1.58647,1.59108
2026-04-15T14:00:00+01:00,1.59107,1.59123,1.58753,1.59004
2026-04-15T22:00:00+01:00,1.59004,1.5903,1.58264,1.58715
2026-04-16T06:00:00+01:00,1.58715,1.59129,1.58702,1.59115
2026-04-16T14:00:00+01:00,1.59115,1.59308,1.5899,1.59166
2026-04-16T22:00:00+01:00,1.59157,1.59484,1.59027,1.59471
2026-04-17T06:00:00+01:00,1.59471,1.59532,1.5841,1.58415
2026-04-17T14:00:00+01:00,1.58414,1.58659,1.57591,1.58633
2026-04-19T22:00:00+01:00,1.58806,1.59204,1.58779,1.589
2026-04-20T06:00:00+01:00,1.58899,1.59076,1.58727,1.58878
2026-04-20T14:00:00+01:00,1.58879,1.58937,1.58552,1.58812
2026-04-20T22:00:00+01:00,1.58812,1.58995,1.58684,1.58959
2026-04-21T06:00:00+01:00,1.58959,1.59255,1.58796,1.5918
2026-04-21T14:00:00+01:00,1.59178,1.5964,1.59017,1.59355
2026-04-21T22:00:00+01:00,1.59353,1.5947,1.59173,1.59346
2026-04-22T06:00:00+01:00,1.59344,1.59372,1.59105,1.59363
2026-04-22T14:00:00+01:00,1.59361,1.59575,1.59117,1.59471
2026-04-22T22:00:00+01:00,1.59476,1.59689,1.59299,1.59547
2026-04-23T06:00:00+01:00,1.59549,1.59781,1.59437,1.59505
2026-04-23T14:00:00+01:00,1.59505,1.59844,1.59315,1.59733
2026-04-23T22:00:00+01:00,1.59741,1.59842,1.59601,1.5978
2026-04-24T06:00:00+01:00,1.59781,1.59817,1.59337,1.59551
2026-04-24T14:00:00+01:00,1.59549,1.59652,1.5931,1.5937
2026-04-26T22:00:00+01:00,1.5959,1.59621,1.59152,1.59237
2026-04-27T06:00:00+01:00,1.59239,1.59483,1.59096,1.5923
2026-04-27T14:00:00+01:00,1.59229,1.59463,1.59109,1.59421
2026-04-27T22:00:00+01:00,1.59422,1.59568,1.58962,1.59085
2026-04-28T06:00:00+01:00,1.59085,1.59788,1.59032,1.59464
2026-04-28T14:00:00+01:00,1.59464,1.5975,1.59434,1.59614
2026-04-28T22:00:00+01:00,1.59611,1.59664,1.59513,1.59637
2026-04-29T06:00:00+01:00,1.59636,1.59979,1.59606,1.59977
2026-04-29T14:00:00+01:00,1.59974,1.60479,1.59953,1.60414
2026-04-29T22:00:00+01:00,1.60362,1.60581,1.60075,1.6054
2026-04-30T06:00:00+01:00,1.6054,1.60725,1.55557,1.56823
2026-04-30T14:00:00+01:00,1.56824,1.56963,1.56197,1.56589
2026-04-30T22:00:00+01:00,1.5659,1.57329,1.56485,1.57246
2026-05-01T06:00:00+01:00,1.57247,1.573,1.55491,1.56595
2026-05-01T14:00:00+01:00,1.56599,1.57122,1.56337,1.57061
2026-05-03T22:00:00+01:00,1.56775,1.57252,1.55705,1.56733
2026-05-04T06:00:00+01:00,1.56734,1.57205,1.56533,1.5714
2026-05-04T14:00:00+01:00,1.57143,1.57302,1.56555,1.57234
2026-05-04T22:00:00+01:00,1.57241,1.573,1.57136,1.57287
2026-05-05T06:00:00+01:00,1.57287,1.57869,1.57082,1.57771
2026-05-05T14:00:00+01:00,1.57772,1.57919,1.5761,1.57883
2026-05-05T22:00:00+01:00,1.57883,1.57936,1.55031,1.55935
2026-05-06T06:00:00+01:00,1.55933,1.56567,1.55616,1.56283
2026-05-06T14:00:00+01:00,1.56286,1.56515,1.5605,1.56384
2026-05-06T22:00:00+01:00,1.56389,1.56527,1.56022,1.56359
2026-05-07T06:00:00+01:00,1.56358,1.56475,1.56023,1.56287
2026-05-07T14:00:00+01:00,1.56287,1.56957,1.56171,1.56913
2026-05-07T22:00:00+01:00,1.56922,1.56993,1.56728,1.56848
2026-05-08T06:00:00+01:00,1.56845,1.56885,1.56521,1.56643
2026-05-08T14:00:00+01:00,1.56644,1.56779,1.56435,1.56675
2026-05-10T22:00:00+01:00,1.56584,1.57175,1.56563,1.57127
2026-05-11T06:00:00+01:00,1.57128,1.57163,1.56949,1.57116
2026-05-11T14:00:00+01:00,1.57115,1.57273,1.5698,1.57171
2026-05-11T22:00:00+01:00,1.57172,1.57654,1.5711,1.57587
2026-05-12T06:00:00+01:00,1.57586,1.5775,1.56737,1.57553
2026-05-12T14:00:00+01:00,1.57553,1.57765,1.57484,1.57633
2026-05-12T22:00:00+01:00,1.57632,1.57783,1.57559,1.57721
2026-05-13T06:00:00+01:00,1.57721,1.57898,1.57676,1.57847
2026-05-13T14:00:00+01:00,1.57845,1.57925,1.57747,1.57862
2026-05-13T22:00:00+01:00,1.5787,1.57994,1.57517,1.57869
2026-05-14T06:00:00+01:00,1.57869,1.57994,1.57808,1.57973
2026-05-14T14:00:00+01:00,1.57976,1.58422,1.57315,1.58363
2026-05-14T22:00:00+01:00,1.58352,1.5859,1.58293,1.58519
2026-05-15T06:00:00+01:00,1.5852,1.58676,1.58294,1.58576
2026-05-15T14:00:00+01:00,1.58575,1.58845,1.58532,1.58744
2026-05-17T22:00:00+01:00,1.58681,1.59075,1.58587,1.58984
2026-05-18T06:00:00+01:00,1.58987,1.59001,1.58614,1.58691
2026-05-18T14:00:00+01:00,1.58691,1.59083,1.5865,1.58814
2026-05-18T22:00:00+01:00,1.58818,1.5903,1.58751,1.58995
2026-05-19T06:00:00+01:00,1.58996,1.59179,1.58651,1.59067
2026-05-19T14:00:00+01:00,1.59067,1.59253,1.5878,1.59068
2026-05-19T22:00:00+01:00,1.59069,1.59106,1.58821,1.58981
2026-05-20T06:00:00+01:00,1.58982,1.59102,1.58873,1.59018
2026-05-20T14:00:00+01:00,1.59018,1.59169,1.58589,1.58913
2026-05-20T22:00:00+01:00,1.58913,1.59003,1.58811,1.58998
2026-05-21T06:00:00+01:00,1.59,1.59189,1.58904,1.59163
2026-05-21T14:00:00+01:00,1.59164,1.59352,1.58819,1.58977
2026-05-21T22:00:00+01:00,1.58979,1.59126,1.58901,1.5907
2026-05-22T06:00:00+01:00,1.59071,1.5915,1.59057,1.59078
2026-05-22T14:00:00+01:00,1.59077,1.59234,1.58992,1.59193
2026-05-24T22:00:00+01:00,1.58832,1.58981,1.58759,1.58862
2026-05-25T06:00:00+01:00,1.58864,1.59042,1.58846,1.58903
2026-05-25T14:00:00+01:00,1.58903,1.5895,1.58883,1.58906
2026-05-25T22:00:00+01:00,1.58907,1.59015,1.58838,1.59004
2026-05-26T06:00:00+01:00,1.59005,1.5924,1.58975,1.59227
2026-05-26T14:00:00+01:00,1.59231,1.59381,1.59228,1.59305
2026-05-26T22:00:00+01:00,1.59306,1.59329,1.59178,1.59245
2026-05-27T06:00:00+01:00,1.59245,1.59449,1.59232,1.59418
2026-05-27T14:00:00+01:00,1.59418,1.59579,1.5937,1.59528
2026-05-27T22:00:00+01:00,1.59521,1.59653,1.59444,1.59578
2026-05-28T06:00:00+01:00,1.59578,1.59581,1.59316,1.59369
2026-05-28T14:00:00+01:00,1.59369,1.59493,1.59114,1.59241
2026-05-28T22:00:00+01:00,1.59241,1.59379,1.59205,1.59302
2026-05-29T06:00:00+01:00,1.59302,1.59334,1.592,1.59261
2026-05-29T14:00:00+01:00,1.59259,1.59357,1.59099,1.59276
2026-05-31T22:00:00+01:00,1.59374,1.59498,1.593,1.59459
2026-06-01T06:00:00+01:00,1.5946,1.59501,1.5941,1.59486
2026-06-01T14:00:00+01:00,1.59486,1.59764,1.59485,1.59657
2026-06-01T22:00:00+01:00,1.59661,1.59729,1.59591,1.59729
2026-06-02T06:00:00+01:00,1.59728,1.59785,1.59657,1.59782
2026-06-02T14:00:00+01:00,1.59782,1.59989,1.59767,1.59905
2026-06-02T22:00:00+01:00,1.59906,1.59998,1.59817,1.59889
2026-06-03T06:00:00+01:00,1.5989,1.59997,1.59368,1.59919
2026-06-03T14:00:00+01:00,1.59916,1.60096,1.59894,1.60061
2026-06-03T22:00:00+01:00,1.6006,1.60081,1.59601,1.5987
2026-06-04T06:00:00+01:00,1.59871,1.59934,1.59752,1.59865
2026-06-04T14:00:00+01:00,1.59866,1.60044,1.59844,1.60024
2026-06-04T22:00:00+01:00,1.60024,1.60051,1.59899,1.59962
2026-06-05T06:00:00+01:00,1.59963,1.60222,1.59832,1.60214
2026-06-05T14:00:00+01:00,1.60217,1.60344,1.59729,1.60305
2026-06-07T22:00:00+01:00,1.60289,1.60394,1.60203,1.60344
2026-06-08T06:00:00+01:00,1.60343,1.60346,1.59851,1.5996
2026-06-08T14:00:00+01:00,1.59959,1.60269,1.59939,1.60143
2026-06-08T22:00:00+01:00,1.60153,1.6028,1.60118,1.60194
2026-06-09T06:00:00+01:00,1.60193,1.60224,1.60054,1.60189
2026-06-09T14:00:00+01:00,1.60188,1.60445,1.60149,1.60353
2026-06-09T22:00:00+01:00,1.60344,1.60436,1.60239,1.60371
2026-06-10T06:00:00+01:00,1.6037,1.6053,1.60325,1.60439
2026-06-10T14:00:00+01:00,1.60438,1.60575,1.60342,1.60548
2026-06-10T22:00:00+01:00,1.60547,1.60564,1.60428,1.60506
2026-06-11T06:00:00+01:00,1.60507,1.60596,1.60495,1.60533
2026-06-11T14:00:00+01:00,1.60534,1.6056,1.59576,1.59931
2026-06-11T22:00:00+01:00,1.59932,1.60306,1.59905,1.60257
2026-06-12T06:00:00+01:00,1.60258,1.60377,1.59954,1.60257
2026-06-12T14:00:00+01:00,1.60255,1.60343,1.60164,1.60234
2026-06-14T22:00:00+01:00,1.60144,1.60231,1.59739,1.60052
2026-06-15T06:00:00+01:00,1.60052,1.60208,1.59992,1.6014
2026-06-15T14:00:00+01:00,1.60141,1.60397,1.60032,1.60339
2026-06-15T22:00:00+01:00,1.60346,1.60381,1.60051,1.60255
2026-06-16T06:00:00+01:00,1.60255,1.60377,1.60149,1.60325
2026-06-16T14:00:00+01:00,1.60325,1.60483,1.60324,1.60445
2026-06-16T22:00:00+01:00,1.60427,1.60464,1.60257,1.60268
2026-06-17T06:00:00+01:00,1.60269,1.60335,1.60118,1.60247
2026-06-17T14:00:00+01:00,1.60245,1.60797,1.60188,1.6065
2026-06-17T22:00:00+01:00,1.60646,1.6075,1.6052,1.60595
2026-06-18T06:00:00+01:00,1.60594,1.60952,1.60478,1.60874
2026-06-18T14:00:00+01:00,1.60874,1.6181,1.60801,1.61374
2026-06-18T22:00:00+01:00,1.6137,1.61441,1.60988,1.61377
2026-06-19T06:00:00+01:00,1.61378,1.61458,1.61159,1.6117
2026-06-19T14:00:00+01:00,1.61167,1.61348,1.61132,1.61313
2026-06-21T22:00:00+01:00,1.61258,1.61693,1.6125,1.61668
2026-06-22T06:00:00+01:00,1.61668,1.61788,1.61613,1.61774
2026-06-22T14:00:00+01:00,1.61775,1.61928,1.61076,1.61562
2026-06-22T22:00:00+01:00,1.61564,1.61638,1.61519,1.61611
2026-06-23T06:00:00+01:00,1.61612,1.61742,1.61273,1.61557
2026-06-23T14:00:00+01:00,1.61558,1.6162,1.61468,1.61563
2026-06-23T22:00:00+01:00,1.61572,1.61637,1.61491,1.61559
2026-06-24T06:00:00+01:00,1.61559,1.6178,1.61547,1.61753
2026-06-24T14:00:00+01:00,1.61754,1.61842,1.61689,1.61784
2026-06-24T22:00:00+01:00,1.61784,1.61804,1.61557,1.61765
2026-06-25T06:00:00+01:00,1.61766,1.6195,1.61728,1.61839
2026-06-25T14:00:00+01:00,1.61838,1.61856,1.61559,1.61788
2026-06-25T22:00:00+01:00,1.61793,1.61849,1.61567,1.61629
2026-06-26T06:00:00+01:00,1.6163,1.61748,1.61533,1.61659
2026-06-26T14:00:00+01:00,1.61658,1.61781,1.61579,1.61738
2026-06-28T22:00:00+01:00,1.61738,1.61885,1.6171,1.61814
2026-06-29T06:00:00+01:00,1.61815,1.61904,1.61779,1.61895
2026-06-29T14:00:00+01:00,1.61894,1.61984,1.6181,1.61939
2026-06-29T22:00:00+01:00,1.6194,1.62404,1.61895,1.62203
2026-06-30T06:00:00+01:00,1.62207,1.62512,1.62028,1.62406
2026-06-30T14:00:00+01:00,1.62404,1.62671,1.62317,1.62561
2026-06-30T22:00:00+01:00,1.62549,1.62841,1.62522,1.6273
2026-07-01T06:00:00+01:00,1.62731,1.62766,1.62612,1.62701
2026-07-01T14:00:00+01:00,1.62701,1.62736,1.62297,1.62578
2026-07-01T22:00:00+01:00,1.62576,1.62599,1.62364,1.62434
2026-07-02T06:00:00+01:00,1.62433,1.62433,1.60632,1.61028
2026-07-02T14:00:00+01:00,1.61028,1.61173,1.60761,1.61099
2026-07-02T22:00:00+01:00,1.61103,1.61523,1.60921,1.61129
2026-07-03T06:00:00+01:00,1.6113,1.61181,1.60481,1.61172
2026-07-03T14:00:00+01:00,1.61172,1.61441,1.6117,1.6136
2026-07-05T22:00:00+01:00,1.61305,1.61945,1.61284,1.61939
2026-07-06T06:00:00+01:00,1.6194,1.62427,1.61886,1.62398
2026-07-06T14:00:00+01:00,1.62399,1.62421,1.62019,1.62085
2026-07-06T22:00:00+01:00,1.62084,1.62189,1.61682,1.61798
2026-07-07T06:00:00+01:00,1.61799,1.62082,1.6166,1.6184
2026-07-07T14:00:00+01:00,1.61841,1.62139,1.61814,1.62102
2026-07-07T22:00:00+01:00,1.62101,1.62463,1.62013,1.62368
2026-07-08T06:00:00+01:00,1.62369,1.62557,1.62077,1.62521
2026-07-08T14:00:00+01:00,1.62521,1.62709,1.6242,1.62587
2026-07-08T22:00:00+01:00,1.62586,1.62627,1.62363,1.62433
2026-07-09T06:00:00+01:00,1.62434,1.6251,1.6225,1.62444
2026-07-09T14:00:00+01:00,1.62445,1.62454,1.62257,1.62384
2026-07-09T22:00:00+01:00,1.62396,1.62436,1.61286,1.61634
2026-07-10T06:00:00+01:00,1.61635,1.61895,1.61411,1.61797
2026-07-10T14:00:00+01:00,1.61796,1.6187,1.61282,1.6171
2026-07-12T22:00:00+01:00,1.6172,1.62173,1.61696,1.61996
2026-07-13T06:00:00+01:00,1.61996,1.62357,1.61839,1.62114
2026-07-13T14:00:00+01:00,1.62113,1.62485,1.62074,1.62434
2026-07-13T22:00:00+01:00,1.62406,1.62505,1.6223,1.62321
2026-07-14T06:00:00+01:00,1.62322,1.62387,1.61608,1.61912
2026-07-14T14:00:00+01:00,1.6191,1.62288,1.61835,1.6225
2026-07-14T22:00:00+01:00,1.62249,1.62268,1.61967,1.62213
2026-07-15T06:00:00+01:00,1.62212,1.62421,1.62104,1.62167
2026-07-15T14:00:00+01:00,1.62167,1.62283,1.61896,1.62186
2026-07-15T22:00:00+01:00,1.62185,1.62242,1.62031,1.62096
2026-07-16T06:00:00+01:00,1.62098,1.62302,1.61983,1.62297
2026-07-16T14:00:00+01:00,1.62296,1.62547,1.62216,1.62392
2026-07-16T22:00:00+01:00,1.62393,1.62474,1.62316,1.62418
2026-07-17T06:00:00+01:00,1.62419,1.62454,1.62124,1.62411
2026-07-17T14:00:00+01:00,1.62411,1.6252,1.62324,1.62404
2026-07-19T22:00:00+01:00,1.62452,1.62594,1.62306,1.62339
2026-07-20T06:00:00+01:00,1.6234,1.62454,1.62199,1.62411
2026-07-20T14:00:00+01:00,1.6241,1.62598,1.62387,1.62497
2026-07-20T22:00:00+01:00,1.62496,1.62538,1.62432,1.62488
2026-07-21T06:00:00+01:00,1.62488,1.62802,1.62471,1.62725
2026-07-21T14:00:00+01:00,1.62724,1.63241,1.62724,1.63174
2026-07-21T22:00:00+01:00,1.63174,1.63228,1.63029,1.63175
2026-07-22T06:00:00+01:00,1.63174,1.63189,1.62678,1.63106
2026-07-22T14:00:00+01:00,1.63108,1.63178,1.63015,1.63146
2026-07-22T22:00:00+01:00,1.63149,1.63179,1.62996,1.63074
2026-07-23T06:00:00+01:00,1.63073,1.63758,1.63068,1.63676
2026-07-23T14:00:00+01:00,1.63677,1.6399,1.63666,1.63853
2026-07-23T22:00:00+01:00,1.63854,1.63938,1.63725,1.63829
2026-07-24T06:00:00+01:00,1.6383,1.63864,1.63653,1.63853
2026-07-24T14:00:00+01:00,1.63853,1.6388,1.63645,1.63842
2026-07-26T22:00:00+01:00,1.63566,1.63711,1.63458,1.6358
2026-07-27T06:00:00+01:00,1.6358,1.63706,1.63331,1.63693
2026-07-27T14:00:00+01:00,1.63693,1.63797,1.63588,1.63746
2026-07-27T22:00:00+01:00,1.63749,1.63842,1.63677,1.63752
2026-07-28T06:00:00+01:00,1.63751,1.6395,1.63671,1.63879
2026-07-28T14:00:00+01:00,1.63881,1.63889,1.63645,1.63833
2026-07-28T22:00:00+01:00,1.63827,1.63884,1.63279,1.63428
2026-07-29T06:00:00+01:00,1.63427,1.63822,1.63345,1.63801
2026-07-29T14:00:00+01:00,1.638,1.63907,1.63232,1.63398
2026-07-29T22:00:00+01:00,1.63397,1.63554,1.6321,1.63492
2026-07-30T06:00:00+01:00,1.63491,1.6374,1.62287,1.62957
2026-07-30T14:00:00+01:00,1.62958,1.62961,1.57969,1.59535
2026-07-30T22:00:00+01:00,1.59534,1.60884,1.59378,1.60684
2026-07-31T06:00:00+01:00,1.60683,1.60748,1.58546,1.60374
2026-07-31T14:00:00+01:00,1.60374,1.6054,1.57233,1.57432
