time,open,high,low,close
2023-08-30T14:00:00+01:00,1947.5095,1949.11,1943.18,1944.94
2023-08-30T18:00:00+01:00,1944.97,1945.69,1942.12,1942.5385
2023-08-30T22:00:00+01:00,1943.705,1945.6,1942.19,1945.42
2023-08-31T02:00:00+01:00,1945.41,1947.8235,1944.7215,1945.825
2023-08-31T06:00:00+01:00,1945.85,1946.35,1943.3,1944.48
2023-08-31T10:00:00+01:00,1944.43,1947.96,1943.1535,1945.87
2023-08-31T14:00:00+01:00,1945.89,1946.455,1939.0445,1941.78
2023-08-31T18:00:00+01:00,1941.86,1942.14,1939.18,1940.21
2023-08-31T22:00:00+01:00,1939.895,1940.6185,1938.7835,1939.3565
2023-09-01T02:00:00+01:00,1939.3615,1944.15,1938.25,1940.08
2023-09-01T06:00:00+01:00,1940.05,1943.825,1938.51,1943.07
2023-09-01T10:00:00+01:00,1943.06,1953.095,1943,1949.955
2023-09-01T14:00:00+01:00,1949.96,1951.5565,1934.5035,1938.19
2023-09-01T18:00:00+01:00,1938.21,1941.59,1937.38,1939.77
2023-09-03T22:00:00+01:00,1940.4515,1941.765,1939.4445,1940.9915
2023-09-04T02:00:00+01:00,1940.97,1946.195,1940.48,1945.1265
2023-09-04T06:00:00+01:00,1945.105,1946.3585,1942.7015,1943.9185
2023-09-04T10:00:00+01:00,1943.9855,1944.28,1939.9135,1940.02
2023-09-04T14:00:00+01:00,1940.025,1940.275,1936.8335,1938.39
2023-09-04T18:00:00+01:00,1938.38,1938.9635,1938.0605,1938.37
2023-09-04T22:00:00+01:00,1938.525,1938.9835,1937.06,1937.91
2023-09-05T02:00:00+01:00,1937.89,1939.0135,1935.03,1938.5915
2023-09-05T06:00:00+01:00,1938.585,1939.05,1932.2195,1933.51
2023-09-05T10:00:00+01:00,1933.5035,1934.805,1927.9865,1933.82
2023-09-05T14:00:00+01:00,1933.835,1934.295,1925.37,1927.2765
2023-09-05T18:00:00+01:00,1927.2865,1927.55,1925.5,1926.105
2023-09-05T22:00:00+01:00,1926.02,1927.0035,1924.55,1924.78
2023-09-06T02:00:00+01:00,1924.76,1927.4,1924.2565,1927.31
2023-09-06T06:00:00+01:00,1927.34,1928.53,1922.6825,1924.8
2023-09-06T10:00:00+01:00,1924.81,1927.8085,1922.88,1923.26
2023-09-06T14:00:00+01:00,1923.25,1929.225,1915.3485,1920.065
2023-09-06T18:00:00+01:00,1920.07,1920.75,1916.0085,1916.71
2023-09-06T22:00:00+01:00,1917.2805,1918.4535,1916.3315,1916.85
2023-09-07T02:00:00+01:00,1916.875,1920.76,1916.69,1919.02
2023-09-07T06:00:00+01:00,1919.05,1919.86,1917.1615,1918.93
2023-09-07T10:00:00+01:00,1918.95,1923.645,1916.265,1923.275
2023-09-07T14:00:00+01:00,1923.28,1923.53,1917.2715,1918.0915
2023-09-07T18:00:00+01:00,1918.0865,1920.81,1917.5065,1919.67
2023-09-07T22:00:00+01:00,1919.605,1924.56,1919.3265,1923.795
2023-09-08T02:00:00+01:00,1923.73,1927.28,1922.955,1924.58
2023-09-08T06:00:00+01:00,1924.595,1927.33,1923.43,1924.6915
2023-09-08T10:00:00+01:00,1924.7015,1925.964,1920.4315,1920.4865
2023-09-08T14:00:00+01:00,1920.485,1929.76,1917.385,1919.7245
2023-09-08T18:00:00+01:00,1919.7265,1920.7265,1918.14,1918.9
2023-09-10T22:00:00+01:00,1920.3335,1921.188,1916.7345,1920.13
2023-09-11T02:00:00+01:00,1920.125,1926.81,1919.185,1926.59
2023-09-11T06:00:00+01:00,1926.56,1930.7365,1925.42,1927.79
2023-09-11T10:00:00+01:00,1927.77,1928.07,1924.295,1927.32
2023-09-11T14:00:00+01:00,1927.28,1930.185,1921.445,1923.48
2023-09-11T18:00:00+01:00,1923.495,1924.4055,1921.525,1922.4
2023-09-11T22:00:00+01:00,1922.34,1923.3615,1921.225,1921.59
2023-09-12T02:00:00+01:00,1921.58,1924.58,1920.39,1922.315
2023-09-12T06:00:00+01:00,1922.3365,1922.395,1918.6765,1919.7865
2023-09-12T10:00:00+01:00,1919.77,1920.08,1908.5245,1909.815
2023-09-12T14:00:00+01:00,1909.775,1915.105,1907.6365,1912.41
2023-09-12T18:00:00+01:00,1912.4,1913.9135,1911.82,1913.605
2023-09-12T22:00:00+01:00,1912.4135,1913.8285,1912.2465,1912.64
2023-09-13T02:00:00+01:00,1912.57,1913.89,1908.2465,1911.7185
2023-09-13T06:00:00+01:00,1911.7035,1912.72,1908.265,1912.27
2023-09-13T10:00:00+01:00,1912.24,1914.5785,1905.7155,1912.35
2023-09-13T14:00:00+01:00,1912.365,1915.805,1908.92,1909.4685
2023-09-13T18:00:00+01:00,1909.43,1911.25,1907.8785,1908.29
2023-09-13T22:00:00+01:00,1909,1912.865,1907.6335,1912.68
2023-09-14T02:00:00+01:00,1912.66,1912.9835,1908.815,1909.5135
2023-09-14T06:00:00+01:00,1909.53,1911.09,1905.1965,1907.38
2023-09-14T10:00:00+01:00,1907.33,1910.425,1901.19,1904.49
2023-09-14T14:00:00+01:00,1904.5,1912.1315,1901.0515,1910.2965
2023-09-14T18:00:00+01:00,1910.28,1911.48,1908.0915,1910.775
2023-09-14T22:00:00+01:00,1910.945,1911.63,1909.8885,1911.37
2023-09-15T02:00:00+01:00,1911.33,1916.9,1910.5,1916.1815
2023-09-15T06:00:00+01:00,1916.175,1919.65,1914.99,1918.08
2023-09-15T10:00:00+01:00,1918.04,1920.605,1916.08,1917.16
2023-09-15T14:00:00+01:00,1917.18,1930.4565,1916.965,1925.3865
2023-09-15T18:00:00+01:00,1925.3915,1925.985,1922.4115,1923.83
2023-09-17T22:00:00+01:00,1924.26,1924.78,1922.5665,1924.67
2023-09-18T02:00:00+01:00,1924.71,1929.535,1923.43,1928.235
2023-09-18T06:00:00+01:00,1928.2515,1930.72,1925.18,1926.22
2023-09-18T10:00:00+01:00,1926.21,1928.26,1923.5965,1924.05
2023-09-18T14:00:00+01:00,1924.095,1931.195,1922.8315,1931.12
2023-09-18T18:00:00+01:00,1931.13,1934.315,1931.07,1933.86
2023-09-18T22:00:00+01:00,1933.9,1934.65,1932.685,1932.85
2023-09-19T02:00:00+01:00,1932.87,1933.49,1931.3515,1931.3515
2023-09-19T06:00:00+01:00,1931.34,1934.9585,1929.8395,1933.79
2023-09-19T10:00:00+01:00,1933.77,1937.42,1933.67,1935.8615
2023-09-19T14:00:00+01:00,1935.8415,1936.415,1930.8415,1930.9365
2023-09-19T18:00:00+01:00,1930.9265,1933.1,1929.82,1931.3
2023-09-19T22:00:00+01:00,1931.5485,1932.49,1930.34,1930.74
2023-09-20T02:00:00+01:00,1930.75,1931.5285,1928.5835,1929.7915
2023-09-20T06:00:00+01:00,1929.7815,1932.4135,1928.005,1929.21
2023-09-20T10:00:00+01:00,1929.23,1934.08,1929.23,1932.255
2023-09-20T14:00:00+01:00,1932.26,1946.775,1931.985,1946.725
2023-09-20T18:00:00+01:00,1946.745,1947.465,1929.265,1930.4135
2023-09-20T22:00:00+01:00,1931.04,1931.5535,1924.655,1925.06
2023-09-21T02:00:00+01:00,1925.07,1928.7635,1924.245,1928.1085
2023-09-21T06:00:00+01:00,1928.1255,1930.57,1922.92,1923.13
2023-09-21T10:00:00+01:00,1923.11,1926.16,1914.1635,1916.5735
2023-09-21T14:00:00+01:00,1916.5785,1923.845,1913.9415,1919.57
2023-09-21T18:00:00+01:00,1919.58,1921.32,1918.7935,1919.98
2023-09-21T22:00:00+01:00,1919.98,1923.6915,1919.4435,1923.5
2023-09-22T02:00:00+01:00,1923.48,1925.56,1922.0715,1924.4435
2023-09-22T06:00:00+01:00,1924.4335,1928.745,1923.74,1926.78
2023-09-22T10:00:00+01:00,1926.76,1927.68,1924.2,1926.1365
2023-09-22T14:00:00+01:00,1926.1415,1929.16,1924.94,1925.3835
2023-09-22T18:00:00+01:00,1925.385,1926.45,1924.3985,1925.23
2023-09-24T22:00:00+01:00,1924.955,1926.563,1923.32,1924.95
2023-09-25T02:00:00+01:00,1925.01,1925.3535,1922.71,1923.2
2023-09-25T06:00:00+01:00,1923.185,1927.265,1920.915,1921.74
2023-09-25T10:00:00+01:00,1921.73,1926.89,1921.66,1925.95
2023-09-25T14:00:00+01:00,1925.915,1926.4185,1915.205,1916.785
2023-09-25T18:00:00+01:00,1916.79,1917.7155,1915.26,1915.9685
2023-09-25T22:00:00+01:00,1916.1405,1916.835,1914.8165,1914.88
2023-09-26T02:00:00+01:00,1914.915,1915.8655,1913.105,1914.7035
2023-09-26T06:00:00+01:00,1914.725,1915.715,1909.72,1913.86
2023-09-26T10:00:00+01:00,1913.88,1913.95,1905.36,1910.265
2023-09-26T14:00:00+01:00,1910.302,1910.363,1900.7915,1901.2985
2023-09-26T18:00:00+01:00,1901.31,1902.3635,1899.15,1900.75
2023-09-26T22:00:00+01:00,1900.6055,1902.52,1899.83,1900.72
2023-09-27T02:00:00+01:00,1900.67,1903.9885,1896.625,1897.7315
2023-09-27T06:00:00+01:00,1897.7265,1899.1215,1895.13,1896.685
2023-09-27T10:00:00+01:00,1896.6885,1896.75,1889.85,1891.8535
2023-09-27T14:00:00+01:00,1891.85,1892.215,1875.515,1875.925
2023-09-27T18:00:00+01:00,1875.935,1878.3635,1872.6035,1875.17
2023-09-27T22:00:00+01:00,1875.375,1877.975,1875.375,1877.18
2023-09-28T02:00:00+01:00,1877.1385,1877.5835,1873.625,1874.91
2023-09-28T06:00:00+01:00,1874.9,1878.3035,1873.73,1874.26
2023-09-28T10:00:00+01:00,1874.25,1879.64,1871.845,1872.485
2023-09-28T14:00:00+01:00,1872.48,1877.175,1857.7,1863.57
2023-09-28T18:00:00+01:00,1863.54,1867.41,1861.02,1864.83
2023-09-28T22:00:00+01:00,1865.73,1867.32,1863.865,1865.4585
2023-09-29T02:00:00+01:00,1865.4535,1867.05,1863.0235,1865.05
2023-09-29T06:00:00+01:00,1864.99,1874.0655,1864.51,1871.685
2023-09-29T10:00:00+01:00,1871.715,1874.15,1867.61,1873.945
2023-09-29T14:00:00+01:00,1873.965,1879.92,1852.315,1853.7065
2023-09-29T18:00:00+01:00,1853.7115,1853.7265,1846.35,1848.63
2023-10-01T22:00:00+01:00,1848.24,1849.02,1845.2335,1845.545
2023-10-02T02:00:00+01:00,1845.56,1847.46,1842.47,1842.61
2023-10-02T06:00:00+01:00,1842.59,1846.32,1839.29,1839.62
2023-10-02T10:00:00+01:00,1839.595,1840.6515,1831.1795,1836.32
2023-10-02T14:00:00+01:00,1836.33,1838.515,1827.225,1831.625
2023-10-02T18:00:00+01:00,1831.6715,1833.64,1827.5785,1828.125
2023-10-02T22:00:00+01:00,1829.0985,1829.7385,1820.59,1824.7115
2023-10-03T02:00:00+01:00,1824.71,1825.1615,1815.39,1820.745
2023-10-03T06:00:00+01:00,1820.75,1829.21,1818.26,1826.31
2023-10-03T10:00:00+01:00,1826.32,1829.815,1823.75,1824.89
2023-10-03T14:00:00+01:00,1824.9235,1833.405,1819.325,1823.9735
2023-10-03T18:00:00+01:00,1823.975,1826.0165,1821.9935,1822.96
2023-10-03T22:00:00+01:00,1822.825,1825.09,1821.94,1823.35
2023-10-04T02:00:00+01:00,1823.33,1824.3665,1819.655,1823.6065
2023-10-04T06:00:00+01:00,1823.585,1823.725,1816.78,1823.0215
2023-10-04T10:00:00+01:00,1823.0315,1830.75,1821.13,1827.36
2023-10-04T14:00:00+01:00,1827.415,1827.495,1817.1585,1821.06
2023-10-04T18:00:00+01:00,1821.015,1823.73,1816.6335,1821.425
2023-10-04T22:00:00+01:00,1821.815,1825.76,1820.9585,1825.71
2023-10-05T02:00:00+01:00,1825.7,1829.25,1825.7,1827.72
2023-10-05T06:00:00+01:00,1827.69,1828.24,1819.7785,1819.9335
2023-10-05T10:00:00+01:00,1819.96,1824.0335,1813.0695,1815.755
2023-10-05T14:00:00+01:00,1815.775,1821.9385,1814.2585,1818.18
2023-10-05T18:00:00+01:00,1818.2,1820.92,1815.8715,1820.29
2023-10-05T22:00:00+01:00,1820.37,1823.22,1820.2135,1820.74
2023-10-06T02:00:00+01:00,1820.695,1824.62,1819.74,1822.85
2023-10-06T06:00:00+01:00,1822.855,1822.9885,1818.67,1821.97
2023-10-06T10:00:00+01:00,1821.99,1825.17,1810.4465,1815.145
2023-10-06T14:00:00+01:00,1815.165,1834.89,1813.98,1829.2785
2023-10-06T18:00:00+01:00,1829.275,1834.015,1828.8835,1833.075
2023-10-08T22:00:00+01:00,1847.83,1855.6435,1845.575,1852.485
2023-10-09T02:00:00+01:00,1852.455,1853.31,1847.41,1850.575
2023-10-09T06:00:00+01:00,1850.58,1854.4365,1848.075,1850.5585
2023-10-09T10:00:00+01:00,1850.5635,1852.4135,1845.0285,1848.02
2023-10-09T14:00:00+01:00,1847.96,1853.28,1844.2885,1850.1335
2023-10-09T18:00:00+01:00,1850.1505,1863.5585,1850.0335,1861.3
2023-10-09T22:00:00+01:00,1861.7,1865.4685,1860.4335,1864.1215
2023-10-10T02:00:00+01:00,1864.1315,1865.29,1860.8465,1860.9
2023-10-10T06:00:00+01:00,1860.92,1862.23,1855.225,1858.56
2023-10-10T10:00:00+01:00,1858.55,1859.635,1853.0565,1854.6035
2023-10-10T14:00:00+01:00,1854.6085,1862.4965,1853.13,1861.9715
2023-10-10T18:00:00+01:00,1861.9765,1862.825,1858.165,1860.5
2023-10-10T22:00:00+01:00,1860.495,1862.17,1859.36,1861
2023-10-11T02:00:00+01:00,1860.99,1862.1135,1859.48,1859.77
2023-10-11T06:00:00+01:00,1859.75,1869.885,1858.68,1869.62
2023-10-11T10:00:00+01:00,1869.65,1874.825,1867.412,1872.94
2023-10-11T14:00:00+01:00,1872.93,1877.25,1868.205,1874.38
2023-10-11T18:00:00+01:00,1874.3115,1874.785,1870.87,1874.3
2023-10-11T22:00:00+01:00,1875.07,1876.6465,1873.9565,1875.47
2023-10-12T02:00:00+01:00,1875.48,1879.15,1874.52,1878.8965
2023-10-12T06:00:00+01:00,1878.8915,1882.745,1878.42,1880.41
2023-10-12T10:00:00+01:00,1880.435,1885.19,1875.4,1879.125
2023-10-12T14:00:00+01:00,1879.09,1880.11,1870.67,1871.48
2023-10-12T18:00:00+01:00,1871.46,1872.0115,1867.97,1869.07
2023-10-12T22:00:00+01:00,1869.005,1872.63,1869.005,1872.63
2023-10-13T02:00:00+01:00,1872.6,1876.825,1871.37,1876.3415
2023-10-13T06:00:00+01:00,1876.32,1884.99,1875.8065,1883.8215
2023-10-13T10:00:00+01:00,1883.7845,1919.1865,1882.48,1913.41
2023-10-13T14:00:00+01:00,1913.3865,1927.55,1905.6335,1927.24
2023-10-13T18:00:00+01:00,1927.25,1933.16,1926.8515,1933.06
2023-10-15T22:00:00+01:00,1928.9,1929.875,1921.29,1921.72
2023-10-16T02:00:00+01:00,1921.71,1923.54,1918.105,1920.2
2023-10-16T06:00:00+01:00,1920.23,1920.23,1908.235,1911.67
2023-10-16T10:00:00+01:00,1911.65,1924.5815,1911.27,1918.73
2023-10-16T14:00:00+01:00,1918.775,1922.37,1914.53,1921.9365
2023-10-16T18:00:00+01:00,1921.9465,1922.85,1917.955,1919.94
2023-10-16T22:00:00+01:00,1919.945,1921.87,1914.43,1916.62
2023-10-17T02:00:00+01:00,1916.64,1917.64,1912.4885,1914.75
2023-10-17T06:00:00+01:00,1914.8,1921.395,1914.29,1919.33
2023-10-17T10:00:00+01:00,1919.35,1929.125,1918.97,1926.1185
2023-10-17T14:00:00+01:00,1926.115,1931.6145,1920.9215,1924.18
2023-10-17T18:00:00+01:00,1924.1985,1925.1855,1919.18,1923.15
2023-10-17T22:00:00+01:00,1923.34,1928.2715,1922.9215,1927.44
2023-10-18T02:00:00+01:00,1927.45,1942.81,1926.9165,1938.11
2023-10-18T06:00:00+01:00,1938.09,1940.21,1935.1165,1938.475
2023-10-18T10:00:00+01:00,1938.465,1950.075,1938.385,1948.9
2023-10-18T14:00:00+01:00,1948.89,1962.705,1938.3135,1949.91
2023-10-18T18:00:00+01:00,1949.92,1956.655,1947.215,1947.63
2023-10-18T22:00:00+01:00,1947.8685,1953.365,1947.1385,1950.2365
2023-10-19T02:00:00+01:00,1950.2265,1951.75,1945.285,1948.1865
2023-10-19T06:00:00+01:00,1948.1715,1954.545,1945.5865,1949.77
2023-10-19T10:00:00+01:00,1949.75,1957.2285,1947.92,1954.8665
2023-10-19T14:00:00+01:00,1954.845,1962.1465,1949.85,1962.0565
2023-10-19T18:00:00+01:00,1962.075,1977.73,1960.8765,1974.5
2023-10-19T22:00:00+01:00,1975.055,1982.395,1972.6,1975.0385
2023-10-20T02:00:00+01:00,1975.0285,1981.975,1972.065,1977.26
2023-10-20T06:00:00+01:00,1977.3,1985.2965,1974.2,1983.7265
2023-10-20T10:00:00+01:00,1983.7715,1985.9585,1973.3355,1978.345
2023-10-20T14:00:00+01:00,1978.39,1997.2985,1976.6515,1982.7
2023-10-20T18:00:00+01:00,1982.695,1986.775,1974.415,1981.225
2023-10-22T22:00:00+01:00,1967.77,1978.68,1964.425,1966.325
2023-10-23T02:00:00+01:00,1966.345,1974.81,1964.47,1973.88
2023-10-23T06:00:00+01:00,1973.865,1982.0535,1972.8385,1981.4965
2023-10-23T10:00:00+01:00,1981.4795,1982.87,1975.3215,1977.61
2023-10-23T14:00:00+01:00,1977.64,1980.1015,1970.18,1974.5265
2023-10-23T18:00:00+01:00,1974.49,1978.165,1971.2285,1972.775
2023-10-23T22:00:00+01:00,1972.8595,1975.96,1971.46,1973.905
2023-10-24T02:00:00+01:00,1973.92,1980.9,1973.92,1976.29
2023-10-24T06:00:00+01:00,1976.295,1979.265,1969.9815,1972.3015
2023-10-24T10:00:00+01:00,1972.2915,1972.605,1953.603,1964.9785
2023-10-24T14:00:00+01:00,1965.0255,1976.075,1959.04,1974.37
2023-10-24T18:00:00+01:00,1974.36,1977.64,1970.86,1970.9
2023-10-24T22:00:00+01:00,1971.8635,1975.3685,1970.0985,1974.5835
2023-10-25T02:00:00+01:00,1974.62,1977.07,1970.9705,1972.495
2023-10-25T06:00:00+01:00,1972.48,1976.02,1968.36,1971.445
2023-10-25T10:00:00+01:00,1971.46,1976.9315,1969.5115,1975.145
2023-10-25T14:00:00+01:00,1975.18,1987.32,1963.063,1978.22
2023-10-25T18:00:00+01:00,1978.29,1985.695,1976.595,1980
2023-10-25T22:00:00+01:00,1979.635,1984.805,1979.635,1983.535
2023-10-26T02:00:00+01:00,1983.5535,1989.445,1983.35,1988.555
2023-10-26T06:00:00+01:00,1988.51,1993.5535,1984.04,1992.15
2023-10-26T10:00:00+01:00,1992.2,1992.2385,1974.795,1979.58
2023-10-26T14:00:00+01:00,1979.6705,1985.91,1971.81,1984.29
2023-10-26T18:00:00+01:00,1984.27,1989.335,1982.38,1984.75
2023-10-26T22:00:00+01:00,1984.79,1986.8835,1982.94,1983.53
2023-10-27T02:00:00+01:00,1983.52,1990.005,1983.27,1989.505
2023-10-27T06:00:00+01:00,1989.52,1989.75,1985.565,1987.0405
2023-10-27T10:00:00+01:00,1987.045,1987.965,1977.105,1980.495
2023-10-27T14:00:00+01:00,1980.3495,1985.76,1976.9135,1983.735
2023-10-27T18:00:00+01:00,1983.74,2009.55,1983.08,2006.45
2023-10-29T21:00:00+00:00,2004.43,2006.95,1997.0145,2004.705
2023-10-30T01:00:00+00:00,2004.665,2005.8,2000.26,2001.57
2023-10-30T05:00:00+00:00,2001.535,2002.755,1990.985,1993.7515
2023-10-30T09:00:00+00:00,1993.79,2000.12,1991.6015,1998.045
2023-10-30T13:00:00+00:00,1998.04,2002.61,1992.0365,1998.9615
2023-10-30T17:00:00+00:00,1998.9765,1999.9685,1994.765,1996.055
2023-10-30T21:00:00+00:00,1995.96,1996.655,1994.06,1995.68
2023-10-31T01:00:00+00:00,1995.66,1997.35,1990.63,1992.8335
2023-10-31T05:00:00+00:00,1992.8435,1999.2715,1992.45,1997.0145
2023-10-31T09:00:00+00:00,1996.97,2001.535,1994.8965,1995.678
2023-10-31T13:00:00+00:00,1995.6,2007.9345,1986.6695,1990.81
2023-10-31T17:00:00+00:00,1990.87,1991.3,1978.905,1983.775
2023-10-31T21:00:00+00:00,1983.7565,1986.215,1978.84,1980.065
2023-11-01T01:00:00+00:00,1980.04,1981.455,1975.2365,1977.7
2023-11-01T05:00:00+00:00,1977.69,1983.01,1976.4,1982.54
2023-11-01T09:00:00+00:00,1982.55,1988.595,1980.6085,1986.67
2023-11-01T13:00:00+00:00,1986.69,1992.302,1974.595,1977.875
2023-11-01T17:00:00+00:00,1977.885,1982.9365,1969.975,1982.54
2023-11-01T21:00:00+00:00,1984.005,1986.2685,1981.425,1984.75
2023-11-02T01:00:00+00:00,1984.72,1988.2265,1983.465,1986.1
2023-11-02T05:00:00+00:00,1986.105,1988.51,1983.73,1986.86
2023-11-02T09:00:00+00:00,1986.87,1991.045,1985.82,1990.4
2023-11-02T13:00:00+00:00,1990.37,1991.08,1978.92,1981.87
2023-11-02T17:00:00+00:00,1981.85,1986.6765,1981.56,1985.755
2023-11-02T21:00:00+00:00,1985.4765,1986.6,1984.42,1985.65
2023-11-03T01:00:00+00:00,1985.68,1987.94,1983.325,1985.85
2023-11-03T05:00:00+00:00,1985.86,1989.3505,1984.5545,1988.6515
2023-11-03T09:00:00+00:00,1988.64,2004.1165,1985.88,2000.235
2023-11-03T13:00:00+00:00,2000.205,2001.85,1986.4655,1990.385
2023-11-03T17:00:00+00:00,1990.445,1995.19,1989.92,1992.58
2023-11-05T22:00:00+00:00,1992.5,1993.13,1987.115,1992.205
2023-11-06T02:00:00+00:00,1992.2385,1993.03,1982.0085,1983.98
2023-11-06T06:00:00+00:00,1983.95,1988.015,1982.33,1986.87
2023-11-06T10:00:00+00:00,1986.95,1989.15,1983.47,1986.395
2023-11-06T14:00:00+00:00,1986.42,1988.275,1980.0185,1983.7515
2023-11-06T18:00:00+00:00,1983.735,1983.7765,1977.43,1977.845
2023-11-06T22:00:00+00:00,1978.145,1978.6335,1974.8435,1975.7965
2023-11-07T02:00:00+00:00,1975.7715,1976.17,1971.0265,1973.77
2023-11-07T06:00:00+00:00,1973.74,1973.97,1964.2215,1966.4385
2023-11-07T10:00:00+00:00,1966.4235,1968.08,1956.7715,1966.585
2023-11-07T14:00:00+00:00,1966.6185,1967.305,1960.2385,1964.05
2023-11-07T18:00:00+00:00,1964.065,1969.8765,1963.69,1969.33
2023-11-07T22:00:00+00:00,1969.175,1970.08,1967.57,1968.72
2023-11-08T02:00:00+00:00,1968.745,1971.13,1965.04,1965.63
2023-11-08T06:00:00+00:00,1965.66,1969.205,1965.17,1965.5535
2023-11-08T10:00:00+00:00,1965.54,1966.71,1959.6135,1964.88
2023-11-08T14:00:00+00:00,1964.86,1966.42,1951.0265,1953.79
2023-11-08T18:00:00+00:00,1953.815,1954.7665,1947.4835,1950.0165
2023-11-08T22:00:00+00:00,1949.605,1954.685,1948.99,1953.41
2023-11-09T02:00:00+00:00,1953.425,1953.44,1947.88,1950.225
2023-11-09T06:00:00+00:00,1950.21,1950.5885,1944.7005,1946.89
2023-11-09T10:00:00+00:00,1946.91,1951.4435,1944.88,1950.6265
2023-11-09T14:00:00+00:00,1950.635,1964.95,1948.635,1961.95
2023-11-09T18:00:00+00:00,1961.94,1965.6965,1956.2555,1958.625
2023-11-09T22:00:00+00:00,1958.775,1960.84,1957.93,1959.15
2023-11-10T02:00:00+00:00,1959.17,1960.52,1956.44,1957.4035
2023-11-10T06:00:00+00:00,1957.3885,1958.29,1953.58,1953.985
2023-11-10T10:00:00+00:00,1953.96,1954.4015,1943.185,1946.16
2023-11-10T14:00:00+00:00,1946.2,1947.69,1936.655,1936.81
2023-11-10T18:00:00+00:00,1936.83,1939.05,1933.0685,1938.475
2023-11-12T22:00:00+00:00,1939.155,1942.39,1934.85,1940.4235
2023-11-13T02:00:00+00:00,1940.425,1941.355,1934.07,1939.1415
2023-11-13T06:00:00+00:00,1939.1615,1941.29,1935.99,1938.25
2023-11-13T10:00:00+00:00,1938.245,1939.755,1934.0765,1936.05
2023-11-13T14:00:00+00:00,1936.04,1949.26,1931.7035,1945.85
2023-11-13T18:00:00+00:00,1945.8335,1948.1585,1944.8835,1946.14
2023-11-13T22:00:00+00:00,1946.35,1948.4265,1945.48,1945.75
2023-11-14T02:00:00+00:00,1945.745,1946.755,1943.82,1944.5
2023-11-14T06:00:00+00:00,1944.48,1948.015,1944.225,1947.2
2023-11-14T10:00:00+00:00,1947.22,1959.2605,1938.41,1954.39
2023-11-14T14:00:00+00:00,1954.36,1971.0085,1953.7185,1962.23
2023-11-14T18:00:00+00:00,1962.21,1964.56,1961.705,1963.37
2023-11-14T22:00:00+00:00,1962.98,1964.02,1961.67,1962.71
2023-11-15T02:00:00+00:00,1962.73,1967.9865,1962.57,1967
2023-11-15T06:00:00+00:00,1967.025,1972.63,1966.92,1971.4965
2023-11-15T10:00:00+00:00,1971.485,1975.3715,1963.48,1965.675
2023-11-15T14:00:00+00:00,1965.65,1966.715,1955.48,1961.505
2023-11-15T18:00:00+00:00,1961.46,1962.2585,1959.075,1959.325
2023-11-15T22:00:00+00:00,1960.05,1961.455,1957.7035,1958.47
2023-11-16T02:00:00+00:00,1958.45,1963.97,1956.525,1962.965
2023-11-16T06:00:00+00:00,1962.985,1968.6085,1962.87,1966.3
2023-11-16T10:00:00+00:00,1966.29,1973.0545,1962.165,1972.17
2023-11-16T14:00:00+00:00,1972.185,1988.0015,1971.6,1983.43
2023-11-16T18:00:00+00:00,1983.46,1985.26,1980.67,1981.25
2023-11-16T22:00:00+00:00,1981.17,1987.055,1980.7135,1983.53
2023-11-17T02:00:00+00:00,1983.46,1987.115,1983.28,1984.4865
2023-11-17T06:00:00+00:00,1984.46,1992.45,1982.74,1991.36
2023-11-17T10:00:00+00:00,1991.38,1993.5085,1983.6585,1984.815
2023-11-17T14:00:00+00:00,1984.755,1986.765,1978.6415,1981.13
2023-11-17T18:00:00+00:00,1981.145,1982.85,1979.1185,1980.75
2023-11-19T22:00:00+00:00,1978.4,1983.0615,1973.435,1981.12
2023-11-20T02:00:00+00:00,1981.13,1985.25,1979.7085,1980.73
2023-11-20T06:00:00+00:00,1980.72,1981.9785,1976.0375,1979.4
2023-11-20T10:00:00+00:00,1979.415,1979.59,1965.72,1968.305
2023-11-20T14:00:00+00:00,1968.285,1976.29,1965.51,1973.89
2023-11-20T18:00:00+00:00,1973.86,1979.01,1973.52,1978.04
2023-11-20T22:00:00+00:00,1978.175,1990.435,1977.88,1990.0665
2023-11-21T02:00:00+00:00,1990.035,1994.34,1988.9035,1991.82
2023-11-21T06:00:00+00:00,1991.83,1994.365,1984.3315,1985.475
2023-11-21T10:00:00+00:00,1985.495,2000.32,1985.43,1997.6985
2023-11-21T14:00:00+00:00,1997.71,2007.64,1997.3365,2001.545
2023-11-21T18:00:00+00:00,2001.525,2001.895,1996.3235,1998.425
2023-11-21T22:00:00+00:00,1999.125,1999.95,1995.885,1996.1945
2023-11-22T02:00:00+00:00,1996.1815,2000.395,1995.5315,1998.9135
2023-11-22T06:00:00+00:00,1998.9085,2006.4715,1998.3655,2002.2
2023-11-22T10:00:00+00:00,2002.19,2003.41,1996.845,1999.15
2023-11-22T14:00:00+00:00,1999.175,2002.48,1988.6995,1991.655
2023-11-22T18:00:00+00:00,1991.6115,1992.725,1986.97,1989.875
2023-11-22T22:00:00+00:00,1989.36,1994.1065,1989.2335,1993.57
2023-11-23T02:00:00+00:00,1993.55,1998.29,1993.2505,1996.3935
2023-11-23T06:00:00+00:00,1996.405,1998.5615,1992.265,1994.38
2023-11-23T10:00:00+00:00,1994.37,1994.895,1991.9685,1992.865
2023-11-23T14:00:00+00:00,1992.875,1994.955,1989.8535,1992.85
2023-11-23T18:00:00+00:00,1992.93,1993.16,1992.175,1992.74
2023-11-23T22:00:00+00:00,1992.625,1995.0285,1991.5115,1992.9705
2023-11-24T02:00:00+00:00,1992.9205,1994.8365,1991.575,1994.3735
2023-11-24T06:00:00+00:00,1994.305,1994.96,1992.1095,1994.59
2023-11-24T10:00:00+00:00,1994.6,2001.9415,1994.43,1999.7135
2023-11-24T14:00:00+00:00,1999.72,2003.675,1997.2165,2000.65
2023-11-26T22:00:00+00:00,2001.975,2018.2,2000.627,2012.07
2023-11-27T02:00:00+00:00,2012.125,2013.7885,2007.4515,2010.69
2023-11-27T06:00:00+00:00,2010.695,2015.545,2008.8385,2013.435
2023-11-27T10:00:00+00:00,2013.475,2016.415,2009.845,2011.39
2023-11-27T14:00:00+00:00,2011.44,2014.98,2005.7615,2010.005
2023-11-27T18:00:00+00:00,2010.04,2014.7315,2009.56,2014.065
2023-11-27T22:00:00+00:00,2014.18,2018.125,2013.2535,2015.445
2023-11-28T02:00:00+00:00,2015.44,2017.7265,2014.1465,2015.26
2023-11-28T06:00:00+00:00,2015.28,2016.885,2012.1735,2015.9715
2023-11-28T10:00:00+00:00,2015.9815,2021.603,2011.6715,2021.5685
2023-11-28T14:00:00+00:00,2021.58,2043.09,2020.6595,2040.76
2023-11-28T18:00:00+00:00,2040.74,2042.5365,2038.27,2040.9
2023-11-28T22:00:00+00:00,2041.19,2052.05,2040.703,2048.815
2023-11-29T02:00:00+00:00,2048.83,2049.11,2043.09,2046.0735
2023-11-29T06:00:00+00:00,2046.0655,2046.32,2035.395,2038.415
2023-11-29T10:00:00+00:00,2038.3965,2043.035,2036.8035,2039.1565
2023-11-29T14:00:00+00:00,2039.1415,2047.005,2037.1425,2045.1135
2023-11-29T18:00:00+00:00,2045.1035,2049.5915,2042.8515,2044.325
2023-11-29T22:00:00+00:00,2045.38,2046.91,2043.2,2043.39
2023-11-30T02:00:00+00:00,2043.37,2047.2515,2041.4345,2041.6765
2023-11-30T06:00:00+00:00,2041.67,2046.99,2038.82,2040.025
2023-11-30T10:00:00+00:00,2039.99,2044.2405,2034.0865,2036.9215
2023-11-30T14:00:00+00:00,2036.91,2041.385,2031.5115,2037.0515
2023-11-30T18:00:00+00:00,2037.0615,2038.7135,2033.7385,2036.35
2023-11-30T22:00:00+00:00,2037.1,2043.48,2036.735,2041.8335
2023-12-01T02:00:00+00:00,2041.8255,2042.8785,2038.7665,2041.0115
2023-12-01T06:00:00+00:00,2040.9945,2049.9,2039.31,2046.45
2023-12-01T10:00:00+00:00,2046.475,2047.28,2033.965,2037.72
2023-12-01T14:00:00+00:00,2037.74,2067.755,2035.2265,2067.375
2023-12-01T18:00:00+00:00,2067.365,2075.42,2065.6915,2072.02
2023-12-03T22:00:00+00:00,2073.49,2146.01,2071.8145,2087.835
2023-12-04T02:00:00+00:00,2087.815,2090.555,2081.765,2086.06
2023-12-04T06:00:00+00:00,2086.12,2087.99,2057.9,2071.11
2023-12-04T10:00:00+00:00,2071.115,2071.89,2056.015,2057.705
2023-12-04T14:00:00+00:00,2057.755,2058.055,2020.09,2026
2023-12-04T18:00:00+00:00,2026.06,2032.375,2022.1665,2029.6335
2023-12-04T22:00:00+00:00,2029.43,2041.305,2028.58,2035.69
2023-12-05T02:00:00+00:00,2035.66,2038.4485,2030.5145,2032.225
2023-12-05T06:00:00+00:00,2032.295,2039.655,2028.585,2029.01
2023-12-05T10:00:00+00:00,2029,2030.9285,2021.625,2029.57
2023-12-05T14:00:00+00:00,2029.58,2030.245,2009.9785,2017.29
2023-12-05T18:00:00+00:00,2017.31,2020.97,2016.79,2019.35
2023-12-05T22:00:00+00:00,2019.3385,2022.71,2017.2665,2020.88
2023-12-06T02:00:00+00:00,2020.85,2025.495,2019.7745,2024.895
2023-12-06T06:00:00+00:00,2024.88,2035.945,2020.24,2021.29
2023-12-06T10:00:00+00:00,2021.275,2031.92,2020.285,2030.22
2023-12-06T14:00:00+00:00,2030.305,2033.08,2022.745,2029.5615
2023-12-06T18:00:00+00:00,2029.52,2031.2865,2024.51,2025.395
2023-12-06T22:00:00+00:00,2026.42,2029.675,2025.3585,2026.225
2023-12-07T02:00:00+00:00,2026.25,2030.1185,2025.3,2026.87
2023-12-07T06:00:00+00:00,2026.89,2034.93,2026.355,2034.22
2023-12-07T10:00:00+00:00,2034.14,2039.9415,2029.6485,2037.2335
2023-12-07T14:00:00+00:00,2037.2285,2037.585,2020.235,2028.89
2023-12-07T18:00:00+00:00,2028.945,2032.035,2027.7,2028.625
2023-12-07T22:00:00+00:00,2028.9,2033.185,2026.915,2032.385
2023-12-08T02:00:00+00:00,2032.33,2034.0495,2029.355,2030.09
2023-12-08T06:00:00+00:00,2030.01,2031.45,2026.5835,2028.65
2023-12-08T10:00:00+00:00,2028.665,2032.455,2014.49,2018.625
2023-12-08T14:00:00+00:00,2018.61,2019.36,1994.725,1997.26
2023-12-08T18:00:00+00:00,1997.25,2005.105,1996.435,2004.62
2023-12-10T22:00:00+00:00,2003.6395,2007.85,2001.79,2002.185
2023-12-11T02:00:00+00:00,2002.145,2002.9,1994.88,1998.8415
2023-12-11T06:00:00+00:00,1998.8615,2000.675,1991.39,1993.49
2023-12-11T10:00:00+00:00,1993.46,1996.795,1990.275,1993.78
2023-12-11T14:00:00+00:00,1993.9585,1994.52,1976.185,1976.8455
2023-12-11T18:00:00+00:00,1976.84,1983.13,1975.89,1981.905
2023-12-11T22:00:00+00:00,1982.28,1989.6335,1981.848,1983.33
2023-12-12T02:00:00+00:00,1983.32,1987.9565,1982.0535,1987.5515
2023-12-12T06:00:00+00:00,1987.5465,1989.1635,1982.765,1985.93
2023-12-12T10:00:00+00:00,1985.945,1996.8555,1982.76,1984.495
2023-12-12T14:00:00+00:00,1984.49,1989.88,1977.2835,1977.815
2023-12-12T18:00:00+00:00,1977.795,1981.135,1977.555,1979.535
2023-12-12T22:00:00+00:00,1979.96,1982.895,1979.4635,1980.2
2023-12-13T02:00:00+00:00,1980.18,1980.47,1977.7,1978.8885
2023-12-13T06:00:00+00:00,1978.9005,1982.745,1973.115,1982.545
2023-12-13T10:00:00+00:00,1982.58,1986.8365,1979.72,1984.56
2023-12-13T14:00:00+00:00,1984.52,1986.21,1978.5185,1982.2
2023-12-13T18:00:00+00:00,1982.215,2027.8615,1979.725,2027.73
2023-12-13T22:00:00+00:00,2026.9105,2039.345,2024.2985,2032.4465
2023-12-14T02:00:00+00:00,2032.5215,2036.095,2030.185,2035.325
2023-12-14T06:00:00+00:00,2035.345,2040.385,2029.335,2036.71
2023-12-14T10:00:00+00:00,2036.7,2039.305,2027.6,2037.28
2023-12-14T14:00:00+00:00,2037.29,2047.94,2034.76,2036.18
2023-12-14T18:00:00+00:00,2036.14,2036.79,2029.1585,2036.48
2023-12-14T22:00:00+00:00,2036.68,2038.74,2031.39,2032.325
2023-12-15T02:00:00+00:00,2032.285,2037.545,2031.9685,2035.34
2023-12-15T06:00:00+00:00,2035.245,2044.235,2034.3615,2042.705
2023-12-15T10:00:00+00:00,2042.72,2044.96,2027.0115,2031.44
2023-12-15T14:00:00+00:00,2031.49,2038.665,2031.37,2032.8735
2023-12-15T18:00:00+00:00,2032.91,2033.88,2015.67,2019.8255
2023-12-17T22:00:00+00:00,2019.8,2023.42,2016.06,2019.4535
2023-12-18T02:00:00+00:00,2019.46,2024.6365,2019.135,2023.21
2023-12-18T06:00:00+00:00,2023.19,2027.38,2021.605,2023.025
2023-12-18T10:00:00+00:00,2023.0135,2026.2445,2018.8065,2025.925
2023-12-18T14:00:00+00:00,2025.945,2033.63,2020.385,2033.61
2023-12-18T18:00:00+00:00,2033.68,2033.775,2025.025,2027.265
2023-12-18T22:00:00+00:00,2027.7015,2029.36,2025.68,2026.18
2023-12-19T02:00:00+00:00,2026.16,2026.58,2021.75,2024.2
2023-12-19T06:00:00+00:00,2024.19,2028.53,2022.96,2026.345
2023-12-19T10:00:00+00:00,2026.33,2032.755,2024.2865,2030.035
2023-12-19T14:00:00+00:00,2030.11,2047.04,2028.945,2040.45
2023-12-19T18:00:00+00:00,2040.465,2040.95,2036.7265,2040.325
2023-12-19T22:00:00+00:00,2040.49,2041.73,2037.6695,2038.275
2023-12-20T02:00:00+00:00,2038.21,2041.445,2036.78,2041.32
2023-12-20T06:00:00+00:00,2041.33,2043.54,2039.69,2040.03
2023-12-20T10:00:00+00:00,2040.0185,2040.46,2029.6465,2036.4165
2023-12-20T14:00:00+00:00,2036.4265,2039.915,2030.5315,2034.7665
2023-12-20T18:00:00+00:00,2034.75,2037.19,2027.4915,2031.955
2023-12-20T22:00:00+00:00,2032.21,2035.99,2031.63,2035.4865
2023-12-21T02:00:00+00:00,2035.4665,2038.2515,2034.935,2036.25
2023-12-21T06:00:00+00:00,2036.31,2037.38,2034.03,2035.48
2023-12-21T10:00:00+00:00,2035.4785,2046.02,2032.2615,2041.385
2023-12-21T14:00:00+00:00,2041.4115,2046.015,2036.77,2041.05
2023-12-21T18:00:00+00:00,2041.055,2046.0915,2037.5385,2046.065
2023-12-21T22:00:00+00:00,2048.558,2055.04,2046.855,2048.735
2023-12-22T02:00:00+00:00,2048.7415,2051.355,2047.265,2048.3465
2023-12-22T06:00:00+00:00,2048.325,2054.6015,2047.2035,2053.52
2023-12-22T10:00:00+00:00,2053.54,2069.3465,2053.475,2067.3715
2023-12-22T14:00:00+00:00,2067.3515,2070.71,2051.215,2055.515
2023-12-22T18:00:00+00:00,2055.525,2058.1615,2051.8,2053.09
2023-12-25T22:00:00+00:00,2054.025,2064.0155,2053.5435,2063.4705
2023-12-26T02:00:00+00:00,2063.4735,2065.22,2061.47,2062.91
2023-12-26T06:00:00+00:00,2062.88,2065.14,2060.67,2061.975
2023-12-26T10:00:00+00:00,2061.96,2064.18,2058.825,2058.825
2023-12-26T14:00:00+00:00,2058.8435,2061.97,2054.6185,2057.8135
2023-12-26T18:00:00+00:00,2057.8185,2069.0865,2057.455,2068.29
2023-12-26T22:00:00+00:00,2068.055,2068.725,2064.005,2066.775
2023-12-27T02:00:00+00:00,2066.79,2067.31,2064.14,2064.7685
2023-12-27T06:00:00+00:00,2064.7635,2069.365,2064.4985,2068.3615
2023-12-27T10:00:00+00:00,2068.38,2070.37,2061.55,2068.36
2023-12-27T14:00:00+00:00,2068.345,2082.55,2066.68,2081.9115
2023-12-27T18:00:00+00:00,2081.9015,2084.5,2075.955,2077.825
2023-12-27T22:00:00+00:00,2077.4,2087.84,2077.328,2087.075
2023-12-28T02:00:00+00:00,2087.11,2088.515,2084.75,2085.8215
2023-12-28T06:00:00+00:00,2085.805,2087.645,2072.9945,2077.08
2023-12-28T10:00:00+00:00,2077.0735,2079.3685,2071.41,2073.04
2023-12-28T14:00:00+00:00,2073.12,2081.19,2072.115,2074.8785
2023-12-28T18:00:00+00:00,2074.9085,2075.565,2064.6665,2065.365
2023-12-28T22:00:00+00:00,2066.4,2071.4735,2065.83,2070.8265
2023-12-29T02:00:00+00:00,2070.825,2072.3885,2067.78,2072.335
2023-12-29T06:00:00+00:00,2072.34,2074.86,2065.4165,2065.65
2023-12-29T10:00:00+00:00,2065.63,2068.96,2058.2785,2059.2685
2023-12-29T14:00:00+00:00,2059.28,2068.2535,2058.5635,2066.6935
2023-12-29T18:00:00+00:00,2066.6505,2067.8515,2061.2405,2062.9
2024-01-01T22:00:00+00:00,2063.58,2069.98,2062.4235,2066.6905
2024-01-02T02:00:00+00:00,2066.695,2074.925,2064.0785,2074.56
2024-01-02T06:00:00+00:00,2074.61,2078.985,2071.89,2077.09
2024-01-02T10:00:00+00:00,2077.11,2077.82,2064.9485,2066.3265
2024-01-02T14:00:00+00:00,2066.395,2070.75,2055.9815,2062.79
2024-01-02T18:00:00+00:00,2062.805,2065.05,2058.0535,2058.825
2024-01-02T22:00:00+00:00,2058.895,2062.605,2058.4815,2062.5685
2024-01-03T02:00:00+00:00,2062.5635,2066.005,2061.65,2064.14
2024-01-03T06:00:00+00:00,2064.11,2065.49,2054.38,2056.85
2024-01-03T10:00:00+00:00,2056.875,2057.2015,2038.795,2041.1
2024-01-03T14:00:00+00:00,2041.11,2048.8465,2030.7035,2033.41
2024-01-03T18:00:00+00:00,2033.415,2042.375,2030.7,2041.585
2024-01-03T22:00:00+00:00,2042.1735,2044.015,2040.2285,2042.3355
2024-01-04T02:00:00+00:00,2042.32,2046.9665,2042.32,2043.84
2024-01-04T06:00:00+00:00,2043.85,2051.03,2043.73,2048.075
2024-01-04T10:00:00+00:00,2048.05,2050.93,2038.88,2040.315
2024-01-04T14:00:00+00:00,2040.335,2047.785,2036.3235,2043.32
2024-01-04T18:00:00+00:00,2043.23,2044.9485,2041.595,2043.3545
2024-01-04T22:00:00+00:00,2044.015,2048.32,2042.8785,2046.21
2024-01-05T02:00:00+00:00,2046.23,2047.98,2043.21,2044.53
2024-01-05T06:00:00+00:00,2044.49,2047.085,2038.465,2038.91
2024-01-05T10:00:00+00:00,2038.94,2041.9715,2024.475,2040.045
2024-01-05T14:00:00+00:00,2040.035,2064.0065,2038.82,2042.01
2024-01-05T18:00:00+00:00,2042.005,2050.36,2040.545,2045.665
2024-01-07T22:00:00+00:00,2045.37,2046.69,2042.9785,2043.8935
2024-01-08T02:00:00+00:00,2043.895,2043.9,2027.1235,2030.8535
2024-01-08T06:00:00+00:00,2030.86,2033.375,2026.595,2029.135
2024-01-08T10:00:00+00:00,2029.145,2029.5935,2016.7995,2019.055
2024-01-08T14:00:00+00:00,2019.07,2036.9215,2018.545,2027.745
2024-01-08T18:00:00+00:00,2027.69,2029.8415,2026.1415,2028.055
2024-01-08T22:00:00+00:00,2028.34,2035.6515,2028.0015,2032.3185
2024-01-09T02:00:00+00:00,2032.3085,2035.93,2030.405,2032.855
2024-01-09T06:00:00+00:00,2032.815,2038.2765,2031.245,2035.495
2024-01-09T10:00:00+00:00,2035.53,2042.0065,2031.695,2038.695
2024-01-09T14:00:00+00:00,2038.6515,2040.18,2026.17,2027.735
2024-01-09T18:00:00+00:00,2027.72,2031.175,2026.8515,2030.145
2024-01-09T22:00:00+00:00,2030.285,2032.565,2027.3,2031.85
2024-01-10T02:00:00+00:00,2031.83,2032.93,2025.54,2026.735
2024-01-10T06:00:00+00:00,2026.75,2036.2435,2023.9435,2035.78
2024-01-10T10:00:00+00:00,2035.81,2040.3805,2030.075,2030.34
2024-01-10T14:00:00+00:00,2030.36,2033.625,2022.3235,2024.09
2024-01-10T18:00:00+00:00,2024.085,2025.0915,2020.5435,2024.325
2024-01-10T22:00:00+00:00,2024.73,2030.425,2023.825,2029.785
2024-01-11T02:00:00+00:00,2029.79,2034.7385,2028.815,2033.03
2024-01-11T06:00:00+00:00,2033.045,2035.8085,2030.285,2031.375
2024-01-11T10:00:00+00:00,2031.49,2045.515,2025.145,2029.48
2024-01-11T14:00:00+00:00,2029.52,2034.96,2013.405,2014.455
2024-01-11T18:00:00+00:00,2014.41,2029.66,2013.9335,2028.915
2024-01-11T22:00:00+00:00,2028.605,2035.6035,2028.405,2033.97
2024-01-12T02:00:00+00:00,2034.03,2037.255,2032.8615,2036.155
2024-01-12T06:00:00+00:00,2036.165,2040.17,2034.2835,2038.2085
2024-01-12T10:00:00+00:00,2038.22,2056.7035,2038.1385,2056.205
2024-01-12T14:00:00+00:00,2056.185,2062.315,2041.485,2043.98
2024-01-12T18:00:00+00:00,2044.015,2049.3765,2043.1085,2049.145
2024-01-14T22:00:00+00:00,2049.4,2051.5085,2045.855,2051.1485
2024-01-15T02:00:00+00:00,2051.1885,2058.14,2049.93,2055.2335
2024-01-15T06:00:00+00:00,2055.1385,2058.67,2052.925,2055.065
2024-01-15T10:00:00+00:00,2055.08,2055.195,2051.415,2054.315
2024-01-15T14:00:00+00:00,2054.32,2056.3815,2049.396,2055.4215
2024-01-15T18:00:00+00:00,2055.45,2055.485,2053.6315,2054.7335
2024-01-15T22:00:00+00:00,2054.825,2055.85,2050.01,2050.96
2024-01-16T02:00:00+00:00,2050.95,2051.68,2047.6035,2048.595
2024-01-16T06:00:00+00:00,2048.57,2050.97,2038.7415,2041.315
2024-01-16T10:00:00+00:00,2041.295,2045.12,2031.4485,2037.69
2024-01-16T14:00:00+00:00,2037.635,2042.61,2025.0385,2025.405
2024-01-16T18:00:00+00:00,2025.375,2030.205,2024.34,2028.345
2024-01-16T22:00:00+00:00,2027.8,2030.855,2025.68,2030.3
2024-01-17T02:00:00+00:00,2030.27,2032.98,2019.3765,2020.72
2024-01-17T06:00:00+00:00,2020.73,2026.6415,2017.735,2023.9
2024-01-17T10:00:00+00:00,2023.885,2029.0615,2019.11,2022.4835
2024-01-17T14:00:00+00:00,2022.4735,2023.2185,2003.485,2007.1
2024-01-17T18:00:00+00:00,2007.17,2007.29,2001.905,2006.215
2024-01-17T22:00:00+00:00,2006.1595,2012.2235,2005.525,2011.7155
2024-01-18T02:00:00+00:00,2011.7255,2011.965,2005.855,2009.275
2024-01-18T06:00:00+00:00,2009.255,2014.19,2008.245,2010.23
2024-01-18T10:00:00+00:00,2010.235,2017.305,2007.51,2009.165
2024-01-18T14:00:00+00:00,2009.19,2017.795,2009.145,2016.4435
2024-01-18T18:00:00+00:00,2016.445,2023.3435,2015.575,2023.075
2024-01-18T22:00:00+00:00,2024.15,2025.645,2021.26,2024.105
2024-01-19T02:00:00+00:00,2024.07,2025.1435,2020.5135,2021.71
2024-01-19T06:00:00+00:00,2021.66,2030.88,2020.895,2029.785
2024-01-19T10:00:00+00:00,2029.815,2039.465,2028.8015,2035.305
2024-01-19T14:00:00+00:00,2035.295,2035.78,2023.195,2029.115
2024-01-19T18:00:00+00:00,2029.1265,2030.035,2026.5335,2029.69
2024-01-21T22:00:00+00:00,2030.01,2032.165,2025.53,2029.195
2024-01-22T02:00:00+00:00,2029.19,2030.145,2021.91,2023.28
2024-01-22T06:00:00+00:00,2023.285,2026.335,2019.15,2021.755
2024-01-22T10:00:00+00:00,2021.695,2030.1915,2021.14,2023.23
2024-01-22T14:00:00+00:00,2023.21,2026.5865,2016.6065,2021.5715
2024-01-22T18:00:00+00:00,2021.565,2021.9685,2019.2085,2021.5
2024-01-22T22:00:00+00:00,2021.78,2023.17,2019.66,2021.745
2024-01-23T02:00:00+00:00,2021.755,2031.79,2020.8165,2030.87
2024-01-23T06:00:00+00:00,2030.88,2037.9515,2027.17,2028.8385
2024-01-23T10:00:00+00:00,2028.81,2030.475,2022.47,2025.045
2024-01-23T14:00:00+00:00,2025.015,2027.81,2021.475,2024.34
2024-01-23T18:00:00+00:00,2024.36,2030.7165,2023.07,2029.28
2024-01-23T22:00:00+00:00,2029.085,2029.7235,2026.5,2027.34
2024-01-24T02:00:00+00:00,2027.365,2027.645,2022.875,2024.5265
2024-01-24T06:00:00+00:00,2024.5195,2034.225,2023.725,2030.935
2024-01-24T10:00:00+00:00,2030.88,2036.77,2029.345,2034.0535
2024-01-24T14:00:00+00:00,2034.0435,2034.815,2011.9735,2019.32
2024-01-24T18:00:00+00:00,2019.33,2019.852,2011.255,2014.525
2024-01-24T22:00:00+00:00,2014.3,2017.71,2013.7755,2016.4265
2024-01-25T02:00:00+00:00,2016.4465,2017.1,2014.68,2015.67
2024-01-25T06:00:00+00:00,2015.6735,2018.3685,2012.725,2017.95
2024-01-25T10:00:00+00:00,2017.955,2023.1685,2009.675,2019.455
2024-01-25T14:00:00+00:00,2019.4235,2025.345,2012.57,2015.0585
2024-01-25T18:00:00+00:00,2015.06,2021.0735,2013.51,2020.805
2024-01-25T22:00:00+00:00,2020.735,2024.27,2019.0155,2021.9985
2024-01-26T02:00:00+00:00,2021.9885,2023.98,2021.1355,2023.15
2024-01-26T06:00:00+00:00,2023.13,2023.5205,2018.275,2020.845
2024-01-26T10:00:00+00:00,2020.84,2027.015,2018.8,2024.685
2024-01-26T14:00:00+00:00,2024.68,2026.165,2016.015,2016.715
2024-01-26T18:00:00+00:00,2016.6345,2019.355,2016.1,2018.465
2024-01-28T22:00:00+00:00,2024.73,2028.6695,2019.36,2023.305
2024-01-29T02:00:00+00:00,2023.345,2027.62,2021.6335,2025.6135
2024-01-29T06:00:00+00:00,2025.6085,2033.955,2024.9,2028.405
2024-01-29T10:00:00+00:00,2028.39,2037.625,2025.5215,2036.91
2024-01-29T14:00:00+00:00,2036.89,2037.29,2020.63,2029.4
2024-01-29T18:00:00+00:00,2029.39,2035.32,2025.1935,2033.195
2024-01-29T22:00:00+00:00,2033.2805,2034.175,2029.2835,2031.1835
2024-01-30T02:00:00+00:00,2031.0285,2033.435,2029.92,2032.2785
2024-01-30T06:00:00+00:00,2032.2885,2040.4135,2032.1935,2035.735
2024-01-30T10:00:00+00:00,2035.73,2038.025,2031.5065,2037.8565
2024-01-30T14:00:00+00:00,2037.8435,2048.6315,2029.13,2034.0785
2024-01-30T18:00:00+00:00,2034.085,2037.1065,2031.54,2036.845
2024-01-30T22:00:00+00:00,2037.25,2038.6765,2034.5835,2034.7305
2024-01-31T02:00:00+00:00,2034.7135,2035.2485,2032.93,2035.1485
2024-01-31T06:00:00+00:00,2035.18,2040.4935,2033.6515,2038.28
2024-01-31T10:00:00+00:00,2038.34,2043.31,2036.115,2042.04
2024-01-31T14:00:00+00:00,2042.025,2056.0265,2040.7885,2049.695
2024-01-31T18:00:00+00:00,2049.645,2050.94,2031.0625,2039.595
2024-01-31T22:00:00+00:00,2040.4655,2042.72,2038.95,2041.44
2024-02-01T02:00:00+00:00,2041.4,2049.6485,2041.3,2044.6
2024-02-01T06:00:00+00:00,2044.58,2045.035,2039.04,2041.15
2024-02-01T10:00:00+00:00,2041.17,2042.1815,2030.075,2040.135
2024-02-01T14:00:00+00:00,2040.15,2065.4865,2039.865,2054.52
2024-02-01T18:00:00+00:00,2054.54,2058.77,2052.21,2054.965
2024-02-01T22:00:00+00:00,2054.695,2056.995,2052.9465,2054.7815
2024-02-02T02:00:00+00:00,2054.755,2056.5545,2051.95,2055.5595
2024-02-02T06:00:00+00:00,2055.58,2057,2052.74,2053.095
2024-02-02T10:00:00+00:00,2053.08,2057.705,2029.6935,2031.82
2024-02-02T14:00:00+00:00,2031.7635,2037.58,2027.815,2035.315
2024-02-02T18:00:00+00:00,2035.245,2040.095,2034.5,2039.865
2024-02-04T22:00:00+00:00,2040.5,2042.35,2033.735,2038.1005
2024-02-05T02:00:00+00:00,2038.095,2038.8235,2029.0195,2029.82
2024-02-05T06:00:00+00:00,2029.835,2031.56,2020.72,2022.7635
2024-02-05T10:00:00+00:00,2022.7805,2028.4065,2015.01,2016.0385
2024-02-05T14:00:00+00:00,2016.04,2026.47,2014.965,2025.69
2024-02-05T18:00:00+00:00,2025.71,2027.625,2024.05,2025.235
2024-02-05T22:00:00+00:00,2025.26,2028.67,2023.835,2027.2165
2024-02-06T02:00:00+00:00,2027.2065,2029.865,2023.545,2029.56
2024-02-06T06:00:00+00:00,2029.555,2029.71,2022.975,2023.6015
2024-02-06T10:00:00+00:00,2023.59,2030.995,2023.015,2029.29
2024-02-06T14:00:00+00:00,2029.17,2038.94,2026.995,2037.1
2024-02-06T18:00:00+00:00,2037.0215,2038.25,2033.86,2035.695
2024-02-06T22:00:00+00:00,2036,2036.43,2034.3,2035.09
2024-02-07T02:00:00+00:00,2035.075,2035.6535,2033.3165,2033.4215
2024-02-07T06:00:00+00:00,2033.4115,2036.235,2031.2865,2034.43
2024-02-07T10:00:00+00:00,2034.41,2036.6615,2030.655,2036.1815
2024-02-07T14:00:00+00:00,2036.18,2044.63,2032.735,2035.6835
2024-02-07T18:00:00+00:00,2035.7205,2037.3685,2033.77,2035.3805
2024-02-07T22:00:00+00:00,2035.285,2038.2085,2034.905,2037.3195
2024-02-08T02:00:00+00:00,2037.3145,2038.79,2031.1645,2033.5935
2024-02-08T06:00:00+00:00,2033.5985,2036.05,2028.98,2035.38
2024-02-08T10:00:00+00:00,2035.4,2038.515,2020.985,2021.155
2024-02-08T14:00:00+00:00,2021.2155,2034.105,2020.24,2031.755
2024-02-08T18:00:00+00:00,2031.735,2035.35,2031.18,2034.37
2024-02-08T22:00:00+00:00,2034.6,2035.1465,2031.955,2034.255
2024-02-09T02:00:00+00:00,2034.2765,2035.1465,2032.1765,2032.955
2024-02-09T06:00:00+00:00,2032.9735,2034.995,2030.57,2031.635
2024-02-09T10:00:00+00:00,2031.625,2037.242,2025.63,2027.1315
2024-02-09T14:00:00+00:00,2027.145,2030.6845,2020.3685,2024.71
2024-02-09T18:00:00+00:00,2024.66,2026.4,2022.8735,2024.7505
2024-02-11T22:00:00+00:00,2023.7605,2026.955,2023.5145,2023.605
2024-02-12T02:00:00+00:00,2023.55,2024.24,2021.9385,2023.905
2024-02-12T06:00:00+00:00,2023.865,2027.3215,2020.4665,2020.825
2024-02-12T10:00:00+00:00,2020.795,2027.665,2018.625,2019.125
2024-02-12T14:00:00+00:00,2019.145,2020.47,2011.945,2019.4
2024-02-12T18:00:00+00:00,2019.41,2021.6115,2017.8615,2020.12
2024-02-12T22:00:00+00:00,2020,2021.28,2018.4035,2020.39
2024-02-13T02:00:00+00:00,2020.42,2021.7335,2016.94,2020.82
2024-02-13T06:00:00+00:00,2020.86,2026.98,2020.79,2026.75
2024-02-13T10:00:00+00:00,2026.765,2033.065,2003.0785,2004.45
2024-02-13T14:00:00+00:00,2004.48,2006.0235,1990.1585,1993.765
2024-02-13T18:00:00+00:00,1993.77,1995.8735,1991.31,1993.24
2024-02-13T22:00:00+00:00,1993.205,1993.63,1988.91,1992.8595
2024-02-14T02:00:00+00:00,1992.855,1993.665,1991.205,1993.0115
2024-02-14T06:00:00+00:00,1993.0165,1993.19,1986.1185,1991.3
2024-02-14T10:00:00+00:00,1991.27,1993.4785,1988.7935,1989.215
2024-02-14T14:00:00+00:00,1989.17,1995.355,1984.2815,1994.42
2024-02-14T18:00:00+00:00,1994.46,1996.175,1989.695,1992.36
2024-02-14T22:00:00+00:00,1992.36,1994.365,1992.1765,1992.6
2024-02-15T02:00:00+00:00,1992.58,1993.6,1990.3285,1992.0105
2024-02-15T06:00:00+00:00,1992.015,1996.845,1991.64,1996.45
2024-02-15T10:00:00+00:00,1996.4115,2004.4,1995.76,2003.8565
2024-02-15T14:00:00+00:00,2003.8915,2008.345,1998.54,2003.6815
2024-02-15T18:00:00+00:00,2003.68,2006.52,2002.8285,2004.405
2024-02-15T22:00:00+00:00,2004.4,2005.705,2002.425,2005.595
2024-02-16T02:00:00+00:00,2005.58,2005.71,2003.3265,2004.5635
2024-02-16T06:00:00+00:00,2004.5685,2006.57,2002.785,2005.13
2024-02-16T10:00:00+00:00,2005.12,2008.19,1995.145,2001.525
2024-02-16T14:00:00+00:00,2001.51,2014.4615,1995.365,2013.3715
2024-02-16T18:00:00+00:00,2013.37,2015.24,2011.215,2013.34
2024-02-18T22:00:00+00:00,2015.3055,2020.88,2011.32,2019.89
2024-02-19T02:00:00+00:00,2019.87,2022.945,2018.335,2020.8235
2024-02-19T06:00:00+00:00,2020.86,2023.06,2019.05,2020.155
2024-02-19T10:00:00+00:00,2020.145,2020.6015,2016.05,2016.89
2024-02-19T14:00:00+00:00,2016.925,2018.5935,2013.33,2017.365
2024-02-19T18:00:00+00:00,2017.355,2018.495,2016.935,2017.995
2024-02-19T22:00:00+00:00,2018.1,2019.31,2015.1085,2017.0835
2024-02-20T02:00:00+00:00,2017.0585,2019.79,2016.9255,2018.555
2024-02-20T06:00:00+00:00,2018.5365,2025.245,2017.83,2024.13
2024-02-20T10:00:00+00:00,2024.14,2030.8585,2023.5165,2030.1
2024-02-20T14:00:00+00:00,2030.12,2030.9335,2025.48,2028.74
2024-02-20T18:00:00+00:00,2028.7765,2028.94,2023.5785,2024.34
2024-02-20T22:00:00+00:00,2024.4,2026.1885,2022.985,2025.4635
2024-02-21T02:00:00+00:00,2025.465,2032.39,2025.4455,2031.05
2024-02-21T06:00:00+00:00,2031.08,2031.29,2025.995,2028.1215
2024-02-21T10:00:00+00:00,2028.115,2031.625,2027.45,2028.775
2024-02-21T14:00:00+00:00,2028.75,2030.37,2021.565,2024.25
2024-02-21T18:00:00+00:00,2024.3555,2027.04,2020.08,2026.15
2024-02-21T22:00:00+00:00,2026,2028.66,2025.1635,2027.105
2024-02-22T02:00:00+00:00,2027.075,2030.095,2025.61,2028.48
2024-02-22T06:00:00+00:00,2028.5,2034.8515,2028.42,2030.35
2024-02-22T10:00:00+00:00,2030.425,2031.2935,2022.81,2025.735
2024-02-22T14:00:00+00:00,2025.69,2026.795,2019.87,2023.015
2024-02-22T18:00:00+00:00,2023.035,2025.1855,2019.7135,2024.955
2024-02-22T22:00:00+00:00,2024.415,2027.3035,2022.855,2026.9455
2024-02-23T02:00:00+00:00,2026.955,2027.4485,2022.265,2022.48
2024-02-23T06:00:00+00:00,2022.47,2022.75,2016.125,2016.8635
2024-02-23T10:00:00+00:00,2016.86,2029.27,2016.69,2025.445
2024-02-23T14:00:00+00:00,2025.4385,2039.88,2024.22,2037.95
2024-02-23T18:00:00+00:00,2038.03,2041.4535,2035.1635,2035.575
2024-02-25T22:00:00+00:00,2034.615,2035.0585,2029.945,2031.335
2024-02-26T02:00:00+00:00,2031.325,2034.3065,2030.7185,2033.085
2024-02-26T06:00:00+00:00,2033.075,2037.1485,2031.945,2033.195
2024-02-26T10:00:00+00:00,2033.19,2035.485,2030.805,2032.745
2024-02-26T14:00:00+00:00,2032.74,2033,2025.13,2028.73
2024-02-26T18:00:00+00:00,2028.65,2033.7,2028.18,2031.235
2024-02-26T22:00:00+00:00,2031.2,2033.805,2030.65,2033.6115
2024-02-27T02:00:00+00:00,2033.6265,2034.64,2032.3665,2033.7
2024-02-27T06:00:00+00:00,2033.71,2039.52,2033.33,2036.68
2024-02-27T10:00:00+00:00,2036.7,2039.1415,2034.695,2035.5365
2024-02-27T14:00:00+00:00,2035.535,2037.265,2029.8335,2032.31
2024-02-27T18:00:00+00:00,2032.32,2036.13,2028.8735,2030.3295
2024-02-27T22:00:00+00:00,2030.4,2033.775,2029.22,2033.515
2024-02-28T02:00:00+00:00,2033.47,2033.68,2029.87,2031.0015
2024-02-28T06:00:00+00:00,2030.985,2032.125,2024.94,2024.97
2024-02-28T10:00:00+00:00,2024.975,2036.2385,2024.54,2035.855
2024-02-28T14:00:00+00:00,2035.875,2037.96,2030.5235,2033.87
2024-02-28T18:00:00+00:00,2033.95,2035.395,2030.8915,2034.41
2024-02-28T22:00:00+00:00,2034.7,2036.6105,2034.01,2036.5585
2024-02-29T02:00:00+00:00,2036.565,2037.16,2034.505,2035.7235
2024-02-29T06:00:00+00:00,2035.75,2037.885,2034.075,2034.635
2024-02-29T10:00:00+00:00,2034.68,2048.7665,2028.165,2047.7
2024-02-29T14:00:00+00:00,2047.72,2050.77,2043.3165,2045.7165
2024-02-29T18:00:00+00:00,2045.7065,2046.94,2042.93,2044.14
2024-02-29T22:00:00+00:00,2044.045,2044.775,2042.92,2044.42
2024-03-01T02:00:00+00:00,2044.4135,2046.915,2043.47,2045.135
2024-03-01T06:00:00+00:00,2045.155,2048.905,2039.09,2046.4365
2024-03-01T10:00:00+00:00,2046.435,2057.555,2045.94,2051.655
2024-03-01T14:00:00+00:00,2051.67,2085.755,2045.66,2084.88
2024-03-01T18:00:00+00:00,2084.87,2088.385,2082.27,2082.77
2024-03-03T22:00:00+00:00,2082.21,2086.32,2079.4615,2080.265
2024-03-04T02:00:00+00:00,2080.2415,2083.5435,2079.8995,2081.5395
2024-03-04T06:00:00+00:00,2081.535,2088.3685,2081.1115,2085.255
2024-03-04T10:00:00+00:00,2085.23,2093.2055,2081.1815,2091.645
2024-03-04T14:00:00+00:00,2091.7285,2119.975,2090.555,2116.535
2024-03-04T18:00:00+00:00,2116.475,2118.63,2113.3815,2114.515
2024-03-04T22:00:00+00:00,2114.925,2116.91,2110.535,2112.6695
2024-03-05T02:00:00+00:00,2112.655,2119.8235,2111.305,2119.375
2024-03-05T06:00:00+00:00,2119.39,2125.35,2114.005,2124.5885
2024-03-05T10:00:00+00:00,2124.635,2141.9065,2121.2635,2127.805
2024-03-05T14:00:00+00:00,2127.905,2139.5715,2123.7335,2130.935
2024-03-05T18:00:00+00:00,2131.01,2134.815,2127.1265,2127.975
2024-03-05T22:00:00+00:00,2127.9,2128.535,2125.1265,2125.5445
2024-03-06T02:00:00+00:00,2125.52,2128.0165,2123.77,2125.3735
2024-03-06T06:00:00+00:00,2125.3935,2131.5835,2124.415,2128.675
2024-03-06T10:00:00+00:00,2128.6815,2139.7585,2124.75,2139.46
2024-03-06T14:00:00+00:00,2139.475,2150.0815,2132.0165,2144.83
2024-03-06T18:00:00+00:00,2144.8215,2152.26,2139.505,2148.195
2024-03-06T22:00:00+00:00,2148.47,2151.4335,2144.2315,2146.2615
2024-03-07T02:00:00+00:00,2146.2815,2161.6455,2145.7395,2154.56
2024-03-07T06:00:00+00:00,2154.51,2159.9205,2151.6185,2157.74
2024-03-07T10:00:00+00:00,2157.805,2164.8335,2153.3015,2159.595
2024-03-07T14:00:00+00:00,2159.64,2159.865,2147.985,2158.31
2024-03-07T18:00:00+00:00,2158.345,2160.94,2156.0965,2160.015
2024-03-07T22:00:00+00:00,2159.7,2163.635,2157.7735,2157.875
2024-03-08T02:00:00+00:00,2157.86,2159.35,2154.055,2157.8385
2024-03-08T06:00:00+00:00,2157.8555,2171.16,2156.5635,2169.1415
2024-03-08T10:00:00+00:00,2169.13,2185.47,2156.5365,2171.24
2024-03-08T14:00:00+00:00,2171.23,2195.26,2163.88,2185.0605
2024-03-08T18:00:00+00:00,2184.975,2185.065,2168.38,2179.315
2024-03-10T21:00:00+00:00,2179.985,2189.115,2177.25,2186.755
2024-03-11T01:00:00+00:00,2186.76,2186.845,2176.915,2180.745
2024-03-11T05:00:00+00:00,2180.77,2183.1265,2176.7985,2177.51
2024-03-11T09:00:00+00:00,2177.505,2181.605,2176,2177.205
2024-03-11T13:00:00+00:00,2177.18,2185.765,2174.8685,2180.885
2024-03-11T17:00:00+00:00,2180.915,2184.2115,2177.235,2182.55
2024-03-11T21:00:00+00:00,2182.8,2184.81,2180.32,2180.495
2024-03-12T01:00:00+00:00,2180.505,2183.165,2176.855,2178.26
2024-03-12T05:00:00+00:00,2178.265,2179.245,2173.6885,2177.875
2024-03-12T09:00:00+00:00,2177.905,2182.0715,2161.2515,2169.84
2024-03-12T13:00:00+00:00,2169.82,2169.96,2152.71,2165.835
2024-03-12T17:00:00+00:00,2165.8315,2165.8315,2150.65,2158.495
2024-03-12T21:00:00+00:00,2158.385,2161.51,2155.85,2159.3785
2024-03-13T01:00:00+00:00,2159.3885,2161.6685,2157.3165,2159.415
2024-03-13T05:00:00+00:00,2159.37,2161.5815,2157.99,2158.27
2024-03-13T09:00:00+00:00,2158.255,2166.36,2157.565,2163.5865
2024-03-13T13:00:00+00:00,2163.595,2174.75,2161.515,2173.7435
2024-03-13T17:00:00+00:00,2173.755,2179.91,2171.8285,2174.405
2024-03-13T21:00:00+00:00,2174.55,2176.655,2173.99,2176.35
2024-03-14T01:00:00+00:00,2176.41,2177.0265,2171.07,2171.79
2024-03-14T05:00:00+00:00,2171.75,2172,2167.475,2169.635
2024-03-14T09:00:00+00:00,2169.635,2172.095,2160.51,2162.84
2024-03-14T13:00:00+00:00,2162.82,2167.32,2152.8335,2158.7265
2024-03-14T17:00:00+00:00,2158.7245,2165.08,2158.1115,2162.005
2024-03-14T21:00:00+00:00,2162.2,2163.19,2160.645,2162.755
2024-03-15T01:00:00+00:00,2162.745,2166.025,2161.75,2164.525
2024-03-15T05:00:00+00:00,2164.59,2170.15,2163.66,2169.075
2024-03-15T09:00:00+00:00,2169.105,2172.785,2157.64,2161.865
2024-03-15T13:00:00+00:00,2161.855,2166.795,2156.6135,2158.86
2024-03-15T17:00:00+00:00,2158.89,2160.665,2155.29,2155.91
2024-03-17T21:00:00+00:00,2155.69,2157.595,2151.76,2156.675
2024-03-18T01:00:00+00:00,2156.66,2156.69,2146.16,2147.42
2024-03-18T05:00:00+00:00,2147.35,2154.545,2146.185,2153.5465
2024-03-18T09:00:00+00:00,2153.5365,2163.625,2153.3915,2159.145
2024-03-18T13:00:00+00:00,2159.105,2161.3515,2154.63,2159.965
2024-03-18T17:00:00+00:00,2159.97,2161.2165,2158.17,2160.355
2024-03-18T21:00:00+00:00,2160.435,2162.905,2160.0315,2160.7185
2024-03-19T01:00:00+00:00,2160.7085,2162.835,2158.63,2160.3235
2024-03-19T05:00:00+00:00,2160.3335,2160.5485,2147.21,2153.17
2024-03-19T09:00:00+00:00,2153.215,2158.7,2150.84,2157.04
2024-03-19T13:00:00+00:00,2157.025,2158.775,2148.445,2154.585
2024-03-19T17:00:00+00:00,2154.6,2158.535,2154.4,2157.615
2024-03-19T21:00:00+00:00,2158.035,2159.725,2155.28,2157.235
2024-03-20T01:00:00+00:00,2157.26,2160.3035,2156.695,2156.96
2024-03-20T05:00:00+00:00,2156.97,2159.5365,2154.54,2156.2585
2024-03-20T09:00:00+00:00,2156.26,2156.27,2149.645,2153.26
2024-03-20T13:00:00+00:00,2153.3,2164.93,2150.545,2157.74
2024-03-20T17:00:00+00:00,2157.765,2188.89,2156.66,2186.225
2024-03-20T21:00:00+00:00,2187.09,2223.09,2186.76,2199.035
2024-03-21T01:00:00+00:00,2198.995,2212.535,2198.04,2203.34
2024-03-21T05:00:00+00:00,2203.36,2210.25,2196.905,2201.62
2024-03-21T09:00:00+00:00,2201.65,2211.855,2199.9735,2207.765
2024-03-21T13:00:00+00:00,2207.78,2208.2,2166.4345,2179.995
2024-03-21T17:00:00+00:00,2179.99,2184.045,2178.58,2181.2
2024-03-21T21:00:00+00:00,2181.58,2186.125,2180.8765,2185.055
2024-03-22T01:00:00+00:00,2185.04,2185.965,2171.88,2173.6855
2024-03-22T05:00:00+00:00,2173.6955,2176.32,2162.64,2168.02
2024-03-22T09:00:00+00:00,2168.05,2176.2715,2165.24,2174.65
2024-03-22T13:00:00+00:00,2174.64,2180.195,2161.685,2162.75
2024-03-22T17:00:00+00:00,2162.705,2167.325,2157.1685,2165.36
2024-03-24T21:00:00+00:00,2165.79,2169.51,2164.12,2165.595
2024-03-25T01:00:00+00:00,2165.625,2178.3955,2164.02,2169.5155
2024-03-25T05:00:00+00:00,2169.5355,2171.1455,2163.6135,2165.78
2024-03-25T09:00:00+00:00,2165.8,2177.095,2164.4,2174.575
2024-03-25T13:00:00+00:00,2174.56,2181.3735,2173.0755,2175.8455
2024-03-25T17:00:00+00:00,2175.8505,2176.71,2170.775,2171.955
2024-03-25T21:00:00+00:00,2171.8535,2174.48,2171.32,2173.93
2024-03-26T01:00:00+00:00,2173.955,2174.425,2167.6415,2172.385
2024-03-26T05:00:00+00:00,2172.355,2179.315,2169.6835,2178.3835
2024-03-26T09:00:00+00:00,2178.39,2200.165,2178.3785,2187.995
2024-03-26T13:00:00+00:00,2188.005,2192.9315,2171.785,2176.8665
2024-03-26T17:00:00+00:00,2176.855,2179.285,2174.6965,2178.91
2024-03-26T21:00:00+00:00,2178.735,2180.255,2176.795,2177.555
2024-03-27T01:00:00+00:00,2177.5255,2181.795,2173.52,2178.445
2024-03-27T05:00:00+00:00,2178.435,2182.74,2175.795,2177.4835
2024-03-27T09:00:00+00:00,2177.4435,2197.655,2176.65,2186.1415
2024-03-27T13:00:00+00:00,2186.155,2195.2985,2183.59,2192.51
2024-03-27T17:00:00+00:00,2192.475,2195.235,2189.095,2194.6
2024-03-27T21:00:00+00:00,2194.855,2194.8885,2187.405,2189.1215
2024-03-28T01:00:00+00:00,2189.145,2196.965,2187.5615,2195.7035
2024-03-28T05:00:00+00:00,2195.6985,2200.76,2190.9,2194.81
2024-03-28T09:00:00+00:00,2194.815,2217.0235,2192.5435,2215.74
2024-03-28T13:00:00+00:00,2215.745,2225.53,2202.318,2220.45
2024-03-28T17:00:00+00:00,2220.48,2236.7775,2216.8215,2233.05
2024-03-31T22:00:00+01:00,2239.2685,2256.485,2235.0735,2250.1285
2024-04-01T02:00:00+01:00,2250.1485,2265.77,2250.1485,2260.425
2024-04-01T06:00:00+01:00,2260.415,2263.455,2255.8465,2257.335
2024-04-01T10:00:00+01:00,2257.345,2258.435,2243.68,2252.59
2024-04-01T14:00:00+01:00,2252.615,2257.9115,2228.565,2238.185
2024-04-01T18:00:00+01:00,2238.195,2252.535,2234.8135,2251.885
2024-04-01T22:00:00+01:00,2252,2255.935,2247.905,2250.385
2024-04-02T02:00:00+01:00,2250.3165,2259.9465,2246.74,2256.73
2024-04-02T06:00:00+01:00,2256.7,2262.89,2252.3,2261.16
2024-04-02T10:00:00+01:00,2261.165,2266.86,2253.4285,2257.625
2024-04-02T14:00:00+01:00,2257.605,2277.0315,2250.9585,2260.355
2024-04-02T18:00:00+01:00,2260.38,2281.155,2259.605,2280.365
2024-04-02T22:00:00+01:00,2280.7685,2288.4535,2277.865,2283.335
2024-04-03T02:00:00+01:00,2283.355,2288.0585,2276.7495,2283.83
2024-04-03T06:00:00+01:00,2283.8285,2286.09,2267.7065,2273.29
2024-04-03T10:00:00+01:00,2273.27,2275.27,2265.5535,2274.9335
2024-04-03T14:00:00+01:00,2274.995,2295.265,2271.725,2293.88
2024-04-03T18:00:00+01:00,2293.87,2301.255,2288.9785,2299.975
2024-04-03T22:00:00+01:00,2299.905,2302.8,2296.42,2302.355
2024-04-04T02:00:00+01:00,2302.37,2305.04,2297.615,2298.875
2024-04-04T06:00:00+01:00,2298.86,2300.7265,2291.115,2291.615
2024-04-04T10:00:00+01:00,2291.6115,2295.22,2282.7845,2288.2885
2024-04-04T14:00:00+01:00,2288.295,2299.4835,2284.8035,2286.9265
2024-04-04T18:00:00+01:00,2286.92,2305.645,2279.7965,2291.225
2024-04-04T22:00:00+01:00,2290.935,2293.455,2282.89,2283.21
2024-04-05T02:00:00+01:00,2283.19,2284.225,2267.8185,2278.15
2024-04-05T06:00:00+01:00,2278.0785,2291.8785,2276.63,2288.1785
2024-04-05T10:00:00+01:00,2288.195,2296.28,2280.445,2290.9
2024-04-05T14:00:00+01:00,2290.9365,2329.5515,2287.1235,2327.2585
2024-04-05T18:00:00+01:00,2327.345,2330.525,2320.745,2329.6
2024-04-07T22:00:00+01:00,2323.365,2328.545,2304.06,2306.3
2024-04-08T02:00:00+01:00,2306.245,2354.14,2302.975,2342.2515
2024-04-08T06:00:00+01:00,2342.2615,2343.722,2331.8835,2336.385
2024-04-08T10:00:00+01:00,2336.39,2343.635,2322.7385,2329.1085
2024-04-08T14:00:00+01:00,2329.125,2335.755,2318.7935,2328.5415
2024-04-08T18:00:00+01:00,2328.595,2342.09,2327.64,2339.065
2024-04-08T22:00:00+01:00,2339.3,2341.78,2336.985,2340.96
2024-04-09T02:00:00+01:00,2340.955,2348.55,2337.9085,2344.2735
2024-04-09T06:00:00+01:00,2344.265,2359.2865,2343.1645,2357.6165
2024-04-09T10:00:00+01:00,2357.71,2365.375,2345.8015,2349.5135
2024-04-09T14:00:00+01:00,2349.4985,2364.35,2338.34,2345.1035
2024-04-09T18:00:00+01:00,2345.125,2354.595,2342.055,2352.995
2024-04-09T22:00:00+01:00,2353.0215,2355.625,2350.5365,2351.7185
2024-04-10T02:00:00+01:00,2351.6885,2356.9,2344.835,2356.315
2024-04-10T06:00:00+01:00,2356.32,2360.2035,2352.435,2354.6335
2024-04-10T10:00:00+01:00,2354.6455,2354.915,2328.101,2338.46
2024-04-10T14:00:00+01:00,2338.4835,2352.435,2319.4385,2337.325
2024-04-10T18:00:00+01:00,2337.35,2345.31,2325.88,2334.075
2024-04-10T22:00:00+01:00,2333.758,2337.355,2333.375,2335.275
2024-04-11T02:00:00+01:00,2335.235,2346.945,2334.125,2342.98
2024-04-11T06:00:00+01:00,2343.08,2344.65,2325.79,2328.0215
2024-04-11T10:00:00+01:00,2328.0115,2344.47,2327.98,2341.395
2024-04-11T14:00:00+01:00,2341.335,2350.86,2332.3585,2349.87
2024-04-11T18:00:00+01:00,2349.905,2377.73,2348.2,2372.36
2024-04-11T22:00:00+01:00,2372.1815,2379.645,2371.1045,2378.8
2024-04-12T02:00:00+01:00,2378.88,2395.485,2378.835,2384.2735
2024-04-12T06:00:00+01:00,2384.275,2400.7485,2383.5035,2396.82
2024-04-12T10:00:00+01:00,2396.8435,2400.51,2390.46,2395.9115
2024-04-12T14:00:00+01:00,2395.925,2431.5735,2360.843,2369.33
2024-04-12T18:00:00+01:00,2369.355,2373.115,2333.91,2344.215
2024-04-14T22:00:00+01:00,2352.9,2372.8835,2347.1055,2353.3735
2024-04-15T02:00:00+01:00,2353.375,2364.81,2348.455,2356.715
2024-04-15T06:00:00+01:00,2356.64,2362.525,2344.795,2351.7085
2024-04-15T10:00:00+01:00,2351.725,2361.26,2346.395,2357.39
2024-04-15T14:00:00+01:00,2357.38,2361.19,2324.192,2357.285
2024-04-15T18:00:00+01:00,2357.275,2387.6315,2354.1465,2383.055
2024-04-15T22:00:00+01:00,2382.767,2392.25,2380.23,2383.485
2024-04-16T02:00:00+01:00,2383.48,2389.3965,2379.3735,2386.19
2024-04-16T06:00:00+01:00,2386.185,2389.155,2363.0295,2369.485
2024-04-16T10:00:00+01:00,2369.4865,2378.3315,2367.605,2376.23
2024-04-16T14:00:00+01:00,2376.24,2398.3465,2363.6335,2397.59
2024-04-16T18:00:00+01:00,2397.625,2397.75,2378.5135,2382.7
2024-04-16T22:00:00+01:00,2382.135,2387.1,2380.805,2384.515
2024-04-17T02:00:00+01:00,2384.545,2386.3235,2380.375,2382.0835
2024-04-17T06:00:00+01:00,2382.0585,2393.6295,2372.77,2392.9075
2024-04-17T10:00:00+01:00,2392.9325,2394.3535,2378.4365,2383.375
2024-04-17T14:00:00+01:00,2383.33,2395.6115,2361.1285,2372.515
2024-04-17T18:00:00+01:00,2372.48,2379.22,2354.7885,2360.88
2024-04-17T22:00:00+01:00,2361.98,2370.165,2361.6,2369.915
2024-04-18T02:00:00+01:00,2369.8505,2376.565,2364.1755,2375.1165
2024-04-18T06:00:00+01:00,2375.2255,2381.0735,2373.8865,2380.055
2024-04-18T10:00:00+01:00,2380.06,2387.5315,2377.36,2385.5
2024-04-18T14:00:00+01:00,2385.485,2392.8145,2369.63,2388.03
2024-04-18T18:00:00+01:00,2388.115,2389.3915,2377,2379.405
2024-04-18T22:00:00+01:00,2378.6,2381.535,2373.845,2379.53
2024-04-19T02:00:00+01:00,2379.52,2417.96,2378.865,2383.64
2024-04-19T06:00:00+01:00,2383.675,2393.935,2378.0735,2384.325
2024-04-19T10:00:00+01:00,2384.35,2386.19,2372.9535,2381.595
2024-04-19T14:00:00+01:00,2381.525,2399.72,2373.165,2399.69
2024-04-19T18:00:00+01:00,2399.685,2402.03,2386.72,2390.52
2024-04-21T22:00:00+01:00,2388.05,2388.9,2381.1,2382.25
2024-04-22T02:00:00+01:00,2382.175,2384.35,2361.9,2369.7335
2024-04-22T06:00:00+01:00,2369.8305,2370.57,2351.45,2359.665
2024-04-22T10:00:00+01:00,2359.635,2363.725,2333.1535,2336.935
2024-04-22T14:00:00+01:00,2336.93,2343.895,2329.0765,2329.895
2024-04-22T18:00:00+01:00,2329.9,2334.935,2324.725,2327.01
2024-04-22T22:00:00+01:00,2327.5985,2334.0285,2326.98,2332.74
2024-04-23T02:00:00+01:00,2332.685,2334.505,2295.6315,2305.61
2024-04-23T06:00:00+01:00,2305.4965,2314.815,2298.9515,2303.335
2024-04-23T10:00:00+01:00,2303.345,2313.7035,2291.47,2311.9135
2024-04-23T14:00:00+01:00,2311.925,2332.245,2309.6,2330.4195
2024-04-23T18:00:00+01:00,2330.3995,2331.3995,2321.3135,2322
2024-04-23T22:00:00+01:00,2322.245,2324.37,2320.805,2320.9685
2024-04-24T02:00:00+01:00,2320.985,2330.18,2315.885,2326.765
2024-04-24T06:00:00+01:00,2326.72,2331.395,2316.17,2319.25
2024-04-24T10:00:00+01:00,2319.26,2323.535,2311.815,2323.31
2024-04-24T14:00:00+01:00,2323.2965,2337.3665,2315.9655,2325.1815
2024-04-24T18:00:00+01:00,2325.1445,2330.6085,2313.775,2315.935
2024-04-24T22:00:00+01:00,2315.425,2319.505,2315.225,2319.265
2024-04-25T02:00:00+01:00,2319.235,2322.165,2305.065,2315.3965
2024-04-25T06:00:00+01:00,2315.39,2328.9035,2314.56,2326.9665
2024-04-25T10:00:00+01:00,2326.975,2334.765,2323.4185,2330.765
2024-04-25T14:00:00+01:00,2330.815,2344.9015,2312.918,2328.82
2024-04-25T18:00:00+01:00,2328.825,2336.49,2326.3215,2332.08
2024-04-25T22:00:00+01:00,2332.35,2333.9,2328.785,2329.915
2024-04-26T02:00:00+01:00,2329.885,2338.2215,2326.35,2336.015
2024-04-26T06:00:00+01:00,2335.945,2350.2605,2333.9765,2347.0615
2024-04-26T10:00:00+01:00,2347.1005,2352.6115,2340.61,2344.8185
2024-04-26T14:00:00+01:00,2344.8835,2350.43,2328.805,2333.7
2024-04-26T18:00:00+01:00,2333.685,2341.45,2332.74,2337.8
2024-04-28T22:00:00+01:00,2336.515,2337.795,2330.715,2332.1585
2024-04-29T02:00:00+01:00,2332.17,2333.34,2319.9165,2332.725
2024-04-29T06:00:00+01:00,2332.735,2341.34,2327.505,2338.165
2024-04-29T10:00:00+01:00,2338.155,2344.465,2328.4,2332.0435
2024-04-29T14:00:00+01:00,2332,2346.795,2325.6435,2342.8815
2024-04-29T18:00:00+01:00,2342.95,2346.6985,2333.075,2335.705
2024-04-29T22:00:00+01:00,2335.5365,2336.4085,2331.82,2334.06
2024-04-30T02:00:00+01:00,2334.035,2336.24,2325.015,2326.53
2024-04-30T06:00:00+01:00,2326.475,2327.015,2310.715,2312.995
2024-04-30T10:00:00+01:00,2312.93,2318.0785,2304.72,2306.18
2024-04-30T14:00:00+01:00,2306.1655,2313.43,2293.2615,2294.745
2024-04-30T18:00:00+01:00,2294.735,2297.55,2285.18,2285.845
2024-04-30T22:00:00+01:00,2286.63,2293.3585,2285.8,2286.945
2024-05-01T02:00:00+01:00,2286.87,2289.555,2281.685,2283.29
2024-05-01T06:00:00+01:00,2283.23,2289.855,2282.615,2286.3585
2024-05-01T10:00:00+01:00,2286.3635,2300.095,2285.7935,2298.305
2024-05-01T14:00:00+01:00,2298.32,2310.54,2295.31,2303.7965
2024-05-01T18:00:00+01:00,2303.73,2328.445,2295.94,2319.165
2024-05-01T22:00:00+01:00,2319.93,2326.03,2318.28,2324.43
2024-05-02T02:00:00+01:00,2324.41,2326.51,2317.39,2318.2465
2024-05-02T06:00:00+01:00,2318.235,2319.1785,2303.1195,2304.0965
2024-05-02T10:00:00+01:00,2304.085,2305.495,2293.6585,2294.5735
2024-05-02T14:00:00+01:00,2294.5785,2307.02,2285.565,2299.6965
2024-05-02T18:00:00+01:00,2299.685,2309.525,2299.36,2303.65
2024-05-02T22:00:00+01:00,2304,2305.775,2300.3665,2304.07
2024-05-03T02:00:00+01:00,2304.04,2308.155,2299.945,2307.48
2024-05-03T06:00:00+01:00,2307.495,2308.805,2297.86,2301.49
2024-05-03T10:00:00+01:00,2301.405,2320.735,2294.6735,2304.8835
2024-05-03T14:00:00+01:00,2304.865,2309.0185,2277.3585,2299.3735
2024-05-03T18:00:00+01:00,2299.34,2303.455,2296.085,2302.035
2024-05-05T22:00:00+01:00,2305.09,2306.1785,2291.8835,2296.12
2024-05-06T02:00:00+01:00,2296.0935,2315.435,2295.91,2309.265
2024-05-06T06:00:00+01:00,2309.2565,2324.2735,2308.795,2318.365
2024-05-06T10:00:00+01:00,2318.3815,2330.3835,2314.65,2323.425
2024-05-06T14:00:00+01:00,2323.3995,2332.1665,2317.785,2325.7
2024-05-06T18:00:00+01:00,2325.71,2328.9635,2321.07,2324.025
2024-05-06T22:00:00+01:00,2324.4245,2329.53,2322.3,2329.295
2024-05-07T02:00:00+01:00,2329.3,2329.9515,2319.7365,2322.735
2024-05-07T06:00:00+01:00,2322.73,2323.3655,2311.7815,2315.7935
2024-05-07T10:00:00+01:00,2315.785,2317.4265,2310.0365,2316.1115
2024-05-07T14:00:00+01:00,2316.1215,2323.7465,2312.4835,2312.5735
2024-05-07T18:00:00+01:00,2312.57,2317.535,2311.165,2314.1
2024-05-07T22:00:00+01:00,2314.505,2316.975,2313.6415,2314.215
2024-05-08T02:00:00+01:00,2314.21,2319.44,2307.065,2319.395
2024-05-08T06:00:00+01:00,2319.4,2321.53,2303.745,2307.3985
2024-05-08T10:00:00+01:00,2307.3835,2319.1315,2307.1,2314.61
2024-05-08T14:00:00+01:00,2314.595,2321.15,2306.84,2317.1
2024-05-08T18:00:00+01:00,2317.115,2317.595,2307.94,2308.51
2024-05-08T22:00:00+01:00,2308.7335,2311.025,2307.9115,2309.3615
2024-05-09T02:00:00+01:00,2309.5965,2315.36,2307.96,2314.5715
2024-05-09T06:00:00+01:00,2314.5865,2319.8265,2307.665,2310.5535
2024-05-09T10:00:00+01:00,2310.5235,2329.4065,2306.793,2326.795
2024-05-09T14:00:00+01:00,2326.79,2338.89,2312.21,2329.865
2024-05-09T18:00:00+01:00,2329.85,2347.26,2329.2835,2346.24
2024-05-09T22:00:00+01:00,2346.22,2349.0915,2344.24,2347.6315
2024-05-10T02:00:00+01:00,2347.6815,2355.8695,2347.265,2354.0735
2024-05-10T06:00:00+01:00,2354.085,2372.295,2353.865,2369.65
2024-05-10T10:00:00+01:00,2369.6515,2378.565,2361.845,2364.91
2024-05-10T14:00:00+01:00,2364.7805,2373.0695,2356.67,2368.4015
2024-05-10T18:00:00+01:00,2368.3915,2371.02,2359.7735,2360.72
2024-05-12T22:00:00+01:00,2363.31,2364.545,2359.815,2364.115
2024-05-13T02:00:00+01:00,2364.0765,2364.19,2354.285,2354.39
2024-05-13T06:00:00+01:00,2354.37,2355.125,2341.68,2343.31
2024-05-13T10:00:00+01:00,2343.345,2349.8615,2338.5,2347.165
2024-05-13T14:00:00+01:00,2347.18,2349.48,2332.1905,2336.7785
2024-05-13T18:00:00+01:00,2336.8,2338.5615,2334.5285,2336.765
2024-05-13T22:00:00+01:00,2335.7305,2339.7885,2334.88,2336.4465
2024-05-14T02:00:00+01:00,2336.435,2344.965,2336.415,2344.1165
2024-05-14T06:00:00+01:00,2344.115,2345.9965,2336.165,2343.8635
2024-05-14T10:00:00+01:00,2343.875,2350.33,2336.63,2348.2315
2024-05-14T14:00:00+01:00,2348.3165,2357.165,2344.998,2354.29
2024-05-14T18:00:00+01:00,2354.265,2359.7265,2352.0535,2357.995
2024-05-14T22:00:00+01:00,2357.935,2358.3535,2354.9495,2355.9015
2024-05-15T02:00:00+01:00,2355.8895,2361.0655,2355.0065,2357.0985
2024-05-15T06:00:00+01:00,2357.11,2374.3835,2355.775,2373.265
2024-05-15T10:00:00+01:00,2373.3,2379.1,2358.694,2372.675
2024-05-15T14:00:00+01:00,2372.65,2386.8015,2351.9435,2383.7365
2024-05-15T18:00:00+01:00,2383.735,2390.3465,2383.625,2386.14
2024-05-15T22:00:00+01:00,2386.4,2395.1785,2385.41,2395.0585
2024-05-16T02:00:00+01:00,2395.0735,2397.4985,2386.61,2391.4285
2024-05-16T06:00:00+01:00,2391.4435,2394.5465,2384.785,2386.1415
2024-05-16T10:00:00+01:00,2386.11,2387.8485,2378.0165,2379.23
2024-05-16T14:00:00+01:00,2379.22,2383.85,2371.055,2382.0465
2024-05-16T18:00:00+01:00,2382.0665,2382.5165,2375.975,2376.78
2024-05-16T22:00:00+01:00,2376.95,2379.7685,2376.8565,2378.065
2024-05-17T02:00:00+01:00,2378.1235,2381.2785,2373.9965,2378.9115
2024-05-17T06:00:00+01:00,2378.9015,2387.8615,2378.605,2384.3
2024-05-17T10:00:00+01:00,2384.255,2394.1085,2381.765,2393.4035
2024-05-17T14:00:00+01:00,2393.4185,2419.1965,2393.4185,2407.9065
2024-05-17T18:00:00+01:00,2407.9065,2422.7685,2405.8085,2415.21
2024-05-19T22:00:00+01:00,2417.9865,2426.6,2416.6185,2425.5035
2024-05-20T02:00:00+01:00,2425.5885,2440.6835,2425.5885,2437.405
2024-05-20T06:00:00+01:00,2437.3935,2450.155,2432.045,2440.155
2024-05-20T10:00:00+01:00,2440.2,2447.215,2407.355,2413.945
2024-05-20T14:00:00+01:00,2413.8135,2428.1515,2410.45,2426.5985
2024-05-20T18:00:00+01:00,2426.615,2437.415,2423.385,2426.22
2024-05-20T22:00:00+01:00,2426.64,2430.66,2424.435,2429.0035
2024-05-21T02:00:00+01:00,2428.985,2433.175,2406.346,2412.5165
2024-05-21T06:00:00+01:00,2412.5,2422.2735,2408.6795,2418.8
2024-05-21T10:00:00+01:00,2418.745,2430.02,2412.265,2426.2885
2024-05-21T14:00:00+01:00,2426.325,2433.9965,2418.085,2422.93
2024-05-21T18:00:00+01:00,2422.9585,2425.1015,2417.4315,2420.78
2024-05-21T22:00:00+01:00,2421.39,2423.21,2420.395,2420.575
2024-05-22T02:00:00+01:00,2420.595,2426.625,2412.15,2412.97
2024-05-22T06:00:00+01:00,2412.945,2418.55,2410.655,2416.9
2024-05-22T10:00:00+01:00,2417.005,2419.39,2404.842,2412.49
2024-05-22T14:00:00+01:00,2412.495,2413.36,2382.2885,2392.0115
2024-05-22T18:00:00+01:00,2391.985,2394.445,2375.0285,2378.465
2024-05-22T22:00:00+01:00,2379.83,2383.815,2378.475,2380.3935
2024-05-23T02:00:00+01:00,2380.4135,2381.995,2366.8215,2372.8665
2024-05-23T06:00:00+01:00,2372.865,2373.1965,2355.045,2360.5585
2024-05-23T10:00:00+01:00,2360.535,2369.48,2358.845,2362.8035
2024-05-23T14:00:00+01:00,2362.82,2369.9,2340.09,2340.9835
2024-05-23T18:00:00+01:00,2340.9735,2343.08,2327.05,2328.89
2024-05-23T22:00:00+01:00,2328.785,2333.705,2327.5465,2329.1565
2024-05-24T02:00:00+01:00,2329.1145,2335.2565,2325.45,2335.14
2024-05-24T06:00:00+01:00,2335.0515,2341.14,2333.26,2340.24
2024-05-24T10:00:00+01:00,2340.24,2343.93,2335.7435,2339.43
2024-05-24T14:00:00+01:00,2339.42,2347.52,2332.45,2334.3465
2024-05-24T18:00:00+01:00,2334.315,2336.85,2331.9285,2334
2024-05-26T22:00:00+01:00,2337.1335,2340.7765,2332.355,2336.26
2024-05-27T02:00:00+01:00,2336.21,2347.69,2334.665,2343.0785
2024-05-27T06:00:00+01:00,2343.015,2346.295,2338.21,2344.3185
2024-05-27T10:00:00+01:00,2344.325,2349.928,2342.4565,2347.275
2024-05-27T14:00:00+01:00,2347.2815,2358.5715,2344.7135,2354.9815
2024-05-27T18:00:00+01:00,2354.96,2355.205,2350.7515,2350.918
2024-05-27T22:00:00+01:00,2351.8,2353.965,2351.125,2351.8335
2024-05-28T02:00:00+01:00,2351.845,2356.4165,2349.225,2351.0615
2024-05-28T06:00:00+01:00,2351.0715,2353.8235,2340.3355,2344.9685
2024-05-28T10:00:00+01:00,2345.0105,2357.19,2342.35,2353.27
2024-05-28T14:00:00+01:00,2353.285,2364.16,2348.005,2356.7265
2024-05-28T18:00:00+01:00,2356.6965,2361.545,2352.8585,2361.395
2024-05-28T22:00:00+01:00,2361.1,2362.745,2357.415,2357.9085
2024-05-29T02:00:00+01:00,2357.915,2360.9365,2354.4865,2358.345
2024-05-29T06:00:00+01:00,2358.4035,2361.4585,2344.99,2345.575
2024-05-29T10:00:00+01:00,2345.605,2347.3115,2334.6015,2337.725
2024-05-29T14:00:00+01:00,2337.875,2347.26,2335.9715,2341.99
2024-05-29T18:00:00+01:00,2341.918,2344.3865,2335.965,2338.12
2024-05-29T22:00:00+01:00,2338.07,2339.3,2334.1115,2336.965
2024-05-30T02:00:00+01:00,2336.97,2339.96,2328.095,2335.3585
2024-05-30T06:00:00+01:00,2335.3335,2337.7815,2322.6615,2335.1165
2024-05-30T10:00:00+01:00,2335.115,2345.27,2330.65,2341.3615
2024-05-30T14:00:00+01:00,2341.355,2351.8965,2339.825,2347.9235
2024-05-30T18:00:00+01:00,2347.9385,2348.9285,2339.965,2343.365
2024-05-30T22:00:00+01:00,2345,2347.5715,2342.085,2346.3715
2024-05-31T02:00:00+01:00,2346.3915,2347.8215,2337.04,2344.1835
2024-05-31T06:00:00+01:00,2344.18,2347.15,2339.805,2343.325
2024-05-31T10:00:00+01:00,2343.285,2356.8485,2341.0685,2354.865
2024-05-31T14:00:00+01:00,2354.76,2359.7715,2327.8,2332.9485
2024-05-31T18:00:00+01:00,2332.9185,2333.8815,2320.5835,2327.405
2024-06-02T22:00:00+01:00,2327.8,2329.63,2323.3905,2327.225
2024-06-03T02:00:00+01:00,2327.19,2331.19,2320.0935,2321.4035
2024-06-03T06:00:00+01:00,2321.4135,2328.94,2314.8135,2325.5735
2024-06-03T10:00:00+01:00,2325.5835,2334.4765,2324.4565,2334.1015
2024-06-03T14:00:00+01:00,2334.03,2350.34,2329.9,2349.2485
2024-06-03T18:00:00+01:00,2349.2535,2354.785,2344.7835,2350.83
2024-06-03T22:00:00+01:00,2351.35,2352.845,2349.87,2350.6965
2024-06-04T02:00:00+01:00,2350.68,2352.4035,2343.2715,2349.3865
2024-06-04T06:00:00+01:00,2349.37,2351.855,2332.3785,2333.44
2024-06-04T10:00:00+01:00,2333.435,2336.04,2325.5175,2335.1565
2024-06-04T14:00:00+01:00,2335.155,2338.0835,2315.687,2323.97
2024-06-04T18:00:00+01:00,2323.9985,2330.4,2323.8135,2326.895
2024-06-04T22:00:00+01:00,2326.905,2329.7415,2326.6815,2328.27
2024-06-05T02:00:00+01:00,2328.28,2338.3205,2325.9785,2338.0835
2024-06-05T06:00:00+01:00,2338.0885,2341.745,2328.135,2332.74
2024-06-05T10:00:00+01:00,2332.7385,2344.1285,2329.5415,2342.2135
2024-06-05T14:00:00+01:00,2342.1715,2357.4465,2334.15,2352.685
2024-06-05T18:00:00+01:00,2352.655,2356.8065,2351.745,2355.385
2024-06-05T22:00:00+01:00,2355.865,2358.0685,2354.6165,2355.8135
2024-06-06T02:00:00+01:00,2355.7885,2375.025,2355.6765,2369.4915
2024-06-06T06:00:00+01:00,2369.49,2371.4815,2359.8485,2362.9665
2024-06-06T10:00:00+01:00,2362.95,2365.315,2355.33,2357.5985
2024-06-06T14:00:00+01:00,2357.645,2378.5765,2353.5135,2372.9185
2024-06-06T18:00:00+01:00,2372.9235,2376.405,2369.0735,2375.87
2024-06-06T22:00:00+01:00,2375.805,2379.275,2375.4165,2378.4935
2024-06-07T02:00:00+01:00,2378.5335,2387.55,2369.485,2386.6935
2024-06-07T06:00:00+01:00,2386.6885,2387.8,2342.6395,2347.395
2024-06-07T10:00:00+01:00,2347.32,2348.02,2313.5845,2319.3985
2024-06-07T14:00:00+01:00,2319.415,2328.1,2303.12,2311.7085
2024-06-07T18:00:00+01:00,2311.7985,2312.4385,2286.8365,2293.78
2024-06-09T22:00:00+01:00,2294.74,2300.1915,2289.29,2297.085
2024-06-10T02:00:00+01:00,2297.08,2301.445,2292.82,2294.8735
2024-06-10T06:00:00+01:00,2294.895,2297.5915,2287.855,2292.7215
2024-06-10T10:00:00+01:00,2292.7165,2308.805,2291.895,2306.2435
2024-06-10T14:00:00+01:00,2306.2385,2313.845,2300.42,2313.01
2024-06-10T18:00:00+01:00,2312.9965,2313.4665,2308.5835,2310.87
2024-06-10T22:00:00+01:00,2312.2395,2312.6685,2308.88,2310.94
2024-06-11T02:00:00+01:00,2310.8695,2310.8695,2298.835,2303.6635
2024-06-11T06:00:00+01:00,2303.6535,2307.8715,2297.805,2306.125
2024-06-11T10:00:00+01:00,2306.14,2320.0185,2301.625,2318
2024-06-11T14:00:00+01:00,2318.025,2319.64,2305.9685,2308.6085
2024-06-11T18:00:00+01:00,2308.6585,2317.155,2307.9435,2316.83
2024-06-11T22:00:00+01:00,2317,2317.7065,2313.5235,2313.825
2024-06-12T02:00:00+01:00,2313.835,2316.84,2310.793,2312.785
2024-06-12T06:00:00+01:00,2312.7835,2317.83,2310.855,2312.88
2024-06-12T10:00:00+01:00,2312.8415,2337.74,2311.64,2336.0165
2024-06-12T14:00:00+01:00,2335.9845,2341.705,2320.195,2337.7315
2024-06-12T18:00:00+01:00,2337.7415,2339.6265,2315.9385,2325
2024-06-12T22:00:00+01:00,2325.2485,2325.88,2317.6795,2320.865
2024-06-13T02:00:00+01:00,2320.88,2321.635,2308.2,2311.8985
2024-06-13T06:00:00+01:00,2311.91,2318.7185,2309.0635,2315.6765
2024-06-13T10:00:00+01:00,2315.675,2326.7085,2304.0335,2323.4215
2024-06-13T14:00:00+01:00,2323.4015,2324.855,2295.61,2299.3865
2024-06-13T18:00:00+01:00,2299.375,2305.0385,2299.1515,2304.125
2024-06-13T22:00:00+01:00,2303.995,2305.755,2301.6185,2305.0135
2024-06-14T02:00:00+01:00,2304.95,2308.77,2303.1415,2305.9935
2024-06-14T06:00:00+01:00,2306.0085,2321.73,2305.6335,2317.4365
2024-06-14T10:00:00+01:00,2317.445,2336.72,2315.3085,2330.42
2024-06-14T14:00:00+01:00,2330.4,2335.5365,2324.1235,2328.935
2024-06-14T18:00:00+01:00,2328.9955,2335.645,2328.5785,2332.6845
2024-06-16T22:00:00+01:00,2332,2332.7365,2325.3335,2326.465
2024-06-17T02:00:00+01:00,2326.4715,2329.025,2321.595,2323.7335
2024-06-17T06:00:00+01:00,2323.755,2323.755,2315.55,2321.4015
2024-06-17T10:00:00+01:00,2321.385,2322.7235,2316.8385,2319.6985
2024-06-17T14:00:00+01:00,2319.705,2327.69,2310.0485,2316.9835
2024-06-17T18:00:00+01:00,2317.0185,2320.82,2313.3735,2319.095
2024-06-17T22:00:00+01:00,2319.04,2325.6215,2318.9765,2324.1865
2024-06-18T02:00:00+01:00,2324.2365,2325.735,2319.3115,2322.63
2024-06-18T06:00:00+01:00,2322.6165,2323.8505,2310.85,2311.3615
2024-06-18T10:00:00+01:00,2311.3215,2324.24,2306.655,2313.9865
2024-06-18T14:00:00+01:00,2313.9915,2330.815,2313.74,2330.325
2024-06-18T18:00:00+01:00,2330.37,2333.1715,2327.51,2329.385
2024-06-18T22:00:00+01:00,2329.4,2330.4435,2327.5415,2329.5815
2024-06-19T02:00:00+01:00,2329.5585,2331.835,2326.5515,2328.0685
2024-06-19T06:00:00+01:00,2328.0785,2335.0615,2326.85,2332.6065
2024-06-19T10:00:00+01:00,2332.605,2333.0035,2325.3285,2328.405
2024-06-19T14:00:00+01:00,2328.425,2331.5835,2323.9845,2329.505
2024-06-19T18:00:00+01:00,2329.505,2331.1435,2327.94,2328.2885
2024-06-19T22:00:00+01:00,2328.7,2330.96,2327.8165,2329.82
2024-06-20T02:00:00+01:00,2329.85,2341.0135,2329.8335,2340.5485
2024-06-20T06:00:00+01:00,2340.58,2345.7535,2332.75,2333.385
2024-06-20T10:00:00+01:00,2333.375,2343.8185,2331.65,2338.63
2024-06-20T14:00:00+01:00,2338.68,2365.555,2336.7215,2356.41
2024-06-20T18:00:00+01:00,2356.4315,2361.1165,2354.6765,2359.98
2024-06-20T22:00:00+01:00,2360.155,2364.895,2358.205,2364.1665
2024-06-21T02:00:00+01:00,2364.155,2364.2615,2357.1765,2363.01
2024-06-21T06:00:00+01:00,2362.99,2368.18,2355.1785,2365.4535
2024-06-21T10:00:00+01:00,2365.46,2368.7615,2360.495,2360.74
2024-06-21T14:00:00+01:00,2360.735,2363.89,2323.35,2324.7785
2024-06-21T18:00:00+01:00,2324.8,2325.1685,2316.7715,2322.05
2024-06-23T22:00:00+01:00,2323.635,2323.635,2317.765,2321.0085
2024-06-24T02:00:00+01:00,2321.0585,2326.76,2319.08,2324.5385
2024-06-24T06:00:00+01:00,2324.565,2332.8565,2321.415,2330.6215
2024-06-24T10:00:00+01:00,2330.625,2331.005,2320.8635,2327.64
2024-06-24T14:00:00+01:00,2327.6615,2333.955,2325.965,2331.76
2024-06-24T18:00:00+01:00,2331.77,2334.7975,2330.64,2333.915
2024-06-24T22:00:00+01:00,2334.1025,2334.6975,2328.32,2330.1535
2024-06-25T02:00:00+01:00,2330.1485,2330.9615,2322.8115,2327.51
2024-06-25T06:00:00+01:00,2327.505,2330.635,2322.985,2329.6765
2024-06-25T10:00:00+01:00,2329.67,2337.1865,2324.145,2324.2535
2024-06-25T14:00:00+01:00,2324.285,2328.285,2315.6,2317.8735
2024-06-25T18:00:00+01:00,2317.87,2320.68,2316.8535,2319.57
2024-06-25T22:00:00+01:00,2319.87,2324.01,2317.8415,2318.5035
2024-06-26T02:00:00+01:00,2318.495,2321.7165,2310.63,2316.8735
2024-06-26T06:00:00+01:00,2316.895,2318.31,2309.765,2315.7465
2024-06-26T10:00:00+01:00,2315.8115,2318.49,2304.475,2310.2315
2024-06-26T14:00:00+01:00,2310.2215,2311.6585,2293.703,2299.795
2024-06-26T18:00:00+01:00,2299.795,2303.1015,2297.0435,2298.355
2024-06-26T22:00:00+01:00,2298.795,2300.2335,2296.81,2299.095
2024-06-27T02:00:00+01:00,2299.0985,2301.1965,2296.85,2300.5635
2024-06-27T06:00:00+01:00,2300.5735,2308.4815,2296.5935,2307.66
2024-06-27T10:00:00+01:00,2307.65,2325.8585,2307.3785,2322.905
2024-06-27T14:00:00+01:00,2322.9165,2330.995,2319.5865,2325.485
2024-06-27T18:00:00+01:00,2325.4815,2328.625,2322.535,2327.915
2024-06-27T22:00:00+01:00,2328.05,2328.4535,2321.4765,2321.6815
2024-06-28T02:00:00+01:00,2321.6795,2324.929,2319.1185,2321.2765
2024-06-28T06:00:00+01:00,2321.275,2331.9785,2321.065,2328.81
2024-06-28T10:00:00+01:00,2328.75,2339.4185,2327.32,2335.545
2024-06-28T14:00:00+01:00,2335.55,2339.815,2322.925,2330.0665
2024-06-28T18:00:00+01:00,2330.045,2332.7765,2322.93,2326.65
2024-06-30T22:00:00+01:00,2327.04,2327.345,2322.2635,2324.9285
2024-07-01T02:00:00+01:00,2324.9185,2328.5785,2321.49,2323.7385
2024-07-01T06:00:00+01:00,2323.77,2329.06,2318.5885,2325.9135
2024-07-01T10:00:00+01:00,2325.9285,2338.5615,2325.515,2327.4765
2024-07-01T14:00:00+01:00,2327.4935,2334.35,2319.325,2328.235
2024-07-01T18:00:00+01:00,2328.225,2332.5115,2326.805,2331.795
2024-07-01T22:00:00+01:00,2331.77,2333.9715,2331.2865,2333.175
2024-07-02T02:00:00+01:00,2333.1785,2334.4115,2324.9635,2327.3435
2024-07-02T06:00:00+01:00,2327.35,2332.52,2323.3965,2331.255
2024-07-02T10:00:00+01:00,2331.205,2331.9765,2319.135,2327.5565
2024-07-02T14:00:00+01:00,2327.5315,2336.8715,2321,2322.9385
2024-07-02T18:00:00+01:00,2322.9185,2331.4715,2322.1335,2329.64
2024-07-02T22:00:00+01:00,2330,2332.225,2329.5765,2330.3165
2024-07-03T02:00:00+01:00,2330.2965,2335.3565,2326.8935,2334.565
2024-07-03T06:00:00+01:00,2334.555,2347.6215,2332.04,2344.7115
2024-07-03T10:00:00+01:00,2344.7465,2356.2,2342.205,2350.5635
2024-07-03T14:00:00+01:00,2350.5385,2364.99,2347.6165,2356.6735
2024-07-03T18:00:00+01:00,2356.63,2360.935,2353.7485,2356.04
2024-07-03T22:00:00+01:00,2357.22,2359.67,2355.685,2358.6515
2024-07-04T02:00:00+01:00,2358.6415,2362.59,2357.255,2358.6085
2024-07-04T06:00:00+01:00,2358.62,2359.73,2350.5495,2358.9285
2024-07-04T10:00:00+01:00,2358.95,2360.48,2355.755,2357.8415
2024-07-04T14:00:00+01:00,2357.8615,2361.9465,2355.56,2357.895
2024-07-04T18:00:00+01:00,2357.855,2358.11,2356.215,2357.0435
2024-07-04T22:00:00+01:00,2356.97,2359.1385,2354.33,2358.9435
2024-07-05T02:00:00+01:00,2358.95,2364.76,2356.98,2364.015
2024-07-05T06:00:00+01:00,2364.015,2368.15,2362.38,2366.5485
2024-07-05T10:00:00+01:00,2366.5635,2376.215,2349.0085,2372.225
2024-07-05T14:00:00+01:00,2372.23,2388.4615,2370.75,2386.5915
2024-07-05T18:00:00+01:00,2386.5965,2392.9985,2384.625,2391.255
2024-07-07T22:00:00+01:00,2386.3615,2390.2215,2384.6315,2386.782
2024-07-08T02:00:00+01:00,2386.73,2391.135,2380.755,2385.035
2024-07-08T06:00:00+01:00,2385.045,2386.8685,2371.9815,2372.8935
2024-07-08T10:00:00+01:00,2372.875,2377.5315,2368.365,2372.8635
2024-07-08T14:00:00+01:00,2372.8165,2379.62,2351.115,2358.7235
2024-07-08T18:00:00+01:00,2358.7485,2359.9215,2354.9065,2359.04
2024-07-08T22:00:00+01:00,2359.18,2363.7295,2358.5565,2361.9585
2024-07-09T02:00:00+01:00,2362.01,2368.845,2360.5815,2367.4435
2024-07-09T06:00:00+01:00,2367.4385,2368.43,2358.32,2361.69
2024-07-09T10:00:00+01:00,2361.7045,2365.71,2356.155,2360.1915
2024-07-09T14:00:00+01:00,2360.1585,2371.5665,2349.6135,2357.5415
2024-07-09T18:00:00+01:00,2357.5315,2365.7135,2357.5315,2364.12
2024-07-09T22:00:00+01:00,2364.015,2366.645,2362.813,2364.7765
2024-07-10T02:00:00+01:00,2364.8115,2370.3735,2363.3615,2367.8215
2024-07-10T06:00:00+01:00,2367.8165,2375.0685,2367.2285,2372.9065
2024-07-10T10:00:00+01:00,2372.895,2381.8865,2371.76,2377.88
2024-07-10T14:00:00+01:00,2377.8735,2386.7315,2374.0365,2377.92
2024-07-10T18:00:00+01:00,2377.9135,2378.64,2369.97,2371.275
2024-07-10T22:00:00+01:00,2371.7035,2374.4685,2370.9155,2374.2635
2024-07-11T02:00:00+01:00,2374.2685,2382.55,2373.125,2382.0465
2024-07-11T06:00:00+01:00,2382.055,2384.165,2378.5485,2381.4685
2024-07-11T10:00:00+01:00,2381.4635,2409.7965,2378.3815,2406.43
2024-07-11T14:00:00+01:00,2406.3815,2424.585,2395.915,2411.7415
2024-07-11T18:00:00+01:00,2411.71,2418.74,2410.085,2415.355
2024-07-11T22:00:00+01:00,2416,2416.38,2411.125,2412.0885
2024-07-12T02:00:00+01:00,2412.1135,2414.3335,2406.7265,2408.645
2024-07-12T06:00:00+01:00,2408.64,2410.18,2400.36,2407.5035
2024-07-12T10:00:00+01:00,2407.515,2408.3465,2391.52,2397.9785
2024-07-12T14:00:00+01:00,2397.995,2417.0115,2396.89,2415.9865
2024-07-12T18:00:00+01:00,2415.985,2418.3115,2410.8695,2411.215
2024-07-14T22:00:00+01:00,2412.98,2415.24,2405.745,2408.5585
2024-07-15T02:00:00+01:00,2408.5835,2413.4415,2405.005,2411.5635
2024-07-15T06:00:00+01:00,2411.5535,2414.025,2401.41,2412.055
2024-07-15T10:00:00+01:00,2412.0785,2420.91,2407.77,2414.8965
2024-07-15T14:00:00+01:00,2414.88,2439.8165,2411.56,2430.28
2024-07-15T18:00:00+01:00,2430.33,2430.365,2419.85,2422.45
2024-07-15T22:00:00+01:00,2422.31,2422.895,2420.0335,2421.335
2024-07-16T02:00:00+01:00,2421.36,2431.5715,2421.323,2429.345
2024-07-16T06:00:00+01:00,2429.36,2439.405,2428.205,2436.6235
2024-07-16T10:00:00+01:00,2436.64,2444.23,2429.475,2432.6635
2024-07-16T14:00:00+01:00,2432.6235,2465.32,2431.0585,2459.21
2024-07-16T18:00:00+01:00,2459.1965,2469.705,2458.7645,2468.85
2024-07-16T22:00:00+01:00,2468.79,2473.335,2466.2565,2468.8215
2024-07-17T02:00:00+01:00,2468.8045,2482.49,2464.0665,2467.8865
2024-07-17T06:00:00+01:00,2467.865,2478.955,2461.8915,2475.0465
2024-07-17T10:00:00+01:00,2475.045,2476.415,2466.7765,2473.4435
2024-07-17T14:00:00+01:00,2473.465,2483.7415,2452.905,2455.7115
2024-07-17T18:00:00+01:00,2455.685,2460.4915,2451.6085,2458.975
2024-07-17T22:00:00+01:00,2458.855,2461.9215,2457.4435,2458.91
2024-07-18T02:00:00+01:00,2458.9,2468.9635,2457.6865,2465.337
2024-07-18T06:00:00+01:00,2465.3405,2475,2464.67,2466.0365
2024-07-18T10:00:00+01:00,2466.0315,2468.92,2461.5985,2464.065
2024-07-18T14:00:00+01:00,2464.085,2469.965,2455.91,2456.2815
2024-07-18T18:00:00+01:00,2456.2865,2457.605,2440.38,2445.135
2024-07-18T22:00:00+01:00,2445.5805,2446.1155,2426.3095,2434.435
2024-07-19T02:00:00+01:00,2434.4315,2434.6515,2420.565,2425.515
2024-07-19T06:00:00+01:00,2425.5365,2426.1465,2412.9665,2420.51
2024-07-19T10:00:00+01:00,2420.495,2421.17,2401.6385,2403.795
2024-07-19T14:00:00+01:00,2403.8,2408.49,2393.89,2399.7315
2024-07-19T18:00:00+01:00,2399.7965,2401.6055,2395.715,2401.1105
2024-07-21T22:00:00+01:00,2402.2,2412.0455,2401.225,2407.9415
2024-07-22T02:00:00+01:00,2407.885,2412.255,2403.275,2405.6335
2024-07-22T06:00:00+01:00,2405.6285,2407.39,2399.015,2400.9035
2024-07-22T10:00:00+01:00,2400.9135,2408.4465,2388.8965,2394.37
2024-07-22T14:00:00+01:00,2394.35,2400.2035,2383.91,2393.08
2024-07-22T18:00:00+01:00,2393.1385,2400.1665,2391.845,2396.45
2024-07-22T22:00:00+01:00,2396.395,2400.325,2394.88,2400.0035
2024-07-23T02:00:00+01:00,2400.02,2404.0735,2395.84,2396.5865
2024-07-23T06:00:00+01:00,2396.58,2407.215,2388.33,2404.0965
2024-07-23T10:00:00+01:00,2404.1265,2412.0965,2403.245,2405.5265
2024-07-23T14:00:00+01:00,2405.4745,2407.7535,2399.6085,2405.3385
2024-07-23T18:00:00+01:00,2405.3535,2410.0735,2402.7215,2409.47
2024-07-23T22:00:00+01:00,2409.39,2410.29,2407.915,2408.39
2024-07-24T02:00:00+01:00,2408.3745,2418.4265,2404.99,2417.925
2024-07-24T06:00:00+01:00,2417.91,2419.2905,2410.81,2411.8765
2024-07-24T10:00:00+01:00,2411.8665,2422.0835,2409.8535,2421.48
2024-07-24T14:00:00+01:00,2421.53,2432.09,2413.7485,2419.115
2024-07-24T18:00:00+01:00,2419.09,2419.6415,2396.825,2397.49
2024-07-24T22:00:00+01:00,2397.585,2401.27,2393.12,2397.152
2024-07-25T02:00:00+01:00,2397.1505,2400.1435,2366.85,2377.685
2024-07-25T06:00:00+01:00,2377.69,2378.815,2365.925,2374.7215
2024-07-25T10:00:00+01:00,2374.7115,2382.645,2362.915,2371.2085
2024-07-25T14:00:00+01:00,2371.22,2376.4185,2357.585,2362.7065
2024-07-25T18:00:00+01:00,2362.7015,2365.57,2353.2055,2364.61
2024-07-25T22:00:00+01:00,2364.445,2365.6,2362.11,2362.7985
2024-07-26T02:00:00+01:00,2362.788,2379.455,2355.9215,2369.8565
2024-07-26T06:00:00+01:00,2369.85,2375.365,2365.2965,2373.03
2024-07-26T10:00:00+01:00,2373.0135,2379.085,2370.3435,2377.595
2024-07-26T14:00:00+01:00,2377.605,2390.85,2374.075,2389.23
2024-07-26T18:00:00+01:00,2389.245,2389.2565,2381.19,2387.45
2024-07-28T22:00:00+01:00,2388.295,2403.28,2387.46,2400.0565
2024-07-29T02:00:00+01:00,2400.05,2402.5835,2388.757,2394.9135
2024-07-29T06:00:00+01:00,2394.9385,2396.29,2387.005,2390.43
2024-07-29T10:00:00+01:00,2390.455,2395.4585,2385.53,2393.9035
2024-07-29T14:00:00+01:00,2393.915,2396.785,2369.6965,2378.1835
2024-07-29T18:00:00+01:00,2378.22,2385.48,2377.0015,2384.0395
2024-07-29T22:00:00+01:00,2383.95,2385.03,2380.3245,2381.8915
2024-07-30T02:00:00+01:00,2381.9165,2388.41,2376.5515,2386.4535
2024-07-30T06:00:00+01:00,2386.455,2392.105,2386.135,2389.5
2024-07-30T10:00:00+01:00,2389.505,2392.475,2385.79,2386.585
2024-07-30T14:00:00+01:00,2386.6255,2400.3285,2383.4585,2399.9335
2024-07-30T18:00:00+01:00,2399.9735,2412.885,2399.9285,2410.83
2024-07-30T22:00:00+01:00,2410.5915,2411.295,2407.975,2409.0715
2024-07-31T02:00:00+01:00,2409.05,2421.3715,2403.965,2421.19
2024-07-31T06:00:00+01:00,2421.1965,2425.55,2415.4935,2421.52
2024-07-31T10:00:00+01:00,2421.485,2423.3165,2417.405,2420.505
2024-07-31T14:00:00+01:00,2420.52,2429.1165,2417.875,2427.0235
2024-07-31T18:00:00+01:00,2427.055,2450.975,2421.5545,2447.555
2024-07-31T22:00:00+01:00,2449.2,2449.845,2444.3365,2447.6465
2024-08-01T02:00:00+01:00,2447.61,2458.48,2437.3865,2444.3165
2024-08-01T06:00:00+01:00,2444.285,2448.9415,2433.2865,2433.9165
2024-08-01T10:00:00+01:00,2433.9045,2454.92,2430.2735,2450.7835
2024-08-01T14:00:00+01:00,2450.79,2462.34,2442.1915,2444.54
2024-08-01T18:00:00+01:00,2444.585,2447.635,2434.995,2446.495
2024-08-01T22:00:00+01:00,2446.435,2452.41,2443.79,2449.1115
2024-08-02T02:00:00+01:00,2449.105,2460.36,2435.045,2457.91
2024-08-02T06:00:00+01:00,2457.925,2468.52,2457.72,2462.0965
2024-08-02T10:00:00+01:00,2462.0865,2477.7445,2456,2472.9415
2024-08-02T14:00:00+01:00,2472.945,2474.45,2410.9,2430.5405
2024-08-02T18:00:00+01:00,2430.4915,2444.23,2423.0965,2443.85
2024-08-04T22:00:00+01:00,2444.555,2447.7685,2414.1315,2422.23
2024-08-05T02:00:00+01:00,2422.0715,2458.9035,2420.282,2452.75
2024-08-05T06:00:00+01:00,2452.755,2452.755,2422.255,2425.0755
2024-08-05T10:00:00+01:00,2425.1485,2428.8185,2364.2995,2374.575
2024-08-05T14:00:00+01:00,2374.605,2412.248,2374.605,2403.1565
2024-08-05T18:00:00+01:00,2403.135,2413.155,2400.2765,2410.45
2024-08-05T22:00:00+01:00,2410.17,2418.4135,2404.515,2415.94
2024-08-06T02:00:00+01:00,2415.9495,2417.785,2405.965,2408.1
2024-08-06T06:00:00+01:00,2408.11,2415.4635,2394.91,2411.1615
2024-08-06T10:00:00+01:00,2411.1815,2416.375,2391.8335,2393.0865
2024-08-06T14:00:00+01:00,2393.0765,2403.205,2381.695,2390.0365
2024-08-06T18:00:00+01:00,2389.9895,2396.0685,2386.5035,2390.825
2024-08-06T22:00:00+01:00,2390.9,2392,2381.205,2386.6035
2024-08-07T02:00:00+01:00,2386.6185,2394.765,2379.0715,2392.9115
2024-08-07T06:00:00+01:00,2392.8665,2397.67,2388.185,2393.3585
2024-08-07T10:00:00+01:00,2393.395,2407.1115,2392.5485,2403.875
2024-08-07T14:00:00+01:00,2403.9755,2404.9,2392.055,2399.7185
2024-08-07T18:00:00+01:00,2399.7285,2399.765,2381.9,2382.97
2024-08-07T22:00:00+01:00,2383.76,2388.935,2381.0485,2385.6435
2024-08-08T02:00:00+01:00,2385.645,2396.48,2385.1235,2394.4165
2024-08-08T06:00:00+01:00,2394.4215,2400.805,2392.55,2394.61
2024-08-08T10:00:00+01:00,2394.625,2415.59,2393.92,2408.1585
2024-08-08T14:00:00+01:00,2408.15,2424.415,2402.405,2418.1965
2024-08-08T18:00:00+01:00,2418.195,2427.7915,2415.86,2427.55
2024-08-08T22:00:00+01:00,2427.4,2428.1,2422.6315,2424.01
2024-08-09T02:00:00+01:00,2424.08,2429.0285,2419.39,2423.98
2024-08-09T06:00:00+01:00,2423.975,2427.105,2416.97,2424.5335
2024-08-09T10:00:00+01:00,2424.5555,2432.71,2422.73,2429.755
2024-08-09T14:00:00+01:00,2429.6415,2436.0065,2421.1605,2434.4585
2024-08-09T18:00:00+01:00,2434.455,2437.0995,2427.31,2431.145
2024-08-11T22:00:00+01:00,2431.2,2433.5435,2426.825,2428.5815
2024-08-12T02:00:00+01:00,2428.4915,2433.6015,2423.91,2433.4685
2024-08-12T06:00:00+01:00,2433.47,2443.905,2429.195,2442.065
2024-08-12T10:00:00+01:00,2442.07,2445.505,2439.7235,2444.4985
2024-08-12T14:00:00+01:00,2444.515,2466.165,2442.175,2463.1915
2024-08-12T18:00:00+01:00,2463.1965,2473.24,2461.8065,2472.695
2024-08-12T22:00:00+01:00,2470.94,2477.035,2468.565,2472.2085
2024-08-13T02:00:00+01:00,2472.2035,2473.74,2460.26,2462.0635
2024-08-13T06:00:00+01:00,2462.1,2466.25,2458.56,2460.6865
2024-08-13T10:00:00+01:00,2460.6765,2472.5445,2458.9585,2467.69
2024-08-13T14:00:00+01:00,2467.6985,2475.6855,2459.0215,2469.5285
2024-08-13T18:00:00+01:00,2469.5335,2470.335,2462.28,2465.15
2024-08-13T22:00:00+01:00,2467.1,2467.4565,2463.0015,2465.7165
2024-08-14T02:00:00+01:00,2465.7115,2472.645,2455.4435,2461.8835
2024-08-14T06:00:00+01:00,2461.8885,2478.8335,2459.3165,2474.4915
2024-08-14T10:00:00+01:00,2474.46,2480.3575,2462.5035,2468.8615
2024-08-14T14:00:00+01:00,2468.8565,2469.587,2438.1625,2444.2835
2024-08-14T18:00:00+01:00,2444.2685,2448.47,2440.4185,2447.845
2024-08-14T22:00:00+01:00,2447.695,2454.3755,2446.585,2450.225
2024-08-15T02:00:00+01:00,2450.1735,2455.5015,2448.27,2453.46
2024-08-15T06:00:00+01:00,2453.455,2458.865,2450.405,2455.5365
2024-08-15T10:00:00+01:00,2455.5515,2470.15,2441.07,2441.21
2024-08-15T14:00:00+01:00,2441.265,2459.97,2432.235,2455.7815
2024-08-15T18:00:00+01:00,2455.815,2461.6965,2453.5115,2456.9155
2024-08-15T22:00:00+01:00,2457.015,2459.8315,2454.475,2458.4315
2024-08-16T02:00:00+01:00,2458.5385,2460.1215,2450.78,2452.815
2024-08-16T06:00:00+01:00,2452.8105,2464.6,2451.22,2462.4535
2024-08-16T10:00:00+01:00,2462.4635,2492.4435,2461.2835,2491.72
2024-08-16T14:00:00+01:00,2491.7435,2500.2485,2477.5335,2495.9915
2024-08-16T18:00:00+01:00,2495.9815,2509.7915,2493.185,2507.6345
2024-08-18T22:00:00+01:00,2509.2,2510.35,2500.4165,2502.1015
2024-08-19T02:00:00+01:00,2502.165,2506.138,2495.0585,2500.7235
2024-08-19T06:00:00+01:00,2500.7435,2507.27,2499.2,2503.1485
2024-08-19T10:00:00+01:00,2503.195,2504.04,2486.59,2491.2485
2024-08-19T14:00:00+01:00,2491.29,2507.53,2485.7,2505.5665
2024-08-19T18:00:00+01:00,2505.5465,2505.9065,2500.775,2504.19
2024-08-19T22:00:00+01:00,2503.955,2506.91,2502.1415,2505.0385
2024-08-20T02:00:00+01:00,2505.0635,2508.285,2498.7565,2500.8845
2024-08-20T06:00:00+01:00,2500.8995,2523.145,2497.415,2519.89
2024-08-20T10:00:00+01:00,2519.9,2529.285,2519.9,2526.8
2024-08-20T14:00:00+01:00,2526.785,2531.7615,2500.8935,2509.17
2024-08-20T18:00:00+01:00,2509.177,2516.985,2506.822,2513.97
2024-08-20T22:00:00+01:00,2513.835,2516.155,2512.5415,2513.5685
2024-08-21T02:00:00+01:00,2513.6535,2520.01,2510.915,2516.2
2024-08-21T06:00:00+01:00,2516.205,2519.6415,2507.005,2507.3465
2024-08-21T10:00:00+01:00,2507.345,2513.775,2504.53,2510.595
2024-08-21T14:00:00+01:00,2510.7005,2512.95,2493.94,2507.1485
2024-08-21T18:00:00+01:00,2507.1535,2519.19,2506.99,2512.38
2024-08-21T22:00:00+01:00,2512.405,2514.75,2511.2115,2513.795
2024-08-22T02:00:00+01:00,2513.7365,2514.1415,2499.3645,2501.9685
2024-08-22T06:00:00+01:00,2501.9585,2510.655,2500.76,2503.7385
2024-08-22T10:00:00+01:00,2503.745,2509.1965,2495.2835,2500.745
2024-08-22T14:00:00+01:00,2500.76,2501.595,2470.8335,2484.3615
2024-08-22T18:00:00+01:00,2484.33,2484.98,2478.64,2484.8
2024-08-22T22:00:00+01:00,2484.79,2492.35,2484.445,2490.04
2024-08-23T02:00:00+01:00,2490.095,2494.6,2486.755,2493.46
2024-08-23T06:00:00+01:00,2493.465,2500.0185,2490.655,2499.035
2024-08-23T10:00:00+01:00,2499.06,2502.535,2495.705,2501.3665
2024-08-23T14:00:00+01:00,2501.34,2518.415,2494.525,2510.3435
2024-08-23T18:00:00+01:00,2510.3485,2513.285,2508,2512.665
2024-08-25T22:00:00+01:00,2511.6,2517.0205,2510.72,2513.7835
2024-08-26T02:00:00+01:00,2513.73,2515.5295,2508.985,2509.6965
2024-08-26T06:00:00+01:00,2509.67,2525.8415,2508.8185,2524.325
2024-08-26T10:00:00+01:00,2524.39,2526.905,2520.985,2523.9165
2024-08-26T14:00:00+01:00,2523.9115,2526.505,2510.7065,2520.2935
2024-08-26T18:00:00+01:00,2520.3185,2523.4535,2515.6235,2518.175
2024-08-26T22:00:00+01:00,2518.2,2518.7605,2513.0255,2513.255
2024-08-27T02:00:00+01:00,2513.285,2514.2005,2505.8815,2507.37
2024-08-27T06:00:00+01:00,2507.35,2517.575,2503.6,2511.15
2024-08-27T10:00:00+01:00,2511.1355,2514.3995,2506.9885,2509.965
2024-08-27T14:00:00+01:00,2509.948,2520.4,2503.59,2514.48
2024-08-27T18:00:00+01:00,2514.4635,2526,2514.175,2524.59
2024-08-27T22:00:00+01:00,2524.9,2529.112,2523.945,2524.49
2024-08-28T02:00:00+01:00,2524.48,2524.495,2510.31,2511.59
2024-08-28T06:00:00+01:00,2511.57,2511.76,2503.49,2508.2385
2024-08-28T10:00:00+01:00,2508.2485,2511.455,2493.6835,2500.6685
2024-08-28T14:00:00+01:00,2500.68,2510.67,2496.4735,2501.9865
2024-08-28T18:00:00+01:00,2501.97,2509.665,2500.63,2504.535
2024-08-28T22:00:00+01:00,2504.595,2515.3785,2504.393,2512.44
2024-08-29T02:00:00+01:00,2512.41,2518.26,2511.7,2515.9365
2024-08-29T06:00:00+01:00,2515.93,2521.26,2513.855,2517.1795
2024-08-29T10:00:00+01:00,2517.2095,2524.505,2503.71,2509.2235
2024-08-29T14:00:00+01:00,2509.385,2526.77,2508.2685,2525.3165
2024-08-29T18:00:00+01:00,2525.325,2528.7465,2520.7515,2521.305
2024-08-29T22:00:00+01:00,2521.32,2521.965,2516.7565,2517.815
2024-08-30T02:00:00+01:00,2517.84,2520.1715,2512.24,2513.45
2024-08-30T06:00:00+01:00,2513.445,2526.79,2512.6,2523.0065
2024-08-30T10:00:00+01:00,2522.995,2526.935,2515.075,2519.72
2024-08-30T14:00:00+01:00,2519.82,2519.92,2496.665,2497.8015
2024-08-30T18:00:00+01:00,2497.79,2504.7915,2494.242,2503.39
2024-09-01T22:00:00+01:00,2502.73,2505.03,2501.2515,2501.565
2024-09-02T02:00:00+01:00,2501.5715,2504.725,2490.125,2496.98
2024-09-02T06:00:00+01:00,2497,2507.305,2495.35,2506.3765
2024-09-02T10:00:00+01:00,2506.3315,2506.665,2497.185,2501.3515
2024-09-02T14:00:00+01:00,2501.3565,2502.55,2497.765,2500.61
2024-09-02T18:00:00+01:00,2500.58,2501.43,2498.8715,2499.4915
2024-09-02T22:00:00+01:00,2499.8,2500.4785,2495.0465,2495.8985
2024-09-03T02:00:00+01:00,2495.8585,2497.05,2489.743,2496
2024-09-03T06:00:00+01:00,2495.99,2506.35,2492.8535,2504.015
2024-09-03T10:00:00+01:00,2504.0335,2505.07,2484.7835,2493.3235
2024-09-03T14:00:00+01:00,2493.2955,2497.715,2473.4435,2486.18
2024-09-03T18:00:00+01:00,2485.965,2494.47,2485.5815,2493.08
2024-09-03T22:00:00+01:00,2493,2495.0885,2492.135,2492.4165
2024-09-04T02:00:00+01:00,2492.38,2497,2491.375,2495.9885
2024-09-04T06:00:00+01:00,2496.0005,2496.6955,2472.6215,2473.365
2024-09-04T10:00:00+01:00,2473.38,2491.28,2471.8715,2486.625
2024-09-04T14:00:00+01:00,2486.6135,2500.3555,2482.125,2496.793
2024-09-04T18:00:00+01:00,2496.8085,2497.3905,2491.6035,2495.78
2024-09-04T22:00:00+01:00,2495.545,2497,2494.56,2495.2585
2024-09-05T02:00:00+01:00,2495.28,2499.3895,2493.8735,2494.3285
2024-09-05T06:00:00+01:00,2494.34,2516.7085,2494.0635,2514.7485
2024-09-05T10:00:00+01:00,2514.7985,2523.5615,2513.4145,2517.8005
2024-09-05T14:00:00+01:00,2517.8105,2520.6565,2503.965,2510.47
2024-09-05T18:00:00+01:00,2510.465,2517.0315,2509.355,2516.76
2024-09-05T22:00:00+01:00,2516.83,2518.0165,2515.655,2515.9965
2024-09-06T02:00:00+01:00,2515.995,2519.5715,2513.105,2518.5045
2024-09-06T06:00:00+01:00,2518.5,2521.8965,2515.5665,2517.92
2024-09-06T10:00:00+01:00,2517.935,2529.32,2507.4535,2522.3065
2024-09-06T14:00:00+01:00,2522.37,2523.06,2485.2005,2489.13
2024-09-06T18:00:00+01:00,2489.075,2497.95,2485.9765,2497.42
2024-09-08T22:00:00+01:00,2498,2498.3835,2495.62,2496.0515
2024-09-09T02:00:00+01:00,2496.0245,2500.5355,2494.8385,2498.28
2024-09-09T06:00:00+01:00,2498.23,2498.35,2485.63,2492.2735
2024-09-09T10:00:00+01:00,2492.285,2504.19,2492.165,2500.9915
2024-09-09T14:00:00+01:00,2500.98,2505.32,2493.31,2504.44
2024-09-09T18:00:00+01:00,2504.425,2507.2715,2499.5185,2506.41
2024-09-09T22:00:00+01:00,2506.7,2507.74,2504.86,2505.465
2024-09-10T02:00:00+01:00,2505.545,2506.895,2501.0835,2501.8065
2024-09-10T06:00:00+01:00,2501.8,2507.785,2500.2045,2502.3635
2024-09-10T10:00:00+01:00,2502.3755,2514.105,2500.22,2513.8985
2024-09-10T14:00:00+01:00,2513.935,2518.4995,2501.0495,2514.5015
2024-09-10T18:00:00+01:00,2514.48,2517.56,2512.18,2516.635
2024-09-10T22:00:00+01:00,2516.665,2519.22,2516.257,2516.6615
2024-09-11T02:00:00+01:00,2516.64,2522.625,2515.05,2519.6515
2024-09-11T06:00:00+01:00,2519.6415,2529.085,2519.39,2524.36
2024-09-11T10:00:00+01:00,2524.37,2524.765,2502.2515,2508.2395
2024-09-11T14:00:00+01:00,2508.1945,2520.1445,2501.0235,2515.3165
2024-09-11T18:00:00+01:00,2515.2745,2516.945,2509.875,2511.81
2024-09-11T22:00:00+01:00,2511.8,2513.9445,2511.14,2512.3
2024-09-12T02:00:00+01:00,2512.29,2517.8635,2511.085,2517.1
2024-09-12T06:00:00+01:00,2517.0965,2522.3535,2514.565,2517.4435
2024-09-12T10:00:00+01:00,2517.45,2535.3815,2513.085,2528.6
2024-09-12T14:00:00+01:00,2528.6085,2555.25,2522.1685,2550.755
2024-09-12T18:00:00+01:00,2550.763,2560.1465,2550.2255,2558.805
2024-09-12T22:00:00+01:00,2558.6,2562.7905,2556.7515,2561.6535
2024-09-13T02:00:00+01:00,2561.685,2570.149,2560.0235,2568.97
2024-09-13T06:00:00+01:00,2568.9505,2571.1065,2563.2185,2570.0585
2024-09-13T10:00:00+01:00,2569.9415,2575.9685,2563.7695,2575.888
2024-09-13T14:00:00+01:00,2575.8835,2585.23,2573.192,2584.38
2024-09-13T18:00:00+01:00,2584.385,2586.145,2577.8,2578.015
2024-09-15T22:00:00+01:00,2579.02,2582.44,2577.618,2581.4585
2024-09-16T02:00:00+01:00,2581.4605,2589.0585,2579.9785,2585.895
2024-09-16T06:00:00+01:00,2585.8285,2589.7,2579.56,2586.925
2024-09-16T10:00:00+01:00,2586.93,2588.3845,2575.335,2583.48
2024-09-16T14:00:00+01:00,2583.455,2589.41,2576.16,2583.7285
2024-09-16T18:00:00+01:00,2583.7235,2584.205,2579.7185,2582.61
2024-09-16T22:00:00+01:00,2582.71,2584.4835,2580.3165,2580.3215
2024-09-17T02:00:00+01:00,2580.31,2586.36,2574.9785,2576.9315
2024-09-17T06:00:00+01:00,2576.9395,2587.03,2574.615,2580.195
2024-09-17T10:00:00+01:00,2580.15,2581.78,2568.3845,2577.8335
2024-09-17T14:00:00+01:00,2577.8185,2582.2955,2561.4915,2563.155
2024-09-17T18:00:00+01:00,2563.165,2571.7065,2560.9845,2569.51
2024-09-17T22:00:00+01:00,2569.475,2574.905,2569.2965,2573.0895
2024-09-18T02:00:00+01:00,2573.0845,2576.5445,2568.075,2568.73
2024-09-18T06:00:00+01:00,2568.69,2572.05,2565.86,2569.8215
2024-09-18T10:00:00+01:00,2569.8095,2580.755,2568.025,2576.3135
2024-09-18T14:00:00+01:00,2576.3035,2578.65,2568.085,2574.965
2024-09-18T18:00:00+01:00,2574.97,2600.2555,2546.8805,2559.135
2024-09-18T22:00:00+01:00,2559.165,2561.6,2555.8255,2558.88
2024-09-19T02:00:00+01:00,2558.855,2566.7615,2551.2235,2564.1485
2024-09-19T06:00:00+01:00,2564.1535,2586.66,2564.085,2585.03
2024-09-19T10:00:00+01:00,2585.025,2594.915,2573.2495,2576.7695
2024-09-19T14:00:00+01:00,2576.7595,2592.65,2569.82,2591.79
2024-09-19T18:00:00+01:00,2591.8135,2592.75,2586.005,2586.865
2024-09-19T22:00:00+01:00,2586.845,2588.59,2586.18,2588.17
2024-09-20T02:00:00+01:00,2588.21,2594.425,2584.8545,2593.8135
2024-09-20T06:00:00+01:00,2593.9,2612.78,2592.515,2609.825
2024-09-20T10:00:00+01:00,2609.84,2619.365,2602.5985,2615.62
2024-09-20T14:00:00+01:00,2615.6215,2625.798,2602.655,2624.9215
2024-09-20T18:00:00+01:00,2624.9095,2625.4365,2617.9435,2622.1
2024-09-22T22:00:00+01:00,2621.2,2622.95,2618.2715,2618.4
2024-09-23T02:00:00+01:00,2618.36,2631.2055,2616.1655,2629.51
2024-09-23T06:00:00+01:00,2629.42,2631.415,2613.9,2616.9235
2024-09-23T10:00:00+01:00,2616.925,2628.202,2615.477,2627.1165
2024-09-23T14:00:00+01:00,2627.1215,2634.905,2625.6745,2628.22
2024-09-23T18:00:00+01:00,2628.26,2629.195,2625.7485,2628.765
2024-09-23T22:00:00+01:00,2628.8,2628.93,2623.8935,2625.2385
2024-09-24T02:00:00+01:00,2625.25,2638.3435,2624.9945,2638.14
2024-09-24T06:00:00+01:00,2638.16,2640.17,2622.695,2629.0685
2024-09-24T10:00:00+01:00,2629.085,2636.2285,2623.4605,2633.225
2024-09-24T14:00:00+01:00,2633.23,2655.2485,2631.06,2653.6035
2024-09-24T18:00:00+01:00,2653.61,2664.3895,2649.9385,2657.335
2024-09-24T22:00:00+01:00,2657.705,2661.045,2656.695,2660.8735
2024-09-25T02:00:00+01:00,2660.895,2670.575,2655.565,2658.9815
2024-09-25T06:00:00+01:00,2658.965,2659.9285,2651.435,2655.93
2024-09-25T10:00:00+01:00,2655.955,2660.8835,2652.79,2659.5235
2024-09-25T14:00:00+01:00,2659.545,2667.5335,2649.8435,2653.8185
2024-09-25T18:00:00+01:00,2653.7785,2663.0535,2653.24,2657.1745
2024-09-25T22:00:00+01:00,2656.9845,2660.445,2655.49,2659.1115
2024-09-26T02:00:00+01:00,2659.13,2662.9695,2657.1,2660.7145
2024-09-26T06:00:00+01:00,2660.7,2670.5515,2658.04,2669.1285
2024-09-26T10:00:00+01:00,2669.1385,2685.595,2667.025,2677.345
2024-09-26T14:00:00+01:00,2677.355,2679.77,2654.8685,2668.3015
2024-09-26T18:00:00+01:00,2668.295,2677.9015,2667.72,2672.405
2024-09-26T22:00:00+01:00,2672.12,2673.27,2669.3685,2669.8465
2024-09-27T02:00:00+01:00,2669.79,2674.0505,2666.27,2670.5635
2024-09-27T06:00:00+01:00,2670.5835,2671.41,2661.0285,2662.6815
2024-09-27T10:00:00+01:00,2662.677,2674.3145,2658.4115,2670.142
2024-09-27T14:00:00+01:00,2670.137,2671.14,2644.8485,2651.8815
2024-09-27T18:00:00+01:00,2651.87,2660.1885,2643.2515,2658.425
2024-09-29T22:00:00+01:00,2658.47,2666.0365,2657.32,2661.665
2024-09-30T02:00:00+01:00,2661.65,2664.4,2647.4505,2655.9535
2024-09-30T06:00:00+01:00,2655.9735,2660.685,2650.665,2653.5785
2024-09-30T10:00:00+01:00,2653.6485,2653.77,2634.52,2639.0235
2024-09-30T14:00:00+01:00,2639.1005,2642.18,2628.85,2639.143
2024-09-30T18:00:00+01:00,2639.1435,2641.912,2624.78,2634.6795
2024-09-30T22:00:00+01:00,2634.5,2637.22,2632.4695,2636.465
2024-10-01T02:00:00+01:00,2636.4665,2640.475,2634.6205,2639.6595
2024-10-01T06:00:00+01:00,2639.6565,2647.4915,2639.6315,2646.6035
2024-10-01T10:00:00+01:00,2646.625,2656.74,2645.4565,2651.62
2024-10-01T14:00:00+01:00,2651.61,2673.162,2648.06,2666.5285
2024-10-01T18:00:00+01:00,2666.5405,2671.7845,2657.645,2663.425
2024-10-01T22:00:00+01:00,2663.28,2663.5035,2657.035,2657.52
2024-10-02T02:00:00+01:00,2657.5705,2662.0915,2652.7265,2654.1515
2024-10-02T06:00:00+01:00,2654.17,2656.277,2644.59,2652.5035
2024-10-02T10:00:00+01:00,2652.5405,2655.62,2643.8215,2649.6765
2024-10-02T14:00:00+01:00,2649.69,2663.418,2641.1645,2649.7815
2024-10-02T18:00:00+01:00,2649.7295,2659.953,2647.2285,2658.8
2024-10-02T22:00:00+01:00,2658.8,2663.005,2657.515,2657.87
2024-10-03T02:00:00+01:00,2657.875,2658.9635,2653.3955,2655.08
2024-10-03T06:00:00+01:00,2655.065,2657.5435,2641.88,2645.185
2024-10-03T10:00:00+01:00,2645.15,2654.74,2641.055,2642.415
2024-10-03T14:00:00+01:00,2642.41,2661.2365,2637.4445,2660.0935
2024-10-03T18:00:00+01:00,2660.1235,2662.1915,2655.215,2656.13
2024-10-03T22:00:00+01:00,2655.8115,2657.605,2654.3865,2657.3265
2024-10-04T02:00:00+01:00,2657.3315,2665.9155,2656.87,2664.115
2024-10-04T06:00:00+01:00,2664.1145,2667.885,2658.81,2659.0845
2024-10-04T10:00:00+01:00,2659.1045,2662.645,2632.187,2638.95
2024-10-04T14:00:00+01:00,2638.9685,2670.235,2637.5795,2645.3715
2024-10-04T18:00:00+01:00,2645.41,2654.095,2642.815,2653.78
2024-10-06T22:00:00+01:00,2651.3385,2652.8455,2647.8735,2649.3895
2024-10-07T02:00:00+01:00,2649.46,2651.9815,2643.9315,2646.825
2024-10-07T06:00:00+01:00,2646.7715,2656.4065,2639.8135,2652.2985
2024-10-07T10:00:00+01:00,2652.39,2659.675,2637.8265,2640.0785
2024-10-07T14:00:00+01:00,2640.12,2653.875,2639.1985,2646.9135
2024-10-07T18:00:00+01:00,2646.7285,2648.835,2639.715,2642.87
2024-10-07T22:00:00+01:00,2642.615,2649.24,2641.8855,2643.69
2024-10-08T02:00:00+01:00,2643.61,2648.3155,2633.82,2643.14
2024-10-08T06:00:00+01:00,2643.12,2646.505,2628.595,2637.99
2024-10-08T10:00:00+01:00,2638.015,2652.9935,2635.8165,2645.955
2024-10-08T14:00:00+01:00,2645.945,2647.6835,2604.78,2609.0805
2024-10-08T18:00:00+01:00,2609.1005,2623.66,2605.51,2621.78
2024-10-08T22:00:00+01:00,2621.4465,2623.865,2620.6445,2621.2765
2024-10-09T02:00:00+01:00,2621.255,2624.295,2614.965,2616.0735
2024-10-09T06:00:00+01:00,2616.085,2624.385,2609.1845,2616.365
2024-10-09T10:00:00+01:00,2616.36,2622.4765,2614.735,2618.9385
2024-10-09T14:00:00+01:00,2618.95,2620.7765,2605.37,2608.785
2024-10-09T18:00:00+01:00,2608.7785,2611.1115,2605.205,2607.8
2024-10-09T22:00:00+01:00,2607.625,2610.24,2605.99,2609.3865
2024-10-10T02:00:00+01:00,2609.3715,2616.9805,2606.86,2613.9555
2024-10-10T06:00:00+01:00,2613.9855,2617.39,2610.305,2615.5115
2024-10-10T10:00:00+01:00,2615.5635,2627.405,2602.4775,2625.095
2024-10-10T14:00:00+01:00,2625.108,2629.783,2615.815,2619.3165
2024-10-10T18:00:00+01:00,2619.29,2631.61,2616.575,2629.975
2024-10-10T22:00:00+01:00,2629.7,2636.0735,2628.2185,2633.9155
2024-10-11T02:00:00+01:00,2633.9255,2646.147,2632.975,2645.705
2024-10-11T06:00:00+01:00,2645.595,2647.275,2638.07,2639.2965
2024-10-11T10:00:00+01:00,2639.2865,2650.2215,2636.2485,2643.1185
2024-10-11T14:00:00+01:00,2643.1285,2661.4565,2642.715,2660.5015
2024-10-11T18:00:00+01:00,2660.5065,2661.2865,2654.775,2657.365
2024-10-13T22:00:00+01:00,2657.1,2657.3385,2645.18,2646.7795
2024-10-14T02:00:00+01:00,2646.7695,2660.4705,2643.255,2659.2935
2024-10-14T06:00:00+01:00,2659.265,2666.9105,2657.165,2659.5
2024-10-14T10:00:00+01:00,2659.505,2663.09,2649.295,2651.4135
2024-10-14T14:00:00+01:00,2651.43,2661.265,2644.02,2648.615
2024-10-14T18:00:00+01:00,2648.61,2653.41,2646.2355,2648.99
2024-10-14T22:00:00+01:00,2647.8035,2651.03,2647.26,2648.2805
2024-10-15T02:00:00+01:00,2648.285,2652.8215,2643.0205,2644.4365
2024-10-15T06:00:00+01:00,2644.447,2655.7365,2638.145,2654.02
2024-10-15T10:00:00+01:00,2654.015,2657.5355,2645.67,2648.32
2024-10-15T14:00:00+01:00,2648.315,2668.98,2646.09,2661.9465
2024-10-15T18:00:00+01:00,2661.925,2666.5315,2659.0385,2662.625
2024-10-15T22:00:00+01:00,2662.655,2662.9535,2658.7615,2660.3
2024-10-16T02:00:00+01:00,2660.295,2670.145,2660.28,2666.79
2024-10-16T06:00:00+01:00,2666.74,2680.18,2666.21,2679.57
2024-10-16T10:00:00+01:00,2679.59,2682.8315,2673.1175,2681.8185
2024-10-16T14:00:00+01:00,2681.765,2685.4265,2666.84,2674.15
2024-10-16T18:00:00+01:00,2674.2335,2676.7195,2672.8015,2673.895
2024-10-16T22:00:00+01:00,2673.99,2678.0835,2673.29,2677.9985
2024-10-17T02:00:00+01:00,2678.0005,2684.97,2674.6185,2679.17
2024-10-17T06:00:00+01:00,2679.19,2685.81,2678.185,2681.9095
2024-10-17T10:00:00+01:00,2681.9115,2688.8215,2673.183,2680.7305
2024-10-17T14:00:00+01:00,2680.7435,2696.79,2677.895,2692.2785
2024-10-17T18:00:00+01:00,2692.31,2694.2605,2688.985,2692.96
2024-10-17T22:00:00+01:00,2692.775,2695.84,2692.1405,2693.125
2024-10-18T02:00:00+01:00,2693.14,2712.0285,2692.92,2710.28
2024-10-18T06:00:00+01:00,2710.38,2714.1015,2701.775,2706.3535
2024-10-18T10:00:00+01:00,2706.3435,2717.14,2706.2985,2709.6365
2024-10-18T14:00:00+01:00,2709.6045,2720.1785,2704.9885,2717.685
2024-10-18T18:00:00+01:00,2717.6915,2722.61,2713.6265,2721.6
2024-10-20T22:00:00+01:00,2720.9,2725.935,2719.7465,2721.7065
2024-10-21T02:00:00+01:00,2721.74,2732.86,2721.1065,2730.443
2024-10-21T06:00:00+01:00,2730.4705,2733.145,2723.645,2731.4685
2024-10-21T10:00:00+01:00,2731.485,2739.8505,2727.8165,2738.67
2024-10-21T14:00:00+01:00,2738.68,2740.6265,2716.98,2723.5635
2024-10-21T18:00:00+01:00,2723.6135,2725.67,2714.3285,2719.6
2024-10-21T22:00:00+01:00,2720.298,2725.205,2719.085,2724.8205
2024-10-22T02:00:00+01:00,2724.8635,2736.0315,2724.0915,2734.83
2024-10-22T06:00:00+01:00,2734.7985,2738.428,2729.085,2734.9515
2024-10-22T10:00:00+01:00,2734.9465,2739.4115,2729.6165,2736.255
2024-10-22T14:00:00+01:00,2736.285,2745.625,2733.785,2745.3835
2024-10-22T18:00:00+01:00,2745.4305,2749.045,2743.62,2748.905
2024-10-22T22:00:00+01:00,2748.455,2748.945,2744.86,2745.35
2024-10-23T02:00:00+01:00,2745.355,2750.715,2737.975,2750.05
2024-10-23T06:00:00+01:00,2750,2758.527,2748.15,2757.0335
2024-10-23T10:00:00+01:00,2757.0955,2757.685,2740.86,2743.425
2024-10-23T14:00:00+01:00,2743.43,2744.21,2708.8035,2719.4765
2024-10-23T18:00:00+01:00,2719.445,2720.6865,2712.1275,2715.3395
2024-10-23T22:00:00+01:00,2715.73,2721.97,2715.2045,2721.33
2024-10-24T02:00:00+01:00,2721.34,2727.0865,2720.3185,2726.6235
2024-10-24T06:00:00+01:00,2726.5935,2737.9,2725.945,2736.865
2024-10-24T10:00:00+01:00,2736.85,2741.655,2734.715,2739.09
2024-10-24T14:00:00+01:00,2739.1215,2743.3635,2722.5635,2733.705
2024-10-24T18:00:00+01:00,2733.6965,2737.8265,2733.0135,2736.25
2024-10-24T22:00:00+01:00,2736.065,2736.3685,2731.335,2732.555
2024-10-25T02:00:00+01:00,2732.525,2735.2065,2724.015,2726.0005
2024-10-25T06:00:00+01:00,2726.0105,2732.64,2718.92,2719.44
2024-10-25T10:00:00+01:00,2719.45,2732.5465,2717.085,2731.57
2024-10-25T14:00:00+01:00,2731.595,2742.1265,2725.3,2739.2585
2024-10-25T18:00:00+01:00,2739.295,2747.9685,2738.8585,2747.42
2024-10-27T21:00:00+00:00,2736.5,2740.315,2730.36,2732.515
2024-10-28T01:00:00+00:00,2732.495,2735.655,2724.755,2733.025
2024-10-28T05:00:00+00:00,2733.09,2744.64,2731.2705,2732.04
2024-10-28T09:00:00+00:00,2732.1,2734.935,2727.91,2734.37
2024-10-28T13:00:00+00:00,2734.36,2745.9715,2732.8835,2742.75
2024-10-28T17:00:00+00:00,2742.74,2745.045,2740.21,2742.435
2024-10-28T21:00:00+00:00,2742.45,2746.9335,2739.9,2745.8465
2024-10-29T01:00:00+00:00,2745.8215,2757.76,2745.6565,2754.855
2024-10-29T05:00:00+00:00,2754.9235,2756.9065,2746.425,2754.7435
2024-10-29T09:00:00+00:00,2754.745,2756.645,2746.495,2749.235
2024-10-29T13:00:00+00:00,2749.1295,2771.775,2748.265,2769.4635
2024-10-29T17:00:00+00:00,2769.475,2774.985,2766.35,2774.8
2024-10-29T21:00:00+00:00,2774.74,2779.2235,2773,2778.2
2024-10-30T01:00:00+00:00,2778.24,2782.21,2776.145,2780.2335
2024-10-30T05:00:00+00:00,2780.2355,2789.8615,2778.1385,2781.9685
2024-10-30T09:00:00+00:00,2781.985,2786.5615,2773.6935,2782.5935
2024-10-30T13:00:00+00:00,2782.6,2787.525,2770.9485,2785.4965
2024-10-30T17:00:00+00:00,2785.4915,2790.08,2784.03,2787.555
2024-10-30T21:00:00+00:00,2788.285,2788.285,2784.79,2787.6535
2024-10-31T01:00:00+00:00,2787.6635,2790.16,2782.17,2784.53
2024-10-31T05:00:00+00:00,2784.515,2786.695,2777.045,2779.195
2024-10-31T09:00:00+00:00,2779.175,2782.67,2772.105,2773.74
2024-10-31T13:00:00+00:00,2773.735,2774,2731.63,2740.7835
2024-10-31T17:00:00+00:00,2740.7685,2749.805,2738.3185,2744
2024-10-31T21:00:00+00:00,2744.24,2747.99,2743.75,2745.115
2024-11-01T01:00:00+00:00,2745.0555,2753.0335,2744.9255,2752.3235
2024-11-01T05:00:00+00:00,2752.3255,2757.7385,2747.2335,2753.5035
2024-11-01T09:00:00+00:00,2753.51,2759.895,2744.875,2753.8565
2024-11-01T13:00:00+00:00,2753.83,2762.2665,2739.725,2743.1905
2024-11-01T17:00:00+00:00,2743.1835,2743.9705,2733.26,2736.4
2024-11-03T22:00:00+00:00,2734.2,2741.4165,2730.451,2739.995
2024-11-04T02:00:00+00:00,2739.99,2743.805,2737.0485,2741.61
2024-11-04T06:00:00+00:00,2741.6245,2744.89,2731.94,2743.38
2024-11-04T10:00:00+00:00,2743.39,2746.8235,2736.5295,2746.7985
2024-11-04T14:00:00+00:00,2746.8,2748.235,2731.81,2738.4585
2024-11-04T18:00:00+00:00,2738.47,2739.7365,2735.66,2736.635
2024-11-04T22:00:00+00:00,2736.5,2738.13,2733.01,2734.26
2024-11-05T02:00:00+00:00,2734.255,2737.315,2724.82,2732.655
2024-11-05T06:00:00+00:00,2732.645,2745.1,2731.8,2739.98
2024-11-05T10:00:00+00:00,2739.97,2746.7365,2735.675,2744.765
2024-11-05T14:00:00+00:00,2744.76,2750.04,2733.0615,2742.065
2024-11-05T18:00:00+00:00,2742.095,2744.935,2739.475,2744.275
2024-11-05T22:00:00+00:00,2743.6,2749.72,2732.76,2747.0695
2024-11-06T02:00:00+00:00,2747.0845,2748.345,2730.6205,2739.13
2024-11-06T06:00:00+00:00,2739.145,2739.43,2701.49,2724.75
2024-11-06T10:00:00+00:00,2724.72,2727.305,2659.1905,2664.2835
2024-11-06T14:00:00+00:00,2664.26,2678.24,2652.49,2663.4285
2024-11-06T18:00:00+00:00,2663.3905,2669.61,2659.045,2659.225
2024-11-06T22:00:00+00:00,2659.29,2664.3935,2643.3995,2649.52
2024-11-07T02:00:00+00:00,2649.56,2661.3335,2649.56,2659.245
2024-11-07T06:00:00+00:00,2659.24,2667.685,2652.845,2661.695
2024-11-07T10:00:00+00:00,2661.71,2685.23,2659.9285,2684.64
2024-11-07T14:00:00+00:00,2684.645,2700.41,2682.4,2699.435
2024-11-07T18:00:00+00:00,2699.445,2710.438,2687.6085,2706.47
2024-11-07T22:00:00+00:00,2706.4,2710.43,2699.21,2699.88
2024-11-08T02:00:00+00:00,2699.89,2701.1,2693.33,2695.27
2024-11-08T06:00:00+00:00,2695.245,2695.8615,2680.385,2689.36
2024-11-08T10:00:00+00:00,2689.38,2701.185,2682.101,2697.615
2024-11-08T14:00:00+00:00,2697.64,2704.0935,2682.9935,2687.9865
2024-11-08T18:00:00+00:00,2687.9915,2688.8715,2682.9,2684.32
2024-11-10T22:00:00+00:00,2684.8,2686.2385,2671.92,2673.06
2024-11-11T02:00:00+00:00,2673.075,2675.3135,2666.54,2669.335
2024-11-11T06:00:00+00:00,2669.34,2674.165,2663.9185,2666.89
2024-11-11T10:00:00+00:00,2666.885,2675.42,2634.3535,2635.59
2024-11-11T14:00:00+00:00,2635.575,2635.745,2611.53,2612.64
2024-11-11T18:00:00+00:00,2612.635,2626.28,2610.7055,2619.83
2024-11-11T22:00:00+00:00,2619.2,2627.205,2619.1365,2624.24
2024-11-12T02:00:00+00:00,2624.22,2625.545,2605.5065,2606.93
2024-11-12T06:00:00+00:00,2606.94,2610.2405,2590.87,2593.305
2024-11-12T10:00:00+00:00,2593.29,2616.4255,2589.7065,2611.665
2024-11-12T14:00:00+00:00,2611.705,2617.03,2592.5,2597.5215
2024-11-12T18:00:00+00:00,2597.51,2602.115,2595.1515,2598.245
2024-11-12T22:00:00+00:00,2598.27,2611.215,2597.682,2608.1885
2024-11-13T02:00:00+00:00,2608.1935,2613.3215,2603.5765,2605.81
2024-11-13T06:00:00+00:00,2605.8145,2611.725,2601.0945,2608.66
2024-11-13T10:00:00+00:00,2608.665,2618.8965,2605.905,2612.4435
2024-11-13T14:00:00+00:00,2612.435,2616.4755,2577.725,2583.405
2024-11-13T18:00:00+00:00,2583.385,2585.57,2572.46,2572.7805
2024-11-13T22:00:00+00:00,2572.85,2581.4365,2561.63,2562.66
2024-11-14T02:00:00+00:00,2562.64,2565.3205,2555.3935,2558.6665
2024-11-14T06:00:00+00:00,2558.6615,2560.5805,2536.8695,2543.5565
2024-11-14T10:00:00+00:00,2543.5465,2560.295,2539.11,2557.225
2024-11-14T14:00:00+00:00,2557.165,2577.515,2554.3285,2573.055
2024-11-14T18:00:00+00:00,2573.0715,2577.0135,2563.9815,2564.675
2024-11-14T22:00:00+00:00,2564.705,2571.78,2563.133,2565.08
2024-11-15T02:00:00+00:00,2565.07,2571.205,2559.785,2560
2024-11-15T06:00:00+00:00,2559.96,2569.04,2554.5385,2564.035
2024-11-15T10:00:00+00:00,2564.01,2575.8105,2561.225,2565.32
2024-11-15T14:00:00+00:00,2565.3145,2576.1265,2560.2155,2563.045
2024-11-15T18:00:00+00:00,2563.08,2568.125,2559.567,2563.2
2024-11-17T22:00:00+00:00,2564.8815,2597.3855,2564.39,2587.11
2024-11-18T02:00:00+00:00,2587.09,2595.11,2585.135,2585.5885
2024-11-18T06:00:00+00:00,2585.59,2597.355,2580.4645,2595.8
2024-11-18T10:00:00+00:00,2595.78,2605.1385,2589.6015,2604.01
2024-11-18T14:00:00+00:00,2603.985,2615.145,2602.81,2610.445
2024-11-18T18:00:00+00:00,2610.4615,2612.67,2607.75,2611.965
2024-11-18T22:00:00+00:00,2612.2,2617.9455,2610.465,2615.77
2024-11-19T02:00:00+00:00,2615.73,2625.6565,2615.725,2622.635
2024-11-19T06:00:00+00:00,2622.65,2634.545,2617.805,2630.295
2024-11-19T10:00:00+00:00,2630.2465,2639.51,2628.8115,2635.34
2024-11-19T14:00:00+00:00,2635.3,2637,2621.08,2628.15
2024-11-19T18:00:00+00:00,2628.16,2634.685,2626.3585,2632.3955
2024-11-19T22:00:00+00:00,2632.4605,2641.57,2631.9885,2639.64
2024-11-20T02:00:00+00:00,2639.6315,2641.86,2634.955,2636.96
2024-11-20T06:00:00+00:00,2636.94,2637.16,2618.905,2621.965
2024-11-20T10:00:00+00:00,2621.925,2640.57,2620.9795,2636.1095
2024-11-20T14:00:00+00:00,2636.1145,2655.45,2634.1615,2651.915
2024-11-20T18:00:00+00:00,2651.945,2653.2095,2645.485,2650.59
2024-11-20T22:00:00+00:00,2650.41,2660.495,2648.9785,2653.465
2024-11-21T02:00:00+00:00,2653.46,2658.99,2650.4895,2657.005
2024-11-21T06:00:00+00:00,2657.01,2671.7585,2656.625,2668.8845
2024-11-21T10:00:00+00:00,2668.9,2673.585,2660.5135,2665.52
2024-11-21T14:00:00+00:00,2665.535,2672.8225,2661.3365,2671.8765
2024-11-21T18:00:00+00:00,2671.875,2673.4615,2667.85,2669.755
2024-11-21T22:00:00+00:00,2669.6,2679.53,2668.17,2677.915
2024-11-22T02:00:00+00:00,2677.91,2692.4355,2677.3945,2686.715
2024-11-22T06:00:00+00:00,2686.73,2707.515,2685.885,2703.445
2024-11-22T10:00:00+00:00,2703.455,2710.205,2689.39,2692.9745
2024-11-22T14:00:00+00:00,2692.9645,2707.3265,2684.51,2706.905
2024-11-22T18:00:00+00:00,2706.92,2716.5505,2705.165,2716.3305
2024-11-24T22:00:00+00:00,2714.1385,2721.425,2691.301,2701.305
2024-11-25T02:00:00+00:00,2701.295,2704.49,2658.298,2664.82
2024-11-25T06:00:00+00:00,2664.86,2675.2335,2661.725,2673.965
2024-11-25T10:00:00+00:00,2673.945,2688.805,2668.8315,2678.335
2024-11-25T14:00:00+00:00,2678.3735,2678.79,2624.488,2627.88
2024-11-25T18:00:00+00:00,2627.925,2628.815,2615.6635,2625.06
2024-11-25T22:00:00+00:00,2625,2632.2285,2605.3485,2628.24
2024-11-26T02:00:00+00:00,2628.255,2631.4915,2617.93,2624.465
2024-11-26T06:00:00+00:00,2624.435,2627.205,2610.8765,2626.05
2024-11-26T10:00:00+00:00,2626.0645,2641.9745,2624.085,2629.94
2024-11-26T14:00:00+00:00,2629.9755,2633.87,2616.8065,2624.9845
2024-11-26T18:00:00+00:00,2624.9745,2633.62,2619.6045,2633.075
2024-11-26T22:00:00+00:00,2632.8,2634.195,2627.145,2631.475
2024-11-27T02:00:00+00:00,2631.455,2645.8015,2631.21,2642.0945
2024-11-27T06:00:00+00:00,2642.0895,2653.9335,2639.0565,2648.465
2024-11-27T10:00:00+00:00,2648.4585,2658.3115,2643.203,2656.34
2024-11-27T14:00:00+00:00,2656.355,2656.925,2635.3535,2637.2945
2024-11-27T18:00:00+00:00,2637.2845,2640.87,2634.025,2636.2505
2024-11-27T22:00:00+00:00,2636.75,2638.5155,2620.9955,2628.92
2024-11-28T02:00:00+00:00,2628.94,2634.0735,2625.6755,2633.505
2024-11-28T06:00:00+00:00,2633.51,2648.0685,2631.945,2646.225
2024-11-28T10:00:00+00:00,2646.235,2649.72,2642.825,2647.09
2024-11-28T14:00:00+00:00,2647.115,2647.9885,2636.32,2641.03
2024-11-28T18:00:00+00:00,2641.0205,2641.5285,2637.435,2637.515
2024-11-28T22:00:00+00:00,2638.4885,2647.2235,2634.1235,2645.035
2024-11-29T02:00:00+00:00,2644.97,2664.3365,2644.865,2662.42
2024-11-29T06:00:00+00:00,2662.41,2666.4,2654.5615,2664.2455
2024-11-29T10:00:00+00:00,2664.2755,2665.98,2656.2965,2658.0505
2024-11-29T14:00:00+00:00,2658.0455,2662.835,2650.67,2660.6835
2024-11-29T18:00:00+00:00,2660.685,2660.755,2648.6955,2650.1835
2024-12-01T22:00:00+00:00,2653.9885,2654.0085,2622.9935,2635.99
2024-12-02T02:00:00+00:00,2635.97,2638.1165,2622.0525,2623.24
2024-12-02T06:00:00+00:00,2623.225,2636.92,2622.0975,2633.67
2024-12-02T10:00:00+00:00,2633.6545,2648.85,2633.335,2647.0445
2024-12-02T14:00:00+00:00,2647.0245,2651.8315,2637.425,2638.895
2024-12-02T18:00:00+00:00,2638.825,2644.285,2633.6105,2639.01
2024-12-02T22:00:00+00:00,2639.3,2645.365,2634.1585,2636.6405
2024-12-03T02:00:00+00:00,2636.6105,2643.0585,2634.535,2641.2515
2024-12-03T06:00:00+00:00,2641.2715,2649.962,2639.31,2644.01
2024-12-03T10:00:00+00:00,2644.06,2653.7665,2637.815,2652.9415
2024-12-03T14:00:00+00:00,2652.9265,2655.6665,2635.2785,2647.105
2024-12-03T18:00:00+00:00,2647.125,2649.205,2640.325,2643.8
2024-12-03T22:00:00+00:00,2643.565,2643.8685,2637.7635,2642.315
2024-12-04T02:00:00+00:00,2642.2915,2651.2385,2642.0265,2649.7515
2024-12-04T06:00:00+00:00,2649.755,2651.475,2636.71,2640.9755
2024-12-04T10:00:00+00:00,2640.9705,2649.245,2632.47,2648.555
2024-12-04T14:00:00+00:00,2648.525,2657.1665,2645.23,2651.455
2024-12-04T18:00:00+00:00,2651.46,2655.5145,2646.9405,2649.98
2024-12-04T22:00:00+00:00,2649.99,2651.6365,2646.3,2647.105
2024-12-05T02:00:00+00:00,2647.115,2655.6385,2644.7655,2653.215
2024-12-05T06:00:00+00:00,2653.18,2654.195,2641.9535,2644.8535
2024-12-05T10:00:00+00:00,2644.83,2654.5815,2644.37,2648.995
2024-12-05T14:00:00+00:00,2649.01,2650.3105,2623.7945,2628.085
2024-12-05T18:00:00+00:00,2628.095,2632.53,2623.59,2632.01
2024-12-05T22:00:00+00:00,2632.3,2633.93,2613.1155,2617.6445
2024-12-06T02:00:00+00:00,2617.64,2644.625,2616.995,2637.995
2024-12-06T06:00:00+00:00,2637.985,2645.7585,2636.07,2640.8335
2024-12-06T10:00:00+00:00,2640.8435,2643.625,2631.367,2635.8
2024-12-06T14:00:00+00:00,2635.82,2641.7,2624.0545,2635.015
2024-12-06T18:00:00+00:00,2634.995,2639.0435,2631.1535,2633.395
2024-12-08T22:00:00+00:00,2647.0625,2650.68,2627.615,2646.8155
2024-12-09T02:00:00+00:00,2646.8055,2648.725,2634.72,2638.395
2024-12-09T06:00:00+00:00,2638.415,2657.48,2638.21,2655.67
2024-12-09T10:00:00+00:00,2655.695,2666.405,2653.375,2665.59
2024-12-09T14:00:00+00:00,2665.635,2676.47,2662.69,2664.5735
2024-12-09T18:00:00+00:00,2664.6105,2664.7755,2656.8385,2659.9995
2024-12-09T22:00:00+00:00,2661.2,2668.72,2658.035,2667.505
2024-12-10T02:00:00+00:00,2667.52,2673.855,2665.4695,2668.8615
2024-12-10T06:00:00+00:00,2668.85,2670.95,2661.2595,2665.11
2024-12-10T10:00:00+00:00,2665.13,2682.0315,2664.4765,2680.4615
2024-12-10T14:00:00+00:00,2680.47,2695.5865,2679.5565,2694.3745
2024-12-10T18:00:00+00:00,2694.3695,2695.3,2691,2694.0195
2024-12-10T22:00:00+00:00,2694.4,2703.79,2693.3845,2700.0645
2024-12-11T02:00:00+00:00,2700.06,2704.3815,2675.245,2688.3875
2024-12-11T06:00:00+00:00,2688.3875,2698.195,2686.138,2695.747
2024-12-11T10:00:00+00:00,2695.68,2702.1965,2690.618,2701.125
2024-12-11T14:00:00+00:00,2701.145,2720.0345,2696.668,2718.2755
2024-12-11T18:00:00+00:00,2718.2405,2721.32,2713.3885,2718.195
2024-12-11T22:00:00+00:00,2717.905,2726.3155,2699.625,2711.195
2024-12-12T02:00:00+00:00,2711.215,2716.6905,2703.7445,2713.5545
2024-12-12T06:00:00+00:00,2713.5995,2720.5905,2710.1215,2715.965
2024-12-12T10:00:00+00:00,2714.9,2715.8,2697.343,2697.6145
2024-12-12T14:00:00+00:00,2697.6415,2699.6845,2675.2035,2686.39
2024-12-12T18:00:00+00:00,2686.475,2687.17,2679.4685,2681.2905
2024-12-12T22:00:00+00:00,2680.74,2692.875,2678.9205,2690.005
2024-12-13T02:00:00+00:00,2690.015,2691.375,2684.3445,2688.435
2024-12-13T06:00:00+00:00,2688.465,2690.6295,2667.565,2669.0955
2024-12-13T10:00:00+00:00,2669.0635,2673.0035,2659.688,2662.227
2024-12-13T14:00:00+00:00,2662.175,2664.6855,2654.725,2656.33
2024-12-13T18:00:00+00:00,2656.345,2657.1355,2646.2085,2648.355
2024-12-15T22:00:00+00:00,2650,2655.7065,2643.588,2653.525
2024-12-16T02:00:00+00:00,2653.53,2655.6715,2649.5895,2652.9205
2024-12-16T06:00:00+00:00,2652.8905,2662.102,2651.7355,2658.1635
2024-12-16T10:00:00+00:00,2658.1485,2664.4765,2657.4095,2661.94
2024-12-16T14:00:00+00:00,2661.915,2663.08,2648.6635,2652.138
2024-12-16T18:00:00+00:00,2652.145,2655.8195,2651.3935,2652.95
2024-12-16T22:00:00+00:00,2652.6,2658.705,2651.23,2658.1765
2024-12-17T02:00:00+00:00,2657.9355,2658.685,2649.2535,2653.785
2024-12-17T06:00:00+00:00,2653.81,2657.167,2638.1785,2639.7655
2024-12-17T10:00:00+00:00,2639.7405,2646.9365,2634.75,2637.157
2024-12-17T14:00:00+00:00,2637.1555,2647.1115,2633.0985,2646.0195
2024-12-17T18:00:00+00:00,2646.0345,2649.075,2643.0395,2646.185
2024-12-17T22:00:00+00:00,2645.875,2651.8,2644.888,2651
2024-12-18T02:00:00+00:00,2650.995,2651.13,2642.79,2647.5095
2024-12-18T06:00:00+00:00,2647.5445,2649.725,2642.18,2646.925
2024-12-18T10:00:00+00:00,2646.94,2649.5415,2641.18,2644.0335
2024-12-18T14:00:00+00:00,2644.0055,2644.9165,2633.165,2636.1
2024-12-18T18:00:00+00:00,2636.1015,2639.065,2583.7415,2585.0645
2024-12-18T22:00:00+00:00,2584.635,2618.2,2582.8845,2612.01
2024-12-19T02:00:00+00:00,2611.85,2614.0535,2606.32,2607.3015
2024-12-19T06:00:00+00:00,2607.2965,2622.9635,2603.4,2620.44
2024-12-19T10:00:00+00:00,2620.4495,2626.545,2595.345,2596.415
2024-12-19T14:00:00+00:00,2596.395,2600.885,2587.01,2592.7355
2024-12-19T18:00:00+00:00,2592.7705,2601.135,2591.9585,2594.14
2024-12-19T22:00:00+00:00,2594.38,2603.97,2589.69,2603.91
2024-12-20T02:00:00+00:00,2603.905,2604.0635,2595.645,2600.28
2024-12-20T06:00:00+00:00,2600.2865,2607.8115,2598.9985,2605.0715
2024-12-20T10:00:00+00:00,2605.1065,2614.1765,2600.0995,2609.615
2024-12-20T14:00:00+00:00,2609.61,2631.8865,2608.62,2625.6585
2024-12-20T18:00:00+00:00,2625.6535,2629.4005,2619.3085,2623.3605
2024-12-22T22:00:00+00:00,2624.075,2625.3015,2617.565,2620.93
2024-12-23T02:00:00+00:00,2620.905,2629.335,2620.7205,2626.76
2024-12-23T06:00:00+00:00,2626.745,2633.3505,2624.59,2626.525
2024-12-23T10:00:00+00:00,2626.52,2627.0335,2613.105,2617.4305
2024-12-23T14:00:00+00:00,2617.3245,2619.925,2608.2505,2611.325
2024-12-23T18:00:00+00:00,2611.3105,2613.8555,2609.17,2612.515
2024-12-23T22:00:00+00:00,2613.5475,2618.0765,2613.274,2617.5815
2024-12-24T02:00:00+00:00,2617.575,2621.49,2615.7735,2619.398
2024-12-24T06:00:00+00:00,2619.3885,2621.4785,2613.4465,2613.6485
2024-12-24T10:00:00+00:00,2613.665,2617.9785,2611.3485,2614.345
2024-12-24T14:00:00+00:00,2614.35,2619.4755,2610.1185,2617.065
2024-12-24T18:00:00+00:00,2617.12,2617.9265,2614.88,2616.775
2024-12-25T22:00:00+00:00,2619.825,2628.1475,2615.0965,2626.7535
2024-12-26T02:00:00+00:00,2626.78,2629.3205,2625.8,2626.5235
2024-12-26T06:00:00+00:00,2626.5135,2629.7165,2623.6935,2627.4895
2024-12-26T10:00:00+00:00,2627.4445,2631.2065,2621.81,2623.27
2024-12-26T14:00:00+00:00,2623.2595,2639.2205,2622.648,2629.4035
2024-12-26T18:00:00+00:00,2629.4535,2636.35,2629.3535,2633.345
2024-12-26T22:00:00+00:00,2632.825,2634.66,2630.8085,2632.3335
2024-12-27T02:00:00+00:00,2632.3555,2635.627,2628.97,2631.4585
2024-12-27T06:00:00+00:00,2631.4685,2638.405,2623.81,2624.09
2024-12-27T10:00:00+00:00,2624.075,2631.6485,2618.17,2618.85
2024-12-27T14:00:00+00:00,2618.84,2619.8965,2611.6105,2615.955
2024-12-27T18:00:00+00:00,2615.8995,2621.8215,2612.7715,2621.5015
2024-12-29T22:00:00+00:00,2620.6345,2626.8065,2619.3495,2624.32
2024-12-30T02:00:00+00:00,2624.315,2628.195,2620.607,2623.817
2024-12-30T06:00:00+00:00,2623.795,2624.7835,2609.3885,2612.8415
2024-12-30T10:00:00+00:00,2612.835,2622.69,2606.655,2606.75
2024-12-30T14:00:00+00:00,2606.7215,2613.9455,2596.1285,2605.32
2024-12-30T18:00:00+00:00,2605.3105,2609.67,2603.575,2606.395
2024-12-30T22:00:00+00:00,2605.9,2611.685,2603.8365,2608.93
2024-12-31T02:00:00+00:00,2608.9,2609.745,2602.7185,2604.495
2024-12-31T06:00:00+00:00,2604.465,2617.8435,2603.65,2615.325
2024-12-31T10:00:00+00:00,2615.355,2616.2485,2605.45,2613.375
2024-12-31T14:00:00+00:00,2613.3965,2627.573,2611.3485,2624.315
2024-12-31T18:00:00+00:00,2624.305,2627.295,2622.1395,2624.525
2025-01-01T22:00:00+00:00,2625.845,2634.475,2621.785,2633
2025-01-02T02:00:00+00:00,2633.005,2636.5915,2631.1065,2634.0545
2025-01-02T06:00:00+00:00,2633.9365,2640.0655,2631.205,2636.1835
2025-01-02T10:00:00+00:00,2636.195,2647.345,2632.7785,2642.9745
2025-01-02T14:00:00+00:00,2642.9695,2660.5445,2640.3935,2656.6295
2025-01-02T18:00:00+00:00,2656.62,2660.5085,2653.8635,2657.91
2025-01-02T22:00:00+00:00,2657.635,2662.56,2656.8,2659.545
2025-01-03T02:00:00+00:00,2659.53,2665.3885,2656.1055,2658.66
2025-01-03T06:00:00+00:00,2658.675,2660.405,2649.975,2653.7
2025-01-03T10:00:00+00:00,2653.63,2659.3935,2643.6035,2649.9635
2025-01-03T14:00:00+00:00,2649.9555,2652.755,2639.1875,2641.8365
2025-01-03T18:00:00+00:00,2641.8595,2643.0495,2636.8285,2640.225
2025-01-05T22:00:00+00:00,2640.1,2647.49,2638.685,2641.415
2025-01-06T02:00:00+00:00,2641.42,2645.44,2631.6925,2633.975
2025-01-06T06:00:00+00:00,2633.965,2635.8055,2625.2685,2632.8585
2025-01-06T10:00:00+00:00,2632.8605,2649.53,2621.9085,2624.3215
2025-01-06T14:00:00+00:00,2624.3565,2641.3465,2614.6955,2636.795
2025-01-06T18:00:00+00:00,2636.81,2638.6935,2632.995,2636.455
2025-01-06T22:00:00+00:00,2636.525,2641.315,2633.0135,2639.05
2025-01-07T02:00:00+00:00,2639.04,2645.8285,2636.995,2644.5535
2025-01-07T06:00:00+00:00,2644.62,2646.78,2638.14,2641.455
2025-01-07T10:00:00+00:00,2641.44,2664.3465,2641.3715,2662.5665
2025-01-07T14:00:00+00:00,2662.5815,2663.125,2642.2185,2652.6185
2025-01-07T18:00:00+00:00,2652.5985,2652.7235,2646.9965,2648.73
2025-01-07T22:00:00+00:00,2648.775,2651.6635,2647.235,2648.88
2025-01-08T02:00:00+00:00,2648.8535,2650.8165,2645.36,2650.14
2025-01-08T06:00:00+00:00,2650.1165,2655.0705,2649.0215,2653.58
2025-01-08T10:00:00+00:00,2653.585,2660.3135,2645.8995,2660.255
2025-01-08T14:00:00+00:00,2660.245,2670.0245,2649.4345,2655.715
2025-01-08T18:00:00+00:00,2655.72,2664.1985,2651.6415,2661.815
2025-01-08T22:00:00+00:00,2661.76,2663.3515,2657.455,2658.7465
2025-01-09T02:00:00+00:00,2658.7565,2662.2585,2655.555,2658.44
2025-01-09T06:00:00+00:00,2658.435,2667.0105,2658.4165,2665.1095
2025-01-09T10:00:00+00:00,2665.0995,2678.5735,2664.5265,2672.7195
2025-01-09T14:00:00+00:00,2672.6195,2675.8205,2662.8215,2666.0105
2025-01-09T18:00:00+00:00,2665.995,2672.6345,2665.09,2670.37
2025-01-09T22:00:00+00:00,2670.8,2672.0105,2668.6385,2671.1
2025-01-10T02:00:00+00:00,2671.09,2675.98,2670.5985,2675.1
2025-01-10T06:00:00+00:00,2675.035,2682.49,2673.61,2678.5345
2025-01-10T10:00:00+00:00,2678.5395,2683.5495,2663.9205,2682.72
2025-01-10T14:00:00+00:00,2682.7605,2698.11,2680.8405,2696.102
2025-01-10T18:00:00+00:00,2696.097,2697.252,2684.4515,2690.45
2025-01-12T22:00:00+00:00,2690.95,2693.49,2679.405,2685.77
2025-01-13T02:00:00+00:00,2685.78,2690.96,2683.355,2687.045
2025-01-13T06:00:00+00:00,2687.095,2691.465,2683.047,2684.835
2025-01-13T10:00:00+00:00,2684.815,2685.1045,2663.858,2669.28
2025-01-13T14:00:00+00:00,2669.285,2674.353,2659.345,2660.98
2025-01-13T18:00:00+00:00,2660.985,2664.295,2656.815,2663.22
2025-01-13T22:00:00+00:00,2663.339,2672.255,2662.6965,2670.813
2025-01-14T02:00:00+00:00,2670.833,2675.4235,2667.45,2668.555
2025-01-14T06:00:00+00:00,2668.565,2674.495,2664.937,2667.375
2025-01-14T10:00:00+00:00,2667.4,2674.4915,2660.9435,2662.992
2025-01-14T14:00:00+00:00,2662.932,2674.23,2659.8935,2669.12
2025-01-14T18:00:00+00:00,2669.13,2678.3685,2666.745,2677.55
2025-01-14T22:00:00+00:00,2677.97,2679.9115,2669.983,2670.075
2025-01-15T02:00:00+00:00,2670.1,2679.413,2669.493,2679.328
2025-01-15T06:00:00+00:00,2679.333,2688.6165,2679.2,2685.907
2025-01-15T10:00:00+00:00,2685.925,2694.305,2682.2135,2693.83
2025-01-15T14:00:00+00:00,2693.835,2696.175,2676.725,2692.765
2025-01-15T18:00:00+00:00,2692.75,2697.63,2691.117,2696.397
2025-01-15T22:00:00+00:00,2697.95,2702.2465,2692.8715,2696.232
2025-01-16T02:00:00+00:00,2697.945,2698.4415,2693.88,2694.853
2025-01-16T06:00:00+00:00,2694.8535,2706.25,2689.98,2705.4885
2025-01-16T10:00:00+00:00,2705.5085,2718.4365,2700.292,2715.46
2025-01-16T14:00:00+00:00,2715.445,2724.8335,2712.697,2721.812
2025-01-16T18:00:00+00:00,2721.8515,2723.3695,2712.5235,2714.588
2025-01-16T22:00:00+00:00,2714.855,2716.18,2709.955,2714.808
2025-01-17T02:00:00+00:00,2714.858,2717.493,2711.2365,2711.643
2025-01-17T06:00:00+00:00,2711.6565,2714.767,2703.987,2705.188
2025-01-17T10:00:00+00:00,2705.173,2712.215,2702.912,2705.067
2025-01-17T14:00:00+00:00,2705.087,2717.405,2702.775,2712.678
2025-01-17T18:00:00+00:00,2712.698,2713.423,2699.025,2703.248
2025-01-19T22:00:00+00:00,2702.6785,2703.6085,2689.48,2693.928
2025-01-20T02:00:00+00:00,2693.958,2707.685,2693.79,2707.393
2025-01-20T06:00:00+00:00,2707.405,2713.918,2702.875,2706.225
2025-01-20T10:00:00+00:00,2706.18,2712.633,2702.0765,2705.28
2025-01-20T14:00:00+00:00,2705.265,2712.4935,2703.3435,2707.365
2025-01-20T18:00:00+00:00,2707.395,2711.28,2705.325,2708.0115
2025-01-20T22:00:00+00:00,2707.05,2719.435,2702.895,2718.11
2025-01-21T02:00:00+00:00,2718.082,2729.278,2717.915,2726.26
2025-01-21T06:00:00+00:00,2726.23,2732.995,2717.865,2721.255
2025-01-21T10:00:00+00:00,2721.24,2730.123,2716.6035,2726.3585
2025-01-21T14:00:00+00:00,2726.3885,2745.95,2725.4535,2740.18
2025-01-21T18:00:00+00:00,2740.0865,2746.185,2739.82,2744.62
2025-01-21T22:00:00+00:00,2744.4665,2750.1045,2741.975,2748.13
2025-01-22T02:00:00+00:00,2748.065,2758.7235,2746.3465,2758.145
2025-01-22T06:00:00+00:00,2758.14,2762.4935,2745.635,2758.44
2025-01-22T10:00:00+00:00,2758.45,2763.45,2751.055,2757.775
2025-01-22T14:00:00+00:00,2757.76,2760.44,2750.4165,2756.64
2025-01-22T18:00:00+00:00,2756.6385,2759.51,2754.915,2756.29
2025-01-22T22:00:00+00:00,2756.19,2756.825,2750.6565,2752.84
2025-01-23T02:00:00+00:00,2752.8165,2755.0085,2749.585,2751.99
2025-01-23T06:00:00+00:00,2752.0315,2755.645,2741.0365,2745.97
2025-01-23T10:00:00+00:00,2745.965,2754.475,2735.895,2741.6665
2025-01-23T14:00:00+00:00,2741.7085,2758.92,2740.44,2757.805
2025-01-23T18:00:00+00:00,2757.815,2758.36,2751.36,2755.01
2025-01-23T22:00:00+00:00,2754.625,2762.66,2753.62,2762.42
2025-01-24T02:00:00+00:00,2762.43,2777.445,2762.415,2775.29
2025-01-24T06:00:00+00:00,2775.25,2778.385,2770.105,2772.94
2025-01-24T10:00:00+00:00,2772.925,2784.725,2771.66,2782.3715
2025-01-24T14:00:00+00:00,2782.37,2786.045,2769.9565,2773.345
2025-01-24T18:00:00+00:00,2773.3565,2775.37,2770.285,2770.745
2025-01-26T22:00:00+00:00,2770.85,2772.7,2762.94,2763.04
2025-01-27T02:00:00+00:00,2757.545,2763.655,2752.9,2753.275
2025-01-27T06:00:00+00:00,2753.235,2764.9125,2747.315,2763.495
2025-01-27T10:00:00+00:00,2763.48,2772.145,2752.4285,2757.33
2025-01-27T14:00:00+00:00,2757.3315,2757.95,2730.697,2733.82
2025-01-27T18:00:00+00:00,2733.81,2744.065,2733.1885,2740.39
2025-01-27T22:00:00+00:00,2740.21,2745.3615,2739.394,2741.59
2025-01-28T02:00:00+00:00,2741.575,2744.97,2737.915,2741.8185
2025-01-28T06:00:00+00:00,2741.755,2745.1765,2734.9165,2743.455
2025-01-28T10:00:00+00:00,2743.435,2749.625,2741.1035,2748.965
2025-01-28T14:00:00+00:00,2749.15,2760.19,2748.9365,2759.78
2025-01-28T18:00:00+00:00,2759.8,2765.12,2759.21,2763.63
2025-01-28T22:00:00+00:00,2763.4,2766.245,2762.335,2763.825
2025-01-29T02:00:00+00:00,2763.8,2765.76,2760.21,2760.825
2025-01-29T06:00:00+00:00,2760.965,2766.1165,2757.51,2762.7915
2025-01-29T10:00:00+00:00,2762.78,2763.415,2752.3185,2758.725
2025-01-29T14:00:00+00:00,2758.75,2761.2,2748.45,2753.0235
2025-01-29T18:00:00+00:00,2753.005,2759.92,2745.056,2759.46
2025-01-29T22:00:00+00:00,2759.45,2762.61,2758.0465,2760.26
2025-01-30T02:00:00+00:00,2760.24,2763.475,2758.735,2760.68
2025-01-30T06:00:00+00:00,2760.675,2776.7,2760.29,2774.35
2025-01-30T10:00:00+00:00,2774.245,2786.0765,2773.85,2785.7465
2025-01-30T14:00:00+00:00,2785.775,2798.515,2780.1985,2795.68
2025-01-30T18:00:00+00:00,2795.68,2798.49,2790.4295,2794.375
2025-01-30T22:00:00+00:00,2794.0965,2799.67,2792.1615,2796.445
2025-01-31T02:00:00+00:00,2796.435,2798.325,2793.9435,2795.725
2025-01-31T06:00:00+00:00,2795.72,2801.11,2791.68,2793.765
2025-01-31T10:00:00+00:00,2793.775,2808.59,2791.105,2806.415
2025-01-31T14:00:00+00:00,2806.4065,2817.16,2803.115,2808.6135
2025-01-31T18:00:00+00:00,2808.61,2809.12,2794.29,2799.05
2025-02-02T22:00:00+00:00,2794.6195,2804.9,2778.185,2782.355
2025-02-03T02:00:00+00:00,2782.335,2785.25,2772.185,2783.165
2025-02-03T06:00:00+00:00,2783.125,2800.9165,2782.9565,2796.48
2025-02-03T10:00:00+00:00,2796.485,2812.08,2793.025,2811.1185
2025-02-03T14:00:00+00:00,2811.1685,2830.9535,2810.205,2817.34
2025-02-03T18:00:00+00:00,2817.315,2822.905,2812.4935,2814.73
2025-02-03T22:00:00+00:00,2813.1,2824.515,2812.0665,2823.5
2025-02-04T02:00:00+00:00,2823.48,2824.74,2813.405,2815.7765
2025-02-04T06:00:00+00:00,2815.76,2821.905,2807.205,2820.4335
2025-02-04T10:00:00+00:00,2820.4285,2837.2635,2812.695,2831.735
2025-02-04T14:00:00+00:00,2831.74,2845.57,2829.055,2844.07
2025-02-04T18:00:00+00:00,2844.025,2845.05,2840.96,2842.18
2025-02-04T22:00:00+00:00,2841.7385,2849.065,2839.705,2844.6035
2025-02-05T02:00:00+00:00,2844.68,2860.785,2844.0535,2859.425
2025-02-05T06:00:00+00:00,2859.42,2872.28,2854.925,2870.325
2025-02-05T10:00:00+00:00,2870.365,2877.12,2858.64,2861.765
2025-02-05T14:00:00+00:00,2861.825,2882.47,2860.755,2873.05
2025-02-05T18:00:00+00:00,2873.07,2873.57,2860.06,2866.735
2025-02-05T22:00:00+00:00,2866.97,2871.99,2863.7215,2871.74
2025-02-06T02:00:00+00:00,2871.8785,2873.36,2864.3365,2868.42
2025-02-06T06:00:00+00:00,2868.415,2871.52,2848.825,2859.455
2025-02-06T10:00:00+00:00,2859.49,2870.32,2855.635,2856.825
2025-02-06T14:00:00+00:00,2856.815,2859.89,2834.21,2852.3785
2025-02-06T18:00:00+00:00,2852.3935,2857.385,2849.925,2856.575
2025-02-06T22:00:00+00:00,2856.1465,2868.335,2855.5515,2866.295
2025-02-07T02:00:00+00:00,2866.275,2870.65,2862.09,2862.185
2025-02-07T06:00:00+00:00,2862.125,2870.78,2859.065,2869.015
2025-02-07T10:00:00+00:00,2869.045,2871.845,2852.48,2862.6515
2025-02-07T14:00:00+00:00,2862.6565,2886.835,2853.445,2860.195
2025-02-07T18:00:00+00:00,2860.19,2865.205,2858.945,2860.765
2025-02-09T22:00:00+00:00,2859.025,2876.7,2855.225,2871.9785
2025-02-10T02:00:00+00:00,2871.9735,2880.115,2871.385,2879.3335
2025-02-10T06:00:00+00:00,2879.3235,2903.41,2878.9715,2903.095
2025-02-10T10:00:00+00:00,2903.11,2911.105,2898.2225,2900.9815
2025-02-10T14:00:00+00:00,2900.96,2912.01,2896.435,2903.195
2025-02-10T18:00:00+00:00,2903.195,2908.5565,2900.895,2908.065
2025-02-10T22:00:00+00:00,2907.955,2936.265,2907.91,2934.0415
2025-02-11T02:00:00+00:00,2934.0465,2942.905,2905.66,2922.935
2025-02-11T06:00:00+00:00,2922.905,2929.68,2903.02,2903.245
2025-02-11T10:00:00+00:00,2903.2015,2907.285,2881.885,2896.525
2025-02-11T14:00:00+00:00,2896.575,2908.71,2890.995,2905.63
2025-02-11T18:00:00+00:00,2905.62,2907.24,2894.11,2897.805
2025-02-11T22:00:00+00:00,2897.54,2900.85,2883.73,2893.385
2025-02-12T02:00:00+00:00,2893.39,2897.8725,2883.765,2886.4535
2025-02-12T06:00:00+00:00,2886.3985,2895.965,2885.73,2886.745
2025-02-12T10:00:00+00:00,2886.8,2889.993,2864.1435,2884.83
2025-02-12T14:00:00+00:00,2884.84,2909.315,2881.955,2902.885
2025-02-12T18:00:00+00:00,2902.8935,2904.5785,2893.635,2904.395
2025-02-12T22:00:00+00:00,2904.48,2909.1065,2900.5,2906.16
2025-02-13T02:00:00+00:00,2906.12,2922.8635,2905.3515,2918.1385
2025-02-13T06:00:00+00:00,2918.1335,2920.9385,2909.515,2915.475
2025-02-13T10:00:00+00:00,2915.425,2921.355,2905.8765,2908.625
2025-02-13T14:00:00+00:00,2908.595,2921.0585,2906.655,2919.04
2025-02-13T18:00:00+00:00,2919.08,2929.65,2914.29,2928.24
2025-02-13T22:00:00+00:00,2927.565,2933.955,2927.225,2929.935
2025-02-14T02:00:00+00:00,2929.97,2932.59,2923.19,2930.9565
2025-02-14T06:00:00+00:00,2930.9265,2938.94,2929.925,2935.18
2025-02-14T10:00:00+00:00,2935.28,2940.1635,2917.655,2920.615
2025-02-14T14:00:00+00:00,2920.675,2928.6,2885.4785,2887.03
2025-02-14T18:00:00+00:00,2887.16,2888.05,2877.04,2882.65
2025-02-16T22:00:00+00:00,2882.705,2896.7,2878.5985,2895.675
2025-02-17T02:00:00+00:00,2895.745,2905.37,2893.965,2896.29
2025-02-17T06:00:00+00:00,2896.25,2906.48,2888.4,2902.64
2025-02-17T10:00:00+00:00,2902.565,2903.96,2895.5815,2896.84
2025-02-17T14:00:00+00:00,2896.835,2904.185,2896.485,2898.6185
2025-02-17T18:00:00+00:00,2898.605,2899.31,2896.935,2898.5135
2025-02-17T22:00:00+00:00,2899.3185,2900.4085,2892.09,2895.7385
2025-02-18T02:00:00+00:00,2895.7285,2915.78,2895.455,2910.93
2025-02-18T06:00:00+00:00,2910.855,2915.315,2908.33,2912.725
2025-02-18T10:00:00+00:00,2912.685,2921.3935,2907.17,2918.84
2025-02-18T14:00:00+00:00,2918.83,2933.815,2917.82,2931.1165
2025-02-18T18:00:00+00:00,2931.1115,2937.065,2928.405,2935.245
2025-02-18T22:00:00+00:00,2934.675,2939.7585,2928.0685,2938.57
2025-02-19T02:00:00+00:00,2938.585,2939.8,2924.2175,2932.945
2025-02-19T06:00:00+00:00,2932.865,2946.695,2930.485,2945.495
2025-02-19T10:00:00+00:00,2945.535,2947.115,2931.335,2936.395
2025-02-19T14:00:00+00:00,2936.383,2940.63,2921.52,2923.845
2025-02-19T18:00:00+00:00,2923.82,2937.4965,2918.63,2933.535
2025-02-19T22:00:00+00:00,2935.665,2942.4365,2933.2865,2937.06
2025-02-20T02:00:00+00:00,2937.04,2946.97,2933.895,2946.945
2025-02-20T06:00:00+00:00,2946.9965,2954.995,2944.04,2951.5535
2025-02-20T10:00:00+00:00,2951.5585,2954.9385,2933.9665,2934.055
2025-02-20T14:00:00+00:00,2934.0065,2947.13,2924.185,2940.555
2025-02-20T18:00:00+00:00,2940.485,2942.6,2933.525,2939.5235
2025-02-20T22:00:00+00:00,2939.05,2949.8785,2926.83,2928.97
2025-02-21T02:00:00+00:00,2928.87,2941.2935,2924.275,2930.265
2025-02-21T06:00:00+00:00,2930.195,2933.195,2916.845,2929.4135
2025-02-21T10:00:00+00:00,2929.4285,2936.185,2927.005,2931.015
2025-02-21T14:00:00+00:00,2930.985,2941.745,2921.62,2939.795
2025-02-21T18:00:00+00:00,2939.845,2942.88,2932.185,2935.7035
2025-02-23T22:00:00+00:00,2935.775,2940.635,2921.405,2928.155
2025-02-24T02:00:00+00:00,2928.14,2944.875,2925.055,2936.53
2025-02-24T06:00:00+00:00,2936.43,2948.845,2935.38,2944.335
2025-02-24T10:00:00+00:00,2944.305,2954.755,2934.97,2954.555
2025-02-24T14:00:00+00:00,2954.565,2956.25,2930.79,2943.315
2025-02-24T18:00:00+00:00,2943.34,2953.61,2942.82,2953.255
2025-02-24T22:00:00+00:00,2953.1,2954.125,2945.28,2949.69
2025-02-25T02:00:00+00:00,2949.7,2952.3715,2935.1725,2938.0165
2025-02-25T06:00:00+00:00,2937.8015,2942.5485,2929.585,2938.9315
2025-02-25T10:00:00+00:00,2938.9265,2941.585,2924.075,2937.5135
2025-02-25T14:00:00+00:00,2937.5085,2944.8965,2888.338,2907.6985
2025-02-25T18:00:00+00:00,2907.71,2917.4,2905.475,2914.8365
2025-02-25T22:00:00+00:00,2914.925,2930.2935,2913.665,2917.93
2025-02-26T02:00:00+00:00,2917.91,2923.2,2912.78,2915.475
2025-02-26T06:00:00+00:00,2915.415,2919.075,2905.835,2913.1915
2025-02-26T10:00:00+00:00,2913.1965,2916.945,2905.565,2905.955
2025-02-26T14:00:00+00:00,2905.96,2916.8185,2890.8015,2913.86
2025-02-26T18:00:00+00:00,2913.863,2918.825,2912.1,2916.64
2025-02-26T22:00:00+00:00,2916.835,2920.875,2911.075,2912.71
2025-02-27T02:00:00+00:00,2912.69,2914.99,2888.575,2890.925
2025-02-27T06:00:00+00:00,2890.965,2898.505,2877.02,2887.465
2025-02-27T10:00:00+00:00,2887.47,2895.125,2881.195,2888.9715
2025-02-27T14:00:00+00:00,2888.745,2892.3675,2867.875,2877.425
2025-02-27T18:00:00+00:00,2883.195,2887.7315,2871.3885,2873.5
2025-02-27T22:00:00+00:00,2876.14,2885.2285,2873.895,2874.85
2025-02-28T02:00:00+00:00,2874.845,2877.9515,2857.0635,2864.13
2025-02-28T06:00:00+00:00,2864.1915,2866.735,2851.0365,2862.5485
2025-02-28T10:00:00+00:00,2862.4935,2865.0385,2848.38,2848.6115
2025-02-28T14:00:00+00:00,2848.6365,2854.085,2832.698,2845.155
2025-02-28T18:00:00+00:00,2845.128,2859.65,2838.2105,2857.6
2025-03-02T22:00:00+00:00,2855.84,2877.2695,2855.675,2870.955
2025-03-03T02:00:00+00:00,2870.94,2872.1135,2859.34,2863.965
2025-03-03T06:00:00+00:00,2863.945,2871.58,2858.98,2867.435
2025-03-03T10:00:00+00:00,2867.465,2877.7315,2867.2,2872.74
2025-03-03T14:00:00+00:00,2872.75,2893.18,2871.345,2890.93
2025-03-03T18:00:00+00:00,2890.95,2895.265,2878.355,2892.6365
2025-03-03T22:00:00+00:00,2892.525,2893.87,2881.9315,2888.355
2025-03-04T02:00:00+00:00,2888.335,2894.485,2884.835,2889.745
2025-03-04T06:00:00+00:00,2889.725,2921.345,2884.46,2918.0915
2025-03-04T10:00:00+00:00,2918.0315,2927.905,2912.085,2922.62
2025-03-04T14:00:00+00:00,2922.7235,2923.1285,2900.3085,2911.7
2025-03-04T18:00:00+00:00,2911.695,2920.58,2908.31,2917.625
2025-03-04T22:00:00+00:00,2918.15,2918.4565,2903.555,2907.305
2025-03-05T02:00:00+00:00,2907.305,2918.975,2902.1465,2918.905
2025-03-05T06:00:00+00:00,2918.845,2922.5885,2913.045,2919.0685
2025-03-05T10:00:00+00:00,2919.0735,2919.3735,2894.32,2900.025
2025-03-05T14:00:00+00:00,2900.03,2929.9965,2897.7515,2916.0865
2025-03-05T18:00:00+00:00,2916.0895,2923.125,2911.37,2919.465
2025-03-05T22:00:00+00:00,2918.555,2925.8135,2915.975,2924.7735
2025-03-06T02:00:00+00:00,2924.7785,2926.6735,2914.6735,2919.92
2025-03-06T06:00:00+00:00,2919.945,2923.135,2891.16,2894.385
2025-03-06T10:00:00+00:00,2894.36,2909.465,2892.045,2904.465
2025-03-06T14:00:00+00:00,2904.415,2922.8415,2903.3685,2915.515
2025-03-06T18:00:00+00:00,2915.585,2920.7835,2908.415,2911.535
2025-03-06T22:00:00+00:00,2911.695,2913.7835,2896.4715,2906.83
2025-03-07T02:00:00+00:00,2906.7965,2912.635,2901.245,2909.565
2025-03-07T06:00:00+00:00,2909.535,2923.08,2907.84,2921.655
2025-03-07T10:00:00+00:00,2921.645,2926.405,2910.25,2913.8415
2025-03-07T14:00:00+00:00,2913.7565,2930.44,2903.702,2908.38
2025-03-07T18:00:00+00:00,2908.235,2912.8615,2902.0885,2909.9
2025-03-09T21:00:00+00:00,2911.75,2918.1115,2909.73,2913.94
2025-03-10T01:00:00+00:00,2913.9,2918.415,2908.245,2910.9415
2025-03-10T05:00:00+00:00,2910.965,2915.5385,2897.657,2897.912
2025-03-10T09:00:00+00:00,2897.897,2915.523,2895.745,2906.765
2025-03-10T13:00:00+00:00,2906.835,2910.64,2895.9185,2896.015
2025-03-10T17:00:00+00:00,2895.9735,2896.1715,2880.255,2888.905
2025-03-10T21:00:00+00:00,2889.049,2889.9675,2882.2815,2887.2815
2025-03-11T01:00:00+00:00,2887.475,2900.5785,2880.245,2897.755
2025-03-11T05:00:00+00:00,2897.715,2910.4735,2892.715,2910.115
2025-03-11T09:00:00+00:00,2910.11,2916.045,2908.8235,2913.13
2025-03-11T13:00:00+00:00,2913.195,2922.2765,2906.905,2917.23
2025-03-11T17:00:00+00:00,2917.235,2921.45,2914.1235,2916.245
2025-03-11T21:00:00+00:00,2915.65,2919.775,2912.17,2914.355
2025-03-12T01:00:00+00:00,2914.31,2920.0685,2910.8565,2915.055
2025-03-12T05:00:00+00:00,2915.02,2922.27,2909.025,2922.26
2025-03-12T09:00:00+00:00,2922.265,2925.395,2912.1435,2917.58
2025-03-12T13:00:00+00:00,2917.57,2939.2215,2906.03,2936.28
2025-03-12T17:00:00+00:00,2936.272,2940.6315,2930.965,2933.925
2025-03-12T21:00:00+00:00,2934.6965,2939.495,2933.31,2938.7
2025-03-13T01:00:00+00:00,2938.75,2947.2185,2936.4965,2944.745
2025-03-13T05:00:00+00:00,2944.785,2945.2,2932.9865,2941.58
2025-03-13T09:00:00+00:00,2941.593,2949.3385,2941.1,2942.4635
2025-03-13T13:00:00+00:00,2942.4635,2985.35,2939.055,2980.18
2025-03-13T17:00:00+00:00,2980.205,2989.465,2976.45,2988.82
2025-03-13T21:00:00+00:00,2989.61,2990.1535,2983.0865,2986.75
2025-03-14T01:00:00+00:00,2986.7665,2994.0635,2981.765,2985.48
2025-03-14T05:00:00+00:00,2985.6235,2993.345,2981.0875,2992.98
2025-03-14T09:00:00+00:00,2992.99,3004.9835,2986.73,2993.8985
2025-03-14T13:00:00+00:00,2993.9035,2996.1315,2978.445,2989.8015
2025-03-14T17:00:00+00:00,2989.87,2990.545,2981.875,2984.72
2025-03-16T21:00:00+00:00,2985.205,2994.245,2983.3265,2991.0185
2025-03-17T01:00:00+00:00,2991.0235,2993.22,2982.345,2982.6635
2025-03-17T05:00:00+00:00,2982.8585,2990.83,2982.265,2988.55
2025-03-17T09:00:00+00:00,2988.5635,3001.3635,2984.81,2987.21
2025-03-17T13:00:00+00:00,2987.235,3000.645,2986.085,2994.6135
2025-03-17T17:00:00+00:00,2994.57,3002.26,2994.535,3001.4
2025-03-17T21:00:00+00:00,3001,3003.68,2999.5615,3001.5865
2025-03-18T01:00:00+00:00,3001.5715,3017.2185,2999.475,3014.5065
2025-03-18T05:00:00+00:00,3014.4865,3027.398,3006.1615,3026.69
2025-03-18T09:00:00+00:00,3026.6445,3035.87,3018.217,3034.3565
2025-03-18T13:00:00+00:00,3034.34,3038.3515,3024.7715,3036.11
2025-03-18T17:00:00+00:00,3036.208,3038.055,3029.795,3034.59
2025-03-18T21:00:00+00:00,3034.105,3035.2,3030.5015,3031.455
2025-03-19T01:00:00+00:00,3031.46,3039.13,3027.465,3036.5885
2025-03-19T05:00:00+00:00,3036.698,3045.405,3024.705,3025.1565
2025-03-19T09:00:00+00:00,3025.1365,3041.1615,3022.745,3037.2215
2025-03-19T13:00:00+00:00,3037.2065,3038.4435,3025.915,3033.195
2025-03-19T17:00:00+00:00,3033.24,3052.0415,3029.52,3047.13
2025-03-19T21:00:00+00:00,3048.25,3055.6035,3047.005,3053.2665
2025-03-20T01:00:00+00:00,3053.2615,3057.57,3045.0565,3052.4265
2025-03-20T05:00:00+00:00,3052.4565,3053.5915,3038.7,3041.97
2025-03-20T09:00:00+00:00,3041.94,3046.33,3025.69,3040.9535
2025-03-20T13:00:00+00:00,3041.103,3043.33,3030.1065,3038.42
2025-03-20T17:00:00+00:00,3038.44,3046.1985,3034.7865,3045.035
2025-03-20T21:00:00+00:00,3044.9135,3047.5685,3042.35,3042.935
2025-03-21T01:00:00+00:00,3042.9585,3044.6935,3027.9965,3029.95
2025-03-21T05:00:00+00:00,3030.005,3034.78,3021.5185,3032.9985
2025-03-21T09:00:00+00:00,3032.8385,3038.24,3027.8,3034.0865
2025-03-21T13:00:00+00:00,3034.0515,3036.93,2999.5015,3015.235
2025-03-21T17:00:00+00:00,3015.325,3024.37,3012.8765,3023.52
2025-03-23T21:00:00+00:00,3021.15,3026.35,3017.115,3018.645
2025-03-24T01:00:00+00:00,3018.59,3025.7635,3013.755,3019.45
2025-03-24T05:00:00+00:00,3019.435,3029.1085,3017.385,3028.935
2025-03-24T09:00:00+00:00,3028.9535,3033.395,3022.4985,3024.39
2025-03-24T13:00:00+00:00,3024.24,3028.3385,3006.0425,3009.84
2025-03-24T17:00:00+00:00,3009.835,3014.76,3002.425,3011.86
2025-03-24T21:00:00+00:00,3011.9585,3015.0285,3009.1385,3014.215
2025-03-25T01:00:00+00:00,3014.2465,3016.495,3007.61,3015.29
2025-03-25T05:00:00+00:00,3015.2615,3021.965,3010.4915,3021.405
2025-03-25T09:00:00+00:00,3021.3535,3026.5535,3014.22,3021.8965
2025-03-25T13:00:00+00:00,3021.61,3036.1035,3018.0315,3023.28
2025-03-25T17:00:00+00:00,3023.313,3023.39,3017.8115,3020.035
2025-03-25T21:00:00+00:00,3019.6235,3022.49,3017.87,3018.175
2025-03-26T01:00:00+00:00,3018.145,3027.26,3014.315,3015.305
2025-03-26T05:00:00+00:00,3015.345,3032.13,3013.3415,3024.12
2025-03-26T09:00:00+00:00,3024.125,3030.52,3017.03,3027.145
2025-03-26T13:00:00+00:00,3027.153,3027.495,3012.39,3015.715
2025-03-26T17:00:00+00:00,3015.715,3021.92,3015.335,3019.535
2025-03-26T21:00:00+00:00,3019.6265,3025.915,3017.65,3025.4385
2025-03-27T01:00:00+00:00,3025.4485,3038.7485,3023.0015,3034.21
2025-03-27T05:00:00+00:00,3034.255,3038.07,3026.795,3036.16
2025-03-27T09:00:00+00:00,3036.175,3056.0185,3034.7215,3050.1
2025-03-27T13:00:00+00:00,3050.105,3059.759,3033.515,3048.4835
2025-03-27T17:00:00+00:00,3048.4935,3057.91,3047.84,3056.47
2025-03-27T21:00:00+00:00,3056.4615,3063.5935,3054.19,3062.03
2025-03-28T01:00:00+00:00,3061.85,3077.69,3061.84,3073.975
2025-03-28T05:00:00+00:00,3074.03,3086.095,3066.1365,3072.9965
2025-03-28T09:00:00+00:00,3072.995,3081.97,3067.395,3077.51
2025-03-28T13:00:00+00:00,3077.5,3086.955,3067.39,3083.995
2025-03-28T17:00:00+00:00,3083.98,3086.1335,3073.64,3085.3
2025-03-30T22:00:00+01:00,3087.3,3097.94,3077.55,3079.0765
2025-03-31T02:00:00+01:00,3079.0715,3115.9935,3076.82,3113.445
2025-03-31T06:00:00+01:00,3113.42,3128.125,3107.5615,3122.2515
2025-03-31T10:00:00+01:00,3122.2865,3126.8465,3111.9465,3124.63
2025-03-31T14:00:00+01:00,3124.6385,3127.29,3099.965,3117.625
2025-03-31T18:00:00+01:00,3117.615,3124.8535,3115.895,3123.515
2025-03-31T22:00:00+01:00,3123.1,3127.9715,3120.0865,3127.2685
2025-04-01T02:00:00+01:00,3127.2185,3148.0285,3126.5815,3144.795
2025-04-01T06:00:00+01:00,3144.7735,3149.0935,3124.212,3131.023
2025-04-01T10:00:00+01:00,3131.088,3139.022,3127.775,3133.43
2025-04-01T14:00:00+01:00,3133.45,3137.22,3100.9085,3106.7
2025-04-01T18:00:00+01:00,3106.7,3120.845,3105.815,3114.095
2025-04-01T22:00:00+01:00,3113.8,3123.91,3107.7785,3123.0335
2025-04-02T02:00:00+01:00,3123.03,3135.85,3115.625,3116.1865
2025-04-02T06:00:00+01:00,3116.2965,3133.9735,3108.6725,3131.3785
2025-04-02T10:00:00+01:00,3131.3885,3131.6735,3110.2175,3122.4865
2025-04-02T14:00:00+01:00,3122.4715,3134.36,3116.695,3131.545
2025-04-02T18:00:00+01:00,3131.542,3142.6925,3104.7885,3133.0665
2025-04-02T22:00:00+01:00,3142.855,3167.785,3122.6965,3151.415
2025-04-03T02:00:00+01:00,3151.43,3163.125,3139.155,3140.41
2025-04-03T06:00:00+01:00,3140.405,3141.025,3116.475,3129.085
2025-04-03T10:00:00+01:00,3129.157,3129.68,3062.1985,3076.3935
2025-04-03T14:00:00+01:00,3076.4135,3135.65,3054.1185,3107.6465
2025-04-03T18:00:00+01:00,3107.5415,3119.995,3100,3114.95
2025-04-03T22:00:00+01:00,3114.9165,3116.7785,3106.0835,3110.64
2025-04-04T02:00:00+01:00,3110.63,3115.815,3087.215,3100.1315
2025-04-04T06:00:00+01:00,3100.1165,3109.9915,3078.565,3084.1665
2025-04-04T10:00:00+01:00,3084.1515,3137.005,3069.5365,3071.1815
2025-04-04T14:00:00+01:00,3071.176,3087.6575,3016.9065,3030.995
2025-04-04T18:00:00+01:00,3031.035,3041.095,3015.7435,3038.425
2025-04-06T22:00:00+01:00,3007.5085,3033.44,2970.9135,2979.1265
2025-04-07T02:00:00+01:00,2979.1215,3055.7625,2972.3,3035.62
2025-04-07T06:00:00+01:00,3035.5815,3044.705,3013.4135,3031.245
2025-04-07T10:00:00+01:00,3031.5035,3046.2815,3014.707,3031.225
2025-04-07T14:00:00+01:00,3031.192,3037.96,2970.205,2970.706
2025-04-07T18:00:00+01:00,2970.791,2986.16,2956.575,2983.415
2025-04-07T22:00:00+01:00,2981.86,2992.87,2978.715,2985.455
2025-04-08T02:00:00+01:00,2985.435,3004.9,2983.645,3002.235
2025-04-08T06:00:00+01:00,3002.205,3015.9465,2999.555,3007.565
2025-04-08T10:00:00+01:00,3007.525,3019.6,2994.96,3002.625
2025-04-08T14:00:00+01:00,3002.675,3022.82,2984.37,2986.145
2025-04-08T18:00:00+01:00,2986.185,2992.675,2974.836,2983.425
2025-04-08T22:00:00+01:00,2983.45,2991.04,2969.9,2980.46
2025-04-09T02:00:00+01:00,2980.43,3014.175,2972.405,3012.325
2025-04-09T06:00:00+01:00,3012.32,3052.617,3005.575,3044.07
2025-04-09T10:00:00+01:00,3044.075,3073.245,3036.055,3047.515
2025-04-09T14:00:00+01:00,3047.575,3094.99,3047.41,3092.445
2025-04-09T18:00:00+01:00,3092.505,3099.795,3048.72,3082.96
2025-04-09T22:00:00+01:00,3081.715,3101.545,3071.34,3097.21
2025-04-10T02:00:00+01:00,3097.195,3132.1,3078.495,3125.385
2025-04-10T06:00:00+01:00,3125.405,3132.625,3104.67,3105.156
2025-04-10T10:00:00+01:00,3105.146,3134.52,3103.47,3123.03
2025-04-10T14:00:00+01:00,3123.035,3174.985,3116.243,3158.615
2025-04-10T18:00:00+01:00,3158.585,3176.585,3151.715,3175.675
2025-04-10T22:00:00+01:00,3175.41,3218.445,3175.275,3205.545
2025-04-11T02:00:00+01:00,3205.445,3220.255,3201.14,3208.655
2025-04-11T06:00:00+01:00,3208.66,3227.607,3187.125,3216.075
2025-04-11T10:00:00+01:00,3216.115,3237.98,3210.085,3233.905
2025-04-11T14:00:00+01:00,3233.935,3245.4,3219.68,3223.245
2025-04-11T18:00:00+01:00,3223.34,3239.33,3223.34,3237.46
2025-04-13T22:00:00+01:00,3230.15,3230.175,3210.11,3220.95
2025-04-14T02:00:00+01:00,3220.94,3245.91,3215.555,3227.455
2025-04-14T06:00:00+01:00,3227.435,3238.11,3216.485,3226.995
2025-04-14T10:00:00+01:00,3226.975,3231.825,3200.615,3206.93
2025-04-14T14:00:00+01:00,3206.92,3215.665,3193.68,3207.685
2025-04-14T18:00:00+01:00,3207.715,3216.585,3201.38,3210.975
2025-04-14T22:00:00+01:00,3211.1,3215.325,3210.465,3212.015
2025-04-15T02:00:00+01:00,3211.935,3232.775,3210.085,3231.915
2025-04-15T06:00:00+01:00,3231.935,3232.355,3217.38,3227.57
2025-04-15T10:00:00+01:00,3227.575,3230.18,3214.365,3221.655
2025-04-15T14:00:00+01:00,3221.625,3227.045,3211.675,3221.52
2025-04-15T18:00:00+01:00,3221.54,3233.7,3220.48,3230.5
2025-04-15T22:00:00+01:00,3231.795,3268.325,3230.05,3264.485
2025-04-16T02:00:00+01:00,3264.515,3288.125,3255.97,3283.69
2025-04-16T06:00:00+01:00,3283.675,3317.83,3283.66,3307.0305
2025-04-16T10:00:00+01:00,3307.0225,3313.995,3293.215,3307.385
2025-04-16T14:00:00+01:00,3307.395,3333.185,3296.905,3327.435
2025-04-16T18:00:00+01:00,3327.445,3343.8,3324.501,3343.53
2025-04-16T22:00:00+01:00,3343.315,3357.82,3342.09,3345.73
2025-04-17T02:00:00+01:00,3345.665,3356.48,3320.81,3341.655
2025-04-17T06:00:00+01:00,3341.66,3345.65,3312.775,3324.385
2025-04-17T10:00:00+01:00,3324.33,3342.535,3320.69,3328.38
2025-04-17T14:00:00+01:00,3328.64,3332.225,3283.895,3316.265
2025-04-17T18:00:00+01:00,3316.325,3329.12,3311.03,3327.415
2025-04-20T22:00:00+01:00,3332.72,3371.025,3328.805,3368.82
2025-04-21T02:00:00+01:00,3368.845,3385.49,3367.365,3376.645
2025-04-21T06:00:00+01:00,3376.625,3396.175,3375.81,3392.815
2025-04-21T10:00:00+01:00,3392.84,3415.795,3386.38,3414.96
2025-04-21T14:00:00+01:00,3414.915,3430.305,3405.215,3414.615
2025-04-21T18:00:00+01:00,3414.675,3430.66,3406.085,3424.34
2025-04-21T22:00:00+01:00,3424.475,3444.535,3411.81,3425.605
2025-04-22T02:00:00+01:00,3425.665,3495.21,3421.615,3484.74
2025-04-22T06:00:00+01:00,3484.735,3500.215,3443.11,3444.095
2025-04-22T10:00:00+01:00,3444.13,3468.327,3424.335,3431.74
2025-04-22T14:00:00+01:00,3431.62,3449.91,3372.175,3393.105
2025-04-22T18:00:00+01:00,3393.205,3410.445,3366.855,3380.88
2025-04-22T22:00:00+01:00,3350.505,3371.48,3313.095,3368.12
2025-04-23T02:00:00+01:00,3368.09,3386.755,3329.19,3346.81
2025-04-23T06:00:00+01:00,3346.825,3349.475,3291.655,3321.67
2025-04-23T10:00:00+01:00,3321.78,3340.63,3310.785,3310.96
2025-04-23T14:00:00+01:00,3310.9,3313.975,3260.125,3295.115
2025-04-23T18:00:00+01:00,3295.0885,3301.715,3277.865,3288.76
2025-04-23T22:00:00+01:00,3289.39,3339.27,3288.965,3331.775
2025-04-24T02:00:00+01:00,3331.76,3367.595,3320.625,3326.185
2025-04-24T06:00:00+01:00,3326.215,3341.655,3314.56,3336.19
2025-04-24T10:00:00+01:00,3336.26,3344.8,3325.46,3335.985
2025-04-24T14:00:00+01:00,3335.97,3336.4,3306.655,3331.715
2025-04-24T18:00:00+01:00,3331.7,3350.17,3329.95,3349.415
2025-04-24T22:00:00+01:00,3351.755,3370.95,3346.955,3357.885
2025-04-25T02:00:00+01:00,3357.895,3363.215,3316.4,3324.865
2025-04-25T06:00:00+01:00,3324.835,3327.205,3287.095,3303.885
2025-04-25T10:00:00+01:00,3304.025,3309.03,3288.01,3292.735
2025-04-25T14:00:00+01:00,3292.745,3292.89,3265.16,3285.35
2025-04-25T18:00:00+01:00,3285.44,3320.01,3281.875,3319.645
2025-04-27T22:00:00+01:00,3324.315,3336.955,3298.62,3314.105
2025-04-28T02:00:00+01:00,3314.075,3315.145,3268.2,3299.18
2025-04-28T06:00:00+01:00,3299.195,3301.21,3277.655,3282.74
2025-04-28T10:00:00+01:00,3282.765,3302.35,3273.46,3296.185
2025-04-28T14:00:00+01:00,3296.128,3339.27,3287.03,3336.685
2025-04-28T18:00:00+01:00,3336.77,3353.17,3333.22,3343.995
2025-04-28T22:00:00+01:00,3344.62,3348.705,3327.865,3330.065
2025-04-29T02:00:00+01:00,3328.995,3340.125,3306.72,3309.435
2025-04-29T06:00:00+01:00,3309.425,3325.035,3305.15,3311.89
2025-04-29T10:00:00+01:00,3311.86,3316.055,3300.53,3313.14
2025-04-29T14:00:00+01:00,3313.15,3330.165,3299.66,3328.825
2025-04-29T18:00:00+01:00,3328.828,3329.815,3313.315,3317.125
2025-04-29T22:00:00+01:00,3317.48,3328.23,3311.07,3313.19
2025-04-30T02:00:00+01:00,3313.21,3323.015,3301.4,3308.095
2025-04-30T06:00:00+01:00,3308.115,3314.825,3280.35,3284.55
2025-04-30T10:00:00+01:00,3284.525,3304.965,3267.065,3298.745
2025-04-30T14:00:00+01:00,3298.71,3319.93,3292.9,3310.705
2025-04-30T18:00:00+01:00,3310.798,3313.48,3283.15,3288.78
2025-04-30T22:00:00+01:00,3288.3,3290.195,3241.495,3246.615
2025-05-01T02:00:00+01:00,3246.635,3251.885,3221.195,3226.815
2025-05-01T06:00:00+01:00,3226.795,3243.41,3223.505,3235.205
2025-05-01T10:00:00+01:00,3235.21,3236.195,3202,3226.96
2025-05-01T14:00:00+01:00,3226.81,3233.42,3205.065,3219.64
2025-05-01T18:00:00+01:00,3219.653,3239.895,3209.885,3239.06
2025-05-01T22:00:00+01:00,3238.945,3244.36,3227.54,3231.35
2025-05-02T02:00:00+01:00,3231.535,3258.82,3231.41,3252.045
2025-05-02T06:00:00+01:00,3251.645,3263.45,3246.47,3258.18
2025-05-02T10:00:00+01:00,3258.195,3269.25,3249.945,3250.53
2025-05-02T14:00:00+01:00,3250.49,3264.695,3222.8,3225.1
2025-05-02T18:00:00+01:00,3225.175,3241.44,3223.655,3240.43
2025-05-04T22:00:00+01:00,3240.08,3252.51,3237.575,3246.81
2025-05-05T02:00:00+01:00,3246.82,3272.63,3246.61,3256.64
2025-05-05T06:00:00+01:00,3256.62,3283,3254.15,3282.885
2025-05-05T10:00:00+01:00,3282.815,3322.68,3282.35,3319.71
2025-05-05T14:00:00+01:00,3319.62,3328.92,3305.66,3309.825
2025-05-05T18:00:00+01:00,3309.755,3337.735,3309.245,3333.32
2025-05-05T22:00:00+01:00,3336.313,3337.888,3322.4015,3329.845
2025-05-06T02:00:00+01:00,3329.86,3387.145,3329.85,3363.285
2025-05-06T06:00:00+01:00,3363.28,3383.215,3350.275,3377.21
2025-05-06T10:00:00+01:00,3377.215,3392.52,3371.43,3391.01
2025-05-06T14:00:00+01:00,3391.23,3411.885,3378.325,3408.85
2025-05-06T18:00:00+01:00,3408.84,3434.975,3407.48,3431.725
2025-05-06T22:00:00+01:00,3438.3,3438.48,3361.085,3379.585
2025-05-07T02:00:00+01:00,3379.504,3394.09,3360.16,3382.27
2025-05-07T06:00:00+01:00,3382.538,3397.49,3378.305,3382.97
2025-05-07T10:00:00+01:00,3382.93,3393.92,3369.395,3390.975
2025-05-07T14:00:00+01:00,3390.965,3398.17,3375.825,3387.005
2025-05-07T18:00:00+01:00,3386.96,3398.065,3363.805,3364.615
2025-05-07T22:00:00+01:00,3366.39,3386.93,3363.91,3380.585
2025-05-08T02:00:00+01:00,3380.605,3414.905,3379.145,3382.22
2025-05-08T06:00:00+01:00,3382.275,3384.36,3320.305,3339.38
2025-05-08T10:00:00+01:00,3339.37,3358.645,3330.455,3356.23
2025-05-08T14:00:00+01:00,3356.255,3369.64,3304.36,3310.395
2025-05-08T18:00:00+01:00,3310.415,3311.24,3288.835,3306.025
2025-05-08T22:00:00+01:00,3304.995,3324.115,3304.58,3322.49
2025-05-09T02:00:00+01:00,3322.29,3327.575,3274.72,3324.715
2025-05-09T06:00:00+01:00,3324.565,3332.35,3313,3328.595
2025-05-09T10:00:00+01:00,3328.58,3338.515,3322.08,3333.695
2025-05-09T14:00:00+01:00,3333.69,3347.665,3320.4,3336.885
2025-05-09T18:00:00+01:00,3336.88,3343.055,3323.84,3324.245
2025-05-11T22:00:00+01:00,3272.57,3295.605,3265.96,3279.27
2025-05-12T02:00:00+01:00,3279.28,3284.855,3258.935,3279.01
2025-05-12T06:00:00+01:00,3279.055,3281.815,3216.155,3231.65
2025-05-12T10:00:00+01:00,3231.528,3234.475,3207.8,3233.685
2025-05-12T14:00:00+01:00,3233.905,3248.805,3223.28,3224.3
2025-05-12T18:00:00+01:00,3224.595,3239.07,3220.42,3236.61
2025-05-12T22:00:00+01:00,3236.855,3243.415,3230.045,3240.01
2025-05-13T02:00:00+01:00,3239.97,3253.625,3215.93,3252.575
2025-05-13T06:00:00+01:00,3252.765,3265.69,3247.4,3255.75
2025-05-13T10:00:00+01:00,3255.715,3258.695,3237.325,3241.855
2025-05-13T14:00:00+01:00,3241.725,3257.925,3225.49,3251.13
2025-05-13T18:00:00+01:00,3251.095,3254.79,3242.21,3250.63
2025-05-13T22:00:00+01:00,3250.03,3257.295,3240.515,3243.765
2025-05-14T02:00:00+01:00,3243.782,3251.93,3222.595,3223.93
2025-05-14T06:00:00+01:00,3223.915,3243.905,3222.0325,3232.53
2025-05-14T10:00:00+01:00,3232.52,3239.275,3184.265,3184.95
2025-05-14T14:00:00+01:00,3185.47,3198.42,3173.81,3188.595
2025-05-14T18:00:00+01:00,3188.555,3190.625,3167.93,3177.4
2025-05-14T22:00:00+01:00,3178.43,3187.995,3177.885,3187.955
2025-05-15T02:00:00+01:00,3187.82,3192.9,3135.615,3138.65
2025-05-15T06:00:00+01:00,3138.735,3164.38,3120.65,3162.63
2025-05-15T10:00:00+01:00,3162.61,3189.95,3159.3,3188.795
2025-05-15T14:00:00+01:00,3188.817,3222.825,3185.205,3222.55
2025-05-15T18:00:00+01:00,3222.585,3240.7,3216.46,3240.07
2025-05-15T22:00:00+01:00,3240.4,3252.355,3232.12,3243.18
2025-05-16T02:00:00+01:00,3243.135,3244.665,3206.625,3219.73
2025-05-16T06:00:00+01:00,3219.595,3231.265,3195.48,3207.525
2025-05-16T10:00:00+01:00,3207.465,3213.05,3154.05,3177.53
2025-05-16T14:00:00+01:00,3177.643,3189.905,3165.965,3189.475
2025-05-16T18:00:00+01:00,3189.545,3205.21,3183.49,3203.12
2025-05-18T22:00:00+01:00,3219.415,3249.88,3206.53,3246.72
2025-05-19T02:00:00+01:00,3246.7,3246.95,3206.6,3216.025
2025-05-19T06:00:00+01:00,3215.955,3245.03,3215.02,3244.505
2025-05-19T10:00:00+01:00,3244.668,3248.61,3229.015,3229.405
2025-05-19T14:00:00+01:00,3229.57,3241.74,3217.255,3231.855
2025-05-19T18:00:00+01:00,3231.86,3235.95,3225.28,3229.58
2025-05-19T22:00:00+01:00,3230.25,3231.27,3214.18,3222.8
2025-05-20T02:00:00+01:00,3223.28,3232.825,3204.58,3217.295
2025-05-20T06:00:00+01:00,3217.27,3236.17,3207.99,3235.92
2025-05-20T10:00:00+01:00,3235.94,3250.86,3230.52,3242.835
2025-05-20T14:00:00+01:00,3242.515,3285.865,3233.05,3278.92
2025-05-20T18:00:00+01:00,3278.9,3295.79,3278.43,3290.185
2025-05-20T22:00:00+01:00,3290.73,3304.265,3288.715,3303.545
2025-05-21T02:00:00+01:00,3303.485,3314.87,3285.49,3302.185
2025-05-21T06:00:00+01:00,3302.135,3320.74,3298.53,3308.465
2025-05-21T10:00:00+01:00,3308.485,3318.39,3290.859,3302.7485
2025-05-21T14:00:00+01:00,3302.7785,3315.335,3295.3485,3303.1885
2025-05-21T18:00:00+01:00,3303.1735,3324.9765,3302.8735,3314.995
2025-05-21T22:00:00+01:00,3319.675,3326.225,3315.52,3323.875
2025-05-22T02:00:00+01:00,3323.878,3345.5365,3320.49,3338.67
2025-05-22T06:00:00+01:00,3338.6815,3339.5815,3310.22,3311.325
2025-05-22T10:00:00+01:00,3311.315,3314.8685,3283.1185,3304.185
2025-05-22T14:00:00+01:00,3304.428,3315.865,3279.26,3301.6385
2025-05-22T18:00:00+01:00,3301.715,3301.8835,3289.1585,3294.85
2025-05-22T22:00:00+01:00,3295.225,3308.9915,3287.1335,3301.0835
2025-05-23T02:00:00+01:00,3301.233,3316.21,3290.9765,3313.7215
2025-05-23T06:00:00+01:00,3313.7165,3334.485,3312.575,3326.425
2025-05-23T10:00:00+01:00,3326.465,3360.5765,3323.5335,3357.0335
2025-05-23T14:00:00+01:00,3357.0385,3364.7715,3336.625,3359.0635
2025-05-23T18:00:00+01:00,3359.065,3366.0515,3356.2635,3357.67
2025-05-25T22:00:00+01:00,3356.5165,3356.71,3331.5065,3342.0215
2025-05-26T02:00:00+01:00,3342.1165,3356.8965,3335.6335,3349.905
2025-05-26T06:00:00+01:00,3349.8835,3351.925,3331.0985,3334.7465
2025-05-26T10:00:00+01:00,3334.775,3336.2015,3323.725,3334.5335
2025-05-26T14:00:00+01:00,3334.6,3343.725,3331.4085,3342.1465
2025-05-26T18:00:00+01:00,3342.3965,3343.2765,3340.525,3341.9685
2025-05-26T22:00:00+01:00,3343.4,3350.0615,3342.525,3345.2235
2025-05-27T02:00:00+01:00,3345.2685,3347.4115,3330.695,3330.91
2025-05-27T06:00:00+01:00,3330.925,3332.785,3292.6335,3298.6235
2025-05-27T10:00:00+01:00,3298.5915,3309.775,3287.825,3293.85
2025-05-27T14:00:00+01:00,3293.74,3304.9965,3285.0305,3297.9015
2025-05-27T18:00:00+01:00,3297.865,3308.11,3296.92,3300.805
2025-05-27T22:00:00+01:00,3301.2915,3315.87,3297.3835,3308.6465
2025-05-28T02:00:00+01:00,3308.6165,3313.915,3291.7,3296.4885
2025-05-28T06:00:00+01:00,3296.505,3323.9015,3296.1035,3321.6715
2025-05-28T10:00:00+01:00,3321.68,3325.685,3305.41,3312.2615
2025-05-28T14:00:00+01:00,3312.235,3316.5485,3288.6535,3293.5935
2025-05-28T18:00:00+01:00,3293.5665,3303.175,3276.4985,3287.32
2025-05-28T22:00:00+01:00,3288.715,3295,3250.235,3265.055
2025-05-29T02:00:00+01:00,3265.12,3280.32,3245.575,3269.16
2025-05-29T06:00:00+01:00,3269.1785,3289.375,3266.1,3281.77
2025-05-29T10:00:00+01:00,3281.76,3317.585,3276.305,3316.575
2025-05-29T14:00:00+01:00,3316.547,3331.235,3304.825,3322.3335
2025-05-29T18:00:00+01:00,3322.3065,3325.91,3315.305,3318.135
2025-05-29T22:00:00+01:00,3318.1435,3321.1365,3309.5735,3312.6085
2025-05-30T02:00:00+01:00,3312.6365,3322.8415,3291.3635,3296.4
2025-05-30T06:00:00+01:00,3296.25,3305.075,3287.525,3295.8065
2025-05-30T10:00:00+01:00,3295.75,3306.9465,3282.8085,3304.0515
2025-05-30T14:00:00+01:00,3304.0115,3308.35,3271.54,3293.3335
2025-05-30T18:00:00+01:00,3293.285,3295.89,3288.81,3289.365
2025-06-01T22:00:00+01:00,3298.72,3316.8,3295.8865,3311.45
2025-06-02T02:00:00+01:00,3311.5085,3318.305,3301.5235,3314.005
2025-06-02T06:00:00+01:00,3313.93,3359.16,3313.8335,3352.0465
2025-06-02T10:00:00+01:00,3352.032,3363.6915,3344.46,3355.5085
2025-06-02T14:00:00+01:00,3355.7585,3379.265,3350.3635,3371.73
2025-06-02T18:00:00+01:00,3371.6465,3383.015,3370.8265,3381.495
2025-06-02T22:00:00+01:00,3383.88,3392.285,3373.8885,3375.9735
2025-06-03T02:00:00+01:00,3376.0135,3378.1085,3359.3075,3362.8065
2025-06-03T06:00:00+01:00,3362.815,3367.8835,3351.2415,3361.2815
2025-06-03T10:00:00+01:00,3361.29,3363.2215,3349.115,3359.4615
2025-06-03T14:00:00+01:00,3359.41,3363.2615,3333.04,3348.5885
2025-06-03T18:00:00+01:00,3348.5735,3355.55,3347.3635,3353.25
2025-06-03T22:00:00+01:00,3354.3,3361.725,3349.8515,3350.3365
2025-06-04T02:00:00+01:00,3350.3165,3372.73,3346.5485,3354.875
2025-06-04T06:00:00+01:00,3354.905,3365.29,3348.08,3362.905
2025-06-04T10:00:00+01:00,3362.9285,3365.12,3343.7965,3359.025
2025-06-04T14:00:00+01:00,3359.065,3384.7985,3350.9085,3375.0965
2025-06-04T18:00:00+01:00,3375.0115,3382.18,3370.79,3372.885
2025-06-04T22:00:00+01:00,3374.9485,3381.85,3372.4015,3380.325
2025-06-05T02:00:00+01:00,3380.2765,3384.295,3363.925,3368.52
2025-06-05T06:00:00+01:00,3368.548,3376.9965,3361.245,3375.305
2025-06-05T10:00:00+01:00,3375.325,3403.51,3374.1135,3383.1665
2025-06-05T14:00:00+01:00,3383.175,3388.5215,3339.4865,3354.165
2025-06-05T18:00:00+01:00,3354.33,3361.47,3348.96,3352.73
2025-06-05T22:00:00+01:00,3354.33,3364.2285,3353.1935,3359.4515
2025-06-06T02:00:00+01:00,3359.47,3374.6835,3356.1815,3373.7465
2025-06-06T06:00:00+01:00,3373.7615,3375.675,3352.805,3365.4185
2025-06-06T10:00:00+01:00,3365.4485,3365.4985,3343.525,3353.47
2025-06-06T14:00:00+01:00,3353.405,3361.0245,3316.43,3322.885
2025-06-06T18:00:00+01:00,3322.925,3326.8315,3307.205,3310.66
2025-06-08T22:00:00+01:00,3312.3485,3321.33,3298.275,3305.575
2025-06-09T02:00:00+01:00,3305.59,3313.5515,3293.625,3311.83
2025-06-09T06:00:00+01:00,3311.82,3328.675,3309.6565,3319.858
2025-06-09T10:00:00+01:00,3319.8905,3323.5465,3312.21,3320.155
2025-06-09T14:00:00+01:00,3320.185,3337.935,3310.8135,3337.755
2025-06-09T18:00:00+01:00,3337.755,3338.265,3325.035,3325.6
2025-06-09T22:00:00+01:00,3326.02,3328.0385,3314.51,3316.6865
2025-06-10T02:00:00+01:00,3316.7015,3320.1185,3301.9415,3307.3565
2025-06-10T06:00:00+01:00,3307.34,3335.02,3306.8535,3329.47
2025-06-10T10:00:00+01:00,3329.465,3342.5615,3327.155,3337.205
2025-06-10T14:00:00+01:00,3337.275,3349.185,3320.05,3321.34
2025-06-10T18:00:00+01:00,3321.355,3334.6215,3319.44,3323.565
2025-06-10T22:00:00+01:00,3323.2,3335.34,3315.585,3332.5085
2025-06-11T02:00:00+01:00,3332.5,3343.01,3327.1835,3341.8635
2025-06-11T06:00:00+01:00,3341.8605,3348.695,3332.5135,3344.6015
2025-06-11T10:00:00+01:00,3344.565,3360.775,3326.1285,3336.8635
2025-06-11T14:00:00+01:00,3336.83,3344.67,3327.8485,3330.335
2025-06-11T18:00:00+01:00,3330.36,3355.785,3319.5895,3355.33
2025-06-11T22:00:00+01:00,3357.3235,3373.535,3356.33,3365.8785
2025-06-12T02:00:00+01:00,3365.8685,3377.8765,3362.5535,3370.5
2025-06-12T06:00:00+01:00,3370.4965,3375.8785,3338.7685,3356.85
2025-06-12T10:00:00+01:00,3356.8215,3390.6,3355.4485,3388.1165
2025-06-12T14:00:00+01:00,3388.255,3399.04,3377.8935,3383.745
2025-06-12T18:00:00+01:00,3383.785,3389.4265,3378.1015,3386.14
2025-06-12T22:00:00+01:00,3386.18,3420.06,3379.6565,3416.66
2025-06-13T02:00:00+01:00,3416.725,3444.4385,3413.885,3425.3735
2025-06-13T06:00:00+01:00,3425.4185,3428.905,3408.0285,3424.3715
2025-06-13T10:00:00+01:00,3424.3865,3438.2465,3411.6985,3436.69
2025-06-13T14:00:00+01:00,3436.5515,3446.8965,3419.31,3430.17
2025-06-13T18:00:00+01:00,3430.165,3439.66,3427.465,3432.55
2025-06-15T22:00:00+01:00,3451.89,3451.89,3428.9385,3436.4415
2025-06-16T02:00:00+01:00,3436.315,3446.415,3427.0285,3427.6435
2025-06-16T06:00:00+01:00,3427.8335,3430.545,3409.5335,3413.92
2025-06-16T10:00:00+01:00,3414.01,3422.715,3410.8235,3415.7085
2025-06-16T14:00:00+01:00,3415.6985,3418.0885,3382.845,3399.4265
2025-06-16T18:00:00+01:00,3399.405,3400.38,3382.89,3384.165
2025-06-16T22:00:00+01:00,3387.325,3403.3515,3385.5915,3394.4035
2025-06-17T02:00:00+01:00,3394.4385,3402.6135,3373.3935,3394.0515
2025-06-17T06:00:00+01:00,3394.0265,3395.4615,3377.77,3378.935
2025-06-17T10:00:00+01:00,3378.8165,3400.2415,3375.7485,3386.81
2025-06-17T14:00:00+01:00,3386.8585,3397.525,3366.1935,3383.0435
2025-06-17T18:00:00+01:00,3383.08,3392.5465,3381.325,3387.865
2025-06-17T22:00:00+01:00,3390.515,3396.435,3383.0465,3385.8315
2025-06-18T02:00:00+01:00,3385.8015,3400.13,3370.66,3395.2635
2025-06-18T06:00:00+01:00,3395.2735,3395.7485,3377.1835,3383.675
2025-06-18T10:00:00+01:00,3383.625,3389.9985,3375.5865,3386.7435
2025-06-18T14:00:00+01:00,3386.7535,3396.9165,3373.86,3391.06
2025-06-18T18:00:00+01:00,3391.04,3396.0115,3362.695,3369.185
2025-06-18T22:00:00+01:00,3370.045,3383.465,3369.945,3379.5535
2025-06-19T02:00:00+01:00,3379.5285,3388.1215,3369.7465,3374.6385
2025-06-19T06:00:00+01:00,3374.65,3375.385,3347.5835,3368.76
2025-06-19T10:00:00+01:00,3368.7385,3379.198,3363.65,3368.0215
2025-06-19T14:00:00+01:00,3368.05,3373.075,3361.575,3371.0985
2025-06-19T18:00:00+01:00,3371.0835,3375.5065,3365.94,3370.3885
2025-06-19T22:00:00+01:00,3369.215,3370.7085,3362.0385,3368.1415
2025-06-20T02:00:00+01:00,3368.1,3368.3965,3344.7535,3354.4585
2025-06-20T06:00:00+01:00,3354.4485,3355.4,3340.4385,3351.12
2025-06-20T10:00:00+01:00,3351.09,3359.36,3342.02,3344.6035
2025-06-20T14:00:00+01:00,3344.65,3374.5585,3343.15,3371.5415
2025-06-20T18:00:00+01:00,3371.5165,3371.8265,3364.73,3368.635
2025-06-22T22:00:00+01:00,3390.748,3397.275,3358.5385,3365.7285
2025-06-23T02:00:00+01:00,3365.7435,3368.2965,3352.0085,3358.5935
2025-06-23T06:00:00+01:00,3358.615,3362.4,3347.085,3361.92
2025-06-23T10:00:00+01:00,3361.825,3382.15,3355.9735,3360.475
2025-06-23T14:00:00+01:00,3360.3415,3393.5715,3359.935,3389.995
2025-06-23T18:00:00+01:00,3389.9,3391.625,3367.1865,3368.425
2025-06-23T22:00:00+01:00,3368.1115,3370.23,3333.2085,3351.22
2025-06-24T02:00:00+01:00,3351.26,3357.935,3342.2515,3348.6465
2025-06-24T06:00:00+01:00,3348.6215,3348.95,3316.1535,3327.4735
2025-06-24T10:00:00+01:00,3327.48,3329.05,3304.661,3314.775
2025-06-24T14:00:00+01:00,3314.8,3320.4565,3295.425,3318.445
2025-06-24T18:00:00+01:00,3318.5085,3325.31,3315.675,3323.515
2025-06-24T22:00:00+01:00,3324.105,3330.1535,3320.945,3327.015
2025-06-25T02:00:00+01:00,3327.045,3335.3015,3325.9035,3327.635
2025-06-25T06:00:00+01:00,3327.665,3337.1515,3326.59,3327.305
2025-06-25T10:00:00+01:00,3327.308,3329.715,3318.2265,3320.765
2025-06-25T14:00:00+01:00,3320.795,3335.265,3311.985,3334.885
2025-06-25T18:00:00+01:00,3334.9035,3336.1215,3324.7835,3332.465
2025-06-25T22:00:00+01:00,3335.09,3340.2885,3331.375,3334.0415
2025-06-26T02:00:00+01:00,3334.055,3343.315,3329.2565,3334.0415
2025-06-26T06:00:00+01:00,3334.05,3350.365,3331.0535,3348.2315
2025-06-26T10:00:00+01:00,3348.225,3348.8015,3321.795,3322.138
2025-06-26T14:00:00+01:00,3322.143,3333.375,3309.9985,3331.36
2025-06-26T18:00:00+01:00,3331.38,3336.525,3327.7785,3328.125
2025-06-26T22:00:00+01:00,3328.0915,3328.2765,3313.2965,3318.9415
2025-06-27T02:00:00+01:00,3318.935,3322.1485,3291.125,3294.0885
2025-06-27T06:00:00+01:00,3294.1085,3300.9485,3281.925,3289.5135
2025-06-27T10:00:00+01:00,3289.5035,3290.9685,3269.6135,3270.145
2025-06-27T14:00:00+01:00,3270.265,3278.6585,3255.805,3277.6985
2025-06-27T18:00:00+01:00,3277.7085,3282.8865,3268.435,3274.285
2025-06-29T22:00:00+01:00,3272.93,3282.025,3247.1135,3264.55
2025-06-30T02:00:00+01:00,3264.47,3286.3815,3259.515,3285.6265
2025-06-30T06:00:00+01:00,3285.6015,3296.875,3284.7435,3289.185
2025-06-30T10:00:00+01:00,3289.1265,3289.1265,3274.7,3282.165
2025-06-30T14:00:00+01:00,3282.135,3297.58,3277.9885,3297.375
2025-06-30T18:00:00+01:00,3297.3265,3309.5565,3292.2335,3302.725
2025-06-30T22:00:00+01:00,3303.6465,3314.975,3302.3265,3314.8465
2025-07-01T02:00:00+01:00,3314.8085,3323.1415,3314.01,3323.0665
2025-07-01T06:00:00+01:00,3323.01,3342.55,3322.97,3339.635
2025-07-01T10:00:00+01:00,3339.645,3358.16,3338.2865,3354.7135
2025-07-01T14:00:00+01:00,3354.6785,3355.71,3337.07,3341.775
2025-07-01T18:00:00+01:00,3341.765,3342.2885,3336.8765,3338.065
2025-07-01T22:00:00+01:00,3339.6465,3345.1085,3334.6635,3339.02
2025-07-02T02:00:00+01:00,3339.0335,3343.0585,3328.6665,3340.155
2025-07-02T06:00:00+01:00,3340.145,3343.9765,3327.58,3333.605
2025-07-02T10:00:00+01:00,3333.5715,3351.1965,3333.13,3346.6715
2025-07-02T14:00:00+01:00,3346.6765,3349.335,3333.91,3348.7385
2025-07-02T18:00:00+01:00,3348.7135,3360.175,3347.4735,3357.805
2025-07-02T22:00:00+01:00,3357.6865,3365.785,3343.56,3344.7685
2025-07-03T02:00:00+01:00,3344.8035,3351.8785,3341.9415,3350.8115
2025-07-03T06:00:00+01:00,3350.805,3363.7985,3350.1865,3356.2685
2025-07-03T10:00:00+01:00,3356.2485,3356.45,3311.6085,3324.5235
2025-07-03T14:00:00+01:00,3324.6235,3338.5965,3322.1235,3333.975
2025-07-03T18:00:00+01:00,3329.415,3334.9465,3325.365,3326.355
2025-07-03T22:00:00+01:00,3325.95,3332.075,3323.63,3329.0265
2025-07-04T02:00:00+01:00,3328.9415,3342.3415,3326.185,3340.9485
2025-07-04T06:00:00+01:00,3340.9685,3345.165,3336.53,3342.875
2025-07-04T10:00:00+01:00,3342.855,3343.1265,3331.4455,3334.025
2025-07-04T14:00:00+01:00,3334.0255,3338.16,3330.872,3336.5865
2025-07-06T22:00:00+01:00,3334.71,3342.8515,3321.8235,3326.575
2025-07-07T02:00:00+01:00,3326.595,3327.8115,3305.34,3307.81
2025-07-07T06:00:00+01:00,3307.873,3315.33,3300.715,3310.2785
2025-07-07T10:00:00+01:00,3310.1765,3312.788,3296.44,3309.6885
2025-07-07T14:00:00+01:00,3309.68,3328.155,3306.2435,3327.505
2025-07-07T18:00:00+01:00,3327.59,3340.537,3327.46,3336.965
2025-07-07T22:00:00+01:00,3339.35,3345.9115,3331.2055,3334.325
2025-07-08T02:00:00+01:00,3334.297,3338.14,3327.4335,3329.7085
2025-07-08T06:00:00+01:00,3329.745,3339.565,3323.325,3323.73
2025-07-08T10:00:00+01:00,3323.7285,3329.8765,3320.0085,3328.2585
2025-07-08T14:00:00+01:00,3328.265,3328.765,3287.2035,3300.525
2025-07-08T18:00:00+01:00,3300.49,3310.447,3299.443,3301.525
2025-07-08T22:00:00+01:00,3302.04,3308.025,3297.28,3307.1465
2025-07-09T02:00:00+01:00,3307.13,3307.3465,3284.995,3294.0035
2025-07-09T06:00:00+01:00,3294.015,3297.8715,3282.6885,3285.06
2025-07-09T10:00:00+01:00,3284.955,3297.555,3283.26,3296.4615
2025-07-09T14:00:00+01:00,3296.49,3313.4135,3291.98,3311.945
2025-07-09T18:00:00+01:00,3311.92,3316.8515,3307.985,3313.81
2025-07-09T22:00:00+01:00,3313.8865,3322.0215,3313.485,3317.75
2025-07-10T02:00:00+01:00,3317.6865,3326.415,3314.9785,3322.315
2025-07-10T06:00:00+01:00,3322.395,3330.225,3319.93,3328.74
2025-07-10T10:00:00+01:00,3328.73,3330.34,3317.955,3323.785
2025-07-10T14:00:00+01:00,3323.775,3329.64,3310.195,3315.205
2025-07-10T18:00:00+01:00,3315.12,3326.0485,3314.7935,3323.915
2025-07-10T22:00:00+01:00,3323.9185,3336.265,3321.89,3330.4815
2025-07-11T02:00:00+01:00,3330.4865,3336.1565,3325.2115,3332.045
2025-07-11T06:00:00+01:00,3332.005,3343.895,3331.215,3333.185
2025-07-11T10:00:00+01:00,3333.208,3357.0835,3332.8935,3355.162
2025-07-11T14:00:00+01:00,3355.152,3368.717,3350.1715,3353.9115
2025-07-11T18:00:00+01:00,3353.8715,3359.815,3349.2885,3355.82
2025-07-13T22:00:00+01:00,3363.875,3374.18,3359.3435,3367.51
2025-07-14T02:00:00+01:00,3367.44,3370.325,3353.87,3359.765
2025-07-14T06:00:00+01:00,3359.635,3375.0835,3353.7935,3366.24
2025-07-14T10:00:00+01:00,3366.3015,3374.705,3349.4215,3350.1215
2025-07-14T14:00:00+01:00,3350.15,3359.0785,3341.085,3347.85
2025-07-14T18:00:00+01:00,3347.875,3351.755,3341.37,3343.395
2025-07-14T22:00:00+01:00,3343.62,3349.4835,3341.385,3347.6465
2025-07-15T02:00:00+01:00,3347.645,3361.4815,3345.86,3360.295
2025-07-15T06:00:00+01:00,3360.325,3365.715,3356.655,3361.0415
2025-07-15T10:00:00+01:00,3361.075,3366.4265,3346.47,3348.89
2025-07-15T14:00:00+01:00,3348.922,3352.545,3320.298,3329.2555
2025-07-15T18:00:00+01:00,3329.2455,3332.0215,3323.655,3324.065
2025-07-15T22:00:00+01:00,3324.8985,3332.77,3323.815,3330.555
2025-07-16T02:00:00+01:00,3330.585,3338.6715,3325.1685,3338.315
2025-07-16T06:00:00+01:00,3338.2915,3342.715,3335.7065,3342.06
2025-07-16T10:00:00+01:00,3341.995,3343.07,3331.022,3334.625
2025-07-16T14:00:00+01:00,3334.645,3377.62,3319.7255,3349.1365
2025-07-16T18:00:00+01:00,3349.155,3357.49,3346.0665,3347.095
2025-07-16T22:00:00+01:00,3348.1315,3352.325,3339.78,3340.84
2025-07-17T02:00:00+01:00,3340.84,3344.8365,3336.4065,3342.7715
2025-07-17T06:00:00+01:00,3342.7465,3343.005,3325.23,3328.865
2025-07-17T10:00:00+01:00,3328.825,3332.515,3309.835,3313.1735
2025-07-17T14:00:00+01:00,3313.1185,3340.032,3311.1835,3338.852
2025-07-17T18:00:00+01:00,3338.862,3341.15,3335.627,3339.113
2025-07-17T22:00:00+01:00,3341.33,3344.068,3337.97,3339.96
2025-07-18T02:00:00+01:00,3339.98,3344.3,3333.86,3337.1635
2025-07-18T06:00:00+01:00,3337.1435,3350.45,3331.93,3347.6
2025-07-18T10:00:00+01:00,3347.625,3361.315,3347.515,3359.985
2025-07-18T14:00:00+01:00,3360.005,3360.395,3351.293,3353.735
2025-07-18T18:00:00+01:00,3353.76,3353.813,3347.705,3350.33
2025-07-20T22:00:00+01:00,3350.325,3354.5765,3345.125,3352.31
2025-07-21T02:00:00+01:00,3352.28,3358.81,3350.6965,3357.9115
2025-07-21T06:00:00+01:00,3357.875,3370.82,3357.805,3366.075
2025-07-21T10:00:00+01:00,3366.1185,3388.685,3362.84,3387.355
2025-07-21T14:00:00+01:00,3387.4235,3401.607,3383.6265,3395.675
2025-07-21T18:00:00+01:00,3395.685,3399.7965,3391.445,3396.82
2025-07-21T22:00:00+01:00,3397.635,3402.8385,3390.545,3394.555
2025-07-22T02:00:00+01:00,3394.555,3396,3385.22,3391.1065
2025-07-22T06:00:00+01:00,3391.235,3391.955,3383.3585,3389.0735
2025-07-22T10:00:00+01:00,3389.0435,3407.95,3384.69,3407.635
2025-07-22T14:00:00+01:00,3407.642,3432.962,3404.955,3432.27
2025-07-22T18:00:00+01:00,3432.29,3433.497,3426.5215,3431.3
2025-07-22T22:00:00+01:00,3432.175,3439.0435,3426.295,3428.8615
2025-07-23T02:00:00+01:00,3428.825,3430.735,3419.245,3423.725
2025-07-23T06:00:00+01:00,3423.695,3429.735,3416.455,3428.56
2025-07-23T10:00:00+01:00,3428.575,3433.8865,3419.96,3420.08
2025-07-23T14:00:00+01:00,3420.0565,3420.6765,3381.465,3387.475
2025-07-23T18:00:00+01:00,3387.46,3396.06,3385.7685,3387.245
2025-07-23T22:00:00+01:00,3388.4615,3393.3935,3386.55,3391.5535
2025-07-24T02:00:00+01:00,3391.5435,3393.5,3374.7015,3382.695
2025-07-24T06:00:00+01:00,3382.705,3383,3365.8965,3369.805
2025-07-24T10:00:00+01:00,3369.785,3370.19,3353.0225,3353.5
2025-07-24T14:00:00+01:00,3353.495,3377.465,3351.485,3367.053
2025-07-24T18:00:00+01:00,3367.033,3373.525,3366.393,3368.45
2025-07-24T22:00:00+01:00,3368.6035,3373.535,3365.2015,3372.215
2025-07-25T02:00:00+01:00,3372.24,3372.7465,3357.9365,3360.95
2025-07-25T06:00:00+01:00,3360.97,3362.38,3344.525,3345.49
2025-07-25T10:00:00+01:00,3345.4715,3348.9165,3336.38,3340.8405
2025-07-25T14:00:00+01:00,3340.8235,3347.6315,3325.07,3329.8235
2025-07-25T18:00:00+01:00,3329.868,3340.34,3329.7145,3336.81
2025-07-27T22:00:00+01:00,3317.5715,3337.535,3317.5715,3333.4365
2025-07-28T02:00:00+01:00,3333.415,3344.1135,3329.9735,3339.695
2025-07-28T06:00:00+01:00,3339.68,3345.445,3332.3585,3336.1015
2025-07-28T10:00:00+01:00,3336.2515,3340.875,3325.605,3328.455
2025-07-28T14:00:00+01:00,3328.475,3330.6905,3301.79,3312.315
2025-07-28T18:00:00+01:00,3312.33,3318.995,3308.8285,3313.06
2025-07-28T22:00:00+01:00,3315.245,3315.9085,3308.1085,3311.7285
2025-07-29T02:00:00+01:00,3311.7185,3320.9415,3308.4685,3316.57
2025-07-29T06:00:00+01:00,3316.48,3330.0135,3311.39,3326.42
2025-07-29T10:00:00+01:00,3326.4035,3328.345,3314.965,3323.325
2025-07-29T14:00:00+01:00,3323.3335,3334.2065,3311.97,3323.27
2025-07-29T18:00:00+01:00,3323.22,3330.9165,3322.6615,3326.49
2025-07-29T22:00:00+01:00,3327.4,3333.8035,3326.0085,3330.305
2025-07-30T02:00:00+01:00,3330.215,3333.345,3321.91,3327.205
2025-07-30T06:00:00+01:00,3326.945,3333.515,3323.0915,3332.29
2025-07-30T10:00:00+01:00,3332.102,3334.075,3310.72,3313.38
2025-07-30T14:00:00+01:00,3313.3865,3316.2395,3288.688,3298.15
2025-07-30T18:00:00+01:00,3298.18,3305.4385,3268.165,3275.33
2025-07-30T22:00:00+01:00,3276.2165,3288.54,3273.9535,3286.5915
2025-07-31T02:00:00+01:00,3286.57,3298.7185,3285.1265,3298.2085
2025-07-31T06:00:00+01:00,3298.235,3314.935,3294.805,3309.935
2025-07-31T10:00:00+01:00,3309.9,3313.1835,3293.825,3307.675
2025-07-31T14:00:00+01:00,3307.6985,3310.4965,3289.6885,3295.0705
2025-07-31T18:00:00+01:00,3295.1005,3298.5185,3289.5635,3290.105
2025-07-31T22:00:00+01:00,3290.47,3295.2735,3286.5085,3290.3515
2025-08-01T02:00:00+01:00,3290.3,3297.175,3281.6935,3292.1815
2025-08-01T06:00:00+01:00,3292.155,3300.5,3285.2765,3294.33
2025-08-01T10:00:00+01:00,3294.32,3345.3265,3292.82,3341.335
2025-08-01T14:00:00+01:00,3341.3885,3355.2185,3338.8835,3347.365
2025-08-01T18:00:00+01:00,3347.3065,3363.695,3345.6835,3363.085
2025-08-03T22:00:00+01:00,3365.6965,3369.415,3350.25,3352.2985
2025-08-04T02:00:00+01:00,3352.175,3362.2915,3345.0565,3358.955
2025-08-04T06:00:00+01:00,3359.12,3362.75,3351.7565,3358.565
2025-08-04T10:00:00+01:00,3358.54,3371.5865,3352.95,3367.88
2025-08-04T14:00:00+01:00,3367.885,3385.455,3367.1065,3371.0055
2025-08-04T18:00:00+01:00,3370.972,3377.1815,3370.7,3373.225
2025-08-04T22:00:00+01:00,3375.04,3381.465,3373.7415,3379.93
2025-08-05T02:00:00+01:00,3379.9,3382.4865,3371.08,3371.25
2025-08-05T06:00:00+01:00,3371.23,3375.645,3365.82,3366.135
2025-08-05T10:00:00+01:00,3366.12,3367.078,3349.882,3366.15
2025-08-05T14:00:00+01:00,3366.2565,3390.497,3365.9385,3382.1415
2025-08-05T18:00:00+01:00,3382.142,3382.925,3378.205,3380.56
2025-08-05T22:00:00+01:00,3381.04,3385.3465,3378.255,3383.515
2025-08-06T02:00:00+01:00,3383.4235,3383.725,3372.2735,3372.5285
2025-08-06T06:00:00+01:00,3372.5135,3378.765,3364.865,3365.205
2025-08-06T10:00:00+01:00,3365.235,3369.325,3358.2585,3367.635
2025-08-06T14:00:00+01:00,3367.5665,3380.0415,3365.2635,3376.165
2025-08-06T18:00:00+01:00,3376.195,3377.7465,3367.25,3368.97
2025-08-06T22:00:00+01:00,3369.4,3374.9,3365.3,3372.375
2025-08-07T02:00:00+01:00,3372.41,3384.32,3370.2435,3377.755
2025-08-07T06:00:00+01:00,3377.76,3397.5735,3371.7965,3378.555
2025-08-07T10:00:00+01:00,3378.57,3389.78,3371.825,3380.775
2025-08-07T14:00:00+01:00,3380.795,3393.913,3374.8785,3388.918
2025-08-07T18:00:00+01:00,3388.925,3402.0215,3384.435,3397.085
2025-08-07T22:00:00+01:00,3404.855,3409.83,3387.345,3389.94
2025-08-08T02:00:00+01:00,3389.95,3399.48,3381.0905,3394.475
2025-08-08T06:00:00+01:00,3394.427,3404.44,3388.6765,3394.45
2025-08-08T10:00:00+01:00,3394.415,3402.21,3380.353,3391.785
2025-08-08T14:00:00+01:00,3391.905,3401.785,3381.1685,3397.525
2025-08-08T18:00:00+01:00,3397.515,3404.8825,3375.5245,3399.16
2025-08-10T22:00:00+01:00,3398.2815,3405.3815,3381.425,3381.7
2025-08-11T02:00:00+01:00,3381.75,3384.0415,3367.7285,3375.92
2025-08-11T06:00:00+01:00,3375.908,3380.148,3357.13,3361.94
2025-08-11T10:00:00+01:00,3361.747,3364.013,3344.3635,3356.938
2025-08-11T14:00:00+01:00,3356.928,3362.96,3341.555,3344.185
2025-08-11T18:00:00+01:00,3344.192,3358.9665,3341.28,3341.98
2025-08-11T22:00:00+01:00,3343.2465,3355.835,3342.4565,3354.6335
2025-08-12T02:00:00+01:00,3354.6485,3357.5435,3346.225,3354.5
2025-08-12T06:00:00+01:00,3354.53,3358.25,3342.2185,3347.9465
2025-08-12T10:00:00+01:00,3347.9565,3358.145,3336.1335,3349.955
2025-08-12T14:00:00+01:00,3349.8865,3359.4495,3331.125,3349.52
2025-08-12T18:00:00+01:00,3349.56,3350.885,3345.64,3348.21
2025-08-12T22:00:00+01:00,3348.445,3353.89,3342.732,3343.592
2025-08-13T02:00:00+01:00,3343.667,3354.465,3342.737,3351.8665
2025-08-13T06:00:00+01:00,3351.8565,3363.575,3345.6895,3360.395
2025-08-13T10:00:00+01:00,3360.38,3367.135,3355.5135,3358.17
2025-08-13T14:00:00+01:00,3358.13,3370.835,3354.2205,3357.972
2025-08-13T18:00:00+01:00,3357.96,3359.4465,3350.0035,3355.755
2025-08-13T22:00:00+01:00,3356.8315,3374.85,3356.4215,3369.58
2025-08-14T02:00:00+01:00,3369.57,3370.9565,3355.56,3360.525
2025-08-14T06:00:00+01:00,3360.5,3366.5165,3341.565,3346.21
2025-08-14T10:00:00+01:00,3346.2215,3359.245,3341.521,3350.5965
2025-08-14T14:00:00+01:00,3350.5765,3356.15,3329.9,3334.435
2025-08-14T18:00:00+01:00,3334.3735,3341.1615,3331.9165,3335.33
2025-08-14T22:00:00+01:00,3336.48,3338.7965,3332.2485,3337.105
2025-08-15T02:00:00+01:00,3337.13,3346.7615,3333.385,3345.5585
2025-08-15T06:00:00+01:00,3345.59,3348.905,3338.41,3341.395
2025-08-15T10:00:00+01:00,3341.365,3345.0565,3333.6065,3342.72
2025-08-15T14:00:00+01:00,3342.74,3346.0785,3332.9785,3338.2415
2025-08-15T18:00:00+01:00,3338.2565,3339.702,3334.475,3335.695
2025-08-17T22:00:00+01:00,3336.845,3342.905,3323.6185,3340.655
2025-08-18T02:00:00+01:00,3340.635,3358.265,3339.695,3357.605
2025-08-18T06:00:00+01:00,3357.59,3358.4835,3344.5615,3348.7
2025-08-18T10:00:00+01:00,3348.668,3351.783,3343.167,3344.8635
2025-08-18T14:00:00+01:00,3344.8485,3345.023,3331.8065,3334.3365
2025-08-18T18:00:00+01:00,3334.345,3334.94,3330.3185,3332.49
2025-08-18T22:00:00+01:00,3333.9,3339.3185,3326.1435,3335.265
2025-08-19T02:00:00+01:00,3335.295,3341.69,3329.565,3337.7885
2025-08-19T06:00:00+01:00,3337.823,3341.8665,3334.53,3338.05
2025-08-19T10:00:00+01:00,3338.07,3345.445,3334.282,3334.812
2025-08-19T14:00:00+01:00,3334.797,3339.4685,3317.1035,3317.5785
2025-08-19T18:00:00+01:00,3317.585,3320.27,3314.9635,3316.35
2025-08-19T22:00:00+01:00,3316.275,3317.66,3312.86,3316.1315
2025-08-20T02:00:00+01:00,3316.1265,3321,3311.55,3318.8315
2025-08-20T06:00:00+01:00,3318.84,3327.5935,3318.2185,3325.085
2025-08-20T10:00:00+01:00,3325.08,3344.9585,3323.63,3342.925
2025-08-20T14:00:00+01:00,3342.905,3350.3915,3338.945,3345.24
2025-08-20T18:00:00+01:00,3345.195,3349.355,3344.057,3348.17
2025-08-20T22:00:00+01:00,3349.7915,3352.2435,3341.5065,3342.35
2025-08-21T02:00:00+01:00,3342.36,3346.5185,3338.035,3338.3835
2025-08-21T06:00:00+01:00,3338.3935,3341.58,3334.2815,3339.6015
2025-08-21T10:00:00+01:00,3339.5965,3345.1665,3325.2165,3341.955
2025-08-21T14:00:00+01:00,3341.925,3348.1935,3336.125,3339.7965
2025-08-21T18:00:00+01:00,3339.7815,3342.1315,3336.6635,3339.555
2025-08-21T22:00:00+01:00,3339.31,3340.73,3335.175,3339.675
2025-08-22T02:00:00+01:00,3339.7,3340.3635,3328.0465,3328.505
2025-08-22T06:00:00+01:00,3328.4085,3335.1835,3325.41,3328.817
2025-08-22T10:00:00+01:00,3328.827,3331.8335,3321.43,3323.58
2025-08-22T14:00:00+01:00,3323.54,3378.835,3323.3235,3370.59
2025-08-22T18:00:00+01:00,3370.6,3375.59,3368.9215,3372.11
2025-08-24T22:00:00+01:00,3371.455,3372.2915,3363.3585,3364.9115
2025-08-25T02:00:00+01:00,3364.93,3368.205,3359.8,3366.1785
2025-08-25T06:00:00+01:00,3366.1085,3369.94,3363.16,3364.0435
2025-08-25T10:00:00+01:00,3364.005,3371.6385,3362.0635,3364.535
2025-08-25T14:00:00+01:00,3364.56,3376.375,3362.18,3373.945
2025-08-25T18:00:00+01:00,3373.9885,3374.92,3364.3165,3366.485
2025-08-25T22:00:00+01:00,3366.0635,3386.6885,3351.46,3383.315
2025-08-26T02:00:00+01:00,3383.287,3384.87,3369.8315,3377.505
2025-08-26T06:00:00+01:00,3377.535,3379.97,3367.27,3376.765
2025-08-26T10:00:00+01:00,3376.745,3380.455,3367.31,3371.975
2025-08-26T14:00:00+01:00,3372.0165,3389.495,3370.365,3383.045
2025-08-26T18:00:00+01:00,3383.0215,3394.06,3380.37,3394.045
2025-08-26T22:00:00+01:00,3393.35,3394.485,3388.845,3389.6365
2025-08-27T02:00:00+01:00,3389.6465,3390.082,3373.926,3375.02
2025-08-27T06:00:00+01:00,3375.07,3385.0985,3373.92,3384.66
2025-08-27T10:00:00+01:00,3384.6,3385.585,3373.9645,3381.27
2025-08-27T14:00:00+01:00,3381.29,3398.87,3375.62,3395.495
2025-08-27T18:00:00+01:00,3395.475,3398.29,3392.32,3397.47
2025-08-27T22:00:00+01:00,3398.3535,3399.41,3391.315,3392.03
2025-08-28T02:00:00+01:00,3392.013,3392.94,3384.725,3390.38
2025-08-28T06:00:00+01:00,3390.355,3401.2035,3387.68,3400.785
2025-08-28T10:00:00+01:00,3400.8,3408.8135,3393.87,3397.16
2025-08-28T14:00:00+01:00,3397.17,3417.852,3394.1935,3415.605
2025-08-28T18:00:00+01:00,3415.567,3423.202,3414.615,3416.525
2025-08-28T22:00:00+01:00,3417.9435,3418.405,3413.04,3413.54
2025-08-29T02:00:00+01:00,3413.53,3414.115,3407.52,3408.935
2025-08-29T06:00:00+01:00,3408.93,3414.905,3406.515,3410.4265
2025-08-29T10:00:00+01:00,3410.4415,3416.945,3404.425,3416.54
2025-08-29T14:00:00+01:00,3416.61,3449.6035,3413.685,3449.285
2025-08-29T18:00:00+01:00,3449.25,3453.88,3440.9865,3447.63
2025-08-31T22:00:00+01:00,3446.6065,3452.88,3442.345,3444.07
2025-09-01T02:00:00+01:00,3444.1,3486.2665,3436.9915,3475.2865
2025-09-01T06:00:00+01:00,3475.2615,3489.9085,3467.675,3477.01
2025-09-01T10:00:00+01:00,3477,3477.085,3466.32,3469.53
2025-09-01T14:00:00+01:00,3469.555,3481.415,3468.99,3477.44
2025-09-01T18:00:00+01:00,3477.3835,3479.085,3476.245,3476.47
2025-09-01T22:00:00+01:00,3477.45,3485.1915,3474.49,3479.2
2025-09-02T02:00:00+01:00,3479.16,3508.7315,3476.96,3496.76
2025-09-02T06:00:00+01:00,3496.775,3497.9685,3470.21,3477.77
2025-09-02T10:00:00+01:00,3477.805,3494.29,3474.465,3482.087
2025-09-02T14:00:00+01:00,3482.133,3528.865,3478.333,3527.755
2025-09-02T18:00:00+01:00,3527.785,3540.107,3522.03,3532.85
2025-09-02T22:00:00+01:00,3533.675,3546.9165,3526.3865,3536.215
2025-09-03T02:00:00+01:00,3536.125,3546.1285,3529.45,3536.955
2025-09-03T06:00:00+01:00,3536.94,3541.41,3526.991,3540.13
2025-09-03T10:00:00+01:00,3540.15,3551.645,3532.36,3550.62
2025-09-03T14:00:00+01:00,3550.65,3572.64,3549.34,3572.49
2025-09-03T18:00:00+01:00,3572.515,3578.43,3558.84,3559.075
2025-09-03T22:00:00+01:00,3561.2565,3564.2665,3551.915,3561.59
2025-09-04T02:00:00+01:00,3561.665,3563.5115,3511.1385,3533.225
2025-09-04T06:00:00+01:00,3533.245,3545.67,3524.4225,3541.4535
2025-09-04T10:00:00+01:00,3541.4635,3553.5165,3536.5565,3548.385
2025-09-04T14:00:00+01:00,3548.365,3558.87,3535.0015,3552.625
2025-09-04T18:00:00+01:00,3552.6085,3555.515,3542.62,3545.28
2025-09-04T22:00:00+01:00,3546.48,3556.7035,3540.04,3552.27
2025-09-05T02:00:00+01:00,3552.23,3559.26,3545.91,3558.61
2025-09-05T06:00:00+01:00,3558.65,3561.31,3544.865,3546.015
2025-09-05T10:00:00+01:00,3546.035,3587.16,3545.96,3580.475
2025-09-05T14:00:00+01:00,3580.505,3600.175,3573.225,3595.235
2025-09-05T18:00:00+01:00,3595.27,3597.555,3585.92,3586.62
2025-09-07T22:00:00+01:00,3582.154,3597.007,3578.25,3594.37
2025-09-08T02:00:00+01:00,3594.385,3597.25,3579.735,3581.71
2025-09-08T06:00:00+01:00,3581.555,3617.35,3581.205,3611.315
2025-09-08T10:00:00+01:00,3611.29,3626.09,3608.69,3624.28
2025-09-08T14:00:00+01:00,3624.4835,3646.37,3620.2815,3640.66
2025-09-08T18:00:00+01:00,3640.69,3641.175,3632.015,3635.3
2025-09-08T22:00:00+01:00,3636.55,3640.895,3628.3935,3638.565
2025-09-09T02:00:00+01:00,3638.562,3657.26,3636.095,3655.0685
2025-09-09T06:00:00+01:00,3655.0655,3659.445,3636.74,3648.235
2025-09-09T10:00:00+01:00,3648.26,3656.7985,3643.855,3647.555
2025-09-09T14:00:00+01:00,3647.585,3674.89,3627,3645.0715
2025-09-09T18:00:00+01:00,3645.0815,3646.52,3624.81,3625.27
2025-09-09T22:00:00+01:00,3619.93,3640.8315,3619.1045,3624.1
2025-09-10T02:00:00+01:00,3624.15,3643.4285,3620.3585,3643.0335
2025-09-10T06:00:00+01:00,3643.075,3648.63,3640.04,3645.9885
2025-09-10T10:00:00+01:00,3646.045,3658.025,3640.4065,3644.065
2025-09-10T14:00:00+01:00,3644.085,3655.495,3638.6965,3642.83
2025-09-10T18:00:00+01:00,3642.88,3649.8115,3635.3,3640.465
2025-09-10T22:00:00+01:00,3641.58,3647.25,3637.955,3643.925
2025-09-11T02:00:00+01:00,3643.995,3649.2685,3629.955,3630.7
2025-09-11T06:00:00+01:00,3630.675,3638.005,3622.72,3626.245
2025-09-11T10:00:00+01:00,3626.16,3644.1665,3613.04,3629.0315
2025-09-11T14:00:00+01:00,3629.1335,3642.095,3618.3785,3636.17
2025-09-11T18:00:00+01:00,3636.22,3637.6915,3630.5,3633.94
2025-09-11T22:00:00+01:00,3633.825,3638.4385,3630.5735,3636.6165
2025-09-12T02:00:00+01:00,3636.6315,3656.285,3636.6065,3654.985
2025-09-12T06:00:00+01:00,3655.005,3656.705,3639.75,3640.975
2025-09-12T10:00:00+01:00,3640.95,3652.22,3637.67,3645.505
2025-09-12T14:00:00+01:00,3645.685,3654.455,3641.82,3649.27
2025-09-12T18:00:00+01:00,3649.325,3650.835,3641.2635,3643.21
2025-09-14T22:00:00+01:00,3644.37,3646.4815,3632.07,3633.445
2025-09-15T02:00:00+01:00,3633.4315,3647.02,3626.5115,3645.7485
2025-09-15T06:00:00+01:00,3645.7735,3646.395,3633.752,3645.635
2025-09-15T10:00:00+01:00,3645.625,3651.0615,3635.7915,3650.475
2025-09-15T14:00:00+01:00,3650.485,3685.605,3646.8935,3679.27
2025-09-15T18:00:00+01:00,3679.29,3682.785,3675.9235,3678.54
2025-09-15T22:00:00+01:00,3680.495,3686.95,3676.13,3686.485
2025-09-16T02:00:00+01:00,3686.52,3689.5855,3674.81,3684.38
2025-09-16T06:00:00+01:00,3684.32,3697.3685,3680.325,3694.39
2025-09-16T10:00:00+01:00,3694.41,3699.73,3686.5015,3689.32
2025-09-16T14:00:00+01:00,3689.1,3703.1165,3678.915,3689.928
2025-09-16T18:00:00+01:00,3689.893,3693.905,3686.29,3689.95
2025-09-16T22:00:00+01:00,3690,3695.49,3689.285,3691.275
2025-09-17T02:00:00+01:00,3691.255,3692.0035,3674.43,3680.81
2025-09-17T06:00:00+01:00,3680.83,3686,3662.595,3664.9535
2025-09-17T10:00:00+01:00,3664.9435,3679.47,3660.0585,3678.79
2025-09-17T14:00:00+01:00,3678.84,3688.5965,3672.7785,3684.78
2025-09-17T18:00:00+01:00,3684.815,3707.6965,3646.1585,3660.02
2025-09-17T22:00:00+01:00,3659.7185,3672.085,3654.1535,3665.265
2025-09-18T02:00:00+01:00,3665.355,3668.9565,3651.85,3653.615
2025-09-18T06:00:00+01:00,3653.62,3665.95,3633.915,3665.5885
2025-09-18T10:00:00+01:00,3665.5735,3672.8925,3663.015,3663.4065
2025-09-18T14:00:00+01:00,3663.3165,3664.5,3627.8335,3646.435
2025-09-18T18:00:00+01:00,3646.405,3647.195,3640.565,3644.135
2025-09-18T22:00:00+01:00,3644.32,3644.49,3636.1615,3640.105
2025-09-19T02:00:00+01:00,3640.075,3660.105,3632.3565,3658.89
2025-09-19T06:00:00+01:00,3658.905,3661.31,3643.3135,3655.78
2025-09-19T10:00:00+01:00,3655.815,3659.265,3644.545,3649.405
2025-09-19T14:00:00+01:00,3649.385,3675.98,3643.795,3668.355
2025-09-19T18:00:00+01:00,3668.33,3685.292,3668.16,3685.095
2025-09-21T22:00:00+01:00,3687.6,3692.29,3683.71,3690.97
2025-09-22T02:00:00+01:00,3691.01,3697.605,3685.555,3692.245
2025-09-22T06:00:00+01:00,3692.23,3722.64,3692.01,3720.3315
2025-09-22T10:00:00+01:00,3720.3415,3728.44,3712.2965,3721.65
2025-09-22T14:00:00+01:00,3721.69,3739.625,3713.6885,3737.105
2025-09-22T18:00:00+01:00,3737.1815,3748.815,3737.175,3746.395
2025-09-22T22:00:00+01:00,3746.6565,3750.65,3738.1665,3747.25
2025-09-23T02:00:00+01:00,3747.235,3759.3885,3736.74,3744.8785
2025-09-23T06:00:00+01:00,3744.815,3775.2685,3743.37,3774.41
2025-09-23T10:00:00+01:00,3774.44,3791.175,3774.28,3784.365
2025-09-23T14:00:00+01:00,3784.43,3788.94,3765.09,3779.315
2025-09-23T18:00:00+01:00,3779.395,3785.8,3752.08,3763.915
2025-09-23T22:00:00+01:00,3765.5,3770.1715,3759.0135,3765.235
2025-09-24T02:00:00+01:00,3765.255,3771.8885,3750.672,3768.335
2025-09-24T06:00:00+01:00,3768.33,3779.2565,3767.14,3770.17
2025-09-24T10:00:00+01:00,3770.15,3771.815,3759.73,3768.13
2025-09-24T14:00:00+01:00,3768.12,3772.9915,3732.3335,3735.89
2025-09-24T18:00:00+01:00,3735.86,3738.9285,3717.5965,3736.07
2025-09-24T22:00:00+01:00,3736.725,3751.5865,3736.565,3749.0365
2025-09-25T02:00:00+01:00,3749.0165,3750.5915,3729.645,3738.17
2025-09-25T06:00:00+01:00,3738.24,3761.7135,3734.205,3756.53
2025-09-25T10:00:00+01:00,3756.575,3761.23,3730.715,3738.845
2025-09-25T14:00:00+01:00,3738.865,3745.62,3722.1835,3733.785
2025-09-25T18:00:00+01:00,3733.755,3758.31,3732.44,3749.275
2025-09-25T22:00:00+01:00,3750.2315,3751.645,3738.085,3749.6685
2025-09-26T02:00:00+01:00,3749.6985,3753.315,3734.525,3747.795
2025-09-26T06:00:00+01:00,3747.733,3755.245,3739.275,3753
2025-09-26T10:00:00+01:00,3752.97,3757.475,3743.01,3752.07
2025-09-26T14:00:00+01:00,3752.085,3783.875,3751.175,3774.27
2025-09-26T18:00:00+01:00,3774.37,3783.29,3759.6,3760.315
2025-09-28T22:00:00+01:00,3757.01,3787.6,3756.8015,3787.13
2025-09-29T02:00:00+01:00,3787.185,3809.135,3767.8885,3805.085
2025-09-29T06:00:00+01:00,3805.065,3819.9285,3801.2,3818.79
2025-09-29T10:00:00+01:00,3818.805,3831.455,3806.535,3813.775
2025-09-29T14:00:00+01:00,3813.805,3833.565,3809.3685,3830.38
2025-09-29T18:00:00+01:00,3830.39,3834.275,3822.6385,3833.63
2025-09-29T22:00:00+01:00,3833.825,3840.83,3825.74,3839.095
2025-09-30T02:00:00+01:00,3839.05,3867.3085,3838.095,3867.115
2025-09-30T06:00:00+01:00,3867.1,3871.8535,3807.6915,3816.385
2025-09-30T10:00:00+01:00,3816.315,3821.78,3793.195,3819.3985
2025-09-30T14:00:00+01:00,3819.3935,3854.6835,3811.775,3846.01
2025-09-30T18:00:00+01:00,3846.055,3860.8,3839.7665,3858.595
2025-09-30T22:00:00+01:00,3859.4965,3865.415,3854.7385,3860.55
2025-10-01T02:00:00+01:00,3860.5565,3875.61,3855.68,3865.0085
2025-10-01T06:00:00+01:00,3865.0285,3895.46,3853.375,3892.9865
2025-10-01T10:00:00+01:00,3892.99,3895.165,3864.65,3870.54
2025-10-01T14:00:00+01:00,3870.565,3878.8635,3856.5335,3870.895
2025-10-01T18:00:00+01:00,3870.91,3871.925,3855.1185,3865.93
2025-10-01T22:00:00+01:00,3866.695,3870.69,3856.055,3856.12
2025-10-02T02:00:00+01:00,3856.087,3870.1415,3852.9035,3864.3735
2025-10-02T06:00:00+01:00,3864.3885,3878.815,3861.8115,3874.65
2025-10-02T10:00:00+01:00,3874.605,3892.205,3873.455,3884.5485
2025-10-02T14:00:00+01:00,3884.525,3897.455,3819.415,3844.955
2025-10-02T18:00:00+01:00,3844.855,3859.4115,3840.69,3856.405
2025-10-02T22:00:00+01:00,3856.335,3863.775,3852.12,3856.9115
2025-10-03T02:00:00+01:00,3856.882,3862.705,3838.105,3844.105
2025-10-03T06:00:00+01:00,3844.1615,3865.7885,3844.045,3864.9065
2025-10-03T10:00:00+01:00,3864.885,3875.1085,3854.805,3873.9365
2025-10-03T14:00:00+01:00,3873.94,3891.7585,3866.3585,3883.6415
2025-10-03T18:00:00+01:00,3883.725,3889.295,3877.1835,3887.325
2025-10-05T22:00:00+01:00,3888.905,3920.9685,3884.0765,3900.4415
2025-10-06T02:00:00+01:00,3900.59,3940.54,3899.795,3938.825
2025-10-06T06:00:00+01:00,3938.805,3949.625,3922.555,3942.535
2025-10-06T10:00:00+01:00,3942.555,3946.7435,3926.6545,3934.245
2025-10-06T14:00:00+01:00,3934.33,3970.195,3927.34,3954.09
2025-10-06T18:00:00+01:00,3954.27,3965.1235,3951.1665,3959.76
2025-10-06T22:00:00+01:00,3959.625,3977.42,3958.58,3962.8615
2025-10-07T02:00:00+01:00,3962.8065,3977.045,3955.8935,3976.055
2025-10-07T06:00:00+01:00,3975.9685,3976.995,3940.9635,3951.33
2025-10-07T10:00:00+01:00,3951.285,3980.13,3951.11,3979.54
2025-10-07T14:00:00+01:00,3979.56,3991.115,3961.86,3976.755
2025-10-07T18:00:00+01:00,3976.785,3987.775,3974.17,3985.665
2025-10-07T22:00:00+01:00,3985.0065,3999.3665,3983.2665,3992.4215
2025-10-08T02:00:00+01:00,3992.4165,4027.32,3984.41,4026.885
2025-10-08T06:00:00+01:00,4026.8385,4040.5785,4021.3615,4036.4335
2025-10-08T10:00:00+01:00,4036.4535,4049.6715,4030.815,4040.1885
2025-10-08T14:00:00+01:00,4040.1785,4059.3215,4026.355,4056.7335
2025-10-08T18:00:00+01:00,4056.785,4058.1835,4032.1835,4041.395
2025-10-08T22:00:00+01:00,4043.3,4044.883,4001.33,4023.0535
2025-10-09T02:00:00+01:00,4023.0885,4041.16,4002.7085,4039.03
2025-10-09T06:00:00+01:00,4038.855,4043.705,4022.665,4038.3015
2025-10-09T10:00:00+01:00,4038.3115,4053.775,4033.6035,4053.49
2025-10-09T14:00:00+01:00,4053.515,4058.065,3963.9435,3969.1385
2025-10-09T18:00:00+01:00,3969.06,3982.1335,3944.42,3977.078
2025-10-09T22:00:00+01:00,3975.495,3994.465,3958.6785,3991.2985
2025-10-10T02:00:00+01:00,3991.2835,3992.5,3947.1035,3966.305
2025-10-10T06:00:00+01:00,3966.275,3994.9,3952.68,3992.0915
2025-10-10T10:00:00+01:00,3992.0965,4006.72,3980.18,3985.79
2025-10-10T14:00:00+01:00,3985.725,4023.0015,3970.7635,3983.49
2025-10-10T18:00:00+01:00,3983.545,4021.385,3975.1985,4018.71
2025-10-12T22:00:00+01:00,4001.485,4060.26,4001.4185,4043.915
2025-10-13T02:00:00+01:00,4043.865,4059.395,4035.845,4056.305
2025-10-13T06:00:00+01:00,4056.325,4079.2935,4054.782,4077.875
2025-10-13T10:00:00+01:00,4077.845,4086.1635,4070.285,4079.73
2025-10-13T14:00:00+01:00,4079.76,4117.435,4078.2935,4105.71
2025-10-13T18:00:00+01:00,4105.73,4115.4935,4090.7835,4110.195
2025-10-13T22:00:00+01:00,4111.21,4132.0915,4106.68,4124.5535
2025-10-14T02:00:00+01:00,4124.5035,4170.005,4123.1985,4168.2
2025-10-14T06:00:00+01:00,4168.175,4180.155,4090.3785,4143.9815
2025-10-14T10:00:00+01:00,4143.975,4144.47,4103.4815,4106.5965
2025-10-14T14:00:00+01:00,4106.6665,4155.455,4097.8715,4140.4435
2025-10-14T18:00:00+01:00,4140.4485,4152.9865,4134.5485,4142.13
2025-10-14T22:00:00+01:00,4142.94,4169.795,4140.6335,4162.55
2025-10-15T02:00:00+01:00,4162.525,4190.935,4162.085,4179.76
2025-10-15T06:00:00+01:00,4179.743,4218.3735,4176.6985,4208.19
2025-10-15T10:00:00+01:00,4208.205,4212.205,4164.147,4190.765
2025-10-15T14:00:00+01:00,4190.755,4212.518,4179.6485,4199.15
2025-10-15T18:00:00+01:00,4199.1535,4213.58,4182.648,4207.525
2025-10-15T22:00:00+01:00,4209.145,4227.325,4199.6935,4210.545
2025-10-16T02:00:00+01:00,4210.515,4242.215,4210.515,4233.585
2025-10-16T06:00:00+01:00,4233.59,4236.08,4203.545,4233.045
2025-10-16T10:00:00+01:00,4233.11,4251.115,4222.005,4236.11
2025-10-16T14:00:00+01:00,4236.12,4292.0965,4235.05,4282.79
2025-10-16T18:00:00+01:00,4282.765,4330.8,4273.36,4328.125
2025-10-16T22:00:00+01:00,4331.885,4379.9285,4327.22,4358.32
2025-10-17T02:00:00+01:00,4358.17,4377.3535,4278.993,4376.535
2025-10-17T06:00:00+01:00,4376.54,4378.73,4310.823,4347.7565
2025-10-17T10:00:00+01:00,4347.6765,4348.4565,4283.6285,4314.5255
2025-10-17T14:00:00+01:00,4314.702,4317.775,4200.635,4204.9835
2025-10-17T18:00:00+01:00,4205.0235,4253.0245,4186.16,4252.353
2025-10-19T22:00:00+01:00,4248.7635,4274.598,4219.055,4249.445
2025-10-20T02:00:00+01:00,4249.475,4271.3,4229.455,4266.418
2025-10-20T06:00:00+01:00,4265.872,4266.842,4221.405,4258.75
2025-10-20T10:00:00+01:00,4258.785,4327.3285,4245.73,4323.605
2025-10-20T14:00:00+01:00,4323.57,4355.5985,4292.865,4347.8515
2025-10-20T18:00:00+01:00,4347.8315,4381.5565,4337.285,4356.14
2025-10-20T22:00:00+01:00,4355.6315,4375.5615,4353.275,4368.7415
2025-10-21T02:00:00+01:00,4368.7265,4372.3365,4332.955,4342.02
2025-10-21T06:00:00+01:00,4341.8665,4344.345,4244.843,4274.0885
2025-10-21T10:00:00+01:00,4274.1085,4277.9435,4205.9485,4211.11
2025-10-21T14:00:00+01:00,4211.13,4225.58,4080.807,4113.482
2025-10-21T18:00:00+01:00,4113.482,4131.053,4093.785,4124.83
2025-10-21T22:00:00+01:00,4125.4085,4132.7435,4004.3615,4075.1915
2025-10-22T02:00:00+01:00,4075.2165,4143.34,4064.5805,4128.253
2025-10-22T06:00:00+01:00,4128.263,4161.46,4062.597,4070.6335
2025-10-22T10:00:00+01:00,4070.6035,4101.8435,4015.18,4033.9185
2025-10-22T14:00:00+01:00,4033.9285,4085.4085,4011.2185,4059.3
2025-10-22T18:00:00+01:00,4059.232,4113.71,4044.1185,4098.595
2025-10-22T22:00:00+01:00,4095.58,4116.5685,4065.9785,4082.055
2025-10-23T02:00:00+01:00,4082.095,4100.995,4071.915,4089.655
2025-10-23T06:00:00+01:00,4089.685,4137.7515,4084.05,4116.325
2025-10-23T10:00:00+01:00,4116.315,4129.3715,4100.21,4127.41
2025-10-23T14:00:00+01:00,4127.12,4154.795,4125.87,4132.94
2025-10-23T18:00:00+01:00,4132.782,4143.5635,4107.5435,4126.095
2025-10-23T22:00:00+01:00,4128,4133.78,4106.055,4132.785
2025-10-24T02:00:00+01:00,4132.828,4144.485,4102.8565,4111.67
2025-10-24T06:00:00+01:00,4111.9,4118.03,4047.63,4065.4335
2025-10-24T10:00:00+01:00,4065.4185,4093.2,4043.799,4082.205
2025-10-24T14:00:00+01:00,4082.265,4138.615,4079.0665,4129.425
2025-10-24T18:00:00+01:00,4129.455,4134.355,4096.7435,4112.38
2025-10-26T21:00:00+00:00,4064.101,4109.1615,4058.23,4081.295
2025-10-27T01:00:00+00:00,4081.36,4097.8785,4053.825,4068.885
2025-10-27T05:00:00+00:00,4068.925,4085.0435,4024.7035,4043.6085
2025-10-27T09:00:00+00:00,4043.61,4050.3,4015.415,4045.98
2025-10-27T13:00:00+00:00,4046.12,4050.455,3971.4215,3999.4485
2025-10-27T17:00:00+00:00,3999.4335,4010.265,3979.315,3982.375
2025-10-27T21:00:00+00:00,3984.85,4009.7685,3972.995,4006.6815
2025-10-28T01:00:00+00:00,4006.865,4019.7885,3963.7195,3973.71
2025-10-28T05:00:00+00:00,3974.49,3980.12,3896.55,3897.3965
2025-10-28T09:00:00+00:00,3897.3015,3931.0485,3886.547,3912.9515
2025-10-28T13:00:00+00:00,3912.955,3969.655,3912.34,3958.625
2025-10-28T17:00:00+00:00,3958.615,3970.455,3945.205,3952.34
2025-10-28T21:00:00+00:00,3953.55,3982.2885,3915.3215,3975.37
2025-10-29T01:00:00+00:00,3975.405,3979.9,3944.055,3952.045
2025-10-29T05:00:00+00:00,3952.065,4018.695,3951.165,4017.0585
2025-10-29T09:00:00+00:00,4017.035,4030.3085,4013.495,4025.565
2025-10-29T13:00:00+00:00,4025.59,4025.735,3989.475,3992.89
2025-10-29T17:00:00+00:00,3992.6565,4007.6935,3927.97,3929.915
2025-10-29T21:00:00+00:00,3922.6385,3964.44,3917.1915,3950.365
2025-10-30T01:00:00+00:00,3950.26,3982.74,3915.49,3972.55
2025-10-30T05:00:00+00:00,3972.585,3978.2265,3947.2215,3976.5185
2025-10-30T09:00:00+00:00,3976.5085,4011.7465,3961.1735,3961.363
2025-10-30T13:00:00+00:00,3961.285,4015.06,3960.2535,4001.52
2025-10-30T17:00:00+00:00,4001.515,4027.19,3994.52,4025.17
2025-10-30T21:00:00+00:00,4024.05,4046.475,4016.46,4025.22
2025-10-31T01:00:00+00:00,4025.05,4039.5435,3989.145,4005.88
2025-10-31T05:00:00+00:00,4005.655,4026.9565,3994.165,4010.585
2025-10-31T09:00:00+00:00,4010.38,4036.3185,3998.8585,4023.0465
2025-10-31T13:00:00+00:00,4022.9915,4035.785,3972.385,3980.77
2025-10-31T17:00:00+00:00,3980.9,4010.07,3980.4585,4002.453
2025-11-02T22:00:00+00:00,3986,4001.93,3962.705,3996.085
2025-11-03T02:00:00+00:00,3996.0585,4018.455,3990.415,4013.995
2025-11-03T06:00:00+00:00,4014.0515,4028.2135,3993.1485,4000.545
2025-11-03T10:00:00+00:00,4000.74,4020.57,3994.4665,4016.12
2025-11-03T14:00:00+00:00,4016.145,4030.76,3995.317,4006.2
2025-11-03T18:00:00+00:00,4006.232,4015.05,3995.4385,4001.815
2025-11-03T22:00:00+00:00,4002.7,4007.0335,3978.615,3987.505
2025-11-04T02:00:00+00:00,3987.49,3999.425,3972.775,3973.325
2025-11-04T06:00:00+00:00,3973.35,4000.785,3966.685,3991.265
2025-11-04T10:00:00+00:00,3991.25,4000.1865,3971.9415,3975.775
2025-11-04T14:00:00+00:00,3975.79,3977.8,3928.77,3955.12
2025-11-04T18:00:00+00:00,3954.897,3956.89,3930.545,3932.44
2025-11-04T22:00:00+00:00,3933.61,3949.53,3929.7665,3937.105
2025-11-05T02:00:00+00:00,3937.07,3978.725,3935.675,3964.95
2025-11-05T06:00:00+00:00,3964.97,3987.275,3961.98,3971.905
2025-11-05T10:00:00+00:00,3971.875,3979.51,3956.09,3975.92
2025-11-05T14:00:00+00:00,3975.97,3990.5,3964.2235,3982.135
2025-11-05T18:00:00+00:00,3982.11,3990.245,3978.05,3980.135
2025-11-05T22:00:00+00:00,3976.675,3981.33,3964.645,3976.675
2025-11-06T02:00:00+00:00,3976.695,3990.82,3974.315,3987.69
2025-11-06T06:00:00+00:00,3987.8015,4017.005,3982.34,4011.07
2025-11-06T10:00:00+00:00,4011.095,4019.66,4003,4012.3035
2025-11-06T14:00:00+00:00,4012.2985,4014.055,3965.805,3986.305
2025-11-06T18:00:00+00:00,3986.315,3995.35,3976.8285,3977.245
2025-11-06T22:00:00+00:00,3976.6235,4002.88,3974.5035,4001.84
2025-11-07T02:00:00+00:00,4001.85,4003.3635,3985.585,3995.0715
2025-11-07T06:00:00+00:00,3995.05,4014.23,3992.355,4006.74
2025-11-07T10:00:00+00:00,4006.775,4011.945,3991.7885,3997.8
2025-11-07T14:00:00+00:00,3997.77,4027.535,3984.13,4005.555
2025-11-07T18:00:00+00:00,4005.68,4009.29,3994.55,4000.945
2025-11-09T22:00:00+00:00,3999.8,4053.45,3997.65,4044.16
2025-11-10T02:00:00+00:00,4044.13,4070.005,4037.795,4069.505
2025-11-10T06:00:00+00:00,4069.575,4086.375,4066.935,4076.655
2025-11-10T10:00:00+00:00,4076.675,4106,4075.885,4091.735
2025-11-10T14:00:00+00:00,4091.71,4102.7985,4074.37,4102.65
2025-11-10T18:00:00+00:00,4102.645,4116.655,4101.7235,4115.915
2025-11-10T22:00:00+00:00,4116.07,4141.33,4114.555,4136.39
2025-11-11T02:00:00+00:00,4136.365,4149.06,4124.83,4131.0635
2025-11-11T06:00:00+00:00,4131.035,4145.9735,4125.065,4141.855
2025-11-11T10:00:00+00:00,4141.91,4146.87,4133.26,4142.67
2025-11-11T14:00:00+00:00,4142.63,4143.23,4097.198,4114.43
2025-11-11T18:00:00+00:00,4114.46,4131.9685,4106.66,4126.375
2025-11-11T22:00:00+00:00,4127.7,4145.6285,4126.375,4131.5665
2025-11-12T02:00:00+00:00,4131.53,4135.3985,4098.945,4104.725
2025-11-12T06:00:00+00:00,4104.755,4133.64,4103.25,4124.73
2025-11-12T10:00:00+00:00,4124.755,4139.53,4118,4127.235
2025-11-12T14:00:00+00:00,4127.275,4206.612,4125.0735,4199.607
2025-11-12T18:00:00+00:00,4199.612,4211.8235,4190.557,4195.385
2025-11-12T22:00:00+00:00,4197.08,4209.315,4179.975,4192.37
2025-11-13T02:00:00+00:00,4192.325,4219.5,4183.565,4212.052
2025-11-13T06:00:00+00:00,4212.032,4239.613,4203.355,4233.23
2025-11-13T10:00:00+00:00,4233.2,4245.2135,4219.38,4231.8015
2025-11-13T14:00:00+00:00,4232.075,4232.42,4184.6295,4201.868
2025-11-13T18:00:00+00:00,4201.918,4203.41,4145.295,4171.51
2025-11-13T22:00:00+00:00,4171.335,4193.8565,4169.5465,4190.025
2025-11-14T02:00:00+00:00,4190.09,4211.355,4184.025,4189.9315
2025-11-14T06:00:00+00:00,4189.774,4193.44,4159.045,4169.455
2025-11-14T10:00:00+00:00,4169.41,4171.1285,4041.325,4055.86
2025-11-14T14:00:00+00:00,4055.62,4111.175,4032.25,4099.985
2025-11-14T18:00:00+00:00,4099.965,4103.74,4075.598,4083.085
2025-11-16T22:00:00+00:00,4087.1,4106.775,4071.688,4091.29
2025-11-17T02:00:00+00:00,4091.16,4093.835,4049.79,4058.405
2025-11-17T06:00:00+00:00,4058.425,4096.02,4054.815,4082.195
2025-11-17T10:00:00+00:00,4082.205,4092.383,4060.785,4065.465
2025-11-17T14:00:00+00:00,4065.485,4082.085,4052.29,4073.3965
2025-11-17T18:00:00+00:00,4073.44,4076.25,4006.9685,4045.085
2025-11-17T22:00:00+00:00,4044.6,4055.5,4022.4915,4025.11
2025-11-18T02:00:00+00:00,4024.717,4035.915,4004.745,4018.97
2025-11-18T06:00:00+00:00,4019.055,4047.285,3997.9915,4040.295
2025-11-18T10:00:00+00:00,4040.28,4070.425,4029.245,4065.275
2025-11-18T14:00:00+00:00,4065.37,4081.94,4040.495,4071.575
2025-11-18T18:00:00+00:00,4071.675,4082.52,4063.205,4067.375
2025-11-18T22:00:00+00:00,4068.55,4078.38,4056.465,4059.1715
2025-11-19T02:00:00+00:00,4059.177,4097.585,4055.5765,4095.595
2025-11-19T06:00:00+00:00,4095.585,4116.415,4078.37,4113.41
2025-11-19T10:00:00+00:00,4113.495,4119.935,4100.88,4110.765
2025-11-19T14:00:00+00:00,4110.8,4132.945,4055.67,4078.885
2025-11-19T18:00:00+00:00,4079,4091.4085,4065.675,4077.24
2025-11-19T22:00:00+00:00,4078.89,4110.2035,4078.45,4081.54
2025-11-20T02:00:00+00:00,4081.375,4085.64,4040.616,4066.81
2025-11-20T06:00:00+00:00,4066.77,4077.88,4038.91,4064.215
2025-11-20T10:00:00+00:00,4064.245,4096.455,4051.105,4080.475
2025-11-20T14:00:00+00:00,4080.29,4107.4,4043.6715,4066.295
2025-11-20T18:00:00+00:00,4066.18,4087.32,4056.28,4076.87
2025-11-20T22:00:00+00:00,4076.7,4088.965,4060.555,4068.635
2025-11-21T02:00:00+00:00,4068.638,4080.07,4039.9735,4058.715
2025-11-21T06:00:00+00:00,4058.7435,4065.095,4022.415,4050.625
2025-11-21T10:00:00+00:00,4050.6,4081.41,4031.1785,4079.745
2025-11-21T14:00:00+00:00,4079.7285,4101.132,4055.1515,4085.64
2025-11-21T18:00:00+00:00,4085.532,4092.222,4054.663,4064.935
2025-11-23T22:00:00+00:00,4071.5,4077.785,4042.765,4044.22
2025-11-24T02:00:00+00:00,4044.18,4061.405,4040.23,4046.51
2025-11-24T06:00:00+00:00,4046.48,4074.33,4045.61,4071.96
2025-11-24T10:00:00+00:00,4071.985,4085.955,4063.27,4077.9
2025-11-24T14:00:00+00:00,4077.92,4100.485,4068.45,4093.0785
2025-11-24T18:00:00+00:00,4093.08,4139.95,4088.03,4135.495
2025-11-24T22:00:00+00:00,4133.2345,4144.5465,4122.64,4134.8785
2025-11-25T02:00:00+00:00,4134.85,4155.96,4132.905,4151.14
2025-11-25T06:00:00+00:00,4151.085,4152.135,4109.68,4128.48
2025-11-25T10:00:00+00:00,4128.5,4150.9015,4115.985,4147.767
2025-11-25T14:00:00+00:00,4147.7415,4159.42,4111.055,4146.265
2025-11-25T18:00:00+00:00,4146.285,4151.045,4127.8115,4130.88
2025-11-25T22:00:00+00:00,4132.3,4152.96,4129.955,4148.51
2025-11-26T02:00:00+00:00,4148.48,4169.5885,4147.45,4162.4285
2025-11-26T06:00:00+00:00,4162.3335,4168.59,4146.81,4162.805
2025-11-26T10:00:00+00:00,4162.825,4173.52,4148.7835,4153.5015
2025-11-26T14:00:00+00:00,4153.5215,4169.965,4136.42,4167.3
2025-11-26T18:00:00+00:00,4167.325,4171.7585,4158.16,4162.998
2025-11-26T22:00:00+00:00,4165.14,4169.075,4148.79,4154.375
2025-11-27T02:00:00+00:00,4154.4,4156.29,4142.73,4147.0965
2025-11-27T06:00:00+00:00,4147.06,4167.175,4147.04,4158.605
2025-11-27T10:00:00+00:00,4158.625,4162.545,4149.2,4155.01
2025-11-27T14:00:00+00:00,4155.04,4161.88,4151.54,4157.98
2025-11-27T18:00:00+00:00,4157.975,4160.42,4155.85,4157.9115
2025-11-27T22:00:00+00:00,4157.965,4193.24,4157.705,4191.265
2025-11-28T02:00:00+00:00,4191.205,4192.085,4175.2515,4182.325
2025-11-28T06:00:00+00:00,4182.08,4189.625,4154.31,4166.795
2025-11-28T10:00:00+00:00,4166.885,4183.045,4160.5515,4182.695
2025-11-28T14:00:00+00:00,4182.71,4217.055,4182.705,4216.96
2025-11-28T18:00:00+00:00,4217.05,4227.11,4211.03,4219.272
2025-11-30T22:00:00+00:00,4223.2515,4256.43,4205.475,4255.635
2025-12-01T02:00:00+00:00,4255.615,4256.573,4215.6085,4229.69
2025-12-01T06:00:00+00:00,4231.715,4253.665,4226.26,4250.13
2025-12-01T10:00:00+00:00,4250.1535,4264.67,4244.265,4247.44
2025-12-01T14:00:00+00:00,4247.49,4249.385,4219.69,4232.335
2025-12-01T18:00:00+00:00,4232.375,4244.76,4229.392,4231.555
2025-12-01T22:00:00+00:00,4232.3,4236.145,4199.0235,4219.64
2025-12-02T02:00:00+00:00,4219.615,4226.41,4213.735,4225.055
2025-12-02T06:00:00+00:00,4225.0565,4226.375,4181.17,4192.065
2025-12-02T10:00:00+00:00,4191.965,4215.325,4182.355,4212.55
2025-12-02T14:00:00+00:00,4212.505,4230.66,4163.7715,4193.9185
2025-12-02T18:00:00+00:00,4193.8635,4212.485,4183.285,4206.115
2025-12-02T22:00:00+00:00,4207.625,4221.23,4202.8415,4214.455
2025-12-03T02:00:00+00:00,4214.44,4229.045,4203.45,4207.7615
2025-12-03T06:00:00+00:00,4207.7715,4211.97,4197.21,4202.215
2025-12-03T10:00:00+00:00,4202.13,4238.565,4194.6535,4237.335
2025-12-03T14:00:00+00:00,4237.305,4241.595,4195.85,4211.095
2025-12-03T18:00:00+00:00,4211.135,4212.8,4195.24,4203.035
2025-12-03T22:00:00+00:00,4204.4,4217.05,4202.763,4209.26
2025-12-04T02:00:00+00:00,4209.34,4209.34,4175.1195,4181.14
2025-12-04T06:00:00+00:00,4181.17,4202.315,4178.825,4199.995
2025-12-04T10:00:00+00:00,4200.015,4206.605,4185.485,4198.38
2025-12-04T14:00:00+00:00,4198.33,4219.535,4191.52,4216.665
2025-12-04T18:00:00+00:00,4216.615,4217.65,4199.69,4207.78
2025-12-04T22:00:00+00:00,4208.4,4210.655,4194.77,4203.09
2025-12-05T02:00:00+00:00,4203.12,4221.4,4196.7915,4220.6485
2025-12-05T06:00:00+00:00,4220.66,4230.775,4216.02,4223.43
2025-12-05T10:00:00+00:00,4223.45,4239.005,4220.13,4234.62
2025-12-05T14:00:00+00:00,4234.6,4259.39,4198.545,4217.645
2025-12-05T18:00:00+00:00,4217.62,4219.38,4192.1,4197.935
2025-12-07T22:00:00+00:00,4201.81,4211.91,4195.3435,4201.2
2025-12-08T02:00:00+00:00,4201.225,4217.325,4198.64,4217.235
2025-12-08T06:00:00+00:00,4217.225,4219.095,4203.175,4207.9365
2025-12-08T10:00:00+00:00,4207.92,4215.575,4197.7885,4201.81
2025-12-08T14:00:00+00:00,4201.89,4211.8285,4176.2915,4195.015
2025-12-08T18:00:00+00:00,4195.055,4195.76,4184.3185,4190.155
2025-12-08T22:00:00+00:00,4191.3,4197.3985,4188.85,4196.345
2025-12-09T02:00:00+00:00,4196.32,4198.8365,4178.14,4179.745
2025-12-09T06:00:00+00:00,4179.795,4212.975,4170.145,4202.915
2025-12-09T10:00:00+00:00,4203.1935,4208.44,4195.745,4201.445
2025-12-09T14:00:00+00:00,4201.6,4221.595,4189.487,4203.1
2025-12-09T18:00:00+00:00,4203.07,4216.075,4201.34,4207.775
2025-12-09T22:00:00+00:00,4209.335,4218.165,4206.6235,4213.81
2025-12-10T02:00:00+00:00,4213.787,4218.915,4201.835,4211.505
2025-12-10T06:00:00+00:00,4211.46,4211.8,4192.715,4194.43
2025-12-10T10:00:00+00:00,4194.4,4205.24,4187.78,4200.755
2025-12-10T14:00:00+00:00,4200.735,4207.1,4188.915,4199.86
2025-12-10T18:00:00+00:00,4199.89,4238.71,4182.0085,4228.025
2025-12-10T22:00:00+00:00,4229.2,4247.765,4224.185,4238.36
2025-12-11T02:00:00+00:00,4238.335,4240.86,4206.1515,4207.43
2025-12-11T06:00:00+00:00,4207.47,4221.585,4204.165,4218.475
2025-12-11T10:00:00+00:00,4218.51,4226.06,4205.33,4221.055
2025-12-11T14:00:00+00:00,4221.165,4281.8115,4217.975,4278.745
2025-12-11T18:00:00+00:00,4278.72,4285.975,4262.85,4280.015
2025-12-11T22:00:00+00:00,4280.2,4283.565,4264.5665,4271.07
2025-12-12T02:00:00+00:00,4271.025,4280.71,4266.16,4278.9615
2025-12-12T06:00:00+00:00,4278.9715,4320.4815,4276.5665,4318.3265
2025-12-12T10:00:00+00:00,4318.3465,4346.22,4314.865,4341.115
2025-12-12T14:00:00+00:00,4341.125,4353.64,4257.395,4294.345
2025-12-12T18:00:00+00:00,4294.375,4304.33,4288.7685,4299.865
2025-12-14T22:00:00+00:00,4300.9,4325.85,4294.7165,4322.635
2025-12-15T02:00:00+00:00,4322.445,4344.46,4319.395,4343.62
2025-12-15T06:00:00+00:00,4343.6,4350.31,4333.5665,4342.605
2025-12-15T10:00:00+00:00,4342.64,4348.475,4330.7815,4332.12
2025-12-15T14:00:00+00:00,4332.155,4336.82,4285.3285,4304.45
2025-12-15T18:00:00+00:00,4304.5,4317.8115,4299.6335,4304.845
2025-12-15T22:00:00+00:00,4306.2,4318.01,4299.225,4308.86
2025-12-16T02:00:00+00:00,4308.795,4312.345,4271.545,4284.16
2025-12-16T06:00:00+00:00,4284.25,4292.3,4275.52,4280.485
2025-12-16T10:00:00+00:00,4280.545,4313.35,4273.875,4313.07
2025-12-16T14:00:00+00:00,4313.095,4335.24,4291.3535,4303.675
2025-12-16T18:00:00+00:00,4303.645,4315.935,4297.21,4301.685
2025-12-16T22:00:00+00:00,4303.4,4326.83,4301.625,4326.74
2025-12-17T02:00:00+00:00,4326.8,4342.555,4311.225,4333.9015
2025-12-17T06:00:00+00:00,4333.8815,4337.805,4308.4635,4316.985
2025-12-17T10:00:00+00:00,4316.96,4344.19,4306.5735,4342.1465
2025-12-17T14:00:00+00:00,4342.1315,4349.285,4320.26,4342.6185
2025-12-17T18:00:00+00:00,4342.64,4346.63,4328.8765,4338.085
2025-12-17T22:00:00+00:00,4340.281,4343.2715,4324.465,4331.74
2025-12-18T02:00:00+00:00,4331.7,4337.945,4328.655,4333.32
2025-12-18T06:00:00+00:00,4333.275,4337.865,4320.8685,4323.61
2025-12-18T10:00:00+00:00,4323.585,4343.18,4314.7235,4336.6485
2025-12-18T14:00:00+00:00,4336.65,4374.73,4308.65,4333.415
2025-12-18T18:00:00+00:00,4333.475,4341.4,4322.8385,4331.175
2025-12-18T22:00:00+00:00,4334.1,4337.1035,4309.19,4323.325
2025-12-19T02:00:00+00:00,4323.465,4329.085,4312.795,4326.025
2025-12-19T06:00:00+00:00,4326.005,4333.75,4321.09,4329.52
2025-12-19T10:00:00+00:00,4329.545,4335.433,4320.77,4328.355
2025-12-19T14:00:00+00:00,4328.385,4355.9735,4319.7715,4353.56
2025-12-19T18:00:00+00:00,4353.6,4356.62,4336.585,4339.04
2025-12-21T22:00:00+00:00,4340,4384.9115,4337.6935,4382.915
2025-12-22T02:00:00+00:00,4382.852,4409.66,4378.71,4400.1565
2025-12-22T06:00:00+00:00,4400.25,4420.58,4398.93,4411.205
2025-12-22T10:00:00+00:00,4411.24,4427.37,4406.125,4423.81
2025-12-22T14:00:00+00:00,4423.84,4442.2615,4412.085,4438.61
2025-12-22T18:00:00+00:00,4438.66,4449.285,4429.015,4443.66
2025-12-22T22:00:00+00:00,4447.7365,4490.8,4445.5855,4486.775
2025-12-23T02:00:00+00:00,4486.76,4497.745,4474.955,4475.335
2025-12-23T06:00:00+00:00,4475.31,4493.41,4469.57,4480.36
2025-12-23T10:00:00+00:00,4480.41,4497.5485,4473.4085,4479.2835
2025-12-23T14:00:00+00:00,4479.335,4480.0235,4430.3635,4472.8735
2025-12-23T18:00:00+00:00,4473.063,4499.937,4472.89,4484.59
2025-12-23T22:00:00+00:00,4487.6,4526.075,4483.6165,4518.91
2025-12-24T02:00:00+00:00,4518.895,4519.445,4469.797,4488.65
2025-12-24T06:00:00+00:00,4488.7,4498.15,4478.225,4494.87
2025-12-24T10:00:00+00:00,4494.89,4499.95,4474.595,4488.035
2025-12-24T14:00:00+00:00,4488.098,4489.575,4448.3,4480.75
2025-12-24T18:00:00+00:00,4480.78,4482.487,4477.415,4479.54
2025-12-25T22:00:00+00:00,4491.445,4531.5235,4483.7285,4504.22
2025-12-26T02:00:00+00:00,4504.0735,4514.97,4492.14,4509.925
2025-12-26T06:00:00+00:00,4509.9,4520.6715,4507.705,4512.73
2025-12-26T10:00:00+00:00,4512.7485,4528.57,4502.8835,4525.237
2025-12-26T14:00:00+00:00,4525.27,4550.13,4510.05,4519.1285
2025-12-26T18:00:00+00:00,4519.007,4535.815,4514.9285,4533.615
2025-12-28T22:00:00+00:00,4541,4550.3515,4472.325,4497.37
2025-12-29T02:00:00+00:00,4497.32,4520.618,4496.5,4506.64
2025-12-29T06:00:00+00:00,4506.74,4510.692,4445.0485,4472.27
2025-12-29T10:00:00+00:00,4472.21,4474.6635,4407.0635,4421.4885
2025-12-29T14:00:00+00:00,4421.5035,4421.5035,4301.8415,4328.4035
2025-12-29T18:00:00+00:00,4328.3885,4344.685,4322.965,4332.165
2025-12-29T22:00:00+00:00,4333.6,4360.385,4323.5335,4360.385
2025-12-30T02:00:00+00:00,4360.35,4380.18,4349.0315,4377.7115
2025-12-30T06:00:00+00:00,4377.69,4383.4435,4350.37,4372.2585
2025-12-30T10:00:00+00:00,4372.2485,4404.3865,4367.9385,4388.543
2025-12-30T14:00:00+00:00,4388.558,4392.32,4354.98,4370.3
2025-12-30T18:00:00+00:00,4370.34,4378.84,4334.88,4339.015
2025-12-30T22:00:00+00:00,4340.955,4373.4,4329.008,4366.045
2025-12-31T02:00:00+00:00,4366.0815,4371.4085,4276.18,4285.865
2025-12-31T06:00:00+00:00,4285.885,4337.465,4274.325,4325.7915
2025-12-31T10:00:00+00:00,4325.7765,4348.49,4303.1265,4345.9485
2025-12-31T14:00:00+00:00,4345.9835,4353.48,4317.2185,4321.97
2025-12-31T18:00:00+00:00,4322.0785,4331.7885,4304.5735,4319.1905
2026-01-01T22:00:00+00:00,4325.8,4355.98,4324.15,4348.1
2026-01-02T02:00:00+00:00,4348.05,4381.905,4345.115,4380.75
2026-01-02T06:00:00+00:00,4380.76,4397.76,4372.05,4385.5535
2026-01-02T10:00:00+00:00,4385.5685,4402.36,4362.09,4366.16
2026-01-02T14:00:00+00:00,4366.275,4373.83,4315.1235,4323.16
2026-01-02T18:00:00+00:00,4323.12,4333.925,4310.0115,4332.42
2026-01-04T22:00:00+00:00,4361.195,4421.78,4345.405,4402.15
2026-01-05T02:00:00+00:00,4402.17,4414.7385,4388.945,4412.5685
2026-01-05T06:00:00+00:00,4412.5185,4438.335,4411.4135,4434.94
2026-01-05T10:00:00+00:00,4434.905,4439.945,4396.3235,4416.97
2026-01-05T14:00:00+00:00,4417.02,4455.785,4417.02,4443.66
2026-01-05T18:00:00+00:00,4443.63,4449.495,4434.93,4448.77
2026-01-05T22:00:00+00:00,4449.0835,4460.195,4427.985,4450.74
2026-01-06T02:00:00+00:00,4450.8335,4474.33,4448.765,4452.14
2026-01-06T06:00:00+00:00,4452.53,4475.9,4444.9165,4446.4535
2026-01-06T10:00:00+00:00,4446.5185,4470.57,4442.6235,4468.11
2026-01-06T14:00:00+00:00,4468.15,4491.6215,4463.3135,4489.5315
2026-01-06T18:00:00+00:00,4489.4015,4497.3615,4477.53,4494.265
2026-01-06T22:00:00+00:00,4495.8,4500.5365,4461.04,4465.695
2026-01-07T02:00:00+00:00,4465.67,4480.38,4443.36,4454.385
2026-01-07T06:00:00+00:00,4454.375,4474.9515,4441.6115,4463.55
2026-01-07T10:00:00+00:00,4463.49,4467.81,4427.93,4452.9715
2026-01-07T14:00:00+00:00,4452.9835,4468.4,4423.47,4452.065
2026-01-07T18:00:00+00:00,4452.02,4461.7,4445.43,4456.888
2026-01-07T22:00:00+00:00,4459.1,4466.47,4442.0365,4448.44
2026-01-08T02:00:00+00:00,4448.395,4449.61,4415.63,4425.7735
2026-01-08T06:00:00+00:00,4425.7635,4439.8215,4415.83,4432.74
2026-01-08T10:00:00+00:00,4432.76,4436.045,4407.825,4423.855
2026-01-08T14:00:00+00:00,4423.915,4465.5,4419.25,4463.505
2026-01-08T18:00:00+00:00,4463.51,4479.7065,4444.875,4478.26
2026-01-08T22:00:00+00:00,4480.3,4484.2415,4452.9685,4469.08
2026-01-09T02:00:00+00:00,4469.05,4476.63,4458.31,4468.16
2026-01-09T06:00:00+00:00,4468.65,4477.71,4464.225,4471.2135
2026-01-09T10:00:00+00:00,4471.1985,4492.01,4459.1185,4482.5915
2026-01-09T14:00:00+00:00,4482.6015,4517.3115,4479.36,4484.5785
2026-01-09T18:00:00+00:00,4484.4785,4511.4515,4483.0535,4509.968
2026-01-11T22:00:00+00:00,4521.3,4601.4765,4513.1545,4570.25
2026-01-12T02:00:00+00:00,4570.22,4585.01,4561.85,4580.915
2026-01-12T06:00:00+00:00,4580.955,4599.51,4569.795,4589.225
2026-01-12T10:00:00+00:00,4589.245,4620.455,4578.45,4615.855
2026-01-12T14:00:00+00:00,4615.885,4630.275,4584.945,4616.455
2026-01-12T18:00:00+00:00,4616.495,4618.955,4589.475,4599.105
2026-01-12T22:00:00+00:00,4600.9,4608.3115,4575.65,4577.96
2026-01-13T02:00:00+00:00,4577.93,4602.2685,4576.8,4592.26
2026-01-13T06:00:00+00:00,4592.15,4597.19,4573.675,4586.0815
2026-01-13T10:00:00+00:00,4586.2415,4620.925,4577.915,4611.58
2026-01-13T14:00:00+00:00,4611.605,4634.72,4586.7415,4590.5335
2026-01-13T18:00:00+00:00,4590.69,4602.14,4569.63,4586.39
2026-01-13T22:00:00+00:00,4588.635,4620.0985,4587.7835,4619.3385
2026-01-14T02:00:00+00:00,4619.3535,4639.803,4613.43,4619.875
2026-01-14T06:00:00+00:00,4619.91,4639.7935,4618.61,4630.6035
2026-01-14T10:00:00+00:00,4630.5985,4641.9085,4624.3335,4635.79
2026-01-14T14:00:00+00:00,4635.825,4639.0735,4599.5085,4614.39
2026-01-14T18:00:00+00:00,4614.34,4642.96,4612.94,4626.6
2026-01-14T22:00:00+00:00,4630.6885,4632.8735,4583.565,4600.1
2026-01-15T02:00:00+00:00,4600.1515,4614.7585,4581.165,4595.295
2026-01-15T06:00:00+00:00,4595.325,4613.715,4593.605,4612.74
2026-01-15T10:00:00+00:00,4612.71,4623.09,4582.29,4588.345
2026-01-15T14:00:00+00:00,4588.495,4624.995,4583.435,4616.5465
2026-01-15T18:00:00+00:00,4616.5,4621.73,4600.752,4615.61
2026-01-15T22:00:00+00:00,4616.2,4621.125,4593.915,4600.685
2026-01-16T02:00:00+00:00,4600.655,4616.085,4591.325,4611.625
2026-01-16T06:00:00+00:00,4611.585,4612.4235,4594.215,4600.745
2026-01-16T10:00:00+00:00,4600.675,4616.1825,4582.6,4601.975
2026-01-16T14:00:00+00:00,4601.955,4620.375,4536.785,4581.535
2026-01-16T18:00:00+00:00,4581.505,4598.555,4579.9965,4596.445
2026-01-18T22:00:00+00:00,4627.8,4690.895,4620.445,4657.395
2026-01-19T02:00:00+00:00,4657.355,4674.48,4653.13,4670.163
2026-01-19T06:00:00+00:00,4670.165,4679.15,4661.665,4668.485
2026-01-19T10:00:00+00:00,4668.44,4673.9,4659.725,4666.19
2026-01-19T14:00:00+00:00,4666.17,4678.9335,4661.5465,4676.305
2026-01-19T18:00:00+00:00,4676.285,4680.385,4667.1615,4670.245
2026-01-19T22:00:00+00:00,4672.5,4677.2765,4659.565,4669.82
2026-01-20T02:00:00+00:00,4669.715,4716.71,4665.535,4714.5615
2026-01-20T06:00:00+00:00,4714.5515,4737.5685,4705.685,4732.45
2026-01-20T10:00:00+00:00,4732.475,4738.4635,4715.385,4737.2035
2026-01-20T14:00:00+00:00,4737.2285,4762.5285,4722.415,4759.2215
2026-01-20T18:00:00+00:00,4759.23,4766.4435,4747.4215,4763.5
2026-01-20T22:00:00+00:00,4763.22,4844.32,4757.4515,4835.395
2026-01-21T02:00:00+00:00,4835.505,4878.2785,4817.3385,4870.065
2026-01-21T06:00:00+00:00,4870.12,4888.4385,4832.68,4860.455
2026-01-21T10:00:00+00:00,4860.42,4880.38,4855.26,4879.485
2026-01-21T14:00:00+00:00,4879.485,4880.91,4802.625,4826.425
2026-01-21T18:00:00+00:00,4826.45,4854.175,4755.8985,4832.665
2026-01-21T22:00:00+00:00,4834.915,4835.275,4772.5435,4798.2
2026-01-22T02:00:00+00:00,4797.995,4821.63,4774.8585,4821.48
2026-01-22T06:00:00+00:00,4821.51,4839.5475,4813.86,4823.19
2026-01-22T10:00:00+00:00,4823.215,4836.39,4810.78,4822.37
2026-01-22T14:00:00+00:00,4822.345,4906.33,4820.48,4904.615
2026-01-22T18:00:00+00:00,4904.585,4940.85,4901.34,4936.355
2026-01-22T22:00:00+00:00,4937.3,4967.4,4930.545,4953.645
2026-01-23T02:00:00+00:00,4953.62,4967.473,4938.15,4960.695
2026-01-23T06:00:00+00:00,4960.675,4963.355,4899.91,4918.7635
2026-01-23T10:00:00+00:00,4918.7885,4948.1185,4911.99,4939.245
2026-01-23T14:00:00+00:00,4939.165,4988.395,4932.83,4965.83
2026-01-23T18:00:00+00:00,4965.885,4990.25,4958.295,4984.53
2026-01-25T22:00:00+00:00,5004.85,5085.63,5002.2015,5071.05
2026-01-26T02:00:00+00:00,5071.01,5093.06,5052.455,5074.46
2026-01-26T06:00:00+00:00,5074.44,5111.275,5065.475,5084.24
2026-01-26T10:00:00+00:00,5084.701,5097.08,5054.645,5068.705
2026-01-26T14:00:00+00:00,5068.7835,5105.28,5058.38,5101.045
2026-01-26T18:00:00+00:00,5101.085,5103.365,4990.188,5010.758
2026-01-26T22:00:00+00:00,5013.5,5076.11,5012.535,5060.13
2026-01-27T02:00:00+00:00,5060.22,5085.385,5049.685,5083.1
2026-01-27T06:00:00+00:00,5083.13,5100.87,5073.38,5098.84
2026-01-27T10:00:00+00:00,5098.44,5098.675,5066.9715,5077.5
2026-01-27T14:00:00+00:00,5077.49,5103.365,5046.7835,5081.305
2026-01-27T18:00:00+00:00,5081.335,5190.54,5076.4385,5180.085
2026-01-27T22:00:00+00:00,5180.895,5225.33,5157.445,5204.69
2026-01-28T02:00:00+00:00,5204.74,5266.67,5201.7,5261.405
2026-01-28T06:00:00+00:00,5261.455,5311.51,5252.015,5278.345
2026-01-28T10:00:00+00:00,5278.365,5289.57,5238.64,5266.6
2026-01-28T14:00:00+00:00,5266.8585,5307.095,5235.475,5298.155
2026-01-28T18:00:00+00:00,5298.3365,5419.365,5268.72,5415.138
2026-01-28T22:00:00+00:00,5419.445,5598.26,5418.7,5545.865
2026-01-29T02:00:00+00:00,5545.825,5564.61,5504.555,5562.625
2026-01-29T06:00:00+00:00,5562.753,5595.715,5473.76,5514.08
2026-01-29T10:00:00+00:00,5514.115,5543.085,5470.92,5510.525
2026-01-29T14:00:00+00:00,5510.605,5549.815,5098.8695,5335.17
2026-01-29T18:00:00+00:00,5335.26,5425.9,5282.955,5379.7
2026-01-29T22:00:00+00:00,5387.26,5451.11,5291.1375,5301.14
2026-01-30T02:00:00+00:00,5301.1615,5312.8695,5112.3365,5184.988
2026-01-30T06:00:00+00:00,5185.025,5205.485,4942.5985,5013.6585
2026-01-30T10:00:00+00:00,5013.6485,5146.03,4992.115,5019.7885
2026-01-30T14:00:00+00:00,5019.74,5113.3065,4800.7265,4850.1565
2026-01-30T18:00:00+00:00,4849.95,4948.665,4681.9135,4895.635
2026-02-01T22:00:00+00:00,4820.55,4885.0715,4584.6,4736.8635
2026-02-02T02:00:00+00:00,4736.7085,4773.275,4498.3935,4549.6165
2026-02-02T06:00:00+00:00,4549.215,4731.2465,4402.4165,4719.4985
2026-02-02T10:00:00+00:00,4719.4835,4812.885,4656.8165,4706.2
2026-02-02T14:00:00+00:00,4706.35,4793.717,4596.8885,4674.075
2026-02-02T18:00:00+00:00,4674.085,4712.8665,4618.56,4660.195
2026-02-02T22:00:00+00:00,4672.3,4856.9815,4665.445,4841.6
2026-02-03T02:00:00+00:00,4841.355,4842.2535,4745.5765,4825.32
2026-02-03T06:00:00+00:00,4825.34,4950.31,4816.635,4916.175
2026-02-03T10:00:00+00:00,4916.195,4951.13,4883.8,4933.1135
2026-02-03T14:00:00+00:00,4933.0835,4993.8765,4893.6585,4929.04
2026-02-03T18:00:00+00:00,4929.055,4964.32,4880.765,4947.115
2026-02-03T22:00:00+00:00,4946.35,5053.645,4907.5105,5046.805
2026-02-04T02:00:00+00:00,5046.795,5090.5585,5035.665,5079.555
2026-02-04T06:00:00+00:00,5079.62,5091.845,5043.275,5060.105
2026-02-04T10:00:00+00:00,5060.135,5064.4865,5013.61,5054.075
2026-02-04T14:00:00+00:00,5054.09,5059.17,4847.365,4897.9335
2026-02-04T18:00:00+00:00,4897.9185,4971.04,4872.95,4965.315
2026-02-04T22:00:00+00:00,4966.57,5023.895,4935.975,4959.035
2026-02-05T02:00:00+00:00,4959.065,4962.2585,4789.0485,4896.655
2026-02-05T06:00:00+00:00,4896.63,4943.7835,4849.735,4854.835
2026-02-05T10:00:00+00:00,4854.81,4894.715,4801.935,4835.6785
2026-02-05T14:00:00+00:00,4835.6885,4906.685,4800.5785,4869.09
2026-02-05T18:00:00+00:00,4869.115,4875.335,4759.8735,4777.61
2026-02-05T22:00:00+00:00,4793.9,4796.645,4655.11,4774.5435
2026-02-06T02:00:00+00:00,4774.5585,4898.14,4760.89,4897.7265
2026-02-06T06:00:00+00:00,4897.685,4903.475,4825.4315,4866.6815
2026-02-06T10:00:00+00:00,4866.57,4938.435,4851.945,4929.005
2026-02-06T14:00:00+00:00,4929.025,4968.625,4894.565,4960.56
2026-02-06T18:00:00+00:00,4960.695,4971.3465,4936.73,4966.9
2026-02-08T22:00:00+00:00,4981.575,5047.4535,4964.4035,4982.71
2026-02-09T02:00:00+00:00,4982.67,5041.71,4968.82,5036.57
2026-02-09T06:00:00+00:00,5036.59,5045.8935,4996.64,5007.89
2026-02-09T10:00:00+00:00,5007.935,5024.9985,4982.52,5007.215
2026-02-09T14:00:00+00:00,5007.175,5080.9235,5002.405,5046.47
2026-02-09T18:00:00+00:00,5046.315,5086.73,5044.38,5059.405
2026-02-09T22:00:00+00:00,5056.035,5079.6315,4987.3415,5032.575
2026-02-10T02:00:00+00:00,5032.56,5056.395,5011.44,5039.475
2026-02-10T06:00:00+00:00,5039.44,5063.4285,5018.635,5046.935
2026-02-10T10:00:00+00:00,5046.955,5059.365,5019.815,5051.16
2026-02-10T14:00:00+00:00,5051.19,5078.88,4999.1,5026.31
2026-02-10T18:00:00+00:00,5025.799,5045.55,5004.765,5025.5065
2026-02-10T22:00:00+00:00,5029.535,5055.0085,5025.2,5052.675
2026-02-11T02:00:00+00:00,5052.66,5064.08,5032.675,5052.89
2026-02-11T06:00:00+00:00,5052.92,5072.32,5045.865,5062.9035
2026-02-11T10:00:00+00:00,5063.04,5119.2785,5019.0485,5065.9
2026-02-11T14:00:00+00:00,5065.945,5099.25,5035.94,5091.665
2026-02-11T18:00:00+00:00,5091.62,5094.4985,5066.996,5084.075
2026-02-11T22:00:00+00:00,5088.9,5101.6015,5045.0665,5063.61
2026-02-12T02:00:00+00:00,5063.63,5078.39,5051.0215,5075.7
2026-02-12T06:00:00+00:00,5075.96,5080.9985,5047.1315,5073.14
2026-02-12T10:00:00+00:00,5073.17,5083.87,5048.88,5075.4265
2026-02-12T14:00:00+00:00,5075.4365,5077.88,4878.25,4941.3035
2026-02-12T18:00:00+00:00,4941.135,4958.2935,4906.685,4922.068
2026-02-12T22:00:00+00:00,4923.015,4988.79,4888.98,4980.925
2026-02-13T02:00:00+00:00,4980.895,4997.375,4944.92,4946.29
2026-02-13T06:00:00+00:00,4946.615,4989.71,4946.265,4970.408
2026-02-13T10:00:00+00:00,4970.423,5000.7235,4933.89,4987.23
2026-02-13T14:00:00+00:00,4986.7715,5033.9265,4964.2515,5021.11
2026-02-13T18:00:00+00:00,5021.14,5046.36,5015.4415,5042.87
2026-02-15T22:00:00+00:00,5043.355,5053.29,4999.9115,5028.955
2026-02-16T02:00:00+00:00,5028.975,5031.2635,4965.1415,4990.78
2026-02-16T06:00:00+00:00,4990.555,5017.415,4984.725,5013.59
2026-02-16T10:00:00+00:00,5013.35,5017.37,4989.5715,4997.325
2026-02-16T14:00:00+00:00,4997.305,4999.735,4969.055,4991.795
2026-02-16T18:00:00+00:00,4992.1135,4997.96,4988.725,4990.79
2026-02-16T22:00:00+00:00,4998.46,5001.7335,4923.0515,4957.95
2026-02-17T02:00:00+00:00,4957.915,4971.2635,4858.445,4888.99
2026-02-17T06:00:00+00:00,4888.945,4932.66,4886.635,4926.075
2026-02-17T10:00:00+00:00,4926.055,4944.685,4870.17,4870.965
2026-02-17T14:00:00+00:00,4871.005,4907.155,4841.8995,4865.075
2026-02-17T18:00:00+00:00,4865.135,4910.49,4862.545,4879.325
2026-02-17T22:00:00+00:00,4878.8,4892.8265,4854.26,4890.05
2026-02-18T02:00:00+00:00,4889.99,4940.29,4886.555,4933.59
2026-02-18T06:00:00+00:00,4933.625,4942.6335,4913.095,4917.445
2026-02-18T10:00:00+00:00,4917.475,4968.935,4906.395,4954.66
2026-02-18T14:00:00+00:00,4954.67,5011.17,4952.325,4999.24
2026-02-18T18:00:00+00:00,4999.22,5003.1815,4973.005,4976.4
2026-02-18T22:00:00+00:00,4975.32,4988.915,4960.4315,4973.195
2026-02-19T02:00:00+00:00,4973.165,4998.875,4965.88,4997.135
2026-02-19T06:00:00+00:00,4997.1085,5022.355,4993.1235,4995.82
2026-02-19T10:00:00+00:00,4995.78,4998.67,4972.875,4997.235
2026-02-19T14:00:00+00:00,4997.215,5022.3565,4963.375,4985.025
2026-02-19T18:00:00+00:00,4985.055,5004.23,4975.44,4995.435
2026-02-19T22:00:00+00:00,4996.65,5014.94,4985.48,4997.03
2026-02-20T02:00:00+00:00,4997.06,5011.97,4981.725,5011.945
2026-02-20T06:00:00+00:00,5011.9665,5042.745,5005.025,5027.765
2026-02-20T10:00:00+00:00,5027.905,5048.9235,5007.195,5043.705
2026-02-20T14:00:00+00:00,5043.685,5076.4165,4989.5835,5073.115
2026-02-20T18:00:00+00:00,5073.04,5108.4745,5054.2695,5107.59
2026-02-22T22:00:00+00:00,5107.2,5172,5099.23,5157.395
2026-02-23T02:00:00+00:00,5157.31,5176.795,5152.11,5158.375
2026-02-23T06:00:00+00:00,5158.355,5161.6335,5122.1615,5149.72
2026-02-23T10:00:00+00:00,5149.74,5165.59,5143.76,5146.43
2026-02-23T14:00:00+00:00,5146.37,5219.185,5141.625,5208.02
2026-02-23T18:00:00+00:00,5208.0765,5237.9985,5201.1865,5227.63
2026-02-23T22:00:00+00:00,5228,5249.965,5145.27,5177.335
2026-02-24T02:00:00+00:00,5177.61,5191.7885,5161.1665,5182.635
2026-02-24T06:00:00+00:00,5182.655,5184.97,5156.74,5171.4465
2026-02-24T10:00:00+00:00,5171.4115,5181.62,5111.1,5115.1485
2026-02-24T14:00:00+00:00,5115.1535,5163.8985,5093.74,5163.8
2026-02-24T18:00:00+00:00,5163.6965,5173.39,5140.05,5142.295
2026-02-24T22:00:00+00:00,5142.93,5190.025,5127.975,5176.93
2026-02-25T02:00:00+00:00,5176.89,5210.745,5166.63,5201.745
2026-02-25T06:00:00+00:00,5201.7565,5201.7565,5176.69,5193.44
2026-02-25T10:00:00+00:00,5193.46,5195.37,5155.26,5185.29
2026-02-25T14:00:00+00:00,5185.25,5217.8135,5158.865,5206.95
2026-02-25T18:00:00+00:00,5206.98,5208.4015,5145.4015,5165.775
2026-02-25T22:00:00+00:00,5161.2,5198.7085,5155.47,5191.665
2026-02-26T02:00:00+00:00,5191.625,5205.64,5174.1115,5198.455
2026-02-26T06:00:00+00:00,5198.445,5199.775,5167.595,5186.56
2026-02-26T10:00:00+00:00,5186.5,5190.25,5157.86,5166.125
2026-02-26T14:00:00+00:00,5166.095,5192.925,5130.355,5167.355
2026-02-26T18:00:00+00:00,5167.5785,5201.1735,5160.57,5184.12
2026-02-26T22:00:00+00:00,5184.4,5194.985,5166.955,5194.265
2026-02-27T02:00:00+00:00,5194.215,5200.515,5173.62,5197.89
2026-02-27T06:00:00+00:00,5197.71,5199.4665,5172.2565,5176.065
2026-02-27T10:00:00+00:00,5176.085,5240.6485,5168.7535,5223.21
2026-02-27T14:00:00+00:00,5222.9785,5257.825,5213.95,5234.745
2026-02-27T18:00:00+00:00,5234.7315,5281.9195,5222.6985,5278.72
2026-03-01T22:00:00+00:00,5375.95,5393.756,5301.145,5325.145
2026-03-02T02:00:00+00:00,5325.125,5367.465,5317.245,5366.26
2026-03-02T06:00:00+00:00,5366.285,5419.25,5363.805,5392.115
2026-03-02T10:00:00+00:00,5392.135,5417.0335,5375.245,5394.025
2026-03-02T14:00:00+00:00,5394.045,5395.265,5260.805,5307.025
2026-03-02T18:00:00+00:00,5307.125,5346.45,5289.7,5322.29
2026-03-02T22:00:00+00:00,5323.3,5380.1935,5322.6,5339.24
2026-03-03T02:00:00+00:00,5339.655,5375.675,5305.085,5319.365
2026-03-03T06:00:00+00:00,5319.305,5336.11,5226.6115,5275.23
2026-03-03T10:00:00+00:00,5275.21,5287.99,5073.2735,5156.9635
2026-03-03T14:00:00+00:00,5156.9185,5175.6515,4996.1585,5079.4085
2026-03-03T18:00:00+00:00,5079.4635,5149.075,5079.35,5087.845
2026-03-03T22:00:00+00:00,5101.9,5178.575,5088.26,5175.26
2026-03-04T02:00:00+00:00,5175.22,5191.1385,5141.48,5159.9465
2026-03-04T06:00:00+00:00,5159.925,5185.125,5120.395,5182.325
2026-03-04T10:00:00+00:00,5182.38,5206.325,5156.425,5167.94
2026-03-04T14:00:00+00:00,5168.108,5185.245,5120.4185,5141.205
2026-03-04T18:00:00+00:00,5141.12,5147.0435,5109.0665,5140.755
2026-03-04T22:00:00+00:00,5151.725,5186.4,5143.975,5172.69
2026-03-05T02:00:00+00:00,5172.287,5194.995,5148.365,5148.72
2026-03-05T06:00:00+00:00,5149.08,5180.575,5120.5,5161.185
2026-03-05T10:00:00+00:00,5161.165,5171.66,5081.7585,5118.1635
2026-03-05T14:00:00+00:00,5118.1835,5130.065,5054.455,5062.995
2026-03-05T18:00:00+00:00,5063.015,5094.9,5051.0065,5083.64
2026-03-05T22:00:00+00:00,5084.115,5144.04,5066.595,5134.725
2026-03-06T02:00:00+00:00,5134.61,5141.4565,5114.3335,5117.46
2026-03-06T06:00:00+00:00,5117.575,5123.185,5083.4415,5085.76
2026-03-06T10:00:00+00:00,5085.775,5131.15,5062.72,5085.195
2026-03-06T14:00:00+00:00,5085.205,5171.6465,5081.035,5140.775
2026-03-06T18:00:00+00:00,5140.795,5177.1315,5138.6665,5172.75
2026-03-08T21:00:00+00:00,5181.595,5198.7515,5028.68,5050.115
2026-03-09T01:00:00+00:00,5049.83,5102.4135,5015.07,5090.395
2026-03-09T05:00:00+00:00,5090.515,5140.795,5081.0985,5096.71
2026-03-09T09:00:00+00:00,5096.315,5132.655,5079.65,5095.0065
2026-03-09T13:00:00+00:00,5095.035,5116.21,5060.572,5104.7315
2026-03-09T17:00:00+00:00,5104.7365,5148.3035,5089.015,5139.47
2026-03-09T21:00:00+00:00,5140.9585,5156.22,5117.54,5131.18
2026-03-10T01:00:00+00:00,5131.2,5186.8865,5124.7835,5164.11
2026-03-10T05:00:00+00:00,5164.13,5195.285,5158.5965,5183.385
2026-03-10T09:00:00+00:00,5183.41,5192.04,5156.495,5187.15
2026-03-10T13:00:00+00:00,5187.11,5238.76,5185.43,5227.78
2026-03-10T17:00:00+00:00,5227.75,5235.52,5160.7435,5191.26
2026-03-10T21:00:00+00:00,5191.265,5219.53,5183.3475,5215.36
2026-03-11T01:00:00+00:00,5215.34,5223.375,5194.32,5204.57
2026-03-11T05:00:00+00:00,5204.55,5210.85,5175.47,5187.78
2026-03-11T09:00:00+00:00,5187.73,5197.7215,5166.8785,5167.62
2026-03-11T13:00:00+00:00,5167.66,5196.149,5149.46,5175.825
2026-03-11T17:00:00+00:00,5175.835,5183.7335,5154.7235,5176.51
2026-03-11T21:00:00+00:00,5179.4865,5183.76,5125.56,5153.06
2026-03-12T01:00:00+00:00,5153.1,5175.3,5140.57,5142.63
2026-03-12T05:00:00+00:00,5142.72,5189.73,5137.22,5178.27
2026-03-12T09:00:00+00:00,5178.28,5191.6915,5163.845,5181.535
2026-03-12T13:00:00+00:00,5181.33,5186.28,5109.745,5123.53
2026-03-12T17:00:00+00:00,5123.215,5129.755,5055.245,5079.71
2026-03-12T21:00:00+00:00,5080.56,5115.48,5072.145,5113.87
2026-03-13T01:00:00+00:00,5113.84,5128.58,5102.72,5104.38
2026-03-13T05:00:00+00:00,5104.4,5111.3485,5061.6,5087.47
2026-03-13T09:00:00+00:00,5087.44,5121.96,5080.0165,5118.41
2026-03-13T13:00:00+00:00,5118.43,5121.465,5019.175,5046.065
2026-03-13T17:00:00+00:00,5046.035,5063.975,5009.815,5019.025
2026-03-15T21:00:00+00:00,5003.051,5030.91,4967.775,5025.77
2026-03-16T01:00:00+00:00,5025.79,5026.61,4982.535,5012.78
2026-03-16T05:00:00+00:00,5012.4,5036.24,4984.985,4991.19
2026-03-16T09:00:00+00:00,4991.16,5025.2275,4970.4135,5019.99
2026-03-16T13:00:00+00:00,5020.05,5038.045,4974.105,4990.7785
2026-03-16T17:00:00+00:00,4990.7835,5021.87,4984.07,5005.235
2026-03-16T21:00:00+00:00,5007.6015,5016.24,4998.3785,5003.04
2026-03-17T01:00:00+00:00,5002.74,5042.1335,4994.96,5038.06
2026-03-17T05:00:00+00:00,5038.03,5044.72,5005.075,5024.9735
2026-03-17T09:00:00+00:00,5024.9835,5026.18,4992.115,5011.73
2026-03-17T13:00:00+00:00,5011.71,5031.52,4973.81,5001.985
2026-03-17T17:00:00+00:00,5002,5009.15,4996.375,5006.935
2026-03-17T21:00:00+00:00,5006.135,5012.57,4993.37,5004.44
2026-03-18T01:00:00+00:00,5004.4,5016.0285,4981.78,4987.08
2026-03-18T05:00:00+00:00,4987.03,5016.42,4977.085,4987.605
2026-03-18T09:00:00+00:00,4987.625,4996.208,4870.76,4881.71
2026-03-18T13:00:00+00:00,4881.64,4894.75,4834.26,4886.91
2026-03-18T17:00:00+00:00,4886.99,4899.385,4806.98,4818.565
2026-03-18T21:00:00+00:00,4825.075,4848.915,4804.255,4841.42
2026-03-19T01:00:00+00:00,4841.435,4867.325,4833.095,4849.825
2026-03-19T05:00:00+00:00,4849.925,4853.96,4687.08,4709.435
2026-03-19T09:00:00+00:00,4709.285,4726.085,4531.395,4574.435
2026-03-19T13:00:00+00:00,4574.365,4649.25,4502.5965,4584.995
2026-03-19T17:00:00+00:00,4584.975,4663.585,4573.96,4650.0385
2026-03-19T21:00:00+00:00,4652.625,4677.2635,4634.235,4648.715
2026-03-20T01:00:00+00:00,4648.685,4736.665,4639.555,4721.855
2026-03-20T05:00:00+00:00,4721.87,4734.93,4661.4,4693.905
2026-03-20T09:00:00+00:00,4693.925,4700.56,4637.205,4678.265
2026-03-20T13:00:00+00:00,4678.295,4679.4235,4540.8035,4583.2815
2026-03-20T17:00:00+00:00,4583.2365,4600.76,4477.5235,4491.8035
2026-03-22T21:00:00+00:00,4472.7035,4536.43,4319.7335,4354.445
2026-03-23T01:00:00+00:00,4354.35,4454.385,4329.435,4367.75
2026-03-23T05:00:00+00:00,4367.7285,4380.155,4099.0385,4251.2865
2026-03-23T09:00:00+00:00,4251.299,4492.79,4223.71,4478.58
2026-03-23T13:00:00+00:00,4478.5565,4513,4351.3165,4375.675
2026-03-23T17:00:00+00:00,4375.635,4467.2285,4370.96,4407.02
2026-03-23T21:00:00+00:00,4413.0015,4448.335,4331.475,4364.635
2026-03-24T01:00:00+00:00,4364.71,4379.465,4306.1,4333.48
2026-03-24T05:00:00+00:00,4333.475,4433.2835,4319.9085,4412.075
2026-03-24T09:00:00+00:00,4412.3585,4442.335,4362.24,4379.4785
2026-03-24T13:00:00+00:00,4379.4685,4433.79,4351.4165,4421.4165
2026-03-24T17:00:00+00:00,4421.42,4484.34,4372.5285,4473.455
2026-03-24T21:00:00+00:00,4473.5965,4572.17,4455.8515,4563.2515
2026-03-25T01:00:00+00:00,4563.2665,4602.62,4552.6035,4572.7215
2026-03-25T05:00:00+00:00,4572.99,4573.6685,4533.0665,4556.34
2026-03-25T09:00:00+00:00,4556.32,4585.78,4522.05,4544.025
2026-03-25T13:00:00+00:00,4544.05,4579.4385,4525.225,4555.36
2026-03-25T17:00:00+00:00,4555.1165,4569.035,4486.869,4505.66
2026-03-25T21:00:00+00:00,4510.99,4539.37,4489.07,4535.74
2026-03-26T01:00:00+00:00,4535.795,4544.7385,4500.03,4520.58
2026-03-26T05:00:00+00:00,4520.6,4522.45,4413.0485,4427.95
2026-03-26T09:00:00+00:00,4427.86,4456.9685,4414.585,4429.6835
2026-03-26T13:00:00+00:00,4429.5185,4479.9485,4366.96,4389.36
2026-03-26T17:00:00+00:00,4389.17,4420.805,4351.3735,4380.655
2026-03-26T21:00:00+00:00,4391.9185,4415.5235,4375.59,4378.78
2026-03-27T01:00:00+00:00,4378.75,4449.6885,4377.36,4446.4
2026-03-27T05:00:00+00:00,4445.9935,4475.27,4423.67,4424.23
2026-03-27T09:00:00+00:00,4424.2315,4445.54,4404.46,4438.05
2026-03-27T13:00:00+00:00,4438.1,4555.6335,4413.7615,4516.2
2026-03-27T17:00:00+00:00,4516.23,4528.7885,4486.245,4494.105
2026-03-29T22:00:00+01:00,4493.41,4515.83,4418.624,4432.27
2026-03-30T02:00:00+01:00,4432.225,4517.8235,4431.885,4496.78
2026-03-30T06:00:00+01:00,4496.7565,4550.79,4496.74,4538.33
2026-03-30T10:00:00+01:00,4538.37,4580.865,4523.5765,4569.485
2026-03-30T14:00:00+01:00,4569.65,4578.78,4512.3215,4540.1085
2026-03-30T18:00:00+01:00,4540.02,4542.435,4493.195,4511.3
2026-03-30T22:00:00+01:00,4513.3915,4548.27,4482.61,4547.92
2026-03-31T02:00:00+01:00,4547.42,4619.65,4532.28,4565.0485
2026-03-31T06:00:00+01:00,4564.9985,4581.97,4543.52,4568.5515
2026-03-31T10:00:00+01:00,4568.5715,4597.69,4529.51,4575.0235
2026-03-31T14:00:00+01:00,4575.0185,4651.53,4567.95,4638.44
2026-03-31T18:00:00+01:00,4638.4,4687.33,4636.365,4669.29
2026-03-31T22:00:00+01:00,4671.6,4722.7935,4662.095,4710.97
2026-04-01T02:00:00+01:00,4710.995,4724.4835,4667.06,4676.61
2026-04-01T06:00:00+01:00,4676.65,4747.96,4674.99,4728.71
2026-04-01T10:00:00+01:00,4728.74,4762.95,4713.14,4724.99
2026-04-01T14:00:00+01:00,4724.89,4790.8,4716.36,4787.35
2026-04-01T18:00:00+01:00,4787.25,4793.3035,4742.2,4758.88
2026-04-01T22:00:00+01:00,4760.4,4800.4885,4751.3235,4784.8535
2026-04-02T02:00:00+01:00,4784.87,4786.8335,4649.535,4672.8
2026-04-02T06:00:00+01:00,4672.91,4680.68,4553.6815,4620.96
2026-04-02T10:00:00+01:00,4620.935,4635.23,4592.845,4601.9665
2026-04-02T14:00:00+01:00,4602.09,4700.1235,4581.015,4659.18
2026-04-02T18:00:00+01:00,4659.21,4681.9885,4645.9435,4676.305
2026-04-05T22:00:00+01:00,4654.3235,4666.1835,4600.88,4622.6335
2026-04-06T02:00:00+01:00,4622.6585,4671.89,4620.5785,4659.18
2026-04-06T06:00:00+01:00,4659.2,4698.3685,4643.39,4695.95
2026-04-06T10:00:00+01:00,4696.28,4706.64,4659.92,4676.01
2026-04-06T14:00:00+01:00,4676,4697.8985,4651.9615,4660.6935
2026-04-06T18:00:00+01:00,4660.7235,4666.8235,4645.7485,4649.375
2026-04-06T22:00:00+01:00,4651.5,4668.275,4649.24,4655.17
2026-04-07T02:00:00+01:00,4655.11,4664.66,4616.48,4659.6165
2026-04-07T06:00:00+01:00,4660.1315,4690.8665,4623.24,4683.05
2026-04-07T10:00:00+01:00,4683.025,4694.45,4629.0385,4651.6265
2026-04-07T14:00:00+01:00,4651.7365,4669.7165,4607.6485,4657.2015
2026-04-07T18:00:00+01:00,4657.22,4718.97,4653.925,4705.69
2026-04-07T22:00:00+01:00,4720.86,4857.7115,4713.14,4817.73
2026-04-08T02:00:00+01:00,4817.77,4825.54,4788.36,4803.7
2026-04-08T06:00:00+01:00,4803.66,4843.87,4790.5135,4793.98
2026-04-08T10:00:00+01:00,4794.01,4807.4,4768.455,4799.72
2026-04-08T14:00:00+01:00,4799.69,4806.8,4732.4,4760.4815
2026-04-08T18:00:00+01:00,4760.4115,4764.51,4699.66,4718.725
2026-04-08T22:00:00+01:00,4719.9615,4733.46,4698.5,4706.91
2026-04-09T02:00:00+01:00,4706.68,4732.99,4699.5365,4720.9
2026-04-09T06:00:00+01:00,4720.94,4733.495,4703.58,4726.425
2026-04-09T10:00:00+01:00,4726.45,4759.76,4723.08,4746.04
2026-04-09T14:00:00+01:00,4746.12,4801.06,4738.88,4788.99
2026-04-09T18:00:00+01:00,4789.04,4801.2885,4760.9,4765.01
2026-04-09T22:00:00+01:00,4767.8015,4780.64,4750.83,4763.1
2026-04-10T02:00:00+01:00,4763.06,4777.39,4738.09,4758.61
2026-04-10T06:00:00+01:00,4758.67,4769.27,4730.515,4740.935
2026-04-10T10:00:00+01:00,4741.13,4782.71,4740.8935,4771.88
2026-04-10T14:00:00+01:00,4771.93,4795.1435,4747.5,4763.92
2026-04-10T18:00:00+01:00,4764,4773.16,4741.0315,4748.14
2026-04-12T22:00:00+01:00,4637.85,4698.9985,4637.75,4695.67
2026-04-13T02:00:00+01:00,4694.965,4728.42,4693.8,4723.0915
2026-04-13T06:00:00+01:00,4723.11,4740.12,4716.43,4723.57
2026-04-13T10:00:00+01:00,4723.59,4729.26,4703.5,4723.71
2026-04-13T14:00:00+01:00,4723.5615,4746.4275,4700.42,4733.18
2026-04-13T18:00:00+01:00,4733.19,4750.12,4723.5785,4742.43
2026-04-13T22:00:00+01:00,4744.91,4775.9335,4743.8015,4769.85
2026-04-14T02:00:00+01:00,4769.89,4777.375,4761.82,4774.18
2026-04-14T06:00:00+01:00,4774.2,4796.495,4757.9565,4786.995
2026-04-14T10:00:00+01:00,4787.0185,4789.4385,4752.087,4771.63
2026-04-14T14:00:00+01:00,4771.6585,4820.4,4771.36,4810.28
2026-04-14T18:00:00+01:00,4810.36,4846.4565,4809.5715,4842.555
2026-04-14T22:00:00+01:00,4839.46,4850.8835,4827.21,4835.67
2026-04-15T02:00:00+01:00,4835.64,4871.52,4817.0315,4824.86
2026-04-15T06:00:00+01:00,4824.97,4830.69,4804.025,4818.485
2026-04-15T10:00:00+01:00,4818.51,4819.665,4786.255,4811.64
2026-04-15T14:00:00+01:00,4811.615,4830.63,4787.115,4804.055
2026-04-15T18:00:00+01:00,4803.955,4808.86,4787.9,4791.295
2026-04-15T22:00:00+01:00,4790.02,4837.81,4789.215,4833.14
2026-04-16T02:00:00+01:00,4833.15,4836.34,4811.3115,4833.2385
2026-04-16T06:00:00+01:00,4833.2285,4838.6335,4806.6515,4813.7915
2026-04-16T10:00:00+01:00,4813.7765,4823.2885,4805.25,4816.205
2026-04-16T14:00:00+01:00,4816.255,4823.97,4773.0065,4792.16
2026-04-16T18:00:00+01:00,4792.21,4798.7,4781.52,4789.94
2026-04-16T22:00:00+01:00,4792.72,4801.34,4785.99,4794.97
2026-04-17T02:00:00+01:00,4795.02,4804.66,4768.1025,4803.04
2026-04-17T06:00:00+01:00,4803.05,4806.305,4778.8865,4796.135
2026-04-17T10:00:00+01:00,4796.175,4847.9285,4782.37,4846.525
2026-04-17T14:00:00+01:00,4846.535,4890.685,4835.155,4867.04
2026-04-17T18:00:00+01:00,4867.08,4869.71,4827.3635,4831.0085
2026-04-19T22:00:00+01:00,4768.6535,4795.32,4737,4772.475
2026-04-20T02:00:00+01:00,4772.535,4814.39,4771.6135,4789.07
2026-04-20T06:00:00+01:00,4789.14,4805.8885,4779.9285,4796.385
2026-04-20T10:00:00+01:00,4796.325,4822.2115,4783.535,4803.595
2026-04-20T14:00:00+01:00,4803.545,4827.72,4792.445,4805.62
2026-04-20T18:00:00+01:00,4805.8385,4822.12,4803.8865,4821.33
2026-04-20T22:00:00+01:00,4822.4,4833.24,4816.93,4824.18
2026-04-21T02:00:00+01:00,4824.2,4824.84,4788.82,4789.12
2026-04-21T06:00:00+01:00,4789.41,4797.08,4772.7935,4786.205
2026-04-21T10:00:00+01:00,4786.421,4798.2385,4765.69,4778.855
2026-04-21T14:00:00+01:00,4779.2,4794.465,4708.3585,4711.175
2026-04-21T18:00:00+01:00,4711.245,4722.3785,4668.698,4721.125
2026-04-21T22:00:00+01:00,4721.6335,4747.65,4715.52,4739.95
2026-04-22T02:00:00+01:00,4739.86,4765.15,4735.92,4754.71
2026-04-22T06:00:00+01:00,4754.73,4772.475,4751.94,4757.12
2026-04-22T10:00:00+01:00,4757.145,4762.6535,4742.94,4744.335
2026-04-22T14:00:00+01:00,4744.365,4761.15,4723.975,4728.76
2026-04-22T18:00:00+01:00,4728.77,4750.44,4728.655,4739.8
2026-04-22T22:00:00+01:00,4742.2235,4753.9,4694.1965,4748.17
2026-04-23T02:00:00+01:00,4747.84,4750.03,4698.34,4704.47
2026-04-23T06:00:00+01:00,4704.51,4724.955,4692.6315,4703.4
2026-04-23T10:00:00+01:00,4703.36,4743.225,4684.385,4740.185
2026-04-23T14:00:00+01:00,4740.27,4741.375,4715.715,4733.11
2026-04-23T18:00:00+01:00,4733.115,4734.68,4664.44,4692.855
2026-04-23T22:00:00+01:00,4700.1735,4708.0585,4686.9585,4704.72
2026-04-24T02:00:00+01:00,4704.7,4711.29,4657.84,4674.56
2026-04-24T06:00:00+01:00,4674.63,4697.58,4666.84,4690.87
2026-04-24T10:00:00+01:00,4690.89,4717.455,4674.71,4700.825
2026-04-24T14:00:00+01:00,4700.93,4740.36,4689.815,4726.9
2026-04-24T18:00:00+01:00,4726.905,4730.2,4705.455,4710.27
2026-04-26T22:00:00+01:00,4699.575,4705.96,4672.37,4697.95
2026-04-27T02:00:00+01:00,4697.895,4730.21,4690.89,4725.115
2026-04-27T06:00:00+01:00,4725.14,4725.525,4705.52,4706.94
2026-04-27T10:00:00+01:00,4706.99,4712.69,4696.965,4699.295
2026-04-27T14:00:00+01:00,4699.32,4703.545,4667.315,4676.79
2026-04-27T18:00:00+01:00,4676.785,4686.21,4668.43,4682.635
2026-04-27T22:00:00+01:00,4683.9,4701.365,4681.955,4690.62
2026-04-28T02:00:00+01:00,4690.64,4691.705,4666.405,4667.8135
2026-04-28T06:00:00+01:00,4667.8235,4668.17,4614.835,4629.745
2026-04-28T10:00:00+01:00,4629.705,4630.14,4554.895,4593.79
2026-04-28T14:00:00+01:00,4593.75,4594.965,4557.375,4592.365
2026-04-28T18:00:00+01:00,4592.4,4601.515,4587.31,4596.415
2026-04-28T22:00:00+01:00,4597.4535,4610.535,4588.08,4600.395
2026-04-29T02:00:00+01:00,4600.365,4605.84,4576.19,4604.975
2026-04-29T06:00:00+01:00,4604.97,4607.975,4557.315,4573.265
2026-04-29T10:00:00+01:00,4573.3,4580.855,4541.965,4545.025
2026-04-29T14:00:00+01:00,4545.125,4565.015,4510.185,4545.525
2026-04-29T18:00:00+01:00,4545.535,4554.46,4518.44,4543.895
2026-04-29T22:00:00+01:00,4545.235,4574.17,4539.44,4569.925
2026-04-30T02:00:00+01:00,4569.895,4582.5215,4540.87,4542.06
2026-04-30T06:00:00+01:00,4542,4629.9285,4541.9465,4616.395
2026-04-30T10:00:00+01:00,4616.435,4647.09,4614.4615,4639.665
2026-04-30T14:00:00+01:00,4639.675,4646.19,4605.3965,4607.6615
2026-04-30T18:00:00+01:00,4607.575,4627.58,4607.55,4622.47
2026-04-30T22:00:00+01:00,4626.585,4636.3935,4618.685,4619.8635
2026-05-01T02:00:00+01:00,4619.8785,4636.06,4609.21,4609.21
2026-05-01T06:00:00+01:00,4609.23,4616.21,4565.29,4569.105
2026-05-01T10:00:00+01:00,4569.13,4607.9885,4560.315,4591.35
2026-05-01T14:00:00+01:00,4591.325,4660.37,4586.64,4638.99
2026-05-01T18:00:00+01:00,4638.96,4642.725,4607.13,4614.38
2026-05-03T22:00:00+01:00,4635.82,4638.8285,4602.005,4613.085
2026-05-04T02:00:00+01:00,4613.065,4618.715,4591.135,4605.955
2026-05-04T06:00:00+01:00,4606.015,4613.225,4573.77,4577.125
2026-05-04T10:00:00+01:00,4577.055,4584.715,4526.2285,4568.445
2026-05-04T14:00:00+01:00,4568.445,4583.275,4501.045,4510.805
2026-05-04T18:00:00+01:00,4510.875,4531.63,4509.94,4522.935
2026-05-04T22:00:00+01:00,4523.8135,4530.6085,4513.625,4530.23
2026-05-05T02:00:00+01:00,4529.9,4546.91,4525.39,4533.745
2026-05-05T06:00:00+01:00,4533.775,4559.68,4531.405,4558.54
2026-05-05T10:00:00+01:00,4558.52,4574.73,4540,4564.69
2026-05-05T14:00:00+01:00,4564.385,4586.705,4553.84,4561.3
2026-05-05T18:00:00+01:00,4561.315,4565.945,4551.625,4556.05
2026-05-05T22:00:00+01:00,4558.11,4620.16,4546.325,4618.815
2026-05-06T02:00:00+01:00,4618.7765,4653.64,4609.575,4649
2026-05-06T06:00:00+01:00,4649.02,4702.6715,4644.71,4700.285
2026-05-06T10:00:00+01:00,4700.6335,4723.1,4660.46,4683.32
2026-05-06T14:00:00+01:00,4683.345,4717.5,4668.94,4683.18
2026-05-06T18:00:00+01:00,4683.265,4700.295,4679.065,4691.53
2026-05-06T22:00:00+01:00,4693.5185,4701.375,4685.53,4688.725
2026-05-07T02:00:00+01:00,4688.845,4721.575,4685.31,4696.535
2026-05-07T06:00:00+01:00,4696.56,4753.555,4694.9,4731.1585
2026-05-07T10:00:00+01:00,4731.2535,4752.715,4721.885,4750.22
2026-05-07T14:00:00+01:00,4750.195,4764.855,4704.565,4715.15
2026-05-07T18:00:00+01:00,4715.125,4719.73,4684.98,4685.77
2026-05-07T22:00:00+01:00,4680.7235,4709.605,4676.9515,4701.615
2026-05-08T02:00:00+01:00,4701.465,4732.945,4700.63,4711.065
2026-05-08T06:00:00+01:00,4711.185,4734.67,4697.1,4715.755
2026-05-08T10:00:00+01:00,4715.765,4732.05,4702.5015,4724.505
2026-05-08T14:00:00+01:00,4724.1315,4749.6,4702.105,4712.565
2026-05-08T18:00:00+01:00,4712.54,4729.105,4712.23,4715.47
2026-05-10T22:00:00+01:00,4683.0485,4701.29,4670.49,4683.635
2026-05-11T02:00:00+01:00,4683.425,4705.58,4668.5,4672.2
2026-05-11T06:00:00+01:00,4672.18,4680.9985,4648.195,4667.675
2026-05-11T10:00:00+01:00,4667.74,4701.36,4650.59,4700.145
2026-05-11T14:00:00+01:00,4700.09,4748.715,4698.785,4716.665
2026-05-11T18:00:00+01:00,4716.56,4738.65,4716.11,4735.66
2026-05-11T22:00:00+01:00,4736.8415,4773.645,4735.35,4749.43
2026-05-12T02:00:00+01:00,4749.455,4755.715,4711.335,4714.33
2026-05-12T06:00:00+01:00,4714.28,4722.135,4687.26,4703.54
2026-05-12T10:00:00+01:00,4703.52,4711.71,4685.215,4705.83
2026-05-12T14:00:00+01:00,4705.76,4709.15,4638.53,4671.235
2026-05-12T18:00:00+01:00,4671.42,4719.415,4671.205,4714.75
2026-05-12T22:00:00+01:00,4716.08,4726.9565,4707.2755,4714.73
2026-05-13T02:00:00+01:00,4714.76,4717.365,4687.5615,4699.59
2026-05-13T06:00:00+01:00,4699.595,4715.535,4693.63,4700.81
2026-05-13T10:00:00+01:00,4700.83,4710.67,4675.935,4683.88
2026-05-13T14:00:00+01:00,4683.62,4709.9,4669.64,4695.745
2026-05-13T18:00:00+01:00,4695.84,4701.35,4677.685,4688.91
2026-05-13T22:00:00+01:00,4690.775,4706.83,4689.0465,4705.08
2026-05-14T02:00:00+01:00,4705.11,4712.9215,4668.595,4702.475
2026-05-14T06:00:00+01:00,4702.53,4718.8415,4686.2915,4693.395
2026-05-14T10:00:00+01:00,4693.505,4710.1865,4688.58,4705.0015
2026-05-14T14:00:00+01:00,4704.94,4707.8065,4666.47,4678.635
2026-05-14T18:00:00+01:00,4678.7585,4683.0715,4644.445,4650.145
2026-05-14T22:00:00+01:00,4652.635,4665.49,4613.61,4630.2265
2026-05-15T02:00:00+01:00,4630.475,4631.575,4604.425,4605.895
2026-05-15T06:00:00+01:00,4606.305,4606.585,4550.125,4554.58
2026-05-15T10:00:00+01:00,4554.47,4572.75,4532.005,4545.965
2026-05-15T14:00:00+01:00,4545.945,4566.78,4511.7,4544.53
2026-05-15T18:00:00+01:00,4544.515,4564.59,4533.23,4539.77
2026-05-17T22:00:00+01:00,4534.6,4555.03,4480.41,4516.105
2026-05-18T02:00:00+01:00,4514.92,4549.995,4489.62,4540.745
2026-05-18T06:00:00+01:00,4540.81,4559.955,4529.805,4550.02
2026-05-18T10:00:00+01:00,4549.825,4575.13,4530.12,4571.315
2026-05-18T14:00:00+01:00,4571.36,4584.285,4531.88,4550.235
2026-05-18T18:00:00+01:00,4550.1865,4567.335,4534.27,4567.105
2026-05-18T22:00:00+01:00,4568.5635,4589.635,4561.575,4563.515
2026-05-19T02:00:00+01:00,4563.461,4572.425,4538.015,4542.555
2026-05-19T06:00:00+01:00,4542.615,4559.41,4531.075,4542.81
2026-05-19T10:00:00+01:00,4542.73,4548.025,4525.61,4537.22
2026-05-19T14:00:00+01:00,4537.235,4537.6,4464.9935,4507.805
2026-05-19T18:00:00+01:00,4507.79,4511.185,4481.05,4482.41
2026-05-19T22:00:00+01:00,4483.95,4509.085,4477.32,4500.995
2026-05-20T02:00:00+01:00,4500.965,4506.255,4453.545,4462.2535
2026-05-20T06:00:00+01:00,4462.105,4490.3585,4461.615,4484.2835
2026-05-20T10:00:00+01:00,4484.2635,4505.48,4472.75,4496.235
2026-05-20T14:00:00+01:00,4496.25,4552.95,4467.1565,4534.585
2026-05-20T18:00:00+01:00,4534.59,4550.5935,4529.42,4544.205
2026-05-20T22:00:00+01:00,4545.0385,4553.415,4534.605,4545.3
2026-05-21T02:00:00+01:00,4545.28,4570.965,4527.43,4538.655
2026-05-21T06:00:00+01:00,4538.675,4540.72,4511.9615,4532.595
2026-05-21T10:00:00+01:00,4532.57,4542.86,4502.1885,4504.19
2026-05-21T14:00:00+01:00,4504.18,4521.25,4488.6,4519.535
2026-05-21T18:00:00+01:00,4519.61,4559.31,4514.2615,4542.71
2026-05-21T22:00:00+01:00,4545.63,4546.4785,4525.5765,4526.7515
2026-05-22T02:00:00+01:00,4526.7115,4536.485,4518.54,4527.265
2026-05-22T06:00:00+01:00,4527.24,4534.425,4507.2665,4521.975
2026-05-22T10:00:00+01:00,4521.99,4536.885,4510.23,4528.37
2026-05-22T14:00:00+01:00,4528.813,4534.47,4491.945,4515.09
2026-05-22T18:00:00+01:00,4515.1535,4528.0315,4504.1865,4509.64
2026-05-24T22:00:00+01:00,4536.8,4580.34,4534.33,4569.5765
2026-05-25T02:00:00+01:00,4569.5365,4576.495,4556.6025,4565.09
2026-05-25T06:00:00+01:00,4565.035,4566.2735,4550.61,4556.1815
2026-05-25T10:00:00+01:00,4556.12,4577.15,4553.0115,4567.74
2026-05-25T14:00:00+01:00,4567.705,4574.9065,4560.145,4573.61
2026-05-25T18:00:00+01:00,4573.45,4578.0985,4563.36,4569.98
2026-05-25T22:00:00+01:00,4570,4580.5485,4539.495,4549.7
2026-05-26T02:00:00+01:00,4549.73,4550.41,4523.505,4525.555
2026-05-26T06:00:00+01:00,4525.41,4539.185,4520.105,4523.88
2026-05-26T10:00:00+01:00,4523.895,4540.64,4500.725,4520.415
2026-05-26T14:00:00+01:00,4520.3665,4531.45,4499.7635,4504.99
2026-05-26T18:00:00+01:00,4504.985,4510.72,4482.58,4506.415
2026-05-26T22:00:00+01:00,4537.6815,4538.82,4495.4915,4515.28
2026-05-27T02:00:00+01:00,4515.255,4521.195,4495.865,4510.245
2026-05-27T06:00:00+01:00,4510.27,4513.9315,4475.885,4497.995
2026-05-27T10:00:00+01:00,4497.985,4497.985,4425.045,4439.015
2026-05-27T14:00:00+01:00,4438.885,4455.5615,4401.5985,4450.9115
2026-05-27T18:00:00+01:00,4450.93,4458.9715,4441.56,4454.575
2026-05-27T22:00:00+01:00,4457.86,4467.25,4443.5665,4457.2015
2026-05-28T02:00:00+01:00,4457.195,4458.8285,4366.4515,4373.135
2026-05-28T06:00:00+01:00,4373.2185,4396.39,4367.205,4387
2026-05-28T10:00:00+01:00,4386.8815,4433.93,4375.1665,4432.2365
2026-05-28T14:00:00+01:00,4432.395,4511.13,4418.355,4511.0485
2026-05-28T18:00:00+01:00,4511.0935,4516.6565,4494.98,4496.135
2026-05-28T22:00:00+01:00,4496.775,4500.74,4489.215,4496.3
2026-05-29T02:00:00+01:00,4496.27,4520.82,4492.345,4514.28
2026-05-29T06:00:00+01:00,4514.22,4526.37,4502.65,4515.03
2026-05-29T10:00:00+01:00,4515.06,4543.345,4512.79,4523.095
2026-05-29T14:00:00+01:00,4523.175,4595.715,4517.135,4567.045
2026-05-29T18:00:00+01:00,4567.305,4568.6,4537.7885,4538.35
2026-05-31T22:00:00+01:00,4522.3285,4546.06,4518.25,4540.865
2026-06-01T02:00:00+01:00,4540.635,4541.585,4508.755,4514.51
2026-06-01T06:00:00+01:00,4514.545,4525.455,4490.5,4498.165
2026-06-01T10:00:00+01:00,4498.015,4513.05,4489.27,4502.3
2026-06-01T14:00:00+01:00,4502.5435,4504.055,4447.87,4480.15
2026-06-01T18:00:00+01:00,4480.135,4495.58,4471.475,4485.025
2026-06-01T22:00:00+01:00,4488.2,4497.365,4476.815,4481.5465
2026-06-02T02:00:00+01:00,4481.43,4518.4,4462.9615,4517.555
2026-06-02T06:00:00+01:00,4517.505,4541.71,4515.35,4526.7815
2026-06-02T10:00:00+01:00,4526.87,4535.815,4513.58,4514.78
2026-06-02T14:00:00+01:00,4514.73,4524.995,4486.43,4491.985
2026-06-02T18:00:00+01:00,4491.98,4493.2,4478.775,4489.435
2026-06-02T22:00:00+01:00,4491.2115,4496.81,4462.25,4486.22
2026-06-03T02:00:00+01:00,4486.195,4488.39,4463.2415,4469.5985
2026-06-03T06:00:00+01:00,4469.62,4474.285,4440.235,4444.1485
2026-06-03T10:00:00+01:00,4444.035,4468.16,4439.035,4460.495
2026-06-03T14:00:00+01:00,4460.375,4466.02,4426.4935,4442.0185
2026-06-03T18:00:00+01:00,4441.995,4452.3235,4430.55,4434.84
2026-06-03T22:00:00+01:00,4440.315,4465.525,4424.0495,4448.48
2026-06-04T02:00:00+01:00,4448.54,4484.155,4443.34,4481.15
2026-06-04T06:00:00+01:00,4481.17,4482.51,4458.71,4463.45
2026-06-04T10:00:00+01:00,4463.415,4514.83,4461.04,4504.26
2026-06-04T14:00:00+01:00,4504.165,4515.51,4457.38,4482.865
2026-06-04T18:00:00+01:00,4482.845,4483.58,4472.865,4474.93
2026-06-04T22:00:00+01:00,4476.6,4481.65,4450.86,4459.225
2026-06-05T02:00:00+01:00,4459.245,4470.09,4435.255,4445.08
2026-06-05T06:00:00+01:00,4445.135,4468.27,4428.585,4462.87
2026-06-05T10:00:00+01:00,4462.73,4475.945,4404.9635,4406.375
2026-06-05T14:00:00+01:00,4406.655,4421.275,4323.225,4344.74
2026-06-05T18:00:00+01:00,4344.9385,4347.41,4311.8215,4329.505
2026-06-07T22:00:00+01:00,4329.5,4353.3835,4310.1865,4342.34
2026-06-08T02:00:00+01:00,4342.31,4345.95,4300.0515,4312.735
2026-06-08T06:00:00+01:00,4312.75,4317.06,4268.515,4288.84
2026-06-08T10:00:00+01:00,4288.82,4339.475,4273.005,4333.28
2026-06-08T14:00:00+01:00,4333.295,4346.92,4315.0085,4340.745
2026-06-08T18:00:00+01:00,4340.785,4346.0185,4323.3565,4328.37
2026-06-08T22:00:00+01:00,4332.79,4334.0285,4313,4319.99
2026-06-09T02:00:00+01:00,4319.925,4342.44,4318.605,4332.46
2026-06-09T06:00:00+01:00,4332.48,4351.46,4321.14,4326.695
2026-06-09T10:00:00+01:00,4326.73,4344.46,4324.18,4341.52
2026-06-09T14:00:00+01:00,4341.54,4363.54,4236.725,4252.275
2026-06-09T18:00:00+01:00,4252.23,4274.4,4250.025,4260.94
2026-06-09T22:00:00+01:00,4253.7585,4257.7935,4199.06,4218.315
2026-06-10T02:00:00+01:00,4218.29,4218.885,4172.27,4174.83
2026-06-10T06:00:00+01:00,4174.835,4221.8565,4161.49,4169.115
2026-06-10T10:00:00+01:00,4169.15,4179.6,4130.675,4147.095
2026-06-10T14:00:00+01:00,4147.3885,4186.435,4106.94,4122.07
2026-06-10T18:00:00+01:00,4122.1,4135.11,4067.2485,4072.385
2026-06-10T22:00:00+01:00,4071.3,4078.085,4023.93,4075.91
2026-06-11T02:00:00+01:00,4075.86,4118.225,4052.45,4082.695
2026-06-11T06:00:00+01:00,4082.785,4112.75,4072.6765,4084.4965
2026-06-11T10:00:00+01:00,4084.535,4096.47,4057.555,4082.07
2026-06-11T14:00:00+01:00,4081.955,4107.765,4052.815,4080.37
2026-06-11T18:00:00+01:00,4080.34,4220.155,4071.83,4212.46
2026-06-11T22:00:00+01:00,4213.0115,4246.75,4200.595,4208.63
2026-06-12T02:00:00+01:00,4208.57,4211.398,4171.4365,4190.015
2026-06-12T06:00:00+01:00,4190.005,4226.11,4170.205,4219.685
2026-06-12T10:00:00+01:00,4219.74,4228,4188.655,4191.84
2026-06-12T14:00:00+01:00,4191.725,4235.5965,4177.25,4216.065
2026-06-12T18:00:00+01:00,4215.975,4235.5115,4201.92,4219.78
2026-06-14T22:00:00+01:00,4274.1715,4308.9,4262.055,4292.67
2026-06-15T02:00:00+01:00,4292.695,4335.7085,4285.53,4328.4735
2026-06-15T06:00:00+01:00,4328.405,4345.58,4300.93,4334.245
2026-06-15T10:00:00+01:00,4334.315,4349.485,4324.705,4349.15
2026-06-15T14:00:00+01:00,4349.1,4369.7135,4334.69,4339.4
2026-06-15T18:00:00+01:00,4339.32,4339.32,4306.615,4309.68
2026-06-15T22:00:00+01:00,4310.6,4320.9785,4306.095,4319.26
2026-06-16T02:00:00+01:00,4319.315,4333.185,4307.645,4322.545
2026-06-16T06:00:00+01:00,4322.555,4348.11,4313.49,4347.145
2026-06-16T10:00:00+01:00,4347.16,4355.115,4335.205,4354.71
2026-06-16T14:00:00+01:00,4354.68,4355.07,4313.295,4340.745
2026-06-16T18:00:00+01:00,4340.625,4342.93,4325.39,4331.405
2026-06-16T22:00:00+01:00,4332.84,4341.88,4328.76,4337.235
2026-06-17T02:00:00+01:00,4337.195,4349.76,4317.63,4326.91
2026-06-17T06:00:00+01:00,4326.97,4334.38,4317.225,4324.76
2026-06-17T10:00:00+01:00,4324.715,4335.71,4319.8635,4333.665
2026-06-17T14:00:00+01:00,4333.635,4366.655,4324.04,4359.5665
2026-06-17T18:00:00+01:00,4359.5415,4382.385,4219.2,4259.305
2026-06-17T22:00:00+01:00,4256.445,4315.355,4253.9315,4308.475
2026-06-18T02:00:00+01:00,4308.4515,4330.15,4307.005,4316.14
2026-06-18T06:00:00+01:00,4315.82,4325.2,4265.6015,4266.86
2026-06-18T10:00:00+01:00,4266.9,4273.415,4239.8415,4246.755
2026-06-18T14:00:00+01:00,4246.7,4276.82,4214.21,4219.66
2026-06-18T18:00:00+01:00,4219.783,4233.31,4201.455,4209.185
2026-06-18T22:00:00+01:00,4211.1615,4213.285,4184.0765,4190.475
2026-06-19T02:00:00+01:00,4190.425,4194.67,4125.085,4125.83
2026-06-19T06:00:00+01:00,4126.1585,4178.7,4121.7165,4169.07
2026-06-19T10:00:00+01:00,4169.06,4180.1,4141.975,4179.12
2026-06-19T14:00:00+01:00,4179.115,4183.085,4142.75,4154.65
2026-06-21T22:00:00+01:00,4142.2,4201.125,4136.495,4200.93
2026-06-22T02:00:00+01:00,4200.99,4221.1165,4170.74,4181.895
2026-06-22T06:00:00+01:00,4181.7215,4207.5,4179.495,4197.56
2026-06-22T10:00:00+01:00,4197.52,4215.385,4192.345,4193.5
2026-06-22T14:00:00+01:00,4193.5935,4210.9,4169.865,4190.0235
2026-06-22T18:00:00+01:00,4190.06,4193.92,4177.145,4191.56
2026-06-22T22:00:00+01:00,4192.88,4195.475,4178.41,4193.49
2026-06-23T02:00:00+01:00,4193.4635,4198.83,4114.855,4118.205
2026-06-23T06:00:00+01:00,4118.22,4137.59,4090.915,4105.36
2026-06-23T10:00:00+01:00,4105.435,4133.395,4104.1,4113.2915
2026-06-23T14:00:00+01:00,4113.27,4145.18,4105.3965,4134.42
2026-06-23T18:00:00+01:00,4134.34,4139.875,4107.565,4111.465
2026-06-23T22:00:00+01:00,4112.8,4115.22,4080.88,4097.435
2026-06-24T02:00:00+01:00,4097.455,4102.385,4050.48,4064.52
2026-06-24T06:00:00+01:00,4064.49,4097.71,4060.84,4076.35
2026-06-24T10:00:00+01:00,4076.56,4079.345,3987.65,3987.775
2026-06-24T14:00:00+01:00,3987.82,4042.27,3964.69,4006.6315
2026-06-24T18:00:00+01:00,4006.6465,4011.395,3959,3999.205
2026-06-24T22:00:00+01:00,4004.9735,4018.73,3978.39,3991.465
2026-06-25T02:00:00+01:00,3991.445,4006.045,3962.535,3996.15
2026-06-25T06:00:00+01:00,3996.055,4002.18,3971.52,3989.27
2026-06-25T10:00:00+01:00,3989.335,4019.445,3973.78,4012.45
2026-06-25T14:00:00+01:00,4012.735,4044.135,3999.34,4028.695
2026-06-25T18:00:00+01:00,4028.735,4044.1915,4021.975,4026.745
2026-06-25T22:00:00+01:00,4030.525,4036.585,4011.615,4020.42
2026-06-26T02:00:00+01:00,4020.495,4029.69,3983.02,4011.455
2026-06-26T06:00:00+01:00,4011.765,4039.96,4005.77,4031.035
2026-06-26T10:00:00+01:00,4031.02,4061.65,4029.565,4059.03
2026-06-26T14:00:00+01:00,4059.45,4096.17,4043.385,4085.17
2026-06-26T18:00:00+01:00,4085.225,4091.3265,4064.6485,4089.42
2026-06-28T22:00:00+01:00,4088.5,4088.5,4048.39,4069.645
2026-06-29T02:00:00+01:00,4069.785,4075.83,4049.655,4052.365
2026-06-29T06:00:00+01:00,4051.9815,4068.695,4039.39,4047.17
2026-06-29T10:00:00+01:00,4047.1,4055.345,4024.4165,4043.69
2026-06-29T14:00:00+01:00,4043.725,4051.8885,4000.1415,4023.9835
2026-06-29T18:00:00+01:00,4024.0235,4032.24,4005.4,4016.295
2026-06-29T22:00:00+01:00,4017.8,4022.4585,3980.0115,3987.22
2026-06-30T02:00:00+01:00,3987.2235,3998.19,3942.0565,3985.655
2026-06-30T06:00:00+01:00,3985.675,4037.7065,3975.24,4015.6365
2026-06-30T10:00:00+01:00,4015.5765,4037.51,4008.795,4010.005
2026-06-30T14:00:00+01:00,4009.975,4063.565,4009.48,4026.215
2026-06-30T18:00:00+01:00,4026.195,4033.91,4006.51,4007.655
2026-06-30T22:00:00+01:00,4011.54,4018.675,3993.105,3996.86
2026-07-01T02:00:00+01:00,3996.78,3999.845,3970.3,3976.7
2026-07-01T06:00:00+01:00,3976.675,3984.49,3960.19,3974.62
2026-07-01T10:00:00+01:00,3974.585,4035.6,3972.925,4022.82
2026-07-01T14:00:00+01:00,4022.8,4115.87,4012.925,4071.24
2026-07-01T18:00:00+01:00,4071.21,4073.84,4028.58,4031.255
2026-07-01T22:00:00+01:00,4035.495,4052.805,4030.865,4051.88
2026-07-02T02:00:00+01:00,4051.795,4074.28,4041.33,4060.83
2026-07-02T06:00:00+01:00,4060.825,4080.08,4053.28,4076.22
2026-07-02T10:00:00+01:00,4076.25,4140.495,4057.5,4117.62
2026-07-02T14:00:00+01:00,4117.6,4144.08,4100.375,4118.28
2026-07-02T18:00:00+01:00,4118.02,4127.095,4105.765,4122.83
2026-07-02T22:00:00+01:00,4125.77,4151.05,4121.17,4147.105
2026-07-03T02:00:00+01:00,4147.195,4195.71,4146.57,4178.95
2026-07-03T06:00:00+01:00,4178.93,4186.765,4160.59,4181.245
2026-07-03T10:00:00+01:00,4181.23,4186.595,4168.495,4176.91
2026-07-03T14:00:00+01:00,4177.06,4179.355,4155.41,4175.635
2026-07-05T22:00:00+01:00,4185.39,4202.09,4170.665,4179.575
2026-07-06T02:00:00+01:00,4179.255,4203.255,4157.455,4159.78
2026-07-06T06:00:00+01:00,4159.815,4166.375,4144.88,4150.54
2026-07-06T10:00:00+01:00,4150.585,4159.635,4131.58,4139.65
2026-07-06T14:00:00+01:00,4139.945,4156.31,4128.445,4155.06
2026-07-06T18:00:00+01:00,4155.04,4167.63,4150.345,4164.81
2026-07-06T22:00:00+01:00,4165.35,4168.53,4145.405,4146.07
2026-07-07T02:00:00+01:00,4145.995,4148.095,4124.525,4126.75
2026-07-07T06:00:00+01:00,4126.74,4139.245,4116.82,4126.155
2026-07-07T10:00:00+01:00,4126.005,4175.165,4120,4172.365
2026-07-07T14:00:00+01:00,4172.57,4180.605,4135.895,4145.075
2026-07-07T18:00:00+01:00,4145.095,4148.415,4092.195,4105.735
2026-07-07T22:00:00+01:00,4096.34,4126.71,4093.995,4111.38
2026-07-08T02:00:00+01:00,4111.435,4131.315,4096.47,4125.18
2026-07-08T06:00:00+01:00,4125.2,4134.005,4052.265,4056.845
2026-07-08T10:00:00+01:00,4056.755,4086.565,4040.655,4072.31
2026-07-08T14:00:00+01:00,4072.41,4083.02,4021.885,4063.745
2026-07-08T18:00:00+01:00,4063.735,4091.605,4059.735,4074.88
2026-07-08T22:00:00+01:00,4075.565,4090.185,4070.505,4074.285
2026-07-09T02:00:00+01:00,4073.92,4082.795,4054.295,4064.535
2026-07-09T06:00:00+01:00,4064.495,4117.88,4063.73,4108.435
2026-07-09T10:00:00+01:00,4108.415,4122.735,4093.845,4107.695
2026-07-09T14:00:00+01:00,4107.715,4138.525,4106.75,4128.12
2026-07-09T18:00:00+01:00,4128.185,4138.445,4119.075,4123.8
2026-07-09T22:00:00+01:00,4126.305,4128.685,4114.435,4126.36
2026-07-10T02:00:00+01:00,4126.48,4134.965,4108.88,4115.295
2026-07-10T06:00:00+01:00,4115.28,4120.22,4094.85,4098.005
2026-07-10T10:00:00+01:00,4097.96,4117.725,4094.5,4100.8
2026-07-10T14:00:00+01:00,4101.09,4115.715,4072.95,4104.845
2026-07-10T18:00:00+01:00,4104.635,4121.535,4097.865,4121.42
2026-07-12T22:00:00+01:00,4095.605,4104.475,4061.14,4074.06
2026-07-13T02:00:00+01:00,4074.09,4090.005,4050.44,4058.795
2026-07-13T06:00:00+01:00,4058.785,4080.865,4043.945,4074.64
2026-07-13T10:00:00+01:00,4074.34,4076.825,4046.59,4067.585
2026-07-13T14:00:00+01:00,4067.615,4067.8,3986.015,3993.335
2026-07-13T18:00:00+01:00,3993.38,4006.235,3986.77,4001.8
2026-07-13T22:00:00+01:00,4006.445,4007.62,3983.715,4004.225
2026-07-14T02:00:00+01:00,4004.28,4023.73,3992.045,4020.435
2026-07-14T06:00:00+01:00,4020.73,4034.42,4014.4,4015.995
2026-07-14T10:00:00+01:00,4016.02,4103.915,4013.745,4076.245
2026-07-14T14:00:00+01:00,4076.22,4101.01,4057.485,4061.735
2026-07-14T18:00:00+01:00,4061.795,4065.685,4042.97,4054.225
2026-07-14T22:00:00+01:00,4053.27,4060.775,4045.45,4059.115
2026-07-15T02:00:00+01:00,4059.635,4062.27,4028.215,4033.18
2026-07-15T06:00:00+01:00,4033.765,4036.9,4017.48,4031.24
2026-07-15T10:00:00+01:00,4031.525,4071.58,4025.52,4067.88
2026-07-15T14:00:00+01:00,4068.425,4074.13,4026.825,4033.825
2026-07-15T18:00:00+01:00,4033.84,4081.285,4033.045,4060.27
2026-07-15T22:00:00+01:00,4062.435,4067.22,4043.825,4044.57
2026-07-16T02:00:00+01:00,4044.595,4050.68,4024.025,4033.32
2026-07-16T06:00:00+01:00,4033.27,4036.71,4023.08,4035.44
2026-07-16T10:00:00+01:00,4035.42,4043.35,3990.54,3992.34
2026-07-16T14:00:00+01:00,3992.38,4017.075,3973.665,3992.09
2026-07-16T18:00:00+01:00,3992.255,3993.035,3969.4,3975.675
2026-07-16T22:00:00+01:00,3978.415,3992.02,3972.955,3992.02
2026-07-17T02:00:00+01:00,3991.99,4008.825,3970.825,3981.795
2026-07-17T06:00:00+01:00,3981.79,4007.235,3975.475,3994.225
2026-07-17T10:00:00+01:00,3994.275,4002.49,3964.2,3966.235
2026-07-17T14:00:00+01:00,3966.335,4024.005,3959.825,4015.085
2026-07-17T18:00:00+01:00,4015.165,4019.71,4002.435,4017.55
2026-07-19T22:00:00+01:00,4003.35,4010.17,3982.37,4008.665
2026-07-20T02:00:00+01:00,4008.695,4029.17,3995.915,4018.83
2026-07-20T06:00:00+01:00,4019.135,4030.71,4002.175,4019.035
2026-07-20T10:00:00+01:00,4018.965,4040.805,4006.59,4008.245
2026-07-20T14:00:00+01:00,4008.17,4019.675,3998.33,4009.885
2026-07-20T18:00:00+01:00,4009.895,4018.09,4003.34,4008.085
2026-07-20T22:00:00+01:00,4008.595,4027.25,3999.685,4024.935
2026-07-21T02:00:00+01:00,4024.9,4051.895,4018.385,4049.585
2026-07-21T06:00:00+01:00,4049.62,4084.21,4046.35,4062.89
2026-07-21T10:00:00+01:00,4062.995,4070.185,4051.255,4053.835
2026-07-21T14:00:00+01:00,4054.05,4083.615,4044.46,4071.565
2026-07-21T18:00:00+01:00,4071.575,4087.05,4066.79,4077.565
2026-07-21T22:00:00+01:00,4080.37,4102.785,4076.73,4097.535
2026-07-22T02:00:00+01:00,4097.615,4141.8,4096.795,4127.025
2026-07-22T06:00:00+01:00,4127.09,4135.375,4109.285,4118.445
2026-07-22T10:00:00+01:00,4118.455,4134.48,4107.3495,4113.04
2026-07-22T14:00:00+01:00,4113.105,4166.025,4112.98,4146.99
2026-07-22T18:00:00+01:00,4147.03,4148.02,4127.985,4130.68
2026-07-22T22:00:00+01:00,4124.415,4137.16,4116.235,4132.115
2026-07-23T02:00:00+01:00,4132.09,4141.29,4112.17,4121.205
2026-07-23T06:00:00+01:00,4121.175,4130.74,4087.05,4093.585
2026-07-23T10:00:00+01:00,4093.565,4099.58,4061.035,4061.915
2026-07-23T14:00:00+01:00,4061.905,4067.485,4039.975,4051.5
2026-07-23T18:00:00+01:00,4051.69,4054.755,4040.49,4049.745
2026-07-23T22:00:00+01:00,4050.145,4051.24,4041.395,4050.1
2026-07-24T02:00:00+01:00,4049.91,4050.76,4023.115,4027.185
2026-07-24T06:00:00+01:00,4027.21,4058.805,4022.045,4057.66
2026-07-24T10:00:00+01:00,4057.72,4064,4051.475,4056.215
2026-07-24T14:00:00+01:00,4056.095,4082.24,4044.755,4067.135
2026-07-24T18:00:00+01:00,4067.215,4069.96,4049.26,4052.46
2026-07-26T22:00:00+01:00,4090.78,4116.56,4082.365,4100.71
2026-07-27T02:00:00+01:00,4100.6,4112.735,4085.065,4090.33
2026-07-27T06:00:00+01:00,4090.47,4106.14,4084.52,4095.31
2026-07-27T10:00:00+01:00,4095.115,4104.18,4081.735,4083.82
2026-07-27T14:00:00+01:00,4083.875,4094.025,4065.38,4082.385
2026-07-27T18:00:00+01:00,4082.51,4089.505,4070.62,4077.715
2026-07-27T22:00:00+01:00,4079.79,4082.55,4057.59,4058.015
2026-07-28T02:00:00+01:00,4057.835,4060.475,4040.6,4042.46
2026-07-28T06:00:00+01:00,4042.05,4055.33,4034.81,4045.57
2026-07-28T10:00:00+01:00,4045.435,4046.06,4017.02,4029.555
2026-07-28T14:00:00+01:00,4029.54,4047.24,4011.665,4037.635
2026-07-28T18:00:00+01:00,4037.75,4041.595,4021.72,4028.345
2026-07-28T22:00:00+01:00,4027.37,4031.415,4014.174,4022.02
2026-07-29T02:00:00+01:00,4021.9,4038.17,4010.415,4027.325
2026-07-29T06:00:00+01:00,4027.48,4047.92,4026.7,4037.74
2026-07-29T10:00:00+01:00,4038.05,4038.52,4009.31,4022.67
2026-07-29T14:00:00+01:00,4022.855,4032.9,3995.94,4027.37
2026-07-29T18:00:00+01:00,4027.29,4116.465,4027.215,4068.145
2026-07-29T22:00:00+01:00,4065.555,4100.58,4063.89,4072.29
2026-07-30T02:00:00+01:00,4072.305,4093.1,4044.43,4046.2
2026-07-30T06:00:00+01:00,4046.215,4072.96,4028.55,4061.465
2026-07-30T10:00:00+01:00,4061.57,4086.75,4060.445,4068.985
2026-07-30T14:00:00+01:00,4069.155,4120.4825,4065.23,4110.755
2026-07-30T18:00:00+01:00,4110.765,4117.49,4098.46,4103.17
2026-07-30T22:00:00+01:00,4106.72,4111.9,4090.48,4094.78
2026-07-31T02:00:00+01:00,4094.93,4101.685,4071.855,4080.22
2026-07-31T06:00:00+01:00,4080.23,4087.53,4054.36,4061.17
2026-07-31T10:00:00+01:00,4061.1,4064.03,4040.67,4040.97
2026-07-31T14:00:00+01:00,4040.84,4052.835,4020.885,4043.405
2026-07-31T18:00:00+01:00,4043.41,4055.795,4039.32,4046.57
2026-08-02T22:00:00+01:00,4083.11,4083.11,4055.775,4057.135
2026-08-03T02:00:00+01:00,4057.275,4071.965,4047.385,4063.875
2026-08-03T06:00:00+01:00,4063.935,4072.035,4052.2,4059.54
2026-08-03T10:00:00+01:00,4059.28,4064.695,4042.29,4047.715
2026-08-03T14:00:00+01:00,4047.84,4053.74,4019.165,4036.985
2026-08-03T18:00:00+01:00,4037.1,4058.295,4029.745,4054.975
2026-08-03T22:00:00+01:00,4051.58,4069.43,4048.83,4049.32
2026-08-04T02:00:00+01:00,4048.82,4066.23,4042.73,4063.97
2026-08-04T06:00:00+01:00,4064.21,4073.05,4054.605,4055.14
2026-08-04T10:00:00+01:00,4055.085,4084.575,4045.665,4070.97
2026-08-04T14:00:00+01:00,4071.09,4094.375,4061.285,4093.47
2026-08-04T18:00:00+01:00,4093.395,4106.7435,4074.705,4077.83
2026-08-04T22:00:00+01:00,4078.43,4086.1,4065.245,4082.545
2026-08-05T02:00:00+01:00,4082.58,4141.54,4077.5,4135.64
2026-08-05T06:00:00+01:00,4135.53,4179.68,4134.695,4160.665
2026-08-05T10:00:00+01:00,4160.855,4213.595,4150.315,4184.01
2026-08-05T14:00:00+01:00,4183.905,4265.23,4183.835,4242.345
2026-08-05T18:00:00+01:00,4242.48,4267.905,4236.935,4247.315
2026-08-05T22:00:00+01:00,4250.185,4300.375,4245.755,4294.885
2026-08-06T02:00:00+01:00,4294.77,4304.165,4252.765,4262.195
2026-08-06T06:00:00+01:00,4261.8,4278.945,4247.31,4278.375
2026-08-06T10:00:00+01:00,4278.365,4284.83,4248.97,4250.235
2026-08-06T14:00:00+01:00,4250.2,4275.45,4223.495,4241.485
2026-08-06T18:00:00+01:00,4241.525,4251.41,4233.03,4239.865
2026-08-06T22:00:00+01:00,4239.98,4253.335,4229.755,4232.745
2026-08-07T02:00:00+01:00,4232.92,4269.29,4231.95,4265.09
2026-08-07T06:00:00+01:00,4264.97,4316.82,4261.88,4306.165
2026-08-07T10:00:00+01:00,4306.265,4371.975,4301.57,4361.465
2026-08-07T14:00:00+01:00,4361.515,4368.03,4327.46,4329.23
2026-08-07T18:00:00+01:00,4329.265,4350.415,4327.81,4343.08
2026-08-09T22:00:00+01:00,4345.485,4354.575,4330.675,4332.375
2026-08-10T02:00:00+01:00,4332.165,4341.035,4313.46,4339.49
2026-08-10T06:00:00+01:00,4339.46,4362.205,4331.64,4346.605
2026-08-10T10:00:00+01:00,4346.72,4350.065,4324.195,4332.51
2026-08-10T14:00:00+01:00,4332.62,4364.775,4316.63,4356.915
2026-08-10T18:00:00+01:00,4357.125,4395.245,4351.7,4390.15
2026-08-10T22:00:00+01:00,4388.405,4419.3,4387.36,4409.34
2026-08-11T02:00:00+01:00,4409.475,4435.255,4393.825,4408.92
2026-08-11T06:00:00+01:00,4408.775,4409.21,4356.635,4369.28
2026-08-11T10:00:00+01:00,4369.315,4400.31,4367.635,4392.555
2026-08-11T14:00:00+01:00,4392.6,4404.225,4369.12,4383.46
2026-08-11T18:00:00+01:00,4383.52,4385.895,4360.39,4369.875
2026-08-11T22:00:00+01:00,4371.335,4383.645,4362.945,4380.66
2026-08-12T02:00:00+01:00,4380.93,4415.87,4378.285,4401.17
2026-08-12T06:00:00+01:00,4401.215,4410.565,4384.05,4401.98
2026-08-12T10:00:00+01:00,4402.095,4438.525,4382.105,4437.705
2026-08-12T14:00:00+01:00,4437.525,4441.665,4396.61,4401.65
2026-08-12T18:00:00+01:00,4401.64,4418.585,4396.26,4408.255
2026-08-12T22:00:00+01:00,4410.035,4449.835,4398.44,4427.53
2026-08-13T02:00:00+01:00,4428.055,4435.66,4391.725,4397.815
2026-08-13T06:00:00+01:00,4397.835,4407.48,4364.2,4376.04
2026-08-13T10:00:00+01:00,4376.065,4402.06,4372.68,4401.93
2026-08-13T14:00:00+01:00,4401.845,4402.285,4351.18,4367.1
2026-08-13T18:00:00+01:00,4367.16,4373.495,4343.75,4350.355
2026-08-13T22:00:00+01:00,4354.105,4364.425,4329.85,4341.245
2026-08-14T02:00:00+01:00,4341.175,4341.655,4310.77,4327.15
2026-08-14T06:00:00+01:00,4327.24,4349.81,4311.24,4348.735
2026-08-14T10:00:00+01:00,4348.61,4386.98,4346.175,4373.78
2026-08-14T14:00:00+01:00,4373.82,4397.055,4370.375,4385.855
2026-08-14T18:00:00+01:00,4385.9,4386.635,4370.93,4377.54
2026-08-16T22:00:00+01:00,4378.7,4402.32,4367.26,4400.885
2026-08-17T02:00:00+01:00,4401.025,4416.63,4388.085,4390.865
2026-08-17T06:00:00+01:00,4390.72,4411.515,4387.095,4395.13
2026-08-17T10:00:00+01:00,4395.195,4405.92,4377.205,4384.94
2026-08-17T14:00:00+01:00,4385.065,4428.95,4382.015,4424.275
2026-08-17T18:00:00+01:00,4424.19,4426.21,4398.115,4415.87
2026-08-17T22:00:00+01:00,4420.025,4435.175,4409.695,4434.715
2026-08-18T02:00:00+01:00,4434.495,4436.275,4388.92,4393.745
2026-08-18T06:00:00+01:00,4393.695,4403.825,4386.02,4393.37
2026-08-18T10:00:00+01:00,4393.21,4400.865,4387.015,4394.215
2026-08-18T14:00:00+01:00,4394.105,4406.61,4351.77,4364
2026-08-18T18:00:00+01:00,4363.825,4368.505,4329.5945,4332.94
2026-08-18T22:00:00+01:00,4335.74,4347.35,4327.115,4337.94
2026-08-19T02:00:00+01:00,4337.575,4362.065,4324.395,4348.55
2026-08-19T06:00:00+01:00,4348.5,4363.285,4335.185,4355.715
2026-08-19T10:00:00+01:00,4355.6,4442.516,4353.445,4438.73
2026-08-19T14:00:00+01:00,4438.805,4499.455,4424.21,4493.32
2026-08-19T18:00:00+01:00,4493.825,4524.445,4472.075,4522.615
2026-08-19T22:00:00+01:00,4523.795,4528.22,4503.725,4504.595
2026-08-20T02:00:00+01:00,4504.77,4510.185,4484.41,4488.795
2026-08-20T06:00:00+01:00,4488.695,4498.78,4477.885,4489.46
2026-08-20T10:00:00+01:00,4489.48,4495.015,4450.69,4474.855
2026-08-20T14:00:00+01:00,4474.96,4541.215,4469.41,4510.1
2026-08-20T18:00:00+01:00,4510.3,4532.16,4507.85,4516.4
2026-08-20T22:00:00+01:00,4518.43,4533.025,4509.89,4510.435
2026-08-21T02:00:00+01:00,4510.54,4548.13,4508.88,4540.635
2026-08-21T06:00:00+01:00,4540.725,4585.085,4529.445,4584.185
2026-08-21T10:00:00+01:00,4584.305,4604.785,4563.52,4578.01
2026-08-21T14:00:00+01:00,4577.935,4629.49,4573.525,4628.825
2026-08-21T18:00:00+01:00,4629,4632.26,4602.7315,4604.31
2026-08-23T22:00:00+01:00,4618.545,4640.88,4594.425,4621.995
2026-08-24T02:00:00+01:00,4622.005,4657.145,4608.005,4638.92
2026-08-24T06:00:00+01:00,4638.985,4660.055,4628.935,4638
2026-08-24T10:00:00+01:00,4637.995,4670.39,4632.865,4662.805
2026-08-24T14:00:00+01:00,4662.96,4680.995,4639.925,4644.98
2026-08-24T18:00:00+01:00,4644.995,4656.095,4625.245,4651.855
2026-08-24T22:00:00+01:00,4652.34,4697.055,4651.41,4684.69
2026-08-25T02:00:00+01:00,4684.395,4687.13,4617.68,4626.085
2026-08-25T06:00:00+01:00,4625.985,4653.51,4620.23,4630.48
2026-08-25T10:00:00+01:00,4630.455,4647.515,4624.32,4640.96
2026-08-25T14:00:00+01:00,4640.865,4659.45,4605.14,4643.575
2026-08-25T18:00:00+01:00,4643.57,4669.13,4634.215,4657.545
2026-08-25T22:00:00+01:00,4657.935,4674.165,4634.51,4637.66
2026-08-26T02:00:00+01:00,4637.56,4670.93,4629.615,4640.815
2026-08-26T06:00:00+01:00,4640.7,4649.675,4622.3,4628.325
2026-08-26T10:00:00+01:00,4628.59,4633.195,4611.03,4614.665
2026-08-26T14:00:00+01:00,4614.505,4633.56,4583.055,4591.72
2026-08-26T18:00:00+01:00,4591.735,4604.635,4584.25,4591.81
2026-08-26T22:00:00+01:00,4596.62,4627.165,4595.39,4605.435
2026-08-27T02:00:00+01:00,4604.945,4643.02,4602.425,4618.825
2026-08-27T06:00:00+01:00,4618.725,4621.71,4593.535,4599.165
2026-08-27T10:00:00+01:00,4599.12,4601.15,4569.185,4585.875
2026-08-27T14:00:00+01:00,4585.97,4616.68,4564.645,4614.865
2026-08-27T18:00:00+01:00,4615.465,4618.245,4600.12,4600.585
2026-08-27T22:00:00+01:00,4603.57,4611.16,4585.74,4588.765
2026-08-28T02:00:00+01:00,4588.93,4602.41,4575.015,4584.47
2026-08-28T06:00:00+01:00,4584.605,4614.665,4571.46,4602.895
2026-08-28T10:00:00+01:00,4602.68,4610.005,4589.175,4601.64
2026-08-28T14:00:00+01:00,4601.74,4631.94,4464.165,4479.555
2026-08-28T18:00:00+01:00,4479.71,4486.905,4445.555,4452.54
