time,open,high,low,close
2023-08-30T14:00:00+01:00,1947.5095,1949.11,1942.12,1942.5385
2023-08-30T22:00:00+01:00,1943.705,1947.8235,1942.19,1945.825
2023-08-31T06:00:00+01:00,1945.85,1947.96,1943.1535,1945.87
2023-08-31T14:00:00+01:00,1945.89,1946.455,1939.0445,1940.21
2023-08-31T22:00:00+01:00,1939.895,1944.15,1938.25,1940.08
2023-09-01T06:00:00+01:00,1940.05,1953.095,1938.51,1949.955
2023-09-01T14:00:00+01:00,1949.96,1951.5565,1934.5035,1939.77
2023-09-03T22:00:00+01:00,1940.4515,1946.195,1939.4445,1945.1265
2023-09-04T06:00:00+01:00,1945.105,1946.3585,1939.9135,1940.02
2023-09-04T14:00:00+01:00,1940.025,1940.275,1936.8335,1938.37
2023-09-04T22:00:00+01:00,1938.525,1939.0135,1935.03,1938.5915
2023-09-05T06:00:00+01:00,1938.585,1939.05,1927.9865,1933.82
2023-09-05T14:00:00+01:00,1933.835,1934.295,1925.37,1926.105
2023-09-05T22:00:00+01:00,1926.02,1927.4,1924.2565,1927.31
2023-09-06T06:00:00+01:00,1927.34,1928.53,1922.6825,1923.26
2023-09-06T14:00:00+01:00,1923.25,1929.225,1915.3485,1916.71
2023-09-06T22:00:00+01:00,1917.2805,1920.76,1916.3315,1919.02
2023-09-07T06:00:00+01:00,1919.05,1923.645,1916.265,1923.275
2023-09-07T14:00:00+01:00,1923.28,1923.53,1917.2715,1919.67
2023-09-07T22:00:00+01:00,1919.605,1927.28,1919.3265,1924.58
2023-09-08T06:00:00+01:00,1924.595,1927.33,1920.4315,1920.4865
2023-09-08T14:00:00+01:00,1920.485,1929.76,1917.385,1918.9
2023-09-10T22:00:00+01:00,1920.3335,1926.81,1916.7345,1926.59
2023-09-11T06:00:00+01:00,1926.56,1930.7365,1924.295,1927.32
2023-09-11T14:00:00+01:00,1927.28,1930.185,1921.445,1922.4
2023-09-11T22:00:00+01:00,1922.34,1924.58,1920.39,1922.315
2023-09-12T06:00:00+01:00,1922.3365,1922.395,1908.5245,1909.815
2023-09-12T14:00:00+01:00,1909.775,1915.105,1907.6365,1913.605
2023-09-12T22:00:00+01:00,1912.4135,1913.89,1908.2465,1911.7185
2023-09-13T06:00:00+01:00,1911.7035,1914.5785,1905.7155,1912.35
2023-09-13T14:00:00+01:00,1912.365,1915.805,1907.8785,1908.29
2023-09-13T22:00:00+01:00,1909,1912.9835,1907.6335,1909.5135
2023-09-14T06:00:00+01:00,1909.53,1911.09,1901.19,1904.49
2023-09-14T14:00:00+01:00,1904.5,1912.1315,1901.0515,1910.775
2023-09-14T22:00:00+01:00,1910.945,1916.9,1909.8885,1916.1815
2023-09-15T06:00:00+01:00,1916.175,1920.605,1914.99,1917.16
2023-09-15T14:00:00+01:00,1917.18,1930.4565,1916.965,1923.83
2023-09-17T22:00:00+01:00,1924.26,1929.535,1922.5665,1928.235
2023-09-18T06:00:00+01:00,1928.2515,1930.72,1923.5965,1924.05
2023-09-18T14:00:00+01:00,1924.095,1934.315,1922.8315,1933.86
2023-09-18T22:00:00+01:00,1933.9,1934.65,1931.3515,1931.3515
2023-09-19T06:00:00+01:00,1931.34,1937.42,1929.8395,1935.8615
2023-09-19T14:00:00+01:00,1935.8415,1936.415,1929.82,1931.3
2023-09-19T22:00:00+01:00,1931.5485,1932.49,1928.5835,1929.7915
2023-09-20T06:00:00+01:00,1929.7815,1934.08,1928.005,1932.255
2023-09-20T14:00:00+01:00,1932.26,1947.465,1929.265,1930.4135
2023-09-20T22:00:00+01:00,1931.04,1931.5535,1924.245,1928.1085
2023-09-21T06:00:00+01:00,1928.1255,1930.57,1914.1635,1916.5735
2023-09-21T14:00:00+01:00,1916.5785,1923.845,1913.9415,1919.98
2023-09-21T22:00:00+01:00,1919.98,1925.56,1919.4435,1924.4435
2023-09-22T06:00:00+01:00,1924.4335,1928.745,1923.74,1926.1365
2023-09-22T14:00:00+01:00,1926.1415,1929.16,1924.3985,1925.23
2023-09-24T22:00:00+01:00,1924.955,1926.563,1922.71,1923.2
2023-09-25T06:00:00+01:00,1923.185,1927.265,1920.915,1925.95
2023-09-25T14:00:00+01:00,1925.915,1926.4185,1915.205,1915.9685
2023-09-25T22:00:00+01:00,1916.1405,1916.835,1913.105,1914.7035
2023-09-26T06:00:00+01:00,1914.725,1915.715,1905.36,1910.265
2023-09-26T14:00:00+01:00,1910.302,1910.363,1899.15,1900.75
2023-09-26T22:00:00+01:00,1900.6055,1903.9885,1896.625,1897.7315
2023-09-27T06:00:00+01:00,1897.7265,1899.1215,1889.85,1891.8535
2023-09-27T14:00:00+01:00,1891.85,1892.215,1872.6035,1875.17
2023-09-27T22:00:00+01:00,1875.375,1877.975,1873.625,1874.91
2023-09-28T06:00:00+01:00,1874.9,1879.64,1871.845,1872.485
2023-09-28T14:00:00+01:00,1872.48,1877.175,1857.7,1864.83
2023-09-28T22:00:00+01:00,1865.73,1867.32,1863.0235,1865.05
2023-09-29T06:00:00+01:00,1864.99,1874.15,1864.51,1873.945
2023-09-29T14:00:00+01:00,1873.965,1879.92,1846.35,1848.63
2023-10-01T22:00:00+01:00,1848.24,1849.02,1842.47,1842.61
2023-10-02T06:00:00+01:00,1842.59,1846.32,1831.1795,1836.32
2023-10-02T14:00:00+01:00,1836.33,1838.515,1827.225,1828.125
2023-10-02T22:00:00+01:00,1829.0985,1829.7385,1815.39,1820.745
2023-10-03T06:00:00+01:00,1820.75,1829.815,1818.26,1824.89
2023-10-03T14:00:00+01:00,1824.9235,1833.405,1819.325,1822.96
2023-10-03T22:00:00+01:00,1822.825,1825.09,1819.655,1823.6065
2023-10-04T06:00:00+01:00,1823.585,1830.75,1816.78,1827.36
2023-10-04T14:00:00+01:00,1827.415,1827.495,1816.6335,1821.425
2023-10-04T22:00:00+01:00,1821.815,1829.25,1820.9585,1827.72
2023-10-05T06:00:00+01:00,1827.69,1828.24,1813.0695,1815.755
2023-10-05T14:00:00+01:00,1815.775,1821.9385,1814.2585,1820.29
2023-10-05T22:00:00+01:00,1820.37,1824.62,1819.74,1822.85
2023-10-06T06:00:00+01:00,1822.855,1825.17,1810.4465,1815.145
2023-10-06T14:00:00+01:00,1815.165,1834.89,1813.98,1833.075
2023-10-08T22:00:00+01:00,1847.83,1855.6435,1845.575,1850.575
2023-10-09T06:00:00+01:00,1850.58,1854.4365,1845.0285,1848.02
2023-10-09T14:00:00+01:00,1847.96,1863.5585,1844.2885,1861.3
2023-10-09T22:00:00+01:00,1861.7,1865.4685,1860.4335,1860.9
2023-10-10T06:00:00+01:00,1860.92,1862.23,1853.0565,1854.6035
2023-10-10T14:00:00+01:00,1854.6085,1862.825,1853.13,1860.5
2023-10-10T22:00:00+01:00,1860.495,1862.17,1859.36,1859.77
2023-10-11T06:00:00+01:00,1859.75,1874.825,1858.68,1872.94
2023-10-11T14:00:00+01:00,1872.93,1877.25,1868.205,1874.3
2023-10-11T22:00:00+01:00,1875.07,1879.15,1873.9565,1878.8965
2023-10-12T06:00:00+01:00,1878.8915,1885.19,1875.4,1879.125
2023-10-12T14:00:00+01:00,1879.09,1880.11,1867.97,1869.07
2023-10-12T22:00:00+01:00,1869.005,1876.825,1869.005,1876.3415
2023-10-13T06:00:00+01:00,1876.32,1919.1865,1875.8065,1913.41
2023-10-13T14:00:00+01:00,1913.3865,1933.16,1905.6335,1933.06
2023-10-15T22:00:00+01:00,1928.9,1929.875,1918.105,1920.2
2023-10-16T06:00:00+01:00,1920.23,1924.5815,1908.235,1918.73
2023-10-16T14:00:00+01:00,1918.775,1922.85,1914.53,1919.94
2023-10-16T22:00:00+01:00,1919.945,1921.87,1912.4885,1914.75
2023-10-17T06:00:00+01:00,1914.8,1929.125,1914.29,1926.1185
2023-10-17T14:00:00+01:00,1926.115,1931.6145,1919.18,1923.15
2023-10-17T22:00:00+01:00,1923.34,1942.81,1922.9215,1938.11
2023-10-18T06:00:00+01:00,1938.09,1950.075,1935.1165,1948.9
2023-10-18T14:00:00+01:00,1948.89,1962.705,1938.3135,1947.63
2023-10-18T22:00:00+01:00,1947.8685,1953.365,1945.285,1948.1865
2023-10-19T06:00:00+01:00,1948.1715,1957.2285,1945.5865,1954.8665
2023-10-19T14:00:00+01:00,1954.845,1977.73,1949.85,1974.5
2023-10-19T22:00:00+01:00,1975.055,1982.395,1972.065,1977.26
2023-10-20T06:00:00+01:00,1977.3,1985.9585,1973.3355,1978.345
2023-10-20T14:00:00+01:00,1978.39,1997.2985,1974.415,1981.225
2023-10-22T22:00:00+01:00,1967.77,1978.68,1964.425,1973.88
2023-10-23T06:00:00+01:00,1973.865,1982.87,1972.8385,1977.61
2023-10-23T14:00:00+01:00,1977.64,1980.1015,1970.18,1972.775
2023-10-23T22:00:00+01:00,1972.8595,1980.9,1971.46,1976.29
2023-10-24T06:00:00+01:00,1976.295,1979.265,1953.603,1964.9785
2023-10-24T14:00:00+01:00,1965.0255,1977.64,1959.04,1970.9
2023-10-24T22:00:00+01:00,1971.8635,1977.07,1970.0985,1972.495
2023-10-25T06:00:00+01:00,1972.48,1976.9315,1968.36,1975.145
2023-10-25T14:00:00+01:00,1975.18,1987.32,1963.063,1980
2023-10-25T22:00:00+01:00,1979.635,1989.445,1979.635,1988.555
2023-10-26T06:00:00+01:00,1988.51,1993.5535,1974.795,1979.58
2023-10-26T14:00:00+01:00,1979.6705,1989.335,1971.81,1984.75
2023-10-26T22:00:00+01:00,1984.79,1990.005,1982.94,1989.505
2023-10-27T06:00:00+01:00,1989.52,1989.75,1977.105,1980.495
2023-10-27T14:00:00+01:00,1980.3495,2009.55,1976.9135,2006.45
2023-10-29T21:00:00+00:00,2004.43,2006.95,1997.0145,2001.57
2023-10-30T05:00:00+00:00,2001.535,2002.755,1990.985,1998.045
2023-10-30T13:00:00+00:00,1998.04,2002.61,1992.0365,1996.055
2023-10-30T21:00:00+00:00,1995.96,1997.35,1990.63,1992.8335
2023-10-31T05:00:00+00:00,1992.8435,2001.535,1992.45,1995.678
2023-10-31T13:00:00+00:00,1995.6,2007.9345,1978.905,1983.775
2023-10-31T21:00:00+00:00,1983.7565,1986.215,1975.2365,1977.7
2023-11-01T05:00:00+00:00,1977.69,1988.595,1976.4,1986.67
2023-11-01T13:00:00+00:00,1986.69,1992.302,1969.975,1982.54
2023-11-01T21:00:00+00:00,1984.005,1988.2265,1981.425,1986.1
2023-11-02T05:00:00+00:00,1986.105,1991.045,1983.73,1990.4
2023-11-02T13:00:00+00:00,1990.37,1991.08,1978.92,1985.755
2023-11-02T21:00:00+00:00,1985.4765,1987.94,1983.325,1985.85
2023-11-03T05:00:00+00:00,1985.86,2004.1165,1984.5545,2000.235
2023-11-03T13:00:00+00:00,2000.205,2001.85,1986.4655,1992.58
2023-11-05T22:00:00+00:00,1992.5,1993.13,1982.0085,1983.98
2023-11-06T06:00:00+00:00,1983.95,1989.15,1982.33,1986.395
2023-11-06T14:00:00+00:00,1986.42,1988.275,1977.43,1977.845
2023-11-06T22:00:00+00:00,1978.145,1978.6335,1971.0265,1973.77
2023-11-07T06:00:00+00:00,1973.74,1973.97,1956.7715,1966.585
2023-11-07T14:00:00+00:00,1966.6185,1969.8765,1960.2385,1969.33
2023-11-07T22:00:00+00:00,1969.175,1971.13,1965.04,1965.63
2023-11-08T06:00:00+00:00,1965.66,1969.205,1959.6135,1964.88
2023-11-08T14:00:00+00:00,1964.86,1966.42,1947.4835,1950.0165
2023-11-08T22:00:00+00:00,1949.605,1954.685,1947.88,1950.225
2023-11-09T06:00:00+00:00,1950.21,1951.4435,1944.7005,1950.6265
2023-11-09T14:00:00+00:00,1950.635,1965.6965,1948.635,1958.625
2023-11-09T22:00:00+00:00,1958.775,1960.84,1956.44,1957.4035
2023-11-10T06:00:00+00:00,1957.3885,1958.29,1943.185,1946.16
2023-11-10T14:00:00+00:00,1946.2,1947.69,1933.0685,1938.475
2023-11-12T22:00:00+00:00,1939.155,1942.39,1934.07,1939.1415
2023-11-13T06:00:00+00:00,1939.1615,1941.29,1934.0765,1936.05
2023-11-13T14:00:00+00:00,1936.04,1949.26,1931.7035,1946.14
2023-11-13T22:00:00+00:00,1946.35,1948.4265,1943.82,1944.5
2023-11-14T06:00:00+00:00,1944.48,1959.2605,1938.41,1954.39
2023-11-14T14:00:00+00:00,1954.36,1971.0085,1953.7185,1963.37
2023-11-14T22:00:00+00:00,1962.98,1967.9865,1961.67,1967
2023-11-15T06:00:00+00:00,1967.025,1975.3715,1963.48,1965.675
2023-11-15T14:00:00+00:00,1965.65,1966.715,1955.48,1959.325
2023-11-15T22:00:00+00:00,1960.05,1963.97,1956.525,1962.965
2023-11-16T06:00:00+00:00,1962.985,1973.0545,1962.165,1972.17
2023-11-16T14:00:00+00:00,1972.185,1988.0015,1971.6,1981.25
2023-11-16T22:00:00+00:00,1981.17,1987.115,1980.7135,1984.4865
2023-11-17T06:00:00+00:00,1984.46,1993.5085,1982.74,1984.815
2023-11-17T14:00:00+00:00,1984.755,1986.765,1978.6415,1980.75
2023-11-19T22:00:00+00:00,1978.4,1985.25,1973.435,1980.73
2023-11-20T06:00:00+00:00,1980.72,1981.9785,1965.72,1968.305
2023-11-20T14:00:00+00:00,1968.285,1979.01,1965.51,1978.04
2023-11-20T22:00:00+00:00,1978.175,1994.34,1977.88,1991.82
2023-11-21T06:00:00+00:00,1991.83,2000.32,1984.3315,1997.6985
2023-11-21T14:00:00+00:00,1997.71,2007.64,1996.3235,1998.425
2023-11-21T22:00:00+00:00,1999.125,2000.395,1995.5315,1998.9135
2023-11-22T06:00:00+00:00,1998.9085,2006.4715,1996.845,1999.15
2023-11-22T14:00:00+00:00,1999.175,2002.48,1986.97,1989.875
2023-11-22T22:00:00+00:00,1989.36,1998.29,1989.2335,1996.3935
2023-11-23T06:00:00+00:00,1996.405,1998.5615,1991.9685,1992.865
2023-11-23T14:00:00+00:00,1992.875,1994.955,1989.8535,1992.74
2023-11-23T22:00:00+00:00,1992.625,1995.0285,1991.5115,1994.3735
2023-11-24T06:00:00+00:00,1994.305,2001.9415,1992.1095,1999.7135
2023-11-24T14:00:00+00:00,1999.72,2003.675,1997.2165,2000.65
2023-11-26T22:00:00+00:00,2001.975,2018.2,2000.627,2010.69
2023-11-27T06:00:00+00:00,2010.695,2016.415,2008.8385,2011.39
2023-11-27T14:00:00+00:00,2011.44,2014.98,2005.7615,2014.065
2023-11-27T22:00:00+00:00,2014.18,2018.125,2013.2535,2015.26
2023-11-28T06:00:00+00:00,2015.28,2021.603,2011.6715,2021.5685
2023-11-28T14:00:00+00:00,2021.58,2043.09,2020.6595,2040.9
2023-11-28T22:00:00+00:00,2041.19,2052.05,2040.703,2046.0735
2023-11-29T06:00:00+00:00,2046.0655,2046.32,2035.395,2039.1565
2023-11-29T14:00:00+00:00,2039.1415,2049.5915,2037.1425,2044.325
2023-11-29T22:00:00+00:00,2045.38,2047.2515,2041.4345,2041.6765
2023-11-30T06:00:00+00:00,2041.67,2046.99,2034.0865,2036.9215
2023-11-30T14:00:00+00:00,2036.91,2041.385,2031.5115,2036.35
2023-11-30T22:00:00+00:00,2037.1,2043.48,2036.735,2041.0115
2023-12-01T06:00:00+00:00,2040.9945,2049.9,2033.965,2037.72
2023-12-01T14:00:00+00:00,2037.74,2075.42,2035.2265,2072.02
2023-12-03T22:00:00+00:00,2073.49,2146.01,2071.8145,2086.06
2023-12-04T06:00:00+00:00,2086.12,2087.99,2056.015,2057.705
2023-12-04T14:00:00+00:00,2057.755,2058.055,2020.09,2029.6335
2023-12-04T22:00:00+00:00,2029.43,2041.305,2028.58,2032.225
2023-12-05T06:00:00+00:00,2032.295,2039.655,2021.625,2029.57
2023-12-05T14:00:00+00:00,2029.58,2030.245,2009.9785,2019.35
2023-12-05T22:00:00+00:00,2019.3385,2025.495,2017.2665,2024.895
2023-12-06T06:00:00+00:00,2024.88,2035.945,2020.24,2030.22
2023-12-06T14:00:00+00:00,2030.305,2033.08,2022.745,2025.395
2023-12-06T22:00:00+00:00,2026.42,2030.1185,2025.3,2026.87
2023-12-07T06:00:00+00:00,2026.89,2039.9415,2026.355,2037.2335
2023-12-07T14:00:00+00:00,2037.2285,2037.585,2020.235,2028.625
2023-12-07T22:00:00+00:00,2028.9,2034.0495,2026.915,2030.09
2023-12-08T06:00:00+00:00,2030.01,2032.455,2014.49,2018.625
2023-12-08T14:00:00+00:00,2018.61,2019.36,1994.725,2004.62
2023-12-10T22:00:00+00:00,2003.6395,2007.85,1994.88,1998.8415
2023-12-11T06:00:00+00:00,1998.8615,2000.675,1990.275,1993.78
2023-12-11T14:00:00+00:00,1993.9585,1994.52,1975.89,1981.905
2023-12-11T22:00:00+00:00,1982.28,1989.6335,1981.848,1987.5515
2023-12-12T06:00:00+00:00,1987.5465,1996.8555,1982.76,1984.495
2023-12-12T14:00:00+00:00,1984.49,1989.88,1977.2835,1979.535
2023-12-12T22:00:00+00:00,1979.96,1982.895,1977.7,1978.8885
2023-12-13T06:00:00+00:00,1978.9005,1986.8365,1973.115,1984.56
2023-12-13T14:00:00+00:00,1984.52,2027.8615,1978.5185,2027.73
2023-12-13T22:00:00+00:00,2026.9105,2039.345,2024.2985,2035.325
2023-12-14T06:00:00+00:00,2035.345,2040.385,2027.6,2037.28
2023-12-14T14:00:00+00:00,2037.29,2047.94,2029.1585,2036.48
2023-12-14T22:00:00+00:00,2036.68,2038.74,2031.39,2035.34
2023-12-15T06:00:00+00:00,2035.245,2044.96,2027.0115,2031.44
2023-12-15T14:00:00+00:00,2031.49,2038.665,2015.67,2019.8255
2023-12-17T22:00:00+00:00,2019.8,2024.6365,2016.06,2023.21
2023-12-18T06:00:00+00:00,2023.19,2027.38,2018.8065,2025.925
2023-12-18T14:00:00+00:00,2025.945,2033.775,2020.385,2027.265
2023-12-18T22:00:00+00:00,2027.7015,2029.36,2021.75,2024.2
2023-12-19T06:00:00+00:00,2024.19,2032.755,2022.96,2030.035
2023-12-19T14:00:00+00:00,2030.11,2047.04,2028.945,2040.325
2023-12-19T22:00:00+00:00,2040.49,2041.73,2036.78,2041.32
2023-12-20T06:00:00+00:00,2041.33,2043.54,2029.6465,2036.4165
2023-12-20T14:00:00+00:00,2036.4265,2039.915,2027.4915,2031.955
2023-12-20T22:00:00+00:00,2032.21,2038.2515,2031.63,2036.25
2023-12-21T06:00:00+00:00,2036.31,2046.02,2032.2615,2041.385
2023-12-21T14:00:00+00:00,2041.4115,2046.0915,2036.77,2046.065
2023-12-21T22:00:00+00:00,2048.558,2055.04,2046.855,2048.3465
2023-12-22T06:00:00+00:00,2048.325,2069.3465,2047.2035,2067.3715
2023-12-22T14:00:00+00:00,2067.3515,2070.71,2051.215,2053.09
2023-12-25T22:00:00+00:00,2054.025,2065.22,2053.5435,2062.91
2023-12-26T06:00:00+00:00,2062.88,2065.14,2058.825,2058.825
2023-12-26T14:00:00+00:00,2058.8435,2069.0865,2054.6185,2068.29
2023-12-26T22:00:00+00:00,2068.055,2068.725,2064.005,2064.7685
2023-12-27T06:00:00+00:00,2064.7635,2070.37,2061.55,2068.36
2023-12-27T14:00:00+00:00,2068.345,2084.5,2066.68,2077.825
2023-12-27T22:00:00+00:00,2077.4,2088.515,2077.328,2085.8215
2023-12-28T06:00:00+00:00,2085.805,2087.645,2071.41,2073.04
2023-12-28T14:00:00+00:00,2073.12,2081.19,2064.6665,2065.365
2023-12-28T22:00:00+00:00,2066.4,2072.3885,2065.83,2072.335
2023-12-29T06:00:00+00:00,2072.34,2074.86,2058.2785,2059.2685
2023-12-29T14:00:00+00:00,2059.28,2068.2535,2058.5635,2062.9
2024-01-01T22:00:00+00:00,2063.58,2074.925,2062.4235,2074.56
2024-01-02T06:00:00+00:00,2074.61,2078.985,2064.9485,2066.3265
2024-01-02T14:00:00+00:00,2066.395,2070.75,2055.9815,2058.825
2024-01-02T22:00:00+00:00,2058.895,2066.005,2058.4815,2064.14
2024-01-03T06:00:00+00:00,2064.11,2065.49,2038.795,2041.1
2024-01-03T14:00:00+00:00,2041.11,2048.8465,2030.7,2041.585
2024-01-03T22:00:00+00:00,2042.1735,2046.9665,2040.2285,2043.84
2024-01-04T06:00:00+00:00,2043.85,2051.03,2038.88,2040.315
2024-01-04T14:00:00+00:00,2040.335,2047.785,2036.3235,2043.3545
2024-01-04T22:00:00+00:00,2044.015,2048.32,2042.8785,2044.53
2024-01-05T06:00:00+00:00,2044.49,2047.085,2024.475,2040.045
2024-01-05T14:00:00+00:00,2040.035,2064.0065,2038.82,2045.665
2024-01-07T22:00:00+00:00,2045.37,2046.69,2027.1235,2030.8535
2024-01-08T06:00:00+00:00,2030.86,2033.375,2016.7995,2019.055
2024-01-08T14:00:00+00:00,2019.07,2036.9215,2018.545,2028.055
2024-01-08T22:00:00+00:00,2028.34,2035.93,2028.0015,2032.855
2024-01-09T06:00:00+00:00,2032.815,2042.0065,2031.245,2038.695
2024-01-09T14:00:00+00:00,2038.6515,2040.18,2026.17,2030.145
2024-01-09T22:00:00+00:00,2030.285,2032.93,2025.54,2026.735
2024-01-10T06:00:00+00:00,2026.75,2040.3805,2023.9435,2030.34
2024-01-10T14:00:00+00:00,2030.36,2033.625,2020.5435,2024.325
2024-01-10T22:00:00+00:00,2024.73,2034.7385,2023.825,2033.03
2024-01-11T06:00:00+00:00,2033.045,2045.515,2025.145,2029.48
2024-01-11T14:00:00+00:00,2029.52,2034.96,2013.405,2028.915
2024-01-11T22:00:00+00:00,2028.605,2037.255,2028.405,2036.155
2024-01-12T06:00:00+00:00,2036.165,2056.7035,2034.2835,2056.205
2024-01-12T14:00:00+00:00,2056.185,2062.315,2041.485,2049.145
2024-01-14T22:00:00+00:00,2049.4,2058.14,2045.855,2055.2335
2024-01-15T06:00:00+00:00,2055.1385,2058.67,2051.415,2054.315
2024-01-15T14:00:00+00:00,2054.32,2056.3815,2049.396,2054.7335
2024-01-15T22:00:00+00:00,2054.825,2055.85,2047.6035,2048.595
2024-01-16T06:00:00+00:00,2048.57,2050.97,2031.4485,2037.69
2024-01-16T14:00:00+00:00,2037.635,2042.61,2024.34,2028.345
2024-01-16T22:00:00+00:00,2027.8,2032.98,2019.3765,2020.72
2024-01-17T06:00:00+00:00,2020.73,2029.0615,2017.735,2022.4835
2024-01-17T14:00:00+00:00,2022.4735,2023.2185,2001.905,2006.215
2024-01-17T22:00:00+00:00,2006.1595,2012.2235,2005.525,2009.275
2024-01-18T06:00:00+00:00,2009.255,2017.305,2007.51,2009.165
2024-01-18T14:00:00+00:00,2009.19,2023.3435,2009.145,2023.075
2024-01-18T22:00:00+00:00,2024.15,2025.645,2020.5135,2021.71
2024-01-19T06:00:00+00:00,2021.66,2039.465,2020.895,2035.305
2024-01-19T14:00:00+00:00,2035.295,2035.78,2023.195,2029.69
2024-01-21T22:00:00+00:00,2030.01,2032.165,2021.91,2023.28
2024-01-22T06:00:00+00:00,2023.285,2030.1915,2019.15,2023.23
2024-01-22T14:00:00+00:00,2023.21,2026.5865,2016.6065,2021.5
2024-01-22T22:00:00+00:00,2021.78,2031.79,2019.66,2030.87
2024-01-23T06:00:00+00:00,2030.88,2037.9515,2022.47,2025.045
2024-01-23T14:00:00+00:00,2025.015,2030.7165,2021.475,2029.28
2024-01-23T22:00:00+00:00,2029.085,2029.7235,2022.875,2024.5265
2024-01-24T06:00:00+00:00,2024.5195,2036.77,2023.725,2034.0535
2024-01-24T14:00:00+00:00,2034.0435,2034.815,2011.255,2014.525
2024-01-24T22:00:00+00:00,2014.3,2017.71,2013.7755,2015.67
2024-01-25T06:00:00+00:00,2015.6735,2023.1685,2009.675,2019.455
2024-01-25T14:00:00+00:00,2019.4235,2025.345,2012.57,2020.805
2024-01-25T22:00:00+00:00,2020.735,2024.27,2019.0155,2023.15
2024-01-26T06:00:00+00:00,2023.13,2027.015,2018.275,2024.685
2024-01-26T14:00:00+00:00,2024.68,2026.165,2016.015,2018.465
2024-01-28T22:00:00+00:00,2024.73,2028.6695,2019.36,2025.6135
2024-01-29T06:00:00+00:00,2025.6085,2037.625,2024.9,2036.91
2024-01-29T14:00:00+00:00,2036.89,2037.29,2020.63,2033.195
2024-01-29T22:00:00+00:00,2033.2805,2034.175,2029.2835,2032.2785
2024-01-30T06:00:00+00:00,2032.2885,2040.4135,2031.5065,2037.8565
2024-01-30T14:00:00+00:00,2037.8435,2048.6315,2029.13,2036.845
2024-01-30T22:00:00+00:00,2037.25,2038.6765,2032.93,2035.1485
2024-01-31T06:00:00+00:00,2035.18,2043.31,2033.6515,2042.04
2024-01-31T14:00:00+00:00,2042.025,2056.0265,2031.0625,2039.595
2024-01-31T22:00:00+00:00,2040.4655,2049.6485,2038.95,2044.6
2024-02-01T06:00:00+00:00,2044.58,2045.035,2030.075,2040.135
2024-02-01T14:00:00+00:00,2040.15,2065.4865,2039.865,2054.965
2024-02-01T22:00:00+00:00,2054.695,2056.995,2051.95,2055.5595
2024-02-02T06:00:00+00:00,2055.58,2057.705,2029.6935,2031.82
2024-02-02T14:00:00+00:00,2031.7635,2040.095,2027.815,2039.865
2024-02-04T22:00:00+00:00,2040.5,2042.35,2029.0195,2029.82
2024-02-05T06:00:00+00:00,2029.835,2031.56,2015.01,2016.0385
2024-02-05T14:00:00+00:00,2016.04,2027.625,2014.965,2025.235
2024-02-05T22:00:00+00:00,2025.26,2029.865,2023.545,2029.56
2024-02-06T06:00:00+00:00,2029.555,2030.995,2022.975,2029.29
2024-02-06T14:00:00+00:00,2029.17,2038.94,2026.995,2035.695
2024-02-06T22:00:00+00:00,2036,2036.43,2033.3165,2033.4215
2024-02-07T06:00:00+00:00,2033.4115,2036.6615,2030.655,2036.1815
2024-02-07T14:00:00+00:00,2036.18,2044.63,2032.735,2035.3805
2024-02-07T22:00:00+00:00,2035.285,2038.79,2031.1645,2033.5935
2024-02-08T06:00:00+00:00,2033.5985,2038.515,2020.985,2021.155
2024-02-08T14:00:00+00:00,2021.2155,2035.35,2020.24,2034.37
2024-02-08T22:00:00+00:00,2034.6,2035.1465,2031.955,2032.955
2024-02-09T06:00:00+00:00,2032.9735,2037.242,2025.63,2027.1315
2024-02-09T14:00:00+00:00,2027.145,2030.6845,2020.3685,2024.7505
2024-02-11T22:00:00+00:00,2023.7605,2026.955,2021.9385,2023.905
2024-02-12T06:00:00+00:00,2023.865,2027.665,2018.625,2019.125
2024-02-12T14:00:00+00:00,2019.145,2021.6115,2011.945,2020.12
2024-02-12T22:00:00+00:00,2020,2021.7335,2016.94,2020.82
2024-02-13T06:00:00+00:00,2020.86,2033.065,2003.0785,2004.45
2024-02-13T14:00:00+00:00,2004.48,2006.0235,1990.1585,1993.24
2024-02-13T22:00:00+00:00,1993.205,1993.665,1988.91,1993.0115
2024-02-14T06:00:00+00:00,1993.0165,1993.4785,1986.1185,1989.215
2024-02-14T14:00:00+00:00,1989.17,1996.175,1984.2815,1992.36
2024-02-14T22:00:00+00:00,1992.36,1994.365,1990.3285,1992.0105
2024-02-15T06:00:00+00:00,1992.015,2004.4,1991.64,2003.8565
2024-02-15T14:00:00+00:00,2003.8915,2008.345,1998.54,2004.405
2024-02-15T22:00:00+00:00,2004.4,2005.71,2002.425,2004.5635
2024-02-16T06:00:00+00:00,2004.5685,2008.19,1995.145,2001.525
2024-02-16T14:00:00+00:00,2001.51,2015.24,1995.365,2013.34
2024-02-18T22:00:00+00:00,2015.3055,2022.945,2011.32,2020.8235
2024-02-19T06:00:00+00:00,2020.86,2023.06,2016.05,2016.89
2024-02-19T14:00:00+00:00,2016.925,2018.5935,2013.33,2017.995
2024-02-19T22:00:00+00:00,2018.1,2019.79,2015.1085,2018.555
2024-02-20T06:00:00+00:00,2018.5365,2030.8585,2017.83,2030.1
2024-02-20T14:00:00+00:00,2030.12,2030.9335,2023.5785,2024.34
2024-02-20T22:00:00+00:00,2024.4,2032.39,2022.985,2031.05
2024-02-21T06:00:00+00:00,2031.08,2031.625,2025.995,2028.775
2024-02-21T14:00:00+00:00,2028.75,2030.37,2020.08,2026.15
2024-02-21T22:00:00+00:00,2026,2030.095,2025.1635,2028.48
2024-02-22T06:00:00+00:00,2028.5,2034.8515,2022.81,2025.735
2024-02-22T14:00:00+00:00,2025.69,2026.795,2019.7135,2024.955
2024-02-22T22:00:00+00:00,2024.415,2027.4485,2022.265,2022.48
2024-02-23T06:00:00+00:00,2022.47,2029.27,2016.125,2025.445
2024-02-23T14:00:00+00:00,2025.4385,2041.4535,2024.22,2035.575
2024-02-25T22:00:00+00:00,2034.615,2035.0585,2029.945,2033.085
2024-02-26T06:00:00+00:00,2033.075,2037.1485,2030.805,2032.745
2024-02-26T14:00:00+00:00,2032.74,2033.7,2025.13,2031.235
2024-02-26T22:00:00+00:00,2031.2,2034.64,2030.65,2033.7
2024-02-27T06:00:00+00:00,2033.71,2039.52,2033.33,2035.5365
2024-02-27T14:00:00+00:00,2035.535,2037.265,2028.8735,2030.3295
2024-02-27T22:00:00+00:00,2030.4,2033.775,2029.22,2031.0015
2024-02-28T06:00:00+00:00,2030.985,2036.2385,2024.54,2035.855
2024-02-28T14:00:00+00:00,2035.875,2037.96,2030.5235,2034.41
2024-02-28T22:00:00+00:00,2034.7,2037.16,2034.01,2035.7235
2024-02-29T06:00:00+00:00,2035.75,2048.7665,2028.165,2047.7
2024-02-29T14:00:00+00:00,2047.72,2050.77,2042.93,2044.14
2024-02-29T22:00:00+00:00,2044.045,2046.915,2042.92,2045.135
2024-03-01T06:00:00+00:00,2045.155,2057.555,2039.09,2051.655
2024-03-01T14:00:00+00:00,2051.67,2088.385,2045.66,2082.77
2024-03-03T22:00:00+00:00,2082.21,2086.32,2079.4615,2081.5395
2024-03-04T06:00:00+00:00,2081.535,2093.2055,2081.1115,2091.645
2024-03-04T14:00:00+00:00,2091.7285,2119.975,2090.555,2114.515
2024-03-04T22:00:00+00:00,2114.925,2119.8235,2110.535,2119.375
2024-03-05T06:00:00+00:00,2119.39,2141.9065,2114.005,2127.805
2024-03-05T14:00:00+00:00,2127.905,2139.5715,2123.7335,2127.975
2024-03-05T22:00:00+00:00,2127.9,2128.535,2123.77,2125.3735
2024-03-06T06:00:00+00:00,2125.3935,2139.7585,2124.415,2139.46
2024-03-06T14:00:00+00:00,2139.475,2152.26,2132.0165,2148.195
2024-03-06T22:00:00+00:00,2148.47,2161.6455,2144.2315,2154.56
2024-03-07T06:00:00+00:00,2154.51,2164.8335,2151.6185,2159.595
2024-03-07T14:00:00+00:00,2159.64,2160.94,2147.985,2160.015
2024-03-07T22:00:00+00:00,2159.7,2163.635,2154.055,2157.8385
2024-03-08T06:00:00+00:00,2157.8555,2185.47,2156.5365,2171.24
2024-03-08T14:00:00+00:00,2171.23,2195.26,2163.88,2179.315
2024-03-10T21:00:00+00:00,2179.985,2189.115,2176.915,2180.745
2024-03-11T05:00:00+00:00,2180.77,2183.1265,2176,2177.205
2024-03-11T13:00:00+00:00,2177.18,2185.765,2174.8685,2182.55
2024-03-11T21:00:00+00:00,2182.8,2184.81,2176.855,2178.26
2024-03-12T05:00:00+00:00,2178.265,2182.0715,2161.2515,2169.84
2024-03-12T13:00:00+00:00,2169.82,2169.96,2150.65,2158.495
2024-03-12T21:00:00+00:00,2158.385,2161.6685,2155.85,2159.415
2024-03-13T05:00:00+00:00,2159.37,2166.36,2157.565,2163.5865
2024-03-13T13:00:00+00:00,2163.595,2179.91,2161.515,2174.405
2024-03-13T21:00:00+00:00,2174.55,2177.0265,2171.07,2171.79
2024-03-14T05:00:00+00:00,2171.75,2172.095,2160.51,2162.84
2024-03-14T13:00:00+00:00,2162.82,2167.32,2152.8335,2162.005
2024-03-14T21:00:00+00:00,2162.2,2166.025,2160.645,2164.525
2024-03-15T05:00:00+00:00,2164.59,2172.785,2157.64,2161.865
2024-03-15T13:00:00+00:00,2161.855,2166.795,2155.29,2155.91
2024-03-17T21:00:00+00:00,2155.69,2157.595,2146.16,2147.42
2024-03-18T05:00:00+00:00,2147.35,2163.625,2146.185,2159.145
2024-03-18T13:00:00+00:00,2159.105,2161.3515,2154.63,2160.355
2024-03-18T21:00:00+00:00,2160.435,2162.905,2158.63,2160.3235
2024-03-19T05:00:00+00:00,2160.3335,2160.5485,2147.21,2157.04
2024-03-19T13:00:00+00:00,2157.025,2158.775,2148.445,2157.615
2024-03-19T21:00:00+00:00,2158.035,2160.3035,2155.28,2156.96
2024-03-20T05:00:00+00:00,2156.97,2159.5365,2149.645,2153.26
2024-03-20T13:00:00+00:00,2153.3,2188.89,2150.545,2186.225
2024-03-20T21:00:00+00:00,2187.09,2223.09,2186.76,2203.34
2024-03-21T05:00:00+00:00,2203.36,2211.855,2196.905,2207.765
2024-03-21T13:00:00+00:00,2207.78,2208.2,2166.4345,2181.2
2024-03-21T21:00:00+00:00,2181.58,2186.125,2171.88,2173.6855
2024-03-22T05:00:00+00:00,2173.6955,2176.32,2162.64,2174.65
2024-03-22T13:00:00+00:00,2174.64,2180.195,2157.1685,2165.36
2024-03-24T21:00:00+00:00,2165.79,2178.3955,2164.02,2169.5155
2024-03-25T05:00:00+00:00,2169.5355,2177.095,2163.6135,2174.575
2024-03-25T13:00:00+00:00,2174.56,2181.3735,2170.775,2171.955
2024-03-25T21:00:00+00:00,2171.8535,2174.48,2167.6415,2172.385
2024-03-26T05:00:00+00:00,2172.355,2200.165,2169.6835,2187.995
2024-03-26T13:00:00+00:00,2188.005,2192.9315,2171.785,2178.91
2024-03-26T21:00:00+00:00,2178.735,2181.795,2173.52,2178.445
2024-03-27T05:00:00+00:00,2178.435,2197.655,2175.795,2186.1415
2024-03-27T13:00:00+00:00,2186.155,2195.2985,2183.59,2194.6
2024-03-27T21:00:00+00:00,2194.855,2196.965,2187.405,2195.7035
2024-03-28T05:00:00+00:00,2195.6985,2217.0235,2190.9,2215.74
2024-03-28T13:00:00+00:00,2215.745,2236.7775,2202.318,2233.05
2024-03-31T22:00:00+01:00,2239.2685,2265.77,2235.0735,2260.425
2024-04-01T06:00:00+01:00,2260.415,2263.455,2243.68,2252.59
2024-04-01T14:00:00+01:00,2252.615,2257.9115,2228.565,2251.885
2024-04-01T22:00:00+01:00,2252,2259.9465,2246.74,2256.73
2024-04-02T06:00:00+01:00,2256.7,2266.86,2252.3,2257.625
2024-04-02T14:00:00+01:00,2257.605,2281.155,2250.9585,2280.365
2024-04-02T22:00:00+01:00,2280.7685,2288.4535,2276.7495,2283.83
2024-04-03T06:00:00+01:00,2283.8285,2286.09,2265.5535,2274.9335
2024-04-03T14:00:00+01:00,2274.995,2301.255,2271.725,2299.975
2024-04-03T22:00:00+01:00,2299.905,2305.04,2296.42,2298.875
2024-04-04T06:00:00+01:00,2298.86,2300.7265,2282.7845,2288.2885
2024-04-04T14:00:00+01:00,2288.295,2305.645,2279.7965,2291.225
2024-04-04T22:00:00+01:00,2290.935,2293.455,2267.8185,2278.15
2024-04-05T06:00:00+01:00,2278.0785,2296.28,2276.63,2290.9
2024-04-05T14:00:00+01:00,2290.9365,2330.525,2287.1235,2329.6
2024-04-07T22:00:00+01:00,2323.365,2354.14,2302.975,2342.2515
2024-04-08T06:00:00+01:00,2342.2615,2343.722,2322.7385,2329.1085
2024-04-08T14:00:00+01:00,2329.125,2342.09,2318.7935,2339.065
2024-04-08T22:00:00+01:00,2339.3,2348.55,2336.985,2344.2735
2024-04-09T06:00:00+01:00,2344.265,2365.375,2343.1645,2349.5135
2024-04-09T14:00:00+01:00,2349.4985,2364.35,2338.34,2352.995
2024-04-09T22:00:00+01:00,2353.0215,2356.9,2344.835,2356.315
2024-04-10T06:00:00+01:00,2356.32,2360.2035,2328.101,2338.46
2024-04-10T14:00:00+01:00,2338.4835,2352.435,2319.4385,2334.075
2024-04-10T22:00:00+01:00,2333.758,2346.945,2333.375,2342.98
2024-04-11T06:00:00+01:00,2343.08,2344.65,2325.79,2341.395
2024-04-11T14:00:00+01:00,2341.335,2377.73,2332.3585,2372.36
2024-04-11T22:00:00+01:00,2372.1815,2395.485,2371.1045,2384.2735
2024-04-12T06:00:00+01:00,2384.275,2400.7485,2383.5035,2395.9115
2024-04-12T14:00:00+01:00,2395.925,2431.5735,2333.91,2344.215
2024-04-14T22:00:00+01:00,2352.9,2372.8835,2347.1055,2356.715
2024-04-15T06:00:00+01:00,2356.64,2362.525,2344.795,2357.39
2024-04-15T14:00:00+01:00,2357.38,2387.6315,2324.192,2383.055
2024-04-15T22:00:00+01:00,2382.767,2392.25,2379.3735,2386.19
2024-04-16T06:00:00+01:00,2386.185,2389.155,2363.0295,2376.23
2024-04-16T14:00:00+01:00,2376.24,2398.3465,2363.6335,2382.7
2024-04-16T22:00:00+01:00,2382.135,2387.1,2380.375,2382.0835
2024-04-17T06:00:00+01:00,2382.0585,2394.3535,2372.77,2383.375
2024-04-17T14:00:00+01:00,2383.33,2395.6115,2354.7885,2360.88
2024-04-17T22:00:00+01:00,2361.98,2376.565,2361.6,2375.1165
2024-04-18T06:00:00+01:00,2375.2255,2387.5315,2373.8865,2385.5
2024-04-18T14:00:00+01:00,2385.485,2392.8145,2369.63,2379.405
2024-04-18T22:00:00+01:00,2378.6,2417.96,2373.845,2383.64
2024-04-19T06:00:00+01:00,2383.675,2393.935,2372.9535,2381.595
2024-04-19T14:00:00+01:00,2381.525,2402.03,2373.165,2390.52
2024-04-21T22:00:00+01:00,2388.05,2388.9,2361.9,2369.7335
2024-04-22T06:00:00+01:00,2369.8305,2370.57,2333.1535,2336.935
2024-04-22T14:00:00+01:00,2336.93,2343.895,2324.725,2327.01
2024-04-22T22:00:00+01:00,2327.5985,2334.505,2295.6315,2305.61
2024-04-23T06:00:00+01:00,2305.4965,2314.815,2291.47,2311.9135
2024-04-23T14:00:00+01:00,2311.925,2332.245,2309.6,2322
2024-04-23T22:00:00+01:00,2322.245,2330.18,2315.885,2326.765
2024-04-24T06:00:00+01:00,2326.72,2331.395,2311.815,2323.31
2024-04-24T14:00:00+01:00,2323.2965,2337.3665,2313.775,2315.935
2024-04-24T22:00:00+01:00,2315.425,2322.165,2305.065,2315.3965
2024-04-25T06:00:00+01:00,2315.39,2334.765,2314.56,2330.765
2024-04-25T14:00:00+01:00,2330.815,2344.9015,2312.918,2332.08
2024-04-25T22:00:00+01:00,2332.35,2338.2215,2326.35,2336.015
2024-04-26T06:00:00+01:00,2335.945,2352.6115,2333.9765,2344.8185
2024-04-26T14:00:00+01:00,2344.8835,2350.43,2328.805,2337.8
2024-04-28T22:00:00+01:00,2336.515,2337.795,2319.9165,2332.725
2024-04-29T06:00:00+01:00,2332.735,2344.465,2327.505,2332.0435
2024-04-29T14:00:00+01:00,2332,2346.795,2325.6435,2335.705
2024-04-29T22:00:00+01:00,2335.5365,2336.4085,2325.015,2326.53
2024-04-30T06:00:00+01:00,2326.475,2327.015,2304.72,2306.18
2024-04-30T14:00:00+01:00,2306.1655,2313.43,2285.18,2285.845
2024-04-30T22:00:00+01:00,2286.63,2293.3585,2281.685,2283.29
2024-05-01T06:00:00+01:00,2283.23,2300.095,2282.615,2298.305
2024-05-01T14:00:00+01:00,2298.32,2328.445,2295.31,2319.165
2024-05-01T22:00:00+01:00,2319.93,2326.51,2317.39,2318.2465
2024-05-02T06:00:00+01:00,2318.235,2319.1785,2293.6585,2294.5735
2024-05-02T14:00:00+01:00,2294.5785,2309.525,2285.565,2303.65
2024-05-02T22:00:00+01:00,2304,2308.155,2299.945,2307.48
2024-05-03T06:00:00+01:00,2307.495,2320.735,2294.6735,2304.8835
2024-05-03T14:00:00+01:00,2304.865,2309.0185,2277.3585,2302.035
2024-05-05T22:00:00+01:00,2305.09,2315.435,2291.8835,2309.265
2024-05-06T06:00:00+01:00,2309.2565,2330.3835,2308.795,2323.425
2024-05-06T14:00:00+01:00,2323.3995,2332.1665,2317.785,2324.025
2024-05-06T22:00:00+01:00,2324.4245,2329.9515,2319.7365,2322.735
2024-05-07T06:00:00+01:00,2322.73,2323.3655,2310.0365,2316.1115
2024-05-07T14:00:00+01:00,2316.1215,2323.7465,2311.165,2314.1
2024-05-07T22:00:00+01:00,2314.505,2319.44,2307.065,2319.395
2024-05-08T06:00:00+01:00,2319.4,2321.53,2303.745,2314.61
2024-05-08T14:00:00+01:00,2314.595,2321.15,2306.84,2308.51
2024-05-08T22:00:00+01:00,2308.7335,2315.36,2307.9115,2314.5715
2024-05-09T06:00:00+01:00,2314.5865,2329.4065,2306.793,2326.795
2024-05-09T14:00:00+01:00,2326.79,2347.26,2312.21,2346.24
2024-05-09T22:00:00+01:00,2346.22,2355.8695,2344.24,2354.0735
2024-05-10T06:00:00+01:00,2354.085,2378.565,2353.865,2364.91
2024-05-10T14:00:00+01:00,2364.7805,2373.0695,2356.67,2360.72
2024-05-12T22:00:00+01:00,2363.31,2364.545,2354.285,2354.39
2024-05-13T06:00:00+01:00,2354.37,2355.125,2338.5,2347.165
2024-05-13T14:00:00+01:00,2347.18,2349.48,2332.1905,2336.765
2024-05-13T22:00:00+01:00,2335.7305,2344.965,2334.88,2344.1165
2024-05-14T06:00:00+01:00,2344.115,2350.33,2336.165,2348.2315
2024-05-14T14:00:00+01:00,2348.3165,2359.7265,2344.998,2357.995
2024-05-14T22:00:00+01:00,2357.935,2361.0655,2354.9495,2357.0985
2024-05-15T06:00:00+01:00,2357.11,2379.1,2355.775,2372.675
2024-05-15T14:00:00+01:00,2372.65,2390.3465,2351.9435,2386.14
2024-05-15T22:00:00+01:00,2386.4,2397.4985,2385.41,2391.4285
2024-05-16T06:00:00+01:00,2391.4435,2394.5465,2378.0165,2379.23
2024-05-16T14:00:00+01:00,2379.22,2383.85,2371.055,2376.78
2024-05-16T22:00:00+01:00,2376.95,2381.2785,2373.9965,2378.9115
2024-05-17T06:00:00+01:00,2378.9015,2394.1085,2378.605,2393.4035
2024-05-17T14:00:00+01:00,2393.4185,2422.7685,2393.4185,2415.21
2024-05-19T22:00:00+01:00,2417.9865,2440.6835,2416.6185,2437.405
2024-05-20T06:00:00+01:00,2437.3935,2450.155,2407.355,2413.945
2024-05-20T14:00:00+01:00,2413.8135,2437.415,2410.45,2426.22
2024-05-20T22:00:00+01:00,2426.64,2433.175,2406.346,2412.5165
2024-05-21T06:00:00+01:00,2412.5,2430.02,2408.6795,2426.2885
2024-05-21T14:00:00+01:00,2426.325,2433.9965,2417.4315,2420.78
2024-05-21T22:00:00+01:00,2421.39,2426.625,2412.15,2412.97
2024-05-22T06:00:00+01:00,2412.945,2419.39,2404.842,2412.49
2024-05-22T14:00:00+01:00,2412.495,2413.36,2375.0285,2378.465
2024-05-22T22:00:00+01:00,2379.83,2383.815,2366.8215,2372.8665
2024-05-23T06:00:00+01:00,2372.865,2373.1965,2355.045,2362.8035
2024-05-23T14:00:00+01:00,2362.82,2369.9,2327.05,2328.89
2024-05-23T22:00:00+01:00,2328.785,2335.2565,2325.45,2335.14
2024-05-24T06:00:00+01:00,2335.0515,2343.93,2333.26,2339.43
2024-05-24T14:00:00+01:00,2339.42,2347.52,2331.9285,2334
2024-05-26T22:00:00+01:00,2337.1335,2347.69,2332.355,2343.0785
2024-05-27T06:00:00+01:00,2343.015,2349.928,2338.21,2347.275
2024-05-27T14:00:00+01:00,2347.2815,2358.5715,2344.7135,2350.918
2024-05-27T22:00:00+01:00,2351.8,2356.4165,2349.225,2351.0615
2024-05-28T06:00:00+01:00,2351.0715,2357.19,2340.3355,2353.27
2024-05-28T14:00:00+01:00,2353.285,2364.16,2348.005,2361.395
2024-05-28T22:00:00+01:00,2361.1,2362.745,2354.4865,2358.345
2024-05-29T06:00:00+01:00,2358.4035,2361.4585,2334.6015,2337.725
2024-05-29T14:00:00+01:00,2337.875,2347.26,2335.965,2338.12
2024-05-29T22:00:00+01:00,2338.07,2339.96,2328.095,2335.3585
2024-05-30T06:00:00+01:00,2335.3335,2345.27,2322.6615,2341.3615
2024-05-30T14:00:00+01:00,2341.355,2351.8965,2339.825,2343.365
2024-05-30T22:00:00+01:00,2345,2347.8215,2337.04,2344.1835
2024-05-31T06:00:00+01:00,2344.18,2356.8485,2339.805,2354.865
2024-05-31T14:00:00+01:00,2354.76,2359.7715,2320.5835,2327.405
2024-06-02T22:00:00+01:00,2327.8,2331.19,2320.0935,2321.4035
2024-06-03T06:00:00+01:00,2321.4135,2334.4765,2314.8135,2334.1015
2024-06-03T14:00:00+01:00,2334.03,2354.785,2329.9,2350.83
2024-06-03T22:00:00+01:00,2351.35,2352.845,2343.2715,2349.3865
2024-06-04T06:00:00+01:00,2349.37,2351.855,2325.5175,2335.1565
2024-06-04T14:00:00+01:00,2335.155,2338.0835,2315.687,2326.895
2024-06-04T22:00:00+01:00,2326.905,2338.3205,2325.9785,2338.0835
2024-06-05T06:00:00+01:00,2338.0885,2344.1285,2328.135,2342.2135
2024-06-05T14:00:00+01:00,2342.1715,2357.4465,2334.15,2355.385
2024-06-05T22:00:00+01:00,2355.865,2375.025,2354.6165,2369.4915
2024-06-06T06:00:00+01:00,2369.49,2371.4815,2355.33,2357.5985
2024-06-06T14:00:00+01:00,2357.645,2378.5765,2353.5135,2375.87
2024-06-06T22:00:00+01:00,2375.805,2387.55,2369.485,2386.6935
2024-06-07T06:00:00+01:00,2386.6885,2387.8,2313.5845,2319.3985
2024-06-07T14:00:00+01:00,2319.415,2328.1,2286.8365,2293.78
2024-06-09T22:00:00+01:00,2294.74,2301.445,2289.29,2294.8735
2024-06-10T06:00:00+01:00,2294.895,2308.805,2287.855,2306.2435
2024-06-10T14:00:00+01:00,2306.2385,2313.845,2300.42,2310.87
2024-06-10T22:00:00+01:00,2312.2395,2312.6685,2298.835,2303.6635
2024-06-11T06:00:00+01:00,2303.6535,2320.0185,2297.805,2318
2024-06-11T14:00:00+01:00,2318.025,2319.64,2305.9685,2316.83
2024-06-11T22:00:00+01:00,2317,2317.7065,2310.793,2312.785
2024-06-12T06:00:00+01:00,2312.7835,2337.74,2310.855,2336.0165
2024-06-12T14:00:00+01:00,2335.9845,2341.705,2315.9385,2325
2024-06-12T22:00:00+01:00,2325.2485,2325.88,2308.2,2311.8985
2024-06-13T06:00:00+01:00,2311.91,2326.7085,2304.0335,2323.4215
2024-06-13T14:00:00+01:00,2323.4015,2324.855,2295.61,2304.125
2024-06-13T22:00:00+01:00,2303.995,2308.77,2301.6185,2305.9935
2024-06-14T06:00:00+01:00,2306.0085,2336.72,2305.6335,2330.42
2024-06-14T14:00:00+01:00,2330.4,2335.645,2324.1235,2332.6845
2024-06-16T22:00:00+01:00,2332,2332.7365,2321.595,2323.7335
2024-06-17T06:00:00+01:00,2323.755,2323.755,2315.55,2319.6985
2024-06-17T14:00:00+01:00,2319.705,2327.69,2310.0485,2319.095
2024-06-17T22:00:00+01:00,2319.04,2325.735,2318.9765,2322.63
2024-06-18T06:00:00+01:00,2322.6165,2324.24,2306.655,2313.9865
2024-06-18T14:00:00+01:00,2313.9915,2333.1715,2313.74,2329.385
2024-06-18T22:00:00+01:00,2329.4,2331.835,2326.5515,2328.0685
2024-06-19T06:00:00+01:00,2328.0785,2335.0615,2325.3285,2328.405
2024-06-19T14:00:00+01:00,2328.425,2331.5835,2323.9845,2328.2885
2024-06-19T22:00:00+01:00,2328.7,2341.0135,2327.8165,2340.5485
2024-06-20T06:00:00+01:00,2340.58,2345.7535,2331.65,2338.63
2024-06-20T14:00:00+01:00,2338.68,2365.555,2336.7215,2359.98
2024-06-20T22:00:00+01:00,2360.155,2364.895,2357.1765,2363.01
2024-06-21T06:00:00+01:00,2362.99,2368.7615,2355.1785,2360.74
2024-06-21T14:00:00+01:00,2360.735,2363.89,2316.7715,2322.05
2024-06-23T22:00:00+01:00,2323.635,2326.76,2317.765,2324.5385
2024-06-24T06:00:00+01:00,2324.565,2332.8565,2320.8635,2327.64
2024-06-24T14:00:00+01:00,2327.6615,2334.7975,2325.965,2333.915
2024-06-24T22:00:00+01:00,2334.1025,2334.6975,2322.8115,2327.51
2024-06-25T06:00:00+01:00,2327.505,2337.1865,2322.985,2324.2535
2024-06-25T14:00:00+01:00,2324.285,2328.285,2315.6,2319.57
2024-06-25T22:00:00+01:00,2319.87,2324.01,2310.63,2316.8735
2024-06-26T06:00:00+01:00,2316.895,2318.49,2304.475,2310.2315
2024-06-26T14:00:00+01:00,2310.2215,2311.6585,2293.703,2298.355
2024-06-26T22:00:00+01:00,2298.795,2301.1965,2296.81,2300.5635
2024-06-27T06:00:00+01:00,2300.5735,2325.8585,2296.5935,2322.905
2024-06-27T14:00:00+01:00,2322.9165,2330.995,2319.5865,2327.915
2024-06-27T22:00:00+01:00,2328.05,2328.4535,2319.1185,2321.2765
2024-06-28T06:00:00+01:00,2321.275,2339.4185,2321.065,2335.545
2024-06-28T14:00:00+01:00,2335.55,2339.815,2322.925,2326.65
2024-06-30T22:00:00+01:00,2327.04,2328.5785,2321.49,2323.7385
2024-07-01T06:00:00+01:00,2323.77,2338.5615,2318.5885,2327.4765
2024-07-01T14:00:00+01:00,2327.4935,2334.35,2319.325,2331.795
2024-07-01T22:00:00+01:00,2331.77,2334.4115,2324.9635,2327.3435
2024-07-02T06:00:00+01:00,2327.35,2332.52,2319.135,2327.5565
2024-07-02T14:00:00+01:00,2327.5315,2336.8715,2321,2329.64
2024-07-02T22:00:00+01:00,2330,2335.3565,2326.8935,2334.565
2024-07-03T06:00:00+01:00,2334.555,2356.2,2332.04,2350.5635
2024-07-03T14:00:00+01:00,2350.5385,2364.99,2347.6165,2356.04
2024-07-03T22:00:00+01:00,2357.22,2362.59,2355.685,2358.6085
2024-07-04T06:00:00+01:00,2358.62,2360.48,2350.5495,2357.8415
2024-07-04T14:00:00+01:00,2357.8615,2361.9465,2355.56,2357.0435
2024-07-04T22:00:00+01:00,2356.97,2364.76,2354.33,2364.015
2024-07-05T06:00:00+01:00,2364.015,2376.215,2349.0085,2372.225
2024-07-05T14:00:00+01:00,2372.23,2392.9985,2370.75,2391.255
2024-07-07T22:00:00+01:00,2386.3615,2391.135,2380.755,2385.035
2024-07-08T06:00:00+01:00,2385.045,2386.8685,2368.365,2372.8635
2024-07-08T14:00:00+01:00,2372.8165,2379.62,2351.115,2359.04
2024-07-08T22:00:00+01:00,2359.18,2368.845,2358.5565,2367.4435
2024-07-09T06:00:00+01:00,2367.4385,2368.43,2356.155,2360.1915
2024-07-09T14:00:00+01:00,2360.1585,2371.5665,2349.6135,2364.12
2024-07-09T22:00:00+01:00,2364.015,2370.3735,2362.813,2367.8215
2024-07-10T06:00:00+01:00,2367.8165,2381.8865,2367.2285,2377.88
2024-07-10T14:00:00+01:00,2377.8735,2386.7315,2369.97,2371.275
2024-07-10T22:00:00+01:00,2371.7035,2382.55,2370.9155,2382.0465
2024-07-11T06:00:00+01:00,2382.055,2409.7965,2378.3815,2406.43
2024-07-11T14:00:00+01:00,2406.3815,2424.585,2395.915,2415.355
2024-07-11T22:00:00+01:00,2416,2416.38,2406.7265,2408.645
2024-07-12T06:00:00+01:00,2408.64,2410.18,2391.52,2397.9785
2024-07-12T14:00:00+01:00,2397.995,2418.3115,2396.89,2411.215
2024-07-14T22:00:00+01:00,2412.98,2415.24,2405.005,2411.5635
2024-07-15T06:00:00+01:00,2411.5535,2420.91,2401.41,2414.8965
2024-07-15T14:00:00+01:00,2414.88,2439.8165,2411.56,2422.45
2024-07-15T22:00:00+01:00,2422.31,2431.5715,2420.0335,2429.345
2024-07-16T06:00:00+01:00,2429.36,2444.23,2428.205,2432.6635
2024-07-16T14:00:00+01:00,2432.6235,2469.705,2431.0585,2468.85
2024-07-16T22:00:00+01:00,2468.79,2482.49,2464.0665,2467.8865
2024-07-17T06:00:00+01:00,2467.865,2478.955,2461.8915,2473.4435
2024-07-17T14:00:00+01:00,2473.465,2483.7415,2451.6085,2458.975
2024-07-17T22:00:00+01:00,2458.855,2468.9635,2457.4435,2465.337
2024-07-18T06:00:00+01:00,2465.3405,2475,2461.5985,2464.065
2024-07-18T14:00:00+01:00,2464.085,2469.965,2440.38,2445.135
2024-07-18T22:00:00+01:00,2445.5805,2446.1155,2420.565,2425.515
2024-07-19T06:00:00+01:00,2425.5365,2426.1465,2401.6385,2403.795
2024-07-19T14:00:00+01:00,2403.8,2408.49,2393.89,2401.1105
2024-07-21T22:00:00+01:00,2402.2,2412.255,2401.225,2405.6335
2024-07-22T06:00:00+01:00,2405.6285,2408.4465,2388.8965,2394.37
2024-07-22T14:00:00+01:00,2394.35,2400.2035,2383.91,2396.45
2024-07-22T22:00:00+01:00,2396.395,2404.0735,2394.88,2396.5865
2024-07-23T06:00:00+01:00,2396.58,2412.0965,2388.33,2405.5265
2024-07-23T14:00:00+01:00,2405.4745,2410.0735,2399.6085,2409.47
2024-07-23T22:00:00+01:00,2409.39,2418.4265,2404.99,2417.925
2024-07-24T06:00:00+01:00,2417.91,2422.0835,2409.8535,2421.48
2024-07-24T14:00:00+01:00,2421.53,2432.09,2396.825,2397.49
2024-07-24T22:00:00+01:00,2397.585,2401.27,2366.85,2377.685
2024-07-25T06:00:00+01:00,2377.69,2382.645,2362.915,2371.2085
2024-07-25T14:00:00+01:00,2371.22,2376.4185,2353.2055,2364.61
2024-07-25T22:00:00+01:00,2364.445,2379.455,2355.9215,2369.8565
2024-07-26T06:00:00+01:00,2369.85,2379.085,2365.2965,2377.595
2024-07-26T14:00:00+01:00,2377.605,2390.85,2374.075,2387.45
2024-07-28T22:00:00+01:00,2388.295,2403.28,2387.46,2394.9135
2024-07-29T06:00:00+01:00,2394.9385,2396.29,2385.53,2393.9035
2024-07-29T14:00:00+01:00,2393.915,2396.785,2369.6965,2384.0395
2024-07-29T22:00:00+01:00,2383.95,2388.41,2376.5515,2386.4535
2024-07-30T06:00:00+01:00,2386.455,2392.475,2385.79,2386.585
2024-07-30T14:00:00+01:00,2386.6255,2412.885,2383.4585,2410.83
2024-07-30T22:00:00+01:00,2410.5915,2421.3715,2403.965,2421.19
2024-07-31T06:00:00+01:00,2421.1965,2425.55,2415.4935,2420.505
2024-07-31T14:00:00+01:00,2420.52,2450.975,2417.875,2447.555
2024-07-31T22:00:00+01:00,2449.2,2458.48,2437.3865,2444.3165
2024-08-01T06:00:00+01:00,2444.285,2454.92,2430.2735,2450.7835
2024-08-01T14:00:00+01:00,2450.79,2462.34,2434.995,2446.495
2024-08-01T22:00:00+01:00,2446.435,2460.36,2435.045,2457.91
2024-08-02T06:00:00+01:00,2457.925,2477.7445,2456,2472.9415
2024-08-02T14:00:00+01:00,2472.945,2474.45,2410.9,2443.85
2024-08-04T22:00:00+01:00,2444.555,2458.9035,2414.1315,2452.75
2024-08-05T06:00:00+01:00,2452.755,2452.755,2364.2995,2374.575
2024-08-05T14:00:00+01:00,2374.605,2413.155,2374.605,2410.45
2024-08-05T22:00:00+01:00,2410.17,2418.4135,2404.515,2408.1
2024-08-06T06:00:00+01:00,2408.11,2416.375,2391.8335,2393.0865
2024-08-06T14:00:00+01:00,2393.0765,2403.205,2381.695,2390.825
2024-08-06T22:00:00+01:00,2390.9,2394.765,2379.0715,2392.9115
2024-08-07T06:00:00+01:00,2392.8665,2407.1115,2388.185,2403.875
2024-08-07T14:00:00+01:00,2403.9755,2404.9,2381.9,2382.97
2024-08-07T22:00:00+01:00,2383.76,2396.48,2381.0485,2394.4165
2024-08-08T06:00:00+01:00,2394.4215,2415.59,2392.55,2408.1585
2024-08-08T14:00:00+01:00,2408.15,2427.7915,2402.405,2427.55
2024-08-08T22:00:00+01:00,2427.4,2429.0285,2419.39,2423.98
2024-08-09T06:00:00+01:00,2423.975,2432.71,2416.97,2429.755
2024-08-09T14:00:00+01:00,2429.6415,2437.0995,2421.1605,2431.145
2024-08-11T22:00:00+01:00,2431.2,2433.6015,2423.91,2433.4685
2024-08-12T06:00:00+01:00,2433.47,2445.505,2429.195,2444.4985
2024-08-12T14:00:00+01:00,2444.515,2473.24,2442.175,2472.695
2024-08-12T22:00:00+01:00,2470.94,2477.035,2460.26,2462.0635
2024-08-13T06:00:00+01:00,2462.1,2472.5445,2458.56,2467.69
2024-08-13T14:00:00+01:00,2467.6985,2475.6855,2459.0215,2465.15
2024-08-13T22:00:00+01:00,2467.1,2472.645,2455.4435,2461.8835
2024-08-14T06:00:00+01:00,2461.8885,2480.3575,2459.3165,2468.8615
2024-08-14T14:00:00+01:00,2468.8565,2469.587,2438.1625,2447.845
2024-08-14T22:00:00+01:00,2447.695,2455.5015,2446.585,2453.46
2024-08-15T06:00:00+01:00,2453.455,2470.15,2441.07,2441.21
2024-08-15T14:00:00+01:00,2441.265,2461.6965,2432.235,2456.9155
2024-08-15T22:00:00+01:00,2457.015,2460.1215,2450.78,2452.815
2024-08-16T06:00:00+01:00,2452.8105,2492.4435,2451.22,2491.72
2024-08-16T14:00:00+01:00,2491.7435,2509.7915,2477.5335,2507.6345
2024-08-18T22:00:00+01:00,2509.2,2510.35,2495.0585,2500.7235
2024-08-19T06:00:00+01:00,2500.7435,2507.27,2486.59,2491.2485
2024-08-19T14:00:00+01:00,2491.29,2507.53,2485.7,2504.19
2024-08-19T22:00:00+01:00,2503.955,2508.285,2498.7565,2500.8845
2024-08-20T06:00:00+01:00,2500.8995,2529.285,2497.415,2526.8
2024-08-20T14:00:00+01:00,2526.785,2531.7615,2500.8935,2513.97
2024-08-20T22:00:00+01:00,2513.835,2520.01,2510.915,2516.2
2024-08-21T06:00:00+01:00,2516.205,2519.6415,2504.53,2510.595
2024-08-21T14:00:00+01:00,2510.7005,2519.19,2493.94,2512.38
2024-08-21T22:00:00+01:00,2512.405,2514.75,2499.3645,2501.9685
2024-08-22T06:00:00+01:00,2501.9585,2510.655,2495.2835,2500.745
2024-08-22T14:00:00+01:00,2500.76,2501.595,2470.8335,2484.8
2024-08-22T22:00:00+01:00,2484.79,2494.6,2484.445,2493.46
2024-08-23T06:00:00+01:00,2493.465,2502.535,2490.655,2501.3665
2024-08-23T14:00:00+01:00,2501.34,2518.415,2494.525,2512.665
2024-08-25T22:00:00+01:00,2511.6,2517.0205,2508.985,2509.6965
2024-08-26T06:00:00+01:00,2509.67,2526.905,2508.8185,2523.9165
2024-08-26T14:00:00+01:00,2523.9115,2526.505,2510.7065,2518.175
2024-08-26T22:00:00+01:00,2518.2,2518.7605,2505.8815,2507.37
2024-08-27T06:00:00+01:00,2507.35,2517.575,2503.6,2509.965
2024-08-27T14:00:00+01:00,2509.948,2526,2503.59,2524.59
2024-08-27T22:00:00+01:00,2524.9,2529.112,2510.31,2511.59
2024-08-28T06:00:00+01:00,2511.57,2511.76,2493.6835,2500.6685
2024-08-28T14:00:00+01:00,2500.68,2510.67,2496.4735,2504.535
2024-08-28T22:00:00+01:00,2504.595,2518.26,2504.393,2515.9365
2024-08-29T06:00:00+01:00,2515.93,2524.505,2503.71,2509.2235
2024-08-29T14:00:00+01:00,2509.385,2528.7465,2508.2685,2521.305
2024-08-29T22:00:00+01:00,2521.32,2521.965,2512.24,2513.45
2024-08-30T06:00:00+01:00,2513.445,2526.935,2512.6,2519.72
2024-08-30T14:00:00+01:00,2519.82,2519.92,2494.242,2503.39
2024-09-01T22:00:00+01:00,2502.73,2505.03,2490.125,2496.98
2024-09-02T06:00:00+01:00,2497,2507.305,2495.35,2501.3515
2024-09-02T14:00:00+01:00,2501.3565,2502.55,2497.765,2499.4915
2024-09-02T22:00:00+01:00,2499.8,2500.4785,2489.743,2496
2024-09-03T06:00:00+01:00,2495.99,2506.35,2484.7835,2493.3235
2024-09-03T14:00:00+01:00,2493.2955,2497.715,2473.4435,2493.08
2024-09-03T22:00:00+01:00,2493,2497,2491.375,2495.9885
2024-09-04T06:00:00+01:00,2496.0005,2496.6955,2471.8715,2486.625
2024-09-04T14:00:00+01:00,2486.6135,2500.3555,2482.125,2495.78
2024-09-04T22:00:00+01:00,2495.545,2499.3895,2493.8735,2494.3285
2024-09-05T06:00:00+01:00,2494.34,2523.5615,2494.0635,2517.8005
2024-09-05T14:00:00+01:00,2517.8105,2520.6565,2503.965,2516.76
2024-09-05T22:00:00+01:00,2516.83,2519.5715,2513.105,2518.5045
2024-09-06T06:00:00+01:00,2518.5,2529.32,2507.4535,2522.3065
2024-09-06T14:00:00+01:00,2522.37,2523.06,2485.2005,2497.42
2024-09-08T22:00:00+01:00,2498,2500.5355,2494.8385,2498.28
2024-09-09T06:00:00+01:00,2498.23,2504.19,2485.63,2500.9915
2024-09-09T14:00:00+01:00,2500.98,2507.2715,2493.31,2506.41
2024-09-09T22:00:00+01:00,2506.7,2507.74,2501.0835,2501.8065
2024-09-10T06:00:00+01:00,2501.8,2514.105,2500.2045,2513.8985
2024-09-10T14:00:00+01:00,2513.935,2518.4995,2501.0495,2516.635
2024-09-10T22:00:00+01:00,2516.665,2522.625,2515.05,2519.6515
2024-09-11T06:00:00+01:00,2519.6415,2529.085,2502.2515,2508.2395
2024-09-11T14:00:00+01:00,2508.1945,2520.1445,2501.0235,2511.81
2024-09-11T22:00:00+01:00,2511.8,2517.8635,2511.085,2517.1
2024-09-12T06:00:00+01:00,2517.0965,2535.3815,2513.085,2528.6
2024-09-12T14:00:00+01:00,2528.6085,2560.1465,2522.1685,2558.805
2024-09-12T22:00:00+01:00,2558.6,2570.149,2556.7515,2568.97
2024-09-13T06:00:00+01:00,2568.9505,2575.9685,2563.2185,2575.888
2024-09-13T14:00:00+01:00,2575.8835,2586.145,2573.192,2578.015
2024-09-15T22:00:00+01:00,2579.02,2589.0585,2577.618,2585.895
2024-09-16T06:00:00+01:00,2585.8285,2589.7,2575.335,2583.48
2024-09-16T14:00:00+01:00,2583.455,2589.41,2576.16,2582.61
2024-09-16T22:00:00+01:00,2582.71,2586.36,2574.9785,2576.9315
2024-09-17T06:00:00+01:00,2576.9395,2587.03,2568.3845,2577.8335
2024-09-17T14:00:00+01:00,2577.8185,2582.2955,2560.9845,2569.51
2024-09-17T22:00:00+01:00,2569.475,2576.5445,2568.075,2568.73
2024-09-18T06:00:00+01:00,2568.69,2580.755,2565.86,2576.3135
2024-09-18T14:00:00+01:00,2576.3035,2600.2555,2546.8805,2559.135
2024-09-18T22:00:00+01:00,2559.165,2566.7615,2551.2235,2564.1485
2024-09-19T06:00:00+01:00,2564.1535,2594.915,2564.085,2576.7695
2024-09-19T14:00:00+01:00,2576.7595,2592.75,2569.82,2586.865
2024-09-19T22:00:00+01:00,2586.845,2594.425,2584.8545,2593.8135
2024-09-20T06:00:00+01:00,2593.9,2619.365,2592.515,2615.62
2024-09-20T14:00:00+01:00,2615.6215,2625.798,2602.655,2622.1
2024-09-22T22:00:00+01:00,2621.2,2631.2055,2616.1655,2629.51
2024-09-23T06:00:00+01:00,2629.42,2631.415,2613.9,2627.1165
2024-09-23T14:00:00+01:00,2627.1215,2634.905,2625.6745,2628.765
2024-09-23T22:00:00+01:00,2628.8,2638.3435,2623.8935,2638.14
2024-09-24T06:00:00+01:00,2638.16,2640.17,2622.695,2633.225
2024-09-24T14:00:00+01:00,2633.23,2664.3895,2631.06,2657.335
2024-09-24T22:00:00+01:00,2657.705,2670.575,2655.565,2658.9815
2024-09-25T06:00:00+01:00,2658.965,2660.8835,2651.435,2659.5235
2024-09-25T14:00:00+01:00,2659.545,2667.5335,2649.8435,2657.1745
2024-09-25T22:00:00+01:00,2656.9845,2662.9695,2655.49,2660.7145
2024-09-26T06:00:00+01:00,2660.7,2685.595,2658.04,2677.345
2024-09-26T14:00:00+01:00,2677.355,2679.77,2654.8685,2672.405
2024-09-26T22:00:00+01:00,2672.12,2674.0505,2666.27,2670.5635
2024-09-27T06:00:00+01:00,2670.5835,2674.3145,2658.4115,2670.142
2024-09-27T14:00:00+01:00,2670.137,2671.14,2643.2515,2658.425
2024-09-29T22:00:00+01:00,2658.47,2666.0365,2647.4505,2655.9535
2024-09-30T06:00:00+01:00,2655.9735,2660.685,2634.52,2639.0235
2024-09-30T14:00:00+01:00,2639.1005,2642.18,2624.78,2634.6795
2024-09-30T22:00:00+01:00,2634.5,2640.475,2632.4695,2639.6595
2024-10-01T06:00:00+01:00,2639.6565,2656.74,2639.6315,2651.62
2024-10-01T14:00:00+01:00,2651.61,2673.162,2648.06,2663.425
2024-10-01T22:00:00+01:00,2663.28,2663.5035,2652.7265,2654.1515
2024-10-02T06:00:00+01:00,2654.17,2656.277,2643.8215,2649.6765
2024-10-02T14:00:00+01:00,2649.69,2663.418,2641.1645,2658.8
2024-10-02T22:00:00+01:00,2658.8,2663.005,2653.3955,2655.08
2024-10-03T06:00:00+01:00,2655.065,2657.5435,2641.055,2642.415
2024-10-03T14:00:00+01:00,2642.41,2662.1915,2637.4445,2656.13
2024-10-03T22:00:00+01:00,2655.8115,2665.9155,2654.3865,2664.115
2024-10-04T06:00:00+01:00,2664.1145,2667.885,2632.187,2638.95
2024-10-04T14:00:00+01:00,2638.9685,2670.235,2637.5795,2653.78
2024-10-06T22:00:00+01:00,2651.3385,2652.8455,2643.9315,2646.825
2024-10-07T06:00:00+01:00,2646.7715,2659.675,2637.8265,2640.0785
2024-10-07T14:00:00+01:00,2640.12,2653.875,2639.1985,2642.87
2024-10-07T22:00:00+01:00,2642.615,2649.24,2633.82,2643.14
2024-10-08T06:00:00+01:00,2643.12,2652.9935,2628.595,2645.955
2024-10-08T14:00:00+01:00,2645.945,2647.6835,2604.78,2621.78
2024-10-08T22:00:00+01:00,2621.4465,2624.295,2614.965,2616.0735
2024-10-09T06:00:00+01:00,2616.085,2624.385,2609.1845,2618.9385
2024-10-09T14:00:00+01:00,2618.95,2620.7765,2605.205,2607.8
2024-10-09T22:00:00+01:00,2607.625,2616.9805,2605.99,2613.9555
2024-10-10T06:00:00+01:00,2613.9855,2627.405,2602.4775,2625.095
2024-10-10T14:00:00+01:00,2625.108,2631.61,2615.815,2629.975
2024-10-10T22:00:00+01:00,2629.7,2646.147,2628.2185,2645.705
2024-10-11T06:00:00+01:00,2645.595,2650.2215,2636.2485,2643.1185
2024-10-11T14:00:00+01:00,2643.1285,2661.4565,2642.715,2657.365
2024-10-13T22:00:00+01:00,2657.1,2660.4705,2643.255,2659.2935
2024-10-14T06:00:00+01:00,2659.265,2666.9105,2649.295,2651.4135
2024-10-14T14:00:00+01:00,2651.43,2661.265,2644.02,2648.99
2024-10-14T22:00:00+01:00,2647.8035,2652.8215,2643.0205,2644.4365
2024-10-15T06:00:00+01:00,2644.447,2657.5355,2638.145,2648.32
2024-10-15T14:00:00+01:00,2648.315,2668.98,2646.09,2662.625
2024-10-15T22:00:00+01:00,2662.655,2670.145,2658.7615,2666.79
2024-10-16T06:00:00+01:00,2666.74,2682.8315,2666.21,2681.8185
2024-10-16T14:00:00+01:00,2681.765,2685.4265,2666.84,2673.895
2024-10-16T22:00:00+01:00,2673.99,2684.97,2673.29,2679.17
2024-10-17T06:00:00+01:00,2679.19,2688.8215,2673.183,2680.7305
2024-10-17T14:00:00+01:00,2680.7435,2696.79,2677.895,2692.96
2024-10-17T22:00:00+01:00,2692.775,2712.0285,2692.1405,2710.28
2024-10-18T06:00:00+01:00,2710.38,2717.14,2701.775,2709.6365
2024-10-18T14:00:00+01:00,2709.6045,2722.61,2704.9885,2721.6
2024-10-20T22:00:00+01:00,2720.9,2732.86,2719.7465,2730.443
2024-10-21T06:00:00+01:00,2730.4705,2739.8505,2723.645,2738.67
2024-10-21T14:00:00+01:00,2738.68,2740.6265,2714.3285,2719.6
2024-10-21T22:00:00+01:00,2720.298,2736.0315,2719.085,2734.83
2024-10-22T06:00:00+01:00,2734.7985,2739.4115,2729.085,2736.255
2024-10-22T14:00:00+01:00,2736.285,2749.045,2733.785,2748.905
2024-10-22T22:00:00+01:00,2748.455,2750.715,2737.975,2750.05
2024-10-23T06:00:00+01:00,2750,2758.527,2740.86,2743.425
2024-10-23T14:00:00+01:00,2743.43,2744.21,2708.8035,2715.3395
2024-10-23T22:00:00+01:00,2715.73,2727.0865,2715.2045,2726.6235
2024-10-24T06:00:00+01:00,2726.5935,2741.655,2725.945,2739.09
2024-10-24T14:00:00+01:00,2739.1215,2743.3635,2722.5635,2736.25
2024-10-24T22:00:00+01:00,2736.065,2736.3685,2724.015,2726.0005
2024-10-25T06:00:00+01:00,2726.0105,2732.64,2717.085,2731.57
2024-10-25T14:00:00+01:00,2731.595,2747.9685,2725.3,2747.42
2024-10-27T21:00:00+00:00,2736.5,2740.315,2724.755,2733.025
2024-10-28T05:00:00+00:00,2733.09,2744.64,2727.91,2734.37
2024-10-28T13:00:00+00:00,2734.36,2745.9715,2732.8835,2742.435
2024-10-28T21:00:00+00:00,2742.45,2757.76,2739.9,2754.855
2024-10-29T05:00:00+00:00,2754.9235,2756.9065,2746.425,2749.235
2024-10-29T13:00:00+00:00,2749.1295,2774.985,2748.265,2774.8
2024-10-29T21:00:00+00:00,2774.74,2782.21,2773,2780.2335
2024-10-30T05:00:00+00:00,2780.2355,2789.8615,2773.6935,2782.5935
2024-10-30T13:00:00+00:00,2782.6,2790.08,2770.9485,2787.555
2024-10-30T21:00:00+00:00,2788.285,2790.16,2782.17,2784.53
2024-10-31T05:00:00+00:00,2784.515,2786.695,2772.105,2773.74
2024-10-31T13:00:00+00:00,2773.735,2774,2731.63,2744
2024-10-31T21:00:00+00:00,2744.24,2753.0335,2743.75,2752.3235
2024-11-01T05:00:00+00:00,2752.3255,2759.895,2744.875,2753.8565
2024-11-01T13:00:00+00:00,2753.83,2762.2665,2733.26,2736.4
2024-11-03T22:00:00+00:00,2734.2,2743.805,2730.451,2741.61
2024-11-04T06:00:00+00:00,2741.6245,2746.8235,2731.94,2746.7985
2024-11-04T14:00:00+00:00,2746.8,2748.235,2731.81,2736.635
2024-11-04T22:00:00+00:00,2736.5,2738.13,2724.82,2732.655
2024-11-05T06:00:00+00:00,2732.645,2746.7365,2731.8,2744.765
2024-11-05T14:00:00+00:00,2744.76,2750.04,2733.0615,2744.275
2024-11-05T22:00:00+00:00,2743.6,2749.72,2730.6205,2739.13
2024-11-06T06:00:00+00:00,2739.145,2739.43,2659.1905,2664.2835
2024-11-06T14:00:00+00:00,2664.26,2678.24,2652.49,2659.225
2024-11-06T22:00:00+00:00,2659.29,2664.3935,2643.3995,2659.245
2024-11-07T06:00:00+00:00,2659.24,2685.23,2652.845,2684.64
2024-11-07T14:00:00+00:00,2684.645,2710.438,2682.4,2706.47
2024-11-07T22:00:00+00:00,2706.4,2710.43,2693.33,2695.27
2024-11-08T06:00:00+00:00,2695.245,2701.185,2680.385,2697.615
2024-11-08T14:00:00+00:00,2697.64,2704.0935,2682.9,2684.32
2024-11-10T22:00:00+00:00,2684.8,2686.2385,2666.54,2669.335
2024-11-11T06:00:00+00:00,2669.34,2675.42,2634.3535,2635.59
2024-11-11T14:00:00+00:00,2635.575,2635.745,2610.7055,2619.83
2024-11-11T22:00:00+00:00,2619.2,2627.205,2605.5065,2606.93
2024-11-12T06:00:00+00:00,2606.94,2616.4255,2589.7065,2611.665
2024-11-12T14:00:00+00:00,2611.705,2617.03,2592.5,2598.245
2024-11-12T22:00:00+00:00,2598.27,2613.3215,2597.682,2605.81
2024-11-13T06:00:00+00:00,2605.8145,2618.8965,2601.0945,2612.4435
2024-11-13T14:00:00+00:00,2612.435,2616.4755,2572.46,2572.7805
2024-11-13T22:00:00+00:00,2572.85,2581.4365,2555.3935,2558.6665
2024-11-14T06:00:00+00:00,2558.6615,2560.5805,2536.8695,2557.225
2024-11-14T14:00:00+00:00,2557.165,2577.515,2554.3285,2564.675
2024-11-14T22:00:00+00:00,2564.705,2571.78,2559.785,2560
2024-11-15T06:00:00+00:00,2559.96,2575.8105,2554.5385,2565.32
2024-11-15T14:00:00+00:00,2565.3145,2576.1265,2559.567,2563.2
2024-11-17T22:00:00+00:00,2564.8815,2597.3855,2564.39,2585.5885
2024-11-18T06:00:00+00:00,2585.59,2605.1385,2580.4645,2604.01
2024-11-18T14:00:00+00:00,2603.985,2615.145,2602.81,2611.965
2024-11-18T22:00:00+00:00,2612.2,2625.6565,2610.465,2622.635
2024-11-19T06:00:00+00:00,2622.65,2639.51,2617.805,2635.34
2024-11-19T14:00:00+00:00,2635.3,2637,2621.08,2632.3955
2024-11-19T22:00:00+00:00,2632.4605,2641.86,2631.9885,2636.96
2024-11-20T06:00:00+00:00,2636.94,2640.57,2618.905,2636.1095
2024-11-20T14:00:00+00:00,2636.1145,2655.45,2634.1615,2650.59
2024-11-20T22:00:00+00:00,2650.41,2660.495,2648.9785,2657.005
2024-11-21T06:00:00+00:00,2657.01,2673.585,2656.625,2665.52
2024-11-21T14:00:00+00:00,2665.535,2673.4615,2661.3365,2669.755
2024-11-21T22:00:00+00:00,2669.6,2692.4355,2668.17,2686.715
2024-11-22T06:00:00+00:00,2686.73,2710.205,2685.885,2692.9745
2024-11-22T14:00:00+00:00,2692.9645,2716.5505,2684.51,2716.3305
2024-11-24T22:00:00+00:00,2714.1385,2721.425,2658.298,2664.82
2024-11-25T06:00:00+00:00,2664.86,2688.805,2661.725,2678.335
2024-11-25T14:00:00+00:00,2678.3735,2678.79,2615.6635,2625.06
2024-11-25T22:00:00+00:00,2625,2632.2285,2605.3485,2624.465
2024-11-26T06:00:00+00:00,2624.435,2641.9745,2610.8765,2629.94
2024-11-26T14:00:00+00:00,2629.9755,2633.87,2616.8065,2633.075
2024-11-26T22:00:00+00:00,2632.8,2645.8015,2627.145,2642.0945
2024-11-27T06:00:00+00:00,2642.0895,2658.3115,2639.0565,2656.34
2024-11-27T14:00:00+00:00,2656.355,2656.925,2634.025,2636.2505
2024-11-27T22:00:00+00:00,2636.75,2638.5155,2620.9955,2633.505
2024-11-28T06:00:00+00:00,2633.51,2649.72,2631.945,2647.09
2024-11-28T14:00:00+00:00,2647.115,2647.9885,2636.32,2637.515
2024-11-28T22:00:00+00:00,2638.4885,2664.3365,2634.1235,2662.42
2024-11-29T06:00:00+00:00,2662.41,2666.4,2654.5615,2658.0505
2024-11-29T14:00:00+00:00,2658.0455,2662.835,2648.6955,2650.1835
2024-12-01T22:00:00+00:00,2653.9885,2654.0085,2622.0525,2623.24
2024-12-02T06:00:00+00:00,2623.225,2648.85,2622.0975,2647.0445
2024-12-02T14:00:00+00:00,2647.0245,2651.8315,2633.6105,2639.01
2024-12-02T22:00:00+00:00,2639.3,2645.365,2634.1585,2641.2515
2024-12-03T06:00:00+00:00,2641.2715,2653.7665,2637.815,2652.9415
2024-12-03T14:00:00+00:00,2652.9265,2655.6665,2635.2785,2643.8
2024-12-03T22:00:00+00:00,2643.565,2651.2385,2637.7635,2649.7515
2024-12-04T06:00:00+00:00,2649.755,2651.475,2632.47,2648.555
2024-12-04T14:00:00+00:00,2648.525,2657.1665,2645.23,2649.98
2024-12-04T22:00:00+00:00,2649.99,2655.6385,2644.7655,2653.215
2024-12-05T06:00:00+00:00,2653.18,2654.5815,2641.9535,2648.995
2024-12-05T14:00:00+00:00,2649.01,2650.3105,2623.59,2632.01
2024-12-05T22:00:00+00:00,2632.3,2644.625,2613.1155,2637.995
2024-12-06T06:00:00+00:00,2637.985,2645.7585,2631.367,2635.8
2024-12-06T14:00:00+00:00,2635.82,2641.7,2624.0545,2633.395
2024-12-08T22:00:00+00:00,2647.0625,2650.68,2627.615,2638.395
2024-12-09T06:00:00+00:00,2638.415,2666.405,2638.21,2665.59
2024-12-09T14:00:00+00:00,2665.635,2676.47,2656.8385,2659.9995
2024-12-09T22:00:00+00:00,2661.2,2673.855,2658.035,2668.8615
2024-12-10T06:00:00+00:00,2668.85,2682.0315,2661.2595,2680.4615
2024-12-10T14:00:00+00:00,2680.47,2695.5865,2679.5565,2694.0195
2024-12-10T22:00:00+00:00,2694.4,2704.3815,2675.245,2688.3875
2024-12-11T06:00:00+00:00,2688.3875,2702.1965,2686.138,2701.125
2024-12-11T14:00:00+00:00,2701.145,2721.32,2696.668,2718.195
2024-12-11T22:00:00+00:00,2717.905,2726.3155,2699.625,2713.5545
2024-12-12T06:00:00+00:00,2713.5995,2720.5905,2697.343,2697.6145
2024-12-12T14:00:00+00:00,2697.6415,2699.6845,2675.2035,2681.2905
2024-12-12T22:00:00+00:00,2680.74,2692.875,2678.9205,2688.435
2024-12-13T06:00:00+00:00,2688.465,2690.6295,2659.688,2662.227
2024-12-13T14:00:00+00:00,2662.175,2664.6855,2646.2085,2648.355
2024-12-15T22:00:00+00:00,2650,2655.7065,2643.588,2652.9205
2024-12-16T06:00:00+00:00,2652.8905,2664.4765,2651.7355,2661.94
2024-12-16T14:00:00+00:00,2661.915,2663.08,2648.6635,2652.95
2024-12-16T22:00:00+00:00,2652.6,2658.705,2649.2535,2653.785
2024-12-17T06:00:00+00:00,2653.81,2657.167,2634.75,2637.157
2024-12-17T14:00:00+00:00,2637.1555,2649.075,2633.0985,2646.185
2024-12-17T22:00:00+00:00,2645.875,2651.8,2642.79,2647.5095
2024-12-18T06:00:00+00:00,2647.5445,2649.725,2641.18,2644.0335
2024-12-18T14:00:00+00:00,2644.0055,2644.9165,2583.7415,2585.0645
2024-12-18T22:00:00+00:00,2584.635,2618.2,2582.8845,2607.3015
2024-12-19T06:00:00+00:00,2607.2965,2626.545,2595.345,2596.415
2024-12-19T14:00:00+00:00,2596.395,2601.135,2587.01,2594.14
2024-12-19T22:00:00+00:00,2594.38,2604.0635,2589.69,2600.28
2024-12-20T06:00:00+00:00,2600.2865,2614.1765,2598.9985,2609.615
2024-12-20T14:00:00+00:00,2609.61,2631.8865,2608.62,2623.3605
2024-12-22T22:00:00+00:00,2624.075,2629.335,2617.565,2626.76
2024-12-23T06:00:00+00:00,2626.745,2633.3505,2613.105,2617.4305
2024-12-23T14:00:00+00:00,2617.3245,2619.925,2608.2505,2612.515
2024-12-23T22:00:00+00:00,2613.5475,2621.49,2613.274,2619.398
2024-12-24T06:00:00+00:00,2619.3885,2621.4785,2611.3485,2614.345
2024-12-24T14:00:00+00:00,2614.35,2619.4755,2610.1185,2616.775
2024-12-25T22:00:00+00:00,2619.825,2629.3205,2615.0965,2626.5235
2024-12-26T06:00:00+00:00,2626.5135,2631.2065,2621.81,2623.27
2024-12-26T14:00:00+00:00,2623.2595,2639.2205,2622.648,2633.345
2024-12-26T22:00:00+00:00,2632.825,2635.627,2628.97,2631.4585
2024-12-27T06:00:00+00:00,2631.4685,2638.405,2618.17,2618.85
2024-12-27T14:00:00+00:00,2618.84,2621.8215,2611.6105,2621.5015
2024-12-29T22:00:00+00:00,2620.6345,2628.195,2619.3495,2623.817
2024-12-30T06:00:00+00:00,2623.795,2624.7835,2606.655,2606.75
2024-12-30T14:00:00+00:00,2606.7215,2613.9455,2596.1285,2606.395
2024-12-30T22:00:00+00:00,2605.9,2611.685,2602.7185,2604.495
2024-12-31T06:00:00+00:00,2604.465,2617.8435,2603.65,2613.375
2024-12-31T14:00:00+00:00,2613.3965,2627.573,2611.3485,2624.525
2025-01-01T22:00:00+00:00,2625.845,2636.5915,2621.785,2634.0545
2025-01-02T06:00:00+00:00,2633.9365,2647.345,2631.205,2642.9745
2025-01-02T14:00:00+00:00,2642.9695,2660.5445,2640.3935,2657.91
2025-01-02T22:00:00+00:00,2657.635,2665.3885,2656.1055,2658.66
2025-01-03T06:00:00+00:00,2658.675,2660.405,2643.6035,2649.9635
2025-01-03T14:00:00+00:00,2649.9555,2652.755,2636.8285,2640.225
2025-01-05T22:00:00+00:00,2640.1,2647.49,2631.6925,2633.975
2025-01-06T06:00:00+00:00,2633.965,2649.53,2621.9085,2624.3215
2025-01-06T14:00:00+00:00,2624.3565,2641.3465,2614.6955,2636.455
2025-01-06T22:00:00+00:00,2636.525,2645.8285,2633.0135,2644.5535
2025-01-07T06:00:00+00:00,2644.62,2664.3465,2638.14,2662.5665
2025-01-07T14:00:00+00:00,2662.5815,2663.125,2642.2185,2648.73
2025-01-07T22:00:00+00:00,2648.775,2651.6635,2645.36,2650.14
2025-01-08T06:00:00+00:00,2650.1165,2660.3135,2645.8995,2660.255
2025-01-08T14:00:00+00:00,2660.245,2670.0245,2649.4345,2661.815
2025-01-08T22:00:00+00:00,2661.76,2663.3515,2655.555,2658.44
2025-01-09T06:00:00+00:00,2658.435,2678.5735,2658.4165,2672.7195
2025-01-09T14:00:00+00:00,2672.6195,2675.8205,2662.8215,2670.37
2025-01-09T22:00:00+00:00,2670.8,2675.98,2668.6385,2675.1
2025-01-10T06:00:00+00:00,2675.035,2683.5495,2663.9205,2682.72
2025-01-10T14:00:00+00:00,2682.7605,2698.11,2680.8405,2690.45
2025-01-12T22:00:00+00:00,2690.95,2693.49,2679.405,2687.045
2025-01-13T06:00:00+00:00,2687.095,2691.465,2663.858,2669.28
2025-01-13T14:00:00+00:00,2669.285,2674.353,2656.815,2663.22
2025-01-13T22:00:00+00:00,2663.339,2675.4235,2662.6965,2668.555
2025-01-14T06:00:00+00:00,2668.565,2674.495,2660.9435,2662.992
2025-01-14T14:00:00+00:00,2662.932,2678.3685,2659.8935,2677.55
2025-01-14T22:00:00+00:00,2677.97,2679.9115,2669.493,2679.328
2025-01-15T06:00:00+00:00,2679.333,2694.305,2679.2,2693.83
2025-01-15T14:00:00+00:00,2693.835,2697.63,2676.725,2696.397
2025-01-15T22:00:00+00:00,2697.95,2702.2465,2692.8715,2694.853
2025-01-16T06:00:00+00:00,2694.8535,2718.4365,2689.98,2715.46
2025-01-16T14:00:00+00:00,2715.445,2724.8335,2712.5235,2714.588
2025-01-16T22:00:00+00:00,2714.855,2717.493,2709.955,2711.643
2025-01-17T06:00:00+00:00,2711.6565,2714.767,2702.912,2705.067
2025-01-17T14:00:00+00:00,2705.087,2717.405,2699.025,2703.248
2025-01-19T22:00:00+00:00,2702.6785,2707.685,2689.48,2707.393
2025-01-20T06:00:00+00:00,2707.405,2713.918,2702.0765,2705.28
2025-01-20T14:00:00+00:00,2705.265,2712.4935,2703.3435,2708.0115
2025-01-20T22:00:00+00:00,2707.05,2729.278,2702.895,2726.26
2025-01-21T06:00:00+00:00,2726.23,2732.995,2716.6035,2726.3585
2025-01-21T14:00:00+00:00,2726.3885,2746.185,2725.4535,2744.62
2025-01-21T22:00:00+00:00,2744.4665,2758.7235,2741.975,2758.145
2025-01-22T06:00:00+00:00,2758.14,2763.45,2745.635,2757.775
2025-01-22T14:00:00+00:00,2757.76,2760.44,2750.4165,2756.29
2025-01-22T22:00:00+00:00,2756.19,2756.825,2749.585,2751.99
2025-01-23T06:00:00+00:00,2752.0315,2755.645,2735.895,2741.6665
2025-01-23T14:00:00+00:00,2741.7085,2758.92,2740.44,2755.01
2025-01-23T22:00:00+00:00,2754.625,2777.445,2753.62,2775.29
2025-01-24T06:00:00+00:00,2775.25,2784.725,2770.105,2782.3715
2025-01-24T14:00:00+00:00,2782.37,2786.045,2769.9565,2770.745
2025-01-26T22:00:00+00:00,2770.85,2772.7,2752.9,2753.275
2025-01-27T06:00:00+00:00,2753.235,2772.145,2747.315,2757.33
2025-01-27T14:00:00+00:00,2757.3315,2757.95,2730.697,2740.39
2025-01-27T22:00:00+00:00,2740.21,2745.3615,2737.915,2741.8185
2025-01-28T06:00:00+00:00,2741.755,2749.625,2734.9165,2748.965
2025-01-28T14:00:00+00:00,2749.15,2765.12,2748.9365,2763.63
2025-01-28T22:00:00+00:00,2763.4,2766.245,2760.21,2760.825
2025-01-29T06:00:00+00:00,2760.965,2766.1165,2752.3185,2758.725
2025-01-29T14:00:00+00:00,2758.75,2761.2,2745.056,2759.46
2025-01-29T22:00:00+00:00,2759.45,2763.475,2758.0465,2760.68
2025-01-30T06:00:00+00:00,2760.675,2786.0765,2760.29,2785.7465
2025-01-30T14:00:00+00:00,2785.775,2798.515,2780.1985,2794.375
2025-01-30T22:00:00+00:00,2794.0965,2799.67,2792.1615,2795.725
2025-01-31T06:00:00+00:00,2795.72,2808.59,2791.105,2806.415
2025-01-31T14:00:00+00:00,2806.4065,2817.16,2794.29,2799.05
2025-02-02T22:00:00+00:00,2794.6195,2804.9,2772.185,2783.165
2025-02-03T06:00:00+00:00,2783.125,2812.08,2782.9565,2811.1185
2025-02-03T14:00:00+00:00,2811.1685,2830.9535,2810.205,2814.73
2025-02-03T22:00:00+00:00,2813.1,2824.74,2812.0665,2815.7765
2025-02-04T06:00:00+00:00,2815.76,2837.2635,2807.205,2831.735
2025-02-04T14:00:00+00:00,2831.74,2845.57,2829.055,2842.18
2025-02-04T22:00:00+00:00,2841.7385,2860.785,2839.705,2859.425
2025-02-05T06:00:00+00:00,2859.42,2877.12,2854.925,2861.765
2025-02-05T14:00:00+00:00,2861.825,2882.47,2860.06,2866.735
2025-02-05T22:00:00+00:00,2866.97,2873.36,2863.7215,2868.42
2025-02-06T06:00:00+00:00,2868.415,2871.52,2848.825,2856.825
2025-02-06T14:00:00+00:00,2856.815,2859.89,2834.21,2856.575
2025-02-06T22:00:00+00:00,2856.1465,2870.65,2855.5515,2862.185
2025-02-07T06:00:00+00:00,2862.125,2871.845,2852.48,2862.6515
2025-02-07T14:00:00+00:00,2862.6565,2886.835,2853.445,2860.765
2025-02-09T22:00:00+00:00,2859.025,2880.115,2855.225,2879.3335
2025-02-10T06:00:00+00:00,2879.3235,2911.105,2878.9715,2900.9815
2025-02-10T14:00:00+00:00,2900.96,2912.01,2896.435,2908.065
2025-02-10T22:00:00+00:00,2907.955,2942.905,2905.66,2922.935
2025-02-11T06:00:00+00:00,2922.905,2929.68,2881.885,2896.525
2025-02-11T14:00:00+00:00,2896.575,2908.71,2890.995,2897.805
2025-02-11T22:00:00+00:00,2897.54,2900.85,2883.73,2886.4535
2025-02-12T06:00:00+00:00,2886.3985,2895.965,2864.1435,2884.83
2025-02-12T14:00:00+00:00,2884.84,2909.315,2881.955,2904.395
2025-02-12T22:00:00+00:00,2904.48,2922.8635,2900.5,2918.1385
2025-02-13T06:00:00+00:00,2918.1335,2921.355,2905.8765,2908.625
2025-02-13T14:00:00+00:00,2908.595,2929.65,2906.655,2928.24
2025-02-13T22:00:00+00:00,2927.565,2933.955,2923.19,2930.9565
2025-02-14T06:00:00+00:00,2930.9265,2940.1635,2917.655,2920.615
2025-02-14T14:00:00+00:00,2920.675,2928.6,2877.04,2882.65
2025-02-16T22:00:00+00:00,2882.705,2905.37,2878.5985,2896.29
2025-02-17T06:00:00+00:00,2896.25,2906.48,2888.4,2896.84
2025-02-17T14:00:00+00:00,2896.835,2904.185,2896.485,2898.5135
2025-02-17T22:00:00+00:00,2899.3185,2915.78,2892.09,2910.93
2025-02-18T06:00:00+00:00,2910.855,2921.3935,2907.17,2918.84
2025-02-18T14:00:00+00:00,2918.83,2937.065,2917.82,2935.245
2025-02-18T22:00:00+00:00,2934.675,2939.8,2924.2175,2932.945
2025-02-19T06:00:00+00:00,2932.865,2947.115,2930.485,2936.395
2025-02-19T14:00:00+00:00,2936.383,2940.63,2918.63,2933.535
2025-02-19T22:00:00+00:00,2935.665,2946.97,2933.2865,2946.945
2025-02-20T06:00:00+00:00,2946.9965,2954.995,2933.9665,2934.055
2025-02-20T14:00:00+00:00,2934.0065,2947.13,2924.185,2939.5235
2025-02-20T22:00:00+00:00,2939.05,2949.8785,2924.275,2930.265
2025-02-21T06:00:00+00:00,2930.195,2936.185,2916.845,2931.015
2025-02-21T14:00:00+00:00,2930.985,2942.88,2921.62,2935.7035
2025-02-23T22:00:00+00:00,2935.775,2944.875,2921.405,2936.53
2025-02-24T06:00:00+00:00,2936.43,2954.755,2934.97,2954.555
2025-02-24T14:00:00+00:00,2954.565,2956.25,2930.79,2953.255
2025-02-24T22:00:00+00:00,2953.1,2954.125,2935.1725,2938.0165
2025-02-25T06:00:00+00:00,2937.8015,2942.5485,2924.075,2937.5135
2025-02-25T14:00:00+00:00,2937.5085,2944.8965,2888.338,2914.8365
2025-02-25T22:00:00+00:00,2914.925,2930.2935,2912.78,2915.475
2025-02-26T06:00:00+00:00,2915.415,2919.075,2905.565,2905.955
2025-02-26T14:00:00+00:00,2905.96,2918.825,2890.8015,2916.64
2025-02-26T22:00:00+00:00,2916.835,2920.875,2888.575,2890.925
2025-02-27T06:00:00+00:00,2890.965,2898.505,2877.02,2888.9715
2025-02-27T14:00:00+00:00,2888.745,2892.3675,2867.875,2873.5
2025-02-27T22:00:00+00:00,2876.14,2885.2285,2857.0635,2864.13
2025-02-28T06:00:00+00:00,2864.1915,2866.735,2848.38,2848.6115
2025-02-28T14:00:00+00:00,2848.6365,2859.65,2832.698,2857.6
2025-03-02T22:00:00+00:00,2855.84,2877.2695,2855.675,2863.965
2025-03-03T06:00:00+00:00,2863.945,2877.7315,2858.98,2872.74
2025-03-03T14:00:00+00:00,2872.75,2895.265,2871.345,2892.6365
2025-03-03T22:00:00+00:00,2892.525,2894.485,2881.9315,2889.745
2025-03-04T06:00:00+00:00,2889.725,2927.905,2884.46,2922.62
2025-03-04T14:00:00+00:00,2922.7235,2923.1285,2900.3085,2917.625
2025-03-04T22:00:00+00:00,2918.15,2918.975,2902.1465,2918.905
2025-03-05T06:00:00+00:00,2918.845,2922.5885,2894.32,2900.025
2025-03-05T14:00:00+00:00,2900.03,2929.9965,2897.7515,2919.465
2025-03-05T22:00:00+00:00,2918.555,2926.6735,2914.6735,2919.92
2025-03-06T06:00:00+00:00,2919.945,2923.135,2891.16,2904.465
2025-03-06T14:00:00+00:00,2904.415,2922.8415,2903.3685,2911.535
2025-03-06T22:00:00+00:00,2911.695,2913.7835,2896.4715,2909.565
2025-03-07T06:00:00+00:00,2909.535,2926.405,2907.84,2913.8415
2025-03-07T14:00:00+00:00,2913.7565,2930.44,2902.0885,2909.9
2025-03-09T21:00:00+00:00,2911.75,2918.415,2908.245,2910.9415
2025-03-10T05:00:00+00:00,2910.965,2915.5385,2895.745,2906.765
2025-03-10T13:00:00+00:00,2906.835,2910.64,2880.255,2888.905
2025-03-10T21:00:00+00:00,2889.049,2900.5785,2880.245,2897.755
2025-03-11T05:00:00+00:00,2897.715,2916.045,2892.715,2913.13
2025-03-11T13:00:00+00:00,2913.195,2922.2765,2906.905,2916.245
2025-03-11T21:00:00+00:00,2915.65,2920.0685,2910.8565,2915.055
2025-03-12T05:00:00+00:00,2915.02,2925.395,2909.025,2917.58
2025-03-12T13:00:00+00:00,2917.57,2940.6315,2906.03,2933.925
2025-03-12T21:00:00+00:00,2934.6965,2947.2185,2933.31,2944.745
2025-03-13T05:00:00+00:00,2944.785,2949.3385,2932.9865,2942.4635
2025-03-13T13:00:00+00:00,2942.4635,2989.465,2939.055,2988.82
2025-03-13T21:00:00+00:00,2989.61,2994.0635,2981.765,2985.48
2025-03-14T05:00:00+00:00,2985.6235,3004.9835,2981.0875,2993.8985
2025-03-14T13:00:00+00:00,2993.9035,2996.1315,2978.445,2984.72
2025-03-16T21:00:00+00:00,2985.205,2994.245,2982.345,2982.6635
2025-03-17T05:00:00+00:00,2982.8585,3001.3635,2982.265,2987.21
2025-03-17T13:00:00+00:00,2987.235,3002.26,2986.085,3001.4
2025-03-17T21:00:00+00:00,3001,3017.2185,2999.475,3014.5065
2025-03-18T05:00:00+00:00,3014.4865,3035.87,3006.1615,3034.3565
2025-03-18T13:00:00+00:00,3034.34,3038.3515,3024.7715,3034.59
2025-03-18T21:00:00+00:00,3034.105,3039.13,3027.465,3036.5885
2025-03-19T05:00:00+00:00,3036.698,3045.405,3022.745,3037.2215
2025-03-19T13:00:00+00:00,3037.2065,3052.0415,3025.915,3047.13
2025-03-19T21:00:00+00:00,3048.25,3057.57,3045.0565,3052.4265
2025-03-20T05:00:00+00:00,3052.4565,3053.5915,3025.69,3040.9535
2025-03-20T13:00:00+00:00,3041.103,3046.1985,3030.1065,3045.035
2025-03-20T21:00:00+00:00,3044.9135,3047.5685,3027.9965,3029.95
2025-03-21T05:00:00+00:00,3030.005,3038.24,3021.5185,3034.0865
2025-03-21T13:00:00+00:00,3034.0515,3036.93,2999.5015,3023.52
2025-03-23T21:00:00+00:00,3021.15,3026.35,3013.755,3019.45
2025-03-24T05:00:00+00:00,3019.435,3033.395,3017.385,3024.39
2025-03-24T13:00:00+00:00,3024.24,3028.3385,3002.425,3011.86
2025-03-24T21:00:00+00:00,3011.9585,3016.495,3007.61,3015.29
2025-03-25T05:00:00+00:00,3015.2615,3026.5535,3010.4915,3021.8965
2025-03-25T13:00:00+00:00,3021.61,3036.1035,3017.8115,3020.035
2025-03-25T21:00:00+00:00,3019.6235,3027.26,3014.315,3015.305
2025-03-26T05:00:00+00:00,3015.345,3032.13,3013.3415,3027.145
2025-03-26T13:00:00+00:00,3027.153,3027.495,3012.39,3019.535
2025-03-26T21:00:00+00:00,3019.6265,3038.7485,3017.65,3034.21
2025-03-27T05:00:00+00:00,3034.255,3056.0185,3026.795,3050.1
2025-03-27T13:00:00+00:00,3050.105,3059.759,3033.515,3056.47
2025-03-27T21:00:00+00:00,3056.4615,3077.69,3054.19,3073.975
2025-03-28T05:00:00+00:00,3074.03,3086.095,3066.1365,3077.51
2025-03-28T13:00:00+00:00,3077.5,3086.955,3067.39,3085.3
2025-03-30T22:00:00+01:00,3087.3,3115.9935,3076.82,3113.445
2025-03-31T06:00:00+01:00,3113.42,3128.125,3107.5615,3124.63
2025-03-31T14:00:00+01:00,3124.6385,3127.29,3099.965,3123.515
2025-03-31T22:00:00+01:00,3123.1,3148.0285,3120.0865,3144.795
2025-04-01T06:00:00+01:00,3144.7735,3149.0935,3124.212,3133.43
2025-04-01T14:00:00+01:00,3133.45,3137.22,3100.9085,3114.095
2025-04-01T22:00:00+01:00,3113.8,3135.85,3107.7785,3116.1865
2025-04-02T06:00:00+01:00,3116.2965,3133.9735,3108.6725,3122.4865
2025-04-02T14:00:00+01:00,3122.4715,3142.6925,3104.7885,3133.0665
2025-04-02T22:00:00+01:00,3142.855,3167.785,3122.6965,3140.41
2025-04-03T06:00:00+01:00,3140.405,3141.025,3062.1985,3076.3935
2025-04-03T14:00:00+01:00,3076.4135,3135.65,3054.1185,3114.95
2025-04-03T22:00:00+01:00,3114.9165,3116.7785,3087.215,3100.1315
2025-04-04T06:00:00+01:00,3100.1165,3137.005,3069.5365,3071.1815
2025-04-04T14:00:00+01:00,3071.176,3087.6575,3015.7435,3038.425
2025-04-06T22:00:00+01:00,3007.5085,3055.7625,2970.9135,3035.62
2025-04-07T06:00:00+01:00,3035.5815,3046.2815,3013.4135,3031.225
2025-04-07T14:00:00+01:00,3031.192,3037.96,2956.575,2983.415
2025-04-07T22:00:00+01:00,2981.86,3004.9,2978.715,3002.235
2025-04-08T06:00:00+01:00,3002.205,3019.6,2994.96,3002.625
2025-04-08T14:00:00+01:00,3002.675,3022.82,2974.836,2983.425
2025-04-08T22:00:00+01:00,2983.45,3014.175,2969.9,3012.325
2025-04-09T06:00:00+01:00,3012.32,3073.245,3005.575,3047.515
2025-04-09T14:00:00+01:00,3047.575,3099.795,3047.41,3082.96
2025-04-09T22:00:00+01:00,3081.715,3132.1,3071.34,3125.385
2025-04-10T06:00:00+01:00,3125.405,3134.52,3103.47,3123.03
2025-04-10T14:00:00+01:00,3123.035,3176.585,3116.243,3175.675
2025-04-10T22:00:00+01:00,3175.41,3220.255,3175.275,3208.655
2025-04-11T06:00:00+01:00,3208.66,3237.98,3187.125,3233.905
2025-04-11T14:00:00+01:00,3233.935,3245.4,3219.68,3237.46
2025-04-13T22:00:00+01:00,3230.15,3245.91,3210.11,3227.455
2025-04-14T06:00:00+01:00,3227.435,3238.11,3200.615,3206.93
2025-04-14T14:00:00+01:00,3206.92,3216.585,3193.68,3210.975
2025-04-14T22:00:00+01:00,3211.1,3232.775,3210.085,3231.915
2025-04-15T06:00:00+01:00,3231.935,3232.355,3214.365,3221.655
2025-04-15T14:00:00+01:00,3221.625,3233.7,3211.675,3230.5
2025-04-15T22:00:00+01:00,3231.795,3288.125,3230.05,3283.69
2025-04-16T06:00:00+01:00,3283.675,3317.83,3283.66,3307.385
2025-04-16T14:00:00+01:00,3307.395,3343.8,3296.905,3343.53
2025-04-16T22:00:00+01:00,3343.315,3357.82,3320.81,3341.655
2025-04-17T06:00:00+01:00,3341.66,3345.65,3312.775,3328.38
2025-04-17T14:00:00+01:00,3328.64,3332.225,3283.895,3327.415
2025-04-20T22:00:00+01:00,3332.72,3385.49,3328.805,3376.645
2025-04-21T06:00:00+01:00,3376.625,3415.795,3375.81,3414.96
2025-04-21T14:00:00+01:00,3414.915,3430.66,3405.215,3424.34
2025-04-21T22:00:00+01:00,3424.475,3495.21,3411.81,3484.74
2025-04-22T06:00:00+01:00,3484.735,3500.215,3424.335,3431.74
2025-04-22T14:00:00+01:00,3431.62,3449.91,3366.855,3380.88
2025-04-22T22:00:00+01:00,3350.505,3386.755,3313.095,3346.81
2025-04-23T06:00:00+01:00,3346.825,3349.475,3291.655,3310.96
2025-04-23T14:00:00+01:00,3310.9,3313.975,3260.125,3288.76
2025-04-23T22:00:00+01:00,3289.39,3367.595,3288.965,3326.185
2025-04-24T06:00:00+01:00,3326.215,3344.8,3314.56,3335.985
2025-04-24T14:00:00+01:00,3335.97,3350.17,3306.655,3349.415
2025-04-24T22:00:00+01:00,3351.755,3370.95,3316.4,3324.865
2025-04-25T06:00:00+01:00,3324.835,3327.205,3287.095,3292.735
2025-04-25T14:00:00+01:00,3292.745,3320.01,3265.16,3319.645
2025-04-27T22:00:00+01:00,3324.315,3336.955,3268.2,3299.18
2025-04-28T06:00:00+01:00,3299.195,3302.35,3273.46,3296.185
2025-04-28T14:00:00+01:00,3296.128,3353.17,3287.03,3343.995
2025-04-28T22:00:00+01:00,3344.62,3348.705,3306.72,3309.435
2025-04-29T06:00:00+01:00,3309.425,3325.035,3300.53,3313.14
2025-04-29T14:00:00+01:00,3313.15,3330.165,3299.66,3317.125
2025-04-29T22:00:00+01:00,3317.48,3328.23,3301.4,3308.095
2025-04-30T06:00:00+01:00,3308.115,3314.825,3267.065,3298.745
2025-04-30T14:00:00+01:00,3298.71,3319.93,3283.15,3288.78
2025-04-30T22:00:00+01:00,3288.3,3290.195,3221.195,3226.815
2025-05-01T06:00:00+01:00,3226.795,3243.41,3202,3226.96
2025-05-01T14:00:00+01:00,3226.81,3239.895,3205.065,3239.06
2025-05-01T22:00:00+01:00,3238.945,3258.82,3227.54,3252.045
2025-05-02T06:00:00+01:00,3251.645,3269.25,3246.47,3250.53
2025-05-02T14:00:00+01:00,3250.49,3264.695,3222.8,3240.43
2025-05-04T22:00:00+01:00,3240.08,3272.63,3237.575,3256.64
2025-05-05T06:00:00+01:00,3256.62,3322.68,3254.15,3319.71
2025-05-05T14:00:00+01:00,3319.62,3337.735,3305.66,3333.32
2025-05-05T22:00:00+01:00,3336.313,3387.145,3322.4015,3363.285
2025-05-06T06:00:00+01:00,3363.28,3392.52,3350.275,3391.01
2025-05-06T14:00:00+01:00,3391.23,3434.975,3378.325,3431.725
2025-05-06T22:00:00+01:00,3438.3,3438.48,3360.16,3382.27
2025-05-07T06:00:00+01:00,3382.538,3397.49,3369.395,3390.975
2025-05-07T14:00:00+01:00,3390.965,3398.17,3363.805,3364.615
2025-05-07T22:00:00+01:00,3366.39,3414.905,3363.91,3382.22
2025-05-08T06:00:00+01:00,3382.275,3384.36,3320.305,3356.23
2025-05-08T14:00:00+01:00,3356.255,3369.64,3288.835,3306.025
2025-05-08T22:00:00+01:00,3304.995,3327.575,3274.72,3324.715
2025-05-09T06:00:00+01:00,3324.565,3338.515,3313,3333.695
2025-05-09T14:00:00+01:00,3333.69,3347.665,3320.4,3324.245
2025-05-11T22:00:00+01:00,3272.57,3295.605,3258.935,3279.01
2025-05-12T06:00:00+01:00,3279.055,3281.815,3207.8,3233.685
2025-05-12T14:00:00+01:00,3233.905,3248.805,3220.42,3236.61
2025-05-12T22:00:00+01:00,3236.855,3253.625,3215.93,3252.575
2025-05-13T06:00:00+01:00,3252.765,3265.69,3237.325,3241.855
2025-05-13T14:00:00+01:00,3241.725,3257.925,3225.49,3250.63
2025-05-13T22:00:00+01:00,3250.03,3257.295,3222.595,3223.93
2025-05-14T06:00:00+01:00,3223.915,3243.905,3184.265,3184.95
2025-05-14T14:00:00+01:00,3185.47,3198.42,3167.93,3177.4
2025-05-14T22:00:00+01:00,3178.43,3192.9,3135.615,3138.65
2025-05-15T06:00:00+01:00,3138.735,3189.95,3120.65,3188.795
2025-05-15T14:00:00+01:00,3188.817,3240.7,3185.205,3240.07
2025-05-15T22:00:00+01:00,3240.4,3252.355,3206.625,3219.73
2025-05-16T06:00:00+01:00,3219.595,3231.265,3154.05,3177.53
2025-05-16T14:00:00+01:00,3177.643,3205.21,3165.965,3203.12
2025-05-18T22:00:00+01:00,3219.415,3249.88,3206.53,3216.025
2025-05-19T06:00:00+01:00,3215.955,3248.61,3215.02,3229.405
2025-05-19T14:00:00+01:00,3229.57,3241.74,3217.255,3229.58
2025-05-19T22:00:00+01:00,3230.25,3232.825,3204.58,3217.295
2025-05-20T06:00:00+01:00,3217.27,3250.86,3207.99,3242.835
2025-05-20T14:00:00+01:00,3242.515,3295.79,3233.05,3290.185
2025-05-20T22:00:00+01:00,3290.73,3314.87,3285.49,3302.185
2025-05-21T06:00:00+01:00,3302.135,3320.74,3290.859,3302.7485
2025-05-21T14:00:00+01:00,3302.7785,3324.9765,3295.3485,3314.995
2025-05-21T22:00:00+01:00,3319.675,3345.5365,3315.52,3338.67
2025-05-22T06:00:00+01:00,3338.6815,3339.5815,3283.1185,3304.185
2025-05-22T14:00:00+01:00,3304.428,3315.865,3279.26,3294.85
2025-05-22T22:00:00+01:00,3295.225,3316.21,3287.1335,3313.7215
2025-05-23T06:00:00+01:00,3313.7165,3360.5765,3312.575,3357.0335
2025-05-23T14:00:00+01:00,3357.0385,3366.0515,3336.625,3357.67
2025-05-25T22:00:00+01:00,3356.5165,3356.8965,3331.5065,3349.905
2025-05-26T06:00:00+01:00,3349.8835,3351.925,3323.725,3334.5335
2025-05-26T14:00:00+01:00,3334.6,3343.725,3331.4085,3341.9685
2025-05-26T22:00:00+01:00,3343.4,3350.0615,3330.695,3330.91
2025-05-27T06:00:00+01:00,3330.925,3332.785,3287.825,3293.85
2025-05-27T14:00:00+01:00,3293.74,3308.11,3285.0305,3300.805
2025-05-27T22:00:00+01:00,3301.2915,3315.87,3291.7,3296.4885
2025-05-28T06:00:00+01:00,3296.505,3325.685,3296.1035,3312.2615
2025-05-28T14:00:00+01:00,3312.235,3316.5485,3276.4985,3287.32
2025-05-28T22:00:00+01:00,3288.715,3295,3245.575,3269.16
2025-05-29T06:00:00+01:00,3269.1785,3317.585,3266.1,3316.575
2025-05-29T14:00:00+01:00,3316.547,3331.235,3304.825,3318.135
2025-05-29T22:00:00+01:00,3318.1435,3322.8415,3291.3635,3296.4
2025-05-30T06:00:00+01:00,3296.25,3306.9465,3282.8085,3304.0515
2025-05-30T14:00:00+01:00,3304.0115,3308.35,3271.54,3289.365
2025-06-01T22:00:00+01:00,3298.72,3318.305,3295.8865,3314.005
2025-06-02T06:00:00+01:00,3313.93,3363.6915,3313.8335,3355.5085
2025-06-02T14:00:00+01:00,3355.7585,3383.015,3350.3635,3381.495
2025-06-02T22:00:00+01:00,3383.88,3392.285,3359.3075,3362.8065
2025-06-03T06:00:00+01:00,3362.815,3367.8835,3349.115,3359.4615
2025-06-03T14:00:00+01:00,3359.41,3363.2615,3333.04,3353.25
2025-06-03T22:00:00+01:00,3354.3,3372.73,3346.5485,3354.875
2025-06-04T06:00:00+01:00,3354.905,3365.29,3343.7965,3359.025
2025-06-04T14:00:00+01:00,3359.065,3384.7985,3350.9085,3372.885
2025-06-04T22:00:00+01:00,3374.9485,3384.295,3363.925,3368.52
2025-06-05T06:00:00+01:00,3368.548,3403.51,3361.245,3383.1665
2025-06-05T14:00:00+01:00,3383.175,3388.5215,3339.4865,3352.73
2025-06-05T22:00:00+01:00,3354.33,3374.6835,3353.1935,3373.7465
2025-06-06T06:00:00+01:00,3373.7615,3375.675,3343.525,3353.47
2025-06-06T14:00:00+01:00,3353.405,3361.0245,3307.205,3310.66
2025-06-08T22:00:00+01:00,3312.3485,3321.33,3293.625,3311.83
2025-06-09T06:00:00+01:00,3311.82,3328.675,3309.6565,3320.155
2025-06-09T14:00:00+01:00,3320.185,3338.265,3310.8135,3325.6
2025-06-09T22:00:00+01:00,3326.02,3328.0385,3301.9415,3307.3565
2025-06-10T06:00:00+01:00,3307.34,3342.5615,3306.8535,3337.205
2025-06-10T14:00:00+01:00,3337.275,3349.185,3319.44,3323.565
2025-06-10T22:00:00+01:00,3323.2,3343.01,3315.585,3341.8635
2025-06-11T06:00:00+01:00,3341.8605,3360.775,3326.1285,3336.8635
2025-06-11T14:00:00+01:00,3336.83,3355.785,3319.5895,3355.33
2025-06-11T22:00:00+01:00,3357.3235,3377.8765,3356.33,3370.5
2025-06-12T06:00:00+01:00,3370.4965,3390.6,3338.7685,3388.1165
2025-06-12T14:00:00+01:00,3388.255,3399.04,3377.8935,3386.14
2025-06-12T22:00:00+01:00,3386.18,3444.4385,3379.6565,3425.3735
2025-06-13T06:00:00+01:00,3425.4185,3438.2465,3408.0285,3436.69
2025-06-13T14:00:00+01:00,3436.5515,3446.8965,3419.31,3432.55
2025-06-15T22:00:00+01:00,3451.89,3451.89,3427.0285,3427.6435
2025-06-16T06:00:00+01:00,3427.8335,3430.545,3409.5335,3415.7085
2025-06-16T14:00:00+01:00,3415.6985,3418.0885,3382.845,3384.165
2025-06-16T22:00:00+01:00,3387.325,3403.3515,3373.3935,3394.0515
2025-06-17T06:00:00+01:00,3394.0265,3400.2415,3375.7485,3386.81
2025-06-17T14:00:00+01:00,3386.8585,3397.525,3366.1935,3387.865
2025-06-17T22:00:00+01:00,3390.515,3400.13,3370.66,3395.2635
2025-06-18T06:00:00+01:00,3395.2735,3395.7485,3375.5865,3386.7435
2025-06-18T14:00:00+01:00,3386.7535,3396.9165,3362.695,3369.185
2025-06-18T22:00:00+01:00,3370.045,3388.1215,3369.7465,3374.6385
2025-06-19T06:00:00+01:00,3374.65,3379.198,3347.5835,3368.0215
2025-06-19T14:00:00+01:00,3368.05,3375.5065,3361.575,3370.3885
2025-06-19T22:00:00+01:00,3369.215,3370.7085,3344.7535,3354.4585
2025-06-20T06:00:00+01:00,3354.4485,3359.36,3340.4385,3344.6035
2025-06-20T14:00:00+01:00,3344.65,3374.5585,3343.15,3368.635
2025-06-22T22:00:00+01:00,3390.748,3397.275,3352.0085,3358.5935
2025-06-23T06:00:00+01:00,3358.615,3382.15,3347.085,3360.475
2025-06-23T14:00:00+01:00,3360.3415,3393.5715,3359.935,3368.425
2025-06-23T22:00:00+01:00,3368.1115,3370.23,3333.2085,3348.6465
2025-06-24T06:00:00+01:00,3348.6215,3348.95,3304.661,3314.775
2025-06-24T14:00:00+01:00,3314.8,3325.31,3295.425,3323.515
2025-06-24T22:00:00+01:00,3324.105,3335.3015,3320.945,3327.635
2025-06-25T06:00:00+01:00,3327.665,3337.1515,3318.2265,3320.765
2025-06-25T14:00:00+01:00,3320.795,3336.1215,3311.985,3332.465
2025-06-25T22:00:00+01:00,3335.09,3343.315,3329.2565,3334.0415
2025-06-26T06:00:00+01:00,3334.05,3350.365,3321.795,3322.138
2025-06-26T14:00:00+01:00,3322.143,3336.525,3309.9985,3328.125
2025-06-26T22:00:00+01:00,3328.0915,3328.2765,3291.125,3294.0885
2025-06-27T06:00:00+01:00,3294.1085,3300.9485,3269.6135,3270.145
2025-06-27T14:00:00+01:00,3270.265,3282.8865,3255.805,3274.285
2025-06-29T22:00:00+01:00,3272.93,3286.3815,3247.1135,3285.6265
2025-06-30T06:00:00+01:00,3285.6015,3296.875,3274.7,3282.165
2025-06-30T14:00:00+01:00,3282.135,3309.5565,3277.9885,3302.725
2025-06-30T22:00:00+01:00,3303.6465,3323.1415,3302.3265,3323.0665
2025-07-01T06:00:00+01:00,3323.01,3358.16,3322.97,3354.7135
2025-07-01T14:00:00+01:00,3354.6785,3355.71,3336.8765,3338.065
2025-07-01T22:00:00+01:00,3339.6465,3345.1085,3328.6665,3340.155
2025-07-02T06:00:00+01:00,3340.145,3351.1965,3327.58,3346.6715
2025-07-02T14:00:00+01:00,3346.6765,3360.175,3333.91,3357.805
2025-07-02T22:00:00+01:00,3357.6865,3365.785,3341.9415,3350.8115
2025-07-03T06:00:00+01:00,3350.805,3363.7985,3311.6085,3324.5235
2025-07-03T14:00:00+01:00,3324.6235,3338.5965,3322.1235,3326.355
2025-07-03T22:00:00+01:00,3325.95,3342.3415,3323.63,3340.9485
2025-07-04T06:00:00+01:00,3340.9685,3345.165,3331.4455,3334.025
2025-07-04T14:00:00+01:00,3334.0255,3338.16,3330.872,3336.5865
2025-07-06T22:00:00+01:00,3334.71,3342.8515,3305.34,3307.81
2025-07-07T06:00:00+01:00,3307.873,3315.33,3296.44,3309.6885
2025-07-07T14:00:00+01:00,3309.68,3340.537,3306.2435,3336.965
2025-07-07T22:00:00+01:00,3339.35,3345.9115,3327.4335,3329.7085
2025-07-08T06:00:00+01:00,3329.745,3339.565,3320.0085,3328.2585
2025-07-08T14:00:00+01:00,3328.265,3328.765,3287.2035,3301.525
2025-07-08T22:00:00+01:00,3302.04,3308.025,3284.995,3294.0035
2025-07-09T06:00:00+01:00,3294.015,3297.8715,3282.6885,3296.4615
2025-07-09T14:00:00+01:00,3296.49,3316.8515,3291.98,3313.81
2025-07-09T22:00:00+01:00,3313.8865,3326.415,3313.485,3322.315
2025-07-10T06:00:00+01:00,3322.395,3330.34,3317.955,3323.785
2025-07-10T14:00:00+01:00,3323.775,3329.64,3310.195,3323.915
2025-07-10T22:00:00+01:00,3323.9185,3336.265,3321.89,3332.045
2025-07-11T06:00:00+01:00,3332.005,3357.0835,3331.215,3355.162
2025-07-11T14:00:00+01:00,3355.152,3368.717,3349.2885,3355.82
2025-07-13T22:00:00+01:00,3363.875,3374.18,3353.87,3359.765
2025-07-14T06:00:00+01:00,3359.635,3375.0835,3349.4215,3350.1215
2025-07-14T14:00:00+01:00,3350.15,3359.0785,3341.085,3343.395
2025-07-14T22:00:00+01:00,3343.62,3361.4815,3341.385,3360.295
2025-07-15T06:00:00+01:00,3360.325,3366.4265,3346.47,3348.89
2025-07-15T14:00:00+01:00,3348.922,3352.545,3320.298,3324.065
2025-07-15T22:00:00+01:00,3324.8985,3338.6715,3323.815,3338.315
2025-07-16T06:00:00+01:00,3338.2915,3343.07,3331.022,3334.625
2025-07-16T14:00:00+01:00,3334.645,3377.62,3319.7255,3347.095
2025-07-16T22:00:00+01:00,3348.1315,3352.325,3336.4065,3342.7715
2025-07-17T06:00:00+01:00,3342.7465,3343.005,3309.835,3313.1735
2025-07-17T14:00:00+01:00,3313.1185,3341.15,3311.1835,3339.113
2025-07-17T22:00:00+01:00,3341.33,3344.3,3333.86,3337.1635
2025-07-18T06:00:00+01:00,3337.1435,3361.315,3331.93,3359.985
2025-07-18T14:00:00+01:00,3360.005,3360.395,3347.705,3350.33
2025-07-20T22:00:00+01:00,3350.325,3358.81,3345.125,3357.9115
2025-07-21T06:00:00+01:00,3357.875,3388.685,3357.805,3387.355
2025-07-21T14:00:00+01:00,3387.4235,3401.607,3383.6265,3396.82
2025-07-21T22:00:00+01:00,3397.635,3402.8385,3385.22,3391.1065
2025-07-22T06:00:00+01:00,3391.235,3407.95,3383.3585,3407.635
2025-07-22T14:00:00+01:00,3407.642,3433.497,3404.955,3431.3
2025-07-22T22:00:00+01:00,3432.175,3439.0435,3419.245,3423.725
2025-07-23T06:00:00+01:00,3423.695,3433.8865,3416.455,3420.08
2025-07-23T14:00:00+01:00,3420.0565,3420.6765,3381.465,3387.245
2025-07-23T22:00:00+01:00,3388.4615,3393.5,3374.7015,3382.695
2025-07-24T06:00:00+01:00,3382.705,3383,3353.0225,3353.5
2025-07-24T14:00:00+01:00,3353.495,3377.465,3351.485,3368.45
2025-07-24T22:00:00+01:00,3368.6035,3373.535,3357.9365,3360.95
2025-07-25T06:00:00+01:00,3360.97,3362.38,3336.38,3340.8405
2025-07-25T14:00:00+01:00,3340.8235,3347.6315,3325.07,3336.81
2025-07-27T22:00:00+01:00,3317.5715,3344.1135,3317.5715,3339.695
2025-07-28T06:00:00+01:00,3339.68,3345.445,3325.605,3328.455
2025-07-28T14:00:00+01:00,3328.475,3330.6905,3301.79,3313.06
2025-07-28T22:00:00+01:00,3315.245,3320.9415,3308.1085,3316.57
2025-07-29T06:00:00+01:00,3316.48,3330.0135,3311.39,3323.325
2025-07-29T14:00:00+01:00,3323.3335,3334.2065,3311.97,3326.49
2025-07-29T22:00:00+01:00,3327.4,3333.8035,3321.91,3327.205
2025-07-30T06:00:00+01:00,3326.945,3334.075,3310.72,3313.38
2025-07-30T14:00:00+01:00,3313.3865,3316.2395,3268.165,3275.33
2025-07-30T22:00:00+01:00,3276.2165,3298.7185,3273.9535,3298.2085
2025-07-31T06:00:00+01:00,3298.235,3314.935,3293.825,3307.675
2025-07-31T14:00:00+01:00,3307.6985,3310.4965,3289.5635,3290.105
2025-07-31T22:00:00+01:00,3290.47,3297.175,3281.6935,3292.1815
2025-08-01T06:00:00+01:00,3292.155,3345.3265,3285.2765,3341.335
2025-08-01T14:00:00+01:00,3341.3885,3363.695,3338.8835,3363.085
2025-08-03T22:00:00+01:00,3365.6965,3369.415,3345.0565,3358.955
2025-08-04T06:00:00+01:00,3359.12,3371.5865,3351.7565,3367.88
2025-08-04T14:00:00+01:00,3367.885,3385.455,3367.1065,3373.225
2025-08-04T22:00:00+01:00,3375.04,3382.4865,3371.08,3371.25
2025-08-05T06:00:00+01:00,3371.23,3375.645,3349.882,3366.15
2025-08-05T14:00:00+01:00,3366.2565,3390.497,3365.9385,3380.56
2025-08-05T22:00:00+01:00,3381.04,3385.3465,3372.2735,3372.5285
2025-08-06T06:00:00+01:00,3372.5135,3378.765,3358.2585,3367.635
2025-08-06T14:00:00+01:00,3367.5665,3380.0415,3365.2635,3368.97
2025-08-06T22:00:00+01:00,3369.4,3384.32,3365.3,3377.755
2025-08-07T06:00:00+01:00,3377.76,3397.5735,3371.7965,3380.775
2025-08-07T14:00:00+01:00,3380.795,3402.0215,3374.8785,3397.085
2025-08-07T22:00:00+01:00,3404.855,3409.83,3381.0905,3394.475
2025-08-08T06:00:00+01:00,3394.427,3404.44,3380.353,3391.785
2025-08-08T14:00:00+01:00,3391.905,3404.8825,3375.5245,3399.16
2025-08-10T22:00:00+01:00,3398.2815,3405.3815,3367.7285,3375.92
2025-08-11T06:00:00+01:00,3375.908,3380.148,3344.3635,3356.938
2025-08-11T14:00:00+01:00,3356.928,3362.96,3341.28,3341.98
2025-08-11T22:00:00+01:00,3343.2465,3357.5435,3342.4565,3354.5
2025-08-12T06:00:00+01:00,3354.53,3358.25,3336.1335,3349.955
2025-08-12T14:00:00+01:00,3349.8865,3359.4495,3331.125,3348.21
2025-08-12T22:00:00+01:00,3348.445,3354.465,3342.732,3351.8665
2025-08-13T06:00:00+01:00,3351.8565,3367.135,3345.6895,3358.17
2025-08-13T14:00:00+01:00,3358.13,3370.835,3350.0035,3355.755
2025-08-13T22:00:00+01:00,3356.8315,3374.85,3355.56,3360.525
2025-08-14T06:00:00+01:00,3360.5,3366.5165,3341.521,3350.5965
2025-08-14T14:00:00+01:00,3350.5765,3356.15,3329.9,3335.33
2025-08-14T22:00:00+01:00,3336.48,3346.7615,3332.2485,3345.5585
2025-08-15T06:00:00+01:00,3345.59,3348.905,3333.6065,3342.72
2025-08-15T14:00:00+01:00,3342.74,3346.0785,3332.9785,3335.695
2025-08-17T22:00:00+01:00,3336.845,3358.265,3323.6185,3357.605
2025-08-18T06:00:00+01:00,3357.59,3358.4835,3343.167,3344.8635
2025-08-18T14:00:00+01:00,3344.8485,3345.023,3330.3185,3332.49
2025-08-18T22:00:00+01:00,3333.9,3341.69,3326.1435,3337.7885
2025-08-19T06:00:00+01:00,3337.823,3345.445,3334.282,3334.812
2025-08-19T14:00:00+01:00,3334.797,3339.4685,3314.9635,3316.35
2025-08-19T22:00:00+01:00,3316.275,3321,3311.55,3318.8315
2025-08-20T06:00:00+01:00,3318.84,3344.9585,3318.2185,3342.925
2025-08-20T14:00:00+01:00,3342.905,3350.3915,3338.945,3348.17
2025-08-20T22:00:00+01:00,3349.7915,3352.2435,3338.035,3338.3835
2025-08-21T06:00:00+01:00,3338.3935,3345.1665,3325.2165,3341.955
2025-08-21T14:00:00+01:00,3341.925,3348.1935,3336.125,3339.555
2025-08-21T22:00:00+01:00,3339.31,3340.73,3328.0465,3328.505
2025-08-22T06:00:00+01:00,3328.4085,3335.1835,3321.43,3323.58
2025-08-22T14:00:00+01:00,3323.54,3378.835,3323.3235,3372.11
2025-08-24T22:00:00+01:00,3371.455,3372.2915,3359.8,3366.1785
2025-08-25T06:00:00+01:00,3366.1085,3371.6385,3362.0635,3364.535
2025-08-25T14:00:00+01:00,3364.56,3376.375,3362.18,3366.485
2025-08-25T22:00:00+01:00,3366.0635,3386.6885,3351.46,3377.505
2025-08-26T06:00:00+01:00,3377.535,3380.455,3367.27,3371.975
2025-08-26T14:00:00+01:00,3372.0165,3394.06,3370.365,3394.045
2025-08-26T22:00:00+01:00,3393.35,3394.485,3373.926,3375.02
2025-08-27T06:00:00+01:00,3375.07,3385.585,3373.92,3381.27
2025-08-27T14:00:00+01:00,3381.29,3398.87,3375.62,3397.47
2025-08-27T22:00:00+01:00,3398.3535,3399.41,3384.725,3390.38
2025-08-28T06:00:00+01:00,3390.355,3408.8135,3387.68,3397.16
2025-08-28T14:00:00+01:00,3397.17,3423.202,3394.1935,3416.525
2025-08-28T22:00:00+01:00,3417.9435,3418.405,3407.52,3408.935
2025-08-29T06:00:00+01:00,3408.93,3416.945,3404.425,3416.54
2025-08-29T14:00:00+01:00,3416.61,3453.88,3413.685,3447.63
2025-08-31T22:00:00+01:00,3446.6065,3486.2665,3436.9915,3475.2865
2025-09-01T06:00:00+01:00,3475.2615,3489.9085,3466.32,3469.53
2025-09-01T14:00:00+01:00,3469.555,3481.415,3468.99,3476.47
2025-09-01T22:00:00+01:00,3477.45,3508.7315,3474.49,3496.76
2025-09-02T06:00:00+01:00,3496.775,3497.9685,3470.21,3482.087
2025-09-02T14:00:00+01:00,3482.133,3540.107,3478.333,3532.85
2025-09-02T22:00:00+01:00,3533.675,3546.9165,3526.3865,3536.955
2025-09-03T06:00:00+01:00,3536.94,3551.645,3526.991,3550.62
2025-09-03T14:00:00+01:00,3550.65,3578.43,3549.34,3559.075
2025-09-03T22:00:00+01:00,3561.2565,3564.2665,3511.1385,3533.225
2025-09-04T06:00:00+01:00,3533.245,3553.5165,3524.4225,3548.385
2025-09-04T14:00:00+01:00,3548.365,3558.87,3535.0015,3545.28
2025-09-04T22:00:00+01:00,3546.48,3559.26,3540.04,3558.61
2025-09-05T06:00:00+01:00,3558.65,3587.16,3544.865,3580.475
2025-09-05T14:00:00+01:00,3580.505,3600.175,3573.225,3586.62
2025-09-07T22:00:00+01:00,3582.154,3597.25,3578.25,3581.71
2025-09-08T06:00:00+01:00,3581.555,3626.09,3581.205,3624.28
2025-09-08T14:00:00+01:00,3624.4835,3646.37,3620.2815,3635.3
2025-09-08T22:00:00+01:00,3636.55,3657.26,3628.3935,3655.0685
2025-09-09T06:00:00+01:00,3655.0655,3659.445,3636.74,3647.555
2025-09-09T14:00:00+01:00,3647.585,3674.89,3624.81,3625.27
2025-09-09T22:00:00+01:00,3619.93,3643.4285,3619.1045,3643.0335
2025-09-10T06:00:00+01:00,3643.075,3658.025,3640.04,3644.065
2025-09-10T14:00:00+01:00,3644.085,3655.495,3635.3,3640.465
2025-09-10T22:00:00+01:00,3641.58,3649.2685,3629.955,3630.7
2025-09-11T06:00:00+01:00,3630.675,3644.1665,3613.04,3629.0315
2025-09-11T14:00:00+01:00,3629.1335,3642.095,3618.3785,3633.94
2025-09-11T22:00:00+01:00,3633.825,3656.285,3630.5735,3654.985
2025-09-12T06:00:00+01:00,3655.005,3656.705,3637.67,3645.505
2025-09-12T14:00:00+01:00,3645.685,3654.455,3641.2635,3643.21
2025-09-14T22:00:00+01:00,3644.37,3647.02,3626.5115,3645.7485
2025-09-15T06:00:00+01:00,3645.7735,3651.0615,3633.752,3650.475
2025-09-15T14:00:00+01:00,3650.485,3685.605,3646.8935,3678.54
2025-09-15T22:00:00+01:00,3680.495,3689.5855,3674.81,3684.38
2025-09-16T06:00:00+01:00,3684.32,3699.73,3680.325,3689.32
2025-09-16T14:00:00+01:00,3689.1,3703.1165,3678.915,3689.95
2025-09-16T22:00:00+01:00,3690,3695.49,3674.43,3680.81
2025-09-17T06:00:00+01:00,3680.83,3686,3660.0585,3678.79
2025-09-17T14:00:00+01:00,3678.84,3707.6965,3646.1585,3660.02
2025-09-17T22:00:00+01:00,3659.7185,3672.085,3651.85,3653.615
2025-09-18T06:00:00+01:00,3653.62,3672.8925,3633.915,3663.4065
2025-09-18T14:00:00+01:00,3663.3165,3664.5,3627.8335,3644.135
2025-09-18T22:00:00+01:00,3644.32,3660.105,3632.3565,3658.89
2025-09-19T06:00:00+01:00,3658.905,3661.31,3643.3135,3649.405
2025-09-19T14:00:00+01:00,3649.385,3685.292,3643.795,3685.095
2025-09-21T22:00:00+01:00,3687.6,3697.605,3683.71,3692.245
2025-09-22T06:00:00+01:00,3692.23,3728.44,3692.01,3721.65
2025-09-22T14:00:00+01:00,3721.69,3748.815,3713.6885,3746.395
2025-09-22T22:00:00+01:00,3746.6565,3759.3885,3736.74,3744.8785
2025-09-23T06:00:00+01:00,3744.815,3791.175,3743.37,3784.365
2025-09-23T14:00:00+01:00,3784.43,3788.94,3752.08,3763.915
2025-09-23T22:00:00+01:00,3765.5,3771.8885,3750.672,3768.335
2025-09-24T06:00:00+01:00,3768.33,3779.2565,3759.73,3768.13
2025-09-24T14:00:00+01:00,3768.12,3772.9915,3717.5965,3736.07
2025-09-24T22:00:00+01:00,3736.725,3751.5865,3729.645,3738.17
2025-09-25T06:00:00+01:00,3738.24,3761.7135,3730.715,3738.845
2025-09-25T14:00:00+01:00,3738.865,3758.31,3722.1835,3749.275
2025-09-25T22:00:00+01:00,3750.2315,3753.315,3734.525,3747.795
2025-09-26T06:00:00+01:00,3747.733,3757.475,3739.275,3752.07
2025-09-26T14:00:00+01:00,3752.085,3783.875,3751.175,3760.315
2025-09-28T22:00:00+01:00,3757.01,3809.135,3756.8015,3805.085
2025-09-29T06:00:00+01:00,3805.065,3831.455,3801.2,3813.775
2025-09-29T14:00:00+01:00,3813.805,3834.275,3809.3685,3833.63
2025-09-29T22:00:00+01:00,3833.825,3867.3085,3825.74,3867.115
2025-09-30T06:00:00+01:00,3867.1,3871.8535,3793.195,3819.3985
2025-09-30T14:00:00+01:00,3819.3935,3860.8,3811.775,3858.595
2025-09-30T22:00:00+01:00,3859.4965,3875.61,3854.7385,3865.0085
2025-10-01T06:00:00+01:00,3865.0285,3895.46,3853.375,3870.54
2025-10-01T14:00:00+01:00,3870.565,3878.8635,3855.1185,3865.93
2025-10-01T22:00:00+01:00,3866.695,3870.69,3852.9035,3864.3735
2025-10-02T06:00:00+01:00,3864.3885,3892.205,3861.8115,3884.5485
2025-10-02T14:00:00+01:00,3884.525,3897.455,3819.415,3856.405
2025-10-02T22:00:00+01:00,3856.335,3863.775,3838.105,3844.105
2025-10-03T06:00:00+01:00,3844.1615,3875.1085,3844.045,3873.9365
2025-10-03T14:00:00+01:00,3873.94,3891.7585,3866.3585,3887.325
2025-10-05T22:00:00+01:00,3888.905,3940.54,3884.0765,3938.825
2025-10-06T06:00:00+01:00,3938.805,3949.625,3922.555,3934.245
2025-10-06T14:00:00+01:00,3934.33,3970.195,3927.34,3959.76
2025-10-06T22:00:00+01:00,3959.625,3977.42,3955.8935,3976.055
2025-10-07T06:00:00+01:00,3975.9685,3980.13,3940.9635,3979.54
2025-10-07T14:00:00+01:00,3979.56,3991.115,3961.86,3985.665
2025-10-07T22:00:00+01:00,3985.0065,4027.32,3983.2665,4026.885
2025-10-08T06:00:00+01:00,4026.8385,4049.6715,4021.3615,4040.1885
2025-10-08T14:00:00+01:00,4040.1785,4059.3215,4026.355,4041.395
2025-10-08T22:00:00+01:00,4043.3,4044.883,4001.33,4039.03
2025-10-09T06:00:00+01:00,4038.855,4053.775,4022.665,4053.49
2025-10-09T14:00:00+01:00,4053.515,4058.065,3944.42,3977.078
2025-10-09T22:00:00+01:00,3975.495,3994.465,3947.1035,3966.305
2025-10-10T06:00:00+01:00,3966.275,4006.72,3952.68,3985.79
2025-10-10T14:00:00+01:00,3985.725,4023.0015,3970.7635,4018.71
2025-10-12T22:00:00+01:00,4001.485,4060.26,4001.4185,4056.305
2025-10-13T06:00:00+01:00,4056.325,4086.1635,4054.782,4079.73
2025-10-13T14:00:00+01:00,4079.76,4117.435,4078.2935,4110.195
2025-10-13T22:00:00+01:00,4111.21,4170.005,4106.68,4168.2
2025-10-14T06:00:00+01:00,4168.175,4180.155,4090.3785,4106.5965
2025-10-14T14:00:00+01:00,4106.6665,4155.455,4097.8715,4142.13
2025-10-14T22:00:00+01:00,4142.94,4190.935,4140.6335,4179.76
2025-10-15T06:00:00+01:00,4179.743,4218.3735,4164.147,4190.765
2025-10-15T14:00:00+01:00,4190.755,4213.58,4179.6485,4207.525
2025-10-15T22:00:00+01:00,4209.145,4242.215,4199.6935,4233.585
2025-10-16T06:00:00+01:00,4233.59,4251.115,4203.545,4236.11
2025-10-16T14:00:00+01:00,4236.12,4330.8,4235.05,4328.125
2025-10-16T22:00:00+01:00,4331.885,4379.9285,4278.993,4376.535
2025-10-17T06:00:00+01:00,4376.54,4378.73,4283.6285,4314.5255
2025-10-17T14:00:00+01:00,4314.702,4317.775,4186.16,4252.353
2025-10-19T22:00:00+01:00,4248.7635,4274.598,4219.055,4266.418
2025-10-20T06:00:00+01:00,4265.872,4327.3285,4221.405,4323.605
2025-10-20T14:00:00+01:00,4323.57,4381.5565,4292.865,4356.14
2025-10-20T22:00:00+01:00,4355.6315,4375.5615,4332.955,4342.02
2025-10-21T06:00:00+01:00,4341.8665,4344.345,4205.9485,4211.11
2025-10-21T14:00:00+01:00,4211.13,4225.58,4080.807,4124.83
2025-10-21T22:00:00+01:00,4125.4085,4143.34,4004.3615,4128.253
2025-10-22T06:00:00+01:00,4128.263,4161.46,4015.18,4033.9185
2025-10-22T14:00:00+01:00,4033.9285,4113.71,4011.2185,4098.595
2025-10-22T22:00:00+01:00,4095.58,4116.5685,4065.9785,4089.655
2025-10-23T06:00:00+01:00,4089.685,4137.7515,4084.05,4127.41
2025-10-23T14:00:00+01:00,4127.12,4154.795,4107.5435,4126.095
2025-10-23T22:00:00+01:00,4128,4144.485,4102.8565,4111.67
2025-10-24T06:00:00+01:00,4111.9,4118.03,4043.799,4082.205
2025-10-24T14:00:00+01:00,4082.265,4138.615,4079.0665,4112.38
2025-10-26T21:00:00+00:00,4064.101,4109.1615,4053.825,4068.885
2025-10-27T05:00:00+00:00,4068.925,4085.0435,4015.415,4045.98
2025-10-27T13:00:00+00:00,4046.12,4050.455,3971.4215,3982.375
2025-10-27T21:00:00+00:00,3984.85,4019.7885,3963.7195,3973.71
2025-10-28T05:00:00+00:00,3974.49,3980.12,3886.547,3912.9515
2025-10-28T13:00:00+00:00,3912.955,3970.455,3912.34,3952.34
2025-10-28T21:00:00+00:00,3953.55,3982.2885,3915.3215,3952.045
2025-10-29T05:00:00+00:00,3952.065,4030.3085,3951.165,4025.565
2025-10-29T13:00:00+00:00,4025.59,4025.735,3927.97,3929.915
2025-10-29T21:00:00+00:00,3922.6385,3982.74,3915.49,3972.55
2025-10-30T05:00:00+00:00,3972.585,4011.7465,3947.2215,3961.363
2025-10-30T13:00:00+00:00,3961.285,4027.19,3960.2535,4025.17
2025-10-30T21:00:00+00:00,4024.05,4046.475,3989.145,4005.88
2025-10-31T05:00:00+00:00,4005.655,4036.3185,3994.165,4023.0465
2025-10-31T13:00:00+00:00,4022.9915,4035.785,3972.385,4002.453
2025-11-02T22:00:00+00:00,3986,4018.455,3962.705,4013.995
2025-11-03T06:00:00+00:00,4014.0515,4028.2135,3993.1485,4016.12
2025-11-03T14:00:00+00:00,4016.145,4030.76,3995.317,4001.815
2025-11-03T22:00:00+00:00,4002.7,4007.0335,3972.775,3973.325
2025-11-04T06:00:00+00:00,3973.35,4000.785,3966.685,3975.775
2025-11-04T14:00:00+00:00,3975.79,3977.8,3928.77,3932.44
2025-11-04T22:00:00+00:00,3933.61,3978.725,3929.7665,3964.95
2025-11-05T06:00:00+00:00,3964.97,3987.275,3956.09,3975.92
2025-11-05T14:00:00+00:00,3975.97,3990.5,3964.2235,3980.135
2025-11-05T22:00:00+00:00,3976.675,3990.82,3964.645,3987.69
2025-11-06T06:00:00+00:00,3987.8015,4019.66,3982.34,4012.3035
2025-11-06T14:00:00+00:00,4012.2985,4014.055,3965.805,3977.245
2025-11-06T22:00:00+00:00,3976.6235,4003.3635,3974.5035,3995.0715
2025-11-07T06:00:00+00:00,3995.05,4014.23,3991.7885,3997.8
2025-11-07T14:00:00+00:00,3997.77,4027.535,3984.13,4000.945
2025-11-09T22:00:00+00:00,3999.8,4070.005,3997.65,4069.505
2025-11-10T06:00:00+00:00,4069.575,4106,4066.935,4091.735
2025-11-10T14:00:00+00:00,4091.71,4116.655,4074.37,4115.915
2025-11-10T22:00:00+00:00,4116.07,4149.06,4114.555,4131.0635
2025-11-11T06:00:00+00:00,4131.035,4146.87,4125.065,4142.67
2025-11-11T14:00:00+00:00,4142.63,4143.23,4097.198,4126.375
2025-11-11T22:00:00+00:00,4127.7,4145.6285,4098.945,4104.725
2025-11-12T06:00:00+00:00,4104.755,4139.53,4103.25,4127.235
2025-11-12T14:00:00+00:00,4127.275,4211.8235,4125.0735,4195.385
2025-11-12T22:00:00+00:00,4197.08,4219.5,4179.975,4212.052
2025-11-13T06:00:00+00:00,4212.032,4245.2135,4203.355,4231.8015
2025-11-13T14:00:00+00:00,4232.075,4232.42,4145.295,4171.51
2025-11-13T22:00:00+00:00,4171.335,4211.355,4169.5465,4189.9315
2025-11-14T06:00:00+00:00,4189.774,4193.44,4041.325,4055.86
2025-11-14T14:00:00+00:00,4055.62,4111.175,4032.25,4083.085
2025-11-16T22:00:00+00:00,4087.1,4106.775,4049.79,4058.405
2025-11-17T06:00:00+00:00,4058.425,4096.02,4054.815,4065.465
2025-11-17T14:00:00+00:00,4065.485,4082.085,4006.9685,4045.085
2025-11-17T22:00:00+00:00,4044.6,4055.5,4004.745,4018.97
2025-11-18T06:00:00+00:00,4019.055,4070.425,3997.9915,4065.275
2025-11-18T14:00:00+00:00,4065.37,4082.52,4040.495,4067.375
2025-11-18T22:00:00+00:00,4068.55,4097.585,4055.5765,4095.595
2025-11-19T06:00:00+00:00,4095.585,4119.935,4078.37,4110.765
2025-11-19T14:00:00+00:00,4110.8,4132.945,4055.67,4077.24
2025-11-19T22:00:00+00:00,4078.89,4110.2035,4040.616,4066.81
2025-11-20T06:00:00+00:00,4066.77,4096.455,4038.91,4080.475
2025-11-20T14:00:00+00:00,4080.29,4107.4,4043.6715,4076.87
2025-11-20T22:00:00+00:00,4076.7,4088.965,4039.9735,4058.715
2025-11-21T06:00:00+00:00,4058.7435,4081.41,4022.415,4079.745
2025-11-21T14:00:00+00:00,4079.7285,4101.132,4054.663,4064.935
2025-11-23T22:00:00+00:00,4071.5,4077.785,4040.23,4046.51
2025-11-24T06:00:00+00:00,4046.48,4085.955,4045.61,4077.9
2025-11-24T14:00:00+00:00,4077.92,4139.95,4068.45,4135.495
2025-11-24T22:00:00+00:00,4133.2345,4155.96,4122.64,4151.14
2025-11-25T06:00:00+00:00,4151.085,4152.135,4109.68,4147.767
2025-11-25T14:00:00+00:00,4147.7415,4159.42,4111.055,4130.88
2025-11-25T22:00:00+00:00,4132.3,4169.5885,4129.955,4162.4285
2025-11-26T06:00:00+00:00,4162.3335,4173.52,4146.81,4153.5015
2025-11-26T14:00:00+00:00,4153.5215,4171.7585,4136.42,4162.998
2025-11-26T22:00:00+00:00,4165.14,4169.075,4142.73,4147.0965
2025-11-27T06:00:00+00:00,4147.06,4167.175,4147.04,4155.01
2025-11-27T14:00:00+00:00,4155.04,4161.88,4151.54,4157.9115
2025-11-27T22:00:00+00:00,4157.965,4193.24,4157.705,4182.325
2025-11-28T06:00:00+00:00,4182.08,4189.625,4154.31,4182.695
2025-11-28T14:00:00+00:00,4182.71,4227.11,4182.705,4219.272
2025-11-30T22:00:00+00:00,4223.2515,4256.573,4205.475,4229.69
2025-12-01T06:00:00+00:00,4231.715,4264.67,4226.26,4247.44
2025-12-01T14:00:00+00:00,4247.49,4249.385,4219.69,4231.555
2025-12-01T22:00:00+00:00,4232.3,4236.145,4199.0235,4225.055
2025-12-02T06:00:00+00:00,4225.0565,4226.375,4181.17,4212.55
2025-12-02T14:00:00+00:00,4212.505,4230.66,4163.7715,4206.115
2025-12-02T22:00:00+00:00,4207.625,4229.045,4202.8415,4207.7615
2025-12-03T06:00:00+00:00,4207.7715,4238.565,4194.6535,4237.335
2025-12-03T14:00:00+00:00,4237.305,4241.595,4195.24,4203.035
2025-12-03T22:00:00+00:00,4204.4,4217.05,4175.1195,4181.14
2025-12-04T06:00:00+00:00,4181.17,4206.605,4178.825,4198.38
2025-12-04T14:00:00+00:00,4198.33,4219.535,4191.52,4207.78
2025-12-04T22:00:00+00:00,4208.4,4221.4,4194.77,4220.6485
2025-12-05T06:00:00+00:00,4220.66,4239.005,4216.02,4234.62
2025-12-05T14:00:00+00:00,4234.6,4259.39,4192.1,4197.935
2025-12-07T22:00:00+00:00,4201.81,4217.325,4195.3435,4217.235
2025-12-08T06:00:00+00:00,4217.225,4219.095,4197.7885,4201.81
2025-12-08T14:00:00+00:00,4201.89,4211.8285,4176.2915,4190.155
2025-12-08T22:00:00+00:00,4191.3,4198.8365,4178.14,4179.745
2025-12-09T06:00:00+00:00,4179.795,4212.975,4170.145,4201.445
2025-12-09T14:00:00+00:00,4201.6,4221.595,4189.487,4207.775
2025-12-09T22:00:00+00:00,4209.335,4218.915,4201.835,4211.505
2025-12-10T06:00:00+00:00,4211.46,4211.8,4187.78,4200.755
2025-12-10T14:00:00+00:00,4200.735,4238.71,4182.0085,4228.025
2025-12-10T22:00:00+00:00,4229.2,4247.765,4206.1515,4207.43
2025-12-11T06:00:00+00:00,4207.47,4226.06,4204.165,4221.055
2025-12-11T14:00:00+00:00,4221.165,4285.975,4217.975,4280.015
2025-12-11T22:00:00+00:00,4280.2,4283.565,4264.5665,4278.9615
2025-12-12T06:00:00+00:00,4278.9715,4346.22,4276.5665,4341.115
2025-12-12T14:00:00+00:00,4341.125,4353.64,4257.395,4299.865
2025-12-14T22:00:00+00:00,4300.9,4344.46,4294.7165,4343.62
2025-12-15T06:00:00+00:00,4343.6,4350.31,4330.7815,4332.12
2025-12-15T14:00:00+00:00,4332.155,4336.82,4285.3285,4304.845
2025-12-15T22:00:00+00:00,4306.2,4318.01,4271.545,4284.16
2025-12-16T06:00:00+00:00,4284.25,4313.35,4273.875,4313.07
2025-12-16T14:00:00+00:00,4313.095,4335.24,4291.3535,4301.685
2025-12-16T22:00:00+00:00,4303.4,4342.555,4301.625,4333.9015
2025-12-17T06:00:00+00:00,4333.8815,4344.19,4306.5735,4342.1465
2025-12-17T14:00:00+00:00,4342.1315,4349.285,4320.26,4338.085
2025-12-17T22:00:00+00:00,4340.281,4343.2715,4324.465,4333.32
2025-12-18T06:00:00+00:00,4333.275,4343.18,4314.7235,4336.6485
2025-12-18T14:00:00+00:00,4336.65,4374.73,4308.65,4331.175
2025-12-18T22:00:00+00:00,4334.1,4337.1035,4309.19,4326.025
2025-12-19T06:00:00+00:00,4326.005,4335.433,4320.77,4328.355
2025-12-19T14:00:00+00:00,4328.385,4356.62,4319.7715,4339.04
2025-12-21T22:00:00+00:00,4340,4409.66,4337.6935,4400.1565
2025-12-22T06:00:00+00:00,4400.25,4427.37,4398.93,4423.81
2025-12-22T14:00:00+00:00,4423.84,4449.285,4412.085,4443.66
2025-12-22T22:00:00+00:00,4447.7365,4497.745,4445.5855,4475.335
2025-12-23T06:00:00+00:00,4475.31,4497.5485,4469.57,4479.2835
2025-12-23T14:00:00+00:00,4479.335,4499.937,4430.3635,4484.59
2025-12-23T22:00:00+00:00,4487.6,4526.075,4469.797,4488.65
2025-12-24T06:00:00+00:00,4488.7,4499.95,4474.595,4488.035
2025-12-24T14:00:00+00:00,4488.098,4489.575,4448.3,4479.54
2025-12-25T22:00:00+00:00,4491.445,4531.5235,4483.7285,4509.925
2025-12-26T06:00:00+00:00,4509.9,4528.57,4502.8835,4525.237
2025-12-26T14:00:00+00:00,4525.27,4550.13,4510.05,4533.615
2025-12-28T22:00:00+00:00,4541,4550.3515,4472.325,4506.64
2025-12-29T06:00:00+00:00,4506.74,4510.692,4407.0635,4421.4885
2025-12-29T14:00:00+00:00,4421.5035,4421.5035,4301.8415,4332.165
2025-12-29T22:00:00+00:00,4333.6,4380.18,4323.5335,4377.7115
2025-12-30T06:00:00+00:00,4377.69,4404.3865,4350.37,4388.543
2025-12-30T14:00:00+00:00,4388.558,4392.32,4334.88,4339.015
2025-12-30T22:00:00+00:00,4340.955,4373.4,4276.18,4285.865
2025-12-31T06:00:00+00:00,4285.885,4348.49,4274.325,4345.9485
2025-12-31T14:00:00+00:00,4345.9835,4353.48,4304.5735,4319.1905
2026-01-01T22:00:00+00:00,4325.8,4381.905,4324.15,4380.75
2026-01-02T06:00:00+00:00,4380.76,4402.36,4362.09,4366.16
2026-01-02T14:00:00+00:00,4366.275,4373.83,4310.0115,4332.42
2026-01-04T22:00:00+00:00,4361.195,4421.78,4345.405,4412.5685
2026-01-05T06:00:00+00:00,4412.5185,4439.945,4396.3235,4416.97
2026-01-05T14:00:00+00:00,4417.02,4455.785,4417.02,4448.77
2026-01-05T22:00:00+00:00,4449.0835,4474.33,4427.985,4452.14
2026-01-06T06:00:00+00:00,4452.53,4475.9,4442.6235,4468.11
2026-01-06T14:00:00+00:00,4468.15,4497.3615,4463.3135,4494.265
2026-01-06T22:00:00+00:00,4495.8,4500.5365,4443.36,4454.385
2026-01-07T06:00:00+00:00,4454.375,4474.9515,4427.93,4452.9715
2026-01-07T14:00:00+00:00,4452.9835,4468.4,4423.47,4456.888
2026-01-07T22:00:00+00:00,4459.1,4466.47,4415.63,4425.7735
2026-01-08T06:00:00+00:00,4425.7635,4439.8215,4407.825,4423.855
2026-01-08T14:00:00+00:00,4423.915,4479.7065,4419.25,4478.26
2026-01-08T22:00:00+00:00,4480.3,4484.2415,4452.9685,4468.16
2026-01-09T06:00:00+00:00,4468.65,4492.01,4459.1185,4482.5915
2026-01-09T14:00:00+00:00,4482.6015,4517.3115,4479.36,4509.968
2026-01-11T22:00:00+00:00,4521.3,4601.4765,4513.1545,4580.915
2026-01-12T06:00:00+00:00,4580.955,4620.455,4569.795,4615.855
2026-01-12T14:00:00+00:00,4615.885,4630.275,4584.945,4599.105
2026-01-12T22:00:00+00:00,4600.9,4608.3115,4575.65,4592.26
2026-01-13T06:00:00+00:00,4592.15,4620.925,4573.675,4611.58
2026-01-13T14:00:00+00:00,4611.605,4634.72,4569.63,4586.39
2026-01-13T22:00:00+00:00,4588.635,4639.803,4587.7835,4619.875
2026-01-14T06:00:00+00:00,4619.91,4641.9085,4618.61,4635.79
2026-01-14T14:00:00+00:00,4635.825,4642.96,4599.5085,4626.6
2026-01-14T22:00:00+00:00,4630.6885,4632.8735,4581.165,4595.295
2026-01-15T06:00:00+00:00,4595.325,4623.09,4582.29,4588.345
2026-01-15T14:00:00+00:00,4588.495,4624.995,4583.435,4615.61
2026-01-15T22:00:00+00:00,4616.2,4621.125,4591.325,4611.625
2026-01-16T06:00:00+00:00,4611.585,4616.1825,4582.6,4601.975
2026-01-16T14:00:00+00:00,4601.955,4620.375,4536.785,4596.445
2026-01-18T22:00:00+00:00,4627.8,4690.895,4620.445,4670.163
2026-01-19T06:00:00+00:00,4670.165,4679.15,4659.725,4666.19
2026-01-19T14:00:00+00:00,4666.17,4680.385,4661.5465,4670.245
2026-01-19T22:00:00+00:00,4672.5,4716.71,4659.565,4714.5615
2026-01-20T06:00:00+00:00,4714.5515,4738.4635,4705.685,4737.2035
2026-01-20T14:00:00+00:00,4737.2285,4766.4435,4722.415,4763.5
2026-01-20T22:00:00+00:00,4763.22,4878.2785,4757.4515,4870.065
2026-01-21T06:00:00+00:00,4870.12,4888.4385,4832.68,4879.485
2026-01-21T14:00:00+00:00,4879.485,4880.91,4755.8985,4832.665
2026-01-21T22:00:00+00:00,4834.915,4835.275,4772.5435,4821.48
2026-01-22T06:00:00+00:00,4821.51,4839.5475,4810.78,4822.37
2026-01-22T14:00:00+00:00,4822.345,4940.85,4820.48,4936.355
2026-01-22T22:00:00+00:00,4937.3,4967.473,4930.545,4960.695
2026-01-23T06:00:00+00:00,4960.675,4963.355,4899.91,4939.245
2026-01-23T14:00:00+00:00,4939.165,4990.25,4932.83,4984.53
2026-01-25T22:00:00+00:00,5004.85,5093.06,5002.2015,5074.46
2026-01-26T06:00:00+00:00,5074.44,5111.275,5054.645,5068.705
2026-01-26T14:00:00+00:00,5068.7835,5105.28,4990.188,5010.758
2026-01-26T22:00:00+00:00,5013.5,5085.385,5012.535,5083.1
2026-01-27T06:00:00+00:00,5083.13,5100.87,5066.9715,5077.5
2026-01-27T14:00:00+00:00,5077.49,5190.54,5046.7835,5180.085
2026-01-27T22:00:00+00:00,5180.895,5266.67,5157.445,5261.405
2026-01-28T06:00:00+00:00,5261.455,5311.51,5238.64,5266.6
2026-01-28T14:00:00+00:00,5266.8585,5419.365,5235.475,5415.138
2026-01-28T22:00:00+00:00,5419.445,5598.26,5418.7,5562.625
2026-01-29T06:00:00+00:00,5562.753,5595.715,5470.92,5510.525
2026-01-29T14:00:00+00:00,5510.605,5549.815,5098.8695,5379.7
2026-01-29T22:00:00+00:00,5387.26,5451.11,5112.3365,5184.988
2026-01-30T06:00:00+00:00,5185.025,5205.485,4942.5985,5019.7885
2026-01-30T14:00:00+00:00,5019.74,5113.3065,4681.9135,4895.635
2026-02-01T22:00:00+00:00,4820.55,4885.0715,4498.3935,4549.6165
2026-02-02T06:00:00+00:00,4549.215,4812.885,4402.4165,4706.2
2026-02-02T14:00:00+00:00,4706.35,4793.717,4596.8885,4660.195
2026-02-02T22:00:00+00:00,4672.3,4856.9815,4665.445,4825.32
2026-02-03T06:00:00+00:00,4825.34,4951.13,4816.635,4933.1135
2026-02-03T14:00:00+00:00,4933.0835,4993.8765,4880.765,4947.115
2026-02-03T22:00:00+00:00,4946.35,5090.5585,4907.5105,5079.555
2026-02-04T06:00:00+00:00,5079.62,5091.845,5013.61,5054.075
2026-02-04T14:00:00+00:00,5054.09,5059.17,4847.365,4965.315
2026-02-04T22:00:00+00:00,4966.57,5023.895,4789.0485,4896.655
2026-02-05T06:00:00+00:00,4896.63,4943.7835,4801.935,4835.6785
2026-02-05T14:00:00+00:00,4835.6885,4906.685,4759.8735,4777.61
2026-02-05T22:00:00+00:00,4793.9,4898.14,4655.11,4897.7265
2026-02-06T06:00:00+00:00,4897.685,4938.435,4825.4315,4929.005
2026-02-06T14:00:00+00:00,4929.025,4971.3465,4894.565,4966.9
2026-02-08T22:00:00+00:00,4981.575,5047.4535,4964.4035,5036.57
2026-02-09T06:00:00+00:00,5036.59,5045.8935,4982.52,5007.215
2026-02-09T14:00:00+00:00,5007.175,5086.73,5002.405,5059.405
2026-02-09T22:00:00+00:00,5056.035,5079.6315,4987.3415,5039.475
2026-02-10T06:00:00+00:00,5039.44,5063.4285,5018.635,5051.16
2026-02-10T14:00:00+00:00,5051.19,5078.88,4999.1,5025.5065
2026-02-10T22:00:00+00:00,5029.535,5064.08,5025.2,5052.89
2026-02-11T06:00:00+00:00,5052.92,5119.2785,5019.0485,5065.9
2026-02-11T14:00:00+00:00,5065.945,5099.25,5035.94,5084.075
2026-02-11T22:00:00+00:00,5088.9,5101.6015,5045.0665,5075.7
2026-02-12T06:00:00+00:00,5075.96,5083.87,5047.1315,5075.4265
2026-02-12T14:00:00+00:00,5075.4365,5077.88,4878.25,4922.068
2026-02-12T22:00:00+00:00,4923.015,4997.375,4888.98,4946.29
2026-02-13T06:00:00+00:00,4946.615,5000.7235,4933.89,4987.23
2026-02-13T14:00:00+00:00,4986.7715,5046.36,4964.2515,5042.87
2026-02-15T22:00:00+00:00,5043.355,5053.29,4965.1415,4990.78
2026-02-16T06:00:00+00:00,4990.555,5017.415,4984.725,4997.325
2026-02-16T14:00:00+00:00,4997.305,4999.735,4969.055,4990.79
2026-02-16T22:00:00+00:00,4998.46,5001.7335,4858.445,4888.99
2026-02-17T06:00:00+00:00,4888.945,4944.685,4870.17,4870.965
2026-02-17T14:00:00+00:00,4871.005,4910.49,4841.8995,4879.325
2026-02-17T22:00:00+00:00,4878.8,4940.29,4854.26,4933.59
2026-02-18T06:00:00+00:00,4933.625,4968.935,4906.395,4954.66
2026-02-18T14:00:00+00:00,4954.67,5011.17,4952.325,4976.4
2026-02-18T22:00:00+00:00,4975.32,4998.875,4960.4315,4997.135
2026-02-19T06:00:00+00:00,4997.1085,5022.355,4972.875,4997.235
2026-02-19T14:00:00+00:00,4997.215,5022.3565,4963.375,4995.435
2026-02-19T22:00:00+00:00,4996.65,5014.94,4981.725,5011.945
2026-02-20T06:00:00+00:00,5011.9665,5048.9235,5005.025,5043.705
2026-02-20T14:00:00+00:00,5043.685,5108.4745,4989.5835,5107.59
2026-02-22T22:00:00+00:00,5107.2,5176.795,5099.23,5158.375
2026-02-23T06:00:00+00:00,5158.355,5165.59,5122.1615,5146.43
2026-02-23T14:00:00+00:00,5146.37,5237.9985,5141.625,5227.63
2026-02-23T22:00:00+00:00,5228,5249.965,5145.27,5182.635
2026-02-24T06:00:00+00:00,5182.655,5184.97,5111.1,5115.1485
2026-02-24T14:00:00+00:00,5115.1535,5173.39,5093.74,5142.295
2026-02-24T22:00:00+00:00,5142.93,5210.745,5127.975,5201.745
2026-02-25T06:00:00+00:00,5201.7565,5201.7565,5155.26,5185.29
2026-02-25T14:00:00+00:00,5185.25,5217.8135,5145.4015,5165.775
2026-02-25T22:00:00+00:00,5161.2,5205.64,5155.47,5198.455
2026-02-26T06:00:00+00:00,5198.445,5199.775,5157.86,5166.125
2026-02-26T14:00:00+00:00,5166.095,5201.1735,5130.355,5184.12
2026-02-26T22:00:00+00:00,5184.4,5200.515,5166.955,5197.89
2026-02-27T06:00:00+00:00,5197.71,5240.6485,5168.7535,5223.21
2026-02-27T14:00:00+00:00,5222.9785,5281.9195,5213.95,5278.72
2026-03-01T22:00:00+00:00,5375.95,5393.756,5301.145,5366.26
2026-03-02T06:00:00+00:00,5366.285,5419.25,5363.805,5394.025
2026-03-02T14:00:00+00:00,5394.045,5395.265,5260.805,5322.29
2026-03-02T22:00:00+00:00,5323.3,5380.1935,5305.085,5319.365
2026-03-03T06:00:00+00:00,5319.305,5336.11,5073.2735,5156.9635
2026-03-03T14:00:00+00:00,5156.9185,5175.6515,4996.1585,5087.845
2026-03-03T22:00:00+00:00,5101.9,5191.1385,5088.26,5159.9465
2026-03-04T06:00:00+00:00,5159.925,5206.325,5120.395,5167.94
2026-03-04T14:00:00+00:00,5168.108,5185.245,5109.0665,5140.755
2026-03-04T22:00:00+00:00,5151.725,5194.995,5143.975,5148.72
2026-03-05T06:00:00+00:00,5149.08,5180.575,5081.7585,5118.1635
2026-03-05T14:00:00+00:00,5118.1835,5130.065,5051.0065,5083.64
2026-03-05T22:00:00+00:00,5084.115,5144.04,5066.595,5117.46
2026-03-06T06:00:00+00:00,5117.575,5131.15,5062.72,5085.195
2026-03-06T14:00:00+00:00,5085.205,5177.1315,5081.035,5172.75
2026-03-08T21:00:00+00:00,5181.595,5198.7515,5015.07,5090.395
2026-03-09T05:00:00+00:00,5090.515,5140.795,5079.65,5095.0065
2026-03-09T13:00:00+00:00,5095.035,5148.3035,5060.572,5139.47
2026-03-09T21:00:00+00:00,5140.9585,5186.8865,5117.54,5164.11
2026-03-10T05:00:00+00:00,5164.13,5195.285,5156.495,5187.15
2026-03-10T13:00:00+00:00,5187.11,5238.76,5160.7435,5191.26
2026-03-10T21:00:00+00:00,5191.265,5223.375,5183.3475,5204.57
2026-03-11T05:00:00+00:00,5204.55,5210.85,5166.8785,5167.62
2026-03-11T13:00:00+00:00,5167.66,5196.149,5149.46,5176.51
2026-03-11T21:00:00+00:00,5179.4865,5183.76,5125.56,5142.63
2026-03-12T05:00:00+00:00,5142.72,5191.6915,5137.22,5181.535
2026-03-12T13:00:00+00:00,5181.33,5186.28,5055.245,5079.71
2026-03-12T21:00:00+00:00,5080.56,5128.58,5072.145,5104.38
2026-03-13T05:00:00+00:00,5104.4,5121.96,5061.6,5118.41
2026-03-13T13:00:00+00:00,5118.43,5121.465,5009.815,5019.025
2026-03-15T21:00:00+00:00,5003.051,5030.91,4967.775,5012.78
2026-03-16T05:00:00+00:00,5012.4,5036.24,4970.4135,5019.99
2026-03-16T13:00:00+00:00,5020.05,5038.045,4974.105,5005.235
2026-03-16T21:00:00+00:00,5007.6015,5042.1335,4994.96,5038.06
2026-03-17T05:00:00+00:00,5038.03,5044.72,4992.115,5011.73
2026-03-17T13:00:00+00:00,5011.71,5031.52,4973.81,5006.935
2026-03-17T21:00:00+00:00,5006.135,5016.0285,4981.78,4987.08
2026-03-18T05:00:00+00:00,4987.03,5016.42,4870.76,4881.71
2026-03-18T13:00:00+00:00,4881.64,4899.385,4806.98,4818.565
2026-03-18T21:00:00+00:00,4825.075,4867.325,4804.255,4849.825
2026-03-19T05:00:00+00:00,4849.925,4853.96,4531.395,4574.435
2026-03-19T13:00:00+00:00,4574.365,4663.585,4502.5965,4650.0385
2026-03-19T21:00:00+00:00,4652.625,4736.665,4634.235,4721.855
2026-03-20T05:00:00+00:00,4721.87,4734.93,4637.205,4678.265
2026-03-20T13:00:00+00:00,4678.295,4679.4235,4477.5235,4491.8035
2026-03-22T21:00:00+00:00,4472.7035,4536.43,4319.7335,4367.75
2026-03-23T05:00:00+00:00,4367.7285,4492.79,4099.0385,4478.58
2026-03-23T13:00:00+00:00,4478.5565,4513,4351.3165,4407.02
2026-03-23T21:00:00+00:00,4413.0015,4448.335,4306.1,4333.48
2026-03-24T05:00:00+00:00,4333.475,4442.335,4319.9085,4379.4785
2026-03-24T13:00:00+00:00,4379.4685,4484.34,4351.4165,4473.455
2026-03-24T21:00:00+00:00,4473.5965,4602.62,4455.8515,4572.7215
2026-03-25T05:00:00+00:00,4572.99,4585.78,4522.05,4544.025
2026-03-25T13:00:00+00:00,4544.05,4579.4385,4486.869,4505.66
2026-03-25T21:00:00+00:00,4510.99,4544.7385,4489.07,4520.58
2026-03-26T05:00:00+00:00,4520.6,4522.45,4413.0485,4429.6835
2026-03-26T13:00:00+00:00,4429.5185,4479.9485,4351.3735,4380.655
2026-03-26T21:00:00+00:00,4391.9185,4449.6885,4375.59,4446.4
2026-03-27T05:00:00+00:00,4445.9935,4475.27,4404.46,4438.05
2026-03-27T13:00:00+00:00,4438.1,4555.6335,4413.7615,4494.105
2026-03-29T22:00:00+01:00,4493.41,4517.8235,4418.624,4496.78
2026-03-30T06:00:00+01:00,4496.7565,4580.865,4496.74,4569.485
2026-03-30T14:00:00+01:00,4569.65,4578.78,4493.195,4511.3
2026-03-30T22:00:00+01:00,4513.3915,4619.65,4482.61,4565.0485
2026-03-31T06:00:00+01:00,4564.9985,4597.69,4529.51,4575.0235
2026-03-31T14:00:00+01:00,4575.0185,4687.33,4567.95,4669.29
2026-03-31T22:00:00+01:00,4671.6,4724.4835,4662.095,4676.61
2026-04-01T06:00:00+01:00,4676.65,4762.95,4674.99,4724.99
2026-04-01T14:00:00+01:00,4724.89,4793.3035,4716.36,4758.88
2026-04-01T22:00:00+01:00,4760.4,4800.4885,4649.535,4672.8
2026-04-02T06:00:00+01:00,4672.91,4680.68,4553.6815,4601.9665
2026-04-02T14:00:00+01:00,4602.09,4700.1235,4581.015,4676.305
2026-04-05T22:00:00+01:00,4654.3235,4671.89,4600.88,4659.18
2026-04-06T06:00:00+01:00,4659.2,4706.64,4643.39,4676.01
2026-04-06T14:00:00+01:00,4676,4697.8985,4645.7485,4649.375
2026-04-06T22:00:00+01:00,4651.5,4668.275,4616.48,4659.6165
2026-04-07T06:00:00+01:00,4660.1315,4694.45,4623.24,4651.6265
2026-04-07T14:00:00+01:00,4651.7365,4718.97,4607.6485,4705.69
2026-04-07T22:00:00+01:00,4720.86,4857.7115,4713.14,4803.7
2026-04-08T06:00:00+01:00,4803.66,4843.87,4768.455,4799.72
2026-04-08T14:00:00+01:00,4799.69,4806.8,4699.66,4718.725
2026-04-08T22:00:00+01:00,4719.9615,4733.46,4698.5,4720.9
2026-04-09T06:00:00+01:00,4720.94,4759.76,4703.58,4746.04
2026-04-09T14:00:00+01:00,4746.12,4801.2885,4738.88,4765.01
2026-04-09T22:00:00+01:00,4767.8015,4780.64,4738.09,4758.61
2026-04-10T06:00:00+01:00,4758.67,4782.71,4730.515,4771.88
2026-04-10T14:00:00+01:00,4771.93,4795.1435,4741.0315,4748.14
2026-04-12T22:00:00+01:00,4637.85,4728.42,4637.75,4723.0915
2026-04-13T06:00:00+01:00,4723.11,4740.12,4703.5,4723.71
2026-04-13T14:00:00+01:00,4723.5615,4750.12,4700.42,4742.43
2026-04-13T22:00:00+01:00,4744.91,4777.375,4743.8015,4774.18
2026-04-14T06:00:00+01:00,4774.2,4796.495,4752.087,4771.63
2026-04-14T14:00:00+01:00,4771.6585,4846.4565,4771.36,4842.555
2026-04-14T22:00:00+01:00,4839.46,4871.52,4817.0315,4824.86
2026-04-15T06:00:00+01:00,4824.97,4830.69,4786.255,4811.64
2026-04-15T14:00:00+01:00,4811.615,4830.63,4787.115,4791.295
2026-04-15T22:00:00+01:00,4790.02,4837.81,4789.215,4833.2385
2026-04-16T06:00:00+01:00,4833.2285,4838.6335,4805.25,4816.205
2026-04-16T14:00:00+01:00,4816.255,4823.97,4773.0065,4789.94
2026-04-16T22:00:00+01:00,4792.72,4804.66,4768.1025,4803.04
2026-04-17T06:00:00+01:00,4803.05,4847.9285,4778.8865,4846.525
2026-04-17T14:00:00+01:00,4846.535,4890.685,4827.3635,4831.0085
2026-04-19T22:00:00+01:00,4768.6535,4814.39,4737,4789.07
2026-04-20T06:00:00+01:00,4789.14,4822.2115,4779.9285,4803.595
2026-04-20T14:00:00+01:00,4803.545,4827.72,4792.445,4821.33
2026-04-20T22:00:00+01:00,4822.4,4833.24,4788.82,4789.12
2026-04-21T06:00:00+01:00,4789.41,4798.2385,4765.69,4778.855
2026-04-21T14:00:00+01:00,4779.2,4794.465,4668.698,4721.125
2026-04-21T22:00:00+01:00,4721.6335,4765.15,4715.52,4754.71
2026-04-22T06:00:00+01:00,4754.73,4772.475,4742.94,4744.335
2026-04-22T14:00:00+01:00,4744.365,4761.15,4723.975,4739.8
2026-04-22T22:00:00+01:00,4742.2235,4753.9,4694.1965,4704.47
2026-04-23T06:00:00+01:00,4704.51,4743.225,4684.385,4740.185
2026-04-23T14:00:00+01:00,4740.27,4741.375,4664.44,4692.855
2026-04-23T22:00:00+01:00,4700.1735,4711.29,4657.84,4674.56
2026-04-24T06:00:00+01:00,4674.63,4717.455,4666.84,4700.825
2026-04-24T14:00:00+01:00,4700.93,4740.36,4689.815,4710.27
2026-04-26T22:00:00+01:00,4699.575,4730.21,4672.37,4725.115
2026-04-27T06:00:00+01:00,4725.14,4725.525,4696.965,4699.295
2026-04-27T14:00:00+01:00,4699.32,4703.545,4667.315,4682.635
2026-04-27T22:00:00+01:00,4683.9,4701.365,4666.405,4667.8135
2026-04-28T06:00:00+01:00,4667.8235,4668.17,4554.895,4593.79
2026-04-28T14:00:00+01:00,4593.75,4601.515,4557.375,4596.415
2026-04-28T22:00:00+01:00,4597.4535,4610.535,4576.19,4604.975
2026-04-29T06:00:00+01:00,4604.97,4607.975,4541.965,4545.025
2026-04-29T14:00:00+01:00,4545.125,4565.015,4510.185,4543.895
2026-04-29T22:00:00+01:00,4545.235,4582.5215,4539.44,4542.06
2026-04-30T06:00:00+01:00,4542,4647.09,4541.9465,4639.665
2026-04-30T14:00:00+01:00,4639.675,4646.19,4605.3965,4622.47
2026-04-30T22:00:00+01:00,4626.585,4636.3935,4609.21,4609.21
2026-05-01T06:00:00+01:00,4609.23,4616.21,4560.315,4591.35
2026-05-01T14:00:00+01:00,4591.325,4660.37,4586.64,4614.38
2026-05-03T22:00:00+01:00,4635.82,4638.8285,4591.135,4605.955
2026-05-04T06:00:00+01:00,4606.015,4613.225,4526.2285,4568.445
2026-05-04T14:00:00+01:00,4568.445,4583.275,4501.045,4522.935
2026-05-04T22:00:00+01:00,4523.8135,4546.91,4513.625,4533.745
2026-05-05T06:00:00+01:00,4533.775,4574.73,4531.405,4564.69
2026-05-05T14:00:00+01:00,4564.385,4586.705,4551.625,4556.05
2026-05-05T22:00:00+01:00,4558.11,4653.64,4546.325,4649
2026-05-06T06:00:00+01:00,4649.02,4723.1,4644.71,4683.32
2026-05-06T14:00:00+01:00,4683.345,4717.5,4668.94,4691.53
2026-05-06T22:00:00+01:00,4693.5185,4721.575,4685.31,4696.535
2026-05-07T06:00:00+01:00,4696.56,4753.555,4694.9,4750.22
2026-05-07T14:00:00+01:00,4750.195,4764.855,4684.98,4685.77
2026-05-07T22:00:00+01:00,4680.7235,4732.945,4676.9515,4711.065
2026-05-08T06:00:00+01:00,4711.185,4734.67,4697.1,4724.505
2026-05-08T14:00:00+01:00,4724.1315,4749.6,4702.105,4715.47
2026-05-10T22:00:00+01:00,4683.0485,4705.58,4668.5,4672.2
2026-05-11T06:00:00+01:00,4672.18,4701.36,4648.195,4700.145
2026-05-11T14:00:00+01:00,4700.09,4748.715,4698.785,4735.66
2026-05-11T22:00:00+01:00,4736.8415,4773.645,4711.335,4714.33
2026-05-12T06:00:00+01:00,4714.28,4722.135,4685.215,4705.83
2026-05-12T14:00:00+01:00,4705.76,4719.415,4638.53,4714.75
2026-05-12T22:00:00+01:00,4716.08,4726.9565,4687.5615,4699.59
2026-05-13T06:00:00+01:00,4699.595,4715.535,4675.935,4683.88
2026-05-13T14:00:00+01:00,4683.62,4709.9,4669.64,4688.91
2026-05-13T22:00:00+01:00,4690.775,4712.9215,4668.595,4702.475
2026-05-14T06:00:00+01:00,4702.53,4718.8415,4686.2915,4705.0015
2026-05-14T14:00:00+01:00,4704.94,4707.8065,4644.445,4650.145
2026-05-14T22:00:00+01:00,4652.635,4665.49,4604.425,4605.895
2026-05-15T06:00:00+01:00,4606.305,4606.585,4532.005,4545.965
2026-05-15T14:00:00+01:00,4545.945,4566.78,4511.7,4539.77
2026-05-17T22:00:00+01:00,4534.6,4555.03,4480.41,4540.745
2026-05-18T06:00:00+01:00,4540.81,4575.13,4529.805,4571.315
2026-05-18T14:00:00+01:00,4571.36,4584.285,4531.88,4567.105
2026-05-18T22:00:00+01:00,4568.5635,4589.635,4538.015,4542.555
2026-05-19T06:00:00+01:00,4542.615,4559.41,4525.61,4537.22
2026-05-19T14:00:00+01:00,4537.235,4537.6,4464.9935,4482.41
2026-05-19T22:00:00+01:00,4483.95,4509.085,4453.545,4462.2535
2026-05-20T06:00:00+01:00,4462.105,4505.48,4461.615,4496.235
2026-05-20T14:00:00+01:00,4496.25,4552.95,4467.1565,4544.205
2026-05-20T22:00:00+01:00,4545.0385,4570.965,4527.43,4538.655
2026-05-21T06:00:00+01:00,4538.675,4542.86,4502.1885,4504.19
2026-05-21T14:00:00+01:00,4504.18,4559.31,4488.6,4542.71
2026-05-21T22:00:00+01:00,4545.63,4546.4785,4518.54,4527.265
2026-05-22T06:00:00+01:00,4527.24,4536.885,4507.2665,4528.37
2026-05-22T14:00:00+01:00,4528.813,4534.47,4491.945,4509.64
2026-05-24T22:00:00+01:00,4536.8,4580.34,4534.33,4565.09
2026-05-25T06:00:00+01:00,4565.035,4577.15,4550.61,4567.74
2026-05-25T14:00:00+01:00,4567.705,4578.0985,4560.145,4569.98
2026-05-25T22:00:00+01:00,4570,4580.5485,4523.505,4525.555
2026-05-26T06:00:00+01:00,4525.41,4540.64,4500.725,4520.415
2026-05-26T14:00:00+01:00,4520.3665,4531.45,4482.58,4506.415
2026-05-26T22:00:00+01:00,4537.6815,4538.82,4495.4915,4510.245
2026-05-27T06:00:00+01:00,4510.27,4513.9315,4425.045,4439.015
2026-05-27T14:00:00+01:00,4438.885,4458.9715,4401.5985,4454.575
2026-05-27T22:00:00+01:00,4457.86,4467.25,4366.4515,4373.135
2026-05-28T06:00:00+01:00,4373.2185,4433.93,4367.205,4432.2365
2026-05-28T14:00:00+01:00,4432.395,4516.6565,4418.355,4496.135
2026-05-28T22:00:00+01:00,4496.775,4520.82,4489.215,4514.28
2026-05-29T06:00:00+01:00,4514.22,4543.345,4502.65,4523.095
2026-05-29T14:00:00+01:00,4523.175,4595.715,4517.135,4538.35
2026-05-31T22:00:00+01:00,4522.3285,4546.06,4508.755,4514.51
2026-06-01T06:00:00+01:00,4514.545,4525.455,4489.27,4502.3
2026-06-01T14:00:00+01:00,4502.5435,4504.055,4447.87,4485.025
2026-06-01T22:00:00+01:00,4488.2,4518.4,4462.9615,4517.555
2026-06-02T06:00:00+01:00,4517.505,4541.71,4513.58,4514.78
2026-06-02T14:00:00+01:00,4514.73,4524.995,4478.775,4489.435
2026-06-02T22:00:00+01:00,4491.2115,4496.81,4462.25,4469.5985
2026-06-03T06:00:00+01:00,4469.62,4474.285,4439.035,4460.495
2026-06-03T14:00:00+01:00,4460.375,4466.02,4426.4935,4434.84
2026-06-03T22:00:00+01:00,4440.315,4484.155,4424.0495,4481.15
2026-06-04T06:00:00+01:00,4481.17,4514.83,4458.71,4504.26
2026-06-04T14:00:00+01:00,4504.165,4515.51,4457.38,4474.93
2026-06-04T22:00:00+01:00,4476.6,4481.65,4435.255,4445.08
2026-06-05T06:00:00+01:00,4445.135,4475.945,4404.9635,4406.375
2026-06-05T14:00:00+01:00,4406.655,4421.275,4311.8215,4329.505
2026-06-07T22:00:00+01:00,4329.5,4353.3835,4300.0515,4312.735
2026-06-08T06:00:00+01:00,4312.75,4339.475,4268.515,4333.28
2026-06-08T14:00:00+01:00,4333.295,4346.92,4315.0085,4328.37
2026-06-08T22:00:00+01:00,4332.79,4342.44,4313,4332.46
2026-06-09T06:00:00+01:00,4332.48,4351.46,4321.14,4341.52
2026-06-09T14:00:00+01:00,4341.54,4363.54,4236.725,4260.94
2026-06-09T22:00:00+01:00,4253.7585,4257.7935,4172.27,4174.83
2026-06-10T06:00:00+01:00,4174.835,4221.8565,4130.675,4147.095
2026-06-10T14:00:00+01:00,4147.3885,4186.435,4067.2485,4072.385
2026-06-10T22:00:00+01:00,4071.3,4118.225,4023.93,4082.695
2026-06-11T06:00:00+01:00,4082.785,4112.75,4057.555,4082.07
2026-06-11T14:00:00+01:00,4081.955,4220.155,4052.815,4212.46
2026-06-11T22:00:00+01:00,4213.0115,4246.75,4171.4365,4190.015
2026-06-12T06:00:00+01:00,4190.005,4228,4170.205,4191.84
2026-06-12T14:00:00+01:00,4191.725,4235.5965,4177.25,4219.78
2026-06-14T22:00:00+01:00,4274.1715,4335.7085,4262.055,4328.4735
2026-06-15T06:00:00+01:00,4328.405,4349.485,4300.93,4349.15
2026-06-15T14:00:00+01:00,4349.1,4369.7135,4306.615,4309.68
2026-06-15T22:00:00+01:00,4310.6,4333.185,4306.095,4322.545
2026-06-16T06:00:00+01:00,4322.555,4355.115,4313.49,4354.71
2026-06-16T14:00:00+01:00,4354.68,4355.07,4313.295,4331.405
2026-06-16T22:00:00+01:00,4332.84,4349.76,4317.63,4326.91
2026-06-17T06:00:00+01:00,4326.97,4335.71,4317.225,4333.665
2026-06-17T14:00:00+01:00,4333.635,4382.385,4219.2,4259.305
2026-06-17T22:00:00+01:00,4256.445,4330.15,4253.9315,4316.14
2026-06-18T06:00:00+01:00,4315.82,4325.2,4239.8415,4246.755
2026-06-18T14:00:00+01:00,4246.7,4276.82,4201.455,4209.185
2026-06-18T22:00:00+01:00,4211.1615,4213.285,4125.085,4125.83
2026-06-19T06:00:00+01:00,4126.1585,4180.1,4121.7165,4179.12
2026-06-19T14:00:00+01:00,4179.115,4183.085,4142.75,4154.65
2026-06-21T22:00:00+01:00,4142.2,4221.1165,4136.495,4181.895
2026-06-22T06:00:00+01:00,4181.7215,4215.385,4179.495,4193.5
2026-06-22T14:00:00+01:00,4193.5935,4210.9,4169.865,4191.56
2026-06-22T22:00:00+01:00,4192.88,4198.83,4114.855,4118.205
2026-06-23T06:00:00+01:00,4118.22,4137.59,4090.915,4113.2915
2026-06-23T14:00:00+01:00,4113.27,4145.18,4105.3965,4111.465
2026-06-23T22:00:00+01:00,4112.8,4115.22,4050.48,4064.52
2026-06-24T06:00:00+01:00,4064.49,4097.71,3987.65,3987.775
2026-06-24T14:00:00+01:00,3987.82,4042.27,3959,3999.205
2026-06-24T22:00:00+01:00,4004.9735,4018.73,3962.535,3996.15
2026-06-25T06:00:00+01:00,3996.055,4019.445,3971.52,4012.45
2026-06-25T14:00:00+01:00,4012.735,4044.1915,3999.34,4026.745
2026-06-25T22:00:00+01:00,4030.525,4036.585,3983.02,4011.455
2026-06-26T06:00:00+01:00,4011.765,4061.65,4005.77,4059.03
2026-06-26T14:00:00+01:00,4059.45,4096.17,4043.385,4089.42
2026-06-28T22:00:00+01:00,4088.5,4088.5,4048.39,4052.365
2026-06-29T06:00:00+01:00,4051.9815,4068.695,4024.4165,4043.69
2026-06-29T14:00:00+01:00,4043.725,4051.8885,4000.1415,4016.295
2026-06-29T22:00:00+01:00,4017.8,4022.4585,3942.0565,3985.655
2026-06-30T06:00:00+01:00,3985.675,4037.7065,3975.24,4010.005
2026-06-30T14:00:00+01:00,4009.975,4063.565,4006.51,4007.655
2026-06-30T22:00:00+01:00,4011.54,4018.675,3970.3,3976.7
2026-07-01T06:00:00+01:00,3976.675,4035.6,3960.19,4022.82
2026-07-01T14:00:00+01:00,4022.8,4115.87,4012.925,4031.255
2026-07-01T22:00:00+01:00,4035.495,4074.28,4030.865,4060.83
2026-07-02T06:00:00+01:00,4060.825,4140.495,4053.28,4117.62
2026-07-02T14:00:00+01:00,4117.6,4144.08,4100.375,4122.83
2026-07-02T22:00:00+01:00,4125.77,4195.71,4121.17,4178.95
2026-07-03T06:00:00+01:00,4178.93,4186.765,4160.59,4176.91
2026-07-03T14:00:00+01:00,4177.06,4179.355,4155.41,4175.635
2026-07-05T22:00:00+01:00,4185.39,4203.255,4157.455,4159.78
2026-07-06T06:00:00+01:00,4159.815,4166.375,4131.58,4139.65
2026-07-06T14:00:00+01:00,4139.945,4167.63,4128.445,4164.81
2026-07-06T22:00:00+01:00,4165.35,4168.53,4124.525,4126.75
2026-07-07T06:00:00+01:00,4126.74,4175.165,4116.82,4172.365
2026-07-07T14:00:00+01:00,4172.57,4180.605,4092.195,4105.735
2026-07-07T22:00:00+01:00,4096.34,4131.315,4093.995,4125.18
2026-07-08T06:00:00+01:00,4125.2,4134.005,4040.655,4072.31
2026-07-08T14:00:00+01:00,4072.41,4091.605,4021.885,4074.88
2026-07-08T22:00:00+01:00,4075.565,4090.185,4054.295,4064.535
2026-07-09T06:00:00+01:00,4064.495,4122.735,4063.73,4107.695
2026-07-09T14:00:00+01:00,4107.715,4138.525,4106.75,4123.8
2026-07-09T22:00:00+01:00,4126.305,4134.965,4108.88,4115.295
2026-07-10T06:00:00+01:00,4115.28,4120.22,4094.5,4100.8
2026-07-10T14:00:00+01:00,4101.09,4121.535,4072.95,4121.42
2026-07-12T22:00:00+01:00,4095.605,4104.475,4050.44,4058.795
2026-07-13T06:00:00+01:00,4058.785,4080.865,4043.945,4067.585
2026-07-13T14:00:00+01:00,4067.615,4067.8,3986.015,4001.8
2026-07-13T22:00:00+01:00,4006.445,4023.73,3983.715,4020.435
2026-07-14T06:00:00+01:00,4020.73,4103.915,4013.745,4076.245
2026-07-14T14:00:00+01:00,4076.22,4101.01,4042.97,4054.225
2026-07-14T22:00:00+01:00,4053.27,4062.27,4028.215,4033.18
2026-07-15T06:00:00+01:00,4033.765,4071.58,4017.48,4067.88
2026-07-15T14:00:00+01:00,4068.425,4081.285,4026.825,4060.27
2026-07-15T22:00:00+01:00,4062.435,4067.22,4024.025,4033.32
2026-07-16T06:00:00+01:00,4033.27,4043.35,3990.54,3992.34
2026-07-16T14:00:00+01:00,3992.38,4017.075,3969.4,3975.675
2026-07-16T22:00:00+01:00,3978.415,4008.825,3970.825,3981.795
2026-07-17T06:00:00+01:00,3981.79,4007.235,3964.2,3966.235
2026-07-17T14:00:00+01:00,3966.335,4024.005,3959.825,4017.55
2026-07-19T22:00:00+01:00,4003.35,4029.17,3982.37,4018.83
2026-07-20T06:00:00+01:00,4019.135,4040.805,4002.175,4008.245
2026-07-20T14:00:00+01:00,4008.17,4019.675,3998.33,4008.085
2026-07-20T22:00:00+01:00,4008.595,4051.895,3999.685,4049.585
2026-07-21T06:00:00+01:00,4049.62,4084.21,4046.35,4053.835
2026-07-21T14:00:00+01:00,4054.05,4087.05,4044.46,4077.565
2026-07-21T22:00:00+01:00,4080.37,4141.8,4076.73,4127.025
2026-07-22T06:00:00+01:00,4127.09,4135.375,4107.3495,4113.04
2026-07-22T14:00:00+01:00,4113.105,4166.025,4112.98,4130.68
2026-07-22T22:00:00+01:00,4124.415,4141.29,4112.17,4121.205
2026-07-23T06:00:00+01:00,4121.175,4130.74,4061.035,4061.915
2026-07-23T14:00:00+01:00,4061.905,4067.485,4039.975,4049.745
2026-07-23T22:00:00+01:00,4050.145,4051.24,4023.115,4027.185
2026-07-24T06:00:00+01:00,4027.21,4064,4022.045,4056.215
2026-07-24T14:00:00+01:00,4056.095,4082.24,4044.755,4052.46
2026-07-26T22:00:00+01:00,4090.78,4116.56,4082.365,4090.33
2026-07-27T06:00:00+01:00,4090.47,4106.14,4081.735,4083.82
2026-07-27T14:00:00+01:00,4083.875,4094.025,4065.38,4077.715
2026-07-27T22:00:00+01:00,4079.79,4082.55,4040.6,4042.46
2026-07-28T06:00:00+01:00,4042.05,4055.33,4017.02,4029.555
2026-07-28T14:00:00+01:00,4029.54,4047.24,4011.665,4028.345
2026-07-28T22:00:00+01:00,4027.37,4038.17,4010.415,4027.325
2026-07-29T06:00:00+01:00,4027.48,4047.92,4009.31,4022.67
2026-07-29T14:00:00+01:00,4022.855,4116.465,3995.94,4068.145
2026-07-29T22:00:00+01:00,4065.555,4100.58,4044.43,4046.2
2026-07-30T06:00:00+01:00,4046.215,4086.75,4028.55,4068.985
2026-07-30T14:00:00+01:00,4069.155,4120.4825,4065.23,4103.17
2026-07-30T22:00:00+01:00,4106.72,4111.9,4071.855,4080.22
2026-07-31T06:00:00+01:00,4080.23,4087.53,4040.67,4040.97
2026-07-31T14:00:00+01:00,4040.84,4055.795,4020.885,4046.57
2026-08-02T22:00:00+01:00,4083.11,4083.11,4047.385,4063.875
2026-08-03T06:00:00+01:00,4063.935,4072.035,4042.29,4047.715
2026-08-03T14:00:00+01:00,4047.84,4058.295,4019.165,4054.975
2026-08-03T22:00:00+01:00,4051.58,4069.43,4042.73,4063.97
2026-08-04T06:00:00+01:00,4064.21,4084.575,4045.665,4070.97
2026-08-04T14:00:00+01:00,4071.09,4106.7435,4061.285,4077.83
2026-08-04T22:00:00+01:00,4078.43,4141.54,4065.245,4135.64
2026-08-05T06:00:00+01:00,4135.53,4213.595,4134.695,4184.01
2026-08-05T14:00:00+01:00,4183.905,4267.905,4183.835,4247.315
2026-08-05T22:00:00+01:00,4250.185,4304.165,4245.755,4262.195
2026-08-06T06:00:00+01:00,4261.8,4284.83,4247.31,4250.235
2026-08-06T14:00:00+01:00,4250.2,4275.45,4223.495,4239.865
2026-08-06T22:00:00+01:00,4239.98,4269.29,4229.755,4265.09
2026-08-07T06:00:00+01:00,4264.97,4371.975,4261.88,4361.465
2026-08-07T14:00:00+01:00,4361.515,4368.03,4327.46,4343.08
2026-08-09T22:00:00+01:00,4345.485,4354.575,4313.46,4339.49
2026-08-10T06:00:00+01:00,4339.46,4362.205,4324.195,4332.51
2026-08-10T14:00:00+01:00,4332.62,4395.245,4316.63,4390.15
2026-08-10T22:00:00+01:00,4388.405,4435.255,4387.36,4408.92
2026-08-11T06:00:00+01:00,4408.775,4409.21,4356.635,4392.555
2026-08-11T14:00:00+01:00,4392.6,4404.225,4360.39,4369.875
2026-08-11T22:00:00+01:00,4371.335,4415.87,4362.945,4401.17
2026-08-12T06:00:00+01:00,4401.215,4438.525,4382.105,4437.705
2026-08-12T14:00:00+01:00,4437.525,4441.665,4396.26,4408.255
2026-08-12T22:00:00+01:00,4410.035,4449.835,4391.725,4397.815
2026-08-13T06:00:00+01:00,4397.835,4407.48,4364.2,4401.93
2026-08-13T14:00:00+01:00,4401.845,4402.285,4343.75,4350.355
2026-08-13T22:00:00+01:00,4354.105,4364.425,4310.77,4327.15
2026-08-14T06:00:00+01:00,4327.24,4386.98,4311.24,4373.78
2026-08-14T14:00:00+01:00,4373.82,4397.055,4370.375,4377.54
2026-08-16T22:00:00+01:00,4378.7,4416.63,4367.26,4390.865
2026-08-17T06:00:00+01:00,4390.72,4411.515,4377.205,4384.94
2026-08-17T14:00:00+01:00,4385.065,4428.95,4382.015,4415.87
2026-08-17T22:00:00+01:00,4420.025,4436.275,4388.92,4393.745
2026-08-18T06:00:00+01:00,4393.695,4403.825,4386.02,4394.215
2026-08-18T14:00:00+01:00,4394.105,4406.61,4329.5945,4332.94
2026-08-18T22:00:00+01:00,4335.74,4362.065,4324.395,4348.55
2026-08-19T06:00:00+01:00,4348.5,4442.516,4335.185,4438.73
2026-08-19T14:00:00+01:00,4438.805,4524.445,4424.21,4522.615
2026-08-19T22:00:00+01:00,4523.795,4528.22,4484.41,4488.795
2026-08-20T06:00:00+01:00,4488.695,4498.78,4450.69,4474.855
2026-08-20T14:00:00+01:00,4474.96,4541.215,4469.41,4516.4
2026-08-20T22:00:00+01:00,4518.43,4548.13,4508.88,4540.635
2026-08-21T06:00:00+01:00,4540.725,4604.785,4529.445,4578.01
2026-08-21T14:00:00+01:00,4577.935,4632.26,4573.525,4604.31
2026-08-23T22:00:00+01:00,4618.545,4657.145,4594.425,4638.92
2026-08-24T06:00:00+01:00,4638.985,4670.39,4628.935,4662.805
2026-08-24T14:00:00+01:00,4662.96,4680.995,4625.245,4651.855
2026-08-24T22:00:00+01:00,4652.34,4697.055,4617.68,4626.085
2026-08-25T06:00:00+01:00,4625.985,4653.51,4620.23,4640.96
2026-08-25T14:00:00+01:00,4640.865,4669.13,4605.14,4657.545
2026-08-25T22:00:00+01:00,4657.935,4674.165,4629.615,4640.815
2026-08-26T06:00:00+01:00,4640.7,4649.675,4611.03,4614.665
2026-08-26T14:00:00+01:00,4614.505,4633.56,4583.055,4591.81
2026-08-26T22:00:00+01:00,4596.62,4643.02,4595.39,4618.825
2026-08-27T06:00:00+01:00,4618.725,4621.71,4569.185,4585.875
2026-08-27T14:00:00+01:00,4585.97,4618.245,4564.645,4600.585
2026-08-27T22:00:00+01:00,4603.57,4611.16,4575.015,4584.47
2026-08-28T06:00:00+01:00,4584.605,4614.665,4571.46,4601.64
2026-08-28T14:00:00+01:00,4601.74,4631.94,4445.555,4452.54
